timestamp,VAR_001,VAR_002,VAR_003,VAR_004,VAR_005,VAR_006,VAR_007,VAR_008,VAR_009,VAR_010,VAR_011,VAR_012,VAR_013,VAR_014,VAR_015,VAR_016,VAR_017,VAR_018,VAR_019,VAR_020,VAR_021,VAR_022,VAR_023,VAR_024,VAR_025,VAR_026,VAR_027,VAR_028,VAR_029,VAR_030
2026-02-26T00:00:00Z,66.52,1917.42,173.34,1305.34,57.71,1882.03,173.95,900.77,72.58,1880.90,173.75,1158.08,54.45,1839.50,174.53,883.48,334.64,84.74,100.89,302.98,1874.54,3542.18,2.40,150.42,162.62,651.05,2.95,983.41,61.84,542.12
2026-02-26T00:10:00Z,66.37,1921.64,173.27,1277.45,58.11,1879.92,174.46,901.80,72.45,1891.58,174.11,1162.14,54.59,1840.86,175.11,888.93,336.42,83.81,100.96,301.58,1871.68,3557.83,2.56,150.88,164.16,657.98,2.64,985.78,61.00,548.33
2026-02-26T00:20:00Z,66.33,1914.13,172.57,1290.76,58.00,1877.92,174.86,911.38,72.31,1892.51,172.84,1152.76,54.80,1840.96,175.36,872.55,338.95,83.88,100.80,305.97,1876.08,3549.20,2.53,151.46,163.88,652.13,3.23,986.08,60.52,550.21
2026-02-26T00:30:00Z,66.06,1914.86,172.33,1284.07,57.98,1883.38,174.23,891.55,72.89,1880.97,172.96,1171.22,54.68,1835.20,174.84,888.48,334.58,85.89,100.63,303.75,1873.39,3535.55,2.25,149.75,161.95,653.24,3.26,981.44,60.73,542.40
2026-02-26T00:40:00Z,66.31,1918.78,172.59,1290.08,57.86,1876.68,173.20,884.81,72.47,1886.07,173.25,1170.38,54.21,1843.82,175.57,888.51,337.07,86.51,99.70,301.67,1870.49,3557.48,2.63,149.66,164.85,653.62,3.15,985.15,61.80,542.21
2026-02-26T00:50:00Z,65.98,1927.16,172.67,1275.91,58.35,1869.95,173.14,891.68,72.40,1895.66,173.43,1166.81,53.66,1850.35,175.24,881.88,342.85,85.68,99.67,310.77,1876.31,3546.07,2.51,151.54,166.64,654.56,2.97,991.64,61.89,547.16
2026-02-26T01:00:00Z,65.98,1929.65,172.82,1272.11,58.20,1875.88,173.81,918.76,72.55,1877.89,173.31,1172.81,53.62,1850.58,174.56,889.41,343.65,88.27,99.79,306.87,1873.70,3551.88,2.59,151.54,165.87,656.14,3.21,982.51,61.87,549.32
2026-02-26T01:10:00Z,65.90,1931.02,173.45,1269.85,58.08,1883.17,174.07,910.69,72.69,1890.09,173.57,1170.44,53.67,1852.52,174.51,880.36,345.50,87.46,101.12,311.04,1874.70,3555.89,2.31,150.73,166.80,654.91,3.15,989.02,60.62,542.72
2026-02-26T01:20:00Z,66.05,1925.31,173.25,1278.17,58.33,1874.56,173.60,899.23,72.89,1887.24,173.87,1176.40,53.76,1856.04,175.63,869.31,341.63,86.25,100.11,304.71,1873.89,3539.94,2.56,151.08,166.37,661.79,2.80,975.69,60.66,547.82
2026-02-26T01:30:00Z,65.89,1929.37,172.84,1281.79,58.05,1871.61,174.06,899.85,72.67,1883.61,174.19,1173.68,53.29,1858.82,175.07,876.10,341.60,86.55,99.81,306.58,1870.47,3551.19,2.54,148.58,166.00,655.51,2.70,984.18,61.00,544.14
2026-02-26T01:40:00Z,65.79,1931.07,172.46,1282.85,57.84,1863.61,174.17,904.39,72.44,1883.09,174.47,1175.74,53.04,1862.57,174.06,865.74,339.70,85.46,99.94,308.80,1868.98,3546.71,2.48,150.89,164.73,659.21,2.96,977.48,60.73,542.85
2026-02-26T01:50:00Z,65.91,1928.42,172.77,1288.59,57.92,1872.26,173.63,908.47,72.46,1882.48,173.85,1172.65,53.15,1870.69,174.19,840.96,342.07,86.83,100.58,306.31,1872.94,3540.24,2.41,151.53,164.41,647.10,2.97,990.40,60.99,546.14
2026-02-26T02:00:00Z,66.21,1925.05,173.07,1292.18,58.17,1874.33,173.43,928.12,72.46,1875.27,174.46,1165.93,53.21,1863.61,174.04,854.13,336.63,87.10,99.80,303.53,1870.91,3544.96,2.97,149.77,163.63,652.45,3.29,989.52,61.45,544.18
2026-02-26T02:10:00Z,66.44,1912.57,172.97,1295.75,58.28,1877.67,174.71,934.21,72.25,1880.75,175.24,1166.54,52.93,,174.31,858.87,340.79,85.22,100.28,307.08,1874.66,3548.12,2.39,149.90,166.21,659.38,3.00,987.30,61.68,547.68
2026-02-26T02:20:00Z,66.89,1904.63,172.52,1305.17,58.30,1871.84,174.66,921.89,72.49,1885.74,174.91,1168.61,52.90,1877.61,175.08,861.03,336.63,85.85,100.45,306.17,1885.13,3559.61,2.29,151.27,164.12,656.32,3.10,990.23,61.50,544.54
2026-02-26T02:30:00Z,66.85,1901.13,173.01,1319.68,58.43,1868.54,174.10,911.16,72.21,1884.32,175.06,1166.84,53.10,1874.90,174.95,851.93,342.49,84.08,100.46,308.32,1873.81,3557.70,2.58,150.72,167.15,660.97,2.83,984.63,62.27,534.02
2026-02-26T02:40:00Z,66.45,1916.70,173.23,1331.16,58.42,1861.09,174.25,920.74,72.16,1891.13,173.90,1153.78,53.17,1871.13,174.35,847.92,346.10,83.76,100.71,313.52,1886.68,3545.29,2.52,151.73,167.61,658.17,3.23,992.26,61.82,538.17
2026-02-26T02:50:00Z,66.29,1921.63,173.06,1321.85,58.21,1860.16,174.02,916.59,71.57,1904.14,173.37,1140.95,53.22,1869.43,174.63,844.07,341.39,85.90,101.28,309.31,1872.13,3547.94,2.54,149.76,165.48,652.42,2.74,988.29,62.44,547.42
2026-02-26T03:00:00Z,66.29,1928.45,173.53,1306.19,58.12,1864.11,173.97,922.68,72.04,1906.58,172.98,1132.06,53.37,1860.84,174.54,857.60,338.68,85.56,100.01,304.68,1866.61,3560.57,2.43,149.63,163.51,655.81,2.88,985.45,62.20,541.45
2026-02-26T03:10:00Z,66.10,1930.43,173.30,1300.11,57.73,1870.22,174.26,923.04,71.81,1910.65,173.22,1136.67,53.19,1860.46,174.53,858.84,334.91,84.28,100.26,300.21,1865.38,3564.35,2.55,150.95,162.54,645.73,3.15,977.90,61.74,529.24
2026-02-26T03:20:00Z,66.30,1924.10,173.20,1301.50,57.51,1879.62,174.14,918.12,71.87,1902.20,173.78,1139.62,52.92,1862.13,174.57,856.56,329.41,85.40,100.05,293.20,1862.47,3545.53,2.48,152.08,157.71,645.92,3.02,,61.61,531.47
2026-02-26T03:30:00Z,66.20,1927.71,173.23,1297.86,57.87,1874.34,174.07,902.72,71.82,1897.36,173.55,1144.47,53.26,1869.25,173.56,842.98,333.61,84.80,98.98,298.19,1871.79,3549.52,2.75,148.95,161.74,651.27,2.87,990.87,62.43,546.32
2026-02-26T03:40:00Z,66.19,1934.97,173.41,1286.45,57.75,1881.07,173.88,895.97,71.53,1894.67,173.56,1142.47,53.26,1867.27,173.09,838.49,335.18,82.64,99.49,300.12,1867.74,3548.77,2.31,149.93,163.60,649.05,2.75,974.81,61.62,549.44
2026-02-26T03:50:00Z,66.05,1929.26,172.62,1290.22,57.75,1881.37,174.41,892.08,71.86,1910.98,173.03,1154.72,53.23,1879.81,173.89,838.02,334.49,83.99,99.94,305.08,1875.36,3555.54,2.35,152.23,161.09,656.28,2.92,990.66,60.94,549.73
2026-02-26T04:00:00Z,65.91,1936.56,172.73,1282.01,57.66,1875.56,174.03,908.17,71.95,1910.34,173.24,1148.13,53.00,1879.61,173.44,830.00,333.58,84.56,100.65,298.65,1859.14,3554.01,2.46,151.10,163.93,659.98,3.05,976.40,61.28,548.61
2026-02-26T04:10:00Z,65.88,1939.97,171.99,1274.85,57.53,1873.64,173.98,903.96,72.06,1905.34,173.35,1133.14,53.21,1872.32,172.99,844.97,336.78,83.76,98.99,303.46,1867.87,3554.06,2.32,149.63,163.64,656.05,2.84,985.89,63.10,529.26
2026-02-26T04:20:00Z,65.94,1938.53,172.07,1274.93,57.69,1888.76,173.70,906.91,72.04,1908.46,172.85,1128.71,53.12,1877.71,173.24,836.24,332.93,83.79,99.66,298.18,1863.97,3552.36,2.08,150.21,158.51,650.29,2.72,980.43,60.63,542.77
2026-02-26T04:30:00Z,66.40,1930.06,172.19,1269.36,57.73,1876.84,174.29,901.80,71.94,1897.05,172.62,1135.72,53.18,1868.57,174.04,856.19,335.98,83.27,99.56,300.65,1878.61,3545.20,2.59,150.57,164.66,649.66,2.79,989.73,61.43,529.28
2026-02-26T04:40:00Z,66.20,1925.28,172.62,1281.20,57.85,1877.66,173.98,895.18,71.93,1903.51,172.97,1127.64,53.43,1865.04,174.00,863.21,336.59,83.34,99.46,303.60,1866.63,3556.07,2.49,150.82,164.50,651.34,3.09,986.66,60.89,553.16
2026-02-26T04:50:00Z,66.37,1923.67,172.28,1276.20,57.89,1870.64,173.58,910.12,72.09,1897.72,173.21,1157.49,53.14,1867.50,174.83,862.15,335.60,84.31,99.82,298.93,1865.22,3570.53,2.52,151.46,161.45,653.00,2.91,984.08,60.97,550.74
2026-02-26T05:00:00Z,66.32,1916.27,172.97,1287.99,58.03,1871.98,174.02,904.44,72.07,1885.67,173.67,1159.86,52.87,1887.74,174.76,854.13,336.26,81.08,99.84,304.22,1871.10,3556.16,2.71,151.91,161.80,640.92,3.10,982.40,61.11,530.17
2026-02-26T05:10:00Z,66.37,1910.99,173.84,1299.53,57.79,1881.04,174.16,909.68,71.82,1897.19,173.29,1155.66,53.08,1865.88,175.14,846.20,333.52,85.45,100.03,300.42,1866.31,3544.29,2.34,151.16,163.35,653.99,2.81,987.21,61.47,538.16
2026-02-26T05:20:00Z,66.33,1921.22,173.41,1288.76,57.87,1887.96,173.87,915.02,71.68,1899.18,173.36,1157.61,53.12,1859.12,174.60,845.81,338.98,83.00,100.02,302.79,1868.53,3552.06,2.32,150.30,161.95,650.66,3.04,981.95,62.06,540.51
2026-02-26T05:30:00Z,66.15,1930.61,172.98,1304.75,58.10,1870.27,174.62,911.39,71.98,1899.03,173.17,1154.54,52.90,1871.74,174.10,831.60,337.45,84.55,99.31,303.71,1865.46,3541.70,2.56,150.23,164.26,653.41,2.63,982.26,60.86,534.29
2026-02-26T05:40:00Z,65.63,1935.81,172.89,1289.64,58.22,1871.30,175.12,916.12,72.31,1889.51,174.12,1168.12,52.54,1876.75,174.17,832.71,345.10,84.41,99.51,308.42,1882.08,3546.73,2.41,150.87,165.90,654.66,3.01,991.29,61.22,534.90
2026-02-26T05:50:00Z,65.43,1933.27,173.22,1289.18,58.06,1872.53,174.39,912.50,72.45,1897.62,173.65,1155.69,52.50,1880.31,174.37,830.28,340.51,86.49,100.18,309.24,1873.46,3549.26,2.29,151.50,167.07,658.85,3.04,985.75,61.25,546.71
2026-02-26T06:00:00Z,65.54,1939.28,172.90,1283.15,57.96,1872.53,173.94,912.36,72.32,1900.41,174.04,1156.35,52.17,1886.30,174.58,820.81,340.13,85.78,101.02,306.54,1872.58,3554.69,2.50,152.13,163.62,646.14,3.09,994.77,63.36,545.12
2026-02-26T06:10:00Z,65.42,1948.28,172.34,1273.03,58.15,1867.88,173.33,906.35,72.51,1899.62,173.60,1157.14,52.07,1892.84,173.83,816.69,339.18,86.09,100.23,304.49,1867.07,3544.76,2.44,150.62,165.43,655.98,2.80,985.31,61.55,541.53
2026-02-26T06:20:00Z,64.96,1957.90,172.29,1249.57,58.03,1876.48,174.16,917.16,72.50,1896.04,173.95,1149.81,52.08,1898.63,173.34,813.70,337.47,83.25,99.73,301.84,1872.47,3535.99,2.45,149.89,162.71,650.78,2.86,981.82,60.37,549.87
2026-02-26T06:30:00Z,64.99,1958.70,171.36,1241.70,58.07,1869.80,174.05,912.84,72.78,1874.56,174.04,1167.61,52.13,1896.51,173.30,813.75,333.85,85.12,99.83,301.70,1861.63,3535.06,2.43,151.12,162.05,653.14,2.94,983.90,60.02,537.97
2026-02-26T06:40:00Z,65.00,1958.42,171.48,1260.36,58.14,1869.71,174.77,904.32,72.89,1878.62,173.97,1172.89,52.14,1898.29,173.34,805.29,331.70,87.06,99.94,296.56,1854.62,3545.48,2.56,150.04,160.77,648.83,2.97,974.75,59.91,527.78
2026-02-26T06:50:00Z,64.95,1955.73,170.87,1246.33,57.81,1886.24,173.99,910.30,72.57,1878.29,174.79,1174.23,52.29,1885.58,173.56,805.80,335.72,85.77,100.75,302.22,1877.85,3567.18,2.93,150.80,162.84,646.10,3.18,996.91,60.70,541.92
2026-02-26T07:00:00Z,65.29,1952.83,172.01,1264.50,58.09,1892.60,174.13,894.80,72.33,1886.45,174.36,1163.67,52.33,1888.72,174.09,798.25,332.35,85.39,100.55,300.03,1869.15,3553.07,2.51,150.93,159.58,643.52,2.85,980.76,61.20,538.00
2026-02-26T07:10:00Z,65.11,1942.93,171.97,1252.77,58.11,1880.97,173.76,897.69,72.47,1885.81,174.93,1165.80,52.14,1907.71,173.30,802.39,331.58,85.68,101.99,298.66,1868.55,3541.09,2.39,151.62,161.27,647.17,2.93,981.62,60.48,534.24
2026-02-26T07:20:00Z,65.12,1934.79,172.16,1272.60,58.66,1866.84,173.93,905.28,72.04,1892.73,174.70,1163.46,52.63,1894.78,174.22,810.30,339.65,84.61,101.39,304.79,1865.63,3569.03,2.53,151.49,164.99,654.75,3.33,981.85,60.95,544.86
2026-02-26T07:30:00Z,64.86,1956.25,172.33,1264.06,58.46,1866.69,174.47,907.66,72.43,1898.56,173.78,1173.62,52.28,1889.20,174.17,819.98,335.28,85.66,100.55,304.33,1871.01,3550.49,2.13,149.70,158.78,651.82,3.37,978.93,62.20,544.22
2026-02-26T07:40:00Z,65.21,1945.32,172.81,1259.34,58.73,1859.37,174.19,912.05,72.27,1890.69,173.86,1171.56,52.27,1891.32,173.54,834.89,336.67,84.99,100.61,303.75,1869.39,3559.02,2.60,151.94,162.38,650.46,2.45,984.99,61.12,526.75
2026-02-26T07:50:00Z,64.92,1957.98,172.50,1241.19,58.58,1866.87,174.39,933.14,72.20,1895.67,173.40,1156.98,52.33,1892.27,174.19,825.59,337.19,85.26,100.47,301.34,1868.26,3563.00,2.59,151.72,165.19,646.09,2.96,977.74,60.33,533.00
2026-02-26T08:00:00Z,65.07,1958.63,172.59,1245.83,58.10,1869.09,174.68,923.32,71.71,1892.68,173.99,1157.53,52.45,1894.39,173.85,816.05,334.89,83.79,100.62,302.28,1864.20,3533.07,2.32,150.11,161.70,651.70,3.10,974.06,61.51,546.82
2026-02-26T08:10:00Z,65.07,1944.87,171.76,1251.35,58.05,1863.76,174.60,935.25,71.11,1919.30,173.72,1142.10,52.37,1888.24,174.12,822.44,333.23,84.61,100.88,298.87,1869.16,3540.38,2.38,151.62,159.28,643.20,2.93,992.18,61.04,535.59
2026-02-26T08:20:00Z,64.94,1952.62,172.42,1247.34,58.33,1860.23,174.28,931.32,71.15,1917.92,173.59,1125.41,52.71,1882.15,174.22,819.95,339.59,84.55,100.49,302.93,1866.33,3551.59,2.70,152.08,161.31,649.52,2.72,981.21,62.25,532.56
2026-02-26T08:30:00Z,64.80,1957.86,172.46,1252.11,58.50,1860.11,174.20,928.38,71.27,1917.79,173.33,1134.39,52.76,1873.75,173.84,835.98,330.70,86.94,99.76,297.14,1867.78,3547.02,2.59,150.55,157.59,642.25,3.10,979.16,61.78,532.38
2026-02-26T08:40:00Z,64.57,1946.92,172.42,1245.47,58.36,1874.16,174.87,922.19,71.14,1917.57,173.61,1126.05,52.66,1869.45,174.11,827.62,327.00,84.56,99.96,292.32,1853.39,3552.80,2.56,151.85,159.82,650.70,3.10,973.28,61.51,542.95
2026-02-26T08:50:00Z,64.83,1949.85,172.59,1238.61,58.23,1862.27,174.71,929.94,70.92,1928.02,173.47,1127.44,52.67,1879.62,174.36,833.88,325.35,82.79,101.13,293.72,1856.97,3552.81,2.38,150.01,157.92,651.61,2.98,981.59,60.47,535.61
2026-02-26T09:00:00Z,65.04,1950.28,171.90,1239.85,58.07,1870.17,173.69,929.86,70.85,1927.60,174.36,1110.13,52.57,1881.50,174.22,832.06,326.40,83.94,101.05,293.29,1874.57,3550.45,2.15,150.96,157.38,643.19,3.08,989.98,60.65,526.27
2026-02-26T09:10:00Z,65.18,1948.49,171.50,1253.39,57.94,1874.29,174.50,917.15,71.16,1924.12,173.71,1117.06,52.80,1877.93,174.70,825.91,331.95,81.68,100.22,299.69,1865.10,3559.81,2.82,148.75,160.98,650.28,3.08,980.30,62.28,543.04
2026-02-26T09:20:00Z,65.35,1941.64,171.89,1262.75,57.65,1874.99,174.50,917.75,71.29,1912.21,173.59,1103.87,52.55,1891.56,173.55,825.66,330.35,82.13,100.11,295.39,1860.30,3556.95,2.89,149.31,162.32,645.22,3.05,976.60,61.07,532.56
2026-02-26T09:30:00Z,65.45,1942.80,171.82,1267.98,57.78,1878.73,174.06,907.25,71.22,1915.61,172.95,1125.29,52.57,1890.62,174.36,814.84,332.94,84.16,99.28,299.79,1872.80,3533.09,2.39,151.48,164.40,659.12,3.22,987.06,60.35,545.57
2026-02-26T09:40:00Z,65.84,1931.67,172.25,1287.18,57.41,1886.35,173.95,896.68,71.27,1907.20,172.93,1137.59,52.45,1896.83,173.88,820.45,334.86,85.79,99.81,303.34,1860.44,3552.51,2.66,150.39,162.31,654.92,2.94,980.45,61.28,536.52
2026-02-26T09:50:00Z,66.30,1927.12,173.08,1302.38,57.12,1889.98,173.43,898.02,71.05,1911.03,173.18,1134.56,52.53,1886.32,174.51,807.48,337.25,84.89,100.53,303.77,1879.30,3555.21,2.45,149.40,165.99,659.43,2.89,983.05,60.11,553.22
2026-02-26T10:00:00Z,66.21,1921.14,172.50,1291.71,57.36,1887.25,173.94,904.32,71.17,1905.84,173.92,1139.90,52.49,1876.79,174.48,806.51,333.71,86.06,100.40,302.62,1874.94,3554.86,2.29,150.26,160.97,647.11,2.94,988.44,61.64,536.25
2026-02-26T10:10:00Z,66.21,1921.24,172.90,1294.55,57.75,1895.41,174.05,907.70,71.32,1913.91,172.66,1127.04,52.33,1892.23,173.90,813.93,335.03,84.34,99.97,304.44,1867.71,3564.62,2.65,152.29,164.95,648.83,2.69,989.44,61.07,539.85
2026-02-26T10:20:00Z,65.78,1923.45,173.10,1298.00,57.39,1895.89,174.27,902.27,71.13,1917.57,173.15,1120.47,52.31,1895.13,174.49,830.13,339.55,82.33,99.03,305.12,1868.09,3547.90,2.66,150.39,162.73,648.01,3.04,985.51,60.13,529.13
2026-02-26T10:30:00Z,66.05,1925.59,172.90,1285.82,56.80,1905.72,173.67,875.67,71.35,1923.24,173.43,1111.58,52.16,1914.36,174.94,812.80,337.72,82.96,100.12,300.58,1870.12,3551.57,2.68,150.81,164.33,649.33,2.89,983.84,60.81,548.22
2026-02-26T10:40:00Z,65.98,1925.30,172.91,1283.48,56.92,1917.77,174.03,869.13,71.07,1920.79,173.32,1113.69,51.70,1911.99,173.83,807.67,331.08,80.83,101.11,300.93,1869.35,3548.57,2.81,150.19,157.73,642.63,2.90,985.46,61.04,528.25
2026-02-26T10:50:00Z,65.89,1926.63,173.90,1283.76,57.33,1904.47,173.86,872.22,70.80,1930.21,173.68,1115.07,51.39,1924.53,173.53,787.13,332.93,82.39,100.56,300.33,1862.08,3551.42,2.41,150.91,159.28,648.32,2.86,981.68,59.77,536.86
2026-02-26T11:00:00Z,65.64,1919.44,172.90,1292.48,57.38,1884.76,174.46,885.72,70.43,1938.11,173.35,1104.44,51.33,1922.00,173.27,788.72,331.38,80.90,100.14,299.68,1863.72,3553.25,2.65,150.41,160.77,650.41,3.10,984.31,60.33,543.99
2026-02-26T11:10:00Z,65.46,1931.05,172.27,1287.53,57.27,1884.70,173.77,878.75,70.07,1940.37,173.26,1088.21,51.01,1930.98,172.94,782.73,330.72,80.82,98.95,300.39,1869.06,3553.22,2.73,151.29,161.28,646.38,3.33,988.33,60.60,541.16
2026-02-26T11:20:00Z,65.94,1926.64,172.24,1275.49,57.36,1891.10,172.85,884.37,69.82,1947.85,172.67,1086.34,50.89,1924.94,173.37,776.99,328.85,81.63,99.47,298.73,1858.41,3554.72,2.34,150.22,157.46,644.20,3.10,978.27,60.56,535.92
2026-02-26T11:30:00Z,65.63,1927.15,172.98,1287.94,57.16,1900.03,173.71,877.63,70.37,1942.41,173.10,1091.63,50.55,1941.16,172.59,779.49,329.95,82.59,100.40,296.29,1857.05,3554.77,2.43,151.05,158.98,642.15,3.37,975.08,61.17,530.24
2026-02-26T11:40:00Z,65.97,1924.66,172.98,1295.45,57.24,1902.28,173.46,871.72,70.24,1951.92,172.99,1106.57,50.36,1956.69,172.48,759.15,333.57,80.52,99.31,297.59,1859.46,3554.93,2.38,150.28,162.21,644.64,3.17,974.04,60.95,535.87
2026-02-26T11:50:00Z,66.02,1922.37,173.08,1302.33,56.86,1902.66,174.04,872.96,70.04,1952.80,172.61,1095.84,50.73,1930.56,172.64,745.38,331.04,83.23,99.65,295.15,1861.89,3558.62,2.60,150.55,161.59,654.18,2.95,983.18,59.91,537.35
2026-02-26T12:00:00Z,65.65,1932.91,172.76,1290.44,57.21,1902.41,173.13,882.39,69.99,1954.51,172.73,1087.10,50.81,1927.73,172.69,763.83,331.71,84.67,100.12,299.64,1867.67,3560.26,2.44,150.84,162.31,646.05,3.26,979.35,60.56,542.51
2026-02-26T12:10:00Z,65.74,1930.60,172.61,1303.77,57.16,1896.04,174.22,887.98,70.14,1946.76,172.81,1083.50,50.91,1925.00,173.12,752.15,328.98,81.69,99.95,295.94,1855.85,3555.48,2.23,150.32,161.87,646.12,2.73,976.65,60.52,541.83
2026-02-26T12:20:00Z,65.70,1931.76,172.31,1278.95,56.91,1895.43,173.39,881.02,69.89,1942.79,173.26,1085.22,51.07,1928.77,172.59,755.92,331.46,82.79,99.05,294.85,1859.29,3557.41,2.43,152.32,161.42,651.42,2.85,982.86,60.73,548.10
2026-02-26T12:30:00Z,65.43,1945.92,,1279.73,56.86,1892.99,173.60,880.30,70.38,1930.36,172.18,1096.84,51.09,1934.86,172.98,762.68,328.14,81.72,99.49,291.21,1855.43,3537.45,2.36,149.82,158.17,644.10,3.07,973.40,60.87,536.60
2026-02-26T12:40:00Z,65.79,1930.27,172.27,1279.61,57.20,1887.72,173.36,882.05,70.69,1924.52,172.41,1105.76,50.89,1930.99,173.66,762.66,326.12,81.31,99.44,293.51,1862.07,3555.28,2.45,148.48,157.61,641.50,2.98,976.38,60.87,533.01
2026-02-26T12:50:00Z,65.73,1931.03,172.01,1266.88,57.35,1886.27,173.89,888.58,71.28,1917.74,172.26,1105.83,51.07,1922.49,172.71,779.95,330.41,81.73,99.59,297.81,1860.45,3538.21,2.50,149.23,158.73,650.32,3.00,985.21,59.93,539.67
2026-02-26T13:00:00Z,65.69,1926.75,172.81,1278.82,57.25,1896.82,173.93,878.49,71.88,1902.87,172.09,1143.15,51.05,1929.66,172.58,770.89,329.75,81.76,99.73,294.92,1868.39,3563.44,3.05,150.49,160.40,642.09,2.88,982.82,60.37,543.79
2026-02-26T13:10:00Z,65.89,1923.49,172.72,1296.54,57.20,1898.24,173.81,872.52,72.06,1900.10,172.92,1159.28,51.03,1935.09,172.24,756.70,330.13,80.34,99.49,295.07,1859.98,3545.27,2.42,149.58,159.01,648.50,2.84,977.98,61.12,539.95
2026-02-26T13:20:00Z,65.83,1933.39,171.94,1301.31,57.18,1890.98,173.68,885.34,72.06,1893.60,173.19,1163.33,50.72,1924.17,172.28,750.52,331.71,81.57,99.44,295.89,1861.80,3535.68,2.39,152.52,162.79,649.35,2.99,983.53,61.81,541.40
2026-02-26T13:30:00Z,66.13,1929.96,173.29,1311.93,57.32,1892.71,174.02,894.46,71.73,1897.42,173.42,1141.40,51.07,1919.68,171.94,761.84,326.26,81.67,99.89,295.14,1858.30,3554.28,2.40,151.25,160.71,652.41,2.88,981.86,61.85,539.94
2026-02-26T13:40:00Z,66.09,,173.32,1308.88,57.33,1893.38,173.72,895.27,71.56,1908.16,173.14,1140.85,51.07,1925.48,172.69,770.59,332.19,81.83,100.13,297.47,1876.02,3542.77,2.55,150.66,162.84,645.56,2.55,988.16,61.18,534.37
2026-02-26T13:50:00Z,66.16,1927.85,172.99,1315.25,57.44,1888.78,173.14,893.39,71.48,1916.54,172.86,1127.50,51.27,1928.24,172.91,765.64,332.04,83.95,100.70,299.78,1864.18,3528.91,2.65,149.30,161.08,644.87,3.01,980.57,60.90,532.59
2026-02-26T14:00:00Z,66.31,1932.98,172.94,1293.54,57.38,1892.58,173.74,889.73,71.49,1920.41,173.63,1124.82,51.52,1922.90,173.18,763.49,335.34,83.85,100.23,302.59,1858.32,3544.70,2.59,151.61,163.00,646.98,2.77,983.23,59.98,537.55
2026-02-26T14:10:00Z,66.35,1919.46,173.21,1295.75,57.39,1890.23,174.15,894.11,71.44,1919.65,173.73,1125.78,51.19,1931.05,173.17,755.87,332.09,80.70,100.32,301.12,1866.60,3568.32,2.56,151.14,161.04,648.04,2.92,983.13,59.96,542.17
2026-02-26T14:20:00Z,66.20,1917.91,172.78,1295.69,57.10,1889.54,174.15,901.33,71.36,1914.79,172.98,1139.20,51.38,1919.32,173.58,771.63,329.55,82.29,100.08,297.86,1863.34,3547.10,2.66,150.40,160.31,644.30,2.96,983.17,60.11,535.89
2026-02-26T14:30:00Z,66.25,1916.71,172.39,1308.82,56.89,1893.97,174.18,897.19,71.51,1923.99,172.23,1125.29,51.49,1909.12,173.24,789.31,332.40,83.62,100.04,301.05,1877.03,3541.48,2.41,148.87,161.45,649.65,3.26,992.76,61.45,535.60
2026-02-26T14:40:00Z,66.57,1914.87,172.11,1310.91,56.82,1898.96,173.53,880.04,71.36,1917.67,172.31,1105.10,51.23,1911.94,173.14,799.12,334.02,82.55,100.12,300.15,1876.82,3554.79,2.28,150.39,161.91,648.86,2.86,990.29,63.35,533.80
2026-02-26T14:50:00Z,66.38,1917.04,172.21,1304.59,57.00,1905.25,173.09,880.10,71.33,1904.94,173.14,1107.23,50.95,1921.66,172.96,772.29,337.79,82.28,99.11,305.63,1855.38,3557.90,2.44,151.19,162.21,647.93,2.96,975.37,62.75,544.80
2026-02-26T15:00:00Z,66.58,1915.56,172.28,1293.62,57.08,1896.72,173.01,881.30,71.12,1923.29,172.86,1123.94,50.49,1937.91,172.79,754.55,332.59,82.92,100.77,297.88,1869.24,3537.56,2.65,151.87,162.04,641.17,2.95,981.42,62.60,534.25
2026-02-26T15:10:00Z,67.06,1898.22,172.36,1315.88,56.89,1903.23,173.20,876.16,71.15,1913.53,171.72,1125.43,50.84,1931.05,172.45,766.10,329.22,81.59,99.88,299.54,1861.54,3562.01,2.46,149.33,160.90,648.18,3.13,980.46,62.36,534.03
2026-02-26T15:20:00Z,66.98,1896.64,172.54,1318.83,57.35,1893.32,173.43,874.41,71.55,1911.01,172.06,1133.65,50.92,1933.21,172.24,749.51,330.97,80.88,99.88,295.80,1857.10,3547.74,2.54,150.13,161.23,648.37,2.95,977.21,61.83,536.07
2026-02-26T15:30:00Z,67.18,1885.61,172.94,1319.54,57.72,1891.12,173.19,882.40,71.73,1907.24,172.71,1139.92,50.64,1926.60,172.52,742.06,327.95,81.61,100.20,298.16,1873.74,3554.69,2.34,151.71,159.58,649.76,3.23,993.60,60.58,536.53
2026-02-26T15:40:00Z,66.63,1898.26,173.22,1322.86,57.95,1887.98,173.67,877.91,71.97,1911.08,173.49,1137.42,50.55,1930.58,172.87,753.45,338.56,81.40,99.22,303.41,1880.61,3554.48,2.71,151.66,164.93,656.21,2.67,986.94,61.49,550.83
2026-02-26T15:50:00Z,66.13,1914.83,173.57,1317.20,57.69,1884.38,173.76,879.94,72.33,1898.78,174.23,1144.39,50.86,1925.50,173.08,761.21,336.98,82.92,99.60,302.27,1865.28,3550.44,2.43,149.01,164.59,649.74,2.81,992.35,60.96,542.28
2026-02-26T16:00:00Z,66.03,1927.07,172.84,1304.52,57.84,1882.22,173.03,889.39,72.04,1904.12,173.50,1136.15,51.25,1929.62,172.69,755.75,328.94,81.76,99.50,294.53,1861.52,3548.11,2.42,150.76,161.26,651.36,2.67,977.03,62.43,541.30
2026-02-26T16:10:00Z,65.60,1933.86,171.52,1282.57,57.69,1884.95,172.79,893.83,71.80,1896.97,172.83,1150.42,51.35,1920.41,172.38,776.72,329.61,81.98,99.48,295.62,1863.39,3542.81,2.39,149.79,160.39,646.77,2.93,985.28,60.80,532.01
2026-02-26T16:20:00Z,65.53,1930.71,172.75,1277.77,57.70,1886.15,173.34,896.69,71.82,1892.48,172.81,1142.25,51.40,1916.53,172.95,776.24,335.42,81.54,99.46,304.93,1873.56,3564.25,2.16,152.14,161.70,652.49,3.25,988.50,62.47,545.63
2026-02-26T16:30:00Z,65.79,1932.04,172.45,1284.67,57.67,1890.84,173.70,888.65,71.79,1904.35,173.12,1123.02,51.39,1925.61,172.32,756.73,331.85,81.80,100.03,299.31,1868.23,3542.34,2.58,150.48,161.67,658.19,2.79,981.20,64.12,552.34
2026-02-26T16:40:00Z,65.40,1935.79,172.41,1288.16,57.92,1885.36,173.57,899.37,71.97,1886.99,173.25,1131.57,51.12,1913.47,172.89,764.05,330.60,83.26,99.18,295.76,1862.06,3544.50,2.65,149.25,160.79,644.30,2.97,982.40,63.17,530.62
2026-02-26T16:50:00Z,64.93,1955.20,171.85,1262.73,57.98,1889.02,173.79,907.66,72.08,1885.63,173.71,1157.60,51.31,1918.20,172.87,764.45,329.24,82.99,98.63,294.49,1860.87,3548.41,2.31,149.15,159.57,643.76,3.29,986.08,62.42,534.25
2026-02-26T17:00:00Z,64.76,1957.03,171.67,1242.61,57.41,1892.22,173.76,909.61,71.93,1896.53,173.83,1154.60,51.19,1919.98,173.71,781.68,332.18,84.19,99.21,300.93,1861.03,3556.83,2.50,150.41,163.00,650.13,2.96,979.96,63.17,535.33
2026-02-26T17:10:00Z,64.73,1957.71,170.98,1222.45,57.54,1893.70,174.73,917.35,71.93,1894.77,173.89,1144.97,51.28,1920.80,172.97,781.92,334.12,80.62,99.63,302.69,1869.70,3549.60,2.62,150.65,160.44,653.66,2.96,989.43,62.29,545.03
2026-02-26T17:20:00Z,65.04,1950.28,171.19,1246.38,57.75,1879.06,174.22,910.52,71.87,1902.45,173.32,1145.44,51.33,1918.73,172.49,773.68,335.15,80.71,100.23,298.79,1870.85,3557.00,2.18,149.55,164.62,650.63,2.99,989.98,62.88,541.61
2026-02-26T17:30:00Z,65.18,1958.06,171.71,1250.74,57.86,1881.58,174.64,915.76,72.10,1889.28,173.43,1155.61,51.11,1927.87,172.85,769.52,334.97,79.76,100.03,301.95,1877.36,3547.53,2.42,152.00,161.20,645.04,3.02,989.13,62.94,535.71
2026-02-26T17:40:00Z,64.97,1945.99,172.37,1253.99,58.09,1878.57,174.71,927.73,72.35,1882.47,172.87,1164.10,51.04,1930.71,172.15,772.24,338.24,79.12,100.58,303.85,1868.85,3550.24,2.78,149.83,168.15,660.77,2.89,981.55,61.59,554.15
2026-02-26T17:50:00Z,64.82,1952.95,172.47,1264.74,58.09,1878.53,174.03,927.27,72.24,1894.63,174.08,1164.88,50.52,1940.40,172.20,766.84,333.53,80.12,100.25,300.32,1865.39,3561.81,2.11,152.85,159.75,652.07,3.08,977.66,62.45,543.41
2026-02-26T18:00:00Z,65.14,1955.38,172.28,1264.32,57.93,1878.76,174.59,921.40,72.17,1883.09,173.84,1172.98,50.61,1931.05,172.23,769.12,333.26,82.31,98.89,296.17,1859.24,3545.23,2.59,151.76,163.86,657.58,3.11,986.15,60.96,545.77
2026-02-26T18:10:00Z,65.28,1948.09,172.14,1261.94,58.15,1866.18,174.58,917.11,72.60,1882.80,173.86,1178.09,50.74,1929.04,172.91,780.20,329.80,82.38,99.38,295.99,1866.24,3557.32,2.66,152.88,160.42,647.16,2.95,990.67,61.13,542.06
2026-02-26T18:20:00Z,65.19,1946.99,172.06,1258.26,57.97,1877.51,174.81,916.15,72.96,1873.08,174.36,1181.37,50.73,1932.33,173.12,773.38,324.11,83.40,99.53,291.95,1852.17,3553.12,2.17,149.70,157.40,645.10,3.19,973.60,62.09,532.84
2026-02-26T18:30:00Z,65.13,1941.98,172.33,1261.05,58.01,1873.87,174.10,913.71,73.05,1872.63,174.59,1178.79,50.70,1931.91,173.40,770.65,328.31,84.78,100.25,297.22,1858.16,3544.01,2.60,150.69,155.81,649.36,3.04,974.50,61.22,552.82
2026-02-26T18:40:00Z,65.36,1931.68,172.45,1269.21,58.09,1873.30,174.32,920.91,72.97,1874.94,173.97,1196.54,50.85,1927.87,173.07,779.75,331.78,84.98,100.64,300.37,1861.85,3567.40,2.45,151.65,161.84,646.45,2.97,975.52,60.42,545.68
2026-02-26T18:50:00Z,64.92,1950.20,173.10,1258.59,58.31,1879.89,174.50,915.49,72.86,1871.76,174.23,1190.40,50.76,1933.05,173.04,761.48,332.84,82.75,100.36,302.87,1869.96,3539.53,2.40,151.42,160.54,649.86,3.06,986.85,60.35,537.63
2026-02-26T19:00:00Z,64.60,1960.20,172.10,1245.77,58.08,1883.20,173.55,887.03,72.75,1871.78,174.56,1195.12,50.71,1934.56,172.84,755.82,329.36,81.39,100.41,293.99,1863.92,3538.68,2.50,149.25,160.25,650.72,2.62,975.63,60.08,547.00
2026-02-26T19:10:00Z,64.63,1965.82,171.79,1245.23,58.38,1856.99,173.75,912.04,73.05,1877.81,174.60,1195.39,50.69,1933.67,172.87,760.54,332.68,79.31,100.23,301.52,1879.68,3550.36,2.40,149.52,157.87,647.79,3.01,993.02,60.15,529.58
2026-02-26T19:20:00Z,64.51,1972.45,171.49,1239.15,58.21,1859.41,173.44,918.18,72.91,1882.26,174.71,1183.25,50.74,1935.48,172.97,763.68,328.31,81.73,100.50,296.70,1863.44,3550.20,2.35,150.84,159.45,647.55,2.84,984.59,60.56,535.25
2026-02-26T19:30:00Z,64.70,1963.46,171.62,1237.00,57.83,1875.13,174.23,928.53,73.05,1875.56,174.26,1175.81,50.78,1933.10,172.20,766.27,329.77,82.48,100.65,297.79,1865.93,3554.05,2.60,150.14,158.02,638.89,2.99,980.21,60.80,537.04
2026-02-26T19:40:00Z,65.19,1949.84,171.95,1246.16,58.12,1867.67,174.63,910.45,72.80,1864.38,174.48,1178.05,50.84,1931.26,172.44,768.80,332.84,82.60,99.38,299.44,1856.34,3539.39,2.68,150.75,163.20,656.93,3.15,976.12,59.34,555.68
2026-02-26T19:50:00Z,65.27,1940.22,171.72,1249.92,57.84,1875.94,174.20,894.98,72.78,1879.68,173.89,1181.05,50.77,1933.17,172.63,752.34,328.28,83.74,99.04,294.49,1856.92,3545.72,2.48,151.86,157.11,649.08,2.75,974.16,61.36,549.66
2026-02-26T20:00:00Z,64.76,1952.09,171.91,1249.25,57.71,1880.91,174.61,901.24,72.46,1881.28,174.33,1192.06,50.67,1919.01,172.34,754.09,326.62,84.48,99.35,293.09,1866.51,3555.90,2.27,151.57,158.38,644.62,3.22,984.10,61.02,531.71
2026-02-26T20:10:00Z,65.39,1945.00,172.83,1253.03,57.85,1875.57,173.44,896.36,72.25,1876.82,174.21,1189.35,51.16,1935.06,172.73,744.68,331.14,84.47,100.58,300.78,1861.67,3542.45,2.58,149.37,161.17,644.73,2.69,978.03,59.91,531.56
2026-02-26T20:20:00Z,65.72,1929.13,172.59,1269.14,57.70,1875.55,173.88,916.12,72.37,1881.99,174.33,1185.61,51.16,1934.31,172.92,757.46,331.16,83.45,100.06,300.69,1872.53,3554.34,2.26,151.05,163.17,661.82,2.75,984.34,61.61,538.39
2026-02-26T20:30:00Z,66.03,1925.54,172.54,1276.90,58.05,1885.93,173.88,911.86,72.27,1886.45,174.18,1160.14,51.32,1929.69,173.52,769.87,330.91,81.00,99.75,300.28,1874.51,3545.92,2.25,149.35,158.98,651.97,3.18,992.12,61.30,550.05
2026-02-26T20:40:00Z,65.85,1925.69,172.27,1275.92,58.38,1877.29,173.89,902.85,72.12,1898.50,174.36,1164.07,51.31,1926.13,172.62,765.20,327.84,84.15,100.52,294.72,1863.05,3560.70,2.41,150.02,155.43,637.26,3.08,981.90,60.36,528.40
2026-02-26T20:50:00Z,65.66,1922.91,172.23,1285.71,58.02,1871.54,174.29,919.32,72.09,1886.84,173.60,1178.52,51.05,1918.48,172.29,774.12,333.30,84.60,100.50,302.31,1871.16,3559.94,2.29,150.99,160.36,651.70,2.82,,61.50,540.92
2026-02-26T21:00:00Z,65.61,1926.47,172.01,1296.11,57.64,1881.84,174.40,927.19,71.99,1903.51,174.16,1167.16,50.97,1915.54,172.15,776.87,333.01,84.62,99.64,299.39,1863.67,,2.80,150.19,162.52,650.00,3.01,980.80,61.25,538.10
2026-02-26T21:10:00Z,65.37,1933.26,172.00,1282.08,57.47,1893.91,174.30,914.56,72.00,1893.15,174.12,1157.88,51.02,1917.51,172.15,772.88,333.51,84.97,99.56,302.20,1868.71,3545.58,2.58,151.86,162.85,648.12,3.02,985.87,60.78,554.35
2026-02-26T21:20:00Z,65.28,1927.07,172.78,1295.70,57.03,1897.22,174.62,891.36,71.47,1905.84,173.73,1154.70,50.81,1916.71,172.59,781.94,325.21,82.15,100.08,295.59,1860.72,3552.84,2.50,149.78,157.82,642.25,3.34,993.00,61.15,535.48
2026-02-26T21:30:00Z,64.93,1940.68,172.86,1272.93,,1897.72,173.99,889.88,71.75,1912.79,173.32,1149.98,50.45,1922.31,172.75,774.71,326.44,81.25,99.59,295.56,1863.35,3549.53,2.33,153.42,156.82,643.51,3.49,980.30,61.60,542.65
2026-02-26T21:40:00Z,65.10,1946.02,172.84,1275.59,57.03,1897.22,173.83,888.47,72.05,1901.93,173.89,1154.08,50.46,1938.58,172.61,765.77,334.13,80.77,99.79,301.12,1865.52,3550.09,2.28,151.41,163.71,657.06,2.88,978.06,60.27,547.65
2026-02-26T21:50:00Z,65.14,1952.20,172.40,1277.99,56.81,1896.81,173.56,875.23,72.39,1896.42,174.30,1149.48,50.22,1936.94,173.16,761.11,331.90,81.66,99.53,298.47,1864.41,3567.58,2.73,152.28,160.04,646.02,2.92,990.08,62.13,531.77
2026-02-26T22:00:00Z,65.16,1953.73,172.14,1263.44,56.86,1907.87,172.87,868.46,72.45,1891.73,174.52,1156.93,50.57,1932.22,172.37,758.58,328.45,81.40,100.09,299.80,1867.07,3552.33,2.58,151.64,156.45,644.08,2.95,987.04,62.54,523.94
2026-02-26T22:10:00Z,64.91,1948.08,,1266.42,56.79,1904.19,172.98,869.91,71.98,1895.52,173.72,1166.77,50.85,1925.36,172.61,755.37,332.39,83.14,100.07,299.23,1865.48,3546.72,2.43,149.17,160.86,655.81,3.13,984.75,62.16,550.34
2026-02-26T22:20:00Z,65.16,1953.62,171.50,1257.07,56.83,1911.81,173.91,884.12,72.16,1883.96,173.60,1159.07,51.16,1927.33,173.03,762.66,332.85,81.13,99.92,302.14,1865.82,3537.69,2.64,149.76,160.62,647.04,3.07,987.09,61.58,537.41
2026-02-26T22:30:00Z,65.27,1951.32,172.24,1245.33,56.62,1909.17,173.88,883.34,72.02,1891.07,173.70,1152.12,51.27,1906.34,173.06,774.95,333.86,83.63,99.83,297.76,1858.56,3534.94,2.29,149.35,161.33,643.91,2.99,976.42,61.15,546.27
2026-02-26T22:40:00Z,65.17,1939.70,172.12,1257.99,56.84,1909.08,173.39,884.78,71.73,1894.02,173.48,1145.98,51.48,1915.48,173.01,780.22,333.99,80.07,100.60,296.09,1858.25,3540.93,2.40,150.21,161.55,655.46,3.12,981.26,61.64,545.40
2026-02-26T22:50:00Z,65.03,1945.58,171.72,1264.92,56.86,1901.04,173.29,889.77,71.84,1907.05,174.45,1145.93,51.62,1920.45,173.31,782.18,336.17,82.56,100.60,302.09,1868.07,3545.99,2.80,150.51,163.45,655.85,2.84,984.59,61.95,546.69
2026-02-26T23:00:00Z,64.90,1957.97,172.42,1254.33,57.25,1904.55,173.78,886.17,71.72,1909.71,174.24,1144.28,51.42,1913.06,172.89,790.46,333.78,83.15,100.51,298.51,1870.31,3552.44,2.70,151.58,160.85,649.14,2.76,988.71,60.95,534.15
2026-02-26T23:10:00Z,65.09,1958.11,172.23,1251.86,57.16,1895.69,173.73,902.36,71.93,1903.89,173.75,1139.44,51.32,1918.60,173.50,780.30,336.46,84.85,99.03,304.74,1866.06,3552.26,2.65,151.55,164.04,651.12,3.31,981.91,60.11,550.17
2026-02-26T23:20:00Z,65.11,1947.29,172.01,1254.55,57.31,1892.59,174.35,893.32,71.84,1894.87,173.95,1138.20,51.20,1924.43,172.86,779.49,330.65,83.90,99.50,295.03,1870.53,3558.33,2.63,150.79,160.21,643.95,3.01,986.18,61.62,536.68
2026-02-26T23:30:00Z,64.82,1956.79,172.58,1247.57,57.28,1893.85,173.85,892.74,71.94,1904.46,173.71,1129.92,50.85,1929.12,173.59,774.56,329.84,83.61,99.69,298.28,1862.46,3533.24,2.79,150.06,161.58,652.99,2.88,973.48,60.80,545.23
2026-02-26T23:40:00Z,64.76,1951.66,172.22,1237.25,57.33,1892.67,174.18,879.67,72.12,1900.98,173.34,1144.76,50.99,1917.07,173.25,791.18,331.95,82.91,100.38,298.35,1869.51,3542.47,2.25,149.84,160.05,647.35,2.70,985.84,62.59,540.11
2026-02-26T23:50:00Z,64.30,1958.67,172.31,1244.87,57.67,1869.65,174.09,888.99,71.66,1909.75,173.13,1143.34,50.95,1914.64,172.90,800.92,328.53,85.53,99.95,294.07,1859.16,3549.58,2.70,150.73,160.38,649.29,3.24,980.77,62.12,539.64
2026-02-27T00:00:00Z,64.17,1973.24,172.43,1229.66,57.62,1881.40,173.97,902.94,71.70,1908.86,173.66,1142.57,50.91,1914.12,172.73,784.57,330.21,82.86,99.63,296.70,1867.16,3562.82,2.36,151.51,160.27,657.24,3.46,984.93,63.05,544.36
2026-02-27T00:10:00Z,64.35,1966.47,171.73,1233.79,57.35,1889.64,173.61,902.96,71.47,1910.59,174.11,1138.79,51.21,1916.91,173.39,792.08,327.67,84.26,100.09,296.42,1864.63,3533.59,2.62,149.91,159.00,643.85,3.14,984.16,62.16,544.03
2026-02-27T00:20:00Z,64.60,1971.18,171.51,1222.15,57.69,1880.55,173.57,889.60,71.65,1907.94,173.87,1158.57,51.14,1928.38,173.19,768.16,324.10,83.82,99.61,290.98,1855.69,3544.81,2.36,150.70,155.22,641.74,2.89,973.38,61.53,534.57
2026-02-27T00:30:00Z,64.52,1965.69,171.42,1231.91,57.80,1873.52,172.82,905.91,71.49,1911.07,173.82,1130.73,50.90,1924.76,172.84,758.14,331.10,85.57,99.47,297.52,1866.55,3542.86,2.52,150.15,161.00,653.86,3.02,988.04,62.16,538.98
2026-02-27T00:40:00Z,64.36,1972.16,171.89,1235.12,57.41,1879.50,173.87,896.68,71.28,1927.09,173.52,1110.18,50.85,1932.75,173.16,748.91,324.34,84.51,99.53,291.77,1858.33,3537.61,2.23,148.07,158.01,647.47,2.82,971.60,60.79,544.88
2026-02-27T00:50:00Z,64.27,1965.95,171.08,1242.93,57.13,1885.98,173.48,885.34,71.44,1917.42,173.86,1120.74,50.32,1938.15,173.34,756.25,329.75,84.16,100.66,295.83,1864.28,3563.03,2.66,151.58,157.49,647.84,2.90,983.98,59.63,536.10
2026-02-27T01:00:00Z,64.39,1964.40,170.76,1236.93,57.55,1884.48,174.04,905.34,71.65,1905.23,173.31,1137.52,50.25,1938.42,173.00,764.52,333.10,81.62,101.34,302.37,1860.92,3550.67,2.52,149.26,161.85,655.62,3.25,976.36,61.73,541.76
2026-02-27T01:10:00Z,64.33,1963.97,171.12,1234.95,57.45,1889.98,174.14,885.61,71.77,1905.23,173.12,1136.05,49.95,1949.62,172.26,752.11,330.61,80.96,100.21,296.75,1863.67,3553.38,2.56,152.11,159.08,641.29,2.87,986.10,61.51,540.39
2026-02-27T01:20:00Z,64.58,1961.41,171.99,1251.26,57.45,1892.03,173.83,889.61,71.67,1903.44,172.68,1136.00,49.82,1953.54,172.29,749.56,322.67,82.35,99.02,291.55,1866.50,3547.27,2.66,149.57,158.71,636.57,3.04,977.52,60.49,528.72
2026-02-27T01:30:00Z,64.28,1963.17,172.12,1229.87,57.54,1877.98,173.95,886.37,71.89,1898.98,173.53,1140.86,49.79,1962.21,172.79,738.29,325.08,81.89,99.58,290.53,1855.79,3546.93,2.45,149.32,156.85,646.11,3.23,979.15,62.05,534.47
2026-02-27T01:40:00Z,64.18,1977.54,171.20,1222.58,57.83,1879.08,174.21,903.82,72.18,1897.94,173.65,1134.88,49.83,1955.06,172.37,726.88,330.63,80.29,99.42,297.37,1866.62,3549.97,2.20,151.02,159.49,648.22,2.46,977.78,62.37,532.74
2026-02-27T01:50:00Z,64.27,1968.89,171.77,1234.03,57.89,1877.87,173.68,901.57,72.17,1903.29,173.56,1135.34,50.25,1938.83,172.35,727.11,328.19,80.61,99.61,295.44,1860.65,3553.41,2.47,150.51,157.87,643.49,2.70,973.65,61.74,534.34
2026-02-27T02:00:00Z,64.04,1973.91,171.31,1234.97,57.77,1868.89,174.12,912.03,72.24,1910.84,173.11,1144.70,50.63,1937.94,172.48,741.49,336.02,79.72,99.77,302.96,1862.79,3558.34,2.50,151.16,164.06,651.35,2.97,977.72,61.55,527.98
2026-02-27T02:10:00Z,64.18,1969.61,171.37,1238.50,57.30,1871.34,173.88,906.70,72.06,1902.25,173.64,1162.18,50.29,1940.87,172.09,742.34,330.42,80.10,101.17,297.48,1857.61,3559.86,2.34,149.80,161.68,654.51,3.17,984.77,60.88,541.45
2026-02-27T02:20:00Z,63.79,1968.04,170.71,1222.71,57.04,1882.08,173.55,896.47,72.46,1899.41,173.16,1161.35,50.29,1935.44,172.15,749.00,326.85,79.47,100.40,293.40,1865.71,3534.25,2.36,151.26,155.41,641.01,2.97,980.56,61.19,533.88
2026-02-27T02:30:00Z,63.66,1973.92,170.51,1208.15,57.05,1892.46,174.26,895.32,72.54,1898.12,173.32,1164.42,50.13,1949.22,172.60,750.50,326.52,78.98,100.25,292.44,1861.38,3536.09,2.53,150.63,158.45,644.13,2.64,981.32,61.42,535.18
2026-02-27T02:40:00Z,63.70,1974.67,171.29,1214.57,57.34,1894.66,174.40,899.94,72.15,1903.07,173.72,1154.33,50.04,1959.67,172.26,741.62,328.54,80.49,100.46,293.05,1860.92,3544.74,2.49,149.49,160.46,653.72,3.03,981.15,61.91,541.51
2026-02-27T02:50:00Z,63.78,1982.28,170.62,1209.73,57.15,1901.92,174.12,896.26,72.11,1906.87,173.56,1141.86,50.53,1957.97,172.84,738.11,329.36,78.38,99.99,293.68,1856.87,3553.84,2.57,152.22,160.59,647.51,3.23,976.94,60.79,530.31
2026-02-27T03:00:00Z,63.67,1971.42,170.74,1212.80,57.81,1890.32,173.23,893.71,72.01,1901.54,173.33,1158.57,50.33,1950.56,172.48,729.84,329.08,81.83,98.92,294.87,1869.44,3551.43,2.46,152.88,158.83,646.75,2.75,987.81,61.79,538.73
2026-02-27T03:10:00Z,63.75,1979.83,171.48,1221.41,58.07,1876.12,173.91,899.51,71.78,1911.38,174.01,1154.71,49.88,1952.53,172.32,727.16,330.80,82.44,99.37,298.92,1864.16,3562.07,2.43,151.06,160.24,647.69,3.34,985.24,61.17,542.05
2026-02-27T03:20:00Z,63.83,1981.17,171.47,1221.11,57.50,1881.85,174.36,898.90,71.65,1902.80,174.05,1151.11,49.92,1949.67,171.54,735.93,329.41,81.25,98.93,296.73,1866.73,3553.60,2.54,153.22,159.22,645.13,2.67,992.87,62.02,535.87
2026-02-27T03:30:00Z,63.98,1975.42,171.68,1218.89,57.91,1887.11,173.85,898.12,71.39,1918.00,173.22,1137.14,50.18,1953.07,172.13,740.29,327.99,79.91,99.18,293.32,1867.06,3561.23,2.62,149.55,157.71,644.38,3.00,988.49,61.09,529.88
2026-02-27T03:40:00Z,63.88,1977.61,171.43,1220.05,58.45,1875.95,174.19,904.50,71.16,1920.51,172.48,1123.00,49.94,1945.09,172.45,739.31,326.32,80.93,99.68,292.84,1865.62,3546.12,2.52,150.63,160.61,657.29,3.09,981.60,61.33,548.08
2026-02-27T03:50:00Z,63.97,1974.29,171.17,1222.68,58.10,1884.29,174.10,902.85,71.39,1911.68,172.23,1122.60,50.14,1942.11,172.77,739.25,328.56,79.58,100.26,295.89,1865.84,3539.97,2.31,149.07,160.47,644.81,3.03,980.48,61.52,544.45
2026-02-27T04:00:00Z,63.67,1986.39,171.35,1223.34,58.04,1872.75,174.30,902.90,71.32,1914.41,172.88,1139.96,50.41,1927.22,172.56,743.02,330.20,81.67,99.55,298.57,1865.66,3555.27,2.53,152.06,157.29,640.45,2.73,980.71,62.25,536.20
2026-02-27T04:10:00Z,63.53,1989.69,171.05,1217.86,58.01,1877.72,174.36,915.98,71.41,1908.60,173.45,1135.05,50.15,1957.51,172.72,748.62,329.77,82.64,99.73,297.40,1866.40,3540.53,2.31,150.55,158.35,644.22,3.00,980.13,61.75,534.96
2026-02-27T04:20:00Z,63.39,1988.08,171.10,1210.20,58.18,1887.35,174.23,901.16,71.16,1916.16,173.06,1129.42,50.07,1954.51,171.73,723.23,322.32,83.39,100.03,291.14,1868.09,3536.43,2.61,149.80,157.66,647.62,2.85,985.89,62.35,541.86
2026-02-27T04:30:00Z,63.50,1979.50,170.00,1199.83,57.84,1882.84,174.56,893.16,71.44,1918.17,174.11,1133.39,49.93,1951.10,171.98,726.78,324.64,81.83,100.38,290.93,1862.46,3552.33,2.70,149.68,154.98,641.81,3.06,983.18,62.26,530.36
2026-02-27T04:40:00Z,63.36,1994.71,169.81,1197.50,57.33,1883.96,174.25,884.25,71.48,1918.34,172.96,1136.66,49.80,1957.05,171.94,718.80,322.32,82.49,100.18,290.82,1865.81,3555.88,2.35,149.39,156.86,644.06,2.96,978.58,61.94,543.60
2026-02-27T04:50:00Z,63.49,1999.25,170.73,1196.57,57.03,1888.63,174.46,892.57,71.59,1912.64,172.54,1139.87,49.93,1952.23,172.52,736.54,326.83,81.91,100.40,294.35,1867.42,3554.65,2.50,152.39,159.34,643.28,2.82,982.85,62.13,525.32
2026-02-27T05:00:00Z,63.64,1989.50,170.47,1200.97,57.08,1891.52,174.50,904.24,71.59,1910.12,173.28,1128.95,49.92,1947.70,172.29,732.61,327.65,80.80,100.29,300.62,1864.21,3543.68,2.64,151.28,158.05,641.30,2.85,976.81,61.14,523.12
2026-02-27T05:10:00Z,63.81,1988.73,170.95,1201.26,57.66,1890.56,173.94,901.26,71.58,1914.60,173.38,1124.73,49.96,1958.30,172.69,749.81,319.79,81.68,100.75,284.47,1855.76,3547.68,2.40,150.25,151.30,639.11,2.90,969.38,62.07,535.10
2026-02-27T05:20:00Z,64.29,1972.47,170.81,1209.77,57.44,1897.28,173.60,895.22,71.26,1925.19,173.52,1120.28,49.90,1954.38,172.27,748.10,323.40,81.13,99.87,290.14,1865.39,3544.43,2.29,149.80,156.49,640.98,2.73,984.49,62.29,529.92
2026-02-27T05:30:00Z,64.13,1967.01,172.14,1228.78,57.23,1896.82,174.05,886.59,71.08,1926.29,173.31,1104.25,49.56,1960.42,171.78,722.91,315.14,81.77,98.66,284.64,1854.10,3548.66,2.30,150.74,155.20,647.18,3.05,967.53,60.69,533.02
2026-02-27T05:40:00Z,63.70,1977.36,172.08,1224.78,57.24,1885.48,174.47,887.24,71.12,1918.64,172.82,1105.25,49.91,1956.17,171.92,728.08,319.39,81.81,99.02,285.88,1862.49,3537.93,2.57,149.20,155.38,636.31,3.05,987.44,61.45,535.17
2026-02-27T05:50:00Z,63.72,1979.28,171.77,1212.62,57.05,1894.30,173.45,893.33,71.34,1918.25,173.36,1120.71,50.19,1944.55,171.20,725.27,317.88,83.06,98.85,284.83,1855.38,3560.47,2.61,151.43,154.61,639.41,3.37,983.44,60.19,522.09
2026-02-27T06:00:00Z,64.22,1973.99,171.72,1224.63,56.99,1904.09,173.45,878.02,71.35,1926.38,172.62,1118.80,49.79,1950.41,172.08,732.10,323.64,82.87,99.28,294.50,1856.08,3541.24,2.37,149.58,156.87,639.41,2.65,980.76,61.31,529.88
2026-02-27T06:10:00Z,64.05,1974.16,171.60,1213.45,56.83,1903.53,172.93,875.05,71.14,1925.55,173.61,1114.13,50.29,1935.70,171.99,738.60,326.71,82.46,99.12,293.94,1861.07,3567.64,2.43,151.41,157.49,645.93,3.13,980.45,61.04,529.14
2026-02-27T06:20:00Z,63.58,1982.25,170.83,1209.25,56.73,1901.90,172.70,850.09,71.23,1921.59,173.38,1092.08,50.42,1936.39,171.80,731.71,323.04,81.64,99.67,289.23,1857.71,3546.81,2.78,149.84,156.05,639.37,2.70,980.65,60.79,528.71
2026-02-27T06:30:00Z,63.59,1996.50,171.13,1204.40,57.01,1901.63,173.11,860.55,71.11,1918.46,173.07,1098.53,50.56,1938.29,172.07,740.47,318.91,82.75,100.04,283.72,1849.06,3555.10,2.52,151.33,153.64,638.02,2.53,968.25,62.74,518.71
2026-02-27T06:40:00Z,63.68,1985.69,170.65,1205.58,56.81,1903.08,173.88,875.44,70.82,1913.16,173.23,1115.25,50.65,1923.87,172.83,763.21,319.97,80.66,99.91,288.85,1860.32,3556.37,2.54,149.88,154.94,644.63,3.26,977.12,61.07,537.55
2026-02-27T06:50:00Z,63.48,2005.12,171.17,1196.18,56.60,1906.45,173.60,866.82,70.43,1928.74,173.02,1100.76,50.39,1926.30,172.23,759.38,325.48,78.71,99.44,291.70,1862.71,3558.02,2.40,151.21,158.18,645.23,2.72,974.30,60.98,531.48
2026-02-27T07:00:00Z,63.85,1987.33,171.18,1194.29,56.47,1910.66,172.31,866.31,70.36,1931.62,172.79,1101.42,50.63,1929.00,172.59,751.27,325.40,80.83,99.46,289.20,1850.54,3549.25,2.54,151.20,156.35,649.06,3.05,974.45,61.46,546.91
2026-02-27T07:10:00Z,63.84,1976.68,171.55,1212.52,56.84,1900.30,173.42,883.62,70.49,1924.80,172.58,1092.19,50.40,1936.96,173.78,754.28,327.31,78.82,99.46,293.48,1859.33,3533.26,2.64,150.42,160.21,652.15,3.06,968.15,61.11,543.74
2026-02-27T07:20:00Z,64.16,1992.18,171.56,1215.51,56.90,1904.96,173.47,876.89,70.63,1939.69,172.63,1092.02,50.51,1932.51,172.95,755.27,329.57,78.71,99.44,298.86,1865.24,3530.40,2.53,149.94,159.37,648.13,2.60,990.38,61.26,550.92
2026-02-27T07:30:00Z,64.10,1977.04,170.93,1217.11,56.68,1911.54,172.96,882.48,71.04,1933.83,172.54,1099.34,50.67,1933.55,171.83,771.12,329.91,81.11,99.20,297.30,1868.58,3546.59,2.59,149.33,161.25,646.53,3.05,989.44,61.01,543.69
2026-02-27T07:40:00Z,64.30,1974.66,171.11,1215.41,56.61,1900.78,173.45,874.90,70.53,1928.07,172.42,1101.35,51.13,1928.91,172.06,772.03,327.46,81.03,98.27,295.55,1862.56,3554.21,2.36,151.29,159.17,646.81,3.32,977.38,61.55,539.08
2026-02-27T07:50:00Z,64.30,1964.69,171.27,1222.03,57.08,1896.64,173.28,886.02,70.78,1928.21,172.05,1098.41,51.34,1933.67,172.46,764.02,323.70,79.97,99.77,288.73,1856.49,3556.25,2.61,151.10,158.71,638.29,3.14,974.72,62.35,537.84
2026-02-27T08:00:00Z,64.16,1960.23,171.29,1218.25,57.60,1896.17,173.66,886.41,70.28,1944.09,171.18,1096.13,51.29,1935.32,172.23,781.42,326.85,80.50,100.19,297.35,1864.42,3550.30,2.52,150.15,158.33,647.38,2.93,980.74,62.63,542.67
2026-02-27T08:10:00Z,64.48,1956.65,171.50,1238.74,57.60,,174.18,895.59,70.29,1949.49,171.91,1086.51,51.29,1924.16,172.08,769.19,325.85,81.93,100.19,297.18,1858.64,3547.37,2.73,151.44,154.91,640.32,3.15,981.13,62.67,537.85
2026-02-27T08:20:00Z,64.37,1960.22,171.43,1246.25,57.88,1877.83,174.23,907.23,70.19,1955.98,172.17,1063.21,50.95,1921.72,171.89,767.40,328.29,81.12,99.47,297.53,1861.93,3559.05,2.73,149.12,158.33,638.25,3.39,976.77,61.29,534.27
2026-02-27T08:30:00Z,64.56,1953.03,172.17,1253.43,57.61,1883.23,173.80,896.10,70.06,1953.06,172.44,1075.26,50.95,1922.06,172.21,760.64,328.11,80.34,99.95,295.76,1861.69,3550.02,2.46,150.64,159.93,649.85,2.78,977.24,61.89,545.14
2026-02-27T08:40:00Z,64.66,1956.30,171.89,1246.27,58.28,1886.99,174.48,900.71,70.16,1948.27,172.94,1077.12,50.96,1926.69,172.75,755.19,323.69,77.48,99.83,289.25,1865.73,3563.48,2.62,150.62,156.62,644.71,2.85,986.06,60.63,544.05
2026-02-27T08:50:00Z,64.66,1961.65,172.05,1236.52,58.30,1871.12,174.19,907.15,69.93,1945.95,172.18,1071.78,51.41,1928.53,173.21,763.69,327.55,78.46,100.21,293.87,1859.74,3550.20,2.59,149.03,157.14,647.33,2.65,978.21,61.40,536.65
2026-02-27T09:00:00Z,64.66,1967.07,172.43,1228.16,58.44,1868.24,174.76,913.15,70.26,1951.52,172.13,1065.58,51.47,1918.67,173.37,777.92,324.19,76.06,99.61,290.99,1861.65,3537.18,2.65,149.92,156.93,640.71,3.06,978.53,61.40,547.04
2026-02-27T09:10:00Z,64.69,1957.71,172.22,1231.17,58.81,1848.70,174.65,928.67,70.37,1952.74,172.01,1068.48,51.45,1920.15,173.89,798.63,328.16,79.94,99.16,295.05,1852.62,3555.25,2.38,151.71,158.67,647.54,2.83,979.82,61.11,538.92
2026-02-27T09:20:00Z,64.54,1957.66,171.20,1241.50,58.62,1855.90,174.78,924.43,70.36,1941.94,172.66,1074.17,51.36,1917.33,173.85,793.30,326.11,79.63,99.14,290.48,1861.31,3554.50,2.12,151.42,159.40,643.86,2.84,986.73,61.21,531.02
2026-02-27T09:30:00Z,64.71,1962.92,171.47,1233.16,58.30,1850.99,174.38,929.64,70.52,1939.15,172.03,1087.59,51.04,1925.18,173.54,774.11,327.29,80.09,99.95,291.84,1859.99,3555.15,2.45,149.77,158.34,647.14,3.21,979.45,62.29,547.27
2026-02-27T09:40:00Z,64.84,1960.25,171.35,1239.49,58.64,1852.49,174.52,931.48,70.34,1941.18,172.13,1095.67,50.88,1919.76,173.04,787.07,324.25,82.53,99.83,290.39,1859.62,3553.59,2.52,150.97,156.25,645.62,3.01,978.02,61.50,532.09
2026-02-27T09:50:00Z,65.03,1948.67,172.02,1243.06,58.67,1848.77,174.60,933.64,70.37,1952.81,172.45,1090.26,50.88,1930.08,172.30,772.64,328.94,84.75,99.99,293.78,1868.48,3541.19,2.48,150.89,161.61,655.36,3.30,993.51,61.06,541.57
2026-02-27T10:00:00Z,65.49,1946.84,172.63,1252.58,58.12,1863.75,174.07,926.91,70.72,1935.78,172.10,1096.09,50.72,1931.15,172.41,774.20,327.33,82.49,99.85,295.54,1857.29,3548.98,2.62,150.43,155.20,651.11,3.14,984.69,60.89,541.20
2026-02-27T10:10:00Z,65.13,1941.19,172.25,1252.59,57.91,1876.01,173.79,918.09,70.94,1926.67,172.12,1101.31,50.78,1927.39,173.41,768.37,332.67,83.91,100.41,299.62,1871.74,3558.02,2.41,151.46,162.13,647.66,2.95,987.52,61.41,541.62
2026-02-27T10:20:00Z,65.23,1935.02,172.53,1252.42,57.86,1882.56,174.00,903.33,71.24,1928.80,172.30,1095.87,50.65,1927.92,173.38,758.53,330.97,83.10,99.92,300.36,1861.65,3537.56,2.63,149.89,159.52,648.24,2.93,980.72,60.89,539.37
2026-02-27T10:30:00Z,65.00,1948.99,172.45,1267.61,57.58,1876.43,173.75,900.97,71.31,1913.60,172.04,1105.54,50.14,1932.22,172.77,755.20,325.94,82.18,99.49,290.70,1863.91,3549.21,2.59,150.97,158.26,642.19,2.94,978.25,60.89,540.28
2026-02-27T10:40:00Z,64.92,1943.13,172.54,1267.01,57.71,1875.34,174.21,913.60,71.28,1916.48,172.31,1126.02,50.04,1946.92,172.30,751.42,328.45,81.90,99.64,294.02,1857.63,3554.68,2.35,150.21,159.14,645.50,2.94,979.63,60.66,547.75
2026-02-27T10:50:00Z,64.94,1949.15,172.75,1268.96,57.41,1883.13,173.92,900.46,71.41,1896.85,173.27,1120.48,50.38,1943.44,172.26,751.49,326.04,80.82,99.65,296.48,1864.44,3549.84,2.35,151.23,158.24,653.90,2.70,985.46,61.69,541.42
2026-02-27T11:00:00Z,65.12,1948.10,172.67,1269.32,57.34,1896.16,174.32,901.25,71.32,1903.50,172.67,1115.70,50.72,1938.57,172.36,773.10,331.40,82.87,99.25,300.56,1871.74,3545.48,2.43,150.04,160.19,650.62,3.09,979.24,62.82,538.13
2026-02-27T11:10:00Z,64.91,1947.74,172.52,1260.52,57.30,1898.38,174.42,897.00,71.43,1915.69,172.99,1126.12,50.82,1928.77,173.27,768.83,326.78,80.07,100.07,296.41,1861.10,3541.66,2.53,150.69,159.83,650.64,3.32,980.94,61.23,536.68
2026-02-27T11:20:00Z,64.71,1947.85,171.42,1248.83,57.41,1890.27,174.50,897.12,71.09,1929.57,172.50,1113.43,50.88,1924.87,172.50,769.12,325.02,79.63,100.16,293.74,1857.17,3546.93,2.75,151.73,156.95,644.53,2.98,979.92,60.29,533.84
2026-02-27T11:30:00Z,64.52,1957.40,172.03,1235.70,57.47,1886.35,174.81,904.86,71.17,1928.68,171.89,1107.52,50.95,1929.72,173.03,772.27,324.87,82.07,100.00,291.25,1849.79,3539.95,2.65,149.09,158.27,644.93,2.81,981.36,59.83,534.27
2026-02-27T11:40:00Z,64.46,1949.66,171.75,1237.24,57.61,1883.04,174.27,905.63,71.33,1930.21,171.56,1092.80,50.36,1944.85,172.78,763.10,325.83,80.91,99.19,291.41,1856.83,3550.19,2.58,148.58,156.27,647.69,2.75,982.01,60.77,526.39
2026-02-27T11:50:00Z,64.33,1952.17,170.86,1238.61,57.29,1884.46,174.21,898.64,71.15,1919.31,171.65,1100.35,50.47,1942.61,172.95,750.56,328.06,84.41,98.39,297.79,1866.62,3558.67,2.55,151.86,158.08,652.81,2.59,984.92,60.61,546.44
2026-02-27T12:00:00Z,64.31,1957.33,171.15,1239.02,57.01,1891.99,173.83,895.58,70.87,1934.51,172.21,1109.06,50.04,1947.28,173.20,749.13,329.71,80.09,98.68,296.33,1869.14,3541.66,2.46,150.66,162.15,649.24,3.05,977.27,61.45,536.09
2026-02-27T12:10:00Z,64.43,1963.48,171.97,1235.89,56.48,1906.20,173.52,877.49,70.55,1934.15,172.53,1098.66,50.26,1945.93,172.28,739.37,331.72,79.81,99.32,298.83,1866.24,3540.55,2.42,150.81,159.85,653.08,3.10,982.34,61.72,545.76
2026-02-27T12:20:00Z,64.59,1971.10,171.38,1232.50,56.79,1917.79,173.48,866.43,70.54,1912.74,172.47,1101.65,50.21,1952.08,172.21,741.96,333.82,79.67,99.14,301.53,1868.34,3551.65,2.43,150.72,159.92,649.19,3.24,988.29,62.13,535.55
2026-02-27T12:30:00Z,64.45,1960.25,171.59,1243.18,57.24,1902.79,173.90,876.82,70.64,1920.21,172.54,1096.53,50.18,1943.10,172.26,746.45,334.05,79.64,99.35,299.97,1868.63,3556.27,2.51,150.63,160.85,648.21,3.30,984.03,60.83,539.95
2026-02-27T12:40:00Z,64.40,1949.17,171.94,1249.10,57.12,1886.65,173.24,880.89,70.67,1926.54,172.17,1100.37,50.68,1945.75,172.21,766.24,327.72,79.58,100.64,293.57,1866.02,3556.17,2.54,149.65,159.81,647.89,2.99,982.38,59.98,535.78
2026-02-27T12:50:00Z,64.33,1954.49,172.56,1248.90,57.34,1881.10,173.17,880.76,70.84,1924.22,172.64,1099.19,51.02,1939.35,172.45,763.36,325.42,81.53,100.05,293.89,1865.36,3548.77,2.29,148.94,157.71,649.51,3.19,982.94,60.28,542.85
2026-02-27T13:00:00Z,64.59,1961.69,172.07,1224.82,57.76,1889.52,173.62,878.29,70.55,1928.50,173.81,1100.10,51.16,1927.61,172.59,757.40,330.70,81.49,99.94,300.75,1871.47,3552.97,2.74,150.81,161.22,642.78,2.78,983.41,60.66,540.19
2026-02-27T13:10:00Z,64.46,1973.67,171.44,1223.32,58.15,1873.69,174.17,898.46,70.57,1936.20,172.88,1096.30,51.18,1921.58,172.34,766.47,323.15,81.24,99.76,291.98,1863.38,3540.32,2.40,149.79,155.98,638.97,3.14,978.56,61.51,531.47
2026-02-27T13:20:00Z,64.77,1964.90,171.74,1222.26,58.56,1856.72,173.58,920.93,70.90,1936.89,173.74,1102.33,50.99,1930.62,172.85,771.03,330.37,81.18,99.66,295.37,1857.22,3555.09,2.39,149.94,161.62,650.81,3.33,978.20,60.34,541.39
2026-02-27T13:30:00Z,64.40,1970.27,171.60,1224.81,58.39,1854.03,173.95,918.08,70.87,1926.70,173.61,1102.91,51.44,1932.89,172.32,765.18,326.02,80.36,99.86,292.92,1857.59,3542.84,2.50,149.86,158.90,648.97,2.86,980.41,61.56,531.91
2026-02-27T13:40:00Z,64.22,1970.02,171.77,1216.23,58.02,1869.17,174.48,920.01,70.53,1934.96,172.68,1101.16,51.86,1904.08,172.63,769.90,321.44,79.74,100.20,292.37,1857.00,3555.19,2.54,152.11,155.65,641.12,3.22,968.63,62.98,531.81
2026-02-27T13:50:00Z,64.03,1975.21,171.66,1216.07,57.87,1881.80,174.59,915.97,70.67,1926.18,172.14,1098.28,52.05,1895.52,172.98,791.10,325.36,82.81,99.85,290.22,1852.65,3558.89,2.47,149.85,158.82,650.33,2.95,977.44,63.30,533.10
2026-02-27T14:00:00Z,63.95,1981.21,171.65,1216.58,57.26,1893.57,174.17,909.83,70.98,1931.51,172.50,1097.85,51.84,1898.63,173.14,793.02,325.63,81.92,99.53,293.85,1864.49,3556.81,2.57,151.43,156.15,646.18,3.17,973.00,63.92,524.57
2026-02-27T14:10:00Z,64.17,1969.30,172.00,1221.92,57.29,1891.03,173.98,914.55,70.82,1938.31,173.33,1105.20,51.91,1901.33,173.14,790.14,327.32,80.71,99.73,297.57,1865.80,3541.76,2.54,148.68,157.17,647.42,3.17,977.43,61.78,537.66
2026-02-27T14:20:00Z,64.29,1962.31,172.16,1219.90,57.21,1895.85,173.11,906.06,70.80,1937.73,173.59,1109.92,52.19,1897.86,172.63,793.21,324.72,79.54,99.80,294.46,1866.11,3548.54,2.69,151.36,157.24,646.65,3.08,985.57,61.45,539.23
2026-02-27T14:30:00Z,64.48,1965.50,172.45,1236.12,57.23,1897.09,173.65,885.44,70.95,1935.60,173.72,1115.47,51.41,1908.77,172.60,785.94,324.37,81.50,99.72,293.51,1853.04,3548.74,2.13,151.20,159.03,643.12,2.91,976.41,61.01,535.84
2026-02-27T14:40:00Z,64.38,1970.45,171.81,1242.03,57.01,1904.04,173.18,871.49,70.72,1922.44,173.06,1117.75,51.06,1908.37,173.39,790.55,328.87,80.52,99.82,294.05,1868.94,3549.56,2.56,150.96,158.09,642.42,2.91,984.85,61.34,532.74
2026-02-27T14:50:00Z,64.33,1973.92,172.58,1242.81,56.81,1899.33,173.27,877.56,70.68,1934.03,172.86,1093.96,51.02,1918.74,173.07,778.10,327.47,78.85,100.26,293.65,1869.15,,2.44,151.86,157.96,647.16,2.86,984.61,61.72,542.67
2026-02-27T15:00:00Z,64.14,1974.53,171.74,1225.63,56.90,1908.91,173.19,882.21,70.44,1940.41,172.41,1089.05,51.10,1930.18,172.80,773.18,328.41,81.49,99.21,296.45,1856.14,3552.47,2.40,149.83,159.91,649.60,2.89,975.70,61.14,540.61
2026-02-27T15:10:00Z,63.85,1969.40,171.29,1217.85,57.35,1903.85,174.29,885.64,70.50,1947.79,172.88,1072.86,51.07,1926.21,172.18,774.98,328.20,80.53,99.08,294.36,1863.62,3543.14,2.56,151.23,156.08,642.77,2.88,984.59,60.21,528.66
2026-02-27T15:20:00Z,64.07,1981.96,170.98,1222.95,57.28,1903.67,173.99,877.60,70.51,1947.60,173.28,1077.00,50.72,1945.19,172.36,771.24,317.76,78.22,98.86,283.95,1848.92,3552.45,2.31,149.57,153.24,642.18,2.78,971.26,59.50,536.75
2026-02-27T15:30:00Z,64.09,1970.67,171.63,1228.40,57.48,1882.79,173.76,872.53,70.60,1930.61,172.09,1090.67,51.15,1930.86,172.70,776.64,321.86,78.53,98.12,288.34,1852.93,3546.87,2.43,150.70,158.64,642.16,3.09,980.99,59.57,535.39
2026-02-27T15:40:00Z,64.63,1961.23,171.82,1233.27,57.24,1898.64,173.63,863.05,70.20,1940.31,172.22,1077.90,51.30,1922.30,173.28,776.81,325.99,79.00,98.12,292.41,1867.79,3557.75,2.46,150.10,157.51,645.95,3.25,981.52,59.64,537.93
2026-02-27T15:50:00Z,64.76,1959.32,171.83,1237.41,56.95,1908.35,173.56,857.96,70.31,1941.02,172.60,1086.20,51.34,1926.18,173.05,777.27,329.97,80.05,98.51,295.85,1852.58,3542.57,2.70,149.57,156.94,648.08,2.71,970.58,60.33,548.14
2026-02-27T16:00:00Z,64.52,1964.90,171.05,1239.28,57.27,1897.97,173.16,871.76,70.09,1943.09,173.51,1093.67,51.11,1936.00,172.33,755.08,326.91,80.88,98.49,293.81,1863.90,3539.92,2.61,150.21,160.59,648.49,2.91,980.72,60.21,547.86
2026-02-27T16:10:00Z,64.59,1962.24,171.73,1227.73,57.50,1885.46,172.90,883.45,70.27,1957.91,172.91,1083.87,50.98,1940.00,172.57,769.52,325.35,77.99,98.11,293.85,1865.06,3557.99,2.72,150.28,159.00,641.19,3.13,980.55,59.43,539.12
2026-02-27T16:20:00Z,64.39,1969.58,172.58,1226.06,57.49,1891.33,173.23,874.55,70.53,1943.45,172.34,1076.26,51.20,1932.25,173.10,768.45,322.31,77.80,98.84,288.70,1849.40,3556.09,2.37,151.19,155.47,643.97,3.00,973.43,59.36,547.82
2026-02-27T16:30:00Z,64.06,1978.90,172.77,1228.13,57.42,1892.86,173.31,876.19,70.58,1942.63,172.68,1077.50,51.10,1928.98,172.63,766.58,318.74,79.88,99.16,288.41,1850.95,3565.50,2.40,150.21,155.23,637.68,2.66,981.68,58.67,523.68
2026-02-27T16:40:00Z,64.12,1978.57,171.57,1226.89,57.23,1886.19,173.76,872.85,70.52,1938.46,172.86,1070.77,51.69,1923.26,173.31,765.51,322.37,78.58,99.25,287.80,1855.60,3553.69,2.39,151.83,155.44,648.86,3.03,978.91,60.30,541.70
2026-02-27T16:50:00Z,64.12,1977.91,170.46,1227.79,57.32,1892.39,174.20,873.90,70.93,1937.82,172.79,1084.26,52.06,1904.12,174.05,798.83,323.45,80.90,99.73,289.92,1862.50,3558.33,2.34,150.16,160.34,651.25,3.12,982.57,61.75,549.30
2026-02-27T17:00:00Z,63.77,1984.21,171.31,1198.43,57.30,1893.58,174.75,883.91,,1924.22,172.30,1080.28,52.36,1898.76,173.54,791.78,319.04,79.86,98.98,285.92,1846.48,3549.03,2.54,149.25,156.30,642.40,3.36,975.64,60.75,537.83
2026-02-27T17:10:00Z,63.76,1987.43,171.29,1207.05,57.36,1897.63,173.61,891.96,71.28,1918.50,172.72,1113.25,52.12,1896.70,173.13,806.57,330.99,78.04,99.86,298.47,1867.65,3557.81,2.46,151.36,160.90,649.72,3.27,985.67,60.70,548.85
2026-02-27T17:20:00Z,63.41,1996.12,171.33,1199.56,57.49,1882.80,173.98,887.13,71.08,1921.46,173.23,1106.33,51.84,1897.42,173.72,809.19,329.54,78.87,99.15,296.84,1868.05,3565.37,2.35,150.45,160.82,653.71,3.13,986.55,62.32,537.37
2026-02-27T17:30:00Z,63.33,1987.50,171.27,1205.73,57.44,1892.51,173.18,885.79,71.27,1924.79,172.63,1106.78,51.49,1914.07,173.84,792.74,324.37,78.37,99.81,293.10,1853.76,3554.17,2.48,150.96,157.47,640.26,3.40,972.89,61.82,529.59
2026-02-27T17:40:00Z,63.22,1995.80,170.87,1198.74,57.73,1890.40,173.00,871.16,71.62,1913.14,172.38,1112.69,51.51,1914.28,173.97,787.82,330.37,78.55,99.30,299.45,1873.47,3547.83,2.48,151.04,157.81,644.09,3.17,980.76,61.88,531.52
2026-02-27T17:50:00Z,63.07,1993.70,170.06,1185.00,57.39,1902.37,173.27,872.29,71.29,1911.05,173.01,1127.49,51.42,1907.39,174.05,782.52,326.08,80.30,98.76,292.74,1868.80,3553.13,2.43,150.87,160.28,649.77,3.07,985.99,62.42,538.67
2026-02-27T18:00:00Z,63.18,2001.05,170.14,1169.30,57.43,1895.90,172.76,875.21,71.31,1908.96,173.76,1119.60,51.00,1918.13,173.52,778.70,329.08,80.14,98.95,295.01,1858.72,3551.13,2.40,150.41,158.81,646.77,2.98,987.59,61.22,552.01
2026-02-27T18:10:00Z,63.43,1986.66,170.44,1183.70,57.51,1890.27,173.33,877.62,71.33,1912.13,173.01,1122.86,51.42,1911.62,174.78,795.59,323.40,80.91,99.77,287.81,1852.29,3564.70,2.50,150.00,156.00,644.12,3.00,980.08,59.66,535.76
2026-02-27T18:20:00Z,63.66,1977.34,170.33,1202.90,57.22,1900.58,173.70,871.72,71.34,1926.35,172.89,1122.51,51.89,1896.31,174.08,800.05,329.24,79.62,100.40,296.15,1873.33,3558.70,2.54,150.57,161.09,653.93,2.99,988.81,60.11,548.10
2026-02-27T18:30:00Z,63.47,1988.15,170.11,1203.13,57.63,1882.38,173.41,903.29,71.29,1923.95,173.21,1129.24,52.26,1886.52,174.59,812.06,328.36,81.20,100.01,297.01,1865.57,3560.06,2.24,150.13,157.28,648.26,2.78,984.80,61.18,528.31
2026-02-27T18:40:00Z,63.73,1987.63,170.63,1208.04,57.63,1893.16,173.28,900.06,70.87,1922.69,173.13,1111.66,52.52,1884.07,174.76,822.91,328.23,80.57,100.68,293.33,1861.58,3550.99,2.43,150.45,156.92,639.48,2.96,978.03,61.41,536.19
2026-02-27T18:50:00Z,63.62,1981.23,170.10,1207.69,57.66,1882.33,174.12,892.43,70.99,1921.29,172.83,1106.12,52.36,1894.73,174.55,820.33,324.84,81.67,99.55,289.28,1859.14,3536.18,2.21,150.66,157.79,642.23,2.90,977.13,61.07,526.76
2026-02-27T19:00:00Z,64.31,1972.62,170.00,1227.07,57.86,1879.47,174.26,910.37,70.57,1930.40,172.56,1107.29,52.15,1893.27,173.71,824.59,329.59,81.35,99.72,293.45,1853.45,3546.59,2.48,149.48,158.92,641.45,3.04,978.17,61.55,529.37
2026-02-27T19:10:00Z,64.15,1970.40,170.48,1219.06,57.73,1871.69,174.24,897.60,71.15,1924.91,172.65,1122.41,52.08,1888.67,173.98,818.95,328.89,81.90,99.72,296.15,1856.14,3548.51,2.32,151.46,160.28,650.90,3.20,978.06,63.45,532.52
2026-02-27T19:20:00Z,64.27,1967.83,170.79,1223.67,57.61,1880.74,174.56,892.43,71.50,1918.24,173.20,1111.37,52.12,1888.60,174.56,831.14,331.65,80.45,100.06,296.52,1861.22,3538.25,2.57,150.27,160.04,643.40,2.51,979.96,62.74,531.27
2026-02-27T19:30:00Z,64.54,1961.84,170.73,1234.78,57.79,1875.36,174.13,901.51,71.72,1904.72,173.26,1129.26,51.97,1888.36,174.23,831.65,334.42,85.15,99.84,302.08,1874.18,3559.76,2.57,151.67,162.82,660.97,3.10,982.52,62.98,545.69
2026-02-27T19:40:00Z,64.75,1961.15,170.93,1231.89,57.39,1896.91,174.28,898.71,71.76,1905.17,173.51,1145.25,51.98,1903.18,173.77,826.13,334.52,84.67,99.44,300.47,1865.53,3555.61,2.75,149.96,160.40,650.31,3.24,977.93,61.41,550.21
2026-02-27T19:50:00Z,64.55,1961.54,171.69,1235.68,57.50,1889.70,173.56,908.20,72.20,1896.15,173.93,1134.83,51.87,1904.49,174.74,822.89,335.35,81.19,99.80,302.91,1878.29,3557.54,2.54,149.63,166.19,655.48,2.90,993.30,60.68,535.52
2026-02-27T20:00:00Z,64.75,1955.84,172.27,1243.26,57.15,1896.00,173.63,903.63,72.10,1893.00,173.95,1135.00,51.90,1908.00,174.76,815.76,329.24,84.73,98.81,292.95,1861.13,3538.19,2.72,150.08,162.17,648.43,2.80,978.56,61.20,538.21
2026-02-27T20:10:00Z,64.97,1954.10,172.49,1263.61,57.12,1900.41,174.27,889.21,72.58,1894.55,173.41,1156.71,51.67,1920.35,174.08,806.96,329.10,82.01,100.09,295.81,1863.84,3548.44,2.50,151.20,158.62,640.58,3.39,980.54,60.34,528.78
2026-02-27T20:20:00Z,64.66,1963.29,172.25,1242.69,57.16,1905.20,174.16,889.84,72.68,1889.36,173.65,1173.82,52.00,1912.83,174.04,795.64,331.85,82.96,100.07,299.89,1870.58,3561.23,2.54,152.73,159.56,651.40,2.78,985.97,61.22,543.81
2026-02-27T20:30:00Z,64.88,1955.25,171.39,1237.36,56.95,1905.62,173.50,882.31,72.77,1885.47,174.11,1165.06,51.99,1901.82,173.65,812.92,336.28,83.53,99.57,301.79,1872.69,3552.53,2.47,150.87,164.22,654.42,2.88,987.66,60.96,547.61
2026-02-27T20:40:00Z,64.91,1963.44,171.65,1249.37,57.05,1911.19,173.31,879.65,72.50,1887.11,174.25,1161.43,52.18,1880.92,174.05,806.76,336.99,82.49,99.85,303.18,1859.33,3533.21,2.63,150.60,166.21,655.22,3.04,980.39,61.24,551.83
2026-02-27T20:50:00Z,64.79,1960.15,172.15,1249.17,57.15,1904.37,173.39,880.54,72.54,1891.72,173.79,1169.60,52.34,1881.39,173.73,811.58,330.00,81.97,99.69,299.63,1868.52,3549.27,2.68,152.23,158.48,648.79,2.68,986.64,61.40,536.24
2026-02-27T21:00:00Z,64.89,1956.81,172.57,1236.96,57.35,1902.78,173.30,876.54,72.58,1892.28,174.06,1167.98,52.34,1886.31,173.84,809.15,332.89,80.59,100.34,300.62,1871.07,3552.41,2.39,151.53,161.29,654.62,3.34,987.62,60.74,557.08
2026-02-27T21:10:00Z,64.57,1967.27,172.00,1225.12,57.55,1894.67,172.94,879.53,72.81,1883.25,174.74,1169.18,52.11,1891.60,173.69,824.29,329.83,82.13,99.31,299.03,1867.28,3564.66,2.82,149.71,161.39,643.44,3.19,982.27,59.81,526.19
2026-02-27T21:20:00Z,64.19,1972.21,171.54,1219.54,57.57,1884.57,172.55,884.42,72.61,1889.90,174.71,1167.49,51.92,1895.57,173.85,819.20,332.44,82.47,99.30,296.53,1855.93,3551.45,2.58,150.83,159.99,641.73,3.18,984.49,60.42,530.64
2026-02-27T21:30:00Z,64.26,1968.36,171.82,1234.48,57.99,1870.57,173.52,903.63,72.45,1895.56,174.93,1178.17,51.92,1903.95,174.08,821.40,338.15,86.72,99.31,298.88,1864.92,3549.19,2.50,149.70,165.08,651.56,2.80,976.70,62.59,544.76
2026-02-27T21:40:00Z,64.15,1986.59,171.45,1228.52,57.61,1873.08,174.35,894.85,72.75,1894.14,174.45,1175.30,51.78,1902.61,173.41,811.02,332.91,82.79,99.71,299.73,1866.71,3538.34,2.58,150.05,161.22,649.93,2.86,984.23,60.70,530.32
2026-02-27T21:50:00Z,64.86,1963.60,170.96,1239.55,57.90,1876.61,175.14,904.53,72.55,1895.27,174.56,1168.31,52.28,1903.43,173.34,816.72,331.18,82.30,98.85,295.91,1871.83,3548.32,2.44,150.44,159.64,649.26,2.76,985.48,61.00,531.60
2026-02-27T22:00:00Z,64.64,1955.47,170.74,1246.68,57.90,1883.44,174.47,903.63,72.68,1886.82,174.61,1172.24,52.12,1897.14,173.51,811.99,330.02,84.97,99.26,297.65,1871.85,3564.61,2.46,151.07,162.14,650.92,2.82,988.45,60.84,538.46
2026-02-27T22:10:00Z,65.21,1949.46,171.69,1246.96,57.58,1890.29,173.69,903.34,72.48,1883.18,174.27,1186.82,52.18,1891.97,173.95,821.13,332.65,85.05,100.15,304.86,1872.63,3563.39,2.67,150.77,159.95,644.16,2.80,980.20,61.87,539.03
2026-02-27T22:20:00Z,65.27,1942.71,172.16,1257.73,57.67,1881.85,173.49,898.86,72.49,1886.85,174.19,1186.90,51.99,1890.72,173.82,823.27,333.00,84.08,100.51,299.45,1864.34,3546.97,2.69,150.18,164.03,648.83,2.79,978.70,61.92,532.46
2026-02-27T22:30:00Z,65.26,1938.28,172.59,1266.86,57.84,1879.27,173.61,909.89,72.75,1879.30,173.51,1183.63,52.13,1890.30,173.53,826.55,336.31,87.53,100.57,302.40,1871.33,3548.82,2.55,150.07,163.29,665.28,2.88,994.65,62.31,549.23
2026-02-27T22:40:00Z,65.39,1935.57,171.87,1264.13,57.59,1880.65,173.59,910.87,72.83,1871.98,173.59,1186.41,52.20,1881.96,173.46,816.26,336.22,85.78,99.30,302.94,1867.39,3551.79,2.65,150.85,165.41,646.74,2.97,985.22,61.00,535.34
2026-02-27T22:50:00Z,65.63,1932.28,172.40,1282.60,57.40,1886.91,174.20,896.92,72.56,1874.32,174.13,1193.31,51.75,1893.05,173.07,802.64,337.87,83.62,100.46,304.85,1875.95,3559.68,2.52,149.04,165.40,658.22,2.95,987.48,60.82,535.59
2026-02-27T23:00:00Z,65.39,1942.15,172.47,1260.90,57.45,1885.48,173.77,907.34,72.35,1880.02,174.37,1192.37,51.52,1903.01,172.96,800.51,336.01,83.39,99.98,300.46,1861.67,3560.24,2.64,149.03,164.90,647.21,2.89,988.13,61.65,536.28
2026-02-27T23:10:00Z,65.18,1938.48,172.83,1267.64,57.41,1879.26,173.75,899.59,72.33,1878.50,174.39,1188.81,51.90,1905.57,173.16,800.69,336.48,82.96,100.34,303.83,1871.50,3562.10,2.33,151.21,165.39,656.72,2.78,989.70,60.59,546.63
2026-02-27T23:20:00Z,65.10,1945.14,171.85,1262.99,57.74,1882.92,173.58,892.24,72.05,1888.67,174.40,1170.87,52.12,1901.63,172.94,803.82,341.10,83.11,100.14,306.28,1877.27,3561.31,2.49,151.28,166.83,657.64,3.22,990.46,60.88,545.30
2026-02-27T23:30:00Z,65.13,1945.31,171.59,1272.33,57.56,1894.14,173.98,883.04,72.07,1886.72,174.12,1169.97,52.38,1903.08,173.31,800.77,335.50,85.04,99.14,300.13,1874.49,3530.96,2.50,150.31,163.13,653.58,2.61,984.70,60.82,549.94
2026-02-27T23:40:00Z,65.33,1942.16,172.48,1269.58,57.05,1906.94,173.36,881.07,72.13,1889.42,173.89,1155.90,52.19,1888.13,173.61,817.40,333.55,83.05,99.38,296.35,1859.01,3551.05,2.63,150.52,162.59,643.00,2.72,976.69,62.52,538.96
2026-02-27T23:50:00Z,65.03,1945.56,172.54,1254.86,56.81,1913.41,173.42,868.22,72.38,1890.21,173.67,1148.26,51.72,1898.95,173.97,812.91,333.10,79.78,99.99,302.11,1865.60,3548.14,2.12,150.21,161.05,644.50,2.97,975.44,60.72,528.83
2026-02-28T00:00:00Z,64.42,1954.46,172.54,1255.42,56.69,1894.82,173.46,876.67,72.75,1890.72,173.86,1155.29,51.30,1909.42,173.56,795.94,332.04,79.97,99.83,299.17,1870.72,3546.23,2.35,151.18,161.47,651.55,2.94,982.40,60.56,552.87
2026-02-28T00:10:00Z,63.43,1986.17,171.91,1220.70,56.49,1905.43,173.62,873.53,72.78,1892.80,173.49,1165.68,51.47,1914.75,174.06,806.82,332.87,81.42,99.74,300.59,1869.71,3551.62,2.67,150.87,161.37,648.17,2.87,987.17,59.78,539.18
2026-02-28T00:20:00Z,62.81,2001.17,171.78,1203.71,56.39,1916.57,173.14,862.89,72.80,1882.44,173.34,1153.12,51.08,1912.92,173.57,783.15,326.25,81.73,99.65,290.30,1854.92,3551.22,2.16,152.30,158.96,647.83,2.79,975.20,61.25,537.66
2026-02-28T00:30:00Z,61.90,2009.73,171.36,1183.95,56.71,1913.38,173.70,867.72,72.67,1881.58,173.27,1159.44,51.38,1918.60,173.12,792.31,331.96,80.92,99.96,299.85,1866.20,3542.17,2.45,150.93,160.82,644.96,2.94,975.47,60.27,538.66
2026-02-28T00:40:00Z,61.30,2028.66,171.13,1156.49,56.78,1909.68,173.65,867.20,73.01,1875.60,173.84,1167.47,51.41,1918.97,173.00,792.15,325.13,81.94,100.09,290.98,1860.94,3548.21,2.56,149.78,158.52,638.61,2.88,982.78,59.28,523.38
2026-02-28T00:50:00Z,60.94,2043.19,170.35,1129.33,57.24,1911.78,173.56,863.74,72.74,1866.20,174.60,1167.51,51.63,1913.44,172.88,784.97,327.90,80.12,100.04,293.25,1860.84,3544.26,2.34,149.91,159.60,645.60,3.33,976.88,60.89,527.43
2026-02-28T01:00:00Z,60.09,2068.65,169.37,1111.90,57.02,1907.76,173.49,864.45,72.90,1876.69,174.55,1182.45,51.66,1914.02,173.15,796.82,329.52,79.07,99.63,298.03,1861.25,3562.02,2.61,150.16,159.55,655.65,3.16,985.63,59.67,545.03
2026-02-28T01:10:00Z,59.61,2084.80,169.14,1102.00,56.58,1914.66,172.71,856.28,72.61,1880.65,174.66,1161.33,51.55,1898.16,173.48,804.73,328.77,78.61,99.01,292.09,1864.17,3561.72,2.61,152.88,161.90,661.82,3.35,979.54,60.19,555.31
2026-02-28T01:20:00Z,58.77,2101.01,168.30,1059.79,56.43,1910.98,173.01,852.89,72.48,1887.64,173.97,1160.47,51.01,1921.17,,795.49,325.02,78.95,99.45,295.03,1856.03,3537.52,2.59,149.38,155.22,638.23,2.99,973.78,62.05,540.58
2026-02-28T01:30:00Z,58.52,2105.78,168.12,1051.54,56.69,1917.74,172.77,861.77,72.32,1902.40,174.10,1154.25,51.15,1922.06,173.01,762.12,319.14,79.80,98.48,287.38,1860.32,3549.54,2.75,151.60,152.11,643.37,2.50,983.79,62.18,536.11
2026-02-28T01:40:00Z,57.91,2121.23,167.76,1030.42,56.67,1920.62,173.29,864.83,72.07,1902.93,174.50,1148.29,51.17,1938.26,172.95,768.42,314.71,77.07,98.53,280.88,1851.25,3531.91,2.75,150.42,150.82,641.63,2.68,981.70,62.19,542.54
2026-02-28T01:50:00Z,57.50,2131.99,167.31,1007.46,56.95,1918.87,173.40,863.78,71.92,1903.46,174.15,1148.49,50.70,1950.08,173.11,764.65,313.61,74.68,98.70,284.58,1864.45,3550.95,2.21,150.55,152.99,643.09,2.99,976.41,62.11,541.58
2026-02-28T02:00:00Z,57.05,2136.08,166.93,1018.30,57.29,1900.19,173.28,871.36,72.11,1906.35,174.39,1135.65,50.46,1945.99,172.55,735.97,314.58,76.20,99.21,278.96,1851.26,3555.13,2.34,149.36,153.29,637.15,3.38,964.40,61.20,525.59
2026-02-28T02:10:00Z,56.77,2148.53,166.96,990.57,57.04,1905.04,173.25,871.61,71.85,1910.14,174.09,1136.93,50.33,1953.87,172.01,741.77,309.73,73.85,98.85,282.03,1855.15,3539.15,2.65,151.52,147.55,631.82,3.04,974.92,61.02,519.33
2026-02-28T02:20:00Z,56.20,2171.24,167.02,957.75,57.04,1895.43,172.65,874.55,72.10,1895.73,173.51,1139.00,50.07,1948.65,171.56,725.01,309.64,73.25,98.50,277.09,1842.08,3552.37,2.53,149.62,150.12,639.65,2.72,971.90,60.05,537.83
2026-02-28T02:30:00Z,56.11,2172.87,167.09,952.63,57.33,1898.06,174.04,876.95,72.46,1896.11,174.19,1141.83,49.75,1958.61,171.55,721.80,309.02,72.31,98.44,280.66,1850.92,3542.75,2.55,150.62,153.02,632.71,2.84,968.76,61.38,527.44
2026-02-28T02:40:00Z,55.71,2173.92,166.23,940.13,57.62,1887.45,174.63,890.37,72.84,1881.69,174.22,1153.85,49.04,1974.06,171.64,707.90,313.26,72.56,99.44,281.44,1852.21,3549.56,2.61,151.61,152.03,642.16,2.59,980.31,61.76,531.62
2026-02-28T02:50:00Z,55.30,2192.47,166.24,917.64,57.77,1891.95,174.29,893.67,72.96,1884.27,173.61,1164.92,48.86,1971.02,170.77,704.79,316.80,73.45,99.66,287.35,1855.45,3553.87,2.42,151.78,155.29,643.18,2.94,983.55,61.91,536.35
2026-02-28T03:00:00Z,54.69,2202.27,165.66,907.43,57.41,1886.94,173.54,880.70,72.93,1881.24,173.62,1175.29,48.99,1958.67,171.23,712.51,315.81,73.53,99.09,283.25,1849.70,3530.68,2.79,150.57,151.89,640.93,2.88,974.08,61.45,541.94
2026-02-28T03:10:00Z,54.48,2205.34,165.05,899.41,57.92,1883.80,173.52,903.56,73.30,1884.61,173.88,1180.88,49.27,1959.03,171.56,706.00,316.39,72.86,98.36,288.01,1853.37,3544.81,2.41,149.27,151.14,644.12,3.19,979.55,61.60,532.36
2026-02-28T03:20:00Z,54.11,2223.09,165.44,890.69,57.74,1890.52,173.52,889.18,73.40,1870.17,174.13,1195.75,49.64,1956.71,171.21,713.43,316.49,73.29,98.41,283.70,1848.57,3547.34,2.48,149.52,153.99,637.22,2.71,970.96,60.43,520.08
2026-02-28T03:30:00Z,54.02,2226.20,164.40,876.20,57.72,1892.94,173.77,911.14,73.59,1859.73,174.52,1211.07,49.59,1949.02,171.56,705.63,307.50,76.14,98.28,277.06,1847.87,3553.38,2.35,150.70,147.28,632.93,2.97,968.97,60.19,519.44
2026-02-28T03:40:00Z,53.89,2221.64,165.23,870.10,57.67,1886.35,174.24,921.71,73.62,1869.80,174.80,1209.53,49.75,1958.78,171.36,702.61,307.68,75.15,99.18,278.68,1852.40,3551.13,2.49,151.46,149.63,629.55,2.70,978.11,60.18,524.51
2026-02-28T03:50:00Z,53.70,2229.17,165.04,870.11,57.57,1889.69,174.47,905.48,73.59,1871.52,174.67,1205.47,49.72,1954.78,171.94,,307.69,76.11,98.73,276.82,1844.44,3548.00,2.43,151.14,146.22,631.96,3.18,975.60,59.77,537.57
2026-02-28T04:00:00Z,53.18,2253.64,164.25,840.15,57.06,1896.83,173.67,881.23,73.30,1867.07,174.53,1201.56,49.96,1949.27,171.72,718.41,313.02,74.22,99.38,282.39,1856.32,3548.04,2.54,150.71,152.24,634.09,2.90,978.12,58.92,524.56
2026-02-28T04:10:00Z,52.79,2251.49,163.82,851.67,57.05,1903.99,173.46,897.29,73.37,1859.39,174.56,1197.70,49.57,1948.51,171.77,730.35,307.15,73.13,98.83,277.04,1844.67,3577.97,2.74,151.80,148.65,641.75,2.98,970.47,58.95,528.38
2026-02-28T04:20:00Z,52.85,2251.36,164.39,847.86,56.90,1905.76,173.50,900.34,73.27,1860.40,174.51,1199.09,49.57,1946.27,171.80,719.89,311.65,75.88,98.94,283.40,1860.46,3537.42,2.64,150.19,152.62,639.08,2.91,979.72,59.80,537.26
2026-02-28T04:30:00Z,52.63,2264.59,164.29,824.89,57.11,1905.35,173.71,890.09,73.09,1878.98,174.64,1197.20,49.51,1956.73,171.20,734.34,312.05,74.04,99.09,282.68,1853.45,3546.45,2.41,151.72,150.44,638.26,2.63,985.61,59.01,530.37
2026-02-28T04:40:00Z,52.64,2267.11,164.19,822.18,57.54,1893.10,173.67,882.49,73.44,1868.71,174.69,1194.12,49.37,1963.40,171.92,716.27,312.79,73.90,99.18,282.72,1857.06,3543.83,2.70,150.30,150.97,642.35,3.32,978.96,60.03,529.20
2026-02-28T04:50:00Z,52.56,2262.87,164.93,824.95,57.58,1878.67,173.57,895.77,73.55,1870.87,174.23,1194.60,49.34,1978.36,171.50,707.23,305.34,72.05,98.88,274.02,1842.14,3551.08,2.54,147.71,150.52,639.66,2.96,967.93,61.69,535.13
2026-02-28T05:00:00Z,52.64,2264.46,164.19,822.23,57.71,1873.57,173.87,893.90,73.30,1862.40,174.13,1179.42,49.36,1970.27,171.83,705.56,305.30,72.09,97.63,273.11,1847.84,3557.85,2.32,150.30,145.71,630.60,3.28,970.29,60.81,523.92
2026-02-28T05:10:00Z,52.32,2269.23,163.77,820.62,57.76,1880.92,173.51,901.81,73.28,1873.72,174.18,1184.98,49.36,1950.76,171.41,702.44,303.42,71.03,97.94,272.00,1838.81,3556.46,2.62,151.08,149.60,630.68,2.97,970.40,62.49,517.58
2026-02-28T05:20:00Z,52.02,2274.16,163.34,803.67,57.76,1881.09,174.20,899.64,73.60,1862.14,173.84,1189.69,49.79,1961.42,171.35,715.28,303.63,72.86,97.89,272.77,1841.87,3544.49,2.42,149.43,148.00,639.78,2.66,972.63,60.47,535.23
2026-02-28T05:30:00Z,51.83,2271.18,163.00,784.23,57.87,1878.54,174.37,900.01,73.69,1858.74,173.86,1204.82,49.64,1963.90,171.41,706.65,308.48,74.55,98.21,277.74,1841.20,3552.62,2.51,149.36,148.58,635.23,3.14,965.83,62.15,530.22
2026-02-28T05:40:00Z,52.26,2261.96,162.82,791.23,57.83,1875.39,174.15,907.92,73.94,1855.91,174.00,1196.83,49.69,1964.90,171.74,714.65,309.49,73.55,97.93,280.85,1851.42,3550.88,2.27,151.12,148.72,627.59,2.93,981.68,60.90,519.62
2026-02-28T05:50:00Z,52.32,2279.15,163.13,801.60,57.50,1873.17,174.37,907.61,74.12,1852.51,174.33,1204.33,49.14,1971.38,171.04,698.30,306.27,72.13,98.40,272.58,1845.36,3545.53,2.81,151.33,148.10,637.91,2.90,974.82,61.03,525.54
2026-02-28T06:00:00Z,51.86,2287.40,163.12,775.10,57.58,1875.18,173.96,906.22,73.89,1853.32,174.79,1204.17,49.23,1965.89,171.20,702.51,307.21,71.97,99.32,274.11,1837.64,3552.64,2.61,149.23,147.84,633.01,3.03,965.89,61.34,528.26
2026-02-28T06:10:00Z,51.48,2288.42,163.23,760.81,58.00,1877.60,174.41,900.14,74.15,1851.26,175.60,1236.15,49.02,1963.16,171.50,707.74,301.32,72.89,98.49,276.24,1851.85,3548.42,2.60,148.78,146.94,629.11,3.08,977.54,60.96,524.90
2026-02-28T06:20:00Z,51.35,2291.85,162.83,754.40,58.03,1882.95,174.62,906.82,73.96,1856.32,174.91,1226.29,48.85,1971.48,171.85,708.98,304.65,73.60,98.97,273.21,1843.45,3551.71,2.62,152.39,147.83,633.31,2.89,965.06,60.76,529.17
2026-02-28T06:30:00Z,51.46,2295.04,162.26,765.20,58.12,1872.12,174.89,909.35,74.20,1850.57,175.11,1219.57,49.08,1964.65,172.35,709.58,314.30,72.80,98.44,282.54,1861.97,3566.38,2.70,151.87,152.47,636.33,2.95,984.43,60.04,534.90
2026-02-28T06:40:00Z,51.20,2289.98,161.80,761.20,58.30,1868.23,174.55,922.34,74.44,1840.96,175.13,1241.02,49.34,1968.80,170.98,699.44,311.85,74.94,98.66,280.57,1860.02,3540.87,2.34,149.22,151.13,636.91,2.95,977.87,60.50,520.69
2026-02-28T06:50:00Z,51.03,2295.48,161.63,762.41,57.83,1867.50,174.81,900.43,74.41,1838.84,175.02,1251.27,49.36,1965.02,171.51,716.71,308.86,75.26,98.82,278.96,1852.68,3546.18,2.40,151.46,150.46,631.30,3.32,979.86,59.68,520.10
2026-02-28T07:00:00Z,50.98,2301.29,161.88,755.42,58.06,1885.08,174.78,905.27,74.41,1841.95,175.34,1238.70,49.19,1974.51,171.26,712.15,312.02,76.96,98.01,278.83,1844.17,3550.18,2.55,149.13,149.04,631.09,3.07,972.93,59.62,524.97
2026-02-28T07:10:00Z,50.81,2306.33,162.01,762.51,58.09,1875.13,174.48,907.33,,1830.06,177.03,1256.20,49.63,1961.55,171.70,712.63,310.71,74.33,98.16,280.36,1858.17,3546.56,2.44,151.47,149.79,632.58,2.98,976.59,60.65,525.62
2026-02-28T07:20:00Z,50.75,2306.59,161.41,736.93,57.79,1871.32,174.40,916.67,74.61,1827.90,177.15,1270.05,49.64,1959.95,170.92,713.95,307.75,74.65,97.89,277.58,1855.65,3562.96,2.37,152.26,148.68,629.28,3.22,978.41,60.18,516.42
2026-02-28T07:30:00Z,50.70,2304.17,161.78,748.27,57.87,1877.45,174.22,909.28,74.73,1837.33,177.25,1246.27,50.00,1944.82,171.37,728.01,303.44,75.59,97.50,273.22,1849.41,3549.63,2.72,150.71,147.21,627.53,3.04,974.74,60.67,530.54
2026-02-28T07:40:00Z,50.63,2303.78,162.23,744.90,57.66,1865.95,175.04,914.59,74.60,1832.62,176.57,1247.54,50.35,1939.63,171.73,741.19,308.04,76.08,97.92,277.42,1846.70,3545.04,2.44,151.15,146.52,629.44,3.06,976.55,58.91,519.46
2026-02-28T07:50:00Z,50.51,2308.68,161.86,758.04,57.37,1877.02,174.70,904.12,74.27,1842.66,176.07,1225.58,50.62,1938.21,171.94,747.87,308.01,75.50,97.88,274.01,1851.00,3548.16,2.63,150.88,148.54,636.26,2.77,970.07,60.11,528.82
2026-02-28T08:00:00Z,50.48,2306.34,161.45,747.87,57.37,1884.15,173.84,913.92,74.50,1849.15,175.36,1215.58,50.62,1938.66,172.19,761.92,307.10,75.72,97.83,274.73,1842.45,3537.12,2.53,150.77,148.78,636.36,3.27,967.51,60.30,531.69
2026-02-28T08:10:00Z,50.31,2299.87,161.62,736.19,57.76,1880.50,173.80,902.18,74.32,1839.12,175.20,1222.75,50.78,1929.78,172.37,758.09,310.77,73.15,97.49,278.39,1845.22,3542.67,2.44,149.56,151.97,642.91,2.87,969.64,62.56,527.58
2026-02-28T08:20:00Z,50.32,2320.11,161.66,737.08,57.98,1875.55,173.98,909.82,73.83,1845.37,174.91,1205.49,50.58,1935.41,172.27,744.60,308.62,73.32,98.17,275.26,1848.83,3566.40,2.42,151.93,150.53,636.94,2.82,972.88,61.53,519.57
2026-02-28T08:30:00Z,50.44,2316.42,161.56,722.85,57.80,1873.81,173.49,908.71,73.42,1866.15,174.95,1208.14,50.23,1938.30,172.38,744.50,311.23,73.23,98.87,278.89,1847.55,3550.77,2.53,150.83,154.93,645.69,3.01,967.01,62.03,539.44
2026-02-28T08:40:00Z,50.60,2315.26,161.36,729.92,57.93,1881.63,174.52,904.84,73.32,1869.77,174.14,1197.00,50.37,1930.48,172.90,755.73,305.04,71.02,98.98,270.88,1850.55,3562.34,2.31,149.65,147.45,628.29,2.86,976.09,61.99,520.79
2026-02-28T08:50:00Z,50.37,2317.58,161.61,729.19,58.33,1870.55,174.53,898.18,73.43,1877.66,173.57,1188.71,50.48,1938.97,172.47,738.98,305.32,72.10,98.67,274.52,1853.04,3541.18,2.54,151.04,147.31,636.26,3.10,976.45,62.48,521.99
2026-02-28T09:00:00Z,49.98,2324.75,161.04,717.82,58.54,1858.89,174.49,915.26,73.36,1870.42,173.66,1197.30,50.42,1945.79,172.64,738.98,309.05,71.50,99.67,280.49,1857.37,3546.62,2.63,150.30,150.69,635.24,3.25,970.47,61.47,531.38
2026-02-28T09:10:00Z,49.96,2322.82,161.15,727.76,58.43,1864.44,174.20,919.71,73.16,1871.51,174.20,1198.42,50.64,1934.43,172.36,757.04,303.83,73.35,99.09,274.35,1835.72,3550.05,2.45,150.00,147.14,636.56,2.90,962.52,59.30,537.56
2026-02-28T09:20:00Z,49.85,2331.87,161.27,710.06,58.04,1874.04,174.03,920.01,73.64,1869.76,174.44,1198.51,50.60,1937.90,173.03,755.98,307.64,72.55,98.35,275.03,1846.74,3540.71,2.33,151.98,148.50,636.22,2.95,973.55,60.23,518.30
2026-02-28T09:30:00Z,49.62,2329.17,162.54,723.53,58.18,1871.01,174.28,920.57,73.25,1858.46,174.01,1208.00,50.69,1936.34,172.72,760.14,303.31,73.45,99.60,276.60,1853.65,3552.43,2.81,151.52,147.12,633.18,3.00,985.76,60.89,521.85
2026-02-28T09:40:00Z,49.10,2341.60,161.99,714.05,58.08,1863.67,173.92,919.93,73.40,1871.81,174.23,1191.78,50.75,1931.40,172.68,744.66,305.94,73.60,99.18,273.32,1850.96,3552.71,2.49,152.33,146.21,634.73,2.77,974.55,61.23,519.20
2026-02-28T09:50:00Z,49.45,2349.89,161.14,697.39,58.05,1873.33,174.01,916.12,73.78,1867.59,174.24,1191.16,50.59,1923.58,172.98,747.16,309.89,71.20,98.04,282.68,1859.01,3546.49,2.52,150.63,150.63,634.43,2.93,976.02,60.46,522.50
2026-02-28T10:00:00Z,49.32,2348.86,161.21,678.31,58.18,1873.76,174.53,924.93,73.25,1867.24,174.83,1194.10,50.66,1928.31,173.35,750.82,309.85,72.89,98.37,280.54,1850.94,3551.80,2.39,153.19,148.19,643.89,3.28,975.92,61.01,549.45
2026-02-28T10:10:00Z,49.24,2346.62,160.47,677.47,58.22,1885.42,174.58,926.74,73.27,1869.04,174.48,1177.05,50.94,1915.67,172.96,758.45,305.57,72.57,97.79,273.86,1846.59,3548.62,2.56,152.32,145.12,628.25,2.81,972.06,61.11,513.94
2026-02-28T10:20:00Z,49.18,2344.55,160.86,677.14,58.33,1869.82,174.09,915.39,73.11,1881.99,174.66,1191.60,51.19,1918.56,172.49,768.15,302.00,74.11,96.60,273.76,1832.37,3553.52,2.46,151.67,144.49,627.19,2.97,963.65,61.58,509.40
2026-02-28T10:30:00Z,49.10,2339.98,161.25,686.45,58.28,1883.67,174.10,923.78,73.61,1852.65,175.16,1206.87,51.25,1911.71,172.19,781.64,308.63,72.50,97.31,277.01,1840.10,3551.28,2.57,150.35,148.22,632.30,2.95,975.05,61.94,525.54
2026-02-28T10:40:00Z,48.86,2340.80,161.29,678.04,58.35,1878.59,174.63,925.43,73.55,1857.22,174.68,1200.82,51.08,1921.18,172.89,772.65,307.62,71.75,98.07,278.33,1856.44,3552.30,2.42,149.83,146.50,634.24,2.92,983.32,61.76,526.73
2026-02-28T10:50:00Z,49.04,2352.61,159.82,666.79,57.51,1881.67,174.70,891.50,73.94,1846.85,174.68,1211.73,51.24,1928.73,172.85,779.24,311.33,69.87,97.96,282.38,1855.77,3542.49,2.31,151.58,151.98,649.22,2.78,973.20,62.03,534.41
2026-02-28T11:00:00Z,48.75,2361.06,159.56,672.10,57.55,1886.08,174.38,901.88,74.01,1850.99,175.16,1212.82,51.39,1927.80,172.27,781.32,304.17,71.71,97.83,277.74,1850.42,3545.22,2.39,150.03,146.30,632.06,2.78,980.18,62.85,517.42
2026-02-28T11:10:00Z,48.83,2358.25,160.01,678.60,57.89,1870.48,174.55,904.31,74.23,1851.94,174.41,1211.37,51.54,1916.18,172.76,778.59,308.58,71.66,98.17,276.13,1838.72,3548.54,2.44,149.41,149.51,633.22,2.68,969.44,62.12,521.14
2026-02-28T11:20:00Z,48.74,2349.73,159.55,677.84,58.48,1878.73,174.60,921.34,74.18,1851.41,174.69,1224.59,51.48,1902.62,173.12,782.99,308.36,71.24,98.20,274.17,1847.23,3541.54,2.60,150.40,148.11,631.28,3.46,971.53,63.12,515.82
2026-02-28T11:30:00Z,49.01,2349.22,159.45,685.30,58.26,1873.07,174.42,924.39,73.80,1854.58,174.75,1201.41,51.45,1899.47,173.99,784.36,307.49,71.81,98.73,277.58,1852.08,3554.21,2.67,150.68,147.98,637.68,3.38,972.05,62.02,529.71
2026-02-28T11:40:00Z,48.87,2338.54,160.21,699.14,57.92,1882.74,173.89,904.99,73.56,1857.07,175.08,1203.69,51.53,1911.26,173.94,797.29,305.56,71.80,99.13,273.93,1837.43,3552.87,2.51,149.79,144.91,625.64,2.62,970.02,60.07,514.35
2026-02-28T11:50:00Z,48.65,2347.11,160.62,688.90,58.07,1878.19,173.89,919.61,73.74,1850.69,175.01,1210.01,51.28,1908.47,174.08,799.15,306.16,73.80,98.75,272.64,1849.48,3549.90,2.28,151.23,147.47,641.96,3.15,980.71,59.74,537.84
2026-02-28T12:00:00Z,48.36,2364.80,160.81,681.81,58.31,1878.06,174.59,925.97,73.65,1859.67,174.91,1221.92,51.68,1913.04,174.00,798.89,313.73,74.45,98.34,280.19,1849.59,3536.51,2.55,149.90,151.08,634.42,3.04,968.29,60.66,523.96
2026-02-28T12:10:00Z,48.20,2366.04,160.59,672.99,57.84,1887.34,173.86,904.19,73.48,1861.37,175.43,1216.19,52.02,1905.52,173.88,813.80,308.40,74.31,99.35,279.49,1847.29,3547.45,2.60,151.34,148.96,626.20,2.78,974.02,61.19,526.91
2026-02-28T12:20:00Z,48.35,2366.09,160.43,666.52,57.66,1877.47,174.30,898.81,73.19,1860.70,175.46,1208.60,51.78,1914.51,174.13,796.76,307.60,73.18,100.04,275.40,1849.05,3550.54,2.48,151.43,150.73,639.46,2.80,974.81,62.18,534.34
2026-02-28T12:30:00Z,48.46,2367.94,160.35,660.63,57.76,1872.47,174.48,899.50,73.01,1866.36,,1211.85,51.93,1919.36,173.26,789.13,307.65,70.72,98.26,274.05,1852.72,3554.74,2.54,150.69,150.21,637.68,2.89,979.31,61.67,532.40
2026-02-28T12:40:00Z,48.13,2367.11,159.85,666.62,57.75,1881.46,174.22,901.20,72.67,1884.44,174.07,1183.60,51.91,1911.42,173.63,784.98,301.46,70.93,98.39,267.84,1837.55,3543.29,2.55,148.06,146.73,637.25,2.94,966.15,62.68,531.45
2026-02-28T12:50:00Z,48.10,2366.34,160.69,668.54,57.95,1873.93,174.62,917.70,72.62,1876.91,174.59,1188.11,51.81,1913.97,173.78,800.28,306.54,72.71,97.92,274.65,1851.74,3543.74,2.47,151.66,147.25,628.84,2.87,978.69,60.91,529.13
2026-02-28T13:00:00Z,48.31,2370.28,160.07,666.96,57.98,1872.37,174.17,916.90,72.61,1882.35,174.03,1174.73,51.69,1910.69,172.65,784.55,304.26,72.23,98.47,273.43,1837.37,3545.67,2.40,151.20,147.35,630.78,3.25,966.53,61.10,512.53
2026-02-28T13:10:00Z,47.97,2374.37,160.02,660.74,57.69,1887.04,174.36,904.92,72.74,1882.08,174.36,1178.96,51.63,1916.67,173.13,796.25,310.55,72.50,98.54,280.35,1846.88,3552.01,2.39,149.88,148.85,636.36,3.10,975.24,62.18,530.28
2026-02-28T13:20:00Z,48.16,2368.21,159.88,653.22,57.81,1899.64,173.28,889.90,72.84,1879.64,174.50,1182.49,51.81,1913.57,173.24,780.11,299.55,72.48,98.62,270.53,1841.58,3553.99,2.54,150.07,144.03,634.62,3.13,974.24,61.01,521.55
2026-02-28T13:30:00Z,47.62,2374.17,159.47,641.62,57.84,1881.76,173.21,893.78,72.95,1869.08,173.67,1178.58,51.82,1903.27,172.88,782.90,295.70,73.18,98.30,268.05,1837.60,3541.17,2.72,148.85,144.97,623.60,2.86,974.35,61.30,521.14
2026-02-28T13:40:00Z,47.25,2382.28,160.48,650.96,57.49,1889.06,173.51,896.11,72.79,1878.09,173.54,1168.27,51.81,1907.33,173.53,788.44,300.80,73.45,98.41,270.31,1837.18,3538.07,2.46,152.13,145.43,638.31,3.25,966.02,60.33,537.52
2026-02-28T13:50:00Z,47.24,2389.10,159.71,646.55,57.68,1885.99,173.58,901.32,73.11,1876.18,173.98,1178.80,51.82,1918.60,173.33,790.90,308.59,70.94,98.16,278.23,1852.80,3560.42,2.78,150.69,150.75,635.41,2.95,975.26,60.74,524.93
2026-02-28T14:00:00Z,46.95,2402.39,159.30,628.37,57.85,1875.69,174.03,907.69,73.15,1871.73,173.89,1168.14,51.44,1906.26,173.44,785.72,307.04,72.26,98.56,279.17,1853.92,3549.16,2.52,150.29,151.14,642.55,3.29,972.99,59.13,533.69
2026-02-28T14:10:00Z,47.06,2386.89,160.02,635.92,57.39,1890.96,174.00,907.43,72.77,1864.08,174.38,1170.22,51.34,1913.12,172.60,780.83,306.82,71.00,98.19,277.69,1840.96,3546.40,2.80,150.49,146.54,638.50,2.62,962.44,59.80,535.56
2026-02-28T14:20:00Z,46.92,2398.11,159.57,625.25,57.10,1894.34,173.38,894.35,72.73,1872.82,174.19,1171.63,51.28,1905.60,172.62,782.73,303.72,69.73,98.20,275.98,1841.78,3548.53,2.29,150.45,146.20,639.93,3.05,970.31,60.02,544.87
2026-02-28T14:30:00Z,47.12,2398.05,159.92,624.93,57.28,1891.74,173.94,895.60,73.01,1873.80,173.58,1175.27,51.39,1906.71,172.84,790.17,301.81,70.64,98.87,271.00,1845.11,3558.95,2.55,150.90,148.44,633.93,3.32,975.56,60.19,535.17
2026-02-28T14:40:00Z,47.24,2398.78,160.60,612.77,57.26,1888.68,174.18,893.14,73.05,1870.80,173.55,1184.24,51.49,1908.04,173.48,795.26,303.22,71.14,98.89,273.70,1834.03,3546.99,2.51,149.41,145.31,629.38,2.86,962.48,60.77,536.27
2026-02-28T14:50:00Z,47.46,2396.30,159.51,611.41,56.91,1909.92,174.28,874.34,73.22,1867.23,173.39,1190.21,51.53,1909.21,174.00,803.97,303.13,70.66,97.74,272.91,1850.15,3554.50,2.33,150.50,145.97,623.83,2.98,965.48,61.15,515.87
2026-02-28T15:00:00Z,47.41,2388.64,158.70,621.87,57.29,1901.55,174.22,865.70,73.27,1859.56,173.99,1196.92,51.01,1925.00,173.98,796.08,303.00,70.42,97.74,270.81,1848.63,3551.23,2.36,151.53,147.18,633.55,2.95,972.90,60.20,518.78
2026-02-28T15:10:00Z,47.13,2397.61,159.15,625.92,57.59,1893.11,173.32,879.08,73.72,1861.10,174.67,1199.68,50.86,1929.34,173.79,780.72,299.25,68.14,97.51,268.69,1837.99,3551.22,2.22,149.49,143.22,634.14,3.35,969.80,60.48,525.17
2026-02-28T15:20:00Z,47.49,2398.83,159.76,606.74,57.63,1880.66,173.75,873.46,73.61,1863.30,175.06,1198.16,50.40,1921.64,173.05,780.12,299.50,69.37,98.48,267.26,1831.99,3549.90,2.46,150.24,143.84,617.91,2.91,973.21,60.55,503.94
2026-02-28T15:30:00Z,47.73,2397.33,159.10,611.07,57.48,1880.40,174.09,895.00,73.32,1854.49,175.63,1198.08,50.26,1927.22,172.93,757.37,295.42,70.21,99.17,266.82,1835.22,3556.29,2.59,151.01,141.90,623.18,3.01,965.36,60.54,505.00
2026-02-28T15:40:00Z,47.61,2389.28,158.86,617.28,57.36,1880.66,173.50,894.62,72.99,1867.70,174.37,1202.63,50.42,1930.96,172.31,756.83,297.76,69.57,98.28,266.90,1832.46,3559.46,2.46,148.90,144.84,623.69,3.27,966.99,60.97,516.13
2026-02-28T15:50:00Z,47.53,2384.97,159.61,614.99,57.37,1886.20,173.93,890.47,72.99,1872.01,175.21,1187.61,50.34,1948.79,172.31,739.86,295.94,68.34,98.36,268.12,1834.82,3541.35,2.82,151.26,140.89,625.61,3.17,964.80,60.32,522.10
2026-02-28T16:00:00Z,47.55,2387.40,160.28,633.67,57.44,1886.69,173.74,891.12,72.99,1880.70,175.13,1190.17,50.11,1941.43,171.92,745.97,298.66,68.88,97.79,271.26,1840.15,3544.10,2.37,151.15,143.94,629.14,3.24,974.12,60.87,528.25
2026-02-28T16:10:00Z,47.69,2380.21,160.01,634.12,57.14,1892.32,174.10,881.29,72.76,1876.91,175.16,1194.23,50.40,1942.18,172.67,736.04,301.17,68.64,97.80,274.08,1850.98,3554.83,2.58,151.39,146.47,627.13,2.89,976.56,60.99,519.89
2026-02-28T16:20:00Z,47.88,2377.82,159.88,626.20,57.22,1895.49,173.25,868.36,72.61,1889.10,174.54,1179.60,50.40,1939.47,171.60,746.29,300.06,71.98,98.09,269.84,1834.30,3537.38,2.79,149.28,144.63,631.26,3.44,965.93,61.02,525.95
2026-02-28T16:30:00Z,47.77,2378.50,159.71,631.10,57.20,1885.91,172.49,877.35,72.92,1891.39,174.43,1179.73,50.23,1933.69,171.83,742.21,300.06,69.21,98.33,269.20,1837.94,3562.18,2.44,151.31,144.93,631.50,2.84,972.32,60.51,534.33
2026-02-28T16:40:00Z,48.11,2372.71,159.63,643.32,57.00,1896.28,173.31,881.80,72.34,1895.05,174.45,1165.90,50.36,1930.64,171.52,751.15,299.39,68.45,98.10,268.19,1837.11,3546.87,2.69,148.75,145.45,629.41,2.95,972.24,60.29,529.49
2026-02-28T16:50:00Z,48.25,2376.07,159.41,648.01,56.44,1902.66,173.45,877.31,72.40,1878.59,174.31,1170.64,50.29,1942.17,172.28,742.32,299.96,66.92,98.94,269.27,1839.81,3551.66,2.58,150.20,145.88,636.02,2.78,971.32,61.15,521.93
2026-02-28T17:00:00Z,48.10,2382.16,159.75,639.98,56.77,1903.46,173.60,872.84,72.02,1894.73,174.37,1166.85,50.37,1937.07,171.68,738.06,302.73,69.10,98.91,270.50,1835.55,3547.34,2.52,151.50,145.67,632.30,2.80,967.45,61.17,520.54
2026-02-28T17:10:00Z,48.27,2376.26,159.80,634.26,56.65,1907.84,173.52,868.94,71.97,1898.23,175.23,1169.85,50.19,1945.83,171.99,745.98,298.75,68.67,98.36,268.02,1840.49,3552.25,2.42,148.74,143.28,636.35,3.08,962.31,60.13,530.07
2026-02-28T17:20:00Z,48.57,2368.86,160.55,652.65,56.48,1905.35,173.55,856.52,71.87,1896.04,174.57,1160.96,50.13,1946.15,172.56,748.49,295.59,68.92,97.63,269.27,1839.45,3563.77,2.62,150.22,142.15,628.56,2.78,967.65,61.71,513.77
2026-02-28T17:30:00Z,48.64,2355.45,160.86,665.57,55.81,1930.81,172.97,846.94,71.87,1903.30,174.39,1160.75,49.84,1939.81,172.26,731.48,297.23,68.14,97.45,268.70,1833.68,3545.19,2.59,149.76,144.48,626.62,3.04,970.96,59.80,521.49
2026-02-28T17:40:00Z,48.28,2369.58,160.36,642.66,56.01,1937.47,173.06,840.25,71.96,1902.08,174.48,1153.62,49.74,1941.80,172.66,735.66,290.80,68.99,98.34,262.74,1834.81,3556.71,2.38,149.83,138.97,622.58,2.81,975.48,61.89,524.31
2026-02-28T17:50:00Z,48.23,2368.54,160.35,661.77,56.05,1922.38,172.22,824.94,72.17,1897.14,174.35,1148.63,49.38,1949.35,171.54,727.65,292.05,68.19,98.32,264.54,1830.93,3548.46,2.49,148.64,138.70,625.83,3.06,964.76,61.73,527.32
2026-02-28T18:00:00Z,48.66,2361.15,160.27,670.80,55.72,1932.71,171.78,825.20,72.18,1892.64,173.95,1144.18,49.76,1952.10,171.68,721.85,293.94,67.23,98.14,266.18,1834.80,3544.65,2.45,150.35,144.32,632.31,2.88,967.37,61.13,527.49
2026-02-28T18:10:00Z,48.57,2363.03,160.77,668.53,55.87,1933.78,172.35,835.34,72.14,1892.93,173.39,1155.37,49.86,1952.45,171.97,739.68,294.53,68.11,98.31,264.40,1836.96,3568.52,2.72,151.53,142.00,621.30,2.54,969.98,61.45,513.86
2026-02-28T18:20:00Z,48.39,2356.43,159.83,663.41,55.99,1929.15,172.12,833.43,71.96,1902.93,173.80,1143.82,50.07,1949.33,171.68,734.62,295.41,68.25,97.63,266.81,1836.63,3542.43,2.49,149.05,140.66,620.77,2.85,961.56,60.33,520.20
2026-02-28T18:30:00Z,47.94,2361.85,159.67,638.26,56.28,1929.09,173.17,834.67,72.01,1904.28,173.86,1142.90,49.81,1942.40,171.75,740.17,292.49,69.00,98.04,263.02,1836.94,3538.27,2.55,149.57,140.10,621.46,3.03,969.34,60.36,517.59
2026-02-28T18:40:00Z,47.88,2365.97,160.24,654.42,56.39,1927.42,173.32,839.77,71.79,1899.23,173.22,1133.64,49.68,1963.04,172.14,727.61,300.30,69.20,97.49,270.12,1836.55,3548.24,2.59,149.84,144.76,623.25,2.88,964.08,61.54,529.10
2026-02-28T18:50:00Z,48.26,2373.74,159.89,651.85,56.50,1929.22,173.16,828.80,71.96,1904.32,172.61,1135.87,49.50,1969.52,171.38,727.19,293.71,69.95,98.10,262.92,1825.31,3545.73,2.45,150.30,142.89,627.03,3.13,963.53,62.65,517.57
2026-02-28T19:00:00Z,47.96,2370.86,160.13,653.62,56.54,1911.55,173.93,842.48,72.12,1904.80,172.33,1119.34,49.75,1963.75,171.63,732.29,291.12,71.30,97.76,263.15,1835.43,3553.76,2.39,150.52,141.52,630.56,3.03,966.46,62.79,533.52
2026-02-28T19:10:00Z,47.99,2374.37,159.81,660.55,56.85,1901.14,173.64,863.25,72.87,1880.69,172.45,1142.73,49.81,1964.28,172.25,726.19,294.36,67.79,97.50,263.96,1840.66,3546.25,2.56,150.46,143.62,627.13,3.44,963.98,61.80,528.95
2026-02-28T19:20:00Z,47.96,2377.27,159.32,653.76,57.29,1896.92,173.69,873.29,73.05,1881.13,172.43,1148.30,49.95,1956.16,171.56,733.82,301.27,68.97,97.65,273.49,1841.53,3550.24,2.48,149.93,144.50,634.98,2.92,966.43,61.79,537.52
2026-02-28T19:30:00Z,47.47,2389.73,159.55,640.95,57.50,1897.43,173.23,875.31,72.52,1885.14,173.64,1168.98,50.16,1944.80,172.18,735.12,299.10,67.14,97.89,267.34,1838.84,3550.02,2.46,149.35,,622.27,2.74,965.69,60.79,516.88
2026-02-28T19:40:00Z,47.27,2390.86,159.41,640.50,57.73,1889.89,173.53,879.61,72.33,1895.38,173.61,1153.23,49.69,1949.10,172.16,724.51,298.91,66.95,97.62,269.26,1845.28,3544.16,2.44,151.43,144.65,633.89,3.09,977.75,59.38,535.81
2026-02-28T19:50:00Z,47.51,2397.79,159.79,630.30,57.41,1890.35,173.10,882.97,72.39,1896.81,,1159.08,49.62,1954.55,172.21,729.03,301.88,68.82,97.60,269.63,1844.11,3543.48,2.38,149.64,145.14,630.05,3.24,979.46,60.62,522.22
2026-02-28T20:00:00Z,47.86,2385.91,160.18,642.36,57.03,1889.25,173.59,882.26,72.55,1896.11,172.88,1160.02,49.82,1955.80,172.27,725.10,299.99,68.94,98.58,270.21,1842.73,3544.47,2.52,151.70,146.17,625.69,3.10,967.50,60.99,519.66
2026-02-28T20:10:00Z,47.95,2377.09,159.79,636.61,57.44,1891.16,174.10,881.64,72.15,1890.08,173.08,1162.45,49.86,1948.50,172.01,725.72,299.90,66.70,98.34,270.10,1842.37,3541.12,2.62,150.32,143.57,627.86,2.92,969.97,61.92,521.11
2026-02-28T20:20:00Z,48.02,2368.09,159.55,654.72,57.30,1886.62,173.55,878.43,72.40,1889.45,172.87,1166.82,49.51,1961.55,172.09,724.44,296.01,66.85,98.38,264.63,1830.12,3551.52,2.48,148.60,142.32,620.35,3.06,976.29,60.53,521.70
2026-02-28T20:30:00Z,48.42,2369.44,159.49,656.21,56.91,1902.13,173.17,868.43,72.12,1888.61,173.27,1162.65,49.40,1959.45,172.76,726.96,298.71,69.04,98.55,266.97,1834.22,3545.72,2.46,151.57,147.87,633.07,3.00,968.48,59.07,531.28
2026-02-28T20:40:00Z,48.78,2349.58,159.16,660.14,57.09,1900.44,173.45,866.61,72.19,1891.40,173.46,1158.77,49.49,1963.67,172.29,719.74,295.14,66.67,98.21,267.98,1837.03,3562.26,2.42,148.72,143.40,628.93,3.34,968.84,60.07,521.68
2026-02-28T20:50:00Z,48.44,2362.35,159.74,668.06,57.59,1889.43,173.09,875.44,71.71,1900.91,173.47,1143.32,49.69,1956.74,171.98,716.09,299.69,67.94,97.81,269.47,1839.82,3549.81,2.51,148.87,143.51,629.18,3.22,972.12,59.01,523.63
2026-02-28T21:00:00Z,48.50,2359.05,160.22,678.74,57.23,1885.60,173.15,885.92,71.50,1902.72,173.07,1130.63,49.93,1954.31,171.41,720.69,300.64,68.14,98.64,270.47,1834.36,3547.00,2.53,152.39,142.76,622.61,2.94,970.19,59.22,520.10
2026-02-28T21:10:00Z,48.51,2355.01,160.49,684.37,57.58,1892.61,173.89,889.94,71.19,1925.65,173.13,1103.16,49.50,1964.62,171.12,717.37,295.16,67.10,97.96,262.79,1836.91,3534.99,2.61,150.78,143.63,630.68,3.25,971.30,61.74,510.74
2026-02-28T21:20:00Z,48.29,2357.01,160.53,680.06,57.82,1888.43,174.14,900.90,71.17,1925.20,173.02,1113.69,49.58,1972.54,171.84,716.33,297.29,69.89,97.06,269.77,1843.79,3537.21,2.49,151.05,145.05,626.44,3.02,968.59,62.33,509.42
2026-02-28T21:30:00Z,48.25,2375.15,159.88,672.66,58.17,1873.00,173.75,910.11,71.40,1914.11,172.91,1110.49,49.24,1973.80,171.03,725.66,298.21,70.04,96.85,271.45,1844.17,3552.29,2.55,152.00,144.12,631.63,2.77,978.65,61.78,525.35
2026-02-28T21:40:00Z,48.26,2376.00,160.33,673.49,58.30,1868.04,174.71,922.40,71.61,1914.60,173.02,1116.75,49.07,1976.35,171.06,718.73,300.02,70.63,96.37,271.23,1844.70,3542.89,2.38,150.78,146.62,633.53,2.75,972.62,61.42,528.55
2026-02-28T21:50:00Z,48.12,2361.59,160.60,666.28,58.35,1868.52,174.26,921.38,71.40,1915.22,173.46,1124.68,49.18,1969.18,171.47,713.99,303.75,70.22,96.80,273.91,1835.26,3540.45,2.60,151.15,145.90,635.87,2.56,969.60,62.47,532.26
2026-02-28T22:00:00Z,48.38,2356.44,160.38,676.39,58.35,1864.97,174.54,920.10,71.50,1916.62,173.56,1140.27,49.59,1951.59,171.70,715.15,302.56,70.12,96.52,272.35,1842.69,3547.01,2.48,150.23,147.43,636.35,3.05,969.51,61.16,515.84
2026-02-28T22:10:00Z,48.06,2365.39,160.14,651.87,58.31,1869.63,174.02,916.87,71.53,1914.26,173.40,1135.00,49.96,1955.51,171.38,721.68,298.13,68.79,96.55,266.86,1842.24,3559.78,2.77,151.44,144.44,625.97,3.13,969.88,62.18,528.78
2026-02-28T22:20:00Z,47.95,2376.81,161.30,657.62,58.14,1870.17,173.88,919.77,71.74,1908.23,173.60,1130.38,50.66,1949.64,171.33,718.12,296.34,68.66,96.83,266.60,1829.83,3562.49,2.54,149.99,144.78,627.37,3.01,963.57,59.12,519.52
2026-02-28T22:30:00Z,47.95,2371.98,161.18,659.04,57.94,1875.52,173.87,917.04,71.70,1904.08,173.26,1138.12,50.23,1946.13,171.56,735.14,295.68,69.66,98.42,263.86,1830.52,3539.16,2.30,150.24,144.51,627.19,3.08,968.54,59.46,518.20
2026-02-28T22:40:00Z,48.07,2382.51,160.53,645.77,58.23,1863.29,173.09,919.59,72.19,1906.81,172.77,1132.76,50.30,1947.24,171.79,737.07,296.88,71.07,98.57,269.30,1834.58,3556.00,2.63,148.30,143.73,630.35,2.83,966.09,60.25,517.02
2026-02-28T22:50:00Z,47.87,2370.65,159.92,642.57,57.91,1869.38,174.27,913.34,72.00,1895.71,173.20,1144.25,50.54,1946.42,172.36,737.80,296.92,72.26,97.11,266.26,1831.92,3542.87,2.52,152.07,142.04,628.43,2.82,958.18,60.96,525.46
2026-02-28T23:00:00Z,47.53,2381.80,159.99,632.90,57.98,1873.14,173.90,921.27,72.01,1889.70,173.26,1139.99,50.77,1935.73,171.59,747.40,295.55,71.55,98.10,266.91,1832.41,3552.38,2.66,149.66,140.37,626.22,3.21,968.67,60.22,523.18
2026-02-28T23:10:00Z,47.33,2383.41,159.87,621.90,58.15,1875.91,173.48,915.96,72.54,1891.45,173.79,1154.57,51.05,1928.52,172.38,767.66,297.60,71.64,97.95,267.79,1834.01,3543.98,2.57,149.73,144.04,626.73,3.01,969.96,60.05,509.63
2026-02-28T23:20:00Z,47.31,2396.28,159.40,623.85,58.19,1868.25,174.15,902.93,72.52,1880.00,174.04,1162.44,50.92,1931.98,173.24,766.30,295.04,69.86,97.92,266.84,1830.84,3548.66,2.15,148.45,142.54,625.36,2.83,969.04,61.35,516.85
2026-02-28T23:30:00Z,47.07,2389.17,159.25,629.31,58.09,1868.87,174.01,914.54,72.45,1880.69,174.10,1172.89,50.47,1937.74,173.70,762.92,301.83,69.02,97.60,271.07,1843.94,3561.43,2.71,150.26,145.00,631.10,3.06,979.48,60.07,525.05
2026-02-28T23:40:00Z,46.87,2398.23,159.60,622.46,57.86,1869.79,173.53,901.26,72.20,1896.96,174.12,1162.17,50.71,1926.49,173.43,753.31,301.32,70.17,97.80,273.90,1843.17,3544.24,2.51,150.67,146.56,633.39,3.15,969.16,61.37,526.78
2026-02-28T23:50:00Z,46.60,2402.14,159.07,613.96,57.91,1880.00,174.69,910.99,72.20,1892.40,174.18,1154.64,50.73,1918.83,173.19,756.63,302.26,71.92,97.58,273.86,1847.17,3563.18,2.37,149.65,145.26,628.88,3.04,971.90,61.67,519.97
2026-03-01T00:00:00Z,46.50,2420.66,159.10,597.84,58.07,1868.40,174.56,918.47,72.78,1880.03,174.30,1183.66,50.24,1928.86,173.27,760.71,299.92,70.71,98.32,271.53,1842.59,3565.25,2.70,150.51,145.75,631.71,3.08,966.39,62.03,529.52
2026-03-01T00:10:00Z,46.67,2420.12,158.32,603.97,58.17,1874.37,174.17,919.82,72.53,1890.74,174.52,1170.29,49.51,1947.03,173.00,744.41,298.57,71.50,97.75,270.37,1846.94,3550.53,2.63,149.75,144.94,639.07,3.16,978.41,61.84,529.88
2026-03-01T00:20:00Z,46.63,2408.85,159.19,596.33,58.43,1865.24,174.77,913.84,72.60,1900.45,174.11,1160.87,49.08,1960.59,171.53,726.09,301.33,69.50,97.97,269.26,1828.67,3552.35,2.67,148.10,143.99,624.62,2.91,958.14,61.37,526.32
2026-03-01T00:30:00Z,46.96,2398.67,159.81,606.14,58.20,1871.99,174.06,905.17,72.10,1904.05,173.72,1150.35,48.70,1979.96,171.55,712.29,298.11,68.92,97.31,268.25,1843.82,3546.34,2.55,149.46,143.34,629.63,3.16,967.94,61.18,530.50
2026-03-01T00:40:00Z,46.85,2400.21,158.72,604.41,58.66,1862.52,174.04,919.79,72.55,1892.34,173.60,1155.44,48.33,1990.00,170.64,693.97,293.67,69.50,96.79,261.34,1836.84,3540.18,2.67,150.38,141.86,627.15,3.10,966.36,60.34,516.23
2026-03-01T00:50:00Z,46.85,2401.87,159.50,611.85,58.43,1854.45,174.00,922.20,72.32,1898.11,173.30,1142.31,47.76,2006.84,171.07,676.56,294.30,69.10,96.45,266.21,1845.43,3543.63,2.66,149.80,143.95,632.31,2.81,976.85,61.15,522.34
2026-03-01T01:00:00Z,46.64,2418.35,159.19,608.78,58.02,1867.11,173.90,912.50,72.50,1896.91,173.42,1145.29,47.82,2013.93,171.19,664.41,297.89,68.15,97.08,269.48,1844.12,3560.43,2.41,150.39,144.73,634.79,2.87,974.40,60.15,537.28
2026-03-01T01:10:00Z,46.78,2415.67,159.06,594.97,58.26,1868.64,173.35,921.74,73.05,1880.75,173.10,1150.02,46.55,2015.63,170.38,642.79,294.33,68.39,97.43,265.54,1839.59,3530.98,2.79,148.70,140.12,631.13,3.25,966.15,60.39,525.27
2026-03-01T01:20:00Z,47.24,2407.41,158.92,607.12,58.37,1864.42,173.58,926.66,73.40,1880.61,172.89,1169.58,45.71,2033.04,170.18,617.98,290.58,69.01,98.10,261.42,1830.30,3562.21,2.41,151.32,141.24,632.41,3.13,970.94,61.11,522.22
2026-03-01T01:30:00Z,47.52,2395.29,159.03,603.07,58.32,1863.95,174.02,929.68,73.52,1864.13,174.52,1197.45,45.39,2056.73,169.94,590.79,291.53,67.84,98.32,261.66,1829.82,3550.61,2.52,149.08,140.42,623.30,3.35,963.65,61.94,518.78
2026-03-01T01:40:00Z,47.98,2384.44,158.06,623.23,58.30,1868.56,174.26,915.72,73.31,1860.72,174.88,1193.24,44.91,2063.39,168.85,584.21,284.32,67.82,97.39,254.61,1822.94,3546.17,2.71,151.11,,618.38,3.23,958.65,61.18,516.37
2026-03-01T01:50:00Z,48.16,2373.09,159.38,639.30,58.20,1875.84,174.00,909.73,73.60,1862.14,174.45,1199.65,44.88,2074.57,167.79,572.25,288.28,66.93,97.80,259.50,1825.99,3564.53,2.58,152.51,141.62,626.44,2.87,959.82,61.28,516.96
2026-03-01T02:00:00Z,48.35,2347.10,159.99,663.63,58.42,1866.38,173.60,909.71,73.50,1859.87,174.42,1191.95,44.33,2090.75,,544.77,296.74,69.20,97.31,264.35,1831.95,3558.44,2.62,148.78,142.97,632.00,3.16,971.85,60.35,529.82
2026-03-01T02:10:00Z,48.47,2363.39,159.78,659.57,58.50,1861.92,174.14,923.50,73.38,1866.56,174.49,1174.78,43.82,2095.41,168.65,539.37,298.36,68.25,97.69,267.28,1840.21,3542.13,2.22,149.30,144.24,624.49,2.98,966.27,61.69,526.39
2026-03-01T02:20:00Z,48.56,2369.68,159.59,667.27,58.59,1855.20,173.73,931.31,73.71,1853.62,174.24,1208.54,43.12,2113.90,168.01,516.53,299.42,69.56,98.19,271.81,1842.33,3535.06,2.46,150.76,143.33,625.84,3.07,979.60,61.76,519.61
2026-03-01T02:30:00Z,48.69,2357.92,160.29,668.84,58.28,1863.58,174.43,923.47,73.64,1860.27,173.99,1204.11,43.43,2116.76,167.39,507.30,297.11,70.19,97.71,268.87,1832.84,3545.12,2.86,150.75,145.84,628.18,3.02,966.20,60.51,523.76
2026-03-01T02:40:00Z,48.53,2363.04,160.34,671.67,57.84,1872.06,174.01,923.95,73.62,1856.15,173.77,1208.72,42.63,2124.74,167.91,491.82,289.22,67.17,98.74,257.65,1835.62,3540.79,2.28,150.61,138.47,619.03,3.06,969.92,62.44,515.49
2026-03-01T02:50:00Z,48.64,2363.37,160.82,673.29,58.10,1871.43,174.32,915.78,74.11,1848.22,174.09,1212.78,42.19,2136.86,167.90,488.82,291.22,65.72,98.40,261.97,1821.60,3551.58,2.51,152.76,145.01,629.25,3.21,959.43,61.87,523.79
2026-03-01T03:00:00Z,48.60,2363.03,160.82,665.90,58.08,1879.07,174.49,902.79,73.95,1851.32,174.55,1227.60,41.64,2156.70,167.83,468.13,292.98,64.34,98.49,263.47,1833.04,3558.84,2.31,149.66,142.47,629.09,3.13,962.86,61.79,520.15
2026-03-01T03:10:00Z,48.47,2359.60,160.25,654.56,58.32,1880.71,175.30,908.88,73.61,1852.83,175.03,1208.04,41.30,2166.05,166.89,458.99,291.82,65.39,97.51,264.77,1836.22,3557.43,2.33,151.67,141.28,622.03,3.23,968.97,60.40,518.36
2026-03-01T03:20:00Z,48.68,2368.27,159.93,663.11,58.29,1875.16,174.78,915.19,73.66,1856.09,175.26,1211.60,41.07,2176.62,166.60,440.75,287.01,64.61,97.74,258.94,1829.96,3563.25,2.58,149.79,137.47,628.34,2.96,964.50,61.82,519.75
2026-03-01T03:30:00Z,48.81,2366.04,159.96,665.03,58.30,1862.55,175.08,914.95,73.78,1851.80,174.66,1197.81,41.45,2165.68,166.31,430.75,284.25,64.41,98.12,257.55,1824.71,3544.23,2.56,150.72,138.71,621.58,3.31,960.79,61.82,515.12
2026-03-01T03:40:00Z,49.21,2362.36,160.06,665.52,58.31,1876.77,173.80,900.16,73.69,1858.43,174.58,1198.20,41.57,2167.33,165.94,425.09,281.56,64.52,97.49,254.74,1826.37,3547.29,2.25,150.28,135.16,625.57,2.77,965.75,62.04,516.95
2026-03-01T03:50:00Z,48.93,2355.58,160.09,678.39,58.08,1883.81,173.85,896.99,73.61,1852.25,174.50,1200.74,41.38,2160.74,166.52,427.03,283.97,63.59,97.18,255.39,1822.92,3542.58,2.12,150.41,134.27,614.07,3.17,957.42,61.24,516.56
2026-03-01T04:00:00Z,48.92,2355.72,159.69,678.67,58.36,1882.50,174.39,909.21,73.55,1852.25,174.33,1206.23,41.19,2163.41,166.09,437.97,282.43,65.74,96.77,255.17,1827.96,3556.89,2.42,149.91,133.86,623.17,3.16,963.99,61.38,518.13
2026-03-01T04:10:00Z,49.00,2357.11,160.03,661.46,58.84,1869.68,174.30,922.55,73.26,1851.40,175.27,1214.94,40.81,2181.02,166.11,414.64,285.26,64.68,97.49,255.82,1825.17,3544.56,2.50,150.22,139.07,621.51,3.26,965.77,61.40,515.78
2026-03-01T04:20:00Z,49.30,2350.07,160.37,680.27,58.55,1860.82,173.74,915.93,73.35,1854.92,174.65,1201.79,40.37,2191.40,165.45,411.69,281.24,64.30,98.01,252.59,1826.84,3544.42,2.71,150.23,135.38,619.50,2.97,966.94,61.56,506.23
2026-03-01T04:30:00Z,48.98,2347.48,160.70,688.41,58.30,1855.91,173.89,926.83,73.31,1862.91,174.48,1182.32,39.88,2200.64,164.94,387.83,287.30,64.46,96.63,257.49,1832.57,3544.63,2.59,151.17,140.11,631.02,3.34,972.88,60.72,524.73
2026-03-01T04:40:00Z,48.74,2358.03,160.40,695.60,58.37,1854.37,174.90,932.19,73.39,1861.23,174.19,1195.15,39.91,2211.15,165.03,366.92,288.25,64.23,96.81,258.45,1831.09,3541.86,2.43,151.69,141.45,628.30,2.67,966.09,59.28,518.25
2026-03-01T04:50:00Z,48.55,2357.98,161.37,691.29,57.94,1861.71,173.99,941.65,72.78,1875.81,174.33,1177.31,39.95,2202.95,165.54,365.67,288.12,64.97,97.63,257.15,1830.73,3556.57,2.44,151.10,140.42,622.98,2.93,961.95,59.27,521.29
2026-03-01T05:00:00Z,48.61,2362.71,160.37,669.01,57.89,1880.23,174.31,928.66,72.49,1879.16,173.88,1171.92,39.43,2208.13,165.13,373.86,285.49,62.75,97.27,256.54,1833.31,3564.51,2.41,150.72,139.11,626.79,2.88,962.06,61.59,513.28
2026-03-01T05:10:00Z,48.31,2359.75,160.12,656.32,57.61,1885.16,174.91,918.47,72.96,1872.89,173.96,1172.95,39.51,2209.53,164.89,367.83,283.06,61.92,96.81,253.85,1820.34,3557.02,2.46,150.54,138.60,617.86,2.98,954.60,61.28,516.89
2026-03-01T05:20:00Z,47.68,2370.44,160.22,649.77,57.73,1880.84,174.91,917.20,73.35,1870.23,174.38,1190.19,39.63,2195.80,163.90,367.56,280.42,62.63,97.28,252.49,1823.50,3545.31,2.17,150.55,133.84,622.91,3.07,966.35,60.52,526.59
2026-03-01T05:30:00Z,47.48,2383.53,160.21,658.55,57.60,1892.03,174.30,919.87,73.28,1862.30,173.65,1197.72,39.56,2205.45,164.58,369.33,284.26,63.52,97.01,253.69,1825.49,3549.98,2.29,150.73,138.04,620.10,2.98,964.15,60.51,522.45
2026-03-01T05:40:00Z,47.62,2383.64,159.89,647.84,57.46,1888.67,174.08,902.13,73.37,1860.13,173.75,1195.13,39.24,2203.90,164.54,386.31,289.41,62.96,96.60,260.22,1826.50,3548.19,2.66,150.73,141.71,624.45,2.85,962.56,58.30,528.72
2026-03-01T05:50:00Z,47.70,2392.04,159.26,627.07,57.44,1895.34,173.90,908.16,73.19,1872.92,173.63,1204.25,39.22,2207.79,164.60,373.06,286.08,63.17,96.05,256.20,1821.95,3550.63,2.45,149.93,137.27,623.43,3.04,965.42,60.42,519.62
2026-03-01T06:00:00Z,47.79,2386.76,159.64,623.58,57.71,1891.10,173.91,905.17,73.11,1875.83,174.49,1205.59,38.95,2221.77,164.35,364.92,283.75,63.91,96.99,256.16,1818.69,3543.33,2.49,149.33,137.98,623.08,3.10,972.34,59.79,516.65
2026-03-01T06:10:00Z,48.10,2378.56,159.76,643.03,57.91,1892.50,173.46,903.08,73.28,1878.60,174.14,1193.61,38.67,2228.86,164.25,358.25,283.78,62.89,96.91,254.78,1829.61,3543.89,2.53,150.46,135.96,622.34,2.76,952.08,60.69,514.97
2026-03-01T06:20:00Z,48.17,2375.58,159.89,631.66,57.93,1882.54,173.61,901.84,73.64,1870.88,174.16,1191.72,38.50,2233.93,164.08,334.07,281.26,62.15,97.72,254.52,1822.82,3542.85,2.32,151.08,134.92,616.05,3.49,963.95,59.71,526.31
2026-03-01T06:30:00Z,48.36,2373.30,159.92,644.29,57.77,1885.57,173.86,901.19,73.84,1862.86,174.10,1196.23,38.38,2247.91,163.57,328.73,280.97,59.47,97.35,252.67,1821.95,3546.25,2.76,150.29,135.15,620.05,2.67,963.82,59.37,522.14
2026-03-01T06:40:00Z,48.41,2370.03,159.71,662.74,58.21,1880.06,173.59,897.07,74.50,1845.29,174.66,1220.36,38.31,2242.51,164.52,326.47,279.68,60.77,96.88,248.02,1822.51,3552.00,2.67,149.63,134.76,620.86,2.84,957.06,60.41,519.97
2026-03-01T06:50:00Z,48.50,2372.18,159.60,647.83,58.65,1873.86,173.95,912.99,74.04,1850.93,175.04,1204.74,37.87,2245.74,163.97,315.03,282.14,60.82,97.52,253.56,1825.68,3547.41,2.33,150.27,136.16,619.65,2.75,955.81,59.06,523.20
2026-03-01T07:00:00Z,48.26,2370.87,160.07,646.04,58.53,1870.55,174.27,926.21,74.43,1843.71,175.57,1223.25,37.82,2257.84,164.09,317.65,285.21,61.55,97.65,256.25,1826.70,3550.78,2.41,151.64,139.72,624.89,3.27,961.36,59.13,517.45
2026-03-01T07:10:00Z,48.64,2360.49,159.80,669.77,58.46,1866.33,174.48,920.02,74.10,1844.33,174.90,1232.76,37.82,2247.34,163.41,309.35,285.30,62.10,97.35,257.53,1830.37,3569.90,2.83,152.07,136.00,623.94,3.38,966.12,60.25,512.59
2026-03-01T07:20:00Z,48.63,2347.45,160.87,663.58,58.64,1858.67,174.78,938.75,74.08,1848.03,175.73,1228.67,37.61,2262.88,163.57,306.49,284.48,63.14,98.01,257.02,1824.32,3540.58,2.28,148.83,135.65,620.85,2.93,962.43,59.35,523.51
2026-03-01T07:30:00Z,48.79,2340.72,160.01,664.24,58.91,1860.25,175.21,959.64,73.99,1856.26,174.98,1226.14,37.58,2250.60,163.75,302.31,290.83,65.02,97.67,262.48,1831.14,3553.90,2.49,149.84,139.86,629.33,2.85,969.16,59.94,514.70
2026-03-01T07:40:00Z,48.91,2345.50,159.96,674.23,58.44,1861.42,174.67,942.91,74.01,1849.28,174.55,1224.53,38.00,2238.89,163.62,321.18,294.11,64.03,96.95,263.98,1838.77,3556.02,2.59,151.00,141.85,630.42,2.95,969.02,61.03,537.92
2026-03-01T07:50:00Z,48.80,2357.97,160.42,677.90,58.67,1860.75,174.26,946.34,74.09,1858.27,174.76,1229.07,38.01,2241.01,163.63,309.77,284.93,63.34,97.45,255.69,1836.04,3556.10,2.60,150.80,137.64,624.76,3.08,972.41,59.79,516.91
2026-03-01T08:00:00Z,48.73,2361.20,160.54,662.93,58.48,1865.74,174.56,935.08,73.74,1845.30,175.63,1231.19,38.12,2238.93,163.89,314.46,285.97,65.56,98.06,257.68,1820.22,3545.38,2.55,150.37,136.83,622.90,3.05,956.61,62.04,514.29
2026-03-01T08:10:00Z,48.50,2373.02,159.79,652.87,58.51,1862.41,174.90,946.49,74.12,1849.39,175.61,1211.26,38.39,2245.53,163.83,312.74,286.84,63.51,97.29,260.10,1828.45,3556.76,2.73,151.18,138.52,626.40,3.18,963.84,61.19,518.18
2026-03-01T08:20:00Z,48.40,2375.47,159.71,666.49,58.00,1885.89,175.01,920.26,74.14,1848.14,175.73,1219.83,37.96,2255.47,163.72,332.89,287.17,64.92,97.48,255.63,1831.49,3539.73,2.38,149.19,139.78,626.42,2.92,967.18,60.24,527.59
2026-03-01T08:30:00Z,48.59,2365.03,159.57,651.38,57.67,1885.60,173.84,906.39,74.12,1842.19,175.63,1235.61,37.80,2255.93,164.17,325.08,281.51,65.73,97.21,251.58,1834.46,3547.27,2.60,151.07,137.39,624.05,3.19,967.99,60.05,522.30
2026-03-01T08:40:00Z,48.76,2353.89,160.27,674.27,57.63,1887.95,174.13,914.21,74.35,1840.84,175.87,1238.93,37.91,2247.60,163.59,323.79,285.44,65.09,98.15,257.48,1832.95,3556.88,2.75,148.43,138.13,625.43,2.79,956.17,59.65,525.80
2026-03-01T08:50:00Z,48.71,2345.15,159.87,678.80,57.35,1894.27,173.83,908.65,74.58,1841.74,175.34,1234.29,37.56,2262.32,164.68,295.23,287.44,64.87,96.94,259.57,1835.17,3558.53,2.50,150.87,139.74,627.08,3.30,967.61,60.67,518.60
2026-03-01T09:00:00Z,48.80,2360.23,159.93,670.48,57.49,1881.86,173.72,897.22,74.50,1832.98,174.75,1257.08,37.44,2273.07,163.81,287.46,283.85,62.26,96.62,253.63,1831.58,3551.25,2.57,149.15,139.62,631.51,3.19,963.65,61.97,536.78
2026-03-01T09:10:00Z,48.35,2360.15,159.82,670.09,57.31,1894.98,173.88,888.30,74.00,1839.57,175.11,1233.48,37.29,2276.17,163.30,283.40,276.88,64.43,97.35,249.06,1829.78,3559.88,2.62,151.49,137.41,623.92,3.05,971.04,60.22,515.09
2026-03-01T09:20:00Z,48.12,2366.39,159.60,659.25,57.26,1895.44,172.79,880.41,74.18,,175.51,1232.23,37.81,2260.40,162.94,292.12,278.77,63.25,96.81,253.70,1823.18,3545.24,2.72,151.62,133.18,607.73,2.96,965.37,62.29,514.50
2026-03-01T09:30:00Z,48.07,2374.98,160.15,649.79,57.19,1907.03,173.40,874.48,74.62,1838.08,175.41,1236.46,37.77,2257.25,163.00,294.16,280.44,63.89,96.41,253.03,1829.87,3558.03,2.74,149.50,134.95,620.83,2.90,970.05,60.37,519.50
2026-03-01T09:40:00Z,48.66,2372.27,160.08,658.17,57.45,1897.51,173.33,879.01,74.63,1830.83,175.58,1245.00,37.59,2260.47,162.57,286.94,278.88,62.37,97.00,248.29,1826.41,3535.90,2.53,149.18,133.85,620.21,3.38,963.60,61.31,518.21
2026-03-01T09:50:00Z,48.56,2356.99,160.13,662.85,57.60,1874.06,173.57,903.72,74.48,1841.40,176.32,1240.86,37.48,2248.31,162.60,280.69,279.89,64.24,96.10,249.69,1819.08,3553.11,2.58,149.76,135.75,618.57,3.13,960.93,60.05,511.89
2026-03-01T10:00:00Z,48.23,2363.69,160.01,667.90,57.41,1880.15,174.00,898.84,74.36,1841.50,175.78,1240.38,37.34,2263.95,162.49,281.06,283.29,64.00,96.17,255.92,1827.11,3531.74,2.32,150.90,136.43,615.53,2.94,971.82,59.27,509.67
2026-03-01T10:10:00Z,48.34,2363.27,160.28,672.07,57.28,1893.18,173.42,888.82,74.28,1826.74,175.50,1244.65,37.35,2268.92,162.50,259.03,282.21,63.00,96.97,253.26,1823.28,3542.69,2.37,149.84,134.60,618.49,2.98,964.05,58.91,522.97
2026-03-01T10:20:00Z,48.70,2355.41,160.22,673.72,57.05,1900.17,173.82,882.36,74.32,1837.89,175.80,1234.87,37.61,2268.34,163.10,267.59,278.09,61.73,96.88,248.76,1821.20,3531.56,2.64,150.24,132.75,617.83,2.84,963.89,58.60,510.02
2026-03-01T10:30:00Z,48.26,2357.21,160.71,687.22,56.79,1897.49,173.22,887.57,74.49,1835.91,175.97,1234.87,37.29,2258.29,161.76,279.34,282.84,60.79,97.42,255.95,1821.95,3558.58,2.53,151.85,137.45,620.11,3.15,968.08,58.57,520.27
2026-03-01T10:40:00Z,48.64,2363.89,160.14,687.93,56.87,1896.32,173.14,876.65,74.82,1844.38,175.52,1243.80,37.75,2257.09,162.74,292.44,274.60,61.95,97.29,249.22,1825.98,3548.85,2.33,152.12,130.85,612.51,2.96,963.61,59.40,517.86
2026-03-01T10:50:00Z,48.54,2360.67,159.87,680.70,56.97,1888.48,173.61,874.98,74.93,1823.35,175.10,1251.37,37.60,2269.60,162.99,276.01,277.15,63.10,96.75,246.27,1818.75,3553.44,2.26,150.33,133.56,617.88,2.39,951.08,59.80,506.90
2026-03-01T11:00:00Z,48.06,2369.69,160.30,670.52,57.31,1897.74,173.36,875.43,75.19,1823.25,175.22,1266.15,37.41,2270.39,162.71,272.22,283.86,61.67,96.73,252.46,1836.54,3560.58,2.43,152.01,134.50,620.47,3.30,957.64,59.71,520.69
2026-03-01T11:10:00Z,48.38,2360.89,160.17,676.74,57.38,1891.24,173.24,881.41,74.75,1828.71,176.03,1259.23,36.95,2276.15,162.35,276.97,288.23,63.85,97.26,260.02,1828.90,3557.80,2.65,150.95,137.20,615.54,3.11,967.28,60.01,510.85
2026-03-01T11:20:00Z,48.39,2361.40,160.29,662.74,57.41,1886.92,173.13,879.21,74.38,1835.17,176.42,1257.81,37.09,2276.16,162.41,281.62,286.49,62.06,96.59,258.98,1832.37,3557.57,2.48,150.13,139.50,621.65,2.85,966.63,62.00,513.79
2026-03-01T11:30:00Z,48.07,2359.34,160.84,662.62,57.08,1890.96,173.43,875.00,74.31,1835.02,176.55,1249.67,37.22,2276.08,162.88,277.27,280.21,61.57,97.62,250.14,1832.71,3553.66,2.59,151.45,133.86,616.87,2.74,972.03,61.64,511.87
2026-03-01T11:40:00Z,47.78,2376.49,160.60,649.99,57.35,1898.33,173.70,867.67,74.12,1836.35,176.00,1238.83,37.05,2268.59,162.51,272.15,279.22,64.93,97.46,256.80,1830.66,3548.05,2.36,150.12,133.91,617.54,2.85,956.86,60.51,506.58
2026-03-01T11:50:00Z,47.94,2376.79,160.62,659.27,57.57,1889.35,174.07,881.34,74.32,1840.80,176.17,1239.50,37.09,2272.50,162.28,280.60,275.28,64.72,98.29,247.39,1815.80,3544.09,2.94,147.59,132.57,608.38,3.43,956.37,60.45,507.59
2026-03-01T12:00:00Z,47.57,2395.47,160.18,631.05,58.07,1881.59,174.62,906.55,74.23,1854.88,175.99,1228.25,37.30,2273.85,162.38,274.56,280.07,63.39,97.51,254.62,1832.71,3548.77,2.43,151.38,134.92,617.92,3.50,964.52,60.84,523.03
2026-03-01T12:10:00Z,47.60,2388.58,159.24,632.37,57.84,1874.75,174.59,917.77,74.30,1845.77,175.06,1237.06,36.89,2274.65,162.64,265.28,277.80,62.70,97.45,251.17,1817.08,3552.17,2.44,151.24,133.50,609.88,3.18,960.12,61.20,507.20
2026-03-01T12:20:00Z,47.52,2397.38,159.52,620.19,57.99,1852.83,174.62,918.52,73.82,1855.42,174.39,1214.25,37.20,2274.17,163.04,284.28,282.89,62.38,96.65,250.72,1824.28,3553.10,2.42,149.90,135.66,620.79,3.23,961.79,59.76,517.05
2026-03-01T12:30:00Z,47.71,2381.31,159.72,635.84,58.43,1859.65,174.99,922.32,73.53,1854.09,174.77,1223.75,37.35,2270.02,162.72,287.47,273.48,63.10,96.94,247.75,1820.38,3550.32,2.47,151.12,131.41,617.34,3.31,961.23,59.35,512.63
2026-03-01T12:40:00Z,47.58,2391.97,159.83,636.78,58.37,1865.43,174.16,937.78,72.99,1869.90,175.18,1219.88,37.38,2261.81,163.05,289.89,272.70,63.06,97.11,245.10,1818.85,3562.30,2.58,151.57,130.70,611.85,3.26,959.04,59.75,513.26
2026-03-01T12:50:00Z,47.75,2392.69,159.71,635.75,58.28,1867.03,173.61,939.45,73.36,1872.40,175.32,1211.94,37.75,2251.98,162.93,295.12,275.22,63.49,96.94,246.81,1826.43,3540.22,2.33,151.26,134.35,625.77,2.97,956.88,61.21,518.11
2026-03-01T13:00:00Z,47.52,2383.89,159.43,638.96,57.69,1889.84,174.31,897.02,73.02,1861.91,174.53,1176.73,37.74,2255.18,163.40,294.03,278.29,61.76,96.31,253.95,1826.48,3552.57,2.19,148.07,135.02,620.42,2.59,964.21,60.45,531.66
2026-03-01T13:10:00Z,47.60,2378.13,159.57,635.77,57.85,1887.84,174.73,906.20,72.92,1859.07,174.50,1187.76,37.40,2265.90,163.06,292.79,277.90,58.63,96.65,247.43,1823.50,3545.87,2.76,151.13,135.09,616.06,2.77,958.82,58.62,511.96
2026-03-01T13:20:00Z,48.10,2384.87,159.26,640.40,58.14,1873.67,174.70,902.90,73.32,1863.64,174.04,1182.22,37.45,2275.21,162.85,288.47,277.97,61.05,97.71,250.12,1822.08,3541.50,2.43,150.82,132.86,613.56,2.64,956.46,60.53,509.61
2026-03-01T13:30:00Z,48.63,2368.91,158.97,647.65,57.59,1879.84,175.21,915.44,73.21,1872.95,174.17,1174.33,36.76,2274.78,163.46,292.96,277.99,60.58,98.41,249.73,1811.89,3556.82,2.35,148.28,133.52,618.04,2.88,955.23,60.93,505.06
2026-03-01T13:40:00Z,48.79,2363.41,159.89,657.45,57.74,1880.86,173.49,917.25,73.14,1871.39,174.47,1176.08,37.02,2272.82,163.66,287.18,277.37,62.69,97.21,249.99,1825.18,3549.46,2.61,150.47,134.00,617.09,3.21,956.41,61.42,512.14
2026-03-01T13:50:00Z,49.18,2354.90,160.41,678.49,57.76,1880.94,173.44,917.58,73.36,1869.01,174.25,1173.93,37.05,2283.88,164.15,295.51,276.86,62.29,97.35,247.85,1818.51,3554.57,2.48,151.31,131.44,615.08,3.12,960.44,60.46,511.52
2026-03-01T14:00:00Z,49.53,2341.48,161.07,699.86,57.78,1875.45,173.82,907.52,73.37,1867.14,174.38,1170.29,37.24,2275.23,163.86,285.52,274.85,61.43,97.19,249.89,1816.41,3542.43,2.55,150.59,134.53,620.81,3.07,960.19,60.66,514.21
2026-03-01T14:10:00Z,49.32,2337.71,161.14,695.49,57.65,1891.21,173.48,901.86,73.42,1869.14,173.94,1176.55,37.03,2276.57,163.65,291.91,274.46,61.95,97.34,246.68,1809.54,3544.10,2.71,149.00,131.74,608.70,3.23,950.41,59.81,504.31
2026-03-01T14:20:00Z,49.52,2335.17,161.20,708.50,58.28,1883.78,173.86,898.27,72.96,1874.87,173.68,1190.22,36.74,2292.95,163.45,290.48,275.99,62.17,97.26,247.38,1820.87,3539.52,2.75,148.79,132.32,616.14,3.16,958.94,59.78,513.57
2026-03-01T14:30:00Z,49.54,2341.89,161.00,703.98,58.27,1865.15,173.57,908.27,72.87,1876.06,173.41,1177.11,36.94,2280.39,163.61,278.40,272.04,61.07,97.46,243.93,1815.93,3546.66,2.60,149.03,130.92,620.98,2.84,957.31,59.47,512.33
2026-03-01T14:40:00Z,49.31,2335.22,161.40,719.10,58.07,1868.99,174.20,900.71,72.73,1876.72,174.32,1181.39,36.95,2285.62,162.65,268.99,278.66,62.12,97.35,250.42,1819.80,3534.70,2.53,150.18,138.27,629.06,3.33,964.27,60.25,511.12
2026-03-01T14:50:00Z,49.13,2339.35,162.07,718.47,57.94,1872.37,175.55,911.87,72.61,1866.65,174.22,1193.41,37.01,2286.63,162.59,252.39,279.78,61.16,97.76,253.36,1826.97,3549.95,2.38,149.32,132.96,614.20,3.26,965.60,59.61,504.93
2026-03-01T15:00:00Z,48.88,2352.01,161.64,709.76,57.79,1876.65,174.66,907.47,72.66,1876.53,174.14,1179.07,36.63,2292.74,162.46,252.00,280.60,60.17,97.59,253.50,1828.11,3549.47,2.58,151.06,134.28,619.01,3.03,965.72,60.67,519.23
2026-03-01T15:10:00Z,49.09,2357.89,161.31,702.79,57.90,1872.50,175.18,893.61,72.75,1882.94,174.25,1172.63,36.78,2280.32,162.69,239.09,278.95,60.27,98.04,250.65,1819.60,3555.79,2.76,150.43,135.03,613.59,3.10,957.14,60.49,511.09
2026-03-01T15:20:00Z,49.16,2360.10,161.18,693.68,57.38,1890.06,174.83,906.36,72.31,1885.63,174.06,1173.88,36.96,2276.11,162.49,241.57,276.35,62.01,96.77,250.49,1819.36,3550.22,2.27,150.29,132.54,621.70,3.26,960.67,60.20,520.56
2026-03-01T15:30:00Z,49.26,2340.29,160.96,695.33,57.44,1886.64,174.92,897.29,72.63,1880.01,174.12,1183.61,36.77,2274.77,163.19,263.27,278.10,61.43,95.89,251.84,1828.60,3557.80,2.36,151.73,132.65,612.17,2.86,958.22,60.44,520.54
2026-03-01T15:40:00Z,49.54,2341.50,160.63,706.77,57.27,1880.96,174.55,891.75,72.36,1895.05,174.49,1161.21,36.91,2276.71,163.77,276.06,277.52,62.58,96.55,250.81,1827.03,3547.40,2.76,151.46,132.86,613.84,3.22,961.25,60.33,506.64
2026-03-01T15:50:00Z,49.13,2352.88,160.30,692.34,57.53,1882.55,174.59,891.11,72.48,1890.84,173.75,1154.16,36.89,2274.13,163.73,284.77,273.58,61.83,96.47,244.17,1822.94,3532.39,2.66,150.75,133.87,616.93,2.90,964.64,59.85,505.23
2026-03-01T16:00:00Z,48.92,2353.57,160.12,684.16,57.76,1882.91,173.88,887.60,72.35,1892.10,173.78,1145.37,36.95,2272.65,163.21,284.49,272.62,61.27,95.54,246.46,1812.75,3557.88,2.61,150.88,129.45,611.30,3.08,954.89,58.82,518.02
2026-03-01T16:10:00Z,48.44,2361.71,160.59,686.39,58.15,1878.70,173.78,886.44,72.73,1891.88,174.22,1149.20,37.17,2272.51,163.14,274.34,274.22,59.85,96.52,246.85,1815.54,3542.46,2.47,150.81,131.55,616.88,3.06,949.63,59.87,513.01
2026-03-01T16:20:00Z,48.24,2367.84,160.53,676.29,58.03,1877.69,174.39,907.51,72.71,1888.18,174.09,1158.36,37.21,2266.74,162.21,272.62,279.82,61.46,96.04,253.97,1828.67,3563.06,2.52,150.06,135.47,618.93,2.67,970.59,60.61,510.42
2026-03-01T16:30:00Z,48.35,2371.91,160.77,662.90,57.67,1878.53,174.32,921.84,72.82,1890.67,173.49,1147.87,37.25,2261.12,162.26,273.94,289.45,62.33,97.46,262.70,1834.81,3540.23,2.65,151.36,138.14,624.64,3.00,968.50,60.53,516.71
2026-03-01T16:40:00Z,48.14,2369.41,160.02,660.80,57.87,1870.75,174.73,927.32,72.46,1890.00,173.57,1137.93,37.14,2265.99,162.37,275.11,280.26,60.02,97.50,251.91,1828.66,3548.64,2.50,149.75,135.59,620.46,3.22,961.30,61.16,508.06
2026-03-01T16:50:00Z,48.03,2373.77,160.25,659.07,58.07,1857.48,174.70,932.71,72.25,1896.35,173.50,1140.29,36.96,2274.08,161.98,281.32,282.36,61.40,97.56,254.35,1826.15,3535.03,2.46,150.34,138.34,620.92,2.97,967.96,60.76,515.58
2026-03-01T17:00:00Z,47.53,2381.72,160.04,655.93,58.09,1868.63,173.80,931.42,72.16,1896.65,173.82,1148.54,36.73,2280.58,161.62,272.06,277.85,61.88,96.81,249.23,1828.90,3561.28,2.77,151.50,135.22,619.15,2.98,968.96,60.40,516.03
2026-03-01T17:10:00Z,47.12,2400.89,159.70,628.98,58.09,1872.80,173.93,919.34,72.13,1895.43,173.71,1145.47,36.52,2293.22,162.29,262.92,275.81,59.44,96.44,250.38,1828.27,3545.51,2.54,150.23,130.48,611.40,3.07,961.90,61.46,509.47
2026-03-01T17:20:00Z,47.10,2411.21,159.87,607.23,58.10,1857.58,174.21,922.83,71.88,1890.11,173.73,1159.30,36.03,2297.18,162.19,254.67,278.56,59.64,95.88,252.45,1829.31,3558.98,2.45,151.07,132.69,620.70,3.24,964.15,60.83,510.07
2026-03-01T17:30:00Z,46.82,2401.69,159.57,604.81,58.32,1861.00,174.33,934.49,72.37,1888.74,174.08,1166.96,35.92,2287.03,163.20,257.52,280.76,59.42,96.90,251.91,1824.22,3559.93,2.37,150.12,135.72,614.71,3.09,962.13,62.26,508.15
2026-03-01T17:40:00Z,47.19,2386.35,159.16,633.39,58.15,1862.21,174.28,931.64,72.13,1894.31,173.54,1161.81,35.97,2290.99,162.60,270.69,277.91,60.02,96.50,251.22,1829.46,3560.60,2.59,151.05,136.22,625.72,3.17,965.10,60.48,515.10
2026-03-01T17:50:00Z,46.94,2391.52,158.86,613.13,57.93,1869.81,175.22,924.66,72.33,1884.28,174.00,1191.35,35.92,2301.10,162.44,245.87,277.32,61.41,96.72,247.88,1820.50,3538.94,2.70,149.88,133.68,621.54,3.56,958.18,60.48,520.70
2026-03-01T18:00:00Z,47.35,2382.29,158.88,623.42,58.33,1864.50,174.57,934.25,72.53,1883.56,173.89,1187.22,36.01,2293.49,162.39,253.00,272.01,62.65,96.93,244.76,1815.41,3551.94,2.32,150.58,131.03,616.23,2.91,952.94,59.85,516.95
2026-03-01T18:10:00Z,47.28,2385.23,158.92,632.55,57.90,1870.64,174.73,926.23,72.82,1879.94,173.08,1172.88,36.15,2296.01,161.92,250.56,276.62,62.35,96.58,250.33,1816.31,3546.63,2.90,149.87,134.95,619.33,3.02,961.84,59.54,514.10
2026-03-01T18:20:00Z,47.21,2394.46,159.40,628.65,58.03,1870.92,174.57,913.61,72.94,1882.01,174.01,1177.63,36.24,2293.09,162.00,236.05,277.14,61.86,97.04,250.35,1822.24,3567.90,2.70,151.36,132.98,617.83,2.72,957.29,59.87,519.78
2026-03-01T18:30:00Z,47.04,2390.22,159.63,624.43,57.82,1878.66,174.53,896.02,73.14,1883.25,174.36,1180.90,36.15,2294.87,162.11,247.75,270.91,60.65,97.29,242.63,1804.33,3548.22,2.42,148.97,129.80,616.13,3.09,957.76,60.44,511.04
2026-03-01T18:40:00Z,46.93,2391.01,158.76,597.41,57.60,1892.54,174.23,899.02,73.14,1875.19,174.32,1175.34,36.31,2286.58,161.76,264.63,281.95,58.06,96.52,253.08,1824.04,3543.92,2.44,149.52,136.44,619.95,3.47,952.98,60.71,508.60
2026-03-01T18:50:00Z,46.70,2399.53,158.98,591.78,57.63,1890.58,174.40,886.47,73.55,1861.97,174.21,1196.33,36.10,2294.42,162.03,258.46,277.25,57.77,96.26,246.41,1816.49,3549.84,2.55,149.93,132.77,616.13,2.98,959.57,59.36,512.53
2026-03-01T19:00:00Z,47.03,2394.23,158.74,611.00,57.72,1883.00,173.98,892.18,73.36,1854.50,173.53,1194.72,35.80,2308.60,162.12,243.22,272.43,58.95,95.96,241.00,1820.13,3546.08,2.45,149.44,131.26,612.36,3.38,959.61,61.86,510.46
2026-03-01T19:10:00Z,47.17,2402.38,158.93,600.28,57.93,1882.12,173.93,905.18,73.75,1851.82,173.69,1209.54,35.48,2316.95,162.06,228.16,271.35,60.06,96.26,246.43,1810.06,3557.99,2.22,149.53,130.53,607.79,3.30,953.50,61.29,498.98
2026-03-01T19:20:00Z,47.08,2408.63,159.22,598.89,57.78,1875.03,173.90,897.27,73.52,1866.27,174.43,1206.54,35.31,2314.29,161.27,211.34,273.95,62.39,96.09,244.56,1825.76,3548.51,2.21,148.13,134.96,617.74,3.11,964.88,59.90,507.77
2026-03-01T19:30:00Z,47.19,2388.58,159.43,606.40,57.88,1891.82,174.15,893.91,74.05,1846.24,174.41,1192.46,35.15,2311.87,161.47,215.13,270.59,61.33,97.19,245.25,1821.41,3543.12,2.53,151.53,131.09,615.65,2.82,956.47,59.74,501.20
2026-03-01T19:40:00Z,46.76,2400.28,159.51,608.28,57.91,1891.49,173.97,886.48,73.95,1854.28,174.46,1206.59,35.45,2314.19,162.44,212.82,273.34,61.11,96.91,242.76,1811.18,3560.11,2.48,150.16,129.37,614.69,2.94,949.44,59.86,509.97
2026-03-01T19:50:00Z,46.36,2417.28,158.84,581.35,57.91,1873.70,174.06,902.33,74.06,1842.51,174.49,1205.10,35.52,2310.44,161.70,215.67,271.18,60.49,96.73,243.01,1821.72,3564.26,2.60,151.59,131.32,614.59,3.07,960.13,59.73,507.06
2026-03-01T20:00:00Z,46.56,2404.24,159.03,577.03,57.80,1868.62,173.96,913.56,73.82,1838.37,174.57,1221.54,35.47,2318.65,161.33,204.52,277.76,59.98,96.10,248.34,1821.39,3549.64,2.50,150.12,133.16,616.21,3.22,961.27,59.46,509.10
2026-03-01T20:10:00Z,46.37,2413.96,158.73,580.30,58.25,1865.95,174.84,923.90,73.66,1843.81,174.66,1227.32,35.50,2317.17,162.32,218.29,276.96,61.01,96.62,248.54,1819.54,3556.09,2.35,151.98,132.20,611.33,2.99,953.34,61.18,509.09
2026-03-01T20:20:00Z,46.57,2414.42,157.46,590.08,58.16,1869.12,174.83,919.62,73.69,1849.88,175.33,1214.68,35.85,2313.48,161.85,221.41,281.29,59.20,96.66,252.29,1828.22,3541.42,2.52,150.14,133.72,618.57,3.18,959.58,61.31,520.58
2026-03-01T20:30:00Z,46.79,,157.67,601.10,58.09,1865.63,174.93,920.04,73.67,1860.88,174.66,1204.28,35.80,2315.15,161.70,232.59,278.12,60.14,96.14,246.41,1824.01,3545.91,2.52,151.59,135.44,615.61,2.91,960.74,62.16,517.19
2026-03-01T20:40:00Z,46.47,2403.15,159.20,617.91,57.87,1868.95,175.03,923.44,73.45,1859.17,174.48,1202.17,35.71,2316.24,161.80,226.24,278.57,61.86,96.47,249.81,1822.98,3549.97,2.58,149.87,133.07,614.05,2.77,965.67,60.84,510.69
2026-03-01T20:50:00Z,46.48,2411.76,159.52,627.23,57.87,1871.09,174.72,923.57,73.56,1861.43,174.85,1209.69,35.38,2312.93,162.08,227.14,277.21,61.26,96.64,251.79,1817.89,3548.13,2.53,148.75,132.63,617.59,2.83,958.16,59.68,515.31
2026-03-01T21:00:00Z,46.80,2407.79,159.90,613.25,57.91,1877.65,173.66,908.56,73.66,1855.21,175.00,1208.30,35.41,2324.98,162.55,231.03,274.35,60.96,97.26,245.26,1818.44,3562.99,2.61,150.26,131.07,616.77,3.08,955.99,60.17,512.39
2026-03-01T21:10:00Z,46.71,2406.17,159.63,605.91,57.85,1883.86,173.75,904.68,73.84,1863.35,175.07,1210.41,35.55,2316.68,162.95,225.06,273.01,60.09,96.92,243.52,1813.88,3542.51,2.41,149.89,129.04,610.26,3.12,953.80,59.75,508.10
2026-03-01T21:20:00Z,47.17,2402.29,159.71,604.15,57.84,1882.32,174.20,912.46,73.55,1874.39,174.85,1214.01,35.51,2325.52,162.53,218.56,265.78,60.36,97.48,238.99,1814.58,3548.86,2.46,150.24,128.68,611.58,2.91,964.19,60.71,511.54
2026-03-01T21:30:00Z,47.32,2386.53,159.37,612.80,57.63,1888.76,173.69,893.30,73.33,1871.15,174.91,1204.56,34.89,2329.86,162.38,204.47,261.20,60.64,96.65,235.83,1806.15,3547.11,2.55,149.13,125.63,603.52,3.00,954.95,61.11,507.27
2026-03-01T21:40:00Z,47.55,2386.73,159.30,628.10,57.19,1894.32,174.06,893.82,,1867.59,175.13,1200.02,35.33,2319.93,161.22,210.50,272.89,58.75,96.09,245.98,1813.01,3543.48,2.75,149.19,128.70,610.28,2.95,956.33,60.64,502.54
2026-03-01T21:50:00Z,47.74,2391.97,159.63,640.22,57.31,1892.07,173.82,892.04,73.06,1867.94,174.20,1190.85,35.72,2305.75,161.37,227.05,274.68,59.81,96.03,251.06,1825.11,3550.87,2.36,151.12,131.48,617.45,2.91,963.90,60.23,513.91
2026-03-01T22:00:00Z,47.21,2380.41,159.88,633.55,56.92,1892.85,174.01,891.34,73.10,1854.88,174.33,1187.25,35.82,2303.86,160.91,229.36,273.35,59.81,96.45,248.20,1819.62,3560.24,2.19,150.60,133.54,624.01,2.75,959.26,59.35,520.57
2026-03-01T22:10:00Z,47.52,2385.56,159.22,629.78,56.41,1906.32,173.53,882.24,73.33,1863.23,174.08,1184.85,36.22,2293.31,162.35,229.32,267.77,60.02,96.93,240.60,1816.01,3550.35,2.35,152.19,129.76,609.18,3.34,952.13,60.59,506.73
2026-03-01T22:20:00Z,47.48,2386.49,159.80,631.46,56.59,1913.59,172.98,884.72,73.21,1870.77,173.96,1188.56,36.38,2283.83,161.71,230.86,269.92,60.39,96.08,243.53,1826.41,3540.39,2.51,147.62,131.21,613.70,3.34,960.95,59.87,518.20
2026-03-01T22:30:00Z,47.09,2384.04,160.47,628.44,56.56,1916.07,173.00,879.19,73.26,1875.86,174.32,1185.08,36.16,2295.13,162.06,228.81,272.79,58.97,96.49,244.26,1817.83,3532.36,2.49,150.13,131.24,615.94,2.90,957.66,60.38,516.22
2026-03-01T22:40:00Z,47.12,2380.99,160.84,635.24,56.49,1916.59,173.52,869.60,73.07,1874.09,174.60,1180.06,36.03,2299.40,161.35,227.14,273.40,58.78,96.96,247.68,1824.98,3548.02,2.49,148.50,131.42,612.79,3.10,959.66,60.34,514.63
2026-03-01T22:50:00Z,47.16,2391.31,160.46,617.78,56.48,1920.87,173.85,854.89,72.61,1866.61,174.97,1184.85,35.96,2305.89,161.48,234.35,268.11,60.87,96.91,240.06,1812.36,3542.19,2.52,148.47,129.17,614.61,2.95,957.89,59.76,504.10
2026-03-01T23:00:00Z,47.15,2392.29,160.25,625.57,56.48,1911.78,174.20,866.94,72.82,1875.81,173.93,1192.82,35.98,2312.19,161.40,231.40,269.21,59.42,96.43,242.06,1820.04,3555.66,2.72,149.14,126.31,602.44,3.05,962.50,60.16,494.87
2026-03-01T23:10:00Z,47.33,2389.81,161.19,641.60,56.33,1918.91,174.20,859.73,73.00,1885.51,173.98,1190.61,36.04,2308.20,161.91,245.02,277.10,60.24,96.70,246.14,1821.07,3555.84,2.62,149.92,135.76,625.18,2.80,958.98,59.05,514.22
2026-03-01T23:20:00Z,47.70,2382.97,161.03,647.09,56.70,1915.97,173.32,853.63,72.98,1881.52,173.73,1179.04,35.98,2294.92,162.49,255.20,279.71,60.51,97.17,252.32,1834.37,3553.27,2.41,150.19,133.40,620.37,3.07,969.69,60.53,516.62
2026-03-01T23:30:00Z,47.82,2391.11,160.00,636.53,56.77,1910.00,173.13,863.21,73.28,1886.64,173.88,1168.79,36.13,2293.72,162.14,243.22,277.93,60.33,96.48,249.69,1816.55,3542.98,2.77,149.45,133.50,615.19,2.74,959.28,60.56,510.52
2026-03-01T23:40:00Z,48.10,2377.75,159.48,652.01,56.54,1921.30,172.44,862.40,73.67,1869.20,173.67,1185.31,36.08,2288.40,162.64,254.50,279.08,61.01,96.64,252.46,1824.04,3548.45,2.48,150.43,136.65,621.38,2.93,962.64,61.74,519.83
2026-03-01T23:50:00Z,48.51,2363.30,160.33,662.59,56.15,1915.29,173.39,852.57,73.88,1855.83,174.14,1193.30,35.84,2296.35,162.80,251.68,280.73,60.17,96.77,250.87,1804.82,3543.43,2.60,149.43,136.65,619.58,2.88,950.77,59.55,531.86
2026-03-02T00:00:00Z,48.33,2358.43,160.25,664.79,56.39,1910.62,173.67,845.33,73.73,1842.05,174.00,1212.32,35.91,2296.04,162.22,236.83,278.37,61.74,96.70,249.49,1818.63,3551.30,2.12,151.35,132.70,608.21,2.53,953.21,59.73,508.14
2026-03-02T00:10:00Z,48.27,2363.27,160.26,667.31,57.05,1908.40,173.38,848.74,73.68,1846.70,174.48,1212.85,35.99,2298.57,162.26,240.74,278.47,61.01,96.77,250.10,1810.33,3528.14,2.29,149.03,134.93,614.90,3.02,952.09,59.93,512.28
2026-03-02T00:20:00Z,48.34,2366.63,159.84,650.53,56.55,1902.49,174.52,867.13,73.41,1852.90,174.71,1208.78,36.49,2289.48,162.52,259.34,273.38,61.47,96.30,243.29,1814.20,3551.79,2.41,149.93,131.30,611.71,3.17,958.53,59.84,505.23
2026-03-02T00:30:00Z,48.17,2369.57,159.40,651.63,57.03,1897.03,174.26,874.47,73.51,1855.71,174.20,1202.23,36.40,2294.01,162.73,256.30,273.94,63.21,96.38,245.59,1816.87,3551.67,2.57,150.82,130.34,621.29,2.57,951.67,60.57,510.18
2026-03-02T00:40:00Z,48.14,2371.21,159.65,658.91,56.85,1910.30,174.63,873.17,73.50,1863.22,174.48,1209.89,36.32,2291.28,162.86,261.62,272.52,61.96,96.48,247.69,1823.02,3540.38,2.66,150.09,130.15,612.86,2.84,957.81,59.52,507.20
2026-03-02T00:50:00Z,48.29,2378.02,159.73,646.58,57.21,1903.00,174.75,880.11,73.43,1856.75,175.36,1195.01,36.11,2295.40,162.34,243.55,272.36,59.86,96.79,247.52,1818.72,3545.73,2.62,151.71,130.59,621.28,3.33,962.22,60.96,514.99
2026-03-02T01:00:00Z,48.02,2376.00,159.47,642.10,57.25,1900.22,174.70,886.66,73.45,1869.39,174.81,1193.25,36.09,2298.33,162.83,253.67,272.22,61.74,97.40,240.49,1816.16,3552.19,2.55,149.90,132.50,613.53,3.02,959.03,60.99,514.18
2026-03-02T01:10:00Z,48.19,2371.27,159.08,657.13,57.43,1885.72,174.12,880.75,73.69,1861.51,175.00,1191.58,36.23,2293.45,162.23,244.81,272.07,60.69,97.35,244.38,1811.37,3559.19,2.31,150.63,131.58,611.90,3.10,957.36,60.63,503.71
2026-03-02T01:20:00Z,48.05,2372.30,159.71,650.97,57.04,1889.23,174.40,896.31,73.38,1878.16,175.02,1197.04,36.11,2291.08,162.58,239.95,271.71,61.82,97.44,243.77,1817.92,3544.55,2.67,151.67,130.41,618.22,3.18,960.35,60.25,511.55
2026-03-02T01:30:00Z,47.89,2373.35,160.06,655.75,57.37,1887.80,174.28,896.72,73.56,1866.56,175.50,1194.55,36.35,2300.37,163.48,238.06,270.42,60.82,96.90,244.41,1819.82,3545.30,2.31,150.78,128.89,607.88,3.11,964.06,59.35,496.74
2026-03-02T01:40:00Z,47.63,2384.25,159.50,626.38,57.42,1882.76,174.21,900.99,73.30,1856.70,175.34,1194.87,36.45,2293.36,162.68,250.67,270.06,60.35,97.12,241.09,1809.01,3540.41,2.78,151.18,129.73,614.70,3.25,949.03,60.17,514.34
2026-03-02T01:50:00Z,48.04,2380.64,159.86,642.31,57.44,1888.64,175.20,906.47,73.13,1868.05,175.47,1187.46,36.33,2287.88,162.03,244.91,274.96,61.24,96.57,248.08,1824.35,3536.94,2.51,150.66,131.47,612.65,3.13,960.21,60.03,515.37
2026-03-02T02:00:00Z,48.22,2369.17,159.95,645.10,57.75,1877.58,174.27,920.84,73.08,1868.39,175.18,1175.45,36.50,2286.43,161.80,261.95,275.50,60.65,96.33,247.94,1827.25,3559.80,2.90,151.63,132.10,611.69,2.83,961.43,60.01,513.29
2026-03-02T02:10:00Z,48.43,2362.19,159.48,647.51,57.37,1884.74,174.67,920.15,72.84,1875.13,174.65,1172.55,35.94,2297.79,162.74,245.21,272.91,61.24,96.72,244.38,1822.85,3554.56,2.57,147.53,131.42,614.14,3.36,962.67,59.87,512.14
2026-03-02T02:20:00Z,47.91,2366.74,160.11,657.46,57.32,1893.60,174.60,901.01,72.78,1878.49,173.84,1158.25,35.95,2297.16,161.97,239.41,275.80,62.68,97.31,249.41,1818.55,3550.84,2.27,149.55,132.48,612.18,3.22,961.49,59.61,508.91
2026-03-02T02:30:00Z,47.57,2385.69,159.15,651.26,56.60,1906.07,173.60,881.70,72.75,1872.48,172.93,1155.34,36.09,2302.07,162.05,229.60,275.22,61.98,96.98,248.24,1817.74,3543.06,2.56,149.94,131.47,617.38,2.94,955.50,59.81,510.71
2026-03-02T02:40:00Z,47.65,2390.91,159.39,647.79,56.41,1909.68,173.71,879.86,72.90,1871.23,173.67,1175.60,35.99,2301.66,161.78,245.39,275.30,60.69,96.52,246.58,1822.23,3565.84,2.31,149.76,131.79,615.47,2.93,964.35,59.55,500.28
2026-03-02T02:50:00Z,47.84,2386.57,159.51,655.60,56.46,1912.87,173.90,877.24,72.92,1877.63,173.14,1171.39,35.99,2297.70,162.00,236.75,278.07,60.09,96.31,249.51,1827.18,3541.70,2.70,150.67,135.54,611.44,3.35,958.54,60.06,504.72
2026-03-02T03:00:00Z,47.48,2390.47,160.26,644.37,55.80,1914.97,174.30,854.43,73.19,1871.07,173.60,1173.04,35.95,2296.78,161.86,235.25,277.86,60.30,96.10,251.26,1817.59,3552.32,2.71,148.59,134.49,614.37,2.99,961.19,60.96,506.80
2026-03-02T03:10:00Z,47.66,2390.16,160.48,645.53,56.10,1933.32,173.36,853.20,72.94,1871.43,174.33,1174.06,36.14,2293.56,161.38,238.54,275.52,58.39,96.07,248.82,1812.97,3550.15,2.29,151.83,131.71,612.37,3.25,956.73,60.64,510.40
2026-03-02T03:20:00Z,47.60,2379.09,160.10,648.55,56.29,1918.48,172.98,857.90,72.66,1877.50,173.62,1169.35,36.02,2299.93,161.73,233.21,271.89,59.68,96.59,246.27,1816.58,3537.22,2.65,150.15,131.86,611.37,2.78,957.67,59.87,501.36
2026-03-02T03:30:00Z,47.26,2378.57,159.75,643.15,56.44,1927.59,173.05,866.14,72.13,1885.20,173.47,1174.06,35.82,2298.35,162.67,240.33,275.20,58.93,96.76,247.81,1821.92,3548.17,2.67,149.46,131.57,612.52,3.41,966.15,60.15,519.58
2026-03-02T03:40:00Z,47.16,2399.53,159.66,632.02,56.13,1915.65,172.50,869.17,71.92,1902.44,173.81,1169.75,35.90,2309.45,162.81,233.45,275.95,57.59,96.67,248.27,1822.98,3552.24,2.31,149.43,132.98,613.57,3.41,965.56,59.77,509.85
2026-03-02T03:50:00Z,47.36,2392.37,159.97,629.65,56.05,1921.28,172.91,857.45,72.26,1895.71,173.87,1147.29,36.12,2296.32,162.27,242.38,274.15,59.64,96.00,247.85,1819.98,3544.00,2.71,148.83,131.53,609.46,2.97,957.30,58.64,506.99
2026-03-02T04:00:00Z,47.05,2398.38,159.10,619.90,55.40,1927.26,172.61,853.76,72.35,1880.86,173.63,1152.39,36.58,2288.58,162.58,253.47,272.56,58.30,96.09,245.50,1820.61,3550.98,2.52,149.26,130.35,618.28,2.88,959.73,59.83,521.34
2026-03-02T04:10:00Z,47.28,2395.00,159.46,617.52,55.47,1930.69,172.58,831.20,72.27,1889.00,173.68,1171.57,36.39,2290.78,162.77,248.17,274.05,56.71,95.54,248.67,1809.97,3536.26,2.46,149.92,134.00,614.56,2.83,954.98,60.83,510.77
2026-03-02T04:20:00Z,46.86,2395.73,159.26,612.14,55.31,1934.90,171.82,815.21,72.23,1890.28,173.77,1172.95,36.36,2300.74,162.75,232.27,272.18,56.16,96.66,244.39,1819.47,3549.84,2.67,151.04,128.82,605.12,2.98,964.57,59.20,505.81
2026-03-02T04:30:00Z,46.98,2390.52,159.78,615.98,55.36,1935.95,171.54,822.22,72.68,1874.32,174.18,1182.23,36.12,2301.30,162.49,243.86,269.99,56.18,96.95,241.45,1819.42,3556.79,2.43,150.19,128.66,613.13,2.87,958.30,59.27,524.29
2026-03-02T04:40:00Z,47.24,2396.48,159.66,609.67,55.36,1936.41,171.52,829.77,72.56,1881.21,174.41,1178.03,35.93,2304.33,161.91,243.31,274.55,59.87,96.16,247.97,1813.46,3549.57,2.67,150.50,131.75,616.76,3.15,953.23,58.14,507.08
2026-03-02T04:50:00Z,47.05,2404.63,159.59,616.60,55.46,1924.23,171.11,814.88,72.89,1870.22,173.81,1171.88,35.97,2291.50,162.87,249.62,268.27,60.22,97.26,244.90,1805.62,3549.05,2.63,150.56,128.33,609.54,2.77,955.22,,514.88
2026-03-02T05:00:00Z,47.10,2408.00,159.63,608.03,55.30,1923.11,171.76,835.26,73.02,1881.30,173.65,1180.00,35.81,2300.96,161.94,229.94,264.81,59.06,96.80,243.25,1822.06,3550.91,2.65,148.07,125.79,606.97,2.54,956.36,60.29,510.90
2026-03-02T05:10:00Z,47.34,2398.01,159.33,608.13,55.34,1936.89,172.49,829.56,73.24,1885.99,173.88,1173.85,35.80,2305.37,162.06,217.67,271.88,57.05,95.95,244.42,1816.01,3545.66,2.38,149.47,128.90,611.65,2.99,960.26,59.97,514.22
2026-03-02T05:20:00Z,47.40,2404.43,159.24,619.43,55.59,1940.85,172.55,812.31,73.50,1869.80,174.17,1186.31,36.03,2298.52,162.28,232.67,272.42,60.83,96.06,247.36,1825.87,3535.64,2.51,147.60,131.42,611.82,3.12,963.90,58.91,511.06
2026-03-02T05:30:00Z,47.22,2400.75,159.37,614.44,55.73,1938.97,172.08,832.89,73.30,1872.98,174.31,1184.82,35.98,2300.63,162.51,235.69,279.34,58.92,96.17,251.28,1818.47,3552.62,2.42,152.28,131.76,612.70,3.11,957.21,59.17,507.27
2026-03-02T05:40:00Z,47.09,2400.34,159.10,617.04,56.12,1929.40,172.36,830.02,73.17,1868.62,174.95,1177.87,35.77,2300.13,162.38,237.83,267.02,57.59,96.33,239.24,1809.81,3551.36,2.52,148.36,129.21,612.19,3.01,959.33,59.36,507.77
2026-03-02T05:50:00Z,47.14,2412.92,159.21,628.49,55.92,1935.60,172.45,814.95,72.90,1879.74,174.05,1184.02,35.93,2296.20,162.02,230.16,271.97,58.25,95.29,247.34,1823.51,3544.42,2.59,149.95,131.26,608.58,2.90,960.56,60.79,507.96
2026-03-02T06:00:00Z,47.77,2399.52,159.63,629.70,55.81,1933.08,172.11,817.63,72.76,1880.89,174.49,1185.61,35.95,2309.17,161.95,234.52,268.01,58.93,95.25,238.09,1804.70,3544.85,2.59,151.00,129.92,608.56,3.31,947.09,60.28,515.55
2026-03-02T06:10:00Z,47.97,2380.42,159.35,647.41,55.86,1931.40,171.96,828.97,72.66,1880.50,174.56,1177.09,36.46,2291.11,161.92,248.19,268.80,59.14,96.05,242.80,1811.30,3569.00,2.75,150.49,130.86,,2.98,956.04,60.21,500.34
2026-03-02T06:20:00Z,47.82,2382.51,160.04,647.60,55.91,1924.10,172.10,840.04,72.51,1879.47,173.41,1179.12,36.71,2278.98,161.87,259.57,270.82,57.69,95.67,244.48,1812.79,3568.79,2.58,152.00,130.80,607.37,3.21,954.38,59.82,507.92
2026-03-02T06:30:00Z,47.88,2373.96,160.33,636.33,55.92,1924.46,172.82,849.11,72.85,1870.98,174.42,1171.87,36.55,2286.14,162.68,276.54,274.19,60.29,96.04,242.44,1821.73,3561.04,2.39,151.68,131.07,611.03,2.79,963.50,59.74,505.73
2026-03-02T06:40:00Z,47.91,2369.67,160.03,635.52,56.10,1932.82,173.06,844.97,73.07,1872.28,174.23,1183.99,36.59,2295.05,162.55,261.66,270.59,58.85,95.39,245.28,1818.46,3560.50,2.79,151.28,131.09,609.09,3.04,966.20,60.88,506.94
2026-03-02T06:50:00Z,47.79,2377.49,159.49,648.89,55.80,1928.90,172.49,824.16,73.18,1878.60,173.69,1179.76,36.65,2296.98,162.61,255.46,275.11,59.84,95.56,245.09,1816.84,3548.30,2.39,149.93,131.85,617.36,3.32,958.66,59.67,512.79
2026-03-02T07:00:00Z,47.76,2383.81,159.53,639.04,55.54,1937.24,172.43,816.45,72.96,1873.45,174.00,1182.49,37.20,2286.82,162.76,270.27,273.30,60.08,96.30,244.68,1820.78,3549.84,2.44,151.20,135.55,621.18,3.05,964.74,58.87,506.07
2026-03-02T07:10:00Z,47.53,2395.56,159.29,638.70,55.66,1928.52,172.04,812.82,73.20,1863.84,174.21,1186.03,36.75,2281.12,162.81,257.07,279.05,59.20,97.08,252.57,1823.50,3560.70,2.46,150.39,135.50,619.84,3.17,968.85,59.35,511.32
2026-03-02T07:20:00Z,47.78,2379.33,159.22,663.93,55.49,1928.27,172.07,835.20,72.66,1874.21,173.23,1174.30,36.33,2293.14,163.22,257.48,273.44,60.48,96.29,247.06,1825.16,3562.38,2.72,150.99,129.93,610.69,3.16,958.31,59.76,504.95
2026-03-02T07:30:00Z,47.76,2382.36,159.68,651.54,55.84,1930.13,172.36,841.64,72.74,1880.68,173.30,1161.98,35.84,2295.51,162.39,250.40,271.60,61.01,96.10,244.40,1820.02,3549.97,2.33,150.29,130.18,615.84,3.03,953.82,60.11,522.08
2026-03-02T07:40:00Z,47.47,2376.56,160.37,654.97,55.83,1939.68,172.45,841.54,72.47,1881.96,173.24,1163.34,36.05,2290.53,162.91,245.63,276.99,59.21,96.42,246.90,1818.92,3550.77,2.49,150.68,133.47,616.13,3.14,960.75,58.74,499.25
2026-03-02T07:50:00Z,47.67,2374.30,160.12,656.59,55.73,1938.12,171.88,834.86,72.45,1888.93,173.51,1171.41,35.76,2304.03,162.64,237.35,278.07,59.14,96.66,247.81,1813.24,3543.42,2.33,149.73,133.81,620.50,3.11,955.44,59.09,524.56
2026-03-02T08:00:00Z,47.53,2377.36,160.70,654.88,55.42,1930.94,171.60,844.06,72.14,1886.31,173.22,1164.27,35.26,2303.78,162.64,228.17,270.86,60.40,96.39,244.70,1826.58,3542.55,2.34,152.56,131.77,613.19,2.82,959.79,59.58,516.85
2026-03-02T08:10:00Z,47.47,2376.93,160.31,657.49,55.26,1944.66,171.80,816.12,72.49,1882.48,173.50,1153.21,35.46,2318.92,162.48,209.69,273.79,59.94,95.66,246.71,1817.98,3546.70,2.40,151.05,132.08,617.06,2.89,956.13,58.99,519.25
2026-03-02T08:20:00Z,47.30,2389.96,159.83,641.96,55.48,1939.20,172.66,820.71,72.62,1888.42,174.27,1155.29,35.70,2316.23,162.65,213.64,270.19,58.02,96.63,245.43,1819.59,3556.37,2.56,150.52,127.45,611.72,3.01,958.51,59.36,512.38
2026-03-02T08:30:00Z,47.67,2380.26,159.73,622.54,55.50,1935.52,172.81,801.58,73.14,1884.80,173.71,1170.43,35.80,2315.95,161.89,201.13,269.85,55.40,96.96,240.97,1811.77,3546.30,2.38,151.19,131.50,616.61,2.98,955.90,59.26,512.80
2026-03-02T08:40:00Z,47.61,2377.20,159.61,638.46,55.37,1939.67,172.56,817.48,72.86,1889.67,173.42,1177.59,36.25,2307.03,162.05,230.11,269.30,54.57,96.11,240.80,1815.35,3538.05,2.29,148.79,129.67,609.66,2.79,957.63,59.44,501.81
2026-03-02T08:50:00Z,,2387.78,159.50,621.29,55.84,1940.52,172.69,823.20,73.38,1875.48,173.50,1189.09,36.66,2295.57,161.99,258.05,277.99,56.34,95.94,250.56,1830.14,3537.28,2.30,148.51,134.32,615.22,3.29,964.86,60.17,507.12
2026-03-02T09:00:00Z,47.32,2389.07,159.48,629.13,55.79,1946.33,172.94,824.45,73.42,1877.33,174.13,1190.08,36.37,2291.90,161.43,255.70,279.00,58.36,95.78,250.98,1815.22,3546.42,2.67,150.79,133.69,622.46,3.18,959.35,59.32,520.98
2026-03-02T09:10:00Z,47.51,2385.05,159.96,632.59,55.96,1930.82,171.89,828.50,73.67,1868.32,175.42,1201.45,36.38,2289.80,161.47,240.87,273.95,57.09,96.58,242.75,1816.06,3540.88,2.58,149.18,132.32,617.25,3.24,959.69,59.77,510.13
2026-03-02T09:20:00Z,47.52,2374.41,160.49,627.83,56.26,1924.17,172.72,834.98,73.53,1867.10,175.38,1201.57,36.52,2291.26,,255.43,276.31,57.67,96.79,250.42,1829.57,3557.60,2.63,150.31,131.90,616.56,3.19,969.93,60.70,507.41
2026-03-02T09:30:00Z,47.42,2373.33,159.63,652.56,56.36,1916.48,173.22,855.75,73.25,1868.65,174.35,1196.03,36.33,2284.25,161.93,264.97,278.34,57.31,96.39,249.41,1815.10,3553.76,2.62,150.41,133.54,611.96,2.54,953.70,61.22,507.66
2026-03-02T09:40:00Z,47.79,2380.32,160.06,657.33,56.50,1913.23,172.18,847.13,73.55,1863.29,174.91,1205.97,35.78,2302.86,161.63,248.49,277.21,59.69,96.63,247.16,1822.96,3536.14,2.40,150.64,133.57,612.24,3.03,958.35,61.64,496.66
2026-03-02T09:50:00Z,47.96,2376.81,159.72,655.55,56.43,1917.62,172.37,847.97,73.92,1852.80,174.34,1219.95,36.01,2303.38,161.19,248.98,278.64,60.98,96.22,249.45,1820.22,3541.27,2.63,150.49,136.38,616.18,3.36,960.53,59.98,518.99
2026-03-02T10:00:00Z,47.90,2371.90,159.95,654.72,56.54,1903.59,172.64,852.22,73.82,1850.96,174.05,1210.22,36.07,2303.61,161.04,227.52,274.07,59.08,96.03,247.32,1819.95,3547.98,2.53,151.94,133.73,618.54,2.97,964.50,61.68,519.12
2026-03-02T10:10:00Z,47.97,2367.09,160.25,658.24,56.33,1906.54,172.72,858.34,73.87,1855.64,174.13,1209.48,36.23,2299.23,161.52,235.73,271.46,59.22,96.07,248.25,1819.85,3563.10,2.56,149.20,132.52,610.62,3.03,953.94,61.40,505.93
2026-03-02T10:20:00Z,48.02,2381.03,158.94,641.73,56.52,1907.01,173.24,857.44,73.72,1858.02,174.40,1213.90,36.13,2291.17,162.13,245.94,275.07,60.72,96.31,249.05,1818.06,3543.77,2.40,148.74,134.04,616.77,3.17,956.64,60.81,512.70
2026-03-02T10:30:00Z,48.20,2378.32,160.60,650.63,57.04,1899.86,172.78,865.25,73.63,1855.92,174.80,1216.27,36.03,2298.44,162.39,247.34,275.19,58.98,96.21,248.22,1817.86,3538.49,2.74,147.40,132.58,611.74,2.49,963.44,60.98,520.59
2026-03-02T10:40:00Z,47.97,2381.51,160.61,655.11,56.57,1902.73,173.11,867.17,73.46,1856.91,174.36,1202.82,36.09,2295.19,161.90,243.17,269.71,61.36,95.76,240.82,1811.95,3553.35,2.09,149.44,130.53,614.81,2.97,959.29,61.67,510.11
2026-03-02T10:50:00Z,48.35,2367.16,159.88,657.33,56.65,1917.70,172.34,867.02,73.97,1855.84,174.94,1202.81,36.29,2291.32,162.44,265.97,277.52,62.20,96.22,250.72,1817.65,3549.66,2.34,147.53,134.76,619.87,3.06,962.12,62.05,511.42
2026-03-02T11:00:00Z,48.40,2367.07,160.14,655.41,56.86,1905.60,172.77,850.94,74.08,1848.44,174.96,1215.25,36.13,2302.41,163.01,260.68,277.89,60.70,96.28,251.02,1818.97,3564.62,2.62,151.71,136.37,614.87,3.14,962.94,61.07,520.45
2026-03-02T11:10:00Z,48.11,2385.25,159.88,646.00,57.04,1896.59,172.28,855.20,73.60,1852.76,173.97,1208.27,36.14,2293.10,162.56,258.38,278.28,60.77,95.51,249.21,1821.27,3550.60,2.51,149.12,132.94,613.37,2.73,961.58,59.56,512.62
2026-03-02T11:20:00Z,47.91,2381.25,159.89,640.57,57.09,1892.45,173.04,855.24,73.69,1851.23,174.14,1208.03,35.73,2293.70,163.09,255.64,277.74,61.22,96.38,251.03,1823.50,3555.71,2.51,149.16,136.69,618.95,2.93,960.57,58.74,506.72
2026-03-02T11:30:00Z,48.04,2378.79,159.52,639.76,56.97,1898.19,173.35,860.79,73.84,1856.42,174.19,1217.48,35.94,2293.84,162.47,250.85,276.27,61.40,96.74,248.76,1818.92,3539.21,2.59,150.70,134.66,617.37,2.96,953.21,59.41,517.04
2026-03-02T11:40:00Z,47.85,2378.79,160.00,641.38,56.65,1907.61,173.25,857.27,73.76,1854.09,174.64,1220.50,35.75,2312.56,162.48,260.42,275.95,61.49,96.24,249.29,1815.46,3554.76,2.67,149.68,129.77,612.73,3.03,959.52,58.22,506.00
2026-03-02T11:50:00Z,48.12,2378.72,160.24,648.49,56.78,1902.94,173.28,870.40,73.96,1859.92,174.04,1216.41,35.72,2310.13,162.31,240.98,277.90,61.02,95.81,251.38,1825.00,3543.14,2.68,150.60,136.31,621.05,2.44,968.75,59.41,521.85
2026-03-02T12:00:00Z,48.09,2373.82,160.46,639.12,56.83,1895.05,173.53,873.15,73.90,1858.58,174.08,1214.53,35.78,2312.81,162.75,243.59,274.15,59.90,95.69,248.23,1820.94,3551.99,2.59,148.01,130.78,607.28,3.07,966.33,60.87,517.78
2026-03-02T12:10:00Z,48.65,2369.91,160.94,650.41,57.03,1896.49,174.43,879.11,74.31,1840.13,174.84,1211.07,35.79,2294.72,162.36,246.07,277.70,57.89,95.75,251.61,1820.79,3538.44,2.55,149.28,133.21,615.86,2.68,956.60,60.35,512.04
2026-03-02T12:20:00Z,48.58,2366.50,160.47,663.09,56.99,1896.13,174.31,864.94,74.25,1848.97,175.16,1205.33,35.97,2295.34,162.27,239.13,273.81,59.68,97.06,245.44,1823.41,3562.01,2.42,151.36,131.89,617.00,2.74,960.29,60.66,508.39
2026-03-02T12:30:00Z,48.86,2354.02,160.35,670.15,57.33,1896.71,174.47,866.77,74.41,1840.01,174.81,1214.47,36.14,2296.77,161.84,257.85,276.35,59.38,96.83,251.78,1830.44,3537.93,2.53,151.20,133.72,616.91,2.82,964.58,61.08,510.05
2026-03-02T12:40:00Z,48.74,2357.50,159.91,680.31,57.51,1893.13,174.02,890.66,74.66,1835.58,174.73,1227.65,36.22,2287.78,161.92,254.14,278.91,62.93,96.57,253.44,1829.78,3549.15,2.50,149.63,133.97,613.82,2.77,964.71,60.86,508.07
2026-03-02T12:50:00Z,48.50,2360.62,160.09,667.60,57.52,1889.59,174.03,877.79,74.71,1834.44,175.37,1226.79,36.41,2295.68,162.50,250.69,271.98,61.75,96.36,244.39,1814.88,3550.30,2.47,151.43,130.28,608.23,2.56,952.93,60.51,506.69
2026-03-02T13:00:00Z,48.56,2353.06,159.86,666.69,57.61,1899.83,174.24,879.74,74.99,1820.51,175.19,1239.09,36.46,2288.92,162.57,255.59,280.93,63.15,96.19,252.12,1823.29,3555.35,2.60,149.32,137.83,616.00,2.97,955.44,59.45,514.40
2026-03-02T13:10:00Z,48.94,2356.03,160.30,673.34,57.53,1885.92,173.91,878.43,74.96,1822.46,175.42,1236.94,36.31,2285.50,162.66,253.52,275.59,62.20,95.59,248.21,1819.74,3545.26,2.77,149.67,132.04,616.34,2.78,961.78,60.20,506.66
2026-03-02T13:20:00Z,48.63,2355.39,160.10,674.30,57.84,1873.54,173.46,892.23,74.59,1826.25,175.27,1256.21,36.10,2300.92,162.52,245.53,275.51,62.44,95.07,248.36,1819.29,3542.38,2.53,150.27,131.40,615.14,2.99,961.16,59.96,504.65
2026-03-02T13:30:00Z,48.59,2358.00,160.32,680.53,58.27,1868.74,173.60,918.82,74.74,1836.42,175.82,1250.34,36.13,2298.09,162.01,242.54,281.20,63.97,95.12,251.06,1815.07,3546.18,2.65,151.20,133.81,618.78,3.02,952.06,60.96,517.10
2026-03-02T13:40:00Z,48.99,2357.01,160.27,693.68,58.42,1858.95,173.90,929.50,74.55,1833.32,175.12,1244.22,35.82,2298.68,161.43,235.94,280.73,63.49,96.40,253.03,1820.51,3549.19,2.27,148.91,135.75,623.67,3.00,962.89,60.77,523.58
2026-03-02T13:50:00Z,48.93,2343.35,160.48,695.02,58.34,1856.87,174.64,928.55,74.39,1843.12,175.35,1242.02,35.64,2310.80,161.19,223.26,283.72,63.17,96.78,252.23,1825.79,3560.92,2.30,,135.64,626.52,2.88,961.62,60.32,521.01
2026-03-02T14:00:00Z,48.77,2351.34,160.47,709.88,58.12,1863.67,174.42,916.05,74.77,1849.65,175.59,1239.72,35.63,2319.13,162.22,226.44,277.74,64.87,97.21,249.00,1835.16,3549.29,2.68,151.04,135.44,623.42,2.72,964.19,61.27,512.63
2026-03-02T14:10:00Z,48.67,2351.04,161.09,708.50,57.93,1865.61,174.36,906.01,75.26,1827.95,176.09,1245.91,35.65,2319.71,162.56,227.08,285.14,63.43,97.19,255.03,1829.53,3557.01,2.81,149.81,138.33,622.30,2.92,964.07,61.38,505.90
2026-03-02T14:20:00Z,48.31,2360.80,161.28,700.20,57.38,1866.92,174.13,909.20,75.20,1821.65,175.26,1241.86,35.97,2305.04,162.77,222.27,282.60,62.64,96.21,255.15,1834.31,3559.96,2.38,149.93,134.50,619.28,2.98,969.95,60.19,508.70
2026-03-02T14:30:00Z,48.30,2367.63,162.27,694.36,57.16,1884.90,173.82,886.73,74.69,1826.82,175.36,1246.95,36.04,2296.72,161.57,222.06,282.49,62.89,96.94,256.91,1832.10,3536.29,2.73,149.29,136.38,618.50,2.67,964.86,59.50,525.64
2026-03-02T14:40:00Z,48.23,2375.96,161.92,681.38,57.52,1888.28,174.28,888.83,74.86,1834.17,175.04,1251.38,36.39,2295.70,161.83,243.01,286.35,62.07,97.00,257.26,1833.04,3552.88,2.66,151.23,139.15,621.75,3.06,965.48,59.22,519.24
2026-03-02T14:50:00Z,47.77,2379.89,160.80,668.43,57.36,1891.87,174.23,884.45,75.01,1830.20,175.66,1244.12,36.38,2291.95,162.36,253.59,280.24,62.85,97.38,249.62,1829.20,3545.22,2.62,151.82,135.06,615.82,2.85,966.95,60.43,511.85
2026-03-02T15:00:00Z,47.95,2378.58,160.45,649.60,57.06,1893.81,174.22,883.14,75.15,1829.49,175.31,1250.45,36.43,2288.01,162.56,248.38,276.98,,96.64,249.19,1823.46,3550.89,2.60,151.39,130.92,607.20,3.09,959.90,60.40,507.62
2026-03-02T15:10:00Z,47.88,2375.35,160.00,646.63,56.94,1898.42,174.72,883.24,75.31,1827.63,175.73,1251.43,36.78,2272.22,162.70,253.13,279.48,61.84,97.58,251.69,1829.53,3554.22,2.43,151.63,134.55,624.26,2.90,968.63,61.31,521.47
2026-03-02T15:20:00Z,47.80,2378.51,159.21,640.74,56.74,1904.81,173.64,866.85,75.23,1824.32,175.96,1259.31,36.96,2276.52,162.28,271.92,280.44,61.05,97.42,253.83,1839.18,3542.64,2.57,149.45,136.28,623.22,3.21,969.70,62.32,516.66
2026-03-02T15:30:00Z,47.78,2391.05,159.22,643.42,56.90,1904.20,173.17,871.78,74.96,1835.76,176.31,1248.89,36.60,2284.94,163.18,261.34,277.89,62.29,97.26,249.22,1824.35,3531.74,2.64,148.91,133.81,616.67,2.96,965.09,61.73,522.78
2026-03-02T15:40:00Z,47.86,2386.47,159.61,646.58,57.43,1892.66,173.39,869.55,74.59,1826.40,176.59,1251.22,36.51,2286.58,162.49,245.53,271.70,61.16,96.68,240.81,1810.80,3555.80,2.53,152.14,129.21,604.64,3.31,958.77,59.67,500.82
2026-03-02T15:50:00Z,47.85,2383.46,159.95,653.81,57.85,1883.73,173.22,883.54,74.12,1841.20,176.48,1237.27,36.83,2293.01,162.44,258.88,272.03,60.40,96.42,246.58,1820.80,3550.26,2.60,149.62,131.75,620.29,3.16,961.79,59.99,516.13
2026-03-02T16:00:00Z,47.77,2389.71,159.25,657.37,58.00,1885.31,173.08,892.18,74.24,1838.10,176.27,1243.65,,2282.10,162.83,255.91,275.69,61.68,97.18,246.39,1815.82,3547.99,2.54,151.31,134.40,616.33,2.94,959.13,59.70,513.85
2026-03-02T16:10:00Z,47.53,2394.83,159.58,649.52,57.76,1881.88,173.90,902.53,74.00,1841.96,176.82,1235.75,36.80,2281.90,162.92,257.11,274.78,61.45,96.62,249.44,1826.85,3556.76,2.47,150.56,135.36,628.50,2.94,966.32,60.92,519.44
2026-03-02T16:20:00Z,47.01,2401.13,159.55,623.67,57.93,1874.50,174.54,906.29,73.89,1839.64,175.70,1222.51,36.73,2275.04,161.85,275.05,272.56,61.26,96.59,244.93,1822.80,3546.24,2.22,149.56,130.55,612.22,3.08,959.70,60.80,515.51
2026-03-02T16:30:00Z,47.40,2388.48,159.07,640.98,57.98,1877.36,174.57,903.05,74.15,1851.44,175.07,1214.41,36.82,2269.28,161.99,280.27,281.57,63.77,96.44,255.09,1834.00,3558.75,2.43,151.48,135.38,618.52,2.98,970.95,58.55,510.01
2026-03-02T16:40:00Z,47.04,2393.17,159.00,623.63,58.22,1875.59,174.32,896.79,74.33,1847.54,175.43,1207.90,37.00,2272.62,162.36,279.98,280.60,63.47,95.66,252.85,1820.52,3554.34,2.24,148.84,133.57,617.00,3.19,959.62,58.45,514.14
2026-03-02T16:50:00Z,47.26,2398.45,159.13,636.43,58.15,1878.24,174.20,903.25,74.60,1851.46,175.13,1229.75,36.78,2275.43,162.35,263.93,280.53,63.66,95.49,253.02,1818.57,3541.75,2.57,151.60,137.19,617.32,2.71,955.74,59.31,513.41
2026-03-02T17:00:00Z,47.12,2406.15,158.67,629.23,58.06,1875.19,174.27,906.82,74.38,1846.70,174.76,1224.26,36.75,2284.33,161.99,253.73,278.67,64.83,95.50,250.10,1827.94,3542.76,,148.33,132.26,616.93,3.19,959.04,58.72,511.56
2026-03-02T17:10:00Z,47.43,2398.02,158.31,628.30,57.69,1884.30,174.15,910.69,74.58,1853.04,174.72,1225.75,36.55,2278.77,162.23,258.63,279.84,61.55,96.38,252.55,1825.34,3559.41,2.41,150.42,135.19,614.16,3.14,959.71,59.95,512.49
2026-03-02T17:20:00Z,47.07,2393.90,159.16,637.31,57.06,1902.35,174.04,877.32,74.59,1844.96,174.58,1225.32,36.17,2285.33,162.62,258.73,276.47,62.52,96.91,250.25,1833.50,3552.43,2.44,149.88,,615.10,3.27,964.88,60.20,510.32
2026-03-02T17:30:00Z,47.33,2379.01,159.72,640.78,56.92,1908.89,173.99,863.23,74.15,1848.44,174.87,1227.45,36.14,2305.09,162.50,245.15,276.35,60.40,96.83,245.51,1811.72,3551.33,2.38,149.54,132.48,617.25,2.73,954.78,60.50,514.84
2026-03-02T17:40:00Z,47.05,2388.88,160.71,634.15,56.73,1910.00,173.37,868.62,74.29,1849.53,174.44,1225.56,36.17,2293.35,162.25,244.74,277.66,58.13,97.05,247.46,1824.85,3555.12,2.42,149.24,132.62,610.90,3.49,966.97,60.60,512.92
2026-03-02T17:50:00Z,46.61,2386.59,159.83,621.71,56.61,1909.61,172.97,857.27,74.42,1853.20,174.97,1230.88,35.81,2296.41,161.96,250.94,277.30,59.82,96.79,250.46,1818.64,3554.38,,149.54,136.80,614.89,2.96,961.89,59.38,504.21
2026-03-02T18:00:00Z,47.15,2404.29,159.35,619.66,56.65,1915.54,172.95,864.93,74.56,1841.38,175.31,1240.99,35.62,2295.99,162.62,245.01,271.52,60.80,97.95,242.19,1807.09,3553.26,2.63,151.13,130.11,613.06,2.73,946.70,60.53,515.69
2026-03-02T18:10:00Z,46.74,2399.36,159.14,618.60,57.02,1895.44,172.99,860.15,74.21,1842.90,175.63,1246.62,35.27,2307.74,162.17,221.11,276.09,59.60,97.35,243.28,1812.60,3549.36,2.54,150.49,133.51,611.21,3.10,953.71,60.70,498.92
2026-03-02T18:20:00Z,47.22,2399.77,158.70,619.65,57.08,1901.58,173.56,870.43,74.14,1841.31,176.04,1251.68,35.54,2300.87,162.19,219.10,280.61,60.73,96.90,252.03,1830.62,3569.26,2.66,149.55,134.20,619.02,3.13,965.07,61.85,505.13
2026-03-02T18:30:00Z,47.50,2400.77,159.41,623.91,56.96,1900.86,173.84,870.01,74.28,1834.75,175.72,1238.76,35.32,2316.50,162.22,231.05,278.44,61.16,97.47,251.09,1816.82,3533.93,2.49,148.93,134.27,615.19,2.99,956.67,61.05,505.43
2026-03-02T18:40:00Z,47.61,2401.26,158.92,619.21,56.89,1899.69,173.46,859.66,74.30,1845.68,176.16,1246.93,35.21,2314.01,161.70,219.17,268.77,60.68,97.23,241.95,1812.22,3564.48,2.60,150.95,128.92,616.50,2.95,957.74,61.02,509.76
2026-03-02T18:50:00Z,47.17,2391.03,159.30,617.58,56.83,1912.47,173.55,866.58,74.47,1850.21,175.82,1235.79,35.22,2318.37,161.46,219.06,276.22,60.48,96.50,252.04,1819.67,3558.41,2.51,151.42,132.46,614.86,2.85,964.50,61.17,517.93
2026-03-02T19:00:00Z,46.67,2405.56,158.78,619.91,57.04,1899.14,174.09,872.46,74.21,1837.72,174.29,1226.85,35.56,2324.43,160.95,203.23,273.58,63.17,95.86,244.71,1818.69,3547.49,2.56,150.39,132.29,621.68,2.94,954.36,61.67,504.76
2026-03-02T19:10:00Z,46.79,2416.11,158.89,621.07,56.98,1891.23,173.73,883.88,74.37,1830.74,174.55,1236.81,35.69,2306.49,161.57,206.41,275.15,61.23,95.62,249.81,1821.72,3536.69,2.45,150.72,131.09,605.67,3.12,954.66,60.09,499.37
2026-03-02T19:20:00Z,46.89,2411.03,159.05,625.65,57.13,1894.21,173.01,875.65,74.51,1839.87,175.21,1246.58,36.09,2306.61,162.05,209.04,279.25,61.51,95.61,251.09,1825.23,3549.51,2.37,151.29,133.02,614.39,2.56,961.09,60.28,506.19
2026-03-02T19:30:00Z,46.82,2401.41,159.78,617.91,56.78,1901.92,173.06,867.80,74.50,1825.37,174.80,1246.88,36.16,2303.39,161.96,230.71,278.00,61.35,96.41,249.11,1821.94,3546.61,2.26,149.25,131.98,611.31,2.91,966.18,61.28,501.24
2026-03-02T19:40:00Z,46.99,2396.75,159.48,622.33,56.96,1911.71,173.37,865.93,74.55,1835.94,174.28,1240.45,35.77,2292.31,162.29,229.76,269.56,61.60,96.45,241.20,1811.81,3552.85,2.41,151.46,131.37,611.24,3.13,957.45,59.46,514.13
2026-03-02T19:50:00Z,46.65,2402.78,159.27,615.31,57.55,1907.03,173.82,877.29,74.29,1838.37,175.47,1245.56,35.81,2302.03,162.99,231.74,272.67,62.61,96.45,246.08,1814.18,3569.07,2.29,149.21,131.03,610.46,3.07,959.33,60.55,514.88
2026-03-02T20:00:00Z,46.60,2396.25,159.13,599.07,57.22,1915.41,173.76,875.21,74.26,1832.67,175.00,1235.80,35.86,2311.18,162.75,223.71,274.67,60.30,96.44,248.75,1823.61,3546.65,2.44,150.31,130.52,617.47,2.91,966.84,61.20,514.75
2026-03-02T20:10:00Z,46.90,2400.57,159.48,607.51,57.44,1894.51,174.14,881.35,74.10,1840.46,175.10,1231.15,35.86,2287.31,162.46,245.53,272.34,60.62,97.40,245.62,1812.62,3561.48,2.43,150.64,130.94,615.28,2.95,956.88,60.32,513.66
2026-03-02T20:20:00Z,46.80,2420.52,158.63,602.92,57.32,1887.50,173.82,887.71,73.81,1852.06,174.60,1235.06,36.06,2297.24,162.47,243.78,273.85,60.35,96.77,249.40,1823.19,3554.87,2.64,147.85,130.72,616.11,2.75,961.71,60.66,512.54
2026-03-02T20:30:00Z,46.88,2413.12,159.45,603.29,57.41,1891.05,173.60,897.23,73.75,1854.49,174.39,1219.10,35.78,2293.10,161.99,236.21,278.72,62.05,96.68,248.14,1822.49,3550.55,2.66,150.61,131.51,603.52,2.73,954.13,60.73,497.06
2026-03-02T20:40:00Z,47.09,2398.76,159.24,607.17,57.41,1893.92,174.29,886.67,73.71,1855.65,174.45,1202.06,35.86,2304.29,161.29,227.34,274.86,60.69,96.14,247.14,1815.44,3553.57,2.39,148.80,133.00,607.13,2.78,957.13,59.73,502.66
2026-03-02T20:50:00Z,47.31,2398.02,159.82,602.54,57.43,1894.61,174.21,893.32,73.62,1863.77,174.82,1212.98,36.23,2300.62,161.73,225.73,275.02,61.08,95.88,244.53,1830.40,3547.29,2.40,149.60,130.56,616.08,2.80,970.90,60.45,514.94
2026-03-02T21:00:00Z,47.65,2393.34,159.50,626.86,57.38,1906.02,173.43,885.46,73.43,1862.30,175.51,1204.74,35.80,2303.95,161.68,227.38,278.72,63.13,95.77,253.14,1820.26,3542.74,2.29,149.90,133.78,615.46,3.01,956.66,60.66,515.31
2026-03-02T21:10:00Z,47.46,2387.66,159.48,635.00,,1888.00,173.10,896.05,73.40,1852.51,175.35,1207.34,35.73,2316.91,161.73,205.32,277.71,61.63,96.05,253.12,1829.88,3553.28,2.35,150.90,132.89,615.20,3.04,958.47,60.10,514.96
2026-03-02T21:20:00Z,48.02,2382.40,159.42,650.01,57.76,1881.06,173.47,905.12,73.37,1853.97,175.27,1201.34,35.73,2323.51,162.16,217.23,281.07,60.27,96.16,253.99,1824.29,3551.76,2.66,149.10,132.32,612.46,3.22,959.66,60.37,508.53
2026-03-02T21:30:00Z,47.81,2372.06,160.20,659.18,57.33,1897.12,173.36,873.55,72.94,1871.39,174.38,1199.29,35.66,2314.43,161.74,222.13,280.42,61.28,96.35,252.91,1829.81,3541.38,2.54,150.59,135.47,620.85,2.75,958.79,60.35,525.91
2026-03-02T21:40:00Z,48.01,2364.05,160.41,656.00,57.19,1898.65,172.88,867.60,73.19,1862.20,174.57,1198.40,36.07,2305.63,162.27,232.52,281.34,61.26,96.58,254.49,1831.61,3550.45,2.28,150.51,134.97,622.84,3.13,970.83,61.25,512.20
2026-03-02T21:50:00Z,47.96,2361.62,160.08,651.36,57.04,1911.24,173.24,874.44,72.70,1876.36,174.98,1182.38,36.10,2304.19,162.47,237.16,277.24,60.05,96.06,251.08,1824.74,3548.49,2.44,150.83,134.93,611.88,2.97,959.96,59.58,512.69
2026-03-02T22:00:00Z,47.92,2365.84,159.94,646.34,56.97,1888.99,172.86,877.04,72.89,1878.19,174.44,1190.57,36.29,2299.87,162.36,232.52,274.68,59.81,96.58,242.58,1817.50,3537.60,2.56,149.47,131.00,612.46,3.23,960.47,60.53,504.54
2026-03-02T22:10:00Z,47.81,2375.03,159.23,643.74,56.99,1884.96,173.35,880.10,73.05,1872.80,173.84,1175.55,36.28,2289.35,162.08,234.87,277.76,60.71,95.47,247.51,1819.23,3562.49,2.58,148.35,133.36,609.30,2.72,958.69,60.34,504.44
2026-03-02T22:20:00Z,47.75,2371.34,159.58,636.42,57.00,1891.11,173.51,879.45,73.34,1860.57,173.90,1187.16,36.43,2299.04,162.40,240.74,274.91,59.14,95.21,246.13,1824.65,3556.74,2.44,150.54,130.07,609.32,2.68,964.99,60.36,507.75
2026-03-02T22:30:00Z,47.83,2381.28,159.10,640.45,56.90,1893.32,173.17,873.47,73.66,1859.62,173.69,1192.96,36.18,2295.37,162.33,241.96,274.59,61.48,95.92,249.35,1824.27,3544.58,2.53,150.62,131.49,611.82,2.95,953.85,60.18,514.22
2026-03-02T22:40:00Z,47.62,2376.23,159.56,645.00,56.78,1907.12,173.38,853.02,73.39,1866.25,174.13,1193.41,36.05,2304.86,162.21,259.35,272.83,59.20,95.89,244.51,1824.53,3530.56,2.22,149.33,132.44,618.94,2.98,960.58,60.10,517.10
2026-03-02T22:50:00Z,47.96,2378.19,159.15,636.29,56.84,1915.80,172.48,851.73,73.19,1868.19,174.34,1185.05,36.07,2306.73,162.51,254.25,273.50,59.36,96.19,244.12,1822.79,3548.70,2.41,148.02,130.48,613.56,3.26,972.71,60.61,506.21
2026-03-02T23:00:00Z,48.30,2370.64,159.46,643.75,56.65,1924.98,172.70,845.13,73.34,1863.00,175.37,1191.16,36.14,2309.71,162.16,250.59,274.83,58.36,96.87,248.04,1816.43,3540.74,2.45,149.35,130.34,613.41,2.98,954.50,59.20,514.73
2026-03-02T23:10:00Z,47.94,2373.16,159.97,653.71,56.68,1914.89,172.80,844.42,73.52,1870.30,174.35,1191.52,36.05,2294.68,162.74,222.09,272.51,56.94,96.70,247.36,1816.38,3544.98,2.42,147.52,129.06,615.56,2.87,956.90,60.13,505.93
2026-03-02T23:20:00Z,47.95,2378.51,160.45,652.56,56.93,1916.58,172.55,852.24,73.87,1863.21,174.40,1186.13,36.15,2296.55,162.25,,271.98,57.21,96.72,242.20,1811.22,3562.46,2.58,149.78,132.02,617.06,3.34,955.47,60.30,513.07
2026-03-02T23:30:00Z,48.27,2370.39,160.57,672.40,57.27,1910.89,172.98,869.70,74.01,1853.63,174.90,1194.86,36.22,2284.04,162.57,237.56,273.45,59.07,96.53,247.70,1820.34,3545.80,2.59,151.10,130.95,618.47,2.85,955.63,60.07,506.45
2026-03-02T23:40:00Z,48.61,2352.70,159.97,661.43,57.91,1884.75,172.52,881.11,73.97,1843.90,175.36,1205.50,36.34,2282.46,162.22,253.17,280.01,58.95,95.75,249.95,1825.90,3543.75,2.35,149.85,136.07,613.04,2.67,959.97,61.66,511.01
2026-03-02T23:50:00Z,48.66,2354.41,160.07,677.35,58.00,1870.01,172.81,911.33,74.21,1845.18,175.23,1216.53,36.62,2281.24,163.05,257.34,279.09,60.25,96.58,252.59,1825.94,3539.20,2.58,149.44,132.97,615.45,3.07,957.52,60.99,522.70
2026-03-03T00:00:00Z,48.09,2365.37,160.13,662.17,57.69,1873.88,173.98,922.16,73.03,1857.75,174.76,1188.95,36.68,2283.02,162.62,255.29,277.51,59.10,96.02,249.68,1810.89,3542.28,2.81,149.86,132.41,619.58,2.54,955.87,61.12,504.34
2026-03-03T00:10:00Z,48.15,2367.58,160.17,660.53,57.01,1887.44,174.03,898.30,72.14,1868.44,173.88,1176.30,36.91,2277.99,162.28,270.04,279.89,58.05,95.10,254.50,1819.49,3545.20,2.60,148.30,134.38,620.66,3.09,965.18,61.31,528.36
2026-03-03T00:20:00Z,48.58,2366.41,159.70,664.27,56.31,1901.25,173.99,881.84,71.72,1881.82,174.10,1150.59,36.90,2275.56,162.52,264.06,275.74,58.06,96.21,250.02,1816.62,3546.06,2.68,151.24,131.73,624.15,2.76,961.49,60.64,506.13
2026-03-03T00:30:00Z,48.53,2369.46,160.26,665.90,55.37,1929.48,173.37,862.37,71.02,1916.49,173.99,1136.12,36.95,2268.11,163.15,267.32,273.69,61.51,96.13,245.30,1821.02,3543.23,2.31,149.82,133.16,620.00,3.06,960.34,59.91,514.31
2026-03-03T00:40:00Z,48.28,2369.62,159.40,668.77,54.95,1940.24,172.60,835.42,69.89,1940.52,173.51,1102.74,36.80,2270.41,162.44,268.56,269.06,60.51,95.66,242.95,1812.93,3559.08,2.63,150.15,129.40,610.07,2.88,951.51,58.19,507.82
2026-03-03T00:50:00Z,48.51,2363.45,159.93,662.31,55.05,1947.02,172.52,818.66,69.42,1953.24,173.11,1084.21,37.02,2277.38,162.61,262.07,265.55,58.09,95.96,239.89,1817.24,3536.54,2.70,150.99,128.11,604.08,2.97,954.52,59.10,512.24
2026-03-03T01:00:00Z,48.39,2368.68,160.20,664.24,54.63,1954.34,172.60,805.53,69.11,1948.48,172.69,1073.41,36.75,2274.76,162.37,257.19,269.89,58.13,96.05,246.13,1810.74,3524.55,2.49,149.67,129.77,613.64,3.20,958.95,59.13,509.42
2026-03-03T01:10:00Z,48.38,2370.00,160.43,663.94,53.97,1964.39,172.12,775.72,68.52,1978.96,172.93,1067.64,36.89,2276.65,162.09,269.54,265.91,57.41,96.94,240.56,1815.15,3544.72,2.47,149.30,127.74,607.46,2.96,960.77,59.36,496.56
2026-03-03T01:20:00Z,48.47,2363.91,160.17,670.91,53.83,1977.41,171.75,765.23,67.78,2003.19,171.99,1034.19,37.03,2268.91,162.60,271.51,261.89,57.41,96.13,232.04,1806.99,3549.27,2.26,147.53,125.56,605.29,2.91,956.87,58.44,500.65
2026-03-03T01:30:00Z,48.62,2362.45,161.14,689.38,53.32,1982.72,170.85,752.18,66.98,2005.21,171.49,1025.54,36.69,2275.30,162.38,261.95,267.77,58.96,95.99,242.42,1817.19,3554.43,2.53,151.67,130.21,612.48,2.76,956.23,61.38,502.24
2026-03-03T01:40:00Z,48.41,2360.52,160.82,686.57,52.94,1988.12,170.38,740.45,66.37,2021.17,170.16,983.53,36.62,2277.83,162.43,262.77,260.69,55.81,96.70,233.17,1804.77,3545.91,2.41,150.91,124.41,602.46,2.73,951.81,60.69,498.24
2026-03-03T01:50:00Z,47.97,2376.27,160.06,673.65,52.71,1997.29,170.27,732.68,65.53,2040.51,170.34,964.25,36.78,2276.83,162.53,276.93,254.42,54.64,95.87,229.81,1802.61,3566.80,2.78,150.55,119.57,606.19,3.08,950.60,61.72,499.10
2026-03-03T02:00:00Z,48.06,2369.75,160.13,661.39,52.79,1993.59,170.42,732.72,65.04,2059.27,169.62,951.52,36.57,2281.40,162.04,267.02,256.01,53.86,94.92,231.16,1810.21,3550.14,2.24,149.49,124.31,610.12,2.97,956.89,60.60,512.05
2026-03-03T02:10:00Z,48.29,2372.89,160.20,672.73,52.24,2014.87,170.48,716.37,65.02,2061.82,169.38,928.96,36.43,2277.88,162.40,273.52,254.00,53.26,94.99,226.95,1800.85,3549.54,2.41,148.92,118.89,598.86,3.12,952.46,60.98,498.62
2026-03-03T02:20:00Z,48.24,2364.85,160.54,677.44,52.04,2022.32,170.23,708.52,64.48,2076.04,168.22,889.91,35.80,2282.11,162.32,254.46,257.13,51.34,96.10,230.90,1805.51,3549.65,2.43,148.74,119.08,599.80,3.33,952.73,60.50,499.12
2026-03-03T02:30:00Z,48.46,2356.40,160.78,680.23,51.75,2031.30,170.10,702.38,64.19,2091.94,168.69,891.91,35.62,2296.71,163.07,243.43,249.42,51.51,96.24,223.96,1792.61,3551.24,2.57,150.31,119.46,594.73,2.72,942.54,58.60,506.95
2026-03-03T02:40:00Z,48.43,2366.13,160.81,687.69,51.80,2028.61,169.71,699.71,63.91,2110.02,167.93,874.03,36.18,2300.26,162.94,238.20,250.28,53.09,95.24,223.67,1798.31,3544.79,2.54,150.98,119.35,597.15,3.13,948.36,58.35,492.77
2026-03-03T02:50:00Z,48.60,2365.77,160.31,679.62,51.09,2048.30,169.57,674.79,63.68,2105.35,168.19,861.90,36.25,2293.38,162.97,264.99,248.21,53.07,96.08,221.37,1792.49,3563.16,2.56,150.40,122.82,594.20,3.02,947.87,57.72,492.10
2026-03-03T03:00:00Z,48.62,2362.01,160.71,672.81,50.82,2059.90,169.63,662.70,63.60,2110.59,167.69,851.06,36.25,2290.99,161.89,250.09,255.61,52.67,94.78,229.80,1799.33,3550.89,2.68,150.83,121.43,598.34,3.17,950.13,58.77,497.56
2026-03-03T03:10:00Z,48.13,2355.77,160.61,666.55,51.00,2055.02,169.00,661.88,63.38,2107.54,168.13,845.69,36.29,2294.47,162.54,261.64,255.67,50.99,95.15,231.35,1808.63,3555.12,2.60,152.43,121.34,604.09,2.85,949.73,59.79,504.60
2026-03-03T03:20:00Z,48.25,2364.63,160.39,678.49,50.58,2058.34,168.75,645.58,63.29,2117.69,167.64,838.71,36.22,2292.48,162.51,263.41,249.91,51.77,94.95,222.58,1796.46,3552.45,2.61,149.73,119.76,600.59,3.24,944.02,58.93,495.08
2026-03-03T03:30:00Z,48.04,2378.40,160.78,683.95,50.28,2067.21,168.58,639.08,62.95,2117.75,167.69,833.55,36.73,2289.61,162.55,267.58,246.83,49.76,95.10,224.35,1801.42,3551.11,2.43,150.96,120.22,605.21,3.23,946.95,58.98,502.74
2026-03-03T03:40:00Z,47.71,2370.00,159.56,671.02,50.37,2064.14,168.02,642.28,62.26,2135.03,167.77,834.31,36.47,2282.66,162.77,262.51,251.48,49.82,94.42,226.35,1794.09,3566.71,2.64,146.88,122.26,611.37,3.26,956.48,58.89,514.34
2026-03-03T03:50:00Z,48.20,2366.09,159.83,664.35,49.76,2068.52,168.46,627.62,61.86,2150.42,167.45,799.55,36.22,2290.24,162.59,246.81,249.59,49.27,94.74,225.15,1801.35,3555.92,2.35,151.84,120.30,596.91,3.06,944.19,59.16,503.87
2026-03-03T04:00:00Z,47.96,2373.12,159.81,649.35,50.13,2069.36,167.82,628.43,62.04,2156.29,166.83,790.03,35.91,2293.76,162.34,245.50,245.80,49.13,95.15,221.00,1800.10,3544.16,2.57,150.34,117.93,604.32,2.80,948.93,59.66,510.74
2026-03-03T04:10:00Z,47.72,2381.82,160.10,647.74,49.76,2079.96,168.19,611.31,61.73,2160.47,166.52,777.12,35.75,2302.26,161.65,245.27,243.71,47.21,94.76,222.09,1800.00,3557.29,2.75,150.26,116.75,598.58,3.18,944.36,59.06,508.03
2026-03-03T04:20:00Z,47.97,2383.18,161.03,642.80,49.15,2096.94,167.72,590.32,61.42,2176.58,165.89,752.57,35.94,2309.31,162.37,230.52,245.90,45.89,94.81,222.41,1801.52,3555.22,2.60,150.36,120.84,598.49,2.95,954.92,59.81,504.17
2026-03-03T04:30:00Z,47.96,2388.82,160.87,640.26,48.56,2103.42,168.11,582.63,61.40,2176.64,164.88,741.18,35.76,2301.68,161.29,238.14,237.31,46.74,94.43,214.85,1789.38,3549.46,2.68,148.34,112.11,590.66,2.99,944.45,60.41,497.48
2026-03-03T04:40:00Z,48.08,2382.84,160.02,635.40,48.82,2107.35,167.66,574.36,61.13,2175.74,165.05,751.45,35.82,2301.90,161.95,240.87,237.66,45.12,94.09,211.86,1782.91,3546.83,2.41,148.98,111.97,588.83,3.03,943.74,59.76,489.71
2026-03-03T04:50:00Z,48.20,2365.92,159.82,652.52,48.71,2115.02,166.83,578.12,61.17,2181.38,166.03,756.87,35.97,2289.34,162.58,243.26,245.61,46.51,93.48,219.53,1792.04,3563.62,2.47,150.99,118.93,601.35,2.92,948.98,58.63,513.76
2026-03-03T05:00:00Z,48.40,2365.03,160.22,665.19,48.04,2120.60,166.15,565.91,60.99,2157.96,166.34,765.76,35.87,2308.97,161.75,219.53,241.16,45.64,94.46,217.25,1789.46,3553.44,2.57,151.13,115.53,595.00,2.96,942.69,58.61,505.16
2026-03-03T05:10:00Z,48.53,2360.52,160.45,670.37,48.46,2109.77,166.91,567.07,61.00,2168.21,166.08,769.95,36.18,2303.24,161.61,227.60,239.25,44.86,93.80,214.07,1784.81,3553.90,2.50,148.87,116.14,599.41,2.85,937.97,57.70,493.17
2026-03-03T05:20:00Z,48.67,2365.31,160.62,660.49,48.13,2119.54,166.92,564.81,61.51,2177.96,166.24,775.29,36.06,2306.35,161.89,212.11,237.93,44.94,94.73,213.88,1791.47,3554.76,2.52,148.64,115.39,596.89,2.90,942.01,58.51,498.47
2026-03-03T05:30:00Z,48.71,2357.73,160.82,674.35,48.28,2117.34,166.25,554.76,61.61,2172.06,166.40,764.57,36.49,2296.60,162.69,238.80,237.31,44.74,94.70,210.64,1788.27,3547.79,2.41,150.96,111.00,592.06,2.82,948.49,58.38,493.66
2026-03-03T05:40:00Z,48.93,2354.83,161.04,666.33,48.78,2104.13,166.90,563.63,61.35,2161.44,166.33,770.43,36.61,2304.70,162.18,239.42,241.42,46.86,94.02,214.01,1792.16,3552.59,2.59,149.64,114.45,601.02,2.34,940.73,59.05,495.59
2026-03-03T05:50:00Z,49.48,2351.53,160.74,676.47,48.68,2114.44,167.31,583.19,61.42,2160.55,165.85,769.61,36.76,2297.41,162.57,245.99,243.43,46.37,95.02,218.69,1796.56,3560.01,2.49,151.18,117.03,605.20,2.56,945.96,59.01,499.68
2026-03-03T06:00:00Z,49.60,2342.46,161.09,685.80,48.49,2120.04,167.92,570.66,61.28,2163.80,165.47,763.23,37.05,2283.93,162.59,258.66,244.05,45.94,95.00,222.32,1789.43,3557.18,2.56,148.86,117.67,596.29,3.07,946.23,59.76,499.85
2026-03-03T06:10:00Z,49.34,2344.22,160.54,678.16,48.43,2111.62,168.23,565.56,61.05,2175.69,166.13,748.68,36.92,2273.20,163.02,271.12,246.74,46.04,94.83,218.22,1795.16,3554.32,2.58,149.22,116.56,594.78,2.96,955.90,60.60,495.83
2026-03-03T06:20:00Z,49.46,2344.66,160.20,673.43,48.33,2110.26,167.81,576.16,61.04,2176.19,166.08,771.86,36.67,2285.07,162.90,263.70,244.02,47.35,95.18,220.68,1796.44,3563.32,2.52,150.88,118.03,597.61,3.00,951.77,60.43,505.54
2026-03-03T06:30:00Z,49.06,2343.89,159.65,664.88,48.32,2116.60,167.65,562.93,60.82,2185.12,166.23,766.31,37.01,2274.45,162.40,278.92,239.87,46.31,95.19,215.55,1799.63,3560.54,2.50,151.63,115.00,591.38,3.05,950.37,60.42,501.76
2026-03-03T06:40:00Z,48.89,2348.49,159.93,674.16,48.00,2121.43,167.86,579.93,61.10,2180.09,166.31,756.04,37.22,2260.46,163.11,289.36,237.44,45.87,95.59,210.46,1788.18,3559.46,2.48,150.72,114.36,591.03,3.45,944.39,58.56,491.74
2026-03-03T06:50:00Z,48.89,2355.47,159.36,667.50,48.10,2111.98,167.53,578.22,60.85,2174.18,165.80,749.85,37.23,2270.52,163.65,278.29,241.30,45.79,95.14,216.78,1788.84,3544.57,2.45,149.12,116.17,594.19,2.85,941.48,59.09,498.87
2026-03-03T07:00:00Z,48.68,2353.74,159.50,655.77,47.76,2127.46,166.74,544.83,60.67,2176.40,165.49,745.70,37.31,2270.61,163.62,280.96,238.82,45.05,94.55,213.66,1794.17,,2.61,149.55,116.09,589.15,3.16,956.43,58.55,501.66
2026-03-03T07:10:00Z,48.57,2361.54,160.12,672.33,47.83,2134.97,166.83,547.60,60.47,2178.06,165.83,744.64,37.28,2259.57,163.17,286.05,240.72,44.47,94.08,216.63,1789.42,3557.86,2.48,148.37,116.16,593.04,2.99,941.82,58.08,485.85
2026-03-03T07:20:00Z,48.24,2362.99,159.75,672.07,47.92,2138.83,165.97,543.22,60.41,2189.07,166.35,754.36,37.32,2257.77,162.70,292.90,240.38,45.52,94.17,213.00,1789.69,3568.71,2.57,150.50,112.87,584.17,2.65,939.07,59.31,486.55
2026-03-03T07:30:00Z,48.29,2356.73,160.23,664.23,47.79,2126.05,166.25,545.75,59.91,2192.49,165.91,742.04,36.92,2266.41,162.44,269.26,236.92,46.59,94.32,214.31,1783.13,3536.88,2.52,148.70,112.23,593.91,2.74,938.99,60.14,494.43
2026-03-03T07:40:00Z,48.14,2371.12,159.59,648.41,47.85,2140.06,166.36,535.21,59.74,2198.56,165.25,738.70,37.04,2273.82,162.98,282.53,239.68,46.82,94.32,216.10,1794.42,3546.47,2.21,150.07,115.82,594.11,2.81,948.75,59.94,487.47
2026-03-03T07:50:00Z,47.68,2375.46,159.44,641.00,47.65,2141.35,166.56,532.04,59.66,2210.97,164.92,715.66,36.97,2275.56,162.63,280.02,236.69,45.43,94.74,214.06,1799.62,3561.23,2.63,149.60,111.30,586.81,3.25,958.92,59.52,497.64
2026-03-03T08:00:00Z,48.07,2374.88,159.38,635.97,47.33,2147.81,166.32,529.22,59.77,2213.98,164.92,709.43,36.76,2276.42,162.27,262.98,237.99,43.92,94.44,210.40,1783.34,3547.37,2.39,150.35,111.83,586.90,2.86,940.06,58.34,493.11
2026-03-03T08:10:00Z,48.67,2367.83,159.61,663.98,46.86,2145.18,166.49,525.99,59.63,2205.11,165.12,703.59,37.26,2264.48,161.83,255.89,,46.57,94.43,218.27,1791.04,3560.73,2.27,150.47,116.13,590.17,2.54,949.34,59.13,494.65
2026-03-03T08:20:00Z,48.41,2366.01,160.57,661.80,46.78,2151.17,166.24,516.99,59.61,2202.92,165.20,716.08,36.66,2268.42,162.84,263.40,244.49,44.17,95.26,220.85,1798.34,3553.17,2.30,149.78,115.25,592.25,3.18,943.37,59.12,491.58
2026-03-03T08:30:00Z,48.67,2364.30,159.81,675.15,46.68,2142.76,166.61,521.53,59.55,2210.51,165.30,712.69,36.27,2287.01,162.96,259.76,241.77,43.71,95.11,217.96,1797.57,3577.52,2.55,151.13,116.72,594.32,3.14,944.62,59.54,514.23
2026-03-03T08:40:00Z,48.59,2362.98,160.34,686.59,46.78,2150.70,167.68,516.76,59.43,2207.26,164.94,709.38,37.08,2282.12,163.09,245.83,237.65,44.99,95.22,213.51,1782.93,3554.35,2.40,149.23,114.63,596.49,2.87,946.31,59.03,498.68
2026-03-03T08:50:00Z,48.47,2364.47,160.69,674.15,46.60,2155.70,166.88,518.98,59.68,2203.17,164.97,694.38,37.12,2272.58,162.97,252.66,234.37,43.55,94.21,210.68,1785.54,3550.84,2.75,149.53,111.97,586.90,2.77,941.17,58.45,488.07
2026-03-03T09:00:00Z,48.04,2374.94,161.27,671.49,46.71,2153.11,166.78,520.63,59.66,2217.08,164.81,697.16,36.79,2272.06,164.13,260.90,239.42,44.21,93.85,216.17,1796.43,3549.05,2.78,151.19,117.15,596.78,3.04,948.07,60.53,506.29
2026-03-03T09:10:00Z,48.03,2364.27,160.54,665.87,46.51,2160.55,166.48,524.22,59.57,2218.74,165.30,690.52,36.72,2267.69,163.44,266.37,237.29,45.27,94.37,212.56,1797.93,3541.43,2.58,148.36,112.00,589.42,2.77,944.63,59.58,482.43
2026-03-03T09:20:00Z,48.30,2366.36,160.66,663.60,46.51,2155.84,166.64,519.13,59.49,2216.03,165.24,694.01,36.67,2266.37,,272.07,233.26,43.72,94.83,207.51,1781.56,3545.61,2.35,149.74,109.98,587.53,2.85,936.91,61.15,492.24
2026-03-03T09:30:00Z,48.05,2363.59,160.77,671.36,46.72,2155.61,166.04,503.47,59.27,2211.18,165.00,709.90,37.01,2261.09,162.88,278.97,234.13,43.72,95.01,208.99,1780.65,3542.87,2.54,149.62,113.35,592.87,2.88,942.42,58.82,499.87
2026-03-03T09:40:00Z,48.53,2354.84,160.13,682.36,46.38,2164.75,166.58,506.15,59.02,2220.41,165.14,695.10,37.16,2274.84,162.66,273.28,232.82,44.53,95.18,208.52,1788.46,3545.87,2.78,151.31,114.07,593.23,3.06,951.57,59.93,500.78
2026-03-03T09:50:00Z,48.39,2354.42,159.43,670.83,46.32,2160.48,166.29,505.30,59.12,2225.36,164.91,696.92,37.39,2273.58,162.98,261.78,234.43,42.67,95.57,208.44,1788.21,3556.03,2.56,151.10,111.82,594.52,3.00,948.82,59.63,497.17
2026-03-03T10:00:00Z,48.55,2355.16,159.56,671.56,45.96,2177.19,166.50,496.06,59.25,2226.93,164.45,697.84,37.17,2264.30,163.09,268.21,233.29,41.86,94.46,209.91,1782.03,3548.15,2.37,149.17,112.07,589.89,2.77,946.50,57.82,488.14
2026-03-03T10:10:00Z,48.25,2359.44,160.18,651.80,46.38,2174.02,166.02,499.02,59.03,2218.30,164.04,684.32,37.07,2269.80,163.22,277.61,236.52,41.61,93.90,210.92,1790.18,3550.87,2.57,149.63,112.98,587.07,2.90,946.37,58.82,490.88
2026-03-03T10:20:00Z,47.98,2361.15,159.75,652.39,46.09,2168.02,166.08,495.13,58.91,2215.16,163.93,681.76,36.79,2282.50,163.24,277.89,233.33,42.62,93.53,210.94,1780.57,3548.83,2.62,150.63,113.72,594.48,3.22,940.39,58.75,497.54
2026-03-03T10:30:00Z,48.21,2351.76,160.29,672.71,46.10,2178.80,165.41,482.08,59.00,2220.53,164.00,676.65,37.30,2263.66,163.23,282.85,225.30,41.79,94.28,201.06,1782.69,3550.19,2.41,150.82,109.89,583.17,2.95,939.28,58.90,480.46
2026-03-03T10:40:00Z,47.97,2353.77,160.09,673.39,46.16,2172.01,165.11,473.20,59.37,2214.55,163.56,682.61,37.50,2267.16,163.48,301.60,237.01,41.43,93.33,213.25,1793.80,3555.92,2.29,149.96,114.25,589.55,3.35,943.80,59.31,492.02
2026-03-03T10:50:00Z,47.98,2360.29,160.36,659.70,46.03,2174.45,165.29,489.92,59.16,2217.29,163.61,682.05,37.51,2261.02,163.48,300.01,235.10,42.15,93.02,214.18,1791.93,3541.42,2.53,153.00,109.98,585.23,2.92,950.82,59.18,479.94
2026-03-03T11:00:00Z,48.10,2356.95,159.81,673.27,46.18,2172.62,165.85,499.97,58.55,2237.80,163.99,673.77,37.11,2278.98,162.73,274.77,228.41,43.77,93.44,204.58,1783.06,3537.45,2.87,148.69,110.16,579.11,2.97,944.30,60.32,485.82
2026-03-03T11:10:00Z,48.33,2357.33,160.48,691.38,45.90,2171.77,165.99,482.20,58.67,2236.71,163.93,659.54,37.08,2287.92,163.13,253.24,231.70,42.05,93.98,206.01,1787.15,3549.98,2.36,150.48,111.88,589.55,2.99,940.78,59.69,478.69
2026-03-03T11:20:00Z,48.36,2362.57,160.83,675.71,45.82,2182.00,165.42,480.00,58.85,2237.94,163.98,659.98,37.06,2263.36,162.48,269.63,232.07,42.72,94.40,207.31,1789.51,3562.49,2.41,149.78,110.61,587.19,3.18,940.81,59.06,488.37
2026-03-03T11:30:00Z,48.71,2358.68,160.34,667.91,45.59,2180.98,165.35,478.99,58.53,2239.81,164.59,662.29,37.10,2265.51,162.82,281.93,231.23,45.85,94.08,210.94,1780.85,3554.25,2.59,151.44,110.54,588.05,2.92,942.59,59.47,488.16
2026-03-03T11:40:00Z,48.81,2362.89,159.67,673.46,45.30,2181.14,165.51,485.44,58.43,2241.96,164.07,678.09,37.42,2266.68,162.70,286.32,233.00,45.06,93.50,211.17,1784.33,3557.30,2.57,149.43,109.66,588.44,3.21,942.61,59.11,494.88
2026-03-03T11:50:00Z,48.23,2370.44,160.14,661.01,45.53,2188.43,165.28,487.60,58.84,2235.47,164.18,668.66,37.27,2263.23,163.07,287.38,229.17,46.01,93.95,207.43,1792.17,3539.22,2.80,148.29,109.89,586.13,2.91,947.39,57.44,481.85
2026-03-03T12:00:00Z,48.73,2359.43,160.27,664.70,45.58,2198.66,165.83,483.26,58.56,2238.09,163.76,661.40,37.28,2256.81,163.27,288.40,229.82,45.82,93.44,208.15,1788.98,3554.05,2.48,150.37,108.96,586.88,2.92,947.39,58.18,481.08
2026-03-03T12:10:00Z,48.22,2359.97,160.34,674.23,45.72,2185.93,165.38,472.39,58.82,2225.37,163.69,682.30,37.16,2260.75,162.63,289.67,231.73,42.46,94.20,209.89,1794.06,3554.18,2.65,150.04,112.42,588.51,3.41,945.53,59.16,494.30
2026-03-03T12:20:00Z,48.30,2365.00,160.25,654.72,45.61,2179.71,165.28,469.61,58.86,2234.58,164.07,668.03,37.13,2264.83,162.66,279.86,234.28,42.90,95.24,211.05,1785.91,3541.02,2.24,147.75,114.05,587.02,2.85,942.63,58.90,506.55
2026-03-03T12:30:00Z,48.26,2364.31,160.22,652.08,45.78,2182.43,164.97,465.50,58.92,2226.37,164.38,665.95,36.74,2267.29,163.24,289.06,234.56,41.98,93.98,212.40,1792.78,3545.49,2.40,152.48,114.33,596.31,2.76,945.16,59.06,508.29
2026-03-03T12:40:00Z,48.29,2360.56,160.44,659.35,45.68,2183.94,164.97,464.50,58.77,2224.66,164.16,670.05,36.48,2274.18,163.13,280.63,229.03,44.49,94.20,207.04,1782.26,3546.71,2.86,149.73,110.14,589.95,2.82,948.49,59.81,495.32
2026-03-03T12:50:00Z,47.91,2367.19,160.13,659.00,46.42,2172.59,165.64,476.93,58.50,2231.39,164.39,670.83,36.03,2287.18,162.75,271.02,228.29,43.05,94.44,203.39,1786.67,3564.87,2.46,149.22,108.68,587.52,3.41,943.47,59.44,490.15
2026-03-03T13:00:00Z,48.05,2371.71,159.84,653.82,46.40,2165.65,164.96,487.32,58.50,2240.32,164.45,673.59,35.92,2288.72,162.68,262.90,232.41,44.42,93.72,205.85,1788.01,3554.33,2.61,150.91,110.49,594.57,2.82,941.31,59.57,506.68
2026-03-03T13:10:00Z,47.90,2369.48,160.24,653.68,46.77,2162.53,165.17,499.49,58.66,2232.87,163.79,667.21,35.80,2301.01,163.13,253.19,230.71,41.55,92.72,209.73,1784.98,3553.15,2.67,149.81,110.43,584.25,3.05,941.88,60.65,492.94
2026-03-03T13:20:00Z,48.28,2370.63,159.95,659.49,46.72,2162.30,165.77,501.39,58.99,2227.12,164.98,668.89,35.66,2301.08,162.88,241.84,231.51,42.22,93.88,210.12,1788.25,3550.77,2.28,149.17,112.17,596.72,2.80,944.81,59.53,504.53
2026-03-03T13:30:00Z,48.65,2356.28,160.43,665.65,46.61,2158.06,166.08,520.23,58.89,2236.53,163.62,666.14,35.46,2314.92,162.98,230.76,228.98,41.94,93.45,204.03,1791.65,3561.41,2.38,148.05,108.31,584.47,3.12,948.08,59.35,485.54
2026-03-03T13:40:00Z,48.22,2356.14,160.47,666.97,46.98,2153.16,165.89,536.21,59.05,2226.17,163.66,675.23,35.50,2320.45,162.19,218.25,233.74,42.03,93.23,209.02,1776.32,3555.55,2.34,150.42,113.00,594.89,3.40,942.49,59.74,504.03
2026-03-03T13:50:00Z,48.11,2369.43,159.98,666.87,46.97,2149.99,166.64,534.83,59.24,2236.04,164.10,668.11,35.26,2311.63,161.76,213.45,236.49,42.55,93.79,212.62,1784.98,3549.20,2.37,150.66,112.01,590.50,3.03,948.38,59.97,486.59
2026-03-03T14:00:00Z,47.64,2384.38,159.73,668.62,46.77,2149.65,166.81,517.55,58.53,2232.89,163.48,676.18,35.51,2318.37,162.18,232.76,230.04,42.81,93.63,206.09,1782.72,3550.98,2.54,150.29,108.62,584.54,2.76,934.96,61.03,473.20
2026-03-03T14:10:00Z,47.90,2381.68,159.85,689.04,46.90,2152.14,166.79,520.84,58.39,2243.20,163.33,657.33,35.79,2308.33,162.48,221.40,232.44,,93.90,207.26,1787.41,3551.20,2.56,148.63,114.07,593.07,2.89,951.92,61.94,489.76
2026-03-03T14:20:00Z,47.63,2382.32,160.31,675.70,47.04,2144.43,166.33,527.51,58.38,2234.57,164.10,665.96,35.90,2305.11,162.29,214.63,224.33,41.90,93.82,198.88,1772.34,3533.47,2.63,148.12,106.03,582.02,2.75,938.82,61.32,485.27
2026-03-03T14:30:00Z,47.81,2377.77,160.35,667.85,47.47,2139.15,167.21,543.32,58.15,2247.68,164.19,671.48,35.66,2306.82,162.45,224.17,225.46,,93.77,204.75,1784.75,3544.61,2.68,150.14,109.86,586.78,2.84,944.76,61.41,494.67
2026-03-03T14:40:00Z,47.46,2392.54,159.84,648.93,47.49,2138.67,166.89,549.84,58.18,2259.32,164.12,645.83,35.39,2323.72,162.27,223.47,229.08,43.97,94.78,208.63,1787.45,3553.99,2.50,150.93,110.41,587.97,3.34,950.07,60.58,485.37
2026-03-03T14:50:00Z,47.40,2390.98,160.32,644.64,47.31,2134.78,167.26,547.79,58.43,2251.95,164.26,663.71,35.49,2314.81,161.74,228.74,223.14,45.53,93.98,199.25,1773.46,3538.38,2.65,150.00,107.47,586.99,3.14,933.51,58.53,486.45
2026-03-03T15:00:00Z,47.49,2388.76,160.15,630.46,47.22,2138.10,167.23,534.97,58.10,2240.99,164.37,658.10,35.64,2306.95,161.60,228.32,225.78,43.92,94.60,201.54,1779.61,3560.66,2.55,149.34,107.50,580.26,2.94,943.97,57.81,486.08
2026-03-03T15:10:00Z,47.54,2382.54,159.38,624.52,47.06,2145.17,166.84,527.40,57.91,2245.80,163.70,654.65,35.33,2315.03,161.84,202.63,228.76,43.58,94.85,207.08,1786.55,3559.92,2.79,147.56,110.97,586.03,3.19,943.54,58.97,482.64
2026-03-03T15:20:00Z,48.04,2371.41,159.44,641.27,46.75,2159.22,166.53,518.08,57.54,2263.69,163.93,651.43,35.53,2311.94,161.17,216.24,230.96,43.40,93.68,205.71,1786.58,3540.78,2.49,147.72,112.76,599.20,2.97,941.83,58.79,503.62
2026-03-03T15:30:00Z,47.93,2377.10,159.80,650.41,46.49,2165.16,165.94,500.46,57.83,2257.80,163.64,650.85,35.51,2302.02,161.35,230.52,223.65,38.56,93.32,204.46,1775.85,3557.13,2.55,148.72,106.33,586.43,3.28,932.80,58.41,485.19
2026-03-03T15:40:00Z,48.38,2372.06,159.84,653.49,46.23,2178.68,165.52,486.02,57.67,2252.89,164.02,644.53,35.51,2308.23,161.38,229.57,225.10,38.61,93.30,199.69,1774.49,3537.35,2.56,149.39,106.88,581.19,2.77,942.65,57.52,491.19
2026-03-03T15:50:00Z,48.41,2361.96,159.64,669.20,45.74,2178.91,165.05,475.83,57.73,2242.27,163.50,646.69,35.09,2314.42,161.00,216.16,230.03,40.23,92.95,206.33,1784.51,3560.36,2.52,150.12,107.06,585.98,2.82,935.23,59.37,496.57
2026-03-03T16:00:00Z,48.32,2370.75,160.10,666.48,46.00,2167.98,165.20,486.39,57.78,2240.37,163.43,654.75,35.55,2316.32,160.91,226.57,235.49,40.78,92.33,206.53,1780.97,3543.05,2.36,149.29,113.53,592.75,2.94,939.82,59.76,493.28
2026-03-03T16:10:00Z,48.17,2371.51,160.21,656.78,46.00,2175.27,165.66,473.71,57.81,2251.23,163.35,651.80,35.36,2314.78,160.65,210.75,226.45,40.41,92.88,201.64,1777.65,3553.43,2.48,149.83,106.07,577.70,3.22,943.77,60.73,479.97
2026-03-03T16:20:00Z,48.19,2362.61,160.34,661.21,46.12,2188.46,166.25,471.44,57.94,2253.31,163.63,660.24,35.53,2313.86,161.86,228.58,227.20,39.70,92.87,204.23,1776.95,3541.18,2.77,149.29,109.63,594.05,2.98,936.06,61.29,491.67
2026-03-03T16:30:00Z,47.71,2380.30,159.47,629.11,45.82,2176.74,165.98,464.70,58.33,2247.40,164.08,654.08,35.93,2306.78,161.93,214.93,225.73,38.98,92.88,204.03,1780.54,3548.33,2.39,147.94,108.26,585.34,2.71,938.62,60.93,493.64
2026-03-03T16:40:00Z,47.54,2376.08,159.76,634.10,45.93,2185.45,166.06,454.52,58.42,2247.34,163.92,643.62,35.75,2313.02,162.08,210.21,224.97,38.95,94.25,203.66,1780.54,3539.97,2.59,150.57,105.35,578.01,2.93,942.31,59.46,487.23
2026-03-03T16:50:00Z,47.54,2378.12,159.70,636.97,45.65,2184.03,165.22,463.12,58.63,2229.26,163.95,656.41,35.61,2317.16,161.84,216.92,220.79,38.81,94.61,196.20,1779.89,3555.95,2.53,149.70,107.71,585.96,3.08,940.06,59.87,487.89
2026-03-03T17:00:00Z,47.56,2375.79,159.71,643.58,45.49,2198.97,165.02,438.59,58.58,2232.44,163.88,670.19,35.33,2318.89,161.84,223.19,218.91,38.73,93.90,194.67,1779.94,3550.92,2.29,151.27,104.69,581.41,2.90,943.18,59.90,471.67
2026-03-03T17:10:00Z,47.75,2384.24,159.60,631.13,45.66,2183.01,164.82,450.42,58.00,2250.22,164.00,648.37,35.60,2309.40,162.28,232.74,221.04,41.18,93.49,197.85,1774.51,3552.24,2.39,149.55,106.45,581.65,3.03,938.47,59.13,492.62
2026-03-03T17:20:00Z,48.09,2379.78,159.82,640.22,45.92,2183.28,164.28,482.11,58.25,2239.73,163.72,657.44,35.97,2306.49,161.98,240.39,227.45,38.74,92.90,205.33,1780.79,3549.75,2.68,150.85,108.13,586.02,3.86,941.56,59.49,493.53
2026-03-03T17:30:00Z,48.32,2377.95,159.81,654.58,46.14,2178.92,165.61,496.43,58.38,2242.63,163.59,659.89,35.89,2303.47,161.63,234.20,228.84,42.09,93.37,205.13,1787.66,3542.77,2.59,149.14,109.70,598.64,3.14,945.32,57.32,499.78
2026-03-03T17:40:00Z,48.08,2393.20,159.33,645.73,46.05,2177.23,165.64,498.91,58.16,2242.83,163.71,662.32,36.09,2291.32,162.59,249.13,233.99,40.55,93.60,214.65,1789.96,3550.52,2.27,150.74,112.07,592.19,2.84,941.17,57.62,494.62
2026-03-03T17:50:00Z,48.26,2383.68,159.37,644.22,46.32,2178.38,166.01,486.85,58.10,2253.83,163.13,663.60,35.41,2313.98,162.28,222.99,228.54,42.53,93.77,202.92,1780.65,3555.69,2.35,147.80,110.66,587.29,2.76,937.92,58.92,487.46
2026-03-03T18:00:00Z,48.47,2372.04,160.15,660.55,46.66,2169.59,165.73,496.15,57.99,2249.09,163.96,659.49,35.57,2306.35,161.96,220.59,230.70,42.57,94.51,205.48,1779.88,3562.00,2.80,149.11,110.11,589.91,2.82,948.62,57.93,483.76
2026-03-03T18:10:00Z,48.37,2367.33,159.65,662.15,46.76,2164.77,165.92,512.40,57.90,2255.03,164.05,652.72,35.64,2321.40,162.41,222.09,235.46,43.20,93.42,212.22,1782.11,3567.58,2.52,150.03,112.85,589.27,3.25,941.24,58.50,491.10
2026-03-03T18:20:00Z,47.97,2368.08,159.68,661.05,46.59,2164.08,165.55,513.83,58.09,2243.35,163.39,646.45,35.24,2319.00,162.89,227.75,235.84,41.66,93.73,209.99,1792.28,3543.03,2.49,152.47,113.69,592.33,3.02,941.18,59.80,498.63
2026-03-03T18:30:00Z,47.78,2379.74,159.71,653.30,46.10,2162.74,165.62,503.10,58.18,2257.52,163.51,650.72,35.10,2320.29,162.19,207.74,233.35,42.55,94.36,211.19,1779.44,3545.89,2.56,150.49,113.01,580.85,3.06,945.78,60.53,466.27
2026-03-03T18:40:00Z,47.77,2387.99,160.54,654.76,45.79,2178.53,166.41,503.11,58.40,2238.96,,651.18,34.96,2326.19,162.32,201.06,233.46,41.42,93.87,209.49,1784.76,3547.06,2.34,151.10,114.10,597.36,2.68,940.11,59.61,489.21
2026-03-03T18:50:00Z,48.04,2373.64,160.24,653.73,45.83,2178.81,166.19,496.81,58.69,2238.84,163.18,647.87,35.04,2324.19,161.97,191.35,225.20,41.79,93.68,203.54,1774.35,3545.29,2.43,148.69,107.48,581.82,2.74,943.48,59.93,479.98
2026-03-03T19:00:00Z,47.98,2368.75,160.34,660.55,46.02,2169.90,166.36,495.76,58.43,2231.13,163.69,647.07,34.82,2335.62,160.65,184.31,228.37,39.80,94.08,204.44,1778.07,3542.81,2.56,150.38,109.24,582.28,3.13,938.49,60.03,488.37
2026-03-03T19:10:00Z,47.88,2375.87,159.69,656.27,46.31,2176.83,166.77,492.75,58.22,2235.61,163.33,673.59,35.07,2335.70,161.22,190.73,222.37,40.60,95.25,203.37,1783.38,3546.83,2.55,149.44,104.35,590.36,3.33,943.89,60.30,490.24
2026-03-03T19:20:00Z,47.76,2375.95,159.57,664.33,46.00,2177.51,166.90,480.51,58.29,2232.79,163.84,681.23,35.13,2328.44,160.88,201.28,232.73,42.68,94.24,206.94,1787.67,3558.46,2.55,151.47,110.96,584.40,3.13,936.36,59.16,494.71
2026-03-03T19:30:00Z,47.88,2378.92,159.97,664.44,45.80,2176.87,166.72,478.58,58.31,2233.01,163.54,673.47,35.13,2319.95,160.92,213.29,231.57,41.50,93.78,206.14,1786.88,3557.36,2.56,149.48,112.16,592.15,3.39,937.16,58.57,486.34
2026-03-03T19:40:00Z,48.34,2370.86,159.75,656.00,46.08,2175.21,165.78,487.47,58.47,2235.48,164.45,676.36,35.18,2316.51,161.11,224.79,232.66,42.38,94.08,208.75,1787.89,3556.91,2.76,150.83,114.12,592.61,3.02,944.05,58.42,475.90
2026-03-03T19:50:00Z,47.67,2379.40,159.95,647.07,45.88,2175.48,165.70,478.64,58.27,2236.68,165.09,669.43,35.07,2315.42,161.51,229.67,228.16,41.89,93.14,204.06,1780.32,3557.19,2.34,149.92,111.52,583.64,3.09,948.81,60.05,495.59
2026-03-03T20:00:00Z,47.99,2378.13,159.67,639.33,46.15,2172.97,166.12,485.72,58.60,2237.30,164.72,671.51,35.26,2323.36,161.61,227.45,230.16,38.82,93.70,210.42,1789.77,3556.18,2.47,149.34,111.43,590.75,2.74,938.88,59.91,490.00
2026-03-03T20:10:00Z,47.70,2373.54,159.68,654.48,46.07,2166.94,165.45,500.36,58.52,2237.08,164.73,667.64,35.33,2311.08,161.88,218.99,224.23,42.49,94.03,200.03,1783.54,3561.52,2.56,150.74,108.26,585.62,2.89,939.80,59.94,485.59
2026-03-03T20:20:00Z,,2394.23,160.81,627.31,46.37,2162.75,165.86,511.48,58.37,2235.01,165.37,686.57,35.68,2311.78,161.85,219.37,226.07,40.66,94.82,203.54,1781.52,3541.15,2.57,149.94,111.03,595.53,3.01,944.50,59.87,489.66
2026-03-03T20:30:00Z,47.33,2393.80,160.60,630.42,46.42,2166.92,165.83,498.55,58.19,2241.47,165.19,677.99,36.16,2301.13,161.93,228.65,224.96,39.90,94.35,201.02,1776.90,3544.81,2.57,147.68,107.00,580.69,2.93,934.12,60.30,488.10
2026-03-03T20:40:00Z,47.23,2391.94,160.94,633.99,46.36,2172.89,165.41,495.84,58.36,2224.47,165.34,677.38,36.23,2289.73,162.65,242.00,226.74,41.05,95.26,204.50,1782.34,3555.44,2.37,153.40,111.22,592.15,2.86,943.59,59.84,492.54
2026-03-03T20:50:00Z,47.40,2396.78,160.94,636.19,46.42,2175.91,165.47,500.81,57.91,2234.88,164.43,671.13,36.23,2302.17,161.76,239.28,237.43,39.75,94.23,217.03,1803.88,3571.52,2.58,151.48,115.58,594.19,3.13,953.09,59.75,499.65
2026-03-03T21:00:00Z,47.32,2386.38,159.71,624.26,46.36,2177.66,166.34,501.53,58.16,2242.75,164.00,653.58,35.93,2314.57,161.77,226.11,233.61,40.44,94.73,210.49,1781.60,3543.57,2.72,151.19,109.31,588.37,2.99,942.67,60.91,490.13
2026-03-03T21:10:00Z,47.07,2403.99,159.46,625.42,46.16,2166.48,165.97,507.31,58.18,2247.89,163.72,659.28,35.83,2321.10,161.46,223.31,230.74,43.18,94.00,208.10,1787.72,3548.38,2.34,150.30,108.91,585.40,2.93,943.26,59.96,487.94
2026-03-03T21:20:00Z,47.32,2403.10,159.04,618.14,46.22,2173.66,166.59,525.49,58.19,2240.85,163.43,662.35,35.65,2310.23,161.81,226.35,226.62,41.48,93.40,204.20,1779.17,3547.79,2.61,149.73,108.95,592.77,3.35,949.41,59.36,494.01
2026-03-03T21:30:00Z,47.51,2391.35,159.41,613.03,46.16,2169.54,165.62,503.45,57.98,2248.14,163.42,661.24,35.61,2315.99,162.15,237.24,228.13,40.79,94.32,202.84,1771.03,3543.80,2.21,149.59,108.83,586.29,3.13,929.99,59.47,496.17
2026-03-03T21:40:00Z,47.28,2383.35,159.13,619.16,46.33,2160.32,165.41,506.33,57.82,2253.80,162.66,648.79,35.49,2313.42,162.04,233.38,227.09,40.22,94.13,203.06,1781.18,3550.74,2.45,149.46,107.17,584.38,2.99,946.03,60.07,483.62
2026-03-03T21:50:00Z,47.02,2388.54,159.44,626.57,45.84,2170.90,165.12,490.77,57.99,2254.98,162.52,639.72,36.03,2302.68,161.72,226.32,224.22,41.14,92.94,199.48,1780.00,3540.30,2.23,148.60,106.80,587.15,2.88,942.20,60.35,485.85
2026-03-03T22:00:00Z,46.95,2397.92,159.46,639.36,46.23,2170.50,166.15,500.76,58.04,2242.27,163.52,662.67,35.85,2305.33,161.88,231.42,229.75,41.77,92.84,207.59,1779.15,3533.07,2.51,149.20,107.21,589.18,3.27,940.18,59.16,504.58
2026-03-03T22:10:00Z,47.10,2399.59,159.59,623.89,46.47,2168.59,166.41,491.59,57.75,2252.51,163.85,657.65,35.97,2299.37,161.81,231.52,232.33,43.20,92.72,207.47,1782.40,3549.92,2.30,149.28,109.98,581.45,2.90,943.81,60.01,488.36
2026-03-03T22:20:00Z,47.35,2396.39,159.77,617.44,46.89,2160.68,166.57,510.88,57.87,2241.86,163.66,639.53,36.18,2298.01,160.91,223.93,225.21,42.57,92.50,200.90,1771.32,3559.31,2.50,148.53,108.18,583.95,2.98,943.34,59.93,490.63
2026-03-03T22:30:00Z,47.60,2394.57,160.05,618.79,46.77,2155.38,166.83,510.11,57.44,2259.92,163.15,652.75,36.28,2289.25,161.55,240.16,226.46,40.86,92.91,203.16,1782.27,3556.02,2.50,151.03,108.60,577.43,2.91,944.60,59.44,492.35
2026-03-03T22:40:00Z,47.36,2393.56,159.22,628.62,46.52,2160.86,166.17,508.51,57.65,2260.80,164.23,645.71,35.85,2297.26,161.69,239.12,234.25,40.89,92.27,205.53,1780.71,3543.12,2.47,148.53,111.88,592.27,2.85,945.32,59.02,486.53
2026-03-03T22:50:00Z,47.60,2393.25,159.68,639.52,46.61,2150.93,166.69,521.08,57.83,2255.76,163.26,640.07,35.31,2318.17,162.14,227.97,232.08,40.96,93.16,209.18,1778.45,3557.69,2.73,151.67,112.01,589.87,2.95,935.97,58.47,489.51
2026-03-03T23:00:00Z,47.43,2396.55,160.72,647.72,46.26,2162.47,166.72,510.02,57.47,2257.74,163.64,638.13,34.97,2316.01,162.00,228.65,229.28,40.01,93.87,205.58,1779.59,3540.56,2.57,150.14,109.92,582.75,3.04,937.24,60.64,491.10
2026-03-03T23:10:00Z,47.26,2394.50,160.21,633.97,46.56,2161.27,166.01,498.04,56.93,2271.49,163.95,628.53,35.42,2312.88,161.92,226.80,225.66,40.06,92.70,200.07,1781.26,3546.96,2.34,150.35,106.49,582.02,2.86,936.54,60.52,483.13
2026-03-03T23:20:00Z,47.46,2388.60,160.33,635.05,46.63,2158.26,165.62,503.72,56.90,2269.95,162.82,628.63,35.67,2308.56,162.18,236.71,225.02,42.88,94.06,202.27,1788.18,3560.46,2.40,149.37,110.13,595.04,3.02,934.49,60.76,487.70
2026-03-03T23:30:00Z,47.17,2388.14,160.06,635.24,45.43,2171.64,165.50,473.37,56.79,2272.85,163.46,620.70,35.73,2301.84,162.33,234.58,230.30,42.49,93.53,206.16,1781.21,3536.15,2.38,150.01,110.68,588.16,3.05,937.54,59.21,479.18
2026-03-03T23:40:00Z,47.62,2381.50,159.51,638.55,45.56,2182.91,165.17,469.14,56.73,2287.43,162.84,610.77,36.01,2310.82,162.19,222.50,230.21,43.47,94.18,204.69,1790.39,3545.57,2.39,150.44,107.56,583.03,2.88,945.42,60.51,484.62
2026-03-03T23:50:00Z,47.20,2388.84,159.92,635.95,46.12,2163.81,164.90,484.70,57.01,2271.50,163.13,612.67,36.11,2305.99,162.34,225.38,227.66,42.48,92.99,204.38,1784.40,3545.97,2.61,149.99,109.31,586.30,3.08,941.90,59.49,485.66
2026-03-04T00:00:00Z,46.98,2389.84,159.05,624.44,46.47,2171.58,164.81,489.62,57.20,2276.72,162.83,616.65,36.01,2306.32,162.09,220.85,231.00,38.38,93.37,209.61,1781.75,3546.30,2.59,149.71,110.48,590.81,3.00,947.18,59.05,493.11
2026-03-04T00:10:00Z,47.26,2392.33,159.38,618.13,46.62,2161.67,165.43,512.70,56.99,2276.94,162.91,622.11,36.14,2303.85,162.12,222.80,231.08,38.07,93.68,207.58,1791.40,3555.89,2.57,151.84,109.15,585.16,3.03,943.23,58.60,489.03
2026-03-04T00:20:00Z,47.47,2382.33,159.82,620.37,47.17,2153.03,166.01,510.02,57.29,2275.28,162.54,631.35,36.09,2300.78,161.86,227.34,227.61,39.24,93.32,202.88,1776.85,3538.94,2.45,150.53,107.57,577.15,3.09,938.26,59.57,475.48
2026-03-04T00:30:00Z,47.30,2374.78,160.03,626.24,47.19,2137.29,166.45,528.81,56.95,2275.21,163.26,618.78,36.47,2291.86,162.44,245.77,228.70,39.25,94.09,206.83,1790.58,3542.01,2.56,148.23,110.04,587.93,2.93,951.89,59.45,491.91
2026-03-04T00:40:00Z,47.48,2379.22,160.02,647.09,47.18,2142.78,166.44,524.80,57.23,2270.24,164.16,618.23,35.85,2297.86,162.02,232.09,227.50,39.59,93.48,202.43,1779.19,3556.74,2.43,148.80,110.59,588.52,3.07,946.47,59.11,492.33
2026-03-04T00:50:00Z,47.85,2382.19,159.62,643.49,46.92,2150.20,166.62,511.39,56.88,2277.64,163.70,617.55,35.31,2318.08,162.14,220.98,224.06,40.55,92.83,199.64,1780.51,3558.43,2.46,149.74,107.20,586.17,2.91,942.43,59.33,484.53
2026-03-04T01:00:00Z,48.17,2378.21,159.62,654.39,46.78,2153.12,166.60,521.33,57.05,2274.97,163.84,622.88,34.88,2331.69,161.90,213.73,223.36,40.18,93.47,199.70,1779.65,3548.43,2.51,148.20,107.58,578.63,2.59,944.24,60.33,474.79
2026-03-04T01:10:00Z,48.19,2376.47,159.95,659.80,47.14,2145.53,166.01,531.72,56.92,2271.37,163.65,623.51,35.03,2329.97,161.48,190.95,223.54,40.08,93.42,200.04,1775.42,3547.84,2.58,151.08,105.02,577.89,3.07,933.59,60.66,485.68
2026-03-04T01:20:00Z,48.45,2369.97,160.18,658.39,47.34,2147.85,166.73,527.59,57.11,2264.53,163.33,628.46,34.96,2338.81,161.30,197.56,225.62,40.78,93.13,203.56,1781.33,3552.39,2.75,149.36,108.53,586.42,3.24,943.36,60.36,487.86
2026-03-04T01:30:00Z,48.53,2363.20,159.61,657.24,47.25,2147.22,167.22,525.46,56.92,2288.71,162.97,616.20,34.80,2322.84,161.37,190.61,222.50,41.19,93.71,201.52,1777.27,3547.13,2.42,148.99,108.26,578.46,3.17,937.03,60.75,482.37
2026-03-04T01:40:00Z,47.84,2376.06,159.69,659.00,47.39,2145.39,167.26,536.42,56.83,2289.92,162.64,619.51,35.52,2315.09,161.70,214.29,224.68,40.53,93.01,200.64,1771.59,3549.06,2.62,151.23,104.99,579.44,3.32,929.81,58.93,474.99
2026-03-04T01:50:00Z,47.89,2377.27,160.62,643.11,47.65,2132.50,166.06,545.53,56.29,2292.47,162.92,618.55,35.90,2316.22,161.30,221.36,230.97,42.49,93.25,208.67,1781.87,3550.96,2.48,149.29,112.55,594.99,3.08,939.01,60.38,498.00
2026-03-04T02:00:00Z,47.91,2377.82,160.55,662.25,47.06,2136.51,166.13,535.36,56.43,2286.64,163.01,611.69,35.84,2310.24,161.13,217.46,228.99,40.75,93.38,204.58,1772.61,3558.39,2.25,150.02,107.85,581.70,2.85,935.21,60.32,488.45
2026-03-04T02:10:00Z,47.74,2379.44,160.09,650.24,47.19,2139.73,166.18,526.76,56.45,2293.63,163.18,598.20,35.82,2315.23,161.93,218.79,231.19,41.74,93.76,207.74,1783.11,3550.47,2.35,152.12,110.71,592.87,3.17,940.85,59.86,492.89
2026-03-04T02:20:00Z,47.91,2375.19,159.51,637.23,46.97,2148.21,166.04,521.92,56.12,2294.66,163.22,587.15,36.12,2300.17,162.17,219.42,230.52,39.76,94.52,207.37,1784.49,3556.31,2.15,150.64,110.34,594.76,2.76,939.83,60.22,499.10
2026-03-04T02:30:00Z,47.76,2388.29,158.97,623.89,46.40,2145.15,166.49,517.59,56.25,2291.29,162.00,583.55,36.14,2310.59,161.94,233.84,223.51,39.10,94.29,203.14,1774.83,3538.00,2.42,149.07,104.58,580.65,2.95,946.88,61.44,481.83
2026-03-04T02:40:00Z,48.15,2366.83,159.11,636.88,46.41,2163.32,166.32,501.53,56.27,2295.13,161.69,576.33,36.08,2305.39,161.62,225.81,224.41,39.77,93.68,200.31,1770.10,3560.79,2.49,150.10,109.74,577.39,3.28,931.40,60.91,484.49
2026-03-04T02:50:00Z,48.19,2367.15,159.43,651.39,46.39,2159.75,165.60,497.69,56.62,2295.44,163.12,576.26,36.04,2298.03,162.01,233.10,225.36,39.32,93.72,200.13,1772.88,3559.41,2.55,149.18,107.29,589.41,3.31,934.36,59.31,490.35
2026-03-04T03:00:00Z,48.22,2357.29,159.84,673.87,46.79,2150.61,166.51,528.39,56.86,2285.05,162.36,585.83,36.19,2292.68,161.76,227.75,230.72,40.69,93.73,206.93,1774.43,3555.38,2.64,149.78,110.73,589.56,2.64,940.74,59.28,485.26
2026-03-04T03:10:00Z,48.71,2351.56,160.69,684.84,46.35,2160.09,166.57,513.17,56.92,2288.68,163.36,607.60,36.49,2294.21,161.95,233.78,228.37,40.82,94.19,203.05,1783.79,3561.90,2.50,149.39,109.77,590.33,2.99,944.13,59.64,484.20
2026-03-04T03:20:00Z,48.52,2345.44,161.44,683.57,46.40,2157.82,166.34,516.45,57.01,2287.79,163.01,602.43,36.37,2302.63,162.40,250.58,231.65,40.73,94.65,206.40,1785.99,3552.69,2.67,150.03,112.40,592.93,3.12,946.75,60.63,495.46
2026-03-04T03:30:00Z,48.07,2367.28,160.82,671.00,46.54,2154.87,166.48,521.83,57.14,2271.59,162.95,604.14,36.10,2296.37,162.03,238.48,231.80,41.11,94.12,210.37,1779.76,3558.52,2.79,150.95,110.47,589.45,2.96,946.07,59.68,492.71
2026-03-04T03:40:00Z,48.01,2375.30,161.18,676.60,46.13,2164.03,166.87,511.94,57.59,2266.53,162.61,620.97,36.06,2299.83,162.28,246.05,226.35,39.56,93.45,202.16,1780.32,3561.24,2.61,148.66,109.99,588.32,2.81,938.73,59.61,484.58
2026-03-04T03:50:00Z,47.53,2381.31,160.49,649.46,45.75,2174.98,166.15,503.19,57.42,2265.70,163.58,630.46,35.92,2304.59,162.22,233.38,222.46,43.02,93.67,198.84,1771.91,3560.09,2.61,150.96,107.26,588.38,3.15,932.67,57.84,493.88
2026-03-04T04:00:00Z,47.78,2380.14,160.10,660.43,45.56,2174.83,166.03,500.80,57.93,2257.49,163.24,637.41,35.70,2309.42,162.00,231.43,225.08,43.69,94.61,205.94,1784.69,3556.29,2.55,151.18,106.87,587.18,3.04,943.92,59.36,477.94
2026-03-04T04:10:00Z,47.45,2382.48,160.23,644.93,45.47,2194.27,166.42,475.71,57.81,2257.01,164.07,652.17,35.67,2305.78,161.84,229.47,227.00,41.55,94.40,205.94,1781.41,3556.41,2.89,149.40,109.15,586.38,2.78,943.87,59.55,485.76
2026-03-04T04:20:00Z,47.33,2384.39,160.56,646.63,45.44,2197.56,165.35,466.57,57.94,2247.18,164.10,649.28,35.87,2293.77,161.55,235.80,221.80,42.12,94.13,197.39,1779.20,3546.95,2.47,149.22,106.46,579.16,3.06,931.59,59.56,483.85
2026-03-04T04:30:00Z,47.38,2385.99,159.77,642.61,45.46,2189.77,165.55,465.79,57.54,2255.87,164.29,643.77,35.87,2298.67,161.50,235.57,225.70,40.08,94.55,201.72,1778.64,3548.92,2.43,149.77,106.94,584.79,2.92,937.81,58.29,496.18
2026-03-04T04:40:00Z,47.56,2385.48,159.52,641.71,45.30,2207.72,165.43,445.15,57.49,2252.62,164.53,656.08,35.69,2307.63,161.70,217.88,222.01,39.51,93.49,199.74,1785.40,3553.12,2.45,149.94,105.31,587.30,3.21,944.83,61.01,483.40
2026-03-04T04:50:00Z,47.74,2386.96,158.80,635.26,45.53,2195.75,165.21,436.78,57.37,2249.21,164.27,663.40,35.63,2313.55,161.21,226.76,224.34,41.30,94.43,200.34,1777.93,3547.47,2.47,149.09,107.02,585.03,3.15,934.12,60.19,495.15
2026-03-04T05:00:00Z,47.68,2385.47,159.24,636.19,45.79,2188.36,164.96,452.73,57.60,2252.59,163.47,659.94,35.62,2307.75,162.39,227.50,227.55,40.59,93.91,205.07,1779.79,3572.08,2.28,151.15,109.80,587.34,2.81,932.42,59.51,495.22
2026-03-04T05:10:00Z,48.11,2374.34,159.42,623.94,46.01,2177.05,165.43,479.97,57.64,2263.79,162.88,642.54,35.48,2307.20,162.42,232.25,224.03,40.31,92.72,202.49,1771.47,3544.75,2.48,149.53,106.77,583.56,2.86,931.01,59.65,483.61
2026-03-04T05:20:00Z,47.92,2373.10,159.94,637.73,46.45,2177.73,166.40,488.49,58.03,2263.09,162.76,650.22,35.84,2305.15,161.82,225.49,231.53,39.87,93.21,205.61,1782.05,3558.01,2.23,149.08,110.24,587.32,2.94,942.93,59.63,489.72
2026-03-04T05:30:00Z,47.68,2379.36,159.53,626.84,46.25,2171.28,165.98,488.02,57.55,2259.04,163.34,634.16,35.70,2317.23,162.17,226.07,225.04,37.93,93.98,202.03,1776.67,3555.63,2.59,149.41,105.38,585.40,2.70,936.82,59.12,482.58
2026-03-04T05:40:00Z,47.78,2377.93,159.93,640.43,45.94,2173.25,166.12,500.15,57.86,2258.00,162.92,624.01,35.70,2314.85,162.36,232.34,227.54,39.70,93.43,205.34,1800.62,3557.48,2.62,148.80,109.48,581.55,2.97,950.53,58.49,494.47
2026-03-04T05:50:00Z,47.72,2375.23,159.74,630.92,46.06,2171.50,166.14,499.93,58.05,2247.46,162.76,630.54,35.81,2313.93,162.18,227.43,228.63,39.57,93.16,207.23,1776.19,3561.87,2.83,151.20,109.06,593.54,2.84,940.62,58.06,499.76
2026-03-04T06:00:00Z,47.73,2371.60,160.05,649.45,46.08,2177.93,165.68,496.97,58.32,2233.96,162.75,638.48,35.74,2305.52,162.08,231.18,230.51,41.57,92.44,207.34,1779.75,3544.30,2.25,152.73,107.53,583.10,2.99,934.55,59.32,481.24
2026-03-04T06:10:00Z,47.65,2373.21,159.99,644.38,45.91,2177.98,165.83,489.45,58.41,2247.43,163.12,648.25,35.88,2303.33,162.10,228.11,231.57,42.16,92.77,208.75,1780.02,3540.60,2.34,148.18,113.13,577.36,2.74,941.77,59.17,478.50
2026-03-04T06:20:00Z,47.95,2379.51,159.63,646.38,45.97,2177.28,165.68,482.56,58.37,2239.15,163.44,648.80,36.15,2302.21,161.07,246.89,231.64,41.98,92.60,205.65,1781.17,3536.37,2.34,149.76,114.52,589.87,2.95,934.96,59.72,487.52
2026-03-04T06:30:00Z,47.81,2376.52,160.00,657.93,45.89,2176.99,166.06,492.69,58.20,2243.16,164.14,646.54,36.08,2296.81,161.64,232.59,234.20,41.99,93.32,209.96,1776.34,3537.49,2.85,149.62,115.17,592.54,2.87,939.67,60.31,500.16
2026-03-04T06:40:00Z,47.74,2374.67,159.79,639.88,45.63,2181.96,166.06,479.95,58.05,2244.94,164.78,658.28,35.79,2305.06,161.90,227.80,236.07,40.73,93.02,214.83,1793.75,3554.52,2.58,149.66,111.34,595.63,2.84,945.54,59.99,502.98
2026-03-04T06:50:00Z,47.61,2382.10,159.29,645.64,45.41,2184.71,165.35,463.39,58.15,2246.73,164.21,654.66,35.76,2308.57,161.97,220.92,228.59,41.07,92.87,202.86,1769.52,3564.70,2.65,151.03,112.85,589.85,3.19,937.63,60.24,490.78
2026-03-04T07:00:00Z,47.75,2388.21,159.01,639.96,45.62,2181.55,165.43,477.34,58.43,2244.25,164.02,651.21,35.87,2311.39,161.94,223.39,229.01,41.87,93.03,206.25,1791.71,3548.84,2.37,150.61,108.73,579.41,2.89,943.36,60.00,487.83
2026-03-04T07:10:00Z,47.69,2381.33,158.76,659.32,45.15,2182.45,165.29,476.89,58.23,2249.80,163.73,653.27,35.66,2308.64,162.16,220.35,229.13,43.02,93.26,207.01,1792.44,3550.81,2.74,150.65,108.98,590.78,3.09,948.55,60.71,487.02
2026-03-04T07:20:00Z,47.74,2381.41,158.99,644.21,45.23,2183.84,164.61,476.48,58.14,2243.41,164.01,653.44,35.71,2307.39,161.78,225.60,229.71,39.67,92.43,202.86,1781.56,3551.49,2.45,150.67,109.00,585.06,3.15,946.20,59.78,479.14
2026-03-04T07:30:00Z,47.87,2377.63,159.31,645.77,45.18,2189.21,164.89,476.96,58.01,2251.37,164.01,653.92,35.77,2311.61,162.27,239.77,230.44,40.20,93.63,202.19,1783.67,3541.07,2.71,150.12,110.67,589.64,2.87,942.25,59.13,484.92
2026-03-04T07:40:00Z,47.63,2390.70,159.27,647.78,45.27,2188.98,165.35,470.08,57.86,2260.77,164.34,650.92,35.54,2302.25,162.54,251.15,230.79,41.36,94.04,207.71,1785.57,3550.97,2.43,149.72,109.44,591.52,3.07,943.82,59.96,497.20
2026-03-04T07:50:00Z,47.55,2387.65,159.72,634.45,45.63,2191.98,165.48,456.57,58.20,2253.60,163.20,625.66,35.68,2304.71,162.26,232.68,224.27,41.46,93.90,204.83,1787.70,3544.35,2.55,150.11,106.05,588.65,2.69,937.27,58.84,494.54
2026-03-04T08:00:00Z,47.82,2386.01,158.62,643.10,45.64,2194.01,165.43,462.74,58.06,2257.14,163.13,629.28,35.91,2304.87,162.01,230.86,227.08,40.33,94.32,206.28,1782.48,3560.11,2.28,149.90,109.51,583.59,2.98,935.29,59.26,483.03
2026-03-04T08:10:00Z,47.48,2387.88,158.75,640.29,45.40,2185.56,164.79,471.73,57.95,2250.92,162.54,619.41,35.93,2298.66,162.01,234.99,223.87,39.21,92.90,200.65,1776.96,3555.22,2.89,148.82,107.00,585.40,3.01,938.60,60.47,493.86
2026-03-04T08:20:00Z,47.40,2392.99,159.08,650.37,45.30,2194.71,164.58,474.70,57.97,2246.91,162.46,637.57,36.27,2289.30,162.17,237.68,226.59,41.58,93.66,202.42,1781.22,3553.26,2.61,149.70,108.92,578.45,2.81,938.79,58.53,485.19
2026-03-04T08:30:00Z,47.69,2387.29,159.11,641.84,45.47,2183.00,165.63,467.27,57.95,2248.91,162.08,646.51,36.23,2279.37,162.73,248.82,230.37,41.40,94.25,207.73,1777.55,3536.54,2.77,148.94,108.40,588.35,3.06,937.12,59.72,488.91
2026-03-04T08:40:00Z,47.40,2386.48,159.02,634.33,45.33,2186.88,165.65,454.28,57.81,2248.05,162.79,643.82,36.49,2291.31,161.85,251.21,229.15,40.90,92.86,207.69,1780.12,3535.81,2.43,149.22,110.51,595.49,2.97,942.23,60.74,507.26
2026-03-04T08:50:00Z,47.43,2379.56,159.15,643.84,44.98,2189.09,165.89,464.02,57.77,2239.33,163.57,646.81,35.98,2303.20,162.00,241.72,221.85,41.99,91.99,198.42,1773.86,3546.85,2.52,150.15,106.41,578.33,3.23,934.31,59.55,488.09
2026-03-04T09:00:00Z,47.18,2388.88,158.80,633.91,44.74,2206.53,165.50,446.75,57.50,2251.91,163.08,646.39,36.02,2297.55,161.64,242.81,220.93,38.71,93.40,199.50,1776.32,3548.61,2.52,148.88,108.24,585.80,3.10,934.92,59.13,486.55
2026-03-04T09:10:00Z,46.73,2395.25,159.35,634.84,45.07,2196.21,165.39,464.62,57.55,2248.23,163.25,645.99,35.90,2299.85,162.38,239.58,225.91,40.42,93.94,204.26,1787.33,3544.20,2.52,150.09,106.65,584.20,2.85,936.09,59.61,489.21
2026-03-04T09:20:00Z,46.85,2407.83,159.56,630.58,45.11,2189.74,165.78,460.77,57.82,2250.69,163.74,646.65,35.63,2307.72,162.62,241.90,226.48,42.50,93.21,206.62,1783.84,3545.26,2.58,148.79,106.80,580.85,2.92,946.43,58.52,478.26
2026-03-04T09:30:00Z,46.89,2400.51,159.53,611.06,45.62,2184.64,165.29,478.96,57.64,2248.62,164.90,646.50,35.88,2308.81,162.17,242.04,224.91,41.68,92.86,203.66,1781.90,3535.58,2.56,148.30,107.54,583.01,2.87,936.85,59.14,481.97
2026-03-04T09:40:00Z,47.07,2393.97,159.91,631.71,45.81,2182.47,165.27,470.39,57.24,2261.47,163.25,618.19,35.75,2309.21,161.84,247.51,227.76,40.75,93.26,204.63,1779.69,3549.28,2.40,149.71,110.27,590.82,2.61,946.17,60.20,487.99
2026-03-04T09:50:00Z,46.80,2406.69,160.24,600.63,46.15,2191.96,165.56,471.00,57.28,2262.73,163.39,624.27,36.25,2294.28,161.82,240.00,229.70,39.95,93.14,206.98,1773.21,3537.31,2.35,149.17,110.48,583.14,3.14,933.94,59.98,500.39
2026-03-04T10:00:00Z,46.71,2397.47,159.25,603.26,46.35,2186.38,165.49,481.64,56.88,2279.85,163.12,614.22,35.90,2309.55,162.90,243.68,225.62,41.32,92.98,202.65,1781.55,3537.42,2.54,151.70,105.26,584.13,3.12,936.99,59.34,479.62
2026-03-04T10:10:00Z,46.54,2413.74,158.42,601.16,46.47,2185.97,165.76,487.70,56.94,2272.02,162.53,608.35,36.05,2303.14,162.14,230.86,228.50,39.77,92.64,205.82,1783.48,3562.37,2.20,151.43,109.06,583.81,3.01,945.01,60.34,482.36
2026-03-04T10:20:00Z,46.75,2413.84,158.71,587.98,45.99,2191.06,166.21,484.62,57.31,2259.79,162.32,600.86,36.45,2297.79,161.97,230.32,226.55,39.82,93.80,205.34,1790.93,3547.13,2.50,148.12,108.86,588.33,2.80,945.59,59.42,492.03
2026-03-04T10:30:00Z,46.69,2398.86,159.15,599.34,46.05,2183.65,166.07,477.89,57.15,2252.82,161.86,612.41,36.18,2297.21,161.99,237.46,221.86,39.66,93.40,199.54,1776.28,3544.45,2.35,148.88,105.99,586.31,3.14,940.55,58.43,489.46
2026-03-04T10:40:00Z,46.60,2409.81,158.54,596.06,45.98,2186.59,165.75,473.01,57.02,2265.40,162.80,613.88,36.29,2296.07,162.23,262.83,221.58,40.70,92.96,198.30,1772.98,3541.27,2.51,149.88,105.48,574.62,3.10,930.50,58.06,488.55
2026-03-04T10:50:00Z,46.60,2401.97,158.42,612.20,45.85,2181.77,166.11,488.13,57.15,2265.31,162.67,621.72,36.77,2283.76,162.31,260.93,226.40,41.53,93.45,201.47,1775.23,3555.52,2.67,151.39,106.64,589.91,2.54,935.79,59.60,489.49
2026-03-04T11:00:00Z,46.57,2414.20,159.37,605.93,45.70,2174.52,165.15,480.12,56.97,2268.20,162.73,614.33,36.80,2284.14,161.72,261.33,225.37,40.72,93.04,207.20,1776.78,3542.79,2.48,149.95,108.43,587.69,3.14,933.58,59.01,493.23
2026-03-04T11:10:00Z,46.44,2411.44,158.63,600.03,45.99,2176.45,164.90,479.59,57.16,2257.25,162.43,629.77,36.50,2285.12,161.72,246.65,228.47,39.95,94.18,205.46,1785.33,3545.86,2.38,151.08,107.72,589.16,3.09,945.71,58.88,484.68
2026-03-04T11:20:00Z,46.46,2418.94,159.53,608.86,45.84,2171.50,165.60,495.51,57.50,2249.82,163.16,636.97,36.88,2282.79,161.56,259.66,231.86,38.34,94.36,208.07,1785.10,3542.31,2.42,150.35,111.26,598.30,3.19,947.30,57.93,498.48
2026-03-04T11:30:00Z,46.83,2412.56,160.11,604.58,45.69,2174.67,165.09,482.46,57.37,2250.26,163.14,640.36,37.20,2274.45,162.38,272.39,232.72,40.79,93.55,206.74,1782.68,3547.75,2.54,151.06,112.35,591.98,2.96,946.42,58.79,486.76
2026-03-04T11:40:00Z,46.72,2420.22,160.23,610.56,45.88,2185.93,165.02,467.61,57.27,2261.42,163.44,640.79,37.47,2257.74,162.53,288.40,228.20,41.49,92.95,205.23,1781.88,3553.77,2.18,152.41,109.74,578.03,3.31,,58.69,492.76
2026-03-04T11:50:00Z,46.63,2419.72,159.97,609.90,45.81,2179.80,164.47,462.82,57.23,2271.19,163.64,635.79,37.55,2263.46,162.67,283.00,224.50,39.43,93.42,202.69,1767.69,3550.57,2.56,147.49,106.50,587.07,2.97,933.26,58.00,491.69
2026-03-04T12:00:00Z,46.34,2407.05,159.66,605.03,46.20,2177.61,164.62,472.87,57.45,2265.31,163.04,629.65,37.31,2270.22,163.32,274.12,227.06,40.16,93.16,204.04,1775.77,3548.27,2.30,151.44,110.39,589.84,2.91,940.14,58.48,489.32
2026-03-04T12:10:00Z,46.54,2416.66,159.57,609.13,46.08,2182.72,164.92,479.58,57.22,2277.94,161.99,616.92,37.42,2252.71,163.84,283.85,228.65,38.92,94.41,204.67,1780.97,3546.63,2.71,150.21,108.50,588.31,3.11,940.12,58.25,487.07
2026-03-04T12:20:00Z,46.52,2408.14,158.58,614.01,45.43,2193.00,165.53,472.08,56.89,2276.40,162.45,615.25,37.47,2253.33,163.53,282.16,224.69,38.46,94.06,199.48,1772.39,3575.08,2.59,149.11,103.88,,2.62,929.51,58.67,489.70
2026-03-04T12:30:00Z,46.56,2408.84,158.74,607.31,45.30,2191.42,165.32,463.15,56.94,2271.21,161.69,612.04,37.20,2263.24,163.40,289.42,228.03,40.05,92.98,205.84,1787.90,3553.07,2.38,148.57,108.91,585.70,3.07,942.60,60.08,492.20
2026-03-04T12:40:00Z,46.86,2410.20,159.40,614.96,45.48,2192.71,165.09,471.16,56.78,2274.72,162.83,612.75,37.16,2267.96,163.92,292.03,226.22,40.25,93.61,203.23,1777.92,3545.93,2.44,150.63,110.23,583.45,3.01,938.54,58.98,491.13
2026-03-04T12:50:00Z,46.95,2398.13,158.49,612.08,45.14,2199.19,165.70,462.42,57.05,2273.40,162.48,618.66,37.02,2274.03,163.80,296.10,228.32,41.51,93.82,205.69,1779.72,3555.21,2.58,148.51,111.24,596.37,2.88,933.76,58.80,495.50
2026-03-04T13:00:00Z,46.78,2399.29,159.14,616.97,44.87,2208.69,165.40,457.49,57.15,2273.98,163.32,617.71,37.27,2270.03,162.87,286.43,225.18,40.52,93.96,200.25,1773.38,3537.14,2.29,149.63,109.55,589.81,2.69,944.41,59.14,491.21
2026-03-04T13:10:00Z,47.23,2397.59,159.23,619.97,44.64,2203.67,165.54,445.22,57.00,2276.22,162.82,618.99,37.05,2270.87,162.98,296.78,226.54,40.26,93.96,200.93,1770.15,3559.39,2.59,151.23,109.39,578.66,3.12,929.32,60.03,485.03
2026-03-04T13:20:00Z,47.17,2403.17,160.14,616.19,44.62,2195.24,165.04,443.65,56.96,2268.94,162.94,633.99,37.06,2262.94,163.20,286.08,231.16,42.20,93.11,206.13,1784.35,3537.01,2.58,151.03,109.94,586.99,3.14,946.01,61.39,486.20
2026-03-04T13:30:00Z,47.05,2410.60,159.78,607.78,44.54,2193.83,165.70,456.37,56.72,2272.46,163.35,621.92,37.12,2273.58,163.23,281.17,226.55,39.92,92.46,203.26,1778.15,3535.54,2.51,150.79,108.32,583.25,3.41,939.03,59.42,483.30
2026-03-04T13:40:00Z,47.39,2396.00,159.26,611.62,44.56,2192.12,165.29,460.66,56.97,2273.13,163.44,617.94,37.87,2267.46,162.99,285.53,228.23,40.40,93.52,207.98,1790.04,3550.70,2.54,149.40,111.72,590.21,3.03,943.55,59.73,488.25
2026-03-04T13:50:00Z,47.30,2397.28,159.24,602.01,44.92,2202.10,165.51,448.53,57.17,2271.05,163.18,627.18,37.85,2268.27,162.58,276.78,226.61,40.59,93.59,202.56,1774.19,3543.87,2.49,149.91,108.37,593.04,3.00,932.53,59.96,494.35
2026-03-04T14:00:00Z,47.27,2401.79,159.41,625.68,44.93,2200.87,165.06,454.78,57.05,2285.17,163.47,622.95,37.48,2256.44,162.15,281.85,223.64,42.04,93.51,203.85,1779.41,3546.81,2.52,149.91,108.53,586.39,2.90,938.43,59.55,492.93
2026-03-04T14:10:00Z,46.88,2401.89,159.49,622.52,45.31,2197.92,165.30,457.31,56.86,2270.98,163.71,618.57,37.73,2250.98,163.08,282.12,224.93,41.84,94.50,201.70,1778.05,3549.97,2.53,151.10,108.61,581.93,2.91,940.88,59.84,485.62
2026-03-04T14:20:00Z,46.78,2406.80,158.88,607.50,45.36,2196.91,165.73,460.26,56.99,2279.21,163.48,600.72,37.44,2259.35,162.77,289.11,226.75,41.14,93.75,200.07,1784.32,3560.08,2.63,150.69,110.52,589.77,3.22,938.98,59.77,494.05
2026-03-04T14:30:00Z,47.25,2400.84,160.03,604.84,44.97,2202.72,164.98,456.79,57.02,2279.83,163.11,614.46,37.45,2270.72,162.93,271.17,226.10,41.62,93.55,207.12,1781.07,3551.65,2.46,150.64,107.60,581.69,2.93,941.02,59.00,479.57
2026-03-04T14:40:00Z,46.87,2402.23,160.13,599.94,45.20,2193.23,164.78,463.48,56.77,2293.35,162.74,606.10,37.52,2263.97,162.94,273.60,228.27,39.48,93.90,204.64,1785.19,3546.43,2.47,148.97,108.81,589.14,3.07,940.30,59.72,497.31
2026-03-04T14:50:00Z,47.10,2406.11,159.32,611.80,45.68,2192.36,164.58,471.52,57.04,2279.67,162.72,614.32,37.69,2249.45,163.06,290.03,232.62,40.67,93.20,211.04,1786.77,3546.87,2.48,147.93,112.38,588.89,2.82,942.62,58.74,489.77
2026-03-04T15:00:00Z,47.17,2412.00,159.07,598.88,45.71,2185.75,164.70,472.11,57.08,2272.68,162.32,621.21,37.35,2267.14,162.90,285.56,229.11,41.06,93.66,205.09,1781.24,3551.51,2.65,149.97,110.38,583.45,2.55,937.34,58.87,482.63
2026-03-04T15:10:00Z,47.06,2398.77,158.79,593.95,45.73,2183.10,165.09,483.70,57.19,2276.31,162.93,615.05,37.40,2263.50,163.14,288.93,229.06,41.95,93.62,201.56,1774.66,3544.11,2.57,151.08,107.36,581.15,3.01,940.29,58.38,485.37
2026-03-04T15:20:00Z,46.72,2392.51,159.68,600.77,45.72,2181.39,164.77,477.02,57.39,2274.12,163.13,614.74,37.63,2262.66,162.77,289.31,225.09,41.04,93.33,198.50,1777.79,3558.67,2.64,147.54,107.94,588.62,3.16,941.68,58.67,491.14
2026-03-04T15:30:00Z,46.55,2406.52,159.23,604.67,46.21,2178.58,164.92,487.22,56.99,2272.60,162.47,619.35,37.59,2256.24,163.46,289.06,227.66,39.70,93.26,203.59,1781.57,3556.90,2.27,150.67,110.06,587.83,3.00,947.00,59.86,486.22
2026-03-04T15:40:00Z,46.50,2419.96,158.69,597.00,46.01,2167.41,165.94,491.50,57.05,2268.55,162.85,631.02,36.76,2265.35,163.90,281.06,226.53,40.16,93.26,205.14,1775.58,3542.97,2.44,149.65,104.74,584.95,3.23,947.81,60.65,502.51
2026-03-04T15:50:00Z,46.71,2407.40,158.93,605.26,46.51,2158.80,166.67,504.42,57.29,2281.27,162.94,613.47,36.66,2280.47,163.55,263.31,232.64,40.95,93.70,213.93,1787.94,3548.64,2.46,151.55,110.62,592.92,2.89,943.35,60.19,497.14
2026-03-04T16:00:00Z,46.77,2406.31,159.21,611.12,46.80,2154.54,165.89,499.21,56.95,2278.74,163.31,606.36,36.76,2285.57,163.02,267.19,224.59,41.72,94.12,205.45,1786.20,3552.76,2.49,148.19,104.61,583.27,3.00,947.29,59.74,484.34
2026-03-04T16:10:00Z,46.65,2409.98,159.90,611.58,47.35,2146.08,166.90,513.62,56.57,2288.30,163.23,596.79,36.87,2285.94,162.56,263.01,224.58,41.60,93.80,202.61,1779.41,3549.45,,152.14,109.00,585.27,2.70,940.58,59.65,491.44
2026-03-04T16:20:00Z,46.97,2408.43,159.61,601.32,47.52,2127.64,166.97,515.97,56.70,2286.01,163.00,605.44,37.27,2269.90,162.21,281.17,224.41,39.72,93.61,204.88,1779.34,3541.95,2.25,150.49,108.42,593.06,3.27,935.18,59.06,486.18
2026-03-04T16:30:00Z,46.59,2408.08,159.46,599.80,47.56,2136.03,166.83,540.27,56.33,2292.72,163.01,617.70,37.07,2259.71,162.99,287.50,227.51,40.77,93.35,205.95,1782.79,3559.39,2.36,151.26,108.65,582.61,2.98,947.88,59.86,482.71
2026-03-04T16:40:00Z,46.93,2400.97,159.81,605.95,47.72,2128.66,167.13,546.27,56.73,2292.78,163.40,616.08,37.13,2270.66,163.05,279.91,224.03,42.34,93.55,198.97,1765.90,3545.60,2.52,149.22,109.38,590.30,3.37,934.87,59.12,490.19
2026-03-04T16:50:00Z,46.98,2395.37,159.12,605.82,47.66,2133.40,166.85,536.48,56.96,2283.89,162.76,600.98,37.13,2280.05,162.91,282.19,226.72,42.61,93.79,203.73,1774.22,3547.99,2.86,148.77,107.73,585.81,2.86,933.94,58.47,488.06
2026-03-04T17:00:00Z,46.70,2406.65,158.94,608.82,47.20,2129.78,166.82,533.38,56.33,2290.54,162.85,606.31,36.92,2279.17,162.68,268.03,227.97,41.44,93.91,207.58,1786.44,3547.25,2.58,148.57,109.63,583.38,3.07,941.91,59.39,487.09
2026-03-04T17:10:00Z,46.70,2404.90,158.86,612.44,47.55,2134.66,167.58,537.67,56.04,2299.34,162.53,579.24,36.56,2284.90,162.68,269.75,229.03,39.96,93.62,203.00,1782.71,3546.39,2.70,149.95,108.58,579.37,3.22,948.50,59.11,479.74
2026-03-04T17:20:00Z,46.84,2413.10,159.74,618.51,47.57,2150.46,167.92,543.74,56.04,2296.85,162.26,577.57,36.08,2293.58,162.87,254.18,236.59,42.18,94.55,209.42,1785.99,3554.59,2.42,150.68,111.68,598.00,2.76,945.08,59.73,494.13
2026-03-04T17:30:00Z,46.81,2409.49,159.05,617.69,47.50,2156.18,167.04,539.19,56.09,2304.30,161.68,574.27,35.77,2302.12,163.07,224.89,227.59,39.74,93.88,204.00,1792.56,3562.75,2.66,150.84,108.28,585.37,3.09,942.33,59.56,487.02
2026-03-04T17:40:00Z,47.06,2408.25,159.28,609.93,47.54,2142.86,167.32,539.97,55.80,2299.91,162.11,583.79,35.50,2315.00,163.46,214.65,223.80,37.36,94.55,203.12,1774.19,3552.15,2.76,149.02,105.37,579.60,2.86,936.49,60.20,484.23
2026-03-04T17:50:00Z,47.20,2402.58,159.27,619.07,47.49,2135.42,167.57,543.25,56.17,2306.56,162.26,593.14,36.20,2305.62,163.02,227.81,228.06,39.90,93.16,202.61,1786.51,3556.56,2.78,151.37,110.54,589.59,3.03,946.61,58.35,503.17
2026-03-04T18:00:00Z,47.21,2410.66,159.11,610.13,47.02,2136.40,166.73,533.43,56.42,2295.71,162.98,582.04,36.11,2298.70,162.78,225.43,224.41,38.51,92.96,200.13,1773.72,3545.25,2.43,149.96,109.30,579.09,3.33,936.16,58.26,482.98
2026-03-04T18:10:00Z,47.35,2395.74,158.90,618.36,47.01,2140.60,167.18,529.10,56.72,2291.86,163.01,610.82,36.06,2289.64,161.86,235.36,225.29,40.09,93.06,202.50,1774.32,3539.84,2.57,150.70,109.75,590.61,3.09,930.66,58.95,487.80
2026-03-04T18:20:00Z,47.68,2393.53,159.86,628.71,47.11,2142.83,166.84,535.06,56.80,2296.49,163.40,618.29,35.91,2306.59,162.25,246.28,227.18,39.35,93.78,201.24,1775.35,3546.45,2.63,150.15,111.24,585.66,2.93,942.24,59.92,491.15
2026-03-04T18:30:00Z,47.53,2397.09,160.64,625.80,47.15,2149.08,166.86,527.19,56.88,2283.74,162.55,609.69,35.95,2300.50,162.24,242.58,228.17,39.75,92.69,208.59,1781.38,3547.15,2.52,151.07,104.37,578.36,3.20,937.42,58.85,483.41
2026-03-04T18:40:00Z,47.76,2392.91,160.32,634.65,47.67,2137.43,166.90,527.17,56.77,2282.10,163.91,620.43,36.00,2303.27,162.41,233.55,226.48,40.23,93.55,202.45,1774.10,3550.10,2.70,151.04,108.57,592.68,3.04,936.33,60.05,491.42
2026-03-04T18:50:00Z,47.53,2380.95,159.84,645.11,47.45,2135.79,167.10,522.22,56.86,2276.23,163.51,622.52,35.93,2302.28,162.22,247.84,225.92,39.65,94.34,203.07,1781.74,3543.91,2.45,150.82,107.52,588.77,2.77,944.92,59.92,497.28
2026-03-04T19:00:00Z,47.72,2379.81,160.74,650.64,47.64,2143.85,166.95,532.39,56.89,2283.28,162.66,612.21,35.70,2313.54,162.20,230.33,233.27,41.81,94.38,208.97,1784.48,3548.00,2.52,150.41,112.53,588.19,3.00,939.58,60.21,488.72
2026-03-04T19:10:00Z,47.49,2391.39,160.75,637.73,47.55,2144.70,167.50,533.15,57.17,2275.51,162.68,603.49,35.73,2303.72,161.79,211.68,233.10,42.71,94.58,214.12,1781.83,3554.17,2.40,150.57,110.66,591.10,2.76,935.20,59.80,495.81
2026-03-04T19:20:00Z,47.59,2390.82,159.64,637.49,48.24,2136.93,166.22,541.41,57.07,2278.68,162.76,606.27,35.99,2300.76,162.11,214.39,226.96,41.57,93.47,203.20,1777.91,3539.75,2.73,149.19,113.81,588.87,3.11,938.48,59.69,493.86
2026-03-04T19:30:00Z,47.84,2381.57,159.45,626.20,47.83,2127.22,167.19,564.12,57.19,2268.73,162.70,620.58,35.83,2304.87,161.45,214.39,230.40,42.20,92.64,209.32,1787.18,3570.62,2.29,150.04,109.65,586.97,2.78,945.45,59.82,483.61
2026-03-04T19:40:00Z,47.82,2379.47,159.05,628.40,47.94,2128.28,167.63,567.82,57.11,2274.15,163.78,622.05,35.27,2318.41,161.70,207.15,235.45,43.59,92.89,208.44,1785.39,3562.13,2.51,152.24,113.27,591.15,2.63,944.89,59.85,489.93
2026-03-04T19:50:00Z,47.71,2384.17,158.16,644.82,47.73,2126.29,167.08,548.27,56.85,2272.80,163.77,626.92,35.08,2324.16,162.26,195.78,230.65,43.74,93.61,207.63,1776.22,3532.95,2.52,148.76,110.14,587.02,3.13,937.24,59.89,480.01
2026-03-04T20:00:00Z,48.31,2373.82,159.13,652.59,47.87,2131.08,166.92,545.35,57.00,2275.58,163.37,623.68,35.45,2320.96,162.26,207.86,231.16,44.19,93.42,207.65,1784.18,3547.95,2.28,152.39,112.67,591.50,3.14,941.55,60.01,487.91
2026-03-04T20:10:00Z,47.81,2387.51,159.13,650.40,48.02,2126.78,167.11,556.66,56.73,2280.18,162.87,616.45,35.23,2318.38,162.59,217.81,229.57,41.00,93.59,207.34,1784.40,3545.26,2.38,150.49,109.13,583.72,2.80,948.16,59.05,476.16
2026-03-04T20:20:00Z,48.46,2372.80,159.74,646.46,48.01,2123.19,166.88,546.60,56.71,2284.55,162.69,606.60,35.72,2320.10,162.73,222.69,225.87,42.73,93.52,204.72,1783.08,3564.21,2.62,150.66,106.17,582.21,3.10,938.62,59.38,497.96
2026-03-04T20:30:00Z,48.16,2370.62,160.41,652.29,48.27,2117.72,166.44,557.47,57.11,2279.13,163.02,606.82,36.00,2301.50,162.99,240.61,223.89,42.55,93.93,198.31,1769.20,3557.52,2.55,149.34,106.63,586.06,2.97,933.31,59.60,487.14
2026-03-04T20:40:00Z,48.67,2359.93,160.55,672.00,48.47,2120.11,166.28,573.12,57.02,2279.32,163.30,606.21,35.88,2303.98,163.17,228.82,229.86,42.95,92.59,206.57,1783.25,3547.14,2.60,149.26,108.35,584.78,3.28,946.09,60.06,488.09
2026-03-04T20:50:00Z,48.58,2353.89,160.69,677.05,48.21,2121.61,167.65,567.65,56.76,2281.60,162.55,598.56,36.19,2299.64,162.55,223.62,234.73,45.28,93.10,211.77,1785.57,3548.90,2.60,149.99,112.83,589.79,3.06,948.51,62.03,499.93
2026-03-04T21:00:00Z,48.41,2365.48,159.95,665.44,47.95,2129.72,167.48,549.74,56.84,2280.45,161.83,598.51,35.80,2298.60,161.97,220.00,231.14,45.53,93.10,209.21,1786.65,3536.76,2.49,150.68,112.30,593.51,3.21,943.64,60.26,493.09
2026-03-04T21:10:00Z,48.42,2366.90,160.10,666.78,47.55,2136.17,167.13,552.70,56.92,2286.61,161.86,608.65,35.60,2300.64,161.68,228.69,229.56,43.04,93.33,209.09,1784.67,3557.39,2.56,149.20,110.38,591.01,3.25,941.75,60.64,489.05
2026-03-04T21:20:00Z,48.27,2367.01,160.69,649.82,47.33,2143.04,167.11,538.37,57.06,2275.91,163.39,606.40,35.32,2307.38,161.63,227.30,226.27,43.82,93.83,202.85,1780.96,3551.70,2.41,150.33,106.45,588.01,3.36,941.19,60.02,490.80
2026-03-04T21:30:00Z,48.50,2367.91,160.69,648.94,47.35,2148.57,166.79,537.57,57.11,2282.41,163.39,601.05,35.45,2316.35,161.33,215.36,225.08,43.95,93.87,206.12,1789.33,3550.53,2.89,148.69,110.09,582.47,2.85,942.25,60.38,490.82
2026-03-04T21:40:00Z,48.80,2364.50,160.52,659.16,47.00,2151.11,166.49,518.73,57.44,2281.18,162.27,597.10,35.52,2311.29,161.73,222.88,226.06,43.07,93.97,201.86,1781.56,3551.78,2.60,151.18,107.89,583.44,3.15,933.00,58.49,481.24
2026-03-04T21:50:00Z,48.77,2361.66,160.70,672.46,46.87,2148.51,166.97,515.42,57.63,2274.31,162.62,607.75,35.33,2317.96,161.89,230.93,227.87,41.92,93.98,202.01,1777.29,3553.41,2.29,149.54,111.79,583.96,2.89,929.25,59.05,478.09
2026-03-04T22:00:00Z,49.21,2353.59,160.65,683.07,46.73,2152.72,166.18,521.81,57.25,2281.68,162.73,618.28,35.25,2313.98,161.43,212.86,227.10,41.91,93.26,203.03,1785.30,3561.31,2.33,150.50,109.72,588.81,2.79,938.83,59.57,498.76
2026-03-04T22:10:00Z,48.98,2347.28,160.65,681.88,46.54,2157.77,167.16,526.29,57.42,2280.89,163.11,607.22,35.18,2314.08,160.88,207.22,227.10,42.05,93.36,206.03,1779.05,3541.32,2.34,149.89,110.11,588.62,3.23,941.39,59.87,489.90
2026-03-04T22:20:00Z,49.06,2337.15,161.23,680.38,46.54,2167.84,166.74,518.32,57.53,2270.83,162.82,612.03,35.56,2309.75,160.38,222.25,228.55,41.95,94.48,202.70,1775.92,3556.47,2.65,148.98,106.37,574.28,3.14,931.82,60.17,475.36
2026-03-04T22:30:00Z,49.22,2333.63,161.08,689.07,46.60,2170.43,166.13,504.16,57.07,2280.11,162.81,601.01,35.84,2306.38,161.66,230.47,229.64,42.09,94.10,204.88,1783.19,3543.72,2.78,148.22,110.38,588.46,3.03,941.20,60.68,485.82
2026-03-04T22:40:00Z,49.42,2334.67,161.45,694.78,46.13,2180.93,166.63,500.68,57.20,2275.50,162.93,614.12,35.60,2311.91,161.19,231.29,228.71,40.29,93.28,209.04,1781.79,3541.98,2.48,147.98,107.51,585.22,3.11,935.23,59.25,484.71
2026-03-04T22:50:00Z,49.36,2335.80,160.96,683.65,46.23,2163.85,165.85,502.00,56.92,2277.49,162.94,605.40,35.35,2305.54,161.38,230.86,227.07,39.78,93.16,204.39,1777.22,3538.96,2.43,148.09,107.72,580.19,3.23,936.10,59.25,489.90
2026-03-04T23:00:00Z,49.44,2337.10,161.18,696.71,46.24,2170.93,165.72,484.16,57.43,2276.61,163.50,610.72,35.20,2310.71,161.78,230.83,225.86,42.81,94.09,203.40,1774.83,3539.38,2.56,150.13,106.24,591.82,2.72,935.37,59.70,488.71
2026-03-04T23:10:00Z,49.44,2336.25,160.97,707.05,46.18,2172.75,166.15,480.96,57.49,2263.85,162.56,604.55,35.07,2309.29,161.04,219.30,228.53,41.79,94.34,205.55,1788.57,3547.92,2.43,149.04,112.22,589.70,3.13,943.54,58.98,497.31
2026-03-04T23:20:00Z,49.75,2333.93,161.30,718.47,46.39,2162.35,166.33,496.73,57.41,2268.26,162.92,616.42,34.82,2330.91,160.63,204.69,228.50,41.99,94.63,204.26,1793.90,3555.23,2.64,151.09,112.99,590.79,3.04,945.66,60.12,490.84
2026-03-04T23:30:00Z,49.63,2337.64,161.51,704.36,46.04,2159.17,166.25,500.48,57.48,2265.43,163.07,621.32,34.58,2330.68,160.86,195.98,221.81,42.68,94.05,200.42,1784.44,3552.33,2.54,150.36,105.89,588.78,3.17,936.03,59.33,495.77
2026-03-04T23:40:00Z,49.63,2336.83,161.12,704.57,45.75,2173.11,166.17,477.84,57.74,2263.01,163.58,632.66,35.13,2317.77,161.19,196.91,227.37,42.02,94.24,204.95,1787.24,3538.92,2.66,149.29,108.50,592.49,3.17,940.60,60.42,501.19
2026-03-04T23:50:00Z,50.22,2322.93,160.95,718.36,45.74,2176.91,165.79,478.45,58.25,2242.88,163.71,648.47,35.17,2322.53,160.86,202.85,225.83,38.60,94.14,200.59,1787.39,3549.22,2.52,149.65,108.06,584.69,2.98,939.49,60.94,490.48
