timestamp,VAR_001,VAR_002,VAR_003,VAR_004,VAR_005,VAR_006,VAR_007,VAR_008,VAR_009,VAR_010,VAR_011,VAR_012,VAR_013,VAR_014,VAR_015,VAR_016,VAR_017,VAR_018,VAR_019,VAR_020,VAR_021,VAR_022,VAR_023,VAR_024,VAR_025,VAR_026,VAR_027,VAR_028,VAR_029,VAR_030
2026-04-02T00:00:00Z,60.84,2057.13,168.66,1115.38,47.48,2145.18,167.29,540.08,64.46,2089.42,167.29,862.58,37.59,2238.65,163.37,309.10,270.17,57.12,95.51,244.27,1816.78,3540.87,2.44,148.73,127.89,607.79,2.84,963.62,58.42,508.26
2026-04-02T00:10:00Z,60.67,2056.59,168.62,1098.18,47.51,2141.31,166.62,538.07,64.34,2092.03,167.04,859.27,36.92,2255.36,163.50,305.67,266.76,57.76,95.86,239.39,1810.84,3560.14,2.43,150.25,129.65,613.75,2.91,951.28,,504.93
2026-04-02T00:20:00Z,60.46,2064.35,169.07,1098.68,47.35,2148.12,166.47,536.26,65.08,2076.87,167.37,885.65,36.00,2278.07,162.86,282.27,269.18,57.96,95.26,243.12,1814.84,3536.39,2.38,152.05,129.11,614.20,3.11,957.69,59.53,514.43
2026-04-02T00:30:00Z,60.29,2065.76,168.40,1084.49,47.37,2153.14,166.10,519.26,65.43,2066.73,167.83,899.55,35.55,2299.39,162.45,255.10,268.23,57.95,97.11,237.62,1815.32,3558.53,2.43,152.89,127.71,617.56,3.00,962.43,59.64,511.59
2026-04-02T00:40:00Z,60.56,2064.81,168.92,1084.33,47.12,2159.77,166.22,531.65,66.17,2052.16,168.51,918.28,34.98,2321.61,162.89,225.61,265.77,57.47,96.80,239.29,1805.57,3560.58,2.59,150.31,124.91,611.85,2.87,952.48,60.36,500.67
2026-04-02T00:50:00Z,60.00,2078.61,168.42,1077.23,47.20,2152.30,167.01,538.04,66.16,2041.43,168.67,932.08,34.34,2328.41,161.12,207.38,265.00,55.24,96.29,235.70,1810.74,3559.22,2.48,148.87,128.19,604.15,2.80,955.42,61.41,499.39
2026-04-02T01:00:00Z,60.29,2062.96,167.96,1089.18,47.30,2145.71,167.27,544.27,66.78,2033.17,169.13,945.61,33.69,2344.51,161.11,181.89,265.26,57.54,95.51,240.35,1815.88,3544.99,2.63,150.87,123.94,605.98,2.72,955.77,61.19,503.97
2026-04-02T01:10:00Z,60.42,2058.99,167.54,1089.52,47.45,2141.75,166.46,514.84,67.14,2028.33,169.83,947.66,33.49,2356.64,160.28,167.14,267.19,56.92,96.67,237.40,1810.84,3549.83,2.60,150.23,,608.24,3.29,964.52,61.67,510.34
2026-04-02T01:20:00Z,60.09,2069.90,168.25,1097.80,47.52,2140.42,166.42,525.00,67.44,2025.44,169.21,948.10,33.20,2368.90,160.54,152.32,267.47,57.13,96.86,237.71,1811.45,3549.67,2.50,152.94,130.40,616.31,2.92,946.80,61.65,513.86
2026-04-02T01:30:00Z,60.08,2067.02,168.39,1075.84,47.56,2125.20,166.28,534.60,67.49,2016.00,169.72,977.59,32.85,2374.78,160.16,141.05,263.66,57.42,95.88,234.60,1799.00,3548.45,2.76,150.08,127.50,615.35,3.12,942.67,60.43,513.82
2026-04-02T01:40:00Z,60.20,2062.79,169.00,1086.09,47.35,2143.24,166.37,530.90,67.20,2032.02,169.72,966.62,32.04,2389.30,160.18,125.80,260.36,56.65,96.19,234.95,1815.54,3566.52,2.65,151.55,124.61,601.73,3.05,957.53,61.68,497.44
2026-04-02T01:50:00Z,60.38,2054.96,169.37,1088.44,47.54,2126.01,166.03,545.48,67.08,2031.42,169.19,959.97,31.32,2406.58,160.67,101.71,262.24,56.27,95.65,235.04,1808.79,3544.78,2.36,149.93,127.10,603.60,3.09,952.10,59.94,505.92
2026-04-02T02:00:00Z,60.20,2062.77,168.44,1083.96,47.78,2134.60,167.58,543.72,66.82,2032.86,169.79,969.98,31.01,2418.79,159.23,73.77,256.22,58.77,95.40,229.76,1802.03,3544.40,2.57,149.80,124.40,611.25,2.82,944.59,57.83,512.83
2026-04-02T02:10:00Z,60.63,2066.42,168.58,1092.49,47.50,2135.54,166.41,546.27,66.70,2028.67,170.72,956.33,30.54,2433.67,159.00,49.33,254.51,57.01,95.90,226.82,1801.31,3546.31,2.58,149.80,119.45,593.63,3.06,945.98,57.56,497.50
2026-04-02T02:20:00Z,60.34,2071.57,168.71,1080.56,47.16,2143.04,166.63,538.06,66.66,2022.53,170.28,976.08,30.20,2450.25,158.35,31.09,257.28,55.09,95.45,229.71,1810.07,3556.70,2.47,148.75,125.00,597.94,3.03,956.14,59.38,497.99
2026-04-02T02:30:00Z,60.06,2072.43,168.97,1074.43,47.12,2149.61,166.94,539.28,67.39,2014.17,170.40,1002.71,30.16,2431.95,157.87,39.13,260.44,55.58,96.19,233.50,1809.72,3548.14,2.74,151.71,126.69,605.01,3.08,955.64,60.52,509.94
2026-04-02T02:40:00Z,60.26,2072.08,169.40,1077.96,46.98,2150.64,166.57,535.45,67.60,2003.95,171.06,992.51,29.63,2455.08,158.44,37.10,264.42,55.80,95.85,241.52,1811.86,3557.83,2.29,149.99,129.75,620.80,2.85,954.57,60.51,519.17
2026-04-02T02:50:00Z,60.27,2056.03,168.77,1076.68,46.96,2148.88,166.17,523.34,67.87,2002.02,171.19,1011.32,29.08,2460.61,157.72,31.05,256.97,55.49,96.08,232.30,1812.63,3545.55,2.69,150.07,126.76,601.81,2.73,952.46,60.73,492.77
2026-04-02T03:00:00Z,60.47,2070.36,169.49,1085.89,46.99,2152.22,166.08,507.00,68.14,2006.26,170.52,1011.35,28.82,2475.73,157.90,2.32,255.32,53.97,95.47,229.72,1804.12,3551.26,2.27,150.66,122.75,602.44,2.84,958.74,61.94,501.55
2026-04-02T03:10:00Z,60.22,2069.79,169.02,1092.45,46.68,2148.68,166.59,503.65,68.03,1994.85,170.52,1015.26,28.62,2480.90,158.29,0.00,260.35,51.72,95.80,232.52,1811.13,3547.36,2.46,149.38,125.90,610.39,2.92,955.38,60.67,508.03
2026-04-02T03:20:00Z,60.30,2068.18,168.99,1107.47,46.40,2157.26,166.25,509.82,67.76,2000.21,170.71,990.30,28.32,2483.40,157.73,0.00,257.74,51.86,95.51,229.33,1803.08,3553.36,2.28,150.96,121.10,603.38,3.20,953.71,60.24,503.87
2026-04-02T03:30:00Z,60.13,2074.26,169.23,1086.87,45.93,2168.96,165.41,499.17,67.52,2011.94,170.72,1005.61,28.82,2482.09,157.50,0.00,253.33,51.97,95.16,228.02,1803.04,3544.43,2.45,149.50,121.69,609.85,3.03,950.95,61.27,509.80
2026-04-02T03:40:00Z,60.19,2072.26,168.88,1075.37,45.56,2184.40,165.92,485.95,67.28,2011.17,171.18,997.75,28.32,2490.13,157.57,0.00,257.25,52.13,94.85,231.47,1810.93,3563.30,2.42,150.71,123.36,601.65,2.60,953.19,61.46,504.93
2026-04-02T03:50:00Z,60.17,2069.63,168.53,1077.13,45.28,2176.78,165.68,471.47,67.31,2011.86,171.04,985.71,28.23,2491.27,157.57,0.00,251.37,50.34,94.67,225.56,1802.53,3543.26,2.54,150.60,123.32,607.03,3.24,943.01,59.90,502.08
2026-04-02T04:00:00Z,60.66,2067.63,,1091.57,45.09,2183.85,165.23,466.19,67.30,2015.36,170.31,973.45,28.60,2470.56,156.90,0.00,250.62,50.27,94.79,223.61,1795.41,3549.59,2.56,152.30,122.44,608.58,2.65,949.82,60.66,505.50
2026-04-02T04:10:00Z,60.66,2064.55,168.48,1083.68,45.38,2200.26,165.65,464.54,67.24,2007.65,169.91,983.40,27.75,2489.33,157.33,0.00,252.11,51.27,94.47,227.54,1802.20,3544.27,2.58,150.05,120.69,599.58,3.13,960.53,59.89,494.90
2026-04-02T04:20:00Z,60.42,2063.44,168.40,1091.75,45.29,2205.45,165.31,451.06,67.48,2017.56,170.43,992.61,27.83,2499.03,157.84,0.00,255.06,52.68,95.22,232.34,1804.07,3547.30,2.27,150.47,123.92,605.93,3.05,953.26,61.25,504.34
2026-04-02T04:30:00Z,60.61,2059.58,168.27,1098.59,44.98,2208.02,165.46,454.92,67.58,2010.55,170.36,991.80,27.47,2489.35,157.91,0.00,256.98,51.01,94.93,232.30,1806.69,3557.59,2.80,149.06,122.98,608.07,2.90,947.75,60.42,501.89
2026-04-02T04:40:00Z,60.51,2051.11,169.04,1094.39,45.45,2197.86,164.95,457.64,67.61,2004.89,170.05,982.98,27.26,2508.98,157.97,0.00,256.13,51.57,95.14,232.35,1810.30,3569.50,2.82,149.45,123.46,609.49,2.99,957.58,61.13,504.34
2026-04-02T04:50:00Z,60.38,2067.54,168.76,1094.94,45.77,2198.13,165.34,450.38,67.34,2015.80,170.34,994.41,27.14,2515.57,157.49,0.00,258.09,52.54,95.39,233.30,1801.56,3543.54,2.86,150.24,122.47,599.18,3.03,943.65,60.10,494.43
2026-04-02T05:00:00Z,60.74,2063.99,169.21,1103.33,46.00,2184.56,165.41,468.67,67.61,2011.15,170.94,990.05,27.05,2531.74,157.88,0.00,254.00,52.72,94.77,228.46,1803.97,3542.62,2.58,150.88,120.40,604.61,2.94,952.20,60.60,499.27
2026-04-02T05:10:00Z,60.92,2050.32,169.29,1107.33,45.92,2180.27,165.76,474.60,68.32,1992.29,169.98,993.87,26.81,2521.18,157.49,0.00,255.51,54.70,94.44,233.05,1810.56,3563.71,2.49,152.13,123.08,604.24,3.06,955.72,58.63,506.05
2026-04-02T05:20:00Z,61.23,2039.73,169.35,1131.63,45.70,2180.50,165.94,474.84,68.21,1991.84,169.93,1004.39,26.82,2528.38,156.92,0.00,256.83,53.73,94.51,232.28,1811.53,3558.92,2.60,152.31,122.93,604.25,2.86,950.32,59.29,505.40
2026-04-02T05:30:00Z,61.57,2032.97,169.94,1139.26,45.70,2172.05,165.84,477.00,68.14,1986.44,170.19,1000.33,26.44,2530.25,157.41,0.00,260.09,53.58,94.80,231.55,1804.64,3546.64,2.11,150.48,124.73,604.58,3.17,949.62,59.16,501.31
2026-04-02T05:40:00Z,61.57,2033.57,169.95,1125.54,45.55,2183.02,165.88,460.56,67.98,1989.62,170.75,1008.98,26.53,2542.19,157.04,0.00,259.41,51.54,95.77,232.44,1799.39,3553.95,2.35,151.51,125.08,602.19,2.75,947.11,61.04,504.47
2026-04-02T05:50:00Z,61.57,2039.18,170.28,1118.49,45.69,2181.55,165.56,475.85,68.33,1988.01,170.43,1015.41,26.53,2544.59,157.66,0.00,259.05,53.70,94.31,232.45,1808.23,3540.54,2.65,151.47,124.04,610.49,2.94,954.88,59.92,499.91
2026-04-02T06:00:00Z,61.77,2022.65,169.96,1130.04,45.16,2198.77,165.71,459.11,68.60,1979.29,170.70,1023.48,26.34,2535.28,157.91,0.00,254.04,54.02,94.67,229.73,1805.96,3546.87,2.43,148.10,121.27,609.96,3.00,951.35,59.80,510.90
2026-04-02T06:10:00Z,61.61,2028.83,169.80,1122.57,45.33,2197.78,165.52,456.41,68.23,1982.15,171.01,1020.95,26.07,2536.08,157.86,0.00,252.54,52.99,95.32,227.17,1797.84,3548.32,2.49,149.97,122.09,603.85,3.08,948.78,61.12,500.86
2026-04-02T06:20:00Z,61.42,2038.29,169.58,1133.28,45.40,2193.87,164.87,441.57,68.43,1983.42,170.46,1018.63,26.29,2538.28,157.91,0.00,256.24,51.90,94.83,233.42,1808.31,3540.62,2.41,149.58,124.31,602.99,3.14,958.99,61.27,494.56
2026-04-02T06:30:00Z,61.34,2038.23,169.29,1119.20,45.04,2204.53,165.47,449.61,68.56,1986.40,170.61,1017.01,26.42,2532.63,157.04,0.00,260.21,52.00,94.66,235.48,1803.62,3551.46,2.43,149.72,123.78,596.00,3.04,951.86,60.38,501.04
2026-04-02T06:40:00Z,61.85,2033.32,169.48,1125.37,44.89,2207.47,165.06,446.50,68.79,1974.81,170.69,1032.98,26.33,2539.89,157.01,0.00,258.38,53.18,95.45,229.23,1800.84,3564.58,2.52,148.52,126.95,608.88,2.87,951.38,61.00,510.60
2026-04-02T06:50:00Z,62.04,2026.76,169.61,1152.49,45.07,2198.53,164.95,445.80,68.84,1987.65,171.01,1023.75,26.19,2543.52,156.98,0.00,258.90,54.41,95.74,233.54,1807.41,3542.88,2.36,149.74,124.94,605.11,3.03,949.23,61.88,495.63
2026-04-02T07:00:00Z,61.96,2021.42,169.89,1162.05,45.29,2197.05,164.83,446.96,68.81,1969.36,170.78,1019.77,26.36,2546.46,156.57,0.00,253.41,55.50,95.32,228.58,1797.46,3552.74,2.34,150.37,120.81,606.19,2.70,947.69,59.83,507.85
2026-04-02T07:10:00Z,61.66,2026.55,170.47,1145.02,45.03,2199.66,165.09,438.68,68.52,1976.00,170.79,1008.19,26.61,2543.37,157.13,0.00,253.96,55.78,94.57,226.88,1806.25,3562.01,2.29,151.58,121.76,607.55,2.79,948.20,58.87,501.56
2026-04-02T07:20:00Z,61.28,2046.57,169.91,1126.79,44.96,2205.51,164.97,443.47,68.57,1974.36,170.88,1023.11,26.11,2549.43,156.87,0.00,253.56,54.32,95.20,227.24,1797.68,3536.64,2.24,151.69,119.51,594.81,2.89,945.78,59.44,502.95
2026-04-02T07:30:00Z,61.18,,169.85,1128.39,45.33,2191.11,164.56,456.23,68.38,1991.90,170.65,1019.92,26.21,2542.60,157.07,0.00,255.02,53.53,95.38,230.65,1805.07,3544.23,2.57,149.00,121.40,604.56,2.82,945.52,59.13,510.40
2026-04-02T07:40:00Z,61.32,2041.27,169.61,1123.82,45.50,2185.10,164.93,466.09,68.25,1985.68,169.80,1019.88,26.24,2544.91,157.49,0.00,254.83,55.82,95.59,229.63,1802.28,3560.44,2.84,150.08,120.01,592.90,3.46,958.85,60.87,489.78
2026-04-02T07:50:00Z,60.88,2064.23,169.41,1100.87,45.82,2187.87,165.65,479.96,68.24,1987.27,170.52,1033.68,26.55,2535.74,157.67,0.00,255.14,53.30,95.20,229.50,1801.12,3536.68,2.50,151.37,121.73,599.86,3.04,950.05,58.83,500.09
2026-04-02T08:00:00Z,61.03,2054.20,169.08,1089.36,45.71,2180.52,165.70,478.46,68.47,1982.24,170.59,1017.34,26.21,2535.51,158.00,0.00,257.36,54.61,94.00,232.00,1811.17,3552.78,2.40,150.98,123.43,601.26,2.99,956.89,60.19,486.73
2026-04-02T08:10:00Z,61.50,2057.26,169.20,1093.60,46.16,2174.90,165.80,488.85,68.88,1974.45,170.88,1039.42,25.79,2542.27,158.61,0.00,256.42,54.97,94.68,226.39,1793.68,3544.88,2.40,150.72,120.10,596.65,2.70,949.73,59.87,492.63
2026-04-02T08:20:00Z,61.45,2046.74,168.93,1091.58,46.12,2168.71,165.25,478.74,69.00,1967.38,170.63,1028.83,25.82,2549.30,157.56,0.00,258.07,52.90,94.60,234.08,1809.06,3546.67,2.71,149.45,125.45,616.44,3.15,956.21,59.94,525.19
2026-04-02T08:30:00Z,61.25,2033.33,169.54,1122.39,45.77,2171.09,165.57,486.14,68.86,1977.85,171.39,1031.97,25.36,2557.02,157.69,0.00,254.08,53.61,95.07,232.31,1806.77,3552.05,2.43,149.01,123.72,608.46,2.82,959.23,60.33,507.55
2026-04-02T08:40:00Z,61.40,2035.78,169.15,1121.24,46.32,2162.57,166.18,507.31,68.47,1987.05,171.50,1032.79,25.29,2566.29,157.77,0.00,259.64,53.90,95.13,234.97,1808.53,3553.06,2.55,148.80,125.32,603.78,3.08,949.38,60.56,497.24
2026-04-02T08:50:00Z,61.15,2044.02,169.31,1130.21,46.45,2159.78,166.32,507.20,68.75,1992.40,171.03,1008.44,25.54,2561.63,157.80,0.00,259.01,54.01,96.31,231.20,1813.00,3549.20,2.62,149.60,122.53,608.71,2.77,958.34,59.52,497.27
2026-04-02T09:00:00Z,61.90,2024.48,169.76,1134.03,46.88,2155.33,166.34,506.88,68.98,1986.90,171.06,1022.45,25.94,2568.84,157.57,0.00,264.98,56.15,96.21,237.62,1805.79,3546.65,2.60,149.57,128.89,616.96,3.27,952.60,59.80,523.26
2026-04-02T09:10:00Z,62.25,2023.01,170.18,1148.32,46.69,2157.41,166.42,516.57,69.10,1980.02,171.06,1050.03,26.35,2547.43,157.38,0.00,269.44,56.08,95.81,242.38,1811.46,3525.00,2.48,148.33,130.42,612.96,2.96,957.41,60.04,505.87
2026-04-02T09:20:00Z,62.02,2024.43,170.13,1132.94,46.73,2158.41,166.28,501.57,69.03,1959.66,171.69,1067.12,25.98,2550.88,156.96,0.00,266.61,57.96,96.22,235.53,1805.76,3552.70,2.39,150.75,127.01,603.61,2.93,954.55,59.65,512.41
2026-04-02T09:30:00Z,62.28,2022.24,170.79,1141.18,46.44,2154.15,165.23,503.25,68.54,1982.79,172.02,1051.00,26.45,2540.08,157.28,0.00,269.11,54.69,96.33,244.64,1820.15,3544.31,2.24,151.86,129.88,614.41,3.24,964.57,60.22,513.54
2026-04-02T09:40:00Z,62.63,2021.18,170.83,1146.56,46.18,2168.97,166.10,490.51,68.80,1978.50,172.08,1046.98,26.26,2547.07,157.55,0.00,265.45,54.11,95.82,240.02,1816.82,3548.25,2.62,151.27,128.26,613.77,2.99,960.92,60.14,510.07
2026-04-02T09:50:00Z,62.97,2003.89,170.65,1165.67,46.11,2178.54,166.23,496.08,68.59,1976.29,171.80,1038.16,26.22,2547.96,157.21,0.00,263.70,52.64,95.83,235.48,1810.07,3553.65,2.39,149.73,129.00,605.05,2.89,947.82,61.62,506.05
2026-04-02T10:00:00Z,63.09,2001.90,171.23,1179.24,46.46,2171.74,166.32,487.71,68.99,1967.56,171.41,1040.47,26.52,2537.47,157.63,0.00,264.33,55.40,96.44,236.20,1806.86,3548.77,2.48,149.94,126.80,613.12,3.34,945.00,60.92,511.38
2026-04-02T10:10:00Z,63.04,2009.11,171.13,1175.98,46.13,2176.68,166.43,494.41,68.93,1973.05,171.44,1032.21,26.59,2540.22,157.50,0.00,262.42,55.43,95.41,239.39,1817.89,3545.93,2.40,148.86,126.18,607.69,3.32,957.13,61.19,511.76
2026-04-02T10:20:00Z,62.96,2003.64,170.92,1176.62,46.61,2169.13,166.10,495.61,68.78,1973.71,171.54,1034.72,26.82,2536.18,157.26,0.00,259.45,,94.94,231.53,1804.16,3533.56,2.57,148.96,123.21,601.59,3.26,958.36,60.53,500.36
2026-04-02T10:30:00Z,62.95,2009.24,171.11,1180.19,46.73,2165.52,166.12,493.33,68.57,1977.70,171.25,1034.44,26.86,2519.60,157.85,0.00,261.08,55.78,94.94,232.24,1811.97,3536.90,2.52,150.62,125.29,599.83,3.02,960.56,59.93,492.03
2026-04-02T10:40:00Z,62.87,2008.01,170.87,1178.17,46.79,2170.18,165.91,508.47,68.44,1981.66,171.64,1034.01,26.59,2535.28,157.58,0.00,263.81,55.18,95.31,237.63,1808.98,3550.23,2.28,149.80,124.46,604.20,3.07,960.26,59.97,502.43
2026-04-02T10:50:00Z,63.17,1994.12,171.02,1195.43,46.73,2168.14,165.84,512.66,68.47,1982.57,171.85,1039.02,26.39,2539.12,157.72,0.00,265.29,57.11,95.61,237.84,1814.73,3551.53,2.33,149.79,127.41,609.19,3.17,960.66,59.34,514.72
2026-04-02T11:00:00Z,63.26,1995.54,171.43,1185.68,46.34,2171.79,166.00,498.92,68.59,1988.73,171.24,1030.65,25.71,2548.04,157.96,0.00,264.61,56.41,95.71,236.82,1806.59,3547.11,2.25,150.13,124.79,601.34,2.89,945.37,61.46,503.06
2026-04-02T11:10:00Z,62.88,2005.89,170.87,1200.58,46.61,2168.33,166.62,488.46,68.49,1991.07,171.26,1030.63,25.70,2545.37,157.41,0.00,268.25,55.22,96.05,242.06,1818.98,3546.66,2.42,149.16,130.46,616.54,2.56,963.37,60.08,513.97
2026-04-02T11:20:00Z,62.57,2017.72,170.61,1185.20,46.58,2153.70,166.75,499.87,68.94,1968.54,171.78,1040.38,25.88,2557.57,157.34,0.00,268.98,55.01,95.92,244.16,1821.56,3545.62,2.68,149.61,130.05,604.58,3.24,960.56,61.14,493.99
2026-04-02T11:30:00Z,62.33,2014.70,170.23,1173.42,46.76,2161.13,166.83,499.87,68.71,1991.63,171.57,1024.55,25.63,2554.62,157.59,0.00,263.72,53.21,95.78,236.25,1811.94,3539.57,2.71,148.85,127.16,591.63,2.92,960.86,58.85,491.60
2026-04-02T11:40:00Z,62.30,2011.12,171.52,1184.85,46.92,2162.04,166.91,507.87,68.53,1986.98,171.55,1031.93,25.69,2559.72,157.46,0.00,264.84,53.93,97.10,238.36,1822.48,3538.63,2.76,149.64,127.77,609.71,2.80,963.69,61.60,517.91
2026-04-02T11:50:00Z,62.04,2010.20,171.09,1180.82,46.77,2159.33,166.47,508.53,68.20,2002.69,170.99,1010.77,25.41,2551.29,158.23,0.00,264.99,52.52,97.14,244.46,1816.73,3559.19,2.47,150.15,126.42,609.80,3.04,958.70,61.43,514.86
2026-04-02T12:00:00Z,62.43,2023.20,170.55,1160.26,47.15,2150.92,166.13,520.11,68.17,2007.16,170.61,1003.39,25.81,2553.91,157.71,0.00,261.61,53.86,96.82,233.87,1807.63,3547.20,2.36,149.60,126.01,611.88,3.08,954.87,61.20,518.00
2026-04-02T12:10:00Z,62.16,2027.40,171.04,1155.77,47.33,2145.09,165.61,525.22,68.27,1998.57,170.29,1004.49,25.40,2571.32,157.09,0.00,260.39,52.93,94.37,234.28,1807.84,3543.60,2.39,150.78,125.35,596.07,3.03,950.00,61.42,510.78
2026-04-02T12:20:00Z,62.26,2026.99,170.11,1144.75,47.35,2142.97,165.95,535.27,68.44,1999.29,170.11,1003.22,25.07,2572.65,157.56,0.00,264.25,54.25,94.82,238.53,1818.77,3559.60,2.37,150.69,129.78,620.25,2.96,960.56,59.88,507.70
2026-04-02T12:30:00Z,62.71,2016.74,170.67,1161.16,47.14,2146.27,165.77,531.72,68.48,1990.34,170.59,1012.07,24.78,2582.67,157.34,0.00,266.04,53.90,94.93,238.76,1818.70,3548.65,2.30,150.44,126.05,603.10,3.26,963.69,60.42,504.34
2026-04-02T12:40:00Z,63.31,2008.14,170.60,1171.31,46.81,2148.09,165.92,531.63,68.13,1991.01,171.00,1001.15,24.90,2581.38,156.19,0.00,266.40,53.63,95.80,238.36,1816.69,3559.71,2.52,149.16,129.76,614.94,2.82,957.62,59.88,518.88
2026-04-02T12:50:00Z,63.09,1995.36,170.67,1188.48,46.90,2157.86,166.43,521.10,67.69,2004.28,170.68,989.50,24.84,2578.61,156.87,0.00,264.99,53.72,95.72,240.02,1807.91,3557.40,2.40,149.23,130.05,609.49,2.98,953.70,60.09,511.01
2026-04-02T13:00:00Z,62.85,2006.86,171.02,1185.21,47.09,2151.39,166.40,511.92,67.80,2007.66,170.29,1011.28,25.09,2563.45,156.17,0.00,263.81,54.97,95.17,236.99,1808.76,3552.31,2.61,150.64,126.79,603.57,3.42,951.48,59.66,512.02
2026-04-02T13:10:00Z,62.52,1999.63,170.57,1185.23,47.07,2149.21,165.92,516.60,68.09,2023.75,171.20,1014.04,25.05,2565.50,157.33,0.00,260.90,56.35,94.59,236.33,1806.21,3549.20,2.52,147.81,125.31,602.93,3.17,961.45,60.20,506.95
2026-04-02T13:20:00Z,62.75,2000.77,170.06,1179.21,46.71,2139.91,166.17,511.00,68.36,2002.39,171.95,1010.26,25.32,2568.82,157.36,0.00,260.10,55.74,96.34,234.08,1799.81,3553.08,2.43,151.16,125.25,611.07,3.25,945.28,59.87,509.01
2026-04-02T13:30:00Z,62.70,2006.25,169.74,1179.50,46.49,2154.42,166.82,505.77,68.38,1993.95,171.74,1022.08,24.87,2576.43,157.04,0.00,266.74,56.43,95.52,241.74,1811.04,3565.30,2.35,151.16,132.05,613.31,3.10,962.00,60.13,505.81
2026-04-02T13:40:00Z,62.54,2006.94,170.86,1182.66,46.11,2162.83,166.26,506.25,68.64,1991.79,171.46,1018.58,25.13,2580.19,157.82,0.00,264.14,56.15,96.01,234.96,1798.90,3556.60,2.37,147.99,126.15,608.59,2.73,948.39,59.30,504.37
2026-04-02T13:50:00Z,62.57,2011.48,171.21,1182.02,45.56,2166.93,166.14,496.65,68.57,1999.30,171.75,1024.21,25.00,2578.09,158.21,0.00,262.82,55.67,95.98,239.21,1826.39,3556.52,2.83,148.74,126.92,609.92,2.94,956.80,58.94,502.13
2026-04-02T14:00:00Z,62.45,2020.12,171.36,1173.65,45.54,2181.70,165.80,494.14,68.56,1983.33,171.48,1030.22,25.12,2570.15,158.04,0.00,261.85,57.82,96.28,233.45,1809.11,3551.36,2.32,149.62,128.76,608.95,3.21,957.13,60.18,511.36
2026-04-02T14:10:00Z,62.56,2017.73,170.59,1167.64,45.40,2184.80,165.75,466.09,68.66,1987.06,172.07,1014.89,25.42,2561.36,158.31,0.00,261.46,57.31,96.38,235.59,1809.04,3544.83,2.51,149.08,125.93,601.30,3.07,953.15,60.28,496.15
2026-04-02T14:20:00Z,62.76,2018.19,170.07,1166.98,45.36,2197.71,165.51,462.37,68.55,2000.45,171.89,1013.71,25.94,2542.72,158.35,0.00,262.18,56.89,95.70,236.60,1807.55,3554.99,2.50,150.35,127.60,605.23,2.92,947.75,60.67,504.49
2026-04-02T14:30:00Z,63.20,1998.12,169.39,1174.80,46.10,2175.04,165.64,483.54,68.58,1984.33,171.60,1017.23,25.44,2547.55,158.00,0.00,261.51,57.29,95.17,234.07,1805.75,3552.73,2.39,150.30,127.01,606.52,3.06,949.11,60.06,494.52
2026-04-02T14:40:00Z,63.18,1996.12,169.82,1190.66,45.98,2168.63,165.89,486.62,68.41,1994.90,171.59,1005.75,24.94,2565.15,157.68,0.00,261.18,54.54,95.43,233.69,1815.46,3560.15,2.45,150.18,126.24,610.37,3.32,954.78,59.81,512.98
2026-04-02T14:50:00Z,63.18,1993.15,170.47,1178.31,45.79,2183.29,166.41,484.58,68.49,1990.31,171.71,1007.56,24.86,2567.99,157.06,0.00,260.14,52.41,94.24,234.50,1809.16,3543.97,2.63,150.24,123.79,604.28,2.97,956.01,62.06,510.18
2026-04-02T15:00:00Z,63.18,1984.40,170.71,1193.21,45.39,2175.19,166.52,491.75,69.01,1977.06,171.53,1029.96,24.86,2577.45,157.57,0.00,259.30,53.59,94.71,233.92,1819.21,3553.43,2.42,149.23,124.33,595.55,2.85,959.06,60.29,497.00
2026-04-02T15:10:00Z,62.61,1990.52,170.51,1176.70,45.29,2182.31,166.08,485.05,68.97,1977.56,171.70,1034.19,24.84,2574.18,157.63,0.00,263.87,52.43,94.97,239.67,1815.00,3550.76,2.55,149.20,129.43,614.60,2.89,960.12,60.01,512.61
2026-04-02T15:20:00Z,62.90,1998.88,169.91,1167.79,45.22,2202.23,165.90,469.21,68.88,1970.57,171.24,1043.15,24.96,2571.97,158.10,0.00,262.80,53.42,95.39,238.88,1811.72,3548.68,2.65,150.34,125.78,612.82,2.96,963.21,60.56,514.55
2026-04-02T15:30:00Z,62.84,2010.24,169.76,1161.36,45.26,2198.10,166.00,455.99,68.88,1963.17,171.52,1058.59,24.68,2583.04,157.66,0.00,261.31,53.65,95.90,236.57,1813.25,3539.97,2.44,148.34,126.29,608.49,3.23,957.43,59.77,523.83
2026-04-02T15:40:00Z,62.46,2016.94,170.00,1154.13,45.59,2198.95,166.25,471.24,68.41,1983.00,171.10,1036.99,24.46,2592.17,157.08,0.00,264.20,53.13,95.89,236.82,1814.83,3554.42,2.40,150.39,127.52,608.42,2.91,965.98,61.13,499.58
2026-04-02T15:50:00Z,62.37,2013.62,169.80,1154.64,45.47,2190.42,166.18,480.11,68.26,1994.00,170.06,1024.03,24.30,2596.19,157.05,0.00,265.19,54.47,95.84,236.89,1803.61,3547.19,2.33,147.58,128.34,608.13,2.84,956.42,59.28,507.42
2026-04-02T16:00:00Z,62.55,2017.43,169.88,1155.46,45.84,2176.27,165.86,491.26,68.24,1999.25,170.58,1010.98,24.87,2577.07,156.96,0.00,260.75,53.26,96.50,235.34,1798.20,3543.36,2.47,151.78,123.22,604.96,3.13,948.24,60.22,499.72
2026-04-02T16:10:00Z,62.54,2007.97,170.46,1164.59,45.90,2185.37,165.31,491.90,67.98,1996.50,170.97,1004.36,24.70,2575.57,157.05,0.00,259.60,56.64,96.64,229.86,1800.11,3543.82,2.54,148.42,124.35,609.44,3.33,949.52,60.55,508.73
2026-04-02T16:20:00Z,62.63,2012.08,170.60,1162.52,46.53,2168.94,165.90,490.73,68.27,2001.79,171.63,1008.65,24.72,2590.12,157.07,0.00,258.44,56.58,96.26,231.65,1803.14,3559.16,2.57,150.22,123.96,598.27,2.97,955.12,58.95,498.39
2026-04-02T16:30:00Z,62.54,2015.31,170.33,1169.32,46.49,2168.72,165.93,484.11,68.24,1998.92,172.05,1020.94,24.40,2587.38,156.89,0.00,259.53,56.35,96.33,234.88,1818.03,3558.07,2.36,152.00,124.00,601.82,3.03,957.22,58.34,489.31
2026-04-02T16:40:00Z,62.39,2028.36,170.11,1155.27,46.47,2168.33,165.63,494.89,68.34,1996.72,171.72,1012.12,24.58,2576.19,157.30,0.00,258.43,55.18,96.64,233.24,1808.62,3537.92,2.53,150.14,124.18,,3.09,953.01,59.55,508.04
2026-04-02T16:50:00Z,62.33,2020.44,169.81,1145.84,46.34,2170.06,166.11,517.40,68.16,2002.98,171.66,1006.79,24.58,2580.64,157.80,0.00,267.17,54.40,96.10,241.85,1816.16,3560.83,2.18,150.11,127.97,611.60,2.80,956.49,59.73,502.99
2026-04-02T17:00:00Z,63.14,2009.87,170.02,1145.70,46.49,2167.22,166.24,502.28,67.81,2006.63,170.45,994.53,24.18,2602.44,156.88,0.00,261.09,53.99,95.30,230.93,1807.48,3551.96,2.47,150.05,125.04,601.16,2.82,941.83,59.63,494.19
2026-04-02T17:10:00Z,62.88,2009.06,170.24,1159.78,46.40,2172.81,166.21,501.89,68.24,2001.87,170.21,978.23,24.11,2600.41,157.40,0.00,264.66,52.12,94.33,238.95,1812.90,3563.39,2.40,150.81,125.27,605.44,2.67,952.45,59.68,504.02
2026-04-02T17:20:00Z,62.70,2016.00,170.22,1153.61,46.83,2160.88,165.78,497.60,67.93,2005.47,170.14,991.27,24.08,2600.10,157.53,0.00,259.41,52.61,94.93,232.44,1808.51,3557.17,2.28,150.58,124.19,603.91,3.17,955.05,61.10,500.76
2026-04-02T17:30:00Z,62.84,2009.30,170.19,1171.89,46.67,2159.41,165.49,501.22,68.00,1995.72,170.71,990.55,24.12,2594.90,157.64,0.00,259.95,53.58,95.45,230.90,1805.63,3564.06,2.25,149.06,123.79,602.43,2.65,951.07,60.98,500.73
2026-04-02T17:40:00Z,62.90,2002.40,170.12,1179.22,46.85,2149.24,166.31,525.02,68.40,1989.98,170.28,1001.84,24.19,2599.53,157.94,0.00,257.57,54.55,94.66,231.35,1792.10,3536.58,2.66,148.65,120.13,603.09,3.16,947.64,60.97,508.28
2026-04-02T17:50:00Z,63.10,1997.24,170.02,1170.55,46.79,2155.13,166.36,519.42,68.43,1996.60,171.23,1011.41,24.30,2588.80,158.11,0.00,259.48,53.86,95.87,233.47,1810.22,3558.25,2.59,150.38,123.00,602.79,2.95,957.51,61.28,507.48
2026-04-02T18:00:00Z,63.11,1996.09,169.80,1178.15,47.02,2150.32,166.12,510.73,68.66,1993.25,171.19,1005.31,24.08,2589.59,,0.00,262.40,54.79,96.13,236.45,1809.99,3541.80,2.66,148.98,125.79,610.46,2.93,956.26,61.12,507.87
2026-04-02T18:10:00Z,62.91,1999.40,170.04,1184.87,47.03,2143.92,166.37,527.67,68.56,1981.38,170.87,1020.99,24.28,2599.56,157.53,0.00,260.78,55.54,95.57,233.98,1805.39,3544.82,2.44,150.89,124.70,610.48,2.93,952.91,60.77,510.67
2026-04-02T18:20:00Z,62.86,1999.08,170.34,1186.19,47.08,2153.25,166.58,525.50,68.64,1983.57,170.63,1018.96,24.54,2590.02,157.32,0.00,273.57,55.32,95.94,245.90,1819.02,3550.58,2.72,151.03,129.36,610.23,3.06,956.97,58.99,511.74
2026-04-02T18:30:00Z,62.35,2006.39,170.20,1166.48,47.25,2155.65,167.03,525.48,68.78,1978.66,,1019.06,24.55,2584.16,156.61,0.00,264.51,54.78,95.51,236.27,1806.68,3562.82,2.36,150.62,129.25,607.76,2.99,952.11,59.35,506.29
2026-04-02T18:40:00Z,61.91,2019.40,169.65,1166.65,46.94,2156.36,166.50,533.56,68.70,1979.47,170.04,1037.26,24.60,2591.51,157.07,0.00,263.85,53.30,95.84,236.59,1813.68,3543.52,2.38,149.45,129.17,618.08,2.94,954.53,59.05,520.68
2026-04-02T18:50:00Z,62.20,2024.67,169.48,1158.06,46.20,2161.62,166.64,519.52,68.92,1973.36,170.75,1068.77,24.48,2594.35,157.73,0.00,264.71,53.88,96.18,235.63,1803.71,3536.93,2.57,148.88,129.08,611.43,3.05,954.44,59.35,510.74
2026-04-02T19:00:00Z,62.21,2020.26,169.66,1157.99,46.41,2159.05,166.71,506.44,69.23,1976.16,170.93,1067.13,24.38,2595.25,156.94,0.00,265.82,54.99,95.61,234.78,1805.12,3539.12,2.80,149.33,127.13,608.10,2.78,950.72,59.42,511.61
2026-04-02T19:10:00Z,61.89,2031.78,168.86,1144.75,46.53,2169.60,166.71,496.88,69.22,1979.66,170.54,1045.31,24.48,2592.24,157.30,0.00,260.20,53.75,95.28,234.65,1807.14,3551.90,2.31,149.60,123.47,598.83,3.07,955.39,59.20,499.26
2026-04-02T19:20:00Z,62.35,2016.87,169.53,1155.87,46.51,2165.83,166.19,498.46,69.40,1972.87,170.38,1047.47,24.15,2598.98,156.85,0.00,258.89,53.46,94.54,231.46,1804.15,3549.12,2.41,149.13,124.66,599.94,3.10,952.50,59.22,496.88
2026-04-02T19:30:00Z,62.34,2009.95,169.84,1155.98,46.40,2167.89,165.78,491.95,69.55,1956.93,171.43,1060.44,24.19,2587.71,157.49,0.00,262.86,51.58,95.18,238.25,1818.02,3540.16,2.52,150.86,124.66,608.55,3.08,959.79,59.43,505.67
2026-04-02T19:40:00Z,62.04,2010.02,170.21,1153.82,46.49,2180.85,166.00,490.03,69.60,1965.67,170.95,1048.43,24.82,2577.97,157.13,0.00,264.70,51.94,95.64,235.79,1813.74,3535.20,2.51,149.91,129.60,604.40,3.23,960.45,60.00,509.34
2026-04-02T19:50:00Z,62.03,2020.45,170.41,1164.87,46.39,2174.23,166.24,482.28,69.28,1964.54,170.58,1043.31,25.33,2582.74,157.28,0.00,269.04,52.57,95.40,239.70,1814.02,3548.88,2.34,150.18,129.41,618.63,2.74,953.73,60.21,521.46
2026-04-02T20:00:00Z,62.08,2023.65,170.30,1152.18,46.52,2169.26,166.09,493.22,69.39,1975.11,170.73,1038.95,25.38,2570.09,157.10,0.00,262.33,52.62,95.73,236.16,1807.80,3538.65,2.64,151.71,127.08,600.16,2.70,954.32,60.56,499.73
2026-04-02T20:10:00Z,62.20,2026.05,169.79,1151.21,46.59,2154.90,166.00,492.87,69.13,1970.63,170.96,1049.73,25.37,2570.77,157.83,0.00,262.91,54.14,94.78,235.37,1804.78,3550.61,2.57,148.31,125.38,601.92,2.78,952.81,60.95,499.25
2026-04-02T20:20:00Z,62.19,2026.67,169.43,1151.12,46.97,2147.19,166.02,498.86,68.83,1975.20,170.53,1032.34,24.79,2575.12,157.16,0.00,263.10,55.30,94.64,235.96,1805.77,3556.93,2.41,149.45,126.91,601.67,3.12,953.17,60.97,507.38
2026-04-02T20:30:00Z,62.43,2010.17,169.92,1152.70,46.88,2148.00,166.20,515.09,68.53,1978.24,170.46,1037.64,24.66,2567.91,156.92,0.00,267.37,54.32,95.61,239.70,1814.74,3549.05,2.54,148.31,127.94,612.73,2.73,957.08,60.14,510.10
2026-04-02T20:40:00Z,62.65,2015.46,169.78,1158.85,46.75,2146.06,165.11,512.55,68.44,1996.36,170.19,1028.44,24.80,2570.76,157.08,0.00,267.53,55.73,95.55,244.24,1814.77,3554.02,2.72,149.90,128.94,609.15,2.87,959.12,61.21,504.75
2026-04-02T20:50:00Z,62.18,2020.64,170.02,1154.35,46.66,2147.66,165.52,504.21,68.40,1996.93,170.58,1018.43,24.88,2586.19,157.06,0.00,259.36,53.09,95.86,236.91,1809.92,3562.41,2.32,151.57,123.08,609.02,3.04,958.90,61.28,509.92
2026-04-02T21:00:00Z,62.57,2004.99,169.49,1166.16,46.26,2162.70,164.93,500.35,68.88,1982.72,170.99,1032.87,25.08,2577.37,157.04,0.00,261.88,56.22,96.26,235.07,1807.40,3546.13,2.41,150.84,127.96,617.26,2.74,949.90,60.81,516.89
2026-04-02T21:10:00Z,62.17,2012.49,169.67,1167.22,46.62,2163.81,165.36,507.23,68.98,1983.24,171.19,1023.77,25.12,2562.72,157.88,0.00,262.59,54.34,95.89,238.89,1806.10,3555.11,2.59,151.50,125.27,612.46,3.03,951.28,59.40,510.90
2026-04-02T21:20:00Z,61.57,2036.43,170.28,1143.28,46.72,2162.13,166.27,491.10,68.96,1979.51,170.83,1028.01,24.86,2571.27,157.65,0.00,258.48,55.40,95.26,236.22,1804.69,3554.48,2.49,150.39,122.37,610.02,2.99,958.32,60.77,510.80
2026-04-02T21:30:00Z,61.82,2033.50,169.46,1154.12,46.42,2173.90,165.57,491.29,68.76,1996.22,171.86,1018.40,24.50,2579.48,157.69,0.00,257.16,54.82,95.90,230.50,1808.29,3536.77,2.20,149.82,123.93,596.93,3.25,959.76,60.14,501.32
2026-04-02T21:40:00Z,61.94,2031.75,169.50,1150.88,46.42,2163.86,165.45,488.66,68.56,1985.83,170.97,1015.90,24.39,2591.22,157.75,0.00,253.67,54.99,96.66,227.44,1802.16,3533.15,2.36,150.54,119.97,596.07,3.05,948.97,60.11,500.71
2026-04-02T21:50:00Z,61.97,2030.73,169.30,1152.52,46.68,2170.24,166.16,488.91,68.17,1983.72,171.65,1036.51,24.47,2587.11,157.55,0.00,262.29,54.37,95.60,236.68,1812.15,3553.34,2.59,151.53,127.98,612.40,3.20,955.61,59.50,502.26
2026-04-02T22:00:00Z,62.11,2024.77,169.75,1157.28,46.67,2174.63,166.45,513.77,68.43,1981.35,171.05,1027.58,24.41,2600.46,157.87,0.00,261.01,54.72,95.22,239.57,1808.31,3572.92,2.48,150.22,124.28,606.97,2.73,953.55,59.60,516.03
2026-04-02T22:10:00Z,61.70,2028.66,170.00,1150.06,46.34,2163.64,165.04,512.27,68.85,1968.98,171.40,1028.14,24.56,2596.57,157.42,0.00,259.86,55.27,95.62,233.45,1812.81,3551.43,2.28,149.56,127.10,610.06,2.96,960.08,59.59,516.21
2026-04-02T22:20:00Z,61.68,2016.96,169.90,1148.96,46.51,2164.68,165.41,509.08,68.73,1984.84,170.84,1029.64,24.39,2584.59,157.15,0.00,257.55,57.70,95.75,234.21,1810.55,3547.27,2.54,153.06,124.13,601.46,3.24,954.05,59.07,494.58
2026-04-02T22:30:00Z,62.15,2019.83,169.80,1149.97,46.44,2163.58,166.22,512.64,68.89,1984.27,171.25,1042.31,24.36,2592.57,156.67,0.00,257.51,55.92,95.63,230.16,1802.09,3561.60,2.29,150.49,125.24,600.02,3.10,953.53,58.75,492.68
2026-04-02T22:40:00Z,62.34,2010.30,170.03,1160.88,46.48,2170.20,166.18,498.81,69.04,1980.10,170.95,1029.49,24.34,2586.00,157.04,0.00,259.42,56.91,95.95,231.87,1810.47,3547.61,2.57,151.77,123.96,601.49,3.24,957.23,58.87,499.96
2026-04-02T22:50:00Z,62.43,2005.14,169.91,1171.96,46.45,2167.82,166.61,507.33,69.38,1966.66,171.14,1042.11,24.52,2587.57,156.72,0.00,258.99,56.14,95.84,228.54,1802.97,3556.13,2.49,149.24,126.75,615.73,3.17,951.73,58.63,510.26
2026-04-02T23:00:00Z,62.56,2028.29,170.12,1162.77,46.57,2155.01,166.00,503.14,69.16,1973.15,171.16,1046.73,24.14,2596.80,157.07,0.00,260.25,56.59,96.00,236.28,1812.33,3541.72,2.43,148.85,123.48,609.58,2.83,958.73,59.90,514.59
2026-04-02T23:10:00Z,62.32,2018.09,169.83,1159.66,46.72,2159.70,166.15,498.65,68.99,1975.33,171.94,1039.03,23.87,2596.02,157.48,0.00,259.60,55.27,96.46,232.64,1811.50,3546.57,2.59,149.72,126.13,606.94,3.03,951.92,59.16,510.75
2026-04-02T23:20:00Z,62.08,2034.28,169.66,1155.22,46.28,2174.31,165.82,500.45,69.25,1975.24,171.78,1039.79,23.92,2603.60,157.35,0.00,260.65,57.69,95.62,234.86,1807.80,3541.33,2.43,151.06,124.70,609.01,2.78,956.68,59.38,502.03
2026-04-02T23:30:00Z,62.08,2036.75,170.20,1153.54,46.45,2178.55,165.51,496.04,69.31,1971.09,171.60,1042.92,24.36,2594.06,157.41,0.00,262.19,54.80,96.02,233.20,1804.71,3550.45,2.57,150.28,127.06,615.08,3.04,953.64,57.93,503.12
2026-04-02T23:40:00Z,61.65,2032.02,170.20,1149.36,46.38,2165.33,164.78,501.88,69.74,1956.06,171.89,1056.33,24.68,2579.30,157.43,0.00,262.98,55.86,95.59,237.77,1812.25,3553.41,2.52,149.06,123.17,605.78,3.17,959.08,58.45,504.26
2026-04-02T23:50:00Z,61.76,2033.19,169.63,1143.15,46.73,2158.49,165.40,495.30,69.98,1953.24,171.79,1060.77,24.79,2574.95,157.58,0.00,259.47,54.47,95.94,231.77,1807.03,3547.52,2.49,149.70,123.25,605.64,2.93,954.94,58.81,494.84
2026-04-03T00:00:00Z,61.84,2033.26,169.65,1141.48,46.76,2151.04,166.65,502.88,69.89,1956.51,172.43,1062.70,24.60,2585.24,157.29,0.00,258.72,55.34,96.42,234.63,1810.55,3555.82,2.41,149.93,124.68,603.92,3.01,954.05,59.16,496.08
2026-04-03T00:10:00Z,61.78,2037.27,169.63,1133.37,46.69,2159.90,166.04,500.83,69.95,1953.51,172.24,1053.92,25.20,2572.82,157.27,0.00,258.21,54.07,96.33,231.60,1798.87,3530.66,2.66,149.50,126.79,617.97,3.05,949.72,59.08,515.84
2026-04-03T00:20:00Z,61.95,2030.31,169.44,1121.99,46.73,2156.45,166.12,492.57,69.83,1959.55,172.48,1057.36,24.75,2573.94,157.87,0.00,261.96,55.23,96.53,234.50,1805.95,3555.60,2.50,149.35,123.39,598.57,3.14,952.99,58.60,498.08
2026-04-03T00:30:00Z,62.10,2028.65,170.30,1134.52,46.74,2164.07,166.28,490.09,69.48,1957.62,171.85,1058.23,24.73,2588.90,157.11,0.00,262.25,54.64,96.66,236.36,1799.33,3547.91,2.47,150.51,125.75,598.47,3.13,952.71,60.05,502.05
2026-04-03T00:40:00Z,61.96,2031.78,170.13,1136.41,46.83,2169.43,165.64,493.94,69.20,1970.47,171.62,1057.34,24.92,2581.43,156.98,0.00,260.44,55.79,96.39,236.91,1807.29,3555.25,2.69,151.55,123.27,608.42,2.89,955.12,60.21,512.77
2026-04-03T00:50:00Z,61.64,2022.79,170.21,1146.27,46.89,2154.81,165.60,503.98,69.30,1977.51,171.29,1054.04,24.89,2580.21,157.05,0.00,262.04,58.42,95.93,236.71,1814.62,3556.31,2.56,150.00,125.09,607.83,3.02,965.18,60.62,507.10
2026-04-03T01:00:00Z,61.70,2018.76,169.65,1149.30,46.69,2153.61,165.59,518.52,69.36,1967.45,171.66,1039.70,24.89,2590.44,157.37,0.00,253.76,55.73,95.19,227.86,1800.14,3557.58,2.60,150.04,124.21,601.11,3.21,955.31,57.94,494.01
2026-04-03T01:10:00Z,61.58,2011.19,169.75,1165.01,46.26,2173.54,166.58,504.71,69.68,1956.00,171.51,1048.95,25.20,2586.70,156.83,0.00,261.50,54.51,95.35,234.60,1808.36,3565.72,2.34,151.29,125.99,610.66,2.91,956.90,59.84,507.41
2026-04-03T01:20:00Z,61.47,2025.81,170.05,1143.35,46.39,2163.75,165.94,498.63,69.97,1959.62,171.50,1048.93,24.95,2575.28,156.68,0.00,261.29,56.08,95.64,236.49,1809.52,3548.56,2.46,150.34,128.50,606.92,2.92,952.09,60.10,509.36
2026-04-03T01:30:00Z,61.66,2029.94,170.38,1151.64,46.18,2173.04,165.93,494.31,69.92,1951.76,171.11,1059.37,25.11,2584.01,157.29,0.00,267.51,56.62,95.84,244.06,1820.81,3554.86,2.59,151.47,127.77,599.50,2.75,959.33,61.08,497.52
2026-04-03T01:40:00Z,61.84,2029.41,170.02,1147.25,46.26,2161.03,165.82,506.67,69.92,1941.94,171.23,1081.93,25.00,2569.58,157.68,0.00,265.55,58.06,95.38,240.28,1807.37,3543.87,2.41,149.24,126.22,612.70,3.05,957.25,60.76,508.48
2026-04-03T01:50:00Z,61.63,2034.50,171.03,1132.91,45.97,2168.29,165.02,479.72,69.52,1952.80,171.46,1079.24,24.78,2575.07,157.58,0.00,265.77,56.28,94.22,238.61,1806.20,3550.39,2.67,149.42,128.30,608.04,2.85,949.45,60.86,516.58
2026-04-03T02:00:00Z,62.11,2027.03,170.44,1141.28,45.94,2178.84,165.90,480.44,69.67,1957.62,172.48,1076.10,24.48,2574.89,157.89,0.00,260.40,57.50,95.27,235.34,1804.62,3558.18,2.20,150.01,121.93,596.98,2.88,946.87,61.35,491.84
2026-04-03T02:10:00Z,61.76,2036.82,170.81,1134.27,46.30,2172.77,165.52,497.03,69.72,1959.41,172.26,1071.25,24.44,2579.01,157.94,0.00,261.96,55.86,95.84,234.99,1803.57,3538.15,2.53,147.34,127.05,611.15,3.22,953.17,61.63,507.60
2026-04-03T02:20:00Z,62.05,2032.36,169.90,1128.23,46.77,2153.86,165.32,508.43,69.25,1966.41,172.13,1066.37,24.57,2582.69,157.57,0.00,262.16,57.00,96.56,237.78,1803.78,3555.29,2.46,150.24,126.39,613.13,2.94,955.12,59.82,513.20
2026-04-03T02:30:00Z,61.99,2028.64,169.78,1146.74,47.02,2152.67,166.17,502.15,69.24,1969.79,172.25,1080.82,24.61,2589.96,157.60,0.00,259.81,55.32,95.90,235.42,1812.64,3543.50,2.36,148.47,124.84,605.37,3.23,965.57,59.79,494.86
2026-04-03T02:40:00Z,61.96,2028.80,170.37,1147.17,46.56,2161.23,166.07,491.77,69.35,1968.95,172.09,1052.41,24.39,2592.22,157.52,0.00,259.35,53.84,95.89,235.50,1811.92,3553.09,2.39,149.02,120.92,607.94,2.51,952.66,60.04,505.11
2026-04-03T02:50:00Z,62.10,2024.98,169.88,1143.46,46.77,2152.22,165.99,497.77,69.35,1969.53,171.81,1047.05,24.43,2589.47,157.49,0.00,258.62,57.19,95.30,231.55,1801.65,3549.81,2.78,150.71,126.99,615.29,2.96,953.36,59.51,500.34
2026-04-03T03:00:00Z,62.22,2026.30,169.52,1156.43,47.05,2157.38,165.67,515.85,69.52,1964.59,170.89,1038.77,24.50,2586.28,157.53,0.00,263.80,57.55,94.94,236.55,1815.45,3548.69,2.53,150.10,127.09,611.21,2.86,959.47,59.92,518.17
2026-04-03T03:10:00Z,62.05,2016.75,170.14,1160.04,46.96,2158.30,166.00,507.81,69.05,1975.72,171.35,1030.40,24.62,2583.73,158.30,0.00,261.28,54.67,94.86,237.57,1816.97,3547.73,2.46,151.96,125.28,608.92,2.87,960.12,60.63,505.08
2026-04-03T03:20:00Z,61.86,2022.11,169.98,1168.61,47.04,2155.46,166.02,514.86,69.36,1970.05,171.27,1027.67,24.71,2579.09,157.93,0.00,254.93,53.49,95.79,229.45,1805.92,3548.44,2.69,150.00,124.40,,3.09,956.24,59.74,
2026-04-03T03:30:00Z,62.34,2020.01,169.75,1166.91,46.48,2153.99,165.46,502.79,69.17,1971.68,171.55,1029.89,24.58,2591.85,158.44,0.00,260.44,52.27,95.04,231.75,1808.14,3547.75,2.40,150.22,124.21,596.49,3.32,953.48,60.20,509.27
2026-04-03T03:40:00Z,62.32,2022.53,169.72,1146.31,46.46,2160.55,166.34,500.88,69.29,1969.64,171.93,1041.29,24.67,2591.92,157.76,0.00,263.43,53.27,95.37,239.21,1807.17,3551.14,2.62,150.43,127.25,602.61,2.91,947.21,62.48,501.10
2026-04-03T03:50:00Z,62.87,2010.47,169.69,1165.29,46.44,2157.03,166.56,501.57,69.41,1967.85,171.84,1052.43,24.84,2579.79,157.52,0.00,259.27,54.04,95.79,231.10,1804.65,3535.81,2.43,150.58,124.78,604.54,2.96,949.66,60.98,504.55
2026-04-03T04:00:00Z,63.41,1997.50,170.27,1181.74,46.34,2169.34,165.98,502.38,69.45,1959.08,172.23,1050.93,24.73,2573.97,157.54,0.00,264.88,55.52,96.48,238.33,1818.75,3540.09,2.28,152.24,129.94,610.95,2.83,951.93,60.73,509.87
2026-04-03T04:10:00Z,63.10,2004.28,170.06,1193.28,46.37,2164.02,166.12,492.20,69.45,1968.34,170.74,1049.01,24.49,2582.67,158.01,0.00,263.67,57.04,96.74,236.84,1814.91,3547.85,2.69,150.30,128.36,609.18,3.35,953.62,61.04,512.99
2026-04-03T04:20:00Z,63.07,1999.05,171.20,1197.58,46.08,2174.70,166.01,481.52,69.54,1975.36,171.35,1063.22,24.68,2589.09,158.03,0.00,261.20,54.69,96.40,236.35,1811.09,3568.86,2.50,152.60,125.65,599.69,3.03,956.77,58.92,496.28
2026-04-03T04:30:00Z,63.30,2000.31,170.20,1188.23,46.03,2174.24,165.75,482.92,69.75,1970.93,171.95,1067.82,24.02,2600.90,157.19,0.00,259.94,55.16,95.31,231.42,1800.60,3537.51,2.31,149.58,126.58,613.62,3.32,954.17,60.01,513.94
2026-04-03T04:40:00Z,63.28,1992.42,170.71,1208.29,45.63,2175.74,165.85,475.86,69.51,1964.11,172.28,1061.91,24.28,2593.18,156.96,0.00,262.83,56.27,95.39,235.30,1810.33,3554.64,2.34,149.54,127.15,608.19,2.93,954.67,60.64,500.26
2026-04-03T04:50:00Z,63.21,1991.51,170.74,1190.96,46.31,2175.77,165.54,484.70,70.08,1956.32,172.48,1072.54,24.29,2590.94,156.47,0.00,267.65,55.35,95.82,242.51,1817.89,3546.21,2.66,150.04,127.67,604.61,2.91,957.86,59.80,510.51
2026-04-03T05:00:00Z,63.09,1990.34,170.38,1199.42,46.37,2173.81,165.94,500.65,69.61,1973.02,171.47,1069.71,24.60,2585.21,156.73,0.00,269.08,56.60,96.18,238.07,1816.12,3549.65,2.44,151.36,128.03,611.11,3.20,953.37,61.30,504.30
2026-04-03T05:10:00Z,63.03,1998.01,171.28,1193.38,46.58,2168.72,165.90,500.06,69.70,1962.86,171.90,1065.71,24.64,2593.85,157.13,0.00,270.53,56.83,96.48,244.03,1821.55,3546.22,2.20,149.30,133.12,620.76,3.16,955.20,61.14,518.40
2026-04-03T05:20:00Z,63.17,1991.67,170.42,1203.60,46.40,2157.73,165.37,495.85,69.71,1950.96,171.99,1060.47,24.54,2580.09,157.65,0.00,265.41,55.71,96.12,238.95,1819.98,3548.56,2.85,151.21,128.06,611.11,3.11,956.31,58.97,514.32
2026-04-03T05:30:00Z,62.91,1990.20,169.96,1197.12,46.28,2161.38,165.70,498.04,69.56,1951.88,171.49,1060.96,24.61,2583.50,157.86,0.00,262.32,56.44,96.04,233.76,1810.57,3541.33,2.63,150.10,125.19,610.77,2.99,959.65,59.93,506.13
2026-04-03T05:40:00Z,62.98,1996.61,169.81,1186.15,46.37,2157.13,165.80,497.96,69.65,1959.49,171.46,1057.97,24.72,2575.83,157.28,0.00,263.12,55.43,95.67,234.37,1802.38,3548.74,2.53,148.67,126.91,602.56,3.02,943.92,62.14,509.78
2026-04-03T05:50:00Z,62.82,1992.68,171.05,1171.77,46.07,2168.89,165.37,488.23,69.68,1967.54,171.06,1053.04,24.72,2578.02,156.88,0.00,264.32,55.54,95.47,240.29,1810.80,3552.58,2.40,150.05,125.36,605.93,2.95,960.36,59.33,501.23
2026-04-03T06:00:00Z,63.04,1994.50,170.00,1174.37,46.07,2175.83,165.67,486.83,69.93,1959.02,170.75,1072.52,25.08,2563.63,157.43,0.00,261.12,55.05,95.53,234.78,1807.44,3549.01,2.51,152.52,125.20,604.05,3.06,946.33,59.33,509.04
2026-04-03T06:10:00Z,62.82,1994.34,169.86,1185.35,46.14,2170.28,165.87,486.95,69.95,1956.43,170.68,1070.41,24.91,2576.25,157.21,0.00,261.80,56.36,94.77,238.04,1818.46,3556.18,2.57,150.83,123.08,606.36,2.97,961.89,60.15,508.06
2026-04-03T06:20:00Z,62.61,2008.41,170.31,1178.77,46.14,2174.39,165.62,489.76,70.37,1944.27,171.43,1087.65,24.97,2571.27,157.13,0.00,262.24,56.14,95.41,238.17,1808.73,3551.05,2.20,150.14,123.77,594.68,3.21,952.90,59.74,490.57
2026-04-03T06:30:00Z,62.33,2008.48,170.06,1176.97,46.01,2173.43,165.70,493.87,70.47,1937.41,171.13,1083.23,24.84,2579.49,157.08,0.00,264.42,55.31,96.31,237.56,1811.31,3553.64,2.47,147.48,127.12,613.93,3.16,956.70,58.82,513.19
2026-04-03T06:40:00Z,62.50,2015.28,170.30,1166.34,45.84,2187.93,165.75,488.33,70.45,1949.77,171.62,1087.03,25.11,2571.67,157.53,0.00,260.35,55.89,95.27,236.42,1811.76,3558.64,2.34,152.05,126.02,606.75,2.99,955.04,58.47,501.85
2026-04-03T06:50:00Z,62.27,2021.17,170.66,1161.43,45.82,2183.48,166.20,484.82,69.94,1956.67,172.54,1073.33,25.08,2563.56,156.95,0.00,260.15,56.03,95.65,231.92,1806.98,3549.51,2.66,150.83,125.51,606.36,2.83,946.84,59.61,504.57
2026-04-03T07:00:00Z,62.51,2010.15,170.55,1156.26,46.20,2158.43,166.35,486.00,69.53,1959.29,172.67,1063.79,25.36,2581.38,156.80,0.00,256.48,54.81,96.36,231.87,1797.42,3551.72,2.58,151.59,123.29,606.82,3.06,941.85,59.87,505.13
2026-04-03T07:10:00Z,62.10,2019.93,169.77,1155.38,46.24,2163.88,165.86,491.84,69.39,1968.62,172.58,1063.69,25.77,2560.89,157.75,0.00,263.83,54.14,96.32,242.12,1810.01,3557.25,2.58,153.30,125.82,598.30,3.15,948.30,60.35,493.41
2026-04-03T07:20:00Z,62.60,2011.38,170.51,1158.22,46.11,2181.91,165.20,481.68,69.59,1961.58,172.80,1063.89,25.73,2559.66,157.57,0.00,265.12,55.65,96.35,239.76,1816.50,3559.37,2.69,149.25,128.13,610.99,3.12,953.12,61.08,511.84
2026-04-03T07:30:00Z,62.46,2021.34,170.82,1162.42,46.31,2177.11,166.30,506.79,70.24,1954.57,172.74,1062.02,25.85,2552.36,157.54,0.00,267.64,55.76,96.48,238.54,1803.91,3542.85,2.41,148.25,127.29,607.89,3.12,954.22,59.30,512.85
2026-04-03T07:40:00Z,62.12,2015.30,170.62,1163.73,46.56,2169.71,166.66,515.39,70.61,1950.51,172.44,1058.54,25.90,2559.93,157.36,0.00,271.18,55.04,95.44,243.53,1826.92,3544.45,2.28,151.02,130.42,605.83,3.07,960.05,60.96,497.15
2026-04-03T07:50:00Z,62.19,2028.27,170.38,1156.49,46.31,2174.30,165.94,508.56,70.87,1937.10,172.45,1078.13,26.05,2550.99,156.92,0.00,263.16,57.83,95.97,238.05,1802.06,3553.35,2.45,150.51,122.24,607.82,2.67,944.53,60.84,499.67
2026-04-03T08:00:00Z,61.96,2036.10,170.10,1140.20,46.27,2179.98,166.18,494.25,70.32,1934.66,172.17,1082.77,26.40,2549.94,156.70,0.00,267.80,55.87,96.38,238.53,1810.35,3548.98,2.56,147.47,130.82,614.64,2.86,953.40,59.14,517.40
2026-04-03T08:10:00Z,61.88,2032.79,169.86,1140.67,45.91,2178.71,165.08,480.60,70.01,1939.62,172.73,1075.79,26.39,2550.66,157.13,0.00,266.69,56.99,96.95,238.43,1816.00,3541.28,2.76,148.59,127.39,610.87,2.63,957.84,60.28,512.91
2026-04-03T08:20:00Z,61.93,2031.02,169.65,1149.04,46.01,2175.25,165.95,486.70,69.61,1943.51,172.83,1079.49,26.04,2537.55,156.33,0.00,262.21,55.24,96.27,238.74,1798.98,3539.19,2.78,148.79,127.36,610.57,3.14,952.59,60.57,507.83
2026-04-03T08:30:00Z,62.31,2018.64,170.44,1147.06,45.98,2162.88,165.47,495.49,69.58,1959.16,172.69,1062.10,25.83,2540.81,156.57,0.00,260.76,56.03,95.79,231.61,1803.80,3552.24,2.44,149.33,124.68,607.88,3.10,954.03,60.54,505.88
2026-04-03T08:40:00Z,62.71,2005.32,170.58,1157.43,46.17,2166.68,164.77,485.35,69.72,1949.70,171.81,1059.53,25.98,2550.48,156.83,0.00,255.05,54.93,96.24,230.54,1808.88,3557.48,2.54,151.01,,597.71,2.90,954.23,60.80,492.34
2026-04-03T08:50:00Z,62.84,2009.39,169.52,1150.21,46.41,2169.28,165.38,501.02,69.11,1968.17,172.01,1061.04,26.14,2548.23,157.43,0.00,256.44,53.69,95.79,228.80,1805.66,3572.20,2.63,150.91,124.51,613.18,2.99,949.84,60.52,518.35
2026-04-03T09:00:00Z,62.56,2003.02,169.95,1168.41,46.51,2163.46,165.33,498.88,69.39,1956.75,172.20,1067.94,26.39,2542.27,157.62,0.00,261.02,53.32,96.29,231.75,1806.16,3542.98,2.76,150.20,124.91,600.14,3.10,953.53,59.29,494.54
2026-04-03T09:10:00Z,62.90,1996.09,170.26,1179.19,46.79,2164.48,165.76,512.73,69.53,1961.77,172.59,1065.35,26.18,2551.42,156.60,0.00,263.95,53.10,97.01,237.89,1803.55,3555.71,2.60,150.26,127.97,607.54,3.25,958.35,60.55,495.06
2026-04-03T09:20:00Z,62.73,2002.78,170.97,1175.56,47.35,2160.66,166.20,528.36,69.79,1962.07,171.82,1069.11,26.07,2551.31,157.60,0.00,267.16,56.65,96.48,239.87,1810.71,3555.96,2.40,149.12,127.24,607.43,3.10,952.44,60.29,497.02
2026-04-03T09:30:00Z,62.65,2003.12,170.45,1173.77,47.17,2152.84,165.94,521.78,70.01,1959.56,171.72,1068.43,26.63,2541.71,157.08,0.00,265.95,55.53,96.14,239.77,1812.22,3547.46,2.51,153.44,128.22,607.47,2.87,954.61,60.01,505.21
2026-04-03T09:40:00Z,63.05,2006.55,171.25,1194.88,47.41,2150.75,165.23,513.82,70.10,1954.66,171.61,1073.44,26.57,2544.08,157.68,0.00,264.29,56.47,95.59,240.42,1819.67,3548.26,2.57,151.43,128.02,614.55,3.07,959.58,60.33,505.83
2026-04-03T09:50:00Z,62.53,2015.37,170.80,1182.40,48.00,2144.60,165.67,536.29,69.95,1950.02,171.42,1070.83,26.40,2537.12,157.55,0.00,267.11,,96.15,238.86,1804.31,3537.69,2.69,150.07,129.78,610.56,3.39,949.82,59.05,508.00
2026-04-03T10:00:00Z,62.63,2010.04,170.79,1170.05,48.22,2135.98,165.55,547.45,70.07,1951.48,171.62,1055.28,26.27,2536.33,158.03,0.00,265.45,57.43,96.22,238.81,1810.93,3538.95,2.57,150.66,126.62,612.64,3.15,957.94,59.97,512.61
2026-04-03T10:10:00Z,62.56,2013.82,170.27,1169.80,48.37,2125.32,166.24,551.53,70.16,1949.94,171.37,1067.93,26.14,2541.91,157.80,0.00,267.51,58.45,96.79,243.01,1807.48,3552.11,2.53,148.76,129.31,609.80,2.51,949.25,60.68,496.44
2026-04-03T10:20:00Z,62.49,2017.22,170.40,1162.58,48.39,2118.07,166.39,562.76,70.21,1945.99,171.34,1080.53,26.62,2536.78,158.11,0.00,263.92,58.34,96.43,238.39,1811.48,3541.41,2.69,150.57,125.20,609.60,2.82,953.57,61.46,498.39
2026-04-03T10:30:00Z,62.13,2035.66,170.63,1159.10,47.75,2130.08,166.25,540.49,70.34,1937.21,171.73,1080.08,26.92,2521.76,158.66,0.00,268.62,54.50,96.17,243.47,1813.50,3552.17,2.41,149.95,130.88,615.18,3.05,962.52,60.22,512.13
2026-04-03T10:40:00Z,62.52,2014.85,170.60,1171.45,47.45,2129.60,166.38,543.97,70.14,1947.27,171.79,1077.88,26.83,2516.97,157.62,0.00,269.15,55.37,95.98,242.75,1818.79,3558.40,2.46,152.56,129.69,611.08,3.48,958.83,60.52,502.02
2026-04-03T10:50:00Z,62.42,2014.40,170.50,1150.56,47.51,2121.44,166.79,561.64,69.74,1958.56,172.26,1069.06,27.44,2512.34,156.99,0.00,268.06,55.77,96.79,243.93,1821.52,3555.78,2.59,149.41,128.79,615.47,3.10,961.44,60.87,512.86
2026-04-03T11:00:00Z,62.37,2015.89,169.97,1157.85,47.63,2123.72,166.77,553.09,69.73,1957.17,172.76,1064.76,27.57,2513.59,157.25,0.00,275.07,53.87,96.62,246.21,1814.50,3562.80,2.44,150.22,132.10,613.16,2.81,954.50,60.60,500.68
2026-04-03T11:10:00Z,62.39,2029.82,170.08,1151.46,47.27,2134.46,166.49,531.33,69.46,1952.24,172.99,1072.04,27.31,2511.52,156.81,0.00,270.86,55.89,95.52,242.74,1814.75,3546.33,2.62,150.95,130.14,611.65,3.01,962.42,58.02,499.25
2026-04-03T11:20:00Z,62.13,2022.95,170.48,1147.57,46.94,2144.53,167.64,530.17,69.29,1955.49,172.04,1053.47,27.21,2524.30,156.69,0.00,268.51,54.55,96.50,241.31,1819.25,3554.58,2.40,149.17,127.06,611.72,3.28,964.61,59.37,502.19
2026-04-03T11:30:00Z,62.22,2014.96,170.22,1153.68,46.94,2146.35,168.04,540.35,,1958.87,172.00,1047.36,27.03,2526.93,156.85,0.00,268.97,56.21,95.80,240.70,1817.45,3555.34,2.60,149.82,128.99,610.81,3.24,959.69,60.11,501.56
2026-04-03T11:40:00Z,62.16,2015.28,170.03,1162.23,46.87,2141.78,167.77,539.27,69.37,1958.60,172.33,1051.63,27.21,2515.11,157.53,0.00,264.19,55.45,95.77,237.15,1805.54,3543.69,2.61,149.42,127.26,599.67,2.95,949.64,60.04,497.83
2026-04-03T11:50:00Z,61.91,2027.84,169.91,1155.01,46.70,2152.23,167.18,532.85,69.41,1965.62,171.85,1054.86,27.27,2517.35,156.87,0.00,259.26,56.27,95.82,232.27,1802.96,3558.76,2.55,150.75,124.00,602.03,2.78,947.95,59.39,501.36
2026-04-03T12:00:00Z,61.63,2031.05,169.49,1148.39,46.61,2154.45,166.86,518.40,69.45,1959.78,172.17,1055.37,26.92,2516.63,157.74,0.00,260.21,56.26,96.27,233.90,1800.09,3554.46,2.75,149.34,128.62,613.69,3.28,944.36,58.59,513.43
2026-04-03T12:10:00Z,61.77,2026.00,169.74,1128.35,46.68,2160.95,167.11,528.36,69.34,1962.46,171.99,1051.78,26.87,2517.11,157.86,0.00,261.46,56.39,95.78,234.45,1810.40,3540.32,2.68,151.63,125.36,605.95,2.96,949.96,59.68,507.36
2026-04-03T12:20:00Z,61.50,2034.56,169.84,1139.10,46.75,2164.98,167.33,509.98,69.34,1970.94,171.02,1044.29,27.19,2523.17,156.91,0.00,261.60,57.99,95.97,235.24,1808.12,3543.23,2.55,149.54,123.45,607.79,3.52,953.25,60.66,502.06
2026-04-03T12:30:00Z,62.00,2035.15,170.37,1141.05,47.34,2143.09,167.40,515.42,69.66,1970.37,171.17,1042.53,27.20,2523.83,156.94,0.00,266.23,57.02,96.27,239.27,1819.61,3534.39,2.71,152.22,127.93,614.14,2.80,963.13,60.36,514.82
2026-04-03T12:40:00Z,61.82,2032.55,169.89,1124.67,46.78,2148.69,165.97,515.94,69.34,1967.75,171.76,1048.02,26.84,2529.46,157.52,0.00,267.89,56.07,96.74,240.19,1810.77,3547.13,2.37,150.00,129.38,609.36,3.43,958.97,61.38,512.81
2026-04-03T12:50:00Z,61.64,2027.45,169.97,1131.12,46.83,2154.60,166.38,506.71,69.11,1965.29,171.52,1035.71,26.26,2533.15,157.92,0.00,259.40,54.53,97.09,233.77,1815.27,3547.56,2.64,151.36,125.76,602.17,2.92,962.80,59.89,497.56
2026-04-03T13:00:00Z,62.01,2018.48,169.72,1151.64,47.19,2149.52,165.92,512.17,68.70,1981.41,171.46,1034.82,25.94,2550.45,157.50,0.00,259.11,56.06,96.79,231.18,1805.78,3538.80,2.58,149.85,123.77,599.56,2.96,,61.07,502.62
2026-04-03T13:10:00Z,62.00,2033.48,169.99,1141.64,47.78,2132.25,166.88,536.73,69.03,1971.58,171.80,1037.80,26.06,2545.65,157.53,0.00,262.08,55.17,96.10,238.72,1812.15,3551.90,2.14,148.39,126.60,610.47,3.45,954.03,60.77,511.23
2026-04-03T13:20:00Z,,2029.18,170.39,1142.91,47.60,2126.57,166.63,538.11,68.74,1975.96,170.90,1035.72,25.55,2557.99,157.51,0.00,262.14,54.95,95.58,235.44,1809.85,3559.70,2.37,151.74,122.91,594.16,2.84,947.84,60.71,496.46
2026-04-03T13:30:00Z,62.00,2027.81,169.89,1141.15,47.55,2132.43,166.86,530.76,68.70,1985.96,171.24,1041.82,25.55,2559.60,157.77,0.00,261.96,53.57,95.51,235.54,1801.60,3543.81,2.41,151.06,125.39,608.58,3.02,949.23,60.28,506.78
2026-04-03T13:40:00Z,62.05,2026.88,170.26,1138.23,47.67,2132.75,166.18,535.37,69.03,1978.05,171.80,1041.24,25.77,2567.46,157.68,0.00,263.27,54.49,95.10,237.14,1811.67,3560.89,2.50,149.14,126.89,609.09,3.21,960.87,61.08,511.53
2026-04-03T13:50:00Z,61.76,2016.46,170.87,1149.56,47.37,2129.86,166.75,536.66,69.42,1974.10,172.04,1059.03,25.74,2565.93,157.90,0.00,259.79,55.80,95.76,231.47,1803.53,3554.45,2.78,148.52,124.18,608.72,2.95,953.35,60.85,515.39
2026-04-03T14:00:00Z,61.99,2027.04,170.28,1139.95,47.17,2132.27,166.89,532.89,69.28,1969.34,171.11,1054.12,25.75,2565.38,157.19,0.00,264.79,56.12,95.12,235.49,1810.67,3554.00,2.51,147.05,129.30,613.41,2.63,958.05,59.82,521.52
2026-04-03T14:10:00Z,62.18,2030.01,170.13,1135.57,47.01,2158.52,167.11,532.88,68.97,1970.97,171.27,1051.70,25.58,2570.81,157.56,0.00,262.72,55.94,95.76,235.45,1810.90,3542.18,2.60,151.25,126.16,600.65,3.37,961.51,59.85,491.68
2026-04-03T14:20:00Z,62.46,2011.75,170.52,1158.66,46.61,2158.30,167.09,525.72,69.12,1973.55,171.58,1041.39,25.18,2569.14,157.59,0.00,261.54,57.38,95.64,233.19,1800.26,3549.38,2.55,147.96,126.33,605.21,3.00,954.74,59.50,516.13
2026-04-03T14:30:00Z,62.42,2011.92,171.26,1159.86,46.30,2166.86,166.69,504.96,68.89,1960.41,171.03,1035.78,25.17,2563.53,157.85,0.00,263.44,55.21,95.46,236.51,1810.10,3558.87,2.45,149.85,128.88,613.42,3.35,952.79,59.74,510.64
2026-04-03T14:40:00Z,62.49,2016.72,171.43,1169.71,46.46,2163.38,166.01,501.82,68.98,1957.27,171.56,1050.81,25.16,2561.16,158.06,0.00,261.24,56.49,95.62,233.96,1817.20,3543.24,2.39,149.60,126.05,607.48,2.67,958.51,59.91,507.54
2026-04-03T14:50:00Z,62.53,2013.39,171.46,1173.16,46.47,2160.26,165.69,502.08,69.05,1975.03,171.76,1045.09,25.39,2556.40,158.36,0.00,266.57,54.39,96.14,237.71,1813.94,3547.73,2.63,150.24,128.43,605.19,2.92,959.23,59.68,512.50
2026-04-03T15:00:00Z,62.40,2023.61,170.50,1176.76,46.29,2168.35,165.28,498.29,69.31,1973.34,171.74,1048.39,25.12,2575.30,157.46,0.00,262.69,54.39,96.43,238.67,1816.15,3546.86,2.36,149.85,127.15,603.84,2.85,955.22,59.32,505.34
2026-04-03T15:10:00Z,61.64,2035.02,171.09,1160.67,46.43,2178.95,165.61,490.82,69.38,1968.87,171.41,1047.33,24.86,2572.16,157.66,0.00,260.78,54.65,96.34,231.87,1813.39,3547.64,2.55,150.19,126.05,606.45,3.36,944.85,59.02,501.11
2026-04-03T15:20:00Z,61.74,2031.73,170.74,1154.02,45.98,2174.23,165.86,481.54,69.09,1969.84,171.59,1048.61,25.04,2577.97,157.31,0.00,260.57,55.29,95.75,231.86,1803.42,3551.79,2.59,150.95,128.76,604.90,3.16,950.66,60.76,507.11
2026-04-03T15:30:00Z,61.50,2035.24,169.91,1139.69,46.10,2165.13,165.68,494.29,69.23,1960.07,171.40,1048.34,24.87,2570.17,156.69,0.00,261.98,54.14,95.89,232.06,1807.74,3544.72,2.35,150.12,126.32,609.98,2.92,954.64,60.75,505.14
2026-04-03T15:40:00Z,61.90,2031.05,169.54,1132.04,45.99,2185.00,165.89,486.35,68.83,1974.11,171.65,1046.55,24.71,2583.88,156.56,0.00,268.10,53.86,96.69,242.37,1817.87,3539.62,2.34,150.45,128.01,610.36,3.10,955.40,61.78,511.22
2026-04-03T15:50:00Z,61.49,2038.19,168.99,1132.17,45.87,2179.87,166.72,478.49,68.90,1979.24,171.12,1037.58,24.92,2573.46,156.25,0.00,261.22,53.74,95.45,233.87,1806.72,3542.63,2.55,148.52,124.80,604.66,2.85,964.25,61.83,506.70
2026-04-03T16:00:00Z,61.41,2030.60,169.57,1129.25,46.20,2177.07,166.38,479.00,68.74,1978.40,170.92,1036.09,25.14,2576.72,156.26,0.00,258.43,53.89,96.35,232.64,1805.76,3548.25,2.54,149.23,124.79,610.35,2.93,953.76,60.77,509.72
2026-04-03T16:10:00Z,61.43,2039.20,169.41,1139.76,46.41,2162.41,166.63,489.90,69.20,1986.66,171.23,1022.64,24.79,2577.24,157.54,0.00,261.11,54.03,95.89,235.52,1812.97,3541.04,2.65,148.83,126.36,604.29,2.80,953.16,59.39,502.91
2026-04-03T16:20:00Z,61.34,2041.86,169.49,1122.31,46.04,2159.52,166.49,493.01,69.08,1979.86,171.16,1044.09,24.61,2588.58,157.88,0.00,259.41,55.13,96.07,234.16,1811.82,3559.07,2.41,149.66,124.83,605.20,2.92,953.83,58.61,506.75
2026-04-03T16:30:00Z,61.33,2035.73,169.22,1118.00,46.39,2177.51,166.16,495.46,69.00,1974.47,171.53,1036.37,24.73,2581.38,157.23,0.00,264.43,55.99,95.92,236.53,1812.02,3556.65,2.38,151.33,127.94,608.36,3.23,954.38,60.05,505.73
2026-04-03T16:40:00Z,61.01,2036.47,169.93,1127.33,46.25,2167.93,165.48,513.57,68.65,1979.69,171.23,1035.95,24.51,2589.35,157.47,0.00,261.64,56.43,96.20,237.01,1820.32,3542.79,2.69,151.40,126.88,603.42,2.80,961.22,60.93,495.22
2026-04-03T16:50:00Z,61.12,2037.59,170.38,1152.00,45.79,2174.08,165.75,514.21,68.58,1979.40,170.65,1040.11,24.43,2592.59,157.47,0.00,260.91,55.93,96.04,236.18,1813.40,3549.68,2.52,148.70,124.09,600.18,2.92,959.83,61.98,496.96
2026-04-03T17:00:00Z,61.13,2054.92,169.79,1131.03,45.99,2169.60,166.58,506.45,68.48,1996.26,171.35,1033.46,24.31,2591.79,157.25,0.00,257.91,56.42,95.85,236.16,1806.26,3545.73,2.34,149.54,124.20,611.13,2.92,952.73,62.66,497.83
2026-04-03T17:10:00Z,61.34,2064.87,169.47,1120.38,46.08,2167.34,166.38,492.35,68.75,1982.66,171.74,1016.33,23.88,2604.68,157.38,0.00,260.12,54.16,96.65,237.10,1810.81,3552.20,2.41,148.96,124.65,601.38,2.97,954.72,61.97,500.41
2026-04-03T17:20:00Z,61.18,2058.31,169.31,1113.22,45.62,2176.18,165.88,481.33,68.72,1982.14,172.61,1031.81,24.17,2604.05,158.04,0.00,261.11,,96.76,234.45,1807.17,3545.68,2.70,149.65,126.98,604.89,2.73,951.73,60.99,495.09
2026-04-03T17:30:00Z,61.81,2043.43,169.30,1123.17,45.52,2188.47,165.73,470.63,68.36,1988.71,171.45,1015.80,24.41,2592.28,157.92,0.00,261.55,54.66,96.20,234.17,1803.63,3543.60,2.43,150.16,124.91,608.64,3.36,945.83,58.48,502.79
2026-04-03T17:40:00Z,61.70,2034.58,169.80,1132.68,45.80,2185.13,165.78,477.26,68.36,1998.71,171.50,1023.46,24.70,2588.49,157.43,0.00,258.98,53.79,96.97,235.42,1814.73,3540.11,2.46,150.33,125.70,599.89,2.94,950.95,59.37,498.61
2026-04-03T17:50:00Z,61.86,2031.22,169.19,1141.45,45.73,2189.91,165.87,474.42,68.62,1988.95,171.62,1020.92,24.83,2572.29,157.58,0.00,260.63,52.66,95.58,233.24,1817.59,3545.17,2.32,149.62,126.71,604.46,2.68,961.07,59.29,500.10
2026-04-03T18:00:00Z,61.87,2029.84,169.55,1146.89,46.01,2187.91,166.37,486.11,68.66,1986.29,171.52,1019.96,24.86,2572.40,157.29,0.00,258.77,52.99,94.45,232.60,1809.54,3544.62,2.31,149.50,127.04,612.45,3.29,960.75,59.86,513.48
2026-04-03T18:10:00Z,62.23,2029.87,169.94,1145.48,45.64,2183.00,165.30,481.22,68.47,1987.86,170.86,1012.46,25.08,2571.82,156.92,0.00,259.53,54.63,95.07,234.10,1803.63,3552.22,2.51,150.13,127.37,608.25,2.80,957.13,60.23,503.86
2026-04-03T18:20:00Z,62.54,2018.25,170.04,1148.87,45.68,2182.90,166.16,476.90,68.42,1986.11,171.81,1015.28,25.07,2581.82,156.48,0.00,260.94,52.99,94.96,232.24,1800.03,3557.07,2.44,150.93,125.17,606.61,3.31,950.84,60.59,501.80
2026-04-03T18:30:00Z,62.32,2014.96,170.30,1164.06,45.75,2175.67,165.69,480.27,67.92,2002.38,170.71,998.60,25.35,2568.76,157.35,0.00,258.84,53.31,96.03,230.36,1811.95,3544.12,2.43,149.69,124.99,603.60,,959.09,60.29,509.79
2026-04-03T18:40:00Z,62.24,2005.42,170.36,1172.25,46.01,2178.32,165.81,472.93,68.03,2000.80,170.47,996.60,25.07,2568.06,157.45,0.00,254.91,52.44,96.23,233.28,1809.14,3548.69,2.16,150.05,122.71,604.17,3.04,950.95,60.29,504.21
2026-04-03T18:50:00Z,62.24,2001.87,170.81,1188.31,45.87,2177.31,166.19,477.04,67.59,1998.12,170.33,1012.14,25.08,2568.88,157.60,0.00,260.95,54.63,95.73,236.04,1814.34,3550.81,2.74,148.61,126.67,597.38,3.02,954.26,59.74,494.90
2026-04-03T19:00:00Z,62.33,2009.06,170.04,1173.37,45.72,2171.00,165.49,485.19,67.61,2003.84,170.58,998.67,25.56,2567.79,157.91,0.00,260.17,53.94,96.66,234.67,1801.54,3539.69,2.41,150.21,125.75,599.19,2.77,953.58,59.66,499.30
2026-04-03T19:10:00Z,62.48,2000.85,169.79,1169.57,46.00,2180.44,165.56,487.91,67.58,2007.05,170.16,987.61,26.04,2560.63,157.06,0.00,261.28,51.85,96.39,237.04,1812.71,3551.88,2.58,149.01,127.19,611.81,3.36,952.86,58.36,507.69
2026-04-03T19:20:00Z,62.31,2012.01,169.80,1178.80,46.03,2175.36,165.35,482.96,67.69,2008.58,170.18,981.16,26.13,2558.18,157.23,0.00,258.65,54.11,95.72,235.75,1805.46,3550.47,2.64,149.80,123.63,602.94,3.36,957.78,59.26,499.55
2026-04-03T19:30:00Z,62.33,2001.28,170.79,1166.62,46.43,2177.53,165.18,480.01,68.01,2007.62,169.76,979.66,25.76,2554.14,157.71,0.00,256.56,54.34,94.22,234.71,1809.39,3543.11,2.75,149.66,123.17,606.95,2.60,952.38,58.68,495.17
2026-04-03T19:40:00Z,62.01,2024.12,170.57,1170.46,46.53,2160.19,165.27,490.32,68.09,2007.15,169.87,987.21,25.84,2555.18,157.07,0.00,252.79,57.17,95.05,229.26,1802.75,3543.08,2.52,150.43,119.08,595.66,2.78,952.20,59.39,492.32
2026-04-03T19:50:00Z,61.83,2021.37,170.92,1174.02,46.55,2165.23,165.29,503.84,68.09,1994.55,170.69,989.40,25.89,2538.58,157.15,0.00,252.00,57.38,95.22,230.27,1798.15,3560.90,2.49,151.62,117.72,602.11,3.06,947.02,60.15,505.36
2026-04-03T20:00:00Z,61.55,2022.35,170.54,1167.47,46.33,2167.46,165.43,509.64,68.00,1997.09,171.32,997.66,26.13,2543.18,157.20,0.00,259.42,55.04,95.67,233.66,1810.06,3556.02,2.85,148.67,123.98,600.26,3.08,953.63,59.24,501.19
2026-04-03T20:10:00Z,61.79,2030.30,170.64,1158.49,46.71,2158.57,164.77,499.66,68.11,1995.63,170.49,994.44,26.04,2539.76,156.84,0.00,264.15,57.32,94.75,234.64,1810.95,3543.12,2.69,150.86,128.57,607.19,3.39,952.58,59.85,503.86
2026-04-03T20:20:00Z,61.52,2036.98,170.74,1142.73,46.47,2167.59,165.98,498.46,67.83,1995.52,170.49,1003.97,26.01,2547.02,157.09,0.00,265.80,58.76,94.91,240.48,1823.83,3557.31,2.45,150.38,126.65,610.66,2.96,956.82,60.29,510.57
2026-04-03T20:30:00Z,61.53,2042.44,170.20,1148.20,46.48,2168.82,166.73,493.23,67.67,1996.34,170.33,996.40,25.95,2543.84,156.58,0.00,260.05,57.33,96.00,231.49,1805.49,3543.72,2.65,148.91,122.95,607.19,3.32,944.61,59.55,512.63
2026-04-03T20:40:00Z,61.80,2031.42,170.88,1154.98,46.43,2170.32,166.27,494.83,68.05,1999.62,170.59,1005.83,26.13,2547.52,157.14,0.00,260.60,53.46,96.50,231.55,1806.68,3552.50,2.44,149.16,125.23,610.74,3.28,950.46,59.81,517.54
2026-04-03T20:50:00Z,62.06,2019.23,170.94,1139.88,46.24,2161.37,166.17,496.94,67.81,1997.84,170.70,992.59,26.30,2546.08,157.02,0.00,256.34,54.35,96.15,231.26,1790.42,3541.50,2.80,150.14,124.82,598.87,2.93,940.53,58.94,503.36
2026-04-03T21:00:00Z,61.93,2032.52,169.55,1133.23,46.05,2169.23,165.84,496.08,67.76,2010.42,170.93,1000.40,26.23,2541.74,157.08,0.00,263.06,53.72,96.02,240.36,1816.47,3548.88,2.72,150.48,126.76,613.02,2.99,956.34,61.29,520.60
2026-04-03T21:10:00Z,61.89,2043.90,170.54,1131.82,46.03,2177.43,165.66,487.57,67.68,2011.31,170.77,980.71,26.24,2540.16,157.66,0.00,262.05,52.83,95.94,235.17,1813.73,3551.79,2.46,151.95,124.94,603.59,2.96,960.71,59.53,509.08
2026-04-03T21:20:00Z,61.62,2044.39,169.86,1130.72,46.15,2178.79,165.31,489.22,67.82,2010.47,170.22,988.67,26.11,2535.43,157.96,0.00,261.80,53.05,96.40,234.59,1804.87,3546.45,2.78,150.22,126.10,606.65,3.23,952.51,59.42,506.83
2026-04-03T21:30:00Z,61.91,2031.14,170.52,1140.74,46.34,2176.69,165.86,492.23,68.62,1990.54,170.53,999.65,25.64,2543.93,158.13,0.00,263.02,54.35,96.94,235.02,1815.16,3547.92,2.56,150.04,124.43,602.92,2.97,957.99,60.18,501.47
2026-04-03T21:40:00Z,61.93,2030.86,169.64,1139.69,46.15,2188.08,166.11,483.25,68.91,1980.61,171.16,1007.55,25.52,2557.92,157.85,0.00,257.28,55.49,96.72,229.36,1806.70,3550.43,2.44,150.68,122.25,602.65,3.05,950.20,58.68,504.85
2026-04-03T21:50:00Z,62.13,2022.23,170.14,1154.98,46.16,2181.46,166.66,485.51,68.90,1993.59,171.18,1022.94,25.28,2571.12,157.29,0.00,255.99,55.44,96.50,230.62,1799.77,3548.17,2.42,147.82,122.09,600.23,3.31,952.26,58.38,502.12
2026-04-03T22:00:00Z,62.15,2013.86,170.71,1163.06,45.54,2187.13,166.50,480.58,69.23,1985.45,171.34,1019.78,25.47,2573.47,157.49,0.00,254.54,55.53,95.33,227.65,1807.71,3553.47,2.66,150.07,124.15,606.81,3.17,948.17,59.69,507.93
2026-04-03T22:10:00Z,62.19,2012.77,170.92,1165.70,45.40,2189.61,166.68,458.01,69.28,1984.27,170.68,1037.00,25.49,2576.02,157.57,0.00,260.69,54.79,95.84,235.62,1800.96,3549.61,2.41,150.17,123.35,603.58,3.08,951.37,58.57,499.67
2026-04-03T22:20:00Z,62.12,2023.01,170.63,1157.87,45.25,2197.79,165.52,449.15,69.11,1973.34,171.00,1051.88,25.01,2571.61,157.97,0.00,263.98,56.20,95.55,236.20,1804.94,3554.72,2.53,149.32,124.46,608.10,2.96,950.81,58.86,510.86
2026-04-03T22:30:00Z,62.02,2036.57,170.30,1155.97,45.59,2192.87,166.13,471.90,69.05,1972.33,171.28,1044.67,24.71,2572.55,157.84,0.00,265.12,55.87,95.43,237.27,1811.45,3540.45,2.36,150.56,130.43,611.12,2.88,958.46,59.11,506.90
2026-04-03T22:40:00Z,62.49,2014.43,170.30,1153.64,45.54,2194.33,165.23,450.06,68.84,1980.24,171.76,1045.37,24.47,2585.11,157.64,0.00,259.90,55.98,96.48,233.68,1818.44,3554.53,2.50,150.07,123.35,597.39,3.02,953.75,60.57,496.31
2026-04-03T22:50:00Z,62.55,2009.92,170.98,1161.48,45.24,2187.90,165.41,464.65,69.42,1981.48,171.87,1052.62,24.46,2588.01,158.00,0.00,259.59,54.91,97.57,233.14,1807.08,3563.98,2.31,149.61,123.86,605.00,2.71,957.07,60.58,502.05
2026-04-03T23:00:00Z,62.23,2013.85,170.55,1161.03,44.97,2195.54,165.38,465.72,69.43,1974.56,171.93,1060.41,24.25,2596.34,158.34,0.00,261.22,55.84,95.92,237.76,1809.39,3544.91,2.51,150.06,125.90,612.39,3.23,961.80,60.82,508.09
2026-04-03T23:10:00Z,62.21,2010.13,170.79,1167.72,44.78,2201.00,165.45,453.78,69.47,1968.07,171.92,1066.91,24.75,2594.82,157.55,0.00,264.64,55.08,95.35,238.81,1809.64,3553.54,2.49,152.49,126.60,609.45,3.28,955.03,61.29,505.16
2026-04-03T23:20:00Z,61.81,2027.86,170.45,1151.47,45.17,2195.72,165.80,457.36,69.54,1947.53,172.49,1084.50,24.69,2596.10,157.76,0.00,264.32,55.48,95.25,234.91,1804.97,3554.56,2.38,148.67,128.18,614.90,2.97,954.62,60.69,509.70
2026-04-03T23:30:00Z,61.86,2029.89,170.05,1146.89,45.14,2197.73,165.31,455.55,69.67,1946.14,172.31,1071.04,24.88,2573.38,157.84,0.00,264.11,54.36,95.41,237.73,1815.33,3558.88,2.60,151.23,128.81,604.09,3.19,953.85,61.53,512.56
2026-04-03T23:40:00Z,61.90,2029.02,169.73,1146.23,45.02,2211.21,164.69,452.58,69.72,1958.96,172.37,1052.10,25.03,2577.20,157.68,0.00,259.05,53.95,95.92,233.59,1810.89,3551.25,2.29,150.02,127.03,613.16,3.04,956.29,60.11,521.17
2026-04-03T23:50:00Z,61.83,2029.49,169.63,1140.57,44.56,2210.64,165.15,458.13,69.51,1964.36,172.00,1044.98,25.15,2574.16,157.51,0.00,254.10,53.78,95.14,227.26,1804.02,3551.26,2.35,149.93,123.29,598.85,3.21,956.34,60.23,496.80
2026-04-04T00:00:00Z,61.94,2028.88,169.29,1141.14,45.01,2201.05,165.15,449.20,69.09,1955.90,172.24,1047.75,25.02,2563.57,156.36,0.00,253.30,53.16,95.69,227.09,1804.67,3533.45,2.58,149.56,122.58,603.85,2.89,953.23,60.75,498.65
2026-04-04T00:10:00Z,62.33,2022.44,170.02,1152.21,45.19,2206.07,164.82,455.14,69.06,1962.49,171.44,1041.61,24.84,2575.73,157.05,0.00,256.50,54.59,96.20,232.03,1807.15,3562.34,2.56,151.86,124.68,601.70,2.91,948.55,60.38,510.09
2026-04-04T00:20:00Z,62.17,2026.19,170.06,1145.63,45.53,2205.02,164.45,449.79,68.99,1977.86,171.09,1044.80,25.04,2583.51,157.19,0.00,263.48,55.19,96.45,237.39,1808.09,3528.57,2.50,149.75,124.32,603.31,3.27,955.07,59.73,503.97
2026-04-04T00:30:00Z,62.26,2031.60,170.32,1141.08,45.80,2197.22,164.74,456.50,69.19,1976.39,171.58,1051.64,24.79,2595.06,157.80,0.00,262.92,54.88,95.46,239.03,1806.07,3556.31,2.50,149.63,124.93,612.51,2.76,946.43,60.30,509.37
2026-04-04T00:40:00Z,62.31,2023.07,170.31,1152.65,45.83,2190.86,164.80,,69.20,1975.06,171.32,1050.90,24.83,2589.89,158.00,0.00,259.96,55.87,94.64,233.62,1805.44,3564.02,2.47,152.11,125.18,600.33,2.96,957.96,59.46,491.61
2026-04-04T00:50:00Z,62.62,2013.61,169.58,1146.37,45.98,2170.43,164.90,459.38,69.40,1967.53,171.61,1043.13,25.02,2590.39,157.75,0.00,256.18,52.90,95.37,230.76,1803.30,3550.00,2.51,150.74,124.64,606.55,2.83,955.70,59.43,499.41
2026-04-04T01:00:00Z,63.01,2005.45,170.34,1167.41,46.00,2172.21,165.36,485.13,69.92,1951.71,171.80,1062.50,25.12,2577.51,157.11,0.00,257.67,53.89,95.56,235.38,1804.20,3551.83,2.28,150.53,120.65,602.79,3.01,947.88,59.49,497.95
2026-04-04T01:10:00Z,62.89,2001.05,170.42,1183.44,45.63,2179.65,165.36,472.72,69.77,1956.06,171.62,1071.95,25.32,2578.27,157.51,0.00,267.43,56.02,95.57,242.30,1814.03,3557.26,2.74,151.04,129.17,611.03,2.93,954.40,60.66,517.47
2026-04-04T01:20:00Z,62.79,1998.14,171.41,1188.86,45.57,2186.78,166.08,473.79,69.50,1969.53,171.40,1066.82,25.36,2571.81,158.24,0.00,268.52,56.14,95.79,244.53,1822.03,3553.32,2.55,150.31,127.84,610.68,3.21,962.94,60.78,500.39
2026-04-04T01:30:00Z,62.64,2001.45,171.29,1181.08,45.47,2192.14,166.16,472.28,69.10,1967.85,171.19,1058.94,25.23,2566.00,157.45,0.00,266.74,56.55,95.97,242.87,1824.17,3551.40,2.69,149.35,128.37,612.37,2.76,961.20,60.54,504.89
2026-04-04T01:40:00Z,62.85,1993.41,170.74,1183.29,45.11,2195.44,165.64,459.99,69.13,1973.09,171.42,1048.84,25.10,2573.96,157.33,0.00,264.85,57.68,96.15,240.89,1809.83,3539.40,2.74,148.32,126.03,606.34,3.27,954.72,60.55,500.43
2026-04-04T01:50:00Z,62.47,1997.21,170.73,1185.31,45.04,2199.49,165.12,465.21,69.20,1974.16,170.93,1046.28,25.21,2576.94,157.33,0.00,257.70,56.13,95.55,232.39,1809.64,3563.90,2.36,151.24,126.97,608.33,3.01,954.57,59.66,513.49
2026-04-04T02:00:00Z,62.79,2003.95,170.54,1169.65,45.33,2195.58,165.62,466.31,69.34,1967.76,171.73,1053.64,25.07,2578.89,157.46,0.00,262.90,55.51,96.12,233.96,1808.91,3553.21,2.39,151.11,127.64,608.16,2.81,954.58,60.49,504.76
2026-04-04T02:10:00Z,62.94,2014.28,170.07,1171.18,45.25,2208.13,164.72,466.28,69.19,1972.33,171.48,1060.48,25.33,2569.87,157.14,0.00,256.58,53.63,95.15,231.58,1805.20,3542.14,2.60,148.85,122.26,600.26,3.06,947.06,61.20,498.90
2026-04-04T02:20:00Z,62.49,2009.60,170.79,1172.24,45.12,2215.07,164.75,458.28,69.47,1954.63,171.76,1056.36,25.21,2568.48,157.40,0.00,263.17,52.76,95.83,235.78,1810.80,3542.81,2.62,150.21,127.59,613.23,2.82,949.84,60.55,508.19
2026-04-04T02:30:00Z,62.30,2017.88,170.73,1165.67,45.58,2204.44,164.85,451.61,69.89,1951.93,172.60,1072.01,25.29,2568.15,157.78,0.00,258.74,51.74,95.37,235.18,1804.25,3546.51,2.44,150.70,125.20,608.63,3.09,951.48,60.35,500.50
2026-04-04T02:40:00Z,61.87,2020.72,169.54,1141.61,45.50,2192.48,165.42,461.24,69.67,1962.33,172.55,1060.88,25.13,2569.30,158.46,0.00,258.29,53.14,96.83,233.41,1814.33,3548.03,2.56,148.82,124.04,606.69,2.95,951.07,60.59,508.08
2026-04-04T02:50:00Z,61.99,2030.35,169.54,1146.41,45.50,2196.00,165.34,458.90,69.72,1959.41,171.70,1055.98,25.23,2569.57,157.84,0.00,255.58,52.56,96.10,231.71,1811.67,3526.82,2.54,149.61,123.35,597.40,2.87,960.11,61.31,492.72
2026-04-04T03:00:00Z,61.86,2026.33,169.36,1144.17,45.65,2191.71,165.13,456.72,69.93,1956.71,172.65,1070.89,25.25,2570.10,158.02,0.00,262.10,55.64,95.20,237.16,1814.05,3545.04,2.33,150.11,124.97,607.75,3.03,955.00,61.03,500.37
2026-04-04T03:10:00Z,62.11,2019.11,170.09,1162.40,45.30,2193.02,165.49,448.65,69.82,1957.64,173.23,1066.31,25.18,2570.25,158.05,,260.84,54.46,95.81,236.91,1808.34,3552.96,2.34,149.83,126.81,609.12,2.86,958.50,60.19,512.90
2026-04-04T03:20:00Z,62.03,2014.34,170.46,1165.84,45.46,2193.13,165.43,460.02,69.81,1959.05,173.27,1080.89,25.43,2571.75,157.33,0.00,262.62,57.44,96.14,235.50,1800.92,3556.90,2.44,149.20,126.09,606.33,3.01,947.43,60.02,506.70
2026-04-04T03:30:00Z,62.18,2016.84,170.75,1148.25,45.57,2179.38,165.66,454.45,70.15,1940.32,172.60,1087.36,25.60,2556.83,157.74,0.00,257.91,54.45,96.01,231.63,1800.40,3539.01,2.44,150.43,124.03,609.73,3.26,945.28,61.15,505.03
2026-04-04T03:40:00Z,62.20,2015.31,170.36,1152.93,45.53,2181.28,165.43,464.51,70.27,1939.60,172.98,1088.65,25.76,2562.87,157.59,0.00,258.72,53.97,95.94,234.01,1809.45,3561.84,2.68,150.10,126.67,609.86,2.85,953.28,61.38,513.57
2026-04-04T03:50:00Z,61.97,2022.35,170.44,1156.07,45.49,2187.33,165.05,452.09,70.19,1945.36,172.25,1078.66,25.79,2565.92,157.79,0.00,265.09,54.42,96.21,240.81,1810.83,3552.37,2.50,149.75,125.66,603.91,2.54,949.31,59.79,502.33
2026-04-04T04:00:00Z,61.74,2020.52,171.35,1166.81,45.84,2185.65,165.64,475.91,70.54,1937.13,172.39,1074.62,25.82,2553.67,157.90,0.00,261.19,55.75,96.82,234.78,1819.41,3552.83,2.55,152.00,125.43,602.47,3.00,953.43,58.72,515.59
2026-04-04T04:10:00Z,61.47,2032.38,170.67,1159.18,46.12,2181.36,166.62,466.99,70.81,1935.11,172.19,1081.68,25.78,2546.13,158.00,0.00,262.96,55.38,95.99,237.80,1808.13,3540.66,2.48,151.69,124.37,604.49,2.67,955.06,59.97,497.43
2026-04-04T04:20:00Z,61.43,2036.63,170.37,1152.22,45.84,2168.77,166.43,487.15,70.78,1942.47,173.08,1088.92,25.81,2549.38,157.30,0.00,260.43,53.85,95.82,233.77,1813.48,3551.98,2.58,149.45,125.25,607.12,3.52,958.05,60.17,514.97
2026-04-04T04:30:00Z,60.87,2042.10,170.39,1126.68,45.77,2186.94,165.28,485.23,70.53,1935.80,172.97,1060.99,25.70,2558.37,157.21,0.00,260.40,54.80,95.44,230.92,1808.08,3542.88,2.34,149.61,124.21,603.00,3.12,952.79,60.43,501.56
2026-04-04T04:40:00Z,61.24,2042.52,169.97,1104.81,45.74,2180.82,165.16,489.87,70.55,1939.80,172.79,1078.54,25.74,2562.07,156.94,0.00,261.19,54.70,95.81,238.99,1818.57,3558.80,2.54,148.90,128.29,604.40,3.38,956.48,59.61,500.55
2026-04-04T04:50:00Z,61.09,2037.52,170.31,1111.78,45.73,2178.17,165.03,476.23,70.49,1934.81,173.56,1102.70,25.36,2569.16,157.31,0.00,263.38,52.70,96.26,237.04,1810.49,3547.40,2.62,149.45,127.48,610.97,2.97,962.88,58.71,510.66
2026-04-04T05:00:00Z,60.67,2060.09,170.81,1113.92,45.44,2181.51,165.52,483.02,70.45,1933.16,172.41,1107.69,24.98,2566.88,157.95,0.00,262.41,52.05,96.33,236.24,1809.85,3573.34,2.54,149.50,126.61,603.90,2.58,953.66,59.64,504.44
2026-04-04T05:10:00Z,60.60,2061.94,170.38,1093.43,45.60,2185.37,165.47,465.66,70.50,1929.64,172.49,1109.12,25.24,2561.98,158.02,0.00,263.79,51.80,96.53,236.67,1803.00,3544.38,2.60,148.44,127.91,607.18,2.86,958.14,59.43,499.53
2026-04-04T05:20:00Z,60.79,2056.11,169.95,1091.57,45.46,2194.37,164.76,444.29,70.65,1933.68,172.43,1111.64,25.63,2567.71,157.40,0.00,260.48,52.56,95.40,231.04,1815.81,3548.22,2.41,150.14,128.24,605.30,3.04,955.39,59.98,499.28
2026-04-04T05:30:00Z,60.55,2059.69,170.47,1110.03,45.88,2178.60,165.74,476.83,70.40,1931.57,171.57,1090.74,25.76,2556.50,158.86,0.00,257.00,53.46,95.60,234.01,1799.91,3546.58,2.32,149.88,126.06,601.94,2.83,944.52,58.76,495.58
2026-04-04T05:40:00Z,60.96,2056.46,169.73,1120.33,46.15,2169.19,165.88,477.50,70.47,1934.94,172.19,1106.09,26.27,2553.90,157.84,0.00,257.72,55.66,95.90,230.61,1804.36,3552.15,2.42,149.29,122.52,602.97,2.99,951.19,58.92,510.10
2026-04-04T05:50:00Z,61.41,2040.08,169.99,1122.79,46.07,2170.59,165.44,471.87,70.82,1925.61,171.91,1107.59,26.28,2555.61,157.37,0.00,254.21,57.20,95.83,227.94,1804.98,3543.66,2.68,150.59,122.88,601.62,2.95,956.32,58.41,503.86
2026-04-04T06:00:00Z,61.16,2043.11,169.81,1138.20,46.07,2178.03,165.24,479.15,70.47,1937.56,172.68,1095.69,26.41,2546.90,158.02,0.00,263.13,54.84,95.87,232.72,1803.85,3549.21,2.75,150.23,126.95,603.30,3.07,958.99,59.46,499.02
2026-04-04T06:10:00Z,61.20,2042.13,169.41,1140.03,46.14,2169.33,165.42,479.33,70.03,1951.60,173.21,1081.31,26.30,2545.10,157.32,0.00,262.96,53.53,95.42,239.42,1807.74,3540.78,2.57,149.53,127.93,610.39,3.00,954.05,59.53,501.70
2026-04-04T06:20:00Z,61.48,2034.81,169.94,1136.03,46.45,2161.45,164.91,476.93,70.00,1958.87,172.25,1078.87,26.16,2541.50,157.43,0.00,260.75,52.11,95.59,233.31,1803.10,3550.13,2.69,151.00,124.45,612.97,3.16,956.51,59.35,501.31
2026-04-04T06:30:00Z,61.56,2031.78,170.05,1122.43,46.70,2163.07,165.27,488.21,69.97,1947.17,172.45,1090.96,26.53,2534.46,157.27,0.00,263.16,53.79,96.22,235.14,1805.06,3555.64,2.32,151.07,125.37,607.79,3.00,949.35,58.53,497.24
2026-04-04T06:40:00Z,61.62,2027.54,169.60,1122.07,46.15,2163.36,165.60,491.59,70.00,1956.76,171.82,,26.38,2545.84,157.36,0.00,260.79,53.64,96.26,232.12,1806.97,3545.83,2.49,150.14,125.33,605.01,2.86,951.10,60.21,505.42
2026-04-04T06:50:00Z,61.82,2034.93,169.46,1117.98,46.25,2158.55,165.26,488.96,69.75,1963.47,172.16,1071.13,25.92,2553.91,157.88,0.00,257.97,54.00,96.76,230.97,1807.99,3537.35,2.60,,124.50,611.84,2.72,951.93,59.69,512.32
2026-04-04T07:00:00Z,61.91,2031.10,169.18,1119.13,46.39,2143.67,166.22,519.63,69.66,1961.15,171.92,1071.25,25.59,2555.73,157.83,0.00,265.30,54.73,97.03,236.45,1813.94,3550.59,2.49,150.05,126.78,604.48,2.85,958.06,60.77,514.76
2026-04-04T07:10:00Z,62.30,2027.07,169.16,1142.51,45.96,2166.76,166.09,511.87,69.26,1968.35,171.25,1057.51,25.26,2559.87,157.73,0.00,270.03,55.04,96.78,239.37,1817.29,3550.19,2.58,150.46,131.72,604.12,3.04,954.36,60.31,505.19
2026-04-04T07:20:00Z,61.70,2025.16,168.45,1126.52,45.80,2178.99,166.67,488.58,69.44,1968.18,170.97,1058.40,25.51,2559.58,156.90,0.00,261.82,52.79,95.98,234.76,1801.05,3539.77,2.42,150.84,126.20,614.82,3.14,953.74,61.07,515.05
2026-04-04T07:30:00Z,61.32,2038.40,169.12,1132.41,45.84,2173.33,166.33,487.89,69.74,1959.01,170.86,1051.48,25.85,2549.15,157.33,0.00,265.67,54.97,95.81,237.08,1811.58,3547.97,2.60,150.04,128.55,604.60,3.12,952.09,61.42,484.33
2026-04-04T07:40:00Z,61.60,2034.80,169.65,1127.72,45.67,2181.96,165.66,480.76,69.78,1949.80,171.42,1068.10,26.01,2542.43,157.06,0.00,258.74,53.56,95.55,233.92,1802.86,3549.15,2.45,149.38,123.09,600.74,2.90,952.16,60.19,495.28
2026-04-04T07:50:00Z,61.61,2040.58,170.34,1133.75,45.24,2192.44,165.25,475.24,69.67,1971.81,171.44,1062.44,26.33,2538.53,157.10,0.00,263.28,52.65,95.14,237.13,1804.94,3547.56,2.32,150.70,127.02,609.65,2.82,947.12,59.44,499.79
2026-04-04T08:00:00Z,61.82,2034.56,169.47,1138.42,45.22,2199.28,165.43,461.05,69.36,1969.73,171.47,1055.90,26.19,2544.21,157.63,0.00,268.53,52.34,95.60,237.78,1807.15,3547.41,2.58,150.47,128.45,617.36,2.94,952.55,60.33,520.19
2026-04-04T08:10:00Z,62.07,2024.99,170.19,1137.23,45.37,2200.24,165.01,460.05,69.16,1966.91,172.12,1073.15,25.70,2550.71,156.57,0.00,262.62,52.95,95.29,238.59,1808.59,3556.19,2.71,150.00,123.81,605.57,3.25,949.59,59.65,498.64
2026-04-04T08:20:00Z,62.25,2027.31,169.28,1137.96,45.02,2202.55,165.22,462.15,68.75,1977.92,171.72,1070.18,25.73,2560.29,157.19,0.00,254.55,53.60,95.73,231.73,1803.02,3572.16,2.52,150.52,122.24,602.95,3.25,950.88,60.23,517.68
2026-04-04T08:30:00Z,62.59,2024.38,169.58,1149.38,44.86,2205.64,164.32,456.89,68.98,1972.45,172.31,1058.66,25.78,2555.63,157.80,0.00,257.62,54.27,95.39,230.19,1803.89,3553.45,2.54,149.98,122.69,610.17,2.97,941.26,60.61,513.68
2026-04-04T08:40:00Z,62.69,2014.04,169.96,1164.41,44.69,2210.77,165.00,442.84,69.39,1969.09,171.48,1044.91,25.72,2566.24,157.54,0.00,256.84,55.39,95.81,232.75,1802.43,3542.63,2.64,150.19,124.81,600.17,2.89,949.84,60.06,498.53
2026-04-04T08:50:00Z,62.58,2026.92,171.02,1160.71,45.27,2195.33,164.75,453.19,69.27,1980.99,171.88,1054.21,25.58,2563.81,157.38,0.00,263.57,55.94,95.17,235.93,1817.05,3558.92,2.53,150.49,125.92,606.64,3.05,959.65,60.28,503.19
2026-04-04T09:00:00Z,62.37,2018.96,170.19,1149.76,45.44,2177.32,164.87,464.36,68.89,1980.72,171.03,1042.93,25.71,2546.57,157.95,0.00,260.78,56.01,94.79,235.33,1813.55,3550.61,2.53,150.92,125.53,608.33,2.84,957.88,60.43,509.80
2026-04-04T09:10:00Z,62.50,2020.21,170.12,1160.24,45.53,2182.80,165.27,470.21,68.93,1985.54,170.84,1047.54,25.77,2562.65,157.93,0.00,260.79,55.87,95.18,234.57,1809.54,3546.22,2.37,150.10,124.00,608.34,2.75,954.80,60.53,508.02
2026-04-04T09:20:00Z,62.58,2007.24,170.53,1166.78,45.69,2181.89,165.77,467.55,69.14,1976.98,171.13,1033.63,25.34,2571.93,157.59,0.00,260.17,55.73,96.09,232.02,1795.41,3544.29,2.45,149.40,127.43,614.17,2.77,948.96,60.08,500.08
2026-04-04T09:30:00Z,62.27,2012.77,170.75,1157.56,45.56,2179.34,165.28,480.78,69.23,1964.41,171.53,1041.80,25.21,2579.69,157.24,0.00,259.50,56.34,96.99,235.06,1812.93,3551.38,2.47,151.72,125.31,603.03,3.15,958.98,58.79,500.71
2026-04-04T09:40:00Z,62.55,2022.68,170.38,1161.26,45.21,2183.48,166.26,466.55,69.60,1963.61,171.96,1052.33,25.20,2568.27,156.94,0.00,254.87,55.86,94.85,229.77,1808.12,3525.18,2.56,150.00,119.17,596.21,2.75,958.38,58.44,483.85
2026-04-04T09:50:00Z,62.44,2020.78,170.42,1163.04,44.92,2198.03,165.63,474.75,68.93,1963.55,171.43,1046.58,25.26,2566.32,157.82,0.00,259.61,53.99,95.17,232.33,1798.48,3544.86,2.31,150.43,123.27,615.06,3.03,944.52,59.59,508.96
2026-04-04T10:00:00Z,62.54,2008.09,170.55,1166.86,45.10,2199.35,165.07,453.33,69.02,1973.15,171.65,1034.07,25.10,2569.15,158.19,0.00,263.91,53.73,95.89,236.56,1812.70,3559.33,2.78,151.60,126.05,608.25,3.09,952.02,60.58,509.84
2026-04-04T10:10:00Z,62.54,2004.42,170.45,1159.29,45.07,2207.18,165.57,445.59,68.84,1983.34,171.54,1043.74,25.23,2567.64,158.31,0.00,257.64,54.09,96.50,230.59,1811.75,3559.62,2.88,148.91,122.84,599.15,2.64,953.79,60.48,493.42
2026-04-04T10:20:00Z,62.51,2001.16,170.68,1167.12,45.07,2198.73,165.35,446.80,68.83,1978.02,171.23,1038.09,25.54,2556.52,156.88,0.00,262.15,53.37,96.31,234.33,1802.89,3547.09,2.55,151.84,124.45,604.35,3.06,941.70,60.09,501.45
2026-04-04T10:30:00Z,62.45,2006.57,170.67,1171.27,45.03,2196.23,165.12,441.51,69.00,1985.86,171.07,1041.67,25.75,2567.06,157.60,0.00,263.68,55.05,96.09,236.22,1818.24,3559.46,2.89,148.67,127.34,607.50,3.03,953.98,58.54,502.99
2026-04-04T10:40:00Z,62.03,2017.25,170.69,1164.50,44.65,2192.97,165.17,459.25,69.59,1973.40,170.55,1055.75,26.10,2561.85,157.41,0.00,267.97,55.54,95.48,238.70,1805.73,3551.60,2.34,149.52,128.89,615.62,3.06,957.30,60.02,511.50
2026-04-04T10:50:00Z,62.12,2014.80,170.71,1160.34,45.02,2202.27,164.82,446.53,69.59,1962.41,171.93,1062.49,26.06,2543.42,157.07,0.00,258.28,53.65,95.41,229.21,1792.95,3546.90,2.43,149.17,124.98,612.88,3.11,944.48,58.69,503.92
2026-04-04T11:00:00Z,61.78,2027.99,170.49,1142.91,45.01,2196.93,165.33,456.51,69.48,1971.70,172.08,1051.62,25.63,2552.75,157.46,0.00,259.51,53.26,95.90,232.65,1805.41,3547.90,2.49,149.18,123.47,604.09,2.84,949.74,59.62,493.37
2026-04-04T11:10:00Z,61.68,2035.43,170.49,1137.25,44.83,2203.27,164.48,449.56,69.76,1959.80,172.19,1056.90,25.64,2560.02,157.52,0.00,259.25,54.07,95.70,230.11,1806.74,3549.20,2.57,151.13,125.03,609.43,3.40,960.08,59.41,504.88
2026-04-04T11:20:00Z,61.53,2033.28,170.36,1138.93,45.11,2209.14,164.12,433.18,69.82,1968.34,172.13,1063.70,25.67,2558.83,157.59,0.00,259.47,53.71,95.70,231.96,1802.68,3553.25,2.72,150.51,126.37,610.48,3.01,953.61,59.51,518.04
2026-04-04T11:30:00Z,61.84,2035.00,170.67,1143.68,45.56,2194.17,164.97,446.67,69.59,1954.65,171.86,1048.75,25.70,2557.87,157.24,0.00,260.63,53.58,96.11,232.32,1808.05,3549.03,2.39,149.95,127.94,608.32,2.94,960.53,59.57,509.92
2026-04-04T11:40:00Z,62.35,2018.58,170.22,1152.05,45.88,2179.45,164.57,473.97,69.50,1957.82,172.10,1046.21,25.68,2559.48,157.13,0.00,266.42,53.65,95.76,238.65,1808.80,3544.28,2.58,149.08,128.67,611.39,2.87,951.10,61.02,501.50
2026-04-04T11:50:00Z,62.12,2018.97,169.18,1156.70,46.31,2159.65,165.56,488.18,69.19,1962.95,171.35,1029.73,25.28,2562.70,157.12,0.00,261.99,54.10,95.26,233.80,1812.85,3548.49,2.73,150.01,122.21,602.92,2.66,951.29,60.63,492.06
2026-04-04T12:00:00Z,61.84,2024.78,169.72,1150.49,46.31,2170.42,165.68,510.08,68.94,1975.50,171.74,1037.45,25.12,2565.33,157.00,0.00,257.48,54.77,95.04,227.59,1802.04,3556.89,2.43,150.41,124.82,603.22,2.94,946.71,59.82,497.90
2026-04-04T12:10:00Z,62.18,2029.14,169.82,1137.84,46.00,2171.94,166.03,493.33,69.11,1976.80,,1047.81,25.01,2568.83,156.98,0.00,262.57,53.90,94.78,238.59,1810.39,3553.37,2.60,149.03,127.68,613.90,3.08,959.77,60.10,517.63
2026-04-04T12:20:00Z,62.41,2023.99,169.91,1143.17,46.51,2162.39,166.36,500.83,68.93,1975.12,171.64,1041.69,24.81,2578.97,157.28,0.00,262.99,56.58,95.68,235.41,1803.30,3554.46,2.51,149.55,126.57,606.47,3.08,953.09,60.17,503.92
2026-04-04T12:30:00Z,62.11,2013.74,170.43,1152.56,46.19,2165.91,166.62,501.81,69.10,1969.73,171.10,1063.06,24.59,2583.71,157.44,0.00,259.24,54.17,96.41,232.05,1803.26,3549.38,2.34,149.46,125.89,603.28,3.09,947.98,59.73,506.77
2026-04-04T12:40:00Z,62.26,2002.90,170.44,1158.60,46.06,2163.87,166.95,495.63,69.39,1959.29,170.66,1060.33,24.74,2579.71,157.48,0.00,259.08,53.70,95.43,230.08,1803.07,3545.16,2.30,150.09,124.58,604.26,2.92,941.96,59.10,520.74
2026-04-04T12:50:00Z,61.87,2020.80,170.27,1166.80,45.85,2166.43,165.83,494.08,69.61,1962.20,171.27,1062.25,24.64,2589.73,157.69,0.00,263.89,53.53,96.11,235.98,1809.87,3543.57,2.67,151.57,126.17,606.27,3.17,952.83,59.74,505.89
2026-04-04T13:00:00Z,61.97,2025.34,170.47,1158.94,45.76,2179.45,164.88,476.61,69.78,1957.76,171.84,1065.68,24.91,2589.50,157.79,0.00,263.61,54.75,96.37,239.18,1816.51,3536.89,2.51,147.94,128.02,612.70,3.01,956.82,61.07,507.23
2026-04-04T13:10:00Z,62.28,2007.70,170.42,1167.27,45.45,2184.69,165.28,474.47,69.55,1960.46,172.02,1069.76,24.55,2589.13,157.86,0.00,262.50,55.97,94.63,234.78,1807.99,3553.48,2.57,150.04,125.72,604.82,2.91,948.13,61.04,503.69
2026-04-04T13:20:00Z,62.20,2001.61,169.89,1163.45,45.30,2188.08,165.84,471.20,69.71,1957.48,172.03,1067.60,24.76,2586.87,157.17,0.00,264.99,56.04,95.84,237.23,1814.42,3550.65,2.61,149.62,128.32,605.05,2.83,962.86,60.49,503.30
2026-04-04T13:30:00Z,62.09,2004.73,170.28,1165.28,45.34,2188.24,165.64,461.78,69.50,1947.94,171.92,1079.15,24.85,2584.84,157.79,0.00,264.76,54.01,95.56,235.75,1806.83,3559.51,2.69,149.89,126.18,603.87,2.98,953.81,61.17,502.75
2026-04-04T13:40:00Z,62.07,2025.75,170.33,1156.90,45.40,2185.27,165.52,467.08,69.43,1958.78,171.32,1062.21,25.04,2591.03,157.92,0.00,260.86,52.09,95.66,235.17,1806.46,3559.17,2.66,150.04,124.35,610.18,2.77,950.13,59.95,509.22
2026-04-04T13:50:00Z,62.51,2014.64,169.92,1156.67,45.61,2183.26,164.75,458.00,69.58,1965.28,171.58,1060.36,25.47,2572.09,157.25,0.00,258.65,53.04,94.77,232.46,1817.29,3553.49,2.55,150.18,123.92,615.58,2.96,952.25,59.06,499.16
2026-04-04T14:00:00Z,62.49,2004.06,170.58,1168.42,45.30,2180.54,165.48,461.23,69.28,1957.50,171.78,1064.02,25.69,2565.60,157.44,0.00,258.68,53.08,95.23,232.64,1804.58,3558.74,2.47,149.28,123.74,598.82,2.89,957.17,59.24,503.73
2026-04-04T14:10:00Z,62.21,2006.27,170.29,1165.22,45.44,2179.68,165.60,464.48,69.38,1970.72,171.89,1064.07,25.21,2569.40,157.01,0.00,261.35,52.37,95.78,233.70,1809.83,3536.27,2.41,149.34,126.69,609.74,2.85,962.27,59.08,506.33
2026-04-04T14:20:00Z,62.16,2010.29,169.75,1159.54,45.82,2188.96,165.42,464.73,69.42,1955.73,171.59,1064.87,25.11,2567.26,157.76,0.00,260.31,53.37,95.64,233.14,1800.25,3547.02,3.13,149.73,124.90,602.12,3.25,945.00,59.08,495.64
2026-04-04T14:30:00Z,62.36,2018.30,170.04,1155.56,46.43,2173.86,165.41,475.87,69.55,1956.24,171.87,1052.30,25.41,2571.33,157.66,0.00,264.45,56.05,96.10,235.65,1796.28,3553.18,2.65,149.38,129.18,612.40,2.75,960.16,60.43,504.92
2026-04-04T14:40:00Z,62.46,2017.62,169.78,1158.12,46.69,2164.40,165.76,495.32,69.25,1966.80,171.98,1056.97,25.36,2567.53,157.39,0.00,262.32,54.96,95.07,233.62,1808.18,3561.11,2.50,148.51,127.95,606.05,2.96,954.17,60.51,508.69
2026-04-04T14:50:00Z,62.65,2016.58,170.22,1184.47,46.70,2158.62,165.95,509.88,69.43,1972.66,171.57,1039.95,25.33,2559.28,157.57,0.00,267.34,53.61,95.03,240.30,1812.07,3548.92,2.58,149.80,130.67,605.31,3.32,952.83,61.74,512.27
2026-04-04T15:00:00Z,62.57,2015.03,170.24,1178.59,46.83,2159.35,166.17,501.48,69.31,1973.18,171.65,1040.87,25.43,2571.38,157.75,0.00,264.85,55.29,95.33,241.70,1820.71,3542.17,2.34,150.39,126.83,614.67,2.38,954.25,61.76,511.85
2026-04-04T15:10:00Z,62.36,2006.58,170.93,1184.60,46.66,2165.44,166.00,496.54,69.24,1963.70,172.26,1046.55,25.05,2574.31,157.76,0.00,263.99,54.62,96.59,237.71,1803.29,3545.73,2.68,151.21,128.97,605.79,2.68,948.17,61.69,506.27
2026-04-04T15:20:00Z,62.64,2006.02,170.96,1174.93,46.26,2165.26,165.29,494.18,69.20,1966.54,170.94,1038.40,25.36,2565.79,157.48,0.00,265.29,55.10,96.83,235.54,1810.98,3550.59,2.75,150.18,128.24,600.50,3.15,959.73,60.82,504.70
2026-04-04T15:30:00Z,62.46,2006.11,170.65,1166.58,46.38,2169.28,165.67,510.41,69.34,1967.32,171.50,1038.47,25.84,2548.81,157.82,0.00,262.80,55.58,96.48,240.94,1816.46,3542.00,2.61,148.87,127.54,609.81,3.00,957.14,61.92,511.68
2026-04-04T15:40:00Z,62.47,2003.06,170.69,1169.07,46.78,2164.32,166.26,511.82,69.26,1977.24,171.47,1046.70,26.27,2547.17,157.47,0.00,265.19,55.77,96.10,239.58,1815.47,3557.05,2.34,149.85,127.16,605.38,2.86,958.50,61.01,504.35
2026-04-04T15:50:00Z,62.43,2007.52,170.50,1166.15,46.61,2159.17,166.18,509.64,69.33,1968.44,172.01,1055.05,26.12,2542.76,157.30,0.00,267.22,54.63,96.68,235.83,1808.72,3552.63,2.59,151.05,127.21,609.19,2.86,950.40,59.85,509.22
2026-04-04T16:00:00Z,62.77,2004.17,170.33,1175.19,46.82,2166.32,166.65,508.37,69.09,1972.99,172.89,1041.11,25.59,2550.38,157.99,0.00,261.96,55.06,96.57,237.24,1813.71,3555.40,2.11,149.97,125.85,605.61,2.86,958.52,59.75,514.84
2026-04-04T16:10:00Z,62.96,2008.92,169.49,1176.81,46.58,2157.90,166.39,505.06,69.06,1971.06,172.88,1047.16,25.02,2556.89,157.85,0.00,263.68,53.55,97.32,242.40,1819.67,3535.44,2.58,149.67,124.90,605.16,2.80,960.52,60.09,502.89
2026-04-04T16:20:00Z,62.53,2024.38,170.09,1173.12,46.61,2154.13,166.50,496.45,69.03,1981.97,171.72,1043.81,25.07,2568.21,157.51,0.00,265.82,53.64,96.56,239.50,1813.09,3547.14,2.66,149.26,125.34,604.63,2.83,958.96,60.44,498.59
2026-04-04T16:30:00Z,62.35,2013.41,169.81,1152.16,46.50,2158.56,166.08,501.54,69.31,1978.83,172.19,1047.85,25.12,2568.61,157.49,0.00,267.54,55.34,95.80,239.27,1821.37,3553.11,2.27,151.71,129.68,615.44,3.14,961.34,61.12,509.29
2026-04-04T16:40:00Z,62.57,2012.64,169.49,1157.71,46.32,2154.98,166.56,500.79,69.34,1971.13,171.96,1045.00,25.29,2566.21,157.78,0.00,259.61,56.77,96.20,232.64,1806.20,3546.69,2.71,148.62,123.04,600.25,2.62,951.53,61.98,497.90
2026-04-04T16:50:00Z,62.72,2013.69,169.84,1158.98,46.05,2168.46,165.90,484.18,69.27,1968.67,171.50,1049.56,25.38,2566.48,157.50,0.00,258.93,57.91,96.05,228.60,1795.93,3539.22,2.42,149.53,125.11,604.05,3.04,952.19,60.85,506.13
2026-04-04T17:00:00Z,62.44,2021.44,169.82,1176.03,45.95,2180.47,165.32,475.78,68.79,1965.87,171.45,1053.62,25.20,2562.78,157.17,0.00,260.60,56.57,95.95,234.99,1811.08,3555.81,2.54,151.19,125.58,608.97,2.78,952.89,60.35,503.81
2026-04-04T17:10:00Z,62.16,2022.31,169.98,1160.83,45.99,2190.12,164.96,466.97,68.87,1982.85,171.87,1049.04,25.44,2565.54,157.09,0.00,263.73,56.72,95.52,237.36,1808.73,3554.84,2.48,149.85,128.87,608.44,2.89,950.19,60.72,503.69
2026-04-04T17:20:00Z,62.21,2026.13,170.22,1171.23,46.13,2176.60,165.03,479.29,68.73,1975.28,172.38,1042.96,25.50,2566.91,156.90,0.00,259.33,55.56,95.13,233.37,1816.90,3552.67,2.43,149.33,125.76,607.17,3.12,952.02,60.76,499.03
2026-04-04T17:30:00Z,61.98,2018.25,169.83,1153.28,46.12,2172.45,165.33,488.90,68.58,1983.87,172.14,1024.06,26.03,2551.35,157.13,0.00,257.68,55.08,94.82,232.50,1809.67,3556.07,2.60,149.26,123.07,605.49,2.80,954.62,60.28,502.69
2026-04-04T17:40:00Z,62.13,2025.12,170.10,1164.77,46.44,2164.87,165.23,481.65,68.74,1988.35,170.85,1021.91,26.13,2548.40,157.40,0.00,261.10,54.74,94.71,236.67,1818.51,3569.11,2.74,150.94,124.14,610.02,3.29,962.57,60.48,507.44
2026-04-04T17:50:00Z,61.88,2024.77,170.59,1165.16,45.95,2173.17,165.87,486.39,68.73,1979.40,171.14,1042.82,26.29,2547.76,157.89,0.00,262.80,55.29,95.75,233.72,1805.99,3539.16,2.61,148.91,127.87,607.83,3.02,957.02,60.53,501.11
2026-04-04T18:00:00Z,61.71,2027.33,170.13,1151.33,45.70,2178.12,165.26,460.89,68.71,1978.61,171.04,1031.35,26.45,2539.37,157.09,0.00,263.42,53.83,96.61,234.58,1808.15,3551.84,2.45,149.24,126.38,610.30,2.87,954.48,59.23,511.99
2026-04-04T18:10:00Z,61.83,2032.84,169.72,1141.25,45.96,2173.17,165.03,478.17,68.47,1992.58,170.43,1028.57,27.02,2534.66,157.47,0.00,260.77,53.15,95.57,237.36,1808.88,3549.27,2.55,149.47,126.54,609.08,2.85,956.00,60.69,512.75
2026-04-04T18:20:00Z,61.84,2028.51,170.30,1157.87,46.34,2166.06,165.71,487.62,69.01,1976.53,170.86,1040.79,27.01,2533.31,158.15,0.00,265.77,54.30,95.91,239.01,1813.03,3539.66,2.44,149.25,127.60,611.40,3.41,957.53,61.79,512.27
2026-04-04T18:30:00Z,61.81,2030.39,170.58,1152.61,45.46,2176.02,165.48,467.47,68.89,1971.01,171.16,1044.21,26.73,2531.22,158.04,0.00,262.62,56.24,95.77,235.46,1813.99,3548.50,2.50,150.88,126.40,603.61,2.79,955.70,60.44,499.49
2026-04-04T18:40:00Z,61.44,2033.67,170.26,1142.45,45.82,2175.38,164.71,461.49,69.34,1965.42,171.42,1048.03,26.82,2537.49,158.11,0.00,262.27,55.46,95.34,235.54,1803.81,3557.86,2.52,149.71,129.62,614.20,2.81,955.36,59.31,509.65
2026-04-04T18:50:00Z,61.78,2033.95,170.12,1137.61,45.84,2174.36,164.93,480.26,69.23,1961.36,171.55,1057.37,26.58,2533.44,157.68,0.00,260.43,55.53,95.84,230.80,1804.33,3550.75,2.55,148.96,125.20,611.45,2.99,959.19,59.15,506.49
2026-04-04T19:00:00Z,61.69,2028.21,169.66,1139.79,45.51,2176.04,165.42,482.24,69.26,1975.33,171.88,1061.13,26.59,2533.67,157.52,0.00,261.04,54.43,95.48,233.22,1799.92,3544.83,2.53,151.06,123.86,607.28,2.85,949.79,60.44,508.63
2026-04-04T19:10:00Z,61.66,2034.38,169.75,1141.10,45.47,2190.11,164.55,467.66,68.92,1983.23,172.24,1055.05,27.08,2518.62,157.40,0.00,260.16,54.69,95.52,235.66,1809.81,3541.61,2.30,151.49,123.50,601.22,3.07,953.04,59.53,502.28
2026-04-04T19:20:00Z,61.49,2044.40,169.56,1128.13,45.58,2187.46,165.49,477.38,68.97,1989.32,171.93,1040.89,26.95,2516.01,156.38,0.00,259.96,54.80,94.58,233.89,1803.30,3546.40,2.68,148.19,125.80,604.04,2.95,957.34,60.29,504.52
2026-04-04T19:30:00Z,61.53,2038.73,169.50,1137.92,45.71,2190.58,164.97,477.06,68.80,1984.61,171.51,1045.73,27.30,2523.03,157.39,0.00,264.17,53.17,95.96,237.00,1816.00,3554.75,2.54,150.12,126.23,611.22,2.97,960.93,59.68,504.77
2026-04-04T19:40:00Z,61.47,2041.12,169.66,1127.98,46.05,2178.77,165.45,494.54,69.94,1967.21,171.51,1066.25,27.19,2534.47,157.23,0.00,262.78,51.88,96.10,231.58,1810.63,3551.27,2.65,151.73,126.36,609.92,2.83,961.85,59.33,511.75
2026-04-04T19:50:00Z,61.27,2037.46,168.59,1113.39,46.14,2174.32,165.61,501.43,69.69,1959.54,171.37,1064.85,27.17,2524.92,157.70,0.00,261.41,53.35,96.15,235.14,1811.33,3545.49,2.66,148.58,128.00,608.12,2.93,951.83,58.33,508.02
2026-04-04T20:00:00Z,61.14,2045.31,169.01,1109.49,45.89,2180.89,164.69,499.78,69.03,1972.10,170.45,1036.83,27.07,2523.82,157.84,0.00,259.74,54.54,95.29,234.28,1811.51,3549.61,2.67,148.82,125.21,607.94,2.92,957.24,60.12,502.69
2026-04-04T20:10:00Z,60.87,2043.70,168.78,1121.03,46.49,2173.92,165.45,493.34,69.28,1966.51,170.82,1043.65,26.97,2532.93,157.41,0.00,262.89,54.97,95.47,233.00,1795.23,3538.18,2.61,148.63,125.53,607.64,3.00,945.51,59.93,514.45
2026-04-04T20:20:00Z,60.99,2046.13,169.29,1105.43,46.05,2179.18,166.06,495.52,69.50,1966.74,171.64,1052.14,26.80,2523.31,157.96,0.00,261.57,53.27,95.64,235.23,1813.55,3544.94,2.37,148.44,127.38,602.84,2.76,956.23,59.67,497.76
2026-04-04T20:30:00Z,60.78,2048.50,169.29,1110.59,46.04,2177.59,165.82,502.71,69.44,1961.30,171.80,1060.96,26.98,2516.29,157.37,0.00,259.59,52.91,95.85,236.25,1806.58,3543.80,2.40,150.46,121.98,603.75,2.68,953.95,61.32,492.62
2026-04-04T20:40:00Z,60.78,2056.11,169.82,1115.85,46.24,2173.23,165.45,495.76,69.53,1963.03,171.29,1058.31,26.83,2514.72,156.52,0.00,261.90,53.08,95.04,236.71,1807.29,3553.48,2.62,152.28,124.33,601.47,3.02,951.29,62.47,503.82
2026-04-04T20:50:00Z,60.67,2056.83,170.35,1110.59,46.07,2174.66,165.79,499.89,69.57,1959.44,171.85,1056.76,27.04,2519.76,156.66,0.00,266.62,50.35,95.49,240.95,1811.43,3548.30,2.15,150.49,126.96,602.05,3.06,951.02,61.71,509.97
2026-04-04T21:00:00Z,60.71,2053.71,170.54,1110.69,46.02,2168.21,165.58,494.41,69.05,1961.00,171.83,1067.38,27.21,2515.31,156.73,0.00,260.34,53.57,96.01,236.66,1809.28,3557.77,2.29,151.04,125.14,602.39,2.70,953.14,61.55,494.17
2026-04-04T21:10:00Z,60.24,2064.43,170.09,1096.52,45.87,2175.89,165.35,498.15,69.37,1966.18,172.39,1058.69,27.00,2524.87,156.70,0.00,264.70,55.12,95.33,238.01,1813.75,3547.02,2.56,149.79,127.16,611.45,3.14,964.59,61.87,518.38
2026-04-04T21:20:00Z,60.40,2058.00,169.25,1091.56,45.85,2181.23,164.99,477.02,69.52,1969.68,172.23,1059.88,26.74,2533.06,156.90,0.00,260.76,55.57,95.45,235.19,1805.56,3551.99,2.55,148.81,125.72,603.71,3.01,951.99,60.46,489.99
2026-04-04T21:30:00Z,60.26,2058.43,168.99,1095.89,46.25,2188.53,165.05,485.33,69.86,1953.56,171.36,1057.10,26.31,2547.06,156.96,0.00,259.50,53.44,95.93,231.96,1804.26,3556.68,2.62,151.16,124.46,604.68,2.82,950.97,59.94,506.13
2026-04-04T21:40:00Z,60.04,2078.00,168.64,1080.16,46.08,2177.91,164.45,486.12,69.77,1964.54,171.29,1055.18,26.18,2548.86,157.62,0.00,260.20,53.07,95.82,232.33,1803.03,3559.37,2.35,150.41,123.93,603.60,2.76,953.84,59.36,500.11
2026-04-04T21:50:00Z,60.20,2077.22,168.77,1087.54,46.19,2173.09,164.71,485.95,69.60,1959.67,172.02,1058.74,25.52,2565.69,157.26,0.00,252.94,51.28,95.13,229.07,1812.75,3554.93,2.65,149.98,121.96,601.13,2.84,955.18,59.99,506.75
2026-04-04T22:00:00Z,59.98,2077.53,169.44,1078.71,46.17,2168.73,165.08,483.00,69.61,1954.45,171.94,1065.80,25.92,2558.13,157.84,0.00,257.57,52.06,95.00,230.08,1801.95,3553.03,2.35,150.94,123.52,605.69,2.91,955.29,59.93,498.22
2026-04-04T22:10:00Z,59.76,2082.48,168.18,1084.59,46.18,2167.93,165.72,488.64,69.64,1955.39,172.26,1073.98,25.56,2555.26,157.21,0.00,259.33,54.39,95.87,232.20,1807.86,3542.73,2.53,149.04,124.45,609.57,3.03,961.58,60.07,514.08
2026-04-04T22:20:00Z,59.62,2073.69,168.16,1064.08,45.96,2170.93,165.87,494.28,69.40,1958.41,173.27,1071.46,25.68,2564.34,156.88,0.00,257.34,54.04,96.68,230.38,1804.06,3544.25,2.45,149.56,125.31,612.50,2.76,952.00,60.12,510.35
2026-04-04T22:30:00Z,59.54,2083.86,168.54,1061.93,46.16,2168.38,165.82,487.90,69.29,1964.33,172.02,1056.23,25.37,2559.82,157.15,0.00,254.36,51.26,96.35,229.11,1799.69,3546.33,2.46,149.96,120.73,599.21,3.15,951.35,59.56,506.56
2026-04-04T22:40:00Z,59.50,2080.86,167.94,1048.82,46.19,2181.33,166.00,485.93,69.18,1975.18,171.90,1045.84,25.18,2574.74,157.70,0.00,255.15,49.63,96.07,232.92,1811.04,3548.21,2.56,149.09,119.87,599.39,2.74,956.84,59.19,504.44
2026-04-04T22:50:00Z,59.63,2079.23,167.80,1048.20,46.11,2174.22,166.06,494.86,69.10,1967.49,171.64,1046.19,25.19,2569.13,157.59,0.00,259.51,50.68,95.66,234.36,1811.83,3552.24,2.43,150.16,124.19,597.59,2.81,955.54,58.94,498.97
2026-04-04T23:00:00Z,60.13,2074.66,168.05,1064.31,45.91,2167.99,166.05,498.16,68.68,1973.58,171.00,1054.26,25.25,2570.32,157.63,0.00,261.28,52.79,95.63,234.66,1808.05,3546.26,2.45,149.14,128.18,617.27,3.21,954.93,59.89,514.04
2026-04-04T23:10:00Z,60.12,2082.95,168.03,1066.06,45.96,2174.53,166.05,497.40,68.77,1982.30,170.99,1045.31,25.12,2565.28,157.60,0.00,260.94,54.12,95.57,233.00,1815.18,3546.78,2.49,149.42,124.88,605.20,2.73,956.46,59.05,510.72
2026-04-04T23:20:00Z,60.01,2077.32,168.74,1070.26,46.07,2168.67,166.48,495.78,68.93,1984.76,171.04,1037.58,25.17,2563.75,157.44,0.00,259.63,53.15,95.21,232.11,1805.70,3553.51,2.63,151.32,124.41,602.26,3.38,950.90,58.13,504.03
2026-04-04T23:30:00Z,60.17,2075.17,168.91,1075.05,45.95,2167.33,165.91,505.40,68.98,1979.12,171.02,1034.54,25.47,2567.06,157.24,0.00,257.61,52.95,95.32,226.22,1795.69,3552.97,2.41,149.75,123.96,602.76,3.00,951.55,57.83,505.38
2026-04-04T23:40:00Z,60.51,2065.20,169.00,1083.37,45.69,2180.20,165.39,488.55,69.13,1978.12,171.34,1032.99,25.59,2564.39,156.63,0.00,259.80,52.95,95.51,233.97,1802.98,3552.11,2.49,150.68,124.13,609.65,2.87,949.52,59.41,508.54
2026-04-04T23:50:00Z,60.46,2056.40,168.70,1098.46,45.35,2190.19,164.92,472.55,69.20,1974.04,171.32,1050.78,25.72,2560.95,157.78,0.00,262.27,52.32,95.00,235.12,1807.23,3546.85,2.43,150.20,128.13,612.35,2.86,956.93,58.72,513.54
2026-04-05T00:00:00Z,60.38,2060.21,168.12,1101.46,45.86,2189.08,164.87,473.37,69.24,1964.84,171.76,1042.74,25.92,2558.19,158.40,0.00,257.98,54.71,95.18,227.96,1800.35,3548.95,2.50,150.01,124.69,608.47,3.04,948.87,59.94,509.33
2026-04-05T00:10:00Z,60.67,2051.36,168.93,1097.41,45.89,2178.37,165.52,474.25,68.92,1972.04,171.85,1034.78,25.59,2558.83,157.76,0.00,258.49,53.79,95.53,231.75,1805.77,3565.45,2.89,149.55,124.43,602.97,2.95,956.52,61.48,514.33
2026-04-05T00:20:00Z,60.43,2067.51,168.63,1107.69,45.29,2193.11,165.60,471.24,69.03,1975.95,171.36,1035.58,25.66,2551.68,158.05,0.00,261.26,53.30,96.83,232.50,1811.85,3538.42,2.34,150.58,128.01,611.25,2.93,955.14,61.44,514.17
2026-04-05T00:30:00Z,60.83,2059.58,168.35,1107.40,45.25,2191.01,165.50,469.23,68.85,1977.32,170.58,1020.59,25.65,2548.23,157.97,0.00,263.16,53.71,96.80,235.55,1808.47,3544.44,2.76,149.17,126.03,610.65,3.51,955.47,60.00,514.54
2026-04-05T00:40:00Z,60.91,2054.27,168.47,1111.73,45.69,2181.96,165.31,466.40,68.49,1977.88,170.86,1027.32,25.60,2551.47,157.92,0.00,263.74,54.34,95.58,238.77,1810.73,3553.40,2.49,150.96,125.76,610.53,2.86,954.00,59.82,513.88
2026-04-05T00:50:00Z,60.95,2051.41,168.65,1117.29,46.08,2186.13,165.52,470.43,68.57,1979.70,170.37,1026.24,25.26,2560.87,157.39,0.00,259.77,53.08,95.82,233.21,1813.81,3557.60,2.39,149.61,123.03,605.44,3.23,953.82,58.84,498.38
2026-04-05T01:00:00Z,61.40,2043.22,168.64,1118.14,46.35,2177.26,165.85,474.17,68.73,1980.13,171.19,1032.51,25.54,2567.67,157.22,0.00,261.42,51.13,95.67,238.64,1815.37,3549.41,2.61,148.36,123.56,602.33,3.25,958.82,59.59,
2026-04-05T01:10:00Z,61.16,2034.46,169.02,1130.46,46.16,2174.70,166.07,483.53,68.89,1987.31,171.38,1032.31,25.24,2565.45,156.88,0.00,259.70,54.70,95.27,234.20,1815.33,3549.21,2.40,149.45,125.46,605.56,2.67,954.10,61.26,503.90
2026-04-05T01:20:00Z,61.59,2033.07,168.72,1150.31,45.69,2171.63,165.62,480.05,68.61,1984.79,171.44,1035.31,25.19,2569.88,157.04,0.00,265.90,53.07,95.11,237.69,1802.40,3561.85,2.35,152.06,126.85,608.31,3.12,948.22,62.26,511.64
2026-04-05T01:30:00Z,61.28,2030.03,169.60,1129.65,45.63,2173.55,165.92,473.80,68.28,1983.11,171.15,1027.65,25.05,2570.59,157.94,0.00,262.41,54.01,95.14,235.58,1812.31,3551.92,2.56,152.47,125.69,605.35,3.25,955.57,62.21,505.67
2026-04-05T01:40:00Z,61.26,2028.55,169.66,1143.45,45.78,2174.74,166.19,474.22,68.08,1996.57,170.75,999.47,25.12,2565.68,157.33,0.00,259.99,55.56,95.47,234.38,1806.33,3546.22,2.59,148.24,124.52,603.39,2.87,950.37,59.73,505.36
2026-04-05T01:50:00Z,61.40,2035.40,169.97,1153.57,45.71,2169.78,165.54,493.32,68.53,1989.45,170.62,1007.68,24.70,2577.08,156.74,0.00,260.57,54.38,95.93,234.36,1807.34,3537.10,2.65,148.35,125.24,602.02,2.99,956.45,60.85,508.28
2026-04-05T02:00:00Z,61.67,2038.70,169.88,1145.92,45.98,2178.32,165.74,483.02,67.91,1981.77,171.14,1016.19,24.63,2577.13,156.31,0.00,261.95,53.43,95.23,232.49,1810.92,3548.91,2.45,148.29,124.56,604.22,3.17,954.67,61.46,505.95
2026-04-05T02:10:00Z,61.34,2039.09,170.36,1141.91,45.90,2177.44,165.22,485.44,68.23,1993.73,170.64,1008.64,24.75,2568.98,156.50,0.00,250.49,54.33,95.38,221.82,1798.37,3553.50,2.50,150.14,116.91,595.62,3.01,948.12,60.38,507.68
2026-04-05T02:20:00Z,61.58,2037.25,169.88,1143.62,45.31,2183.60,165.31,473.77,68.10,1997.09,170.55,1010.84,25.11,2559.21,156.70,0.00,252.83,53.30,96.32,225.45,1803.64,3559.20,2.17,148.79,122.30,,2.89,955.50,59.66,493.02
2026-04-05T02:30:00Z,61.39,2039.39,169.79,1145.01,45.08,2191.20,165.33,456.92,68.03,1996.48,171.30,1018.44,24.89,2574.16,157.89,0.00,256.73,53.54,96.46,226.79,1794.65,3552.04,2.65,150.09,124.33,603.12,2.79,945.99,58.88,509.66
2026-04-05T02:40:00Z,61.19,2036.27,170.21,1140.74,45.13,2212.41,165.76,470.63,68.23,2003.05,170.63,1016.45,24.57,2575.19,157.42,0.00,258.86,51.98,95.15,232.08,1807.86,3547.65,2.39,151.29,126.23,610.84,2.84,947.31,60.36,510.78
2026-04-05T02:50:00Z,60.97,2033.25,170.60,1139.34,45.11,2202.18,165.47,467.49,68.30,1985.53,170.64,1023.76,24.70,2573.25,157.22,0.00,258.37,55.28,94.68,230.13,1805.93,3561.32,2.53,149.93,125.26,610.70,3.04,952.70,59.42,500.22
2026-04-05T03:00:00Z,60.99,2037.16,170.37,1143.08,45.27,2192.33,165.47,463.12,68.05,1982.06,170.91,1025.06,24.63,2584.09,157.08,0.00,259.04,57.62,95.00,231.11,1810.03,3550.64,2.42,151.17,124.94,606.93,2.84,949.96,59.70,506.92
2026-04-05T03:10:00Z,61.06,2054.09,170.29,1127.14,45.43,2196.26,165.50,469.38,68.35,1990.44,170.88,1016.00,24.72,2575.55,157.26,0.00,255.33,54.24,95.05,231.91,1803.19,3553.97,2.31,151.37,123.27,596.31,2.77,948.85,59.41,489.87
2026-04-05T03:20:00Z,60.98,2059.28,169.99,1120.09,45.50,2191.69,166.32,483.64,68.34,1983.96,170.82,1012.36,24.94,2580.70,157.43,0.00,251.60,55.44,94.85,227.26,1801.18,3551.23,2.86,150.53,120.52,600.89,3.09,945.38,60.34,498.16
2026-04-05T03:30:00Z,60.94,2057.42,169.30,1119.43,45.49,2194.46,165.92,474.48,68.29,1984.12,171.38,1028.38,24.82,2585.54,157.52,0.00,253.97,53.10,95.62,226.77,1797.81,3547.86,2.71,152.18,122.61,606.36,3.08,946.62,59.71,499.98
2026-04-05T03:40:00Z,61.14,2049.49,169.60,1119.90,45.84,2184.96,166.20,465.03,68.23,1991.39,170.75,1013.16,25.00,2593.39,157.67,0.00,256.95,54.12,95.76,234.06,1814.03,3561.36,2.56,149.51,121.77,594.01,3.11,956.00,60.22,497.55
2026-04-05T03:50:00Z,61.27,2046.07,168.84,1118.45,45.79,2187.56,166.32,472.32,68.16,1993.77,171.51,1013.85,24.96,2580.59,157.84,0.00,258.74,53.38,94.93,231.53,1804.35,3548.68,2.44,150.02,125.25,608.79,2.99,951.48,60.61,517.09
2026-04-05T04:00:00Z,61.32,2050.61,169.38,1124.69,45.37,2187.94,166.26,482.00,67.75,1999.47,170.69,1000.57,25.20,2565.76,157.32,0.00,257.58,52.98,95.55,230.17,1803.78,3549.33,2.45,150.16,125.81,612.70,2.97,945.90,60.29,516.09
2026-04-05T04:10:00Z,61.33,2049.40,169.67,1119.89,45.49,2186.16,166.27,459.29,68.06,1993.35,170.96,1024.82,25.51,2555.88,157.48,0.00,265.68,51.89,96.28,239.66,1811.99,3559.39,2.36,149.79,127.76,611.46,2.83,954.54,61.32,519.54
2026-04-05T04:20:00Z,61.57,2044.79,169.07,1136.19,45.68,2186.35,165.85,466.81,68.37,1987.70,170.74,1022.66,25.31,2560.84,157.21,0.00,254.97,52.14,96.20,231.30,1800.51,3550.69,2.49,148.72,123.28,596.62,3.08,953.12,58.65,496.74
2026-04-05T04:30:00Z,61.72,2039.65,168.25,1147.42,45.43,2186.04,165.83,465.79,68.50,1986.37,170.39,1011.65,25.37,2567.40,157.34,0.00,256.05,52.81,95.75,229.43,1803.80,3545.26,2.48,151.31,122.62,597.55,3.35,948.54,59.04,498.44
2026-04-05T04:40:00Z,61.90,2037.09,169.60,1144.16,44.93,2194.01,164.96,454.13,68.84,1979.15,170.96,1013.04,25.28,2570.98,157.64,0.00,259.65,54.50,96.46,231.32,1811.49,3544.30,2.59,150.10,125.81,612.41,2.80,961.81,59.72,513.29
2026-04-05T04:50:00Z,62.20,2022.46,169.38,1160.08,44.73,2205.98,164.79,,69.17,1978.69,171.44,1026.93,25.60,2564.05,157.62,0.00,261.51,54.26,96.80,236.35,1802.87,3554.11,2.51,152.72,124.43,599.90,3.00,947.36,61.49,502.01
2026-04-05T05:00:00Z,62.53,2020.82,169.69,1154.01,44.87,2203.64,164.79,444.37,69.42,1960.46,171.51,1036.63,25.71,2561.08,157.97,0.00,264.15,54.76,96.22,236.34,1804.27,3544.39,2.87,147.94,128.37,614.26,3.03,955.50,60.70,510.76
2026-04-05T05:10:00Z,62.01,2033.00,169.60,1164.43,45.03,2202.92,164.74,443.31,69.34,1971.51,171.05,1036.67,26.00,2560.83,158.04,0.00,267.31,54.66,95.81,238.63,1820.62,3533.09,2.40,149.95,126.64,615.80,3.05,964.08,60.28,514.90
2026-04-05T05:20:00Z,61.69,2032.71,169.04,1144.52,44.81,2198.28,165.02,440.74,69.40,1974.10,170.45,1046.96,25.71,2557.67,157.78,0.00,263.95,53.13,94.76,233.22,1802.39,3540.33,2.49,149.07,128.59,609.74,3.06,951.64,59.77,506.26
2026-04-05T05:30:00Z,62.01,2028.99,169.52,1151.45,44.81,2204.68,165.54,451.15,69.44,1970.23,171.60,1041.69,25.89,2550.65,157.73,0.00,265.60,57.08,95.21,240.18,1815.06,3554.24,2.54,151.61,128.16,601.66,2.87,953.14,62.19,506.70
2026-04-05T05:40:00Z,62.14,2015.04,169.83,1168.63,44.75,2202.98,165.44,440.14,69.52,1969.64,171.32,1043.27,26.42,2549.54,157.89,0.00,260.23,55.54,95.43,234.63,1806.64,3569.75,2.62,151.66,123.14,613.21,2.90,958.61,62.02,511.41
2026-04-05T05:50:00Z,62.29,2006.33,170.81,1180.96,44.78,2203.67,164.48,435.77,69.52,1962.90,171.88,1040.23,26.68,2546.96,157.87,0.00,258.28,55.77,94.97,233.30,1804.22,3542.23,2.41,147.66,122.44,608.42,2.85,949.24,62.03,512.45
2026-04-05T06:00:00Z,62.19,2016.36,170.16,1168.97,44.69,2208.68,164.62,444.56,69.18,1955.35,171.47,1049.90,26.44,2536.36,157.32,0.00,258.45,55.27,94.95,231.62,1805.20,3547.16,2.18,150.12,123.31,602.68,2.94,943.01,60.00,508.94
2026-04-05T06:10:00Z,61.65,2025.96,169.94,1152.40,44.53,2209.67,164.52,446.87,69.34,1961.82,172.24,1053.85,26.22,2534.80,157.16,0.00,258.81,55.34,94.89,234.51,1814.01,3542.44,2.53,150.18,122.98,607.79,3.06,962.01,60.31,510.82
2026-04-05T06:20:00Z,61.70,2036.56,169.57,1146.83,44.69,2216.49,164.44,442.96,69.01,1969.51,171.67,1042.97,26.31,2536.04,157.70,0.00,258.30,54.94,95.55,228.34,1817.09,3560.55,2.58,150.49,125.58,595.29,2.94,958.88,60.30,494.91
2026-04-05T06:30:00Z,61.47,2031.85,169.75,1141.39,44.63,2206.14,164.84,436.83,68.96,1973.44,171.67,1054.02,26.45,2533.77,157.58,0.00,260.52,54.96,95.49,234.21,1803.68,3544.45,2.39,148.03,124.71,614.77,3.58,954.61,60.04,513.61
2026-04-05T06:40:00Z,61.76,2032.07,170.24,1152.58,44.59,2213.03,165.01,432.28,69.44,1971.10,171.52,1057.60,26.16,2539.85,157.83,0.00,260.23,55.93,93.84,232.73,1807.06,3558.87,2.64,150.80,123.51,598.15,2.93,957.39,59.98,500.01
2026-04-05T06:50:00Z,61.83,2036.63,170.08,1140.77,44.47,2213.21,164.83,418.73,69.22,1971.43,171.38,1049.64,25.90,2544.96,157.84,0.00,261.64,55.00,94.51,236.74,1811.13,3552.79,2.48,151.11,126.49,609.85,3.31,951.17,60.01,510.12
2026-04-05T07:00:00Z,61.68,2042.47,169.40,1134.02,44.18,2208.48,163.77,409.76,69.40,1967.30,171.46,1049.64,25.88,2546.77,157.88,0.00,262.14,53.65,95.18,231.33,1813.75,3555.26,2.48,149.60,125.14,612.17,2.93,956.42,58.97,505.62
2026-04-05T07:10:00Z,61.56,2039.76,169.49,1129.74,44.08,2215.15,163.70,415.14,69.55,1955.32,171.96,1060.23,25.46,2549.88,157.76,0.00,262.56,51.79,95.75,235.28,1805.84,3541.99,2.58,151.37,124.91,607.94,2.83,957.71,60.29,510.24
2026-04-05T07:20:00Z,61.48,2040.21,169.73,1119.94,44.15,2224.57,163.77,411.18,69.71,1960.68,172.29,1047.31,25.56,2553.81,157.42,0.00,257.39,53.98,96.18,232.87,1800.05,3558.27,2.70,150.93,124.01,605.86,2.80,952.35,60.51,509.58
2026-04-05T07:30:00Z,61.24,2047.56,169.15,1126.19,44.28,2217.34,164.45,415.02,69.50,1970.45,172.25,1063.12,25.87,2557.97,157.47,0.00,255.20,56.64,97.18,230.96,1817.58,3550.83,2.51,151.78,121.85,605.78,2.85,961.42,62.55,514.59
2026-04-05T07:40:00Z,61.10,2054.14,168.91,1108.92,44.64,2211.45,164.17,409.49,69.58,1964.78,172.01,1056.70,25.35,2568.41,157.01,0.00,256.18,54.41,96.38,226.68,1804.50,3557.23,2.40,150.68,122.18,605.20,3.18,944.10,61.28,508.70
2026-04-05T07:50:00Z,60.74,2060.22,169.21,1116.65,44.69,2211.72,164.18,418.58,69.45,1956.21,171.71,1061.19,25.28,2559.15,156.71,0.00,256.95,53.90,95.89,233.92,1810.65,3549.44,2.53,149.78,121.60,607.48,3.11,961.38,60.43,504.57
2026-04-05T08:00:00Z,60.93,2048.06,169.55,1121.91,44.74,2222.76,164.20,409.63,69.08,1965.63,171.81,1061.12,25.05,2571.13,156.82,0.00,254.96,52.31,95.68,226.37,1813.35,3541.47,2.46,150.85,121.43,603.85,2.86,953.70,62.39,498.92
2026-04-05T08:10:00Z,61.32,2043.09,168.82,1119.23,44.74,2211.97,164.61,418.25,68.90,1971.29,171.71,1044.86,25.36,2577.89,156.95,0.00,256.52,52.93,96.37,234.74,1800.13,3542.17,2.73,150.39,121.88,605.61,3.04,945.39,60.19,508.25
2026-04-05T08:20:00Z,61.30,2044.55,169.12,1129.66,44.77,2210.25,165.03,432.22,68.64,1973.81,171.71,1021.01,25.44,2575.61,156.94,0.00,258.15,53.84,96.63,233.13,1813.24,3557.92,2.49,149.80,125.19,613.22,2.82,960.42,61.76,507.43
2026-04-05T08:30:00Z,61.28,2042.34,169.27,1124.28,44.79,2208.69,164.27,428.99,68.82,1978.46,171.92,1029.83,25.67,2564.21,,0.00,256.41,53.23,95.72,231.71,1809.86,3553.81,2.29,150.97,122.90,606.20,3.08,949.55,59.79,507.24
2026-04-05T08:40:00Z,61.19,2051.67,168.92,1112.43,45.26,2196.46,164.27,442.91,68.72,1988.02,171.31,1020.91,26.01,2551.20,157.47,0.00,249.87,53.70,95.19,224.98,1799.10,3543.33,2.68,147.47,118.67,595.96,2.88,951.79,58.92,501.61
2026-04-05T08:50:00Z,61.34,2046.33,169.47,1134.67,45.53,2191.49,164.40,467.99,68.14,1999.95,171.66,1009.89,25.93,2553.38,157.37,0.00,251.22,52.56,94.91,229.70,1816.87,3549.56,2.37,152.51,121.50,603.94,3.05,953.91,58.51,517.69
2026-04-05T09:00:00Z,61.35,2037.84,169.47,1139.20,45.44,2194.80,164.66,458.53,68.53,1992.31,170.71,1001.40,25.70,2558.62,158.13,0.00,253.42,53.60,95.37,227.75,1802.28,3540.63,2.61,150.87,120.26,596.73,2.93,950.13,58.70,492.98
2026-04-05T09:10:00Z,61.33,2044.11,169.67,1144.45,45.67,2182.94,164.80,480.63,68.47,1998.01,170.86,994.13,26.02,2553.88,157.61,0.00,256.99,55.39,96.41,230.06,1806.66,3548.08,2.74,149.84,123.17,602.65,3.13,954.26,60.92,501.10
2026-04-05T09:20:00Z,61.48,2043.22,170.01,1140.74,45.81,2192.19,164.54,468.16,68.78,1981.67,170.25,1016.31,25.68,2564.28,158.03,0.00,258.46,54.53,95.20,229.32,1810.92,3554.12,2.55,148.50,124.18,608.43,3.02,958.11,60.34,504.02
2026-04-05T09:30:00Z,61.53,2034.55,170.11,1142.69,45.82,2178.97,165.39,487.30,68.86,1980.20,170.71,1036.69,25.76,2552.27,157.80,0.00,255.03,55.46,95.18,230.34,1806.47,3545.75,2.60,150.38,123.77,600.07,2.43,956.11,59.94,492.99
2026-04-05T09:40:00Z,61.62,2041.30,169.88,1132.52,46.14,2173.40,165.63,509.67,68.88,1992.56,170.41,1040.95,25.84,2554.59,158.23,0.00,259.72,53.55,96.10,232.35,1805.22,3552.95,2.60,151.71,125.35,610.47,2.49,951.02,61.41,507.13
2026-04-05T09:50:00Z,61.85,2041.61,169.21,1121.88,45.97,2179.84,166.44,512.63,69.32,1978.43,170.98,1041.47,25.95,2543.10,157.61,0.00,260.69,53.43,95.54,232.93,1800.75,3569.41,2.41,150.88,125.28,613.83,2.97,954.74,59.60,506.88
2026-04-05T10:00:00Z,62.19,2023.85,169.44,1136.77,46.20,2169.42,166.36,511.08,69.12,1982.16,171.45,1038.88,25.96,2559.04,156.76,0.00,263.71,53.42,96.03,237.69,1821.63,3552.82,2.38,151.67,128.84,616.11,3.38,960.24,60.91,509.14
2026-04-05T10:10:00Z,62.20,2027.03,169.66,1142.08,46.15,2165.57,166.31,506.60,68.80,1981.91,170.99,1031.68,25.62,2557.90,157.35,0.00,262.37,54.64,96.29,235.95,1811.40,3550.71,2.44,149.37,125.75,603.64,3.22,961.70,60.59,504.14
2026-04-05T10:20:00Z,61.80,2032.65,170.27,1148.30,46.57,2171.32,167.00,508.75,68.51,1981.35,171.32,1034.15,25.52,2557.77,157.02,0.00,262.35,53.66,96.53,238.41,1800.82,3542.14,2.53,148.30,126.16,601.17,2.89,958.43,60.69,494.96
2026-04-05T10:30:00Z,61.73,2034.48,169.95,1160.39,46.30,2163.15,166.90,511.04,68.48,1980.86,171.78,1037.20,25.92,2554.11,157.04,0.00,264.81,52.70,96.85,238.84,1812.56,3554.84,2.35,149.32,128.96,608.47,3.24,955.62,60.43,507.18
2026-04-05T10:40:00Z,61.63,2041.61,169.59,1167.71,46.56,2156.73,166.47,499.91,68.61,1984.46,171.04,1037.00,26.23,2550.36,156.61,0.00,258.99,54.40,96.91,233.51,1801.96,3562.33,2.84,150.19,126.17,608.74,2.68,948.65,60.49,514.57
2026-04-05T10:50:00Z,61.71,2037.72,169.33,1153.48,46.61,2168.15,165.95,511.29,68.57,1981.72,171.65,1046.40,26.10,2548.78,157.08,0.00,260.69,54.62,96.23,237.78,1817.02,3539.05,2.49,149.31,126.09,609.95,3.13,953.27,60.18,508.82
2026-04-05T11:00:00Z,61.87,2035.17,169.24,1137.84,46.32,2165.16,165.70,499.70,68.48,1968.92,171.55,1035.64,26.15,2549.98,157.98,0.00,264.39,53.14,96.02,239.60,1811.10,3568.37,2.48,151.58,129.68,612.78,2.89,952.64,59.95,502.96
2026-04-05T11:10:00Z,61.64,2036.40,169.18,1127.43,46.49,2159.32,165.72,501.37,68.10,1995.00,171.29,1026.30,26.17,2541.33,158.10,0.00,257.49,53.91,95.89,233.86,1809.52,3553.00,2.47,152.16,123.36,604.46,2.92,956.77,60.00,503.06
2026-04-05T11:20:00Z,61.97,2036.24,169.48,1124.22,46.43,2161.25,164.79,500.04,68.21,1992.09,171.22,1034.42,26.12,2539.92,158.32,0.00,259.92,53.06,95.90,233.11,1809.09,3545.18,2.73,148.45,126.27,607.65,2.95,956.61,59.97,505.61
2026-04-05T11:30:00Z,61.81,2034.75,169.98,1123.93,46.26,2167.08,165.49,493.21,68.19,1993.92,171.35,1017.84,25.86,2552.90,158.50,0.00,263.02,52.56,95.80,233.00,1809.60,3556.83,2.59,148.10,126.07,608.76,2.78,952.78,60.65,503.21
2026-04-05T11:40:00Z,61.81,2027.30,169.30,1141.20,46.34,2170.23,165.89,499.45,67.97,1999.19,171.72,1018.94,26.00,2564.11,157.91,0.00,259.74,52.88,95.85,234.51,1814.30,3543.49,2.60,148.88,124.54,600.17,2.68,951.72,61.12,503.27
2026-04-05T11:50:00Z,61.61,2024.78,169.20,1136.92,46.29,2176.72,166.00,503.78,67.93,1997.70,171.11,1012.13,25.69,2560.83,157.63,0.00,259.75,52.77,95.56,236.13,1802.08,3542.02,2.41,149.67,124.43,613.04,3.17,944.80,60.97,503.68
2026-04-05T12:00:00Z,62.09,2019.19,169.57,1148.58,46.38,2163.26,165.96,490.72,67.58,2007.06,170.81,1003.35,25.05,2574.04,157.52,0.00,257.76,53.80,95.28,228.56,1801.06,3549.75,2.57,150.99,122.51,595.85,3.08,950.61,61.36,495.31
2026-04-05T12:10:00Z,62.03,2016.81,169.89,1168.68,46.22,2161.84,166.13,492.66,67.45,2011.35,170.32,997.24,25.05,2575.55,157.24,0.00,254.58,53.63,95.39,229.57,1799.12,3536.48,2.48,149.32,121.50,597.73,,949.29,61.33,495.38
2026-04-05T12:20:00Z,61.37,2026.01,170.18,1159.07,46.16,2171.30,165.76,488.06,67.58,2013.90,171.00,997.39,24.64,2578.61,156.57,0.00,255.13,53.90,96.19,229.64,1811.08,3548.78,2.26,151.95,121.38,599.20,2.87,949.50,61.84,498.55
2026-04-05T12:30:00Z,61.68,2021.99,170.33,1150.83,46.15,2174.72,166.38,487.09,67.82,2005.73,171.09,1002.58,24.66,2583.83,157.12,0.00,259.83,54.84,95.83,233.81,1805.15,3557.53,2.40,150.72,123.50,602.47,2.96,954.31,62.45,506.95
2026-04-05T12:40:00Z,61.54,2026.39,171.47,1150.82,46.04,2172.95,165.89,480.25,67.74,2005.40,170.60,993.71,24.71,2587.19,157.90,0.00,255.23,54.07,96.21,229.13,1799.05,3555.08,2.58,150.28,122.33,602.60,2.95,952.47,60.82,503.06
2026-04-05T12:50:00Z,61.58,2040.96,171.14,1151.96,45.58,2175.43,165.19,484.34,67.85,2001.67,170.87,997.18,24.52,2597.59,157.73,0.00,257.09,51.45,,228.72,1803.83,3557.21,2.62,150.86,120.88,600.34,3.29,953.65,60.50,491.99
2026-04-05T13:00:00Z,61.56,2030.95,170.32,1134.93,45.52,2188.01,165.47,484.45,67.71,2005.95,170.43,994.55,24.52,2600.29,157.47,0.00,259.57,53.32,95.98,232.31,1808.13,3560.52,2.35,150.47,125.11,606.46,3.20,960.85,60.98,499.69
2026-04-05T13:10:00Z,61.67,2025.21,170.31,1149.98,45.85,2193.88,165.13,479.17,67.87,1996.64,170.65,1002.54,25.00,2584.88,158.31,0.00,260.21,54.26,95.64,233.03,1808.01,3554.72,2.34,149.08,125.39,605.41,2.77,951.63,60.70,499.92
2026-04-05T13:20:00Z,61.51,2037.25,169.96,1151.53,46.14,2181.99,164.44,466.29,67.99,1999.52,170.95,1000.07,25.06,2580.35,158.79,0.00,256.53,53.40,95.71,232.24,1811.80,3561.84,2.56,150.52,122.36,606.39,3.13,955.02,61.74,507.21
2026-04-05T13:30:00Z,61.66,2035.00,170.43,1135.45,46.12,2179.54,165.30,478.83,67.60,2002.27,170.55,994.52,25.15,2576.45,158.56,0.00,257.13,53.27,95.36,233.57,1810.37,3546.66,2.74,148.31,125.02,609.38,2.76,957.32,61.39,503.14
2026-04-05T13:40:00Z,61.50,2036.86,169.68,1138.69,45.80,2172.42,165.41,470.33,68.12,2000.25,170.96,1007.47,25.27,2561.87,157.90,0.00,255.03,53.46,95.61,234.48,1808.14,3545.08,2.64,151.12,122.46,604.27,3.08,948.84,61.44,500.65
2026-04-05T13:50:00Z,61.88,2034.47,169.75,1135.91,46.16,2167.38,165.31,467.57,68.50,1994.91,170.93,1019.10,25.06,2581.02,157.43,0.00,262.55,52.73,95.60,233.04,1810.76,3554.88,2.63,151.55,122.97,602.54,2.74,951.74,59.28,507.47
2026-04-05T14:00:00Z,62.03,2018.54,169.79,1154.66,46.21,2160.40,165.78,481.84,68.28,1989.50,171.12,1015.47,24.91,2575.05,156.96,0.00,266.16,52.54,95.61,241.00,1829.16,3555.89,2.65,149.41,127.62,602.63,3.06,968.34,58.70,500.06
2026-04-05T14:10:00Z,61.86,2022.84,169.78,1147.33,46.25,2174.16,165.25,492.55,68.00,2004.88,170.67,1013.36,24.95,2566.81,157.23,0.00,258.96,52.65,95.29,231.66,1806.40,3545.79,2.57,150.67,124.49,607.29,3.09,954.42,58.58,509.15
2026-04-05T14:20:00Z,61.67,2033.46,170.39,1143.34,46.21,2170.43,165.60,490.96,68.14,1994.98,171.05,1004.76,24.98,2571.66,157.09,0.00,260.94,52.14,96.17,235.47,1802.83,3545.95,2.35,149.90,123.06,603.34,2.74,953.57,58.04,518.05
2026-04-05T14:30:00Z,61.48,2031.35,170.69,1124.29,46.27,2177.75,165.74,496.94,68.33,1985.25,170.64,1003.67,24.87,2576.81,157.62,0.00,260.73,52.41,96.39,236.06,1810.87,3574.00,2.62,151.11,124.22,605.22,2.96,952.95,60.02,514.32
2026-04-05T14:40:00Z,61.87,2023.03,170.59,1138.14,46.32,2171.97,165.81,504.12,68.94,1984.74,170.97,1014.68,24.50,2592.78,157.71,0.00,262.04,53.20,95.91,234.58,1805.09,3556.41,2.55,149.16,126.59,615.05,3.12,947.12,58.68,516.31
2026-04-05T14:50:00Z,61.89,2014.51,171.02,1145.12,46.19,2169.12,166.25,491.54,68.85,1972.94,170.69,1024.76,24.28,2588.42,157.86,0.00,257.82,56.01,95.72,232.29,1805.34,3552.45,2.36,150.17,123.16,602.89,2.94,948.66,58.69,508.55
2026-04-05T15:00:00Z,61.47,2016.95,170.58,1159.83,46.23,2169.81,165.90,481.21,68.48,1985.98,171.61,1022.90,24.67,2587.65,157.63,0.00,261.22,54.39,96.47,231.47,1803.61,3546.53,2.46,149.57,125.37,604.89,3.18,950.28,59.49,502.58
2026-04-05T15:10:00Z,61.32,2027.60,169.88,1146.68,46.23,2157.67,165.18,474.74,68.57,1983.59,170.73,1012.93,25.08,2579.22,157.63,0.00,262.51,54.81,95.97,235.29,1813.66,3547.62,2.23,149.92,124.38,605.83,3.16,955.71,60.53,498.07
2026-04-05T15:20:00Z,61.08,2043.02,169.45,1130.69,46.40,2153.25,165.92,485.36,68.67,1991.60,170.86,1007.96,24.90,2579.49,157.88,0.00,259.78,53.47,95.53,237.45,1812.49,3557.43,2.20,150.37,126.87,609.97,3.21,957.83,59.95,500.21
2026-04-05T15:30:00Z,60.96,2041.85,169.57,1135.44,46.56,2156.61,165.56,494.71,68.84,1994.67,170.93,1011.66,25.40,2564.83,157.71,0.00,261.21,52.65,95.73,237.57,1807.03,3560.09,2.35,150.19,124.78,599.18,3.19,964.94,60.10,504.44
2026-04-05T15:40:00Z,61.00,2050.95,169.74,1135.41,47.02,2146.38,165.69,505.84,68.62,1977.09,170.63,1022.96,25.37,2560.67,156.56,0.00,259.16,56.08,94.78,234.43,1805.19,3540.41,2.45,149.91,124.52,605.12,3.39,952.61,59.29,506.40
2026-04-05T15:50:00Z,60.90,2052.34,169.94,1122.65,47.06,2135.93,165.67,510.88,68.92,1973.02,170.52,1022.55,25.59,2563.40,156.20,0.00,259.63,52.64,95.16,236.09,1810.05,3541.24,2.57,150.08,124.97,598.17,3.14,954.46,58.79,506.56
2026-04-05T16:00:00Z,60.78,2053.18,169.88,1115.35,46.73,2151.16,165.75,520.68,69.15,1973.21,171.13,1047.39,25.66,2566.56,156.98,0.00,262.53,52.37,95.44,239.88,1805.49,3553.49,2.47,151.24,125.39,606.72,3.13,949.70,60.74,514.27
2026-04-05T16:10:00Z,60.84,2064.85,169.16,1111.77,46.61,2151.29,166.11,506.27,68.80,1973.97,171.39,1052.47,26.15,2556.91,157.41,0.00,258.62,52.35,95.70,231.43,1804.37,3554.14,2.46,150.79,123.32,604.06,3.13,949.53,60.13,502.86
2026-04-05T16:20:00Z,60.86,2061.33,169.45,1106.50,46.39,2165.61,166.08,487.34,68.46,1982.96,170.77,1018.73,25.85,2564.47,156.98,0.00,251.67,53.94,95.18,227.42,1804.47,3549.40,2.62,149.93,120.47,594.91,2.88,948.10,61.48,497.55
2026-04-05T16:30:00Z,61.11,2051.86,168.80,1106.16,45.87,2171.13,166.12,489.42,68.61,1973.39,170.89,1030.68,25.84,2558.65,156.73,0.00,251.75,52.07,95.43,223.01,1799.46,3558.08,2.45,149.64,122.15,603.13,2.93,948.47,59.61,494.94
2026-04-05T16:40:00Z,61.08,2044.07,169.03,1104.30,46.19,2169.84,165.89,484.37,68.43,1990.48,171.04,1016.54,26.32,2552.62,156.54,0.00,255.15,52.10,95.33,230.80,1808.45,3538.82,2.50,149.71,121.13,601.03,2.75,953.91,58.42,498.25
2026-04-05T16:50:00Z,61.13,2042.91,169.31,1110.36,46.10,2181.27,166.14,493.92,68.50,1987.18,171.32,1032.76,26.18,2539.50,156.45,0.00,256.09,53.77,95.86,229.89,1799.27,3557.74,2.52,150.86,121.63,601.02,2.96,953.10,58.52,508.55
2026-04-05T17:00:00Z,60.98,2038.39,169.44,1123.25,46.17,2177.13,165.98,497.19,68.89,1977.76,171.08,1041.29,25.92,2535.53,157.25,0.00,258.98,53.81,94.74,233.16,1810.69,3556.04,2.21,151.69,125.73,610.70,3.07,958.63,59.56,509.85
2026-04-05T17:10:00Z,61.28,2035.10,169.42,1127.31,46.34,2175.90,165.97,497.26,68.68,1971.29,171.41,1033.21,25.52,2552.86,157.43,0.00,257.16,55.21,96.18,231.88,1809.23,3549.45,2.58,150.25,124.95,605.17,2.97,954.27,60.67,504.46
2026-04-05T17:20:00Z,61.54,2045.77,169.23,1135.15,46.85,2164.61,164.94,494.30,68.66,1978.53,171.52,1036.97,25.35,2570.45,157.61,0.00,263.65,54.55,95.86,239.40,1817.46,3544.89,2.50,148.40,126.91,610.75,2.95,957.77,61.66,509.59
2026-04-05T17:30:00Z,61.83,2038.35,169.17,1135.13,46.98,2157.74,166.03,514.41,68.92,1972.05,171.79,1036.31,26.01,2557.97,158.51,0.00,258.67,54.32,95.98,232.55,1811.56,3559.91,2.67,150.73,124.96,606.56,3.42,955.97,60.30,516.55
2026-04-05T17:40:00Z,61.93,2027.61,170.03,1129.70,47.39,2151.11,165.90,509.33,68.60,1979.80,171.11,1024.38,25.95,2552.09,157.54,0.00,258.61,54.77,95.90,235.07,1811.02,3541.94,2.78,149.55,125.41,612.85,3.58,953.48,60.09,504.87
2026-04-05T17:50:00Z,62.14,2018.01,169.51,1135.14,47.43,2141.36,165.73,516.34,68.23,1975.55,171.59,1032.36,26.04,2541.51,156.99,0.00,261.92,55.70,95.84,234.90,1811.65,3549.47,2.67,149.88,125.73,611.34,2.94,951.19,61.85,515.16
2026-04-05T18:00:00Z,62.50,2012.02,170.08,1146.15,47.57,2141.04,165.81,521.48,68.09,1975.09,171.21,1031.80,26.22,2535.21,156.85,0.00,259.16,55.00,96.18,234.60,1811.89,3560.15,2.44,149.83,124.68,609.00,2.92,956.40,59.90,511.27
2026-04-05T18:10:00Z,62.43,2013.47,170.62,1164.29,47.46,2138.14,165.97,529.76,68.03,1990.25,171.45,1027.01,25.94,2544.73,156.53,0.00,265.15,54.84,96.04,237.66,1814.66,3529.34,2.37,149.92,125.80,605.70,2.57,956.44,60.90,503.70
2026-04-05T18:20:00Z,62.81,2010.92,169.97,1159.63,47.39,2132.81,166.01,536.77,67.95,1999.44,171.55,1024.74,26.10,2543.71,156.09,0.00,261.07,55.69,95.92,235.54,1812.15,3551.48,2.39,148.50,123.37,603.04,2.64,954.64,60.84,509.53
2026-04-05T18:30:00Z,62.59,1999.62,169.34,1157.86,47.70,2136.28,166.14,543.72,67.70,2002.50,170.93,1019.60,26.46,2540.84,157.45,0.00,266.79,57.03,96.98,238.17,1817.96,3553.46,2.60,150.70,128.43,609.16,3.09,951.34,60.25,504.68
2026-04-05T18:40:00Z,62.48,1999.89,170.09,1180.37,47.88,2127.94,166.73,558.85,67.66,2013.61,170.02,999.54,26.13,2549.09,157.31,0.00,269.93,56.13,95.59,242.89,1818.07,3552.35,2.55,151.25,130.99,615.72,2.92,951.49,61.06,519.00
2026-04-05T18:50:00Z,62.66,1996.58,170.32,1189.17,47.75,2136.46,167.00,538.04,67.38,2015.37,170.24,982.56,26.19,2554.10,157.67,0.00,262.58,56.14,96.54,234.34,1800.46,3540.84,2.47,150.08,126.93,607.85,2.75,944.37,63.11,503.59
2026-04-05T19:00:00Z,62.51,2010.09,170.90,1186.86,47.88,2143.03,166.75,537.26,67.32,2015.71,170.35,984.06,25.66,2572.39,157.55,0.00,262.53,57.25,96.40,235.58,1800.90,3552.72,2.63,150.48,127.27,605.44,2.84,951.25,62.47,496.08
2026-04-05T19:10:00Z,62.02,2026.08,169.78,1158.89,47.96,2126.90,167.48,552.52,67.06,2027.05,170.23,976.40,25.71,2569.66,157.36,0.00,263.53,57.46,95.95,237.21,1814.20,3557.71,2.42,149.54,125.01,604.50,2.95,957.89,62.43,509.37
2026-04-05T19:20:00Z,62.14,2030.50,169.85,1153.27,47.62,2121.78,167.78,551.99,66.97,2039.38,170.71,980.13,25.39,2568.26,157.14,0.00,262.35,54.65,95.68,233.27,1804.21,3555.75,2.66,151.44,125.75,609.42,2.71,955.99,60.50,504.22
2026-04-05T19:30:00Z,61.61,2038.77,169.45,1156.04,47.80,2141.91,167.39,547.90,67.08,2029.83,170.31,969.42,25.37,2560.44,157.41,0.00,267.52,57.72,95.34,242.44,1814.84,3551.21,2.18,151.00,127.87,616.06,3.13,955.21,59.82,511.55
2026-04-05T19:40:00Z,61.53,2037.38,169.06,1146.71,47.66,2130.97,167.40,545.35,67.44,2022.73,170.52,983.83,25.09,2566.94,157.33,0.00,266.05,54.38,95.53,241.70,1819.12,3549.14,2.26,150.36,127.14,610.77,3.16,966.28,60.47,514.04
2026-04-05T19:50:00Z,61.43,2048.09,169.78,1119.78,47.41,2129.33,167.03,542.40,67.59,2017.27,169.85,983.25,24.99,2572.99,156.33,0.00,259.69,52.47,95.39,230.71,1804.89,3540.89,2.60,150.76,125.45,607.22,2.82,953.20,61.37,508.82
2026-04-05T20:00:00Z,61.78,2045.22,169.57,1137.66,47.31,2137.30,166.43,523.76,67.49,2007.32,170.04,996.33,25.22,2575.47,156.73,0.00,262.20,54.31,94.77,236.09,1819.35,3544.98,2.59,150.54,124.49,607.34,2.81,953.45,61.61,504.98
2026-04-05T20:10:00Z,61.41,2026.50,169.43,1120.89,47.21,2145.33,166.34,509.07,66.84,2012.68,170.11,980.89,25.06,2581.59,157.13,0.00,264.29,54.33,95.59,238.14,1812.71,3550.49,2.44,151.19,124.69,601.26,3.26,954.60,59.55,505.44
2026-04-05T20:20:00Z,61.54,2038.71,169.45,1118.74,47.33,2148.53,166.74,499.26,67.29,2024.37,170.29,967.46,25.11,2573.12,157.13,0.00,256.59,54.67,95.69,232.20,1805.73,3540.43,2.54,150.72,123.05,603.00,2.91,953.18,59.36,517.85
2026-04-05T20:30:00Z,61.91,2038.12,168.55,1109.71,47.44,2145.94,165.82,505.73,66.87,2019.33,168.87,971.27,25.09,2580.70,157.73,0.00,254.42,52.07,95.10,229.34,1803.73,3553.09,2.77,149.32,121.30,603.76,2.96,,60.25,503.04
2026-04-05T20:40:00Z,61.87,2040.12,168.36,1114.01,47.37,2142.21,166.72,525.26,66.61,2026.47,169.65,951.68,25.38,2570.25,157.96,0.00,262.25,51.74,95.15,237.10,1813.98,3543.92,2.29,150.58,128.13,609.07,2.90,954.77,60.50,497.89
2026-04-05T20:50:00Z,61.88,2028.67,168.96,1125.12,47.29,2142.70,166.62,539.85,66.90,2025.23,170.40,965.55,25.21,2568.87,157.71,0.00,261.42,52.42,95.40,233.19,1809.82,3557.63,2.53,150.69,127.28,607.25,2.81,953.68,59.15,508.67
2026-04-05T21:00:00Z,61.77,2038.53,169.13,1138.44,46.89,2149.08,166.44,533.13,66.73,2038.44,170.27,981.71,25.98,2548.91,157.32,0.00,263.41,53.71,95.49,236.00,1805.56,3539.23,2.72,150.09,126.23,609.96,3.17,962.55,60.57,498.22
2026-04-05T21:10:00Z,61.62,2035.09,169.57,1137.19,46.84,2147.70,166.59,503.67,66.44,2037.01,169.93,965.41,26.06,2551.02,157.00,0.00,263.01,53.34,94.55,231.05,1808.73,3543.40,2.62,149.78,126.96,606.27,2.80,954.73,60.67,501.42
2026-04-05T21:20:00Z,61.06,2037.39,169.28,1129.81,46.77,2144.75,165.86,515.17,66.07,2038.09,169.95,955.07,25.55,2565.53,156.97,0.00,260.54,53.35,95.25,234.07,1803.19,3547.14,2.15,148.35,124.81,602.92,3.19,954.81,58.99,491.71
2026-04-05T21:30:00Z,60.94,2048.89,169.77,1123.87,47.41,2137.27,166.58,539.50,65.89,2048.78,169.86,948.82,25.41,2556.72,156.78,0.00,253.40,52.52,95.91,223.73,1794.99,3558.80,2.50,149.25,121.87,601.97,3.15,939.51,59.52,501.64
2026-04-05T21:40:00Z,60.75,2055.60,169.97,1115.41,47.58,2135.37,166.76,540.96,66.05,2060.36,169.41,948.84,25.18,2569.98,157.08,0.00,252.64,52.59,94.85,228.15,1804.65,3548.61,2.64,149.44,120.28,591.02,2.95,950.27,59.50,491.22
2026-04-05T21:50:00Z,60.42,2055.49,169.61,1100.93,47.78,2119.16,166.97,544.68,66.03,2050.04,169.83,941.44,24.79,2571.49,156.62,0.00,248.71,54.14,94.36,221.33,1788.38,3555.79,2.51,149.31,119.31,599.31,3.24,945.26,59.51,501.27
2026-04-05T22:00:00Z,60.46,2053.55,168.64,1102.13,47.89,2133.77,166.79,545.12,66.20,2044.09,170.13,949.05,25.06,2573.28,156.90,0.00,248.90,55.03,94.94,221.52,1795.10,3540.95,2.41,149.33,117.84,597.89,2.74,953.59,58.98,497.12
2026-04-05T22:10:00Z,60.43,2066.44,168.84,1104.59,47.90,2133.54,166.52,551.70,66.85,2021.32,170.03,946.01,25.00,2577.53,155.68,0.00,252.48,55.01,94.61,226.63,1794.99,3555.20,2.80,149.97,118.41,597.70,3.21,948.64,61.25,508.27
2026-04-05T22:20:00Z,60.63,2061.71,169.64,1114.60,47.96,2122.95,167.13,555.86,67.43,2025.98,169.32,963.71,24.89,2581.11,155.93,0.00,248.42,55.58,94.27,224.36,1804.36,3546.80,2.47,150.86,119.44,597.09,3.08,950.54,60.57,506.59
2026-04-05T22:30:00Z,60.42,2058.37,169.95,1107.06,48.01,2129.17,167.58,559.02,67.00,2024.90,169.74,959.78,24.74,2580.55,156.32,0.00,256.41,56.40,95.01,232.07,1793.33,3552.66,2.79,150.65,123.91,597.27,3.15,943.17,60.27,501.47
2026-04-05T22:40:00Z,60.68,2053.77,169.76,1098.65,47.79,2133.42,167.49,551.08,67.03,2024.08,169.75,971.59,24.53,2582.35,156.54,0.00,257.18,55.04,94.55,231.70,1810.83,3548.80,2.59,150.84,123.55,598.37,3.22,956.67,59.91,490.42
2026-04-05T22:50:00Z,60.73,2059.08,169.46,1102.40,48.00,2123.22,166.90,564.68,67.88,2013.28,169.71,968.41,24.73,2585.88,157.27,0.00,256.09,54.88,94.65,229.80,1801.80,3517.54,2.62,149.17,121.29,604.37,3.05,952.53,60.61,496.53
2026-04-05T23:00:00Z,60.38,2065.49,169.23,1087.66,47.85,2117.84,167.36,566.64,68.35,2001.14,170.35,981.59,24.71,2579.91,157.69,0.00,255.47,53.70,95.70,230.95,1795.34,3541.61,2.25,149.73,125.00,607.83,2.79,937.90,59.84,512.11
2026-04-05T23:10:00Z,60.45,2052.30,168.63,1080.95,47.69,2123.29,166.68,545.77,68.22,2005.72,170.65,975.05,24.60,2588.55,157.88,0.00,261.50,52.19,96.01,235.96,1807.58,3550.47,2.69,148.69,125.34,603.57,2.84,958.03,60.31,511.16
2026-04-05T23:20:00Z,61.03,2054.83,168.54,1083.98,47.36,2136.31,167.00,542.29,68.80,1973.21,170.93,1016.85,24.88,2575.85,158.02,0.00,261.91,54.25,96.00,233.90,1813.08,3556.87,2.41,150.32,124.79,603.69,2.95,952.78,60.51,497.20
2026-04-05T23:30:00Z,61.61,2049.24,168.88,1094.02,47.42,2137.89,166.69,542.71,68.98,1983.28,171.32,1007.42,25.13,2574.29,157.51,0.00,255.94,53.10,95.74,234.25,1806.53,3554.95,2.47,149.67,120.59,602.27,2.97,955.25,61.17,496.48
2026-04-05T23:40:00Z,61.51,2031.17,168.91,1127.05,47.23,2132.43,166.16,533.82,68.85,1968.17,170.82,1015.87,24.99,2568.71,157.45,0.00,258.49,56.07,94.83,234.37,1806.29,3553.57,2.69,150.23,124.21,609.75,2.93,958.61,60.78,507.87
2026-04-05T23:50:00Z,61.35,2035.66,168.73,1136.19,47.40,2139.91,166.73,533.58,69.18,1955.75,171.35,1030.33,24.36,2567.98,157.00,0.00,257.64,56.63,94.92,232.85,1804.88,3548.08,2.35,150.77,124.38,607.51,2.67,952.16,60.89,511.03
2026-04-06T00:00:00Z,60.31,2045.82,168.51,1119.23,47.58,2141.37,166.77,540.85,69.19,1963.60,171.21,1042.62,24.49,2579.05,157.11,0.00,258.58,55.37,95.40,233.81,1812.23,3562.29,2.54,149.35,128.08,615.12,3.14,953.50,60.15,511.70
2026-04-06T00:10:00Z,59.72,2073.94,169.21,1086.23,48.07,2130.47,167.17,548.31,69.47,1961.30,171.53,1044.63,24.59,2578.39,157.07,0.00,263.38,55.89,96.43,236.87,1809.38,3541.09,2.60,149.52,128.95,604.33,3.03,952.18,61.16,500.03
2026-04-06T00:20:00Z,59.06,2092.18,169.47,1079.28,48.70,2114.80,167.31,561.67,69.33,1961.54,170.98,1047.56,24.87,2584.51,157.24,0.00,261.27,56.76,96.62,235.33,1805.59,3536.56,2.36,149.58,127.04,608.13,2.99,951.44,61.27,503.75
2026-04-06T00:30:00Z,57.84,2109.26,168.38,1039.69,48.98,2099.53,167.43,596.46,69.33,1982.03,171.30,1048.41,24.70,2593.90,157.25,0.00,262.95,56.48,96.52,236.65,1810.12,3556.66,2.66,152.48,124.46,612.15,3.07,956.87,61.29,515.58
2026-04-06T00:40:00Z,57.14,2130.26,168.17,1006.45,49.81,2095.11,167.63,595.75,69.44,1974.93,171.08,1036.25,24.69,2592.23,156.87,0.00,261.98,56.15,95.86,238.54,1815.99,3553.82,2.47,150.89,126.09,612.66,3.06,958.49,60.02,512.64
2026-04-06T00:50:00Z,55.96,2153.61,167.43,971.56,50.04,2081.35,168.09,606.11,69.48,1960.80,170.72,1037.80,24.53,2584.73,157.48,0.00,262.09,53.66,94.65,237.28,1811.70,3548.55,2.47,150.53,128.41,602.69,2.98,949.73,58.95,508.77
2026-04-06T01:00:00Z,55.22,2178.79,166.70,936.98,50.56,2073.92,168.02,632.94,69.42,1953.85,171.15,1050.83,24.72,2596.59,157.29,0.00,263.28,53.62,94.92,236.26,1809.81,3546.77,2.80,149.81,127.56,607.75,3.01,953.42,58.20,506.06
2026-04-06T01:10:00Z,54.71,2196.47,165.75,905.88,50.93,2058.15,168.85,637.83,69.72,1946.77,172.52,1066.78,24.72,2598.88,157.15,0.00,256.95,55.76,95.71,232.33,1801.40,3545.94,2.38,149.35,123.21,603.49,2.78,947.45,59.53,492.13
2026-04-06T01:20:00Z,54.22,2206.91,164.99,883.45,51.37,2039.69,168.28,656.89,69.53,1957.72,171.86,1062.76,24.62,2581.07,157.64,0.00,257.54,54.55,95.60,233.40,1801.04,3543.71,2.72,149.24,124.57,599.57,3.03,952.77,58.84,507.63
2026-04-06T01:30:00Z,53.24,2227.67,165.42,872.60,52.23,2026.18,169.52,668.98,69.48,1950.36,171.58,1072.59,24.75,2585.57,156.42,0.00,255.39,55.66,95.44,229.50,1798.72,3543.32,2.34,149.92,122.58,600.22,2.70,946.72,59.59,508.20
2026-04-06T01:40:00Z,52.95,2233.14,164.57,851.12,52.49,2027.64,168.92,691.96,69.64,1962.98,172.09,1060.52,24.55,2582.94,156.88,0.00,255.63,54.07,94.88,230.26,1801.90,3551.01,2.63,150.49,123.88,603.95,2.98,942.58,59.61,507.20
2026-04-06T01:50:00Z,52.83,2269.16,164.16,827.17,53.06,2020.86,168.95,702.43,69.53,1965.31,171.52,1036.71,24.76,2574.27,156.79,0.00,260.84,51.57,95.06,231.68,1807.28,3558.70,2.60,149.59,123.63,607.55,2.83,956.21,59.45,502.19
2026-04-06T02:00:00Z,52.41,2259.26,165.17,826.99,53.01,2008.12,170.15,705.17,69.79,1961.86,171.90,1061.00,24.59,2584.95,157.40,0.00,262.50,54.00,95.41,236.82,1807.46,3560.59,2.40,151.04,125.14,606.51,2.77,957.03,60.12,501.09
2026-04-06T02:10:00Z,52.26,2267.34,163.81,819.19,53.62,2002.59,170.20,729.96,69.61,1954.35,171.26,1063.92,24.29,2598.35,157.47,0.00,262.53,54.29,96.52,234.41,1819.07,3556.50,2.47,148.55,128.94,612.70,3.13,961.62,59.46,505.63
2026-04-06T02:20:00Z,51.73,2270.67,162.65,801.77,53.76,1985.05,170.23,722.58,70.02,1950.21,170.52,1064.97,24.38,2600.17,156.78,0.00,255.24,53.50,95.56,229.32,1800.39,3551.00,2.75,148.90,120.54,598.24,3.21,948.48,60.26,498.77
2026-04-06T02:30:00Z,51.48,2279.26,162.39,791.72,53.83,1985.19,170.39,734.91,70.14,1943.16,170.57,1067.36,24.70,2590.25,157.26,0.00,259.62,52.20,96.01,236.53,1809.43,3546.54,2.56,149.17,123.63,607.57,2.88,951.17,59.36,502.92
2026-04-06T02:40:00Z,50.87,2285.23,162.09,785.10,54.15,1985.32,170.81,745.31,69.84,1952.33,171.12,1070.25,24.70,2565.15,157.77,0.00,257.19,51.77,95.26,233.76,1808.71,3554.90,2.32,150.91,125.72,611.91,3.22,957.48,60.57,493.61
2026-04-06T02:50:00Z,50.18,2313.99,162.31,759.20,54.53,1969.04,170.81,758.78,69.82,1966.33,171.49,1061.95,24.47,2580.16,157.97,0.00,254.27,51.19,95.71,231.13,1805.29,3557.16,2.34,150.16,121.84,597.16,2.73,955.41,60.75,496.88
2026-04-06T03:00:00Z,49.73,2313.87,161.19,737.77,54.82,1969.17,171.20,773.37,69.71,1962.65,170.82,1055.36,24.66,2583.74,157.89,0.00,258.10,51.64,94.64,231.06,1805.24,3557.36,2.54,149.21,124.55,602.03,2.83,957.36,59.70,507.18
2026-04-06T03:10:00Z,49.00,2338.70,161.12,715.54,54.77,1960.73,171.76,782.66,69.13,1979.64,171.39,1058.32,24.91,2576.02,157.57,0.00,255.53,52.26,95.07,232.26,1803.03,3560.64,2.41,148.97,123.35,608.70,2.97,953.23,60.60,509.53
2026-04-06T03:20:00Z,49.16,2336.17,161.03,713.44,55.08,1950.37,171.85,796.73,69.18,1970.95,171.39,1042.81,25.16,2567.38,158.22,0.00,260.27,51.42,96.11,234.43,1805.02,3548.55,2.35,148.56,127.89,606.49,3.17,952.24,60.98,506.04
2026-04-06T03:30:00Z,48.82,2354.57,161.19,705.52,55.45,1940.60,171.74,807.55,69.04,1973.32,170.79,1037.79,25.12,2579.91,158.18,0.00,257.78,52.29,95.96,234.87,1810.04,3558.70,2.59,151.45,124.65,609.56,3.17,959.47,61.08,502.20
2026-04-06T03:40:00Z,48.07,2367.22,160.71,681.96,55.47,1935.44,171.60,799.69,68.84,1969.89,170.98,1043.47,25.19,2571.20,157.96,0.00,261.51,51.10,95.18,238.01,1814.20,3537.75,2.46,150.62,125.19,603.47,3.10,952.86,61.10,515.58
2026-04-06T03:50:00Z,48.01,2382.93,160.85,663.61,55.65,1936.95,171.61,814.47,68.98,1970.06,171.47,1040.87,25.44,2567.75,157.53,0.00,258.65,48.92,94.89,232.57,1802.69,3552.87,2.61,149.07,126.03,609.11,2.45,950.90,60.88,504.74
2026-04-06T04:00:00Z,47.28,2381.13,159.93,654.34,55.82,1936.35,171.78,822.21,68.70,1973.63,171.64,1044.76,25.15,2569.18,157.08,0.00,250.72,51.98,94.24,226.61,1797.18,3551.72,2.58,150.07,122.35,599.19,3.01,950.77,59.26,497.22
2026-04-06T04:10:00Z,47.52,2383.25,160.22,643.49,56.07,1923.40,172.88,844.08,68.51,,171.43,1040.29,25.31,2564.02,157.08,0.00,254.78,50.47,94.56,230.86,1807.76,3548.78,2.51,148.87,124.27,604.17,2.78,949.34,58.24,495.76
2026-04-06T04:20:00Z,47.72,2385.82,159.61,633.11,56.58,1914.90,172.62,854.77,68.94,1989.20,170.74,1046.11,25.33,2578.36,156.60,0.00,257.76,50.49,94.30,228.57,1799.67,3557.11,2.55,149.98,124.68,602.72,3.03,953.63,59.74,500.69
2026-04-06T04:30:00Z,47.26,2384.27,159.73,635.00,57.04,1918.88,173.39,858.46,68.72,1987.54,171.21,1030.64,25.52,2569.04,157.63,0.00,249.85,52.89,93.84,224.14,1800.88,3557.35,2.56,150.16,121.42,596.33,3.15,952.86,59.57,492.42
2026-04-06T04:40:00Z,46.72,2402.76,159.40,626.04,56.80,1917.46,173.57,843.91,68.93,1972.67,171.49,1023.82,25.59,2570.19,157.21,0.00,252.13,51.88,93.80,229.54,1798.52,3541.41,2.41,150.14,122.57,598.69,3.28,949.27,59.65,489.77
2026-04-06T04:50:00Z,46.61,2406.29,159.50,621.66,56.86,1900.14,173.22,859.88,68.24,1991.16,171.35,1020.09,25.21,2564.07,156.81,0.00,252.96,52.38,94.97,226.95,1804.33,3555.53,2.52,149.74,122.09,601.81,2.91,950.32,60.47,496.81
2026-04-06T05:00:00Z,45.75,2429.06,159.49,596.14,57.10,1905.15,173.10,875.27,68.12,1994.57,170.52,1009.13,25.14,2568.64,156.93,0.00,252.33,49.96,94.57,229.92,1800.44,3552.52,2.48,149.08,121.32,599.74,2.97,954.75,60.71,495.96
2026-04-06T05:10:00Z,45.94,2439.31,159.54,588.14,57.24,1899.73,173.56,891.85,68.54,1991.15,170.59,1004.17,25.32,2566.41,156.78,0.00,250.80,48.79,95.25,226.51,1795.35,3563.81,2.70,151.86,119.48,595.36,3.05,948.49,59.83,490.48
2026-04-06T05:20:00Z,45.95,2430.99,157.85,571.22,57.46,1896.39,173.73,880.61,68.34,1997.10,171.08,1009.42,25.03,2563.58,157.26,0.00,251.89,49.88,95.37,229.59,1799.39,3547.04,2.56,151.26,119.87,593.48,2.78,949.21,59.49,493.57
2026-04-06T05:30:00Z,45.73,2430.73,157.82,566.42,57.66,1885.63,173.57,892.19,68.22,1995.20,171.50,1017.38,25.71,2560.40,157.11,0.00,251.18,51.12,95.13,225.70,1799.36,3542.92,2.48,150.78,120.70,604.06,2.66,944.90,59.55,514.04
2026-04-06T05:40:00Z,45.81,2430.17,157.50,558.02,57.45,1891.98,173.82,892.12,68.12,2004.14,171.41,1008.12,25.74,2554.14,157.08,0.00,245.72,49.91,95.16,220.40,1800.32,3568.73,2.45,152.92,117.70,601.15,2.82,950.36,59.11,503.57
2026-04-06T05:50:00Z,45.72,2418.54,158.00,562.17,57.68,1880.52,173.65,889.58,67.85,2010.24,171.10,1000.13,25.90,2548.66,156.67,0.00,243.46,48.10,95.48,217.59,1789.55,3560.51,2.49,151.23,117.29,592.14,2.96,943.14,59.48,495.83
2026-04-06T06:00:00Z,45.58,2426.66,158.48,562.08,57.44,1896.22,173.69,898.13,67.61,2008.92,170.96,1003.23,25.56,2555.96,157.34,0.00,247.84,48.71,95.42,224.66,1804.89,3548.07,2.54,149.94,120.66,604.13,3.09,951.48,60.36,497.12
2026-04-06T06:10:00Z,45.64,2432.39,158.23,566.16,57.60,1896.43,173.37,888.31,67.64,2010.76,171.07,993.19,25.28,2565.94,157.19,0.00,248.64,48.31,95.41,226.20,1794.45,3553.63,2.38,149.26,119.75,601.80,3.22,948.83,59.17,503.87
2026-04-06T06:20:00Z,45.83,2420.61,158.64,572.71,57.85,1876.38,173.65,899.40,67.81,2001.12,170.63,996.25,25.26,2564.63,157.26,0.00,252.61,50.23,94.60,227.44,1804.98,3558.79,2.90,149.55,121.49,597.94,3.33,943.71,59.54,503.66
2026-04-06T06:30:00Z,45.69,2432.75,158.84,570.41,57.78,1872.43,172.94,899.62,68.03,1996.00,170.58,1001.70,25.94,2550.83,157.41,0.00,250.49,49.99,94.15,224.45,1797.57,3559.05,2.81,148.46,119.31,600.37,2.69,956.10,59.99,498.73
2026-04-06T06:40:00Z,45.15,2429.77,158.21,561.74,57.69,1874.01,173.14,899.17,68.05,1992.35,170.87,1001.82,26.49,2536.22,157.68,0.00,253.10,48.70,93.99,227.98,1795.17,3559.54,2.58,151.11,121.91,598.34,2.86,950.04,60.36,507.50
2026-04-06T06:50:00Z,45.24,2453.20,158.11,550.22,57.71,1881.62,174.18,902.92,68.42,1986.48,170.95,1021.40,26.38,2540.18,157.30,0.00,253.88,50.58,94.05,229.35,1810.95,3547.19,2.64,150.34,122.69,606.50,3.42,953.27,59.95,513.48
2026-04-06T07:00:00Z,45.29,2446.42,157.83,555.82,58.21,1865.91,174.22,905.05,68.49,1988.14,171.12,1011.93,26.68,2536.21,157.53,0.00,247.17,50.56,94.45,220.20,1803.82,3554.80,2.56,148.21,116.30,589.18,3.22,950.86,60.28,480.42
2026-04-06T07:10:00Z,44.91,2442.49,157.19,557.31,58.45,1856.49,174.61,921.04,68.95,1978.62,171.68,1025.44,26.67,2534.55,156.99,0.00,251.86,52.93,94.17,223.67,1791.16,3549.35,2.38,151.67,119.24,602.03,3.32,950.17,60.27,510.66
2026-04-06T07:20:00Z,44.98,2455.49,157.33,541.49,58.58,1861.13,174.17,936.14,68.48,1979.30,171.34,1027.81,26.75,2520.90,156.39,0.00,250.73,51.56,94.67,230.57,1808.88,3546.85,2.68,149.36,117.79,597.81,2.94,960.32,60.20,502.97
2026-04-06T07:30:00Z,44.94,2455.77,157.39,546.97,58.93,1849.84,174.65,942.63,68.75,1976.82,171.47,1027.01,26.59,2518.73,157.04,0.00,251.60,51.03,93.93,224.00,1807.40,3550.63,2.48,148.85,121.38,602.92,2.91,962.76,60.07,500.10
2026-04-06T07:40:00Z,44.91,2456.32,157.21,542.62,58.94,1856.84,174.57,939.42,68.46,1991.10,170.76,1013.96,26.85,2522.46,157.16,0.00,253.61,52.12,94.47,226.28,1810.13,3556.69,2.35,149.61,119.83,603.67,2.94,960.56,59.63,507.25
2026-04-06T07:50:00Z,44.54,2455.65,157.45,528.56,58.90,1857.24,175.70,937.65,68.85,1983.19,170.64,1020.03,26.36,2533.62,157.33,0.00,246.75,51.09,95.36,220.74,1798.07,3556.80,2.54,149.51,119.81,596.31,3.08,955.66,59.08,495.56
2026-04-06T08:00:00Z,44.38,2460.11,157.70,538.99,58.63,1863.00,175.47,929.20,68.66,1989.14,170.26,1026.50,26.12,2540.75,157.56,0.00,252.21,49.77,96.31,224.60,1812.50,3544.62,2.50,148.80,121.50,600.30,3.31,954.86,58.92,495.25
2026-04-06T08:10:00Z,44.19,2459.09,157.49,530.75,58.47,1868.85,174.69,913.68,68.78,1995.24,171.12,1010.30,26.21,2538.03,157.51,0.00,246.31,49.26,95.39,218.13,1798.69,,2.48,149.11,117.21,596.35,3.26,953.33,59.69,504.41
2026-04-06T08:20:00Z,44.39,2467.22,157.51,523.26,58.29,1855.96,174.90,922.81,68.60,1990.81,171.48,1004.98,26.47,2537.58,157.95,0.00,252.40,49.89,96.12,224.82,1798.86,3558.00,2.36,150.01,121.30,595.93,2.86,949.94,59.01,500.06
2026-04-06T08:30:00Z,44.74,2451.68,157.55,528.07,58.45,1862.59,,935.23,68.72,1978.00,170.17,1017.74,26.16,2542.86,157.59,0.00,248.59,51.44,95.69,223.26,1787.99,3546.76,2.57,150.75,116.53,598.95,2.87,944.65,58.32,497.50
2026-04-06T08:40:00Z,44.68,2453.76,158.05,528.28,58.56,1863.68,174.83,938.73,69.12,1976.90,170.52,1026.19,26.32,2546.94,157.78,0.00,250.52,50.14,95.23,226.47,1805.59,3538.28,2.52,150.14,121.42,601.63,2.77,957.84,59.56,494.93
2026-04-06T08:50:00Z,44.56,2453.80,157.63,539.09,58.46,1861.41,174.30,932.67,69.01,1986.29,170.98,1031.44,26.31,2544.52,157.40,0.00,250.73,50.81,94.30,224.09,1803.58,3558.89,2.33,149.99,120.31,601.20,3.17,952.43,59.85,504.08
2026-04-06T09:00:00Z,44.52,2461.29,157.27,543.31,58.55,1859.96,175.22,932.24,68.77,1985.36,171.14,1031.95,25.93,2555.02,157.50,0.00,250.11,49.72,95.22,224.49,1803.22,3562.03,2.35,150.52,118.88,600.18,3.10,954.93,60.94,502.12
2026-04-06T09:10:00Z,44.23,2460.91,156.91,541.34,58.49,1862.77,175.68,940.73,68.50,1979.61,170.73,1023.75,25.90,2557.07,156.85,0.00,250.45,52.45,94.79,225.18,1801.06,3556.43,2.57,150.68,119.55,603.93,3.23,954.74,61.35,510.33
2026-04-06T09:20:00Z,43.98,2465.87,157.67,523.23,58.49,1867.98,175.06,922.27,68.72,1977.12,170.10,1018.66,25.62,2566.67,156.91,0.00,253.15,50.41,94.20,230.09,1810.45,3545.29,2.42,151.22,122.68,607.88,3.12,959.32,59.27,506.79
2026-04-06T09:30:00Z,43.78,2476.04,157.40,512.17,58.70,1860.51,174.59,928.67,68.86,1979.49,170.55,1040.94,25.61,2556.40,156.70,0.00,251.81,50.67,93.82,222.71,1801.82,3542.96,2.50,148.19,120.81,598.45,3.09,954.57,60.37,491.30
2026-04-06T09:40:00Z,43.30,2483.01,157.68,508.50,58.65,1869.87,174.52,929.19,68.53,1994.16,171.07,1019.57,25.31,2561.65,157.54,0.00,250.19,49.73,94.41,223.79,1796.97,3570.44,2.74,151.04,119.26,593.54,2.67,953.37,59.43,501.78
2026-04-06T09:50:00Z,43.37,2486.72,157.91,485.29,58.86,1860.90,175.04,932.00,68.66,1979.95,170.93,1020.53,24.51,2580.73,157.50,0.00,247.94,49.24,95.08,222.26,1793.82,3539.25,2.07,150.13,116.76,601.86,3.10,941.47,59.35,501.40
2026-04-06T10:00:00Z,43.62,2484.53,157.44,477.73,59.00,1848.92,174.82,951.00,68.87,1985.54,171.19,1023.73,24.48,2585.24,157.83,0.00,250.52,48.93,95.14,223.21,1793.58,3545.94,2.50,149.11,119.69,592.71,2.83,949.46,59.84,493.30
2026-04-06T10:10:00Z,43.55,2486.02,157.05,477.74,59.02,1854.46,174.84,941.88,69.25,1982.92,171.37,1032.02,24.52,2586.14,157.68,0.00,248.40,49.35,95.82,221.62,1799.06,3549.37,2.41,149.86,118.66,591.67,3.17,957.05,59.11,499.72
2026-04-06T10:20:00Z,43.25,2494.37,156.87,481.17,59.28,1853.56,175.44,949.81,69.30,1980.90,171.23,1022.71,24.42,2585.01,157.17,0.00,250.76,49.84,95.53,226.27,1800.51,3549.02,2.54,150.45,122.50,602.91,3.11,951.11,59.19,498.58
2026-04-06T10:30:00Z,43.43,2498.20,156.72,485.10,59.74,1833.60,174.34,963.70,69.53,1973.80,171.11,1038.20,24.39,2582.56,157.28,0.00,249.51,50.93,94.88,221.74,1795.81,3554.05,2.57,150.38,117.26,594.11,2.87,942.56,59.81,496.34
2026-04-06T10:40:00Z,43.73,2489.78,156.95,504.97,59.56,1841.59,174.45,954.08,69.38,1963.33,171.69,1054.73,24.68,2601.21,157.19,0.00,252.66,51.43,94.89,227.19,1802.89,3560.05,2.40,150.80,118.86,595.00,3.05,958.08,59.42,497.01
2026-04-06T10:50:00Z,43.77,2484.87,157.06,498.34,59.82,1836.64,174.48,966.07,69.35,1959.79,171.70,1065.47,24.58,2582.83,156.93,0.00,256.43,52.61,95.44,230.27,1806.25,3558.31,2.61,149.25,122.78,605.72,2.84,951.09,60.86,519.03
2026-04-06T11:00:00Z,43.50,2480.45,157.18,500.05,59.87,1839.17,174.66,979.29,69.73,1956.01,171.66,1071.27,24.63,2584.71,157.58,0.00,255.52,50.26,95.56,228.82,1803.61,3556.61,2.81,150.76,122.77,602.07,3.13,960.01,60.80,513.02
2026-04-06T11:10:00Z,43.26,2489.18,157.44,500.86,59.64,1838.79,175.06,983.61,69.81,1967.88,171.51,1069.96,24.93,2582.14,157.49,0.00,254.59,50.01,95.18,228.94,1810.24,3555.06,2.59,151.24,119.74,600.71,3.00,956.92,61.31,498.29
2026-04-06T11:20:00Z,43.38,2491.87,156.77,482.41,59.83,1827.10,175.55,956.11,69.84,1966.93,172.48,1059.72,24.80,2576.85,158.00,0.00,254.70,50.37,94.93,229.51,1800.10,3546.51,2.44,149.86,120.32,605.23,3.15,948.69,60.07,499.06
2026-04-06T11:30:00Z,43.26,2490.01,156.51,482.29,59.38,1845.43,175.63,954.13,69.82,1960.43,172.18,1064.03,24.55,2591.54,158.26,0.00,257.74,50.40,94.56,234.36,1806.41,3538.77,2.50,151.16,124.59,607.60,3.03,955.08,59.65,512.87
2026-04-06T11:40:00Z,43.34,2491.89,156.32,481.17,59.64,1843.16,176.67,976.35,69.05,1979.93,172.30,1049.71,24.56,2591.79,157.72,0.00,,53.47,94.79,234.40,1800.68,3556.13,2.65,150.09,123.51,604.37,3.11,948.74,57.57,503.45
2026-04-06T11:50:00Z,43.01,2500.16,156.38,470.21,59.88,1821.38,176.41,999.06,68.94,1978.67,171.85,1040.12,24.32,2587.41,157.93,0.00,255.78,52.24,94.13,226.02,1799.64,3545.46,2.26,148.79,124.02,608.38,3.02,951.13,59.71,503.48
2026-04-06T12:00:00Z,43.45,2484.52,156.54,476.47,59.65,1822.17,176.09,999.19,68.72,1984.03,171.41,1033.79,24.31,2590.58,158.32,0.00,254.47,51.06,94.94,229.95,1807.42,3542.47,2.88,149.68,122.06,599.47,2.90,961.11,59.49,501.61
2026-04-06T12:10:00Z,43.44,2477.24,156.35,476.31,59.25,1830.41,175.23,975.57,68.57,1985.48,170.61,1033.85,24.40,2583.06,157.36,0.00,248.94,51.61,95.59,224.38,1800.59,3551.77,2.39,148.19,119.42,600.37,2.95,948.50,58.21,490.05
2026-04-06T12:20:00Z,43.49,2492.02,156.17,491.31,58.90,1851.07,175.64,958.63,68.28,1987.49,170.35,1026.48,24.49,2590.48,157.51,0.00,247.83,47.13,94.58,221.37,1800.18,3547.21,2.43,150.12,118.96,604.88,2.73,959.33,59.36,511.72
2026-04-06T12:30:00Z,43.41,2499.77,156.42,490.08,59.08,1852.12,175.01,952.89,68.58,1978.55,170.08,1039.03,24.32,2598.96,157.67,0.00,251.65,47.75,93.61,227.38,1799.64,3555.43,2.71,150.67,118.88,607.60,2.92,949.98,59.49,497.60
2026-04-06T12:40:00Z,43.34,2479.46,156.22,495.06,58.86,1853.09,175.06,955.75,68.22,1983.49,171.17,1031.11,24.25,2608.68,157.41,0.00,254.29,48.57,94.23,228.48,1806.28,3550.15,2.24,151.02,123.60,601.67,3.01,951.97,60.26,511.12
2026-04-06T12:50:00Z,42.85,2502.02,157.24,488.84,58.78,1845.50,174.83,959.86,68.35,1987.62,171.43,1024.75,24.39,2603.13,157.64,0.00,255.26,50.90,94.41,229.80,1800.44,3548.75,2.48,149.86,122.48,600.09,2.73,946.17,59.71,499.95
2026-04-06T13:00:00Z,42.46,2508.62,157.32,476.43,58.41,1856.59,175.34,964.25,68.26,1995.16,171.33,1018.99,24.67,2585.78,157.33,0.00,254.57,50.09,94.70,230.29,1800.91,3544.44,2.55,150.14,120.70,604.69,3.20,947.99,59.97,505.78
2026-04-06T13:10:00Z,42.65,2509.90,156.88,467.50,58.45,1860.30,175.32,963.57,68.08,1995.66,171.45,1013.34,24.09,2587.28,156.65,0.00,251.29,49.93,95.47,228.44,1808.72,3555.59,2.61,149.40,121.81,599.37,2.98,954.02,58.74,488.46
2026-04-06T13:20:00Z,42.96,2503.58,156.80,474.59,58.47,1852.69,175.15,963.28,68.36,1987.10,170.99,1014.96,23.94,2597.54,157.09,0.00,255.59,50.65,94.29,227.95,1802.96,3552.09,2.48,152.42,123.37,601.42,2.82,956.39,60.30,505.20
2026-04-06T13:30:00Z,43.54,2495.32,156.16,477.54,58.63,1854.42,174.80,953.38,67.80,1988.94,170.19,996.18,23.53,2603.63,157.17,0.00,252.07,50.80,94.17,227.51,1812.17,3552.79,2.44,150.91,119.99,598.22,3.00,956.99,59.35,496.18
2026-04-06T13:40:00Z,43.47,2495.44,156.99,473.88,58.81,1857.58,174.36,933.22,68.13,1997.96,170.69,1004.14,23.77,2600.82,156.81,0.00,252.68,50.66,94.20,226.66,1800.37,3549.65,2.90,150.27,121.01,601.89,3.00,950.38,60.19,495.29
2026-04-06T13:50:00Z,43.25,2496.23,156.84,484.27,58.94,1843.72,175.18,950.67,68.37,1998.56,170.10,1000.30,23.97,2594.87,157.40,0.00,247.42,50.04,95.20,220.85,1790.63,3557.65,2.48,149.82,115.48,598.29,3.03,949.89,59.73,516.61
2026-04-06T14:00:00Z,42.91,2514.43,156.33,468.34,58.58,1860.08,174.73,957.90,68.48,1998.43,170.21,1011.17,23.72,2597.32,157.44,0.00,246.97,51.14,94.48,219.49,1799.97,3555.22,2.47,151.10,120.31,604.14,3.00,952.95,60.00,503.04
2026-04-06T14:10:00Z,42.55,2511.31,155.89,440.96,58.60,1858.15,174.76,948.14,68.91,1987.99,169.56,1014.22,23.46,2604.47,157.58,0.00,250.20,49.56,94.84,223.67,1792.00,3539.97,2.63,149.15,119.31,605.02,2.44,940.69,59.67,501.79
2026-04-06T14:20:00Z,42.58,2506.15,156.47,462.66,58.72,1858.48,174.96,940.97,69.13,1977.87,169.78,1021.82,23.78,2607.63,157.59,0.00,250.55,48.25,94.73,225.50,1801.30,3547.41,2.51,150.45,121.51,605.23,3.05,958.34,59.27,500.28
2026-04-06T14:30:00Z,42.73,2500.09,156.49,471.76,58.90,1854.56,174.95,941.51,69.43,1964.47,169.92,1039.50,24.05,2605.32,157.86,0.00,248.89,47.78,95.44,224.06,1806.00,3549.19,2.51,148.87,118.09,606.03,2.78,949.81,60.27,499.11
2026-04-06T14:40:00Z,42.57,2514.44,157.23,469.79,58.25,1860.74,174.75,945.01,69.17,1967.74,170.83,1050.59,23.53,2611.57,157.73,0.00,250.16,50.69,95.34,227.89,1797.84,3543.44,2.41,149.45,117.67,600.34,2.95,948.28,60.87,495.34
2026-04-06T14:50:00Z,42.13,2515.51,157.28,462.52,58.15,1871.22,174.56,933.86,68.89,1970.13,170.56,1032.51,23.38,2616.94,157.14,0.00,246.56,52.33,95.34,222.08,1793.04,3553.85,2.54,150.52,119.17,598.92,2.94,946.20,60.43,499.91
2026-04-06T15:00:00Z,42.04,2519.10,156.48,452.16,58.43,1873.13,174.56,942.44,68.71,1980.78,170.67,1048.38,23.68,2620.80,156.57,0.00,246.50,52.52,94.61,222.16,1792.19,3552.16,2.70,151.49,116.52,593.04,2.74,945.34,60.30,501.75
2026-04-06T15:10:00Z,42.03,2527.98,156.36,439.64,58.06,1872.85,174.83,926.31,68.58,1995.62,170.76,1008.33,24.00,2618.93,157.55,0.00,250.35,51.55,93.96,227.87,1801.13,3540.32,2.65,149.87,121.58,600.61,3.15,941.14,59.38,491.23
2026-04-06T15:20:00Z,41.65,2527.25,156.04,439.60,57.98,1870.52,174.48,913.40,68.96,1987.36,170.65,1007.34,24.08,2599.64,157.15,0.00,248.28,49.67,95.10,224.12,1805.83,3546.36,2.43,150.41,116.02,594.83,3.00,951.41,60.31,507.84
2026-04-06T15:30:00Z,41.86,2528.46,155.99,437.66,57.94,1876.23,174.07,923.66,68.66,1978.58,170.39,1010.60,24.11,2608.20,156.83,0.00,247.17,49.81,95.26,221.69,1800.56,3548.09,2.64,150.72,120.06,596.15,3.05,951.72,59.16,494.11
2026-04-06T15:40:00Z,42.14,2521.64,155.26,437.37,57.59,1868.68,173.25,922.30,68.66,1983.21,170.69,1021.03,24.25,2590.22,156.69,0.00,249.03,48.84,94.36,226.50,1818.27,3557.99,2.54,150.42,120.04,603.00,2.59,960.12,60.69,498.06
2026-04-06T15:50:00Z,42.04,2527.06,155.52,438.45,57.30,1887.62,173.52,878.98,68.42,1991.44,170.97,1003.80,24.28,2587.56,157.55,0.00,246.45,47.50,93.82,222.35,1798.55,3567.35,2.25,150.32,119.08,599.69,3.31,948.24,59.35,501.95
2026-04-06T16:00:00Z,42.20,2512.95,155.62,451.86,57.09,1892.17,173.99,866.60,68.67,1988.49,170.76,1028.42,24.06,2597.55,156.97,0.00,247.40,48.36,94.08,221.74,1806.13,3543.73,2.82,151.33,119.03,607.36,3.10,946.62,60.73,505.98
2026-04-06T16:10:00Z,42.59,2507.32,155.94,452.52,57.02,1909.49,173.62,863.35,68.92,1975.92,170.87,1044.72,24.21,2603.64,157.01,0.00,246.73,50.76,93.85,221.30,1798.26,3563.44,2.74,151.61,117.73,595.92,2.96,953.36,60.47,495.72
2026-04-06T16:20:00Z,42.60,2520.15,156.40,447.14,57.28,1907.57,173.51,878.78,68.73,1965.72,171.20,1045.96,24.14,2602.83,156.76,0.00,243.59,50.36,94.25,221.42,1791.13,3545.16,2.40,148.57,118.60,594.88,3.31,948.91,59.85,497.47
2026-04-06T16:30:00Z,42.60,2515.65,156.17,460.69,57.39,1897.25,172.82,888.33,68.81,1971.95,171.85,1059.12,24.25,2588.78,157.18,0.00,245.21,50.43,94.04,222.06,1804.00,3543.80,2.33,149.50,116.99,598.71,3.21,958.56,60.85,498.44
2026-04-06T16:40:00Z,42.96,2505.93,156.30,460.13,57.34,1897.16,173.20,894.35,68.44,1996.76,171.00,1032.69,24.29,2594.90,157.69,0.00,247.95,51.53,94.42,223.35,1790.51,3558.13,2.28,150.88,119.14,598.91,2.79,943.48,59.63,498.67
2026-04-06T16:50:00Z,42.79,2507.48,156.23,454.09,57.53,1898.91,173.29,886.89,68.55,1992.60,171.47,1023.09,23.94,2601.73,157.44,0.00,250.84,48.89,94.34,225.07,1801.82,3547.83,2.69,151.29,118.06,594.56,3.14,955.86,61.28,501.34
2026-04-06T17:00:00Z,42.84,2502.41,155.87,455.87,57.58,1895.03,174.25,889.81,68.55,1978.99,171.21,1021.82,23.86,2605.51,156.99,0.00,247.02,48.52,94.45,224.19,1800.11,3545.61,2.30,148.83,115.64,599.66,2.92,944.69,59.93,499.73
2026-04-06T17:10:00Z,42.74,2507.27,155.79,461.64,57.90,1876.90,174.06,890.76,68.89,1979.05,170.34,1028.66,23.70,2600.19,156.94,0.00,246.02,47.99,94.08,217.25,1800.27,3547.46,2.47,150.16,116.48,591.92,2.90,946.82,61.05,489.19
2026-04-06T17:20:00Z,42.72,2496.73,156.07,464.28,57.72,1884.70,174.18,900.30,69.00,1978.10,170.94,1025.55,24.22,2600.92,156.33,0.00,245.75,45.51,95.04,221.97,1792.34,3557.83,2.49,150.22,117.96,587.01,3.06,944.31,59.57,482.60
2026-04-06T17:30:00Z,42.68,2505.63,155.71,480.73,57.70,1876.57,174.06,906.16,69.04,1971.92,171.63,1040.11,24.30,2589.16,156.59,0.00,247.06,44.75,94.90,224.67,1811.59,3563.66,2.43,150.31,118.86,602.97,2.84,952.06,59.40,496.33
2026-04-06T17:40:00Z,42.88,2495.81,155.93,479.17,57.92,1877.47,173.96,895.65,68.81,1964.38,171.49,1048.27,24.65,2583.27,156.68,0.00,251.34,46.95,95.01,224.91,1794.87,3546.33,2.48,150.87,121.40,603.90,3.01,946.02,59.04,503.35
2026-04-06T17:50:00Z,42.90,2490.46,156.73,479.01,57.77,1873.38,173.81,903.28,69.11,1964.17,171.42,1050.04,24.39,2595.61,156.76,0.00,251.05,47.33,94.86,224.39,1800.48,3546.51,2.44,150.33,122.07,604.02,2.89,947.25,59.48,508.39
2026-04-06T18:00:00Z,43.34,2488.06,156.97,478.88,57.46,1886.95,174.03,886.38,69.13,1962.84,171.76,1054.51,24.32,2590.27,156.54,0.00,249.62,48.62,94.58,222.77,1795.51,3549.93,2.60,150.87,118.69,605.83,2.75,953.93,58.65,509.17
2026-04-06T18:10:00Z,43.42,2476.89,156.97,495.80,57.67,1875.16,173.36,886.44,68.79,1964.79,171.54,1038.40,24.18,2588.08,156.69,0.00,244.46,50.71,95.08,217.94,1787.43,3560.77,2.51,149.08,117.73,595.06,2.99,939.38,59.01,501.10
2026-04-06T18:20:00Z,43.71,2491.56,156.80,489.09,57.67,1863.91,173.47,909.06,69.33,1973.91,172.05,1036.82,24.53,2587.68,157.33,0.00,248.02,48.79,95.05,222.22,1801.77,3546.55,2.53,149.56,119.45,598.93,2.69,940.76,58.74,506.83
2026-04-06T18:30:00Z,43.58,2485.28,157.29,490.26,57.67,1870.24,173.99,916.11,69.61,1968.62,172.10,1039.44,24.16,2596.89,157.20,0.00,247.25,47.83,94.86,222.57,1803.10,3548.08,2.36,150.82,118.65,597.47,2.78,952.17,58.57,496.71
2026-04-06T18:40:00Z,43.21,2486.33,156.82,493.13,57.74,1878.10,174.30,905.73,69.49,1961.41,171.74,1037.71,24.28,2599.96,157.81,0.00,243.67,47.33,95.66,220.72,1796.44,3548.64,2.50,148.67,115.99,598.13,3.15,947.98,58.67,495.33
2026-04-06T18:50:00Z,43.07,2481.04,156.34,495.76,57.77,1878.86,174.46,910.77,68.96,1970.94,171.85,1034.38,24.49,2591.51,157.00,0.00,249.01,46.34,95.36,223.64,1798.96,3554.83,2.49,152.01,117.46,597.78,3.36,947.79,59.12,505.46
2026-04-06T19:00:00Z,43.57,2480.04,156.44,498.91,57.69,1876.02,173.94,912.14,69.20,1974.21,172.11,1053.74,24.79,2596.05,156.86,0.00,250.88,47.55,94.80,228.03,1808.22,3544.87,2.46,150.61,122.66,597.54,2.99,956.10,59.77,505.13
2026-04-06T19:10:00Z,43.62,2473.20,156.49,513.45,57.54,1880.02,173.65,902.67,69.18,1974.80,171.25,1038.86,25.01,2587.12,157.71,0.00,251.36,50.82,94.42,228.03,1804.85,3552.81,2.27,148.67,120.08,596.97,2.90,955.03,59.72,488.95
2026-04-06T19:20:00Z,43.64,2468.54,156.96,501.89,57.62,1882.16,174.05,893.48,69.42,1965.12,171.22,1034.76,24.79,2587.67,156.98,0.00,249.72,50.47,94.66,223.03,1802.18,3535.77,2.59,149.19,119.88,603.69,2.92,951.94,60.33,510.12
2026-04-06T19:30:00Z,43.45,2475.00,156.62,503.00,57.65,1879.37,174.44,899.67,69.62,1963.98,170.74,1042.94,25.23,2575.79,156.94,0.00,253.69,52.57,94.63,227.24,1800.35,3548.99,2.81,148.70,121.48,597.76,2.88,943.67,59.69,507.48
2026-04-06T19:40:00Z,43.10,2494.96,156.34,510.16,57.96,1866.41,174.40,918.06,69.65,1966.33,171.75,1044.11,25.52,2574.62,156.78,0.00,256.74,49.59,95.32,233.42,1818.01,3541.85,2.43,150.32,124.09,604.91,2.78,967.97,58.25,498.74
2026-04-06T19:50:00Z,42.97,2499.18,156.27,500.87,57.95,1862.67,174.46,926.86,69.62,1965.76,172.17,1060.35,25.35,2568.31,156.96,0.00,255.66,51.25,94.94,232.14,1804.10,3538.58,2.44,149.77,123.27,604.83,2.75,952.95,59.38,504.27
2026-04-06T20:00:00Z,43.39,2499.82,156.44,494.84,57.88,1873.88,174.40,910.71,69.54,1964.98,172.05,1051.00,25.23,2563.30,157.47,0.00,249.84,52.26,95.69,223.85,1788.98,3541.36,2.71,149.20,117.99,595.85,2.86,949.88,60.34,503.18
2026-04-06T20:10:00Z,43.09,2486.45,157.23,487.12,57.76,1874.24,174.79,912.38,69.20,1970.11,172.05,1048.52,24.88,2573.25,158.60,0.00,250.84,51.43,95.91,227.10,1799.82,3552.28,2.54,150.11,120.26,603.78,2.88,949.70,59.33,494.64
2026-04-06T20:20:00Z,42.58,2501.79,156.68,476.86,58.09,1870.27,175.27,910.91,69.47,1962.55,171.54,1057.19,25.23,2580.17,158.43,0.00,255.41,50.68,95.24,231.40,1808.70,3535.65,2.16,150.02,120.89,608.06,3.31,953.34,58.85,511.00
2026-04-06T20:30:00Z,42.70,2504.48,156.65,481.66,58.24,1874.82,174.70,914.47,69.53,1964.57,171.57,1052.42,24.93,2573.62,157.94,0.00,254.85,49.71,94.80,226.28,1817.60,3541.66,2.49,152.02,122.79,602.81,2.87,959.29,60.52,500.29
2026-04-06T20:40:00Z,42.40,2509.22,156.76,472.29,58.03,1861.65,174.50,902.07,69.43,1969.25,171.10,1052.00,24.91,2578.18,157.33,0.00,252.78,48.06,94.82,225.87,1807.08,3551.70,2.43,151.56,120.26,594.12,3.35,948.92,60.36,487.58
2026-04-06T20:50:00Z,42.59,2515.74,156.51,463.23,58.18,1872.37,174.13,900.90,69.20,1978.24,171.07,1045.82,24.68,2586.98,157.57,0.00,250.41,48.16,95.76,225.12,1799.55,3547.70,2.44,150.90,119.55,600.57,3.20,950.72,60.51,500.57
2026-04-06T21:00:00Z,42.77,2504.98,156.76,459.83,58.67,1872.40,175.04,906.95,69.01,1980.62,171.30,1026.39,24.30,2592.83,157.52,0.00,250.84,48.18,96.02,227.89,1802.89,3546.26,2.50,151.22,122.32,607.12,2.87,944.57,59.51,505.03
2026-04-06T21:10:00Z,42.80,2508.68,156.43,465.60,58.75,1869.92,175.00,922.86,69.14,1970.50,171.93,1036.68,24.11,2604.10,156.98,0.00,252.33,49.32,95.06,226.67,1806.33,3551.59,2.28,149.84,123.95,603.70,2.79,951.42,60.24,502.98
2026-04-06T21:20:00Z,42.67,2505.65,155.72,469.22,59.30,1849.13,175.32,937.42,69.49,1965.20,171.68,1053.89,23.86,2600.79,156.69,0.00,252.23,52.27,95.22,226.58,1796.77,3562.60,2.35,149.89,120.75,604.10,3.10,949.95,61.23,501.17
2026-04-06T21:30:00Z,42.43,2506.69,156.16,479.68,59.55,1846.00,175.50,962.13,69.70,1955.94,171.88,1063.93,23.91,2594.37,157.00,0.00,253.54,51.92,94.96,230.17,1810.01,3557.12,2.63,150.31,120.22,603.69,2.68,963.52,61.09,493.49
2026-04-06T21:40:00Z,42.52,2513.00,156.36,465.89,59.17,1838.85,175.41,958.40,69.77,1957.24,172.17,1061.09,24.04,2598.96,157.64,0.00,253.40,50.80,95.20,228.85,1806.45,3541.74,2.45,148.89,120.76,600.09,3.05,959.37,60.38,491.88
2026-04-06T21:50:00Z,42.92,2508.21,155.93,483.45,59.19,1835.39,175.19,966.54,69.86,1958.27,171.86,1079.64,23.85,2600.53,157.74,0.00,252.03,51.86,95.12,225.72,1803.06,3550.55,2.70,149.67,124.96,605.22,3.04,951.42,61.39,501.91
2026-04-06T22:00:00Z,42.69,2500.67,156.39,489.32,59.19,1841.05,175.05,957.15,69.54,1966.93,171.70,1080.94,24.12,2609.78,156.85,0.00,249.64,53.56,94.76,223.54,1804.77,3536.56,2.72,149.84,120.95,598.77,3.04,957.35,62.36,506.92
2026-04-06T22:10:00Z,42.75,2506.11,156.66,474.58,59.11,1841.61,174.68,953.09,69.35,1967.62,171.15,1057.04,24.22,2615.16,157.06,0.00,247.73,53.67,95.68,222.74,1788.16,3538.51,2.45,149.82,123.31,609.03,2.95,944.30,60.44,501.50
2026-04-06T22:20:00Z,42.78,2515.16,156.91,481.05,59.32,1842.98,174.84,949.49,69.10,1967.21,171.35,1047.20,23.79,2612.09,157.51,0.00,253.99,53.80,94.75,226.67,1798.23,3538.69,2.49,150.33,123.57,599.89,3.00,944.96,60.98,484.62
2026-04-06T22:30:00Z,42.82,2518.44,157.31,476.78,59.19,1840.96,174.64,952.52,69.43,1968.00,171.73,1064.61,24.06,2595.78,157.65,0.00,254.98,52.04,95.61,230.80,1801.50,3557.97,2.21,149.81,124.45,598.07,2.78,947.20,62.26,497.33
2026-04-06T22:40:00Z,42.40,2526.27,156.82,470.33,59.06,1843.46,174.55,947.64,69.35,1976.46,171.44,1045.62,24.44,2589.88,157.46,0.00,252.26,50.20,94.37,224.17,1799.93,3549.77,2.30,150.85,120.19,601.29,3.23,952.66,60.63,504.55
2026-04-06T22:50:00Z,42.44,2538.04,155.93,435.48,59.07,1843.32,175.08,939.46,69.14,1983.23,171.57,1038.30,24.77,2583.11,156.85,0.00,254.24,49.98,94.17,228.70,1807.47,3549.02,2.34,149.03,123.10,600.95,2.85,956.56,60.79,507.63
2026-04-06T23:00:00Z,42.94,2501.60,155.24,449.33,59.02,1864.91,174.30,938.23,68.83,1973.89,171.75,1038.71,24.59,2582.28,156.28,0.00,246.63,48.53,93.37,221.45,1793.70,3554.75,2.73,149.67,118.13,601.21,2.97,949.85,59.99,501.76
2026-04-06T23:10:00Z,42.69,2514.28,155.54,456.76,58.90,1854.39,174.68,942.48,68.90,1987.17,172.10,1046.82,24.48,2576.48,157.43,0.00,249.27,49.66,93.60,224.07,1795.58,3550.92,2.48,149.26,117.64,606.14,2.94,949.34,60.11,512.77
2026-04-06T23:20:00Z,42.92,2505.22,155.93,468.98,59.36,1849.56,174.50,957.68,68.85,1983.13,171.44,1047.90,24.35,2582.44,157.81,0.00,250.29,47.92,94.74,225.56,1801.85,3555.75,2.48,149.53,120.66,600.42,3.24,948.92,59.75,504.27
2026-04-06T23:30:00Z,42.95,2514.20,155.53,466.80,59.06,1862.61,174.38,931.17,69.00,1975.51,171.36,1048.64,24.03,2597.02,157.98,0.00,255.34,49.23,95.58,230.79,1806.22,3544.25,2.38,151.46,120.33,599.87,3.16,950.53,59.84,503.80
2026-04-06T23:40:00Z,43.05,2504.44,155.68,468.39,58.91,1846.18,175.27,958.15,69.35,1963.97,171.74,1047.13,24.21,2596.12,156.84,0.00,249.09,50.58,95.54,221.27,1794.77,3548.94,2.48,150.53,118.92,604.90,3.08,951.96,58.24,504.00
2026-04-06T23:50:00Z,43.62,2491.64,156.00,479.88,59.49,1842.72,175.26,957.16,69.38,1972.87,171.26,1049.21,24.09,2597.56,157.14,0.00,250.29,51.37,95.26,223.80,1796.93,3547.57,2.70,149.98,122.36,599.29,3.39,954.07,58.39,494.88
2026-04-07T00:00:00Z,43.87,2492.47,157.34,486.11,59.19,1841.83,174.51,952.27,69.62,1967.34,171.05,1057.97,24.16,2591.00,157.34,0.00,256.06,51.78,95.29,233.59,1807.08,3545.48,2.51,149.57,122.24,600.10,3.16,956.33,59.03,497.36
2026-04-07T00:10:00Z,43.70,2484.20,155.92,489.22,58.99,1845.26,174.97,944.61,69.47,1969.64,170.83,1049.26,23.67,2605.26,157.56,0.00,252.96,51.55,95.23,229.43,1799.98,3540.05,2.55,150.65,121.15,602.48,2.95,947.13,60.52,505.82
2026-04-07T00:20:00Z,43.89,2483.38,155.56,483.69,59.02,1846.19,175.29,944.63,68.98,1971.66,170.70,1043.18,24.21,2594.53,157.46,0.00,254.61,49.04,94.99,223.86,1805.22,3558.13,2.44,148.55,124.15,600.11,3.19,950.30,60.13,502.12
2026-04-07T00:30:00Z,43.72,2473.26,156.45,497.13,58.93,1852.98,175.06,940.11,69.13,1964.24,171.52,1037.75,24.30,2587.48,157.24,0.00,254.32,50.99,95.18,228.46,1799.48,3550.93,2.24,149.69,122.71,598.22,3.08,955.13,59.40,492.88
2026-04-07T00:40:00Z,43.19,2490.24,156.25,480.85,58.75,1853.14,174.69,937.88,69.47,1966.22,171.52,1052.84,24.60,2596.73,156.92,0.00,258.42,49.10,94.54,233.14,1805.75,3551.44,2.40,150.02,125.67,610.50,3.05,955.67,61.22,522.46
2026-04-07T00:50:00Z,42.98,2493.60,155.62,476.23,58.52,1863.52,174.56,925.15,69.28,1958.17,171.26,1060.12,24.60,2594.35,156.76,0.00,252.35,49.00,94.91,226.66,1787.65,3554.69,2.31,149.77,122.97,599.87,2.77,942.34,60.65,503.82
2026-04-07T01:00:00Z,42.91,2490.98,155.69,466.87,58.65,1864.76,174.15,928.85,69.01,1963.94,171.31,1037.13,24.34,2592.88,157.50,0.00,243.43,47.97,94.21,221.35,1793.49,3551.64,2.39,147.19,117.36,594.28,3.13,942.17,59.91,491.88
2026-04-07T01:10:00Z,42.99,2497.95,156.18,461.83,58.60,1873.73,175.09,935.14,69.19,1971.74,171.03,1044.18,24.28,2586.72,157.74,0.00,251.52,50.77,94.37,227.67,1806.14,3547.55,2.71,149.14,119.84,598.40,3.01,951.97,59.81,499.62
2026-04-07T01:20:00Z,42.61,2500.92,156.71,475.35,58.94,1861.95,174.97,947.04,69.28,1968.05,170.54,1043.06,24.72,2580.04,156.44,0.00,253.06,51.63,94.43,229.70,1798.37,3555.97,2.41,149.66,121.70,601.20,3.28,950.94,59.78,504.33
2026-04-07T01:30:00Z,42.66,2510.67,157.00,469.90,59.23,1846.17,174.62,939.91,69.22,1963.94,171.25,1043.71,25.05,2576.86,156.39,0.00,252.15,52.00,94.09,226.39,1801.79,3562.78,2.44,151.34,120.31,597.82,2.64,949.08,59.06,494.58
2026-04-07T01:40:00Z,42.81,2500.68,157.00,462.91,58.79,1862.08,174.36,927.55,69.31,1961.41,171.86,1056.33,24.73,2575.66,156.06,0.00,255.06,51.36,94.48,229.25,1805.53,3545.06,2.47,153.51,121.08,601.71,3.05,956.15,59.74,494.38
2026-04-07T01:50:00Z,42.73,2508.55,156.43,485.13,59.02,1860.21,174.30,943.81,69.34,1969.03,171.28,1044.96,24.70,2591.16,156.17,0.00,250.70,49.44,94.70,224.92,1793.04,3554.08,2.43,149.84,120.71,604.86,2.88,945.60,60.80,508.66
2026-04-07T02:00:00Z,42.50,2502.40,156.54,473.45,58.82,1866.14,174.62,944.00,69.05,1978.29,169.99,1048.98,25.12,2571.53,157.01,0.00,249.06,49.80,94.88,223.44,1802.59,3554.92,2.31,150.21,119.45,596.06,3.16,946.39,61.52,484.90
2026-04-07T02:10:00Z,41.89,2523.96,156.48,454.55,58.97,1855.43,174.46,947.39,69.54,1970.04,170.82,1042.26,25.46,2560.19,157.55,0.00,249.00,47.88,95.19,227.04,1806.23,3557.77,2.57,149.64,120.59,597.44,3.06,951.66,60.40,507.52
2026-04-07T02:20:00Z,41.89,2525.28,155.89,436.76,59.01,1841.05,174.41,948.38,69.52,1967.61,170.71,1057.38,25.56,2565.28,157.56,0.00,249.81,45.85,94.44,222.59,1800.28,3554.85,2.15,149.98,121.65,600.29,3.07,952.03,60.20,492.93
2026-04-07T02:30:00Z,41.74,2536.93,156.03,437.91,58.47,1857.85,174.67,945.44,69.26,1963.49,171.22,1037.92,25.56,2549.60,157.40,0.00,248.43,48.01,94.26,222.34,1798.74,3545.65,2.14,149.50,119.99,602.39,2.74,946.41,62.55,497.89
2026-04-07T02:40:00Z,41.14,2550.76,155.72,420.94,58.58,1865.91,175.04,949.07,69.00,1965.37,172.25,1051.34,25.70,2560.48,157.56,0.00,249.05,47.30,94.53,222.44,1805.77,3540.38,2.43,148.90,120.04,597.79,2.96,952.46,60.66,492.57
2026-04-07T02:50:00Z,41.21,2544.31,155.57,417.09,58.53,1860.60,175.53,945.93,68.78,1980.58,171.82,1038.43,25.85,2563.25,157.44,0.00,249.68,49.32,94.50,222.82,1802.07,3545.89,2.45,148.58,,600.23,2.89,946.56,59.78,494.01
2026-04-07T03:00:00Z,41.69,2538.87,155.71,414.77,58.79,1859.76,175.61,950.14,68.48,1982.33,171.74,1032.27,26.11,2553.35,157.17,0.00,249.38,50.15,93.47,226.69,1795.71,3549.33,2.32,150.53,119.35,602.18,2.97,949.30,59.42,502.46
2026-04-07T03:10:00Z,41.86,2524.50,156.11,423.43,58.47,1857.50,175.14,944.01,68.77,1988.35,171.23,1025.71,26.15,2545.53,157.31,0.00,254.90,50.48,94.00,229.25,1813.96,3549.51,2.54,149.41,121.27,602.25,2.72,952.62,59.74,509.24
2026-04-07T03:20:00Z,41.71,2517.51,155.76,434.65,58.26,1864.83,174.98,925.13,68.63,1992.46,170.71,1017.00,25.88,2539.02,157.60,0.00,249.76,48.86,94.25,223.31,1796.32,3551.24,2.44,147.89,118.43,600.63,2.87,947.00,59.82,497.93
2026-04-07T03:30:00Z,41.97,2532.47,156.27,435.94,58.26,1870.09,175.23,927.19,68.67,1992.29,170.50,1023.55,25.85,2547.15,157.76,0.00,247.22,50.34,94.57,223.81,1793.40,3542.94,2.68,149.48,120.82,600.55,3.18,950.53,59.09,506.42
2026-04-07T03:40:00Z,42.19,2531.86,156.44,431.67,58.07,1871.72,174.98,918.98,68.54,1988.91,170.75,1031.49,25.94,2538.96,157.25,0.00,249.84,50.23,94.31,224.95,1798.23,3560.20,2.36,149.40,121.26,596.32,2.95,950.18,59.96,489.95
2026-04-07T03:50:00Z,42.25,2527.41,155.72,439.44,58.02,1877.78,174.92,922.48,68.37,1996.09,170.89,1031.77,25.82,2545.65,156.80,0.00,245.12,49.09,94.39,221.07,1793.68,3552.78,2.70,151.22,114.32,602.24,3.01,941.20,60.50,502.02
2026-04-07T04:00:00Z,42.32,2524.37,156.07,449.70,57.87,1879.02,174.24,927.11,68.23,1997.09,170.88,1009.23,25.65,2558.10,156.11,0.00,242.61,49.31,95.50,220.30,1792.48,3555.25,2.49,150.27,116.82,596.44,2.98,944.45,59.78,505.50
2026-04-07T04:10:00Z,42.10,2522.81,155.97,437.42,57.76,1884.52,174.63,912.97,68.51,1992.59,170.11,1006.37,25.66,2557.51,156.51,0.00,244.01,49.48,95.13,217.56,1793.43,3551.29,2.33,149.38,117.57,598.74,3.07,946.05,59.63,505.79
2026-04-07T04:20:00Z,42.21,2521.02,156.38,436.34,57.88,1882.04,174.76,913.13,69.03,1979.98,170.73,1024.61,25.47,2558.95,157.33,0.00,243.39,48.32,94.79,219.24,1808.10,3552.27,2.79,149.35,117.19,600.60,3.05,950.10,59.14,502.14
2026-04-07T04:30:00Z,41.83,2531.64,155.98,435.83,58.10,1869.28,174.18,900.64,68.99,1975.74,171.26,1027.82,25.30,2563.99,157.02,0.00,248.62,47.73,94.78,226.23,1797.19,3535.65,2.61,148.86,119.62,603.48,3.33,947.25,58.81,514.56
2026-04-07T04:40:00Z,42.06,2534.79,155.83,423.86,58.37,1869.21,173.59,915.25,68.74,1975.93,170.90,1036.92,25.07,2568.09,156.64,0.00,247.23,47.61,94.16,226.60,1802.36,3559.07,2.31,150.99,120.51,600.49,2.98,951.97,58.50,492.35
2026-04-07T04:50:00Z,41.92,2533.68,155.57,441.51,58.31,1865.59,173.34,907.35,69.02,1977.35,170.82,1039.21,25.03,2565.38,156.54,0.00,248.52,49.41,92.99,220.77,1802.34,3548.52,2.42,151.32,121.29,596.25,2.88,950.75,58.19,504.23
2026-04-07T05:00:00Z,41.70,2539.70,155.62,436.79,58.58,1865.89,174.23,915.96,69.01,1988.95,171.46,1025.50,24.87,2573.52,157.33,0.00,246.22,49.72,93.91,218.64,1799.04,3555.12,2.51,148.88,118.63,595.60,3.31,951.28,57.34,502.19
2026-04-07T05:10:00Z,42.22,2534.16,155.88,446.18,58.63,1872.75,174.32,913.42,68.92,1983.03,172.05,1019.97,25.01,2573.69,156.81,0.00,243.69,50.15,94.12,218.04,1790.77,3551.03,2.30,149.52,116.37,601.35,2.91,946.76,60.04,487.16
2026-04-07T05:20:00Z,42.11,2527.49,155.76,442.36,58.52,1855.64,174.33,913.49,68.73,1990.80,171.04,1028.84,25.12,2575.10,157.02,0.00,243.81,49.91,94.95,217.52,1790.97,3552.14,2.59,150.56,117.11,595.73,2.57,937.48,60.97,498.31
2026-04-07T05:30:00Z,42.10,2526.11,155.58,436.01,58.58,1866.51,174.44,924.35,68.46,1991.05,170.96,1028.59,25.50,2574.85,157.18,0.00,244.14,50.79,94.85,225.82,1800.40,3550.33,2.38,150.90,116.50,592.95,2.97,948.23,60.59,496.70
2026-04-07T05:40:00Z,42.54,2515.08,155.56,441.40,58.44,1872.25,174.25,921.16,68.57,1983.09,171.01,1022.80,25.24,2576.70,157.38,0.00,243.92,48.42,94.87,217.14,1785.20,3548.06,2.52,147.87,115.65,599.42,3.50,941.22,59.95,496.73
2026-04-07T05:50:00Z,42.85,2512.44,155.44,448.32,58.12,1869.80,173.91,912.64,68.35,1992.56,170.42,1033.24,25.52,2573.85,157.33,0.00,243.03,47.52,93.99,219.06,1791.10,3554.53,2.58,149.16,117.58,595.54,2.80,939.64,59.03,499.60
2026-04-07T06:00:00Z,42.70,2507.11,155.75,454.43,57.77,1879.51,173.32,922.12,67.96,1991.63,170.94,1029.99,25.64,2567.37,157.02,0.00,244.45,48.89,93.56,221.68,1801.04,3553.79,2.77,149.88,117.78,594.20,2.81,955.04,58.83,491.10
2026-04-07T06:10:00Z,43.19,2501.39,156.21,464.40,57.71,1881.70,173.71,904.77,67.61,2004.16,170.77,1012.27,25.60,2563.07,156.90,0.00,245.65,48.12,93.77,224.23,1800.44,3549.57,2.41,150.75,120.02,599.82,3.19,951.29,59.85,486.96
2026-04-07T06:20:00Z,43.09,2508.12,155.71,449.88,57.67,1886.87,174.19,916.68,67.66,2001.51,170.72,1008.57,26.26,2557.84,157.95,0.00,243.97,50.04,93.96,221.74,1807.15,3549.37,2.75,151.64,117.10,589.04,2.59,952.51,58.62,488.36
2026-04-07T06:30:00Z,43.15,2504.35,155.63,460.86,57.97,1877.91,174.02,904.60,67.57,2007.33,171.41,1002.30,26.34,2546.59,158.21,0.00,242.31,50.55,93.23,219.73,1787.48,3547.39,2.45,150.59,116.37,598.40,3.11,943.46,58.42,515.02
2026-04-07T06:40:00Z,43.19,2496.17,155.86,473.24,57.95,1859.34,173.99,904.52,67.52,2014.91,170.99,988.84,26.00,2552.19,157.62,0.00,241.14,50.59,94.35,216.29,1788.54,3561.80,2.48,149.88,115.26,597.67,3.54,942.00,59.23,504.14
2026-04-07T06:50:00Z,43.30,2495.95,156.13,478.06,57.75,1861.33,173.52,900.68,67.68,2004.85,171.07,980.06,26.13,2542.54,156.80,0.00,244.27,50.63,94.06,218.83,1789.11,3537.39,2.53,148.20,115.68,590.94,3.11,941.16,58.73,481.83
2026-04-07T07:00:00Z,43.72,2497.39,156.56,489.26,57.73,1871.28,174.19,905.25,67.45,2011.81,170.05,985.67,26.08,2540.90,156.40,0.00,243.33,50.13,94.64,216.78,1797.08,3561.16,2.42,150.10,117.70,596.69,3.50,945.00,58.83,493.97
2026-04-07T07:10:00Z,43.67,2493.41,156.75,490.25,57.25,1880.26,173.99,889.76,67.64,1997.52,169.83,987.91,25.66,2561.33,157.35,0.00,239.10,51.08,94.92,215.43,1779.29,3547.36,2.22,148.74,114.08,588.14,2.77,938.16,60.13,498.31
2026-04-07T07:20:00Z,43.78,2482.87,156.34,486.33,57.19,1900.67,174.01,891.29,67.55,2010.23,170.02,981.26,26.03,2553.73,157.43,0.00,240.23,48.31,94.44,216.22,1792.96,3560.55,2.62,149.73,114.26,590.02,2.89,948.00,59.00,487.06
2026-04-07T07:30:00Z,43.62,2470.18,156.55,497.10,57.38,1893.44,173.60,887.07,67.41,2015.01,170.47,979.65,25.90,2550.81,157.61,0.00,242.58,48.42,95.25,220.51,1803.22,3549.80,2.52,150.52,117.15,604.56,2.89,957.73,58.13,509.02
2026-04-07T07:40:00Z,43.98,2479.33,156.66,510.89,57.80,1888.25,173.60,898.45,67.41,2010.29,170.42,981.49,26.25,2546.29,157.37,0.00,245.36,48.37,94.66,222.59,1798.89,3569.28,2.59,150.60,117.45,599.87,2.45,948.31,58.99,491.18
2026-04-07T07:50:00Z,44.13,2472.59,156.68,500.46,58.02,1884.06,174.20,900.50,67.73,2007.83,170.81,995.71,26.11,2540.96,156.99,0.00,251.03,48.40,94.36,229.14,1801.72,3548.94,2.47,149.19,120.35,607.75,2.86,948.65,58.19,497.96
2026-04-07T08:00:00Z,43.97,2474.59,157.85,500.97,57.43,1871.72,173.79,913.52,68.03,2005.55,171.01,995.52,26.36,2546.01,156.58,0.00,253.01,47.26,95.59,225.67,1790.41,3540.09,2.68,149.70,122.51,601.52,3.03,942.10,59.57,507.02
2026-04-07T08:10:00Z,43.70,2480.57,157.48,494.55,57.45,1879.59,173.80,898.12,68.27,1983.73,171.03,1008.66,25.93,2541.13,156.39,0.00,246.38,49.41,95.03,219.48,1792.59,3550.44,2.46,150.01,118.88,597.66,3.29,950.65,61.31,497.06
2026-04-07T08:20:00Z,43.70,2473.97,156.43,499.02,57.39,1886.20,173.52,895.43,68.32,1986.40,171.32,1019.29,25.98,2542.97,156.91,0.00,245.54,48.17,96.20,224.30,1795.33,3548.23,2.26,149.57,118.46,601.90,2.96,946.28,59.85,495.23
2026-04-07T08:30:00Z,43.46,2483.96,156.48,499.78,57.26,1894.75,173.38,877.12,68.33,1997.20,170.69,1012.74,26.40,2552.78,157.39,0.00,251.09,49.71,95.36,226.97,1802.12,3562.14,2.51,150.67,121.41,604.05,2.80,947.42,60.99,504.85
2026-04-07T08:40:00Z,43.74,2489.83,156.61,507.64,57.16,1883.95,173.40,893.08,68.32,1991.61,169.60,1007.50,26.80,2546.28,157.39,0.00,248.10,49.70,95.39,220.41,1797.19,3550.94,2.61,150.96,118.75,601.61,2.92,950.47,60.99,504.22
2026-04-07T08:50:00Z,43.60,2488.70,156.19,489.38,56.43,1897.85,173.57,871.82,68.54,1993.76,170.32,1012.60,26.82,2532.86,156.83,0.00,245.69,48.50,94.60,218.14,1789.32,3559.80,2.36,149.49,116.70,591.24,3.43,946.69,59.15,496.07
2026-04-07T09:00:00Z,43.77,2497.15,156.03,497.06,56.38,1894.81,172.40,869.31,68.34,1999.10,170.60,1011.68,26.82,2545.17,157.24,0.00,238.50,49.36,93.62,217.77,1793.23,3556.27,2.68,148.80,112.69,591.50,3.07,943.84,59.73,497.35
2026-04-07T09:10:00Z,44.15,2482.69,155.85,496.56,56.52,1897.97,172.11,861.94,68.63,1993.54,170.71,1020.35,26.70,2546.92,157.03,0.00,242.88,51.95,94.61,221.22,1795.64,3561.25,2.37,148.46,115.79,594.81,2.75,941.36,59.69,500.32
2026-04-07T09:20:00Z,44.60,2470.10,156.58,510.08,56.63,1897.01,173.40,869.78,68.39,1977.69,170.54,1011.52,26.45,2532.79,157.40,0.00,244.82,47.94,95.28,220.71,1796.64,3551.79,2.56,149.03,119.52,597.74,3.02,949.17,60.01,501.96
2026-04-07T09:30:00Z,44.71,2457.00,157.01,518.23,56.72,1895.19,173.02,865.34,68.70,1974.29,171.71,1026.60,26.40,2535.86,157.46,0.00,249.91,49.29,95.01,222.75,1808.96,3536.81,2.60,150.57,120.07,603.06,3.08,953.93,58.81,505.80
2026-04-07T09:40:00Z,44.63,2457.10,156.86,519.12,56.64,1914.48,173.05,865.22,68.62,1983.37,171.52,1031.99,25.83,2545.71,156.97,0.00,248.77,49.24,95.06,225.09,1797.63,3559.19,2.61,150.69,115.81,601.03,2.82,949.92,60.42,512.42
2026-04-07T09:50:00Z,44.54,2465.34,157.42,516.25,56.83,1907.67,173.38,855.09,68.43,1985.20,171.82,1033.89,25.63,2563.18,157.44,0.00,250.26,50.46,95.56,225.12,1800.49,3552.79,2.61,149.71,120.25,603.09,2.90,946.54,59.45,504.19
2026-04-07T10:00:00Z,44.57,2460.70,157.10,520.29,57.01,1901.95,173.66,862.14,68.69,1988.86,171.39,1040.53,25.59,2559.15,157.31,0.00,252.50,50.98,94.99,226.58,1800.99,3560.13,2.52,149.54,121.66,600.60,2.83,953.01,59.88,497.11
2026-04-07T10:10:00Z,44.38,2473.33,156.76,517.05,56.58,1915.08,173.92,863.69,68.48,1985.09,171.56,1037.36,25.55,2549.35,157.09,0.00,252.04,50.15,95.02,229.39,1804.53,3557.40,2.67,150.97,119.18,598.37,2.75,953.34,59.53,507.30
2026-04-07T10:20:00Z,44.59,2463.15,157.02,517.01,56.64,1914.06,173.44,860.55,68.63,1993.61,171.50,1033.77,25.51,2555.25,157.51,0.00,249.76,51.65,95.04,222.56,1800.08,3551.55,2.68,150.03,118.29,592.45,3.11,956.06,60.20,494.26
2026-04-07T10:30:00Z,44.64,2454.42,157.48,529.34,56.33,1916.88,173.51,862.65,68.02,1999.40,171.03,1024.85,26.01,2551.23,157.18,0.00,250.20,49.31,95.99,228.56,1807.29,3554.31,2.65,150.13,121.81,599.02,2.93,954.19,59.57,497.63
2026-04-07T10:40:00Z,44.79,2456.78,156.82,528.17,56.25,1926.16,173.23,855.74,68.80,1991.19,171.10,1011.29,25.88,2558.90,157.10,0.00,245.98,50.18,95.67,222.12,1790.51,3549.53,2.69,150.62,118.50,596.40,2.89,947.22,60.68,495.76
2026-04-07T10:50:00Z,44.68,2461.08,157.56,526.90,56.62,1918.60,172.87,843.82,68.87,1996.09,170.38,1024.73,25.71,2571.52,157.81,0.00,247.73,49.82,94.51,218.88,1798.69,3548.02,2.46,149.81,118.68,593.52,2.72,947.89,59.60,495.94
2026-04-07T11:00:00Z,44.71,2443.45,157.71,530.75,57.04,1914.80,173.02,853.96,68.69,1996.56,170.70,1032.03,25.84,2566.35,157.54,0.00,253.87,49.96,95.19,229.14,1803.65,3560.02,2.46,150.25,121.39,602.23,2.92,956.68,60.15,505.23
2026-04-07T11:10:00Z,45.09,2443.63,157.42,544.71,57.06,1895.88,173.57,853.84,68.72,1993.76,170.61,1028.95,25.86,2569.54,157.72,0.00,250.91,51.14,94.85,225.39,1800.53,3540.27,2.66,149.52,119.98,607.00,2.84,955.94,60.35,503.21
2026-04-07T11:20:00Z,44.78,2441.60,157.70,555.64,57.03,1898.24,173.31,867.03,68.88,1991.46,171.25,1035.95,26.20,2558.62,157.35,0.00,252.50,51.01,94.88,223.98,1806.14,3559.17,2.58,149.00,119.92,594.90,3.11,951.47,60.78,501.26
2026-04-07T11:30:00Z,44.98,2448.98,157.04,546.23,57.27,1895.59,172.37,876.57,68.99,1983.91,171.05,1041.24,26.23,2547.62,156.99,0.00,252.85,51.62,93.89,225.79,1804.73,3554.56,2.70,148.96,122.19,604.92,2.95,946.57,60.69,504.62
2026-04-07T11:40:00Z,44.88,2458.32,157.78,540.35,57.43,1896.62,172.99,875.02,68.93,1986.48,171.50,1045.55,26.41,2539.89,156.59,0.00,253.27,53.66,95.69,229.94,1812.52,3552.58,2.56,149.27,120.81,592.31,3.02,951.50,60.75,494.46
2026-04-07T11:50:00Z,44.49,2452.67,157.77,536.21,57.57,1886.42,173.17,880.04,69.07,1970.70,171.86,1038.24,26.41,2545.46,156.71,0.00,253.47,51.73,96.23,230.32,1812.97,3564.26,2.65,149.68,121.58,600.71,2.98,959.48,60.26,499.72
2026-04-07T12:00:00Z,44.70,2459.77,158.33,531.40,57.77,1882.05,172.88,888.92,69.61,1954.91,172.30,1069.73,26.74,2534.67,157.38,0.00,251.40,50.48,96.40,227.12,1787.38,3555.12,2.55,150.51,118.56,594.08,2.74,938.74,59.90,497.10
2026-04-07T12:10:00Z,44.76,2455.71,158.15,527.74,57.77,1885.56,172.50,881.34,69.54,1967.38,172.56,1073.46,26.69,2538.32,157.99,0.00,251.89,51.62,95.82,225.51,1800.58,3549.64,2.32,150.31,122.85,607.24,2.69,947.43,59.16,514.11
2026-04-07T12:20:00Z,44.32,2462.75,157.98,537.16,58.53,1878.45,173.44,909.92,69.50,1966.68,172.08,1069.04,26.93,2536.95,157.53,0.00,253.63,52.00,95.38,225.50,1796.19,3550.90,2.40,149.52,122.72,593.78,3.23,947.17,58.11,504.50
2026-04-07T12:30:00Z,44.51,2450.56,158.00,542.94,58.64,1862.86,173.92,916.04,69.47,1962.17,172.00,1067.34,27.12,2522.97,157.65,0.00,249.18,50.21,95.75,221.63,1797.33,3555.98,2.63,151.33,119.48,602.43,2.84,947.58,58.81,504.06
2026-04-07T12:40:00Z,44.97,2456.73,158.22,544.31,58.65,1860.68,174.66,932.24,69.34,1967.19,171.68,1065.84,27.25,2526.61,157.07,0.00,255.56,50.62,94.97,233.72,1811.03,3549.89,2.54,149.91,123.09,604.61,3.18,949.39,59.43,505.12
2026-04-07T12:50:00Z,44.76,2456.52,158.32,547.79,58.85,1858.04,174.68,926.86,69.47,1962.93,171.64,1055.23,27.26,2528.66,157.32,0.00,249.24,52.78,95.46,224.98,1785.76,3546.81,2.29,151.95,118.83,598.01,3.37,943.09,59.44,497.86
2026-04-07T13:00:00Z,45.02,2449.49,158.80,544.56,58.64,1857.57,174.71,931.29,69.02,1965.02,171.13,1042.07,27.03,2537.98,157.93,0.00,252.56,49.80,94.61,225.19,1806.99,3542.08,2.83,149.49,121.64,605.28,2.72,950.86,59.11,507.11
2026-04-07T13:10:00Z,45.17,2442.33,158.54,552.71,58.79,1866.36,174.69,927.09,68.51,1985.55,171.12,1022.91,27.29,2522.19,156.78,0.00,255.15,50.98,94.20,228.68,1799.48,3553.68,2.72,149.38,122.96,599.15,3.09,943.98,60.24,494.22
2026-04-07T13:20:00Z,45.27,2450.78,157.92,544.98,58.39,1857.47,174.90,925.24,68.60,1987.65,171.44,1024.57,26.62,2528.74,157.09,0.00,246.81,49.82,94.49,220.28,1799.69,3543.85,2.76,150.25,117.54,598.56,3.02,950.06,59.62,500.86
2026-04-07T13:30:00Z,45.16,2458.32,157.96,523.52,58.57,1852.19,174.97,930.55,68.83,1974.03,171.85,1036.14,26.23,2531.74,157.26,0.00,255.52,48.54,95.57,225.54,1802.43,3553.96,2.64,150.78,121.22,602.13,3.04,952.08,59.52,505.05
2026-04-07T13:40:00Z,45.33,2462.15,157.79,522.04,58.47,1853.15,174.72,917.17,68.64,1973.27,171.82,1026.62,26.32,2533.56,156.90,0.00,252.30,49.53,95.39,229.79,1797.39,3556.01,2.35,150.39,119.29,599.59,2.91,942.18,57.87,501.68
2026-04-07T13:50:00Z,44.94,2456.72,158.48,541.07,58.48,1866.93,175.04,926.83,68.75,1972.07,171.11,1032.03,26.37,2537.89,157.86,0.00,249.39,51.35,95.02,228.34,1808.80,3549.54,2.54,148.26,120.90,601.23,3.23,953.15,58.19,503.57
2026-04-07T14:00:00Z,44.30,2465.36,158.72,541.22,58.62,1855.80,174.81,934.74,69.14,1964.57,171.68,1025.05,26.78,2524.71,157.88,0.00,253.19,52.97,95.05,229.46,1813.90,3562.78,2.31,150.26,122.11,604.62,3.22,951.92,59.73,496.59
2026-04-07T14:10:00Z,44.12,2472.04,157.70,510.19,58.45,1863.00,174.24,939.18,69.21,1969.47,171.65,1030.91,26.81,2528.27,157.41,0.00,248.65,53.23,95.23,224.29,1799.14,3546.75,2.53,149.38,117.73,598.60,3.02,948.59,59.90,497.09
2026-04-07T14:20:00Z,43.91,2486.74,157.46,497.76,58.52,1861.43,174.62,939.15,68.82,1963.88,171.79,1042.88,26.76,2524.29,157.28,0.00,252.12,51.19,95.12,225.61,1797.60,3548.44,2.49,150.38,118.99,600.88,3.12,956.14,60.94,491.17
2026-04-07T14:30:00Z,43.85,2473.19,156.86,491.56,58.51,1863.16,174.65,943.91,68.54,1974.69,171.20,1049.61,26.64,2529.77,157.72,0.00,251.56,51.29,95.53,226.69,1791.69,3538.76,2.66,150.61,119.62,592.55,2.80,952.77,60.08,480.47
2026-04-07T14:40:00Z,43.59,2473.37,157.19,490.07,58.79,1858.69,174.25,931.23,68.40,1978.65,171.43,1048.94,26.84,2526.28,157.54,0.00,241.87,50.57,95.72,215.83,1789.50,3549.08,2.55,150.00,116.03,595.89,3.05,940.78,60.70,490.25
2026-04-07T14:50:00Z,43.40,2475.06,156.21,494.16,58.69,1865.74,173.83,934.77,68.56,1988.10,170.85,1055.22,27.10,2529.96,157.06,0.00,251.65,51.54,94.74,226.41,1802.96,3555.21,2.48,151.14,121.63,600.98,2.98,954.51,61.25,508.10
2026-04-07T15:00:00Z,43.36,2492.65,156.65,466.75,58.97,1858.75,174.12,952.69,68.53,1994.58,171.36,1035.77,27.27,2519.09,157.56,0.00,248.58,50.92,94.29,219.75,1794.87,3557.01,2.56,148.31,118.51,594.69,2.95,947.83,61.10,497.23
2026-04-07T15:10:00Z,43.85,2482.45,157.26,489.38,58.92,1861.32,174.09,953.38,68.37,1994.47,171.26,1022.66,27.11,2509.03,158.01,0.00,245.15,50.74,94.03,220.75,1791.53,3536.99,2.52,150.64,117.75,598.17,3.22,941.32,60.83,492.79
2026-04-07T15:20:00Z,43.86,2481.04,157.22,500.77,59.99,1836.21,174.99,974.76,68.10,2007.34,171.56,1007.73,26.95,2514.86,157.56,0.00,251.73,49.61,95.12,224.48,1801.09,3557.75,2.64,149.39,120.28,603.93,2.64,950.40,60.58,497.56
2026-04-07T15:30:00Z,44.30,2467.38,157.30,507.58,60.08,1825.89,174.79,986.86,68.21,1993.65,171.78,1021.25,26.85,2519.31,156.81,0.00,258.01,50.44,94.89,227.17,1802.22,3546.59,2.47,149.84,123.32,599.59,2.89,949.30,58.08,510.08
2026-04-07T15:40:00Z,44.17,2470.78,157.33,503.50,60.24,1820.49,175.42,980.57,68.39,1996.23,171.26,1021.80,26.86,2531.01,157.04,0.00,253.76,49.53,95.72,226.71,1804.28,3556.43,2.56,149.92,119.37,595.08,3.34,938.63,59.67,496.62
2026-04-07T15:50:00Z,43.96,2472.95,156.82,515.65,60.18,1822.66,175.63,977.55,68.27,1993.97,170.89,1015.22,26.96,2526.66,157.62,0.00,250.43,50.96,95.14,224.88,1795.47,3544.59,2.80,150.40,121.69,595.90,3.08,953.26,58.89,493.39
2026-04-07T16:00:00Z,44.37,2468.61,157.07,516.97,60.09,,175.48,977.44,68.62,1980.71,171.50,1032.40,27.05,2526.40,156.80,0.00,252.94,50.90,95.54,226.09,1801.59,3540.82,2.29,150.57,121.16,601.69,2.93,952.87,59.81,507.11
2026-04-07T16:10:00Z,44.12,2468.97,157.16,503.45,60.33,1810.20,174.76,976.02,68.12,1993.80,171.49,1025.25,27.22,2519.85,156.79,0.00,247.24,50.98,95.11,222.29,1796.20,3542.59,2.52,148.19,118.62,592.36,3.49,949.84,60.25,491.06
2026-04-07T16:20:00Z,43.97,2473.78,,504.54,60.35,1808.26,174.95,986.46,67.94,1994.86,171.20,1018.41,27.23,2523.21,156.72,0.00,243.66,50.61,94.41,222.66,1793.39,3555.32,2.04,150.72,115.66,588.45,2.82,954.65,60.14,494.29
2026-04-07T16:30:00Z,44.18,2472.05,156.99,520.19,60.12,1821.21,174.96,990.96,67.93,1999.75,171.19,989.90,26.93,2525.92,156.95,0.00,253.07,51.37,95.42,228.50,1803.92,3554.98,2.26,150.57,120.37,601.52,3.14,956.79,60.31,502.07
2026-04-07T16:40:00Z,43.67,2468.03,156.74,517.72,59.94,1822.59,175.35,974.03,68.39,2000.51,171.16,1007.00,26.73,2522.59,157.99,0.00,247.00,52.26,95.44,219.89,1799.30,3545.54,2.42,150.66,122.92,608.88,2.99,952.35,60.38,515.57
2026-04-07T16:50:00Z,43.60,2471.06,157.63,517.68,60.15,1820.21,175.32,986.60,68.37,1994.51,171.02,1029.40,26.34,2533.84,157.57,0.00,249.12,50.45,95.09,227.35,1795.91,3534.21,2.37,149.13,119.55,597.03,3.48,951.46,59.81,485.51
2026-04-07T17:00:00Z,43.76,2473.95,156.93,515.97,60.04,1825.11,175.50,976.31,68.42,1989.43,170.43,1031.03,26.60,2523.20,157.65,0.00,247.96,52.13,95.50,223.54,1803.72,3550.73,2.64,148.40,120.37,603.58,3.25,949.27,60.67,516.12
2026-04-07T17:10:00Z,43.93,2479.48,157.01,499.74,59.95,1818.97,175.79,974.53,68.14,1989.22,170.63,1020.48,26.70,2533.89,156.99,0.00,247.57,50.91,94.93,219.70,1802.33,3546.68,2.20,150.27,119.12,592.02,3.08,947.17,59.49,499.01
2026-04-07T17:20:00Z,44.20,2470.69,156.55,501.62,59.48,1823.46,175.15,966.07,68.51,1985.30,171.07,1030.40,26.46,2531.14,156.79,0.00,246.85,49.11,95.00,224.19,1801.68,3545.40,2.76,149.76,117.41,599.60,3.29,945.28,59.11,503.32
2026-04-07T17:30:00Z,43.65,2482.42,156.14,497.53,59.42,1831.47,175.71,947.77,68.91,1983.50,171.99,1044.47,26.49,2530.20,156.80,0.00,252.18,50.80,95.94,230.51,1802.30,3565.14,2.64,149.36,120.94,605.98,2.96,954.91,59.16,507.83
2026-04-07T17:40:00Z,43.36,2487.53,156.77,498.74,59.03,1833.62,175.61,969.21,68.92,1988.19,171.18,1012.05,26.91,2528.34,156.80,0.00,245.89,51.54,95.08,217.69,1806.31,3548.69,2.53,151.81,117.52,597.98,3.49,950.48,58.84,502.34
2026-04-07T17:50:00Z,43.29,2490.90,155.93,497.90,59.22,1845.31,175.51,957.70,68.93,1983.06,171.11,1019.18,26.92,2528.29,157.35,0.00,246.43,48.55,95.39,220.18,1795.43,3566.83,2.35,151.16,119.77,599.64,2.86,950.28,59.08,503.54
2026-04-07T18:00:00Z,43.52,2487.18,155.75,497.27,58.62,1845.61,175.38,945.19,69.16,1970.21,171.16,1037.86,27.34,2522.76,157.44,0.00,250.61,50.46,94.48,226.61,1797.27,3565.46,2.49,150.65,118.30,595.58,2.94,953.07,58.91,497.54
2026-04-07T18:10:00Z,43.60,2490.13,156.42,488.60,58.37,1854.92,175.24,946.46,69.54,1960.59,171.58,1029.91,27.42,2526.52,157.06,0.00,248.19,51.97,94.72,222.59,1805.62,3550.90,2.45,149.34,124.55,606.83,2.78,947.60,58.48,506.44
2026-04-07T18:20:00Z,43.89,2480.24,156.85,502.97,57.53,1870.61,174.47,911.45,69.36,1964.85,171.08,1054.45,27.09,2516.29,157.28,0.00,251.51,49.34,94.16,225.13,1793.97,3544.07,2.50,151.06,121.74,599.89,2.94,942.51,59.60,504.86
2026-04-07T18:30:00Z,43.72,2474.15,157.69,513.13,58.56,1866.07,174.49,918.21,69.44,1964.60,171.38,1062.16,27.18,2513.84,157.49,0.00,250.96,48.72,94.10,225.94,1801.59,3553.55,2.56,150.88,119.33,597.94,2.81,953.66,59.35,495.80
2026-04-07T18:40:00Z,43.76,2480.18,156.99,492.69,58.50,1850.18,174.38,935.82,69.38,1972.09,171.71,1062.82,27.39,2510.28,157.77,0.00,249.57,48.27,94.38,225.38,1791.76,3543.02,2.62,150.03,119.97,603.02,3.07,950.05,59.55,502.39
2026-04-07T18:50:00Z,44.11,2479.29,156.74,511.59,58.70,1866.02,174.36,938.71,69.32,1964.31,171.49,1051.12,26.80,2523.15,157.50,0.00,248.59,51.13,94.79,224.06,1797.67,3538.07,2.68,149.84,120.07,605.13,2.99,945.75,58.34,500.96
2026-04-07T19:00:00Z,44.50,2470.81,157.75,512.41,58.26,1860.22,174.03,929.25,69.02,1967.95,171.19,1044.43,27.08,2516.51,157.57,0.00,248.93,50.84,95.36,222.40,1809.35,3551.24,2.69,149.29,118.40,594.43,2.66,955.13,58.89,484.96
2026-04-07T19:10:00Z,44.28,2473.24,157.53,520.52,58.19,1867.69,174.32,928.64,68.95,1966.88,171.79,1041.17,27.13,2526.67,157.22,0.00,251.45,50.71,94.17,227.17,1801.95,3554.61,2.53,150.16,120.34,597.97,3.48,959.79,57.84,500.80
2026-04-07T19:20:00Z,44.32,2469.99,158.10,514.15,57.90,1882.19,174.59,912.28,68.38,1982.89,171.53,1016.16,27.06,2527.03,157.40,0.00,252.45,52.29,93.97,231.19,1803.70,3539.23,2.53,149.33,122.44,600.89,2.99,944.61,59.00,494.81
2026-04-07T19:30:00Z,44.39,2466.97,157.80,507.26,58.05,1868.43,174.66,926.70,68.42,1995.67,172.19,1033.86,26.59,2528.81,157.57,0.00,250.76,51.85,93.96,225.17,1799.06,3551.99,2.73,150.47,116.55,598.72,2.80,947.52,59.61,495.62
2026-04-07T19:40:00Z,44.42,2468.04,157.59,530.17,57.32,1879.91,174.44,919.05,68.53,1988.98,172.19,1028.21,26.52,2532.79,157.70,0.00,253.58,50.31,95.10,228.40,1801.11,3553.50,2.39,151.12,122.67,608.58,3.15,955.36,60.32,508.82
2026-04-07T19:50:00Z,44.24,2470.28,157.45,503.77,57.40,1879.28,174.30,892.81,69.13,1970.20,171.66,1039.62,26.46,2531.44,157.84,0.00,250.43,52.24,94.68,224.67,1807.74,3560.98,2.40,151.39,118.79,599.53,2.85,950.67,60.05,507.62
2026-04-07T20:00:00Z,44.11,2468.55,157.56,498.92,57.38,1884.57,173.90,898.46,69.13,1964.26,171.12,1052.59,26.29,2543.86,157.25,0.00,252.93,52.13,95.22,223.86,1795.00,3537.40,2.50,150.72,121.57,604.11,2.72,953.71,60.90,500.70
2026-04-07T20:10:00Z,44.18,2467.75,157.13,489.75,57.36,1894.77,173.93,904.70,69.24,1971.10,171.63,1065.87,26.52,2531.25,157.75,0.00,248.15,50.78,94.61,221.10,1803.13,,2.48,150.67,116.14,593.71,2.80,948.79,60.80,499.48
2026-04-07T20:20:00Z,44.33,2468.81,157.31,505.25,57.23,1896.21,174.20,900.29,69.22,1962.37,170.89,1047.23,25.94,2537.62,157.88,0.00,246.42,49.38,94.41,225.21,1808.08,3541.45,2.62,148.52,119.64,601.87,2.90,958.12,59.55,496.63
2026-04-07T20:30:00Z,44.66,2465.53,157.08,524.25,56.86,1901.75,173.85,885.64,69.21,1971.58,171.68,1048.00,26.27,2539.45,157.83,0.00,252.79,48.77,94.32,226.59,1802.72,3562.48,2.42,150.46,121.63,606.28,3.25,945.48,60.31,497.86
2026-04-07T20:40:00Z,44.42,2460.36,157.42,511.50,57.25,1890.96,173.29,887.75,69.14,1970.41,172.17,1037.02,26.08,2552.58,157.46,0.00,254.17,50.23,95.05,228.33,1798.68,3551.21,2.27,150.55,120.37,597.61,2.83,942.22,60.43,489.03
2026-04-07T20:50:00Z,44.04,2459.25,157.48,521.45,57.25,1900.73,172.07,880.64,69.51,1961.93,171.54,1039.99,25.76,2557.00,158.13,0.00,248.60,52.09,94.70,227.30,1798.19,3550.83,2.65,149.74,118.91,595.69,2.85,947.28,59.55,489.19
2026-04-07T21:00:00Z,44.45,2459.73,157.99,531.88,56.77,1894.45,172.25,874.68,69.07,1972.44,171.28,1041.61,25.99,2546.95,157.63,0.00,244.42,53.24,94.54,219.85,1799.26,3561.42,2.44,151.96,115.37,588.64,3.22,945.50,61.24,492.97
2026-04-07T21:10:00Z,44.96,2451.70,158.21,537.24,56.83,1898.60,173.15,872.68,69.04,1969.19,171.34,1030.76,25.46,2554.52,157.23,0.00,246.05,52.48,95.37,218.97,1792.58,3548.06,2.59,150.80,117.32,593.14,2.95,944.71,59.59,497.61
2026-04-07T21:20:00Z,44.38,2461.92,158.15,547.98,57.15,1889.23,172.87,876.54,69.02,1970.54,171.67,1048.26,25.02,2566.53,156.93,0.00,252.24,50.90,94.58,227.89,1802.79,3560.09,2.68,149.10,121.07,598.32,2.80,952.74,60.66,489.47
2026-04-07T21:30:00Z,44.46,2463.75,157.97,532.21,56.88,1907.08,173.15,875.95,68.87,1979.97,171.69,1040.07,25.00,2577.45,156.39,0.00,249.82,50.61,94.52,224.70,1799.74,3553.55,2.34,151.48,121.23,604.96,2.94,954.46,59.90,502.71
2026-04-07T21:40:00Z,43.89,2470.08,158.44,536.52,56.83,1894.81,173.63,884.82,68.84,1960.37,171.76,1050.23,25.02,2578.42,157.31,0.00,248.42,51.94,94.98,223.69,1799.67,3546.36,2.60,151.25,118.63,600.51,3.09,948.53,57.98,500.67
2026-04-07T21:50:00Z,44.20,2474.01,157.87,520.34,56.92,1894.53,172.81,880.58,68.85,1979.06,171.68,1042.02,24.63,2586.78,157.51,0.00,253.88,49.70,94.93,230.21,1802.69,3541.94,2.46,149.38,118.16,598.52,3.27,957.64,58.85,496.74
2026-04-07T22:00:00Z,44.27,2476.21,157.21,524.58,57.39,1891.46,173.53,894.71,69.07,1980.62,171.85,1041.70,24.46,2577.99,158.37,0.00,255.54,49.54,95.71,229.80,1803.61,3536.50,2.45,149.31,126.52,608.36,2.91,955.42,59.49,505.15
2026-04-07T22:10:00Z,44.08,2469.81,157.37,524.74,56.97,1900.83,172.82,888.88,68.88,1977.26,171.96,1039.55,24.71,2581.77,157.97,0.00,251.27,50.51,95.29,225.37,1789.04,3542.19,2.63,150.48,121.88,603.64,2.86,946.14,59.60,494.03
2026-04-07T22:20:00Z,44.11,2463.58,157.29,505.20,57.41,1892.28,173.09,878.60,68.67,1984.21,172.17,1044.05,24.68,2572.99,158.03,0.00,240.38,50.08,94.51,213.00,1796.49,3560.71,2.40,149.50,112.97,597.89,2.87,949.31,61.58,497.10
2026-04-07T22:30:00Z,44.30,2466.85,157.26,508.62,57.37,1887.30,173.36,882.72,68.73,1977.17,172.07,1041.09,24.70,2577.19,157.50,0.00,242.92,48.48,95.43,216.86,1794.18,3553.78,2.56,149.42,118.02,600.65,2.72,944.85,60.40,505.93
2026-04-07T22:40:00Z,44.14,2464.26,157.74,504.31,57.98,1874.52,173.93,902.63,68.41,1981.03,171.56,1023.07,25.32,2575.59,157.26,0.00,245.09,48.21,95.08,217.32,1783.51,3548.65,2.67,150.23,118.01,591.92,2.83,950.16,59.55,494.38
2026-04-07T22:50:00Z,43.81,2469.65,157.17,515.88,57.47,1890.99,173.38,878.17,68.39,1986.94,171.08,1013.09,25.53,2566.38,157.25,0.00,247.76,47.53,95.97,225.40,1807.39,3540.57,2.56,149.25,117.53,613.11,3.17,948.09,61.22,506.02
2026-04-07T23:00:00Z,43.59,2480.70,156.86,493.65,57.95,1873.35,174.05,890.97,68.41,1989.78,171.00,1015.88,25.51,2563.17,157.30,0.00,246.05,46.99,95.03,222.52,1796.41,3549.46,2.41,150.06,118.59,601.99,2.92,952.51,61.43,510.61
2026-04-07T23:10:00Z,43.63,2475.38,157.32,489.70,58.04,1862.65,173.66,899.99,68.46,1994.47,170.59,1013.30,25.42,2570.35,157.49,0.00,248.55,46.06,95.05,222.97,1806.93,3558.01,2.28,150.41,122.79,605.74,3.04,958.26,61.15,500.29
2026-04-07T23:20:00Z,43.64,2483.90,156.53,489.58,58.23,1876.37,173.68,906.39,68.63,1982.29,170.72,1020.86,25.46,2571.79,156.85,0.00,250.64,47.97,95.45,221.33,1797.48,3549.80,2.54,149.81,121.78,596.88,2.82,949.56,60.98,494.77
2026-04-07T23:30:00Z,43.69,2481.34,156.27,497.57,58.28,1862.99,173.82,926.57,68.63,1968.96,171.13,1029.12,25.55,2565.07,156.68,0.00,251.57,47.39,95.16,230.21,1804.40,3548.31,2.67,150.07,120.75,607.05,2.91,948.74,61.92,509.87
2026-04-07T23:40:00Z,43.53,2491.96,156.68,493.27,58.64,1857.11,173.95,923.78,68.48,1977.38,170.83,1016.02,25.34,2569.26,157.49,0.00,250.86,48.33,95.53,224.70,1801.27,3554.64,2.57,149.87,119.95,604.32,3.18,953.44,61.22,507.55
2026-04-07T23:50:00Z,43.76,2492.14,156.70,496.54,58.70,1870.37,174.10,935.10,68.48,1988.49,171.16,1024.99,25.32,2570.00,157.58,0.00,248.35,50.03,94.82,222.24,1792.84,3561.81,2.26,149.27,120.24,604.64,3.21,949.87,60.51,503.13
2026-04-08T00:00:00Z,43.61,2493.14,157.23,491.26,58.34,1855.77,174.23,919.22,67.80,1996.25,171.30,1012.46,26.50,2552.26,157.31,0.00,250.32,51.36,94.59,224.78,1794.78,3548.82,2.45,149.16,119.54,594.91,2.83,945.25,60.94,486.98
2026-04-08T00:10:00Z,43.73,2485.87,156.83,485.49,58.35,1854.80,174.94,925.02,67.09,2016.72,170.73,1002.73,27.47,2531.30,156.70,0.00,246.99,52.06,95.26,221.43,1794.65,3546.47,2.65,149.41,118.22,596.14,3.13,945.21,59.99,492.04
2026-04-08T00:20:00Z,43.53,2493.12,156.41,485.62,58.32,1853.01,175.14,928.76,67.11,2021.78,171.02,980.97,28.25,2507.08,156.96,0.00,250.20,50.72,95.33,223.10,1799.58,3544.41,2.14,149.08,119.53,600.12,2.94,950.80,59.78,500.51
2026-04-08T00:30:00Z,43.04,2497.44,156.79,489.39,58.35,1866.72,174.41,915.72,66.27,2047.74,170.16,957.11,29.24,2475.74,156.86,0.00,252.00,49.19,94.96,225.51,1806.91,3555.32,2.42,150.40,121.61,606.54,3.12,952.56,60.02,503.14
2026-04-08T00:40:00Z,43.02,2499.38,156.92,480.16,58.37,1865.76,174.04,910.00,65.63,2046.62,170.14,947.62,30.40,2450.53,157.89,28.07,252.22,49.59,95.79,224.43,1799.06,3550.01,2.59,149.89,120.25,604.05,3.14,951.89,58.76,494.06
2026-04-08T00:50:00Z,42.75,2496.70,156.59,477.19,58.48,1859.61,175.00,923.50,65.37,2054.70,169.34,924.72,31.45,2423.42,158.32,51.62,251.51,48.32,95.39,226.71,1798.35,3548.92,2.66,150.55,118.71,593.36,2.67,950.76,59.51,495.22
2026-04-08T01:00:00Z,42.67,2494.76,155.14,467.48,58.54,1856.75,175.00,911.78,64.87,2072.16,168.54,905.20,31.86,2401.58,158.20,67.31,250.62,46.81,95.98,226.35,1804.58,3550.73,2.56,149.61,120.26,608.57,3.07,951.51,59.83,499.91
2026-04-08T01:10:00Z,42.38,2505.10,156.19,462.89,58.49,1851.69,174.67,928.19,64.47,2081.28,168.09,900.84,32.35,2385.47,159.47,78.73,246.81,48.74,95.65,224.96,1797.17,3542.27,2.68,150.67,118.66,600.01,3.24,949.82,59.50,495.55
2026-04-08T01:20:00Z,42.40,2514.90,156.47,458.27,57.98,1875.18,174.40,919.37,63.88,2083.91,168.30,892.84,33.01,2374.87,159.40,101.52,241.44,48.39,95.31,216.85,1794.89,3548.99,2.57,149.35,116.15,595.59,3.16,949.59,60.35,496.19
2026-04-08T01:30:00Z,42.80,2508.01,156.75,452.94,57.87,1871.60,174.33,907.22,63.53,2100.89,167.74,872.74,33.31,2361.92,159.26,120.91,238.32,48.76,95.59,214.70,1781.64,3544.19,2.46,149.65,115.12,599.44,3.04,943.72,62.93,502.60
2026-04-08T01:40:00Z,42.78,2518.78,156.39,451.72,57.80,1867.25,174.18,914.50,62.68,2125.60,167.42,850.26,33.82,2350.88,159.42,139.84,241.89,48.76,95.61,219.71,1802.67,3548.49,2.60,149.63,117.60,596.77,3.09,955.72,61.90,499.50
2026-04-08T01:50:00Z,42.57,2517.81,156.13,453.54,57.90,1877.15,174.06,904.70,62.03,2138.65,167.40,823.25,34.48,2332.28,159.45,155.56,244.38,47.54,95.47,218.60,1800.74,3546.22,2.57,148.05,115.55,592.07,3.01,949.47,59.97,482.69
2026-04-08T02:00:00Z,42.76,2503.70,156.42,455.45,58.08,1871.77,174.43,907.86,61.59,2151.35,167.27,807.90,35.06,2329.77,159.76,166.56,243.97,45.75,94.62,219.97,1796.63,3550.34,2.40,149.72,120.55,604.71,2.79,952.30,59.06,503.49
2026-04-08T02:10:00Z,42.72,2497.75,156.26,477.11,58.44,1874.13,174.26,917.84,60.99,2159.42,166.68,793.08,35.27,2316.75,160.18,184.52,241.19,45.53,94.93,221.40,1791.62,3550.65,2.59,148.85,116.35,597.45,2.57,952.27,59.32,501.07
2026-04-08T02:20:00Z,43.01,2500.16,156.30,474.95,58.30,1860.08,174.34,923.28,60.51,2173.62,166.14,769.38,36.03,2308.31,160.65,228.15,247.97,47.36,95.27,222.23,1795.74,3555.15,2.49,150.38,116.47,595.61,3.11,952.77,59.77,504.85
2026-04-08T02:30:00Z,43.13,2490.76,156.42,480.73,58.51,1863.55,173.92,944.19,60.50,2189.82,164.79,758.39,36.29,2295.77,160.70,223.19,247.84,51.68,95.25,222.74,1800.30,3530.62,2.53,150.56,121.74,599.11,3.14,948.12,60.16,491.65
2026-04-08T02:40:00Z,43.32,2489.34,156.80,470.14,58.36,1870.24,175.00,930.36,60.40,2180.90,164.86,744.53,36.47,2292.93,161.25,251.12,247.17,49.23,95.45,224.02,1807.30,3560.73,2.36,151.51,117.04,597.16,2.92,950.28,60.30,482.56
2026-04-08T02:50:00Z,43.57,2488.75,156.76,483.41,58.26,1868.88,175.49,941.41,60.03,2190.73,165.29,733.16,36.28,2287.98,161.95,254.25,244.75,50.25,94.76,220.95,1792.50,3546.81,2.63,150.18,117.79,602.22,3.12,952.48,60.65,501.72
2026-04-08T03:00:00Z,43.39,2500.67,156.12,473.60,58.26,1856.82,175.61,934.16,60.06,2194.62,164.62,720.88,36.43,2300.74,162.69,249.42,242.37,49.97,94.80,215.57,1784.64,3547.18,2.48,151.47,114.58,593.42,2.99,946.98,59.88,485.08
2026-04-08T03:10:00Z,43.33,2496.06,156.09,487.64,58.26,1859.54,175.87,932.62,59.99,2205.72,164.70,719.60,36.88,2289.86,162.61,263.01,242.76,49.54,95.34,217.98,1785.79,3554.02,2.75,148.90,115.22,594.65,3.02,936.42,61.36,498.46
2026-04-08T03:20:00Z,43.33,2491.93,156.87,494.11,58.41,1865.31,175.76,924.93,59.89,2209.22,165.26,704.25,37.05,2271.98,163.07,273.42,243.63,47.64,94.40,219.27,1791.43,3554.59,2.59,151.14,117.86,596.97,2.88,943.15,61.45,504.44
2026-04-08T03:30:00Z,43.47,2498.58,157.00,505.42,58.21,1859.76,174.26,913.62,59.67,2209.81,165.10,702.93,37.24,2261.93,163.83,287.94,245.11,48.74,95.31,218.93,1785.17,3548.26,2.64,149.01,118.93,595.07,2.78,944.96,60.68,500.10
2026-04-08T03:40:00Z,43.37,2492.17,157.36,499.71,58.11,1877.03,175.20,915.86,59.36,2205.62,165.10,718.11,37.63,2261.01,163.02,282.05,250.90,48.56,95.36,223.25,1802.96,3543.96,2.61,150.77,120.50,593.33,3.22,949.84,58.69,493.98
2026-04-08T03:50:00Z,43.49,2487.27,156.56,495.93,58.17,1870.37,174.26,918.47,59.21,2202.71,165.22,710.15,37.82,2263.83,163.40,276.92,245.99,50.76,94.91,220.20,1788.75,3545.75,2.20,151.63,117.21,590.65,2.98,939.17,58.21,487.91
2026-04-08T04:00:00Z,43.52,2491.29,156.91,494.98,58.14,1864.79,174.13,919.00,58.99,2209.15,164.18,707.95,37.76,2255.37,163.20,302.72,253.02,48.76,95.38,224.08,1798.96,3536.21,2.63,150.93,118.89,593.56,3.03,943.73,59.91,501.96
2026-04-08T04:10:00Z,43.59,2483.11,157.07,486.97,57.70,1878.01,174.05,904.94,58.42,2223.60,164.21,691.29,37.81,2251.93,163.18,290.68,248.45,47.18,94.77,225.64,1795.33,3549.33,2.44,150.86,119.03,598.37,2.83,948.45,58.53,504.54
2026-04-08T04:20:00Z,43.91,2477.83,156.95,493.55,57.54,1885.56,174.11,901.62,58.49,2231.63,163.87,688.23,38.02,2246.75,163.03,304.42,250.38,49.54,94.52,226.33,1796.91,3541.82,2.22,149.88,119.54,596.93,3.13,946.45,60.46,501.36
2026-04-08T04:30:00Z,43.75,2484.11,156.50,499.07,57.34,1901.42,174.08,889.23,58.38,2234.92,163.25,672.12,37.96,2251.65,163.67,298.73,245.25,49.85,95.02,219.78,1794.54,3527.92,2.28,149.37,118.11,608.77,2.73,954.15,60.90,501.40
2026-04-08T04:40:00Z,43.80,2482.21,156.98,492.70,57.07,1899.23,174.10,873.55,58.23,2236.39,163.31,678.28,38.33,2248.49,163.88,317.26,247.93,50.31,93.85,224.20,1789.11,3551.80,2.58,149.99,119.27,600.62,3.16,946.74,60.59,498.45
2026-04-08T04:50:00Z,43.29,2488.26,157.01,497.17,57.30,1898.79,174.28,880.37,58.05,2250.85,163.44,667.16,38.40,2248.25,164.22,320.37,244.76,49.40,95.04,220.29,1782.24,3548.44,2.37,149.92,115.90,596.62,3.11,940.81,59.12,493.31
2026-04-08T05:00:00Z,43.07,2495.27,157.27,482.88,57.17,1886.45,173.71,872.41,58.27,2249.90,163.99,667.89,38.41,2254.24,162.87,305.66,246.95,49.95,94.69,225.04,1809.52,3552.71,2.65,150.00,122.06,603.21,3.16,958.36,59.95,508.62
2026-04-08T05:10:00Z,43.33,2486.00,156.65,486.50,57.19,1895.93,173.00,871.00,58.21,2242.21,164.33,659.80,39.03,2237.82,163.34,318.17,246.22,50.99,94.39,221.15,1799.99,3561.54,2.79,151.08,118.92,601.87,3.00,954.04,60.77,496.47
2026-04-08T05:20:00Z,43.76,2483.51,155.92,490.60,57.19,1904.57,173.11,867.94,58.27,2238.96,163.87,659.90,39.14,2235.09,164.30,324.43,242.73,50.51,94.65,218.65,1797.80,3552.29,2.69,148.23,116.75,599.61,3.15,947.08,60.64,503.87
2026-04-08T05:30:00Z,44.06,2471.12,157.06,502.47,56.98,1897.37,173.44,879.08,58.45,2244.19,163.64,652.89,39.31,2225.70,164.32,336.01,239.84,50.16,95.34,215.11,1787.00,3535.44,2.50,148.57,115.96,588.18,2.63,938.64,58.80,494.85
2026-04-08T05:40:00Z,43.99,2475.77,157.67,499.02,57.29,1886.84,173.73,891.08,57.85,2257.19,163.71,641.44,39.62,2213.12,164.44,348.17,244.46,49.84,95.02,217.64,1796.13,3534.91,2.62,147.84,118.52,595.64,2.98,943.76,58.45,484.00
2026-04-08T05:50:00Z,43.96,2481.98,157.55,493.54,57.59,1880.99,174.57,889.33,57.83,2253.19,163.74,652.63,39.75,2213.78,164.56,356.13,247.34,48.00,95.66,225.31,1800.82,3550.51,2.56,153.42,119.42,606.30,2.83,954.92,59.38,509.86
2026-04-08T06:00:00Z,44.04,2470.05,157.39,502.76,57.73,1878.01,174.26,901.73,58.00,2241.59,164.31,660.86,39.96,2207.81,164.51,369.25,250.98,48.81,95.78,224.03,1797.71,3556.70,2.51,152.75,120.24,595.87,3.27,952.66,59.34,502.64
2026-04-08T06:10:00Z,43.62,2475.21,157.98,497.21,57.68,1883.02,173.96,903.79,57.59,2249.35,163.85,640.44,40.15,2206.65,165.07,369.62,250.92,47.66,95.55,226.21,1800.49,3532.71,2.46,150.66,122.90,614.93,3.13,957.49,59.79,513.78
2026-04-08T06:20:00Z,43.39,2487.73,157.07,491.15,57.93,1873.65,174.21,896.77,57.40,2256.04,163.06,623.80,40.50,2194.95,165.25,380.75,247.61,48.94,95.53,220.93,1795.15,3558.85,2.70,150.68,117.13,598.25,3.30,940.66,59.09,497.58
2026-04-08T06:30:00Z,43.16,2499.06,156.70,483.52,58.05,1868.07,174.85,896.23,57.10,2258.46,163.18,632.69,40.35,2187.78,165.42,394.51,253.63,49.84,95.48,230.81,1799.41,3556.89,2.57,149.89,122.64,601.08,2.85,958.05,59.41,504.23
2026-04-08T06:40:00Z,43.14,2496.75,156.83,486.75,57.64,1875.39,174.84,909.70,56.83,2280.03,,628.52,40.25,2190.87,165.47,400.57,249.84,47.73,94.47,229.22,1807.76,3545.29,2.90,150.40,118.24,598.89,2.83,947.03,59.41,501.16
2026-04-08T06:50:00Z,43.53,2493.54,157.03,479.10,57.93,1880.32,174.94,905.91,56.60,2290.50,162.85,601.84,40.51,2192.82,164.81,392.46,248.24,47.45,95.08,222.77,1796.79,3533.35,2.41,148.73,116.73,591.55,2.81,950.64,,500.81
2026-04-08T07:00:00Z,43.82,2483.19,157.34,488.32,58.01,1871.47,175.37,912.27,56.17,2299.65,163.36,596.03,40.72,2185.41,164.57,399.01,248.70,47.76,94.66,225.19,1798.07,3548.69,2.26,148.73,117.87,595.62,3.17,951.33,60.47,500.25
2026-04-08T07:10:00Z,43.92,2480.61,156.95,486.68,58.06,1867.99,174.97,908.85,55.91,2298.64,162.95,604.90,40.87,2183.81,165.09,406.24,251.27,49.39,95.00,227.90,1793.98,3547.83,2.60,150.01,121.29,602.19,3.31,946.93,60.54,500.07
2026-04-08T07:20:00Z,44.10,2489.64,157.29,501.97,57.84,1878.55,173.98,897.13,55.98,2300.98,162.84,588.92,40.62,2190.83,165.27,401.33,249.23,49.15,95.38,222.62,1799.42,3552.45,2.69,148.48,121.07,604.38,2.92,953.34,60.14,513.06
2026-04-08T07:30:00Z,43.76,2485.80,156.28,507.04,57.92,1875.08,173.70,891.97,55.61,2309.86,161.71,577.18,40.78,2193.43,166.09,390.50,249.79,49.93,95.79,225.81,1802.18,3561.10,2.44,149.26,120.38,596.41,2.93,944.03,60.11,507.32
2026-04-08T07:40:00Z,43.91,2479.99,157.29,522.64,57.93,1872.90,174.33,893.96,55.49,2316.35,163.34,585.29,40.51,2178.16,165.35,390.98,250.61,50.16,95.20,225.93,1796.64,3522.93,2.43,149.39,123.09,601.27,3.20,948.07,60.90,497.09
2026-04-08T07:50:00Z,43.96,2471.54,156.84,529.14,57.92,1877.37,174.33,900.07,55.35,2317.99,163.66,568.37,41.25,2164.29,165.56,416.48,247.43,47.99,95.30,221.36,1807.16,3540.77,2.74,150.24,119.62,597.24,3.03,952.38,60.03,502.91
2026-04-08T08:00:00Z,43.70,2483.27,157.24,493.36,57.86,1877.67,173.54,898.11,55.38,2317.07,162.49,567.31,41.32,2165.95,165.62,425.67,245.88,49.95,94.72,221.54,1790.82,3552.94,2.55,149.17,120.96,607.51,3.08,941.35,58.77,502.88
2026-04-08T08:10:00Z,43.68,2480.88,157.38,504.98,57.56,1874.06,173.78,913.65,55.68,2308.55,162.52,576.44,40.98,2170.98,165.87,425.64,242.81,48.82,94.46,222.12,1803.62,3547.98,2.38,151.34,115.90,594.56,3.01,956.63,59.23,492.02
2026-04-08T08:20:00Z,44.14,2483.85,157.41,506.67,57.68,1880.70,174.65,916.11,55.36,2323.27,162.26,570.72,41.23,2169.49,166.48,429.63,246.38,47.39,94.95,224.98,1808.09,3565.79,2.82,150.33,115.85,595.06,3.13,955.25,61.04,485.92
2026-04-08T08:30:00Z,44.57,2473.93,157.30,529.59,57.56,1883.46,174.06,911.33,55.19,2329.64,161.72,558.84,41.25,2167.21,166.50,439.39,246.00,48.55,94.64,223.44,1800.18,3545.56,2.58,148.30,115.56,601.20,2.79,953.11,59.36,503.19
2026-04-08T08:40:00Z,44.69,2471.00,156.87,512.27,57.47,1888.44,173.92,902.63,54.68,2324.07,161.36,553.96,41.48,2166.60,166.31,430.17,243.24,46.61,94.16,218.46,1790.24,3556.39,2.49,150.39,115.33,596.59,3.01,946.38,59.94,498.88
2026-04-08T08:50:00Z,43.82,2474.43,157.27,512.56,57.52,1883.69,174.56,895.75,54.71,2332.25,161.54,545.14,41.23,2161.17,166.95,436.17,245.98,48.69,93.69,223.62,1802.49,3556.79,2.46,149.35,119.26,593.66,3.28,948.67,59.21,493.47
2026-04-08T09:00:00Z,43.76,2470.98,156.73,522.12,58.02,1875.85,174.07,899.93,54.60,2326.71,161.39,531.20,41.30,2156.29,166.96,444.77,250.47,50.43,94.02,226.75,1807.91,3550.65,2.18,149.15,121.95,606.38,3.00,950.16,60.32,514.00
2026-04-08T09:10:00Z,43.77,2477.90,156.98,515.74,57.71,1877.21,174.02,911.77,54.77,2324.78,161.31,529.37,41.36,2166.44,166.10,426.56,248.68,51.98,94.26,222.37,1805.95,3550.57,2.31,151.17,118.70,592.03,2.88,951.42,59.42,496.24
2026-04-08T09:20:00Z,43.60,2484.02,157.01,512.35,57.52,1879.37,174.67,897.19,54.67,2328.40,161.44,548.71,41.63,2158.51,165.56,433.99,246.45,52.48,94.00,221.08,1794.80,3552.13,2.52,150.09,115.88,586.62,2.88,945.39,59.94,476.53
2026-04-08T09:30:00Z,43.61,2477.12,157.55,504.82,57.66,1885.72,173.76,888.43,54.59,2328.65,161.65,540.03,41.61,2157.11,166.33,432.98,245.98,51.87,94.39,219.63,1782.53,3558.57,2.82,150.94,116.68,596.24,3.14,941.33,59.99,504.65
2026-04-08T09:40:00Z,43.58,2484.84,156.89,490.33,57.74,1893.13,173.28,880.94,54.02,2339.48,160.72,535.81,41.04,2161.14,166.18,439.91,245.58,49.25,95.10,223.10,1799.99,3546.72,2.41,151.51,117.91,595.90,2.63,947.06,59.17,509.75
2026-04-08T09:50:00Z,43.69,2485.85,157.52,494.88,58.05,1875.13,173.90,895.26,54.24,2338.94,161.45,529.98,41.35,2160.14,166.03,441.58,246.18,48.17,94.92,222.88,,3551.38,2.55,150.71,119.83,605.25,3.16,951.80,60.16,492.29
2026-04-08T10:00:00Z,43.51,2485.33,156.87,505.26,58.12,1884.27,173.39,893.33,54.16,2339.84,161.15,535.88,40.98,2174.85,165.96,432.04,248.63,48.71,93.87,222.66,1801.64,3551.93,2.62,149.94,118.05,602.61,3.05,947.66,59.87,505.44
2026-04-08T10:10:00Z,43.42,2494.33,157.26,497.61,57.98,1887.96,174.08,893.87,54.34,2338.29,160.67,529.62,41.01,2165.74,165.74,407.85,247.44,46.53,94.50,222.35,1803.66,3555.45,2.55,151.50,120.16,601.04,2.82,944.67,59.86,495.00
2026-04-08T10:20:00Z,43.79,2477.50,157.47,485.82,58.52,1865.27,174.31,913.47,54.20,2332.96,161.01,510.77,41.00,2177.47,165.86,415.67,243.80,44.45,94.95,223.25,1802.49,3541.89,2.52,148.15,115.73,594.01,3.09,950.45,60.52,495.65
2026-04-08T10:30:00Z,43.56,2477.80,156.88,497.55,58.27,1870.18,173.88,908.68,54.21,2345.32,160.48,500.66,41.31,2178.26,166.16,429.72,241.12,44.48,94.25,217.28,1791.77,3539.76,2.53,150.15,114.47,593.35,2.99,938.25,61.05,497.55
2026-04-08T10:40:00Z,43.14,2490.27,157.80,492.81,58.42,1870.18,174.22,911.68,54.45,2348.83,161.54,513.19,41.59,2160.32,166.56,441.61,243.38,46.48,95.31,217.47,1791.38,3545.49,2.58,149.55,117.26,600.55,2.92,945.00,61.27,485.87
2026-04-08T10:50:00Z,43.31,2493.58,157.02,478.89,59.04,1863.58,173.79,917.65,54.08,2346.44,161.53,504.78,41.39,2157.89,166.38,433.34,245.69,45.05,95.04,219.54,1797.50,3555.84,2.38,150.76,117.73,593.17,3.10,951.50,60.84,491.93
2026-04-08T11:00:00Z,43.22,2498.99,156.62,485.54,58.60,1856.96,173.87,908.41,54.00,2348.68,161.48,508.71,41.37,2156.70,166.16,426.29,241.84,46.88,95.00,216.22,1791.17,3547.48,2.59,149.19,117.31,599.96,2.81,941.45,59.59,493.00
2026-04-08T11:10:00Z,42.84,2505.73,156.32,468.53,58.59,1859.83,174.57,918.56,53.75,2361.12,161.07,504.28,41.59,2162.27,165.58,428.75,244.90,47.84,95.55,224.85,1802.56,3562.66,2.64,149.95,117.40,592.74,2.74,959.13,59.19,494.28
2026-04-08T11:20:00Z,43.00,2506.83,156.59,481.07,58.59,1874.74,174.83,933.03,54.16,2357.62,160.45,505.49,41.90,2156.80,166.58,446.51,239.14,49.05,94.98,217.04,1796.23,3554.09,2.68,150.09,111.80,593.10,2.79,949.51,60.72,480.34
2026-04-08T11:30:00Z,42.72,2512.07,156.88,473.27,58.50,1876.83,174.91,929.62,54.31,2350.90,160.13,492.40,41.48,2169.98,166.00,440.34,245.58,49.36,95.57,221.97,1792.08,3549.64,2.42,150.83,117.69,597.15,3.19,945.13,60.61,492.80
2026-04-08T11:40:00Z,42.50,2513.34,156.47,453.30,58.53,1866.89,175.13,924.80,54.56,2353.55,160.00,498.24,41.25,2169.82,166.44,432.02,247.64,46.70,94.62,228.01,1803.74,3532.64,2.51,148.91,118.29,601.09,2.93,947.49,62.01,509.64
2026-04-08T11:50:00Z,42.80,2507.51,156.12,458.73,58.51,1863.97,174.66,915.67,54.05,2346.94,161.05,502.99,41.63,2160.86,166.53,435.59,247.64,48.11,94.42,221.89,1802.08,3549.22,2.47,150.33,119.77,599.02,3.08,957.06,60.16,488.55
2026-04-08T12:00:00Z,43.57,2482.21,156.57,479.65,58.52,1858.43,174.13,924.29,54.20,2340.75,161.80,505.90,41.71,2164.53,166.27,429.07,246.13,46.44,94.65,221.98,1791.89,3557.97,2.58,148.95,118.82,597.95,2.79,952.89,59.41,491.70
2026-04-08T12:10:00Z,43.66,2481.61,156.74,476.03,58.47,1866.55,174.75,923.69,54.27,2348.63,161.06,493.83,41.91,2161.33,165.61,421.41,245.07,43.80,95.29,219.41,1794.80,3546.74,2.43,149.08,120.00,598.25,3.13,947.13,58.87,495.53
2026-04-08T12:20:00Z,43.85,2482.03,156.96,488.07,58.65,1857.24,175.14,923.45,53.94,2340.89,160.81,491.10,41.73,2145.96,165.58,436.19,242.62,45.77,94.24,216.79,1791.58,3555.60,2.58,148.82,117.85,595.87,3.09,945.65,59.90,491.91
2026-04-08T12:30:00Z,43.70,2488.81,156.82,488.28,58.67,1861.54,174.39,914.34,53.96,2343.57,161.03,491.28,42.16,2143.52,165.38,441.78,246.76,46.19,94.20,220.14,1794.94,3542.01,2.67,150.77,119.49,598.23,2.65,944.96,60.18,503.02
2026-04-08T12:40:00Z,43.98,2464.58,156.92,502.19,58.83,1868.45,174.70,929.29,54.27,2350.05,160.67,498.44,42.29,2148.16,165.84,446.39,252.32,47.77,93.39,223.97,1790.66,3547.07,2.66,149.88,121.39,602.57,3.18,944.84,58.94,497.19
2026-04-08T12:50:00Z,43.81,2489.08,157.07,496.19,59.02,1860.76,174.28,936.26,54.47,2335.45,161.22,495.38,42.52,2150.69,166.72,447.19,251.26,48.61,94.96,226.95,1807.97,3551.06,2.42,149.12,121.80,606.76,3.06,954.39,61.16,497.63
2026-04-08T13:00:00Z,43.69,2479.26,157.21,496.94,59.46,1843.46,174.39,931.98,54.67,2339.64,161.70,519.32,42.51,2144.47,167.77,471.64,246.27,46.66,95.39,220.56,1798.07,3552.93,2.37,149.20,115.63,595.05,3.12,945.17,60.58,500.24
2026-04-08T13:10:00Z,43.62,2480.57,157.60,519.56,59.44,1847.61,173.68,948.13,54.99,2329.02,160.96,523.38,42.07,2144.54,167.45,462.96,249.31,49.05,95.45,224.80,1809.51,3553.73,2.64,150.90,118.50,594.66,3.03,958.37,61.06,481.64
2026-04-08T13:20:00Z,43.74,2479.35,157.37,519.71,59.13,1848.63,174.68,944.14,55.25,2320.32,160.86,541.69,41.79,2148.78,167.18,467.74,253.10,48.76,95.44,231.46,1812.24,3555.79,2.34,152.08,123.15,604.56,2.66,958.49,60.45,503.87
2026-04-08T13:30:00Z,43.15,2495.19,157.75,511.52,59.20,1844.97,174.59,946.77,55.47,2331.67,161.68,552.81,42.05,2149.65,166.71,463.40,253.82,48.85,95.45,229.60,1802.08,3557.57,2.55,150.85,119.89,603.35,2.86,949.14,59.52,499.22
2026-04-08T13:40:00Z,43.13,2494.47,156.67,493.51,59.01,1848.03,174.03,943.74,55.40,2321.85,161.69,564.58,41.57,2152.90,166.85,444.55,250.39,49.74,95.03,224.47,1800.15,3540.34,2.60,149.46,120.64,598.70,3.20,950.95,58.67,494.24
2026-04-08T13:50:00Z,43.14,2492.20,156.46,496.43,59.18,1846.53,174.20,947.42,55.36,2310.29,161.58,566.93,41.48,2156.82,166.66,441.15,251.39,50.56,95.13,223.59,1794.08,3549.69,2.40,151.27,122.49,602.01,2.59,948.17,59.30,514.99
2026-04-08T14:00:00Z,43.48,2496.07,156.88,495.81,59.07,1836.57,174.15,948.29,55.20,2319.60,161.78,561.69,41.75,2155.40,165.99,430.94,242.86,51.33,95.09,217.59,1795.27,3534.82,2.25,149.49,117.24,595.87,2.71,951.59,58.02,510.31
2026-04-08T14:10:00Z,43.13,2496.91,157.65,491.16,59.21,1844.33,173.97,937.18,55.33,2322.40,162.03,549.19,41.67,2162.54,165.98,429.97,244.80,48.72,94.11,219.29,1804.18,3547.79,2.41,150.42,120.19,599.84,3.14,944.41,61.25,494.75
2026-04-08T14:20:00Z,43.01,2503.22,157.64,491.22,59.14,,174.67,944.77,55.11,2318.72,161.37,554.81,41.99,2145.55,166.35,447.38,246.10,52.09,94.43,223.63,1797.18,3562.47,2.62,149.37,118.20,603.08,3.25,948.18,60.43,498.75
2026-04-08T14:30:00Z,42.96,2500.22,156.99,489.70,59.17,1848.60,175.12,950.39,55.05,2316.26,161.39,549.15,41.79,2146.95,166.48,446.85,246.37,50.86,94.87,224.33,1800.77,3549.59,2.54,151.40,115.74,594.63,3.55,945.71,59.80,494.27
2026-04-08T14:40:00Z,43.24,2499.29,156.71,474.96,59.44,1844.43,175.08,938.83,54.98,2320.54,161.12,540.71,41.66,2164.05,166.10,436.30,246.22,49.35,94.28,219.96,1794.35,3538.62,2.66,149.51,117.21,598.90,3.13,947.50,60.11,501.01
2026-04-08T14:50:00Z,42.93,2500.72,156.80,465.98,59.44,1831.02,174.53,949.88,55.35,2316.04,162.36,549.04,41.53,2160.87,166.69,443.74,248.05,48.81,94.34,221.69,1794.32,3553.74,2.57,150.79,121.02,604.42,2.95,944.10,58.48,502.53
2026-04-08T15:00:00Z,43.27,2500.46,156.90,473.61,59.50,1835.05,174.73,965.42,54.75,2326.58,161.80,534.88,41.42,2157.58,166.45,449.94,244.29,49.00,94.79,220.52,1803.62,3557.05,2.35,150.17,117.66,601.37,2.79,951.86,59.64,504.39
2026-04-08T15:10:00Z,43.57,2499.16,156.81,473.07,59.87,1829.57,174.96,970.79,55.01,2333.03,162.10,526.30,41.42,2166.48,167.76,454.95,243.96,49.88,94.94,217.28,1792.27,3559.09,2.78,151.36,118.50,601.64,3.16,942.47,60.15,496.86
2026-04-08T15:20:00Z,43.35,2493.84,156.81,478.93,59.91,1831.06,174.95,969.41,55.07,2326.04,162.03,548.55,41.46,2165.40,167.34,454.64,246.11,47.75,95.22,222.52,1797.54,3557.43,2.48,149.83,119.85,606.94,3.19,950.91,60.80,503.18
2026-04-08T15:30:00Z,43.14,2494.67,156.74,474.91,60.12,1826.82,175.30,964.41,54.85,2326.37,161.62,543.67,41.34,2157.76,166.75,442.88,242.36,48.14,94.44,220.32,1789.22,3575.09,2.59,150.75,116.11,597.41,3.00,942.05,61.63,501.05
2026-04-08T15:40:00Z,43.60,2490.89,156.64,476.23,60.09,1814.12,175.73,967.98,55.14,2325.35,161.84,535.48,41.52,2168.60,166.40,436.19,249.14,49.53,94.67,227.28,1803.01,3537.05,2.36,147.52,122.10,599.23,2.80,956.91,60.16,487.11
2026-04-08T15:50:00Z,43.74,2486.24,156.88,488.03,60.10,1815.18,174.98,964.58,55.18,2323.56,162.26,543.61,41.36,2160.35,166.55,448.24,244.07,50.71,94.64,219.94,1799.89,3559.21,2.68,149.46,116.61,596.21,2.90,944.83,59.80,506.95
2026-04-08T16:00:00Z,43.78,2475.53,156.49,502.57,59.76,1836.48,175.09,974.50,54.80,2323.49,161.21,533.34,41.67,2163.49,165.62,449.27,254.02,50.47,94.62,230.96,1810.27,3556.93,2.47,150.18,120.55,602.02,3.41,957.77,60.91,510.26
2026-04-08T16:10:00Z,44.08,2465.03,156.18,492.14,59.73,1835.98,175.90,967.61,55.17,2320.98,161.96,544.74,41.92,2158.24,165.99,445.35,249.14,50.17,95.47,222.14,1800.46,3543.67,2.28,150.89,117.90,594.55,2.82,953.10,60.27,492.11
2026-04-08T16:20:00Z,43.72,2474.97,156.28,487.21,59.33,1850.44,176.23,958.20,55.19,2313.20,162.10,555.32,42.18,2157.97,166.41,454.26,,50.91,94.53,224.51,1805.16,3566.25,2.50,150.53,116.88,600.45,2.77,946.77,59.32,505.68
2026-04-08T16:30:00Z,43.24,2477.62,156.00,509.04,59.26,1843.55,175.83,937.09,54.77,2326.64,161.69,546.29,42.20,2149.97,166.51,445.82,250.57,50.13,94.41,225.45,1799.03,3538.53,2.82,147.86,119.22,602.76,2.95,951.56,59.61,510.21
2026-04-08T16:40:00Z,43.32,2490.31,156.63,487.15,59.19,1847.85,175.88,935.86,54.81,2334.70,161.99,525.95,42.18,2146.85,166.27,446.84,249.01,49.54,94.32,226.45,1804.40,3554.00,2.57,150.98,118.87,596.44,3.00,949.72,59.40,504.39
2026-04-08T16:50:00Z,43.46,2489.66,156.81,479.90,59.52,1838.59,175.28,950.51,54.58,2342.46,161.25,516.55,42.20,2148.81,166.23,447.12,245.52,49.39,94.24,218.66,1799.34,3548.17,2.42,148.77,119.65,598.61,2.92,948.30,57.39,491.09
2026-04-08T17:00:00Z,43.68,2477.78,156.86,494.77,59.74,1829.45,174.88,950.14,54.98,2334.13,160.99,532.04,41.99,2152.67,166.33,448.12,249.47,49.12,94.29,225.80,1798.21,3552.25,2.51,149.40,118.44,595.18,2.54,951.31,58.48,500.81
2026-04-08T17:10:00Z,44.14,2475.87,156.76,514.28,59.55,1836.66,174.49,945.40,54.85,2339.53,160.76,542.60,42.13,2144.82,166.57,449.00,254.59,50.61,93.77,228.68,1803.49,3552.99,2.34,150.06,122.47,601.47,2.93,954.58,58.16,503.68
2026-04-08T17:20:00Z,43.93,2471.50,157.42,510.58,59.36,,174.27,970.39,54.87,2326.87,161.17,540.09,43.14,2124.87,166.24,467.83,250.02,52.37,94.03,226.89,1812.13,3549.62,2.66,151.53,119.39,598.12,3.14,954.88,58.57,494.33
2026-04-08T17:30:00Z,44.07,2475.15,156.83,512.96,59.13,1844.32,175.23,980.00,54.97,2318.22,161.26,544.29,42.79,2118.89,166.10,481.69,247.02,50.83,94.64,221.57,1797.77,3542.83,2.27,150.17,118.78,603.93,3.18,945.77,59.27,513.22
2026-04-08T17:40:00Z,43.89,2484.08,156.79,515.63,58.97,1850.57,175.05,961.37,55.26,2322.05,161.74,557.44,42.84,2131.01,167.00,470.97,248.57,50.52,94.73,229.46,1803.50,3557.99,2.42,150.23,120.62,595.66,2.87,949.86,59.20,495.28
2026-04-08T17:50:00Z,43.75,2489.75,157.51,508.91,59.00,1857.29,175.28,953.43,55.35,2321.18,161.18,543.38,42.93,2121.12,166.91,469.37,250.62,50.79,94.47,228.25,1806.08,3549.36,2.31,150.43,121.05,600.68,3.11,950.18,59.50,493.24
2026-04-08T18:00:00Z,43.78,2478.97,156.79,490.18,58.74,1870.39,174.96,926.23,55.33,2316.76,161.14,558.60,42.95,2117.89,166.41,479.84,245.91,50.06,94.36,222.09,1800.06,3562.23,2.26,150.28,117.35,600.13,3.04,947.97,60.99,506.62
2026-04-08T18:10:00Z,43.66,2478.93,157.59,500.25,58.59,1870.19,174.82,928.04,55.19,2316.02,161.23,555.71,42.76,2132.80,167.20,462.79,248.53,49.20,94.99,222.23,1793.42,3537.84,2.68,149.00,120.04,598.86,3.27,943.52,60.60,499.96
2026-04-08T18:20:00Z,44.02,2478.49,157.13,489.06,58.65,1866.10,174.38,928.10,55.40,2317.67,161.85,544.51,42.32,2131.97,166.85,462.84,249.33,49.05,95.66,223.66,1806.47,3553.60,2.41,149.15,119.18,599.58,2.87,955.91,61.74,499.01
2026-04-08T18:30:00Z,43.94,2478.05,157.70,495.13,58.61,1867.64,174.74,940.09,55.03,2321.76,161.79,534.97,42.37,2134.99,167.14,478.59,254.07,49.13,95.47,228.72,1805.42,3549.76,2.59,149.33,120.83,595.82,3.53,948.93,60.36,498.39
2026-04-08T18:40:00Z,43.50,2478.30,157.17,503.95,58.86,1865.85,174.08,940.12,55.68,2308.39,161.15,553.49,42.12,2140.44,166.93,470.82,250.25,49.28,94.66,225.61,1806.63,3543.01,2.64,149.01,120.27,598.58,3.06,957.51,59.99,504.33
2026-04-08T18:50:00Z,43.51,2481.18,156.78,496.29,58.87,1860.47,173.17,930.92,55.74,2292.67,161.28,564.99,41.91,2145.54,167.69,469.45,249.51,48.99,94.51,225.38,1805.29,3568.53,2.54,151.52,117.35,590.87,3.29,949.55,59.36,489.29
2026-04-08T19:00:00Z,43.48,2487.63,156.67,489.29,58.50,1870.70,173.45,921.91,55.60,2304.76,162.68,575.54,41.88,2146.03,167.26,456.68,242.01,50.93,94.87,217.55,1799.30,3546.02,2.59,148.34,115.20,595.89,3.01,949.41,58.94,497.28
2026-04-08T19:10:00Z,43.10,2492.08,156.88,490.93,58.28,1864.10,173.75,912.85,55.63,2315.48,161.95,563.86,41.95,2148.37,166.79,466.85,246.80,49.58,94.91,222.08,1791.69,3527.59,2.51,147.46,119.56,602.21,2.82,942.62,58.88,503.02
2026-04-08T19:20:00Z,43.17,2499.68,156.98,489.23,58.40,1864.05,174.13,920.24,55.54,2314.02,161.90,559.44,42.25,2136.46,166.86,470.08,245.93,48.97,94.65,223.01,1796.05,3562.19,2.48,151.51,117.60,596.44,3.01,947.84,59.90,498.47
2026-04-08T19:30:00Z,43.41,2496.48,156.85,493.75,58.52,1861.75,174.95,916.46,55.46,2322.50,161.43,535.00,42.49,2128.32,167.19,470.47,247.85,50.42,94.32,222.55,1791.75,3557.13,2.41,151.13,115.63,593.71,2.94,944.88,59.94,497.25
2026-04-08T19:40:00Z,43.41,2488.99,156.86,498.39,58.43,1866.61,174.70,912.33,55.37,2312.68,161.89,559.51,43.12,2127.35,166.76,477.56,247.82,50.04,93.71,223.79,1812.53,3546.49,2.67,150.52,119.15,605.07,2.80,956.60,59.32,511.43
2026-04-08T19:50:00Z,43.39,2483.75,156.91,490.00,58.55,1860.61,174.08,927.80,55.62,2312.32,162.54,568.42,43.23,2126.00,167.19,476.08,247.65,50.06,94.60,224.65,1796.29,3546.47,2.50,149.05,117.34,592.92,3.14,950.23,60.22,499.67
2026-04-08T20:00:00Z,43.23,2495.97,157.47,478.80,58.57,1861.41,174.49,935.44,55.13,2323.14,162.34,558.17,42.95,2117.27,166.34,481.52,251.88,49.68,94.20,224.39,1797.64,3553.05,2.43,149.75,121.48,599.58,3.02,950.90,60.14,495.37
2026-04-08T20:10:00Z,43.36,2496.81,156.62,486.56,58.60,1851.12,174.81,935.21,55.07,2319.05,162.90,555.54,43.10,2124.12,166.53,491.50,250.40,49.76,94.85,227.31,1805.52,3555.70,2.15,149.06,120.46,593.78,3.11,957.29,60.43,506.76
2026-04-08T20:20:00Z,43.67,2491.82,157.19,495.78,58.31,1854.89,174.45,921.20,54.78,2333.36,162.52,555.07,43.13,2118.75,166.79,502.58,249.46,50.18,94.50,223.95,1797.04,3545.78,2.63,151.17,121.89,604.36,3.24,946.39,60.20,507.53
2026-04-08T20:30:00Z,43.17,2499.39,157.00,489.22,58.51,1864.54,173.52,934.43,55.23,2331.25,162.11,565.27,43.14,2126.12,167.07,475.53,248.07,49.80,94.74,226.43,1808.59,3551.69,2.49,148.99,119.24,600.55,3.25,964.24,60.05,503.24
2026-04-08T20:40:00Z,42.98,2504.02,156.78,483.48,58.49,1857.69,173.65,913.90,55.02,2330.52,161.98,545.93,42.90,2123.21,167.11,464.61,251.41,48.36,94.19,223.95,1790.92,3549.52,2.53,149.01,120.81,593.97,3.20,950.56,59.93,491.35
2026-04-08T20:50:00Z,42.95,2492.85,156.43,477.66,58.98,1854.73,173.50,939.29,55.15,2326.84,162.41,537.19,42.83,2124.29,166.79,475.61,251.28,49.28,95.23,224.91,1799.57,3558.28,2.60,150.16,120.31,603.56,2.80,940.08,59.22,504.58
2026-04-08T21:00:00Z,43.04,2497.42,156.42,479.69,58.91,1846.71,174.55,943.41,55.40,2324.30,162.19,533.96,42.80,2132.59,166.34,472.39,253.32,50.64,94.73,227.57,1812.18,3548.20,2.63,148.16,121.05,597.86,2.94,957.19,58.62,504.03
2026-04-08T21:10:00Z,43.11,2494.37,156.63,479.56,59.45,1850.13,174.91,950.85,55.57,2318.57,161.79,532.08,42.68,2138.31,165.61,463.87,251.44,50.94,93.67,224.63,1795.80,3548.02,2.59,150.78,127.01,610.67,2.95,946.75,56.43,517.84
2026-04-08T21:20:00Z,42.93,2511.50,156.40,466.75,59.34,1841.47,175.68,956.36,55.57,2312.58,161.36,540.41,42.25,2142.09,166.15,458.11,246.48,51.61,93.78,221.62,1791.27,3552.36,2.52,150.96,120.54,599.19,2.92,946.82,59.13,505.71
2026-04-08T21:30:00Z,43.50,2482.70,156.53,476.40,59.24,1845.96,175.98,944.15,55.75,2312.71,161.26,548.22,42.47,2146.17,166.78,452.19,257.38,50.47,94.73,232.46,1806.30,3550.86,2.69,148.14,121.90,606.35,2.90,950.48,60.23,510.63
2026-04-08T21:40:00Z,43.66,2484.47,156.45,485.94,58.76,1864.76,175.63,939.58,55.80,2304.16,160.97,550.26,42.83,2133.49,166.77,468.62,255.68,50.52,95.87,226.85,1799.05,3551.13,2.40,150.22,124.22,611.54,2.82,950.13,60.33,510.22
2026-04-08T21:50:00Z,43.63,2473.17,156.54,502.00,59.15,1857.79,175.81,948.56,55.47,2310.51,161.06,552.91,42.95,2128.97,166.30,471.10,253.91,50.09,95.46,228.13,1798.16,3560.08,2.51,148.75,120.33,600.09,3.26,954.32,59.80,496.28
2026-04-08T22:00:00Z,43.44,2481.68,156.64,489.59,59.87,1827.99,175.48,967.49,56.03,2298.47,161.86,562.05,43.14,2125.59,166.53,483.68,249.40,49.76,94.76,225.06,1804.14,3545.65,2.31,150.90,118.12,601.44,2.63,954.72,60.97,507.31
2026-04-08T22:10:00Z,43.36,2494.83,157.10,489.46,59.93,1819.64,175.77,979.27,56.10,2307.03,162.42,563.52,43.67,2118.45,166.79,493.30,251.72,50.77,94.41,225.96,1804.28,3546.73,2.68,150.75,121.82,605.06,3.26,945.90,60.45,506.31
2026-04-08T22:20:00Z,43.59,2492.40,157.15,486.74,59.81,1838.84,174.78,957.95,55.65,2309.46,161.82,572.76,43.66,2122.08,166.73,483.21,254.41,48.23,94.45,231.46,1808.94,3543.68,2.56,151.58,122.63,604.82,2.91,952.92,61.04,504.13
2026-04-08T22:30:00Z,44.03,2488.79,156.82,492.30,59.74,1830.68,174.88,961.92,55.84,2304.20,162.36,552.37,43.23,2113.80,166.83,475.42,255.08,49.78,94.57,226.43,1798.81,3554.91,2.62,149.02,123.31,606.23,3.53,945.22,60.18,509.16
2026-04-08T22:40:00Z,43.81,2495.12,156.57,489.52,59.66,1827.23,175.32,975.45,55.75,2305.19,161.92,549.96,43.25,2118.07,167.07,478.87,249.19,50.89,95.63,223.53,1791.97,3549.93,2.35,149.47,118.98,599.90,2.67,939.28,60.29,494.30
2026-04-08T22:50:00Z,44.07,2479.54,157.02,497.74,59.65,1826.77,175.92,998.05,55.80,2297.58,162.81,574.83,43.39,2112.70,167.12,500.40,253.63,51.79,95.11,225.20,1800.05,3545.23,2.63,149.80,123.37,608.35,2.77,952.28,59.65,513.98
2026-04-08T23:00:00Z,43.86,2479.88,157.28,494.03,59.56,1832.18,175.63,972.36,55.52,2308.62,162.30,569.68,43.21,2114.34,167.72,510.07,250.50,52.32,95.75,226.33,1806.01,3547.73,2.51,150.70,118.96,592.04,2.69,948.66,59.76,489.46
2026-04-08T23:10:00Z,44.09,2487.37,157.55,508.23,59.67,1843.54,175.22,964.02,55.23,2309.27,161.93,563.81,43.02,2115.84,166.61,510.98,254.08,49.44,95.51,228.79,1798.90,3558.54,2.61,150.41,124.14,605.66,3.01,947.40,59.34,502.95
2026-04-08T23:20:00Z,44.37,2482.66,157.17,502.55,59.34,1847.96,175.29,962.53,55.38,2315.97,161.59,565.16,43.14,2105.91,167.28,490.67,255.47,50.37,95.39,228.84,1801.17,3541.63,2.64,149.09,122.52,604.20,3.12,951.81,59.69,500.68
2026-04-08T23:30:00Z,44.29,2473.36,157.08,501.16,59.35,1841.74,175.79,962.41,55.60,2311.01,161.01,565.88,43.23,2107.44,167.98,501.33,261.03,51.02,95.53,232.88,1809.00,3556.50,2.38,151.74,127.50,610.51,3.03,956.09,58.92,509.12
2026-04-08T23:40:00Z,44.13,2472.27,157.04,501.70,59.08,1848.96,175.71,958.20,55.55,2305.63,161.36,558.18,43.26,2117.21,168.12,505.40,253.60,53.14,95.43,229.53,1806.01,3554.86,2.60,150.50,122.32,602.62,3.17,948.31,60.29,500.37
2026-04-08T23:50:00Z,44.39,2465.78,156.74,521.28,59.32,1837.81,175.93,964.94,55.44,2304.22,162.37,560.88,43.41,2106.00,168.00,506.10,259.15,51.78,95.54,233.09,1807.40,3556.74,2.46,150.05,125.51,602.14,3.22,951.64,61.28,515.83
