timestamp,VAR_001,VAR_002,VAR_003,VAR_004,VAR_005,VAR_006,VAR_007,VAR_008,VAR_009,VAR_010,VAR_011,VAR_012,VAR_013,VAR_014,VAR_015,VAR_016,VAR_017,VAR_018,VAR_019,VAR_020,VAR_021,VAR_022,VAR_023,VAR_024,VAR_025,VAR_026,VAR_027,VAR_028,VAR_029,VAR_030
2026-02-12T00:00:00Z,40.51,2565.29,154.31,358.07,35.09,2448.34,157.40,94.82,65.10,2070.98,168.68,889.71,44.31,2091.09,168.35,531.63,222.38,40.29,92.84,200.81,1782.35,3558.29,2.68,150.87,106.67,577.39,2.98,939.76,60.33,479.47
2026-02-12T00:10:00Z,41.44,2549.05,155.03,385.32,35.09,2436.04,157.79,94.84,65.06,2068.02,168.57,891.91,44.65,2090.20,168.04,534.83,224.74,40.39,93.74,207.33,1777.03,3548.73,2.59,150.26,104.21,581.65,2.95,940.06,61.54,483.96
2026-02-12T00:20:00Z,42.18,2525.25,155.24,412.59,35.17,2442.04,157.88,102.34,65.39,2064.38,168.43,898.09,44.75,2085.14,168.52,527.96,220.79,39.75,94.77,199.53,1786.89,3560.92,2.56,150.66,104.10,575.49,3.14,941.55,60.99,480.74
2026-02-12T00:30:00Z,42.98,2512.49,155.68,449.35,35.23,2439.79,158.20,105.02,65.03,2072.65,169.32,895.46,44.61,2084.09,168.12,526.49,222.47,43.45,94.04,201.14,1776.73,3558.37,2.24,151.04,103.81,576.56,3.06,939.81,59.31,492.15
2026-02-12T00:40:00Z,44.08,2481.62,156.62,468.00,35.44,2439.16,158.21,94.89,65.12,2068.77,168.79,902.63,44.45,2094.73,168.25,525.42,219.90,42.65,94.53,195.39,1764.05,3553.64,2.32,149.91,105.61,581.09,2.97,932.81,58.45,488.30
2026-02-12T00:50:00Z,44.99,2471.92,157.25,506.88,35.45,2442.68,158.74,119.72,65.25,2074.22,168.17,911.79,44.42,2087.90,167.82,550.44,224.43,41.39,93.97,199.65,1778.70,3559.69,2.18,150.12,107.76,583.43,2.75,935.96,58.48,481.93
2026-02-12T01:00:00Z,45.58,2456.44,157.87,529.02,35.14,2451.14,158.64,106.41,65.23,2075.31,168.57,917.60,44.14,2089.18,168.37,541.41,230.31,41.91,94.17,202.81,1782.45,3554.23,2.46,150.37,110.51,590.61,3.12,939.97,59.68,474.55
2026-02-12T01:10:00Z,46.31,2436.57,158.26,566.22,34.72,2456.18,158.10,99.92,65.41,2067.26,169.55,922.52,43.74,2097.89,168.57,519.18,228.50,41.48,94.95,209.55,1786.98,3548.80,2.77,151.67,108.31,592.87,2.79,941.64,59.99,497.78
2026-02-12T01:20:00Z,46.92,2412.19,158.34,575.57,34.99,2437.34,158.15,87.02,,2067.06,169.20,933.93,44.45,2083.31,167.85,523.20,233.14,42.66,94.75,209.22,1790.89,3553.16,2.45,149.42,109.01,592.88,2.86,945.04,58.89,492.22
2026-02-12T01:30:00Z,47.61,2383.87,158.52,608.86,35.10,2447.73,157.80,76.12,65.51,2075.31,169.05,947.16,44.46,2089.34,168.41,551.69,233.54,43.03,94.70,212.39,1789.62,3527.61,2.85,148.58,115.63,593.15,2.69,948.06,59.91,499.12
2026-02-12T01:40:00Z,48.17,2376.11,158.65,634.66,34.86,2458.27,158.07,89.77,65.64,2065.34,169.17,928.21,44.32,2098.20,168.20,536.49,234.61,45.71,94.47,211.12,1788.39,3552.14,2.23,149.98,115.07,597.05,2.89,945.58,60.27,495.36
2026-02-12T01:50:00Z,49.17,2363.16,159.11,657.13,34.48,2456.84,157.03,67.43,65.48,2072.82,168.99,907.13,44.58,2090.36,168.01,529.41,237.31,46.32,93.69,213.81,1791.53,3536.42,2.27,149.99,112.69,590.90,3.00,941.45,59.86,487.81
2026-02-12T02:00:00Z,50.12,2329.76,160.14,675.51,35.07,2443.22,157.93,82.18,65.62,2061.19,168.71,885.90,44.73,2085.02,168.04,539.20,237.81,45.85,93.53,216.25,1789.10,3548.97,2.34,149.54,113.69,599.41,3.11,945.61,59.99,500.13
2026-02-12T02:10:00Z,50.79,2318.97,159.91,701.94,34.95,2443.51,157.74,80.18,65.55,2063.47,168.04,914.54,44.35,2086.19,168.26,546.24,244.00,46.21,94.25,221.19,1791.86,3557.17,2.62,148.61,116.66,591.55,2.52,946.46,59.77,491.64
2026-02-12T02:20:00Z,51.64,2298.40,161.09,731.46,34.93,2443.06,157.55,85.27,65.17,2066.63,168.66,910.76,44.34,2097.66,168.59,535.08,241.31,47.88,95.00,219.42,1788.57,3554.13,2.64,150.52,118.13,594.85,3.16,947.55,59.06,488.79
2026-02-12T02:30:00Z,52.22,2276.55,161.55,766.39,34.47,2455.99,158.04,87.03,64.59,2091.22,168.67,895.48,44.10,2104.42,168.04,516.80,239.93,46.69,94.77,215.56,1785.55,3547.71,2.69,151.58,111.85,588.51,3.15,947.25,59.18,487.26
2026-02-12T02:40:00Z,53.23,2250.60,162.16,797.24,34.27,2454.99,157.62,88.75,64.16,2090.63,168.86,891.99,44.22,2099.14,168.07,515.11,243.42,45.67,95.51,218.78,1804.30,3548.46,2.15,150.37,117.60,594.28,3.28,949.55,59.83,491.53
2026-02-12T02:50:00Z,53.60,2235.57,162.61,829.82,34.03,2466.95,157.44,75.87,64.16,2103.50,168.95,891.25,44.00,2100.41,168.47,524.44,245.41,47.62,94.62,220.89,1794.54,3549.01,,148.78,117.96,599.59,2.99,944.48,60.57,502.61
2026-02-12T03:00:00Z,53.99,2225.49,163.26,847.06,34.06,2470.97,156.89,62.44,64.53,2093.87,168.74,877.67,44.25,2097.40,168.34,512.24,248.13,46.82,93.91,221.80,1797.28,3527.46,2.57,150.11,117.98,606.44,3.27,947.42,61.69,504.15
2026-02-12T03:10:00Z,55.02,2208.38,163.97,863.09,34.24,2460.96,157.61,65.90,64.40,2103.68,169.11,861.63,44.41,2099.09,168.03,510.05,244.58,47.95,94.33,219.05,1795.08,3551.67,2.44,150.39,115.95,595.13,2.82,949.79,61.25,501.22
2026-02-12T03:20:00Z,55.66,2192.90,165.24,894.35,34.20,2469.57,156.71,64.92,64.66,2080.60,168.83,874.43,44.91,2075.45,168.65,536.81,247.76,46.43,95.28,222.49,1785.83,3535.56,2.33,149.67,118.65,605.29,3.36,947.34,60.55,507.32
2026-02-12T03:30:00Z,56.00,2176.51,165.11,914.11,34.27,2480.20,156.72,63.56,64.20,2093.36,167.94,866.03,45.00,2078.61,168.55,534.71,248.17,48.50,94.80,222.24,1800.83,3549.17,2.75,149.37,122.55,600.99,3.06,954.06,59.17,501.17
2026-02-12T03:40:00Z,56.39,2167.95,165.30,938.68,34.70,2464.92,156.99,71.79,64.32,2096.79,168.49,873.72,44.83,2086.79,168.46,546.94,246.27,50.88,94.26,220.21,1796.84,3554.70,2.98,148.56,120.06,598.22,3.48,941.08,60.97,492.02
2026-02-12T03:50:00Z,56.80,2165.40,165.16,943.23,34.86,2460.67,157.44,71.01,64.22,2079.31,168.04,873.66,45.22,2072.25,168.38,557.95,249.42,52.52,93.64,221.33,1800.17,3560.62,2.54,149.56,121.93,612.91,3.15,953.94,62.03,504.19
2026-02-12T04:00:00Z,56.82,2158.30,165.94,960.01,34.12,2459.25,157.81,66.06,64.70,2086.87,168.32,875.90,44.99,2073.57,168.16,555.57,251.42,51.95,94.87,225.40,1807.60,3551.89,2.23,149.49,119.18,601.67,3.20,956.14,61.27,501.34
2026-02-12T04:10:00Z,57.16,2148.34,166.53,960.62,34.04,2476.18,157.05,53.73,64.77,2090.36,168.70,874.06,45.50,2075.52,168.13,553.38,250.93,50.61,94.72,225.16,1793.44,3559.75,2.47,148.89,121.87,604.07,3.22,943.59,60.21,481.90
2026-02-12T04:20:00Z,57.38,2141.84,166.93,967.93,33.92,2472.12,157.40,66.49,64.28,2090.43,168.23,875.31,46.00,2065.93,168.37,569.20,254.58,49.16,94.99,227.47,1804.01,3548.04,2.55,149.10,122.01,603.62,3.00,952.77,61.35,497.96
2026-02-12T04:30:00Z,57.92,2133.94,167.19,971.35,33.87,2476.05,157.29,72.88,64.46,2088.20,167.99,865.56,46.05,2052.82,168.78,574.14,252.86,50.19,95.98,232.03,1810.66,3540.25,2.58,149.87,122.08,604.31,3.04,955.30,61.84,490.63
2026-02-12T04:40:00Z,58.40,2128.89,166.98,987.43,33.80,2472.86,157.76,73.23,64.53,2095.26,167.82,864.07,46.26,2053.38,168.93,585.37,251.31,49.87,95.99,225.63,1798.56,3546.22,2.73,149.97,119.51,600.12,3.36,947.83,61.98,498.91
2026-02-12T04:50:00Z,58.66,2114.19,166.27,992.03,33.66,2476.50,157.20,64.65,64.69,2090.55,168.10,873.41,45.96,2063.96,169.37,595.93,250.82,47.23,95.29,227.73,1803.86,3539.58,2.69,148.66,119.90,605.88,3.30,954.03,60.58,506.17
2026-02-12T05:00:00Z,58.95,2106.52,166.39,1023.09,33.91,2487.44,157.54,53.55,64.74,2083.37,168.66,884.64,44.94,2073.05,169.17,561.37,256.12,47.38,95.65,227.62,1809.20,3555.96,2.36,148.07,122.87,608.78,2.66,956.96,60.37,496.35
2026-02-12T05:10:00Z,59.33,2090.37,166.62,1022.31,34.33,2468.29,157.68,68.66,65.05,2078.27,167.81,874.27,44.44,2071.45,168.89,538.99,254.81,51.46,94.68,229.08,1812.57,3547.21,2.54,149.90,119.97,603.11,3.08,958.90,61.76,503.36
2026-02-12T05:20:00Z,59.21,2088.25,166.86,1037.46,34.52,2466.69,158.29,58.71,65.27,2073.47,168.43,889.12,44.25,2085.14,168.35,533.85,250.33,51.52,95.00,226.74,1797.52,3552.24,2.31,150.28,119.74,604.23,3.29,953.92,60.69,505.87
2026-02-12T05:30:00Z,59.95,2080.89,167.52,1053.42,34.72,2455.00,157.70,68.00,65.05,2078.15,168.95,884.73,44.55,2088.41,167.73,549.91,254.57,51.75,95.19,229.09,1802.62,3553.51,2.26,150.13,123.18,598.18,3.21,946.62,61.52,488.65
2026-02-12T05:40:00Z,59.52,2089.93,167.81,1068.73,34.70,2459.09,157.88,70.53,65.03,2078.00,168.90,905.80,44.17,2078.62,167.02,543.23,257.65,52.72,94.04,233.13,1809.32,3558.75,2.54,150.84,123.10,607.07,3.10,956.32,60.72,510.79
2026-02-12T05:50:00Z,59.30,2094.99,167.37,1047.48,34.41,2471.34,157.83,64.74,65.23,2074.63,168.58,912.36,44.22,2102.64,167.60,553.39,256.90,52.97,94.46,229.54,1802.68,3540.00,2.44,149.63,124.12,601.71,2.96,956.97,59.51,501.03
2026-02-12T06:00:00Z,59.74,2093.49,168.45,1039.50,33.90,2477.84,157.36,58.30,64.88,2079.20,167.58,892.38,44.23,2100.35,168.28,524.27,255.94,51.54,94.74,230.57,1813.44,3547.40,2.25,149.25,123.38,602.22,2.67,957.13,58.77,495.38
2026-02-12T06:10:00Z,59.94,2076.98,168.70,1058.41,34.17,2472.13,157.13,62.01,64.38,2075.18,168.99,902.70,44.30,2088.15,168.10,526.30,254.64,51.50,94.82,227.59,1799.62,3542.27,2.25,151.06,122.03,599.79,2.92,950.71,59.73,500.47
2026-02-12T06:20:00Z,60.01,2066.65,169.02,1062.82,34.00,2466.58,157.40,68.49,64.13,2090.45,169.19,891.46,44.28,2098.20,167.52,524.26,254.95,50.33,95.47,229.03,1804.75,3554.49,2.43,150.71,121.09,595.71,3.15,946.40,59.78,498.66
2026-02-12T06:30:00Z,60.68,2077.55,168.44,1077.02,33.52,2473.92,157.48,60.16,64.37,2093.64,168.34,892.04,44.57,2090.02,167.66,533.74,255.29,50.91,94.81,230.75,1802.76,3551.60,2.40,148.26,124.28,602.50,3.08,949.41,60.34,495.33
2026-02-12T06:40:00Z,60.49,2073.70,168.24,1082.51,33.12,2485.33,157.08,59.05,64.95,2080.53,168.62,894.51,44.89,2082.41,167.65,541.32,256.12,52.96,95.31,229.69,1801.72,3556.63,2.35,150.34,123.63,599.54,3.17,952.86,59.48,493.69
2026-02-12T06:50:00Z,60.59,2063.80,169.05,1093.67,32.95,2491.23,156.68,38.23,65.29,2079.41,168.49,906.32,44.68,2073.83,167.69,543.34,259.32,52.79,95.94,229.53,1804.25,3556.37,2.65,151.72,126.65,606.50,3.09,950.71,60.24,503.35
2026-02-12T07:00:00Z,60.54,2065.17,169.67,1096.48,32.77,2498.51,157.25,14.72,65.00,2087.25,168.90,889.43,44.74,2079.71,168.07,548.56,257.97,52.48,95.96,232.44,1804.97,3557.00,2.73,149.67,124.60,610.67,2.85,952.42,59.52,502.11
2026-02-12T07:10:00Z,60.81,2065.68,169.91,1077.05,32.51,2506.26,156.81,21.13,64.76,2079.63,168.57,890.34,44.66,2092.58,167.91,538.91,261.10,51.47,96.14,236.97,1815.92,3556.63,2.50,152.76,124.08,605.62,2.68,949.61,59.49,508.09
2026-02-12T07:20:00Z,61.25,2046.12,169.48,1092.17,32.70,2504.49,156.22,17.15,65.12,2072.67,169.10,876.61,44.31,2087.10,168.09,534.27,260.77,51.03,95.80,233.69,1812.99,3558.54,2.23,150.68,123.76,602.90,3.05,955.95,58.98,506.81
2026-02-12T07:30:00Z,61.30,2034.46,169.44,1104.48,32.91,2502.93,155.32,24.65,65.00,2080.44,168.72,887.84,44.56,2081.14,168.75,539.02,260.21,51.31,95.69,235.10,1814.90,3556.01,2.54,151.25,124.00,607.90,3.05,951.12,60.60,505.79
2026-02-12T07:40:00Z,61.26,2041.46,169.15,1115.74,33.24,2499.61,155.51,17.09,64.83,2069.25,168.83,895.72,44.21,2096.26,168.94,536.50,252.09,50.95,94.91,227.05,1805.94,3549.91,2.35,149.88,121.61,602.81,2.71,953.97,60.59,489.07
2026-02-12T07:50:00Z,60.88,2050.66,168.93,1107.87,32.91,2510.82,156.07,18.84,64.80,2073.19,168.66,892.35,44.19,2102.22,168.27,534.94,256.87,51.33,94.83,228.07,1811.07,3551.16,2.59,151.47,124.16,608.96,2.79,958.70,58.46,510.36
2026-02-12T08:00:00Z,61.11,2044.95,168.84,1115.64,32.68,2510.36,156.16,13.79,65.04,2066.86,168.72,904.24,44.24,2104.45,167.86,524.57,252.63,52.46,94.01,227.02,1795.38,3568.10,2.52,148.86,119.57,595.00,2.78,948.40,59.64,500.40
2026-02-12T08:10:00Z,61.18,2035.26,169.73,1129.71,32.72,2505.85,155.83,2.08,65.34,2073.48,168.63,892.10,44.19,2111.95,167.89,532.91,252.47,52.04,94.21,223.96,1798.43,3559.97,2.44,151.49,122.06,607.61,2.91,951.65,59.86,508.15
2026-02-12T08:20:00Z,61.31,2037.27,169.50,1139.31,32.97,2490.68,156.32,20.82,65.43,2061.18,168.93,896.95,44.54,2090.05,168.65,528.46,256.75,51.85,94.53,231.82,1806.24,3545.36,2.35,149.32,126.02,611.44,2.81,949.27,59.61,509.43
2026-02-12T08:30:00Z,61.18,2045.30,169.10,1133.17,33.30,2490.16,156.39,32.07,65.76,2054.63,168.24,912.01,44.29,2100.06,168.79,525.92,255.71,51.56,94.36,230.68,1803.71,3551.28,2.57,149.74,122.34,604.88,3.00,952.64,60.27,499.17
2026-02-12T08:40:00Z,61.57,2040.80,169.20,1125.59,33.25,2490.12,156.47,39.14,65.55,2060.78,168.59,914.46,43.83,2110.11,168.22,509.95,257.38,51.60,94.59,228.71,1809.47,3550.31,2.60,149.86,125.96,610.81,2.90,953.36,60.01,497.55
2026-02-12T08:50:00Z,61.70,2028.14,169.23,1136.77,33.30,2491.50,156.33,44.57,65.28,2070.27,168.93,904.57,43.77,2097.80,167.91,510.05,253.20,53.74,94.78,231.99,1804.66,3545.33,2.74,150.66,122.67,596.65,2.88,954.29,59.38,500.35
2026-02-12T09:00:00Z,61.56,2024.27,169.80,1140.70,33.34,2491.66,156.61,49.63,65.48,2065.82,168.65,914.06,43.43,2097.68,168.65,507.44,257.49,51.81,94.70,229.31,1792.96,3559.59,2.32,149.62,121.93,608.99,2.94,950.44,60.22,513.69
2026-02-12T09:10:00Z,61.60,2023.35,169.50,1138.26,33.45,2492.68,156.37,42.51,65.65,2069.30,168.58,907.20,43.67,2108.17,168.31,515.42,255.56,52.83,95.19,228.98,1799.68,3550.16,2.65,149.94,124.56,602.37,3.21,956.26,60.93,500.60
2026-02-12T09:20:00Z,61.53,2029.29,170.47,1151.26,33.70,2488.32,156.20,43.82,65.89,2052.21,168.54,908.96,43.70,2103.03,168.34,514.27,253.80,52.86,95.75,227.18,1805.46,3564.56,2.40,149.14,118.92,590.06,2.78,949.43,60.17,505.07
2026-02-12T09:30:00Z,61.47,2031.69,169.89,1142.75,33.82,2487.76,156.38,43.31,65.66,2054.12,169.13,911.89,44.24,2096.04,168.85,513.99,255.37,52.26,96.37,228.58,1803.95,3564.97,2.64,149.65,121.90,610.45,2.90,946.89,59.14,518.74
2026-02-12T09:40:00Z,61.27,2044.45,169.51,1110.07,33.77,2487.41,156.26,32.24,65.46,2059.99,168.56,914.72,44.21,2092.27,168.49,517.72,256.46,49.28,95.28,228.14,1806.52,3550.31,2.60,150.40,124.10,602.93,3.01,953.08,60.29,493.98
2026-02-12T09:50:00Z,61.41,2051.80,169.33,1116.57,34.21,2471.15,156.95,49.29,65.10,2065.60,168.92,902.08,44.02,2097.51,168.13,516.11,253.46,52.80,95.22,227.41,1799.87,3540.21,2.36,150.44,120.66,605.03,2.80,946.38,61.66,497.93
2026-02-12T10:00:00Z,61.39,2044.50,168.91,1117.21,34.08,2468.60,156.62,52.07,65.31,2066.58,168.95,913.84,43.98,2093.90,168.40,528.29,255.88,53.54,95.83,229.65,1808.33,3547.10,2.34,150.84,120.07,600.46,3.52,958.33,60.20,496.82
2026-02-12T10:10:00Z,61.60,2033.73,168.87,1125.63,34.10,2469.01,157.07,69.08,65.07,2065.60,168.89,905.79,43.97,2108.45,168.70,547.50,262.56,55.51,95.24,233.74,1804.40,3554.50,,149.33,125.73,601.75,3.03,942.90,60.74,501.65
2026-02-12T10:20:00Z,61.78,2042.10,170.30,1145.81,34.09,2469.07,157.02,82.80,65.12,2073.12,168.50,902.31,43.99,2104.41,168.65,542.03,260.05,56.39,96.02,232.64,1807.45,3539.09,2.65,149.09,123.27,599.50,2.98,953.62,60.09,487.94
2026-02-12T10:30:00Z,61.90,2025.26,170.63,1146.93,33.88,2479.46,156.93,62.74,65.05,2073.45,168.90,895.12,44.11,2112.06,168.49,541.42,256.73,58.11,95.63,232.48,1803.72,3561.85,2.57,150.75,125.37,605.98,3.27,950.54,60.82,511.65
2026-02-12T10:40:00Z,62.07,2029.79,170.35,1147.87,34.51,2472.99,157.03,58.36,64.86,2078.57,168.91,906.24,43.97,2112.52,168.99,525.65,256.14,54.80,96.90,230.36,1806.00,3554.66,2.43,150.40,126.19,601.12,3.25,954.50,61.02,498.47
2026-02-12T10:50:00Z,62.15,2024.25,170.07,1148.60,34.53,2465.66,157.58,60.46,64.70,2080.13,169.11,901.39,44.19,2090.20,168.30,513.64,257.05,54.60,95.71,226.67,1803.61,3539.91,2.65,150.49,124.28,603.36,3.33,946.48,60.97,493.77
2026-02-12T11:00:00Z,62.03,2029.47,170.01,1140.53,34.94,2463.53,156.78,60.16,64.46,2084.67,168.40,889.02,44.41,2087.85,168.09,541.31,254.41,52.67,96.46,230.46,1791.69,3548.94,2.52,150.38,122.32,603.11,3.16,947.13,61.73,496.26
2026-02-12T11:10:00Z,62.10,2024.39,170.46,1150.29,34.84,2454.04,157.57,68.23,64.44,2092.36,168.07,868.41,44.37,2087.68,168.57,535.38,256.80,51.10,95.81,229.23,1817.22,3561.88,2.32,149.35,124.29,600.02,2.94,955.03,61.06,495.44
2026-02-12T11:20:00Z,62.29,2014.91,170.38,1159.85,34.93,2460.75,157.51,96.78,64.58,2091.04,167.29,863.70,44.52,2093.14,168.68,540.44,256.85,53.91,95.56,229.05,1804.32,3550.52,2.78,151.85,123.12,599.22,3.28,946.25,60.64,493.59
2026-02-12T11:30:00Z,62.18,2020.25,169.77,1159.30,35.18,2462.63,158.16,97.80,64.94,2078.45,167.13,883.87,44.31,2093.05,168.30,539.63,260.39,55.68,95.85,234.23,1809.03,3535.68,2.47,149.96,124.06,600.57,3.15,952.72,60.92,498.62
2026-02-12T11:40:00Z,61.84,2030.66,169.50,1151.73,34.95,2459.86,158.16,78.83,64.47,2081.44,168.20,888.56,43.75,2098.58,168.06,527.23,260.52,54.69,94.91,236.28,1819.44,3546.65,2.54,149.14,124.53,605.77,3.22,957.07,60.35,498.70
2026-02-12T11:50:00Z,61.86,2039.55,170.07,1141.47,34.97,2457.57,158.37,88.86,64.28,2089.38,167.58,887.55,,2096.74,167.65,518.02,261.76,54.60,95.90,237.62,1820.20,3546.70,2.44,148.95,125.52,602.67,2.67,963.71,60.55,520.04
2026-02-12T12:00:00Z,62.51,2025.13,170.12,1133.96,34.90,2441.71,157.94,105.60,64.23,2087.24,167.99,883.44,43.91,2104.37,168.00,510.10,263.28,55.05,95.83,236.94,1809.77,3538.43,2.81,152.19,127.43,620.69,3.20,955.45,60.90,515.86
2026-02-12T12:10:00Z,62.72,2006.10,170.08,1163.27,34.92,2444.76,157.40,91.78,64.22,2088.91,168.20,869.62,44.01,2099.87,168.41,524.70,262.03,54.47,95.57,237.23,1814.35,3537.03,2.30,149.49,126.16,607.31,2.85,956.88,59.84,501.11
2026-02-12T12:20:00Z,62.89,2008.01,170.24,1173.83,35.35,2447.21,157.21,96.08,64.27,2094.92,167.87,849.71,43.96,2100.97,168.45,529.50,259.74,52.08,95.87,228.75,1801.99,3546.49,2.66,150.97,126.17,603.27,3.01,951.22,59.69,511.51
2026-02-12T12:30:00Z,62.49,2000.48,170.47,1179.76,35.80,2440.40,158.30,110.91,64.28,2099.46,168.42,858.42,44.29,2100.89,168.21,519.68,262.34,54.36,95.38,234.52,1807.11,3536.58,2.42,149.19,127.55,601.29,3.01,956.34,60.26,496.02
2026-02-12T12:40:00Z,62.06,2015.96,170.53,1159.53,36.07,2432.63,158.17,119.32,64.95,2080.75,167.66,852.90,44.85,2083.76,167.82,535.07,263.93,53.18,95.49,240.82,1817.17,3565.27,2.29,151.25,130.00,611.14,2.47,952.19,59.92,508.04
2026-02-12T12:50:00Z,61.75,2018.50,170.16,1152.19,35.61,2442.45,157.75,111.61,65.04,2065.28,167.74,878.97,44.56,2081.44,168.84,549.49,267.66,55.92,95.13,243.62,1823.06,3551.01,2.51,149.58,129.22,613.05,2.95,962.75,60.58,509.36
2026-02-12T13:00:00Z,62.18,2017.96,170.45,1158.08,35.66,2440.67,157.42,108.11,65.63,2057.54,168.26,889.17,44.88,2084.69,169.02,550.73,264.06,55.53,95.11,235.17,1809.54,3553.88,2.73,150.03,125.89,605.18,2.95,951.81,60.54,492.17
2026-02-12T13:10:00Z,62.42,2009.92,170.45,1171.98,35.77,2428.42,157.24,110.34,65.67,2059.13,168.64,912.99,44.70,2080.59,168.77,543.53,265.52,55.20,95.42,239.89,1815.10,3540.33,2.53,150.66,128.00,613.22,3.01,966.06,60.89,504.04
2026-02-12T13:20:00Z,62.88,1998.22,170.60,1182.31,35.58,2427.80,157.51,110.86,65.80,2057.25,168.92,912.53,44.65,2087.04,168.51,542.54,264.14,55.68,94.45,236.81,1809.71,3546.67,2.60,148.88,131.32,612.79,2.99,956.08,61.07,514.16
2026-02-12T13:30:00Z,62.90,2001.16,171.20,1184.76,35.68,2432.96,158.43,119.28,65.62,2062.75,168.88,906.92,44.45,2085.46,167.84,539.45,263.26,57.85,94.98,234.97,1807.13,3554.17,2.16,150.98,129.54,607.81,2.87,957.37,61.52,509.77
2026-02-12T13:40:00Z,62.84,2015.82,171.22,1178.94,36.02,2430.11,158.65,133.90,65.64,2058.31,169.21,917.38,44.16,2089.74,168.49,528.77,262.08,56.70,95.83,235.66,1816.46,3548.89,2.37,147.92,125.76,611.32,3.26,964.51,61.22,511.97
2026-02-12T13:50:00Z,63.15,2004.94,170.82,1183.42,35.97,2429.94,158.84,132.94,65.34,2070.87,169.12,904.52,44.22,2095.22,167.77,531.01,261.06,56.64,95.61,236.21,1814.30,3556.07,2.46,152.60,123.94,610.59,3.02,953.70,59.97,506.80
2026-02-12T14:00:00Z,63.30,1998.33,170.74,1194.91,36.25,2429.67,158.86,144.17,65.42,2074.26,168.55,906.20,44.48,2097.86,167.97,521.95,260.54,56.83,95.56,236.86,1816.52,3549.65,2.31,151.47,126.00,605.42,2.93,959.92,60.58,506.88
2026-02-12T14:10:00Z,63.23,1998.33,170.83,1197.63,36.64,2416.35,159.76,150.27,65.03,2081.19,168.68,891.30,44.11,2093.46,167.53,525.41,262.01,55.09,96.41,232.44,1809.05,3548.36,2.54,149.17,123.58,603.78,3.29,948.80,61.09,499.82
2026-02-12T14:20:00Z,63.29,1984.22,171.59,1196.08,36.50,2411.11,158.90,150.97,65.03,2076.09,168.38,901.21,44.41,2090.34,167.84,530.23,265.64,54.05,95.84,237.57,1820.13,3532.45,2.44,148.74,128.38,612.29,3.47,960.05,61.20,506.45
2026-02-12T14:30:00Z,63.35,1989.26,170.82,1183.32,36.40,2421.13,158.68,139.54,65.37,2066.32,169.28,904.39,44.93,2083.32,168.96,541.25,265.80,52.73,95.09,237.93,1808.00,3544.80,2.57,150.73,128.36,612.95,2.57,955.70,62.72,509.42
2026-02-12T14:40:00Z,63.53,1980.15,170.32,1205.54,36.43,2421.27,158.84,144.94,65.19,2064.63,168.97,911.57,45.04,2078.46,168.83,535.68,263.76,57.07,95.36,238.68,1807.83,3562.36,2.54,149.61,128.38,610.49,2.92,949.90,61.86,501.21
2026-02-12T14:50:00Z,63.44,1977.39,171.12,1200.05,36.21,2411.08,159.41,141.73,65.57,2074.94,168.11,911.68,44.96,2074.05,168.84,534.24,263.84,57.16,94.90,238.63,1816.95,3547.85,2.59,150.71,126.66,604.76,3.03,954.26,59.49,501.01
2026-02-12T15:00:00Z,63.70,1987.81,171.64,1205.62,36.08,2424.70,158.74,146.06,65.71,2067.18,167.89,924.55,45.06,2070.23,168.21,560.88,268.71,56.94,95.07,241.10,1815.54,3547.25,2.70,150.73,126.71,609.68,3.15,956.96,57.96,509.47
2026-02-12T15:10:00Z,63.45,2001.10,171.71,1192.10,36.15,2433.09,158.91,119.24,65.41,2061.17,168.44,910.66,44.74,2085.05,168.80,564.56,267.67,59.31,96.01,239.18,1811.41,3541.47,2.44,149.34,126.48,599.52,2.59,960.77,58.19,507.94
2026-02-12T15:20:00Z,63.09,1989.12,171.40,1178.23,35.72,2438.24,158.91,126.55,65.72,2065.49,168.89,915.05,44.73,2075.74,168.91,552.80,264.73,56.54,96.43,243.74,1820.76,3549.23,2.34,149.75,126.91,605.94,2.78,963.26,59.96,513.38
2026-02-12T15:30:00Z,62.88,1994.03,171.70,1177.61,35.64,2435.56,158.84,118.29,65.38,2059.60,169.34,911.59,44.75,2073.24,168.79,555.81,265.67,55.57,96.31,237.86,1815.76,3539.71,2.43,150.42,127.16,608.08,3.15,955.14,59.10,494.44
2026-02-12T15:40:00Z,62.71,1995.69,171.62,1183.16,35.96,2421.95,158.65,111.69,65.13,2067.41,169.27,909.73,44.63,2081.27,168.63,541.78,263.65,56.08,96.60,240.18,1809.49,3547.93,2.41,149.54,126.73,598.67,3.21,953.11,59.00,499.71
2026-02-12T15:50:00Z,62.42,2006.75,171.16,1180.32,35.65,2441.21,158.42,103.41,65.28,2066.95,168.87,918.16,44.27,2094.88,168.05,535.11,265.06,54.31,96.15,236.81,1806.98,3548.56,2.76,149.76,126.16,603.78,3.20,953.86,58.75,505.63
2026-02-12T16:00:00Z,62.40,2022.82,170.47,1163.73,35.91,2436.77,158.70,115.21,65.55,2059.63,169.31,910.59,44.26,2090.33,167.87,529.70,261.26,55.08,96.42,232.08,1799.28,3552.00,2.37,149.31,127.08,609.96,2.99,944.89,60.23,513.37
2026-02-12T16:10:00Z,62.72,2002.06,170.22,1170.80,35.86,2424.54,158.18,113.14,65.38,2073.33,168.57,904.05,44.02,2103.90,167.61,532.28,266.85,53.79,96.15,244.28,1821.59,3552.39,2.50,150.87,123.64,604.17,2.96,957.48,61.39,500.81
2026-02-12T16:20:00Z,62.41,2005.35,170.26,1160.80,36.10,2422.13,158.19,129.65,65.06,2078.65,168.37,891.11,43.55,2108.44,168.02,507.44,263.24,55.36,95.84,236.57,1809.74,3548.56,2.43,148.49,127.88,601.89,2.87,952.85,60.31,517.99
2026-02-12T16:30:00Z,62.64,2005.96,169.76,1167.19,35.80,2424.43,158.01,113.30,65.26,2073.98,167.63,884.04,43.22,2106.15,167.59,502.59,261.28,54.33,95.45,233.21,1802.36,3540.64,2.73,151.46,122.31,602.03,3.05,954.04,60.15,512.55
2026-02-12T16:40:00Z,62.64,2009.18,170.49,1172.19,36.23,2416.89,158.79,133.46,65.12,2069.83,168.32,903.39,43.33,2105.04,167.93,505.29,259.76,54.37,95.60,234.33,1812.31,3542.78,2.63,150.96,124.02,616.90,3.41,951.64,61.04,507.43
2026-02-12T16:50:00Z,62.76,2016.99,170.11,1154.94,36.32,2419.59,158.89,138.39,65.37,2075.41,168.56,908.45,43.35,2123.02,167.17,486.77,257.16,52.44,96.81,235.69,1816.89,3561.43,2.59,148.83,120.41,601.19,2.66,953.75,60.19,501.92
2026-02-12T17:00:00Z,62.84,2010.51,170.44,1172.48,35.78,2421.50,158.71,144.68,65.51,2069.14,168.93,,43.41,2115.56,167.48,493.97,265.03,55.11,97.10,238.26,1809.49,3557.15,2.62,150.33,127.12,606.81,2.73,956.19,60.56,501.94
2026-02-12T17:10:00Z,62.70,1994.86,171.41,1184.43,35.84,2429.86,158.80,143.00,64.60,2077.10,169.26,892.77,43.48,2119.07,167.26,505.14,261.27,54.99,97.61,235.19,1816.33,3556.79,2.78,149.87,125.57,598.10,2.94,953.87,59.71,501.81
2026-02-12T17:20:00Z,62.51,1992.72,170.52,1169.26,35.49,2444.18,159.12,132.26,64.24,2093.63,169.21,871.24,43.24,2118.08,167.53,503.02,262.69,54.45,97.42,236.37,1810.95,3540.79,2.49,149.73,126.41,603.90,3.09,958.69,60.73,507.60
2026-02-12T17:30:00Z,62.65,2005.19,170.32,1179.39,35.99,2433.91,159.06,137.29,64.68,2084.22,168.36,873.61,43.29,2124.32,167.14,484.67,264.55,54.51,96.60,239.90,1818.14,3552.12,2.64,149.28,127.99,604.93,2.94,961.19,60.32,494.94
2026-02-12T17:40:00Z,62.79,2012.24,169.82,1184.64,36.06,2427.84,159.00,135.60,64.72,2100.64,167.59,874.56,42.73,2133.37,167.72,474.41,262.88,54.34,95.73,234.92,1809.08,3557.34,2.38,149.53,127.05,611.43,3.25,954.57,60.93,503.75
2026-02-12T17:50:00Z,63.44,1992.25,170.58,1189.63,35.69,2432.72,158.75,130.81,64.32,2089.43,167.36,865.41,42.54,2129.54,167.60,487.61,262.65,52.23,96.02,234.75,1811.79,3556.70,2.54,150.99,123.97,600.23,2.95,959.43,60.29,499.76
2026-02-12T18:00:00Z,63.10,1997.03,170.62,1183.61,35.70,2434.62,158.45,132.10,64.45,2087.27,168.06,860.25,42.26,2140.47,166.56,475.81,257.37,52.88,95.44,229.80,1802.69,3549.93,2.40,150.40,122.20,601.60,3.03,951.17,59.67,499.27
2026-02-12T18:10:00Z,63.31,1997.29,171.33,1186.33,35.11,2441.33,158.21,115.22,64.50,2086.53,167.70,870.54,42.40,2131.10,166.44,466.12,258.55,52.33,95.85,233.83,1813.79,3555.10,2.30,151.35,123.46,603.46,2.97,961.52,59.10,503.81
2026-02-12T18:20:00Z,63.27,2002.30,170.56,1186.95,35.68,2448.86,158.09,117.29,64.62,2088.84,168.00,880.89,42.61,2141.04,166.77,476.88,253.02,52.13,95.95,229.53,1797.65,3551.25,2.49,150.12,121.53,599.90,3.15,946.42,58.75,501.42
2026-02-12T18:30:00Z,62.90,2004.10,170.68,1182.34,35.86,2436.06,158.47,126.28,64.63,2081.27,167.52,879.53,42.34,2142.52,166.75,472.16,253.32,52.67,96.02,228.78,1794.88,3547.61,2.49,149.83,122.07,600.97,3.22,945.19,60.47,498.90
2026-02-12T18:40:00Z,63.04,1998.34,171.34,1180.75,35.48,2430.36,158.52,118.51,64.77,2080.75,167.62,889.23,42.40,2137.57,166.69,462.35,254.19,55.55,95.52,227.29,1797.44,3551.18,2.35,147.95,122.15,604.81,2.80,954.63,60.35,506.89
2026-02-12T18:50:00Z,63.13,1995.85,171.21,1174.50,35.51,2439.46,158.64,113.13,64.59,2090.88,167.92,866.68,42.86,2124.79,166.58,449.98,257.76,55.00,95.79,233.08,1803.51,3545.18,2.61,150.29,124.94,607.23,2.93,949.25,60.36,503.07
2026-02-12T19:00:00Z,63.33,1996.20,171.55,1183.49,36.03,2426.91,158.88,125.36,64.59,2085.78,167.91,884.88,42.53,2135.21,167.21,464.29,260.70,57.06,95.54,235.96,1813.13,3544.14,2.52,149.52,125.09,600.45,2.95,955.15,59.76,506.60
2026-02-12T19:10:00Z,63.56,1993.36,171.23,1196.77,36.12,2414.05,159.07,129.28,64.80,2090.88,168.21,888.37,42.88,2141.74,166.67,466.56,264.61,56.31,95.48,237.72,1809.10,3542.17,2.37,150.70,125.38,602.91,2.86,961.74,60.75,506.53
2026-02-12T19:20:00Z,64.07,1995.27,171.53,1194.38,35.73,2422.20,158.29,121.42,65.01,2076.29,168.91,905.60,42.74,2133.71,166.87,471.42,263.40,57.13,96.03,237.67,1808.10,3558.40,2.43,151.64,125.00,609.91,3.22,952.57,59.81,506.86
2026-02-12T19:30:00Z,63.43,1992.32,170.83,1185.28,35.57,2427.96,158.54,121.62,65.13,2061.27,167.97,918.57,42.65,2122.46,167.02,481.76,267.12,58.84,95.20,239.98,1812.45,3543.77,2.31,149.44,130.28,612.31,3.06,953.04,60.13,497.55
2026-02-12T19:40:00Z,63.15,1996.82,170.94,1187.06,35.70,2429.25,158.18,108.55,65.20,2067.60,168.66,927.06,42.54,2126.54,167.57,481.44,259.36,57.05,95.68,231.74,1806.19,3550.59,2.17,150.13,125.95,607.76,3.09,953.12,59.86,504.03
2026-02-12T19:50:00Z,63.49,1997.15,170.78,1190.11,35.74,2431.97,157.44,107.70,65.43,2072.41,168.81,902.69,42.25,2132.22,167.70,478.79,259.42,56.12,94.57,233.78,1813.88,3545.11,2.55,151.53,125.22,598.41,3.08,948.48,61.87,504.00
2026-02-12T20:00:00Z,63.55,1994.42,170.95,1187.32,35.67,2426.41,157.58,106.23,65.61,2066.30,169.20,913.29,42.43,2136.68,167.27,477.45,257.93,56.53,95.59,229.10,1796.58,3553.72,2.54,149.84,123.12,607.96,3.07,942.27,61.97,510.76
2026-02-12T20:10:00Z,63.55,1992.23,171.20,1199.74,35.53,2436.58,157.94,107.38,65.42,2065.01,169.08,918.95,42.56,2133.84,166.90,484.49,262.80,55.69,95.23,236.75,1808.79,3549.88,2.62,150.25,126.81,621.01,2.82,956.42,61.44,515.03
2026-02-12T20:20:00Z,63.62,1993.35,170.55,1199.44,35.53,2430.56,157.75,116.46,65.70,2063.42,170.13,924.93,42.59,2137.09,166.96,478.33,261.80,55.86,95.77,235.04,1803.12,3560.07,2.35,151.93,123.00,601.86,2.72,949.86,60.51,511.01
2026-02-12T20:30:00Z,63.66,1989.61,171.44,1201.54,34.90,2446.82,158.39,95.24,65.86,2056.22,170.30,925.70,42.54,2145.32,166.59,465.95,261.30,57.19,95.97,237.29,1819.55,3541.60,2.59,151.46,125.02,605.84,3.07,955.48,61.27,513.49
2026-02-12T20:40:00Z,63.80,1984.98,171.60,1202.34,34.67,2452.75,158.12,79.58,66.03,2050.37,169.67,943.25,42.60,2141.30,166.23,464.11,260.25,54.38,96.21,231.99,1807.50,3562.71,2.29,149.74,124.37,599.73,2.56,947.62,59.11,504.74
2026-02-12T20:50:00Z,64.39,1974.04,171.10,1208.66,34.49,2465.47,158.12,78.96,66.13,2038.81,169.98,948.53,42.71,2135.16,166.01,470.51,257.53,53.99,96.83,231.29,1809.66,3559.73,2.31,147.81,124.52,609.97,2.77,952.99,60.27,510.35
2026-02-12T21:00:00Z,64.27,1970.46,170.98,1219.04,34.63,2472.88,158.23,63.53,66.46,2039.21,169.94,948.30,42.91,2137.80,166.42,476.10,257.60,53.83,95.72,233.77,1810.87,3548.25,2.34,150.21,123.59,606.89,3.38,952.87,61.55,503.54
2026-02-12T21:10:00Z,64.06,1973.85,170.90,1227.44,34.79,2462.82,157.82,75.62,66.41,2043.88,169.93,953.29,42.65,2139.66,166.29,465.23,264.44,54.51,96.01,236.34,1798.71,3534.82,2.65,150.84,126.83,610.41,2.93,951.14,59.43,505.38
2026-02-12T21:20:00Z,64.13,1975.68,170.83,1227.08,35.05,2454.09,158.01,85.97,66.06,2042.76,169.11,951.65,42.81,2141.28,166.54,471.82,268.11,54.42,95.06,240.01,1804.65,3551.66,2.45,150.90,131.65,616.29,3.36,957.29,59.10,519.19
2026-02-12T21:30:00Z,64.11,1982.64,171.50,1227.06,34.76,2459.99,157.83,82.69,65.90,2054.42,169.06,947.08,43.10,2133.62,167.22,493.51,267.31,54.67,95.51,238.45,1817.05,3546.97,2.42,149.08,130.53,609.50,2.65,956.57,60.13,507.36
2026-02-12T21:40:00Z,64.33,1961.37,171.31,1231.97,34.66,2447.76,157.25,76.60,65.62,2059.59,169.71,931.99,42.76,2134.32,167.22,491.53,270.04,56.79,95.79,239.51,1805.92,3553.72,2.41,150.69,129.01,604.85,3.37,955.69,59.85,493.92
2026-02-12T21:50:00Z,64.40,1966.31,171.65,1227.33,34.86,2453.69,157.52,73.59,65.91,2061.70,169.30,926.09,43.18,2119.90,166.77,477.64,267.67,55.49,95.76,240.57,1812.06,3542.55,2.55,151.84,131.36,607.39,3.08,964.58,60.27,505.63
2026-02-12T22:00:00Z,64.28,1965.93,171.87,1228.23,34.65,2460.54,157.75,72.58,65.64,2067.04,168.90,927.32,43.04,2120.85,166.97,493.97,266.21,56.44,96.77,238.04,1813.52,3555.68,2.27,150.89,128.77,613.03,3.16,956.63,61.91,523.71
2026-02-12T22:10:00Z,64.34,1965.43,172.78,1236.35,34.18,2467.45,157.73,67.54,65.67,2054.47,168.54,922.60,43.11,2123.65,166.69,495.54,266.16,55.87,95.71,236.72,1805.70,3540.40,2.45,148.48,129.00,616.00,3.03,951.69,59.95,519.17
2026-02-12T22:20:00Z,64.42,1963.45,172.59,1246.86,34.32,2472.70,157.26,69.82,65.59,2052.08,168.94,914.26,42.79,2129.72,166.50,473.33,264.49,55.36,96.23,240.81,1809.94,3563.34,2.59,150.60,125.54,603.18,3.42,958.30,60.58,501.31
2026-02-12T22:30:00Z,64.11,1977.59,172.08,1220.87,34.44,2471.94,157.37,71.81,65.83,2052.21,168.56,930.25,42.92,2129.33,167.02,484.43,265.76,55.82,95.86,238.11,1821.01,3558.91,2.53,149.66,128.12,601.01,3.02,956.20,61.40,503.76
2026-02-12T22:40:00Z,64.56,1966.81,171.70,1236.77,34.27,2474.36,157.50,71.18,65.66,2050.62,168.71,923.27,42.99,2128.39,167.39,491.77,266.97,56.33,95.55,238.56,1820.02,3558.25,2.43,151.60,125.56,610.81,2.63,958.00,60.52,511.65
2026-02-12T22:50:00Z,64.80,1958.87,171.53,1238.48,34.69,2468.33,157.41,74.22,65.41,2059.72,168.25,925.12,42.73,2128.66,166.81,476.48,261.89,56.41,95.76,236.11,1800.41,3542.77,2.45,151.25,125.02,608.99,3.22,953.83,61.15,510.44
2026-02-12T23:00:00Z,64.67,1958.01,171.32,1237.55,35.15,2458.39,157.77,88.08,65.41,2068.43,168.72,926.37,42.64,2137.01,166.92,495.19,266.80,55.01,95.54,237.74,1804.47,3562.58,2.14,150.12,129.15,604.07,3.21,954.00,60.02,503.99
2026-02-12T23:10:00Z,64.41,1957.81,171.30,1244.63,34.97,2462.54,157.22,82.93,65.49,2069.50,169.04,909.47,42.66,2136.29,167.63,487.40,261.40,54.81,95.57,233.90,1800.08,3541.28,2.36,149.76,125.40,602.71,2.79,958.07,59.63,504.63
2026-02-12T23:20:00Z,64.72,1949.91,171.44,1248.06,34.94,2457.72,157.75,75.98,65.05,2062.75,169.18,903.35,42.75,2130.07,167.82,489.06,255.45,58.22,96.07,233.83,1814.30,3532.16,2.73,151.02,123.39,600.78,3.11,960.35,59.74,495.15
2026-02-12T23:30:00Z,65.56,1938.03,171.77,1265.47,34.93,2459.95,157.54,81.78,65.48,2057.35,169.15,909.81,43.03,2121.63,166.77,497.05,263.25,55.38,95.68,237.34,1815.30,3548.48,2.59,151.98,125.24,599.89,2.93,957.53,60.23,491.95
2026-02-12T23:40:00Z,65.15,1944.08,171.59,1269.25,35.23,2457.73,158.13,68.89,65.25,2068.67,168.87,898.79,43.16,2126.73,167.48,502.75,264.45,54.34,96.45,237.94,1815.41,3533.71,2.55,150.73,127.19,618.21,2.99,959.78,60.93,517.35
2026-02-12T23:50:00Z,65.33,1949.61,172.39,1275.27,35.22,2445.05,157.85,85.01,65.26,2064.45,168.50,903.02,43.28,2115.54,167.66,507.11,264.76,54.96,96.11,238.75,1810.53,3546.23,2.71,149.29,128.43,606.24,3.29,950.08,58.95,495.26
2026-02-13T00:00:00Z,65.08,1941.30,172.81,1273.18,35.00,2454.85,158.15,86.95,65.42,2067.97,169.05,899.26,44.02,2100.98,167.25,510.73,265.27,56.94,95.86,237.48,1810.61,3553.08,2.57,149.65,128.90,612.24,3.05,961.11,60.66,509.41
2026-02-13T00:10:00Z,64.99,1952.81,172.02,1262.46,35.33,2446.24,158.50,96.35,65.44,2058.59,170.01,908.23,44.27,2090.67,168.09,528.89,263.54,58.69,97.47,236.41,1814.31,3558.19,2.59,148.38,128.08,608.35,3.08,961.77,61.59,492.44
2026-02-13T00:20:00Z,65.09,1951.73,172.02,1249.27,35.63,2431.87,158.08,112.68,65.45,2057.38,169.18,909.59,43.92,2093.34,168.32,535.52,266.36,57.57,97.23,242.04,1814.79,3550.89,2.60,150.32,129.52,607.14,3.03,962.27,63.07,496.99
2026-02-13T00:30:00Z,64.98,1961.65,172.02,1241.81,35.56,2442.65,158.14,107.90,65.63,2057.61,168.65,918.81,43.80,2114.92,167.81,509.09,266.66,58.56,96.80,240.21,1818.75,3555.61,2.44,148.35,129.17,609.86,3.16,956.58,62.19,506.53
2026-02-13T00:40:00Z,65.15,1950.88,171.85,1236.70,35.49,2435.11,158.42,95.04,65.80,2057.38,168.61,927.96,43.81,2106.04,167.41,498.93,265.24,56.46,96.39,236.36,1813.59,3539.36,2.51,148.68,127.18,605.68,2.78,963.22,62.01,519.40
2026-02-13T00:50:00Z,65.05,1954.16,171.64,1225.75,35.55,2436.12,158.16,107.46,65.99,2053.33,168.92,926.50,43.43,2109.57,166.71,506.39,270.19,55.66,96.60,241.18,1811.81,3556.31,2.51,150.60,127.07,608.07,2.64,952.56,61.39,505.77
2026-02-13T01:00:00Z,64.99,1942.98,171.55,1235.85,35.71,2428.39,157.86,113.70,66.13,2058.13,168.80,933.04,43.36,2100.68,167.47,524.18,269.81,57.69,96.04,243.75,1818.70,3547.56,2.61,150.28,127.99,610.45,2.91,966.18,60.34,498.57
2026-02-13T01:10:00Z,64.73,1956.92,171.31,1238.58,35.18,2448.13,158.32,104.16,66.34,2048.76,168.93,947.92,43.45,2117.29,166.90,503.17,269.70,56.49,96.46,243.53,1809.42,3544.15,2.61,148.39,133.06,617.69,2.83,955.90,60.12,525.98
2026-02-13T01:20:00Z,64.55,1945.00,171.89,1249.32,35.66,2434.92,158.14,123.19,66.84,2032.80,168.34,950.49,44.03,2102.02,166.98,511.72,270.73,54.84,96.51,242.91,1810.20,3539.87,2.59,149.47,130.66,614.77,3.38,948.33,59.72,508.05
2026-02-13T01:30:00Z,64.51,1952.46,171.76,1242.91,35.45,2431.22,157.43,116.88,66.57,2025.03,168.71,952.56,44.30,2091.29,167.28,529.36,267.68,56.82,97.32,240.50,1814.27,3543.00,2.51,149.19,127.46,609.54,3.11,955.26,61.53,509.46
2026-02-13T01:40:00Z,64.11,1964.62,171.84,1239.32,35.67,2424.31,158.00,116.72,66.56,2042.93,168.88,960.74,44.53,2086.97,168.77,543.17,270.26,58.43,97.15,240.99,1822.59,3557.47,2.57,149.62,132.36,618.95,2.73,956.10,59.04,512.58
2026-02-13T01:50:00Z,64.14,1963.56,171.57,1237.77,35.75,2424.54,159.43,120.13,66.36,2044.34,169.20,940.63,44.71,2088.88,167.82,538.26,269.43,58.08,96.67,239.87,1813.53,3558.61,2.49,149.37,132.29,610.21,3.08,954.58,59.06,505.30
2026-02-13T02:00:00Z,63.71,1962.46,171.30,1248.50,35.82,2423.60,158.98,116.84,66.25,2041.94,168.75,934.38,44.54,2090.33,168.68,536.04,265.33,56.84,97.06,239.68,1807.57,3551.92,2.45,150.24,128.17,609.56,3.49,953.11,59.48,508.41
2026-02-13T02:10:00Z,64.15,1970.32,171.88,1227.32,35.68,2438.24,158.74,119.40,66.46,2031.79,169.10,953.10,44.42,2072.58,168.85,538.12,271.31,56.60,96.43,243.49,1809.35,3539.97,2.46,149.55,131.86,609.13,2.89,954.74,60.66,509.71
2026-02-13T02:20:00Z,64.06,1972.61,171.33,1223.21,35.82,2436.22,158.77,106.01,66.14,2045.10,169.49,946.63,44.31,2091.95,168.51,540.77,270.56,55.37,96.61,245.49,1815.36,3546.42,2.57,150.57,130.75,612.40,2.77,954.98,60.16,509.27
2026-02-13T02:30:00Z,63.82,1985.04,171.02,1209.00,35.50,2436.03,158.76,114.68,65.96,2044.31,169.92,946.19,44.27,2088.05,169.06,546.09,271.57,56.15,96.39,246.92,1802.99,3540.94,2.58,151.91,131.74,608.80,2.62,947.75,59.45,506.17
2026-02-13T02:40:00Z,64.16,1973.40,171.25,1213.43,35.68,2430.43,159.19,99.03,66.08,2053.71,169.72,940.78,44.60,2080.20,168.60,543.45,270.56,55.73,95.83,241.31,1815.68,3546.65,2.46,152.03,129.55,607.17,3.26,953.03,59.99,507.63
2026-02-13T02:50:00Z,63.89,1982.67,170.56,1205.13,35.72,2428.22,158.31,118.22,66.19,2040.23,170.21,950.47,44.48,2094.17,168.95,548.72,266.74,58.17,96.82,241.92,1813.26,3558.46,2.20,150.31,129.58,613.11,3.33,959.24,59.47,508.93
2026-02-13T03:00:00Z,63.71,1968.49,171.07,1223.62,35.48,2433.75,157.41,97.42,66.05,2059.59,170.02,931.39,44.64,2101.81,168.05,531.99,272.32,56.29,97.16,246.74,1828.04,3543.23,,150.09,129.58,611.09,2.95,964.34,60.00,514.79
2026-02-13T03:10:00Z,63.50,1981.10,171.62,1213.89,35.67,2444.99,158.13,109.13,66.05,2058.21,169.29,936.83,44.72,2090.76,168.05,525.15,266.97,54.88,95.88,238.35,1807.82,3542.16,2.43,149.83,127.77,609.52,3.02,954.32,60.05,505.54
2026-02-13T03:20:00Z,63.30,1989.20,171.98,1193.60,35.11,2439.30,158.26,105.32,66.44,2051.32,169.59,938.36,44.57,2082.91,168.66,536.60,263.21,54.25,96.05,236.13,1809.37,3556.38,2.38,151.05,128.55,611.76,3.08,954.98,60.40,499.81
2026-02-13T03:30:00Z,63.16,1985.60,172.25,1204.05,35.18,2441.28,157.61,104.57,66.28,2038.95,169.60,936.07,45.11,2075.85,168.12,543.07,264.72,57.28,96.45,241.45,1812.56,3563.23,2.30,149.49,127.21,607.31,2.76,961.48,62.56,494.89
2026-02-13T03:40:00Z,63.05,1990.34,171.43,1191.62,35.15,2433.44,158.30,109.92,66.33,2031.33,169.35,952.97,45.35,2077.41,168.57,551.08,266.57,56.49,96.35,239.78,1804.83,3544.01,2.32,150.83,128.72,614.12,3.15,952.29,62.26,504.52
2026-02-13T03:50:00Z,62.74,1994.54,171.01,1172.90,35.01,2455.13,157.68,98.59,66.08,2037.47,169.29,951.62,45.43,2065.27,168.92,562.03,264.55,56.08,95.36,236.37,1814.03,3541.44,2.67,148.86,127.44,607.93,3.05,957.77,61.94,504.40
2026-02-13T04:00:00Z,63.16,1994.67,170.99,1181.52,34.73,2454.46,157.30,85.28,66.04,2045.03,168.81,938.13,44.90,2070.68,168.91,563.36,262.36,55.69,95.75,238.70,1815.65,3558.14,2.58,149.09,128.67,610.59,3.36,956.90,61.67,515.99
2026-02-13T04:10:00Z,63.34,1994.07,172.14,1184.39,34.80,2462.73,157.77,92.55,65.44,2053.78,168.98,940.15,44.67,2071.28,168.53,552.16,265.80,55.70,95.84,238.36,1814.89,3545.27,2.31,149.23,129.55,617.39,3.56,959.57,62.00,514.43
2026-02-13T04:20:00Z,63.41,1984.95,170.86,1194.28,34.59,2460.74,157.73,75.38,65.93,2033.41,168.76,949.65,44.43,2080.69,168.12,555.97,259.18,54.98,95.68,233.01,1802.27,3543.36,2.49,150.12,123.72,607.70,3.61,947.55,60.69,501.48
2026-02-13T04:30:00Z,63.27,1988.83,171.16,1177.81,34.65,2440.00,157.20,85.53,66.34,2042.37,169.19,949.34,44.46,2087.70,168.54,547.01,262.46,54.74,95.60,236.21,1807.75,3545.48,2.57,151.58,125.74,607.09,3.05,946.66,61.76,507.00
2026-02-13T04:40:00Z,62.74,1998.27,171.06,1185.33,34.62,2448.06,157.65,94.56,66.17,2041.72,169.49,940.81,44.24,2095.66,168.24,545.22,261.92,56.55,96.28,235.58,1811.69,3547.06,2.25,151.27,125.66,603.83,2.67,956.77,60.79,490.83
2026-02-13T04:50:00Z,63.15,1993.38,170.75,1191.59,35.04,2449.94,157.93,97.42,66.24,2039.99,168.87,940.41,44.02,2100.89,168.47,531.29,265.04,55.70,95.67,236.77,1808.29,3553.01,2.46,148.87,126.97,603.11,2.70,951.73,60.16,505.84
2026-02-13T05:00:00Z,62.93,1997.16,169.58,1180.60,35.22,2450.88,158.03,96.61,66.19,2046.30,169.31,940.80,44.26,2095.05,168.82,544.02,265.86,57.41,95.59,242.24,1815.87,3549.78,2.41,147.34,129.32,605.30,3.11,949.99,61.39,513.41
2026-02-13T05:10:00Z,62.95,2006.75,170.13,1188.53,35.44,2436.47,157.68,103.61,66.00,2047.20,169.19,930.57,44.12,2095.41,167.63,529.65,274.32,58.34,95.77,247.40,1813.22,3556.86,2.57,148.47,133.45,611.50,3.20,967.33,60.17,507.98
2026-02-13T05:20:00Z,62.75,2013.33,170.54,1166.67,35.69,2431.47,157.76,108.35,66.26,2040.57,168.90,924.19,44.63,2095.55,168.03,545.16,268.44,56.54,96.00,243.11,1815.89,3542.73,2.41,150.85,127.67,609.19,2.99,956.22,59.80,509.13
2026-02-13T05:30:00Z,62.90,2002.21,170.17,1175.31,35.51,2437.93,157.75,98.61,66.06,2047.60,169.66,938.53,44.52,2082.70,168.11,559.57,266.88,56.45,96.14,236.62,1812.61,3548.86,2.52,148.70,128.47,601.99,3.16,963.99,59.36,490.86
2026-02-13T05:40:00Z,62.84,1996.48,170.03,1186.38,35.50,2437.58,157.79,115.93,65.97,2041.56,169.18,940.89,44.54,2083.34,168.40,546.95,268.30,57.69,95.65,240.05,1810.52,3561.97,2.17,152.27,126.81,607.73,3.02,954.44,59.43,497.78
2026-02-13T05:50:00Z,62.87,2001.88,170.38,1182.03,35.59,2440.69,157.89,117.64,66.20,2043.69,168.53,942.09,44.59,2093.09,168.08,535.83,264.73,57.91,96.00,238.70,1826.31,3552.94,2.50,150.69,127.30,604.04,2.99,967.52,59.48,490.14
2026-02-13T06:00:00Z,62.81,1998.47,171.29,1178.21,35.56,2438.09,158.49,128.85,65.72,2058.03,168.72,931.42,44.36,2093.72,167.84,518.95,260.00,57.81,95.80,232.31,1805.64,3548.26,2.48,149.56,124.94,606.76,3.05,951.95,58.73,503.52
2026-02-13T06:10:00Z,62.64,2013.84,171.62,1181.32,35.55,2432.50,159.27,125.72,66.08,2067.92,168.60,932.85,44.10,2099.68,167.44,528.81,267.13,56.16,96.82,239.58,1817.49,3540.35,2.47,149.19,127.48,609.53,2.96,958.46,59.80,512.55
2026-02-13T06:20:00Z,62.22,2011.72,170.78,1163.00,35.18,2438.48,158.99,120.41,66.22,2059.57,168.47,933.38,44.06,2097.93,167.45,528.66,264.81,55.19,96.13,238.73,1810.17,3535.66,2.62,148.64,124.55,591.71,3.29,955.22,59.28,505.81
2026-02-13T06:30:00Z,62.36,2017.31,169.63,1160.22,34.82,2447.74,158.62,99.75,65.63,2060.86,168.66,943.00,43.94,2103.90,168.29,526.24,271.54,53.85,95.47,244.74,1814.31,3536.08,2.61,149.87,130.31,614.53,3.18,958.31,60.20,513.98
2026-02-13T06:40:00Z,62.27,2024.00,170.12,1163.06,35.14,2441.78,158.35,83.75,65.89,2058.18,169.74,949.49,43.91,2100.00,168.22,524.47,266.70,54.53,95.30,240.58,1811.69,3549.90,2.40,150.66,128.44,615.03,3.06,953.41,60.37,525.16
2026-02-13T06:50:00Z,62.42,2022.16,169.41,1158.95,35.09,2437.84,156.97,80.57,65.69,2057.99,169.36,936.73,43.87,2097.87,167.80,504.68,263.81,53.38,95.58,240.22,1816.39,3545.72,2.53,149.28,123.75,605.69,3.23,958.36,60.65,499.96
2026-02-13T07:00:00Z,62.68,2017.36,170.22,1163.16,34.94,2450.84,157.62,92.35,65.55,2055.58,169.15,936.59,44.25,2104.30,167.65,519.23,260.39,53.99,95.47,234.31,1806.73,3539.46,2.34,149.04,123.60,603.30,3.34,942.48,60.83,514.76
2026-02-13T07:10:00Z,62.48,2020.63,170.39,1155.90,34.72,2445.32,158.23,94.50,65.48,2053.22,169.86,939.32,44.10,2088.65,167.34,520.33,260.24,53.03,96.63,236.22,1805.59,3542.50,2.82,150.34,123.31,607.08,2.96,954.76,59.75,504.72
2026-02-13T07:20:00Z,62.88,2022.87,170.41,1152.81,34.68,2444.86,158.62,99.47,65.47,2049.80,169.34,927.31,43.87,2100.90,167.39,536.01,265.83,54.12,96.77,236.90,1810.29,3547.67,2.53,147.30,127.44,611.46,3.15,957.16,60.36,514.78
2026-02-13T07:30:00Z,62.45,2010.53,169.97,1151.68,34.57,2453.85,158.31,85.68,65.28,2060.86,169.40,909.61,43.88,2101.68,168.12,514.45,261.86,53.75,97.07,235.90,1803.15,3557.08,2.48,148.21,124.89,607.35,3.02,954.73,60.38,509.64
2026-02-13T07:40:00Z,62.45,2011.59,169.93,1158.96,35.14,2445.25,158.44,106.74,65.69,2063.81,168.87,908.31,43.89,2104.84,167.85,510.64,258.24,53.08,96.87,232.26,1803.00,3541.43,2.31,150.09,123.06,610.85,2.91,947.84,60.13,514.45
2026-02-13T07:50:00Z,62.72,2003.63,169.95,1162.03,35.09,2445.44,158.35,105.84,65.56,2064.07,169.24,934.74,43.93,2100.47,167.95,512.99,260.09,53.84,96.54,230.63,1805.49,3570.34,2.47,149.33,125.47,597.38,3.27,952.99,59.91,501.34
2026-02-13T08:00:00Z,62.47,2007.06,170.33,1185.55,35.19,2444.56,158.79,122.39,65.40,2065.66,169.08,929.89,44.09,2095.33,167.83,518.82,263.68,55.00,95.93,236.03,1806.66,3551.08,2.51,150.47,126.16,603.96,2.94,958.03,60.55,509.03
2026-02-13T08:10:00Z,62.62,2008.04,170.72,1183.07,35.24,2439.20,158.25,111.76,65.44,2066.65,168.18,917.60,44.19,2100.82,167.63,511.16,258.16,55.08,96.15,235.53,1809.78,3548.82,2.38,149.91,124.23,606.63,2.83,947.79,60.46,507.57
2026-02-13T08:20:00Z,62.40,2009.43,170.26,1182.90,35.28,2435.68,158.39,108.30,65.34,2075.40,169.04,913.73,44.22,2096.39,167.45,519.52,263.94,53.27,97.01,234.45,1803.20,3548.35,2.44,150.28,127.45,599.61,2.92,948.35,58.78,505.03
2026-02-13T08:30:00Z,62.54,2007.72,170.21,1183.73,34.82,2454.49,157.90,104.43,65.06,2071.16,168.73,902.51,43.87,2095.91,167.86,511.38,261.00,54.04,96.36,235.77,1802.23,3553.36,2.45,150.00,125.57,601.63,2.89,942.25,59.67,499.20
2026-02-13T08:40:00Z,62.02,2008.49,170.58,1177.59,34.22,2476.17,157.10,84.87,65.34,2069.60,169.03,916.20,44.20,2101.92,167.72,517.07,260.82,53.74,96.00,235.43,1816.08,3554.99,2.62,148.01,126.06,609.41,3.06,957.41,59.58,515.86
2026-02-13T08:50:00Z,62.03,2033.73,170.60,1153.33,34.90,2467.49,157.67,98.99,65.43,2065.38,169.02,911.43,44.15,2080.86,168.52,527.91,270.08,51.02,95.97,243.85,1817.85,3539.55,2.59,148.11,129.94,609.11,3.08,959.25,59.66,515.30
2026-02-13T09:00:00Z,62.36,2014.99,169.53,1164.47,34.94,2451.31,157.31,96.33,65.24,2062.31,169.24,918.42,44.70,2071.16,168.08,537.57,269.45,55.08,95.84,245.16,1822.79,3547.33,2.45,150.39,130.84,615.12,3.29,960.93,61.22,505.12
2026-02-13T09:10:00Z,62.72,2015.93,170.01,1169.50,35.00,2456.00,158.44,101.56,64.94,2083.85,168.95,906.34,44.93,2067.70,168.71,544.26,261.91,54.86,95.71,234.89,1805.09,3526.81,2.67,149.15,123.89,611.96,3.38,946.70,60.35,511.97
2026-02-13T09:20:00Z,62.80,2007.38,169.86,1179.42,34.74,2454.70,158.69,102.33,64.99,2082.95,167.93,894.77,44.84,2077.01,168.89,548.87,261.44,54.74,95.76,235.30,1815.07,3546.36,2.13,149.49,126.94,603.53,3.06,950.34,60.30,513.09
2026-02-13T09:30:00Z,62.93,2011.39,170.65,1161.55,34.46,2462.78,157.96,87.74,64.63,2082.77,168.06,895.44,44.99,2075.71,168.27,578.61,266.39,54.23,95.68,235.68,1814.00,3555.26,2.52,150.74,128.65,610.14,2.91,959.07,59.84,506.48
2026-02-13T09:40:00Z,62.59,2008.51,170.82,1156.76,34.71,2464.25,158.30,75.83,64.44,2080.71,168.28,877.90,45.06,2075.10,168.63,570.69,260.01,53.53,96.53,235.89,1807.45,3542.91,2.54,151.71,125.35,605.26,2.84,957.23,60.31,499.68
2026-02-13T09:50:00Z,63.13,1998.88,170.41,1175.36,34.67,2456.89,158.46,79.46,64.21,2088.77,168.08,870.78,45.36,2075.94,168.53,563.67,260.57,52.92,95.77,234.00,1805.68,3546.02,2.63,152.29,124.65,605.03,2.82,950.06,60.81,508.12
2026-02-13T10:00:00Z,63.52,1989.29,170.54,1179.66,34.33,2470.51,158.50,66.59,64.34,2092.58,167.20,867.12,45.10,2077.47,168.56,557.45,263.65,52.64,95.90,240.25,1814.35,3545.30,2.55,152.10,127.23,608.88,2.93,958.32,59.74,515.87
2026-02-13T10:10:00Z,63.27,1976.00,171.19,1193.22,34.57,2473.01,157.82,66.69,64.05,2089.72,167.21,861.78,45.34,2072.91,168.41,561.64,265.84,53.36,96.42,237.85,1812.84,3560.84,2.37,150.43,128.94,613.34,3.02,955.04,61.20,513.11
2026-02-13T10:20:00Z,63.27,1989.11,170.57,1185.81,34.97,2462.11,157.78,86.84,64.09,2099.10,167.55,865.86,45.39,2063.19,167.93,576.17,265.88,55.04,96.35,238.20,1816.75,3541.76,2.31,149.43,126.50,606.15,2.84,958.42,59.72,497.14
2026-02-13T10:30:00Z,63.71,1972.56,171.80,1225.74,34.75,2454.92,156.92,70.43,64.45,2084.38,168.11,871.12,45.63,2060.54,168.64,589.31,264.12,53.91,95.86,237.29,1816.05,3558.99,2.63,150.70,125.96,607.57,2.93,961.62,59.85,506.16
2026-02-13T10:40:00Z,63.64,1974.10,171.20,1232.93,34.65,2450.59,157.12,84.76,64.32,2096.26,168.26,877.95,45.84,2064.12,168.75,586.44,270.67,57.18,96.93,245.22,1814.12,3541.88,2.52,151.39,129.95,604.54,3.04,960.00,59.99,504.29
2026-02-13T10:50:00Z,63.78,1988.03,172.33,1228.44,34.72,2439.92,156.97,87.40,64.45,2094.27,167.93,863.51,45.79,2063.87,169.28,565.51,265.63,55.68,96.17,237.69,1816.93,3559.42,2.49,149.24,126.18,608.83,2.73,961.41,60.42,509.77
2026-02-13T11:00:00Z,63.54,1986.54,171.81,1228.67,34.64,2453.50,157.56,104.04,64.83,2090.31,167.72,877.48,46.07,2055.94,168.97,585.00,266.69,55.58,96.65,240.77,1824.63,3547.21,2.36,149.37,128.48,613.85,2.64,965.74,62.11,516.34
2026-02-13T11:10:00Z,63.82,1969.33,172.26,1219.35,34.73,2458.58,157.55,102.82,64.95,2080.61,167.71,890.85,46.43,2041.60,169.09,588.17,260.67,55.02,96.53,230.27,1814.19,3554.41,2.48,149.91,124.37,606.57,3.04,956.82,60.32,509.54
2026-02-13T11:20:00Z,63.91,1975.31,171.91,1230.50,34.53,2464.03,156.83,76.78,64.62,2086.57,167.96,885.48,46.67,2035.47,169.20,604.28,262.86,55.25,96.55,234.13,1799.64,3552.78,2.86,148.41,128.31,604.13,3.01,943.62,61.54,508.68
2026-02-13T11:30:00Z,64.14,1974.71,172.34,1235.69,34.74,2453.12,157.50,83.04,64.91,2090.13,168.45,889.08,46.55,2033.98,169.91,584.46,264.04,57.05,96.37,238.30,1816.36,3547.99,2.44,149.33,128.15,606.36,2.92,952.29,60.90,506.42
2026-02-13T11:40:00Z,64.18,1972.16,172.21,1236.01,34.84,2453.87,156.95,82.19,65.07,2087.10,168.77,888.34,46.37,2035.52,169.66,591.14,265.09,56.11,96.42,236.79,1801.76,3545.07,2.24,150.32,127.60,611.89,2.99,955.28,59.89,501.12
2026-02-13T11:50:00Z,64.23,1974.56,171.87,1235.61,35.25,2445.95,157.67,95.74,65.12,2083.08,169.36,884.59,46.45,2040.64,169.64,599.04,265.59,56.27,95.96,240.36,1813.85,3542.44,2.47,150.82,130.01,607.57,3.27,953.38,61.75,501.15
2026-02-13T12:00:00Z,64.14,1977.97,171.87,1227.00,35.01,2448.37,158.21,106.70,65.11,2071.20,169.11,883.29,46.92,2034.30,168.78,600.58,265.99,56.68,95.95,236.93,1818.39,3547.96,2.60,149.69,127.39,604.17,2.99,959.11,61.41,496.13
2026-02-13T12:10:00Z,64.32,1970.99,171.89,1233.50,34.83,2457.26,158.90,106.72,65.01,2072.11,169.14,892.88,46.92,2026.33,169.16,602.52,262.34,57.68,95.88,236.96,1809.18,3552.09,2.51,150.23,124.87,608.85,2.90,955.02,60.41,503.96
2026-02-13T12:20:00Z,64.50,1960.29,171.62,1229.16,34.78,2455.30,159.00,88.81,65.05,2081.39,169.20,882.58,46.72,2041.51,169.49,603.08,260.88,55.54,95.56,235.87,1814.65,3549.67,2.72,150.13,125.89,612.21,2.81,952.73,61.59,506.92
2026-02-13T12:30:00Z,64.56,1971.24,171.50,1232.33,34.92,2447.54,158.85,99.49,64.96,2080.34,168.54,886.71,46.47,2038.15,169.78,602.37,269.21,56.79,96.73,240.49,1820.77,3561.96,2.55,149.77,127.91,610.57,3.16,961.65,60.95,508.06
2026-02-13T12:40:00Z,64.63,1957.34,171.49,1230.84,34.79,2451.26,158.77,106.23,65.23,2080.55,169.08,904.40,46.06,2041.39,169.87,598.65,266.37,58.33,96.37,239.95,1813.41,3548.42,2.57,152.19,128.80,611.83,3.07,949.16,61.10,509.67
2026-02-13T12:50:00Z,64.16,1966.73,171.65,1218.76,34.76,2461.94,158.07,83.77,65.19,2080.10,168.88,887.93,46.00,2052.60,170.00,601.88,264.28,54.98,96.37,235.09,1812.68,3547.18,2.36,150.19,129.67,603.91,3.21,965.16,60.02,492.65
2026-02-13T13:00:00Z,64.06,1962.08,170.79,1217.01,34.47,2465.92,158.44,86.36,65.25,2074.05,168.87,900.42,45.73,2048.27,169.40,596.45,263.00,56.81,95.24,242.11,1824.19,3543.83,2.32,149.83,126.62,599.27,2.99,959.63,61.71,504.91
2026-02-13T13:10:00Z,64.13,1966.92,171.42,1212.54,34.54,2465.83,157.64,86.93,65.39,2068.20,168.46,902.06,45.69,2057.53,169.58,587.68,261.82,57.56,96.06,236.19,1814.71,3550.18,2.47,150.65,124.97,606.79,2.93,952.22,61.31,508.08
2026-02-13T13:20:00Z,63.82,1960.83,171.47,1228.13,34.38,2465.99,157.74,83.81,65.62,2062.95,168.60,909.53,45.67,2054.88,169.14,581.51,265.47,57.50,96.20,237.64,1807.06,3549.42,2.55,150.15,127.94,611.45,3.08,958.05,59.82,519.35
2026-02-13T13:30:00Z,63.74,1961.77,171.25,1228.41,34.49,2459.72,157.83,71.23,65.91,2052.38,168.17,926.91,45.61,2051.69,169.12,594.22,268.03,57.31,95.81,240.52,1813.16,3540.77,2.37,150.10,128.40,618.51,3.02,960.62,60.47,515.65
2026-02-13T13:40:00Z,63.73,1979.84,171.05,1224.91,34.71,2463.89,157.84,73.67,65.99,2038.13,169.01,936.89,45.85,2057.77,168.75,597.67,269.10,57.10,96.34,243.28,1810.71,3555.66,2.40,151.18,129.34,614.83,3.12,950.76,59.82,508.24
2026-02-13T13:50:00Z,64.04,1979.46,171.24,1225.49,34.54,2465.42,157.86,66.21,65.70,2059.43,169.34,932.83,45.69,2050.96,169.83,593.72,273.16,56.36,96.13,245.15,1813.53,3539.56,2.19,150.03,131.99,606.81,3.18,958.89,60.70,507.28
2026-02-13T14:00:00Z,64.32,1972.76,171.36,1222.08,34.68,2466.35,157.23,61.71,65.81,2056.51,168.85,926.28,45.89,2055.43,169.47,586.51,264.10,55.75,96.45,240.63,1817.68,3550.72,2.41,150.29,126.61,614.80,3.03,955.26,58.98,505.27
2026-02-13T14:10:00Z,64.30,1972.12,170.93,1223.84,34.93,2453.08,156.82,69.43,65.32,2069.70,168.70,899.68,45.42,2055.50,169.09,577.40,263.80,58.03,96.13,240.44,1817.18,3545.56,2.70,148.14,126.61,609.32,3.02,958.24,59.25,508.87
2026-02-13T14:20:00Z,64.47,1967.54,171.28,1220.54,34.96,2461.08,157.11,74.94,65.13,2062.04,169.32,898.51,45.90,2054.31,168.40,577.76,262.56,56.89,96.60,239.81,1810.58,3551.45,2.53,148.17,122.53,605.36,3.21,958.86,60.83,502.86
2026-02-13T14:30:00Z,64.01,1977.95,170.88,1215.36,35.13,2454.00,157.23,81.62,65.22,2070.92,168.91,896.76,45.60,2066.23,168.58,562.78,261.20,57.06,95.64,234.10,1813.06,3547.24,2.63,149.71,129.91,603.45,2.85,953.64,60.25,502.42
2026-02-13T14:40:00Z,63.89,1975.27,171.04,1215.21,35.25,2441.11,157.31,87.74,65.17,2069.99,169.11,894.54,45.39,2073.48,168.34,557.55,263.26,53.34,96.14,237.03,1799.98,3549.32,2.37,148.72,127.68,605.43,3.11,947.72,60.42,503.74
2026-02-13T14:50:00Z,64.05,1971.27,171.22,1231.48,34.81,2452.04,157.78,96.24,65.13,2081.30,169.12,892.98,45.14,2075.72,168.40,564.31,264.25,54.52,96.22,237.76,1808.73,3562.26,2.46,148.36,128.59,614.37,2.87,950.06,58.93,523.83
2026-02-13T15:00:00Z,64.42,1965.21,171.05,1231.29,34.74,2451.46,157.70,82.24,65.09,2082.07,168.52,902.31,44.84,2079.74,168.34,560.07,264.95,54.86,95.99,235.70,1810.95,3548.03,2.56,150.10,126.73,612.14,3.26,953.91,59.83,503.68
2026-02-13T15:10:00Z,64.26,1980.02,170.95,1232.78,34.52,2445.58,157.06,75.87,65.60,2069.20,168.87,915.53,44.83,2069.26,168.47,562.12,266.62,57.44,95.06,239.41,1812.27,3544.20,2.39,148.97,129.01,611.71,2.99,964.90,59.03,513.87
2026-02-13T15:20:00Z,63.97,1969.29,171.23,1221.77,34.81,2452.57,157.31,90.18,66.14,2047.95,169.20,930.59,44.76,2077.24,168.08,555.44,266.50,56.23,95.06,242.89,1819.77,3554.04,2.48,149.97,124.82,601.13,3.17,959.98,60.54,500.59
2026-02-13T15:30:00Z,63.86,1977.79,171.40,1230.83,34.84,2455.86,157.42,74.21,66.36,2036.14,169.19,942.30,44.69,2073.26,167.18,549.51,263.28,58.79,95.25,239.12,1815.79,3553.56,2.39,151.78,125.03,611.91,2.89,950.79,62.28,504.64
2026-02-13T15:40:00Z,63.64,1978.17,170.84,1220.81,34.64,2463.45,156.60,74.80,66.15,2044.85,169.37,935.52,44.47,2083.16,167.79,554.77,262.31,56.80,96.02,236.24,1805.14,3547.81,2.30,148.87,125.91,606.52,3.26,950.34,61.09,500.50
2026-02-13T15:50:00Z,63.78,1965.81,171.51,1217.19,34.65,2465.72,157.12,85.19,66.08,2046.50,169.11,929.74,44.45,2087.89,168.76,548.74,263.92,58.39,96.56,240.02,1807.24,3550.64,2.46,149.98,126.90,605.51,2.98,954.68,61.59,508.15
2026-02-13T16:00:00Z,63.56,1975.63,171.47,1225.34,34.66,2461.55,157.03,88.44,66.10,2043.34,169.05,936.28,44.04,2106.57,168.13,512.66,263.92,58.48,96.23,238.74,1816.61,3551.88,2.61,150.58,127.08,612.68,2.60,952.76,60.51,506.65
2026-02-13T16:10:00Z,63.53,1977.09,171.76,1207.26,34.74,2459.18,158.03,107.26,66.43,2045.90,168.89,933.95,44.08,2092.10,168.06,513.85,268.18,57.51,97.50,238.21,1808.04,3561.19,2.55,150.00,126.26,614.38,3.12,961.31,60.18,501.10
2026-02-13T16:20:00Z,63.63,1990.27,171.64,1203.52,34.54,2464.28,157.74,90.25,66.23,2049.72,168.97,939.89,44.08,2100.16,167.64,514.19,269.76,56.94,96.88,241.41,1818.08,3532.15,2.40,149.75,128.53,612.61,2.89,962.45,60.27,510.95
2026-02-13T16:30:00Z,63.73,1990.90,171.10,1193.28,34.69,2459.29,157.39,90.16,65.91,2057.71,169.58,918.39,44.16,2095.06,167.71,519.44,263.45,57.42,95.88,238.80,1806.75,3552.61,2.66,149.23,126.55,601.62,3.13,956.50,60.81,507.21
2026-02-13T16:40:00Z,64.28,1986.45,171.31,1211.08,34.91,2451.22,157.58,88.63,66.23,2050.84,169.69,935.89,43.98,2116.71,167.26,522.94,260.23,56.20,96.94,236.86,1807.86,3534.96,2.23,149.21,126.01,608.36,3.20,950.47,62.44,511.15
2026-02-13T16:50:00Z,64.13,1973.79,171.20,1212.24,35.02,2456.09,158.00,91.37,66.00,2048.00,170.01,937.93,43.87,2111.17,167.27,523.96,259.50,54.44,96.44,231.09,1807.17,3566.45,2.41,147.75,122.51,602.53,3.06,956.01,61.54,505.76
2026-02-13T17:00:00Z,64.04,1979.45,170.56,1215.73,35.20,2459.79,157.61,100.54,65.83,2054.04,169.53,923.40,44.40,2099.69,168.12,538.38,259.92,55.67,96.24,231.48,1805.85,,2.30,149.76,125.82,608.41,3.26,957.18,61.93,506.82
2026-02-13T17:10:00Z,64.26,1974.57,170.22,1213.69,34.84,2457.81,158.11,98.94,65.66,2064.63,169.60,922.21,44.49,2092.27,167.83,541.77,262.64,57.00,96.11,236.46,1811.74,3542.84,2.65,150.69,124.83,604.87,3.15,957.56,62.46,498.50
2026-02-13T17:20:00Z,64.08,1969.06,171.24,1230.89,34.99,2458.49,158.08,108.02,65.68,2047.62,169.25,917.29,44.75,2093.03,167.99,549.92,259.83,56.30,96.42,236.41,1806.10,3559.17,2.48,150.57,125.62,606.85,2.72,950.21,61.31,510.60
2026-02-13T17:30:00Z,64.06,1975.70,171.30,1223.89,34.91,2458.47,157.97,88.09,65.53,2058.69,168.91,920.41,44.43,2074.13,168.47,553.81,259.50,56.31,96.46,234.01,1806.60,3565.50,2.56,149.33,124.01,598.45,3.04,954.15,60.55,495.43
2026-02-13T17:40:00Z,63.99,1981.74,171.56,1227.21,35.09,2451.97,157.62,93.59,65.87,2067.98,169.55,918.19,44.19,2081.50,168.69,557.01,262.80,56.37,95.99,233.81,1814.98,3548.30,2.55,150.50,125.62,599.81,3.06,953.65,60.64,501.70
2026-02-13T17:50:00Z,63.97,1983.57,172.19,1223.63,35.46,2443.43,157.89,94.93,65.49,2070.29,169.00,911.59,43.87,2086.10,168.76,543.82,263.35,56.58,95.82,238.36,1808.83,3547.62,2.51,149.21,127.13,614.24,3.05,956.38,61.12,507.26
2026-02-13T18:00:00Z,64.33,1979.70,171.86,1219.34,35.44,2439.49,157.48,112.68,65.38,2072.00,169.40,910.78,43.98,2085.66,167.83,531.96,267.62,57.12,95.99,237.40,1800.97,3541.46,2.37,150.34,130.99,610.08,2.92,954.61,59.17,507.34
2026-02-13T18:10:00Z,64.57,1971.11,171.94,1231.95,35.66,2425.02,158.51,118.49,65.29,2068.63,169.63,920.38,43.81,2099.77,167.84,510.76,264.69,56.85,96.25,237.24,1819.10,3550.29,2.59,150.46,127.15,605.95,3.27,957.20,60.28,493.69
2026-02-13T18:20:00Z,64.50,1975.20,171.84,1235.28,35.63,2436.43,158.64,109.42,65.52,2071.70,169.35,908.34,43.85,2095.16,167.73,511.52,263.29,55.80,96.01,239.85,1812.50,3550.11,2.56,149.87,128.05,613.75,2.95,954.24,59.39,509.12
2026-02-13T18:30:00Z,64.38,1968.14,172.66,1238.81,35.69,2433.61,158.66,129.78,65.47,2073.92,169.26,910.97,43.59,2103.53,167.23,502.48,268.41,55.90,95.53,241.27,1817.14,3533.90,2.29,149.67,131.58,604.00,2.93,955.42,59.60,500.02
2026-02-13T18:40:00Z,64.52,1976.10,171.91,1235.99,35.67,2428.93,158.46,132.30,65.43,2068.42,169.24,906.45,43.39,2108.79,167.71,510.60,264.16,55.90,96.08,234.58,1810.38,3547.15,2.56,149.03,127.73,615.26,2.92,957.32,61.46,517.00
2026-02-13T18:50:00Z,64.72,1955.23,171.96,1219.97,35.84,2424.78,158.92,131.01,65.08,2078.13,168.93,884.79,43.29,2108.37,167.52,512.21,265.77,56.49,95.86,240.81,1824.73,3558.23,2.56,151.09,131.24,608.95,2.76,965.37,59.87,494.63
2026-02-13T19:00:00Z,64.40,1974.78,171.12,1236.77,35.68,2422.50,159.37,139.17,65.19,2076.29,168.69,904.69,43.45,2108.11,167.45,509.15,271.20,56.10,97.21,243.85,1819.92,3532.82,2.72,150.92,130.70,614.38,3.17,961.02,61.34,508.13
2026-02-13T19:10:00Z,64.71,1955.84,171.25,1242.71,35.84,2427.29,159.54,136.74,65.39,2069.73,168.86,914.62,43.25,2123.31,167.33,496.59,265.40,56.02,96.13,235.26,1817.52,3544.06,2.69,150.72,127.87,609.11,3.19,965.07,60.35,503.09
2026-02-13T19:20:00Z,64.65,1949.68,171.56,1246.34,35.63,2441.69,159.24,128.72,65.38,2072.08,168.60,904.42,43.53,2105.78,167.03,508.82,265.22,55.62,95.90,241.02,1808.13,3535.19,2.47,150.16,129.91,615.57,3.32,948.31,59.77,513.86
2026-02-13T19:30:00Z,64.54,1960.86,172.09,1238.81,35.45,2442.07,158.97,103.51,65.55,2069.74,169.13,917.52,43.08,2105.29,166.48,501.36,267.15,56.20,96.36,241.27,1815.10,3547.22,2.51,149.54,129.17,608.84,3.30,956.10,60.18,510.69
2026-02-13T19:40:00Z,64.32,1964.36,172.40,1226.10,35.81,2433.76,159.17,112.58,65.62,2054.43,168.88,914.27,43.62,2111.10,166.44,494.95,260.90,54.70,94.95,233.96,1807.37,3553.67,2.34,149.43,128.43,610.01,3.19,950.57,60.77,505.47
2026-02-13T19:50:00Z,64.43,1957.32,171.94,1234.04,35.75,2434.31,159.64,114.72,65.98,2052.26,167.70,934.81,43.49,2121.99,166.75,487.58,256.43,54.57,95.35,230.09,1808.70,3556.34,2.39,150.43,126.93,606.01,3.27,951.99,59.89,506.26
2026-02-13T20:00:00Z,64.89,1952.36,171.61,1239.97,35.97,2428.49,159.24,105.68,66.69,2033.44,168.81,950.42,43.14,2114.36,166.70,493.69,262.81,54.53,95.17,239.35,1815.88,3528.92,2.38,149.23,127.90,617.62,3.24,961.03,59.58,514.10
2026-02-13T20:10:00Z,65.01,1944.47,171.27,1253.61,36.36,2427.34,159.39,126.02,66.18,2036.23,169.24,968.65,43.35,2108.85,167.79,488.53,263.89,58.15,95.91,238.19,1817.72,3540.90,2.52,151.19,124.99,606.37,2.87,957.04,59.73,502.07
2026-02-13T20:20:00Z,64.90,1946.39,171.46,1252.98,36.61,2417.19,158.82,138.86,65.73,2054.19,169.29,947.15,42.98,2110.45,167.62,498.20,267.59,58.37,95.42,241.35,1810.15,3555.52,2.54,150.00,129.31,604.87,3.06,959.40,60.40,519.35
2026-02-13T20:30:00Z,64.23,1957.05,171.12,1227.95,36.64,2409.31,158.50,147.02,65.53,2059.33,170.40,942.55,43.04,2116.34,167.91,514.76,264.30,57.52,95.99,238.21,1812.67,3564.56,2.23,149.49,130.27,618.20,3.38,962.71,59.18,520.46
2026-02-13T20:40:00Z,63.64,1962.43,170.95,1218.24,37.11,2403.88,159.12,171.69,65.73,2045.19,170.10,936.24,42.88,2125.02,167.81,491.45,267.77,57.63,95.53,239.26,,3550.39,2.41,150.17,128.37,612.19,2.79,953.58,59.97,518.12
2026-02-13T20:50:00Z,63.16,1980.02,171.21,1212.74,37.20,2393.48,158.93,178.72,65.68,2056.44,170.40,936.87,42.88,2121.82,167.65,488.68,267.18,58.12,96.12,243.94,1814.49,3549.55,2.44,149.35,129.17,606.24,3.16,955.40,60.46,503.86
2026-02-13T21:00:00Z,63.32,1992.40,170.78,1199.58,37.32,2389.95,159.91,178.18,65.98,2057.63,170.00,930.43,42.90,2132.47,167.85,477.96,263.84,56.49,96.65,242.80,1810.41,3541.32,2.66,149.27,126.44,603.94,2.93,961.86,58.77,514.51
2026-02-13T21:10:00Z,63.71,1986.94,171.65,1211.14,37.34,2388.07,159.21,183.54,66.20,2056.26,170.19,936.43,42.58,2131.74,167.09,486.69,267.61,56.41,96.54,241.21,1818.43,3558.42,2.49,148.34,129.38,609.68,2.92,962.40,58.88,516.19
2026-02-13T21:20:00Z,63.58,1983.10,171.65,1212.92,37.26,2395.85,159.45,178.59,66.13,2056.44,169.60,939.25,42.72,2138.78,167.67,481.30,269.22,58.65,95.82,243.33,1814.56,3545.33,2.91,149.72,129.53,616.58,2.95,960.26,59.57,517.25
2026-02-13T21:30:00Z,63.51,1982.70,171.62,1208.27,37.01,2404.29,159.51,177.72,66.03,2047.23,169.93,948.68,42.89,2134.11,166.78,490.22,273.72,59.97,96.22,244.31,1825.57,3542.71,2.56,149.92,129.25,603.22,2.79,960.65,58.98,506.89
2026-02-13T21:40:00Z,63.40,1977.30,171.38,1210.24,37.27,2404.07,159.72,170.43,66.05,2050.67,169.21,941.04,43.00,2133.18,166.33,493.86,271.57,58.44,96.21,243.08,1815.27,3548.91,2.34,150.42,130.78,610.26,2.76,961.06,59.49,518.29
2026-02-13T21:50:00Z,63.30,1978.83,170.88,1205.08,37.51,2393.69,159.29,165.63,66.04,2050.57,169.54,942.46,43.03,2131.24,167.11,493.47,268.26,56.34,96.29,243.25,1816.35,3558.99,2.74,148.21,129.32,612.15,2.95,952.92,58.42,509.33
2026-02-13T22:00:00Z,63.57,1984.33,171.22,1206.52,37.64,2388.61,159.83,167.06,65.80,2063.02,169.87,927.94,43.11,2126.49,166.33,484.78,268.77,58.16,96.20,242.91,1812.22,3539.00,2.85,147.59,128.55,614.37,2.97,958.00,60.19,520.26
2026-02-13T22:10:00Z,63.67,1989.37,171.46,1211.33,37.56,2383.86,159.49,172.29,65.94,2054.28,169.85,932.73,42.94,2125.23,167.21,490.13,271.91,56.27,96.42,239.63,1809.35,3548.01,2.38,149.61,131.51,608.44,2.72,952.18,59.77,514.14
2026-02-13T22:20:00Z,63.98,1975.72,171.33,1210.72,38.00,2376.38,159.84,180.69,65.69,2055.81,169.13,926.70,43.05,2128.10,167.40,490.90,269.04,57.86,96.55,239.23,1821.58,3546.88,2.51,149.46,129.07,608.46,3.05,960.86,60.88,505.09
2026-02-13T22:30:00Z,64.02,1976.73,171.10,1211.07,37.74,2381.41,159.91,174.13,66.08,2053.24,169.65,941.91,42.69,2137.62,167.76,485.85,272.01,57.73,96.05,248.64,1813.12,3545.77,2.47,149.65,129.87,606.04,2.70,954.41,60.14,513.64
2026-02-13T22:40:00Z,63.99,1972.75,171.06,1216.63,37.48,2381.62,159.99,184.54,66.42,2048.31,169.98,939.96,42.66,2139.64,166.63,474.45,265.52,59.85,96.83,238.50,1813.52,3551.88,2.52,148.83,128.91,620.28,2.99,956.57,60.11,516.73
2026-02-13T22:50:00Z,63.95,1967.65,171.75,1220.41,37.57,2389.06,159.97,188.22,66.13,2043.49,169.78,942.21,43.09,2128.16,167.03,482.16,266.78,59.10,96.50,241.11,1816.37,3555.60,2.21,151.99,127.30,608.89,2.95,953.82,60.09,502.15
2026-02-13T23:00:00Z,63.88,1977.20,171.95,1211.48,37.56,2386.40,160.63,193.49,66.04,2044.11,169.29,935.36,43.03,2132.14,167.13,491.22,265.35,60.01,96.38,238.60,1808.14,3556.81,2.85,150.15,127.17,612.82,2.80,958.18,59.32,519.26
2026-02-13T23:10:00Z,63.73,1985.10,170.88,1213.91,37.21,2382.95,160.24,178.36,66.28,2051.12,168.67,947.27,42.92,2118.54,167.69,500.90,269.84,60.97,96.58,243.88,1811.25,3534.35,2.51,152.42,126.99,616.74,3.29,948.28,58.53,524.55
2026-02-13T23:20:00Z,63.78,1979.11,171.29,1222.93,37.36,2401.52,159.44,176.37,66.07,2044.88,168.86,939.37,43.02,2123.75,167.66,493.97,268.30,59.29,95.01,244.05,1813.19,3542.51,2.61,150.43,128.43,611.51,2.51,952.64,60.07,510.47
2026-02-13T23:30:00Z,63.79,1983.14,171.23,1212.88,37.26,2395.54,158.67,169.62,65.82,2043.53,169.05,929.02,42.95,2136.41,167.71,481.18,267.67,59.78,95.25,239.83,1812.66,3536.77,2.41,152.00,128.68,608.62,3.03,952.17,59.83,510.95
2026-02-13T23:40:00Z,63.59,1989.18,171.34,1204.86,37.30,2396.60,159.03,185.59,65.87,2046.72,169.27,931.34,43.03,2129.60,167.39,483.45,275.07,60.28,95.60,248.44,1819.75,3535.86,2.43,150.50,130.55,618.37,2.81,956.84,60.65,515.12
2026-02-13T23:50:00Z,63.55,1985.22,170.69,1209.02,37.40,2382.92,159.54,190.08,65.58,2051.64,168.91,917.94,42.91,2128.97,167.43,492.61,265.83,57.90,96.38,235.54,1815.19,3543.31,2.49,149.30,126.05,605.94,2.87,956.71,59.83,501.57
2026-02-14T00:00:00Z,63.19,1987.31,171.17,1216.59,36.85,2393.52,159.69,182.36,65.77,2062.27,168.54,933.12,43.06,2125.65,167.89,494.06,268.17,57.17,95.78,236.40,1804.90,3543.28,2.49,148.96,130.09,613.60,3.17,942.40,61.02,504.67
2026-02-14T00:10:00Z,63.02,1993.95,170.74,1186.12,36.94,2405.26,159.80,173.17,65.75,2053.43,169.01,950.42,43.65,2104.97,167.64,495.43,263.75,54.24,96.71,237.12,1796.94,3561.65,2.26,149.99,124.56,606.08,3.03,952.74,60.19,498.72
2026-02-14T00:20:00Z,62.87,1997.63,171.67,1192.95,36.75,2410.86,158.91,175.57,65.83,2042.43,169.42,952.67,44.00,2096.50,167.46,519.25,263.18,57.28,95.95,235.00,1809.59,3543.93,2.48,151.26,126.65,604.41,3.03,955.13,59.68,500.14
2026-02-14T00:30:00Z,63.05,2008.52,171.99,1187.36,36.35,2410.15,159.63,158.68,65.61,2052.89,170.22,932.76,43.80,2107.19,167.54,515.76,267.05,57.34,97.33,236.53,1812.95,3545.70,2.55,150.82,125.78,606.62,2.96,956.14,61.34,515.13
2026-02-14T00:40:00Z,63.22,2007.99,171.49,1189.49,36.15,2420.52,160.05,148.70,65.58,2059.31,169.59,929.54,43.67,2101.18,167.50,522.87,263.41,55.54,95.99,237.71,1811.23,3556.25,2.50,149.24,126.10,608.67,3.17,955.89,59.50,503.84
2026-02-14T00:50:00Z,63.51,2004.70,,1188.85,35.95,2420.11,158.99,131.66,66.00,2042.42,169.18,931.09,44.15,2105.30,167.48,524.44,265.34,57.59,96.43,235.92,1810.88,3572.15,2.71,151.27,125.65,603.86,2.97,958.06,60.16,487.42
2026-02-14T01:00:00Z,63.20,1992.70,171.02,1196.00,35.60,2434.27,158.77,117.46,66.02,2037.64,169.14,924.94,43.93,2108.69,167.93,515.70,264.08,57.69,96.76,239.36,1812.61,3541.75,2.49,149.10,128.49,611.24,2.63,952.63,60.43,509.22
2026-02-14T01:10:00Z,63.15,1986.80,171.22,1192.26,35.49,2433.91,158.75,106.05,66.25,2053.14,169.25,921.38,43.99,2114.94,168.15,511.05,265.36,56.24,96.51,242.14,1812.70,3554.42,2.65,151.78,125.84,606.66,2.86,961.96,62.88,503.41
2026-02-14T01:20:00Z,63.06,1987.31,171.52,1204.98,35.31,2437.85,158.47,111.92,66.62,2049.42,168.60,939.02,44.20,2105.64,168.30,520.34,258.80,57.94,96.93,235.61,1810.41,3549.85,2.41,150.09,124.73,604.81,3.05,950.60,60.68,503.59
2026-02-14T01:30:00Z,63.63,1980.25,171.57,1227.04,35.30,2448.84,157.63,110.69,66.23,2048.34,169.05,943.42,43.68,2104.96,167.94,515.02,264.14,56.40,97.08,237.22,1818.70,3554.60,2.74,151.14,127.71,612.94,3.01,956.03,60.85,522.57
2026-02-14T01:40:00Z,63.67,1989.82,171.20,1224.07,35.13,2449.54,158.26,103.20,66.38,2047.27,169.32,947.87,43.67,2106.59,168.23,513.19,263.61,57.44,96.08,237.74,1820.43,3547.74,2.64,151.92,126.73,608.07,2.63,958.35,61.29,504.23
2026-02-14T01:50:00Z,63.83,1995.97,171.06,1210.20,34.74,2458.03,157.83,95.25,66.67,2042.68,168.89,951.12,43.69,2106.01,167.65,494.50,267.65,55.43,95.74,240.63,1812.13,3559.75,2.58,150.82,129.54,614.45,3.03,962.11,60.10,503.53
2026-02-14T02:00:00Z,63.51,1998.88,171.18,1199.69,34.19,2465.84,157.49,82.00,66.15,2054.75,168.83,943.00,43.71,2113.34,168.20,506.45,269.71,57.34,95.55,241.18,1806.20,3544.85,2.47,151.24,131.95,620.36,2.94,948.77,59.28,517.15
2026-02-14T02:10:00Z,63.80,1985.51,171.38,1204.19,34.16,2466.95,156.14,78.94,65.89,2041.19,169.62,952.36,43.54,2107.44,167.52,495.02,264.96,56.96,95.08,239.17,1794.03,3540.84,2.44,149.57,129.03,612.04,2.56,942.21,61.30,506.73
2026-02-14T02:20:00Z,63.77,1990.22,171.27,1211.60,34.06,2470.43,157.35,86.83,66.07,2036.05,169.83,965.86,43.64,2109.24,167.76,503.99,264.99,56.07,96.56,239.95,1809.48,3563.86,2.79,149.60,127.42,612.56,2.80,949.32,60.10,507.47
2026-02-14T02:30:00Z,63.75,1990.44,171.53,1214.12,33.92,2477.53,157.51,75.76,66.08,2044.03,170.32,959.15,43.44,2112.49,167.71,503.61,264.48,56.78,96.24,234.31,1805.84,3546.60,2.51,149.69,126.78,613.70,2.77,952.24,60.58,510.30
2026-02-14T02:40:00Z,63.53,1986.62,172.17,1217.77,33.94,2466.01,157.96,66.26,66.31,2047.81,169.15,951.04,43.88,2110.11,167.64,501.48,268.98,55.99,96.52,243.52,1816.61,3556.16,2.53,150.87,129.40,609.48,3.27,954.81,60.20,518.68
2026-02-14T02:50:00Z,63.72,1984.03,172.07,1215.61,33.87,2467.84,157.76,62.65,66.18,2054.55,168.96,948.09,43.73,2102.78,167.96,512.58,270.95,56.36,95.92,241.16,1809.21,3557.55,2.34,149.66,131.09,615.06,2.94,950.87,60.29,510.23
2026-02-14T03:00:00Z,63.92,1985.84,171.70,1215.36,33.71,2471.62,157.08,60.14,66.26,2045.64,168.52,954.75,43.65,2103.78,168.11,508.87,268.05,57.63,95.92,241.47,1813.52,3551.77,2.23,150.55,128.78,613.29,2.95,953.30,60.58,509.20
2026-02-14T03:10:00Z,63.84,1973.70,171.65,1210.92,33.48,2477.19,156.65,40.53,66.34,2038.54,168.86,958.46,43.75,2105.90,168.02,516.36,262.51,55.78,95.36,235.95,1811.68,3554.66,2.47,148.11,125.19,606.53,3.18,956.85,60.07,500.00
2026-02-14T03:20:00Z,63.76,1987.66,171.61,1198.89,33.46,2488.63,156.94,43.97,66.50,2048.10,169.91,961.79,43.89,2110.39,167.18,521.52,262.84,57.12,95.91,234.78,1811.92,3561.66,2.67,151.50,126.17,607.71,3.09,954.50,59.96,505.20
2026-02-14T03:30:00Z,64.34,1986.03,171.23,1193.91,33.39,2495.97,156.78,51.87,66.46,2050.55,169.15,946.14,44.57,2108.27,167.51,521.26,260.40,55.33,95.68,234.86,1810.98,3546.21,2.29,149.57,124.65,605.04,3.16,957.58,60.12,508.32
2026-02-14T03:40:00Z,64.16,1981.55,171.70,1207.49,33.17,2498.06,156.69,49.27,65.81,2066.34,169.68,931.84,44.57,2090.50,167.34,529.91,254.23,53.77,96.03,226.47,1796.26,3542.48,2.30,148.30,124.87,604.27,3.09,944.04,61.42,508.28
2026-02-14T03:50:00Z,64.26,1974.21,171.74,1223.41,32.86,2506.56,156.46,38.21,65.99,2059.62,169.65,933.35,44.35,2094.23,167.71,519.43,260.94,55.10,96.09,235.86,1808.26,3540.18,2.60,150.67,125.27,604.56,2.72,955.95,61.18,497.94
2026-02-14T04:00:00Z,64.58,1966.92,171.97,1230.30,32.71,2510.55,156.28,11.71,66.17,2055.10,169.27,935.98,44.50,2095.43,167.60,527.33,258.70,55.00,95.93,232.55,1805.72,3560.88,2.46,149.49,123.50,607.04,2.88,947.65,61.63,510.89
2026-02-14T04:10:00Z,65.22,1958.55,171.60,1237.10,32.40,2520.73,156.29,6.19,66.18,2041.34,169.53,926.46,44.64,2084.04,167.81,536.66,259.06,56.54,95.74,232.82,1812.75,3545.56,2.46,150.50,127.23,617.02,3.29,955.06,61.22,516.18
2026-02-14T04:20:00Z,65.40,1947.94,171.84,1240.55,32.45,2519.13,156.66,8.25,66.24,2044.14,168.85,930.92,44.75,2093.87,167.66,537.25,262.30,56.28,95.20,233.95,1809.29,3551.62,2.80,150.05,124.07,599.91,2.74,955.59,60.51,499.47
2026-02-14T04:30:00Z,65.14,1954.08,171.03,1235.24,32.10,2526.32,155.63,2.16,66.47,2040.02,169.02,937.24,45.17,2088.75,168.05,541.99,264.11,56.01,95.72,235.28,1815.78,3565.14,2.57,150.94,125.71,609.89,3.22,961.60,61.03,504.19
2026-02-14T04:40:00Z,65.67,1940.66,171.28,1255.05,32.42,2522.70,156.12,0.00,66.52,2038.22,168.51,940.17,44.80,2083.08,168.08,534.52,266.87,56.86,96.53,242.10,1816.18,3545.00,2.70,150.28,129.64,610.16,3.08,956.73,60.55,502.26
2026-02-14T04:50:00Z,65.97,1938.29,171.76,1269.25,32.31,2527.23,156.96,2.64,66.67,2038.30,168.70,936.37,45.14,2076.51,169.01,552.41,262.01,58.40,96.25,235.16,1808.42,3552.14,2.61,150.97,125.18,608.05,2.91,953.75,59.98,503.18
2026-02-14T05:00:00Z,65.79,1940.11,172.40,1274.99,32.28,2517.30,156.35,4.18,66.24,2030.69,169.09,928.19,45.02,2073.45,168.18,553.19,267.63,55.06,96.41,240.27,1820.67,3554.36,2.62,150.54,127.52,607.28,2.79,957.95,59.33,511.19
2026-02-14T05:10:00Z,65.58,1941.21,172.93,1271.28,32.51,2506.65,156.69,12.24,65.80,2038.30,169.41,945.71,44.32,2074.40,167.57,554.17,265.59,56.57,96.40,239.11,1811.71,3553.98,2.26,151.96,128.25,610.05,2.77,954.96,60.64,506.66
2026-02-14T05:20:00Z,65.10,1949.57,172.01,1267.37,32.31,2508.40,156.79,12.05,65.59,2052.31,169.52,935.39,44.12,2083.27,168.22,542.14,269.45,56.19,95.77,241.24,1816.08,3537.80,2.66,149.24,130.02,616.79,3.08,958.43,60.90,511.66
2026-02-14T05:30:00Z,65.04,1955.26,172.35,1258.35,32.09,2505.82,156.72,0.44,65.52,2059.20,169.33,926.69,44.05,2095.87,167.98,530.31,268.46,56.05,96.11,245.52,1818.75,3558.37,2.74,150.38,127.49,611.87,3.06,960.52,60.24,508.53
2026-02-14T05:40:00Z,64.71,1949.20,172.31,1266.39,32.17,2507.89,155.75,8.00,65.68,2058.63,169.70,930.55,44.19,2091.38,167.81,535.06,268.96,55.75,95.25,246.84,1818.32,3559.59,2.66,150.27,126.74,602.94,3.01,958.82,59.68,492.33
2026-02-14T05:50:00Z,64.75,1951.81,172.87,1266.52,32.49,2506.00,155.19,0.00,65.53,2062.96,168.91,926.73,44.40,2102.31,168.68,533.78,266.87,57.30,95.11,240.35,1808.31,3554.13,2.65,150.08,127.01,607.22,3.02,955.89,58.35,502.52
2026-02-14T06:00:00Z,64.83,1944.64,172.35,1255.06,32.66,2515.77,155.65,0.00,65.63,2056.55,169.31,927.79,44.38,2096.07,167.89,531.14,262.44,56.32,95.22,237.20,1806.96,3546.45,2.45,149.83,127.62,604.63,2.69,963.63,59.03,491.66
2026-02-14T06:10:00Z,65.05,1947.10,170.99,1240.83,32.78,2507.26,156.58,7.85,65.50,2056.86,169.09,927.93,44.56,2087.46,168.17,534.04,261.77,55.01,96.59,234.67,1814.50,3548.42,2.66,150.49,125.30,604.52,2.66,953.78,59.39,508.27
2026-02-14T06:20:00Z,65.29,1947.17,171.94,1240.21,32.22,2507.76,156.01,6.68,65.63,2063.30,169.05,919.84,44.69,2088.08,168.42,551.14,263.09,56.62,95.74,241.40,1816.95,3550.07,2.58,150.78,125.92,600.97,3.37,955.75,60.27,504.58
2026-02-14T06:30:00Z,64.91,1955.28,171.61,1250.04,31.80,2518.66,156.30,0.00,65.83,2060.54,169.13,921.26,44.78,2072.45,168.61,542.08,267.43,55.08,95.61,242.69,1812.85,3554.28,2.26,149.68,127.30,611.42,2.82,958.88,61.47,497.68
2026-02-14T06:40:00Z,64.77,1952.26,171.51,1255.70,31.48,2524.73,155.92,0.00,65.62,2065.80,169.04,916.93,44.48,2081.26,168.65,551.79,264.79,55.58,96.43,236.37,1806.66,3560.81,2.46,150.76,126.33,605.79,3.16,953.02,60.15,501.74
2026-02-14T06:50:00Z,64.84,1950.20,171.80,1257.92,31.33,2531.40,156.35,0.00,65.34,2059.28,169.40,918.46,45.01,2075.66,168.12,563.93,266.26,55.63,95.99,238.06,1825.14,3558.09,2.46,150.35,127.59,606.04,3.42,962.35,61.09,499.02
2026-02-14T07:00:00Z,64.96,1950.82,171.61,1256.15,31.43,2539.91,156.34,0.00,65.41,2055.95,168.96,916.06,44.79,2081.00,167.70,552.22,259.01,53.21,95.42,232.93,1809.86,3546.88,2.64,148.53,121.20,599.61,3.32,954.74,60.95,483.50
2026-02-14T07:10:00Z,65.02,1944.87,171.60,1221.30,31.21,2548.74,155.88,0.00,65.17,2069.73,169.09,922.85,44.47,2080.25,167.79,561.86,262.00,53.77,95.98,235.17,1810.70,3556.13,2.40,151.17,123.94,603.04,2.82,951.77,61.12,506.72
2026-02-14T07:20:00Z,65.12,1943.94,171.72,1240.27,31.49,2542.45,156.23,0.00,65.27,2066.97,169.58,907.86,44.46,2078.48,167.87,559.09,260.10,53.29,95.48,232.05,1804.04,3559.41,2.69,150.01,127.02,607.71,2.97,950.59,60.59,520.67
2026-02-14T07:30:00Z,64.95,1967.06,171.25,1238.69,31.47,2527.61,156.50,0.00,65.55,2068.21,169.24,924.49,44.35,2089.62,167.90,546.28,268.12,54.58,95.67,244.40,1809.61,3547.62,2.44,148.70,128.98,602.55,2.98,955.15,61.61,509.03
2026-02-14T07:40:00Z,65.20,1954.72,171.95,1257.32,31.81,2534.75,156.32,0.00,66.06,2051.21,169.15,932.89,44.72,2086.22,167.63,540.40,267.56,54.28,95.60,240.89,1807.96,3550.35,2.67,150.55,129.60,606.87,3.05,957.67,62.31,501.05
2026-02-14T07:50:00Z,65.55,1962.14,172.52,1243.79,31.37,2540.13,156.03,0.00,65.70,2048.17,169.22,932.70,44.56,2091.97,168.05,536.88,266.14,54.63,95.99,242.16,1808.55,3538.16,2.59,149.05,128.33,607.32,3.13,954.81,61.40,507.51
2026-02-14T08:00:00Z,65.58,1946.15,172.15,1244.40,31.32,2546.41,155.86,0.00,65.51,2059.80,169.47,922.69,44.20,2095.29,168.30,526.01,262.51,53.46,95.68,234.94,1802.23,3545.60,2.36,151.08,125.62,606.85,3.17,944.81,60.53,512.01
2026-02-14T08:10:00Z,65.39,1938.61,171.47,1241.94,31.64,2549.75,155.75,0.00,65.57,2048.39,169.19,930.93,43.95,2085.90,168.30,539.86,261.87,54.96,95.95,235.00,1805.59,3554.88,2.26,149.94,125.92,605.81,2.53,952.32,60.71,513.01
2026-02-14T08:20:00Z,65.41,1945.58,171.56,1250.15,31.83,2535.05,155.47,0.74,65.15,2067.92,168.90,915.23,43.65,2099.36,167.79,523.53,265.99,54.69,95.32,241.70,1811.97,3540.72,2.58,149.64,128.26,602.13,2.99,962.34,61.01,515.19
2026-02-14T08:30:00Z,65.52,1937.65,172.34,1253.18,32.14,2531.22,156.02,0.00,65.35,2062.92,168.93,923.31,43.75,2102.30,168.35,528.67,262.88,54.14,95.43,234.60,1804.26,3540.58,2.53,149.77,126.45,616.51,3.37,951.14,60.41,516.93
2026-02-14T08:40:00Z,65.15,1945.22,172.17,1263.58,31.82,2528.86,156.32,0.00,65.18,2070.78,169.04,909.58,43.68,2123.69,168.47,517.34,266.17,53.60,95.56,240.62,1811.61,3547.41,2.65,148.47,126.43,601.40,3.16,950.17,59.84,498.90
2026-02-14T08:50:00Z,64.93,1949.47,171.58,1248.84,31.77,2520.26,156.56,0.00,65.41,2071.08,168.84,917.62,44.02,2125.24,168.24,509.57,263.60,53.91,96.17,238.69,1810.38,3568.03,2.57,151.03,128.59,611.14,3.14,955.25,59.86,510.61
2026-02-14T09:00:00Z,64.78,1950.38,171.35,1244.55,31.56,2537.36,156.28,0.00,65.54,2070.12,168.73,931.67,44.04,2101.75,167.34,504.38,262.50,52.50,95.91,232.26,1806.80,3553.67,2.38,152.03,125.84,604.18,3.04,951.53,60.05,502.33
2026-02-14T09:10:00Z,64.53,1957.73,171.81,1239.21,31.87,2529.42,156.47,0.00,65.73,2065.79,168.63,919.81,44.43,2084.78,167.79,534.01,260.47,53.85,95.55,234.32,1811.63,3548.42,2.43,149.24,125.77,608.08,2.88,959.42,59.89,504.51
2026-02-14T09:20:00Z,64.07,1967.82,172.25,1237.91,32.18,2524.91,156.18,0.00,65.57,2058.43,169.11,902.35,44.41,2092.90,168.10,545.87,259.91,53.49,96.51,236.19,1801.99,3532.33,2.37,149.79,123.89,612.17,3.13,952.33,59.94,519.24
2026-02-14T09:30:00Z,63.73,1984.56,172.50,1212.06,31.60,2542.74,155.39,0.00,65.57,2060.36,168.62,912.72,44.51,2099.40,167.96,540.24,262.62,54.29,95.96,237.81,1817.26,3556.15,2.60,151.34,123.22,607.10,3.44,955.48,59.74,512.05
2026-02-14T09:40:00Z,63.58,1989.10,172.32,1217.55,31.39,2529.68,156.16,0.00,65.62,2069.24,169.09,912.64,44.18,2093.27,167.94,533.92,259.62,55.70,95.66,235.70,1820.45,3553.91,2.46,150.74,122.48,603.56,2.73,953.27,59.20,505.84
2026-02-14T09:50:00Z,63.17,2001.01,171.08,1201.98,31.59,2531.28,155.91,0.00,65.53,2048.46,168.90,948.35,44.08,2102.84,168.21,525.49,263.33,55.94,95.59,237.33,1815.74,3560.71,2.65,151.47,124.80,599.39,3.15,956.18,60.60,498.89
2026-02-14T10:00:00Z,63.15,2005.88,170.44,1184.75,31.19,2543.02,155.47,0.00,65.09,2073.56,169.02,914.38,43.92,2110.28,168.00,524.29,261.84,54.20,94.91,235.61,1812.35,3558.73,2.08,149.53,124.67,609.77,3.15,952.02,61.83,497.02
2026-02-14T10:10:00Z,62.80,1993.11,170.61,1188.21,31.13,2544.76,155.61,0.00,65.01,2066.47,168.92,907.05,44.10,2105.69,167.88,524.94,255.33,53.18,95.67,228.15,1804.51,3543.19,2.33,147.66,125.19,614.05,2.88,950.99,61.11,502.05
2026-02-14T10:20:00Z,62.98,1993.66,170.64,1198.74,31.42,2538.94,155.93,0.00,64.56,2084.87,168.55,885.54,44.05,2101.37,168.63,528.94,255.44,53.38,96.77,232.36,1811.40,3538.99,2.75,149.30,124.75,608.68,2.94,956.38,62.34,497.85
2026-02-14T10:30:00Z,63.08,1995.47,170.20,1191.18,31.36,2539.61,155.66,0.00,64.43,2090.30,168.80,877.82,43.69,2108.52,167.78,511.14,258.23,50.97,95.73,229.67,1802.80,3547.73,2.54,151.13,124.42,606.53,2.99,955.42,61.85,512.51
2026-02-14T10:40:00Z,62.87,1997.08,169.72,1190.16,31.68,2536.22,155.74,0.00,64.43,2095.88,168.31,883.25,43.75,2108.45,167.80,504.17,255.24,51.70,95.51,230.13,1796.91,3552.81,2.35,150.33,124.34,606.62,3.06,940.86,61.81,507.99
2026-02-14T10:50:00Z,62.80,1996.54,170.35,1188.82,31.66,2537.69,155.67,0.00,64.97,2086.48,168.53,876.69,44.16,2099.12,167.04,504.78,256.22,52.08,95.27,232.66,1809.24,3550.57,2.72,150.41,122.38,605.57,3.02,962.57,61.10,510.50
2026-02-14T11:00:00Z,62.74,2005.82,170.53,1186.08,31.59,2535.01,155.51,0.00,64.84,2074.33,168.61,888.31,44.06,2089.69,167.34,514.51,255.70,52.37,94.76,227.22,1808.20,3554.80,2.61,149.83,122.35,604.79,3.10,953.62,61.37,506.03
2026-02-14T11:10:00Z,62.93,2003.78,170.06,1191.88,31.72,2531.18,155.15,0.00,64.66,2087.47,168.67,887.34,44.42,2093.48,167.96,530.79,259.64,51.52,95.10,234.41,1806.40,3546.25,2.24,150.87,122.91,606.74,3.16,952.44,61.21,510.65
2026-02-14T11:20:00Z,62.78,2005.90,170.04,1187.15,31.92,2529.86,154.98,0.00,65.06,2084.48,168.40,879.85,44.27,2096.51,167.83,532.66,265.82,51.08,95.61,239.13,1820.94,3534.04,2.57,150.38,125.41,599.54,2.84,960.93,59.57,505.79
2026-02-14T11:30:00Z,62.77,2016.66,170.11,1174.75,31.80,2531.05,155.42,0.00,64.74,2078.13,168.77,894.76,44.16,2091.32,167.77,529.70,263.60,52.89,95.29,234.82,1802.44,3531.81,2.59,150.94,127.96,607.93,3.00,955.36,59.50,503.00
2026-02-14T11:40:00Z,62.84,2007.25,170.69,1189.08,31.66,2535.86,156.04,0.00,64.31,2084.11,169.23,884.08,43.77,2095.76,167.93,525.79,260.53,54.43,95.17,238.24,1812.27,3556.77,2.29,147.90,126.73,616.47,3.19,956.30,60.50,510.56
2026-02-14T11:50:00Z,62.96,2003.57,169.95,1161.09,31.24,2542.15,156.64,0.00,64.47,2093.29,168.43,880.19,44.07,2093.34,168.45,516.74,257.74,51.29,95.35,235.39,1805.58,3540.53,2.50,150.77,125.88,605.80,3.07,956.00,59.20,512.03
2026-02-14T12:00:00Z,62.93,2005.51,169.83,1164.09,31.21,2541.34,156.53,0.00,64.63,2091.23,168.94,885.49,44.15,2108.79,168.60,527.51,257.19,52.77,95.98,230.03,1803.72,3547.96,2.39,148.99,121.70,598.57,3.10,950.01,58.54,509.43
2026-02-14T12:10:00Z,63.24,2002.37,170.09,1168.32,30.81,2548.84,155.97,0.00,64.57,2085.52,168.82,888.28,44.15,2103.40,168.04,527.44,252.07,50.57,95.91,226.04,1797.48,3542.46,2.22,149.01,120.79,598.15,3.04,944.54,60.55,499.42
2026-02-14T12:20:00Z,63.37,1989.50,170.28,1181.56,30.68,2541.10,155.64,0.00,64.83,2086.20,168.47,895.67,43.84,2099.51,167.38,520.61,260.15,51.99,96.01,234.16,1814.31,3553.01,2.64,148.46,122.36,601.48,2.85,961.10,61.43,498.43
2026-02-14T12:30:00Z,63.44,1995.25,170.31,1171.08,30.88,2551.06,156.19,0.00,65.21,2072.31,168.74,911.40,44.01,2089.88,167.67,523.89,256.28,51.66,95.80,231.35,1799.88,3563.78,2.60,149.25,122.44,608.40,2.96,952.42,60.86,501.00
2026-02-14T12:40:00Z,63.52,1989.78,171.11,1202.63,31.00,2565.53,156.06,0.00,65.39,2076.83,169.07,913.32,43.84,2096.16,168.24,526.28,256.69,52.56,95.86,233.65,1815.39,3547.72,,150.77,124.17,606.16,2.65,956.22,61.75,497.21
2026-02-14T12:50:00Z,63.34,1989.36,170.42,1200.06,31.41,2551.27,156.21,0.00,65.85,2058.25,169.00,913.73,43.53,2102.97,168.09,535.35,256.17,53.13,95.49,232.92,1804.93,3551.13,2.69,150.41,126.97,608.46,2.53,953.12,61.75,505.41
2026-02-14T13:00:00Z,63.05,2006.61,170.89,1193.54,31.27,2549.09,156.58,0.00,65.63,2058.19,169.15,918.53,43.20,2120.32,168.36,514.14,261.67,54.60,96.19,233.05,1817.05,3549.77,2.42,150.04,125.00,602.47,2.52,962.74,61.35,513.61
2026-02-14T13:10:00Z,62.79,2004.37,170.58,1179.54,31.21,2547.00,156.20,0.00,65.52,2062.36,169.53,929.98,43.43,2121.49,168.10,495.46,261.99,54.05,95.76,238.14,1807.17,3559.04,2.67,150.41,128.29,604.33,2.97,945.28,60.68,498.78
2026-02-14T13:20:00Z,62.97,2006.15,171.04,1190.76,31.39,2545.74,155.49,0.00,65.86,2053.30,169.21,925.50,43.42,2114.31,167.72,497.01,260.45,54.70,95.21,232.07,1811.79,3552.60,2.42,149.15,124.20,606.03,2.70,962.52,60.62,512.81
2026-02-14T13:30:00Z,62.82,2012.23,170.51,1172.77,31.37,2541.27,155.51,0.00,65.88,2058.95,169.73,934.11,43.33,2120.68,168.00,494.64,258.07,52.39,96.12,233.47,1808.34,3531.71,2.69,148.93,124.98,608.79,2.98,951.04,60.20,508.17
2026-02-14T13:40:00Z,62.59,2013.32,170.60,1189.53,31.40,2530.71,155.79,0.00,65.70,2064.21,168.88,926.13,43.07,2127.11,167.55,482.14,255.89,52.86,96.86,232.54,1806.63,3547.70,2.59,149.52,125.54,611.29,2.99,947.34,59.76,503.70
2026-02-14T13:50:00Z,63.09,2004.74,170.11,1187.18,31.25,2535.87,155.83,1.28,65.20,2064.73,168.68,909.87,43.03,2130.67,167.14,468.29,253.99,52.22,96.58,229.36,1805.50,3543.09,2.54,148.74,120.58,598.81,2.99,953.12,60.84,489.40
2026-02-14T14:00:00Z,63.32,1995.39,170.32,1184.62,31.25,2551.92,156.31,0.00,65.07,2072.51,169.12,908.47,42.61,2129.44,166.77,464.17,255.11,52.61,95.96,228.56,1806.07,3547.96,2.54,150.97,124.54,603.41,3.03,946.45,60.54,506.16
2026-02-14T14:10:00Z,63.28,1994.49,170.15,1185.66,31.11,2552.17,155.38,0.00,65.03,2076.77,168.85,917.41,42.85,2125.61,166.56,481.95,250.81,52.98,95.42,225.42,1799.94,3551.17,2.25,150.36,118.32,597.43,3.02,940.37,61.95,494.10
2026-02-14T14:20:00Z,63.24,1987.45,170.18,1200.92,30.79,2564.85,155.77,0.00,65.19,2080.15,168.25,899.19,42.75,2143.71,167.04,479.69,256.80,52.91,95.31,233.69,1807.30,3547.96,2.37,149.95,124.31,602.13,2.81,958.69,62.10,504.44
2026-02-14T14:30:00Z,63.26,1986.47,170.62,1209.68,30.59,2564.33,156.37,0.00,65.39,2073.13,168.57,889.43,42.89,2131.89,167.24,478.47,255.62,54.68,95.24,227.71,1796.18,3547.00,2.55,148.97,124.45,610.33,3.06,951.02,60.67,506.96
2026-02-14T14:40:00Z,63.58,1985.64,170.76,1200.37,30.86,2562.16,156.69,0.00,65.42,2066.67,167.87,887.26,42.66,2127.30,167.53,478.25,247.10,53.73,94.88,224.48,1808.99,3556.11,2.56,149.75,119.47,606.24,3.51,950.57,59.78,500.75
2026-02-14T14:50:00Z,63.93,1986.68,171.01,1203.16,30.64,2557.21,156.58,0.00,65.17,2071.92,168.38,888.00,42.85,2126.36,167.70,482.43,250.57,50.51,94.90,227.26,1797.05,3552.07,2.64,151.64,120.81,600.83,2.61,951.48,60.21,505.70
2026-02-14T15:00:00Z,63.72,1982.21,170.87,1209.40,30.67,2563.85,157.01,0.00,64.91,2082.60,168.63,885.68,43.08,2126.67,166.58,473.53,250.47,53.29,94.65,225.58,1814.94,3546.10,2.58,150.52,119.22,593.74,2.78,963.16,60.04,499.95
2026-02-14T15:10:00Z,63.72,1987.67,170.93,1198.99,30.50,2556.45,156.09,0.00,65.43,2067.16,168.69,888.59,42.91,2116.53,167.07,476.45,257.57,50.41,94.50,229.72,1813.34,3550.24,2.72,148.09,123.26,594.30,3.01,960.04,59.82,488.09
2026-02-14T15:20:00Z,63.42,1980.16,170.83,1209.03,30.69,2557.31,156.25,0.00,65.30,2069.15,168.41,892.56,42.87,2121.56,167.41,488.50,254.48,52.08,94.07,229.75,1805.27,3546.99,2.62,150.25,122.10,606.27,2.85,946.13,60.68,512.17
2026-02-14T15:30:00Z,63.19,1982.57,171.28,1188.24,30.43,2566.43,155.56,0.00,65.51,2058.08,168.54,906.97,42.60,2131.22,167.41,475.58,256.34,52.14,94.86,231.62,1799.38,3543.92,2.38,148.85,125.03,611.59,3.08,945.42,60.05,504.13
2026-02-14T15:40:00Z,63.18,1984.71,171.03,1195.54,30.20,2568.33,156.05,0.00,65.22,2068.89,168.96,908.96,42.83,2133.08,166.70,478.40,256.22,51.04,95.82,229.21,1798.85,3532.43,2.54,148.88,120.62,598.71,3.22,958.17,59.91,491.60
2026-02-14T15:50:00Z,63.90,1984.75,170.99,1214.10,30.07,2577.35,156.11,0.00,65.00,2078.73,169.22,915.51,42.50,2140.52,166.52,478.19,257.00,52.68,95.71,235.88,1810.47,3539.22,2.42,149.03,126.10,609.92,2.71,958.22,60.65,506.72
2026-02-14T16:00:00Z,63.87,1984.06,171.68,1209.67,30.31,2574.99,156.51,0.00,64.91,2074.02,169.12,899.62,42.53,2138.24,166.79,474.28,259.87,53.60,95.39,233.18,1814.40,3550.27,2.51,149.30,125.21,609.07,2.72,955.56,59.89,513.96
2026-02-14T16:10:00Z,64.27,1978.61,171.47,1231.36,29.80,2583.30,156.79,0.00,64.78,2076.56,169.94,902.76,42.40,2143.27,166.22,455.23,256.68,52.80,95.11,230.56,1796.60,3553.72,2.40,149.10,123.81,599.71,3.20,941.60,60.98,499.02
2026-02-14T16:20:00Z,64.22,1976.26,170.78,1225.79,29.81,2589.60,156.96,0.00,64.55,2084.73,169.39,895.77,42.77,2137.25,166.50,465.56,255.36,50.76,96.06,229.00,1804.32,3539.03,2.86,150.04,120.62,595.49,3.04,946.87,61.10,499.46
2026-02-14T16:30:00Z,64.29,1973.15,171.95,1225.59,30.02,2597.33,156.42,0.00,64.70,2080.18,168.82,892.90,43.01,2122.34,166.39,478.49,256.11,50.95,96.03,226.35,1802.30,3552.55,2.41,149.74,121.82,602.49,3.10,955.88,60.89,504.55
2026-02-14T16:40:00Z,64.16,1979.33,171.96,1232.62,30.04,2575.05,156.54,0.00,65.07,2080.61,168.39,898.10,43.61,2104.50,167.16,517.31,261.40,53.97,95.84,237.05,1810.28,3568.69,2.64,150.57,125.28,609.94,2.64,954.09,61.95,507.00
2026-02-14T16:50:00Z,64.24,1970.22,171.70,1239.15,29.92,2577.88,156.50,0.00,65.43,2074.34,168.52,907.00,43.48,2103.39,167.46,514.09,253.80,51.03,95.94,226.55,1794.07,3549.88,2.35,151.26,122.14,607.00,3.03,951.55,59.23,499.74
2026-02-14T17:00:00Z,63.79,1973.93,172.20,1233.63,29.73,2576.65,155.48,0.00,65.12,2075.99,168.53,896.83,43.58,2115.02,167.65,517.50,256.63,52.44,95.55,229.82,1807.46,3548.22,2.35,150.00,122.19,607.50,3.16,958.87,58.68,499.63
2026-02-14T17:10:00Z,64.11,1978.66,171.67,1214.08,29.62,2579.45,155.95,0.00,64.98,2069.91,168.17,884.73,43.44,2117.63,167.75,513.06,262.52,53.07,95.95,236.04,1812.24,3550.98,2.39,148.26,124.56,612.71,2.78,953.75,58.11,504.60
2026-02-14T17:20:00Z,64.22,1967.83,171.63,1206.73,29.60,2578.90,155.71,0.00,65.02,2065.62,168.67,898.08,43.69,2108.21,168.06,503.74,262.28,55.09,95.85,234.91,1810.37,3543.75,2.60,149.37,126.26,607.21,2.79,959.92,58.91,512.21
2026-02-14T17:30:00Z,64.23,1971.39,171.06,1211.79,29.38,2572.00,156.00,0.00,65.09,2078.02,167.96,900.33,43.65,2108.87,168.35,517.67,,54.15,96.16,234.26,1802.49,3558.70,2.83,148.98,127.38,613.17,3.09,947.24,59.60,512.83
2026-02-14T17:40:00Z,64.25,1969.99,171.21,1232.63,29.99,2569.38,155.81,0.00,65.18,2078.74,168.47,887.10,43.89,2100.40,167.85,507.46,258.42,54.84,95.32,233.42,1806.77,3546.36,2.52,149.81,121.21,599.94,3.38,952.71,60.23,501.34
2026-02-14T17:50:00Z,64.13,1973.40,170.91,1253.70,30.15,2573.55,155.51,0.00,64.94,2078.54,167.98,898.25,44.15,2097.80,167.87,514.64,260.55,53.89,94.99,237.19,1808.20,3551.78,2.40,150.91,124.12,602.91,3.18,956.73,61.60,495.89
2026-02-14T18:00:00Z,64.07,1977.16,170.80,1232.73,29.81,2569.72,156.74,0.00,65.31,2068.09,168.05,893.09,44.49,2093.49,167.88,514.64,256.56,52.81,95.39,230.19,1802.93,3544.25,2.31,150.13,123.60,603.54,2.83,947.84,60.73,501.31
2026-02-14T18:10:00Z,64.00,1975.58,171.23,1234.47,29.85,2575.06,155.96,0.00,64.98,2074.08,168.13,892.51,44.21,2108.08,168.06,506.32,258.61,55.06,95.29,233.38,1803.67,3558.81,2.21,150.07,125.63,607.97,2.96,949.14,59.63,508.81
2026-02-14T18:20:00Z,63.77,1974.92,170.85,1228.64,30.26,2578.68,156.12,0.00,65.09,2067.19,168.63,898.87,44.33,2102.35,167.16,505.14,261.15,56.18,95.23,233.19,1806.77,3559.01,2.55,150.19,126.74,604.84,3.12,955.91,59.51,506.24
2026-02-14T18:30:00Z,63.28,1985.24,171.42,1202.68,29.95,2582.80,156.24,0.00,64.96,2078.21,168.53,894.53,44.16,2098.33,167.03,518.49,258.68,55.74,94.68,232.03,1805.21,3550.74,2.75,150.44,124.93,605.35,3.02,957.32,59.97,504.23
2026-02-14T18:40:00Z,63.44,1979.76,171.33,1205.23,29.98,2574.91,156.04,0.00,64.85,2070.08,169.21,904.24,44.48,2102.24,167.99,517.44,260.55,55.48,94.91,235.95,1806.98,3555.33,2.32,151.38,123.59,605.08,3.35,952.88,59.65,497.91
2026-02-14T18:50:00Z,63.52,1993.37,171.65,1200.32,29.96,2567.56,156.27,0.00,64.75,2072.52,167.85,895.55,44.56,2088.32,168.11,538.86,259.65,53.73,95.93,233.35,1811.83,3560.58,2.41,149.59,126.21,605.80,2.97,950.68,58.30,498.57
2026-02-14T19:00:00Z,63.54,1988.40,171.20,1206.81,29.77,2579.08,156.15,0.00,64.74,2069.30,168.61,898.22,43.79,2088.09,168.28,531.19,260.84,54.34,95.75,237.72,1807.89,3539.32,2.56,148.45,124.89,611.10,2.99,955.26,58.92,502.96
2026-02-14T19:10:00Z,63.49,1990.32,171.74,1201.50,29.85,2573.46,155.22,0.00,64.78,2079.43,168.49,900.47,43.98,2098.72,168.03,522.00,256.43,53.94,95.03,232.07,1803.57,3554.54,2.51,149.48,124.15,606.57,3.05,952.39,61.03,506.47
2026-02-14T19:20:00Z,63.75,1990.32,170.87,1198.35,29.72,2581.05,155.42,0.00,64.73,2080.71,168.70,906.40,43.77,2098.82,167.43,517.04,260.34,56.27,94.89,233.61,1810.77,3565.00,2.67,151.68,125.82,606.20,2.96,954.68,60.67,507.08
2026-02-14T19:30:00Z,64.19,1978.81,171.23,1221.78,29.14,2593.02,155.47,0.00,65.10,2073.83,168.57,903.96,43.67,2108.22,167.36,504.62,259.95,55.02,95.27,232.09,1807.58,3544.83,2.35,149.95,125.22,610.13,3.26,956.68,61.31,504.09
2026-02-14T19:40:00Z,64.39,1973.10,171.38,1237.54,29.17,2585.10,155.94,0.00,65.01,2073.41,167.74,886.38,43.28,2111.79,167.51,505.74,255.55,53.57,95.09,229.66,1799.17,3537.71,2.61,148.62,123.19,607.82,3.12,946.55,61.32,513.24
2026-02-14T19:50:00Z,64.55,1976.88,172.12,1241.42,29.44,2578.00,155.98,0.00,65.34,2065.88,167.85,897.17,43.52,2116.56,168.00,501.02,257.91,55.43,94.82,231.05,1799.41,3545.09,2.50,150.58,123.34,600.47,2.75,947.34,60.24,493.89
2026-02-14T20:00:00Z,64.81,1957.24,171.74,1245.67,29.55,2586.44,155.40,0.00,65.33,2081.27,167.61,886.40,43.62,2112.03,167.75,496.87,253.78,53.90,95.25,227.09,1793.75,3543.86,2.83,148.46,124.71,599.01,3.34,942.93,60.68,502.87
2026-02-14T20:10:00Z,65.20,1944.46,172.18,1250.83,29.54,2590.82,156.37,0.00,65.40,2064.67,167.96,905.02,43.38,2107.61,167.94,490.63,258.69,53.61,96.18,231.36,1811.80,3555.62,2.53,151.58,125.38,607.81,2.87,957.29,60.40,502.21
2026-02-14T20:20:00Z,64.73,1954.94,172.24,1241.39,29.61,2585.85,155.94,0.00,65.64,2075.61,168.08,885.93,43.23,2111.22,168.06,504.37,258.63,54.14,95.80,234.10,1809.70,3542.16,2.60,149.84,121.49,596.14,2.95,952.54,60.57,494.50
2026-02-14T20:30:00Z,64.72,1949.95,172.01,1250.74,29.43,2598.05,156.11,0.00,65.78,2062.71,168.00,885.71,43.55,2098.17,167.35,505.88,258.66,51.66,95.54,236.66,1817.75,3550.65,2.53,150.52,122.76,600.62,3.05,959.28,60.95,498.81
2026-02-14T20:40:00Z,64.69,1949.53,172.66,1257.48,29.63,2587.21,155.62,0.00,65.86,2051.00,168.15,909.14,43.20,2103.48,167.14,513.77,261.94,54.71,95.62,236.97,1809.81,3563.53,2.48,150.70,128.01,615.14,2.73,954.37,59.78,502.17
2026-02-14T20:50:00Z,64.66,1964.52,172.35,1239.49,29.38,2588.38,155.45,0.00,65.60,2062.12,168.86,908.24,43.52,2102.98,167.45,507.54,261.29,55.36,96.32,235.15,1814.21,3553.84,2.54,149.90,124.92,601.88,2.99,956.12,60.14,502.95
2026-02-14T21:00:00Z,64.57,1974.02,171.94,1228.81,29.28,2590.97,155.21,0.00,65.41,2069.60,168.24,921.85,43.41,2118.64,167.11,504.86,261.80,53.52,96.46,233.78,1809.57,3549.15,2.35,150.76,125.17,609.31,3.08,954.07,61.22,501.92
2026-02-14T21:10:00Z,64.42,1961.56,171.84,1244.44,29.28,2593.43,154.87,0.00,65.67,2070.49,168.20,919.32,43.79,2129.32,167.49,485.78,262.55,53.19,96.07,237.77,1813.77,3563.81,2.70,149.81,127.32,604.42,2.86,954.14,59.52,506.45
2026-02-14T21:20:00Z,64.47,1966.30,171.72,1238.12,29.48,2585.04,155.30,0.00,65.23,2072.76,168.51,912.80,43.99,2114.30,167.47,484.76,258.14,52.88,95.51,231.61,1811.09,3544.65,2.62,149.55,126.79,612.52,2.81,955.55,58.73,520.69
2026-02-14T21:30:00Z,64.02,1969.54,171.48,1230.99,29.44,2586.70,155.99,0.00,65.64,2065.86,168.21,913.71,43.50,2120.20,167.67,501.86,259.33,53.76,94.88,234.09,1808.81,3545.11,2.53,151.13,126.84,608.91,3.32,956.89,60.25,506.27
2026-02-14T21:40:00Z,63.96,1963.97,171.54,1232.28,29.60,2588.53,155.96,0.00,65.70,2061.88,168.30,913.50,42.96,2128.31,167.23,488.89,257.47,50.62,95.34,230.38,1799.05,3560.83,2.66,149.36,122.00,601.37,2.87,950.93,60.58,506.48
2026-02-14T21:50:00Z,64.13,1975.38,171.10,1238.92,29.32,2594.36,155.39,0.00,65.81,2064.00,168.60,918.45,43.06,2131.26,167.16,485.95,257.77,52.61,95.80,229.67,1802.54,3552.21,2.42,150.04,121.65,605.90,3.16,948.25,59.38,495.09
2026-02-14T22:00:00Z,63.70,1979.42,171.06,1224.21,28.93,2600.85,155.77,0.00,65.76,2062.67,168.80,923.57,43.32,2134.48,166.69,484.43,265.07,52.77,95.27,239.85,1813.55,3552.87,2.43,149.20,128.48,616.74,2.94,950.40,60.22,514.64
2026-02-14T22:10:00Z,64.30,1979.85,171.65,1218.69,29.05,2602.28,155.80,0.00,65.88,2060.21,168.72,914.74,43.72,2122.50,166.92,499.05,258.27,52.23,95.68,236.22,1808.83,3561.58,2.65,149.60,122.56,605.42,3.22,955.67,60.04,502.59
2026-02-14T22:20:00Z,64.61,1963.04,171.61,1236.81,29.61,2581.28,155.48,0.00,65.77,2055.16,169.21,915.86,43.45,2120.03,166.71,504.82,257.56,56.28,96.22,231.53,1799.04,3553.18,2.69,150.33,120.87,604.47,2.78,945.19,61.49,505.13
2026-02-14T22:30:00Z,64.47,1959.72,171.79,1223.65,29.42,2582.13,155.84,0.00,65.64,2072.58,169.24,901.63,43.59,2108.23,167.18,503.08,258.96,55.01,95.84,234.80,1812.47,3536.44,2.45,150.88,124.21,602.65,3.10,957.12,61.88,487.68
2026-02-14T22:40:00Z,64.19,1962.98,171.05,1216.83,29.09,2596.14,156.08,0.00,65.38,2072.95,168.33,901.01,43.78,2108.71,166.70,498.80,256.68,55.99,95.02,230.56,1806.92,3546.73,2.51,149.71,123.70,609.89,2.77,942.59,60.57,514.76
2026-02-14T22:50:00Z,64.01,1971.76,171.15,1224.28,29.33,2601.59,156.00,0.00,65.14,2083.64,168.74,875.19,44.10,2104.59,167.16,500.64,256.77,54.65,95.01,228.73,1803.48,3553.09,2.42,148.57,124.04,611.27,2.95,952.90,60.21,503.79
2026-02-14T23:00:00Z,63.97,1970.43,171.71,1240.36,29.31,2594.66,156.28,0.00,65.10,2072.78,168.49,876.84,44.47,2091.48,167.42,516.33,260.76,55.15,96.39,231.03,1800.28,3547.69,2.65,148.61,129.01,608.59,3.35,952.80,61.28,503.37
2026-02-14T23:10:00Z,63.83,1978.65,171.94,1238.60,29.70,2595.88,155.47,0.00,65.16,2069.76,168.36,886.59,44.68,2083.46,167.69,516.73,262.16,54.46,97.12,237.35,1808.44,3535.63,2.37,149.84,126.48,599.53,2.95,955.61,60.33,501.31
2026-02-14T23:20:00Z,63.98,1985.14,171.22,1218.27,29.39,2589.82,155.39,0.00,65.16,2059.76,168.19,898.33,44.87,2079.74,168.43,536.01,263.53,56.46,95.20,238.06,1803.56,3550.80,2.78,150.69,127.51,618.18,3.07,952.56,60.33,515.19
2026-02-14T23:30:00Z,63.66,1998.54,172.23,1207.18,29.50,2587.89,155.76,0.00,65.51,2072.05,168.73,900.25,45.03,2084.60,168.31,546.18,258.02,57.85,96.06,231.35,1798.73,3547.32,2.31,149.13,123.05,609.61,3.11,945.64,62.09,499.54
2026-02-14T23:40:00Z,63.80,2003.18,172.02,1199.30,29.78,2579.49,155.88,0.00,65.50,2058.36,168.59,898.82,44.80,2071.65,168.11,561.93,257.71,56.30,95.97,230.71,1800.24,3546.16,2.40,151.15,124.02,598.38,2.76,952.02,61.02,495.47
2026-02-14T23:50:00Z,63.85,1978.32,171.18,1200.59,29.68,2569.75,155.37,0.00,65.71,2055.99,168.73,908.95,44.99,2067.59,168.61,575.34,260.20,55.22,95.33,235.97,1807.06,3555.19,2.51,151.50,122.75,608.05,2.77,955.75,61.78,503.14
2026-02-15T00:00:00Z,63.60,1974.63,171.32,1195.54,29.82,2579.14,155.18,0.00,65.48,2064.59,169.11,915.93,44.72,2083.59,168.61,565.53,261.17,55.87,95.62,235.13,1807.87,3554.97,2.38,150.43,126.30,608.57,3.35,962.84,61.12,507.55
2026-02-15T00:10:00Z,63.76,1975.27,171.96,1207.39,29.94,2568.05,155.32,0.00,65.34,2073.92,169.22,902.69,44.26,2076.07,168.49,570.73,258.02,56.52,96.25,232.88,1811.97,3562.89,2.52,150.47,125.28,605.64,2.73,950.36,61.07,502.23
2026-02-15T00:20:00Z,63.43,1990.26,171.66,1209.60,29.65,2580.29,156.12,0.00,65.61,2065.06,169.07,905.83,43.89,2086.49,168.10,555.88,252.87,55.43,96.95,228.28,1805.32,3546.74,2.56,150.36,121.01,591.56,2.65,948.54,60.77,493.66
2026-02-15T00:30:00Z,63.35,1997.02,171.16,1200.26,29.98,2572.72,156.21,0.00,65.70,2062.60,168.57,917.31,44.07,2100.19,168.02,540.17,261.60,56.85,96.02,233.36,1809.96,3554.58,2.50,150.85,128.38,608.20,2.97,950.94,59.51,510.69
2026-02-15T00:40:00Z,63.23,2003.59,171.18,1194.45,29.66,2569.80,156.45,0.00,66.18,2062.09,168.43,907.50,43.78,2098.98,167.55,530.89,262.14,56.95,97.30,235.91,1809.63,3542.86,2.37,150.58,125.29,612.14,3.00,954.79,59.97,501.30
2026-02-15T00:50:00Z,62.86,2007.92,170.74,1181.74,29.48,2580.64,156.47,0.00,66.19,2048.06,168.57,927.70,43.97,2091.82,167.99,536.39,263.31,53.19,97.17,237.59,1810.62,3554.37,2.57,149.64,125.00,615.81,3.10,953.18,59.82,505.55
2026-02-15T01:00:00Z,63.06,2004.04,170.63,1172.96,29.11,2586.38,156.31,0.00,65.98,2046.68,168.58,938.92,44.10,2090.00,168.50,539.07,261.55,52.65,96.73,235.89,1807.11,3545.60,2.42,149.74,127.29,614.23,3.10,955.78,59.78,519.90
2026-02-15T01:10:00Z,62.92,2007.80,169.96,1174.08,29.30,2588.96,156.00,0.00,65.86,2049.67,169.05,925.58,43.79,2095.14,167.87,531.90,258.30,53.40,95.60,233.94,1800.17,3555.89,2.46,151.81,124.82,607.98,2.92,947.41,58.38,512.92
2026-02-15T01:20:00Z,63.32,2003.45,170.38,1187.65,29.47,2577.62,156.09,0.00,65.77,2047.60,168.21,936.79,43.34,2113.16,167.68,511.46,259.84,55.96,96.46,233.50,1809.30,3545.61,2.40,149.26,126.85,609.69,3.24,953.19,59.07,507.12
2026-02-15T01:30:00Z,63.36,1992.99,170.67,1187.17,29.36,2576.69,155.98,0.00,65.66,2051.69,169.04,941.20,43.34,2116.31,167.02,498.07,260.51,51.25,96.26,236.96,1813.43,3547.30,2.32,150.99,126.47,606.41,3.30,954.94,59.35,500.14
2026-02-15T01:40:00Z,63.18,1994.07,170.38,1189.61,29.85,2576.89,156.03,0.00,65.36,2062.25,168.70,928.84,43.28,2118.64,167.20,492.74,262.62,53.64,95.26,239.09,1815.11,3559.84,2.74,149.31,124.74,605.98,2.82,959.44,59.96,502.89
2026-02-15T01:50:00Z,63.31,1990.93,170.70,1202.01,29.68,2575.04,156.66,0.00,65.41,2062.34,168.81,917.13,43.16,2119.02,167.69,503.00,262.06,53.99,95.64,234.80,1814.57,3554.56,2.41,150.96,126.13,606.66,3.14,954.69,60.46,505.21
2026-02-15T02:00:00Z,63.16,1989.27,170.66,1188.31,29.94,2563.48,156.12,0.00,65.52,2050.59,168.79,919.33,43.28,2118.73,167.35,501.76,255.78,52.04,94.70,229.24,1804.77,3549.79,2.56,149.36,125.54,606.91,2.69,948.58,60.09,515.08
2026-02-15T02:10:00Z,,1993.07,171.15,1205.17,30.20,2569.45,156.20,0.00,65.61,2063.42,169.39,931.53,43.24,2119.59,167.36,502.32,256.85,51.03,94.94,231.59,1808.32,3546.21,2.48,149.21,121.35,605.89,2.98,952.78,60.98,497.57
2026-02-15T02:20:00Z,63.32,1987.35,171.14,1208.97,30.07,2590.10,156.28,0.00,65.73,2057.34,169.25,925.37,43.25,2116.95,167.55,499.94,261.92,52.10,94.84,240.98,1807.66,3556.54,2.43,149.74,126.76,603.89,2.96,956.18,60.00,504.82
2026-02-15T02:30:00Z,63.26,1991.63,171.31,1208.97,29.93,2582.71,156.07,0.00,65.37,2071.56,168.69,914.71,43.20,2111.62,167.47,483.07,258.71,53.12,94.49,232.23,1805.42,3553.45,2.38,150.65,125.32,600.49,3.51,958.18,58.58,487.97
2026-02-15T02:40:00Z,63.09,1985.40,172.12,1214.55,29.91,2583.73,155.94,0.00,65.32,2074.52,168.90,910.77,43.20,2117.69,167.49,496.61,258.85,51.81,95.13,232.70,1806.94,3555.25,2.28,150.01,123.61,602.66,2.55,947.28,60.88,509.00
2026-02-15T02:50:00Z,63.05,1994.63,171.51,1202.96,29.91,2588.05,155.92,0.00,65.38,2067.33,168.71,903.37,42.99,2119.57,167.50,502.97,264.27,54.59,95.09,240.79,1817.88,3551.80,2.30,150.19,127.72,618.97,2.80,960.15,59.41,518.12
2026-02-15T03:00:00Z,63.23,1997.19,171.56,1211.18,30.07,2572.80,156.16,0.00,65.53,2074.35,168.64,894.85,42.97,2122.03,167.29,499.63,259.67,54.98,95.80,235.29,1804.94,3553.93,2.46,149.86,123.81,604.02,2.47,947.86,58.22,513.08
2026-02-15T03:10:00Z,63.22,1991.74,170.89,1206.91,30.23,2573.14,156.30,0.00,65.17,2077.87,168.52,875.34,42.76,2130.39,167.10,483.05,256.40,54.00,95.29,231.65,1803.72,3547.76,2.17,149.28,119.75,602.22,3.24,950.11,58.15,497.81
2026-02-15T03:20:00Z,63.27,1992.17,170.62,1202.34,30.37,2557.48,155.60,0.00,65.61,2069.79,168.57,899.85,43.10,2128.10,167.25,483.36,,53.57,95.77,227.05,1803.28,3529.70,2.51,148.78,122.90,604.22,3.03,957.99,59.94,504.23
2026-02-15T03:30:00Z,63.06,1999.65,171.30,1199.86,30.73,2546.70,155.52,0.00,66.33,2051.14,169.06,929.20,43.06,2125.11,167.98,490.33,257.50,54.37,96.56,232.72,1801.96,3549.02,2.30,148.14,126.08,603.31,2.83,945.97,59.92,516.37
2026-02-15T03:40:00Z,63.55,1992.93,170.32,1194.18,31.01,2551.67,156.01,0.00,65.86,2047.94,169.17,942.80,42.88,2127.97,167.74,483.31,254.28,54.29,96.14,226.57,1807.03,3555.13,2.39,149.68,120.82,605.80,3.17,959.25,60.04,512.80
2026-02-15T03:50:00Z,63.59,1995.07,170.41,1204.65,30.67,2564.50,156.11,0.00,65.31,2063.11,169.22,923.39,42.77,2117.80,167.68,492.88,257.22,54.21,96.41,231.75,1800.84,3544.68,2.60,151.04,123.52,608.21,3.18,958.17,59.97,506.54
2026-02-15T04:00:00Z,63.65,1981.14,170.86,1207.29,30.99,2562.92,155.53,0.00,65.16,2070.48,169.77,918.66,42.82,2124.84,167.14,481.41,259.73,52.56,95.40,235.67,1812.30,3545.41,2.58,152.02,123.63,606.11,6.95,955.40,59.91,496.41
2026-02-15T04:10:00Z,63.59,1973.15,171.60,1211.52,31.00,2554.77,156.65,0.00,65.35,2075.07,169.51,907.18,43.09,2127.54,166.59,486.48,258.32,54.74,95.67,232.23,1809.07,3542.81,2.33,148.29,123.86,645.99,10.42,956.53,60.14,538.35
2026-02-15T04:20:00Z,63.70,1980.96,171.16,1208.77,30.91,2554.42,156.62,0.00,64.86,2080.15,168.34,889.68,42.86,2129.01,167.00,471.29,257.55,55.56,95.63,232.31,1801.15,3568.58,2.31,150.24,125.30,558.07,3.43,955.21,60.04,466.27
2026-02-15T04:30:00Z,63.80,1974.69,171.87,1218.43,30.90,2555.18,156.60,0.00,64.78,2068.28,168.69,898.75,42.66,2134.70,167.23,478.01,255.21,54.23,96.28,229.97,1805.48,3551.36,2.71,148.12,121.57,603.20,7.07,956.25,59.29,504.43
2026-02-15T04:40:00Z,63.41,1980.85,171.49,1216.53,31.14,2551.28,155.81,0.00,65.06,2067.51,168.63,902.35,42.67,2141.43,166.91,488.02,257.09,54.46,94.95,229.95,1809.41,3560.75,2.64,150.31,125.00,652.80,10.46,958.37,59.23,549.91
2026-02-15T04:50:00Z,63.46,1982.03,170.56,1224.03,32.02,2541.51,156.28,0.00,65.44,2063.75,168.51,915.28,42.50,2138.92,167.48,488.51,263.81,53.27,94.54,238.38,1815.25,3561.11,2.54,150.16,126.74,565.17,3.68,953.17,60.35,464.63
2026-02-15T05:00:00Z,63.50,1985.77,170.70,1213.54,32.01,2525.62,156.45,0.00,65.48,2076.96,168.59,912.67,42.47,2140.28,167.53,467.27,260.45,54.16,95.20,236.08,1809.25,3539.33,2.95,149.75,125.04,610.32,7.09,954.33,60.49,500.25
2026-02-15T05:10:00Z,63.67,1984.61,170.80,1216.90,31.99,2532.25,156.43,0.00,65.63,2079.73,168.34,921.46,42.18,2150.76,166.97,474.63,255.48,51.86,94.95,228.09,1806.99,3554.86,2.66,149.89,122.78,643.49,10.76,954.33,60.03,543.52
2026-02-15T05:20:00Z,63.98,1977.18,170.69,1219.01,31.83,2532.44,156.55,0.00,66.03,2062.77,168.08,934.31,42.14,2150.92,167.87,458.43,258.14,54.64,95.14,235.10,1813.50,3535.98,2.55,149.69,124.05,559.81,3.22,947.73,58.99,464.62
2026-02-15T05:30:00Z,63.79,1979.15,171.21,1200.24,31.42,2545.57,156.05,0.00,66.25,2058.45,168.81,922.60,42.32,2147.17,167.87,469.84,255.08,54.03,95.29,227.26,1807.39,3555.10,2.57,150.78,123.72,608.16,7.01,946.53,58.80,511.45
2026-02-15T05:40:00Z,63.78,1977.31,170.65,1190.91,31.24,2544.40,155.75,0.00,66.19,2051.51,169.29,938.76,42.29,2152.29,167.43,467.45,258.93,52.86,95.97,230.13,1802.44,3541.33,2.76,148.78,125.07,647.69,10.56,953.41,61.30,549.61
2026-02-15T05:50:00Z,63.59,1986.76,170.39,1201.83,31.45,2547.58,155.69,0.00,65.97,2055.73,168.80,928.86,42.52,2148.76,167.41,461.35,259.80,51.71,95.38,231.36,1812.16,3552.44,2.51,150.57,122.89,567.22,3.53,960.42,61.39,482.73
2026-02-15T06:00:00Z,63.26,1991.36,170.77,1204.11,31.59,2537.39,155.75,0.00,65.92,2054.66,168.56,928.66,42.64,2140.45,166.58,462.46,260.02,52.63,94.69,230.74,1803.24,3549.61,2.36,149.79,125.33,603.20,7.23,949.44,60.29,499.60
2026-02-15T06:10:00Z,63.22,1995.89,170.56,1193.97,31.37,2543.83,156.21,0.00,66.23,2052.82,168.94,928.24,43.05,2116.33,166.86,468.96,259.26,53.23,94.63,233.68,1810.24,3549.02,2.48,148.74,123.62,652.43,10.58,963.15,59.48,542.43
2026-02-15T06:20:00Z,63.27,1995.53,171.14,1183.16,31.65,2543.99,156.71,0.00,66.44,2046.27,169.17,941.26,43.11,2119.88,166.56,487.27,259.83,52.46,95.18,234.30,1814.01,3549.75,2.58,148.71,123.94,568.75,3.72,960.96,60.45,465.91
2026-02-15T06:30:00Z,63.69,2001.53,170.84,1194.58,31.58,2552.36,156.24,0.00,66.74,2040.76,169.88,946.51,43.21,2117.30,166.66,485.20,255.55,53.54,95.50,232.72,1800.80,3550.31,2.62,150.04,122.48,605.08,7.05,956.25,59.81,502.50
2026-02-15T06:40:00Z,63.36,2002.13,170.64,1186.83,31.33,2548.72,156.96,0.00,66.98,2027.53,169.87,957.44,43.10,2120.42,166.92,492.52,257.06,53.25,94.37,229.56,1799.55,3543.79,2.45,149.99,125.31,651.90,10.40,951.29,60.14,542.57
2026-02-15T06:50:00Z,63.45,1998.28,170.44,1179.89,31.41,2546.27,156.48,0.00,66.90,2029.69,170.08,972.49,43.12,2123.42,167.27,486.73,256.39,54.21,94.62,231.03,1804.91,3550.49,2.46,150.03,123.11,560.63,3.49,954.75,61.13,475.81
2026-02-15T07:00:00Z,63.63,1991.22,171.11,1194.82,31.02,2543.96,156.50,0.00,66.77,2031.34,170.07,955.22,43.37,2129.08,167.45,480.90,258.29,54.76,95.39,235.79,1806.57,3554.91,2.72,150.45,121.59,595.13,6.62,950.03,61.98,489.06
2026-02-15T07:10:00Z,63.44,1982.16,171.74,1212.08,30.72,2550.55,156.73,0.00,67.14,2025.27,170.15,958.98,43.81,2109.64,167.92,502.10,259.79,52.53,95.65,236.08,1809.27,3549.16,2.43,147.91,126.77,644.83,10.75,951.44,61.90,531.92
2026-02-15T07:20:00Z,63.32,1990.84,170.86,1206.95,30.93,2541.57,156.03,0.00,67.09,2025.45,169.93,960.55,43.40,2107.48,167.44,497.39,259.28,55.47,95.22,233.34,1808.58,3535.59,2.39,148.92,122.37,556.05,3.54,948.97,60.90,467.53
2026-02-15T07:30:00Z,62.96,1995.48,170.98,1194.09,30.99,2542.69,156.59,0.00,66.91,2026.79,170.03,975.68,43.88,2101.80,167.50,505.44,262.51,54.06,95.93,234.83,1815.66,3554.92,2.47,150.57,128.06,609.09,7.31,959.44,60.65,518.87
2026-02-15T07:40:00Z,62.44,2006.43,171.68,1195.00,31.39,2549.50,155.87,0.00,66.91,2021.13,169.91,973.65,44.47,2085.79,167.98,520.92,260.46,54.81,96.05,237.17,1808.40,3545.90,2.59,150.10,125.25,653.13,10.58,959.17,61.06,542.44
2026-02-15T07:50:00Z,62.76,2008.74,171.76,1185.61,31.04,2537.18,156.34,0.00,67.34,2016.71,169.37,985.66,44.66,2089.91,167.63,534.02,260.48,54.00,96.07,237.27,1812.01,3538.06,2.80,150.43,124.42,556.78,3.29,956.54,59.89,453.32
2026-02-15T08:00:00Z,62.94,2007.14,170.77,1174.10,31.09,2540.63,156.06,0.00,67.38,2021.92,169.66,972.28,44.44,2094.31,167.83,538.92,265.36,53.29,96.22,237.87,1805.00,3543.98,2.30,148.70,128.38,609.95,2.79,949.18,59.58,508.54
2026-02-15T08:10:00Z,63.17,1993.60,170.59,1167.91,30.99,2548.35,156.55,0.00,66.93,2025.85,170.03,967.52,44.66,2080.32,167.47,542.47,268.53,56.11,96.62,241.35,1814.47,3551.83,2.44,150.99,127.83,603.46,2.83,950.21,60.37,496.67
2026-02-15T08:20:00Z,63.25,1987.73,170.83,1187.84,31.07,2550.46,155.98,0.00,67.06,2025.54,170.73,968.45,44.23,2082.45,167.99,549.12,262.24,54.84,95.49,235.02,1807.15,3529.64,2.57,151.51,126.44,607.47,2.76,951.90,60.36,511.15
2026-02-15T08:30:00Z,63.40,1998.93,170.45,1184.65,31.24,2549.38,156.32,0.00,66.86,2035.39,169.79,948.33,43.93,2096.21,167.86,539.16,262.89,54.15,95.73,235.98,1810.23,3536.74,2.58,150.78,126.78,610.38,2.84,958.01,61.22,510.90
2026-02-15T08:40:00Z,63.17,2005.00,170.47,1183.68,30.92,2549.48,156.69,0.00,66.53,2039.09,169.93,949.31,43.95,2103.26,167.55,516.50,261.34,54.24,94.95,235.96,1809.63,3552.71,2.79,149.85,124.40,603.50,2.91,956.07,60.65,505.62
2026-02-15T08:50:00Z,63.64,1983.21,170.55,1202.45,30.86,2538.67,156.75,0.00,66.64,2032.05,169.32,941.47,44.04,2096.72,167.14,521.84,264.17,54.66,94.98,236.55,1813.82,3551.33,2.38,150.27,128.06,605.92,2.87,957.65,61.34,503.57
2026-02-15T09:00:00Z,64.05,1978.89,171.12,1207.39,30.79,2538.12,156.19,0.00,66.69,2038.07,169.61,953.29,43.92,2091.36,167.84,513.25,256.94,55.06,95.92,231.01,1813.59,3536.71,2.55,151.22,123.99,601.94,2.99,953.07,60.05,501.08
2026-02-15T09:10:00Z,63.70,1975.04,170.86,1206.67,30.87,2552.53,155.83,0.00,66.43,2028.88,170.12,948.08,43.77,2100.49,167.64,507.48,258.82,54.20,94.82,232.88,1804.00,3541.46,2.45,149.86,123.27,600.76,2.97,951.94,61.16,500.94
2026-02-15T09:20:00Z,63.75,1977.18,171.25,1219.44,30.70,2557.15,156.32,0.00,66.54,2044.50,170.06,942.44,43.99,2101.83,168.01,506.46,261.89,55.90,94.84,234.74,1811.55,3548.57,2.36,149.62,124.88,611.42,3.20,955.67,59.55,508.89
2026-02-15T09:30:00Z,63.66,1978.83,170.59,1209.23,30.43,2564.29,156.52,0.00,66.18,2044.50,169.28,928.40,44.00,2105.63,168.09,522.67,260.19,55.43,95.26,234.70,1812.64,3550.78,2.42,150.34,124.28,606.13,3.07,961.37,59.76,501.23
2026-02-15T09:40:00Z,63.56,1988.10,170.70,1198.57,30.23,2561.30,156.30,0.00,66.36,2045.83,169.19,945.83,44.07,2100.62,168.15,529.47,256.06,53.77,95.69,229.51,1803.45,3556.70,2.95,148.92,125.89,608.01,3.06,955.28,59.39,519.12
2026-02-15T09:50:00Z,63.43,2001.02,170.35,1186.58,30.49,2557.83,155.70,0.00,66.12,2051.27,169.09,937.49,43.83,2110.10,168.25,522.34,255.45,54.52,95.16,230.54,1809.70,3557.97,2.30,149.97,122.10,604.51,2.87,949.08,59.83,507.97
2026-02-15T10:00:00Z,63.73,1987.34,170.14,1180.61,30.40,2563.46,156.41,0.00,65.82,2045.84,168.87,936.44,43.92,2110.72,168.28,517.38,252.24,54.48,94.91,226.14,1795.48,3542.39,2.65,150.26,120.86,599.03,2.67,943.66,60.08,501.20
2026-02-15T10:10:00Z,63.86,1984.92,170.81,1202.57,30.65,2570.39,156.54,0.00,65.70,2048.98,169.37,930.91,43.83,2114.78,167.63,505.12,260.43,55.67,94.87,236.08,1812.95,3550.89,2.48,150.75,127.06,606.97,3.08,952.42,61.62,502.41
2026-02-15T10:20:00Z,63.99,1983.44,170.73,1216.40,30.44,2570.11,156.20,0.00,65.65,2055.35,169.64,926.52,43.52,2110.26,167.39,498.63,265.42,54.66,94.72,239.27,1810.39,3548.91,2.40,147.97,129.05,608.87,2.73,956.65,60.78,506.17
2026-02-15T10:30:00Z,64.11,1983.54,171.14,1205.04,30.24,2572.99,156.58,0.00,65.54,2055.30,169.64,919.85,43.48,2117.32,167.51,494.18,267.95,54.83,95.02,243.74,1816.76,3548.64,2.51,149.64,130.91,611.57,3.18,964.74,59.65,517.65
2026-02-15T10:40:00Z,64.17,1975.44,171.03,1210.08,29.97,2570.74,155.56,0.00,65.70,2059.34,169.68,909.91,43.35,2112.14,168.35,518.80,266.77,54.03,95.72,237.61,1814.12,3551.60,2.71,150.07,128.31,603.83,2.97,952.29,61.10,500.53
2026-02-15T10:50:00Z,63.96,1979.16,171.16,1208.08,30.05,2567.51,155.40,0.00,65.46,2059.85,168.97,912.33,42.83,2131.48,168.11,496.75,267.17,53.23,96.54,244.38,1823.26,3555.16,2.50,151.02,128.39,617.06,3.11,961.84,61.36,508.45
2026-02-15T11:00:00Z,64.07,1975.72,171.43,1208.56,30.32,2555.91,155.98,0.00,65.68,2067.12,169.02,922.47,42.87,2138.07,167.75,483.62,261.24,52.68,96.42,235.55,1809.51,3544.26,2.41,150.70,125.87,609.11,2.76,957.44,61.79,510.75
2026-02-15T11:10:00Z,63.59,1980.76,171.28,1209.68,30.38,2559.48,155.92,0.00,65.60,2067.34,169.10,914.66,43.07,2141.09,167.97,478.17,259.83,53.70,95.13,235.33,1818.07,3545.39,2.38,149.72,127.08,606.74,2.90,955.37,61.39,491.87
2026-02-15T11:20:00Z,63.23,1994.35,171.15,1202.80,29.76,2576.35,156.31,0.00,65.55,2053.30,168.98,900.37,43.48,2122.88,166.46,485.35,264.59,54.00,95.00,237.31,1804.01,3546.99,2.40,150.78,123.96,604.82,2.96,954.63,60.92,506.20
2026-02-15T11:30:00Z,62.68,2000.68,170.66,1188.35,29.84,2592.15,155.96,0.00,65.43,2054.75,168.79,918.36,43.83,2114.31,167.21,498.98,258.28,52.09,95.89,233.99,1813.95,3534.22,2.28,149.83,123.12,605.29,3.04,952.94,60.93,500.42
2026-02-15T11:40:00Z,62.71,1997.24,170.48,1189.94,29.92,2576.90,156.00,0.00,65.04,2065.75,168.28,907.81,43.99,2108.27,167.53,493.65,254.18,52.60,95.98,225.09,1802.50,3560.68,2.13,152.03,121.14,599.74,3.02,951.66,60.46,503.65
2026-02-15T11:50:00Z,62.60,1999.02,170.20,1175.94,30.40,2558.85,156.60,0.00,65.20,2062.56,168.74,906.17,44.06,2096.16,167.11,500.40,254.89,53.76,96.39,230.54,1803.24,3550.08,2.51,150.26,121.69,599.80,2.93,948.55,59.62,502.24
2026-02-15T12:00:00Z,62.45,2003.09,170.05,1176.87,30.17,2562.17,156.25,0.00,65.28,2064.09,168.69,904.22,44.27,2092.03,166.97,521.73,255.62,54.69,95.75,229.41,1802.62,3541.10,2.29,150.60,123.96,600.84,2.99,951.90,60.39,509.55
2026-02-15T12:10:00Z,62.84,2001.82,170.08,1178.64,30.27,2565.89,156.18,0.00,65.29,2068.93,169.60,906.91,44.10,2091.42,167.22,513.28,254.68,53.95,95.22,227.03,1800.99,3539.87,2.63,150.59,120.79,600.80,3.03,941.58,59.43,499.11
2026-02-15T12:20:00Z,62.93,1991.39,170.48,1187.86,30.06,2570.53,155.87,0.00,65.34,2061.30,168.77,909.55,43.99,2091.31,167.47,523.99,256.88,53.31,95.17,233.69,1815.01,3572.60,2.42,151.76,121.92,604.48,2.54,952.05,60.90,499.14
2026-02-15T12:30:00Z,62.93,1998.46,170.75,1194.83,30.37,2568.03,156.41,0.00,65.12,2056.13,168.63,911.58,43.88,2110.84,166.84,513.43,257.60,53.35,95.41,229.59,1808.90,3551.91,2.78,150.13,124.13,597.83,2.89,959.97,60.31,505.33
2026-02-15T12:40:00Z,62.82,1997.96,171.13,1178.24,30.17,2575.49,155.57,0.00,65.13,2065.72,168.12,915.00,44.03,2105.41,167.54,517.25,260.75,50.99,95.66,233.48,1803.52,3549.02,2.79,149.98,125.26,607.52,3.12,949.71,61.15,502.80
2026-02-15T12:50:00Z,62.60,2002.52,169.95,1173.17,29.99,2586.60,155.22,0.00,65.57,2057.85,169.28,917.31,43.51,2122.72,168.15,524.50,262.38,51.21,95.91,234.30,1800.28,3549.36,2.56,150.57,126.64,614.17,3.21,951.33,60.95,506.04
2026-02-15T13:00:00Z,62.71,2003.85,170.55,1185.15,29.82,2584.29,155.83,0.00,65.83,2063.20,169.04,914.00,43.62,2125.44,167.23,509.06,259.33,53.61,95.52,237.06,1817.48,3547.16,2.54,148.06,125.34,609.40,2.94,958.98,61.39,517.80
2026-02-15T13:10:00Z,62.99,2007.93,170.51,1179.99,29.80,2586.12,156.29,0.00,65.70,2063.81,169.40,919.69,43.98,2103.53,167.89,506.13,258.23,52.03,95.39,231.23,1805.05,3566.58,2.41,149.96,123.81,601.47,2.69,951.71,59.00,502.72
2026-02-15T13:20:00Z,62.69,2004.71,170.03,1186.85,29.40,2588.77,155.72,0.00,65.85,2057.51,168.90,924.71,43.85,2098.36,167.67,505.13,256.60,52.47,95.81,230.66,1808.43,3547.65,2.46,150.02,125.56,605.38,2.70,953.40,59.37,506.09
2026-02-15T13:30:00Z,62.73,2012.57,169.75,1191.60,29.47,2583.90,156.02,0.00,65.23,2067.84,169.17,925.68,44.16,2097.92,167.30,521.55,255.73,52.82,96.58,232.92,1805.38,3547.12,2.53,150.05,123.91,605.84,2.63,954.82,59.63,504.87
2026-02-15T13:40:00Z,62.87,2015.41,170.22,1190.72,29.67,2579.70,155.69,0.00,65.46,2066.40,169.10,922.18,44.75,2084.79,168.48,533.60,260.55,52.15,95.96,233.99,1811.80,3538.25,2.56,149.84,127.96,607.63,2.97,954.73,59.09,506.47
2026-02-15T13:50:00Z,63.18,1999.89,170.45,1186.21,30.01,2570.22,155.00,0.00,65.56,2069.72,168.98,909.25,44.69,2087.80,168.87,551.11,258.76,51.37,96.42,230.78,1806.23,3564.71,2.62,149.89,125.37,603.43,3.02,945.29,59.89,507.27
2026-02-15T14:00:00Z,62.95,2004.11,169.87,1195.24,30.10,2573.59,155.97,0.00,65.50,2054.97,169.21,914.47,44.67,2081.21,167.68,552.26,257.89,52.43,95.99,229.36,1799.55,3543.08,2.53,150.53,124.65,605.19,3.34,953.89,59.56,502.23
2026-02-15T14:10:00Z,63.35,1995.53,170.43,1202.66,30.06,2579.44,155.28,0.00,65.82,2059.06,168.53,919.65,44.22,2088.67,167.46,526.75,259.14,54.03,95.40,234.10,1803.81,3536.25,2.27,149.89,123.34,607.09,3.25,946.95,60.29,514.00
2026-02-15T14:20:00Z,63.02,1994.18,170.41,1192.38,29.66,2588.37,155.40,0.00,65.59,2070.73,168.19,920.53,44.41,2095.51,167.78,537.19,258.20,54.47,95.32,235.80,1805.48,3546.35,2.42,149.98,123.00,606.41,2.76,945.97,59.29,508.25
2026-02-15T14:30:00Z,62.43,1997.31,170.77,1190.12,29.60,2589.94,155.50,0.00,65.30,2067.95,168.19,920.55,44.68,2088.29,167.87,542.87,251.44,53.66,95.47,228.09,1808.92,3559.90,2.62,148.36,120.66,605.52,3.14,961.47,59.41,510.61
2026-02-15T14:40:00Z,63.07,2010.58,170.79,1176.20,29.41,2587.24,155.79,0.00,65.12,2072.59,168.48,915.29,44.91,2082.71,167.65,545.38,256.28,53.07,94.61,229.87,1806.11,3563.85,2.57,148.82,124.43,606.08,2.60,956.21,60.79,503.30
2026-02-15T14:50:00Z,63.02,2009.06,170.41,1175.84,29.37,2575.06,155.34,0.00,65.27,2069.81,168.72,922.62,44.91,2079.92,167.89,547.15,258.74,55.17,94.89,231.73,1805.85,3551.58,2.85,150.59,123.03,603.14,2.84,947.36,60.60,504.03
2026-02-15T15:00:00Z,62.91,2003.08,169.71,1173.23,29.41,2586.31,156.02,0.00,65.50,2068.01,168.46,914.67,44.81,2081.16,168.30,551.19,260.73,54.14,94.45,234.73,1809.19,3569.01,2.67,150.09,125.34,606.27,2.82,947.80,61.24,498.51
2026-02-15T15:10:00Z,62.88,2001.89,169.38,1182.99,29.61,2585.49,156.60,0.00,66.11,2055.54,168.02,907.79,45.25,2081.11,168.24,555.57,260.57,56.03,94.45,235.26,1808.85,3537.69,2.48,149.52,122.12,603.79,3.10,955.28,59.83,508.62
2026-02-15T15:20:00Z,62.91,2004.26,169.92,1172.43,29.49,2579.56,156.18,0.00,66.38,2043.60,168.86,927.89,44.75,2084.14,168.85,559.73,263.19,56.68,95.21,236.40,1819.16,3547.16,2.47,150.30,126.85,610.71,3.23,956.15,59.23,513.87
2026-02-15T15:30:00Z,62.89,1994.63,171.01,1176.17,29.40,2587.03,156.67,0.00,66.61,2044.84,168.11,921.87,44.90,2080.13,168.37,553.00,258.00,53.34,94.92,231.95,1817.04,3560.22,2.66,152.26,124.14,605.92,3.09,958.69,59.35,499.38
2026-02-15T15:40:00Z,63.20,1989.33,170.48,1170.13,29.48,2594.18,156.24,0.00,66.21,2037.40,169.38,945.88,45.13,2068.50,168.28,556.62,260.79,53.93,95.20,237.76,1813.50,3548.17,2.26,150.05,124.81,604.43,2.90,955.54,60.51,499.40
2026-02-15T15:50:00Z,63.13,1999.74,170.86,1202.94,29.63,2582.90,156.03,0.00,66.55,2027.87,169.76,969.01,44.76,2072.05,169.04,538.82,264.59,55.81,94.53,240.59,1816.30,3558.08,2.47,151.35,127.14,609.29,3.01,959.09,61.72,517.51
2026-02-15T16:00:00Z,63.33,1998.20,171.23,1186.23,30.04,2578.85,156.03,0.00,66.45,2033.48,169.55,967.72,45.03,2073.90,168.72,527.67,264.60,55.10,95.21,237.78,1815.86,3542.85,2.63,150.22,129.26,611.18,2.91,957.50,60.60,515.17
2026-02-15T16:10:00Z,63.08,1995.14,170.83,1181.86,30.10,2578.30,155.42,0.00,66.77,2030.80,169.12,971.65,45.45,2069.64,168.67,549.03,266.51,52.36,94.45,239.44,1801.48,3551.25,3.03,149.55,127.02,611.21,3.02,951.95,61.24,517.69
2026-02-15T16:20:00Z,63.15,1999.62,169.97,1180.33,29.99,2581.83,156.04,0.00,66.64,2038.26,168.82,955.05,45.27,2071.92,168.56,555.04,263.46,54.41,94.53,236.51,1810.36,3549.13,2.57,150.27,126.75,608.04,2.78,950.59,60.67,508.18
2026-02-15T16:30:00Z,63.46,1992.49,170.46,1203.18,29.73,2577.42,155.95,0.00,66.56,2040.06,169.53,954.29,45.55,2066.69,168.56,570.64,269.42,54.73,95.12,239.60,1804.50,3554.13,2.55,148.56,129.11,610.58,3.26,958.53,60.87,515.97
2026-02-15T16:40:00Z,63.65,1978.93,,1208.47,29.82,2583.00,156.58,0.00,66.44,2040.06,169.21,963.22,45.85,2056.44,169.20,568.70,265.42,55.19,96.58,239.93,1824.14,3548.05,2.80,151.49,127.15,612.13,3.17,960.36,60.17,514.52
2026-02-15T16:50:00Z,63.73,1972.38,171.18,1209.21,29.06,2588.05,156.32,0.00,66.69,2032.25,170.34,966.66,45.73,2064.66,169.30,571.74,264.04,55.02,95.48,235.54,1812.07,3539.91,2.54,147.88,128.08,611.70,2.77,953.52,59.82,500.94
2026-02-15T17:00:00Z,64.29,1966.61,171.64,1220.25,29.21,2597.32,156.29,0.00,67.06,2032.22,170.85,963.61,45.77,2058.88,170.09,588.08,269.41,58.32,95.75,245.24,1820.24,3554.04,2.47,151.23,130.24,613.59,3.19,959.59,60.39,513.99
2026-02-15T17:10:00Z,64.66,1967.94,171.49,1232.45,29.28,2593.95,156.27,0.00,67.18,2017.84,170.51,968.69,45.58,2056.03,169.13,582.38,269.38,57.90,96.24,240.91,1821.00,3545.01,2.57,149.33,128.83,609.99,2.77,961.19,60.88,504.05
2026-02-15T17:20:00Z,64.29,1969.56,172.25,1236.57,29.76,2586.52,155.33,0.00,67.21,2014.38,170.76,974.94,45.88,2054.67,169.48,578.13,271.00,57.41,96.12,246.55,1819.97,3559.76,2.37,151.12,130.83,611.94,3.17,957.86,61.65,516.57
2026-02-15T17:30:00Z,64.09,1971.46,172.15,1222.90,30.22,2576.74,155.41,0.00,67.42,2017.44,170.02,967.89,45.74,2056.33,169.56,591.91,270.39,59.02,95.98,244.23,1819.23,3553.82,2.69,151.12,129.86,616.27,2.53,962.31,60.82,513.18
2026-02-15T17:40:00Z,,1970.00,171.53,1208.62,30.57,2566.37,155.84,0.00,67.47,2011.97,170.36,995.65,45.83,2057.77,169.54,581.05,268.31,58.93,95.41,239.62,1811.51,3545.64,2.44,150.62,130.73,623.31,3.17,955.06,60.24,518.64
2026-02-15T17:50:00Z,64.01,1975.47,171.49,1213.49,30.45,2565.54,155.49,0.00,67.28,2024.61,170.83,989.25,45.63,2067.92,169.07,577.91,265.22,57.14,95.15,238.63,1817.02,3558.53,2.64,150.96,127.23,610.16,3.41,958.58,59.83,502.70
2026-02-15T18:00:00Z,64.10,1979.65,171.05,1213.48,30.33,2561.86,154.72,0.00,67.19,2019.23,170.43,983.02,45.09,2069.89,169.23,567.26,265.23,57.06,95.54,239.81,1810.07,3563.29,2.47,151.34,125.39,601.41,2.76,956.01,59.45,508.33
2026-02-15T18:10:00Z,64.06,1968.04,171.58,1221.19,30.37,2570.22,155.49,0.00,67.37,2019.18,170.62,985.83,45.51,2054.01,167.83,575.04,267.55,55.13,96.22,240.35,1816.59,3560.97,2.44,151.77,130.42,607.29,3.19,954.82,60.70,510.36
2026-02-15T18:20:00Z,64.12,1960.72,171.94,1245.07,29.56,2572.78,155.96,0.00,67.09,2016.55,170.58,984.91,45.42,2058.99,168.01,579.93,269.93,56.38,96.25,244.38,1816.95,3554.86,2.48,151.16,131.44,614.77,2.54,956.80,60.22,506.58
2026-02-15T18:30:00Z,64.32,1969.99,171.18,1242.88,29.28,2592.61,156.26,0.00,67.12,2019.29,170.18,984.57,45.12,2057.17,168.46,589.59,269.18,57.96,95.69,243.41,1817.21,3551.79,2.60,150.42,128.71,605.34,3.38,961.73,59.81,508.32
2026-02-15T18:40:00Z,64.16,1979.43,171.38,1221.37,29.23,2595.74,156.77,0.00,67.13,2031.31,169.48,966.17,45.08,2068.53,168.89,587.17,267.57,57.45,96.05,237.22,1822.07,3551.38,2.47,149.44,128.07,619.44,2.98,962.94,61.68,514.98
2026-02-15T18:50:00Z,63.92,1979.95,171.11,1228.33,29.19,2598.98,156.25,0.00,67.02,2032.22,170.16,958.61,45.02,2075.78,169.28,577.21,268.65,57.30,96.22,238.31,1808.84,3545.93,2.52,149.56,129.52,613.07,3.14,956.65,62.04,508.06
2026-02-15T19:00:00Z,63.70,1992.43,171.09,1227.33,29.07,2601.86,155.72,0.00,66.98,2029.79,170.36,969.37,44.73,2076.47,169.56,554.00,266.44,56.96,95.69,240.30,1818.05,3555.80,2.30,151.79,126.02,610.69,2.78,955.55,61.75,511.15
2026-02-15T19:10:00Z,63.50,1981.22,171.28,1226.48,29.16,2592.83,156.67,0.00,67.10,2025.54,170.33,967.73,44.54,2084.92,169.21,551.70,268.58,56.88,96.52,245.21,1816.74,3546.00,2.57,149.14,128.92,615.32,2.75,961.91,60.31,513.55
2026-02-15T19:20:00Z,63.37,1981.82,172.55,1216.41,29.68,2585.19,155.95,0.00,67.08,2027.43,170.49,977.72,44.23,2087.48,168.53,556.97,265.48,57.10,96.96,237.35,1808.73,3537.46,2.46,150.77,126.33,604.73,2.94,953.53,59.64,503.07
2026-02-15T19:30:00Z,63.55,1985.45,171.83,1216.38,29.92,2584.41,156.83,0.00,67.00,2036.94,170.77,962.63,44.36,2090.79,168.45,535.75,265.26,57.01,97.52,240.62,1814.10,3536.75,2.25,150.69,128.05,610.93,3.00,959.01,58.60,502.95
2026-02-15T19:40:00Z,63.27,1986.00,171.56,1192.57,29.79,2574.81,156.04,0.00,67.17,2023.66,170.90,989.93,,2078.95,168.44,541.35,266.10,57.42,96.66,241.38,1813.07,3556.80,2.51,150.91,130.54,616.73,3.15,962.77,58.11,510.63
2026-02-15T19:50:00Z,63.35,1995.19,171.85,1190.43,29.78,2572.74,156.57,0.00,67.08,2028.42,170.16,978.65,44.18,2082.52,168.72,529.05,262.35,56.52,96.20,234.52,1801.99,3548.33,2.71,148.56,125.10,603.70,2.77,948.86,59.30,499.29
2026-02-15T20:00:00Z,63.24,1990.10,170.71,1187.26,29.78,2575.98,156.26,0.00,67.07,2032.91,170.94,986.43,44.55,2084.10,167.88,534.46,257.42,54.46,96.00,231.54,1802.94,3545.40,2.57,150.79,124.70,606.62,2.91,944.87,59.98,506.77
2026-02-15T20:10:00Z,63.21,1992.50,170.94,1186.88,29.87,2584.93,156.22,0.00,66.86,2032.19,170.98,973.37,44.25,2088.02,168.84,549.14,258.04,53.80,95.49,231.56,1806.85,3553.86,2.71,149.32,124.43,600.33,3.25,957.28,61.61,506.08
2026-02-15T20:20:00Z,63.28,1991.72,170.94,1207.29,29.68,2581.97,156.64,0.00,66.33,2036.44,169.71,978.90,44.43,2086.77,168.78,543.84,265.90,56.69,96.07,240.09,1807.72,3543.32,2.45,150.11,127.07,617.26,2.94,950.35,61.84,514.94
2026-02-15T20:30:00Z,63.62,2002.82,171.86,1202.85,29.75,2586.34,156.41,0.00,66.49,2039.32,169.77,965.81,44.44,2085.95,168.48,530.10,261.65,56.11,96.24,233.54,1802.23,3551.84,2.46,150.51,126.56,604.05,3.14,961.60,60.93,504.77
2026-02-15T20:40:00Z,63.66,2002.46,171.54,,29.64,2604.78,156.58,0.00,66.04,2031.89,169.06,949.54,43.94,,167.86,524.79,265.87,58.06,95.54,241.37,1811.05,3538.15,2.76,149.02,127.30,605.72,3.05,952.78,61.21,509.98
2026-02-15T20:50:00Z,63.72,1992.45,171.14,1190.86,29.84,2601.76,155.76,0.00,65.68,2054.56,168.66,935.27,44.18,2086.74,168.18,530.65,264.03,57.65,95.76,234.63,1809.50,3535.43,2.17,149.04,125.99,608.35,3.19,951.69,61.38,500.11
2026-02-15T21:00:00Z,64.02,1976.38,170.50,1198.40,29.80,2591.64,155.31,0.00,65.73,2051.00,169.86,919.84,44.46,2082.34,167.93,537.01,265.08,58.09,95.81,236.75,1816.44,3555.68,2.56,151.26,126.86,610.34,2.96,954.61,60.59,504.21
2026-02-15T21:10:00Z,64.31,1969.06,170.48,1219.88,30.09,2586.79,155.16,0.00,65.84,2038.80,170.00,927.17,44.36,2080.02,168.16,539.32,261.86,57.45,96.06,234.56,1813.26,3541.88,2.36,151.26,127.07,599.37,3.24,955.86,59.99,505.07
2026-02-15T21:20:00Z,64.25,1971.26,170.87,1221.15,30.02,2583.72,155.50,0.00,66.05,2040.77,169.72,909.73,44.44,2084.33,168.38,542.54,265.29,54.93,95.68,236.01,1811.90,3541.24,2.62,151.43,125.90,609.83,3.00,954.32,60.62,506.26
2026-02-15T21:30:00Z,64.50,1962.29,170.54,1223.06,29.85,2580.12,155.53,0.00,65.81,2045.14,169.56,919.38,44.49,2085.23,168.52,536.71,266.20,53.44,95.57,244.88,1815.03,3542.27,2.44,150.14,126.76,612.83,2.77,965.37,62.11,512.30
2026-02-15T21:40:00Z,64.02,1965.16,171.01,1223.54,29.64,2589.94,155.63,0.00,65.97,2040.40,170.05,938.96,44.03,2095.89,168.61,540.41,267.21,54.04,96.36,240.34,1811.64,3535.30,2.45,148.66,130.36,609.65,2.93,953.23,61.41,496.00
2026-02-15T21:50:00Z,64.38,1973.12,171.25,1224.94,29.68,2593.64,156.59,0.00,65.80,2044.88,169.60,932.89,44.19,2082.16,169.17,544.91,263.17,54.93,97.39,235.99,1807.63,3550.32,2.55,148.49,127.83,616.40,2.82,954.84,59.54,515.80
2026-02-15T22:00:00Z,64.27,1972.30,171.42,1216.55,29.89,2585.30,156.13,0.00,65.40,2059.73,169.55,932.06,44.40,2091.06,168.79,545.21,261.84,53.81,96.79,237.51,1809.98,3538.29,2.30,151.35,125.35,604.21,3.53,957.49,60.41,513.93
2026-02-15T22:10:00Z,64.39,1972.84,171.60,1215.91,29.99,2583.03,156.31,0.00,65.72,2056.43,169.17,924.45,44.38,2098.96,168.68,533.84,262.28,54.56,97.01,235.61,1806.08,3550.89,2.62,150.66,125.46,607.51,2.93,953.36,60.13,499.93
2026-02-15T22:20:00Z,64.33,1971.92,170.54,1225.93,30.35,2566.66,156.03,0.00,66.13,2049.29,168.04,919.95,44.27,2106.40,168.62,531.54,257.66,56.32,95.94,233.94,1811.37,3548.94,2.67,150.87,125.44,607.06,2.90,954.06,59.62,510.92
2026-02-15T22:30:00Z,64.25,1963.34,171.77,1223.02,30.46,2556.22,155.55,0.00,66.48,2047.59,167.64,924.01,44.33,2092.52,168.69,526.33,257.20,55.76,94.70,235.39,1802.72,3553.26,2.47,150.95,122.40,608.81,3.03,954.49,59.34,502.09
2026-02-15T22:40:00Z,64.18,1960.60,171.57,1250.34,30.69,2554.12,156.52,0.00,66.39,2055.85,168.11,924.98,44.58,2093.20,168.73,530.86,259.37,53.66,95.48,233.16,1811.93,3555.65,2.61,151.10,124.51,609.09,3.07,957.25,60.08,519.94
2026-02-15T22:50:00Z,64.20,1968.09,171.90,1247.88,30.77,2555.72,156.55,0.00,66.55,2037.65,167.94,927.46,44.60,2092.82,168.19,527.95,261.87,54.73,95.55,236.67,1814.96,3551.32,2.80,147.71,124.89,605.94,3.10,959.86,59.88,504.28
2026-02-15T23:00:00Z,63.88,1971.86,172.42,1222.97,30.69,2560.99,156.25,0.00,,2023.62,168.25,942.90,44.51,2090.80,167.74,544.53,263.51,55.55,95.94,239.29,1824.87,3564.61,2.18,151.16,127.45,608.95,3.21,962.13,61.03,505.70
2026-02-15T23:10:00Z,63.99,1978.54,171.70,1214.46,30.43,2563.85,155.83,0.00,66.80,2028.67,169.06,957.65,44.32,2086.49,168.19,541.98,262.41,55.53,96.37,235.73,1810.92,3537.43,2.53,149.66,124.15,603.76,2.72,957.81,61.10,495.56
2026-02-15T23:20:00Z,64.22,1962.16,171.16,1218.00,30.57,2558.91,155.90,0.00,66.81,2034.26,168.69,946.84,44.59,2084.59,168.85,551.95,257.64,55.83,96.59,229.63,1807.40,3555.44,2.71,149.72,125.60,605.06,3.09,962.28,61.80,507.57
2026-02-15T23:30:00Z,63.93,1975.73,171.41,1219.23,30.47,2555.49,156.14,0.00,66.89,2028.04,169.07,947.22,44.76,2077.33,169.36,548.75,262.00,54.23,96.94,234.66,1808.72,3551.69,2.31,151.73,122.73,600.29,3.24,957.06,61.39,493.44
2026-02-15T23:40:00Z,63.69,1974.36,171.41,1213.16,30.66,2559.19,156.11,0.00,67.48,2024.18,169.69,955.31,44.83,2077.38,169.21,559.44,264.94,54.01,95.71,239.13,1814.82,3552.39,2.53,150.97,127.44,616.18,3.05,963.61,61.91,521.72
2026-02-15T23:50:00Z,63.70,1987.56,171.62,1204.18,30.63,2545.11,156.01,0.00,67.28,2013.53,169.91,964.54,45.00,2078.42,168.65,558.51,261.64,55.62,96.48,233.24,1813.49,3547.84,2.39,151.18,124.45,600.01,3.07,958.78,60.10,511.19
2026-02-16T00:00:00Z,63.82,1996.36,170.80,1201.82,30.54,2555.91,155.11,0.00,67.60,2000.79,170.74,984.56,44.98,2070.81,168.21,562.17,264.04,57.73,97.23,241.94,1819.77,3544.51,2.34,147.49,126.08,605.57,3.14,962.13,60.79,508.61
2026-02-16T00:10:00Z,63.59,1993.73,171.28,1201.71,30.66,2544.82,155.13,0.00,67.44,1997.81,170.93,983.18,45.08,2067.42,168.70,556.92,264.47,56.18,96.32,242.64,1815.25,3549.96,2.55,151.27,127.31,612.17,3.20,960.99,60.22,516.12
2026-02-16T00:20:00Z,63.75,1979.75,171.83,1210.35,30.83,2542.88,155.08,0.00,66.99,2020.80,170.38,981.51,45.12,2074.80,168.18,548.20,261.65,55.50,96.35,239.43,1813.94,3547.84,2.69,151.22,125.74,609.17,3.01,959.98,60.61,513.16
2026-02-16T00:30:00Z,63.66,1979.08,172.20,1199.49,30.57,2558.75,155.33,0.00,66.75,2016.12,170.04,964.55,45.48,2057.76,168.06,561.44,266.73,56.92,96.13,238.66,1812.22,3538.12,2.74,151.66,126.45,609.88,3.16,958.90,60.74,511.67
2026-02-16T00:40:00Z,63.82,1981.53,171.58,1232.19,30.64,2563.99,154.68,0.00,66.69,2026.89,169.98,953.17,45.44,2066.90,168.58,577.54,264.61,56.78,96.11,237.25,1823.77,3542.28,2.37,149.82,127.68,613.96,2.94,960.36,60.40,505.86
2026-02-16T00:50:00Z,63.28,1986.33,171.35,1221.58,30.59,2564.13,155.63,0.00,66.91,2028.18,170.04,949.14,45.42,2058.26,168.53,575.00,266.26,56.22,95.61,239.38,1816.90,3554.98,2.52,150.43,129.20,611.14,3.35,956.29,62.63,512.94
2026-02-16T01:00:00Z,63.12,1993.72,171.02,1213.42,30.61,2561.79,156.28,0.00,67.21,2026.75,168.69,962.32,45.54,2064.32,168.49,565.52,264.65,54.81,95.85,237.95,1809.79,3535.48,2.79,150.86,123.35,604.34,3.27,956.72,61.66,500.22
2026-02-16T01:10:00Z,62.93,1995.64,171.32,1201.75,30.33,2566.12,155.69,0.00,66.80,2027.61,169.95,972.77,45.57,2064.25,168.59,570.47,263.67,55.51,95.82,236.56,1811.56,3547.78,2.28,152.33,129.05,609.69,2.78,955.02,,502.80
2026-02-16T01:20:00Z,63.46,1988.96,170.45,1187.60,30.13,2568.64,155.97,0.00,66.66,2040.51,169.57,955.62,45.24,2056.10,168.27,573.71,267.65,54.95,96.13,241.47,1819.12,3544.57,2.51,149.23,129.34,602.99,2.80,951.53,61.70,497.04
2026-02-16T01:30:00Z,62.72,1997.24,169.99,1165.94,30.42,2568.94,155.95,0.00,66.60,2035.61,169.11,954.83,45.11,2075.56,167.97,548.53,259.65,54.18,96.01,234.83,1805.55,3543.08,2.74,149.61,124.99,599.17,2.78,951.32,60.17,495.92
2026-02-16T01:40:00Z,62.66,1998.97,170.18,1168.50,30.78,2554.45,156.27,0.00,67.03,2033.70,169.08,961.49,45.03,2068.65,168.61,561.53,261.28,54.94,96.31,235.91,1812.45,3554.07,2.49,150.64,125.38,608.35,2.96,958.02,61.28,509.84
2026-02-16T01:50:00Z,62.64,2011.66,170.28,1169.49,30.81,2566.16,156.89,0.00,66.13,2034.11,170.12,960.62,44.60,2068.67,169.36,549.61,263.50,53.87,96.29,235.22,1806.60,3555.82,2.29,150.11,125.43,605.67,2.98,948.61,58.95,501.81
2026-02-16T02:00:00Z,62.92,2002.18,170.52,1194.44,30.87,2563.95,156.32,0.00,66.07,2050.80,169.29,947.66,44.53,2080.88,169.25,562.61,262.46,54.42,96.26,236.90,1814.10,3546.34,2.66,152.73,127.34,606.11,3.03,955.55,59.53,501.50
2026-02-16T02:10:00Z,63.08,1998.93,170.70,1202.64,31.01,2554.89,155.90,0.00,66.17,2047.85,169.83,948.90,44.41,2085.83,169.56,567.28,261.63,55.42,95.80,233.92,1810.61,3537.17,2.87,150.46,126.00,608.80,3.13,946.21,59.05,517.30
2026-02-16T02:20:00Z,63.53,1990.28,170.76,1197.27,31.07,2547.10,155.53,0.00,66.23,2052.22,169.01,943.10,44.17,2095.72,168.24,553.89,261.49,55.05,96.22,236.81,1807.86,3548.81,2.51,150.75,127.59,608.98,2.94,959.12,60.42,509.53
2026-02-16T02:30:00Z,63.29,1989.55,170.76,1194.33,30.98,2551.60,155.82,0.00,66.10,2053.45,169.25,933.13,44.15,2087.45,168.22,549.57,261.37,54.51,95.15,235.47,1817.58,3561.51,2.33,150.16,125.41,603.06,3.11,958.47,59.33,495.05
2026-02-16T02:40:00Z,63.20,1991.87,170.34,1181.16,30.77,2561.06,156.38,0.00,65.96,2056.77,169.15,918.63,44.24,2104.36,167.56,537.92,261.24,55.15,95.21,231.68,1805.59,3552.47,2.56,150.07,124.47,604.76,2.76,956.27,58.36,514.92
2026-02-16T02:50:00Z,63.10,1998.45,171.26,1192.70,30.68,2557.33,156.20,0.00,65.53,2055.96,168.38,921.83,44.55,2087.06,167.18,515.93,263.37,54.30,94.74,235.97,1808.45,3548.04,2.71,150.14,130.80,612.09,2.94,947.03,58.19,518.33
2026-02-16T03:00:00Z,63.24,1996.02,170.35,1194.77,30.92,2545.78,156.83,0.00,65.85,2053.66,168.94,920.62,44.18,2099.48,167.63,515.37,261.24,54.71,95.23,239.85,1810.67,3537.63,2.68,148.75,127.24,609.47,3.19,951.63,58.35,519.00
2026-02-16T03:10:00Z,63.14,2000.28,170.84,1197.89,30.80,2551.07,157.04,0.00,65.80,2060.76,168.78,921.39,44.52,2087.18,167.60,531.91,263.71,56.77,96.09,231.17,1807.49,3565.12,2.36,150.52,129.88,623.78,3.02,952.59,60.78,510.80
2026-02-16T03:20:00Z,63.29,1988.28,171.00,1198.69,30.58,2552.84,156.19,0.00,66.05,2057.22,168.91,931.19,44.57,2084.27,167.46,536.91,261.25,56.78,95.53,237.70,1811.27,3532.60,2.27,150.69,126.54,608.38,2.93,955.89,60.74,508.61
2026-02-16T03:30:00Z,63.47,1986.94,170.61,1188.29,30.63,2545.01,156.46,0.00,65.96,2049.22,168.86,931.46,44.67,2093.07,168.28,532.35,262.77,56.41,94.68,236.37,1805.50,3541.13,2.36,149.87,128.26,611.02,3.20,955.51,60.86,510.88
2026-02-16T03:40:00Z,63.66,1983.34,170.50,1194.11,30.59,2560.73,155.74,0.00,66.22,2049.64,169.48,946.30,44.63,2088.90,168.53,537.28,264.89,56.96,95.45,237.40,1807.45,3554.05,2.55,150.97,130.12,609.94,3.13,952.22,59.75,499.11
2026-02-16T03:50:00Z,63.58,1976.49,170.69,1209.96,30.90,2567.29,155.48,0.00,66.09,2045.36,170.12,939.84,44.66,2087.97,168.36,547.20,263.25,54.67,95.20,234.56,1814.99,3556.04,2.45,152.10,126.43,606.42,3.04,959.31,60.74,509.82
2026-02-16T04:00:00Z,63.64,1985.15,170.68,1189.30,30.79,2545.30,155.47,0.00,66.22,2048.20,169.31,947.55,44.64,2078.26,168.74,543.83,258.05,54.80,95.04,230.56,1801.42,3540.09,2.37,150.80,123.63,607.64,3.00,954.21,60.29,505.88
2026-02-16T04:10:00Z,63.55,1984.10,170.55,1197.76,31.02,2549.93,156.43,0.00,65.99,2053.03,168.89,932.25,44.68,2083.75,168.75,540.04,255.76,54.35,95.48,232.66,1803.56,3545.48,2.41,149.22,122.73,600.70,3.18,955.04,60.85,499.68
2026-02-16T04:20:00Z,63.71,1980.25,171.59,1185.85,30.82,2544.89,156.29,0.00,66.31,2048.88,168.93,938.68,44.84,2089.68,168.08,536.83,254.93,55.33,95.07,231.28,1800.77,3534.02,2.35,150.97,122.82,605.74,2.94,954.41,59.01,498.00
2026-02-16T04:30:00Z,63.57,1999.10,171.15,1184.56,30.83,2550.04,156.38,0.00,66.28,2041.61,169.03,941.47,44.55,2091.39,169.01,546.67,257.85,54.67,95.59,232.01,1818.90,3545.44,2.53,150.05,122.34,605.85,2.84,961.68,59.06,507.30
2026-02-16T04:40:00Z,63.92,1977.19,172.09,1191.20,31.05,2544.21,156.76,0.00,65.83,2037.15,169.86,944.37,44.78,2091.47,168.45,554.63,255.93,55.51,96.12,234.64,1821.38,3563.84,2.53,150.88,121.01,603.44,3.03,950.20,59.40,486.07
2026-02-16T04:50:00Z,63.87,1977.22,171.36,1201.82,31.05,2550.65,156.62,0.00,66.05,2045.72,169.80,945.44,44.81,2080.63,168.61,545.83,265.06,54.42,96.23,238.21,1806.48,3543.59,2.59,150.19,128.17,607.01,2.85,952.58,59.55,504.68
2026-02-16T05:00:00Z,64.06,1975.61,170.92,1222.71,31.43,2551.43,156.32,0.00,65.82,2049.88,169.76,953.24,44.79,2087.74,168.60,554.38,263.67,54.35,95.99,237.44,1807.94,3543.39,2.23,149.49,127.40,606.96,3.27,953.22,60.87,499.56
2026-02-16T05:10:00Z,64.05,1974.73,,1205.55,31.41,2540.91,155.56,0.00,65.66,2046.11,170.04,931.76,44.79,2078.06,169.17,556.94,273.08,53.61,95.94,244.93,1812.97,3554.45,2.50,150.26,134.67,618.25,2.90,961.09,58.95,526.97
2026-02-16T05:20:00Z,64.36,1978.05,170.57,1214.71,31.88,2532.46,155.66,0.00,65.67,2056.56,169.94,935.64,44.32,2081.67,168.66,548.94,269.27,56.21,96.38,243.44,1826.42,3573.12,2.54,150.69,130.18,614.43,2.83,962.89,59.33,523.57
2026-02-16T05:30:00Z,64.78,1962.15,171.00,1228.69,32.05,2513.21,156.31,2.49,65.66,2050.20,169.57,950.20,43.82,2093.90,168.34,538.16,269.20,54.25,96.27,242.74,1804.40,3540.20,2.86,150.91,127.82,609.47,2.90,,58.94,508.42
2026-02-16T05:40:00Z,64.86,1951.80,170.71,1234.92,31.87,2526.95,155.74,0.00,65.90,2048.72,169.45,956.65,43.97,2092.82,168.12,521.18,266.35,54.82,96.10,237.22,1817.10,3548.05,2.57,151.08,127.84,607.28,2.89,951.46,60.01,504.36
2026-02-16T05:50:00Z,65.21,1953.88,170.89,1237.58,31.95,2531.91,156.39,0.00,66.10,2037.98,168.72,933.64,43.95,2093.97,168.04,522.92,262.10,57.54,95.45,237.61,1805.58,3547.56,2.27,151.21,126.98,607.93,3.16,958.96,59.58,509.58
2026-02-16T06:00:00Z,65.01,1961.99,172.08,1251.92,31.99,2523.45,156.41,0.00,65.84,2031.96,168.72,934.01,44.59,2084.89,168.02,524.12,261.45,56.31,94.94,233.42,1811.22,3554.55,2.32,150.01,126.11,605.69,3.04,951.45,60.06,511.93
2026-02-16T06:10:00Z,65.07,1954.18,172.10,1256.71,31.31,2538.79,156.61,0.00,65.69,2046.82,168.69,933.65,44.48,2089.51,168.05,529.62,261.03,55.90,95.73,233.67,1810.29,3558.80,2.52,152.12,126.86,609.99,3.02,962.38,60.53,500.90
2026-02-16T06:20:00Z,65.18,1949.24,171.84,1265.62,30.88,2554.66,156.56,0.00,65.57,2049.68,168.79,918.42,44.58,2096.92,168.21,534.48,263.25,53.07,96.60,235.17,1796.90,3544.16,2.62,150.51,126.04,607.26,2.85,954.25,59.75,498.73
2026-02-16T06:30:00Z,65.33,1950.68,172.56,1246.14,30.79,2556.65,157.05,0.00,65.83,2048.71,168.73,930.67,44.56,2089.97,167.92,530.01,263.98,55.41,96.41,238.42,1816.62,3549.62,2.41,150.68,128.12,606.17,2.49,950.38,60.00,510.82
2026-02-16T06:40:00Z,64.89,1946.44,172.07,1246.10,30.79,2548.14,156.38,0.00,66.06,2040.00,169.23,933.81,44.68,2082.56,167.52,534.19,267.58,55.55,96.17,240.28,1818.30,3550.21,2.41,149.17,128.30,610.69,2.50,953.84,59.63,518.03
2026-02-16T06:50:00Z,65.26,1937.10,172.15,1266.76,30.95,2556.38,155.91,0.00,66.01,2044.21,170.17,924.07,44.88,2080.84,168.02,529.66,266.25,55.27,95.46,240.86,1817.54,3548.25,2.23,149.59,129.57,609.24,2.66,962.50,59.42,506.03
2026-02-16T07:00:00Z,65.14,1939.80,172.26,1267.75,30.70,2564.62,155.84,0.00,66.11,2051.93,169.81,925.15,45.18,2068.73,167.90,540.03,266.28,54.09,96.41,238.82,1809.77,3537.99,2.57,152.73,127.34,605.07,3.25,957.21,58.30,510.03
2026-02-16T07:10:00Z,64.75,1944.17,171.54,1265.77,30.58,2573.14,155.53,0.00,66.02,2049.67,169.67,923.25,45.04,2064.75,169.11,561.45,270.21,55.30,96.43,244.36,1821.74,3546.07,2.70,150.56,131.01,611.59,2.96,960.27,59.41,509.41
2026-02-16T07:20:00Z,64.25,1966.85,171.61,1241.28,30.43,2575.64,155.77,0.00,66.08,2045.24,169.36,939.55,44.87,2069.17,168.69,554.12,264.83,55.03,96.19,237.73,1814.09,3551.88,2.63,150.57,128.64,612.04,3.23,956.25,59.74,503.47
2026-02-16T07:30:00Z,64.73,1955.07,171.37,1259.11,30.19,2575.76,156.93,0.00,66.44,2040.25,169.11,948.05,44.43,2091.60,168.88,548.12,266.12,55.01,94.95,238.78,1805.66,3550.14,2.50,149.71,124.85,610.16,2.96,957.59,59.88,506.55
2026-02-16T07:40:00Z,64.45,1968.66,171.36,1248.50,30.36,2571.64,156.62,0.00,66.26,2033.97,169.05,955.13,44.47,2088.14,167.92,537.78,261.72,54.67,94.90,235.95,1810.39,3549.46,2.74,151.04,124.23,605.40,2.81,951.69,60.00,512.14
2026-02-16T07:50:00Z,64.24,1969.63,172.06,1247.53,30.80,2557.42,156.70,0.00,66.18,2044.85,170.05,941.26,44.29,2093.30,167.72,533.93,263.45,55.39,94.89,236.52,1817.50,3556.75,2.41,150.14,126.53,606.26,3.18,959.90,60.40,504.15
2026-02-16T08:00:00Z,64.21,1966.39,172.37,1237.31,30.39,2557.45,157.33,0.00,66.37,2043.24,169.90,933.95,44.24,2096.26,167.63,521.63,263.81,55.70,95.85,238.52,1804.77,3533.79,2.57,149.04,126.80,609.06,3.37,945.18,61.29,498.03
2026-02-16T08:10:00Z,64.50,1952.07,172.30,1231.09,30.50,2569.72,156.86,0.00,66.32,2050.96,169.16,940.68,44.55,2087.64,168.47,517.51,262.02,55.44,96.30,234.27,1809.68,3536.50,2.70,151.05,124.70,607.60,2.93,963.42,61.08,501.82
2026-02-16T08:20:00Z,64.45,1965.97,172.69,1223.34,30.35,2565.39,156.68,0.00,66.18,2039.93,169.20,934.23,43.98,2079.83,167.83,528.56,261.37,56.14,96.17,232.88,1803.95,3538.09,2.54,148.75,124.87,612.59,3.30,954.73,60.51,512.46
2026-02-16T08:30:00Z,64.31,1960.43,172.55,1238.68,30.46,2564.54,156.71,0.00,66.32,2049.26,169.38,930.10,44.04,2094.44,167.91,530.06,260.53,57.34,95.87,236.17,1808.71,3545.16,2.47,150.27,126.96,604.29,2.94,954.94,59.51,495.29
2026-02-16T08:40:00Z,64.33,1953.96,171.95,1239.39,31.10,2549.43,156.50,0.00,66.16,2052.20,169.45,934.90,43.63,2105.84,168.57,526.38,267.84,54.68,95.93,238.08,1810.69,3545.26,2.49,151.02,131.03,618.56,2.86,960.71,59.88,508.94
2026-02-16T08:50:00Z,64.03,1975.60,171.68,1227.01,31.42,2534.41,156.58,0.00,66.02,2036.14,169.68,941.34,43.84,2099.68,167.89,522.45,265.27,55.46,95.12,235.28,1807.42,3557.38,2.56,150.00,126.67,609.84,3.17,957.11,59.98,506.64
2026-02-16T09:00:00Z,63.93,1980.76,171.86,1224.66,31.41,2538.39,156.68,0.00,66.01,2047.60,170.22,936.87,43.58,2111.28,168.25,523.28,264.76,52.96,95.67,236.39,1812.73,3535.01,2.62,150.06,127.82,613.32,2.88,955.00,58.46,520.98
2026-02-16T09:10:00Z,63.81,1990.28,171.43,1200.49,,2543.71,156.86,0.00,66.13,2043.16,170.25,937.55,43.44,2113.72,168.07,524.72,264.14,53.78,96.14,239.50,1818.46,3551.82,2.54,149.79,126.26,612.92,2.93,962.09,58.76,504.88
2026-02-16T09:20:00Z,63.83,1983.13,171.08,1207.49,31.07,2543.23,155.72,0.00,65.91,2043.14,170.29,930.61,43.37,2115.63,166.93,494.50,254.51,52.83,95.94,228.51,1807.20,3550.03,2.43,148.40,122.09,604.80,2.53,957.26,61.95,503.08
2026-02-16T09:30:00Z,63.82,1975.19,170.59,1218.92,31.43,2537.21,156.10,0.00,65.93,2046.10,170.45,936.02,43.45,2119.30,167.07,499.81,252.80,51.92,95.46,226.66,1798.49,3551.43,2.54,150.69,120.12,604.67,2.82,957.37,60.05,497.67
2026-02-16T09:40:00Z,63.45,1987.71,171.04,1218.24,31.68,2536.52,156.83,0.00,66.11,2045.06,169.43,931.19,43.05,2126.23,167.38,495.62,259.51,53.48,95.24,234.81,1806.55,3553.80,2.54,148.76,125.21,612.76,2.95,963.74,60.20,505.92
2026-02-16T09:50:00Z,63.17,1999.90,170.84,1206.13,31.71,2528.48,156.09,0.00,66.07,2062.26,169.22,924.84,43.56,2114.24,166.84,499.20,257.16,54.95,95.12,230.27,1801.96,3569.10,2.46,151.11,122.87,607.40,3.21,945.27,60.09,510.35
2026-02-16T10:00:00Z,63.21,1994.91,171.88,1209.06,31.25,2538.62,156.51,0.00,65.82,2067.74,168.56,914.34,43.62,2116.08,167.11,521.99,256.15,56.35,94.98,232.12,1807.65,3537.31,2.64,147.93,125.60,606.09,3.10,951.65,61.07,500.63
2026-02-16T10:10:00Z,63.06,1995.67,171.04,1203.52,31.45,2539.49,155.98,0.00,65.80,2069.32,168.10,922.84,43.90,2105.83,167.36,525.42,258.12,52.97,95.43,233.20,1810.18,3562.43,2.58,150.67,124.65,607.07,3.06,955.80,60.63,511.20
2026-02-16T10:20:00Z,63.05,1998.54,170.75,1191.33,31.35,2544.57,155.92,0.00,65.57,2063.27,167.91,910.39,44.08,2097.16,168.29,521.56,256.64,51.37,94.97,229.79,1801.73,3538.93,2.19,151.85,126.08,603.67,3.06,954.81,60.05,506.77
2026-02-16T10:30:00Z,62.99,2001.36,170.83,1187.15,31.47,2534.37,156.05,0.00,65.36,2060.52,167.78,899.47,43.76,2102.92,168.05,514.07,263.66,52.92,94.78,240.61,1814.92,3549.34,2.47,149.86,126.91,612.07,2.86,955.24,60.94,515.13
2026-02-16T10:40:00Z,63.27,2000.57,170.38,1194.54,31.30,2539.05,156.30,0.00,65.51,2061.36,167.38,904.20,44.03,2118.03,167.81,514.62,267.03,53.21,94.46,244.09,1822.25,3543.38,2.51,148.73,130.40,615.89,3.09,957.79,60.73,502.16
2026-02-16T10:50:00Z,63.60,1986.10,169.77,1193.15,31.15,2547.74,156.83,0.00,65.45,2058.97,167.50,918.69,43.64,2115.45,166.70,506.82,261.53,54.34,94.77,234.00,1812.50,3535.50,2.55,149.92,127.05,608.25,3.14,953.44,59.29,498.93
2026-02-16T11:00:00Z,63.12,2003.13,170.88,1201.28,30.81,2563.30,156.06,0.00,65.10,2070.95,167.37,900.04,43.77,2104.82,167.32,507.19,261.74,54.16,95.04,235.34,1811.20,3547.70,2.35,149.88,127.60,611.24,2.93,959.19,60.57,508.23
2026-02-16T11:10:00Z,63.11,1991.21,170.40,1198.59,31.05,2556.49,156.14,0.00,64.95,2069.42,167.71,909.26,43.93,2100.55,167.06,513.22,259.17,51.62,95.10,232.99,1802.32,3538.16,2.42,148.04,125.99,606.96,3.05,948.59,60.62,505.25
2026-02-16T11:20:00Z,63.47,1996.27,170.61,1184.22,31.54,2540.07,155.63,0.00,65.11,2077.01,167.84,898.19,43.73,2110.49,166.90,515.14,252.18,50.29,94.82,229.94,1802.80,3563.37,2.35,150.53,121.92,604.54,2.82,946.31,59.24,498.30
2026-02-16T11:30:00Z,63.27,1987.28,170.08,1188.99,31.59,2531.99,155.64,0.00,65.14,2083.95,168.37,902.68,43.45,2119.60,166.95,505.28,258.59,50.87,95.05,235.14,1803.11,3560.29,2.54,150.83,126.16,608.00,2.91,953.61,60.91,496.03
2026-02-16T11:40:00Z,63.12,1988.49,170.52,1189.76,31.87,2525.73,155.90,0.00,65.20,2074.64,168.45,886.06,43.86,2097.77,167.25,509.41,,52.77,95.10,233.89,1807.99,3557.01,2.48,149.67,123.57,600.73,3.12,953.54,60.72,504.28
2026-02-16T11:50:00Z,63.33,2003.49,170.44,1186.12,31.29,2532.94,156.00,0.00,65.15,2070.24,168.51,879.43,43.61,2106.23,167.33,514.45,256.02,52.69,95.16,230.19,1807.08,3545.49,2.60,149.84,123.09,603.53,3.07,953.76,61.50,508.55
2026-02-16T12:00:00Z,63.12,2000.70,170.18,1186.42,31.64,2541.22,155.84,0.00,65.32,2068.64,168.59,897.48,43.27,2119.54,167.52,516.61,257.58,53.06,95.17,230.93,1801.52,3555.59,2.63,151.00,122.63,602.07,2.95,954.60,62.21,492.79
2026-02-16T12:10:00Z,63.27,1996.34,170.51,1199.95,31.61,2537.97,155.54,13.20,65.27,2067.67,168.48,910.52,43.31,2116.00,167.67,502.49,261.85,51.45,94.77,238.15,1810.57,3548.36,2.53,148.29,125.73,605.49,3.62,956.71,61.49,502.91
2026-02-16T12:20:00Z,63.03,1995.38,170.56,1197.16,31.53,2542.62,155.56,0.00,65.76,2055.13,168.93,932.91,43.35,2111.33,167.44,486.99,264.09,52.39,94.74,240.64,1816.28,3553.96,2.50,150.76,127.58,616.22,3.07,956.14,61.24,502.41
2026-02-16T12:30:00Z,63.13,1991.66,171.35,1214.22,31.56,2534.93,156.04,0.00,65.20,2069.94,168.89,939.80,43.12,2110.01,167.74,500.35,263.21,53.11,95.53,233.54,1812.47,3537.34,2.26,149.70,127.71,613.12,3.33,952.20,62.20,511.47
2026-02-16T12:40:00Z,,1987.43,171.34,1221.34,31.81,2522.41,156.19,0.00,65.32,2071.70,169.13,911.32,43.11,2113.20,167.80,500.42,262.28,53.01,94.85,237.77,1815.48,3557.84,2.35,149.77,128.13,612.91,3.10,958.09,61.46,525.96
2026-02-16T12:50:00Z,63.59,1985.12,171.06,1208.75,31.65,2527.95,155.65,0.00,65.62,2060.99,169.21,918.88,42.84,2122.01,167.32,491.09,254.68,55.53,95.25,228.98,1799.98,3547.52,2.49,148.59,123.80,600.22,2.85,951.26,59.74,501.06
2026-02-16T13:00:00Z,63.88,1986.56,171.27,1208.60,31.90,2523.09,155.97,0.00,65.95,2058.61,169.76,937.89,42.75,2133.15,167.56,472.27,259.01,52.41,95.07,235.02,1812.82,3551.84,2.45,151.20,122.74,599.99,3.02,961.76,59.07,501.05
2026-02-16T13:10:00Z,63.55,1987.44,171.21,1206.12,31.68,2535.34,156.03,0.00,66.31,2049.32,169.40,936.37,42.86,2132.16,167.18,481.75,257.49,50.63,95.30,232.62,1807.23,3559.85,2.47,150.10,122.10,605.01,2.81,956.97,59.99,502.82
2026-02-16T13:20:00Z,63.49,1981.35,171.44,1194.27,31.91,2525.03,154.75,0.00,66.34,2036.75,169.57,945.73,42.96,2130.41,166.66,469.69,257.31,52.44,95.24,231.37,1806.41,3557.42,2.51,150.58,124.77,602.76,3.21,957.51,59.68,510.25
2026-02-16T13:30:00Z,63.35,1980.22,171.53,1205.68,31.82,2536.24,155.18,0.00,66.24,2043.84,168.94,953.11,42.89,2127.62,167.58,476.97,265.08,56.14,95.49,240.80,1805.79,3550.04,2.54,149.50,128.32,607.82,3.05,953.11,60.51,510.49
2026-02-16T13:40:00Z,63.44,1984.56,171.56,1199.46,31.28,2540.95,155.76,0.00,66.55,2032.90,169.18,955.16,42.87,2127.40,167.62,475.94,262.92,56.00,95.87,236.88,1806.26,3549.88,2.32,151.07,124.32,607.42,3.08,947.17,60.54,503.90
2026-02-16T13:50:00Z,62.98,1997.00,170.79,1190.95,31.36,2547.60,155.81,0.00,66.55,2036.77,169.41,945.29,42.96,2121.82,167.33,468.10,257.38,56.05,96.39,231.43,1804.88,3546.93,2.62,151.31,125.35,603.75,2.69,947.10,60.08,501.67
2026-02-16T14:00:00Z,62.65,2008.22,170.37,1180.12,31.09,2542.24,155.75,0.00,66.32,2042.34,169.47,932.10,42.73,2125.10,167.89,479.38,261.96,56.65,96.03,233.70,1801.97,3549.00,2.37,149.59,128.14,606.07,3.15,948.29,59.79,510.72
2026-02-16T14:10:00Z,62.52,2018.07,170.90,1182.64,31.35,2531.57,155.78,0.00,66.52,2038.06,169.88,939.57,43.00,2130.05,167.23,481.89,257.04,53.26,95.62,228.33,1801.03,3550.56,2.50,148.93,124.48,606.37,2.89,946.36,60.28,517.11
2026-02-16T14:20:00Z,62.33,2011.41,171.06,1178.79,31.38,2532.68,156.16,1.26,66.48,2043.31,169.43,950.88,42.92,2117.04,167.70,494.46,250.43,51.83,95.20,226.71,1796.94,3562.61,2.53,151.21,116.95,603.21,3.09,954.54,60.80,504.25
2026-02-16T14:30:00Z,61.99,2025.78,170.69,1170.58,31.30,2540.28,156.36,0.00,66.52,2033.61,169.61,952.82,42.69,2133.50,168.35,480.40,257.43,52.98,95.23,228.70,1804.70,3566.15,2.42,150.36,124.11,602.69,3.03,953.41,60.26,496.23
2026-02-16T14:40:00Z,61.95,2026.24,170.53,1156.40,31.41,2534.12,156.30,0.00,66.43,2043.60,169.41,935.99,42.84,2118.19,167.74,486.62,252.81,51.83,94.66,225.56,1806.24,3554.63,2.54,150.82,122.72,609.79,2.77,953.29,60.81,505.58
2026-02-16T14:50:00Z,62.07,2013.27,170.76,1163.49,31.25,2546.29,155.99,0.00,66.21,2047.50,168.92,916.59,43.10,2114.99,167.33,491.94,256.32,48.25,94.33,230.84,1800.69,3555.21,2.67,150.23,121.68,606.66,2.82,950.29,60.58,507.65
2026-02-16T15:00:00Z,62.01,2023.80,169.99,1154.38,31.17,2544.98,155.66,0.00,66.42,2041.40,168.69,927.20,42.86,2119.97,167.46,499.40,259.14,50.36,94.39,230.85,1800.50,3552.14,2.59,150.15,128.01,612.99,2.78,953.15,60.93,504.85
2026-02-16T15:10:00Z,62.01,2029.39,170.01,1145.30,31.12,2548.14,156.00,0.00,66.23,,168.43,923.11,42.61,2116.55,166.98,488.05,253.88,51.28,93.77,226.62,1801.32,3546.28,2.24,146.85,122.30,598.76,2.96,953.46,60.75,496.21
2026-02-16T15:20:00Z,62.18,2033.05,169.93,1143.44,31.63,2547.71,155.33,0.00,66.51,2034.79,169.10,945.20,43.08,2115.68,167.09,470.26,256.80,51.74,95.53,231.83,1810.53,3559.87,2.72,150.97,126.26,603.73,3.49,961.52,60.82,513.24
2026-02-16T15:30:00Z,61.55,2040.74,169.85,1130.56,31.76,2533.19,155.82,0.00,66.78,2031.17,169.16,963.64,43.28,2116.89,166.48,478.80,253.20,51.63,94.88,230.31,1798.17,3553.40,2.70,148.96,121.55,601.00,2.77,952.29,59.93,511.61
2026-02-16T15:40:00Z,62.06,2026.75,169.18,1151.25,32.30,2525.48,155.54,7.83,66.91,2031.27,169.60,969.56,43.68,2111.69,167.48,487.07,255.73,51.18,95.76,233.80,1803.10,3550.38,2.59,149.20,123.25,606.26,2.83,954.75,60.57,512.50
2026-02-16T15:50:00Z,62.33,2020.68,169.22,1154.62,32.27,2528.74,156.20,5.82,66.84,2040.99,169.58,951.08,43.96,2109.31,167.49,500.90,259.64,51.03,95.74,234.43,1810.04,3556.77,2.62,150.21,121.10,598.72,3.09,961.71,61.39,496.54
2026-02-16T16:00:00Z,62.07,2020.81,169.30,1145.42,32.44,2512.48,156.36,20.87,66.23,2030.76,170.23,956.49,44.17,2090.67,167.08,513.09,261.05,52.74,96.02,235.63,1823.91,3550.45,2.49,149.32,127.50,607.53,3.06,964.04,60.62,501.00
2026-02-16T16:10:00Z,62.00,2021.99,169.51,1156.27,32.16,2524.62,156.23,0.02,66.54,2044.18,169.28,951.50,43.86,2097.99,167.28,519.06,256.53,53.60,95.87,229.96,1807.09,3556.17,2.38,149.82,123.75,605.99,2.68,951.18,60.07,520.92
2026-02-16T16:20:00Z,62.38,2007.59,170.12,1160.78,31.80,2529.60,155.78,0.00,66.45,2051.27,169.42,935.28,43.66,2099.59,167.20,521.50,263.43,52.86,95.32,237.48,1811.75,3546.96,2.09,150.11,127.10,606.75,2.61,949.63,61.55,503.08
2026-02-16T16:30:00Z,62.31,2020.02,170.30,1168.12,31.88,2523.21,156.02,0.00,66.15,2044.86,169.61,940.34,43.51,2115.72,166.63,502.48,260.51,53.54,96.22,234.35,1811.28,3550.04,2.61,150.49,126.65,605.08,3.27,954.06,60.29,509.53
2026-02-16T16:40:00Z,61.85,2017.90,170.49,1156.13,32.11,2519.26,156.64,0.00,66.57,2033.14,169.38,957.96,43.29,2092.43,167.46,516.67,257.63,52.99,96.49,231.97,1812.43,3546.71,2.32,150.91,124.14,614.00,3.13,953.23,59.92,508.88
2026-02-16T16:50:00Z,61.80,2025.53,170.93,1149.89,32.00,2519.90,155.89,0.00,66.17,2034.77,170.34,954.14,43.11,2112.05,167.01,517.36,259.37,54.08,96.07,230.16,1802.68,3547.41,2.85,149.75,124.93,597.19,3.17,949.23,59.48,501.83
2026-02-16T17:00:00Z,61.68,2026.07,170.01,1152.67,32.00,2525.90,156.04,8.96,66.54,2036.39,170.08,960.13,43.23,2124.98,167.99,501.31,262.90,51.56,96.28,237.44,1815.73,3562.54,2.40,150.04,127.73,603.97,3.16,965.08,61.64,507.94
2026-02-16T17:10:00Z,61.55,2014.15,170.43,1154.41,32.13,2531.91,156.14,2.41,66.24,2037.66,170.44,940.31,43.14,2133.76,167.76,485.38,257.99,53.73,96.64,229.98,1802.33,3558.29,2.38,150.80,123.78,603.55,2.96,951.02,59.28,498.42
2026-02-16T17:20:00Z,61.64,2015.09,169.97,1142.99,32.12,2541.68,156.30,0.00,66.68,2033.10,169.45,947.24,43.16,2120.08,167.29,491.66,255.36,52.82,95.64,231.88,1806.84,3561.72,2.45,150.07,120.86,597.07,3.26,958.99,59.12,491.55
2026-02-16T17:30:00Z,62.03,2008.48,169.20,1141.32,32.36,2527.85,155.61,0.00,66.58,2040.39,169.93,951.31,43.59,2116.29,167.65,505.85,257.66,53.26,95.01,233.09,1813.88,3555.43,2.40,150.46,122.46,605.95,3.03,956.09,59.98,496.68
2026-02-16T17:40:00Z,62.11,2013.35,169.32,1159.39,,2526.13,155.95,2.31,66.41,2038.29,170.07,951.70,43.76,2095.27,167.34,511.47,255.63,52.26,95.09,227.92,1797.35,3544.67,2.54,151.10,123.57,609.64,3.38,948.51,60.71,512.18
2026-02-16T17:50:00Z,62.44,2017.70,169.59,1172.30,32.41,2508.37,155.17,0.00,66.34,2044.66,169.33,935.37,43.54,2106.16,166.36,505.55,259.75,51.99,95.13,233.44,1797.60,3539.61,2.55,149.04,124.20,613.36,2.97,953.26,60.25,514.42
2026-02-16T18:00:00Z,62.10,2022.38,169.95,1164.08,32.30,2508.76,156.58,3.83,66.17,2035.50,170.19,948.29,43.27,2103.13,167.13,500.75,257.58,50.87,94.56,233.87,1806.81,3551.05,2.30,151.60,123.95,608.14,3.10,953.06,60.49,506.21
2026-02-16T18:10:00Z,62.19,2030.84,170.37,1173.61,32.15,2507.91,155.80,0.00,66.17,2048.78,169.62,955.76,43.36,2117.54,167.27,500.09,257.89,52.69,95.28,235.60,1803.63,3547.19,2.39,149.64,127.38,613.09,2.80,952.38,60.45,503.43
2026-02-16T18:20:00Z,61.83,2031.03,170.18,1148.29,31.85,2509.27,156.09,0.00,66.16,2048.97,169.20,936.33,43.27,2123.34,167.45,495.29,255.04,53.64,95.46,229.32,1801.21,3546.27,2.55,148.49,123.21,607.18,2.82,948.80,59.51,519.15
2026-02-16T18:30:00Z,61.95,2032.40,169.31,1153.00,31.78,2516.33,156.64,0.00,66.00,2057.17,169.19,927.35,42.92,2124.14,167.44,485.54,255.53,53.04,95.20,223.90,1795.54,3554.75,2.31,151.60,124.87,608.54,3.12,951.94,59.31,511.93
2026-02-16T18:40:00Z,62.18,2030.30,170.14,1142.04,31.36,2529.47,155.71,0.00,65.80,2057.23,168.85,924.66,42.46,2126.28,166.95,483.63,252.77,55.12,95.53,228.01,1808.04,3547.46,2.50,150.04,120.77,600.77,2.91,959.97,60.37,504.52
2026-02-16T18:50:00Z,62.25,2018.23,169.41,1146.40,31.51,2542.27,156.60,0.00,65.60,2061.63,169.39,911.95,42.63,2122.42,166.39,487.17,253.03,54.22,95.84,225.13,1800.72,3555.78,2.45,149.68,119.13,605.17,3.03,953.54,60.12,500.22
2026-02-16T19:00:00Z,62.24,2009.49,170.12,1156.76,31.32,2530.63,155.85,0.00,65.75,2052.50,168.62,919.82,42.79,2117.94,166.59,478.56,255.85,55.52,95.83,230.91,1810.11,3555.74,2.67,149.29,123.84,610.10,3.22,961.16,59.78,505.24
2026-02-16T19:10:00Z,62.16,2009.80,169.28,1160.23,31.07,2543.62,155.98,0.00,65.55,2056.12,168.70,909.82,42.80,2118.63,167.53,484.14,254.14,54.08,95.28,228.07,1803.09,3563.55,2.63,151.42,120.88,600.14,3.31,952.32,60.22,497.65
2026-02-16T19:20:00Z,61.70,2015.15,168.88,1151.05,31.23,2540.59,155.65,0.00,65.26,2062.71,168.77,903.80,42.80,2141.36,166.79,474.31,253.58,53.05,94.33,232.63,1795.80,3549.48,2.59,149.46,121.07,602.61,3.10,942.89,60.78,499.74
2026-02-16T19:30:00Z,61.36,2033.11,168.92,1144.02,31.53,2530.27,155.51,0.00,65.41,2049.79,168.90,932.05,42.82,2133.01,167.37,469.04,255.84,53.27,94.92,230.36,1807.49,3552.40,2.81,149.04,120.94,600.92,3.09,952.85,60.08,497.75
2026-02-16T19:40:00Z,61.50,2030.70,169.01,1146.31,31.33,2542.06,156.02,0.00,65.59,2058.04,169.53,923.93,42.51,2139.17,166.94,474.86,259.33,52.01,94.51,231.78,1801.20,3538.11,2.64,149.11,124.65,608.17,2.76,953.42,62.05,506.47
2026-02-16T19:50:00Z,61.92,2029.51,169.65,1154.13,30.77,2547.52,155.69,0.00,65.64,2066.97,169.43,916.45,42.68,2135.27,166.50,468.63,257.46,53.28,94.34,231.03,1798.71,3547.38,2.44,151.15,124.32,605.59,2.98,953.62,61.14,504.06
2026-02-16T20:00:00Z,61.70,2027.94,169.26,1147.52,30.79,2549.97,156.49,0.00,65.37,2067.57,168.36,901.38,42.71,2137.31,166.26,472.49,257.52,52.56,95.36,229.69,1805.20,3557.89,2.47,149.64,125.33,604.26,3.27,951.65,60.82,503.82
2026-02-16T20:10:00Z,62.17,2031.41,169.71,1140.44,30.28,2556.69,157.13,0.00,64.90,2077.87,168.71,897.88,42.80,2134.49,166.93,480.11,257.53,51.04,95.52,231.58,1803.70,3551.19,2.71,148.16,125.05,599.81,3.04,953.81,59.92,505.48
2026-02-16T20:20:00Z,62.02,2023.19,169.76,1137.19,30.82,2548.51,156.26,0.00,64.94,2077.40,168.84,891.60,42.86,2131.79,166.69,475.40,250.08,51.85,95.31,225.06,1800.18,3547.62,2.51,149.80,116.54,592.60,2.88,953.08,60.56,503.40
2026-02-16T20:30:00Z,61.94,2027.14,170.09,1138.57,30.80,2551.60,155.62,0.00,65.02,2085.92,168.85,901.80,42.69,2135.91,167.08,465.58,251.55,50.82,95.17,226.79,1797.13,3554.68,2.61,148.73,121.28,598.38,3.28,953.14,60.70,500.51
2026-02-16T20:40:00Z,61.92,2041.35,170.21,1139.52,31.22,2539.73,154.84,0.00,65.15,2084.23,168.35,898.18,42.97,2126.76,166.76,472.54,253.29,52.52,95.51,226.44,1795.49,3550.28,2.64,150.06,123.36,598.19,3.20,949.19,59.25,501.99
2026-02-16T20:50:00Z,61.66,2034.57,169.49,1115.28,30.96,2551.49,155.07,0.00,65.19,2075.35,168.20,893.06,43.31,2115.17,166.90,485.05,252.44,50.89,94.80,227.42,1800.77,3547.93,2.71,149.00,120.79,601.75,2.85,947.41,60.22,506.12
2026-02-16T21:00:00Z,61.65,2037.15,169.48,1120.70,31.16,2546.28,155.60,0.00,65.54,2057.51,168.77,910.24,43.54,2105.07,166.27,510.94,256.65,50.72,95.48,229.65,1811.33,3532.72,2.44,150.84,124.07,602.93,2.63,961.68,61.60,505.09
2026-02-16T21:10:00Z,61.61,2036.55,169.97,1130.12,30.87,2550.85,155.15,0.00,66.01,2053.73,168.51,925.01,43.54,2109.15,166.82,512.09,252.07,52.52,95.42,224.92,1806.30,3564.57,2.41,150.88,118.40,597.69,2.93,960.33,60.83,498.13
2026-02-16T21:20:00Z,61.71,2036.13,169.54,1129.71,30.84,2542.01,,0.00,66.11,2055.21,169.06,937.94,43.40,2111.46,167.23,509.08,253.99,52.33,95.31,229.65,1809.75,3556.36,2.74,149.72,121.92,603.91,3.04,961.30,60.72,502.27
2026-02-16T21:30:00Z,61.56,2030.14,169.24,1132.62,30.69,2554.28,155.34,0.00,66.25,2047.26,169.55,940.13,43.42,2101.09,167.91,512.91,255.06,51.02,94.79,228.87,1811.21,3541.05,2.24,150.22,120.37,593.28,2.99,964.34,60.26,495.43
2026-02-16T21:40:00Z,61.86,2021.77,168.99,1130.62,30.79,2546.70,155.35,0.00,66.13,2051.36,169.37,942.77,43.78,2096.07,168.34,524.48,250.64,51.65,95.74,226.75,1802.08,3542.21,2.50,150.08,118.31,601.33,2.83,948.39,59.51,502.02
2026-02-16T21:50:00Z,62.23,2018.88,169.73,1136.54,30.90,2551.35,155.50,0.00,66.19,2042.64,169.70,922.46,43.46,2109.06,167.83,509.89,256.40,52.50,96.20,227.94,1803.19,3559.26,2.50,149.86,121.60,600.61,3.12,955.00,59.78,492.64
2026-02-16T22:00:00Z,61.91,2025.38,169.75,1144.44,31.30,2544.91,155.83,0.00,66.23,2036.66,170.15,933.47,43.47,2114.35,167.52,501.07,261.92,51.83,96.42,233.37,1805.09,3554.93,2.41,148.98,126.37,608.69,2.85,950.34,59.88,514.88
2026-02-16T22:10:00Z,62.11,2024.05,169.18,1158.04,31.13,2544.67,155.42,0.00,65.86,2047.60,169.56,939.24,43.15,2118.69,168.07,515.47,259.84,52.64,95.98,234.13,1806.55,3548.81,2.75,149.82,126.95,603.93,3.13,945.92,60.89,504.30
2026-02-16T22:20:00Z,61.96,2034.96,169.27,1161.82,30.95,2549.70,155.25,0.00,65.49,2052.68,168.89,920.61,43.45,2118.44,168.49,501.63,257.28,53.28,95.30,232.21,1811.07,3557.19,2.43,151.58,126.71,606.15,2.91,956.97,60.00,498.27
2026-02-16T22:30:00Z,61.79,2034.58,169.57,1135.11,31.25,2556.44,155.59,0.00,65.65,2066.18,168.88,911.14,43.24,2109.92,168.00,510.04,251.43,50.84,95.29,223.13,1789.60,3540.47,2.49,150.02,120.91,600.06,3.39,943.61,59.79,502.36
2026-02-16T22:40:00Z,61.65,2037.01,169.52,1145.43,31.06,2551.82,155.25,0.00,65.73,2065.27,169.28,920.12,43.43,2119.12,168.44,511.99,257.74,52.07,94.99,228.82,1798.86,3543.59,,149.64,121.83,603.29,3.10,946.50,59.32,500.47
2026-02-16T22:50:00Z,61.78,2037.38,169.50,1147.95,31.39,2544.10,155.26,0.00,65.81,2062.85,169.36,916.82,43.09,2120.33,167.64,509.45,257.11,51.24,95.12,231.20,1818.84,3552.67,2.32,149.07,125.22,609.43,2.73,956.24,59.50,509.17
2026-02-16T23:00:00Z,62.06,2033.22,169.25,1161.11,31.21,2543.47,155.37,0.00,65.87,2062.46,169.87,920.32,43.33,2118.12,167.54,502.08,254.76,49.43,94.80,228.11,1801.80,3547.85,2.31,150.51,121.77,592.63,3.07,949.20,60.92,496.45
2026-02-16T23:10:00Z,61.65,2036.33,169.90,1147.63,31.17,2542.74,155.60,0.00,65.75,2051.74,170.23,933.12,43.68,2107.86,167.44,495.57,255.43,53.77,95.34,233.18,1804.39,3537.98,2.74,149.06,123.34,599.26,2.99,951.98,61.59,503.15
2026-02-16T23:20:00Z,61.66,2039.09,170.34,1135.03,31.23,2535.66,156.60,0.00,65.60,2057.27,168.53,913.63,43.56,2121.82,167.84,493.56,253.12,52.72,95.27,228.70,1810.32,3545.91,2.55,149.94,120.84,596.30,2.74,959.81,61.70,490.98
2026-02-16T23:30:00Z,62.18,2025.49,170.70,1148.57,31.05,2533.50,155.84,0.00,65.90,2050.52,168.84,918.57,44.13,2099.49,167.97,511.27,253.38,52.01,95.19,226.35,1809.13,3555.75,2.59,148.70,123.27,606.97,2.72,950.81,59.99,495.42
2026-02-16T23:40:00Z,62.64,2020.16,170.43,1165.32,31.27,2529.36,155.82,3.16,66.01,2036.83,169.07,937.34,43.75,2104.22,167.47,517.93,256.08,53.45,95.35,231.36,1800.97,3546.85,2.24,150.40,123.52,610.08,3.00,956.36,59.42,518.53
2026-02-16T23:50:00Z,63.05,2017.18,170.37,1171.79,30.84,2539.27,156.07,0.00,65.78,2047.65,169.24,932.03,43.68,2095.76,167.43,522.99,263.60,53.42,95.43,237.02,1807.13,3542.44,2.44,150.84,126.43,605.93,2.88,955.75,59.77,500.63
2026-02-17T00:00:00Z,62.51,2013.07,170.70,1172.18,30.58,2557.50,156.38,0.00,66.17,2040.09,169.10,927.18,43.89,2102.63,168.02,524.91,261.07,53.11,96.15,235.50,1810.57,3555.53,2.37,149.52,127.46,608.42,2.72,957.94,61.10,508.63
2026-02-17T00:10:00Z,62.18,2017.23,170.73,1166.85,30.49,2562.79,156.74,0.00,66.24,2043.40,169.22,939.79,44.16,2092.56,168.17,521.33,260.53,51.06,95.50,233.10,1807.05,3538.68,2.23,150.94,123.05,600.40,2.75,959.27,60.06,482.74
2026-02-17T00:20:00Z,61.79,2034.29,170.72,1156.48,30.59,2555.83,156.29,0.00,66.50,2044.81,169.17,945.85,44.37,2088.08,168.09,534.35,252.71,52.38,96.29,229.81,1808.46,3553.14,2.46,150.30,121.29,594.90,3.16,961.16,60.05,494.97
2026-02-17T00:30:00Z,61.46,2028.75,171.03,1165.79,30.44,2556.82,156.22,0.00,66.16,2036.31,169.17,951.22,44.34,2084.60,167.94,537.44,256.73,55.29,95.85,228.95,1796.74,3557.37,2.63,150.46,123.33,602.72,3.01,946.09,60.04,512.56
2026-02-17T00:40:00Z,61.30,2044.33,169.96,1136.95,30.69,2558.16,156.37,0.00,66.20,2040.00,169.40,936.48,44.01,2078.79,167.71,541.29,257.04,52.19,95.02,232.06,1799.97,3543.00,2.52,151.50,121.29,599.38,2.80,950.12,59.36,504.74
2026-02-17T00:50:00Z,60.84,2049.09,169.71,1128.53,30.80,2564.66,156.44,0.00,66.23,2038.45,169.31,955.53,43.89,2092.83,167.89,522.54,253.00,52.93,95.16,223.67,1796.93,3546.88,2.67,149.64,121.64,604.39,3.01,944.86,58.68,506.56
2026-02-17T01:00:00Z,60.61,2048.57,169.97,1133.22,30.84,2555.27,155.88,0.00,66.25,2046.33,170.27,957.86,43.82,2110.10,167.54,520.93,260.41,51.63,95.41,230.98,1803.30,3541.84,2.32,148.23,120.42,602.53,2.59,948.91,58.95,509.10
2026-02-17T01:10:00Z,60.68,2041.68,169.67,1108.00,31.33,2552.33,155.18,0.00,66.02,2057.22,169.82,935.46,43.68,2109.85,167.71,529.20,257.60,55.19,95.57,233.07,1804.17,3560.65,2.60,150.98,124.00,608.11,3.23,951.89,60.35,520.71
2026-02-17T01:20:00Z,60.67,2042.22,169.31,1101.56,31.06,2551.70,156.14,0.00,65.43,2060.84,169.83,937.11,,2100.08,167.52,512.42,252.06,54.22,95.08,228.36,1793.17,3548.09,2.51,150.80,121.67,599.67,3.12,940.85,59.73,503.08
2026-02-17T01:30:00Z,60.73,2049.87,169.29,1092.29,30.85,2561.50,155.11,0.00,65.02,2067.26,169.27,914.22,43.25,2123.08,166.96,485.54,253.23,55.02,95.28,232.07,1806.16,3556.24,2.68,150.52,121.18,606.79,3.26,954.87,60.33,493.21
2026-02-17T01:40:00Z,60.60,2060.45,169.22,1087.95,30.88,2557.33,155.77,0.00,64.57,2082.43,168.62,890.97,43.43,2119.61,167.29,493.32,253.73,52.81,95.37,224.62,1794.91,3542.63,2.34,150.41,122.14,603.98,3.18,948.34,59.52,494.32
2026-02-17T01:50:00Z,60.42,2074.42,168.94,1082.98,30.53,2567.16,156.10,0.00,63.96,2093.85,168.16,895.99,43.48,2106.08,166.81,498.90,256.82,51.87,94.95,230.59,1811.58,3561.03,2.38,151.54,124.49,610.86,2.93,955.19,60.31,522.39
2026-02-17T02:00:00Z,59.73,2067.88,169.14,1083.85,30.25,2563.94,156.07,0.00,63.84,2095.47,167.87,894.44,43.16,2126.57,166.88,495.84,250.39,49.94,95.50,222.75,1803.37,3541.06,2.53,149.27,121.13,602.42,3.33,948.87,60.97,500.66
2026-02-17T02:10:00Z,59.90,2073.52,169.46,1083.54,30.77,2556.47,155.87,0.00,63.58,2098.71,168.46,883.13,43.46,2124.61,167.11,494.91,250.16,50.55,94.97,224.23,1801.50,3550.95,2.85,148.87,120.30,613.88,3.30,955.36,60.57,515.98
2026-02-17T02:20:00Z,59.86,2072.08,168.82,1072.63,30.74,2560.08,156.22,0.00,63.74,2096.56,169.04,867.02,43.41,2114.65,166.85,498.54,248.02,51.20,95.38,221.64,1798.02,3549.54,2.53,150.73,117.53,592.22,2.63,956.72,61.03,484.95
2026-02-17T02:30:00Z,59.93,2075.59,168.57,1082.72,30.68,2561.87,156.18,0.00,64.03,2103.50,168.39,870.81,43.33,2106.11,166.80,511.20,252.21,50.22,95.13,229.59,1799.35,3557.32,2.54,150.67,123.63,599.84,2.77,946.58,59.63,514.33
2026-02-17T02:40:00Z,59.45,2086.03,168.48,1054.36,30.81,2555.29,155.12,0.00,64.00,2105.58,168.00,851.57,43.38,2111.68,167.17,497.05,250.91,48.82,95.82,227.09,1804.67,3559.01,2.53,151.12,122.07,602.17,3.46,954.06,60.12,506.53
2026-02-17T02:50:00Z,59.60,2076.26,168.15,1068.27,30.57,2561.87,155.28,0.00,63.77,2108.56,167.73,849.89,43.22,2114.24,167.43,495.22,252.95,47.57,95.94,229.65,1806.95,3551.06,2.52,150.16,122.68,600.41,2.86,956.60,61.62,500.07
2026-02-17T03:00:00Z,59.42,2081.30,167.87,1039.21,30.67,2550.13,155.35,0.00,63.79,2109.89,167.24,842.21,43.05,2127.18,166.93,475.98,247.13,48.20,95.87,224.28,1808.54,3549.75,2.44,151.66,120.16,597.76,2.82,952.58,61.55,494.34
2026-02-17T03:10:00Z,58.81,2108.23,167.48,1033.71,31.23,2549.27,155.68,0.00,64.06,2115.51,167.23,842.63,43.04,2115.32,167.49,486.80,251.06,47.80,95.40,225.37,1791.84,3550.07,2.89,149.41,121.98,604.60,2.74,946.87,61.46,516.70
2026-02-17T03:20:00Z,58.84,2104.89,167.13,1032.18,31.10,2557.95,155.41,0.00,63.83,2093.95,166.70,854.87,43.18,2120.94,166.80,480.10,249.47,50.22,94.31,223.43,1797.29,3549.75,2.60,148.53,119.01,594.53,2.94,941.79,59.51,493.30
2026-02-17T03:30:00Z,58.80,2091.79,168.06,1031.96,30.68,2552.91,155.72,0.00,63.85,2102.75,167.19,859.90,43.09,2124.35,166.17,472.54,246.29,48.98,93.95,220.98,1796.54,3548.95,2.27,148.56,115.64,596.97,2.92,954.15,60.95,496.17
2026-02-17T03:40:00Z,59.13,2098.67,167.64,1027.73,30.60,2558.24,156.47,0.00,63.67,2109.02,167.25,867.13,43.21,2126.62,166.35,476.77,247.59,49.76,94.88,221.82,1786.40,3544.43,2.35,151.08,117.26,598.11,2.72,944.35,60.36,489.07
2026-02-17T03:50:00Z,58.65,2109.32,167.36,1023.30,30.34,2567.53,157.26,0.00,63.60,2109.19,168.21,869.36,42.85,2127.93,166.98,486.82,249.35,48.50,95.94,225.37,1798.20,3542.05,2.69,149.23,120.82,610.15,3.31,949.16,60.71,519.41
2026-02-17T04:00:00Z,58.38,2104.42,167.01,1031.38,30.17,2570.12,156.94,0.00,63.54,2103.91,167.94,854.37,42.99,2124.68,167.58,495.10,248.27,49.66,95.56,219.24,1801.00,3563.13,2.35,150.04,120.43,603.02,3.25,953.39,60.03,505.24
2026-02-17T04:10:00Z,58.59,2101.98,167.37,1035.68,30.33,2562.96,156.06,0.00,63.29,2118.89,167.70,841.74,43.13,2118.93,167.54,499.23,248.98,48.65,95.23,224.28,1800.97,3551.44,2.47,151.35,122.20,602.64,2.72,953.19,60.38,500.84
2026-02-17T04:20:00Z,58.94,2093.39,168.68,1048.54,30.46,2564.53,156.12,0.00,63.00,2134.39,167.22,824.14,42.84,2129.65,167.43,497.43,240.49,46.69,95.04,217.04,1779.46,3550.91,2.58,150.87,115.61,589.71,2.76,938.37,58.26,490.24
2026-02-17T04:30:00Z,58.91,2101.65,168.26,1030.89,30.55,2564.62,156.51,0.00,63.29,2131.08,167.06,826.87,43.00,2126.91,167.40,475.89,240.05,49.80,94.80,216.07,1792.66,3556.31,2.51,151.75,117.71,599.08,3.29,943.64,59.62,493.40
2026-02-17T04:40:00Z,58.21,2111.14,168.56,1023.15,30.41,2571.17,155.97,0.00,62.89,2134.51,167.29,820.40,42.78,2125.19,167.52,478.34,239.66,48.14,94.16,214.87,1792.85,3557.12,2.62,150.13,116.89,593.78,3.23,948.02,60.15,488.95
2026-02-17T04:50:00Z,58.33,2131.96,168.13,1007.88,30.26,2569.08,156.04,0.00,63.02,2121.64,167.34,813.61,42.62,2132.39,167.67,490.66,237.60,46.79,95.02,217.46,1794.44,3540.16,2.68,150.62,110.93,586.98,3.14,948.48,59.64,487.34
2026-02-17T05:00:00Z,58.19,2139.28,167.36,1003.45,29.61,2577.46,155.36,0.00,62.53,2130.18,167.54,817.60,43.06,2129.43,166.36,477.53,240.79,45.77,94.08,215.88,1791.78,3542.94,2.40,152.13,113.10,588.34,2.99,944.90,59.72,483.00
2026-02-17T05:10:00Z,57.74,2137.01,167.02,997.51,29.60,2578.01,155.52,0.00,62.06,2141.75,166.94,810.94,43.01,2119.07,166.60,471.86,242.48,44.07,93.99,219.18,1796.98,3543.76,2.56,149.42,116.77,599.89,3.02,955.18,59.80,499.79
2026-02-17T05:20:00Z,57.91,2138.40,167.15,985.50,29.76,2585.30,156.21,0.00,62.30,2145.24,166.92,797.85,43.21,2111.02,167.41,491.46,240.64,45.83,93.85,216.26,1785.37,3561.10,2.57,149.50,115.47,600.26,2.78,940.15,59.65,497.46
2026-02-17T05:30:00Z,57.88,2126.40,167.22,992.74,29.69,2586.33,155.81,0.00,62.61,2138.67,166.68,811.07,42.87,2123.90,167.28,473.70,242.67,45.09,93.61,220.23,1803.71,3549.61,2.31,150.95,118.11,604.63,2.95,953.92,59.55,503.89
2026-02-17T05:40:00Z,57.95,2116.86,168.09,998.91,29.12,2578.78,156.39,0.00,63.01,2131.37,166.71,822.99,43.03,2116.36,167.51,497.16,244.50,48.08,94.67,219.47,1796.63,3539.64,2.55,150.43,115.34,597.25,2.91,947.63,59.80,501.88
2026-02-17T05:50:00Z,58.31,2120.32,167.57,1017.72,28.95,2592.56,155.91,0.00,63.02,2126.66,166.67,813.57,43.31,2124.15,167.74,483.86,247.87,49.17,94.19,222.24,1805.97,3542.00,2.32,150.62,117.93,591.32,3.16,950.12,60.20,484.43
2026-02-17T06:00:00Z,57.97,2121.66,167.72,1013.75,28.94,2595.67,155.00,0.00,62.85,2121.60,167.20,826.42,43.22,2130.94,167.12,485.74,244.97,49.66,94.57,219.76,1798.25,3541.91,2.73,150.89,118.27,591.35,3.04,955.10,59.88,497.76
2026-02-17T06:10:00Z,58.19,2116.38,167.86,1017.96,29.48,2585.93,156.16,0.00,63.09,2127.31,167.13,829.97,43.64,2122.27,166.54,488.47,247.92,48.26,94.86,220.68,1789.46,3552.77,2.37,151.13,117.12,597.49,2.89,945.89,60.14,494.29
2026-02-17T06:20:00Z,58.13,2121.10,167.05,1003.28,29.19,2597.60,156.15,0.00,63.05,2120.73,167.26,826.43,43.52,2123.18,167.76,496.38,245.40,47.55,95.29,222.66,1797.02,3546.64,2.44,151.15,118.83,601.58,3.14,951.78,60.96,486.07
2026-02-17T06:30:00Z,58.37,2123.38,167.72,1012.89,29.32,2596.11,155.93,0.00,62.90,2132.10,166.95,827.90,43.73,2111.04,167.62,493.97,247.08,47.87,94.76,223.76,1797.77,3562.70,2.30,148.91,119.95,599.78,3.18,946.80,59.87,502.96
2026-02-17T06:40:00Z,58.30,2120.04,167.51,1020.26,29.22,2592.50,155.45,0.00,62.79,2127.15,166.80,814.98,43.72,2109.18,167.54,503.40,241.62,48.08,94.94,217.11,1794.31,3549.05,2.32,148.87,115.69,598.26,2.90,949.49,60.49,500.46
2026-02-17T06:50:00Z,57.89,2125.53,167.57,1020.41,29.12,2602.99,155.61,0.00,62.90,2130.57,166.72,812.63,43.75,2100.74,168.01,522.89,244.61,49.10,94.25,218.28,1793.66,3552.89,2.52,150.66,117.87,596.06,2.69,943.33,61.42,498.19
2026-02-17T07:00:00Z,57.69,2127.68,166.43,996.11,28.59,2617.91,155.25,0.00,63.09,2131.21,167.16,815.50,44.08,2092.42,167.56,535.05,243.08,49.51,94.92,217.12,1798.03,3539.17,2.64,152.04,117.69,597.99,3.12,949.50,60.00,485.56
2026-02-17T07:10:00Z,57.66,2133.35,166.36,997.84,28.65,2611.24,156.13,0.00,62.88,2145.84,167.44,806.25,44.00,2105.98,167.60,516.29,239.86,51.44,94.70,218.96,1806.47,3561.08,2.54,149.74,114.99,584.51,2.77,955.91,60.27,489.72
2026-02-17T07:20:00Z,57.59,2137.13,166.56,1004.41,28.86,2603.65,155.91,0.00,63.10,2125.81,167.49,828.67,44.24,2088.90,168.44,526.92,250.36,50.32,95.72,225.34,1805.16,3556.77,2.28,150.48,120.39,599.45,2.65,962.02,60.83,497.54
2026-02-17T07:30:00Z,57.99,2122.89,167.33,1018.05,28.83,2602.39,155.72,0.00,63.42,2111.32,167.46,838.64,44.67,2090.09,168.31,531.33,249.59,49.12,94.71,220.30,1796.40,3543.88,2.56,151.03,119.20,597.24,2.93,941.94,60.59,498.22
2026-02-17T07:40:00Z,57.76,2121.29,167.51,1011.86,28.90,2604.55,155.74,0.00,63.81,2104.98,166.96,842.37,44.51,2085.43,168.00,537.75,250.60,49.37,94.52,223.13,1802.79,3551.72,2.35,149.46,121.65,600.56,3.20,953.87,60.75,494.38
2026-02-17T07:50:00Z,57.82,2128.15,167.78,1014.28,29.47,2590.36,155.65,0.00,63.31,2121.09,166.49,818.20,44.57,2088.58,168.78,532.75,252.02,48.62,95.24,228.73,1800.17,3558.29,2.47,150.43,119.30,599.56,3.03,946.10,61.50,496.92
2026-02-17T08:00:00Z,57.16,2143.10,167.08,988.45,29.08,2597.57,156.29,0.00,63.55,2123.54,166.92,839.88,44.78,2081.68,169.51,553.95,245.09,48.84,94.42,219.70,1788.94,3549.73,2.52,149.91,121.42,596.55,3.21,947.25,58.73,504.09
2026-02-17T08:10:00Z,56.80,2154.36,166.47,973.49,29.37,2601.22,156.04,0.00,63.41,2120.60,166.62,835.63,44.91,2086.95,168.54,545.82,246.98,48.01,94.33,222.27,1799.84,3548.10,2.54,149.81,116.39,602.43,2.98,952.93,59.85,503.88
2026-02-17T08:20:00Z,57.52,2140.96,166.69,983.02,29.22,2583.79,156.12,0.00,63.19,2111.51,166.87,849.93,44.59,2082.96,169.22,536.31,244.68,48.20,94.40,218.71,1791.43,3550.32,2.54,149.29,114.23,596.25,2.88,948.14,61.69,507.43
2026-02-17T08:30:00Z,57.42,2140.93,167.04,977.24,29.36,2591.02,156.30,0.00,63.29,2120.36,168.02,838.34,44.46,2085.29,169.09,535.60,244.51,48.99,95.23,219.90,1801.16,3558.22,2.61,149.50,118.68,601.82,3.25,945.26,61.48,502.30
2026-02-17T08:40:00Z,57.61,2134.34,166.66,973.66,29.36,2591.38,155.83,0.00,63.26,2114.01,167.66,840.51,44.24,2098.15,168.29,544.43,246.76,48.53,94.99,221.46,1801.00,3561.50,2.42,150.96,116.78,590.45,2.79,951.48,60.24,483.53
2026-02-17T08:50:00Z,57.19,2135.73,166.67,985.17,29.70,2591.35,155.38,0.00,63.31,2113.14,167.71,849.17,44.23,2094.96,168.39,531.28,244.62,49.89,94.50,215.10,1795.62,3547.81,2.22,151.87,116.47,598.62,2.87,951.65,61.15,498.20
2026-02-17T09:00:00Z,57.03,2142.51,166.44,989.14,29.57,2586.75,155.33,0.00,63.73,2100.79,167.89,852.73,44.57,2092.39,168.39,547.15,246.94,48.93,95.06,220.35,1793.03,3541.30,2.41,149.75,118.57,597.97,3.01,949.88,60.61,492.39
2026-02-17T09:10:00Z,57.37,2146.91,166.34,1002.19,30.29,2574.39,155.22,0.00,64.00,2087.75,168.96,869.76,44.28,2090.55,167.56,539.43,249.28,48.05,94.21,224.70,1793.81,3564.22,2.41,149.10,119.08,598.65,2.75,947.27,59.80,502.16
2026-02-17T09:20:00Z,57.35,2131.11,166.23,991.23,30.31,2567.48,155.09,0.00,64.05,2097.51,168.68,878.49,44.23,2090.90,167.96,533.81,246.68,48.79,94.02,221.56,1803.14,3558.82,2.49,151.31,119.86,601.91,2.94,955.01,60.04,494.13
2026-02-17T09:30:00Z,57.69,2131.46,166.22,976.51,30.08,2560.93,156.23,0.00,64.27,2092.34,167.83,885.98,44.06,2095.32,167.66,527.13,247.65,48.07,94.12,221.26,1796.42,3547.44,2.27,149.05,118.16,595.51,3.03,944.98,60.29,495.38
2026-02-17T09:40:00Z,57.14,2135.10,166.44,980.36,29.53,2582.86,156.23,0.00,64.02,2094.60,167.72,885.44,44.22,2093.89,167.93,543.44,246.22,48.55,93.72,221.41,1791.02,3552.46,2.26,151.41,118.49,598.35,3.31,945.94,59.41,496.02
2026-02-17T09:50:00Z,56.91,2138.68,166.40,970.52,29.31,2582.45,155.60,0.00,64.05,2097.62,167.35,873.08,43.73,2099.28,167.50,527.45,243.55,48.77,94.67,217.72,1792.70,3554.72,2.57,149.45,116.16,590.76,3.19,947.97,59.11,502.50
2026-02-17T10:00:00Z,56.52,2153.43,166.65,972.28,29.13,2580.49,155.46,0.00,64.46,2084.63,168.06,876.38,43.25,2110.10,167.58,507.92,246.76,47.10,94.92,223.79,1805.33,3545.77,2.31,151.41,120.04,605.74,2.97,958.17,59.84,504.15
2026-02-17T10:10:00Z,56.50,2158.20,166.75,984.38,28.92,2581.28,155.36,0.00,63.90,2087.72,167.63,876.48,43.29,2118.58,167.66,518.17,251.05,46.85,94.82,226.40,1795.07,3548.09,2.65,149.56,116.91,601.45,2.81,939.64,60.15,503.02
2026-02-17T10:20:00Z,56.31,2168.37,166.41,960.91,28.85,2604.13,154.99,0.00,63.81,2083.64,168.59,877.22,43.05,2116.13,167.73,518.08,249.97,48.26,95.09,226.10,1803.01,3551.16,2.51,150.94,122.75,611.05,2.86,953.93,61.06,503.94
2026-02-17T10:30:00Z,56.60,2161.46,166.50,968.72,29.25,2604.15,155.24,0.00,63.87,2088.74,168.26,874.02,42.96,2135.05,168.53,510.58,246.57,46.33,94.31,221.93,1803.29,3548.60,2.40,150.95,117.36,592.83,2.92,939.93,61.73,496.50
2026-02-17T10:40:00Z,56.73,2160.89,166.87,967.00,29.07,2601.37,154.68,0.00,63.72,2097.34,167.96,865.51,42.98,2124.49,167.93,500.35,240.10,49.10,94.89,220.11,1792.07,3547.37,2.35,149.13,113.60,593.60,2.89,946.29,60.37,486.80
2026-02-17T10:50:00Z,56.69,2160.21,166.93,952.83,29.42,2609.19,155.96,0.00,63.77,2093.37,168.29,864.65,42.89,2125.13,167.02,476.49,241.16,47.29,95.21,213.06,1781.11,3549.72,2.30,150.05,117.01,597.55,3.01,936.72,59.93,507.00
2026-02-17T11:00:00Z,56.58,2160.01,166.22,957.03,29.64,2597.43,155.96,0.00,63.85,2104.57,168.58,852.83,42.57,2119.35,167.01,480.52,239.07,45.24,94.88,217.11,1796.45,3546.88,2.58,148.68,114.01,595.08,3.09,950.06,60.20,499.90
2026-02-17T11:10:00Z,56.10,2168.65,166.62,954.36,29.64,2588.69,155.43,0.00,63.83,2092.62,168.72,870.40,42.86,2128.86,167.60,490.41,236.69,46.18,94.23,213.45,1786.07,3546.91,2.34,147.17,114.44,591.21,2.92,940.86,58.90,487.37
2026-02-17T11:20:00Z,56.29,2173.00,165.92,950.44,29.97,2586.55,154.71,0.00,64.05,2087.22,168.35,869.54,42.62,2134.90,167.75,489.22,236.52,47.56,94.42,216.05,1790.14,3543.02,2.58,149.31,112.47,598.68,2.69,952.04,58.81,499.66
2026-02-17T11:30:00Z,56.06,2170.64,165.68,936.99,29.99,2582.70,155.77,0.00,64.10,2086.41,167.59,874.90,42.55,2129.57,168.14,489.02,241.93,45.72,94.71,217.89,1791.82,3562.19,2.81,150.77,116.69,591.99,3.08,945.38,59.00,501.56
2026-02-17T11:40:00Z,56.16,2185.70,165.67,937.61,29.64,2577.51,157.03,0.00,63.98,2091.05,167.30,868.87,42.75,2130.85,167.30,481.13,234.22,46.63,94.74,211.06,1779.88,3557.11,2.45,149.82,112.90,594.27,2.93,942.80,59.05,498.39
2026-02-17T11:50:00Z,55.62,2184.18,165.68,927.26,29.64,2573.89,156.28,0.00,64.12,2098.75,167.78,862.75,43.02,2130.64,166.77,472.45,234.01,44.56,94.92,212.27,1783.75,3538.50,2.53,150.26,113.54,594.09,3.24,943.10,58.63,485.08
2026-02-17T12:00:00Z,55.38,2191.05,165.84,924.25,29.86,2566.53,155.73,0.00,63.85,2100.82,167.85,866.72,43.40,2128.83,166.85,466.13,240.03,45.00,94.74,216.09,1799.97,3556.50,2.68,149.78,114.80,594.82,2.98,945.96,59.90,487.27
2026-02-17T12:10:00Z,55.44,2191.12,165.52,910.46,30.02,2578.29,,0.00,63.90,2102.87,167.31,848.21,43.69,2107.92,167.09,493.59,233.12,46.12,95.31,208.30,1784.91,3546.63,2.50,149.70,111.33,585.20,2.95,942.25,59.13,491.85
2026-02-17T12:20:00Z,55.23,2188.98,164.97,909.00,29.84,2587.63,156.35,0.00,63.73,2108.77,167.62,860.17,43.86,2102.09,167.64,508.15,239.40,46.98,95.27,215.98,1793.89,3535.15,2.58,150.07,115.41,596.87,3.30,945.42,58.66,502.29
2026-02-17T12:30:00Z,55.05,2195.25,165.35,905.06,29.87,2575.38,156.02,0.00,63.69,2104.53,167.36,855.89,43.87,2097.81,167.41,521.50,241.77,46.41,95.31,214.61,1792.69,3551.78,2.40,148.82,114.35,590.67,3.28,944.25,59.33,495.72
2026-02-17T12:40:00Z,55.02,2192.33,164.90,905.30,29.85,2580.14,155.90,0.00,63.49,2117.54,166.85,846.62,43.87,2102.03,168.10,522.05,236.56,43.74,95.03,214.41,1789.92,3548.98,2.59,150.11,112.94,594.99,2.83,946.26,59.81,487.80
2026-02-17T12:50:00Z,55.21,2190.23,166.07,922.07,30.16,2567.94,155.98,0.00,63.52,2113.23,166.72,852.07,43.74,2107.39,168.41,506.71,242.96,45.75,94.63,216.23,1784.87,3551.89,2.48,150.89,116.58,600.99,2.88,943.65,58.99,510.87
2026-02-17T13:00:00Z,55.05,2193.54,165.82,906.96,30.09,2579.07,155.42,0.00,63.50,2111.66,167.15,852.05,44.02,2098.07,168.28,518.31,243.07,49.76,94.44,218.08,1796.82,3533.49,2.68,149.25,116.54,593.97,2.93,943.59,60.62,493.02
2026-02-17T13:10:00Z,55.20,2198.07,165.23,898.44,30.34,2567.23,155.49,0.00,63.75,2104.75,167.28,861.08,44.11,2113.42,167.90,518.65,248.00,47.87,94.33,224.62,1803.26,3542.07,2.61,148.94,120.05,595.27,2.63,954.28,60.89,488.34
2026-02-17T13:20:00Z,55.08,2193.89,165.07,898.15,30.14,2575.28,155.84,0.00,63.71,2102.73,167.77,850.51,44.49,2096.17,168.23,523.85,247.75,45.33,94.51,224.29,1788.86,3542.23,2.44,149.77,119.62,605.41,3.23,948.45,59.02,510.33
2026-02-17T13:30:00Z,55.21,2202.14,165.43,903.89,30.52,2568.69,156.53,0.00,63.64,2107.74,167.63,860.39,44.55,2092.93,167.45,516.25,246.75,45.22,94.46,223.94,1790.51,3554.09,2.42,149.05,120.48,600.10,2.95,941.60,58.60,497.75
2026-02-17T13:40:00Z,55.33,2191.03,165.54,917.49,30.45,2571.12,155.89,0.00,63.59,2108.98,167.56,827.48,44.44,2079.80,167.61,527.95,244.82,43.70,94.67,219.70,1782.76,3556.61,2.21,150.44,118.41,598.29,2.70,940.71,58.85,503.37
2026-02-17T13:50:00Z,55.23,2183.49,165.36,910.60,30.80,2567.73,155.55,0.00,63.74,2110.57,168.05,847.26,44.90,2085.02,167.89,548.55,239.72,45.35,94.46,215.10,1793.09,3554.56,2.56,150.49,115.40,589.91,3.02,941.88,59.48,500.89
2026-02-17T14:00:00Z,55.91,2177.65,165.65,914.64,30.62,2566.41,154.95,0.00,63.60,2107.18,167.48,837.55,45.17,2075.21,168.08,559.59,237.57,47.40,94.12,215.17,1794.32,3541.80,2.55,150.54,111.66,588.47,2.92,942.47,60.27,489.85
2026-02-17T14:10:00Z,56.11,2175.30,165.48,926.89,30.85,2568.92,155.59,0.00,63.65,2110.90,167.62,843.81,45.25,2063.66,168.14,563.20,234.05,48.87,93.60,207.79,1792.96,3539.99,2.41,148.63,112.16,588.94,3.02,940.78,59.61,496.74
2026-02-17T14:20:00Z,56.02,2178.58,165.43,923.61,30.74,2566.02,155.66,0.00,63.34,2109.85,167.94,857.73,45.39,2063.38,168.57,579.68,242.23,47.81,93.71,218.38,1784.52,3548.92,2.58,149.28,115.94,592.38,2.93,939.35,60.25,501.50
2026-02-17T14:30:00Z,56.07,2176.93,165.30,929.14,30.38,2566.06,155.24,0.00,63.29,2120.18,167.57,861.54,45.44,2062.04,168.39,592.36,244.58,50.69,94.53,221.64,1785.83,3563.84,2.64,150.45,113.85,593.10,2.79,940.05,60.85,490.02
2026-02-17T14:40:00Z,56.25,2172.93,165.69,935.71,30.20,2577.09,155.68,0.00,63.04,2124.55,167.81,851.17,46.25,2055.24,168.52,593.65,241.29,49.69,94.65,217.11,1790.46,3542.86,2.49,151.55,117.53,602.65,2.99,950.10,59.47,503.65
2026-02-17T14:50:00Z,56.09,2170.53,165.56,929.78,29.96,2572.00,157.13,0.00,62.85,2131.91,167.22,820.36,46.34,2059.04,168.50,594.25,244.93,49.81,94.54,219.09,1790.91,3562.83,2.43,151.74,116.49,599.24,3.00,939.34,60.15,495.85
2026-02-17T15:00:00Z,55.94,2174.25,164.82,928.83,29.58,2580.95,156.74,0.00,63.00,2120.19,167.35,830.95,46.73,2045.23,168.65,606.84,250.00,47.01,94.84,221.26,1791.04,3560.98,2.47,149.91,119.19,602.32,2.89,939.46,61.25,497.82
2026-02-17T15:10:00Z,56.12,2162.30,164.86,933.65,29.45,2587.91,156.42,0.00,62.86,2125.75,166.30,824.58,46.81,2024.97,169.78,630.69,243.84,48.58,95.02,218.18,1794.29,3558.22,2.47,151.98,119.33,600.66,3.10,954.14,61.00,504.43
2026-02-17T15:20:00Z,55.96,2162.27,164.87,934.05,29.95,2587.43,156.41,0.00,63.03,2127.97,166.87,820.95,46.84,2030.86,170.00,621.94,239.15,49.16,95.49,216.60,1790.82,3551.60,2.39,152.03,115.34,598.75,3.08,951.79,61.89,500.42
2026-02-17T15:30:00Z,55.54,2183.09,164.73,913.19,30.25,2571.91,155.21,0.00,62.95,2127.22,167.27,820.57,46.64,2036.79,169.64,622.49,240.47,48.59,94.52,216.70,1787.32,3556.08,2.52,149.15,114.03,592.35,3.12,948.99,61.33,483.67
2026-02-17T15:40:00Z,55.60,2193.65,164.66,913.68,30.29,2565.72,156.09,0.00,63.00,2129.99,167.32,820.69,46.05,2046.22,169.48,615.90,244.86,48.77,94.63,218.89,1794.83,3542.81,2.31,149.93,117.30,595.69,2.98,941.15,61.69,497.87
2026-02-17T15:50:00Z,55.44,2184.44,164.27,903.25,30.29,2564.50,155.88,0.00,63.42,2123.49,167.36,821.72,45.58,2057.53,170.01,598.06,245.79,47.79,95.31,219.85,1801.33,3545.32,2.42,149.77,115.04,595.15,3.19,952.57,60.27,492.20
2026-02-17T16:00:00Z,56.04,2179.86,164.51,913.22,30.12,2565.40,155.72,0.00,63.23,2126.70,167.43,825.08,45.23,2070.07,169.42,581.78,243.90,47.98,95.71,222.20,1795.37,3545.40,2.65,149.16,118.22,598.10,3.03,947.67,59.91,495.70
2026-02-17T16:10:00Z,56.44,2176.43,165.37,932.40,30.26,2570.50,155.71,0.00,63.33,2119.08,167.53,828.57,45.35,2074.29,169.25,578.93,245.54,48.01,95.43,222.11,1810.77,3552.33,2.49,150.41,116.75,599.03,3.26,957.43,60.24,493.26
2026-02-17T16:20:00Z,56.35,2176.06,165.55,935.62,30.05,2569.34,156.03,0.00,62.99,2123.81,166.14,826.20,44.57,2081.69,168.96,566.13,245.61,49.29,94.44,219.88,1790.16,3559.83,2.40,150.31,118.21,602.12,3.09,945.65,59.71,509.39
2026-02-17T16:30:00Z,,2178.52,166.44,928.77,30.44,2562.80,155.76,0.00,62.71,2127.62,166.64,832.93,44.99,2075.88,169.38,552.88,245.27,48.50,94.24,220.67,1798.21,3551.28,2.54,150.40,118.33,596.08,2.84,947.30,60.93,508.10
2026-02-17T16:40:00Z,56.23,2173.44,165.78,930.78,30.45,2573.92,155.60,0.00,62.55,2125.27,166.50,805.39,44.96,2078.67,168.93,566.00,246.17,47.50,94.03,221.30,1803.94,3561.00,2.52,150.33,116.22,595.98,3.15,949.82,59.98,495.43
2026-02-17T16:50:00Z,56.17,2171.83,165.61,940.76,30.79,2559.12,155.29,0.00,62.88,2125.79,166.74,809.47,45.01,2068.40,168.94,573.03,243.42,47.78,94.11,215.19,1790.12,3552.43,2.57,150.15,117.66,593.78,3.11,944.54,59.99,480.16
2026-02-17T17:00:00Z,56.22,2170.10,166.17,957.39,30.50,2556.89,155.48,0.00,62.56,2145.50,166.61,806.58,44.71,2070.43,168.66,553.44,241.90,49.49,93.68,218.43,1789.05,3550.45,2.59,151.02,114.72,591.71,3.12,943.64,59.39,497.41
2026-02-17T17:10:00Z,55.63,2171.15,166.18,953.58,30.20,2562.39,155.73,0.00,62.71,2139.49,166.92,807.91,44.87,2064.75,169.19,581.82,241.35,46.55,93.80,217.79,1786.32,3558.06,2.60,149.99,114.17,589.05,2.75,943.43,57.53,475.24
2026-02-17T17:20:00Z,56.05,2171.30,165.81,926.05,29.76,2570.94,156.22,0.00,62.40,2145.12,166.70,808.76,44.99,2067.97,169.19,574.71,242.53,46.90,93.93,218.56,1808.93,3545.85,2.54,149.61,118.81,600.61,3.11,952.35,58.78,501.12
2026-02-17T17:30:00Z,55.80,2186.06,164.41,909.68,29.63,2584.58,155.71,0.00,62.50,2138.11,166.32,806.15,45.39,2075.04,169.13,574.24,242.16,46.26,95.14,218.61,1797.53,3564.64,2.50,150.89,116.59,600.27,2.95,952.32,59.31,495.10
2026-02-17T17:40:00Z,56.09,2179.14,165.11,900.60,29.52,2589.23,156.05,0.00,62.46,2136.89,166.34,809.36,45.34,2060.14,168.66,579.22,240.36,45.98,95.30,215.03,1783.85,3562.40,2.35,151.03,114.90,596.67,3.14,938.94,59.57,501.52
2026-02-17T17:50:00Z,56.28,2181.03,165.39,920.14,29.54,2587.67,155.80,0.00,61.76,2139.63,165.73,804.04,45.12,2066.40,167.92,568.83,241.69,47.88,94.96,219.18,1798.13,3540.25,2.61,151.48,117.90,590.34,3.05,946.68,59.44,498.56
2026-02-17T18:00:00Z,56.66,2164.63,165.32,940.64,29.47,2598.32,155.57,0.00,61.74,2160.40,165.52,791.43,44.99,2071.38,168.99,571.19,243.52,46.88,95.65,216.04,1781.90,3551.59,2.48,149.44,120.26,594.61,2.69,948.59,59.93,495.88
2026-02-17T18:10:00Z,56.72,2156.88,165.82,949.89,29.49,2586.73,155.65,0.00,61.88,2170.52,165.74,791.07,44.87,2074.51,168.49,548.30,244.11,47.20,95.94,220.25,1790.73,3556.66,2.58,150.34,119.92,599.55,3.07,949.86,59.02,494.17
2026-02-17T18:20:00Z,56.74,2163.15,165.71,960.11,29.50,2600.06,155.53,0.00,61.44,2174.26,165.50,766.33,44.68,2079.52,168.70,553.94,238.97,47.11,95.51,214.51,1791.02,3539.47,2.74,148.23,116.19,589.14,2.84,942.80,59.95,484.88
2026-02-17T18:30:00Z,56.52,2160.26,166.23,964.55,29.49,2589.13,156.24,0.00,61.56,2175.66,165.64,776.01,44.80,2082.41,168.09,553.90,243.19,47.45,94.95,218.21,1799.90,3551.15,2.49,150.70,119.93,601.58,2.84,942.20,59.19,503.43
2026-02-17T18:40:00Z,56.44,2162.72,166.85,960.41,28.87,2592.53,155.81,0.00,61.65,2155.99,165.65,781.24,44.26,2093.54,168.69,564.46,245.55,47.90,94.95,220.18,1794.65,3544.99,2.24,150.97,115.75,599.83,2.99,950.39,59.52,498.41
2026-02-17T18:50:00Z,56.55,2156.61,166.27,952.82,28.77,2602.91,155.28,0.00,62.00,2153.41,166.59,787.12,44.20,2094.99,168.19,541.57,245.57,45.55,94.12,220.74,1785.57,3536.68,2.31,150.85,115.36,595.32,3.24,932.27,58.93,493.94
2026-02-17T19:00:00Z,56.64,2153.88,165.98,963.86,29.05,2607.56,155.69,0.00,61.98,2151.95,165.93,800.78,44.29,2093.75,167.85,540.55,246.47,46.43,94.23,222.61,1794.79,3554.89,2.24,149.88,116.85,594.05,3.30,952.54,59.86,501.99
2026-02-17T19:10:00Z,56.64,2160.76,165.72,972.15,29.06,2605.44,156.08,0.00,62.17,2143.06,166.14,780.92,43.76,2107.93,167.70,526.67,242.35,45.88,93.68,220.50,1801.38,3538.61,2.44,149.44,114.74,595.27,3.00,953.92,58.82,503.12
2026-02-17T19:20:00Z,56.10,2161.36,165.92,948.96,28.87,2613.15,155.99,0.00,61.94,2144.03,166.24,789.87,43.53,2102.56,167.71,523.15,241.52,46.86,92.94,216.04,1794.55,3549.08,2.28,149.35,116.67,602.62,2.89,940.33,59.69,485.28
2026-02-17T19:30:00Z,56.66,2164.51,166.30,942.20,29.00,2613.99,156.12,0.00,61.95,2145.50,166.57,791.67,43.23,2109.19,166.72,525.23,240.70,44.98,,213.82,1778.81,3542.92,2.47,150.59,114.95,591.79,2.81,938.02,59.52,491.85
2026-02-17T19:40:00Z,56.40,2164.22,166.60,945.02,29.53,2603.94,155.71,0.00,62.23,2142.66,166.05,795.60,43.04,2127.92,167.54,513.20,242.84,47.00,94.98,219.80,1814.11,3566.75,2.47,149.74,116.20,598.56,2.61,952.19,60.06,502.97
2026-02-17T19:50:00Z,56.42,2164.56,166.70,937.98,29.34,2594.25,155.85,0.00,62.35,2136.11,167.14,783.70,42.92,2129.18,167.38,494.77,237.08,45.81,94.47,211.81,1788.39,3551.50,2.61,149.72,113.06,596.98,2.79,946.33,58.77,494.69
2026-02-17T20:00:00Z,55.96,2175.16,166.17,933.33,29.45,2592.78,155.59,0.00,62.47,2146.79,167.13,801.30,43.34,2124.70,167.62,495.29,236.55,43.40,94.13,209.85,1784.15,3557.48,2.39,150.74,110.88,591.90,3.16,936.29,60.12,490.47
2026-02-17T20:10:00Z,56.26,2173.14,165.71,941.59,29.67,2590.14,155.93,0.00,62.44,2137.19,166.24,805.20,43.42,2121.75,166.24,490.76,237.97,43.75,93.83,210.82,1786.93,3539.84,2.76,150.67,112.49,588.63,3.16,945.36,58.73,489.38
2026-02-17T20:20:00Z,55.70,2176.71,165.59,940.98,29.72,2588.39,155.50,0.00,62.75,2118.46,166.19,831.05,43.46,2121.38,167.10,490.27,237.50,47.79,94.53,214.98,1791.76,3548.62,2.44,151.49,115.25,590.43,2.85,949.60,58.12,494.31
2026-02-17T20:30:00Z,55.00,2198.36,165.21,919.14,30.05,2568.60,155.82,0.00,62.95,2116.43,166.68,837.51,43.49,2127.93,166.99,495.53,235.91,47.48,94.61,212.67,1787.38,3559.52,2.75,148.66,112.19,588.22,3.07,940.77,57.88,499.28
2026-02-17T20:40:00Z,54.97,2203.64,164.68,900.77,30.07,2578.18,155.60,0.00,62.92,2123.16,167.30,828.60,43.58,2107.12,167.54,496.93,236.98,47.59,94.52,213.79,1788.63,3551.06,2.54,150.85,114.24,596.51,3.12,940.76,57.83,502.30
2026-02-17T20:50:00Z,54.63,2211.31,165.30,887.34,30.05,2577.90,155.77,0.00,63.02,2132.00,167.49,817.96,43.38,2110.91,167.41,489.61,241.44,47.26,95.62,220.58,1798.61,3557.35,2.60,148.43,116.19,593.38,3.20,948.51,59.85,497.09
2026-02-17T21:00:00Z,54.74,2222.53,164.90,886.75,29.90,2577.94,155.51,0.00,63.01,2127.60,167.43,817.25,43.61,2108.39,167.07,498.12,245.76,46.78,94.50,223.98,1796.26,3560.11,2.36,150.50,115.75,598.05,3.13,950.12,60.54,497.38
2026-02-17T21:10:00Z,54.94,2216.19,165.18,898.19,29.85,2580.37,155.54,0.00,62.43,2142.72,167.14,809.05,43.33,2117.57,166.88,492.40,240.26,46.76,94.61,214.80,1791.69,3549.14,2.56,151.04,114.53,592.40,3.05,948.10,59.68,500.80
2026-02-17T21:20:00Z,55.05,2202.40,164.81,890.46,29.53,2583.69,155.97,0.00,62.54,2138.57,166.70,811.04,43.17,2112.88,166.87,505.86,240.81,44.92,94.89,221.00,1803.03,3542.74,2.49,150.80,114.06,591.55,3.12,951.05,60.63,491.92
2026-02-17T21:30:00Z,54.87,2209.42,164.81,896.16,29.29,2578.11,155.94,0.00,62.50,2130.34,166.92,820.45,43.14,2120.48,167.33,503.53,239.88,43.46,94.15,219.60,1802.10,3539.50,2.50,148.44,114.76,601.83,3.12,954.13,60.37,512.77
2026-02-17T21:40:00Z,54.91,2208.52,165.23,898.99,29.52,2590.10,155.75,0.00,62.52,2141.01,166.98,812.03,42.73,2130.82,166.44,486.53,241.71,44.46,93.52,218.52,1796.10,3549.87,2.58,148.99,118.51,599.40,3.40,947.21,60.98,495.64
2026-02-17T21:50:00Z,54.89,2193.16,165.14,900.34,29.32,2589.55,155.50,0.00,62.99,2127.31,166.84,825.06,42.83,2127.95,166.97,486.39,237.38,43.73,93.35,212.83,1785.28,3553.46,2.74,148.92,112.68,591.05,2.91,943.52,59.55,490.05
2026-02-17T22:00:00Z,54.93,2203.80,165.44,901.82,29.45,2591.51,155.35,0.00,62.65,2126.40,166.49,830.49,43.02,2128.81,166.80,481.98,235.53,44.09,93.99,209.40,1780.54,3547.02,2.39,149.75,113.94,592.04,3.14,945.25,58.64,494.64
2026-02-17T22:10:00Z,54.91,2211.30,165.49,890.08,29.52,2587.98,155.47,0.00,61.98,2139.35,167.38,814.40,43.12,2118.64,167.61,488.87,234.94,45.00,93.64,210.19,1792.51,3557.35,2.47,150.51,113.19,584.11,3.11,952.71,60.17,486.14
2026-02-17T22:20:00Z,55.21,2202.02,166.13,914.28,29.37,2593.94,155.97,0.00,61.96,2149.19,167.41,797.94,43.17,2130.31,167.65,483.41,237.97,45.15,94.10,215.07,1799.95,3540.06,2.64,151.02,115.58,590.58,3.06,952.37,60.27,480.97
2026-02-17T22:30:00Z,55.25,2194.35,165.46,911.43,29.34,2596.93,156.21,0.00,62.05,2144.84,167.17,792.07,43.18,2125.20,166.86,490.71,241.16,44.73,93.59,219.75,1797.63,3559.95,2.39,150.51,113.29,587.24,3.36,946.58,61.24,492.62
2026-02-17T22:40:00Z,55.16,2206.86,165.67,913.47,29.22,2595.47,155.86,0.00,62.18,2140.30,167.27,794.10,42.91,2120.80,166.96,485.94,243.24,44.51,94.63,215.94,1786.94,3547.84,2.54,148.04,116.31,593.06,3.26,939.74,61.25,490.57
2026-02-17T22:50:00Z,55.11,2206.12,164.66,890.74,29.43,2592.48,155.67,0.00,62.17,2141.89,167.51,797.98,43.02,2125.32,167.56,492.50,237.02,43.74,94.89,215.67,1789.20,3535.46,2.74,149.72,114.61,594.50,2.99,945.75,60.52,498.98
2026-02-17T23:00:00Z,55.51,2195.86,164.54,900.98,29.52,2589.50,155.83,0.00,62.48,2144.81,167.24,782.45,42.74,2124.82,167.42,495.83,238.74,44.66,94.14,218.49,1787.29,3570.75,2.37,152.69,114.71,601.75,2.82,939.86,59.87,501.66
2026-02-17T23:10:00Z,55.65,2188.18,165.20,909.18,30.01,2575.64,155.81,0.00,62.73,2144.56,165.75,798.60,42.79,2120.91,167.28,485.97,234.66,46.28,93.31,211.25,1792.18,3546.08,2.72,148.55,111.43,592.41,3.06,945.97,59.74,492.69
2026-02-17T23:20:00Z,55.57,2196.48,166.08,921.73,30.28,2577.96,155.31,0.00,62.86,2134.59,166.48,824.90,42.61,2133.64,166.95,500.67,234.56,45.54,93.65,211.26,1779.13,3565.07,2.58,149.30,112.75,593.00,2.95,942.65,59.39,487.44
2026-02-17T23:30:00Z,55.50,2188.32,166.19,917.17,30.04,2566.81,155.27,0.00,62.85,2137.86,166.73,819.76,43.43,2116.49,166.83,504.81,234.03,45.31,94.02,211.73,1780.95,3559.81,2.86,148.91,112.45,582.53,3.02,943.63,59.23,485.35
2026-02-17T23:40:00Z,55.44,2197.56,166.24,909.25,30.39,2562.02,155.25,0.00,62.80,2133.31,167.28,817.85,43.19,2113.20,167.17,500.17,235.70,45.12,94.41,210.84,1788.81,3559.75,2.44,149.96,114.16,586.81,3.31,943.70,58.76,485.27
2026-02-17T23:50:00Z,55.59,2193.36,165.82,911.58,30.44,2557.00,156.29,0.00,62.83,2134.68,167.00,815.61,43.34,2119.52,168.01,510.09,240.61,45.29,94.65,215.22,1785.32,3550.01,2.62,149.92,114.39,586.26,2.97,934.47,58.27,488.86
2026-02-18T00:00:00Z,55.66,2183.28,165.74,928.49,30.54,2556.84,155.14,0.00,62.80,2144.22,167.32,819.74,42.82,2133.45,166.84,501.99,241.16,45.76,94.35,218.83,1794.42,3544.68,2.67,151.01,115.48,590.79,3.28,955.28,58.35,495.00
2026-02-18T00:10:00Z,55.79,2186.68,165.85,932.00,30.20,2569.13,155.38,0.00,62.90,2136.05,167.65,817.62,42.52,2135.05,166.79,497.68,243.14,45.72,93.59,218.73,1794.11,3551.20,2.46,148.71,115.93,598.29,2.79,954.28,58.21,498.47
2026-02-18T00:20:00Z,55.67,2178.59,165.38,942.86,30.36,2580.43,155.55,0.00,62.95,2126.90,167.11,820.12,42.79,2122.74,167.28,485.90,240.33,45.45,93.96,215.67,,3544.21,2.62,152.31,115.68,595.21,2.96,949.89,60.12,493.71
2026-02-18T00:30:00Z,56.05,2169.77,166.09,934.98,30.67,2573.71,155.45,0.00,62.82,2138.50,167.01,812.39,42.64,2140.05,167.57,483.91,237.05,44.95,93.94,213.54,1787.76,3557.53,2.44,150.52,113.07,581.49,3.03,950.58,60.02,483.75
2026-02-18T00:40:00Z,55.76,2182.96,165.21,943.09,31.12,2544.93,155.86,0.00,62.97,2125.88,166.65,822.24,42.75,2130.66,167.74,491.07,233.67,43.86,94.22,214.24,1790.43,3561.05,2.51,150.16,113.05,585.57,2.86,942.79,60.67,490.86
2026-02-18T00:50:00Z,56.01,2175.00,165.24,934.38,31.54,2544.18,156.40,0.00,63.28,2116.67,166.98,836.83,42.73,2135.13,167.81,483.95,237.93,45.91,93.77,213.13,1786.58,3557.72,2.33,151.04,112.82,584.76,2.63,935.90,60.38,489.11
2026-02-18T01:00:00Z,55.96,2184.47,165.14,924.37,31.34,2527.20,156.10,0.00,63.43,2123.63,166.63,840.05,43.07,2132.55,167.84,492.74,241.25,46.45,93.88,216.41,1796.63,3540.46,2.41,148.82,115.85,595.01,2.97,941.56,60.46,497.63
2026-02-18T01:10:00Z,56.48,2184.38,165.97,936.30,30.95,2539.26,156.33,0.00,63.20,2112.52,166.71,842.10,43.25,2132.89,167.54,484.84,240.24,45.42,94.53,214.83,1790.59,3538.32,2.57,149.74,117.20,604.48,3.12,940.62,60.36,505.09
2026-02-18T01:20:00Z,56.18,2171.09,165.75,947.11,30.99,2545.08,155.97,0.00,63.78,2117.28,167.04,848.46,43.13,2134.56,167.81,488.37,246.39,45.92,94.75,220.74,1796.44,3564.70,2.44,150.70,118.32,595.12,3.20,947.22,60.34,487.92
2026-02-18T01:30:00Z,56.27,2167.78,165.88,942.93,30.78,2548.80,156.49,0.00,64.05,2099.72,167.81,855.36,43.26,2120.02,167.42,496.82,248.49,46.92,95.04,223.84,1800.23,3551.00,2.61,152.08,117.96,591.48,2.91,953.72,59.38,491.50
2026-02-18T01:40:00Z,56.16,2154.83,167.07,958.80,30.81,2569.55,157.13,0.00,64.02,2097.06,167.69,846.23,43.86,2108.90,168.06,509.54,245.70,47.37,95.01,219.41,1796.48,3545.04,2.28,149.48,118.11,596.90,2.88,957.44,60.53,508.71
2026-02-18T01:50:00Z,56.20,2160.65,166.28,952.46,30.97,2565.21,156.93,0.00,63.75,2102.24,167.28,846.18,43.74,2104.45,167.64,511.13,244.08,48.15,95.74,217.33,1793.76,3541.05,2.26,150.61,116.11,595.41,3.03,946.99,59.13,494.02
2026-02-18T02:00:00Z,56.21,2159.80,166.50,941.65,30.48,2560.94,155.93,0.00,63.52,2100.25,166.64,848.87,43.87,2101.33,168.17,510.97,243.77,48.76,95.40,218.59,1796.34,3544.94,2.29,149.86,115.31,591.17,2.78,944.94,59.83,491.18
2026-02-18T02:10:00Z,56.09,2155.20,166.71,932.60,30.48,2558.78,156.43,0.00,63.47,2102.11,167.05,855.63,43.76,2101.17,168.02,507.14,230.39,49.23,94.09,208.36,1788.99,3547.31,2.80,149.59,109.13,596.76,2.87,941.43,57.76,496.21
2026-02-18T02:20:00Z,56.04,2159.35,166.28,952.83,30.40,2558.55,156.51,0.00,63.75,2089.84,167.49,860.61,43.61,2102.94,167.20,503.88,241.15,48.92,93.89,218.75,1804.94,3546.54,2.41,150.33,119.75,593.08,2.93,957.32,58.57,487.26
2026-02-18T02:30:00Z,55.94,2175.57,165.23,951.81,30.87,2550.87,156.61,0.00,63.94,2096.96,167.44,872.54,43.63,2101.66,167.61,502.79,244.93,48.24,94.77,219.50,1794.90,3552.35,2.52,153.13,117.11,595.00,3.35,949.05,60.01,493.82
2026-02-18T02:40:00Z,55.97,2171.14,165.51,949.50,30.36,2554.16,156.36,0.00,64.06,2097.55,167.72,858.56,43.86,2107.48,167.81,530.36,246.77,46.19,93.99,223.30,1802.98,3544.45,2.45,150.39,117.93,603.62,3.22,954.19,60.42,512.25
2026-02-18T02:50:00Z,55.97,2184.40,165.70,939.33,30.53,2558.69,156.21,0.00,64.06,2096.32,167.87,863.93,43.92,2104.38,167.80,523.64,251.98,46.20,93.79,226.37,1800.38,3546.31,2.49,148.22,119.18,603.94,3.04,939.05,60.40,495.04
2026-02-18T03:00:00Z,56.20,2185.67,165.56,936.28,30.58,2565.15,155.53,0.00,64.07,2098.73,168.05,851.95,43.74,2116.16,167.59,511.45,242.45,45.80,94.61,220.07,1804.70,3552.13,2.50,150.50,115.26,594.27,3.18,958.60,59.27,488.29
2026-02-18T03:10:00Z,56.05,2179.09,165.33,934.02,30.83,2551.73,156.28,0.00,63.57,2111.01,167.84,843.17,43.68,2105.40,167.53,511.63,239.88,46.60,94.19,214.20,1789.79,3534.07,2.60,150.46,116.49,591.09,3.63,946.39,60.19,490.32
2026-02-18T03:20:00Z,56.22,2171.23,164.83,928.23,30.91,2567.81,155.91,0.00,63.27,2109.96,168.37,842.16,44.09,2099.56,167.02,534.50,243.51,46.27,94.17,217.64,1794.07,3556.63,2.88,149.78,115.70,596.16,2.97,952.71,61.24,508.10
2026-02-18T03:30:00Z,56.62,2160.18,165.76,942.90,30.98,2561.57,155.45,0.00,63.72,2112.16,168.26,849.19,44.04,2100.96,166.93,533.39,245.43,46.80,94.48,223.79,1802.72,3535.68,2.72,147.62,117.27,592.88,2.68,954.88,60.81,494.41
2026-02-18T03:40:00Z,56.87,2166.18,165.66,941.32,31.40,2543.11,155.81,0.00,63.65,,167.37,844.21,43.70,2112.94,166.61,518.78,245.83,47.77,93.77,222.93,1798.34,3538.87,2.52,149.83,120.13,597.64,2.98,953.69,61.19,495.32
2026-02-18T03:50:00Z,56.63,2162.19,165.32,937.06,31.59,2536.00,156.27,0.00,63.96,2105.08,167.31,857.25,43.71,2119.83,166.74,510.56,243.74,47.23,94.38,220.09,1782.64,3546.93,2.72,149.92,117.87,600.47,2.72,938.44,60.47,499.63
2026-02-18T04:00:00Z,56.76,2161.86,165.90,944.76,31.49,2533.16,155.90,0.00,63.91,2093.51,168.45,856.79,43.37,2106.23,166.94,510.28,243.95,46.54,93.77,221.74,1805.02,3552.65,2.38,150.16,117.34,595.51,2.74,942.54,59.12,490.05
2026-02-18T04:10:00Z,56.69,2153.77,166.47,961.49,31.35,2543.69,155.94,0.00,63.65,2102.13,168.36,854.55,43.40,2112.35,167.20,511.98,247.65,45.53,93.92,222.13,1791.64,3540.39,2.38,149.20,119.83,596.10,2.83,945.39,59.11,491.94
2026-02-18T04:20:00Z,57.00,2157.71,166.76,957.28,31.16,2543.36,156.36,0.00,63.73,2113.42,168.35,857.54,43.43,2115.98,167.78,507.96,239.18,47.31,94.64,212.29,1784.59,3549.72,2.70,151.38,114.32,590.19,2.35,933.23,59.24,487.06
2026-02-18T04:30:00Z,56.91,2156.42,166.19,951.77,31.16,2536.90,155.98,0.00,63.76,2120.33,168.24,842.41,43.54,2118.28,167.70,496.16,239.28,48.37,94.73,212.58,1788.78,3548.86,2.47,149.95,116.40,599.90,2.99,941.79,58.71,500.84
2026-02-18T04:40:00Z,56.61,2166.74,166.55,965.52,30.88,2547.30,156.21,0.00,63.46,2113.28,167.66,838.78,43.68,2108.63,167.62,503.10,240.32,47.69,95.07,215.43,1810.65,3539.36,2.60,149.80,113.91,592.00,3.31,957.88,61.10,482.59
2026-02-18T04:50:00Z,56.79,2161.65,166.75,957.18,30.85,2557.08,156.19,0.00,63.28,2123.48,166.82,829.11,43.40,2115.87,167.93,512.35,238.37,49.15,95.86,213.00,1788.89,3574.97,2.47,150.27,114.04,593.60,3.41,935.66,60.07,487.53
2026-02-18T05:00:00Z,56.77,2155.39,165.83,963.19,31.06,2553.51,156.12,0.00,63.24,2116.19,166.81,830.97,43.48,2117.49,167.32,496.78,242.16,45.40,94.68,219.44,1797.87,3564.53,2.60,150.67,117.32,598.13,3.03,940.39,59.95,502.58
2026-02-18T05:10:00Z,56.55,2149.46,165.89,957.05,30.61,2554.28,156.03,0.00,63.42,2120.85,167.18,835.25,43.55,2114.56,167.67,499.51,239.98,45.84,94.55,215.46,1796.78,3550.21,2.79,149.38,116.31,597.12,3.33,945.50,61.83,493.68
2026-02-18T05:20:00Z,56.21,2159.76,165.87,955.67,30.31,2552.17,155.37,0.00,63.34,2125.50,167.48,845.75,43.68,2111.41,167.06,506.15,243.59,44.84,94.25,217.86,1791.38,3542.96,2.49,149.28,116.99,601.37,3.08,950.82,61.79,490.30
2026-02-18T05:30:00Z,55.84,2170.81,167.00,956.19,30.31,2563.35,155.85,0.00,63.50,2123.26,167.75,828.32,44.06,2107.93,167.87,523.18,243.82,48.22,94.67,219.23,1803.27,3556.69,2.67,151.02,115.58,592.07,2.92,940.68,60.31,492.92
2026-02-18T05:40:00Z,55.88,2179.12,167.27,931.97,30.60,2556.51,156.08,0.00,63.46,2110.49,167.62,846.87,44.04,2089.96,167.75,529.89,244.82,47.56,95.21,221.60,1798.34,3543.48,2.60,147.95,117.71,595.72,2.99,951.24,59.58,488.48
2026-02-18T05:50:00Z,55.94,2190.21,166.59,929.29,30.37,2562.83,156.05,0.00,63.64,2105.52,167.52,852.89,44.44,2085.89,167.85,528.38,243.34,46.91,95.76,224.29,1798.10,3544.46,2.60,151.43,115.77,590.90,3.06,945.52,60.70,496.60
2026-02-18T06:00:00Z,55.73,2189.00,166.18,932.54,31.02,2563.36,156.44,0.00,63.17,2118.60,167.72,845.74,44.74,2083.33,168.35,531.46,244.81,48.73,94.48,222.97,1798.15,3531.79,2.76,149.39,114.13,597.46,3.00,946.74,60.94,506.02
2026-02-18T06:10:00Z,55.73,2198.12,165.89,928.50,30.73,2568.46,156.42,0.00,63.27,2113.48,166.87,832.87,44.90,2077.30,167.86,538.25,241.51,46.60,94.78,216.86,1789.10,3550.08,2.40,149.68,116.18,593.46,2.91,942.01,59.83,502.77
2026-02-18T06:20:00Z,55.48,2192.97,166.23,933.27,30.52,2568.32,155.61,0.00,63.28,2118.28,166.55,840.09,44.81,2077.85,167.78,541.28,241.51,49.25,93.94,214.97,1785.69,3538.73,2.47,149.71,113.22,587.19,3.04,944.47,61.50,493.64
2026-02-18T06:30:00Z,56.13,2175.54,165.63,945.73,30.59,2565.09,155.93,0.00,63.58,2105.64,166.69,848.76,44.57,2082.59,168.12,541.51,244.72,47.80,94.72,219.10,1794.34,3546.55,2.38,148.52,115.01,590.27,3.11,944.97,60.19,493.31
2026-02-18T06:40:00Z,56.30,2172.85,165.67,939.60,30.71,2557.27,156.18,0.00,63.61,2110.52,167.26,844.72,44.87,2078.88,168.11,557.37,242.57,46.84,95.26,222.21,1797.77,3548.47,2.46,150.15,114.93,598.32,3.06,950.99,59.49,498.17
2026-02-18T06:50:00Z,56.37,2178.71,165.51,932.63,30.55,2567.33,155.86,0.00,63.65,2111.35,167.02,850.02,44.70,2084.22,168.22,552.21,238.35,46.23,94.41,215.13,1788.20,3558.74,2.50,150.02,113.73,593.17,2.70,944.44,59.78,486.04
2026-02-18T07:00:00Z,56.10,2168.04,165.11,935.35,30.84,2567.83,155.97,0.00,,2123.05,166.91,847.03,44.49,2081.02,167.81,532.26,244.07,46.04,94.22,222.07,1791.68,3559.39,2.71,149.09,118.33,599.67,3.02,953.47,59.94,500.90
2026-02-18T07:10:00Z,56.01,2169.32,165.22,931.84,30.74,2558.86,156.29,0.00,63.25,2126.46,166.46,838.85,44.50,2093.58,167.70,509.20,247.24,46.62,94.96,224.39,1798.17,3548.74,2.47,150.74,118.37,589.73,3.29,953.71,59.57,490.32
2026-02-18T07:20:00Z,55.82,2164.81,165.11,937.37,30.61,2565.14,156.81,0.00,63.13,2123.77,167.20,831.91,44.27,2103.00,167.64,519.53,245.01,46.93,94.90,221.36,1782.78,3549.28,2.55,149.34,117.10,599.55,3.06,941.43,59.92,502.78
2026-02-18T07:30:00Z,55.84,2170.42,165.42,935.83,30.31,2564.99,156.24,0.00,62.94,2129.32,167.20,856.10,44.22,2099.01,168.22,523.07,244.76,48.73,94.60,223.74,1794.84,3565.15,2.50,149.02,116.66,591.78,3.33,949.64,60.17,480.03
2026-02-18T07:40:00Z,56.23,2174.74,165.69,944.96,30.11,2570.87,156.80,0.00,63.06,2125.14,168.11,846.61,44.12,2097.28,168.12,510.29,248.84,49.27,94.51,222.69,1802.45,3572.69,2.24,147.04,119.34,600.03,2.83,955.00,60.50,483.81
2026-02-18T07:50:00Z,56.75,2171.06,165.78,946.03,30.26,2571.61,157.01,0.00,62.85,2133.58,168.16,835.43,44.20,2095.56,167.01,505.74,250.16,47.29,95.04,229.92,1808.58,3540.57,2.36,150.43,120.25,597.00,2.93,952.32,60.36,492.32
2026-02-18T08:00:00Z,57.08,2151.81,165.87,957.95,30.36,2560.25,156.13,0.00,62.81,2133.78,168.17,821.39,44.13,2095.46,167.86,523.96,243.41,46.91,95.37,219.48,1794.21,3543.80,2.46,149.64,118.80,597.35,3.17,944.63,60.21,507.66
2026-02-18T08:10:00Z,56.98,2145.93,165.74,958.10,30.52,2560.35,155.98,0.00,63.21,2119.47,168.15,828.33,43.93,2101.68,167.96,517.20,245.62,45.80,94.86,222.70,1804.95,3560.62,2.54,149.74,119.70,601.97,3.06,953.38,59.28,495.28
2026-02-18T08:20:00Z,56.92,2148.62,166.23,961.52,30.83,2548.69,155.53,0.00,63.10,2124.34,167.44,831.00,43.76,2103.40,168.62,535.30,239.32,46.67,94.79,215.24,1789.59,3554.05,2.54,150.49,114.81,595.51,3.01,942.06,59.93,492.30
2026-02-18T08:30:00Z,56.72,2161.11,166.16,966.48,30.85,2555.43,156.35,0.00,63.15,2132.24,166.70,822.00,43.64,2116.36,168.07,518.16,245.00,45.29,94.39,222.12,1799.61,3547.20,2.55,150.30,115.11,596.40,3.01,953.76,59.68,497.41
2026-02-18T08:40:00Z,56.85,2155.43,166.44,967.91,30.90,2546.70,155.96,0.00,63.56,2125.12,166.78,832.66,43.26,2124.11,167.41,508.16,244.71,47.87,94.26,221.63,1798.08,3551.33,2.47,150.46,118.14,595.83,3.52,943.70,59.09,493.16
2026-02-18T08:50:00Z,56.95,2155.78,166.53,960.16,31.20,2543.04,155.80,0.00,63.93,2117.85,167.36,838.50,43.33,2125.77,167.35,480.32,246.51,47.86,94.59,226.23,1797.77,3552.58,2.45,149.02,116.30,603.01,3.19,948.45,59.09,501.68
2026-02-18T09:00:00Z,57.32,2142.76,166.67,955.98,30.98,2541.73,155.86,0.00,64.13,2102.61,167.10,849.16,42.94,2122.55,167.40,485.31,244.58,49.56,94.63,222.23,1794.77,3564.38,2.52,151.18,117.14,590.97,3.19,940.60,60.17,491.83
2026-02-18T09:10:00Z,57.34,2144.45,165.99,978.54,31.53,2544.67,156.40,0.00,64.03,2098.19,167.08,855.92,43.03,2126.89,166.58,475.43,243.60,49.93,94.24,216.57,1797.14,3567.50,2.62,150.00,116.93,600.04,3.12,946.21,59.41,504.46
2026-02-18T09:20:00Z,57.50,2140.94,166.12,984.76,31.75,2534.32,156.05,0.00,63.69,2096.03,167.01,857.47,43.26,2130.53,166.80,481.05,240.25,48.15,95.42,212.20,1784.67,3551.15,2.67,150.12,115.76,589.92,2.91,935.13,58.73,488.82
2026-02-18T09:30:00Z,57.46,2133.39,166.76,996.01,31.64,2534.03,155.88,0.18,63.75,2096.49,166.65,853.94,43.16,2128.59,167.51,482.85,244.57,47.68,94.62,221.47,1796.72,3553.90,2.40,150.43,117.32,592.88,3.05,950.86,59.11,490.05
2026-02-18T09:40:00Z,57.39,2136.90,166.76,989.65,31.83,2516.77,156.71,0.00,63.74,2107.58,167.53,852.15,43.23,2117.19,167.08,493.81,246.64,47.64,94.58,222.98,1800.20,3552.69,2.74,150.22,117.50,594.99,3.22,952.31,59.23,493.99
2026-02-18T09:50:00Z,57.26,2132.53,166.41,990.33,32.17,2507.70,157.10,12.41,63.79,2101.79,168.13,851.68,43.19,2115.71,167.48,500.21,247.34,49.86,95.25,224.39,1801.38,3552.58,2.63,149.96,116.95,589.97,3.04,948.67,59.36,491.92
2026-02-18T10:00:00Z,57.35,2136.08,166.15,1000.77,32.04,2514.95,156.85,0.00,64.07,2104.25,167.83,862.06,43.37,2117.33,168.03,503.57,248.51,49.31,94.53,222.42,1800.19,3539.23,2.59,149.27,122.41,601.06,3.13,947.47,60.20,498.05
2026-02-18T10:10:00Z,57.63,2139.39,166.91,998.53,32.36,2524.84,156.48,0.00,64.00,2104.85,167.72,868.38,43.35,2122.31,167.45,496.79,249.02,47.76,94.80,228.54,1806.99,3549.91,2.47,150.71,122.27,608.80,3.24,955.86,60.74,508.15
2026-02-18T10:20:00Z,57.65,2131.95,166.82,1000.63,32.07,2514.32,156.48,0.00,64.09,2098.66,167.75,859.16,42.98,2127.57,166.66,487.87,243.44,49.60,94.90,220.73,1796.97,3556.97,2.85,149.92,116.90,600.78,3.04,953.17,59.96,499.95
2026-02-18T10:30:00Z,57.73,2142.74,166.46,981.23,32.08,2516.00,155.67,0.00,63.99,2101.94,167.14,859.34,43.37,2123.58,167.25,497.61,241.78,49.51,94.65,220.05,1801.46,3538.92,2.41,149.05,117.67,598.22,3.26,955.52,61.31,506.45
2026-02-18T10:40:00Z,57.63,2139.05,166.98,991.54,32.17,2521.28,156.14,0.00,64.39,2096.59,168.33,870.31,43.38,2125.83,166.90,501.77,238.85,50.75,94.68,219.32,1793.66,3552.04,2.57,149.35,115.78,593.06,2.85,942.69,60.20,500.11
2026-02-18T10:50:00Z,57.76,2133.60,166.73,995.64,32.37,2519.84,155.46,10.93,64.23,2097.00,168.37,878.91,43.48,2129.65,167.19,493.21,238.47,48.10,93.72,216.41,1791.17,3548.81,2.62,149.09,115.80,600.91,3.05,940.85,59.76,499.30
2026-02-18T11:00:00Z,57.51,2138.44,166.61,999.76,33.00,2515.78,156.00,13.54,64.62,2077.86,168.85,876.61,43.21,2113.73,168.19,507.89,243.30,48.16,95.35,222.75,1812.50,3551.13,2.38,149.36,116.88,601.27,3.00,961.08,60.67,491.67
2026-02-18T11:10:00Z,57.54,2142.44,166.86,992.96,33.10,2508.27,155.91,22.90,64.73,2085.53,168.22,885.45,43.38,2104.68,167.32,500.87,250.89,49.92,95.11,228.46,1804.65,3555.50,2.56,149.75,120.54,605.51,2.87,951.83,60.61,504.11
2026-02-18T11:20:00Z,57.29,2149.05,166.46,991.53,32.90,2509.28,156.42,16.07,64.23,2087.36,169.46,882.21,43.39,2112.78,167.33,502.82,249.44,47.26,94.33,226.33,1795.23,3564.11,2.62,149.66,119.11,606.77,2.97,950.20,61.82,498.68
2026-02-18T11:30:00Z,57.49,2141.35,166.72,988.25,32.70,2503.83,156.10,15.15,64.28,2089.59,168.85,877.57,43.67,2115.56,167.03,497.54,244.86,48.42,94.83,220.00,1795.07,3543.02,2.43,150.53,119.64,602.01,2.70,948.18,61.74,508.12
2026-02-18T11:40:00Z,57.54,2140.45,167.23,976.02,32.70,2506.11,155.96,23.40,64.39,2090.49,168.51,872.36,43.36,2119.22,166.89,490.89,244.15,47.65,95.65,221.79,1804.97,3547.50,2.47,152.25,115.14,593.02,2.85,954.09,61.64,489.34
2026-02-18T11:50:00Z,57.27,2142.20,166.42,985.70,32.71,2503.25,156.59,22.19,64.53,2092.10,168.22,873.50,43.49,2120.78,167.89,492.75,244.06,49.36,95.62,220.57,1797.98,3566.85,2.64,150.77,114.86,587.64,2.75,956.93,59.63,
2026-02-18T12:00:00Z,57.04,2146.37,166.90,990.54,32.43,2505.48,156.81,16.83,64.64,2097.74,167.57,870.36,43.42,2115.13,167.28,476.31,240.21,49.81,95.03,217.49,1786.55,3533.45,2.53,147.37,113.67,592.91,3.04,937.33,60.70,491.92
2026-02-18T12:10:00Z,57.07,2138.62,166.05,981.18,32.16,2514.22,156.03,1.83,64.90,2085.45,167.82,894.60,43.40,2113.97,166.99,494.29,241.41,50.25,93.67,217.07,1790.88,3551.49,2.41,147.34,113.78,596.36,3.36,952.47,59.93,490.42
2026-02-18T12:20:00Z,56.69,2152.76,166.15,961.06,32.10,2516.23,155.90,7.31,65.23,2072.17,168.41,892.29,43.80,2104.14,166.36,506.77,243.53,49.86,93.64,220.33,1798.16,3552.36,2.32,149.02,117.68,594.76,3.18,944.76,59.89,494.00
2026-02-18T12:30:00Z,56.99,2152.34,166.37,964.89,32.05,2517.89,155.61,0.00,65.03,2091.18,168.16,903.11,43.43,2116.85,166.82,519.05,242.38,48.99,94.39,216.68,1792.05,3547.70,2.37,150.84,115.62,589.60,3.48,954.67,59.47,498.40
2026-02-18T12:40:00Z,57.51,2142.93,167.04,978.64,31.62,2531.41,156.15,0.00,64.55,2086.87,167.94,896.34,43.52,2109.95,167.33,508.97,243.87,50.28,94.17,219.22,1792.79,3546.89,2.32,151.33,119.05,601.89,2.91,945.16,59.62,501.03
2026-02-18T12:50:00Z,57.64,2138.28,167.85,993.35,31.57,2538.39,156.27,0.00,64.76,2074.72,168.83,893.70,43.76,2105.52,167.85,509.91,243.30,49.40,94.40,221.44,1799.89,3556.17,2.77,149.22,116.61,589.87,3.03,951.33,59.60,500.00
2026-02-18T13:00:00Z,57.55,2138.20,168.16,987.71,31.54,2534.51,155.65,0.00,64.57,2071.77,168.84,898.56,43.31,2106.47,166.96,505.85,248.64,48.08,94.62,222.87,1801.10,3548.24,2.68,149.40,118.66,599.71,3.17,952.60,59.02,497.90
2026-02-18T13:10:00Z,57.66,2136.89,167.19,1001.67,31.24,2536.35,155.97,0.00,64.89,2079.60,168.64,893.39,43.37,2108.55,166.78,498.97,248.99,48.64,94.26,219.76,1805.16,3551.58,2.64,150.22,116.72,596.79,3.00,949.31,59.45,502.80
2026-02-18T13:20:00Z,57.22,2144.37,167.10,975.69,31.19,2543.80,156.40,0.00,65.22,2084.22,168.43,898.57,43.26,2112.80,166.86,491.29,252.62,49.56,94.80,229.87,1798.62,3551.72,2.38,150.39,120.05,599.47,3.23,950.35,59.91,496.03
2026-02-18T13:30:00Z,57.17,2144.75,166.90,965.28,30.82,2547.50,156.29,0.00,65.00,2085.11,168.36,900.41,42.99,2122.27,167.95,486.65,243.56,49.54,95.14,220.13,1789.20,3550.73,2.50,149.38,113.68,596.82,3.21,944.84,59.06,495.14
2026-02-18T13:40:00Z,56.93,2143.24,166.31,972.12,30.86,2560.93,156.36,0.00,64.91,2086.28,168.55,890.76,43.09,2121.48,167.47,498.72,242.92,49.13,94.62,218.32,1796.81,,2.27,150.64,112.48,593.49,2.86,944.56,59.61,507.26
2026-02-18T13:50:00Z,56.69,2149.62,166.04,958.33,31.07,2552.21,156.03,0.00,64.99,2083.03,167.89,884.48,43.23,2130.78,167.06,494.79,246.15,48.38,94.58,220.45,1797.95,3558.77,2.43,149.62,118.76,597.53,3.00,946.13,59.39,490.23
2026-02-18T14:00:00Z,56.92,2145.38,166.06,954.96,30.91,2543.08,155.96,0.00,64.67,2085.55,168.32,890.46,43.40,2122.59,167.11,493.04,240.81,49.32,95.02,217.73,1806.49,3561.79,2.49,149.99,114.08,598.21,3.04,948.04,58.85,502.07
2026-02-18T14:10:00Z,56.40,2164.55,165.32,941.84,30.67,2550.92,155.70,0.00,64.48,2079.17,169.33,895.83,43.02,2124.67,167.88,482.02,239.68,49.68,94.98,216.92,1792.28,3537.69,2.61,150.67,115.44,597.96,3.31,945.94,58.89,512.15
2026-02-18T14:20:00Z,56.49,2155.48,165.92,957.77,30.79,2562.96,156.52,0.00,64.58,2087.18,168.40,898.15,42.95,2123.84,167.56,493.89,238.81,49.45,94.62,219.15,1799.82,3542.53,2.73,149.49,113.71,588.97,3.35,951.28,58.76,492.83
2026-02-18T14:30:00Z,56.71,2149.68,165.93,971.66,31.02,2562.18,156.61,0.00,64.90,2079.46,168.70,902.66,43.22,2130.88,167.85,505.85,247.75,48.81,94.64,221.93,1793.23,3544.30,2.56,149.14,118.61,596.39,3.17,949.35,59.63,492.53
2026-02-18T14:40:00Z,56.78,2150.42,167.01,973.50,30.93,2563.86,155.75,0.00,64.85,2077.81,168.94,891.53,43.41,2124.86,167.38,488.09,247.36,47.12,95.03,220.98,1793.36,3563.51,2.85,148.73,116.86,593.92,2.60,952.19,60.53,497.32
2026-02-18T14:50:00Z,56.85,2152.46,166.92,962.85,30.71,2561.83,156.24,0.00,65.01,2081.35,168.13,890.97,43.11,2125.67,167.51,493.83,246.66,48.57,95.02,222.06,1800.03,3544.54,2.37,150.45,119.78,599.34,3.08,957.43,60.60,506.29
2026-02-18T15:00:00Z,57.03,2141.82,166.86,970.47,30.49,2569.85,156.04,0.00,64.66,2084.57,167.79,895.79,43.35,2124.93,167.30,496.84,244.03,48.93,95.81,219.71,1790.04,3552.82,2.74,150.01,118.57,598.82,3.01,938.57,60.12,500.46
2026-02-18T15:10:00Z,56.89,2148.16,166.15,969.01,30.45,2564.53,157.07,0.00,64.72,2080.01,167.91,901.07,43.37,2121.26,167.79,510.48,246.89,50.00,95.19,223.87,1802.02,3537.83,2.54,149.69,119.53,598.18,2.88,948.86,58.76,500.18
2026-02-18T15:20:00Z,56.93,2151.16,165.92,971.97,30.53,2566.51,156.33,0.00,64.79,2075.29,168.10,888.35,42.96,2122.68,167.69,500.11,248.72,49.54,95.15,219.95,1778.97,3537.30,2.61,151.38,119.62,601.06,3.37,944.21,59.69,491.13
2026-02-18T15:30:00Z,57.30,2139.82,165.97,975.99,30.38,2565.04,156.57,0.00,64.56,2082.40,167.76,898.58,42.69,2135.06,167.78,494.37,249.37,49.49,95.07,225.18,1796.84,3537.85,2.27,150.04,121.03,600.63,3.05,947.47,59.41,507.11
2026-02-18T15:40:00Z,57.22,2143.65,166.70,996.05,30.63,2561.37,156.09,0.00,64.27,2080.28,168.79,911.03,42.93,2122.02,167.57,503.92,245.83,50.08,95.08,219.41,1796.07,3535.85,2.73,150.56,120.59,604.91,3.14,943.80,58.90,510.96
2026-02-18T15:50:00Z,57.26,2141.44,167.22,979.03,30.70,2559.90,156.61,0.00,64.03,2099.67,168.56,893.29,42.70,2129.52,167.15,482.83,246.60,48.92,95.27,218.95,1792.80,3552.46,2.78,151.17,118.61,602.44,3.19,946.18,58.91,514.03
2026-02-18T16:00:00Z,56.80,2143.42,167.36,988.63,30.84,2553.82,155.63,0.00,63.96,2100.79,169.17,871.49,42.33,2130.60,167.34,494.44,245.78,47.97,95.57,220.11,1799.40,3562.90,2.85,150.12,118.24,603.82,2.86,958.19,60.15,493.29
2026-02-18T16:10:00Z,56.97,2145.65,167.33,980.96,31.02,2552.02,156.20,0.00,63.93,2107.60,169.19,860.38,42.59,2135.26,167.31,488.12,243.40,47.61,95.29,221.32,1800.18,3532.24,2.66,149.69,117.44,598.15,3.08,940.72,58.73,497.52
2026-02-18T16:20:00Z,57.32,2136.23,166.60,989.84,31.17,2548.27,156.25,0.00,63.78,2107.11,167.91,842.55,42.66,2135.07,166.99,492.33,242.11,47.11,95.26,221.23,1804.03,3540.03,2.37,148.72,117.67,596.92,2.60,944.94,58.34,481.62
2026-02-18T16:30:00Z,57.05,2145.51,166.54,988.21,30.56,2564.84,156.93,0.00,63.45,2101.06,167.69,850.12,43.14,2128.14,167.64,483.75,245.58,47.54,94.76,219.35,1804.49,3548.88,2.51,150.88,118.83,602.83,3.43,949.98,59.06,495.75
2026-02-18T16:40:00Z,57.06,2156.87,166.34,953.34,30.67,2558.24,156.32,0.00,63.80,2111.30,167.87,843.76,43.07,2121.68,167.30,496.69,243.33,46.24,94.51,217.40,1795.15,3540.94,2.35,149.67,114.16,595.59,3.01,949.66,59.20,503.09
2026-02-18T16:50:00Z,56.81,2149.34,166.16,949.85,30.55,2560.56,156.34,0.00,63.85,2111.42,168.89,849.31,43.20,2120.95,167.13,496.39,241.84,45.07,94.35,218.60,1795.20,3535.86,2.52,148.89,114.01,589.83,2.93,947.68,60.53,501.26
2026-02-18T17:00:00Z,57.15,2155.65,166.34,974.48,30.79,2553.59,156.11,0.00,64.13,2107.29,168.37,855.22,43.46,2125.87,167.42,501.49,242.25,45.62,94.81,220.54,1796.56,3568.68,2.77,151.43,115.91,599.13,2.98,937.24,59.88,488.82
2026-02-18T17:10:00Z,57.05,2159.18,165.85,969.57,30.34,2567.41,156.38,0.00,64.53,2099.14,168.09,863.73,43.46,2121.44,167.42,505.52,241.86,46.85,95.50,214.66,1788.04,3548.11,2.55,148.17,117.09,608.48,2.99,951.04,58.77,499.91
2026-02-18T17:20:00Z,57.13,2152.02,165.80,973.45,30.14,2564.96,155.39,0.00,64.65,2094.07,167.98,855.38,43.37,2118.81,167.57,508.32,245.71,47.81,94.83,221.68,1794.42,3559.63,2.19,148.33,116.33,593.23,3.40,947.54,59.54,491.79
2026-02-18T17:30:00Z,57.06,2150.29,166.19,967.60,30.03,2574.80,155.27,0.00,64.35,2095.25,167.99,853.08,43.83,2102.36,167.20,516.75,247.40,45.78,95.19,220.57,1800.70,3542.70,2.44,149.77,121.05,597.88,2.96,951.13,59.87,494.55
2026-02-18T17:40:00Z,56.56,2160.99,166.75,971.60,29.91,2574.50,155.80,0.00,64.10,2085.20,167.92,868.01,43.81,2114.43,166.80,501.81,244.90,47.42,95.79,219.46,1792.92,3553.60,2.37,150.43,116.44,602.66,2.59,942.95,58.73,499.59
2026-02-18T17:50:00Z,56.58,2158.18,166.96,967.86,29.65,2586.79,156.33,0.00,64.07,2091.68,167.59,869.84,43.72,2124.00,167.06,500.64,246.20,49.99,95.42,224.88,1801.39,3549.53,2.66,149.56,119.67,603.13,3.19,952.44,58.52,496.31
2026-02-18T18:00:00Z,56.54,2169.50,167.04,965.26,30.07,2578.38,156.52,0.00,64.42,2092.78,167.30,861.64,43.77,2108.00,167.40,487.32,244.30,51.67,95.61,221.18,1799.51,3550.17,2.48,148.93,115.95,595.87,3.13,943.39,59.83,496.62
2026-02-18T18:10:00Z,56.99,2143.67,167.08,959.04,30.42,2574.35,156.30,0.00,64.77,2080.28,166.87,859.67,44.42,2107.75,167.43,508.06,238.85,50.92,96.64,214.61,1793.54,3550.63,2.48,152.36,115.91,596.43,2.99,948.29,58.94,502.78
2026-02-18T18:20:00Z,56.87,2152.32,166.19,957.81,30.29,2579.41,156.05,0.00,64.89,2075.85,166.96,871.52,43.84,2104.52,167.25,514.03,243.22,50.24,95.55,219.14,1804.83,3552.91,2.57,149.89,115.93,593.88,3.02,957.26,58.98,497.19
2026-02-18T18:30:00Z,56.67,2157.55,165.88,960.92,30.24,2577.56,156.17,0.00,64.60,2069.20,168.15,878.42,44.07,2095.88,168.59,536.69,248.82,48.08,94.77,221.48,1800.73,3535.46,2.37,149.22,118.62,604.94,2.98,956.16,61.01,504.43
2026-02-18T18:40:00Z,56.85,2144.73,166.39,958.92,30.44,2572.28,155.86,0.00,63.97,2098.44,167.86,866.28,44.10,2087.05,167.97,533.20,242.60,47.40,95.94,214.93,1792.00,3541.24,2.32,149.26,113.62,592.55,3.23,948.09,60.32,487.08
2026-02-18T18:50:00Z,56.75,2150.13,166.97,976.95,30.69,2562.93,156.01,0.00,64.22,2092.76,167.73,864.56,44.09,2083.39,167.97,523.47,243.06,47.92,95.01,219.48,1796.57,3564.47,2.69,150.07,115.67,598.15,2.78,953.72,60.34,503.67
2026-02-18T19:00:00Z,57.17,2146.44,167.24,981.61,30.81,2553.46,155.91,0.00,64.31,2088.05,168.72,876.74,43.70,2098.87,168.04,520.28,242.67,49.77,94.97,215.72,1784.84,3549.65,2.49,149.97,115.50,598.38,2.92,945.80,60.36,501.45
2026-02-18T19:10:00Z,56.74,2147.03,166.47,965.03,30.25,2562.67,155.62,0.00,64.08,2108.06,168.24,869.65,43.35,2115.08,167.48,508.04,249.41,46.49,95.23,224.63,1797.33,3531.96,2.74,149.45,117.18,591.89,2.77,948.97,61.34,487.21
2026-02-18T19:20:00Z,56.61,2152.22,166.31,979.73,29.99,2566.76,155.06,0.00,64.20,2095.74,168.23,872.99,43.37,2111.09,166.93,507.43,246.31,48.71,94.59,222.13,1800.56,3539.93,2.39,149.31,118.27,598.33,2.86,950.10,60.73,495.82
2026-02-18T19:30:00Z,56.66,2153.24,166.21,977.76,30.07,2563.60,156.30,0.00,64.38,2100.44,168.40,862.34,43.43,2117.22,167.31,501.70,245.42,50.10,94.55,225.18,1786.50,3555.57,2.62,151.58,117.06,595.19,3.04,946.89,60.26,500.20
2026-02-18T19:40:00Z,56.76,2162.28,166.80,961.49,29.83,2563.07,156.34,0.00,64.07,2106.21,167.72,858.65,43.38,2116.71,167.83,503.50,241.20,50.78,94.32,215.15,1797.29,3554.45,2.50,150.64,114.66,598.61,3.02,950.27,61.33,505.62
2026-02-18T19:50:00Z,56.99,2142.19,166.84,968.83,29.82,2580.98,156.15,0.00,64.13,2095.47,167.68,860.57,43.27,2111.89,168.49,500.40,239.29,48.35,95.08,215.04,1791.48,3544.38,2.59,149.36,114.00,592.42,3.30,942.28,60.43,505.40
2026-02-18T20:00:00Z,56.86,2154.74,166.95,973.68,30.00,2577.23,156.17,0.00,64.25,2100.79,167.62,864.15,43.26,2127.16,168.40,,236.52,47.50,94.63,212.09,1794.50,3547.70,2.41,148.47,112.62,586.84,2.64,943.86,59.49,495.73
2026-02-18T20:10:00Z,57.15,2148.49,167.30,985.57,29.75,2580.04,157.23,0.00,64.37,2082.39,168.31,868.64,43.34,2116.91,168.20,507.93,238.28,48.22,94.99,212.42,1790.86,3549.75,2.46,150.24,114.63,591.88,3.14,941.50,60.42,492.83
2026-02-18T20:20:00Z,57.34,2143.65,167.55,992.36,30.05,2591.73,156.54,0.00,64.25,2095.87,169.04,862.33,43.19,2113.35,167.82,492.78,242.70,48.27,94.64,213.28,1789.52,3534.52,2.46,150.87,118.12,599.89,2.77,945.71,59.09,496.64
2026-02-18T20:30:00Z,57.02,2144.02,167.36,989.60,30.07,2580.34,155.84,0.00,63.67,2100.89,168.68,871.61,43.80,2115.76,167.93,499.96,245.52,47.89,95.12,222.31,1796.10,3550.17,2.44,149.18,120.60,605.58,2.98,948.95,60.24,501.12
2026-02-18T20:40:00Z,57.37,2145.63,167.03,987.20,29.72,2567.92,155.83,0.00,63.70,2098.36,168.39,852.90,43.81,2110.42,167.40,509.62,242.79,48.74,94.82,219.96,1789.83,3550.84,2.33,147.53,115.32,598.25,3.03,945.38,59.88,498.93
2026-02-18T20:50:00Z,57.28,2153.43,166.34,980.28,29.87,2573.43,155.19,0.00,63.49,2102.45,167.53,859.84,44.54,2095.53,167.54,523.41,247.44,47.39,94.35,223.27,1794.72,3548.46,2.29,150.77,117.65,594.18,2.75,954.73,60.46,493.55
2026-02-18T21:00:00Z,57.64,2146.69,166.60,974.65,30.06,2565.74,155.62,0.00,63.75,2106.44,167.14,858.12,44.19,2094.23,167.64,518.20,244.64,48.70,94.13,221.00,1797.54,3551.54,2.47,150.52,118.56,599.05,2.92,945.12,60.24,500.90
2026-02-18T21:10:00Z,57.56,2139.94,165.83,985.03,29.73,2573.52,155.00,0.00,63.77,2099.48,167.45,851.90,43.95,2090.17,168.07,526.92,243.52,47.03,93.84,216.70,1795.15,3556.54,2.54,149.63,116.68,602.74,2.98,943.96,60.69,501.14
2026-02-18T21:20:00Z,57.72,2140.85,166.47,981.67,29.89,2569.15,154.63,0.00,63.19,2099.96,167.07,848.94,44.13,2093.21,167.65,525.43,246.24,48.17,94.25,220.47,1794.89,3541.91,2.49,149.36,118.17,601.93,3.00,953.33,60.69,499.29
2026-02-18T21:30:00Z,57.56,2135.88,166.70,987.58,29.93,2575.48,155.34,0.00,63.09,2115.45,167.57,833.02,44.20,2096.83,167.90,527.68,243.95,48.33,94.37,222.94,1798.02,3560.57,2.52,150.58,118.74,604.87,2.69,943.94,61.63,492.90
2026-02-18T21:40:00Z,57.36,2133.41,167.99,990.32,29.84,2566.92,155.73,0.00,63.06,2122.34,167.70,833.51,44.07,2088.47,168.02,525.31,239.66,47.29,94.28,216.99,1791.86,3535.03,2.73,148.51,117.09,597.67,3.21,950.39,61.30,494.52
2026-02-18T21:50:00Z,57.19,2142.10,167.19,983.56,29.50,2584.14,155.37,0.00,62.62,2131.12,167.46,830.11,44.39,2086.81,168.03,534.82,240.67,46.91,94.78,217.70,1789.38,3534.50,2.74,148.53,116.08,598.19,3.05,944.62,59.98,510.63
2026-02-18T22:00:00Z,57.52,2148.40,167.00,975.02,29.70,2590.85,155.93,0.00,62.56,2133.51,167.16,821.45,44.34,2084.10,168.69,533.92,240.65,46.65,95.88,215.76,1798.96,3548.15,2.27,148.51,114.19,592.77,3.28,952.12,59.70,489.60
2026-02-18T22:10:00Z,57.08,2151.38,166.34,961.62,29.73,2581.01,156.17,0.00,62.50,2139.25,167.24,823.30,44.35,2097.01,168.66,522.53,246.28,46.17,95.36,221.35,1795.81,3559.82,2.50,150.19,119.35,603.29,2.62,956.17,59.52,503.99
2026-02-18T22:20:00Z,56.83,2151.85,166.24,964.26,30.17,2559.88,155.40,0.00,62.65,2134.99,167.34,820.36,44.40,2101.96,167.48,519.91,244.56,45.50,94.45,220.76,1797.79,3547.54,2.75,150.61,116.55,594.79,2.84,947.62,59.28,491.59
2026-02-18T22:30:00Z,57.08,2156.20,165.91,965.39,30.55,2570.05,155.48,0.00,63.01,2131.76,167.32,823.96,44.35,2096.17,167.56,529.00,244.89,47.07,93.64,218.38,1786.73,3540.93,2.61,150.40,117.83,600.29,3.32,941.42,60.86,502.39
2026-02-18T22:40:00Z,56.89,2145.77,166.16,965.84,30.56,2571.80,156.00,0.00,63.15,2125.38,167.14,828.29,44.25,2098.00,167.81,533.96,246.44,48.41,95.00,219.87,1809.10,3555.98,2.62,151.66,117.52,595.14,2.81,954.07,60.90,498.84
2026-02-18T22:50:00Z,56.79,2161.29,166.06,958.29,30.73,2570.18,156.00,0.00,62.97,2125.64,166.57,836.41,44.52,2107.19,168.30,535.18,246.86,47.93,94.53,220.31,1795.79,3547.92,2.46,149.24,119.19,593.54,3.00,950.44,60.49,488.50
2026-02-18T23:00:00Z,56.65,2161.55,165.00,948.38,30.57,2560.89,155.56,0.00,63.05,2122.84,166.64,835.59,44.65,2088.93,167.90,541.98,240.31,48.23,94.12,214.36,1788.71,3554.26,2.36,150.70,114.39,596.17,3.14,945.81,60.57,502.40
2026-02-18T23:10:00Z,56.58,2144.57,165.54,960.47,30.36,2566.70,155.10,0.00,63.06,2129.92,166.76,830.65,44.91,2069.15,168.04,543.14,244.44,47.41,94.21,223.68,1799.79,3539.51,2.40,149.15,116.50,593.01,2.38,952.14,61.11,473.86
2026-02-18T23:20:00Z,56.44,2165.80,165.76,959.96,30.67,2569.83,155.84,0.00,63.10,2125.04,166.91,824.78,44.68,2075.89,168.81,551.28,244.21,47.91,94.19,219.25,1797.72,3545.19,2.47,151.27,117.56,595.89,2.78,951.67,60.85,504.93
2026-02-18T23:30:00Z,56.32,2162.14,166.26,966.51,30.63,2557.86,156.36,0.00,63.20,2125.39,166.86,832.49,44.62,2077.96,168.87,539.66,243.11,49.33,95.29,217.31,1794.57,3553.70,2.32,151.94,113.46,586.33,3.05,948.67,60.29,494.15
2026-02-18T23:40:00Z,56.30,2168.91,166.45,955.96,30.33,2564.83,156.32,0.00,63.07,2124.03,166.58,833.10,44.23,2082.16,168.78,554.55,247.14,47.47,94.65,222.10,1809.59,3553.06,2.44,147.56,121.48,598.75,2.82,956.06,60.80,501.45
2026-02-18T23:50:00Z,56.20,2162.58,166.45,945.95,30.18,2573.39,156.02,0.00,63.31,2129.10,166.68,810.52,44.27,2094.67,168.80,549.91,246.38,47.22,94.54,221.54,1805.79,3554.68,2.67,150.04,116.58,601.18,3.14,952.48,61.52,500.21
