timestamp,VAR_001,VAR_002,VAR_003,VAR_004,VAR_005,VAR_006,VAR_007,VAR_008,VAR_009,VAR_010,VAR_011,VAR_012,VAR_013,VAR_014,VAR_015,VAR_016,VAR_017,VAR_018,VAR_019,VAR_020,VAR_021,VAR_022,VAR_023,VAR_024,VAR_025,VAR_026,VAR_027,VAR_028,VAR_029,VAR_030
2026-01-29T00:00:00Z,64.47,1956.51,171.70,1241.13,48.72,2098.39,167.66,591.98,45.81,2552.25,155.05,221.54,25.10,2571.20,156.95,0.00,228.20,42.32,92.95,209.95,1791.40,3545.47,2.55,148.77,108.13,587.63,3.15,949.43,60.67,499.96
2026-01-29T00:10:00Z,63.42,1974.41,171.53,1231.84,49.12,2101.72,168.09,598.78,46.16,2541.30,155.15,228.56,25.26,2569.53,157.53,0.00,229.09,42.51,94.38,204.61,1784.88,3563.01,2.41,149.63,109.88,586.19,3.37,949.56,59.95,486.47
2026-01-29T00:20:00Z,62.64,1992.53,171.54,1207.23,49.50,2099.55,168.42,603.26,45.89,2546.89,155.02,216.91,24.90,2564.36,157.04,0.00,229.82,42.52,94.43,206.14,1784.06,3553.66,2.71,151.97,110.10,586.44,2.81,951.67,59.74,500.39
2026-01-29T00:30:00Z,61.95,2016.30,170.46,1179.05,49.88,2091.92,167.41,592.34,45.82,2552.51,155.66,,25.19,2573.16,158.06,0.00,225.93,40.09,93.27,201.18,1791.15,3552.85,2.45,152.13,107.29,586.38,3.19,942.23,59.98,490.15
2026-01-29T00:40:00Z,60.69,2048.24,169.66,1131.08,49.71,2089.15,167.71,603.69,45.95,2558.10,154.53,212.22,25.34,2568.57,157.37,0.00,222.01,38.21,92.52,200.65,1773.87,3550.93,2.50,149.53,105.17,577.17,3.08,942.83,60.33,470.46
2026-01-29T00:50:00Z,59.54,2070.56,169.93,1095.29,49.72,2081.82,169.01,611.26,45.94,2548.93,154.52,207.57,25.21,2567.60,157.17,0.00,226.61,37.71,92.47,203.03,1780.89,3560.68,2.50,151.16,107.45,583.92,3.46,934.69,61.87,483.92
2026-01-29T01:00:00Z,,2094.47,169.22,1064.55,50.50,2066.20,169.25,627.33,45.87,2553.65,154.42,211.22,24.93,2577.38,157.18,0.00,226.57,37.83,92.87,202.70,1769.15,3552.10,2.58,149.81,107.71,590.39,2.63,936.99,59.64,492.38
2026-01-29T01:10:00Z,57.91,2120.59,168.60,1038.86,50.63,2057.88,169.01,641.20,45.67,2555.23,155.81,225.31,24.65,2575.48,157.49,0.00,232.28,39.23,93.27,206.76,1789.31,3536.63,2.50,150.53,107.89,589.49,3.16,943.95,59.11,496.50
2026-01-29T01:20:00Z,57.42,2134.14,167.96,1014.62,51.10,2058.60,169.11,647.92,45.34,2565.73,155.05,213.26,24.31,2576.76,157.55,0.00,228.27,39.01,93.12,206.67,1783.07,3544.49,2.63,148.93,108.07,592.02,2.83,939.64,58.84,496.71
2026-01-29T01:30:00Z,56.90,2147.31,167.74,990.91,51.05,2052.89,169.75,646.51,45.34,2571.09,154.66,201.07,23.91,2604.52,158.07,0.00,224.87,39.12,92.05,202.11,1783.81,3555.38,2.55,151.32,106.30,586.19,3.09,944.35,59.86,478.96
2026-01-29T01:40:00Z,56.37,2159.77,166.83,975.63,51.61,2048.63,170.10,652.20,44.99,2571.66,154.64,209.04,24.18,2602.32,158.41,0.00,225.60,40.20,92.35,201.19,1776.82,3550.22,2.76,148.00,106.97,584.25,2.94,941.25,59.30,480.83
2026-01-29T01:50:00Z,55.87,2172.35,165.86,957.26,51.59,2026.67,169.45,671.25,45.11,2573.04,154.21,196.54,24.68,2596.24,157.64,0.00,222.26,41.18,92.47,201.86,1782.47,3560.56,2.48,150.46,104.71,585.34,2.93,941.62,60.14,481.06
2026-01-29T02:00:00Z,55.30,2180.78,165.13,939.96,51.78,2031.57,169.64,684.41,44.93,2575.36,154.59,200.59,24.49,2595.52,157.88,0.00,220.57,40.23,93.38,197.62,1773.56,3542.44,2.52,149.82,105.07,579.99,2.82,936.66,59.34,482.42
2026-01-29T02:10:00Z,54.61,2198.81,165.56,929.86,51.78,2027.31,170.76,680.87,44.81,2583.60,154.80,194.79,24.45,2594.14,157.41,0.00,223.14,36.28,93.54,200.84,1777.81,3546.53,2.30,150.06,105.01,588.52,3.08,939.54,58.76,486.91
2026-01-29T02:20:00Z,53.96,2216.18,165.23,898.31,51.55,2040.64,170.43,683.15,44.94,2577.13,153.91,196.31,24.79,2582.23,156.64,0.00,219.99,35.38,93.32,199.18,1776.19,3562.41,2.42,150.45,106.41,577.75,2.95,935.07,59.12,490.98
2026-01-29T02:30:00Z,53.54,2233.19,165.62,868.74,51.55,2051.31,169.63,681.14,44.91,2574.21,154.08,188.65,24.34,2587.89,157.15,0.00,217.58,34.20,93.01,195.83,1769.54,3551.27,2.45,149.64,101.58,585.02,3.27,932.32,60.73,486.50
2026-01-29T02:40:00Z,53.01,2236.46,164.71,853.36,51.71,2041.35,169.73,689.49,44.65,2581.51,154.12,191.75,23.97,2593.36,157.52,0.00,212.76,36.58,92.64,191.19,1775.51,3550.27,2.69,149.03,101.30,579.45,3.10,933.19,60.65,495.60
2026-01-29T02:50:00Z,52.45,2246.77,163.85,839.14,51.77,2011.42,169.86,696.23,44.72,2589.32,154.01,180.95,23.85,2598.89,157.56,0.00,216.30,36.73,92.71,197.23,1774.14,3541.20,2.45,149.50,102.61,578.64,2.86,937.07,60.12,468.68
2026-01-29T03:00:00Z,52.13,2260.97,163.90,819.55,51.96,2017.98,170.13,710.29,44.48,2594.37,153.49,172.17,24.54,2589.12,158.13,0.00,212.14,34.09,92.04,192.63,1770.79,3557.18,2.35,150.12,100.16,569.04,3.08,936.99,60.01,482.87
2026-01-29T03:10:00Z,52.04,2268.55,163.52,821.09,51.87,2023.68,170.06,706.04,44.15,2588.36,153.78,160.44,24.51,2582.32,157.84,0.00,216.94,33.44,91.96,196.44,1771.93,3557.75,2.70,150.19,103.29,580.85,2.78,936.13,59.69,484.19
2026-01-29T03:20:00Z,51.31,2284.14,163.48,796.97,52.34,2023.85,170.33,698.71,44.07,2607.75,154.70,174.63,24.75,2600.90,156.88,0.00,214.87,33.25,91.48,191.52,1767.97,3554.26,2.80,148.55,106.30,578.12,3.45,938.51,59.65,481.64
2026-01-29T03:30:00Z,51.09,2298.59,163.13,776.94,52.75,2002.46,170.82,722.34,44.48,2589.34,153.98,180.44,24.74,2580.24,156.73,0.00,211.43,33.28,91.90,191.41,1769.32,3549.63,2.69,151.33,103.27,576.27,3.25,936.95,59.03,485.17
2026-01-29T03:40:00Z,50.48,2316.65,163.06,770.14,52.94,1999.00,170.73,728.47,44.49,2580.64,153.24,168.70,24.50,2584.11,156.97,0.00,211.22,34.85,92.69,189.43,1770.50,3558.49,2.38,149.29,99.97,572.03,2.87,931.53,59.48,482.92
2026-01-29T03:50:00Z,50.29,2314.28,162.22,748.11,53.13,1999.24,170.51,722.99,44.28,2593.94,153.03,160.24,24.87,2584.31,156.83,0.00,208.25,34.13,92.01,186.83,1772.70,3551.39,2.49,149.11,99.08,574.64,3.37,936.93,58.66,488.92
2026-01-29T04:00:00Z,49.96,2328.03,161.95,729.90,53.28,1984.99,170.56,735.85,44.57,2588.57,153.47,180.23,24.82,2575.99,156.79,0.00,213.09,35.12,92.20,194.35,1769.04,3549.04,2.51,150.14,100.69,576.67,3.10,936.13,57.83,477.88
2026-01-29T04:10:00Z,49.38,2341.27,161.27,708.66,53.48,1982.06,171.10,742.19,44.62,2576.44,153.91,189.01,24.78,2572.33,157.59,0.00,208.63,35.92,92.89,184.65,1757.13,3534.28,2.53,148.68,98.81,575.85,2.95,923.02,59.43,475.74
2026-01-29T04:20:00Z,49.31,2339.72,161.46,695.80,53.63,1987.29,171.10,745.64,44.31,2588.62,153.58,172.48,24.96,2568.99,157.81,0.00,210.91,34.64,93.11,190.20,1764.34,3542.48,2.31,150.31,102.49,575.10,2.90,938.60,58.69,477.83
2026-01-29T04:30:00Z,49.05,2341.22,161.20,696.60,53.99,1978.43,170.99,765.77,44.94,2583.34,154.41,194.82,25.02,2577.33,157.96,0.00,209.82,36.67,92.02,189.98,1772.33,3541.53,2.57,148.74,99.94,575.90,3.07,937.14,57.55,465.84
2026-01-29T04:40:00Z,49.27,2338.70,160.52,701.87,53.96,1966.42,171.39,778.87,44.84,2584.26,154.21,197.58,25.25,2567.74,157.72,0.00,212.58,39.05,92.02,192.99,1767.41,3541.79,2.81,148.08,100.47,575.98,3.03,933.43,57.78,482.93
2026-01-29T04:50:00Z,48.83,2344.03,160.91,697.21,53.95,1979.39,171.73,778.11,44.91,2581.14,154.58,185.04,24.95,2576.60,157.62,0.00,210.77,34.46,92.63,191.49,1772.95,3544.55,2.47,149.17,102.73,578.65,2.94,927.95,57.57,485.75
2026-01-29T05:00:00Z,49.01,2341.13,161.02,703.91,54.11,1976.42,171.61,781.66,45.00,2580.96,153.74,166.93,25.26,2580.94,157.69,0.00,209.37,34.29,93.75,186.20,1768.36,3553.70,2.25,150.81,98.14,571.26,2.94,934.08,57.13,479.43
2026-01-29T05:10:00Z,48.78,2346.98,161.27,703.94,54.27,1956.43,171.36,789.50,44.61,2570.09,154.05,180.79,25.26,2578.10,157.00,0.00,209.14,36.47,92.89,188.60,1772.03,3551.81,2.40,148.80,99.74,578.28,3.03,934.44,58.06,483.95
2026-01-29T05:20:00Z,48.57,2355.96,161.09,685.94,54.39,1960.84,172.42,801.70,44.72,2585.33,154.30,174.94,25.29,2566.46,157.29,0.00,209.10,34.54,92.74,188.61,1765.97,3551.39,2.84,150.11,97.66,575.52,3.09,936.50,58.43,489.92
2026-01-29T05:30:00Z,48.67,2363.93,161.33,672.57,54.48,1961.26,172.41,813.81,45.11,2578.90,154.02,191.12,25.37,2567.77,157.43,0.00,207.08,33.26,92.94,190.38,1772.95,3542.36,2.94,149.41,97.00,576.29,2.95,937.95,59.57,480.71
2026-01-29T05:40:00Z,48.16,2376.15,160.03,647.28,54.90,1952.38,172.57,802.56,45.30,2572.49,153.90,189.48,25.37,2572.06,157.50,0.00,210.34,32.41,93.88,189.97,1774.02,3544.67,2.81,149.64,99.20,575.00,2.90,944.22,58.42,473.67
2026-01-29T05:50:00Z,47.55,2372.63,160.18,651.09,55.08,1947.42,172.01,790.08,45.46,2572.30,153.35,191.13,25.19,2573.31,157.72,0.00,205.33,34.85,92.85,185.30,1765.09,3547.65,2.49,149.15,98.46,569.20,2.78,939.00,57.45,460.61
2026-01-29T06:00:00Z,48.05,2357.00,159.88,657.71,54.91,1953.98,171.46,799.42,45.42,2574.51,153.32,213.32,24.85,2581.77,157.80,0.00,208.79,33.71,93.18,184.51,1757.50,3540.66,2.33,150.05,98.72,573.58,3.30,931.94,58.60,471.88
2026-01-29T06:10:00Z,47.47,2377.64,159.73,661.12,55.15,1959.71,171.78,795.78,45.34,2575.31,154.08,197.23,24.40,2586.82,157.46,0.00,206.43,34.12,92.41,188.77,1762.05,3556.37,2.52,151.74,96.53,569.25,3.17,929.63,59.31,473.81
2026-01-29T06:20:00Z,47.15,2394.91,159.54,645.01,55.28,1947.75,171.89,800.56,45.11,2566.35,154.43,208.92,24.58,2589.28,157.40,0.00,209.17,33.45,92.25,187.66,1760.11,,2.58,150.59,100.54,575.27,3.13,936.60,58.99,481.30
2026-01-29T06:30:00Z,46.89,2399.06,159.41,637.56,54.84,1952.77,171.91,790.92,45.30,2563.69,154.71,205.64,24.75,2598.87,157.11,0.00,215.22,32.37,92.46,193.64,1758.05,3543.40,2.57,149.40,105.15,579.36,2.72,930.05,59.89,488.05
2026-01-29T06:40:00Z,46.98,2402.06,159.63,624.37,54.99,1951.66,171.82,796.61,45.15,2572.99,155.05,211.09,24.64,2597.80,157.37,0.00,208.41,34.41,92.56,186.65,1756.64,3547.29,2.43,150.84,98.62,569.30,3.00,925.49,58.42,471.55
2026-01-29T06:50:00Z,47.09,2412.37,159.77,605.80,54.98,1956.19,172.40,796.51,45.35,2566.77,155.48,206.62,24.33,2596.26,157.75,0.00,204.03,34.74,92.19,185.34,1767.82,3543.13,2.33,149.40,98.04,573.19,3.17,932.84,58.73,482.46
2026-01-29T07:00:00Z,46.87,2395.69,158.92,614.42,54.73,1956.39,172.38,780.62,45.06,2571.05,154.54,208.05,24.18,2595.70,157.00,0.00,213.40,35.22,91.18,192.07,1773.58,3554.66,2.41,148.96,102.18,575.21,3.15,934.63,60.08,476.00
2026-01-29T07:10:00Z,46.89,2396.65,158.87,616.24,54.93,1954.25,171.42,785.40,45.44,2564.77,154.59,213.83,24.12,2599.97,157.24,0.00,210.21,34.38,92.58,187.16,1762.83,3550.63,2.38,151.52,99.39,568.49,2.96,937.91,58.12,475.60
2026-01-29T07:20:00Z,46.85,2395.74,159.21,617.12,54.64,1955.50,171.97,782.71,45.15,2565.35,154.54,194.22,24.03,2597.23,157.39,0.00,209.14,33.48,91.62,186.38,1759.80,3529.33,2.51,147.55,101.41,569.88,2.92,926.10,58.99,478.29
2026-01-29T07:30:00Z,46.82,2396.72,158.93,618.54,54.85,1955.32,171.45,791.80,45.23,2566.24,154.74,193.38,24.05,2595.98,157.14,0.00,208.84,30.57,91.70,192.48,1770.61,3549.16,2.35,149.92,101.68,581.36,3.06,928.11,57.86,480.83
2026-01-29T07:40:00Z,46.64,2404.76,159.00,624.06,54.61,1968.30,171.29,785.34,44.80,2576.61,154.27,185.97,24.01,2596.92,156.36,0.00,209.46,32.09,91.35,191.08,1762.20,3561.25,2.58,148.35,100.65,580.98,3.29,926.24,58.94,473.40
2026-01-29T07:50:00Z,46.66,2414.69,159.07,606.38,54.99,1957.49,171.37,797.54,44.90,2572.53,154.03,198.67,24.08,2597.40,156.78,0.00,207.36,31.94,91.49,183.67,1765.39,3560.77,2.53,148.58,96.67,572.41,2.46,,61.09,481.59
2026-01-29T08:00:00Z,46.18,2418.43,158.96,597.36,54.97,1948.41,172.00,801.73,44.98,2578.42,153.61,185.47,24.39,2597.28,157.04,0.00,208.13,34.23,91.42,187.12,1759.90,3552.02,2.69,150.70,100.31,570.67,3.04,932.27,60.76,470.84
2026-01-29T08:10:00Z,46.43,2421.56,158.77,591.62,55.05,1942.89,171.73,797.40,44.75,2576.70,154.39,187.40,24.23,2598.12,157.48,0.00,211.13,31.71,91.71,191.11,1771.13,3557.68,2.53,149.37,100.49,583.13,2.77,934.77,61.01,489.45
2026-01-29T08:20:00Z,46.44,2417.03,159.31,598.01,54.97,1942.46,171.87,808.49,44.18,2579.60,154.39,182.71,23.98,2591.40,157.42,0.00,210.37,29.54,91.73,187.55,1766.97,3548.97,2.45,150.77,102.06,,3.03,933.80,58.72,492.25
2026-01-29T08:30:00Z,46.15,2424.55,159.17,595.96,54.63,1945.61,172.05,798.64,44.36,2585.28,154.00,175.73,23.91,2613.64,157.94,0.00,207.25,29.15,92.49,186.99,1772.14,3546.05,2.69,151.16,102.20,574.19,3.11,932.83,58.97,476.85
2026-01-29T08:40:00Z,46.04,2423.47,158.40,589.60,54.38,1957.27,172.01,785.91,44.49,2573.25,154.61,174.01,23.77,2610.64,158.05,0.00,210.76,31.41,92.44,187.95,1764.29,3566.33,2.35,151.50,103.12,582.18,2.81,935.59,59.78,484.95
2026-01-29T08:50:00Z,45.84,2422.71,159.16,584.15,54.49,1957.52,171.12,788.51,44.75,2571.37,154.27,172.43,24.03,2604.67,157.59,0.00,204.82,32.32,92.34,180.91,1762.49,3543.94,2.55,149.86,96.09,576.07,2.79,932.71,60.39,490.75
2026-01-29T09:00:00Z,45.36,2433.11,158.97,583.13,54.90,1949.12,170.64,790.72,44.59,2577.94,153.46,163.30,23.78,2609.39,157.99,0.00,204.48,31.70,91.34,184.34,1769.89,3542.23,2.62,147.67,96.80,568.96,2.86,939.37,58.79,472.91
2026-01-29T09:10:00Z,45.21,2434.74,157.91,558.12,54.89,1960.32,171.54,814.09,44.68,2584.46,153.79,170.43,24.03,2601.52,157.25,0.00,206.77,30.16,91.76,185.43,1770.24,3535.32,2.82,150.22,94.72,574.09,2.86,932.82,58.89,484.89
2026-01-29T09:20:00Z,45.10,2442.80,158.17,558.99,55.13,1947.74,171.42,807.37,44.57,2594.88,153.79,164.94,24.38,2604.29,157.44,0.00,212.94,31.17,91.05,190.43,1774.93,3562.74,2.36,149.70,100.94,583.59,2.97,935.00,60.37,480.25
2026-01-29T09:30:00Z,44.96,2449.87,158.01,559.90,55.92,1938.47,171.48,818.24,44.55,2574.79,153.83,165.31,24.05,2601.22,157.01,0.00,207.76,33.32,92.22,185.09,1765.86,3541.49,2.39,150.07,97.17,573.26,3.08,936.50,59.87,479.68
2026-01-29T09:40:00Z,45.31,2438.45,158.23,541.21,55.84,1938.44,,822.83,44.73,2577.37,153.92,169.69,24.09,2597.72,157.56,0.00,207.63,31.87,91.92,185.55,1765.15,3552.76,2.35,151.29,96.26,569.42,3.05,929.68,58.55,474.33
2026-01-29T09:50:00Z,45.33,2439.88,158.47,554.93,56.20,1928.36,172.88,819.10,44.99,2582.15,153.97,167.86,24.35,2589.03,156.79,0.00,207.11,30.71,91.86,189.05,1767.03,3552.10,2.48,149.14,100.25,580.02,2.90,939.31,59.58,480.35
2026-01-29T10:00:00Z,45.54,2436.94,158.16,570.46,56.15,1931.63,172.58,831.07,44.94,2586.89,153.44,186.17,24.56,2585.84,156.56,0.00,201.35,32.18,91.98,180.01,1759.94,3556.65,2.56,149.77,95.12,567.55,3.05,922.42,59.71,469.63
2026-01-29T10:10:00Z,45.06,2443.27,157.69,564.49,56.23,1914.10,173.38,853.10,44.71,2591.46,153.39,182.90,24.63,2589.96,157.59,0.00,208.17,32.40,91.96,186.82,1767.67,3568.93,2.58,148.63,98.11,576.22,2.99,936.49,58.67,489.57
2026-01-29T10:20:00Z,44.93,2441.00,158.67,547.24,56.25,1913.00,172.77,857.44,45.02,2571.45,153.59,188.63,24.85,2585.96,157.21,0.00,208.69,34.15,92.08,189.65,1765.48,3553.10,2.62,149.49,97.25,574.56,2.62,924.28,58.54,470.14
2026-01-29T10:30:00Z,44.75,2446.92,158.14,540.58,56.18,1922.63,173.04,854.47,45.34,2574.63,154.23,198.09,25.04,2586.36,157.55,0.00,209.36,31.64,91.81,189.53,1778.93,3531.90,2.61,151.22,99.24,580.94,2.53,930.04,59.04,492.02
2026-01-29T10:40:00Z,44.34,2455.50,157.25,539.08,56.30,1924.13,172.94,840.71,45.37,2567.84,154.17,197.12,24.95,2581.66,157.49,0.00,203.98,31.75,92.55,186.48,1763.23,3554.42,2.89,149.14,98.83,572.34,3.38,934.16,58.68,476.54
2026-01-29T10:50:00Z,44.65,2447.67,158.30,547.45,56.70,1898.20,173.25,851.26,45.73,2560.25,154.33,191.33,24.80,2579.04,157.39,0.00,203.50,31.76,92.67,184.21,1766.74,3557.98,2.72,149.33,96.50,577.89,3.01,929.80,58.78,484.76
2026-01-29T11:00:00Z,44.72,2460.20,158.08,537.46,56.76,1903.97,173.37,853.50,45.86,2568.50,154.83,204.08,25.19,2580.98,157.22,0.00,211.35,31.14,93.18,191.22,1776.96,3536.13,2.64,149.39,102.37,582.63,3.34,940.60,60.01,485.53
2026-01-29T11:10:00Z,44.92,2469.42,157.99,539.00,56.42,1908.72,172.59,855.75,45.83,2555.78,155.15,214.70,25.03,2579.44,157.31,0.00,211.40,33.89,93.25,191.47,1773.46,3560.27,2.28,150.84,100.92,576.71,2.97,934.61,59.18,488.38
2026-01-29T11:20:00Z,44.68,2465.10,158.04,538.54,56.41,1922.83,172.85,849.81,45.35,2564.50,154.37,199.57,25.20,2567.79,157.74,0.00,206.79,35.36,92.69,185.80,1760.99,3543.51,2.44,150.22,98.59,569.97,2.88,924.64,60.30,472.37
2026-01-29T11:30:00Z,44.29,2466.62,158.08,527.60,56.06,1920.42,172.36,834.81,45.52,2566.48,154.33,214.06,25.64,2565.48,156.91,0.00,205.96,36.81,92.20,185.06,1759.78,3547.46,2.91,150.65,99.08,569.37,2.82,926.06,60.33,475.30
2026-01-29T11:40:00Z,44.20,2478.38,157.57,518.51,55.85,1924.62,172.59,828.24,45.59,2571.12,153.81,211.69,25.62,2577.03,157.37,0.00,204.62,34.57,92.22,185.91,1770.32,3565.75,2.41,148.50,97.35,567.24,3.24,930.69,60.23,473.42
2026-01-29T11:50:00Z,44.24,2483.25,157.35,510.86,55.57,1929.32,172.10,820.84,45.61,2566.26,154.28,214.98,25.86,2562.52,157.07,0.00,202.22,30.77,91.51,179.51,1753.65,3560.96,2.69,150.36,94.92,571.99,2.93,928.54,59.44,480.52
2026-01-29T12:00:00Z,43.90,2484.37,156.73,514.80,55.74,1936.83,172.39,824.33,45.74,2551.54,154.97,202.23,25.47,2564.05,156.98,0.00,206.70,31.83,91.40,187.60,1762.91,3543.63,2.40,148.64,95.74,568.75,3.01,935.12,58.51,477.79
2026-01-29T12:10:00Z,44.09,2472.05,157.65,514.16,55.54,1933.92,172.08,818.78,46.31,2536.26,154.16,205.14,25.69,2562.62,156.66,0.00,208.82,30.45,92.03,186.14,1770.15,3560.58,2.41,149.81,99.78,573.59,3.02,939.52,58.94,483.90
2026-01-29T12:20:00Z,44.00,2483.54,157.30,501.83,55.35,1943.75,172.14,824.40,46.39,2532.45,155.05,230.85,25.70,2553.83,156.52,0.00,209.54,31.48,92.91,192.74,1771.74,3536.88,2.53,148.67,97.86,574.50,2.88,933.73,59.82,487.15
2026-01-29T12:30:00Z,43.66,2487.95,156.49,502.30,55.38,1936.50,172.85,832.92,46.67,2526.92,155.50,240.13,25.36,2557.24,156.81,0.00,208.26,30.60,92.57,184.66,1768.48,3547.63,2.66,149.95,96.96,573.57,2.88,930.23,59.51,472.91
2026-01-29T12:40:00Z,43.45,2487.05,156.31,495.71,55.37,1932.86,172.70,817.21,46.57,2539.45,155.25,245.91,26.10,2546.30,156.42,0.00,207.28,30.88,92.49,185.38,1771.65,3547.69,2.51,150.84,98.40,577.29,3.24,936.79,58.97,491.90
2026-01-29T12:50:00Z,43.69,2494.29,156.47,494.95,55.17,1945.51,172.79,814.67,46.35,2541.16,155.44,256.07,26.12,2553.73,156.68,0.00,209.04,34.00,92.87,187.43,1760.24,3537.94,2.33,149.64,99.74,581.62,2.64,931.01,59.51,486.09
2026-01-29T13:00:00Z,44.03,2479.89,157.15,506.24,55.31,1944.13,171.89,813.55,46.21,2544.32,155.63,251.07,26.24,2539.59,157.31,0.00,204.98,35.54,93.14,185.64,1768.24,3544.74,2.44,149.88,96.19,561.26,3.12,933.28,58.66,474.86
2026-01-29T13:10:00Z,43.73,2485.54,158.28,524.19,55.27,1940.65,172.53,813.51,46.51,2528.96,155.33,261.02,26.58,2539.35,157.90,0.00,207.22,35.48,92.02,185.11,1758.07,3537.95,2.48,148.52,98.64,575.48,2.92,932.95,58.93,477.25
2026-01-29T13:20:00Z,43.92,2477.71,157.58,525.77,55.42,1939.29,172.74,813.61,46.35,2538.69,155.64,252.85,26.46,2532.91,157.55,0.00,206.07,33.38,92.27,185.02,1762.74,3544.50,2.53,150.33,100.30,573.38,3.20,928.23,59.80,481.40
2026-01-29T13:30:00Z,43.71,2472.42,156.94,520.57,55.37,1934.71,172.72,813.64,46.29,2538.33,155.45,252.70,26.19,2544.70,157.44,0.00,208.98,33.29,92.41,183.88,1758.65,3546.66,2.59,149.69,101.29,578.36,2.92,928.03,59.94,488.39
2026-01-29T13:40:00Z,43.72,2470.66,157.48,521.28,55.10,1949.36,172.92,803.28,46.26,2548.34,155.74,246.07,25.81,2551.69,157.31,0.00,207.53,31.20,92.31,183.99,1752.33,3556.31,2.30,149.74,97.95,573.32,2.82,923.04,59.31,467.97
2026-01-29T13:50:00Z,43.49,2486.14,156.51,500.92,55.08,1944.71,172.29,811.11,46.19,2550.51,155.04,222.15,25.53,2557.04,156.94,0.00,202.64,30.11,92.62,178.64,1761.84,3553.47,2.34,148.84,98.47,568.92,2.69,930.97,58.94,468.41
2026-01-29T14:00:00Z,43.16,2485.34,157.05,498.27,54.91,1959.58,171.85,797.16,45.72,2569.53,155.33,205.52,25.36,2560.47,156.79,0.00,200.50,32.42,92.62,179.42,1754.88,3552.84,2.42,151.54,92.20,563.25,3.22,925.60,58.94,473.29
2026-01-29T14:10:00Z,42.86,2501.51,156.63,482.67,54.84,1953.26,172.41,787.81,45.62,2568.01,154.93,198.95,25.17,2566.87,157.44,0.00,204.33,31.44,92.66,182.50,1755.35,3563.76,2.32,150.78,97.77,578.35,2.89,924.87,59.54,478.87
2026-01-29T14:20:00Z,42.99,2502.26,156.49,461.47,55.06,1960.72,170.95,792.30,45.81,2564.54,155.80,208.44,24.89,2567.11,157.19,0.00,197.76,31.37,91.98,181.22,1771.70,3548.82,2.10,150.24,93.92,566.05,2.83,940.93,58.35,466.88
2026-01-29T14:30:00Z,43.38,2486.79,155.86,475.97,54.93,1950.23,170.91,796.42,45.60,2567.55,155.55,210.09,24.80,2576.70,156.52,0.00,202.65,30.70,91.83,181.49,1765.36,3546.90,2.39,148.51,95.28,580.99,2.85,923.01,57.53,479.26
2026-01-29T14:40:00Z,43.53,2483.36,156.08,492.39,54.77,1950.54,171.93,815.11,45.51,2553.85,155.68,203.54,24.95,2570.76,156.00,0.00,205.92,32.92,92.79,185.49,1765.64,3556.18,,150.80,100.51,574.64,3.35,932.73,56.58,475.82
2026-01-29T14:50:00Z,43.84,2485.78,156.43,518.54,54.99,1944.96,172.14,816.57,45.32,2560.44,155.19,215.09,25.28,2570.68,156.45,0.00,214.17,31.07,91.63,192.17,1770.80,3538.77,2.63,149.89,101.41,584.07,3.30,937.40,58.94,484.27
2026-01-29T15:00:00Z,44.00,2477.93,156.70,512.82,54.99,1953.81,172.51,816.15,45.39,2558.81,154.77,206.85,24.93,2571.75,156.24,0.00,213.10,30.83,91.01,192.15,1763.19,3554.13,2.66,148.46,102.16,575.28,2.85,928.93,59.43,483.68
2026-01-29T15:10:00Z,43.94,2479.14,157.08,509.37,54.73,1949.09,172.52,800.39,45.56,2568.11,154.57,200.31,24.82,2587.87,156.68,0.00,207.82,29.19,91.29,185.79,1765.02,3550.95,2.35,149.45,98.83,568.62,3.12,936.36,59.59,466.48
2026-01-29T15:20:00Z,44.11,2467.41,157.25,511.24,54.73,1952.71,172.77,795.81,46.05,2563.68,155.13,,24.84,2578.42,156.67,0.00,208.28,30.60,91.48,185.07,1763.68,3551.02,2.76,151.02,97.62,579.97,2.81,931.74,60.36,484.20
2026-01-29T15:30:00Z,44.17,2469.03,157.26,492.27,54.80,1957.60,172.76,793.87,45.85,2555.12,154.10,216.54,24.81,2582.82,156.45,0.00,207.52,30.99,90.99,189.08,1766.08,3553.26,2.36,,98.57,576.00,2.73,938.86,60.87,478.14
2026-01-29T15:40:00Z,44.08,2472.19,157.61,512.65,54.91,1944.87,172.83,795.17,45.81,2558.92,154.45,215.73,24.68,2572.16,156.74,0.00,204.03,32.12,91.39,182.82,1763.01,3545.16,2.36,149.77,97.25,575.33,3.14,935.67,61.12,466.72
2026-01-29T15:50:00Z,43.80,2480.05,157.28,508.35,54.37,1957.59,173.07,789.00,46.04,2554.77,154.97,203.29,24.23,2588.19,157.46,0.00,201.93,32.02,91.60,183.72,1759.33,3559.47,2.67,150.98,97.69,573.45,2.88,931.05,59.85,479.27
2026-01-29T16:00:00Z,44.02,2479.75,157.43,499.79,54.38,1956.68,172.55,791.13,45.80,2558.57,154.75,217.68,24.28,2598.87,157.05,0.00,204.04,32.07,91.85,183.29,1763.35,3553.87,2.34,150.16,97.62,572.58,3.17,929.10,58.95,474.25
2026-01-29T16:10:00Z,44.04,2469.02,157.55,503.90,54.49,1957.73,172.29,793.34,46.21,2552.95,154.52,221.96,24.19,2592.22,156.93,0.00,204.20,32.76,92.45,183.44,1763.00,3550.27,2.44,149.10,98.92,577.52,3.05,927.45,59.64,484.34
2026-01-29T16:20:00Z,44.46,2462.92,158.15,519.01,54.99,1951.23,171.41,789.96,46.10,2551.43,154.32,225.04,24.26,2593.61,157.36,0.00,208.66,32.63,91.18,189.01,1765.53,3543.90,2.85,148.66,98.09,572.43,3.18,935.80,59.71,472.93
2026-01-29T16:30:00Z,44.30,2462.12,158.15,516.27,54.62,1964.08,171.48,786.72,46.23,2541.18,154.55,225.40,24.70,2587.70,156.60,0.00,206.59,32.07,91.17,187.21,1771.75,3555.07,2.73,147.55,99.55,578.02,2.92,938.10,60.15,491.18
2026-01-29T16:40:00Z,44.48,2460.24,158.13,541.18,54.95,1961.36,171.78,781.27,46.20,2536.01,154.90,231.70,24.81,2575.02,156.04,0.00,204.26,31.15,91.89,182.21,1755.91,3549.50,2.24,149.90,97.42,566.69,2.95,926.16,58.16,482.49
2026-01-29T16:50:00Z,44.35,2469.83,157.47,533.02,55.57,1952.94,172.03,802.23,46.02,2553.23,155.33,244.87,25.18,2563.89,156.13,0.00,205.67,32.90,92.53,187.33,1763.70,3547.62,2.50,150.39,101.41,574.09,3.22,929.59,58.46,480.27
2026-01-29T17:00:00Z,44.74,2460.61,157.62,531.68,55.75,1937.42,171.99,803.14,45.60,2552.51,155.60,232.58,25.02,2556.58,156.83,0.00,205.53,32.01,92.33,185.89,1768.60,3552.47,2.38,149.79,97.68,571.58,3.05,935.16,58.13,473.94
2026-01-29T17:10:00Z,44.62,2460.96,157.50,537.03,55.62,1938.49,172.02,809.21,45.90,2555.92,155.45,228.42,25.17,2571.27,157.58,0.00,205.23,32.74,91.97,185.17,1761.39,3536.00,2.31,150.04,97.14,573.33,2.89,927.46,57.44,486.26
2026-01-29T17:20:00Z,44.07,2469.38,158.13,533.31,55.95,1928.70,172.31,821.74,45.92,2545.85,155.23,232.94,25.21,2572.66,157.42,0.00,204.95,33.11,91.87,185.50,1765.61,3552.84,2.40,147.77,99.26,574.86,2.90,924.21,59.27,471.35
2026-01-29T17:30:00Z,43.94,2472.99,157.75,514.73,55.85,1939.55,172.51,819.87,45.51,2560.43,154.76,209.16,25.09,2567.29,157.44,0.00,206.29,31.45,93.42,186.66,1758.81,3550.69,2.83,150.40,97.07,573.13,2.90,929.47,57.55,481.07
2026-01-29T17:40:00Z,43.48,2476.77,157.51,496.01,55.94,1933.30,172.35,839.45,45.58,2561.50,154.87,216.96,24.56,2581.97,157.89,0.00,208.83,32.00,92.95,186.86,1772.21,3548.99,2.59,150.82,97.63,579.31,2.92,941.18,59.12,476.84
2026-01-29T17:50:00Z,43.17,2482.74,157.35,502.06,55.47,1951.98,171.92,833.07,45.92,2550.96,154.82,206.22,24.83,2585.36,157.67,0.00,212.84,31.87,93.46,191.09,1774.66,3554.29,2.58,151.48,100.57,576.34,2.86,938.79,58.37,478.25
2026-01-29T18:00:00Z,43.60,2483.26,157.48,506.34,55.55,1941.16,172.38,827.71,45.39,2550.21,154.33,201.71,24.80,2574.94,157.81,0.00,204.57,31.26,92.84,184.05,1761.13,3550.54,2.53,148.80,96.69,564.05,3.16,933.17,58.94,466.64
2026-01-29T18:10:00Z,43.62,2486.44,157.06,505.52,55.89,1934.06,172.81,842.70,45.11,2573.84,154.31,193.69,24.89,2575.89,157.16,0.00,199.51,32.41,92.30,180.21,1754.92,3553.30,2.43,149.96,91.04,562.01,3.02,927.89,58.45,473.43
2026-01-29T18:20:00Z,43.73,2476.59,157.20,499.57,55.53,1927.90,172.66,833.97,45.29,2568.84,155.03,208.15,24.86,2571.27,156.92,0.00,202.11,33.24,92.25,181.24,1752.76,3548.69,2.58,147.51,98.07,572.32,3.02,929.37,59.65,474.78
2026-01-29T18:30:00Z,43.80,2478.50,156.81,501.36,54.84,1945.41,173.04,806.25,45.14,2564.22,155.19,195.95,24.96,2568.86,157.51,0.00,206.16,33.20,92.33,183.41,1760.80,3560.61,2.58,150.23,98.55,571.32,2.62,925.57,57.53,469.20
2026-01-29T18:40:00Z,44.16,2471.79,157.01,496.31,54.50,1947.61,172.42,796.95,45.18,2580.29,154.79,198.51,25.21,2575.77,157.00,0.00,201.00,32.89,91.50,182.43,1765.58,3560.51,2.42,149.15,96.64,565.99,3.29,933.54,58.66,482.06
2026-01-29T18:50:00Z,44.36,2473.56,157.59,500.63,54.86,1951.73,172.52,801.78,45.30,2581.06,154.99,184.51,25.15,2575.21,157.58,0.00,210.87,31.31,92.41,191.78,1765.38,3550.07,2.23,152.44,99.41,582.03,2.90,925.65,59.25,484.07
2026-01-29T19:00:00Z,44.63,2468.93,157.81,504.86,54.73,1956.26,172.46,807.87,44.89,2582.51,155.15,182.60,25.46,2565.71,156.80,0.00,210.23,30.22,92.12,185.16,1764.88,3540.73,2.64,150.42,100.29,588.53,3.17,936.85,57.73,496.63
2026-01-29T19:10:00Z,44.72,2459.67,158.32,515.77,54.40,1961.74,172.79,803.08,45.11,2576.93,154.91,182.15,25.12,2571.64,157.33,0.00,208.82,29.64,92.82,189.36,1754.72,3572.37,2.59,149.27,101.55,578.34,2.75,928.73,57.67,476.48
2026-01-29T19:20:00Z,45.02,2459.39,158.94,553.87,54.41,1962.04,171.57,783.56,45.26,2580.30,154.60,182.82,25.05,2573.52,157.70,0.00,207.01,30.51,92.72,185.76,1760.50,3540.25,2.66,148.94,98.20,572.83,2.96,931.16,58.66,461.57
2026-01-29T19:30:00Z,45.28,2457.38,158.36,553.36,54.45,1947.27,171.93,788.69,44.59,2578.37,154.84,184.77,25.07,2576.10,157.48,0.00,205.12,31.93,92.74,184.36,1773.01,3554.06,2.48,151.14,97.81,574.04,3.07,937.68,61.21,478.92
2026-01-29T19:40:00Z,45.55,2446.01,158.10,567.97,55.17,1949.25,171.86,814.83,44.42,2578.51,154.98,180.98,24.95,2573.43,157.01,0.00,,30.25,93.76,184.23,1758.25,3562.44,2.34,148.19,97.96,581.17,3.31,930.95,61.00,484.25
2026-01-29T19:50:00Z,46.09,2433.15,158.31,565.08,55.53,1945.28,171.64,835.72,44.55,2587.80,154.58,173.33,24.87,2579.02,157.93,0.00,198.99,34.63,93.57,177.59,1766.00,3559.28,2.55,150.00,96.89,578.76,2.95,937.30,60.69,480.08
2026-01-29T20:00:00Z,45.86,2429.26,158.48,566.68,55.86,1931.54,171.86,829.52,44.38,2593.05,155.11,168.26,24.66,2594.54,157.64,0.00,199.99,32.57,92.56,178.05,1755.98,3553.43,2.34,148.72,93.52,567.79,2.86,925.72,62.75,481.86
2026-01-29T20:10:00Z,45.78,2439.28,158.99,576.87,55.88,1935.35,172.30,838.09,44.53,2591.31,154.13,164.41,24.71,2593.61,157.46,0.00,201.50,32.20,92.34,180.43,1756.71,3550.74,2.50,150.33,94.59,563.67,3.00,933.04,60.63,483.16
2026-01-29T20:20:00Z,46.29,2435.61,159.51,587.83,55.77,1926.06,172.16,833.06,44.65,2595.00,154.05,169.55,24.99,2577.38,157.06,0.00,204.07,33.55,92.68,183.90,1771.04,3559.80,2.36,150.77,95.99,568.65,3.07,936.64,60.52,487.07
2026-01-29T20:30:00Z,45.93,2435.97,159.01,587.95,55.78,1931.34,172.41,843.82,45.09,2585.74,153.80,170.51,25.19,2577.40,156.70,0.00,207.64,33.18,91.86,186.11,1769.99,3555.02,2.63,150.29,97.51,569.92,2.76,930.10,59.80,475.77
2026-01-29T20:40:00Z,45.81,2431.03,158.70,582.59,55.47,1943.73,172.13,832.06,45.20,2571.06,154.18,194.68,25.31,2569.34,156.95,0.00,210.05,30.84,92.20,190.00,1767.37,3542.51,2.67,149.37,99.97,575.96,3.25,929.86,58.60,485.15
2026-01-29T20:50:00Z,45.78,2432.27,158.67,585.42,55.15,1952.46,172.31,810.09,45.12,2568.51,153.99,200.79,25.28,2560.01,156.94,0.00,212.26,32.53,92.22,195.18,1773.36,3546.07,2.66,149.22,100.22,576.43,2.80,930.64,59.44,473.70
2026-01-29T21:00:00Z,45.57,2429.19,158.65,574.25,55.22,1939.86,172.36,816.57,44.99,2571.11,154.08,208.18,25.09,2570.98,157.45,0.00,212.61,34.85,91.92,190.17,1766.75,3545.72,2.30,150.67,100.11,571.22,3.29,930.74,58.72,487.32
2026-01-29T21:10:00Z,45.63,2429.99,158.22,567.10,55.69,1927.61,172.44,826.54,45.33,2573.59,154.45,202.91,25.23,2563.53,157.71,0.00,211.50,32.07,91.72,190.42,1774.58,3554.76,2.58,148.66,101.11,582.30,3.02,933.80,59.68,479.89
2026-01-29T21:20:00Z,45.24,2429.07,158.38,573.50,56.09,1923.39,172.15,845.46,45.35,2565.43,154.58,198.36,25.60,2562.97,157.76,0.00,207.66,33.91,91.68,186.14,1757.87,3551.04,2.48,151.15,98.79,577.51,3.14,929.93,60.08,490.87
2026-01-29T21:30:00Z,44.97,2439.09,159.24,563.75,56.05,1929.70,172.17,843.40,44.92,2566.12,155.62,199.56,25.44,2567.59,157.51,0.00,205.65,34.22,92.25,182.30,1758.22,3545.56,2.79,148.36,97.46,576.35,3.26,927.87,59.09,491.41
2026-01-29T21:40:00Z,45.04,2441.64,158.76,581.00,55.78,1938.88,172.26,836.01,45.41,2549.29,156.23,210.21,25.59,2557.89,157.18,0.00,208.01,33.43,93.01,188.32,1766.88,3544.61,2.29,148.94,100.70,578.93,3.34,937.91,59.86,473.73
2026-01-29T21:50:00Z,45.09,2455.96,158.16,558.73,56.24,1922.41,173.10,840.60,45.45,2561.94,155.36,214.27,25.85,2555.22,157.65,0.00,214.48,33.80,93.53,192.83,1771.03,3539.25,2.44,150.78,98.47,571.94,3.10,937.29,62.10,479.82
2026-01-29T22:00:00Z,45.30,2446.65,158.10,544.69,56.26,1922.44,173.52,836.05,45.29,2564.19,154.89,211.65,25.80,2549.22,157.56,0.00,206.51,33.91,92.28,186.63,1764.57,3543.07,2.74,148.59,97.26,573.83,3.05,924.56,60.95,475.78
2026-01-29T22:10:00Z,45.44,2440.32,158.25,559.73,56.34,1927.73,173.01,840.36,44.95,2568.63,154.72,204.30,25.38,2562.86,157.42,0.00,207.95,35.00,91.65,190.75,1763.52,3559.80,2.41,148.18,102.41,575.91,2.73,931.65,59.33,483.78
2026-01-29T22:20:00Z,45.81,2425.72,157.76,562.41,56.18,1929.63,172.82,842.58,45.04,2566.69,154.68,187.48,25.60,2563.71,156.52,0.00,209.27,31.54,92.75,189.72,1763.66,3539.53,2.56,149.73,100.48,581.13,2.86,933.42,58.92,477.23
2026-01-29T22:30:00Z,46.10,2419.87,158.16,577.56,55.92,1927.35,172.90,846.68,45.25,2572.33,155.55,194.50,25.29,2561.34,157.49,0.00,210.17,30.85,92.44,190.31,1769.60,3544.87,2.45,148.75,97.48,565.92,2.96,931.45,57.13,475.34
2026-01-29T22:40:00Z,45.49,2430.60,158.52,571.16,56.03,1923.34,173.47,846.33,45.12,2556.14,155.27,210.86,25.06,2560.15,157.19,0.00,207.18,32.02,93.25,182.93,1765.75,3551.83,2.51,150.94,99.25,579.47,3.18,931.46,57.26,487.20
2026-01-29T22:50:00Z,45.09,2436.32,158.34,561.00,56.39,1927.57,173.47,839.44,45.38,2565.07,155.07,199.30,24.90,2565.87,156.81,0.00,198.33,35.30,93.10,177.88,1751.46,3551.36,2.53,149.83,95.21,564.00,3.06,922.32,58.02,477.44
2026-01-29T23:00:00Z,45.17,2446.66,158.18,553.73,55.93,1919.12,173.12,841.44,45.49,2566.23,154.87,199.73,24.50,2585.81,156.62,0.00,208.56,37.71,92.17,185.33,1770.06,3550.34,2.59,148.01,99.17,577.13,2.94,936.68,57.38,482.19
2026-01-29T23:10:00Z,45.43,2443.80,158.43,557.83,55.80,1927.60,172.98,838.39,45.15,2575.43,154.78,181.44,24.63,2575.45,157.18,0.00,205.57,33.50,91.46,182.58,1755.80,3540.53,2.57,151.01,96.82,575.04,3.20,927.89,58.27,483.22
2026-01-29T23:20:00Z,45.37,2438.16,158.26,551.15,55.44,1932.25,172.46,832.59,44.89,2576.24,154.31,174.96,24.78,2586.35,156.75,0.00,203.28,32.84,91.33,182.62,1769.15,3559.50,2.68,147.32,95.39,567.87,2.92,935.44,59.08,469.02
2026-01-29T23:30:00Z,44.97,2453.86,159.00,561.22,55.78,1935.66,172.86,835.99,44.75,2577.72,154.04,169.63,24.78,2588.57,157.29,0.00,203.16,30.73,91.55,183.18,1774.30,3554.51,2.63,150.24,98.87,578.65,2.99,938.44,59.47,486.79
2026-01-29T23:40:00Z,44.59,2455.62,158.69,551.42,55.64,1933.25,172.71,828.66,44.61,2586.76,153.56,181.33,25.24,2584.21,157.33,0.00,208.04,31.18,92.38,187.66,1771.01,3558.89,2.42,149.35,101.66,576.08,3.12,929.50,59.31,480.75
2026-01-29T23:50:00Z,44.45,2464.98,158.43,537.77,55.66,1932.94,172.82,842.77,44.58,2585.52,153.88,179.56,25.83,2568.00,157.53,0.00,210.85,30.75,91.80,185.69,1760.88,3551.27,2.81,150.14,97.20,568.89,3.25,937.26,59.46,477.42
2026-01-30T00:00:00Z,44.28,2457.13,157.15,521.38,55.41,1937.56,172.27,830.64,44.28,2595.38,153.88,174.54,27.12,2544.52,158.03,0.00,202.72,32.46,92.33,183.88,1761.72,3568.84,2.47,149.81,97.81,570.03,2.59,931.99,58.50,478.27
2026-01-30T00:10:00Z,44.30,2461.59,158.19,513.62,54.87,1950.22,171.31,808.96,44.68,2580.23,152.89,171.09,28.19,2522.17,157.68,0.00,208.40,32.95,92.37,188.60,1771.25,3554.69,2.41,150.92,101.07,575.94,2.42,937.20,60.02,477.62
2026-01-30T00:20:00Z,44.35,2471.26,157.12,513.26,54.81,1947.22,171.41,796.49,45.07,2570.43,152.66,193.55,29.16,2480.57,157.20,0.00,199.39,30.55,92.44,179.48,1759.50,3543.30,2.68,149.21,95.26,571.38,2.39,925.61,58.66,485.97
2026-01-30T00:30:00Z,44.51,2461.75,156.73,513.39,54.68,1962.11,171.94,792.40,45.22,2568.48,154.18,204.83,30.29,2455.53,157.54,0.00,202.29,31.56,92.27,188.63,1770.22,3557.68,2.49,148.68,93.95,566.83,3.20,934.29,58.94,465.10
2026-01-30T00:40:00Z,44.39,2468.20,156.77,510.88,54.62,1964.05,172.24,809.70,45.05,2581.65,153.67,196.72,31.22,2429.35,157.45,38.22,197.77,31.41,91.71,177.16,1754.04,3567.60,2.12,147.04,93.82,574.78,2.96,925.18,60.09,484.85
2026-01-30T00:50:00Z,44.29,2460.86,156.88,529.80,54.33,1966.26,172.69,800.51,44.94,2579.61,154.32,193.99,31.98,2416.81,158.49,70.95,200.94,33.84,92.26,181.75,1762.24,3551.03,2.82,149.86,96.52,575.00,3.20,932.69,59.23,482.25
2026-01-30T01:00:00Z,44.17,2457.07,158.11,515.56,54.92,1956.80,171.91,806.44,44.89,2573.35,155.58,200.26,32.82,2390.78,158.41,80.58,208.67,32.41,91.98,187.87,1761.06,3547.80,2.40,149.92,99.54,573.33,2.93,925.15,59.85,465.03
2026-01-30T01:10:00Z,44.19,2466.92,158.02,519.82,54.68,1957.63,172.33,790.45,44.56,2579.84,155.47,186.28,33.81,2362.30,158.85,129.26,208.82,31.21,93.43,189.50,1768.90,3558.36,2.52,151.15,98.28,568.54,3.27,937.20,59.70,483.81
2026-01-30T01:20:00Z,43.76,2472.38,157.32,529.27,54.46,1972.36,171.13,781.50,44.77,2584.72,154.86,184.90,34.72,2345.07,159.50,162.85,208.80,31.99,93.36,186.44,1772.28,3543.56,2.20,150.91,98.58,579.67,2.90,932.67,59.14,485.97
2026-01-30T01:30:00Z,43.99,2470.91,157.08,532.62,54.03,1977.99,172.48,777.39,44.78,2589.74,154.79,189.64,35.53,2314.56,160.14,182.50,212.46,34.87,92.72,192.68,1775.11,3542.94,2.48,149.66,103.52,584.39,2.86,934.43,59.28,489.05
2026-01-30T01:40:00Z,44.21,2463.09,157.77,544.33,54.30,1970.54,171.73,789.30,44.96,2582.33,155.14,188.29,36.76,2296.31,161.26,214.52,213.84,38.16,91.70,190.56,1768.74,3546.27,2.66,149.32,101.04,579.35,2.51,939.95,60.04,490.60
2026-01-30T01:50:00Z,44.01,2470.37,158.08,544.08,54.13,1971.17,171.67,791.24,45.62,2562.92,154.80,189.16,37.52,2280.40,161.65,249.35,215.94,36.33,92.42,195.37,1767.10,3546.46,2.39,149.66,101.28,581.80,2.87,932.31,58.34,489.10
2026-01-30T02:00:00Z,43.66,2476.58,157.97,527.62,54.15,1982.30,171.81,782.62,45.84,2563.75,154.66,208.65,38.36,2259.36,162.41,279.12,217.30,36.47,92.29,194.14,1765.19,3557.45,2.67,150.55,102.95,581.68,3.17,928.16,,488.14
2026-01-30T02:10:00Z,43.20,2477.68,157.19,507.69,54.19,1974.72,171.53,779.44,45.91,2545.98,154.93,218.24,38.94,2235.44,162.61,288.27,218.28,36.32,92.99,194.42,1773.10,3545.25,2.55,148.09,104.65,574.62,3.18,937.17,58.90,475.18
2026-01-30T02:20:00Z,43.04,2502.28,156.64,485.11,54.45,1965.68,172.27,780.90,45.79,2537.76,155.74,230.88,39.64,2217.11,163.55,338.63,217.73,36.49,92.83,197.03,1770.16,3561.09,2.35,150.63,104.23,580.36,3.01,934.66,59.56,475.77
2026-01-30T02:30:00Z,43.05,2494.00,156.30,471.25,54.48,1961.86,172.46,784.88,45.42,2543.66,155.35,222.36,39.94,2205.62,164.43,352.23,216.63,37.08,93.90,194.58,1775.82,3547.72,2.41,149.03,103.37,576.29,3.15,937.65,58.50,482.93
2026-01-30T02:40:00Z,42.84,2494.87,156.70,488.72,54.53,1959.36,172.08,777.71,45.23,2565.70,155.17,220.92,40.42,2182.38,163.99,374.88,220.50,36.40,94.35,198.26,1771.97,3564.04,2.46,150.55,105.34,582.20,2.97,937.06,58.96,483.57
2026-01-30T02:50:00Z,43.02,2492.84,156.74,478.82,54.31,1960.87,171.94,783.58,45.57,2567.67,155.00,212.25,40.90,2177.00,164.28,390.01,218.74,34.64,94.31,197.10,1772.13,3547.57,2.59,150.63,103.36,573.19,2.86,933.29,59.46,483.22
2026-01-30T03:00:00Z,42.87,2491.52,156.95,471.36,54.40,1975.82,171.56,771.72,45.83,2563.92,155.45,214.05,41.30,2173.77,164.88,414.22,225.69,36.75,93.92,206.31,1775.75,3551.43,2.74,148.57,108.09,582.56,3.04,933.05,58.83,483.69
2026-01-30T03:10:00Z,42.71,2509.81,156.92,463.22,54.24,1971.21,171.35,761.43,46.02,2557.75,155.68,211.65,41.53,2164.47,164.94,422.12,215.67,37.65,94.09,193.81,1771.07,3548.59,2.55,149.60,104.25,585.39,2.94,937.34,58.79,480.75
2026-01-30T03:20:00Z,43.00,2511.97,155.92,469.75,54.53,1956.80,171.78,776.86,45.76,2557.03,155.00,210.84,42.04,2143.19,,435.11,222.65,38.28,93.91,198.23,1779.05,3539.89,2.60,149.79,108.62,583.07,3.15,936.59,59.10,494.48
2026-01-30T03:30:00Z,42.86,2502.55,155.63,467.88,54.49,1965.31,171.35,775.09,45.50,2569.07,154.94,212.80,42.42,2143.14,166.77,443.28,226.41,39.03,92.96,204.85,1777.05,3547.95,2.39,149.19,110.24,586.22,3.14,942.98,59.76,491.65
2026-01-30T03:40:00Z,42.54,2502.11,156.24,452.94,54.40,1971.92,172.70,793.73,45.38,2566.67,155.19,212.74,42.50,2139.64,166.42,445.70,225.02,41.11,92.51,203.83,1778.00,3550.49,2.39,147.82,107.92,589.98,3.47,943.78,60.00,483.89
2026-01-30T03:50:00Z,42.63,2506.66,156.22,454.77,54.45,1969.52,172.81,805.46,45.70,2556.45,154.79,215.99,42.75,2133.81,166.27,461.21,222.23,39.39,93.26,201.44,1775.22,3548.82,2.34,150.40,105.92,583.34,3.28,936.14,61.49,491.34
2026-01-30T04:00:00Z,42.50,2518.42,156.63,447.24,54.26,1962.64,171.88,790.01,45.48,2555.96,154.57,214.54,43.06,2133.35,166.35,456.57,219.33,39.86,93.41,196.54,1759.42,3536.42,2.46,147.50,105.16,582.82,3.00,925.23,60.57,489.33
2026-01-30T04:10:00Z,42.62,2506.40,156.37,446.56,54.50,1960.85,172.54,790.65,45.30,2566.29,154.19,215.19,43.29,2128.42,166.47,466.55,220.26,40.29,93.84,197.84,1771.75,3547.03,2.56,149.37,105.58,586.54,3.16,939.09,61.36,497.30
2026-01-30T04:20:00Z,42.68,2513.22,155.46,452.71,54.19,1956.13,171.85,781.37,44.90,2572.85,154.50,204.63,43.45,2110.32,166.96,498.24,218.63,39.90,93.60,197.34,1764.43,3547.45,2.50,150.26,104.93,576.59,2.70,931.70,59.17,487.71
2026-01-30T04:30:00Z,42.46,2515.39,155.94,456.02,53.44,1980.70,171.83,772.36,44.79,2581.99,154.23,193.60,44.01,2092.58,167.30,512.10,221.81,38.17,93.61,199.41,1770.12,3548.04,2.62,150.48,107.30,587.90,3.02,929.24,60.58,490.44
2026-01-30T04:40:00Z,42.48,2516.08,155.82,457.07,53.54,1988.50,171.45,746.54,44.46,2578.27,154.89,179.14,44.28,2096.15,167.06,518.31,220.55,41.18,94.43,196.63,1767.09,3545.13,2.36,148.27,103.34,576.78,3.19,928.42,59.64,495.76
2026-01-30T04:50:00Z,42.90,2502.29,156.29,459.27,53.89,1984.66,170.80,757.28,44.38,2583.30,154.09,161.26,44.55,2080.83,167.81,537.32,218.65,38.00,93.72,197.18,1768.60,3564.56,2.42,149.45,105.97,580.35,2.39,929.24,58.38,481.49
2026-01-30T05:00:00Z,42.98,2495.63,156.23,467.04,53.68,1992.94,170.83,743.57,44.60,2588.78,154.41,167.07,44.91,2074.60,168.40,544.88,221.82,40.48,93.66,199.15,1770.43,3547.23,2.43,149.90,108.47,589.28,3.20,931.14,60.29,489.76
2026-01-30T05:10:00Z,43.33,2495.59,156.31,467.60,53.70,1984.04,170.51,745.56,44.48,2589.84,154.26,161.92,44.83,2081.97,168.64,550.44,223.51,39.84,93.96,201.00,1775.00,3559.54,2.50,151.18,106.95,588.00,2.83,936.71,59.38,487.84
2026-01-30T05:20:00Z,43.21,2493.21,156.09,476.53,53.23,1990.81,170.93,740.64,44.55,2586.12,153.60,174.00,45.16,2076.36,168.18,549.64,222.37,39.61,94.13,199.36,1775.18,3557.48,2.51,149.62,103.98,582.62,3.11,938.45,59.86,480.21
2026-01-30T05:30:00Z,43.18,2500.98,155.85,468.10,53.50,1990.12,171.45,736.59,44.65,2586.19,154.10,175.52,45.39,2073.54,168.45,552.95,226.73,40.06,94.47,202.37,1771.15,3538.13,2.51,149.58,108.84,584.97,3.24,928.35,59.69,485.32
2026-01-30T05:40:00Z,42.95,2505.92,156.33,463.06,53.49,1984.60,171.07,731.07,44.72,2584.22,154.12,191.67,45.46,2074.58,168.60,567.32,230.51,42.14,93.83,210.33,1792.57,3556.01,2.59,151.26,109.32,589.97,3.00,944.64,59.56,483.04
2026-01-30T05:50:00Z,42.93,2510.17,156.67,469.74,53.82,1970.85,171.11,752.20,44.88,2566.14,153.69,183.20,45.66,2067.05,168.71,574.20,225.34,40.03,94.32,202.39,1780.96,3535.67,2.67,150.86,107.20,578.18,2.95,939.95,58.98,476.31
2026-01-30T06:00:00Z,42.62,2501.91,156.57,459.33,53.52,1981.03,170.68,760.23,45.29,2575.16,154.42,194.83,46.27,2056.66,169.30,588.30,223.53,41.62,93.38,198.02,1770.56,3542.39,2.48,149.44,107.47,589.58,3.27,932.26,59.22,494.85
2026-01-30T06:10:00Z,42.74,2506.38,156.22,455.47,53.73,1976.35,170.50,747.54,45.25,2575.08,154.30,185.70,45.89,2052.37,169.28,579.76,223.18,40.29,93.00,200.02,1784.00,3543.61,2.72,149.18,104.50,588.25,2.82,941.41,59.89,483.47
2026-01-30T06:20:00Z,42.64,2509.63,155.69,461.83,53.79,1974.29,170.32,762.77,45.09,2577.80,154.58,198.05,46.08,2057.60,169.55,571.98,225.39,39.74,93.55,203.97,1780.72,3552.30,2.45,148.92,106.93,585.97,3.18,941.39,60.38,501.08
2026-01-30T06:30:00Z,42.70,2502.42,156.16,455.30,54.19,1976.06,170.63,771.98,44.93,2577.99,153.99,188.54,46.20,2041.25,169.86,596.65,223.88,40.42,93.60,202.82,1782.33,3539.80,2.54,148.74,105.16,581.11,3.14,942.01,60.15,491.29
2026-01-30T06:40:00Z,42.49,2505.12,155.97,457.32,54.72,1972.96,171.68,788.49,44.68,2591.39,153.80,175.57,46.24,2042.31,169.54,585.51,227.86,40.35,93.65,203.07,1781.47,3560.04,2.43,150.96,107.51,583.66,3.22,943.03,59.75,484.64
2026-01-30T06:50:00Z,42.88,2497.20,156.07,470.84,54.96,1966.11,172.40,797.10,44.47,2598.82,153.76,182.49,46.46,2050.88,169.61,585.74,225.88,39.81,94.54,202.29,1772.95,3543.84,2.21,150.34,107.16,591.53,2.72,934.04,59.16,496.21
2026-01-30T07:00:00Z,42.98,2489.13,155.90,485.80,55.11,1959.48,172.69,811.14,44.28,2605.75,154.17,166.66,46.66,2047.74,169.75,604.22,226.02,38.65,94.45,207.14,1785.95,3557.94,2.69,150.77,109.88,576.46,2.89,946.71,59.72,480.23
2026-01-30T07:10:00Z,42.76,2507.53,156.98,479.27,55.20,1943.94,172.24,805.00,44.35,2597.68,154.09,162.82,46.70,2037.70,170.25,615.02,222.95,41.12,94.11,199.09,1777.18,3554.17,2.72,147.38,108.62,585.20,2.69,941.02,58.81,485.77
2026-01-30T07:20:00Z,42.87,2500.85,157.13,463.18,55.48,1934.39,171.93,812.25,43.98,2602.71,153.78,145.27,46.56,2035.29,168.69,612.96,228.30,41.38,92.99,199.73,1775.90,3565.28,2.50,150.14,110.60,587.93,2.81,938.95,58.05,488.28
2026-01-30T07:30:00Z,42.98,2505.57,155.79,462.71,55.31,1940.10,172.02,820.43,43.79,2606.07,153.73,146.30,46.93,2031.31,168.97,612.37,225.05,41.97,93.57,202.97,1779.56,3544.47,2.57,148.89,107.62,583.21,2.97,942.06,58.87,480.24
2026-01-30T07:40:00Z,42.87,2504.92,156.11,470.66,55.41,1928.94,172.65,824.56,43.89,2606.08,153.75,163.15,47.24,2024.18,169.48,625.25,230.56,43.12,94.11,208.39,1786.41,3557.89,2.47,149.76,111.21,591.09,3.08,943.25,59.99,483.48
2026-01-30T07:50:00Z,43.00,2504.72,156.88,472.88,55.62,1935.53,172.53,833.98,43.81,2604.90,153.15,158.78,47.50,2022.78,170.33,626.03,229.43,45.38,94.24,204.91,1778.67,3545.58,2.49,150.33,112.84,590.11,2.72,940.72,61.20,493.58
2026-01-30T08:00:00Z,42.87,2499.07,156.60,468.75,55.91,1936.55,172.96,832.88,44.06,2601.60,152.94,147.58,47.78,2021.60,170.33,642.48,225.01,45.59,93.64,204.44,1775.11,3547.53,2.40,150.84,108.73,593.75,3.04,944.15,58.45,496.79
2026-01-30T08:10:00Z,43.05,2495.40,156.19,469.92,56.30,1930.24,172.99,839.84,44.64,2594.06,153.70,157.89,47.91,2002.74,169.28,641.52,230.44,42.98,93.18,209.54,1787.78,3562.08,2.64,150.26,107.28,578.45,3.14,942.67,59.56,482.50
2026-01-30T08:20:00Z,42.96,2502.60,155.74,474.74,56.23,1912.95,173.01,856.08,44.46,2604.45,153.77,155.63,47.57,2003.66,169.26,654.11,232.90,45.25,93.54,208.65,1789.04,3562.50,2.53,147.48,109.68,587.63,3.52,950.87,59.60,486.77
2026-01-30T08:30:00Z,43.50,2485.65,155.92,476.64,56.37,1923.35,173.45,839.73,44.39,2594.23,154.54,163.54,47.62,2004.32,169.86,649.13,235.96,42.97,93.22,215.20,1786.74,3539.53,2.38,150.72,113.44,594.25,3.13,932.17,58.78,488.02
2026-01-30T08:40:00Z,43.48,2481.19,156.77,491.82,55.56,1928.27,173.09,835.29,44.50,2587.93,153.87,167.28,47.79,2004.69,170.06,648.11,235.76,44.86,93.96,214.34,1785.41,3546.93,2.63,150.29,113.09,591.14,2.46,941.23,57.57,490.61
2026-01-30T08:50:00Z,43.04,2491.35,157.17,486.39,55.55,1933.94,172.36,836.92,44.39,2588.62,154.47,168.72,48.02,2003.61,170.84,668.35,237.68,45.65,93.35,219.14,1797.19,3548.83,2.52,150.03,113.51,591.88,2.79,949.91,58.68,486.92
2026-01-30T09:00:00Z,42.95,2495.72,157.39,491.31,55.65,1932.96,171.47,836.37,44.46,2580.61,154.54,178.93,47.82,2001.86,170.34,662.54,236.84,47.71,93.59,212.58,1791.50,3553.51,2.46,148.68,117.09,606.10,2.93,937.01,59.81,492.19
2026-01-30T09:10:00Z,42.89,2507.23,156.56,463.73,55.31,1930.48,172.53,835.33,44.17,2575.49,154.90,170.31,47.91,2002.64,170.44,655.51,233.28,45.30,93.39,211.66,1787.36,3546.89,2.41,149.04,112.98,587.17,2.80,935.68,60.73,482.17
2026-01-30T09:20:00Z,42.98,2514.91,156.26,463.39,54.89,1941.79,172.28,823.52,44.21,2585.24,154.72,167.44,48.34,2001.53,170.30,666.07,239.01,44.28,93.82,213.54,1791.83,3565.22,2.41,149.91,112.87,595.76,3.29,947.53,61.37,499.66
2026-01-30T09:30:00Z,43.41,2502.40,156.36,482.98,54.63,1957.29,171.33,820.42,44.29,2582.99,154.81,182.72,48.51,1988.34,170.20,675.98,234.40,43.63,94.10,213.25,1783.53,3550.50,2.54,148.43,111.85,,2.75,945.18,60.60,497.92
2026-01-30T09:40:00Z,43.43,2496.83,156.80,484.73,54.12,1958.49,172.11,811.93,44.65,2582.78,154.66,176.53,49.06,1979.07,171.15,684.72,232.41,43.02,94.25,207.91,1786.21,3541.86,2.50,148.93,111.75,591.95,3.06,939.60,59.00,493.05
2026-01-30T09:50:00Z,43.35,2486.63,156.56,477.81,54.21,1968.03,171.87,789.16,44.88,2577.43,155.49,196.73,48.99,1977.36,171.16,684.61,231.88,41.94,93.48,210.00,1787.23,3563.05,2.37,149.91,112.60,585.93,2.96,947.14,59.98,483.13
2026-01-30T10:00:00Z,43.50,2481.82,157.11,503.76,54.53,1967.28,171.70,785.78,44.91,2582.11,154.71,196.31,49.04,1967.76,171.09,701.69,238.75,43.97,93.36,216.16,1794.01,3538.34,2.64,149.30,113.87,594.15,3.11,949.38,59.22,484.50
2026-01-30T10:10:00Z,43.55,2495.55,156.29,503.05,54.56,1961.17,171.74,786.91,45.14,2575.21,154.49,184.23,48.95,1962.60,171.27,716.22,237.50,44.85,94.01,212.43,1800.47,3554.76,2.47,151.05,113.03,597.01,3.11,943.89,60.18,495.07
2026-01-30T10:20:00Z,43.88,2481.49,156.61,508.61,54.26,1968.79,172.53,786.12,45.08,2571.33,153.71,187.93,49.01,1976.54,172.03,698.31,239.78,44.61,93.83,213.96,1792.88,3553.72,2.37,150.96,115.39,588.23,2.88,947.72,59.20,491.69
2026-01-30T10:30:00Z,44.13,2478.60,157.17,511.28,54.40,1965.27,172.48,783.79,44.76,2586.31,153.20,177.69,49.40,1966.87,171.85,698.33,237.49,41.10,94.14,216.97,1786.72,3532.88,2.33,150.56,114.81,589.28,2.97,941.76,59.77,490.52
2026-01-30T10:40:00Z,43.69,2470.09,157.15,520.14,55.02,1959.72,172.36,772.54,44.83,2587.74,153.51,184.50,49.80,1958.38,171.89,707.23,237.22,40.70,93.45,212.79,1778.39,3543.27,2.95,147.34,114.80,599.65,2.77,936.45,60.99,496.62
2026-01-30T10:50:00Z,43.99,2470.47,157.03,516.57,54.63,1956.42,171.92,776.68,44.93,2577.64,154.19,199.07,50.25,1948.62,172.16,736.98,237.18,41.56,93.48,214.50,1786.90,3545.65,2.41,150.89,113.18,597.11,2.91,946.81,59.60,495.65
2026-01-30T11:00:00Z,44.06,2463.51,157.49,526.14,54.70,1950.19,171.81,779.97,44.93,2568.51,154.48,187.99,50.57,1940.53,173.07,747.27,238.43,43.56,93.37,214.26,1792.97,3552.41,2.62,149.43,114.67,588.56,3.11,952.07,59.43,495.73
2026-01-30T11:10:00Z,43.97,2471.56,157.32,521.14,54.96,1941.64,171.13,788.69,44.94,2564.62,155.11,188.89,50.90,1940.34,172.90,752.78,239.94,45.93,94.48,213.99,1789.41,3534.75,2.44,148.59,114.94,589.08,2.66,949.08,59.35,497.59
2026-01-30T11:20:00Z,44.31,2470.44,156.91,505.63,54.86,1950.79,171.80,800.80,44.82,2571.98,154.43,189.48,50.75,1929.72,172.02,756.16,238.47,48.58,94.49,214.44,1781.52,3561.85,2.53,149.94,115.68,599.65,2.98,939.31,58.92,503.02
2026-01-30T11:30:00Z,44.33,2460.33,156.58,510.26,55.00,1956.77,171.79,809.73,44.75,2574.95,154.47,189.68,50.85,1935.80,173.20,759.72,243.06,46.16,93.45,221.74,1802.75,3559.87,2.58,150.12,118.35,594.60,2.79,952.65,58.36,495.20
2026-01-30T11:40:00Z,44.25,2471.58,157.08,524.50,54.85,1958.04,172.46,819.84,44.80,2584.32,154.38,175.48,49.97,1947.50,172.94,744.31,237.57,48.11,93.51,214.69,1790.90,3554.26,2.53,152.25,113.45,593.98,3.21,946.16,61.37,490.31
2026-01-30T11:50:00Z,44.51,2457.49,157.05,527.09,54.84,1951.60,171.96,796.17,44.69,2578.90,154.94,175.66,49.75,1943.22,173.17,750.42,233.98,48.47,93.50,211.27,1777.74,3542.11,2.48,149.11,113.28,588.81,2.88,938.98,61.40,485.49
2026-01-30T12:00:00Z,44.61,2457.95,157.01,533.06,54.78,1950.26,173.01,798.40,44.78,2583.34,154.40,179.78,49.71,1956.53,171.96,726.31,235.71,47.30,93.41,213.74,1782.88,3552.66,2.68,151.25,113.15,583.21,3.09,940.42,61.16,481.07
2026-01-30T12:10:00Z,44.28,2465.60,156.75,524.26,54.89,1952.62,172.97,793.76,45.08,2576.50,154.58,186.13,49.32,1971.70,171.94,726.23,238.80,46.08,94.04,215.41,1791.52,3553.60,2.41,149.46,115.14,589.28,3.29,948.18,61.32,492.21
2026-01-30T12:20:00Z,44.17,2461.14,157.56,530.50,54.76,1960.68,173.26,805.53,45.26,2571.22,154.34,197.05,49.63,1950.86,172.05,712.41,242.45,46.18,94.53,217.60,1790.14,3554.74,2.46,150.12,113.84,591.03,3.10,944.24,60.30,491.64
2026-01-30T12:30:00Z,44.47,2461.12,157.55,527.48,54.34,1972.07,172.01,791.54,45.51,2555.46,154.73,203.27,49.83,1955.99,172.17,725.63,243.94,46.80,94.59,219.32,1791.23,3541.32,2.53,149.34,117.14,595.16,3.18,944.53,59.54,490.11
2026-01-30T12:40:00Z,44.63,2458.05,157.69,532.57,54.47,1978.05,171.53,786.13,45.25,2567.07,154.95,195.93,50.11,1943.12,172.17,725.11,246.22,48.87,94.98,224.74,1795.23,3551.63,2.61,148.68,116.75,604.30,2.77,948.20,58.97,513.61
2026-01-30T12:50:00Z,44.79,2460.75,157.79,533.18,54.79,1964.44,171.22,784.73,45.60,2558.27,154.64,201.00,50.16,1954.33,172.03,737.76,243.29,48.04,94.47,218.19,1798.35,3543.17,2.41,151.47,116.64,601.51,3.36,949.40,59.61,503.80
2026-01-30T13:00:00Z,44.89,2464.82,158.08,545.66,54.94,1960.55,170.89,788.04,45.77,2550.93,154.89,212.61,50.30,1945.74,172.50,748.89,239.43,48.33,94.14,217.90,1791.65,3559.52,2.60,150.76,112.40,590.84,3.41,941.99,60.02,484.15
2026-01-30T13:10:00Z,44.95,2474.95,158.51,535.57,55.14,1944.79,171.76,790.42,45.75,2557.20,154.72,211.01,49.98,1936.12,171.68,752.00,241.43,45.65,93.89,216.71,1807.51,3565.33,2.48,150.77,115.98,594.28,3.03,959.48,58.61,501.29
2026-01-30T13:20:00Z,45.04,2458.05,158.29,541.90,55.28,1943.45,171.71,796.64,45.81,2557.37,154.69,227.09,49.70,1955.04,171.70,734.21,241.01,46.93,94.12,212.76,1780.14,3547.78,2.55,149.47,114.58,595.91,3.36,936.09,58.76,495.86
2026-01-30T13:30:00Z,44.69,2467.71,158.44,534.02,54.83,1952.06,172.06,800.50,45.84,2554.64,155.06,223.02,49.73,1952.14,171.79,727.92,240.79,46.42,93.73,212.89,1788.36,3539.72,2.53,152.36,115.00,594.25,3.12,941.88,60.30,493.90
2026-01-30T13:40:00Z,44.62,2472.69,158.54,548.01,54.95,1962.63,171.63,808.45,45.54,2569.27,155.09,207.37,49.91,1950.01,171.85,728.00,246.21,47.74,93.90,220.44,1794.81,3549.31,2.35,150.02,120.33,602.69,2.91,951.81,58.66,493.18
2026-01-30T13:50:00Z,45.28,2450.99,158.33,566.41,54.94,1960.62,172.07,801.48,46.04,2553.45,154.95,215.92,49.91,1949.78,172.33,739.96,244.35,45.90,94.23,220.97,1796.48,3555.96,2.46,149.91,115.85,589.61,2.94,941.62,58.80,496.18
2026-01-30T14:00:00Z,44.78,2460.47,158.02,553.93,54.69,1946.60,172.14,803.69,45.68,2564.05,155.31,224.96,49.71,1951.00,172.86,734.08,247.49,45.39,95.10,226.00,1802.13,3559.58,2.66,149.55,119.50,593.43,2.97,953.80,59.24,478.44
2026-01-30T14:10:00Z,44.95,2457.38,157.71,547.43,54.86,1944.03,171.73,788.58,45.69,2557.73,155.15,227.29,49.62,1952.07,172.44,722.62,246.26,46.46,94.07,220.99,1800.11,3545.39,2.48,149.86,119.07,598.52,3.11,951.03,59.76,508.44
2026-01-30T14:20:00Z,45.12,2431.98,158.70,548.51,54.94,1944.17,171.49,786.83,45.91,2553.90,154.95,222.64,50.37,1949.47,172.23,737.14,245.00,46.97,94.00,219.03,1797.41,3535.88,2.58,149.11,118.72,599.20,2.97,950.76,61.04,496.94
2026-01-30T14:30:00Z,44.81,2436.13,158.50,558.53,54.65,1941.40,171.86,796.93,45.71,2555.07,154.64,213.43,50.35,1945.27,171.86,731.55,244.03,45.83,94.77,219.09,1790.46,3549.19,2.43,150.29,117.41,601.54,3.33,942.81,60.82,503.27
2026-01-30T14:40:00Z,44.92,2444.61,158.47,564.02,54.52,1964.19,171.45,799.59,45.45,2565.63,154.68,211.69,50.38,1931.87,172.01,754.48,250.22,46.63,95.75,227.75,1788.70,3536.47,2.52,150.53,120.55,606.40,2.92,946.17,61.42,513.47
2026-01-30T14:50:00Z,45.25,2445.63,158.31,552.92,54.68,1961.01,171.22,789.44,45.44,2558.16,154.68,199.35,50.42,1945.16,172.18,757.66,241.66,46.11,93.81,213.44,1786.17,3554.46,2.24,147.17,118.22,597.02,3.35,945.60,62.29,491.64
2026-01-30T15:00:00Z,45.44,2442.21,158.31,556.65,54.66,1960.24,171.54,783.30,45.43,2557.44,154.99,198.26,50.80,1933.74,172.29,756.51,242.96,46.49,94.12,223.47,1806.08,3563.28,2.46,149.33,117.03,599.55,3.29,951.04,59.82,494.08
2026-01-30T15:10:00Z,45.21,2432.65,158.05,558.99,55.10,1952.41,171.93,776.24,45.12,2567.78,155.03,203.18,50.72,1935.46,172.48,750.03,246.51,45.93,94.91,224.15,1796.17,3553.72,2.25,149.77,118.69,589.51,3.14,951.95,59.33,491.45
2026-01-30T15:20:00Z,45.03,2451.26,158.67,553.02,55.56,1937.94,171.94,796.10,44.82,2577.75,154.08,186.43,50.80,1939.01,172.39,754.42,244.74,46.64,94.73,220.10,1801.74,3559.39,2.60,149.65,116.88,601.96,3.15,943.10,60.53,505.72
2026-01-30T15:30:00Z,45.23,2455.80,158.15,546.48,55.49,1941.07,171.59,806.69,44.39,2584.28,153.87,179.65,50.60,1912.82,172.59,756.61,239.75,47.45,95.37,212.64,1778.51,3558.24,2.35,150.94,114.48,587.61,2.81,936.29,60.23,481.03
2026-01-30T15:40:00Z,45.37,2446.23,157.59,547.71,55.18,1937.08,171.79,812.38,44.48,2582.26,154.08,174.59,50.85,1934.13,172.99,756.89,237.98,46.28,94.05,213.51,1791.00,3551.05,2.52,150.18,114.13,596.78,2.66,955.95,60.12,492.95
2026-01-30T15:50:00Z,45.41,2438.05,158.02,563.92,55.51,1940.17,171.26,818.17,44.59,2580.68,153.67,164.56,50.42,1941.47,172.15,747.74,240.90,47.30,93.44,217.92,1795.46,3543.56,2.90,149.24,118.11,596.31,2.83,949.59,61.48,497.13
2026-01-30T16:00:00Z,45.32,2434.58,158.46,558.67,55.33,1936.82,171.63,816.77,44.48,2599.39,152.92,156.55,50.24,1934.50,171.98,754.18,240.52,49.28,93.78,210.99,1790.36,3551.08,2.31,150.17,118.00,600.79,2.78,944.83,61.95,498.24
2026-01-30T16:10:00Z,45.29,2440.48,157.98,566.89,55.07,1933.57,172.06,813.68,44.59,2582.80,153.04,172.93,50.55,1933.33,172.06,751.79,247.25,48.28,93.29,224.73,1799.31,3549.95,2.24,150.48,119.30,597.35,2.97,948.22,61.47,491.02
2026-01-30T16:20:00Z,44.78,2451.60,157.43,556.22,55.17,1936.68,171.81,797.85,44.67,2596.26,154.04,166.56,50.89,1929.82,172.06,764.41,246.77,47.07,93.35,222.56,1787.41,3555.59,2.55,150.55,118.45,598.32,3.07,940.77,60.57,499.38
2026-01-30T16:30:00Z,44.70,2454.91,157.28,548.98,55.61,1932.29,171.39,807.85,44.68,2584.23,154.75,163.75,50.77,1940.48,172.72,759.66,238.05,48.48,93.76,218.32,1793.98,3548.09,2.78,149.22,112.43,595.59,3.13,941.11,60.68,501.01
2026-01-30T16:40:00Z,44.51,2459.43,158.23,534.34,55.48,1929.26,171.25,815.93,44.57,2586.44,154.16,178.56,50.85,1933.80,172.70,767.55,239.68,47.53,94.54,215.25,1791.73,3560.99,2.55,149.82,114.70,594.20,2.84,941.83,60.69,499.27
2026-01-30T16:50:00Z,44.05,2466.85,157.66,519.78,55.17,1939.78,171.65,817.62,44.51,2587.38,154.55,169.84,51.27,1925.35,172.59,775.27,239.58,48.63,94.30,216.04,1794.84,3544.49,2.52,149.84,113.12,595.27,2.92,945.45,59.03,512.89
2026-01-30T17:00:00Z,44.11,2476.61,157.50,510.31,55.09,1934.41,171.74,810.81,44.53,2587.67,154.81,170.36,51.23,1919.93,173.06,778.35,241.78,48.14,93.49,215.44,1788.40,3542.50,2.62,150.94,116.35,595.27,2.77,944.92,58.22,490.70
2026-01-30T17:10:00Z,44.25,2466.90,157.69,515.17,54.82,1949.91,171.70,793.10,44.83,2579.02,154.12,175.06,51.67,1914.14,172.59,786.44,245.75,47.44,94.21,222.52,1804.87,3556.87,2.70,150.70,118.44,595.10,2.90,956.52,59.14,508.73
2026-01-30T17:20:00Z,44.39,2456.50,157.49,528.18,54.39,1967.38,172.03,796.34,45.05,2577.54,154.02,170.98,51.51,1904.86,172.69,801.42,244.29,45.20,94.36,216.63,1798.93,3555.27,2.69,149.26,118.94,596.57,3.13,943.25,59.51,500.26
2026-01-30T17:30:00Z,44.36,2462.80,158.16,523.26,54.85,1954.60,172.07,801.48,45.22,2572.70,153.69,176.98,51.21,1907.54,172.94,802.14,242.74,45.42,95.17,217.88,1797.62,3542.87,2.61,150.60,116.90,595.44,2.94,945.28,57.90,493.79
2026-01-30T17:40:00Z,44.15,2466.72,157.51,525.53,54.79,1955.64,172.05,796.49,45.28,2570.70,154.09,194.54,51.36,1921.66,172.76,793.34,245.15,44.95,95.54,219.49,1796.15,3555.13,2.56,150.52,118.31,602.33,3.02,956.54,60.20,503.86
2026-01-30T17:50:00Z,44.62,2464.92,157.02,530.98,54.72,1969.54,171.81,800.27,45.28,2570.76,154.10,200.58,51.55,1912.06,173.84,790.84,245.04,47.94,94.84,217.12,1798.04,3555.15,2.58,149.61,116.26,596.48,3.17,944.83,60.61,502.69
2026-01-30T18:00:00Z,44.76,2452.85,157.31,526.43,54.87,1957.70,171.82,789.71,45.46,2557.18,154.77,203.14,51.23,1919.62,173.25,788.90,246.88,48.07,94.67,222.44,1807.50,3552.96,2.27,151.41,118.62,599.63,3.15,950.43,60.50,498.49
2026-01-30T18:10:00Z,44.47,2455.36,156.67,526.99,54.81,1943.77,172.13,786.53,45.91,2557.83,155.50,211.77,51.48,1911.25,173.44,795.46,248.08,49.08,95.28,222.68,1791.62,3554.49,2.48,148.69,118.34,594.91,2.98,946.54,60.74,496.44
2026-01-30T18:20:00Z,44.32,2462.46,157.33,518.96,54.55,1963.98,172.59,783.60,46.19,2555.45,155.18,224.25,51.37,1910.47,173.64,780.80,248.08,47.46,95.43,225.59,1800.11,3543.05,2.42,148.98,119.31,602.01,3.13,950.36,61.53,501.01
2026-01-30T18:30:00Z,44.80,2454.82,158.01,525.47,54.64,1962.49,172.49,782.60,46.22,2547.59,154.86,219.97,51.58,1907.43,173.74,797.48,241.64,48.79,94.86,215.95,1793.42,3546.49,2.49,151.43,116.66,594.99,3.05,,59.91,499.16
2026-01-30T18:40:00Z,45.00,2445.78,157.72,523.57,54.30,1959.45,172.22,781.68,46.60,2541.43,155.06,233.21,51.88,1889.15,173.43,812.56,247.60,48.05,94.31,224.24,1800.11,3544.34,2.42,149.85,119.11,593.39,3.13,938.17,61.50,492.28
2026-01-30T18:50:00Z,44.59,2444.89,157.49,538.18,54.20,1959.58,172.76,791.17,46.79,2535.23,155.00,244.23,51.87,1901.16,173.40,803.77,248.51,48.29,94.56,224.61,1810.34,3548.98,2.40,150.21,119.92,610.52,2.97,952.99,60.54,509.95
2026-01-30T19:00:00Z,44.50,2452.90,158.00,532.59,54.15,1959.88,171.83,806.12,46.44,2547.57,155.36,243.04,51.35,1907.45,174.26,804.60,249.07,50.43,94.58,224.98,1795.11,3557.36,2.51,149.85,117.88,593.24,2.84,942.10,60.42,496.27
2026-01-30T19:10:00Z,44.45,2467.85,157.91,528.20,54.29,1966.32,171.84,790.22,46.55,2531.36,154.42,259.49,51.84,1913.79,174.06,795.94,248.55,49.46,94.95,223.49,1792.11,3551.51,2.53,151.25,120.08,594.63,3.06,945.48,60.38,507.74
2026-01-30T19:20:00Z,44.61,2473.02,157.00,515.97,54.40,1962.62,171.54,794.52,46.90,2527.36,154.82,264.50,51.31,1912.94,173.59,787.23,246.67,50.69,94.52,218.24,1790.39,3553.78,2.82,149.09,118.88,599.17,2.90,945.03,58.94,495.01
2026-01-30T19:30:00Z,44.93,2473.09,158.09,532.25,54.52,1958.25,171.56,796.03,47.03,2531.38,154.78,259.20,51.39,1911.22,172.74,778.73,245.64,49.52,95.40,222.65,1801.05,3550.15,2.62,148.92,116.85,609.07,3.00,950.76,59.83,511.37
2026-01-30T19:40:00Z,44.63,2464.23,158.74,536.93,54.23,1974.83,172.60,791.08,46.87,2528.29,155.40,250.25,51.22,1920.69,172.10,773.54,243.65,46.06,95.05,220.52,1800.65,3548.23,2.50,148.82,114.93,590.15,2.98,951.19,59.37,487.19
2026-01-30T19:50:00Z,44.48,2461.47,158.38,542.84,54.13,1974.31,172.21,784.95,46.77,2531.01,155.84,251.95,51.31,1918.66,172.68,765.84,247.93,47.61,95.28,225.62,1800.91,3548.07,2.80,150.99,119.22,600.44,3.20,953.91,58.39,502.08
2026-01-30T20:00:00Z,43.71,2482.07,157.70,511.66,53.97,1977.75,172.53,773.47,46.93,2518.28,156.28,267.62,51.33,1915.61,172.81,778.95,248.77,46.27,94.73,221.83,1799.00,3525.75,2.66,151.16,118.16,599.84,3.10,945.99,57.82,497.29
2026-01-30T20:10:00Z,44.07,2480.94,157.66,502.94,53.74,1982.67,171.82,780.46,46.77,2534.68,156.09,254.96,51.68,1903.73,173.26,782.12,243.52,48.09,94.13,218.95,1790.67,3551.45,2.54,148.87,116.74,597.73,2.89,948.51,58.50,503.81
2026-01-30T20:20:00Z,43.94,2476.17,157.41,519.60,53.81,1983.37,172.22,779.87,46.72,2524.07,155.71,246.57,51.97,1892.16,173.88,793.29,247.18,47.11,94.68,223.44,1802.20,3560.44,2.39,149.44,116.31,597.22,2.84,957.05,58.60,498.72
2026-01-30T20:30:00Z,43.98,2485.05,156.31,509.87,53.78,1973.82,171.93,776.98,46.83,2523.05,154.94,247.48,52.12,1894.85,173.63,802.38,242.81,46.92,94.04,215.97,1787.39,3551.96,2.52,149.34,114.03,591.82,3.06,944.50,57.89,489.53
2026-01-30T20:40:00Z,44.03,2476.95,157.10,495.82,53.78,1983.48,171.64,764.98,46.45,2536.95,154.89,241.53,52.07,1894.05,173.62,788.30,243.69,47.05,94.00,219.34,1792.50,3553.66,2.55,149.93,116.61,600.96,2.87,942.77,58.78,508.44
2026-01-30T20:50:00Z,44.11,2468.71,157.29,512.51,54.07,1982.56,172.34,757.04,45.95,2554.06,154.98,225.58,51.84,1902.26,172.99,792.24,241.64,46.97,94.23,215.47,1798.84,3546.52,2.38,150.51,115.46,595.64,2.87,950.84,60.07,485.29
2026-01-30T21:00:00Z,43.95,2486.08,157.57,502.87,54.31,1974.68,171.43,776.23,45.86,2546.17,154.78,216.80,51.47,1918.65,172.31,786.18,244.31,46.74,93.61,218.87,1803.39,3548.81,2.35,149.51,115.13,591.35,3.02,952.31,59.52,493.01
2026-01-30T21:10:00Z,43.70,2484.76,156.84,491.16,54.18,1978.10,171.89,769.67,45.52,2560.17,154.57,220.55,51.77,1901.77,172.69,795.68,241.23,46.13,93.40,219.61,1798.55,3541.21,2.42,150.26,117.10,599.39,2.87,946.77,60.91,499.44
2026-01-30T21:20:00Z,43.73,2482.66,157.18,498.91,54.26,1986.31,171.53,764.30,45.56,2559.98,155.44,225.95,51.44,1909.59,172.73,790.48,242.28,46.43,94.20,215.33,1789.69,3561.17,2.50,149.93,116.31,599.70,2.94,944.04,59.84,495.68
2026-01-30T21:30:00Z,43.76,2469.91,157.37,503.13,54.76,1975.14,171.31,781.91,45.59,2559.56,155.69,217.62,51.14,1922.86,172.72,785.21,245.49,49.21,93.80,220.98,1800.10,3538.34,2.46,149.55,116.33,602.91,3.08,947.55,61.30,501.95
2026-01-30T21:40:00Z,43.65,2481.33,156.73,502.13,54.77,1956.17,171.35,783.97,45.64,2552.70,155.70,217.81,51.29,1914.19,173.14,777.60,243.34,47.62,95.09,221.65,1790.58,3549.03,2.22,151.09,115.91,592.82,3.07,952.90,59.75,493.45
2026-01-30T21:50:00Z,44.10,2474.03,156.59,518.61,54.85,1954.54,171.26,796.80,46.14,2541.37,155.49,231.97,51.05,1916.74,173.03,792.93,246.44,48.49,94.65,222.14,1809.46,3557.81,2.38,149.68,120.30,601.16,2.84,955.01,59.55,497.92
2026-01-30T22:00:00Z,44.26,2462.51,157.50,523.07,54.73,1952.04,170.73,800.91,45.97,2541.14,154.37,226.91,51.27,1922.16,173.34,789.13,242.35,47.90,94.66,215.70,1787.58,3550.37,2.61,151.05,113.60,594.20,3.34,941.26,59.90,501.59
2026-01-30T22:10:00Z,44.14,2476.19,157.60,516.20,55.49,1945.73,,804.05,45.73,2542.06,154.72,228.01,50.94,1928.65,173.00,774.26,241.98,48.99,94.19,222.73,1799.49,3558.85,2.65,151.14,115.52,591.10,3.08,947.88,60.23,495.21
2026-01-30T22:20:00Z,44.06,2484.76,157.67,505.60,55.15,1938.57,171.98,812.19,45.60,2558.45,154.55,224.78,50.86,1937.70,172.36,773.21,245.12,49.71,94.78,219.82,1802.60,3543.59,2.87,149.60,117.57,594.84,2.95,954.18,59.79,495.21
2026-01-30T22:30:00Z,43.42,2475.61,157.50,502.22,55.50,1937.74,173.01,807.87,45.66,2550.28,155.33,223.54,51.00,1928.07,172.97,773.72,240.87,48.81,94.91,217.94,1794.51,3543.34,2.71,149.10,114.28,591.14,2.68,943.48,58.79,488.50
2026-01-30T22:40:00Z,43.51,2486.39,157.49,508.53,56.10,1932.14,172.67,810.28,45.25,2560.22,154.58,210.77,50.79,1929.58,172.06,760.10,237.84,47.90,94.59,212.94,1788.86,3560.39,2.56,151.27,113.85,591.59,3.03,943.02,60.12,493.32
2026-01-30T22:50:00Z,43.58,2482.83,156.81,502.44,56.16,1922.12,172.88,842.52,45.43,2569.00,155.45,217.44,50.79,1927.11,172.79,756.24,240.02,48.19,94.71,217.45,1793.28,3545.67,2.35,151.05,114.08,594.76,3.08,945.76,60.76,491.63
2026-01-30T23:00:00Z,43.85,2482.07,157.48,515.90,56.11,1918.57,173.51,860.47,45.18,2564.75,155.61,195.99,50.82,1928.73,172.98,766.41,242.37,47.91,95.03,217.72,1788.42,3541.63,2.69,148.29,116.02,597.72,3.13,943.01,60.03,500.08
2026-01-30T23:10:00Z,43.87,2468.07,157.30,506.71,55.87,1928.16,173.55,832.54,45.14,2561.31,155.18,199.51,50.55,1945.86,172.74,770.37,246.47,48.90,93.94,221.94,1790.89,3557.75,2.36,150.19,119.27,601.39,3.18,949.42,59.94,511.01
2026-01-30T23:20:00Z,44.40,2477.11,157.68,514.34,55.79,1934.57,172.51,828.76,45.19,2570.47,154.32,209.15,50.99,1931.02,172.28,773.05,242.20,48.93,95.12,221.55,1798.37,3562.99,2.63,149.75,117.83,597.43,3.13,951.68,59.43,493.80
2026-01-30T23:30:00Z,44.48,2455.18,157.17,529.43,55.79,1925.76,172.58,838.18,45.51,2569.72,154.70,218.65,51.04,1916.88,172.41,773.08,245.52,47.25,95.51,226.49,1803.04,3545.77,2.49,149.12,118.02,593.40,2.70,952.36,60.63,497.62
2026-01-30T23:40:00Z,44.26,2454.64,157.56,521.76,55.40,1932.41,172.18,821.36,45.46,2564.46,154.98,214.69,50.89,1941.03,172.48,748.36,244.19,47.45,94.52,215.60,1783.26,3549.62,2.41,149.49,119.11,599.22,2.97,942.39,63.05,496.34
2026-01-30T23:50:00Z,44.65,2451.36,157.48,539.34,55.48,1939.79,172.32,823.19,45.70,2561.22,155.20,229.15,50.87,1938.04,173.20,751.00,242.82,44.25,95.19,218.80,1793.62,3549.69,2.51,150.03,115.58,596.73,3.09,951.98,62.36,487.55
2026-01-31T00:00:00Z,44.46,2451.10,157.53,544.66,55.66,1939.28,172.48,826.31,46.71,2540.85,155.65,232.29,51.02,1923.62,172.60,748.63,247.09,47.10,95.35,219.45,1790.50,3555.95,2.51,150.71,120.30,604.61,3.41,944.27,61.10,501.78
2026-01-31T00:10:00Z,44.50,2462.99,157.81,527.30,55.52,1931.82,172.00,810.88,47.85,2526.67,154.50,243.67,50.81,1927.87,173.02,756.06,248.22,49.13,94.44,226.85,1792.98,3536.18,2.68,151.68,117.15,594.73,2.90,950.60,59.55,502.24
2026-01-31T00:20:00Z,44.16,2472.22,156.90,508.39,55.45,1932.18,172.06,812.23,49.29,2485.98,154.88,282.54,51.07,1929.98,172.50,757.14,239.68,49.59,95.09,212.57,1786.17,3552.08,2.49,149.57,115.45,590.85,2.94,943.48,59.44,499.57
2026-01-31T00:30:00Z,43.90,2479.89,156.49,502.80,55.37,1936.36,171.98,816.48,50.78,2455.92,155.02,336.99,51.21,1913.33,172.79,776.06,246.77,50.21,95.32,221.02,1782.77,3560.62,2.47,150.76,118.88,599.39,2.75,939.45,58.06,495.27
2026-01-31T00:40:00Z,43.92,2480.83,156.80,501.35,55.36,1938.43,171.81,825.43,52.05,2426.62,156.44,370.35,51.65,1911.97,173.07,779.20,248.55,52.48,94.91,222.21,1797.78,3542.45,2.51,149.36,119.00,602.89,2.86,948.07,59.95,501.34
2026-01-31T00:50:00Z,43.99,,156.85,494.59,55.45,1930.69,172.30,826.76,52.99,2399.07,157.18,420.08,51.49,1923.95,172.56,775.96,250.32,53.12,94.70,221.22,1791.40,3546.70,2.63,150.26,117.92,592.96,2.88,940.84,60.89,501.60
2026-01-31T01:00:00Z,44.01,2473.56,157.75,490.99,55.35,1940.85,172.05,821.44,53.84,2376.71,158.25,448.71,51.29,1919.16,173.42,794.49,260.94,52.31,94.96,235.47,1812.18,3534.28,2.36,151.32,123.58,602.94,2.98,951.39,60.77,505.09
2026-01-31T01:10:00Z,43.90,2474.51,157.35,510.14,55.67,1941.41,172.52,819.13,54.73,2340.63,159.57,476.69,51.40,1913.53,172.87,796.65,264.75,52.34,94.72,234.70,1809.13,3544.86,2.40,151.07,129.96,605.30,3.00,947.38,60.13,504.82
2026-01-31T01:20:00Z,43.93,2478.19,157.52,505.74,55.74,1932.48,172.20,830.99,55.82,2316.01,159.22,512.99,51.10,1915.42,173.28,789.05,258.20,51.21,94.07,232.84,1805.98,3556.23,2.31,150.68,125.31,607.73,2.89,958.51,59.87,507.20
2026-01-31T01:30:00Z,44.52,2467.68,158.11,535.53,55.30,1929.32,172.53,827.77,56.51,2303.84,161.17,550.23,50.84,1920.33,173.04,781.19,260.78,49.84,95.52,236.85,1812.36,3549.30,2.41,149.49,125.16,607.60,3.19,955.76,60.26,509.89
2026-01-31T01:40:00Z,44.57,2458.67,157.86,544.82,55.36,1931.35,173.33,834.15,57.64,2281.22,160.87,577.03,50.78,1926.94,172.20,769.98,267.60,52.77,94.79,240.08,1816.96,3556.73,2.23,149.55,125.89,605.62,3.27,961.20,59.78,520.15
2026-01-31T01:50:00Z,44.36,2463.72,157.41,534.78,55.26,1935.64,172.65,821.40,58.26,2252.09,162.71,621.99,50.88,1931.98,172.63,770.10,260.25,53.16,95.05,236.69,1822.63,3557.00,2.32,152.77,126.08,608.48,2.95,960.99,60.37,501.79
2026-01-31T02:00:00Z,44.13,2466.56,157.29,522.73,55.09,1931.37,172.43,837.71,59.11,2224.63,163.34,640.30,50.94,1936.14,172.99,773.45,266.13,54.65,95.36,240.07,1814.94,3550.98,2.75,151.73,127.05,611.30,3.34,963.04,60.14,514.72
2026-01-31T02:10:00Z,44.13,2462.33,157.09,531.94,54.94,1936.76,171.52,832.86,59.43,2223.52,163.43,649.30,50.71,1922.99,172.82,782.33,264.42,54.63,95.65,236.97,1805.77,3559.46,2.24,150.27,127.73,607.20,3.24,953.29,60.11,506.26
2026-01-31T02:20:00Z,44.50,2465.06,157.42,521.68,54.99,1950.18,171.93,822.16,60.17,2214.83,163.90,691.67,50.20,1930.10,173.42,765.41,264.71,56.99,95.65,237.99,1804.64,3556.92,2.55,150.13,125.34,611.28,2.77,950.98,58.71,517.82
2026-01-31T02:30:00Z,44.25,2471.18,157.58,523.91,54.94,1955.19,172.10,816.09,60.75,2196.27,164.69,715.60,50.15,1930.56,172.41,758.00,264.12,58.83,96.58,233.49,1812.20,3533.87,2.55,148.71,128.11,611.58,2.96,969.58,59.07,507.21
2026-01-31T02:40:00Z,43.86,2485.10,157.66,510.69,54.82,1956.03,171.45,792.24,61.27,2180.63,164.52,729.90,50.00,1945.56,172.49,750.12,272.10,59.84,96.04,242.67,1810.50,3556.12,2.52,148.76,129.09,609.11,3.27,953.41,59.27,500.58
2026-01-31T02:50:00Z,43.70,2485.77,157.00,496.26,55.04,1956.52,171.64,786.74,61.96,2161.57,164.11,761.17,49.73,1959.60,172.55,723.87,265.21,58.90,95.47,241.08,1807.84,3549.90,2.47,150.73,129.53,600.32,2.80,948.21,59.54,498.53
2026-01-31T03:00:00Z,43.86,2490.70,157.15,496.77,55.34,1948.17,171.01,809.68,62.51,2142.79,164.73,775.52,49.41,1962.18,171.86,726.28,265.75,58.51,95.50,239.21,1803.91,3553.45,2.18,149.11,126.29,610.49,3.45,955.05,59.98,502.70
2026-01-31T03:10:00Z,44.22,2481.26,156.93,498.70,54.99,1948.45,171.39,808.04,62.92,2142.72,165.28,798.63,49.04,1957.69,171.78,711.42,265.47,59.22,96.57,236.81,1812.98,3552.33,2.52,148.58,129.26,608.54,2.88,951.32,60.48,498.86
2026-01-31T03:20:00Z,44.70,2464.67,156.96,517.31,55.06,1946.49,171.96,797.23,63.71,2117.62,165.68,817.09,49.53,1966.69,171.20,705.70,266.37,57.52,96.58,239.43,1818.33,3535.86,2.71,149.55,128.37,609.45,2.73,958.41,60.95,502.79
2026-01-31T03:30:00Z,45.07,2461.36,157.00,511.49,54.98,1952.22,171.66,808.65,63.81,2105.12,166.56,830.96,49.75,1948.89,171.59,725.20,275.26,59.23,95.74,249.44,1827.29,3551.41,2.56,148.85,133.94,617.10,2.83,962.62,61.40,521.34
2026-01-31T03:40:00Z,44.99,2451.04,157.36,523.41,54.87,1945.38,171.94,817.80,63.88,2101.37,167.33,855.62,49.82,1959.76,171.45,729.84,272.31,58.47,96.96,244.15,1815.85,3549.04,2.20,151.18,132.28,611.82,3.12,953.23,62.07,500.54
2026-01-31T03:50:00Z,45.07,2458.15,156.59,526.02,54.36,1955.53,171.94,804.51,64.35,2093.44,168.21,866.22,49.82,1949.43,171.12,737.62,275.98,58.33,96.98,246.26,1817.00,3548.64,2.59,149.59,132.01,621.60,2.87,961.26,61.39,521.81
2026-01-31T04:00:00Z,44.78,2464.10,156.77,536.54,54.42,1968.34,171.47,801.34,64.76,2086.07,168.84,880.54,50.33,1939.70,171.44,745.66,276.39,60.56,96.42,247.22,1821.45,3544.26,2.62,149.43,133.70,619.28,2.87,957.68,60.75,523.90
2026-01-31T04:10:00Z,44.77,2451.32,158.19,543.88,54.52,1960.14,171.90,791.94,65.03,2085.84,168.11,869.30,50.57,1932.89,170.54,756.42,277.39,58.57,96.46,247.57,1825.11,3550.52,2.32,148.75,133.60,616.86,2.67,963.10,62.35,500.16
2026-01-31T04:20:00Z,44.77,2466.32,157.26,552.03,54.69,1954.63,171.57,796.88,65.42,2079.18,168.22,880.08,50.76,1921.35,171.38,766.67,276.04,58.94,96.47,249.60,1832.04,3560.28,2.74,151.99,132.99,614.22,2.99,968.20,62.23,503.28
2026-01-31T04:30:00Z,44.41,2469.28,157.61,534.62,54.36,1955.04,171.34,787.77,65.74,2070.24,167.63,898.40,50.51,1923.99,171.83,763.66,273.95,60.91,95.49,245.73,1812.56,3551.52,2.69,151.01,133.43,612.38,3.01,960.97,60.39,514.76
2026-01-31T04:40:00Z,44.43,2468.77,157.06,528.56,53.90,1960.76,171.67,790.24,66.20,2050.37,168.89,919.93,50.25,1939.60,171.91,770.54,277.47,62.09,94.68,249.31,1823.92,3543.87,2.37,149.90,137.43,624.26,2.70,959.27,60.22,514.10
2026-01-31T04:50:00Z,44.19,2457.68,157.10,524.08,53.48,1969.10,171.57,773.50,66.49,2045.18,168.91,933.78,50.39,1933.41,172.43,758.99,278.01,60.94,94.95,251.14,1834.54,3545.38,2.38,149.27,136.37,622.77,2.53,965.25,60.06,513.57
2026-01-31T05:00:00Z,44.12,2468.82,157.15,522.40,53.91,1966.99,171.53,772.51,66.41,2028.46,169.70,951.67,50.54,1932.34,172.15,761.42,272.54,61.43,95.32,246.06,1818.66,3534.32,2.77,147.38,130.65,610.90,2.91,964.12,61.12,500.03
2026-01-31T05:10:00Z,44.38,2465.33,157.11,515.08,53.81,1964.97,171.72,777.34,66.58,2031.96,169.39,950.32,50.65,1929.13,172.32,779.50,277.16,63.28,95.27,250.81,1828.92,3554.84,2.31,149.95,132.65,613.93,2.94,967.10,60.69,515.21
2026-01-31T05:20:00Z,44.12,2467.90,157.67,523.38,53.56,1985.35,171.66,760.85,67.00,2030.72,168.69,950.55,51.09,1922.34,173.02,773.43,277.25,63.62,95.87,251.03,1823.19,3551.96,2.37,150.93,133.03,615.77,3.06,959.43,58.67,518.08
2026-01-31T05:30:00Z,44.31,2471.90,157.54,523.53,53.95,1971.61,171.22,768.33,67.31,2031.75,169.75,964.97,50.83,1928.77,172.45,743.80,275.97,60.87,96.17,248.28,1819.26,3544.91,2.71,149.32,131.86,609.86,2.79,956.71,58.64,514.92
2026-01-31T05:40:00Z,43.91,2461.42,157.28,524.23,54.03,1975.41,171.45,773.89,68.38,2007.48,168.81,981.30,50.89,1928.74,172.14,746.43,278.34,61.94,97.02,256.92,1822.94,3563.29,2.55,150.37,132.15,619.85,2.99,968.76,59.36,512.01
2026-01-31T05:50:00Z,43.52,2489.67,157.12,506.59,54.34,1958.14,171.65,771.68,68.61,1988.40,170.77,995.33,51.15,1917.32,172.45,765.33,279.86,60.66,95.95,253.02,1823.87,3546.24,2.32,150.04,134.69,614.42,3.08,955.11,60.02,516.07
2026-01-31T06:00:00Z,43.48,2488.33,156.90,510.13,54.56,1955.26,171.25,778.58,68.60,1987.05,170.95,1016.87,51.23,1921.72,172.57,785.80,279.60,60.04,96.38,251.37,1825.70,3550.53,2.58,147.96,131.56,615.62,3.07,965.60,60.95,521.80
2026-01-31T06:10:00Z,44.17,2470.62,157.60,513.46,54.29,1947.63,170.87,788.43,68.39,2001.56,171.40,1001.69,51.34,1916.33,173.36,790.30,277.81,61.52,96.87,249.10,1814.42,3556.85,2.55,149.38,134.07,615.71,3.22,957.54,62.22,508.86
2026-01-31T06:20:00Z,44.08,2467.01,156.83,520.03,54.21,1960.92,170.88,783.65,68.31,2000.46,171.13,1010.87,51.48,1911.13,173.61,781.15,282.86,61.98,97.17,253.47,1821.84,3558.33,2.37,149.83,134.87,619.15,3.03,961.20,62.02,525.12
2026-01-31T06:30:00Z,43.91,2480.94,157.30,513.28,54.12,1970.26,170.96,784.93,68.55,1990.62,170.98,1026.69,51.62,1910.86,173.40,788.22,283.62,61.18,96.69,257.69,1828.85,3536.05,2.61,149.22,136.36,621.78,3.16,971.28,62.18,512.91
2026-01-31T06:40:00Z,43.85,2473.79,156.53,502.54,53.59,1984.66,170.89,755.55,68.88,1980.19,170.59,1040.84,51.77,1905.54,174.03,799.37,280.37,62.36,96.63,251.28,1823.34,3550.29,2.44,149.50,133.76,619.95,3.01,960.71,61.55,522.41
2026-01-31T06:50:00Z,44.05,2468.47,156.95,502.37,53.83,1975.35,171.37,766.41,68.85,1981.52,170.71,1041.18,51.83,1905.58,173.67,805.01,282.64,62.99,97.50,252.80,1824.22,3544.22,2.69,148.28,136.24,620.13,2.99,959.29,60.40,523.18
2026-01-31T07:00:00Z,43.87,2461.54,156.82,508.90,54.16,1966.86,171.28,775.76,68.97,1981.07,171.19,1040.71,51.53,1907.43,173.30,783.43,283.58,63.10,97.19,258.39,1835.20,3539.29,2.33,151.28,139.12,624.20,3.05,971.30,60.94,513.00
2026-01-31T07:10:00Z,43.99,2468.47,156.59,525.32,54.17,1981.71,171.09,773.19,68.66,1965.39,171.84,1047.44,51.31,1910.94,173.92,789.79,281.62,64.21,96.90,251.24,1824.86,3552.24,2.70,150.44,134.03,617.10,3.20,964.66,59.55,513.39
2026-01-31T07:20:00Z,43.69,2486.13,156.73,512.88,54.11,1979.63,170.07,743.65,68.69,1967.54,172.17,1041.21,51.20,1914.68,173.45,782.99,278.44,64.03,96.88,252.63,1818.15,3543.48,2.58,148.95,133.89,622.12,2.64,962.28,60.36,520.12
2026-01-31T07:30:00Z,44.09,2475.75,157.43,516.11,54.29,1971.15,170.43,749.99,68.80,1964.66,171.91,1041.67,51.44,1905.21,173.30,789.38,281.74,62.93,97.11,251.51,1831.17,3564.80,2.77,151.91,136.60,625.78,3.08,969.48,58.61,510.09
2026-01-31T07:40:00Z,44.21,2481.39,157.63,518.17,54.41,1955.14,170.89,764.15,68.77,1962.63,171.01,1064.37,51.36,1912.59,173.61,792.36,282.10,62.79,96.77,251.90,1831.90,3553.22,2.41,151.93,136.60,615.38,3.08,965.62,58.53,504.61
2026-01-31T07:50:00Z,44.30,2482.04,157.91,517.57,54.82,1949.67,171.50,797.81,68.65,1975.64,171.46,1047.23,51.62,1912.96,174.12,804.39,283.89,62.63,97.47,257.79,1831.74,3556.39,2.53,148.90,136.28,614.61,2.89,962.82,59.00,512.87
2026-01-31T08:00:00Z,43.90,2475.65,157.12,516.65,54.95,1948.72,172.43,807.31,68.69,1982.82,171.68,1034.97,51.84,1904.96,174.36,790.11,287.52,64.55,97.89,257.09,1831.47,3535.34,2.45,151.77,139.73,623.17,3.00,965.45,57.50,526.25
2026-01-31T08:10:00Z,43.72,2479.85,156.75,508.18,55.00,1960.75,172.10,808.52,68.87,1977.98,171.40,1051.89,51.55,1922.81,173.44,786.50,285.32,65.87,97.00,256.79,1823.33,3549.59,2.49,149.71,138.07,617.94,3.10,969.27,58.27,516.24
2026-01-31T08:20:00Z,43.65,2484.76,156.40,501.39,54.79,1949.29,172.08,799.06,69.09,1977.83,171.68,1051.15,51.63,1917.39,173.82,770.45,287.69,63.68,96.59,258.19,1831.82,3547.98,2.41,148.41,137.52,621.51,2.89,964.57,59.11,519.67
2026-01-31T08:30:00Z,43.21,2480.78,156.96,498.73,54.88,1954.02,172.17,793.11,69.41,1979.14,171.99,1041.83,51.65,1913.37,173.38,773.34,284.70,62.68,96.71,257.80,1820.09,3554.39,2.37,150.75,137.07,622.38,3.10,963.93,59.60,522.47
2026-01-31T08:40:00Z,43.60,2484.38,157.03,504.12,54.74,1959.39,172.19,783.60,69.30,1976.84,171.41,1044.48,51.36,1910.36,173.03,773.34,287.72,63.66,97.43,258.30,1831.74,3544.62,2.49,151.35,137.58,621.01,2.89,969.83,59.03,517.49
2026-01-31T08:50:00Z,44.08,2487.04,157.31,497.18,54.99,1954.67,171.11,789.24,69.64,1957.99,171.84,1048.59,51.25,1911.70,172.40,768.34,284.17,64.75,97.15,258.53,1832.44,3539.70,2.59,151.25,136.62,615.11,3.26,966.79,59.68,519.03
2026-01-31T09:00:00Z,44.45,2474.50,157.45,519.15,55.22,1956.29,170.93,792.20,69.59,1961.23,171.99,1057.21,51.32,1916.33,173.37,780.11,282.88,66.44,97.09,254.52,1826.70,3549.56,2.64,150.03,134.56,619.17,2.83,957.21,61.37,517.28
2026-01-31T09:10:00Z,44.13,2473.35,157.30,519.14,55.28,1949.23,171.08,798.92,70.06,1952.54,171.98,1059.99,51.34,1905.42,173.46,780.96,283.81,62.48,96.53,256.06,1828.24,3545.30,2.57,149.36,136.77,624.56,3.00,964.40,60.30,515.40
2026-01-31T09:20:00Z,43.86,2465.17,157.98,516.31,55.49,1944.91,172.27,825.65,69.91,1950.05,171.69,1052.59,51.67,1905.13,173.74,776.50,283.39,60.98,97.16,254.48,1825.35,3552.08,2.53,151.55,137.75,617.72,3.14,964.72,59.03,508.72
2026-01-31T09:30:00Z,43.80,2472.86,156.55,513.42,55.51,1944.40,172.67,828.37,70.03,1952.13,171.57,1057.47,51.74,1902.22,173.21,788.41,283.47,64.88,97.98,255.18,1838.28,3544.98,2.61,149.09,136.62,615.59,3.25,968.98,59.92,508.59
2026-01-31T09:40:00Z,44.08,2470.77,157.13,510.74,55.09,1941.73,172.25,830.07,70.06,1946.77,172.05,1072.07,51.86,1898.96,173.32,794.71,286.76,64.00,97.60,258.91,1835.15,3545.63,2.57,150.10,139.17,623.12,3.18,971.51,61.44,514.15
2026-01-31T09:50:00Z,44.02,2470.65,157.37,519.78,55.00,1951.73,172.08,814.19,70.15,1942.36,172.24,1086.48,52.05,1899.45,173.51,803.48,287.30,63.74,97.72,259.79,1832.64,3538.95,,149.31,138.66,621.53,2.83,967.66,61.12,518.06
2026-01-31T10:00:00Z,44.00,2472.69,156.84,516.44,54.46,1950.52,172.90,796.84,70.16,1944.71,171.89,1078.30,51.94,1909.08,173.57,801.40,288.71,64.10,97.13,257.66,1827.74,3544.64,2.30,148.72,139.56,624.83,3.00,960.91,61.28,522.09
2026-01-31T10:10:00Z,43.55,2474.21,157.38,523.00,54.55,1963.91,171.68,796.35,69.70,1960.86,171.95,1059.27,52.09,1906.05,173.25,809.43,288.08,62.73,97.76,258.85,1831.92,3536.92,2.77,150.20,,620.93,3.19,967.86,60.18,518.90
2026-01-31T10:20:00Z,43.63,2480.75,157.57,516.98,54.13,1970.40,171.87,796.16,69.50,1971.57,171.77,1051.08,52.19,1895.48,173.70,821.52,289.71,62.91,97.72,262.94,1840.67,3545.72,2.46,148.31,141.25,619.15,3.12,965.76,60.63,514.98
2026-01-31T10:30:00Z,43.49,2484.80,157.29,507.40,54.53,1969.61,171.63,788.91,69.99,1957.12,171.32,1057.84,52.07,1894.21,174.12,817.23,283.67,63.84,97.25,256.08,1832.39,3547.98,2.34,149.79,134.12,623.13,3.39,965.99,60.53,513.64
2026-01-31T10:40:00Z,43.26,2485.15,157.54,497.20,54.40,1975.37,171.70,761.36,70.02,1952.65,170.62,1063.13,52.03,1899.75,173.83,807.51,283.52,62.95,96.63,257.56,1832.16,3542.59,2.46,150.59,135.29,612.65,3.41,964.89,61.88,516.28
2026-01-31T10:50:00Z,43.34,2504.40,156.66,480.46,53.96,1986.33,171.81,765.87,70.43,1940.21,171.36,1080.68,51.87,1904.07,173.93,794.08,285.12,62.12,96.06,257.66,1830.84,3546.63,2.67,150.58,136.24,625.86,3.01,959.55,60.44,522.56
2026-01-31T11:00:00Z,43.00,2507.16,156.93,476.61,53.81,1974.27,171.78,760.24,70.47,1947.62,171.63,1078.57,51.65,1899.72,173.86,789.25,282.80,60.50,96.86,255.42,1831.78,3542.68,2.42,150.20,133.39,615.63,2.88,963.88,60.37,508.64
2026-01-31T11:10:00Z,43.42,2495.16,156.68,473.55,53.97,1994.46,171.44,758.89,70.29,1941.44,171.90,1093.58,51.37,1908.14,173.43,779.41,279.89,61.21,97.31,255.11,1820.24,3551.19,2.74,150.62,135.92,621.45,3.35,961.45,60.64,521.57
2026-01-31T11:20:00Z,43.00,2496.62,156.46,471.05,54.46,1965.96,171.65,787.66,70.01,1937.36,172.23,1086.88,51.34,1916.77,173.00,774.47,281.93,61.93,97.04,250.70,1821.38,3550.23,2.57,150.43,134.89,619.89,2.87,964.54,59.94,509.59
2026-01-31T11:30:00Z,42.91,2500.26,156.49,463.30,54.61,1953.93,171.93,782.10,70.24,1933.25,172.63,1072.56,51.72,1893.87,173.10,788.14,281.60,63.66,96.79,252.28,1819.98,3541.07,2.57,150.94,138.43,622.70,2.99,959.17,61.00,517.07
2026-01-31T11:40:00Z,42.80,2510.96,156.08,471.33,54.81,1951.26,172.01,781.27,70.23,1936.32,171.89,1080.03,51.47,1908.62,172.95,793.99,285.01,62.61,97.82,254.58,1822.20,3548.41,2.55,150.54,137.75,625.95,3.16,965.19,62.11,519.92
2026-01-31T11:50:00Z,42.92,2508.77,156.62,475.03,54.73,1956.67,172.69,784.48,70.24,1935.90,172.38,1088.03,51.33,1914.60,172.81,792.79,285.87,64.22,98.46,260.62,1829.81,3547.93,2.28,149.48,139.94,623.18,3.11,963.61,60.77,521.23
2026-01-31T12:00:00Z,43.20,2495.29,157.40,475.68,54.60,1954.44,171.61,785.00,70.19,1931.65,172.38,1093.51,51.67,1920.50,172.40,789.63,283.18,64.22,98.74,256.23,1819.88,3555.06,2.57,149.55,136.16,614.99,3.58,968.04,60.02,527.94
2026-01-31T12:10:00Z,42.97,2490.88,157.14,487.40,54.73,,171.93,779.54,70.13,1936.98,172.03,1086.77,51.40,1902.27,172.95,791.86,290.08,62.65,97.40,258.03,1833.00,3550.64,2.56,150.84,141.66,619.45,2.91,971.96,59.27,512.29
2026-01-31T12:20:00Z,43.31,2495.33,156.30,478.40,55.04,,171.60,796.70,69.78,1943.32,172.38,1082.97,51.52,1912.73,173.39,790.45,293.12,64.38,97.41,259.70,1830.74,3547.67,2.50,151.95,139.97,622.06,3.19,973.07,59.40,519.46
2026-01-31T12:30:00Z,43.54,2480.18,156.47,489.00,55.30,1928.32,171.87,806.18,69.69,1951.73,171.73,1072.43,51.72,1914.61,173.56,788.07,286.14,65.14,97.39,259.14,1830.64,3561.21,2.53,150.70,137.46,615.17,2.50,966.34,60.51,512.00
2026-01-31T12:40:00Z,43.82,2479.82,156.83,505.52,55.29,1932.36,172.48,810.13,69.61,1952.36,172.29,1068.26,51.44,1907.38,173.66,798.44,287.57,66.57,96.02,258.22,1831.07,3564.36,2.39,150.05,138.36,618.80,3.10,963.29,60.44,504.95
2026-01-31T12:50:00Z,43.96,2475.48,156.92,517.62,55.52,1922.51,172.87,817.55,69.94,1958.97,171.96,1059.40,51.56,1900.54,173.36,818.55,286.70,67.04,96.46,257.18,1833.55,3539.28,2.46,149.20,140.68,624.15,3.17,972.44,61.33,515.28
2026-01-31T13:00:00Z,43.90,2485.91,157.20,498.07,55.38,1926.49,172.80,832.67,70.26,1954.68,171.48,1071.80,51.38,1916.10,172.59,791.69,287.08,65.10,97.16,260.45,1830.34,3554.26,2.57,150.50,139.75,,3.10,971.10,62.06,519.78
2026-01-31T13:10:00Z,43.76,2488.84,156.86,489.35,55.41,1934.66,172.98,830.47,70.10,1945.17,171.97,1061.34,51.98,1910.20,172.22,800.43,286.99,64.82,97.47,261.03,1834.45,3550.69,2.34,149.20,138.42,620.83,3.03,964.71,61.80,510.93
2026-01-31T13:20:00Z,44.10,2482.66,156.52,495.42,55.51,1931.35,173.27,836.43,70.11,1947.22,172.61,1065.12,51.84,1905.91,172.67,797.52,291.51,65.18,96.01,260.20,1829.22,3558.32,2.55,149.46,138.21,614.63,2.87,959.69,58.80,512.02
2026-01-31T13:30:00Z,44.39,2472.01,156.52,511.43,55.81,1922.12,173.77,838.15,70.35,1937.36,171.64,1072.87,51.65,1901.90,173.18,803.89,292.75,65.89,96.72,262.01,1842.17,3539.86,2.65,153.99,139.87,630.25,2.94,969.07,59.57,528.73
2026-01-31T13:40:00Z,44.51,2468.04,156.87,520.52,56.09,1923.63,173.78,839.00,70.62,1922.69,171.83,1090.90,51.36,1905.41,173.68,802.16,289.25,67.29,97.39,261.73,1831.48,3551.29,2.54,151.70,141.49,625.79,2.89,966.01,59.97,529.03
2026-01-31T13:50:00Z,44.54,2461.97,156.98,526.69,55.97,1928.49,173.28,830.68,70.76,1930.09,171.65,1106.16,51.64,1912.29,173.40,789.35,290.46,65.92,97.13,264.62,1840.91,3550.17,2.41,150.74,142.13,625.21,2.59,978.64,59.95,517.18
2026-01-31T14:00:00Z,44.30,2480.12,156.97,506.41,55.85,1927.38,173.36,833.72,71.03,1915.78,172.05,1105.78,51.86,1909.30,172.99,785.78,293.42,66.70,97.33,261.63,1832.70,3549.68,2.75,150.88,141.25,625.57,2.98,967.51,60.71,512.81
2026-01-31T14:10:00Z,43.88,2484.09,157.53,493.40,55.73,1932.05,173.59,830.76,71.14,1919.13,172.70,1105.42,51.63,1915.30,173.37,795.53,288.80,65.26,97.98,261.08,1834.33,3555.50,2.56,149.46,136.49,618.94,3.21,959.56,60.99,519.98
2026-01-31T14:20:00Z,43.71,2477.39,156.54,512.23,55.46,1927.30,173.15,825.04,71.20,1917.82,172.76,1113.02,51.30,1918.01,173.29,788.36,288.58,64.51,97.63,258.84,1822.08,3553.17,2.58,151.61,140.71,629.75,2.84,962.35,59.68,530.45
2026-01-31T14:30:00Z,43.40,2486.71,157.17,503.92,56.18,1926.22,172.49,831.27,71.22,1922.66,172.74,1116.64,51.19,1922.66,173.12,780.01,291.42,63.07,97.20,260.66,1826.49,3552.34,2.25,149.64,142.17,620.26,2.86,963.54,59.74,511.61
2026-01-31T14:40:00Z,43.41,2480.63,156.99,486.83,56.14,1917.08,172.50,850.39,70.99,1912.69,172.95,1119.03,51.22,1909.14,172.75,769.23,291.92,64.16,97.18,264.35,1838.17,3551.19,2.50,148.60,142.31,626.55,3.22,971.07,61.42,529.06
2026-01-31T14:50:00Z,43.39,2489.18,157.08,491.84,56.10,1927.72,172.39,830.73,71.04,1917.82,173.12,1126.97,50.75,1919.15,172.51,752.89,284.99,64.36,96.92,254.42,1828.49,3535.96,2.67,149.24,137.91,617.22,2.68,972.11,60.05,507.84
2026-01-31T15:00:00Z,43.12,2501.67,157.36,495.08,55.98,1923.10,172.78,849.13,71.06,1923.84,173.23,1116.43,50.33,1927.15,172.31,743.94,291.60,66.10,96.99,261.96,1832.98,3551.63,2.43,148.40,142.31,625.96,2.97,972.20,59.91,519.24
2026-01-31T15:10:00Z,43.32,2490.55,156.89,486.95,55.75,1925.80,173.31,847.21,70.86,1927.47,173.54,1109.02,50.63,1929.74,172.74,748.48,292.01,64.80,95.82,263.57,1834.78,3556.36,2.53,151.61,138.47,622.65,2.65,962.91,58.89,509.34
2026-01-31T15:20:00Z,43.12,2496.45,156.61,483.41,56.16,1927.58,172.85,846.94,71.14,1922.25,172.72,1113.78,50.43,1941.33,173.04,753.81,291.08,63.97,97.21,258.18,1823.60,3547.50,2.55,149.73,140.82,625.19,2.99,958.57,59.89,518.02
2026-01-31T15:30:00Z,43.26,2497.87,156.01,488.47,55.88,1932.36,173.46,847.72,70.72,1923.07,172.31,1110.41,50.65,1935.44,172.55,751.65,285.31,64.01,97.29,258.93,1837.29,3562.80,2.72,150.16,137.53,622.42,2.86,969.46,60.11,524.76
2026-01-31T15:40:00Z,43.36,2494.04,156.53,493.96,56.11,1926.58,173.46,849.62,70.82,1919.51,173.14,1123.99,50.56,1936.73,172.51,758.64,292.30,63.76,97.37,259.51,1829.50,3557.31,2.44,150.35,140.54,622.37,2.86,961.18,61.34,516.45
2026-01-31T15:50:00Z,44.02,2482.75,156.71,490.45,56.37,1926.09,172.95,852.30,70.92,1919.72,173.15,1102.64,50.39,1940.93,172.31,758.08,285.83,63.59,97.89,257.11,1830.03,3552.65,2.39,150.07,138.30,617.98,2.81,967.41,61.53,511.69
2026-01-31T16:00:00Z,44.00,2477.52,156.63,496.88,56.01,1919.89,172.96,848.04,70.82,1927.49,173.08,1112.66,50.72,1930.89,172.05,751.41,286.64,66.03,97.27,255.42,1831.09,3556.82,2.64,151.57,134.55,621.04,2.73,964.14,60.81,504.90
2026-01-31T16:10:00Z,43.92,2475.53,156.27,505.31,56.02,1919.16,172.90,842.12,71.29,1933.93,172.62,1104.57,50.95,1924.04,172.90,763.76,286.23,64.10,96.52,260.61,1833.78,3538.92,2.73,150.51,138.91,624.06,2.71,967.13,61.12,516.52
2026-01-31T16:20:00Z,43.73,2471.91,157.30,499.78,55.84,1929.54,171.86,839.08,71.38,1919.64,172.66,1122.09,50.54,1928.01,172.99,766.96,287.05,64.16,96.40,259.48,1831.58,3553.77,2.56,150.63,137.20,622.22,3.27,968.46,61.87,519.26
2026-01-31T16:30:00Z,43.71,2483.27,157.30,497.31,55.94,1925.83,172.21,846.65,70.90,1929.11,172.86,1113.27,51.05,1924.78,173.22,784.48,291.97,64.96,96.41,263.47,1841.47,3558.27,2.60,150.33,138.21,615.39,3.03,973.03,62.09,511.73
2026-01-31T16:40:00Z,43.57,2482.13,156.98,503.67,55.62,1932.48,172.55,841.02,70.79,1928.65,173.04,1119.65,51.27,1915.89,173.02,773.91,291.30,64.14,97.05,261.39,1829.18,3557.21,2.54,150.25,142.72,634.71,2.99,963.56,61.78,531.15
2026-01-31T16:50:00Z,43.06,2496.85,156.12,483.97,55.63,1930.09,172.47,835.94,71.04,1922.54,172.43,1111.20,51.18,1923.97,172.83,788.07,292.28,66.00,98.30,262.16,1830.75,3549.56,2.85,150.14,141.07,625.48,3.25,966.34,59.35,530.26
2026-01-31T17:00:00Z,43.46,2487.13,156.34,484.83,55.70,1938.44,172.78,845.12,71.13,1906.82,172.50,1115.27,50.91,1932.38,172.42,772.01,291.90,65.89,97.12,263.30,1830.39,3560.91,2.82,150.62,140.69,625.91,3.23,971.10,60.17,519.48
2026-01-31T17:10:00Z,43.63,2481.31,157.39,498.18,55.37,1945.74,172.14,816.38,71.17,1919.92,172.53,1100.12,50.81,1929.43,172.50,767.87,295.51,65.50,97.44,267.20,1845.55,3547.73,2.38,150.95,143.40,623.07,3.00,970.48,59.83,518.45
2026-01-31T17:20:00Z,43.89,2476.64,157.68,497.46,55.50,1932.42,172.60,818.87,70.84,1918.95,172.74,1096.34,51.31,1924.85,172.37,769.62,289.21,65.72,97.53,260.82,1838.14,3549.83,2.38,148.82,138.65,620.08,2.96,973.17,59.95,516.80
2026-01-31T17:30:00Z,43.26,2491.30,156.92,478.56,55.36,1937.89,172.53,800.88,70.61,1941.94,172.32,1092.52,50.97,1921.74,173.19,778.62,282.93,63.30,97.97,253.10,1825.43,3563.81,2.51,150.99,136.55,620.92,3.09,958.82,58.87,509.89
2026-01-31T17:40:00Z,42.97,2497.24,156.69,490.29,55.22,1940.56,172.09,806.71,70.70,1934.53,173.10,1095.52,50.68,1926.56,172.86,769.24,281.95,63.76,97.95,253.19,1825.42,3550.23,2.51,149.08,137.63,626.07,3.03,972.13,59.30,531.05
2026-01-31T17:50:00Z,43.13,2495.07,156.58,477.25,55.27,1944.74,172.42,806.74,70.76,1926.83,173.29,1103.59,50.94,1930.79,173.24,781.86,285.73,63.75,98.16,257.96,1835.11,3549.05,2.80,150.92,134.32,618.94,3.01,972.99,61.66,524.73
2026-01-31T18:00:00Z,43.32,2480.26,155.96,479.67,54.89,1944.37,172.48,805.08,71.06,1924.40,172.56,1103.82,51.10,1923.00,173.16,782.86,281.59,60.93,97.47,254.09,1831.57,3564.87,2.44,148.84,134.17,623.91,2.73,964.25,60.55,529.14
2026-01-31T18:10:00Z,43.58,2492.16,156.82,487.97,54.62,1957.03,172.62,808.71,71.35,1923.58,172.37,1116.12,51.75,1906.67,173.22,794.04,285.98,64.64,97.04,254.85,1826.87,3543.70,2.24,152.54,138.95,635.14,2.97,964.50,60.41,524.44
2026-01-31T18:20:00Z,44.12,2482.50,156.96,498.36,54.84,1953.32,172.38,812.67,71.15,1915.40,172.67,1118.04,51.38,1906.13,173.18,790.90,288.11,65.68,96.49,254.27,1818.03,3560.37,2.62,151.05,138.65,620.87,3.19,959.74,60.67,517.20
2026-01-31T18:30:00Z,44.17,2470.61,157.31,508.77,54.52,1961.23,172.88,809.27,70.39,1938.68,172.35,1098.09,51.38,1915.97,172.82,771.57,287.65,65.31,97.26,259.46,1840.08,3565.04,2.79,150.96,138.55,624.31,2.51,974.74,60.31,516.09
2026-01-31T18:40:00Z,43.52,2477.77,157.15,501.23,54.32,1959.70,172.40,805.98,70.56,1939.00,173.17,1107.67,51.20,1916.02,173.25,768.02,287.58,64.36,97.23,261.14,1828.21,3551.20,2.38,152.78,135.66,616.13,3.16,967.09,60.31,522.02
2026-01-31T18:50:00Z,43.27,2488.72,156.46,499.67,53.95,1972.57,171.81,796.02,70.29,1941.53,172.76,1083.97,50.89,1922.40,173.20,750.91,291.47,63.68,96.61,262.29,1826.53,3547.44,2.67,150.16,142.57,625.13,3.01,962.61,60.23,525.72
2026-01-31T19:00:00Z,43.52,2481.21,156.75,505.25,54.15,1969.28,171.61,792.73,69.74,1942.54,172.45,1077.84,50.94,1926.53,172.27,767.31,286.62,63.50,97.07,257.64,1825.01,3540.59,2.57,149.34,137.85,615.69,2.97,959.51,60.50,509.38
2026-01-31T19:10:00Z,43.43,2487.63,157.54,498.83,54.57,1966.16,172.00,784.44,69.63,1951.40,173.19,1067.83,50.68,1930.24,171.92,766.17,284.70,63.50,96.42,260.54,1834.74,3544.25,2.54,149.85,137.47,620.40,2.95,966.85,59.71,513.28
2026-01-31T19:20:00Z,43.62,2485.64,157.26,500.41,54.62,1961.91,171.87,779.01,69.42,1947.74,172.61,1056.91,50.80,1936.16,172.89,769.74,281.69,63.98,95.90,252.42,1818.85,3555.33,2.68,149.27,135.78,622.33,2.85,956.66,61.11,520.63
2026-01-31T19:30:00Z,43.82,2479.39,157.53,515.08,54.74,1955.62,172.32,791.20,69.28,1946.49,172.38,1056.68,50.60,1934.28,172.86,768.76,282.26,65.66,95.64,255.91,1831.38,3560.85,2.44,149.20,134.94,616.10,2.88,960.93,59.48,512.43
2026-01-31T19:40:00Z,43.87,2468.99,157.22,520.89,54.32,1959.18,171.97,787.77,69.62,1952.10,172.82,1066.66,50.76,1940.90,172.34,759.71,282.38,63.84,95.80,257.85,,3530.74,2.40,149.65,134.31,612.82,3.14,967.45,61.67,509.31
2026-01-31T19:50:00Z,43.97,2478.15,156.95,501.69,54.23,1960.14,171.79,796.15,69.85,1961.03,171.78,1066.25,50.71,1932.06,172.65,763.38,282.40,63.50,96.12,253.80,1824.44,3560.86,2.52,150.19,134.14,617.54,2.88,961.64,60.10,502.12
2026-01-31T20:00:00Z,43.89,2473.45,155.86,516.25,53.85,1965.19,172.00,778.38,70.16,1956.31,171.87,1069.55,50.47,1936.38,172.17,761.51,283.02,64.14,96.33,258.13,1831.97,3544.31,2.47,150.64,136.54,623.71,2.78,965.42,59.63,515.00
2026-01-31T20:10:00Z,43.75,2474.64,156.03,489.01,53.98,1982.28,172.02,770.12,70.05,1951.20,171.79,1058.83,51.16,1923.56,172.40,766.18,283.13,63.93,96.54,254.42,1821.67,3539.78,2.51,150.75,135.12,617.04,2.75,961.25,60.27,513.21
2026-01-31T20:20:00Z,43.59,2476.62,157.05,490.12,54.13,1972.77,172.57,772.14,69.71,1951.89,171.34,1040.69,51.44,1923.89,173.03,759.86,278.91,62.89,97.27,250.93,1823.55,3557.53,2.60,150.30,132.59,613.71,2.99,964.05,61.32,518.30
2026-01-31T20:30:00Z,43.54,2489.77,156.77,489.66,54.35,1976.95,171.43,769.99,70.08,1949.72,171.81,1065.33,51.64,1902.34,172.79,780.30,278.83,63.44,97.49,250.93,1818.79,3549.90,2.44,149.79,133.55,619.91,2.78,958.93,60.92,518.48
2026-01-31T20:40:00Z,43.49,2489.86,156.97,493.04,54.43,1963.67,171.76,790.03,70.28,1933.38,171.90,1074.89,51.32,1915.44,172.21,770.77,281.08,61.05,97.96,253.78,1828.16,3558.38,2.37,150.34,136.57,617.40,3.20,961.20,61.21,514.72
2026-01-31T20:50:00Z,43.51,2485.39,156.66,490.53,54.94,1951.48,171.19,795.07,70.20,1940.42,171.89,1083.97,51.50,1907.63,172.28,773.31,285.11,63.08,97.60,258.03,1832.14,3551.59,2.36,151.19,136.80,620.13,3.35,974.70,61.67,516.14
2026-01-31T21:00:00Z,43.35,2482.67,156.38,493.90,55.20,1949.30,171.74,799.05,70.22,1937.81,171.92,1086.11,51.65,1900.95,172.88,789.34,286.03,63.66,96.76,257.28,1838.25,3547.32,2.47,149.85,137.48,617.85,3.18,965.02,62.68,521.22
2026-01-31T21:10:00Z,43.77,2471.24,156.89,507.10,55.28,1955.22,172.32,801.84,70.12,1939.55,171.71,1085.75,51.29,1905.68,173.21,780.28,284.22,64.81,95.72,256.49,1824.45,3554.80,2.49,151.96,136.67,622.78,2.87,961.79,62.81,514.28
2026-01-31T21:20:00Z,43.64,2475.16,156.10,499.91,55.31,1952.43,172.58,812.03,70.20,1940.49,172.34,1084.33,51.46,1917.46,173.43,788.16,287.12,64.64,96.28,255.73,1827.01,3543.70,2.65,148.64,138.89,615.80,3.11,963.32,61.38,511.76
2026-01-31T21:30:00Z,43.55,2495.99,156.17,504.59,55.53,1955.54,172.95,815.97,70.07,1936.50,172.20,1071.79,51.64,1913.99,173.44,790.53,281.71,63.13,95.88,254.64,1819.61,3555.74,2.60,150.63,135.79,623.07,3.06,961.93,62.16,524.99
2026-01-31T21:40:00Z,43.99,2490.66,156.92,501.89,55.53,1951.13,171.53,812.07,69.87,1946.09,171.60,1084.35,51.76,1917.02,172.97,791.96,285.30,64.33,96.59,256.33,1827.16,3555.73,2.73,151.10,138.69,621.25,3.01,960.83,61.95,524.03
2026-01-31T21:50:00Z,43.93,2478.71,156.57,493.58,55.07,1943.37,171.82,818.03,69.74,1947.64,172.19,1086.76,51.67,1910.66,173.39,799.18,290.91,65.28,96.82,263.41,1836.50,3558.82,2.44,149.17,141.92,625.36,3.07,969.98,62.83,524.75
2026-01-31T22:00:00Z,43.97,2482.43,157.26,501.58,55.39,1942.08,171.57,810.79,70.11,,172.21,1096.95,52.09,1906.42,172.97,796.87,286.47,63.36,,257.44,1825.65,3557.38,2.70,150.68,139.96,624.06,2.60,961.78,63.33,532.39
2026-01-31T22:10:00Z,43.66,2483.64,156.01,509.94,55.62,1939.19,171.91,828.97,70.18,1945.55,172.55,1089.79,51.76,1910.36,173.85,777.00,287.61,64.79,97.29,257.07,1827.85,3562.13,2.34,150.86,139.27,621.34,2.78,965.04,61.58,515.65
2026-01-31T22:20:00Z,43.27,2488.78,156.62,499.53,55.58,1936.24,173.07,821.42,70.20,1951.62,172.16,1089.21,51.91,1909.60,173.59,802.05,292.48,64.68,97.80,263.63,1831.23,3551.59,2.32,150.03,143.49,624.23,2.79,965.87,60.75,519.02
2026-01-31T22:30:00Z,43.14,2490.52,156.20,491.78,55.96,1936.48,172.47,834.83,70.43,1948.84,172.60,1097.49,52.23,1896.17,173.46,808.84,286.46,64.96,97.91,258.81,1831.06,3545.03,2.27,150.03,137.90,622.75,3.06,962.72,60.61,509.41
2026-01-31T22:40:00Z,43.02,2494.51,156.88,490.80,56.23,1933.70,172.22,830.79,70.20,1944.20,171.87,1087.50,51.86,1903.46,173.28,811.24,287.13,67.52,97.33,259.76,1829.45,3527.18,2.49,148.61,139.11,623.27,3.12,970.71,61.06,513.32
2026-01-31T22:50:00Z,43.31,2505.26,156.97,482.49,56.33,1922.11,172.46,830.26,70.23,1948.19,171.68,1090.21,51.95,1894.80,173.39,801.99,289.80,65.81,97.14,261.63,1836.05,3545.70,2.27,150.58,136.81,616.92,3.14,960.73,59.56,515.50
2026-01-31T23:00:00Z,43.54,2493.61,156.97,498.26,56.58,1910.52,172.26,835.28,70.20,1940.20,171.75,1082.18,52.19,1897.47,172.67,804.23,289.63,64.95,96.98,260.95,1832.85,3538.57,2.42,150.86,137.89,618.54,3.10,968.04,60.84,517.94
2026-01-31T23:10:00Z,43.54,2490.06,156.87,493.27,56.49,1916.23,172.37,843.82,70.20,1945.69,171.10,1065.04,52.33,1890.77,172.93,807.32,290.39,64.36,97.37,264.45,1841.31,3557.00,2.34,150.51,138.95,616.54,3.03,968.86,59.55,517.41
2026-01-31T23:20:00Z,43.82,2488.40,156.84,510.16,56.05,1923.23,172.51,839.80,70.02,1941.41,171.50,1068.55,52.13,1883.64,173.69,808.15,292.73,64.41,97.06,264.72,1839.61,3539.84,2.63,149.61,141.83,621.93,2.88,967.11,59.71,516.95
2026-01-31T23:30:00Z,44.01,2477.87,157.17,515.51,55.99,1914.66,173.32,850.69,69.99,1950.90,172.37,1096.06,51.95,1892.94,173.08,812.52,292.41,66.29,97.78,264.83,1841.40,3560.89,2.95,149.14,143.36,625.30,,970.16,60.04,516.56
2026-01-31T23:40:00Z,44.18,2476.84,157.96,512.04,56.09,1912.88,172.58,872.08,69.81,1946.13,172.57,1081.85,51.90,1905.57,173.32,802.94,289.40,66.67,97.24,261.61,1833.83,3547.94,2.70,150.46,139.46,620.47,2.82,967.36,59.64,509.88
2026-01-31T23:50:00Z,44.19,2463.52,157.35,514.40,55.55,1918.56,172.93,850.29,69.50,1964.70,171.84,1068.54,51.85,1905.96,173.97,812.84,289.88,64.90,96.90,258.65,1839.64,3556.52,2.43,150.96,140.04,620.12,3.20,973.97,59.60,520.59
2026-02-01T00:00:00Z,44.11,2475.31,156.64,502.23,55.23,1947.11,173.15,839.09,69.65,1951.32,171.72,1069.46,51.44,1915.89,174.35,811.53,290.69,64.45,97.01,262.05,1832.92,3538.20,2.48,150.84,142.88,627.75,3.12,970.62,59.81,513.65
2026-02-01T00:10:00Z,43.83,2477.33,156.47,505.04,55.37,1946.05,172.93,826.44,69.62,1956.58,171.75,1072.72,51.37,1916.54,173.59,804.70,289.14,65.15,96.94,258.89,1845.63,3541.98,2.63,149.67,139.21,623.02,2.95,976.88,60.77,525.58
2026-02-01T00:20:00Z,43.55,2479.01,157.08,487.89,55.34,1932.94,173.07,830.95,69.53,1961.27,171.93,1068.90,51.99,1913.66,172.94,788.30,284.00,63.47,96.81,258.61,1835.00,3548.33,2.63,149.48,137.25,619.00,2.82,970.83,61.77,511.30
2026-02-01T00:30:00Z,43.53,2472.96,156.88,484.43,55.20,1934.79,172.60,810.76,69.03,1973.03,171.83,1068.92,51.90,1907.53,172.89,795.42,287.17,65.63,96.99,255.70,1827.27,3549.04,2.53,149.14,136.14,621.15,3.38,965.14,61.54,519.33
2026-02-01T00:40:00Z,43.80,2476.26,156.74,489.53,55.18,1936.53,172.10,813.66,68.85,1972.49,172.00,1054.35,51.70,1906.76,173.06,803.97,288.22,66.36,97.10,256.90,1831.65,3539.16,2.55,150.00,138.96,618.34,2.85,967.45,60.50,513.92
2026-02-01T00:50:00Z,43.69,2477.25,156.47,487.29,54.89,1944.59,172.43,807.69,68.70,1980.87,172.34,1042.23,51.50,1906.94,174.07,798.74,288.55,63.82,96.85,260.64,1833.58,3539.54,2.44,149.86,140.07,626.30,3.09,967.18,59.87,525.25
2026-02-01T01:00:00Z,44.15,2471.50,157.12,490.90,54.29,1961.89,173.14,792.06,68.56,1977.57,171.03,1032.60,51.07,1912.31,173.61,798.45,286.44,63.98,97.55,261.01,1842.39,3553.67,2.67,151.85,139.71,631.35,2.98,972.44,61.13,520.82
2026-02-01T01:10:00Z,44.17,2465.65,156.75,498.46,54.20,1969.47,172.18,776.28,68.85,1986.25,171.39,1033.04,51.33,1922.66,173.54,777.20,288.94,61.51,98.21,257.27,1832.70,3555.18,,149.46,139.68,619.98,2.88,963.82,62.39,522.06
2026-02-01T01:20:00Z,43.98,2466.02,156.85,508.59,54.16,1966.38,172.48,773.48,68.45,1982.72,170.74,1020.14,51.45,1925.53,173.51,790.87,294.21,59.92,97.38,266.68,1839.73,3550.17,2.62,150.62,140.52,629.97,2.73,957.96,61.03,528.81
2026-02-01T01:30:00Z,43.99,2473.08,157.61,492.93,54.45,1958.79,171.63,773.76,68.35,1978.30,171.41,1014.97,51.26,1929.66,172.70,791.64,290.45,60.91,96.57,263.45,1834.41,3538.97,2.76,148.96,139.00,614.35,3.16,962.17,59.90,520.46
2026-02-01T01:40:00Z,44.00,2480.90,157.08,507.96,54.15,1969.52,170.97,765.54,68.46,1985.23,170.66,1025.75,51.13,1921.26,172.39,766.74,283.21,61.26,95.68,254.35,1827.06,3548.00,2.45,148.82,134.58,623.43,3.06,967.63,59.80,524.78
2026-02-01T01:50:00Z,44.20,2472.83,156.62,506.39,53.93,1978.45,171.41,763.17,,1986.49,170.92,1032.47,51.10,1933.32,172.95,773.14,280.32,61.98,95.90,251.11,1818.90,3549.14,2.38,150.98,132.62,612.78,2.51,956.32,60.38,519.55
2026-02-01T02:00:00Z,44.36,2470.50,157.42,506.52,54.05,1979.73,171.42,756.95,68.59,1979.74,170.80,1028.29,51.02,1923.43,173.11,770.36,281.45,60.18,96.12,253.35,1824.36,3549.83,2.45,150.72,135.85,623.78,3.24,966.88,60.39,521.29
2026-02-01T02:10:00Z,44.23,2472.35,156.92,507.12,53.99,1979.64,171.71,758.51,68.64,1980.33,170.98,1031.18,50.90,1941.94,172.98,749.77,279.00,61.99,95.61,251.76,1821.33,3564.38,2.83,149.94,135.35,613.16,3.35,964.29,62.14,508.15
2026-02-01T02:20:00Z,44.50,2471.80,156.89,515.20,53.97,1981.75,171.75,768.53,69.11,1978.60,170.77,1031.05,50.70,1931.97,172.86,749.79,282.40,60.39,95.87,254.85,1835.71,3543.24,2.37,149.64,136.50,620.19,2.69,976.52,61.38,516.64
2026-02-01T02:30:00Z,44.41,2466.42,158.04,520.27,54.09,1988.35,171.83,767.10,69.03,1967.80,170.82,1040.73,50.34,1932.41,172.20,738.69,282.25,62.17,95.90,253.65,1828.16,3561.08,2.57,153.63,136.94,626.23,2.94,968.23,59.15,516.23
2026-02-01T02:40:00Z,44.50,2465.12,157.61,537.59,54.45,1959.67,170.38,781.65,69.34,1963.39,171.62,1054.21,50.69,1931.52,172.43,756.74,285.35,63.01,95.98,259.97,1824.55,3562.15,2.44,150.22,137.57,626.19,3.06,965.53,59.58,518.68
2026-02-01T02:50:00Z,44.41,2464.73,157.19,523.22,54.92,1954.65,171.08,801.46,69.74,1962.37,171.90,1050.72,50.87,1922.32,172.85,761.07,282.16,64.90,96.63,255.69,1826.49,3539.81,2.28,152.13,136.56,629.27,3.09,959.39,60.31,520.57
2026-02-01T03:00:00Z,44.24,2463.81,156.71,516.32,54.49,1955.11,171.87,795.34,69.49,1975.98,171.67,1056.32,50.68,1931.63,172.64,751.19,283.04,65.40,96.41,255.36,1826.41,3554.08,2.37,151.95,137.01,627.82,3.11,960.16,58.46,524.38
2026-02-01T03:10:00Z,44.00,2476.46,157.05,504.37,54.63,1953.03,171.22,796.75,69.68,,171.34,1049.22,50.79,1931.77,173.09,750.60,285.55,63.76,96.38,258.85,1820.03,3551.59,2.68,149.52,138.10,622.17,2.92,960.92,59.11,524.27
2026-02-01T03:20:00Z,43.94,2478.05,156.61,508.38,54.36,1968.85,171.68,801.20,69.59,1949.64,170.92,1064.72,50.84,1932.73,173.00,760.46,287.31,62.11,96.33,256.22,1830.24,3556.55,2.24,151.08,138.22,613.82,3.32,956.68,60.52,511.09
2026-02-01T03:30:00Z,43.52,2480.53,156.33,497.13,54.37,1966.99,171.55,777.20,69.15,1958.46,170.96,1059.85,50.60,1934.96,173.11,763.94,287.36,62.35,96.36,260.38,1828.05,3549.18,2.40,149.50,138.69,624.40,3.00,958.53,59.59,507.62
2026-02-01T03:40:00Z,43.49,2479.48,157.56,504.35,54.25,1970.54,171.62,774.03,68.85,1965.27,171.24,1042.46,50.87,1929.77,172.67,772.72,286.62,64.06,96.21,258.28,1829.40,3546.16,2.82,151.22,138.90,619.08,3.40,958.00,61.66,512.67
2026-02-01T03:50:00Z,43.57,2483.73,157.45,513.35,54.68,1960.12,171.53,786.60,68.89,1957.19,171.52,1047.48,50.78,1935.51,172.81,775.09,281.36,66.34,96.32,252.88,1819.34,3544.95,2.57,150.47,138.69,622.64,2.78,957.86,60.73,517.91
2026-02-01T04:00:00Z,43.57,2480.06,157.01,501.99,54.58,1963.15,171.92,785.86,68.73,1966.87,171.38,1037.58,50.87,1936.10,172.51,769.49,282.03,64.68,96.52,255.07,1831.79,3560.70,2.45,150.87,136.20,613.70,2.94,971.94,59.17,502.41
2026-02-01T04:10:00Z,43.65,2477.34,156.67,496.86,54.85,1965.92,172.38,786.71,69.00,1979.17,171.23,1041.31,50.67,1935.91,172.72,755.28,278.79,63.28,96.77,253.35,1823.42,3552.12,2.53,148.14,133.32,620.17,2.80,960.98,60.19,514.14
2026-02-01T04:20:00Z,43.58,2478.98,156.40,502.72,54.55,1964.81,171.97,790.29,69.27,1962.93,171.43,1040.30,50.80,1932.54,171.90,759.02,279.39,63.75,96.58,252.10,1832.79,3544.45,2.67,149.80,134.23,610.00,3.16,967.05,61.28,505.90
2026-02-01T04:30:00Z,43.50,2493.05,156.57,491.20,54.77,1952.95,171.91,797.70,69.43,1965.12,171.38,1050.16,50.85,1929.94,172.59,759.48,283.01,64.92,96.57,249.92,1831.46,3552.49,2.52,149.38,139.66,627.01,2.98,960.90,60.34,524.80
2026-02-01T04:40:00Z,43.41,2496.26,156.70,487.42,54.45,1959.82,172.12,799.01,69.49,1953.78,170.86,1063.61,50.82,1932.41,172.82,752.93,281.20,63.37,96.88,253.62,1832.84,3563.38,2.33,150.00,137.27,615.94,3.11,972.49,61.64,510.44
2026-02-01T04:50:00Z,44.06,2484.09,157.43,502.41,54.94,1951.26,172.38,810.92,69.38,1965.06,171.04,1064.35,51.00,1924.54,172.23,774.51,282.03,65.47,96.72,254.25,1813.78,3540.95,2.52,149.04,134.88,615.59,3.11,956.89,60.61,500.24
2026-02-01T05:00:00Z,44.67,2467.25,157.57,504.78,55.43,1940.19,171.88,803.43,69.38,1968.89,171.15,1067.83,50.83,1941.47,172.20,760.73,281.35,65.00,96.55,249.01,1813.12,3565.64,2.47,151.70,137.11,621.65,3.47,957.57,59.91,516.84
2026-02-01T05:10:00Z,44.58,2451.67,157.10,529.14,55.31,1942.73,172.16,799.92,69.29,1975.56,171.56,1050.29,50.32,1938.81,172.56,746.75,281.86,64.86,96.68,252.25,1825.54,3547.70,2.60,149.60,138.64,619.02,3.04,957.32,59.68,517.92
2026-02-01T05:20:00Z,44.64,2453.46,157.78,526.39,55.37,1940.05,171.83,801.56,69.32,1969.87,172.01,1049.93,50.30,1941.50,172.37,746.10,283.79,63.67,97.06,253.35,1825.04,3546.82,2.62,151.32,136.31,612.81,3.17,964.28,59.56,511.43
2026-02-01T05:30:00Z,44.65,2446.41,157.85,538.49,55.38,1936.62,171.94,816.68,68.87,1969.89,172.08,1047.66,49.95,1951.09,172.36,730.83,287.55,63.11,97.01,254.26,1827.17,3556.47,2.40,151.65,137.76,617.44,2.68,963.10,59.63,523.12
2026-02-01T05:40:00Z,44.79,2458.96,158.17,532.78,55.61,1931.95,171.92,820.42,68.99,1979.99,172.02,1023.05,50.18,1949.97,172.01,720.14,284.00,63.71,97.22,259.82,1843.15,3559.53,2.73,150.53,138.11,619.64,3.16,973.06,59.41,522.56
2026-02-01T05:50:00Z,44.99,2451.87,157.96,536.00,56.03,1926.96,172.48,825.94,68.95,1975.63,171.93,1031.00,49.72,1948.79,171.69,716.05,283.98,65.20,97.13,255.37,1817.86,3560.86,2.75,149.58,135.90,616.41,3.04,962.13,58.96,524.88
2026-02-01T06:00:00Z,44.97,2454.82,157.67,542.66,55.86,1920.76,172.05,832.69,69.63,1973.12,172.66,1048.22,49.56,1955.42,172.35,708.34,279.07,63.24,97.09,255.38,1816.14,3539.50,2.72,149.37,132.96,617.67,3.15,950.25,59.88,513.15
2026-02-01T06:10:00Z,44.92,2442.24,158.74,557.90,56.03,1920.48,172.59,843.36,69.68,1971.62,172.16,1053.25,49.97,1945.37,171.72,717.40,282.45,61.02,96.69,252.65,1824.27,3557.07,2.42,150.04,135.35,616.53,3.15,959.96,60.92,516.83
2026-02-01T06:20:00Z,45.01,2444.27,158.12,539.07,56.21,1917.12,173.17,851.08,69.82,1951.54,172.44,1059.61,50.14,1937.69,171.59,730.97,292.69,63.10,96.55,261.51,1827.42,3558.84,2.43,150.24,143.26,623.33,2.86,959.76,60.59,519.24
2026-02-01T06:30:00Z,45.39,2442.49,158.09,536.56,56.48,1914.36,172.40,854.69,69.50,1966.82,171.95,1055.34,50.11,1938.39,172.08,741.40,287.82,61.65,96.16,257.39,1823.66,3539.04,2.38,149.05,141.35,627.07,2.71,965.84,60.70,521.21
2026-02-01T06:40:00Z,44.69,2449.05,158.01,543.31,56.18,1918.39,172.83,860.49,69.34,1970.52,172.19,1055.06,50.10,1947.62,172.59,722.71,286.99,62.63,97.23,259.06,1836.93,3546.83,2.44,151.68,138.22,618.02,2.98,964.75,60.84,498.51
2026-02-01T06:50:00Z,44.61,2454.05,157.84,533.31,55.92,1924.10,172.61,843.60,69.17,1984.69,172.10,1048.13,49.97,1933.26,172.93,750.30,286.94,62.11,97.22,257.87,1839.82,3537.16,2.21,151.69,138.22,623.84,3.20,972.18,61.65,518.01
2026-02-01T07:00:00Z,44.73,2456.48,157.95,520.85,55.43,1933.30,172.71,837.27,69.09,1972.61,171.39,1041.77,50.15,1944.27,172.54,751.46,288.14,62.90,97.29,259.08,1826.51,3556.74,2.24,150.04,140.51,629.92,3.03,963.01,61.07,537.64
2026-02-01T07:10:00Z,44.82,2456.03,157.04,516.32,55.34,1941.43,172.77,832.40,69.27,1968.76,170.98,1050.61,50.50,1943.96,172.86,743.46,288.41,63.33,97.46,259.64,1831.19,3564.13,2.65,151.30,136.96,617.66,2.98,966.71,60.37,524.34
2026-02-01T07:20:00Z,44.20,2469.24,157.50,523.65,55.59,1929.76,172.23,826.37,69.24,1964.50,171.68,1057.47,50.73,1940.50,172.23,739.63,288.88,63.28,96.73,262.30,1834.72,3542.74,2.46,150.52,137.87,623.22,2.92,965.44,61.05,515.19
2026-02-01T07:30:00Z,44.33,2457.26,156.72,529.22,55.19,1935.92,172.73,830.58,69.18,1962.55,171.67,1055.16,50.78,1930.68,172.50,754.89,289.61,65.82,97.07,258.38,1833.68,3556.65,2.47,150.40,140.21,622.85,2.92,968.35,59.62,516.79
2026-02-01T07:40:00Z,44.16,2466.01,157.30,534.89,54.97,1930.09,172.74,839.68,69.71,1960.28,172.06,1061.53,50.81,1920.18,173.04,770.71,287.34,64.28,97.20,260.67,1833.38,3544.23,2.64,148.45,139.09,620.61,3.06,967.36,61.49,518.93
2026-02-01T07:50:00Z,43.95,2466.92,157.29,514.52,55.12,1943.45,172.13,828.30,69.51,1951.52,171.80,1061.50,50.57,1934.42,173.08,754.04,282.28,63.93,96.91,254.94,1828.70,3548.81,2.64,151.81,134.34,623.91,2.89,965.67,61.58,520.52
2026-02-01T08:00:00Z,44.12,2468.33,157.14,519.74,54.82,1957.62,172.05,803.74,69.70,1959.81,171.75,1059.87,50.49,1935.02,172.82,755.15,282.18,62.10,96.93,253.44,1822.96,3545.34,2.55,151.21,135.53,619.96,3.01,961.19,60.21,532.48
2026-02-01T08:10:00Z,44.04,2470.78,156.63,518.21,54.59,1957.35,171.94,793.31,69.85,1957.45,172.62,1057.44,50.54,1923.77,173.36,760.70,284.72,62.49,96.48,255.76,1830.58,3561.54,2.46,148.99,137.19,623.55,3.12,963.55,59.75,521.63
2026-02-01T08:20:00Z,44.01,2465.69,156.99,515.52,54.51,1969.27,172.21,793.39,70.34,1942.55,173.19,1073.73,50.55,1925.45,172.74,761.33,280.53,63.95,96.95,251.21,1820.58,3545.59,2.41,150.03,134.90,620.66,3.17,960.34,59.88,522.17
2026-02-01T08:30:00Z,43.85,2469.04,156.76,523.74,54.65,1968.51,171.94,793.60,70.27,1938.25,172.90,1076.52,50.89,1930.11,173.16,764.40,280.74,62.90,97.28,249.15,1816.38,3558.94,2.21,150.31,136.24,618.00,2.94,950.31,59.79,520.04
2026-02-01T08:40:00Z,43.59,2471.96,156.64,521.46,54.58,1965.15,171.39,777.10,70.33,1936.77,172.66,1086.76,50.85,1930.03,173.42,762.20,276.13,64.90,96.41,247.37,1832.46,3555.23,2.52,150.67,133.99,617.89,2.87,967.52,62.25,506.17
2026-02-01T08:50:00Z,43.87,2470.60,156.39,524.00,54.61,1971.55,172.25,778.33,70.30,1945.79,172.15,1086.49,50.67,1927.32,172.55,751.44,277.96,63.79,96.74,248.02,1816.35,3547.19,2.42,150.83,,612.29,3.01,958.83,61.03,501.95
2026-02-01T09:00:00Z,43.68,2475.03,157.53,515.21,55.15,1949.89,172.21,795.39,70.03,1939.75,171.80,1067.59,50.25,1931.57,171.77,752.75,279.46,64.39,96.54,250.46,1825.81,3554.61,2.68,151.13,131.59,610.96,3.10,960.64,61.24,503.55
2026-02-01T09:10:00Z,43.19,2490.05,156.60,503.58,55.17,1944.58,171.31,793.87,70.09,1941.17,172.23,1076.40,50.22,1930.37,172.42,755.30,281.37,63.74,96.58,250.45,1828.06,3559.76,2.54,150.41,135.16,616.31,3.05,961.67,60.97,509.73
2026-02-01T09:20:00Z,43.37,2490.51,156.74,495.06,55.31,1936.81,172.24,817.04,70.08,1940.46,172.21,1086.65,50.39,1939.71,172.74,762.05,285.80,63.68,97.13,257.74,1836.67,3557.35,2.73,150.57,133.61,615.54,2.99,976.71,59.75,514.53
2026-02-01T09:30:00Z,43.92,2475.40,156.85,488.37,55.12,1944.03,172.66,825.36,69.92,1937.70,171.59,1081.91,50.46,1939.69,172.85,757.98,285.10,64.76,97.06,257.00,1823.07,3561.59,2.61,152.16,138.76,619.43,3.08,960.27,59.66,519.77
2026-02-01T09:40:00Z,44.08,2478.80,157.71,503.11,55.36,1940.95,172.20,809.63,70.17,1953.06,171.89,1076.32,50.33,1934.19,173.02,753.29,280.31,63.41,97.39,251.48,1824.70,3544.03,2.38,149.25,137.37,621.44,3.27,961.62,59.85,521.78
2026-02-01T09:50:00Z,43.92,2482.40,157.49,500.55,55.74,1924.82,172.23,816.31,70.30,1957.21,172.39,1089.16,50.20,1938.58,173.06,751.46,283.14,64.51,97.96,254.59,1831.62,3568.66,2.73,151.26,136.38,622.84,3.06,963.85,61.26,511.48
2026-02-01T10:00:00Z,44.04,2482.33,158.05,502.24,55.38,1931.51,172.27,821.11,70.12,1945.67,172.82,1079.48,50.33,1936.74,172.53,762.98,281.72,66.21,98.02,252.61,1824.99,3554.53,2.66,152.18,135.23,623.51,3.05,958.43,59.44,532.64
2026-02-01T10:10:00Z,43.99,2471.85,157.26,508.56,54.90,1959.69,171.97,810.95,70.24,1944.30,172.31,1091.52,50.39,1938.43,172.76,755.45,280.82,64.66,97.52,250.91,1824.31,3541.66,2.35,149.99,136.50,625.84,2.95,967.00,59.77,526.90
2026-02-01T10:20:00Z,43.75,2475.01,157.11,492.60,55.28,1950.92,171.36,809.07,70.63,1941.43,172.86,1101.61,50.98,1934.61,172.39,773.62,283.29,65.95,98.24,254.91,1820.35,3543.40,2.56,151.86,134.95,613.37,3.32,958.42,59.48,526.61
2026-02-01T10:30:00Z,43.56,2490.59,157.22,500.54,55.03,1962.64,171.82,796.65,70.65,1940.54,173.32,1083.93,50.61,1935.21,172.77,771.61,282.83,65.49,98.32,252.59,1826.53,3562.93,2.56,151.24,136.13,612.30,3.14,963.64,60.05,502.98
2026-02-01T10:40:00Z,43.51,2502.16,157.40,499.43,55.11,1953.56,171.89,802.29,70.81,1943.99,173.10,1080.30,50.77,1931.76,172.33,760.99,278.36,63.89,98.12,247.76,1822.33,3559.28,2.50,150.14,135.98,616.98,3.01,958.62,60.33,527.85
2026-02-01T10:50:00Z,43.54,2498.87,156.48,473.86,54.83,1961.28,171.48,797.03,70.96,1925.68,172.43,1096.95,50.65,1930.98,172.62,760.45,283.87,64.63,97.54,256.69,1834.53,3554.51,2.38,151.06,137.80,627.37,2.77,966.47,60.34,519.22
2026-02-01T11:00:00Z,43.13,2497.87,156.80,480.14,54.88,1956.22,172.86,804.17,71.04,1926.36,172.33,1104.88,50.47,1933.43,172.61,761.98,282.72,62.27,97.58,253.79,1829.36,3537.27,2.08,150.22,136.57,616.06,3.08,963.15,59.92,514.45
2026-02-01T11:10:00Z,42.86,2509.21,156.73,469.05,54.34,1962.29,173.14,807.56,71.42,1923.07,172.57,1115.49,50.01,1946.16,172.36,737.95,285.75,63.66,97.80,256.35,1833.10,3562.95,2.47,150.86,139.92,624.17,3.20,968.89,59.84,525.00
2026-02-01T11:20:00Z,42.85,2505.29,156.29,461.83,54.26,1974.54,172.20,793.65,71.54,1909.25,172.86,1134.47,50.40,1942.78,172.38,743.22,287.56,64.25,98.37,257.43,1823.32,3548.55,2.51,152.35,138.05,628.52,2.64,958.73,59.69,525.94
2026-02-01T11:30:00Z,42.99,2492.89,155.87,469.46,54.09,1965.12,171.69,787.82,71.59,1901.13,172.48,1127.04,50.30,1930.79,172.14,739.75,284.81,63.91,98.30,254.59,1824.45,3549.08,2.39,149.56,136.95,626.27,2.97,964.44,60.80,513.72
2026-02-01T11:40:00Z,43.07,2494.42,156.59,466.79,54.26,1966.92,171.53,780.57,71.42,1909.88,172.38,1126.96,50.22,1929.34,172.21,748.64,280.13,62.65,98.31,252.49,1826.83,3540.60,2.31,150.34,135.52,624.23,3.11,963.99,61.29,523.51
2026-02-01T11:50:00Z,43.25,2492.22,156.41,476.59,54.29,1975.31,171.97,784.42,71.00,1925.39,172.57,1107.91,49.94,1933.79,172.15,751.31,280.15,61.72,96.76,250.12,1826.58,3557.87,2.76,151.11,135.77,618.02,2.77,965.33,61.88,518.37
2026-02-01T12:00:00Z,43.51,2496.46,155.59,473.02,54.30,1966.16,172.27,786.67,71.36,1919.57,172.34,1090.54,50.07,1935.26,172.14,757.97,280.74,60.68,95.62,252.17,1829.43,3551.74,2.64,149.59,133.61,616.48,2.99,970.10,61.30,511.39
2026-02-01T12:10:00Z,43.73,2487.38,156.02,487.79,54.51,1973.36,172.31,784.15,71.12,1918.48,172.65,1111.11,49.78,1952.05,172.17,746.23,283.60,61.71,96.23,253.86,1825.85,3553.60,2.38,150.34,133.11,611.72,3.22,964.35,60.57,511.33
2026-02-01T12:20:00Z,43.32,2497.49,156.19,497.91,54.86,1960.49,172.18,790.62,70.87,1925.27,172.19,1108.18,50.01,1953.95,171.89,737.21,282.75,63.41,97.39,253.44,1817.20,3560.49,2.61,147.48,137.27,622.15,3.05,958.13,60.57,513.74
2026-02-01T12:30:00Z,43.40,2491.67,156.06,491.79,55.03,1966.31,172.40,787.59,71.17,1918.02,172.81,1123.93,50.35,1936.68,172.99,758.40,283.50,63.88,97.35,256.73,1818.95,3549.34,2.59,152.36,133.30,621.77,3.05,953.13,59.83,519.03
2026-02-01T12:40:00Z,43.57,2485.70,156.55,490.44,54.88,1959.80,171.96,797.16,71.25,1918.97,172.44,1132.02,50.28,1934.77,171.66,742.05,287.90,64.39,96.90,261.22,1828.44,3558.00,2.61,150.64,137.98,621.35,2.93,967.55,60.55,519.67
2026-02-01T12:50:00Z,43.33,2479.56,156.51,499.70,55.04,1957.90,171.76,791.06,71.19,1917.93,172.92,1118.33,49.92,1941.21,172.41,743.14,288.49,64.16,97.03,258.87,1826.29,3551.18,2.46,150.62,138.50,620.60,2.90,965.39,62.10,521.42
2026-02-01T13:00:00Z,43.42,2479.38,155.86,495.39,55.15,1957.00,172.29,805.87,70.98,1921.60,172.80,1108.74,49.75,1956.47,171.96,752.27,286.91,64.03,96.90,254.97,1831.58,3559.59,2.82,150.80,137.04,618.84,3.22,972.82,62.13,511.81
2026-02-01T13:10:00Z,43.50,2478.56,156.30,501.47,55.35,1939.82,172.78,818.04,70.96,1920.38,172.29,1107.91,49.94,1952.64,171.60,736.78,285.43,62.54,97.36,258.58,1824.41,3545.28,2.43,150.77,137.53,622.26,2.92,962.52,61.42,508.17
2026-02-01T13:20:00Z,43.20,2485.49,156.70,506.68,54.98,1935.03,171.96,814.16,70.58,1935.02,173.00,1094.24,50.12,1927.86,171.76,739.96,287.17,64.02,97.27,260.54,1831.92,3545.58,2.32,150.84,137.70,622.11,3.01,959.72,60.47,527.92
2026-02-01T13:30:00Z,42.93,2498.23,157.15,489.24,54.96,1928.44,171.58,799.57,70.44,1939.12,173.11,1097.12,50.44,1937.55,172.39,745.30,285.62,61.71,97.98,257.39,1821.11,3542.51,2.46,150.90,134.97,607.72,2.92,961.43,60.33,508.86
2026-02-01T13:40:00Z,42.92,2506.40,156.63,473.24,54.80,1954.34,171.61,799.19,70.03,1937.81,172.30,1094.90,50.60,1937.38,172.30,743.63,282.84,61.42,97.24,250.91,1830.98,3554.18,2.58,149.14,136.33,619.83,2.51,969.80,61.76,512.64
2026-02-01T13:50:00Z,43.17,2488.25,156.66,487.00,54.82,1949.43,171.60,793.95,70.05,1938.39,171.58,1098.45,50.45,1931.68,172.49,752.32,281.65,62.21,97.03,255.79,1828.78,3554.89,2.40,150.99,138.15,625.96,2.79,969.88,60.33,527.80
2026-02-01T14:00:00Z,43.25,2488.55,157.18,494.49,55.00,1952.21,172.23,791.58,,1951.10,171.71,1075.49,50.66,1935.61,173.12,763.00,284.84,63.77,97.00,258.73,1833.91,3550.15,2.74,149.40,139.59,624.09,3.08,961.44,58.91,513.71
2026-02-01T14:10:00Z,43.61,2486.36,157.04,515.74,54.95,1949.58,171.41,791.36,70.18,1945.35,172.62,1076.92,51.01,1933.42,173.54,775.62,285.22,63.62,97.22,255.82,1826.65,3544.27,2.46,150.37,136.28,616.76,3.29,965.42,58.50,509.24
2026-02-01T14:20:00Z,43.54,2481.20,156.97,508.40,54.90,1949.69,170.93,798.25,70.33,1948.84,172.52,1082.86,50.81,1920.54,173.47,769.14,290.01,63.96,96.42,260.15,1839.63,3555.41,2.49,149.05,138.61,625.56,2.95,974.93,59.19,528.71
2026-02-01T14:30:00Z,43.04,2484.69,157.24,500.55,54.93,1957.49,171.32,798.21,70.13,1948.64,171.88,1069.28,51.25,1912.47,173.74,774.02,,63.78,97.11,258.37,1830.17,3553.02,2.58,150.28,134.94,615.49,3.14,967.14,60.78,512.29
2026-02-01T14:40:00Z,42.88,2490.29,156.51,481.85,54.96,1953.24,171.52,801.30,70.20,1939.17,172.08,1074.18,51.37,1913.15,174.31,781.99,282.71,64.66,97.06,255.64,1821.35,3525.74,2.41,148.29,135.04,619.59,2.81,956.16,60.07,520.98
2026-02-01T14:50:00Z,43.10,2499.59,156.86,488.42,55.27,1956.01,171.79,805.88,70.23,1943.78,171.85,1084.23,51.72,1912.80,174.21,775.18,288.62,63.14,97.03,262.90,1833.17,3547.76,2.47,149.67,138.95,629.08,3.19,956.93,59.21,526.77
2026-02-01T15:00:00Z,43.27,2493.24,157.00,482.54,55.67,1951.77,171.51,792.43,70.07,1937.26,172.66,1066.93,51.64,1912.37,173.78,790.54,289.32,62.48,96.97,257.99,1835.82,3545.75,2.54,150.95,139.88,624.66,3.09,973.06,60.29,516.71
2026-02-01T15:10:00Z,43.33,2504.24,156.89,499.39,55.41,1942.19,172.41,806.14,70.26,1932.78,171.41,1082.34,51.32,1915.06,173.04,793.20,292.74,64.01,97.40,260.76,1837.81,3557.05,2.43,153.53,141.66,628.09,3.21,968.53,60.44,527.86
2026-02-01T15:20:00Z,43.56,2498.56,157.13,495.05,55.51,1947.59,172.29,824.86,70.36,1935.69,171.98,1089.86,51.28,1918.87,172.82,792.91,289.54,63.60,96.81,258.28,1824.93,3540.31,2.62,151.47,143.69,629.76,3.05,968.50,59.91,533.68
2026-02-01T15:30:00Z,44.01,2473.22,156.54,496.64,55.58,1945.43,172.17,843.19,70.73,1931.71,172.11,1104.44,51.02,1927.96,173.59,791.87,290.56,65.72,97.26,260.18,1824.45,3559.62,2.47,149.29,141.54,623.32,2.99,966.49,59.48,518.64
2026-02-01T15:40:00Z,44.11,2470.27,157.70,520.09,55.91,1934.14,172.30,826.10,71.03,1932.43,172.25,1109.36,51.17,1916.53,173.57,791.88,290.06,63.25,98.02,263.10,1831.19,3549.89,2.62,149.91,141.98,626.70,3.15,963.26,60.49,523.29
2026-02-01T15:50:00Z,44.01,2489.48,157.11,504.32,55.67,1939.24,172.58,816.87,70.99,1933.40,172.09,1102.89,51.17,1909.30,173.60,791.02,286.90,64.56,97.73,255.01,1829.25,3555.58,2.53,149.70,138.92,621.13,3.09,970.17,61.11,524.94
2026-02-01T16:00:00Z,43.58,2491.19,156.58,494.58,55.27,1937.98,172.42,821.48,70.84,1930.42,172.75,1100.71,51.29,1926.81,172.81,769.29,288.97,64.25,96.47,260.22,1817.35,3544.68,2.57,149.53,139.29,626.29,2.83,960.34,61.39,513.35
2026-02-01T16:10:00Z,43.34,2498.88,156.89,480.54,54.99,1940.02,172.59,824.47,70.70,1931.90,172.54,1096.78,51.00,1931.01,172.50,768.13,293.94,64.37,96.95,266.23,1842.86,3545.75,2.51,149.75,141.80,629.34,3.07,977.23,60.96,532.42
2026-02-01T16:20:00Z,43.15,2499.79,157.02,485.18,55.45,1940.92,173.06,822.04,70.96,1937.78,172.35,1091.45,50.92,1928.06,172.06,771.66,282.79,65.82,96.25,254.92,1828.12,3541.52,2.25,149.23,138.49,622.77,3.08,958.32,61.08,524.79
2026-02-01T16:30:00Z,43.52,2479.99,156.69,480.53,55.36,1936.02,172.42,822.19,71.02,1943.38,172.20,1088.79,51.08,1931.76,171.95,772.17,286.91,64.05,97.23,256.85,1826.19,3560.62,2.41,150.81,140.16,621.09,3.14,961.41,60.56,518.80
2026-02-01T16:40:00Z,43.35,2488.22,156.62,479.53,55.18,1932.08,171.45,821.33,70.94,1931.95,172.75,1101.63,50.95,1938.24,172.69,774.40,290.99,61.98,96.83,263.00,1830.81,3547.24,2.51,150.94,141.15,623.59,2.89,963.96,61.85,512.82
2026-02-01T16:50:00Z,43.63,2472.70,157.22,491.55,54.61,1949.22,172.11,809.39,70.83,1930.03,172.48,1097.59,51.04,1934.28,173.27,767.64,282.29,64.33,97.70,253.72,1815.33,3554.87,2.57,150.62,134.91,619.74,3.13,953.09,59.47,516.34
2026-02-01T17:00:00Z,43.43,2488.92,157.33,493.21,54.87,1944.46,172.09,807.77,71.04,1922.94,172.67,1117.38,51.38,1919.98,173.39,769.79,287.35,65.52,97.06,258.13,1831.35,3557.10,2.54,150.62,137.71,618.87,2.62,971.22,60.47,518.30
2026-02-01T17:10:00Z,43.57,2494.19,156.80,489.37,54.37,1960.73,172.10,803.10,71.23,1927.14,172.81,1125.64,51.51,1914.55,173.02,781.12,286.63,64.99,97.31,262.18,1835.21,3549.72,2.45,148.45,140.66,623.61,3.02,971.12,59.58,511.24
2026-02-01T17:20:00Z,43.56,2493.87,156.69,476.28,54.47,1964.04,171.30,792.94,71.57,1923.51,172.80,1116.47,50.85,1926.72,173.43,772.06,287.07,63.43,96.73,261.05,1829.73,3531.04,2.43,151.31,138.45,620.03,3.35,961.52,60.53,521.41
2026-02-01T17:30:00Z,43.53,2490.19,157.04,480.13,54.27,1962.09,171.92,793.80,71.40,1923.48,173.24,1127.92,51.42,1922.47,173.34,783.31,290.64,65.34,97.10,262.38,1831.44,3546.73,2.47,152.05,142.10,634.31,3.08,968.40,61.56,524.01
2026-02-01T17:40:00Z,43.00,2498.85,157.21,472.97,54.29,1976.27,172.20,776.19,71.93,1911.79,173.19,1127.01,51.83,1906.86,173.23,774.57,283.17,62.84,97.21,251.31,1819.70,3544.42,2.47,149.59,136.32,617.11,2.95,954.12,60.49,524.31
2026-02-01T17:50:00Z,43.31,2504.89,156.76,476.71,53.93,1979.00,172.45,784.54,71.98,1908.97,172.29,1128.96,52.23,1898.52,173.24,792.40,280.76,66.56,96.48,254.10,1829.62,3543.87,2.64,149.66,133.57,612.82,3.03,965.46,62.41,511.65
2026-02-01T18:00:00Z,43.27,2489.96,157.09,485.78,54.17,1973.25,171.94,785.35,71.88,1913.93,172.82,1126.09,52.28,1895.01,173.09,808.57,289.27,67.56,96.91,260.03,1835.97,3557.48,2.51,150.20,139.38,624.18,2.97,967.32,60.09,526.12
2026-02-01T18:10:00Z,43.43,2495.29,156.44,486.19,53.92,1982.34,170.98,773.39,72.15,1906.67,173.51,1132.84,52.49,1883.22,173.14,820.21,291.59,68.07,97.16,263.37,1842.22,3566.48,2.33,150.11,139.84,631.09,2.97,971.86,61.58,522.45
2026-02-01T18:20:00Z,43.47,2486.24,157.12,493.42,54.06,1978.40,171.33,777.57,72.48,1891.03,173.86,1149.34,52.70,1886.15,173.59,810.02,290.34,69.84,97.17,259.06,1836.37,3550.64,2.69,148.19,137.98,624.13,2.81,974.55,60.79,518.62
2026-02-01T18:30:00Z,43.68,2473.16,157.14,500.42,54.40,1961.63,171.01,781.85,72.21,1905.39,173.28,1141.11,52.27,1882.99,173.71,810.42,284.82,67.69,97.46,253.90,1825.28,3549.53,2.53,149.53,136.90,615.67,2.96,968.16,59.15,518.67
2026-02-01T18:40:00Z,43.75,2469.08,156.52,494.71,54.69,1954.76,171.25,772.02,71.94,1906.37,173.96,1134.10,52.15,1882.23,173.67,817.78,287.84,66.51,98.32,258.83,1827.99,3555.15,2.43,148.80,138.29,624.77,2.63,964.20,59.43,520.40
2026-02-01T18:50:00Z,44.05,2471.13,156.62,503.08,54.81,1959.87,170.88,771.49,72.15,1900.21,173.95,1141.63,52.33,1878.53,173.48,820.25,288.36,64.31,97.50,258.44,1837.61,3549.03,2.74,150.83,140.41,625.54,3.01,972.07,60.27,525.55
2026-02-01T19:00:00Z,43.99,2463.08,156.38,506.58,54.85,1957.03,170.39,786.31,72.55,1876.28,173.68,1171.25,52.50,1892.83,173.59,828.60,293.90,66.23,97.73,261.59,1830.80,3541.95,2.56,150.30,143.45,630.47,3.32,967.04,61.22,533.82
2026-02-01T19:10:00Z,44.11,2471.33,157.22,518.38,54.83,1955.10,171.74,785.91,72.49,1885.48,173.64,1180.93,52.55,1885.83,173.01,825.28,294.43,67.05,97.49,267.63,1831.39,3544.54,2.63,151.36,142.78,628.42,3.26,961.94,60.89,519.00
2026-02-01T19:20:00Z,44.37,2468.11,157.89,510.07,54.67,1951.51,171.68,805.60,72.16,1886.64,173.78,1159.47,52.50,1880.76,173.64,821.92,291.07,67.47,97.46,264.82,1831.04,3543.17,2.15,148.94,139.24,622.98,2.89,966.97,60.91,513.57
2026-02-01T19:30:00Z,44.62,2456.63,157.97,525.64,54.81,1953.98,171.73,797.05,72.09,1891.11,174.17,1162.27,52.71,1887.95,173.73,816.02,291.72,66.83,97.61,262.17,1832.55,3552.17,2.41,150.32,142.57,623.42,3.00,965.20,61.52,516.97
2026-02-01T19:40:00Z,44.79,2454.14,157.22,528.29,55.24,1952.23,172.53,792.57,72.36,1887.70,174.56,1153.41,52.59,1886.85,173.95,821.28,292.80,66.44,97.89,263.56,,3542.16,2.42,149.76,140.91,628.71,2.94,961.12,60.64,525.62
2026-02-01T19:50:00Z,44.75,2448.26,156.95,517.19,55.44,1935.59,173.29,802.16,72.32,1885.92,173.69,1147.56,52.48,1896.18,174.03,826.40,297.12,68.03,98.19,265.28,1832.12,3562.65,2.54,149.25,143.38,624.12,2.91,963.12,61.17,518.20
2026-02-01T20:00:00Z,44.84,2445.48,158.10,546.88,55.37,1937.09,172.80,811.07,72.13,1878.52,174.24,1145.90,52.62,1889.31,174.54,830.72,296.76,70.28,98.48,269.26,1840.36,3547.14,2.28,151.79,142.72,625.80,3.33,970.86,60.26,528.22
2026-02-01T20:10:00Z,44.60,2456.52,158.05,536.81,55.29,1943.65,172.84,816.45,72.11,1882.91,174.38,1145.84,52.45,1889.45,174.21,816.65,297.81,67.56,96.89,266.87,1839.72,3533.81,2.45,150.32,144.07,627.67,2.84,966.71,59.91,518.31
2026-02-01T20:20:00Z,44.46,2460.72,157.71,531.10,54.87,1945.81,172.29,795.09,72.06,1901.96,173.78,1140.74,52.52,1876.63,174.09,802.41,292.48,68.35,97.10,263.82,1833.62,3554.45,2.29,150.33,143.61,622.01,2.86,970.89,60.49,508.91
2026-02-01T20:30:00Z,44.61,2461.01,157.44,543.54,54.83,1951.24,171.55,795.53,71.83,1910.09,173.62,1133.68,52.37,1886.63,173.64,798.48,294.91,68.32,96.59,264.46,1828.64,3563.04,2.66,149.52,143.81,627.98,3.12,962.42,59.05,532.31
2026-02-01T20:40:00Z,44.83,2465.93,156.91,548.84,54.99,1949.44,172.46,813.38,71.78,1902.48,173.04,1150.80,52.07,1891.97,173.35,803.92,294.00,68.68,97.15,265.46,1837.08,3556.24,2.34,149.09,143.53,627.78,2.94,967.31,60.38,521.45
2026-02-01T20:50:00Z,44.97,2459.49,156.58,538.34,55.04,1938.30,173.32,818.34,72.10,1894.11,173.63,1152.20,52.18,1894.12,172.35,801.10,298.88,66.26,96.89,266.31,1842.56,3561.73,2.43,151.10,143.32,626.68,3.01,967.16,59.32,519.14
2026-02-01T21:00:00Z,44.53,2459.83,157.85,537.98,55.39,1948.44,172.48,812.84,72.12,1896.80,174.13,1157.18,52.42,1895.15,173.64,803.63,294.81,66.19,96.47,265.08,1828.45,3558.52,2.68,149.83,142.77,628.47,3.04,962.04,58.29,511.15
2026-02-01T21:10:00Z,44.73,2459.96,157.71,524.52,55.11,1940.24,172.48,824.84,72.17,1906.15,173.67,1152.04,52.69,1889.06,174.00,806.42,295.57,66.69,97.37,266.90,1829.60,3553.90,2.48,150.06,143.20,628.10,3.05,956.70,60.24,524.65
2026-02-01T21:20:00Z,44.15,2469.57,157.65,523.44,,1953.85,172.41,824.60,72.51,1896.73,173.62,1153.52,52.83,1873.59,173.66,819.20,296.46,69.87,96.52,266.94,1832.02,3570.61,2.29,149.25,143.19,624.91,3.04,969.07,60.93,518.29
2026-02-01T21:30:00Z,44.73,2467.32,157.61,531.62,54.96,1948.22,172.35,821.44,72.10,1898.35,173.53,1151.25,52.96,1870.56,174.22,830.63,294.69,70.43,97.18,267.71,1837.10,3533.45,2.51,150.25,139.37,621.02,3.22,964.52,59.96,520.84
2026-02-01T21:40:00Z,44.66,2459.62,158.27,547.55,55.20,1946.60,172.39,837.42,72.07,1900.95,173.47,1153.17,52.53,1887.68,173.66,831.77,297.16,68.47,96.54,268.33,1837.64,3537.70,2.42,150.52,141.94,622.27,2.95,970.13,59.32,519.91
2026-02-01T21:50:00Z,44.75,2463.77,158.16,550.31,55.48,1940.61,172.87,825.79,71.64,1898.09,173.63,1145.41,52.47,1889.03,173.09,813.57,297.91,67.45,96.92,266.18,1845.18,3561.68,2.54,152.05,142.39,627.22,2.95,985.36,59.61,521.46
2026-02-01T22:00:00Z,45.01,2447.56,158.12,547.20,55.63,1933.83,173.19,822.52,71.50,1904.34,173.53,1130.42,52.77,1879.67,172.87,823.08,290.84,66.86,97.33,260.07,1827.69,3545.63,2.41,152.05,138.57,629.41,2.95,961.78,59.86,511.01
2026-02-01T22:10:00Z,44.99,2456.58,157.92,551.32,55.64,1931.47,172.55,819.04,71.26,1913.93,172.81,1124.53,52.39,1886.88,173.22,821.29,291.35,66.23,97.49,264.87,1835.89,3563.79,2.72,151.04,142.73,630.08,3.05,968.97,60.94,523.62
2026-02-01T22:20:00Z,44.74,2448.67,157.45,552.76,55.73,1931.35,172.70,823.35,71.23,1925.87,172.87,1119.21,52.37,1889.77,173.92,814.29,294.02,65.47,97.66,264.06,1840.73,3558.81,2.42,151.10,144.03,628.28,3.08,968.21,59.57,530.03
2026-02-01T22:30:00Z,44.76,2452.26,157.36,544.84,55.28,1937.38,172.01,823.44,70.78,1924.84,172.88,1129.64,52.23,1898.40,173.87,793.58,293.01,66.32,97.25,265.56,1839.87,3557.01,2.58,151.80,142.17,622.40,2.87,968.63,58.64,517.69
2026-02-01T22:40:00Z,44.90,2455.48,157.00,544.17,55.27,1953.71,171.71,792.78,71.18,1930.96,172.76,1127.99,51.90,1896.73,173.35,799.00,287.82,65.94,97.30,259.24,1825.26,3556.45,2.66,150.86,140.34,628.41,3.24,961.51,59.72,533.01
2026-02-01T22:50:00Z,45.22,2455.42,157.45,544.78,55.56,1940.15,172.00,802.76,71.44,1909.59,172.36,1126.86,51.79,1905.77,172.81,804.52,290.18,65.56,97.84,262.63,1829.06,3556.09,2.65,149.04,138.36,620.03,2.77,961.87,60.65,513.53
2026-02-01T23:00:00Z,45.16,2457.35,158.69,539.23,55.51,1937.53,172.41,813.54,71.96,1915.50,173.42,1128.94,51.85,1897.49,173.44,799.60,298.22,68.17,97.07,267.41,1842.06,3557.11,2.64,148.52,144.77,624.99,2.74,964.52,60.58,518.97
2026-02-01T23:10:00Z,45.03,2447.32,157.95,545.01,55.57,1942.44,172.30,821.96,71.83,1902.91,173.81,1141.39,51.93,1894.49,172.91,800.50,293.07,69.10,96.51,262.92,1835.78,3559.82,2.52,151.68,141.87,622.07,3.30,974.78,60.20,508.20
2026-02-01T23:20:00Z,45.08,2439.54,157.95,540.01,55.71,1935.36,172.66,832.06,71.25,1899.55,173.91,1143.22,51.96,1893.89,173.43,816.83,290.14,68.18,97.10,262.50,1831.51,3560.80,2.59,149.50,139.01,621.98,2.96,963.58,60.26,514.52
2026-02-01T23:30:00Z,45.21,2442.79,157.83,537.77,55.47,1929.46,172.85,833.74,71.31,1905.25,173.30,1120.86,51.26,1908.51,173.40,795.80,294.20,66.20,97.55,263.43,1836.30,3547.97,2.42,152.45,140.76,622.80,2.59,972.06,59.90,524.42
2026-02-01T23:40:00Z,45.14,2450.29,157.09,535.87,55.52,1935.54,172.77,825.16,71.70,1908.13,173.26,1123.74,50.99,1921.26,173.27,783.25,289.62,66.24,98.05,260.75,1827.83,3552.18,2.42,151.61,137.85,619.32,2.93,965.40,59.62,510.60
2026-02-01T23:50:00Z,45.36,2436.03,157.12,546.25,55.78,1938.13,172.27,821.25,71.73,1918.14,172.45,1115.70,50.90,1927.51,172.44,776.24,294.82,64.89,98.13,264.73,1833.77,3557.15,2.48,151.42,141.08,625.78,3.25,962.54,60.24,511.74
2026-02-02T00:00:00Z,45.29,2439.62,157.69,554.46,55.60,1938.60,172.69,829.77,71.68,1918.75,172.72,1121.15,50.78,1931.66,172.21,,289.60,65.55,98.53,263.54,1837.37,3552.44,2.80,150.33,137.99,622.66,2.90,967.91,61.41,513.87
2026-02-02T00:10:00Z,45.27,2449.19,157.77,549.10,55.85,1930.90,172.51,826.85,71.18,1915.56,173.38,1134.15,50.76,1929.04,172.32,753.59,290.10,67.14,97.84,259.65,1832.84,3549.64,2.27,151.36,139.59,624.76,3.11,960.07,60.17,524.17
2026-02-02T00:20:00Z,45.06,2454.36,157.27,539.01,56.35,1926.42,172.95,851.70,71.15,1913.00,173.59,1120.41,51.15,1926.62,172.64,752.60,286.10,67.40,97.40,259.04,1826.89,3551.59,2.71,150.87,137.19,619.44,2.79,959.27,61.18,518.81
2026-02-02T00:30:00Z,45.02,2445.86,157.22,549.60,56.64,1907.05,173.21,853.35,71.08,1912.90,173.43,1116.53,51.35,1922.45,173.28,772.16,288.80,66.15,97.07,257.64,1833.26,3551.64,2.56,149.73,138.63,624.06,2.84,967.95,60.95,510.54
2026-02-02T00:40:00Z,44.67,2462.86,156.79,539.06,56.53,1913.13,172.89,832.43,71.34,1903.34,173.52,1139.67,51.13,1923.25,173.22,762.60,298.27,65.73,96.41,267.71,1840.27,3553.07,2.62,149.61,143.96,626.46,3.13,968.43,61.24,526.66
2026-02-02T00:50:00Z,44.66,2476.09,157.28,538.67,56.16,1922.79,173.17,834.79,71.41,1911.62,172.99,1136.14,51.56,1918.29,173.74,775.65,294.53,66.21,97.16,265.81,1839.86,3556.57,2.60,149.51,142.07,625.34,2.75,978.67,61.42,519.72
2026-02-02T01:00:00Z,44.76,2461.85,157.78,533.00,56.06,1933.27,172.69,833.62,71.10,1915.45,173.34,1133.95,51.08,1926.23,173.87,769.76,291.42,64.99,97.80,262.91,1839.16,3543.44,2.69,148.44,139.67,613.06,3.04,971.75,60.44,508.72
2026-02-02T01:10:00Z,44.53,2475.68,157.39,509.38,55.64,1932.35,173.04,830.60,71.00,1928.49,173.41,1107.14,51.00,1932.29,173.60,766.94,289.79,64.87,97.26,262.05,1837.56,3537.45,2.77,149.44,140.33,622.04,3.29,969.08,61.23,525.73
2026-02-02T01:20:00Z,44.58,2464.04,157.73,509.88,55.87,1929.71,173.56,831.02,71.01,1925.20,172.77,1112.69,51.63,1916.30,173.35,773.49,287.12,63.32,97.86,259.64,1820.86,3549.63,2.58,149.06,138.11,617.76,3.14,957.21,59.90,509.20
2026-02-02T01:30:00Z,44.83,2461.29,157.97,523.11,55.71,1919.37,173.08,836.98,71.50,1918.07,172.71,1124.24,51.40,1906.60,173.29,777.91,288.19,65.87,97.65,259.33,1832.28,3539.30,2.54,149.70,,626.96,3.06,974.64,61.05,519.37
2026-02-02T01:40:00Z,44.93,2456.91,156.48,529.00,55.51,1937.30,172.42,818.51,71.73,1920.49,172.62,1131.73,51.38,1907.76,172.86,769.95,283.83,66.17,97.52,253.56,1833.85,3544.96,2.72,150.42,135.16,620.40,2.98,963.11,60.20,511.93
2026-02-02T01:50:00Z,44.76,2467.24,156.85,516.86,55.41,1934.99,172.38,821.57,71.14,1925.57,172.79,1131.46,50.89,1926.63,172.78,757.85,282.33,65.54,97.20,255.26,1829.70,3552.25,2.68,149.53,135.20,608.12,2.46,965.02,61.46,511.93
2026-02-02T02:00:00Z,44.68,2462.69,156.60,513.01,55.18,1949.49,172.49,825.68,71.29,1922.83,172.91,1138.73,50.48,1935.75,172.41,755.81,281.73,,97.19,254.63,1824.53,3554.29,2.29,151.39,134.88,621.15,3.01,955.97,61.74,524.66
2026-02-02T02:10:00Z,45.14,2449.85,157.93,521.79,54.85,1957.14,171.80,819.55,71.42,1912.94,173.23,1129.83,50.74,1942.29,172.96,757.42,291.08,66.14,96.96,259.58,1827.39,3538.88,2.33,150.04,141.26,,3.65,959.05,60.43,527.74
2026-02-02T02:20:00Z,45.03,2452.63,157.72,542.32,54.88,1945.88,172.08,796.34,71.11,1923.46,172.59,1115.51,50.80,1933.80,172.34,758.35,294.67,66.88,97.47,262.55,1842.00,3561.35,2.48,150.84,141.89,618.39,3.26,977.79,60.53,517.89
2026-02-02T02:30:00Z,45.25,2454.03,157.00,536.80,54.82,1951.89,172.07,798.13,71.37,1922.27,173.30,1128.54,50.38,1934.47,171.99,755.14,295.51,65.74,97.48,265.27,1836.25,3548.17,2.49,149.19,141.16,618.72,3.15,966.41,59.37,514.04
2026-02-02T02:40:00Z,44.95,2451.17,156.85,548.90,55.14,1938.32,171.43,803.69,71.80,1914.29,173.73,1122.55,50.70,1933.17,171.95,743.14,292.27,66.68,97.00,264.35,1827.87,3552.02,2.69,147.60,143.79,634.82,2.74,964.03,60.33,535.28
2026-02-02T02:50:00Z,44.65,2454.55,157.66,531.92,55.37,1934.50,172.21,825.97,71.68,1914.76,172.72,1118.11,50.81,1942.43,172.62,753.52,293.64,66.76,97.77,263.30,1827.73,3547.82,2.33,150.47,141.01,626.73,2.89,969.55,60.69,521.87
2026-02-02T03:00:00Z,44.44,2459.98,157.89,525.98,55.33,1931.23,172.29,830.75,71.66,1905.74,172.88,1129.00,51.07,1936.95,172.70,760.23,288.86,68.34,98.57,260.95,1828.36,3563.98,2.46,150.86,141.57,626.42,2.88,968.01,60.84,523.67
2026-02-02T03:10:00Z,44.14,2480.21,158.11,523.17,55.29,1936.83,172.35,822.32,71.86,1913.49,173.12,1121.18,51.02,1941.13,172.54,756.46,288.13,66.01,97.88,262.68,1831.74,3549.90,2.48,151.65,140.00,621.07,2.88,961.28,60.72,517.98
2026-02-02T03:20:00Z,44.00,2471.77,158.07,527.16,54.99,1947.18,171.77,825.29,71.75,1917.87,172.75,1121.36,51.19,1924.23,172.34,761.66,288.80,64.38,97.70,257.73,1834.48,3550.50,2.42,151.06,138.74,622.32,3.13,968.27,61.36,515.01
2026-02-02T03:30:00Z,44.04,2471.54,157.53,517.09,54.90,1958.09,172.11,813.74,72.00,1902.10,173.36,1148.65,51.06,1922.31,173.25,765.08,287.80,66.39,97.17,257.60,1838.45,3557.45,2.36,151.59,136.05,625.24,3.19,970.64,61.53,515.70
2026-02-02T03:40:00Z,44.25,2468.26,156.33,512.05,54.47,1953.47,171.60,801.67,71.75,1911.52,173.54,1133.90,51.04,1927.46,172.59,763.28,282.59,65.67,97.32,255.62,1837.23,3549.74,2.70,148.63,136.41,623.22,3.09,966.61,60.95,521.39
2026-02-02T03:50:00Z,43.97,2474.76,157.10,500.18,54.32,1958.50,172.05,791.75,71.21,1917.97,174.03,1129.80,51.79,1910.31,172.59,768.58,288.96,66.45,97.60,259.65,1816.87,3550.68,2.78,149.79,137.94,621.27,2.89,955.53,61.63,525.97
2026-02-02T04:00:00Z,43.99,2461.84,157.90,512.51,54.34,1967.91,171.76,783.62,71.26,1921.76,173.28,1128.04,51.91,1914.16,172.83,776.78,285.82,66.38,98.31,257.52,1828.25,3563.99,2.59,151.14,137.48,614.90,2.77,962.80,61.04,507.57
2026-02-02T04:10:00Z,44.11,2465.29,157.65,515.68,54.73,1968.24,171.18,792.64,70.91,1939.75,173.10,1106.76,51.36,1908.00,172.71,785.64,293.33,66.81,98.47,262.23,1827.10,3557.37,2.63,149.55,140.43,623.89,3.05,964.93,60.91,516.14
2026-02-02T04:20:00Z,44.06,2463.67,157.49,520.83,54.55,1959.86,171.81,784.79,71.27,1926.80,172.37,1122.31,51.28,1919.16,172.70,784.66,293.27,66.86,97.50,264.47,1830.29,3545.36,2.62,150.15,142.10,622.40,2.90,962.28,61.38,516.83
2026-02-02T04:30:00Z,44.34,2460.89,157.89,523.85,54.44,1959.70,171.04,777.12,71.32,1921.09,172.87,1108.50,51.01,1921.44,172.97,782.39,290.50,66.28,97.72,261.91,1838.66,3531.53,2.52,151.08,140.25,623.49,2.96,968.55,60.82,508.80
2026-02-02T04:40:00Z,44.30,2464.96,157.29,531.74,54.76,1951.75,171.38,789.72,71.55,1911.73,172.31,1113.66,50.85,1916.09,172.88,782.21,286.42,66.53,97.98,257.15,1830.37,3551.22,2.43,149.84,139.06,626.43,2.73,965.94,59.94,526.99
2026-02-02T04:50:00Z,44.26,2458.44,157.52,536.37,54.76,1949.60,171.25,790.58,71.24,1919.62,172.58,1133.08,51.43,1916.67,172.44,789.50,292.59,64.91,97.25,265.86,1846.01,3548.01,2.28,150.62,143.48,621.72,2.85,979.88,61.29,509.67
2026-02-02T05:00:00Z,44.46,2454.86,157.64,523.37,54.51,1953.46,171.90,791.18,71.49,1919.63,172.77,1126.62,51.31,1925.58,173.57,787.80,291.75,66.78,97.32,264.27,1837.25,3554.76,2.68,150.40,141.75,624.54,2.86,966.43,61.16,520.05
2026-02-02T05:10:00Z,44.52,2459.39,157.55,543.58,54.29,1963.08,172.57,767.25,71.63,1900.34,173.10,1123.31,50.88,1921.78,173.48,773.66,291.76,67.51,97.87,260.52,1836.11,3552.57,2.56,147.26,141.27,626.59,3.00,969.82,60.49,521.00
2026-02-02T05:20:00Z,44.59,2453.85,157.42,539.61,54.04,1977.95,171.50,762.21,71.61,1909.74,172.64,1122.96,50.96,,173.17,749.35,291.05,63.51,97.35,259.94,1823.95,3554.32,2.87,149.14,138.05,625.03,2.97,968.97,59.80,519.45
2026-02-02T05:30:00Z,44.82,2450.59,157.67,532.37,53.63,1978.14,171.98,779.12,71.25,1909.73,173.11,1127.83,51.10,1910.78,173.39,767.19,287.96,64.44,97.07,261.82,1828.07,3541.81,2.38,148.60,139.49,625.98,3.05,961.41,59.41,517.83
2026-02-02T05:40:00Z,44.67,2461.29,157.18,519.02,53.61,1984.57,171.76,772.55,71.35,1917.82,172.88,1127.58,51.07,1927.18,173.05,756.64,290.70,65.64,96.89,262.10,1835.00,3550.36,2.33,150.44,140.52,624.41,2.89,967.92,59.16,522.82
2026-02-02T05:50:00Z,45.03,2454.22,156.86,528.79,54.08,1971.37,172.00,783.43,71.15,1927.65,172.22,1113.28,51.03,1929.74,172.44,754.51,286.99,65.69,97.69,256.00,1833.17,3534.00,2.62,149.61,136.23,617.12,3.15,971.04,59.84,530.46
2026-02-02T06:00:00Z,44.93,2454.80,157.82,519.81,54.25,1976.99,172.09,800.94,70.86,1927.91,172.93,1119.37,51.54,1927.74,172.57,778.16,288.56,66.27,96.89,257.82,1828.31,3548.57,2.37,149.93,139.63,630.83,2.80,961.73,58.80,520.14
2026-02-02T06:10:00Z,44.92,2457.70,157.18,523.55,54.01,1980.29,171.37,783.91,71.01,1922.62,172.51,1114.64,51.49,1909.49,172.57,776.99,291.07,65.38,97.50,260.05,1831.43,3545.38,2.64,148.01,139.63,626.77,3.04,965.11,59.80,520.13
2026-02-02T06:20:00Z,44.55,2455.37,157.70,503.03,53.72,1979.83,171.44,769.17,71.20,1914.38,173.10,1123.15,51.14,1920.24,172.72,795.40,291.45,64.87,97.47,263.66,1831.68,3557.33,2.57,151.06,141.72,633.42,2.98,974.15,59.32,528.14
2026-02-02T06:30:00Z,44.38,2455.14,157.34,520.45,54.27,1970.43,170.58,759.28,71.58,1910.26,173.53,1126.22,51.27,1923.37,173.32,793.68,289.42,63.67,97.78,262.83,1830.23,3560.35,2.48,151.66,141.47,630.46,3.01,968.98,60.17,532.49
2026-02-02T06:40:00Z,44.12,2464.51,157.72,522.02,54.49,1968.57,171.17,778.70,72.09,1893.69,173.78,1139.84,51.10,1924.16,173.22,778.13,288.91,63.99,98.25,257.21,1837.25,3541.50,2.61,148.50,139.45,619.26,2.71,975.43,59.35,516.73
2026-02-02T06:50:00Z,43.79,2470.48,157.55,510.68,54.60,1963.07,171.49,786.80,72.09,1904.83,173.44,1135.47,51.37,1917.12,173.13,780.48,286.34,63.49,97.88,258.82,1834.77,3542.65,2.58,148.61,137.48,623.69,2.79,970.34,59.54,512.11
2026-02-02T07:00:00Z,44.41,2470.16,157.25,525.22,54.62,1960.42,171.69,793.07,72.50,1894.58,173.71,1144.09,51.56,1911.56,,783.29,287.61,64.89,97.44,256.17,1825.19,3551.65,2.54,152.08,137.51,623.46,2.72,962.60,58.58,524.92
2026-02-02T07:10:00Z,44.30,2467.63,158.22,534.72,54.30,1957.33,171.78,802.14,72.61,1884.30,173.48,1155.34,51.89,1913.94,173.04,790.92,290.48,65.46,98.07,261.56,1828.36,3533.80,2.64,149.66,140.44,621.38,3.36,968.53,58.65,510.91
2026-02-02T07:20:00Z,44.35,2471.75,158.36,531.18,54.21,1955.41,172.13,806.86,72.47,1879.69,174.25,1168.89,51.98,1896.86,173.03,776.63,292.16,66.75,97.40,260.37,1833.13,3539.98,2.55,151.10,142.38,626.09,3.31,961.83,60.06,525.33
2026-02-02T07:30:00Z,44.52,2470.79,157.40,532.10,53.91,1966.91,172.14,791.54,72.42,1876.72,173.96,1174.09,52.48,1888.45,173.18,796.25,288.30,67.79,97.05,259.75,1838.00,3544.15,2.32,150.66,140.15,621.93,2.95,967.69,61.62,520.74
2026-02-02T07:40:00Z,44.62,2467.70,157.46,534.07,53.95,1966.56,172.11,779.31,72.17,1885.04,174.41,1175.89,51.91,1904.75,173.21,795.67,288.00,63.98,97.84,258.17,1830.72,3555.02,2.34,151.60,139.26,624.06,2.73,962.98,62.58,529.25
2026-02-02T07:50:00Z,44.30,2469.17,157.25,540.21,54.28,1963.17,172.09,787.35,71.86,1904.19,173.42,1167.64,52.14,1902.09,173.83,799.30,288.01,66.30,97.48,259.46,1825.48,3564.92,2.41,151.36,138.49,621.23,2.99,962.20,60.83,519.69
2026-02-02T08:00:00Z,44.84,2456.51,158.12,543.34,54.54,1963.98,171.45,777.41,71.74,1897.82,172.80,1146.10,51.83,1910.29,173.76,794.75,286.08,66.09,97.98,259.80,1833.25,3546.16,2.25,149.31,139.92,630.03,3.13,969.78,61.92,521.48
2026-02-02T08:10:00Z,45.02,2459.11,157.40,528.07,54.74,1963.11,171.71,788.56,71.93,1902.19,173.44,1168.45,52.00,1900.73,173.84,803.64,288.10,65.87,98.33,259.08,1823.92,3545.21,2.34,152.09,139.71,623.85,3.08,966.60,60.63,521.20
2026-02-02T08:20:00Z,44.72,2465.78,157.94,526.42,54.65,1965.53,171.49,782.98,71.77,1897.27,173.43,1160.58,51.57,1902.80,173.46,792.61,291.05,68.88,98.34,261.95,1833.61,3557.05,2.37,150.40,140.68,625.15,2.83,962.12,58.75,518.00
2026-02-02T08:30:00Z,44.50,2463.01,157.86,550.87,54.47,1965.72,171.56,778.64,71.98,1908.71,174.07,1155.21,50.88,1923.60,173.05,778.61,288.19,67.70,98.12,258.08,1832.32,3538.58,2.84,151.73,140.00,625.70,2.92,961.20,59.59,518.90
2026-02-02T08:40:00Z,44.20,2471.25,158.34,536.57,54.95,1960.33,172.10,781.85,71.90,1902.10,173.93,1155.68,50.99,1919.94,172.67,762.11,290.89,67.30,97.77,265.91,1840.29,3551.95,2.70,150.44,140.99,622.00,3.23,975.19,58.47,517.59
2026-02-02T08:50:00Z,43.88,2479.60,158.19,515.45,55.03,1959.44,172.36,786.00,72.02,1890.22,174.19,1161.01,50.71,1933.30,172.65,755.57,291.26,65.69,98.35,262.33,1837.05,3550.73,2.57,150.89,142.39,627.29,3.14,960.78,60.57,515.21
2026-02-02T09:00:00Z,43.57,2471.72,157.39,498.87,55.19,1944.01,171.29,801.56,72.27,1889.87,174.61,1149.98,50.49,1941.85,172.47,752.18,288.23,63.84,98.07,256.43,1827.08,3538.35,2.52,150.11,141.59,627.14,3.04,964.16,60.28,508.23
2026-02-02T09:10:00Z,43.45,2485.94,157.88,488.39,55.23,1936.66,171.06,804.35,72.15,1884.08,174.14,1146.45,50.41,1939.36,172.30,753.22,288.17,64.37,97.51,259.85,1824.74,3551.40,2.44,152.45,138.98,629.62,2.63,959.29,59.75,520.13
2026-02-02T09:20:00Z,43.65,2486.89,157.45,492.29,54.96,1945.55,172.16,815.21,71.93,1892.99,174.33,1153.95,50.77,1931.63,171.75,745.77,293.33,65.70,97.20,259.70,1825.59,3537.16,2.94,150.88,142.60,630.66,2.90,959.81,61.38,520.32
2026-02-02T09:30:00Z,43.67,2493.58,156.72,500.60,55.15,1936.92,172.28,812.78,72.07,1895.93,174.99,1149.45,50.78,1929.27,172.11,753.64,286.00,64.23,96.82,255.07,1827.43,3543.54,2.50,148.61,139.78,619.98,3.15,959.84,60.63,514.42
2026-02-02T09:40:00Z,43.90,2487.10,156.57,499.62,54.64,1950.05,172.34,804.01,72.35,1900.89,173.59,1142.76,50.72,1930.17,171.76,759.50,292.25,64.24,96.93,264.34,1838.63,3556.35,2.45,152.25,141.35,623.67,2.98,965.98,61.21,512.82
2026-02-02T09:50:00Z,44.09,2482.89,156.52,485.48,54.70,1951.90,171.85,812.89,72.29,1887.18,174.18,1148.71,50.81,1936.33,172.35,775.72,292.43,68.52,98.06,263.13,1842.69,3558.49,2.51,149.71,141.81,636.51,2.99,972.08,60.35,523.20
2026-02-02T10:00:00Z,44.12,2459.27,156.50,501.71,54.39,1950.40,172.07,815.74,72.73,1892.19,174.07,1151.60,51.16,1925.78,172.79,776.14,291.53,66.74,98.03,259.79,1830.15,3549.53,2.75,150.52,140.93,623.72,2.82,964.29,60.56,522.16
2026-02-02T10:10:00Z,44.43,2463.91,156.89,517.30,54.91,1963.11,171.47,797.11,72.69,1886.00,174.27,1154.03,51.43,1914.71,172.99,788.72,291.45,65.45,97.21,262.32,1834.46,3548.34,2.54,151.16,140.92,628.08,2.89,967.80,60.37,527.98
2026-02-02T10:20:00Z,44.42,2455.19,157.26,509.58,55.21,1949.25,171.41,799.20,72.29,1890.47,173.88,1161.34,51.53,1918.21,172.64,794.14,286.60,64.98,96.45,259.90,1837.74,3560.06,2.53,150.26,137.46,616.19,2.64,967.92,60.60,512.93
2026-02-02T10:30:00Z,44.31,2468.77,157.82,514.67,55.35,1946.15,171.66,802.83,72.35,1898.96,173.39,1151.31,51.19,1912.44,173.51,790.44,292.57,64.42,96.92,262.96,1830.92,3546.47,2.57,150.14,143.15,626.56,3.53,966.54,59.48,518.77
2026-02-02T10:40:00Z,44.08,2483.40,157.42,502.01,55.54,1938.80,171.99,801.68,72.34,1902.38,173.21,1148.19,51.08,1913.49,173.58,779.88,288.25,62.87,97.31,262.59,1827.29,3519.33,2.66,149.40,137.79,623.36,2.94,964.56,59.88,522.48
2026-02-02T10:50:00Z,44.03,2474.75,157.18,507.44,55.87,1937.59,172.14,816.91,72.82,1884.92,173.66,1163.65,51.04,1907.31,173.24,788.39,287.73,65.66,96.61,258.84,1821.42,3536.94,2.58,149.61,138.00,621.89,3.33,963.30,59.52,513.93
2026-02-02T11:00:00Z,43.78,2484.36,156.98,494.48,56.22,1922.67,172.02,832.36,72.80,1883.71,174.30,1156.14,51.39,1923.83,173.00,789.85,286.90,65.16,97.41,260.19,1829.58,3559.13,2.53,150.18,135.76,623.73,3.10,962.84,58.95,520.25
2026-02-02T11:10:00Z,43.40,2480.77,157.07,486.17,56.28,1931.20,172.12,843.66,72.80,1878.13,174.42,1158.32,51.60,1915.18,173.61,786.48,287.60,67.55,97.08,262.67,1842.67,3551.27,2.53,150.81,139.69,621.78,3.14,972.80,59.61,524.51
2026-02-02T11:20:00Z,43.31,2487.11,157.60,483.52,56.33,1913.99,171.85,855.03,72.28,1891.78,174.19,1168.30,51.57,1911.14,173.72,791.49,298.02,66.37,97.39,264.40,1837.47,3542.90,2.35,151.52,142.19,626.11,2.88,966.18,61.57,522.71
2026-02-02T11:30:00Z,43.32,2487.39,157.08,483.44,56.33,1918.23,172.62,860.08,72.17,1886.52,173.96,1160.36,51.46,1913.15,174.09,783.32,295.05,69.14,97.85,264.49,1831.82,3556.34,2.34,150.81,143.32,633.88,2.87,977.65,60.04,520.47
2026-02-02T11:40:00Z,43.60,2489.69,157.35,488.74,56.21,1916.93,173.09,856.27,71.84,1900.67,173.48,1139.16,51.67,1911.54,174.08,782.08,292.38,68.27,98.50,261.33,1831.70,3540.17,2.61,152.23,141.67,625.94,3.55,966.37,60.02,523.93
2026-02-02T11:50:00Z,43.38,2490.56,156.84,494.50,56.10,1919.05,173.20,850.08,71.71,1905.15,173.18,1139.89,51.72,1908.62,174.15,792.71,293.69,68.96,98.04,267.58,1841.03,3559.10,2.60,150.82,141.36,627.98,3.21,973.77,60.20,524.00
2026-02-02T12:00:00Z,43.58,2484.91,157.65,498.80,55.64,1914.21,173.22,850.90,71.79,1902.58,173.37,1155.47,51.49,1903.43,174.04,794.24,293.16,67.78,97.68,264.22,1836.32,3550.70,2.43,150.09,140.13,631.95,2.76,961.97,60.98,523.89
2026-02-02T12:10:00Z,43.49,2484.11,157.19,492.86,54.97,1946.53,173.12,827.92,71.79,1906.40,173.54,1143.45,51.86,1899.63,174.17,799.32,291.16,68.09,98.00,261.19,1833.73,3551.89,2.49,150.81,139.75,628.53,2.70,964.16,61.39,524.80
2026-02-02T12:20:00Z,43.36,2483.46,157.41,494.74,55.13,1959.59,172.89,827.72,72.02,1892.49,173.92,1152.76,51.79,1899.50,174.40,794.89,292.53,67.30,98.30,265.05,1831.44,3549.26,2.49,149.34,143.51,626.25,2.72,962.69,61.60,519.23
2026-02-02T12:30:00Z,43.58,2485.63,157.51,493.50,54.80,1947.58,172.53,815.24,71.98,1903.54,173.08,1150.94,51.70,1914.25,173.30,779.75,287.50,67.45,98.47,258.36,1825.05,3554.32,2.35,149.90,139.07,624.98,2.76,959.78,60.74,513.77
2026-02-02T12:40:00Z,43.44,2487.14,157.53,506.42,54.92,1938.92,172.18,806.38,71.93,1909.52,172.87,1124.71,51.36,1921.41,172.56,782.84,295.02,65.71,97.27,265.18,1839.05,3540.09,2.58,149.84,142.22,626.23,3.00,972.08,59.57,503.91
2026-02-02T12:50:00Z,43.84,2493.12,157.12,486.91,54.76,1950.42,172.15,807.43,71.65,1908.97,173.71,1137.98,51.22,1925.82,173.09,792.72,290.63,64.17,97.56,260.54,1832.21,3556.40,2.50,150.05,141.68,620.91,2.93,970.69,59.91,513.19
2026-02-02T13:00:00Z,43.64,2478.51,156.47,481.37,55.10,1955.85,172.69,815.07,71.70,1905.66,173.50,1133.46,50.98,1925.59,173.15,793.33,293.48,63.36,97.46,264.25,1831.93,3550.50,2.65,150.86,141.85,627.08,3.21,969.43,60.52,513.47
2026-02-02T13:10:00Z,43.34,2481.76,155.87,498.01,55.04,1951.24,172.47,818.85,71.74,1913.80,173.07,1111.14,50.82,1928.91,172.73,783.86,283.70,66.59,97.16,256.34,1825.58,3554.07,2.44,149.94,137.16,615.45,3.25,964.41,61.99,511.34
2026-02-02T13:20:00Z,43.23,2494.44,156.49,470.83,55.09,1952.36,171.82,809.21,71.82,1913.37,172.76,1123.82,51.12,1920.29,172.18,778.81,286.19,65.89,96.27,257.54,1823.90,3548.20,2.74,148.41,138.63,627.13,2.94,967.35,62.17,518.76
2026-02-02T13:30:00Z,43.24,2502.79,156.76,477.57,55.59,1945.21,172.30,805.77,71.69,1905.05,172.98,1133.07,50.89,1915.78,172.72,792.00,285.39,66.79,97.57,260.01,1836.90,3556.40,2.58,150.28,137.19,615.54,2.98,963.36,60.87,524.67
2026-02-02T13:40:00Z,43.05,2499.06,156.34,478.82,55.26,1950.16,172.33,795.09,71.91,1901.80,173.33,1131.56,51.14,1922.18,173.03,781.54,287.28,66.75,97.64,254.72,1827.33,3541.20,2.73,150.31,139.53,622.36,2.94,962.75,59.62,514.61
2026-02-02T13:50:00Z,42.85,2503.22,156.76,466.59,55.36,1947.02,171.71,802.14,71.95,1908.68,173.68,1125.96,51.52,1918.09,173.41,790.55,287.28,65.07,97.44,259.97,1836.71,3540.94,2.45,148.89,136.26,614.39,3.21,969.15,60.39,501.86
2026-02-02T14:00:00Z,42.55,2505.77,155.92,460.42,55.67,1939.50,171.45,812.95,72.18,1897.04,173.61,1128.42,51.81,1903.49,173.53,788.05,283.10,64.17,97.31,254.14,1825.22,,2.31,149.85,,624.24,3.43,964.11,60.78,526.20
2026-02-02T14:10:00Z,42.61,2508.20,155.64,447.80,55.71,1939.84,171.88,815.53,71.69,1895.74,174.30,1143.68,51.43,1907.71,173.57,784.55,285.15,65.68,97.24,256.65,1833.66,3544.95,2.51,149.99,,625.08,3.09,967.47,60.95,525.04
2026-02-02T14:20:00Z,42.17,2517.52,155.65,451.80,55.93,1930.98,171.99,825.01,71.69,1901.72,173.67,1159.19,51.16,1926.63,173.05,794.78,286.93,65.93,96.73,258.07,1834.93,3558.65,2.36,150.63,,623.91,3.11,966.58,61.85,518.46
2026-02-02T14:30:00Z,42.26,2520.07,155.83,448.05,56.42,1926.39,172.33,841.19,71.85,1904.87,174.04,1153.13,50.89,1936.79,173.47,782.31,288.84,64.82,97.59,259.00,1828.79,3544.41,2.71,149.41,,619.76,2.90,964.17,60.93,519.90
2026-02-02T14:40:00Z,42.14,2522.59,155.23,438.13,56.23,1924.16,173.05,856.50,71.68,1916.67,173.87,1139.41,51.07,1923.61,172.98,778.75,291.69,64.84,97.83,263.43,1822.60,3556.90,2.29,150.85,,622.06,2.76,965.04,60.38,515.23
2026-02-02T14:50:00Z,42.52,2518.21,154.90,438.17,56.67,1902.38,173.27,858.06,72.03,1904.77,173.64,1150.52,51.14,1919.86,172.42,770.43,293.16,66.07,97.55,262.72,1824.18,3539.21,2.71,151.50,,625.77,2.85,959.22,60.85,517.29
2026-02-02T15:00:00Z,42.38,2515.34,155.16,429.28,56.49,1911.44,172.77,852.87,71.97,1893.79,173.19,1148.94,50.66,1924.61,171.84,774.57,291.55,66.71,97.00,260.54,1830.05,3550.19,2.49,150.81,143.12,634.72,3.19,967.31,60.11,520.77
2026-02-02T15:10:00Z,42.34,2528.24,154.98,428.35,56.26,1924.76,172.99,847.87,71.78,1899.83,173.49,1150.18,50.74,1921.14,172.81,765.92,284.28,66.40,97.42,257.51,1831.20,3557.27,2.47,150.77,137.03,622.47,2.94,967.60,59.74,518.97
2026-02-02T15:20:00Z,42.83,2515.24,155.57,447.09,56.17,1930.63,172.43,851.24,71.42,1920.44,173.43,1127.96,50.97,1921.11,173.16,762.67,280.70,64.93,97.25,251.49,1819.13,3541.91,2.48,150.25,135.86,614.52,2.61,960.44,60.22,511.09
2026-02-02T15:30:00Z,42.50,2525.89,154.87,432.97,56.21,1922.40,172.50,840.12,71.39,1911.84,173.15,1123.60,50.63,1934.45,173.46,767.73,285.81,66.40,96.95,255.83,1828.53,3549.09,2.47,150.43,137.33,628.16,2.95,960.69,61.07,523.80
2026-02-02T15:40:00Z,42.62,2515.11,155.49,456.00,56.25,1927.48,173.06,839.12,71.21,1913.22,173.51,1135.46,50.71,1936.63,173.57,749.84,289.62,67.17,97.71,257.70,1824.06,3549.50,2.28,149.69,138.56,623.24,3.32,963.66,60.51,518.01
2026-02-02T15:50:00Z,42.28,2518.50,155.21,449.99,56.50,1921.46,173.05,836.13,70.90,1929.33,173.31,1120.98,50.51,1943.00,173.02,748.62,285.02,64.97,97.57,257.00,1826.29,3547.33,2.47,149.67,136.45,627.86,2.74,958.34,61.14,520.19
2026-02-02T16:00:00Z,42.57,2516.80,155.90,456.59,56.14,1926.72,173.27,858.62,71.34,1925.27,172.44,1122.72,50.12,1948.11,172.71,736.22,285.26,65.39,97.60,255.10,1831.54,3534.72,2.60,148.51,138.61,625.45,2.78,967.74,60.54,512.83
2026-02-02T16:10:00Z,42.29,2517.87,155.45,438.57,55.97,1928.94,172.85,837.51,71.29,1911.22,172.57,1116.13,50.37,1941.21,172.77,745.07,282.13,64.86,97.83,251.07,1817.42,3535.55,2.37,148.34,136.29,619.19,3.18,959.02,61.60,522.41
2026-02-02T16:20:00Z,42.53,2515.28,155.93,442.18,55.64,1925.79,172.21,835.29,71.50,1909.55,172.49,1131.96,50.36,1946.93,172.53,729.65,283.24,63.90,97.74,257.65,1833.22,3561.66,2.79,150.44,136.41,620.78,3.02,959.62,61.08,515.79
2026-02-02T16:30:00Z,42.97,2511.67,155.51,452.30,55.67,1937.47,172.91,830.92,71.94,1901.11,173.73,1144.81,50.16,1942.24,172.15,738.79,288.69,62.88,97.55,258.81,1824.33,3549.38,2.30,151.67,139.97,617.93,2.95,962.66,60.29,507.86
2026-02-02T16:40:00Z,42.92,2502.28,156.16,453.64,55.73,1932.91,172.06,835.28,71.91,1915.45,173.13,1142.48,50.36,1932.06,172.10,741.27,287.19,62.39,97.77,258.07,1838.37,3550.65,2.34,149.51,140.30,620.76,2.85,964.20,60.13,516.76
2026-02-02T16:50:00Z,43.33,2496.06,156.16,480.33,55.25,1952.76,171.79,826.78,71.65,1913.84,173.15,1148.35,50.32,1945.60,171.99,738.30,284.96,61.19,97.10,255.47,1820.36,3546.71,2.58,149.65,138.71,618.49,2.69,963.98,60.01,507.14
2026-02-02T17:00:00Z,42.85,2514.14,156.56,473.49,55.50,1939.89,172.07,825.63,71.74,1916.48,172.63,1125.16,50.15,1953.77,172.47,725.48,285.28,62.79,96.47,257.35,1839.52,3555.34,2.51,148.82,135.71,620.89,3.05,964.96,61.37,532.03
2026-02-02T17:10:00Z,42.91,2506.15,156.59,470.57,55.44,1949.63,172.33,829.99,72.14,1908.22,172.58,1135.98,49.92,1954.62,172.57,722.00,285.08,66.47,97.21,260.00,1827.24,3548.26,2.30,151.13,138.85,623.07,3.04,964.39,61.04,512.74
2026-02-02T17:20:00Z,42.70,2501.82,156.02,457.88,55.13,1948.39,172.49,837.98,72.21,1902.54,173.05,1139.81,50.02,1969.68,172.60,718.90,282.30,64.88,96.78,253.37,1825.97,,2.44,150.71,134.09,621.21,3.03,961.80,61.31,516.70
2026-02-02T17:30:00Z,42.72,2509.12,156.21,458.90,55.26,1936.80,172.88,835.63,72.48,1893.10,173.40,1146.27,50.17,1954.80,173.29,748.06,281.16,65.70,98.11,255.57,1829.53,3535.87,2.92,152.26,135.41,620.22,3.06,963.61,60.59,510.68
2026-02-02T17:40:00Z,42.62,2518.90,156.41,458.79,55.62,1944.00,172.30,826.89,72.81,1880.54,174.25,1165.24,50.58,1934.77,172.28,755.68,285.57,65.58,97.53,259.47,1824.85,3543.86,2.44,149.41,138.08,625.48,2.59,962.44,60.41,509.84
2026-02-02T17:50:00Z,42.55,2505.24,156.30,448.02,55.87,1936.61,172.33,824.61,72.52,1880.68,174.74,1173.49,50.47,1931.88,172.31,761.49,281.51,65.92,96.55,253.58,1832.48,3535.21,2.65,148.64,136.54,618.50,2.98,960.50,59.94,511.61
2026-02-02T18:00:00Z,42.65,2502.14,156.09,453.83,56.12,1929.51,172.97,828.94,72.49,1890.02,174.27,1167.46,50.54,1938.43,172.47,752.96,287.49,65.20,97.37,255.75,1826.91,3561.25,2.63,148.91,139.50,621.88,2.92,964.21,59.18,519.89
2026-02-02T18:10:00Z,43.22,2497.77,156.68,472.62,56.07,1918.57,173.31,825.95,72.42,1898.31,174.04,1158.59,50.35,1943.11,172.17,746.97,284.40,65.62,96.89,255.25,1827.17,3550.48,2.66,151.06,136.51,616.26,3.16,956.59,60.85,510.63
2026-02-02T18:20:00Z,43.18,2496.20,156.64,475.27,56.02,1928.44,173.25,824.71,72.06,1908.17,173.13,1146.65,50.38,1949.50,171.86,746.76,285.77,64.16,97.36,254.83,1825.80,3531.44,2.56,149.24,139.47,618.15,3.09,962.83,60.49,522.58
2026-02-02T18:30:00Z,43.08,2504.45,156.83,468.11,55.38,1938.20,172.56,828.81,72.05,1903.34,173.19,1151.47,50.80,1940.05,171.85,766.65,287.98,66.32,97.93,258.50,1824.65,3557.18,2.63,150.30,138.29,622.71,2.97,962.65,60.15,521.81
2026-02-02T18:40:00Z,43.01,2497.92,155.72,471.67,55.32,1936.48,172.38,812.28,72.05,1906.73,173.54,1145.89,,1926.42,171.86,756.94,287.80,66.55,97.72,260.93,1823.08,3554.12,2.66,149.75,139.44,619.11,3.09,968.61,60.85,515.60
2026-02-02T18:50:00Z,43.32,2488.93,155.95,494.45,55.18,1942.62,172.80,816.54,72.06,1894.01,173.64,1143.38,50.44,1930.06,172.40,749.76,289.12,65.32,98.15,258.09,1831.44,3559.79,2.88,149.48,138.38,614.62,2.79,967.11,59.90,508.21
2026-02-02T19:00:00Z,43.12,2495.13,156.60,490.56,55.08,1936.38,172.86,811.12,72.16,1902.91,174.06,1147.54,50.60,1931.69,173.41,756.36,290.30,65.49,97.57,263.46,1824.50,3550.20,2.81,150.34,141.41,635.86,3.14,964.46,61.62,521.32
2026-02-02T19:10:00Z,43.56,2492.80,155.85,474.67,54.66,1945.04,172.22,794.01,71.93,1907.84,174.40,1162.04,50.66,1929.21,173.48,750.46,289.15,65.71,97.55,258.35,1832.60,3532.19,2.48,150.06,138.41,622.15,2.73,975.04,61.12,519.02
2026-02-02T19:20:00Z,43.79,2484.63,156.34,492.98,54.35,1962.49,172.62,798.46,71.60,1913.70,,1140.53,50.94,1930.24,172.95,761.79,287.57,65.07,97.69,257.54,1820.60,3544.56,2.92,148.20,137.18,623.30,2.96,959.24,61.97,515.05
2026-02-02T19:30:00Z,44.04,2479.89,156.10,500.74,54.20,1970.49,171.88,779.83,71.23,1916.96,173.83,1135.46,50.87,1929.23,172.07,753.16,282.96,65.44,97.68,251.84,1827.20,3541.01,2.40,149.71,135.64,619.98,3.01,959.49,60.51,506.58
2026-02-02T19:40:00Z,44.22,2475.84,157.20,507.71,54.37,1961.47,172.07,781.13,71.35,1916.99,172.25,1125.57,51.02,1933.72,172.34,752.82,285.13,64.63,96.52,257.45,1824.93,3547.40,2.58,149.90,137.95,623.04,3.12,964.07,61.40,529.76
2026-02-02T19:50:00Z,43.89,2491.58,156.89,496.22,54.22,1978.79,172.11,796.22,71.27,1914.03,172.65,1128.00,50.79,1930.45,172.59,749.81,285.10,63.91,96.47,255.76,1833.14,3540.28,2.79,149.37,138.72,618.42,2.92,963.77,60.79,512.34
2026-02-02T20:00:00Z,44.18,2481.18,157.11,486.78,54.39,1967.35,171.43,776.55,71.42,1917.20,172.61,1117.97,51.26,1923.31,172.25,774.75,283.27,61.18,96.98,255.06,1818.37,3534.24,2.71,149.31,137.26,618.77,3.25,967.35,59.85,518.32
2026-02-02T20:10:00Z,44.17,2472.03,156.85,494.56,54.23,1970.34,171.00,770.92,71.14,1915.84,172.77,1119.22,51.36,1923.20,172.72,783.74,283.85,62.78,96.09,256.08,1820.96,3539.80,2.62,149.72,137.21,620.39,3.01,964.00,59.70,513.41
2026-02-02T20:20:00Z,44.08,2477.99,156.69,500.64,54.35,1967.56,170.55,745.11,70.92,1915.04,173.00,1116.32,50.97,1933.42,172.53,771.98,290.44,62.34,96.25,258.07,1824.24,3556.75,2.46,149.99,139.51,620.92,2.99,968.77,59.47,505.19
2026-02-02T20:30:00Z,43.94,2481.28,156.35,505.58,54.52,1963.58,170.70,762.37,71.06,1922.77,173.27,1114.67,50.56,1928.54,173.09,784.92,287.21,62.12,96.82,256.03,1832.06,3550.46,2.49,151.36,140.34,633.71,2.99,951.54,59.06,525.24
2026-02-02T20:40:00Z,43.97,2475.22,156.12,492.71,54.42,1972.15,171.39,776.44,70.93,1930.59,172.77,1112.77,50.61,1926.81,172.86,768.34,286.97,65.72,96.82,256.21,1830.89,3551.93,2.59,148.69,141.19,624.11,2.83,960.50,59.65,516.60
2026-02-02T20:50:00Z,44.19,2470.19,156.49,489.09,54.21,1974.12,170.88,787.58,71.09,1916.88,172.47,1119.52,50.33,1929.61,172.41,754.91,284.28,64.99,97.13,258.61,1829.83,3553.67,2.77,149.74,139.47,621.66,2.84,970.91,58.84,516.98
2026-02-02T21:00:00Z,43.81,2472.43,157.03,501.54,54.35,1978.14,171.33,790.01,71.24,1910.98,172.15,1108.91,50.70,1939.10,172.59,749.40,281.99,63.74,97.15,254.08,1828.10,3550.61,2.39,149.86,135.80,622.77,3.37,966.69,59.73,515.21
2026-02-02T21:10:00Z,43.99,2471.07,157.42,512.57,54.93,1966.17,171.44,787.72,71.02,1909.98,173.11,1118.31,50.33,1936.01,172.34,755.11,284.75,64.76,96.58,258.48,1828.83,3550.92,2.53,149.58,138.77,625.49,3.04,962.84,60.10,519.36
2026-02-02T21:20:00Z,44.03,2466.51,156.85,505.91,54.66,1960.31,172.02,793.71,71.38,1909.11,173.10,1132.33,50.54,1921.07,172.26,760.17,285.73,66.19,96.68,255.23,1820.50,3545.48,2.14,149.35,136.55,628.62,2.91,964.64,59.09,531.10
2026-02-02T21:30:00Z,44.25,2463.15,157.27,525.61,55.12,1968.67,171.55,800.92,71.20,1922.73,173.22,1112.61,50.55,1932.05,,776.79,289.76,65.19,97.21,261.83,1824.34,3565.95,2.60,150.48,140.27,629.20,3.21,966.91,59.31,521.47
2026-02-02T21:40:00Z,44.45,2456.06,157.58,535.37,54.96,1948.69,171.75,801.42,71.08,1922.52,173.24,1111.91,50.22,1956.67,172.08,752.70,285.98,67.18,98.06,256.12,1824.90,3544.61,2.20,150.15,140.14,622.06,2.97,962.22,59.41,526.85
2026-02-02T21:50:00Z,44.15,2462.12,157.59,527.73,54.89,1952.96,173.07,802.92,71.04,1915.01,173.45,1108.63,50.49,1946.53,172.66,748.37,288.29,67.49,97.90,259.71,1828.30,3546.07,2.22,149.08,137.38,631.10,2.75,968.80,60.04,525.56
2026-02-02T22:00:00Z,44.05,2472.63,157.86,531.83,55.01,1952.27,172.90,790.01,71.16,1925.65,173.28,1099.72,50.71,1935.77,172.60,742.53,285.33,64.86,97.22,258.83,1833.11,3542.59,2.32,149.36,138.75,622.26,2.96,962.10,60.39,531.22
2026-02-02T22:10:00Z,44.04,2475.10,157.99,530.88,54.85,1949.60,172.90,789.20,71.33,1910.77,173.37,1111.28,50.58,1947.23,172.70,746.43,282.69,64.62,97.32,253.02,1830.50,3541.32,2.58,148.86,137.75,626.55,2.81,964.90,60.11,515.14
2026-02-02T22:20:00Z,44.14,2469.99,157.55,523.79,55.03,1951.31,172.26,801.99,71.46,1911.21,173.62,1116.78,50.63,1941.37,172.05,759.61,285.34,65.07,98.01,257.52,1822.84,3559.26,2.64,151.98,138.19,622.40,2.85,963.94,58.71,520.36
2026-02-02T22:30:00Z,44.41,2476.38,157.13,523.16,54.89,1951.20,171.90,792.96,71.54,1915.47,173.09,1112.41,50.20,1939.23,172.59,755.21,285.37,66.05,97.11,258.10,1827.92,3559.65,2.53,150.63,134.83,622.66,2.70,965.42,59.28,520.47
2026-02-02T22:40:00Z,44.31,2466.50,157.73,526.76,55.43,1947.12,171.72,810.78,70.78,1922.14,172.84,1104.71,50.10,1945.72,172.70,741.99,285.87,63.06,96.15,258.46,1832.61,3539.53,2.58,148.57,134.91,617.74,2.87,959.89,60.15,504.31
2026-02-02T22:50:00Z,44.79,2453.41,157.65,539.02,55.30,1952.89,171.93,805.91,70.66,1932.60,172.72,1095.06,50.47,1944.25,172.73,736.66,287.21,64.07,96.58,257.41,1830.12,3559.82,2.59,150.63,140.77,625.04,2.93,962.15,60.06,517.12
2026-02-02T23:00:00Z,44.58,2456.42,158.00,539.87,55.32,1962.67,172.50,806.06,70.65,1931.63,172.85,1087.05,50.34,1952.22,172.05,732.15,280.97,62.46,96.45,253.54,1822.50,3541.65,2.64,150.74,133.08,613.54,2.85,963.26,60.64,502.37
2026-02-02T23:10:00Z,44.24,2459.44,157.35,537.70,55.16,1959.32,171.82,800.29,70.96,1922.87,172.55,1093.04,50.61,1948.68,173.08,727.67,281.85,64.57,97.45,253.05,1822.01,3541.49,2.36,151.48,136.30,614.96,3.04,956.15,61.81,504.04
2026-02-02T23:20:00Z,44.53,2464.83,157.41,525.91,54.66,1955.49,171.56,794.48,71.41,1917.60,172.58,1104.41,50.41,1945.91,173.05,740.55,291.42,64.83,97.22,261.58,1843.41,3546.43,2.27,149.81,144.14,631.36,3.33,973.80,59.66,526.04
2026-02-02T23:30:00Z,44.58,2460.26,156.71,536.39,54.65,1960.01,172.25,786.31,71.31,1908.00,172.53,1117.50,50.47,1946.39,173.09,757.87,288.18,65.00,97.55,260.45,1831.69,3562.39,2.42,151.41,139.57,628.96,3.43,959.57,60.97,535.15
2026-02-02T23:40:00Z,44.71,2469.15,157.20,537.90,54.79,1953.17,171.77,792.66,71.00,1914.15,173.43,1116.83,50.19,1951.88,173.34,745.61,284.90,65.84,97.61,259.65,1830.33,3549.17,2.51,148.78,136.55,618.02,3.04,965.07,59.97,504.09
2026-02-02T23:50:00Z,44.39,2469.02,157.80,522.83,55.22,1951.48,171.39,796.13,70.96,1931.51,173.17,1111.22,50.26,1950.95,172.39,754.24,286.50,64.75,98.01,257.44,1817.34,3544.91,2.29,149.03,140.13,629.60,2.94,956.64,59.89,529.92
2026-02-03T00:00:00Z,43.93,2455.72,157.61,519.80,54.68,1955.04,171.98,799.73,70.40,1948.33,173.01,1096.39,49.08,1975.32,172.09,733.85,284.11,65.69,97.58,256.34,1824.63,3545.38,2.59,150.59,137.36,615.68,2.93,965.84,60.46,506.36
2026-02-03T00:10:00Z,44.19,2467.59,157.96,504.28,53.91,1971.41,171.05,776.27,69.86,1948.04,172.24,1085.82,48.27,1981.02,172.12,711.56,281.28,66.54,97.57,252.43,1822.47,3558.80,2.83,148.73,134.07,617.96,2.79,968.33,61.09,509.88
2026-02-03T00:20:00Z,43.93,2475.29,157.73,500.03,52.71,1985.16,171.62,756.00,69.28,1947.97,172.29,1078.55,47.37,2006.63,171.25,674.92,280.61,62.95,97.30,254.04,1836.13,3557.69,2.48,150.85,132.70,618.68,2.88,961.04,60.83,515.34
2026-02-03T00:30:00Z,43.85,2478.20,157.45,512.19,51.79,2018.24,171.17,724.53,68.61,1965.67,171.93,1070.66,46.72,2024.04,171.76,661.86,281.79,62.81,96.94,253.99,1825.70,3545.14,2.43,150.95,136.46,615.65,2.93,960.63,60.48,527.02
2026-02-03T00:40:00Z,43.70,2482.68,158.29,507.70,51.00,2037.09,170.44,683.17,68.38,1979.23,171.80,1048.21,46.33,2040.38,170.68,614.92,276.76,59.02,96.44,251.79,1824.09,3548.63,2.36,150.72,134.25,618.77,2.96,962.21,60.61,531.03
2026-02-03T00:50:00Z,44.15,2468.21,157.38,513.75,49.85,2051.61,170.07,664.90,68.22,1988.20,171.92,1039.46,45.78,2049.33,170.43,615.14,267.70,57.46,97.02,238.17,1809.04,3539.24,2.70,150.65,128.16,609.64,3.35,957.88,61.96,512.38
2026-02-03T01:00:00Z,44.08,2478.45,157.57,499.51,49.02,2075.21,169.76,635.22,68.38,1998.78,171.90,1029.56,45.06,2068.40,169.43,577.14,272.64,56.66,96.12,245.93,1821.77,3554.10,2.46,149.43,133.75,620.49,2.54,967.38,60.65,511.26
2026-02-03T01:10:00Z,44.00,2481.21,157.38,525.86,48.23,2105.21,169.43,607.53,68.14,1997.92,171.28,1020.27,44.75,2079.82,169.40,558.05,269.49,55.36,95.88,243.78,1816.19,3540.06,2.50,151.45,127.02,607.04,2.82,960.08,62.32,500.35
2026-02-03T01:20:00Z,44.08,2484.31,157.72,522.80,47.66,2118.06,168.16,589.41,68.11,2008.16,170.59,1019.80,44.10,2091.75,169.62,548.21,263.94,56.40,95.77,236.27,1806.77,3561.96,2.25,148.36,125.07,606.74,2.66,959.46,60.42,508.49
2026-02-03T01:30:00Z,44.37,2456.62,157.75,537.48,47.27,2126.15,167.55,563.18,68.18,1997.95,170.89,1014.33,43.17,2107.80,169.03,520.48,255.76,54.34,95.96,228.98,1810.87,3540.02,2.66,150.06,120.66,594.61,3.00,959.06,60.25,498.44
2026-02-03T01:40:00Z,44.50,2468.08,157.06,530.18,46.49,2150.64,166.81,533.00,68.57,1993.74,170.31,1023.51,42.80,2123.32,167.78,511.42,257.90,54.85,95.44,229.35,1796.10,3537.73,2.65,149.14,121.17,601.77,3.29,949.79,59.35,494.12
2026-02-03T01:50:00Z,44.46,2470.51,156.85,528.66,45.82,2156.02,166.50,510.72,68.65,1983.22,170.66,1017.16,41.99,2133.05,167.00,489.31,258.40,53.02,95.15,232.71,1798.23,3556.44,2.48,148.98,123.79,605.11,2.84,951.51,59.31,493.43
2026-02-03T02:00:00Z,44.26,2466.70,156.59,513.09,45.47,2174.35,165.15,487.56,,1993.15,170.41,1015.01,41.03,2154.74,167.27,458.32,253.26,50.32,94.84,227.77,1796.20,3566.07,2.52,150.10,123.35,604.03,2.92,947.70,59.94,495.17
2026-02-03T02:10:00Z,44.67,2469.73,157.47,519.58,44.78,2187.37,165.69,472.37,68.23,1986.37,170.21,1001.51,41.04,2163.45,166.07,447.02,251.90,50.10,94.64,225.57,1794.77,,2.47,150.35,121.21,598.13,2.86,949.47,58.61,498.78
2026-02-03T02:20:00Z,44.69,2468.13,157.33,519.04,44.24,2197.29,164.55,441.98,68.41,1976.75,170.87,1026.08,40.39,2178.62,165.99,426.62,248.31,47.97,94.14,222.26,1793.32,3546.18,2.55,150.32,119.10,595.65,3.17,943.84,59.37,499.63
2026-02-03T02:30:00Z,44.63,2467.24,157.59,526.40,43.78,2214.39,164.80,432.22,68.20,1988.06,170.63,1032.95,39.91,2186.89,166.38,407.79,244.71,49.40,94.25,216.32,1791.22,3556.68,2.51,149.32,114.74,592.74,3.18,943.87,59.99,490.42
2026-02-03T02:40:00Z,44.60,2459.52,157.91,529.51,43.75,2225.93,165.20,420.18,68.44,1986.51,171.73,1024.66,40.21,2190.38,165.58,395.17,246.46,48.16,95.79,217.78,1790.23,3552.09,2.50,151.84,119.74,595.50,2.81,947.92,60.84,492.09
2026-02-03T02:50:00Z,44.27,2456.77,157.96,541.75,43.57,2229.96,164.70,418.90,68.39,1978.84,171.15,1027.98,39.89,2194.92,165.35,393.04,245.92,47.25,95.22,220.68,1795.12,3537.55,2.47,148.21,116.94,595.04,2.86,942.03,61.51,486.22
2026-02-03T03:00:00Z,44.51,2460.11,158.57,529.65,43.44,2235.60,165.04,406.41,68.31,1981.20,170.74,1022.61,39.20,2202.95,164.14,367.68,243.46,47.22,95.66,219.81,1804.07,3547.50,2.51,151.47,116.78,594.29,2.86,952.49,59.83,489.28
2026-02-03T03:10:00Z,44.72,2458.20,158.08,531.71,43.15,2237.34,164.34,403.37,68.07,1999.06,171.41,1022.48,39.34,2218.51,164.27,379.27,242.03,48.96,95.34,219.70,1791.87,3541.82,2.47,149.74,119.17,593.59,2.85,946.65,59.88,492.91
2026-02-03T03:20:00Z,44.86,2454.49,157.30,534.05,42.99,2242.86,164.09,387.74,67.89,1994.31,170.60,994.36,39.21,2214.92,163.88,357.06,242.76,48.00,95.76,217.38,1791.77,3558.15,2.45,151.32,117.82,605.44,2.77,943.77,59.88,511.31
2026-02-03T03:30:00Z,44.64,2463.89,157.34,530.58,42.25,2262.97,163.74,375.84,67.48,2007.16,170.69,1006.97,39.00,2211.11,163.61,371.07,238.76,47.50,94.12,213.66,1801.51,3551.48,2.48,149.11,114.02,594.31,3.17,945.12,59.87,487.58
2026-02-03T03:40:00Z,44.63,2466.23,157.61,532.03,41.89,2272.91,162.53,367.15,67.78,2015.68,170.59,996.47,38.80,2220.78,164.11,359.13,246.74,47.50,93.89,220.09,1799.74,3548.35,2.22,149.75,120.18,596.44,2.84,944.87,60.11,498.06
2026-02-03T03:50:00Z,44.63,2462.50,157.54,537.68,41.34,2278.91,163.07,353.69,67.87,2013.92,170.69,987.66,38.49,2220.62,164.53,351.54,241.89,46.73,94.33,217.85,1799.85,3567.80,2.67,150.89,115.37,594.50,3.11,951.86,60.24,495.20
2026-02-03T04:00:00Z,44.39,2465.05,157.25,530.69,41.14,2278.09,162.24,344.39,67.49,2006.61,170.10,991.19,38.25,2230.82,164.74,340.24,241.71,45.85,94.48,219.17,1793.62,3569.39,2.59,150.33,115.10,593.60,2.69,944.82,59.70,498.64
2026-02-03T04:10:00Z,44.44,2461.74,157.69,525.35,40.87,2303.60,162.39,331.99,67.47,2004.93,170.20,990.45,37.60,2243.27,163.60,317.81,237.99,47.29,93.95,211.46,1790.18,3554.14,2.30,150.04,112.50,584.26,2.99,952.09,59.56,488.28
2026-02-03T04:20:00Z,43.75,2469.57,158.15,509.15,40.46,2306.82,162.17,302.01,67.14,2024.49,170.51,969.11,37.40,2246.54,162.81,310.70,232.13,45.69,93.81,209.65,1783.29,3554.29,2.31,148.21,109.83,584.60,3.19,943.14,61.07,486.72
2026-02-03T04:30:00Z,43.53,2481.62,157.97,512.52,40.12,2317.92,161.70,290.76,67.20,2029.33,170.12,964.33,37.28,2256.34,162.66,286.65,221.75,44.26,93.69,199.36,1782.16,3573.47,2.46,150.45,107.49,590.41,2.86,945.35,60.98,504.87
2026-02-03T04:40:00Z,43.51,2485.77,158.67,516.76,40.01,2323.47,161.39,265.38,66.98,2029.62,169.55,968.75,36.64,2266.37,162.44,283.61,228.21,42.21,94.89,205.30,1777.86,3550.91,2.55,148.40,109.27,589.05,2.86,939.16,59.22,490.20
2026-02-03T04:50:00Z,43.77,2491.37,157.25,511.35,39.81,2321.31,160.87,256.31,66.99,2021.73,170.05,970.90,36.39,2289.70,161.77,272.57,229.49,42.26,94.85,208.69,1792.08,3558.73,2.62,148.62,110.59,588.18,3.01,948.70,60.23,482.87
2026-02-03T05:00:00Z,43.87,2496.44,157.26,511.79,39.52,2337.68,160.95,254.72,66.88,2022.66,170.23,968.99,36.52,2294.39,162.60,279.27,228.71,42.35,93.29,206.46,1787.34,3564.55,2.63,149.52,110.00,584.68,2.84,944.21,60.14,480.31
2026-02-03T05:10:00Z,43.73,2478.01,157.32,498.24,39.50,2334.67,161.69,256.37,66.56,2036.78,169.65,965.46,35.87,2313.39,162.66,250.74,231.25,40.80,93.45,205.99,1781.85,3545.07,2.45,150.55,109.32,578.79,3.02,937.97,60.02,476.20
2026-02-03T05:20:00Z,43.89,2478.19,157.07,498.26,38.94,2339.50,161.04,230.96,66.38,2046.15,169.51,942.67,35.58,2316.17,162.36,231.31,230.66,39.26,93.81,211.48,1788.29,3546.97,2.67,149.30,111.42,584.95,2.86,951.84,60.54,480.06
2026-02-03T05:30:00Z,43.58,2482.77,156.40,492.43,39.02,2338.41,161.86,244.21,66.71,2047.51,169.71,945.06,35.30,2326.27,162.59,230.39,222.47,36.90,94.09,200.23,1784.47,3546.34,2.36,150.49,109.02,584.02,2.77,942.74,59.40,494.49
2026-02-03T05:40:00Z,43.81,2490.13,156.41,492.48,38.94,2346.16,160.97,237.52,66.45,2035.10,169.03,942.21,35.42,2321.03,162.52,212.37,226.84,37.96,94.21,203.88,1778.30,3556.33,2.47,150.73,111.55,587.72,3.06,939.02,60.01,489.15
2026-02-03T05:50:00Z,43.38,2492.37,156.31,506.09,38.72,2367.57,160.31,235.69,66.28,2037.63,168.91,931.96,35.12,2323.92,162.22,220.48,229.43,40.96,93.77,205.89,1781.45,3547.35,2.83,149.15,111.12,597.93,3.23,946.04,58.52,503.91
2026-02-03T06:00:00Z,43.21,2493.81,156.87,493.21,38.34,2381.82,160.72,223.64,66.57,2033.89,169.19,947.09,35.17,2333.06,162.78,207.72,220.06,40.96,93.90,195.84,1780.59,3543.92,2.48,149.05,102.80,575.35,2.90,939.55,57.77,473.65
2026-02-03T06:10:00Z,43.03,2501.82,156.17,468.20,38.33,2376.71,160.28,209.35,66.97,2037.51,169.01,945.73,34.96,2325.90,162.76,213.12,220.79,39.23,93.78,199.15,1780.18,3546.59,2.40,149.48,105.69,582.56,2.92,937.07,57.25,486.64
2026-02-03T06:20:00Z,43.25,2487.12,156.65,,38.03,2367.40,160.74,208.89,66.82,2036.57,169.41,939.40,34.60,2328.14,162.26,203.22,216.86,38.80,93.59,196.42,1777.74,3558.91,2.44,151.25,104.75,575.35,3.04,938.50,58.66,472.20
2026-02-03T06:30:00Z,43.53,2493.03,157.05,480.56,,2376.83,159.84,193.71,66.65,2036.79,169.75,948.18,34.63,2335.91,162.18,198.27,220.03,36.90,93.15,198.27,1780.25,3556.82,2.70,150.39,105.76,589.51,2.75,940.44,59.14,495.95
2026-02-03T06:40:00Z,43.69,2489.93,156.60,490.71,37.98,2375.49,160.05,204.12,66.89,2027.52,170.52,967.95,34.81,2340.68,161.62,183.97,226.30,38.15,93.59,201.20,1772.51,3538.31,2.56,150.74,106.85,583.98,2.91,939.79,57.11,489.01
2026-02-03T06:50:00Z,44.01,2494.21,156.68,479.05,37.94,2383.75,160.72,193.51,66.68,2028.18,170.33,959.07,34.97,2328.30,160.90,192.43,222.94,37.08,94.28,199.72,1782.85,3546.04,2.49,149.47,104.31,580.40,3.06,946.69,58.67,489.95
2026-02-03T07:00:00Z,44.29,2478.36,156.32,495.85,37.81,2376.14,160.66,201.69,66.75,2023.12,170.35,960.52,34.80,2336.52,160.97,205.42,220.43,35.91,93.16,193.14,1779.86,3551.17,2.54,147.93,102.98,586.35,3.07,940.77,58.97,487.59
2026-02-03T07:10:00Z,44.70,2462.39,157.25,525.65,37.96,2376.65,160.06,193.56,66.89,2023.55,170.73,975.57,34.71,2330.92,161.32,201.35,221.55,35.51,93.21,197.76,1763.99,3546.16,2.47,150.26,104.36,588.94,3.04,934.19,59.02,488.05
2026-02-03T07:20:00Z,44.63,2455.74,156.24,535.70,37.98,2366.34,159.78,210.07,66.58,2023.27,170.03,953.45,34.90,2334.83,161.42,201.96,218.39,37.28,92.92,197.87,1768.09,3559.02,2.54,148.92,102.14,574.26,3.09,934.18,58.85,483.84
2026-02-03T07:30:00Z,44.49,2454.44,157.30,538.54,38.09,2371.91,159.82,220.99,66.49,2034.69,170.10,970.28,34.96,2317.00,161.51,202.62,216.90,38.39,92.42,193.92,1779.52,3562.68,2.50,150.39,105.33,583.48,2.98,940.09,58.29,491.79
2026-02-03T07:40:00Z,44.36,2443.61,157.65,528.77,38.10,2375.55,159.75,208.68,66.71,2027.71,170.15,961.27,35.07,2329.17,161.13,191.55,219.23,38.86,92.94,194.01,1770.50,3560.62,2.49,150.63,103.83,579.78,3.05,933.59,58.57,487.59
2026-02-03T07:50:00Z,44.50,2453.17,156.60,546.67,38.33,2374.17,159.68,223.22,66.98,2035.48,170.34,960.78,34.71,2331.01,161.77,197.05,221.13,39.04,93.43,196.62,1773.78,3553.96,2.39,148.99,105.53,585.90,3.09,934.88,59.79,496.73
2026-02-03T08:00:00Z,44.45,2457.29,157.81,528.48,38.42,2365.78,160.28,217.43,67.08,2022.60,170.53,956.00,34.87,2334.52,161.68,196.41,225.24,39.67,93.91,204.91,1778.27,3552.61,2.42,149.69,109.95,590.01,3.32,942.89,59.68,485.64
2026-02-03T08:10:00Z,43.91,2471.77,157.67,510.32,38.02,2373.28,160.33,214.69,67.09,2015.73,170.53,969.17,34.96,2328.72,161.54,192.11,217.70,39.19,94.05,195.37,1781.10,3572.80,2.27,150.45,105.99,592.31,3.24,936.19,58.85,492.77
2026-02-03T08:20:00Z,43.83,2475.51,157.32,508.60,37.94,2377.39,159.80,205.50,67.19,2016.13,170.98,981.94,34.87,2321.30,161.87,195.53,219.71,37.75,93.71,196.43,1781.09,3545.88,2.32,149.51,104.33,578.47,3.03,941.85,58.51,483.33
2026-02-03T08:30:00Z,43.86,2481.16,157.72,507.92,37.70,2391.37,159.97,183.37,67.69,2013.10,170.78,988.63,35.17,2315.90,161.63,199.55,223.59,39.05,93.33,197.39,1772.44,3564.49,2.43,150.66,107.09,586.20,2.98,937.48,59.03,487.84
2026-02-03T08:40:00Z,43.62,2486.03,157.29,490.94,37.83,2377.07,159.52,178.67,67.61,2011.47,170.62,985.51,35.09,2322.33,161.36,209.93,,38.65,93.32,201.69,1774.24,3547.76,2.44,149.01,107.89,589.76,3.26,934.75,60.58,501.01
2026-02-03T08:50:00Z,43.67,2481.95,156.85,505.90,37.73,2375.36,159.49,182.50,67.54,2012.69,171.05,991.59,35.22,2327.51,162.84,206.32,222.88,38.85,94.02,199.19,1778.03,3544.30,2.48,149.80,106.36,583.60,2.93,939.97,59.61,489.38
2026-02-03T09:00:00Z,43.72,2474.85,157.30,505.07,37.79,2379.83,159.68,183.38,67.51,2019.36,171.06,983.14,35.06,2324.87,162.26,196.50,221.21,39.08,92.94,200.11,1776.77,3552.36,2.39,150.88,109.25,582.88,2.95,938.38,59.25,476.47
2026-02-03T09:10:00Z,43.91,2483.52,157.32,521.19,37.31,2390.15,159.44,170.88,67.90,2014.22,170.73,985.18,35.02,2321.25,161.26,213.41,223.05,38.64,93.41,200.40,1781.19,3552.71,2.49,150.78,107.63,578.16,2.85,937.46,58.90,481.79
2026-02-03T09:20:00Z,44.05,2477.94,157.12,518.12,37.06,2393.07,158.80,157.55,67.94,2010.04,170.42,990.51,34.46,2330.15,161.13,199.75,227.06,37.50,92.73,207.31,1785.39,3558.12,2.47,151.80,109.92,582.40,2.85,941.81,60.34,486.13
2026-02-03T09:30:00Z,44.46,2469.23,157.80,527.31,37.47,2385.90,159.34,170.09,67.97,2004.49,170.17,999.30,33.96,2335.45,160.88,182.58,225.70,39.08,93.16,199.13,1774.53,3543.96,2.48,150.57,107.73,580.54,3.20,939.47,59.88,473.01
2026-02-03T09:40:00Z,44.03,2467.50,157.32,514.28,36.89,2397.88,159.67,168.72,67.90,2011.49,170.57,987.86,34.47,2343.63,160.57,174.56,221.27,39.08,93.60,200.09,1784.63,3559.81,2.66,149.52,103.07,577.37,2.75,941.06,58.86,485.01
2026-02-03T09:50:00Z,43.87,2465.85,157.22,516.67,36.65,2405.22,159.75,144.49,67.97,2010.41,170.58,989.29,34.46,2340.38,160.67,174.07,215.08,37.97,93.68,196.16,1780.76,3544.94,2.44,149.80,104.19,584.48,2.77,939.68,58.90,490.82
2026-02-03T10:00:00Z,44.12,2465.87,157.24,525.10,36.70,2412.40,159.72,148.10,67.70,2007.65,170.84,1003.79,34.45,2341.24,160.86,166.31,221.87,37.33,92.77,197.82,1771.24,3553.50,2.44,149.79,106.41,576.59,3.33,934.39,58.30,475.67
2026-02-03T10:10:00Z,44.13,2469.09,157.57,540.07,35.96,2424.98,159.22,148.44,67.83,2009.46,169.91,1000.05,34.99,2332.28,160.95,179.71,217.75,36.82,93.12,195.94,1771.54,3542.75,2.41,149.10,102.83,572.78,3.21,937.96,58.63,475.63
2026-02-03T10:20:00Z,43.84,2472.85,157.53,538.19,36.05,2415.30,159.50,138.14,68.20,2015.48,170.25,1004.22,34.72,2339.88,161.43,178.04,219.16,36.36,93.30,197.17,1773.43,3549.30,2.44,149.06,104.83,574.51,2.66,938.18,59.05,485.32
2026-02-03T10:30:00Z,43.62,2482.14,157.33,517.39,36.35,2414.37,158.68,128.89,68.21,2000.91,170.58,1007.48,34.92,2326.62,161.85,196.36,221.84,35.89,93.22,202.29,1784.98,3553.57,2.41,149.07,107.17,582.48,3.18,940.47,59.88,492.92
2026-02-03T10:40:00Z,43.88,2476.16,156.55,525.10,35.83,2421.73,159.19,125.61,68.50,1987.13,170.36,1014.44,34.66,2332.30,161.43,182.31,227.40,36.45,93.24,206.50,1792.23,3556.94,2.45,148.09,109.63,586.74,3.45,940.78,58.43,490.44
2026-02-03T10:50:00Z,43.87,2478.57,157.27,529.97,35.46,2431.79,158.52,123.18,68.13,1987.76,170.86,1006.40,34.54,2331.98,160.58,185.56,225.36,37.28,92.79,207.49,1785.44,3548.65,2.59,150.08,107.91,579.86,2.91,937.67,59.16,488.96
2026-02-03T11:00:00Z,43.74,2487.60,156.65,517.91,35.79,2432.70,158.02,129.66,68.09,1998.19,171.36,1006.00,35.10,2320.35,161.65,204.12,219.19,37.50,92.62,197.99,1775.58,3540.08,2.28,151.20,107.16,580.56,3.14,937.33,59.52,495.71
2026-02-03T11:10:00Z,43.89,2488.41,156.68,517.21,35.77,2434.01,158.12,135.20,68.02,1999.38,171.27,1006.43,34.97,2316.10,161.03,194.17,221.99,37.74,92.95,198.52,1782.76,3542.26,2.57,149.17,104.29,575.76,2.93,942.17,58.83,485.02
2026-02-03T11:20:00Z,43.85,2487.47,157.27,509.15,35.81,2430.05,158.98,145.26,68.12,1998.25,171.03,1015.98,35.19,2316.90,160.99,195.63,221.05,35.58,92.50,200.74,1783.63,3542.77,2.54,151.49,107.45,581.25,3.32,942.62,58.50,483.03
2026-02-03T11:30:00Z,44.08,2481.98,156.73,492.27,35.68,2439.57,158.65,134.86,68.02,2005.00,170.43,1007.70,34.95,2325.48,160.92,204.55,218.04,37.17,92.80,198.97,1772.26,3541.58,2.35,148.97,103.16,579.78,3.53,931.72,59.06,498.88
2026-02-03T11:40:00Z,44.15,2471.88,156.87,501.12,35.81,2429.69,159.01,125.90,68.13,2007.15,171.03,1005.42,34.60,2327.99,161.13,217.25,224.10,39.83,93.33,203.79,1788.76,3556.51,2.80,150.22,107.64,587.94,3.09,939.68,59.43,492.16
2026-02-03T11:50:00Z,44.14,2482.08,157.28,483.96,36.01,2422.51,159.26,136.63,68.50,1997.60,171.21,1022.54,34.39,2334.56,161.32,184.77,215.11,40.52,93.90,195.68,1777.81,3550.77,2.40,149.12,100.58,574.94,2.95,939.22,58.24,484.24
2026-02-03T12:00:00Z,44.38,2475.06,157.60,506.14,35.74,2419.36,159.20,135.91,68.11,2004.23,170.75,1012.96,34.35,2341.88,161.19,168.98,212.34,39.27,94.31,187.48,1769.36,3551.24,2.69,150.07,101.65,583.21,2.81,934.35,59.10,492.32
2026-02-03T12:10:00Z,44.12,2460.05,158.06,523.44,35.69,2433.15,159.10,133.65,68.16,1998.43,171.14,1010.54,34.17,2344.37,160.75,160.19,214.52,39.47,94.07,191.73,1778.21,3558.29,2.60,148.61,102.58,583.79,3.07,929.53,60.19,492.61
2026-02-03T12:20:00Z,44.39,2459.53,157.79,518.58,35.41,2433.68,158.82,122.50,68.13,1999.43,171.02,1012.47,34.45,2342.21,160.79,174.92,215.04,37.01,93.31,192.47,1767.20,3555.35,2.36,149.86,102.25,579.06,2.86,931.22,59.18,479.52
2026-02-03T12:30:00Z,44.71,2459.39,157.04,524.30,35.10,2443.69,158.71,114.25,68.29,2004.53,170.60,1000.77,34.21,2338.49,161.09,180.35,218.17,37.44,93.73,196.09,1771.52,3548.16,2.63,150.71,106.89,577.62,2.76,938.48,58.78,489.10
2026-02-03T12:40:00Z,44.70,2460.71,157.36,521.09,34.63,2453.02,158.08,99.03,68.38,1990.47,170.44,1010.00,34.17,2339.95,160.66,167.97,217.84,37.30,93.68,197.48,1774.14,3554.91,2.89,148.86,103.81,573.32,2.89,938.41,58.40,477.75
2026-02-03T12:50:00Z,44.64,2465.14,156.97,512.66,34.81,2449.73,158.68,99.21,68.48,1990.98,170.80,1017.39,33.83,2350.03,161.19,172.86,215.88,37.56,93.78,191.03,1768.25,3546.84,2.69,149.45,101.53,579.81,3.09,926.40,59.88,480.68
2026-02-03T13:00:00Z,44.37,2463.18,156.79,511.95,35.07,2453.35,158.15,80.39,68.23,1999.05,170.94,997.79,33.76,2365.95,160.62,158.03,217.19,36.20,93.43,198.44,1777.20,3550.23,2.68,150.66,101.02,578.65,3.12,937.09,58.65,483.24
2026-02-03T13:10:00Z,44.67,2454.43,156.68,522.43,34.99,2458.86,158.86,71.81,68.50,1986.34,171.00,1010.46,33.36,2371.99,159.83,154.11,217.25,37.57,92.75,192.78,1762.23,3552.70,2.63,150.72,104.66,586.29,3.36,935.18,57.80,485.97
2026-02-03T13:20:00Z,44.39,2459.07,156.84,529.22,34.83,2453.95,158.56,87.45,68.66,1987.03,171.31,1020.45,33.00,2374.79,160.02,149.27,219.69,38.18,92.89,199.34,1778.58,3557.50,2.32,150.63,106.20,581.95,3.23,932.11,58.20,477.96
2026-02-03T13:30:00Z,43.96,2473.58,157.43,537.11,34.82,2460.46,158.33,89.04,68.19,1985.75,170.57,1023.50,33.09,2369.23,160.13,139.89,219.34,39.58,93.23,193.12,1775.40,3563.59,2.22,149.36,106.13,587.49,2.98,944.44,59.07,497.09
2026-02-03T13:40:00Z,43.94,2472.54,157.52,523.68,34.91,2453.52,158.36,100.92,68.70,1986.32,170.98,1023.44,32.95,2367.04,160.81,139.59,215.29,36.81,93.32,194.56,1783.17,3550.05,2.51,149.70,102.09,580.41,2.96,948.53,58.90,475.09
2026-02-03T13:50:00Z,44.04,2463.84,157.59,532.32,35.14,2455.18,157.92,90.07,68.71,1979.62,170.41,1031.39,33.18,2377.32,160.45,133.72,214.23,37.95,93.12,190.38,1770.63,3546.17,2.25,150.05,100.36,579.01,3.25,932.55,60.12,486.40
2026-02-03T14:00:00Z,44.01,2477.41,157.10,515.23,35.27,2455.97,157.81,95.28,68.66,1982.76,170.31,1022.54,33.41,2377.07,160.05,138.31,217.16,36.26,91.56,196.74,1777.77,3542.55,2.65,148.93,100.10,577.94,2.98,935.98,61.13,474.76
2026-02-03T14:10:00Z,44.19,2469.57,157.20,515.93,35.43,2440.33,158.57,92.51,68.26,1986.77,171.19,1031.83,33.15,2371.16,160.52,133.24,216.53,35.63,91.09,197.95,1777.74,3537.98,2.69,150.68,101.74,569.98,3.09,941.73,59.91,480.77
2026-02-03T14:20:00Z,44.60,2463.96,156.82,524.31,35.22,2448.18,158.44,96.39,68.27,1995.53,171.14,1020.75,33.55,2367.83,159.98,134.87,217.96,36.84,92.11,193.43,1762.43,3555.71,2.75,149.20,105.51,580.78,3.04,932.53,59.79,478.45
2026-02-03T14:30:00Z,44.37,2463.41,156.96,513.06,35.27,2441.66,157.84,93.75,67.94,1996.18,171.56,1013.02,33.52,2361.28,159.98,133.72,215.19,36.43,92.98,196.97,1778.97,3555.98,2.56,149.71,101.68,577.52,3.15,937.77,59.31,477.87
2026-02-03T14:40:00Z,44.18,2465.75,156.53,489.79,35.11,2443.18,158.01,86.17,68.18,1985.23,170.92,1009.58,33.22,2363.60,160.34,143.94,211.07,35.09,92.98,188.12,1769.69,3556.14,2.33,151.55,100.03,577.00,3.12,933.22,59.06,479.49
2026-02-03T14:50:00Z,44.19,2467.73,157.07,513.79,35.07,2440.00,158.22,99.88,68.13,1997.41,170.15,992.64,33.51,2362.99,160.40,134.66,212.71,36.24,92.68,192.14,1771.00,3542.72,2.45,149.57,99.45,578.20,3.06,939.41,58.34,480.53
2026-02-03T15:00:00Z,44.17,2477.29,157.42,508.38,35.00,2436.88,158.11,105.38,67.86,2008.10,170.37,986.39,33.04,2374.65,160.20,148.71,215.08,36.10,93.24,197.12,1769.58,3533.54,2.68,147.91,104.29,582.49,3.07,932.28,58.52,492.42
2026-02-03T15:10:00Z,44.13,2471.61,157.18,506.50,34.97,2448.57,159.15,100.38,67.54,2005.78,170.92,984.16,33.47,2371.29,159.92,132.84,217.89,36.23,93.77,197.16,1776.25,3551.37,2.46,148.01,104.44,587.72,2.84,934.07,60.82,486.78
2026-02-03T15:20:00Z,43.73,2484.09,157.03,505.77,35.11,2447.08,158.61,96.37,67.40,2014.59,170.42,987.22,33.72,2354.78,160.98,135.32,212.23,36.34,93.89,189.08,1766.46,3549.80,2.37,150.15,103.00,578.30,3.07,930.44,61.32,491.77
2026-02-03T15:30:00Z,43.52,2494.65,156.91,491.41,35.34,2436.47,158.40,107.94,67.75,2007.58,170.14,983.44,33.85,2344.50,160.91,155.40,213.05,34.59,93.56,189.00,1773.30,3551.20,2.29,151.91,101.66,583.54,3.04,934.99,61.78,484.99
2026-02-03T15:40:00Z,43.42,2493.92,157.31,492.84,35.38,2433.59,158.30,111.89,67.72,1994.54,170.16,999.96,33.56,2360.86,160.12,145.29,212.00,34.25,92.43,191.16,1774.11,3572.57,2.74,150.15,101.86,580.55,3.33,935.84,60.59,487.53
2026-02-03T15:50:00Z,43.33,2478.45,157.19,498.93,35.71,2424.74,158.29,116.09,67.51,2016.24,169.51,995.79,33.87,2364.18,159.91,156.63,212.33,34.36,92.31,191.11,1769.63,3540.59,2.55,149.07,102.41,569.25,3.35,943.92,59.39,474.83
2026-02-03T16:00:00Z,43.41,2480.58,157.61,502.23,35.44,2441.23,158.52,108.27,67.38,2021.62,169.36,977.41,34.10,2348.02,160.01,163.47,210.42,34.52,92.80,189.58,1764.93,3568.91,2.52,149.12,102.02,581.26,3.13,935.73,60.02,477.36
2026-02-03T16:10:00Z,43.49,2475.40,157.24,490.51,35.22,2443.41,157.77,102.64,67.19,2009.58,169.55,988.19,34.29,2343.37,160.24,167.79,216.02,34.17,93.32,196.43,1774.25,3555.59,2.27,149.09,102.62,581.47,3.19,942.15,59.81,484.79
2026-02-03T16:20:00Z,43.64,2482.49,157.10,495.65,34.95,2447.08,158.25,101.76,67.23,2029.09,169.88,987.54,34.27,2351.14,160.49,169.87,217.73,35.61,93.07,196.59,1781.85,3555.42,2.64,151.07,108.94,584.21,2.89,937.40,61.39,501.82
2026-02-03T16:30:00Z,43.64,2470.23,156.59,510.23,35.22,2443.89,157.79,83.51,67.17,2030.16,170.10,978.28,34.35,2357.71,160.59,177.48,210.45,35.67,92.35,189.88,1766.20,3550.09,2.28,149.94,100.29,577.75,2.66,931.15,59.41,464.96
2026-02-03T16:40:00Z,43.64,2481.39,157.00,495.92,35.44,2435.54,157.50,90.05,67.09,2020.00,169.88,970.95,34.30,2343.13,160.52,171.19,214.75,34.27,92.36,193.30,1770.52,3563.66,2.73,151.22,99.97,576.72,3.00,936.35,59.52,488.69
2026-02-03T16:50:00Z,43.69,2487.83,156.14,492.52,35.24,2438.57,157.24,95.09,66.75,2009.12,169.66,978.22,34.32,2340.14,160.36,178.12,214.59,35.10,91.87,195.26,1771.99,3577.41,2.55,151.10,100.34,578.52,3.14,931.53,59.20,482.53
2026-02-03T17:00:00Z,43.57,2487.83,156.32,497.76,35.20,2446.71,157.45,77.21,65.96,2034.42,170.10,955.37,34.64,2334.98,160.68,184.91,216.78,35.04,91.30,198.09,1780.14,3546.05,2.14,149.79,99.90,567.86,2.35,942.65,57.97,483.95
2026-02-03T17:10:00Z,43.99,2496.60,156.62,503.63,34.94,2447.84,158.34,97.80,66.06,2036.85,169.09,951.15,34.32,2342.63,161.48,181.31,218.48,33.13,92.26,196.05,1766.86,3555.95,2.37,147.96,105.14,586.53,2.91,936.14,58.50,499.74
2026-02-03T17:20:00Z,43.90,2490.92,157.52,506.53,34.99,2450.55,157.98,97.53,66.02,2040.89,169.74,958.49,34.04,2336.79,161.36,186.88,216.81,33.48,92.73,195.66,1771.61,3559.54,2.50,148.83,104.22,582.08,3.01,932.35,59.05,479.02
2026-02-03T17:30:00Z,44.09,2484.09,156.69,506.96,34.70,2436.72,158.52,101.43,65.91,2052.36,169.04,933.74,34.21,2353.28,161.68,187.99,216.22,36.71,91.79,193.24,1765.43,3555.65,2.49,150.57,105.26,587.55,2.91,930.37,58.20,481.64
2026-02-03T17:40:00Z,44.43,2473.06,156.41,511.60,34.97,2449.97,158.23,95.71,66.23,2044.13,169.00,947.17,34.45,2349.28,161.27,190.30,214.65,36.26,92.50,191.37,1768.72,3554.44,2.46,150.28,103.12,584.71,3.16,931.46,58.88,496.68
2026-02-03T17:50:00Z,44.32,2470.03,157.13,509.90,34.77,2466.31,157.53,87.14,65.98,2049.76,169.07,,34.61,2344.93,161.43,186.58,215.86,34.11,92.23,195.28,1771.23,3526.05,2.76,150.75,104.75,580.78,2.96,938.59,58.50,480.21
2026-02-03T18:00:00Z,44.15,2475.11,156.84,513.45,34.80,2459.10,157.44,81.57,66.20,2058.11,168.94,941.40,34.51,2337.54,161.13,167.86,215.39,36.46,92.23,193.56,1773.60,3553.02,2.45,150.26,103.59,581.64,2.75,941.59,58.33,482.62
2026-02-03T18:10:00Z,44.45,2471.54,156.94,512.48,35.24,2454.74,156.76,95.13,65.90,2056.39,169.49,938.85,34.72,2329.95,160.96,175.63,207.96,35.03,93.36,185.96,1765.36,3546.12,2.63,149.33,97.43,578.20,2.79,932.06,57.92,481.94
2026-02-03T18:20:00Z,44.54,2465.94,157.11,510.67,35.31,2445.09,157.23,99.90,65.84,2050.58,169.33,945.16,34.96,2329.81,161.37,171.27,213.16,35.75,92.70,194.85,1763.66,3551.13,2.62,150.23,101.31,575.17,3.37,932.31,56.33,483.78
2026-02-03T18:30:00Z,44.64,2463.41,157.44,531.04,35.05,2446.87,157.13,109.79,66.01,2049.84,168.72,934.17,34.81,2317.26,161.20,183.68,218.54,37.75,92.93,197.30,1768.54,3543.22,2.69,149.78,107.56,581.46,3.11,932.43,57.33,495.44
2026-02-03T18:40:00Z,44.34,2465.75,157.15,520.39,35.31,2439.55,157.35,114.39,65.77,2052.49,168.71,915.92,34.49,2340.22,161.00,190.56,214.52,38.37,92.12,192.04,1767.34,3545.37,2.33,149.12,102.04,579.45,3.20,933.65,60.32,489.05
2026-02-03T18:50:00Z,44.40,2465.21,157.51,534.30,35.34,2444.76,157.06,95.19,66.54,2053.63,168.25,937.88,34.28,2346.92,160.91,179.82,209.38,36.37,92.76,186.07,1758.29,3548.26,2.63,149.32,99.15,574.92,3.00,930.32,58.85,492.01
2026-02-03T19:00:00Z,44.19,2457.34,157.54,523.12,35.37,2448.18,157.64,107.64,66.76,2037.62,169.00,960.70,34.16,2349.21,160.41,172.18,213.00,36.12,92.70,193.17,1765.83,3546.48,2.55,149.28,100.79,576.39,3.00,935.81,60.11,474.78
2026-02-03T19:10:00Z,44.01,2460.83,157.90,532.77,35.23,2448.15,157.51,109.14,66.19,2042.94,169.49,968.45,34.20,2343.28,160.77,175.89,214.72,35.52,92.75,189.77,1773.99,3550.04,2.51,148.83,103.66,580.93,2.82,940.77,59.99,483.72
2026-02-03T19:20:00Z,43.78,2464.40,157.85,520.06,35.01,2449.73,157.80,113.54,66.35,2039.61,170.07,962.85,34.13,2351.71,160.52,177.06,218.75,35.54,92.85,196.01,1770.08,3551.90,2.49,148.59,103.94,577.28,2.96,933.37,59.26,481.56
2026-02-03T19:30:00Z,43.80,2472.19,156.81,509.56,35.08,2440.64,158.34,95.86,66.23,2033.32,170.13,964.21,34.09,2347.35,160.95,167.61,218.40,37.72,93.16,195.09,1772.76,3562.42,2.60,149.46,106.15,579.31,2.79,932.23,58.61,483.36
2026-02-03T19:40:00Z,43.83,2481.31,156.80,506.82,35.49,2430.68,158.73,108.77,66.05,2033.07,170.46,954.93,33.72,2351.73,161.23,164.38,214.08,38.35,93.23,191.79,1774.71,3548.55,2.38,149.49,101.24,580.48,3.47,937.58,58.63,485.22
2026-02-03T19:50:00Z,43.64,2482.51,156.62,513.50,35.22,2450.43,158.56,100.15,65.95,2046.88,169.84,950.85,33.58,2355.04,160.75,154.93,211.79,35.66,92.37,188.32,1760.69,3551.45,2.25,148.94,99.25,576.00,2.83,927.06,58.81,484.68
2026-02-03T20:00:00Z,43.49,2481.85,157.35,503.78,35.24,2448.67,158.74,99.17,65.89,2049.95,170.39,944.48,33.32,2358.65,160.16,140.87,207.31,35.13,92.62,184.26,1766.55,3544.12,2.54,149.57,97.83,567.90,2.86,936.79,58.97,480.81
2026-02-03T20:10:00Z,43.34,2496.25,157.01,502.82,35.09,2447.51,158.99,91.82,65.77,2057.69,170.47,942.88,33.64,2357.70,160.39,155.49,209.77,32.24,92.55,188.61,1766.59,3553.44,2.35,150.00,99.03,582.19,3.11,942.73,59.22,488.18
2026-02-03T20:20:00Z,43.34,2487.59,157.33,514.14,35.20,2447.95,158.30,95.70,66.02,2062.63,169.95,936.74,33.07,2369.38,160.21,139.98,210.46,33.06,92.52,189.38,1764.73,3543.98,2.50,149.49,97.65,567.85,2.70,928.95,57.97,483.23
2026-02-03T20:30:00Z,43.29,2486.98,157.83,506.52,35.22,2450.43,158.65,113.34,65.77,2057.54,170.09,923.24,33.28,2364.94,159.96,129.12,213.67,35.29,92.63,190.99,1763.41,3544.48,2.49,149.87,102.81,570.06,2.84,935.63,57.73,475.95
2026-02-03T20:40:00Z,43.31,2480.20,157.64,507.13,35.57,2440.47,157.58,107.49,65.72,2061.23,169.26,921.78,33.28,2376.15,159.63,119.38,213.00,35.13,92.32,191.75,1771.63,3553.13,2.56,149.20,100.46,574.79,3.24,933.47,58.30,477.91
2026-02-03T20:50:00Z,43.84,2472.53,157.29,505.54,35.55,2441.01,157.70,113.44,65.26,2059.98,169.20,927.20,33.29,2370.13,159.29,110.67,211.82,35.04,92.27,189.61,1771.28,3553.31,2.54,149.75,100.60,575.21,2.88,941.56,56.92,473.90
2026-02-03T21:00:00Z,43.34,2483.23,156.76,479.11,35.55,2435.47,157.61,113.21,65.19,2068.39,168.65,913.79,33.12,2371.36,159.25,109.80,209.96,33.43,91.67,189.72,1761.33,3545.61,2.31,150.80,100.77,576.26,2.75,933.73,57.58,471.13
2026-02-03T21:10:00Z,43.58,2491.20,157.14,492.82,35.03,2450.62,158.55,101.58,65.17,2071.71,167.87,910.66,32.72,2374.79,159.41,117.18,206.46,33.65,91.85,183.86,1764.93,3558.18,2.40,148.23,99.02,572.05,2.97,930.13,58.35,476.26
2026-02-03T21:20:00Z,43.61,2490.52,156.54,481.91,35.29,2451.69,158.38,123.12,65.78,2070.98,168.33,910.02,32.90,2376.95,159.48,114.36,210.84,34.59,91.71,188.58,1777.82,3559.87,2.39,149.55,101.42,578.00,3.23,938.43,58.39,477.77
2026-02-03T21:30:00Z,43.68,2477.42,156.93,490.97,35.23,2441.68,158.42,113.83,65.81,2067.96,168.31,920.14,32.62,2379.89,159.30,119.42,206.01,32.50,91.49,186.97,1771.14,3560.51,2.71,150.26,99.02,578.95,2.91,934.99,58.19,484.55
2026-02-03T21:40:00Z,43.85,2473.39,156.42,504.88,35.20,2443.75,158.44,98.81,65.98,2047.07,169.65,929.01,32.96,2380.60,159.41,135.55,207.68,35.51,92.85,187.99,1762.11,3538.02,2.20,148.22,99.45,568.97,2.65,926.48,59.50,474.71
2026-02-03T21:50:00Z,43.90,2471.56,157.31,515.91,35.14,2441.39,158.31,108.60,66.11,2056.10,168.97,916.51,32.98,2387.32,159.75,122.58,209.06,33.70,92.72,188.90,1769.07,3548.82,2.48,149.23,96.05,577.54,2.91,937.08,59.40,488.68
2026-02-03T22:00:00Z,43.59,2480.04,156.72,513.45,35.27,2442.26,157.92,100.19,66.05,2045.00,169.57,926.04,32.53,2384.04,159.34,105.74,212.91,32.09,92.77,187.74,1761.31,3552.64,2.39,150.31,102.51,577.20,3.06,926.88,58.84,467.58
2026-02-03T22:10:00Z,43.68,2486.08,157.04,509.59,35.24,2444.89,157.28,98.51,65.98,2049.22,169.38,922.88,32.81,2387.12,159.46,116.57,212.35,32.48,93.15,188.33,1769.93,3557.61,2.49,150.42,100.10,588.06,2.99,926.77,58.25,490.85
2026-02-03T22:20:00Z,43.53,2491.66,157.04,483.62,34.85,2452.90,157.89,91.16,66.29,2035.66,169.38,946.57,32.85,2383.05,159.29,116.53,214.48,34.31,92.85,196.42,1761.58,3553.20,2.53,149.44,103.41,578.75,2.87,936.41,57.80,481.72
2026-02-03T22:30:00Z,43.48,2494.98,157.28,494.84,34.73,2459.22,158.17,93.43,66.57,2040.26,169.83,945.87,33.05,2384.45,159.90,133.51,213.17,34.36,93.08,191.93,1775.60,3549.56,2.50,149.07,97.64,577.37,3.01,939.35,59.60,482.85
2026-02-03T22:40:00Z,43.29,2487.91,156.13,480.23,34.63,2459.76,157.93,96.15,66.44,2042.40,169.56,950.75,33.06,2377.08,160.00,121.12,208.81,33.92,92.94,186.33,1754.95,3543.93,2.57,149.34,99.73,574.96,2.82,928.65,58.13,471.93
2026-02-03T22:50:00Z,43.37,2502.93,155.84,469.37,34.44,2456.53,158.02,90.25,66.40,2049.73,169.62,931.45,32.91,2383.57,160.28,127.78,207.10,32.73,92.92,190.14,1769.35,3544.34,2.67,149.49,98.07,565.69,3.02,931.08,59.06,470.90
2026-02-03T23:00:00Z,43.23,2488.84,155.90,469.03,34.76,2454.56,157.71,83.80,66.43,2047.07,169.31,946.44,32.77,2379.38,160.25,126.23,208.33,32.96,92.05,186.64,1760.83,3554.34,2.64,147.09,96.42,567.27,3.27,939.81,59.29,476.22
2026-02-03T23:10:00Z,43.00,2501.93,156.23,493.81,34.59,2452.06,157.17,63.66,65.85,2046.04,170.22,929.83,32.50,2377.83,160.41,119.32,206.67,33.64,92.70,186.76,1761.44,3543.17,2.42,147.81,97.53,574.70,2.91,927.12,59.61,485.12
2026-02-03T23:20:00Z,43.38,2499.16,155.95,481.56,35.17,2446.70,157.78,87.40,65.89,2049.40,169.22,932.70,32.22,2390.01,159.81,116.66,205.80,32.93,92.30,186.89,1762.47,3548.63,2.72,148.21,98.80,573.02,3.14,929.72,60.93,474.92
2026-02-03T23:30:00Z,43.37,2488.76,156.86,501.10,34.73,2457.92,157.49,74.49,66.02,2029.56,169.79,947.32,32.70,2373.56,159.71,115.27,206.72,33.63,93.15,185.20,1764.42,3535.89,2.49,149.37,99.41,575.17,2.90,929.48,59.68,481.66
2026-02-03T23:40:00Z,43.06,2495.93,156.46,490.22,34.85,2461.69,157.60,79.01,66.42,2023.33,169.29,945.46,32.63,2383.96,159.77,120.82,205.80,34.66,93.33,187.21,1778.86,3557.38,2.35,149.62,97.78,569.03,3.01,938.43,59.68,474.74
2026-02-03T23:50:00Z,43.05,2497.02,156.78,491.83,34.82,2455.69,157.92,92.57,66.28,2029.05,,949.38,32.20,2385.83,160.22,110.64,212.57,35.06,93.21,191.45,1759.17,3546.82,2.56,148.48,102.21,580.19,3.53,933.38,61.08,476.44
2026-02-04T00:00:00Z,43.71,2481.91,156.90,495.99,35.03,2455.98,158.66,86.87,66.47,2024.81,169.63,951.93,32.43,2394.50,160.15,110.82,209.51,35.98,93.00,187.96,1762.48,3538.77,2.35,150.99,100.51,581.90,2.89,926.58,60.50,482.03
2026-02-04T00:10:00Z,44.16,2472.06,157.03,484.56,34.87,2452.96,158.01,94.66,66.03,2037.75,169.74,947.74,32.21,2398.51,159.99,100.48,210.46,35.56,92.85,190.35,1762.93,3557.24,2.36,148.91,101.00,570.99,3.03,931.32,60.09,483.11
2026-02-04T00:20:00Z,44.55,2466.36,157.13,500.44,34.59,2456.83,157.55,76.21,66.08,2039.70,169.29,967.21,31.98,2394.56,160.44,96.62,209.57,32.84,92.37,188.06,1759.88,3554.30,2.45,149.42,96.38,571.26,3.17,935.64,59.80,480.23
2026-02-04T00:30:00Z,45.40,2443.42,157.63,537.58,34.80,2451.05,157.22,84.70,66.41,2043.09,169.89,957.90,32.04,2399.77,159.16,104.98,212.77,32.95,92.00,194.19,1776.71,3562.83,2.28,150.84,104.57,585.16,2.91,943.16,60.68,489.63
2026-02-04T00:40:00Z,46.22,2426.32,158.25,573.75,35.11,2450.79,157.28,96.55,66.42,2037.86,170.16,958.03,31.95,2411.83,158.91,101.30,214.10,36.03,92.27,194.84,1774.08,3555.28,2.60,151.42,103.67,583.21,2.85,928.21,59.67,489.00
2026-02-04T00:50:00Z,46.51,2413.32,158.39,593.40,35.09,2452.71,156.97,81.90,66.11,2042.14,169.88,947.38,31.78,2407.76,158.67,89.20,213.52,35.32,92.17,191.85,1765.42,3553.33,2.62,148.34,101.67,579.70,3.01,938.65,60.07,487.59
2026-02-04T01:00:00Z,46.82,2402.63,158.68,608.38,34.80,2448.99,157.12,88.96,65.96,2036.97,169.68,938.89,31.23,2409.51,158.11,87.61,212.23,35.96,92.45,189.66,1763.60,3548.30,2.45,148.97,99.86,570.78,2.96,931.98,60.00,474.95
2026-02-04T01:10:00Z,46.63,2402.63,158.89,611.09,35.10,2443.40,156.79,79.25,66.00,2055.58,169.26,932.66,30.99,2418.34,158.70,75.52,218.89,35.10,92.31,194.46,1767.88,3549.57,2.43,151.17,108.81,584.33,3.21,941.19,58.38,489.01
2026-02-04T01:20:00Z,47.12,2389.82,158.27,616.50,,2454.03,157.39,74.84,66.16,2054.13,169.05,933.53,30.73,2428.14,158.68,52.30,215.34,37.05,93.65,194.66,1775.19,3549.34,2.47,149.09,103.10,576.99,2.73,944.96,58.40,475.80
2026-02-04T01:30:00Z,47.40,2386.06,159.19,628.15,34.52,2462.61,157.67,85.22,66.34,2045.42,168.65,930.53,30.72,2425.43,158.42,60.54,213.12,37.26,93.03,191.64,1780.04,3553.46,2.49,149.23,100.20,570.57,3.23,932.17,58.87,471.92
2026-02-04T01:40:00Z,48.21,2379.12,159.65,630.29,34.72,2458.12,157.29,89.31,66.26,2036.99,169.35,925.19,30.73,2431.60,158.65,61.28,209.81,35.86,93.18,188.40,1766.71,3544.12,2.51,152.04,98.61,580.76,3.12,933.44,59.97,490.06
2026-02-04T01:50:00Z,49.02,2359.60,160.50,661.85,34.69,2459.89,157.84,84.00,66.08,2039.19,169.61,940.97,31.13,2435.42,158.39,63.36,212.29,36.32,93.57,192.04,1768.42,3547.15,2.57,148.64,99.54,572.20,3.40,937.60,60.38,474.58
2026-02-04T02:00:00Z,49.33,2352.36,160.57,693.54,35.08,2451.50,157.73,77.78,65.55,2066.72,169.46,920.77,31.58,2427.60,158.00,58.35,215.84,35.80,92.46,194.27,1777.57,3552.89,2.46,150.54,101.57,582.68,3.04,943.16,60.84,488.32
2026-02-04T02:10:00Z,49.37,2344.70,161.33,685.82,35.19,2445.22,157.14,86.76,65.75,2064.34,169.62,914.50,32.00,2393.72,159.15,77.77,217.46,38.00,92.76,195.48,1776.97,3553.46,2.49,150.45,105.80,586.61,2.87,938.28,60.43,488.56
2026-02-04T02:20:00Z,49.63,2339.38,161.39,694.35,35.11,2450.75,157.26,86.21,66.12,2052.96,169.55,928.46,32.28,2389.12,158.82,85.93,216.68,35.58,93.25,194.74,1768.58,3546.61,2.39,147.99,104.07,586.31,2.75,933.80,58.41,483.04
2026-02-04T02:30:00Z,49.78,2331.66,160.76,710.65,35.36,2441.18,157.60,100.60,65.78,2058.76,168.35,920.70,32.03,2395.52,159.66,89.32,221.82,38.11,94.20,196.54,1769.13,3547.57,2.32,148.94,105.21,586.35,2.60,937.19,59.34,498.80
2026-02-04T02:40:00Z,50.61,2328.27,160.97,713.69,35.45,2445.53,157.32,113.30,66.13,2056.25,168.13,928.81,32.21,2394.17,159.53,98.02,222.16,38.23,93.21,204.65,1785.07,3558.64,2.79,150.89,106.12,577.92,2.75,947.47,58.45,485.11
2026-02-04T02:50:00Z,51.03,2309.24,161.73,736.47,35.54,2454.04,157.64,108.73,66.20,2057.03,168.59,939.49,32.23,2393.68,159.74,89.37,221.71,36.47,93.31,198.92,1775.42,3550.38,2.28,148.88,106.24,588.98,3.05,,58.04,498.06
2026-02-04T03:00:00Z,50.99,2298.75,161.73,726.33,35.09,2447.46,156.95,107.27,65.98,2044.01,169.47,931.94,32.26,2394.13,159.42,91.49,227.11,36.62,93.32,203.22,1790.43,3542.72,2.41,148.19,107.46,584.98,2.68,942.85,59.03,492.15
2026-02-04T03:10:00Z,50.84,2306.20,161.40,733.64,34.96,2455.74,157.18,83.37,66.39,2039.29,169.86,949.17,32.05,2389.02,160.06,97.89,223.49,35.89,93.83,201.00,1775.98,3564.25,2.64,150.40,105.31,574.77,2.70,944.29,59.94,475.77
2026-02-04T03:20:00Z,50.91,2302.56,160.66,737.78,34.63,2452.25,157.30,72.02,66.20,2039.41,169.62,944.33,32.23,2390.21,159.97,109.68,219.61,34.72,93.83,195.27,1770.82,3542.46,2.43,149.75,105.41,576.48,3.31,929.62,60.15,485.38
2026-02-04T03:30:00Z,51.17,2298.52,161.71,738.54,34.67,2457.10,157.74,80.47,65.91,2055.03,169.90,928.85,32.00,2404.87,159.75,118.67,218.10,36.48,93.32,196.06,1780.95,3550.70,2.43,148.30,100.88,584.22,3.09,933.93,59.17,499.35
2026-02-04T03:40:00Z,51.75,2288.44,161.86,764.52,34.40,2459.51,157.97,81.97,65.96,2046.63,169.54,928.52,31.96,2395.15,159.50,92.48,223.75,36.79,92.65,201.19,1778.96,3537.83,2.52,146.75,108.86,590.38,3.16,942.93,59.83,491.62
2026-02-04T03:50:00Z,51.66,2281.45,161.98,775.58,34.26,2462.45,158.24,79.04,65.98,2041.72,169.90,920.52,32.06,2398.51,159.58,91.94,223.18,38.10,93.21,199.19,1778.13,3548.80,2.55,148.34,104.37,582.58,3.09,929.77,58.46,491.64
2026-02-04T04:00:00Z,51.29,2292.03,161.93,775.46,34.91,2455.29,157.61,75.62,65.95,2055.11,169.10,922.46,31.73,2403.94,159.23,80.74,220.93,40.72,92.50,198.10,1776.71,3543.02,2.52,149.82,106.95,580.55,2.93,938.89,59.40,481.78
2026-02-04T04:10:00Z,51.31,2278.77,162.41,781.39,34.97,2455.59,157.75,89.32,66.05,2042.66,169.76,932.78,31.44,2414.48,159.53,94.97,219.85,40.12,92.68,199.64,1774.32,,2.46,149.24,107.91,580.98,3.20,940.56,60.65,481.70
2026-02-04T04:20:00Z,51.53,2286.76,162.78,782.22,35.02,2441.18,157.42,98.86,65.77,2043.18,169.67,939.55,31.32,2421.73,159.02,84.10,218.66,39.69,92.68,199.06,1766.76,3560.79,2.39,150.10,104.98,580.00,2.65,932.11,60.02,490.62
2026-02-04T04:30:00Z,51.43,2293.93,162.48,774.61,35.09,2447.73,157.50,88.92,65.22,2061.99,169.06,931.38,31.60,2411.33,158.32,81.37,220.58,38.39,93.63,195.69,1767.18,3553.23,2.62,149.73,104.57,582.75,3.24,933.99,59.40,483.23
2026-02-04T04:40:00Z,51.53,2289.72,162.62,758.16,34.87,2454.85,158.30,83.24,65.22,2062.78,169.23,918.20,31.55,2411.40,159.46,95.10,222.84,40.91,92.76,200.49,1771.67,3552.04,2.10,149.88,105.16,581.88,2.93,936.68,60.10,491.26
2026-02-04T04:50:00Z,51.66,2283.44,162.81,766.71,34.75,2452.38,158.07,88.51,65.51,2063.67,168.54,908.64,31.71,2403.62,158.88,82.67,218.96,37.89,92.80,195.87,1773.58,3546.38,2.39,150.45,103.05,581.64,2.87,943.37,61.48,479.64
2026-02-04T05:00:00Z,52.02,2278.82,162.90,774.79,34.83,2448.96,157.87,94.88,65.71,2064.67,167.95,908.79,31.72,2411.43,159.28,84.18,218.42,38.14,92.80,195.57,1779.60,3561.09,2.97,150.94,103.82,578.00,2.78,941.18,60.78,480.85
2026-02-04T05:10:00Z,51.97,2279.05,162.62,786.90,34.99,2436.22,157.66,100.20,65.73,2050.65,167.78,916.91,31.64,2406.99,159.07,78.97,220.13,37.95,94.15,199.10,1789.27,3564.59,2.62,148.19,106.59,591.98,2.66,947.77,61.73,502.87
2026-02-04T05:20:00Z,52.08,2273.12,162.23,787.30,34.76,2452.22,158.39,87.82,66.08,2053.68,168.05,920.18,31.76,2411.99,158.60,79.31,217.95,37.18,92.96,198.64,1778.95,3555.02,2.57,149.81,102.99,582.23,2.92,939.36,61.34,477.09
2026-02-04T05:30:00Z,52.51,2272.88,162.57,791.68,34.50,2460.17,157.62,67.82,65.62,2049.91,169.20,928.60,31.68,2406.34,159.60,96.07,220.55,36.87,93.63,199.08,1769.98,3554.53,2.66,149.25,103.70,582.57,2.89,934.87,59.95,484.02
2026-02-04T05:40:00Z,52.61,2271.29,163.09,789.93,34.45,2473.93,156.88,75.04,65.82,2047.48,169.53,918.12,31.57,2411.90,159.95,77.84,221.27,35.85,92.51,195.19,1775.61,3550.46,2.19,148.57,106.26,583.57,3.13,943.28,58.80,487.99
2026-02-04T05:50:00Z,52.75,2258.25,163.31,790.22,34.76,2464.08,157.25,64.56,65.84,2062.06,169.64,922.97,31.60,2405.53,159.60,89.77,215.33,35.15,93.15,195.18,1768.60,3541.97,2.53,150.39,101.32,579.49,3.42,932.95,59.81,482.64
2026-02-04T06:00:00Z,52.87,2253.90,163.51,802.77,34.66,2454.94,157.33,67.29,66.01,2052.36,169.14,919.11,31.76,2405.27,158.80,79.85,217.64,37.99,92.99,200.11,1781.15,3559.69,2.61,149.27,102.61,573.79,3.28,942.81,59.47,477.23
2026-02-04T06:10:00Z,52.82,2253.88,163.39,810.04,34.65,2459.72,157.29,79.10,66.10,2051.37,169.03,926.98,32.23,2396.33,159.14,78.22,221.77,38.16,93.56,199.05,1777.12,3557.20,2.42,151.14,106.70,585.81,2.96,938.57,59.62,490.01
2026-02-04T06:20:00Z,53.26,2238.47,163.23,824.49,34.57,2461.70,158.10,81.74,65.61,2062.55,169.51,928.10,32.43,2400.57,159.07,87.88,218.55,38.67,93.32,196.69,1779.06,3554.19,2.59,149.30,102.26,578.46,3.22,941.31,60.26,494.63
2026-02-04T06:30:00Z,53.30,2233.42,163.07,844.87,34.12,2470.73,157.51,66.83,65.72,2051.82,169.48,923.64,32.08,2399.18,158.63,93.93,220.57,37.64,93.17,193.81,1769.38,3547.92,2.46,147.80,100.99,583.58,3.12,938.69,60.23,474.03
2026-02-04T06:40:00Z,53.07,2233.39,164.02,840.52,34.51,2463.04,157.83,76.36,65.96,2055.41,169.34,920.13,32.59,2392.61,159.47,111.04,223.75,38.31,94.30,198.07,1779.57,3555.41,2.57,149.23,107.53,589.58,3.21,941.53,61.67,490.80
2026-02-04T06:50:00Z,52.90,2252.31,164.41,842.95,34.23,2465.19,157.53,76.45,66.25,2060.62,169.68,925.44,32.40,2381.70,159.90,116.95,228.88,37.55,93.93,208.10,1781.13,3535.14,2.56,147.76,110.40,586.40,2.74,940.60,60.40,481.60
2026-02-04T07:00:00Z,53.28,2248.49,163.66,831.72,34.60,2462.37,156.79,69.70,66.43,2049.36,169.60,936.21,32.37,2384.98,160.12,123.39,224.71,37.63,93.42,202.94,1779.43,3550.36,2.19,150.00,111.52,594.29,3.13,942.11,60.22,482.47
2026-02-04T07:10:00Z,53.09,2246.63,164.15,844.24,34.47,2460.89,157.04,62.16,66.33,2044.97,169.57,939.87,32.41,2386.39,160.12,106.88,228.26,38.91,93.75,204.71,1783.35,3548.30,2.28,148.53,108.47,583.34,2.71,938.87,59.02,482.54
2026-02-04T07:20:00Z,52.84,2247.43,164.07,839.19,34.59,2466.09,156.94,70.18,66.13,2047.77,169.69,930.74,32.65,2387.52,160.16,95.65,224.69,38.52,94.02,204.58,1786.99,3535.86,2.48,148.80,108.43,590.68,3.13,945.52,59.51,490.45
2026-02-04T07:30:00Z,53.09,2249.01,163.64,839.55,34.35,2460.27,158.14,62.43,66.13,2041.52,169.47,930.58,33.05,2387.56,159.57,103.64,219.54,40.37,93.94,197.88,1775.26,3543.73,2.40,148.07,106.82,591.21,2.84,936.96,59.80,487.16
2026-02-04T07:40:00Z,52.90,2248.58,163.40,840.74,33.86,2463.15,157.47,68.03,65.94,2036.11,168.96,927.84,32.62,2377.37,159.20,113.69,225.67,40.74,92.87,202.31,1776.99,3551.57,2.68,149.13,109.82,595.69,2.94,939.67,59.29,490.62
2026-02-04T07:50:00Z,53.19,2237.46,163.77,847.92,33.97,2468.34,158.13,72.36,65.84,2044.93,169.79,938.68,32.42,2387.49,158.93,120.71,221.74,41.18,93.06,200.73,1775.59,3553.29,2.50,149.87,106.06,589.98,2.85,936.49,60.19,488.14
2026-02-04T08:00:00Z,53.49,2229.76,163.58,847.90,34.02,2482.53,158.21,61.87,66.11,2051.53,169.64,930.30,31.71,2399.94,158.97,99.48,225.90,41.80,93.41,205.62,1785.51,3543.97,2.43,151.36,106.91,586.16,2.91,946.92,59.90,492.32
2026-02-04T08:10:00Z,53.36,2241.07,163.35,834.54,34.65,2460.46,158.32,76.18,66.12,2048.45,169.02,947.63,31.75,2407.63,159.79,100.10,226.55,41.82,94.34,203.24,1784.05,3553.63,2.34,150.76,104.83,579.25,3.09,940.39,60.00,497.69
2026-02-04T08:20:00Z,53.37,2247.03,163.69,826.12,35.07,2454.78,157.58,73.97,66.05,2053.52,169.37,940.02,31.88,2395.10,160.16,107.23,230.54,41.04,94.68,205.97,1785.23,3551.71,2.74,150.32,108.66,586.25,2.52,949.38,59.13,486.70
2026-02-04T08:30:00Z,53.07,2255.51,164.35,833.41,34.75,2457.25,157.30,91.24,66.13,2046.78,169.77,949.53,32.37,2394.49,159.97,99.25,225.79,41.94,93.45,205.99,1779.07,3558.60,2.70,149.19,104.51,575.01,3.24,938.41,59.84,470.88
2026-02-04T08:40:00Z,53.04,2248.58,164.16,841.79,35.01,2450.13,157.16,92.97,65.88,2050.17,169.85,947.54,32.10,2386.97,160.02,102.39,228.19,40.01,93.11,203.61,1783.03,3558.61,2.61,149.26,109.80,590.88,2.70,942.61,60.60,486.25
2026-02-04T08:50:00Z,52.72,2260.74,164.69,824.88,34.77,2461.55,157.73,81.75,65.47,2068.99,169.66,936.85,32.31,2386.69,159.68,112.83,227.55,37.07,93.42,207.19,1789.95,3538.11,2.57,149.84,106.53,580.61,2.98,941.62,60.44,480.91
2026-02-04T09:00:00Z,52.92,2251.57,164.13,809.98,34.54,2473.60,158.07,63.02,65.48,2067.47,169.23,933.06,32.02,2392.13,159.86,116.59,224.04,38.86,93.55,201.42,1777.56,3548.80,2.46,149.43,106.42,580.51,2.85,935.54,59.38,496.45
2026-02-04T09:10:00Z,52.97,2248.87,163.42,820.50,34.68,2455.00,158.16,84.84,65.29,2067.91,168.90,912.79,31.96,2397.80,159.79,107.32,219.50,39.07,93.08,199.96,1771.67,3549.91,2.49,150.59,105.63,584.55,2.86,931.28,58.95,487.07
2026-02-04T09:20:00Z,53.07,2246.54,163.78,823.10,34.26,2464.24,157.67,83.12,65.11,2075.66,169.20,912.41,32.31,2394.21,159.33,101.03,223.71,38.27,93.23,201.51,1775.58,3546.56,2.53,150.34,109.14,585.78,3.00,938.31,58.47,498.10
2026-02-04T09:30:00Z,53.41,2237.61,163.80,833.66,34.49,2472.95,157.48,74.91,65.25,2067.99,169.59,911.87,32.08,2402.46,158.84,90.54,224.99,39.89,93.53,205.75,1785.75,3548.23,2.54,149.35,107.67,592.66,3.21,942.02,58.32,486.37
2026-02-04T09:40:00Z,53.30,2243.68,164.12,836.81,34.25,2471.77,157.96,61.65,65.49,2065.81,169.25,917.78,32.08,2394.08,158.84,89.85,222.56,40.86,93.10,201.70,1777.12,3568.41,2.55,150.44,105.32,577.84,2.93,942.05,58.06,481.58
2026-02-04T09:50:00Z,53.34,2239.76,163.95,843.71,34.48,2466.14,157.64,59.57,65.50,2070.48,168.84,911.47,32.20,2392.29,159.32,113.82,225.05,38.80,93.19,201.98,1784.52,3534.01,2.38,148.43,109.59,584.60,2.89,933.79,59.77,485.12
2026-02-04T10:00:00Z,53.29,2241.70,163.74,842.95,35.05,2468.91,157.58,58.06,65.67,2064.81,168.61,912.70,32.28,2391.84,159.44,111.23,216.88,40.27,93.14,198.46,1780.69,3541.06,2.40,149.73,101.70,580.63,2.79,941.55,59.65,477.44
2026-02-04T10:10:00Z,53.61,2231.14,163.39,849.38,35.33,2455.18,158.08,72.93,65.69,2063.18,168.79,911.18,32.55,2382.70,159.73,111.67,215.62,41.54,92.24,195.51,1777.89,3548.08,2.55,147.26,103.82,581.01,3.23,946.09,60.02,473.24
2026-02-04T10:20:00Z,53.04,2251.11,163.22,841.94,35.20,2453.49,157.68,81.10,65.59,2052.61,169.26,916.48,32.66,2385.02,160.05,110.95,223.01,40.49,93.14,199.43,1779.72,3543.58,2.48,149.53,105.53,574.41,2.93,940.77,59.85,490.16
2026-02-04T10:30:00Z,52.87,2256.25,163.21,844.66,35.77,2435.62,157.44,87.46,65.65,2048.47,168.95,914.06,32.50,2387.59,159.44,126.45,224.01,41.94,93.95,198.86,1783.61,3552.57,2.73,150.12,107.70,584.59,3.47,944.97,60.49,488.13
2026-02-04T10:40:00Z,52.82,2248.70,163.98,848.26,35.67,2431.22,157.45,92.54,65.48,2058.45,169.04,915.66,33.08,2379.62,159.95,122.47,222.08,41.02,94.47,204.31,1777.24,3547.57,2.53,149.24,105.16,576.63,3.21,935.50,60.05,482.23
2026-02-04T10:50:00Z,53.34,2246.01,164.28,847.85,35.15,2437.24,158.63,96.74,65.37,2058.08,168.76,915.22,32.72,2372.01,159.63,128.94,226.09,40.40,94.01,204.91,1783.73,3551.20,2.34,151.29,106.73,577.22,2.92,948.50,59.55,476.40
2026-02-04T11:00:00Z,53.24,2238.19,164.38,842.12,35.03,2444.55,157.33,98.64,65.29,2066.38,168.42,906.18,32.78,2374.76,159.26,134.17,,41.69,92.83,200.70,1774.24,3560.07,2.69,150.11,108.43,590.19,2.98,938.61,59.91,498.81
2026-02-04T11:10:00Z,53.50,2230.16,164.35,845.66,34.78,2450.81,157.06,102.47,65.32,2061.51,168.81,902.81,33.10,2371.98,159.84,137.44,223.96,43.10,92.29,200.08,1769.27,3555.41,2.29,149.20,104.85,578.72,2.86,935.03,59.11,491.03
2026-02-04T11:20:00Z,53.53,2232.41,163.85,849.17,34.75,2454.03,156.96,101.19,65.25,2066.56,168.36,895.45,32.88,2382.54,160.30,150.19,225.39,40.42,93.24,203.61,1778.94,3556.17,2.25,150.02,107.39,588.90,2.90,940.27,60.06,492.65
2026-02-04T11:30:00Z,54.14,2223.79,163.78,857.89,35.10,2447.45,157.17,84.68,64.99,2070.29,167.78,907.01,33.16,2362.66,160.03,149.03,223.26,39.52,92.60,199.07,1772.59,3560.09,2.48,149.16,104.77,579.87,2.91,934.21,59.45,492.22
2026-02-04T11:40:00Z,54.72,2217.60,163.91,871.04,34.66,2458.11,158.17,95.19,64.78,2083.57,167.59,889.80,33.73,2360.27,159.92,141.87,225.84,40.68,92.51,200.52,1775.14,3551.85,2.50,148.11,107.98,586.97,3.11,943.02,59.83,493.19
2026-02-04T11:50:00Z,54.54,2216.55,164.05,859.92,35.21,2450.30,157.28,90.75,64.67,2087.05,168.15,880.84,33.70,2357.07,159.56,143.35,225.91,42.69,92.91,199.21,1779.12,3544.95,2.52,149.57,105.16,582.18,2.95,938.95,60.82,490.07
2026-02-04T12:00:00Z,54.48,,164.23,871.60,34.94,2455.87,157.25,91.20,64.72,2084.60,168.04,880.60,33.58,2364.09,159.70,149.40,221.93,42.32,93.22,199.61,1777.49,3550.32,2.48,151.09,105.31,577.28,2.90,946.82,59.61,485.77
2026-02-04T12:10:00Z,54.35,2222.73,164.66,865.20,35.10,2454.29,157.56,99.07,65.05,2074.99,168.75,896.51,33.21,2369.57,160.21,142.86,226.25,40.98,93.58,206.86,1779.72,3543.26,2.37,148.93,108.89,580.34,2.78,938.37,60.29,487.00
2026-02-04T12:20:00Z,54.09,2231.19,164.56,879.94,34.99,2454.08,157.95,90.18,64.98,2077.98,169.12,892.37,33.23,2375.14,160.45,158.79,229.61,37.86,94.15,203.88,1777.25,3546.69,2.61,148.24,111.15,581.48,3.00,931.86,60.76,488.78
2026-02-04T12:30:00Z,54.19,2237.43,165.23,873.18,34.90,2453.83,157.85,89.42,64.70,2080.80,169.07,897.10,32.78,2382.15,159.67,133.97,226.12,40.76,93.99,203.50,1777.42,3538.04,2.50,149.72,107.16,575.77,2.95,939.41,61.01,467.28
2026-02-04T12:40:00Z,54.02,2232.80,165.13,867.86,35.18,2448.49,158.18,89.84,64.60,2086.45,168.42,897.98,32.70,2386.88,159.05,131.02,232.49,41.77,93.53,210.79,1789.71,3547.33,2.73,151.95,111.65,590.79,3.15,946.69,58.57,502.82
2026-02-04T12:50:00Z,54.48,2223.22,164.99,874.30,35.54,2440.71,158.13,103.70,64.73,2083.47,168.47,895.36,32.70,2385.73,159.87,130.65,233.01,41.68,93.53,213.20,1784.51,3547.38,2.50,150.63,112.57,588.70,2.88,948.16,58.74,498.31
2026-02-04T13:00:00Z,54.36,2213.38,165.10,878.72,35.08,2452.61,158.05,105.78,64.75,2080.27,168.66,896.08,32.72,2382.76,159.22,125.06,229.52,39.94,94.10,206.30,1778.56,3554.00,2.53,150.01,110.54,581.92,3.14,934.38,59.79,475.93
2026-02-04T13:10:00Z,54.96,2207.63,165.16,888.56,35.40,2451.01,158.52,97.05,64.64,2084.98,169.45,903.81,32.71,2390.07,159.68,116.38,226.35,39.86,94.60,203.37,1786.68,3551.65,2.62,149.82,104.40,584.57,2.70,942.33,58.68,494.32
2026-02-04T13:20:00Z,54.97,2205.31,164.50,906.08,35.19,2457.66,157.83,95.43,65.26,2077.62,168.75,904.61,33.18,2375.63,160.03,135.29,222.69,40.40,93.94,201.42,1777.92,3552.03,2.61,149.83,107.01,589.55,2.99,940.95,58.18,493.43
2026-02-04T13:30:00Z,55.14,2199.37,165.04,900.28,34.75,2451.48,157.43,90.32,65.47,2074.99,168.62,923.48,33.41,2377.84,159.36,132.91,226.06,40.60,93.67,203.03,1779.67,3560.38,2.48,148.48,111.37,583.10,2.57,944.66,58.87,484.12
2026-02-04T13:40:00Z,55.17,2193.00,165.03,900.82,34.45,2454.23,157.46,83.40,65.43,2062.22,168.65,908.64,33.25,2374.09,160.88,140.48,229.16,41.05,93.83,206.77,1781.78,3542.66,2.62,150.54,107.45,580.57,3.06,931.87,60.18,473.22
2026-02-04T13:50:00Z,55.11,2192.15,164.90,903.31,34.21,2468.90,157.25,60.75,65.48,2063.47,169.21,915.93,33.43,2372.45,160.23,137.99,228.12,40.90,93.91,205.88,1788.07,3553.55,2.32,150.14,106.66,584.23,3.29,944.41,61.00,492.32
2026-02-04T14:00:00Z,54.84,2192.72,,898.83,34.17,2471.70,157.94,77.51,65.66,2063.68,169.48,927.73,33.69,2363.78,159.81,153.88,232.16,42.52,93.81,209.62,1782.69,3532.77,2.36,150.24,111.03,586.71,2.91,937.15,60.68,486.73
2026-02-04T14:10:00Z,54.60,2204.93,164.90,902.80,33.88,2478.23,157.91,47.80,65.52,2065.55,169.75,917.49,33.36,2363.60,159.93,150.37,228.00,42.00,92.65,207.17,1782.57,3535.78,2.45,149.98,106.24,585.75,3.00,942.31,59.42,489.36
2026-02-04T14:20:00Z,54.57,2198.49,164.55,903.19,33.79,2471.66,157.48,45.13,65.61,2066.10,169.90,914.25,33.29,2370.62,159.97,143.71,230.25,41.36,92.18,209.48,1786.04,3546.56,2.46,150.49,106.28,584.08,2.83,944.51,60.15,484.42
2026-02-04T14:30:00Z,54.45,2208.27,164.59,902.51,33.82,2475.75,157.51,60.08,65.89,2058.39,168.74,915.76,33.03,2369.83,160.36,134.77,235.49,41.27,93.15,216.78,1792.22,3538.01,2.74,148.18,114.07,605.17,3.01,949.03,61.58,505.21
2026-02-04T14:40:00Z,54.86,2207.58,165.53,909.31,34.21,2468.17,158.11,64.90,65.38,2078.35,168.81,908.45,33.11,2366.18,160.63,146.47,229.92,42.15,93.82,206.48,1788.43,3547.42,2.47,149.38,106.61,586.82,2.91,941.81,60.20,494.21
2026-02-04T14:50:00Z,55.04,2207.89,165.24,903.45,34.45,2458.81,157.50,60.00,64.93,2081.57,168.69,895.29,33.01,2389.54,160.31,141.06,228.03,41.63,93.28,204.87,1782.46,3552.45,2.61,149.57,111.49,584.95,2.86,938.68,60.20,499.33
2026-02-04T15:00:00Z,55.03,2196.48,165.00,904.41,34.52,2463.35,157.18,83.15,64.62,2075.69,168.53,893.61,33.16,2376.75,159.94,139.53,225.12,41.62,93.51,202.67,1779.76,3546.71,2.39,150.62,107.84,590.72,3.31,942.30,58.60,506.14
2026-02-04T15:10:00Z,54.86,2190.19,164.91,897.43,34.17,2478.59,157.10,85.30,64.72,2067.82,169.56,896.22,33.57,2359.62,161.03,148.55,226.00,43.08,93.67,202.37,1780.17,3557.71,2.25,151.75,106.22,588.00,3.14,945.10,58.79,494.45
2026-02-04T15:20:00Z,55.05,2193.39,165.40,901.34,34.30,2468.49,157.41,72.85,65.11,2065.22,168.61,907.06,33.71,2361.89,160.69,150.93,225.88,43.69,93.20,201.50,1777.97,3557.80,2.55,147.64,105.33,574.95,3.31,938.58,60.08,472.31
2026-02-04T15:30:00Z,55.03,2193.88,165.06,921.20,33.85,2475.73,157.55,61.52,64.88,2071.33,168.71,913.63,33.33,2356.02,160.66,143.20,222.65,42.33,93.17,198.80,1777.88,3549.52,2.47,150.24,103.34,582.23,3.06,943.42,59.85,481.57
2026-02-04T15:40:00Z,55.53,2189.20,164.98,928.64,34.22,2479.99,157.45,84.67,65.29,2069.01,168.55,911.66,33.28,2362.74,161.07,157.74,230.42,43.20,93.71,207.31,1799.26,3550.17,2.31,148.22,111.26,591.25,3.01,950.49,58.91,491.88
2026-02-04T15:50:00Z,55.79,2184.71,165.53,921.72,34.12,2480.06,156.86,67.52,65.31,2072.90,169.51,915.14,33.48,2359.74,160.67,159.17,231.64,43.20,94.14,207.91,1780.35,3540.01,2.72,149.00,111.88,588.98,3.16,939.29,59.40,487.28
2026-02-04T16:00:00Z,55.78,2189.36,165.03,905.52,34.28,2477.39,157.91,75.88,65.21,2061.49,168.68,908.43,33.76,2355.96,160.59,155.99,227.82,43.33,92.62,205.46,1785.85,3550.90,2.61,147.79,106.06,583.67,3.00,938.79,57.04,494.51
2026-02-04T16:10:00Z,55.90,2184.25,165.36,916.76,33.96,2468.96,158.14,69.72,65.64,2055.00,168.69,916.59,33.60,2348.08,160.25,155.21,227.00,42.32,92.76,206.34,1776.84,3544.63,2.44,148.07,109.48,589.59,3.04,937.30,57.23,493.12
2026-02-04T16:20:00Z,55.86,2177.30,165.26,910.62,33.95,2478.35,157.70,71.20,65.33,2049.53,168.53,915.87,33.91,2341.16,160.65,158.44,232.62,43.44,93.27,211.19,1782.15,3558.23,2.78,150.30,113.80,589.96,2.68,936.99,59.57,502.98
2026-02-04T16:30:00Z,55.49,2181.22,165.18,915.36,34.14,2481.80,157.84,66.15,65.80,2057.03,169.17,919.15,33.80,2349.70,161.09,165.41,230.95,43.46,93.63,207.37,1781.13,3536.80,2.60,150.83,109.66,589.25,3.07,946.92,59.18,486.65
2026-02-04T16:40:00Z,55.38,2180.77,164.92,921.03,34.35,2461.81,157.86,67.19,65.91,2038.96,169.76,941.91,33.66,2355.08,161.80,167.79,227.79,45.21,94.54,206.86,1786.10,3538.07,2.19,149.62,107.40,591.87,3.00,952.09,58.88,490.69
2026-02-04T16:50:00Z,55.57,2188.52,165.49,913.98,34.64,2468.91,156.86,80.49,66.48,2038.92,169.69,939.84,32.97,2364.87,161.19,155.82,225.56,43.53,93.91,204.47,1784.50,3559.60,2.63,150.77,106.15,576.52,2.89,945.18,59.55,482.34
2026-02-04T17:00:00Z,55.50,2182.17,165.76,912.58,34.89,2468.43,157.22,54.09,66.59,2041.61,169.37,948.26,33.11,2363.89,160.76,156.69,229.35,44.51,93.43,206.50,1787.00,3548.78,2.51,148.71,110.21,592.85,3.17,945.57,59.98,499.15
2026-02-04T17:10:00Z,55.39,2184.80,165.35,910.90,35.00,2456.10,156.83,77.87,66.83,2033.56,169.12,950.05,33.19,2370.19,160.41,155.18,233.91,44.03,94.06,209.12,1788.60,3558.05,2.39,150.64,111.62,590.92,2.67,942.51,60.35,502.32
2026-02-04T17:20:00Z,55.27,2191.75,164.59,902.27,34.96,2458.22,157.16,82.86,66.38,2032.15,170.52,962.35,32.97,2384.79,159.19,128.69,230.71,43.78,94.46,208.90,1786.66,3550.01,2.46,151.33,109.30,585.41,2.96,944.79,60.02,494.76
2026-02-04T17:30:00Z,55.82,2188.01,164.69,918.36,34.33,2470.10,157.77,63.14,66.40,2036.91,170.89,937.07,32.88,2387.58,159.44,125.64,230.35,43.21,94.63,209.15,1785.95,3548.22,2.34,148.94,110.02,589.84,3.07,942.72,60.31,499.44
2026-02-04T17:40:00Z,56.25,2176.94,165.35,934.93,34.27,2477.02,156.99,45.25,66.76,2033.99,170.99,952.07,33.04,2382.36,159.82,117.70,230.09,41.18,95.17,213.43,1793.09,3556.84,2.53,149.41,109.33,591.31,3.09,948.00,60.69,496.35
2026-02-04T17:50:00Z,56.08,2169.76,164.45,943.56,34.06,2480.36,156.63,50.82,66.82,2026.86,170.63,962.50,33.14,2374.91,159.96,127.22,227.47,43.50,94.23,209.97,1790.08,3553.20,2.84,146.87,106.96,584.49,2.87,938.91,60.39,484.93
2026-02-04T18:00:00Z,56.20,2170.24,165.10,948.44,34.40,2473.32,156.21,59.85,66.46,2044.42,170.46,950.04,33.35,2367.85,159.94,133.54,230.35,45.21,93.63,207.29,1785.46,3544.59,2.74,148.58,110.72,587.44,2.82,944.54,59.70,493.83
2026-02-04T18:10:00Z,56.42,2158.06,166.12,962.32,34.27,2472.06,157.49,75.40,66.61,2039.65,170.44,961.30,32.96,2376.32,159.61,128.41,237.41,43.89,93.54,216.12,1792.33,3559.41,2.42,151.06,114.04,593.71,3.29,949.59,59.85,503.67
2026-02-04T18:20:00Z,56.18,2177.45,165.50,951.52,33.85,2476.51,157.62,42.84,66.88,2027.89,169.79,968.78,33.48,2378.75,159.39,133.45,228.93,43.53,94.19,206.53,1785.00,3541.56,2.47,148.87,109.67,582.89,2.81,940.74,59.99,482.21
2026-02-04T18:30:00Z,56.20,2176.47,165.93,951.76,34.03,2481.94,157.64,69.07,67.11,2011.75,169.40,979.99,33.41,2364.11,159.51,136.75,233.52,44.63,94.69,207.16,1789.69,3537.34,2.71,148.32,110.01,587.28,2.78,948.60,59.86,493.88
2026-02-04T18:40:00Z,55.91,2175.26,165.29,943.63,33.89,2488.71,157.88,57.19,66.53,2016.04,168.97,967.63,33.45,2356.84,160.59,148.49,236.50,42.54,93.75,211.18,1786.18,3549.41,2.36,149.94,113.89,591.22,3.29,939.86,58.65,493.92
2026-02-04T18:50:00Z,55.54,2177.60,165.36,935.62,34.08,2473.99,156.94,60.31,66.62,2031.96,169.73,972.38,33.16,2358.38,160.75,153.78,237.49,41.20,94.90,215.15,1795.31,3548.96,2.49,150.98,113.62,588.89,2.88,951.28,59.43,496.49
2026-02-04T19:00:00Z,55.48,2176.34,165.48,925.97,34.32,2458.64,157.47,63.05,66.34,2038.71,169.60,964.98,33.21,2361.32,160.66,135.67,230.44,41.53,94.59,207.14,1786.33,3536.49,2.63,150.54,112.69,585.15,3.15,941.39,59.07,495.14
2026-02-04T19:10:00Z,55.30,2176.18,165.52,921.73,33.72,2474.20,157.78,56.47,66.18,2036.88,169.75,964.29,33.52,2361.77,161.15,151.64,232.37,40.78,93.91,208.40,1791.34,3557.43,2.80,151.02,111.16,593.03,3.03,941.94,58.72,489.03
2026-02-04T19:20:00Z,55.14,2179.98,165.43,932.82,33.59,2471.61,157.20,53.18,66.38,2049.65,169.96,965.59,33.76,2348.96,161.21,160.20,232.12,41.21,94.42,211.72,1788.87,3550.00,2.56,151.39,113.93,592.17,3.11,943.64,59.10,497.57
2026-02-04T19:30:00Z,55.42,2185.83,165.47,937.58,33.55,2500.67,156.98,36.93,66.55,2047.46,169.59,950.09,33.45,2358.48,160.63,159.79,230.51,41.59,93.79,205.29,1784.21,3548.56,2.34,149.71,110.75,587.27,2.84,943.46,59.16,482.06
2026-02-04T19:40:00Z,55.83,2192.70,165.73,932.97,33.73,2495.97,157.10,48.30,66.32,2044.60,169.25,930.48,33.56,2361.99,159.94,144.39,227.48,40.71,93.68,204.38,1776.97,3546.73,2.58,148.83,108.31,580.85,3.13,939.14,58.23,480.52
2026-02-04T19:50:00Z,55.89,2176.57,165.74,920.17,33.98,2479.40,157.25,60.13,65.73,2050.57,168.92,922.31,33.82,2360.54,159.74,148.25,223.58,42.97,93.43,199.98,1772.29,3542.68,2.38,149.07,106.67,577.92,2.54,934.87,58.64,480.40
2026-02-04T20:00:00Z,56.10,2177.40,166.06,926.15,33.60,2489.56,156.54,46.83,66.07,2055.50,168.85,946.58,34.08,2350.76,160.53,150.96,228.30,43.18,93.47,206.95,1788.48,3551.86,2.48,150.71,108.20,581.67,3.21,944.20,59.37,492.62
2026-02-04T20:10:00Z,56.12,2169.70,166.20,917.04,33.55,2485.07,156.06,39.12,65.83,2060.08,169.10,934.40,33.91,2350.82,160.00,156.20,229.19,41.86,93.13,209.05,1781.31,3544.75,2.50,148.18,110.64,593.54,3.37,939.32,59.39,490.59
2026-02-04T20:20:00Z,55.94,2163.84,166.13,939.99,34.03,2475.51,155.69,48.41,66.46,2043.15,168.71,943.61,33.65,2360.58,159.45,142.98,230.10,42.98,93.81,206.79,1784.64,3543.33,2.64,149.74,110.72,588.07,2.93,941.77,59.22,478.28
2026-02-04T20:30:00Z,55.65,2176.28,165.62,929.90,33.85,2485.60,156.43,59.11,66.58,2031.87,168.80,937.60,33.62,2354.45,160.42,154.25,229.91,42.90,94.17,206.21,1784.47,3548.15,2.52,149.66,110.16,586.26,2.99,948.76,59.79,502.05
2026-02-04T20:40:00Z,55.43,2193.14,165.36,910.24,33.84,2494.27,156.60,57.98,66.70,2033.12,169.49,949.78,33.83,2360.64,160.88,162.48,233.31,43.81,94.42,209.85,1776.29,3555.64,2.20,149.36,109.36,589.28,3.17,941.24,60.33,487.64
2026-02-04T20:50:00Z,55.78,2185.00,164.61,909.18,33.85,2475.84,157.13,63.96,66.91,2041.05,170.10,947.99,33.78,2353.00,160.95,159.11,234.28,42.51,94.20,213.39,1777.23,3558.11,2.59,147.78,111.39,589.27,2.84,939.95,58.78,495.96
2026-02-04T21:00:00Z,55.63,2183.01,165.18,914.58,33.87,2486.50,157.18,50.72,66.61,2049.80,170.45,956.08,34.08,2339.13,161.24,169.43,239.32,45.49,94.56,217.86,1786.20,3536.42,2.66,148.79,114.78,598.20,3.04,942.12,59.05,499.92
2026-02-04T21:10:00Z,55.93,2177.71,165.31,927.53,34.05,2477.44,156.71,59.91,66.82,2039.19,169.99,966.19,33.87,2347.11,160.55,164.48,238.77,45.73,94.59,212.39,1789.42,3547.67,2.47,150.99,113.34,594.39,3.10,953.91,59.52,491.10
2026-02-04T21:20:00Z,55.78,2172.30,166.28,942.15,34.43,2471.69,157.18,60.14,67.14,2018.26,169.70,970.30,33.63,2343.08,161.11,169.05,237.05,43.16,93.75,215.31,1791.90,3568.35,2.56,150.23,113.84,589.94,2.88,950.14,61.52,492.06
2026-02-04T21:30:00Z,55.86,2183.87,165.88,928.80,34.55,2459.63,158.35,78.51,66.97,2021.12,170.44,979.13,33.80,2347.67,161.14,154.98,234.75,44.17,93.31,212.76,1785.07,3553.97,2.34,149.16,113.27,588.76,2.84,946.56,60.51,485.41
2026-02-04T21:40:00Z,55.93,2193.16,165.89,942.48,34.30,2450.93,157.27,72.23,66.95,2022.32,170.87,975.94,34.02,2345.31,160.70,156.41,236.02,44.22,93.75,211.52,1783.27,3559.08,2.37,150.24,114.85,590.55,2.95,945.89,58.94,498.88
2026-02-04T21:50:00Z,55.89,2173.74,165.53,932.81,34.01,2466.71,157.66,78.94,67.40,2018.23,170.70,972.32,34.19,2348.67,160.10,156.56,233.62,44.59,93.34,208.20,1785.70,3551.37,2.62,150.80,113.85,588.25,2.83,944.42,60.85,486.63
2026-02-04T22:00:00Z,55.35,2182.04,165.53,927.52,33.97,2466.21,157.44,70.52,67.47,2006.20,170.16,993.29,34.15,2346.15,161.39,162.19,241.31,43.50,93.68,214.89,1791.05,3558.09,2.66,150.47,114.10,594.38,2.93,951.62,58.11,500.26
2026-02-04T22:10:00Z,55.67,2187.91,166.24,923.54,34.06,2483.43,156.89,67.07,67.22,2016.07,169.93,975.68,34.13,2350.45,161.02,157.56,239.16,44.56,,211.73,1790.40,3544.82,2.51,150.30,116.34,605.48,2.99,949.93,59.41,501.18
2026-02-04T22:20:00Z,55.52,2178.30,166.30,934.91,33.66,2484.43,157.28,51.83,66.99,2016.28,169.98,977.50,33.63,2358.69,161.07,153.20,239.40,44.74,93.83,216.44,1792.18,3549.86,2.39,151.01,116.48,596.78,2.67,950.48,60.21,508.38
2026-02-04T22:30:00Z,55.09,2193.60,165.96,918.87,33.83,2469.19,157.11,48.11,67.06,2014.29,169.99,959.80,33.85,2355.24,160.38,165.33,236.04,44.82,93.30,213.15,1795.76,3545.88,2.74,150.04,113.30,592.31,2.83,952.30,60.77,498.42
2026-02-04T22:40:00Z,55.19,2204.36,165.34,905.67,33.80,2476.25,156.72,50.93,67.19,2018.12,169.75,964.37,33.72,2363.39,161.42,163.20,231.20,43.70,93.32,207.28,1788.04,3580.62,2.46,150.51,111.34,594.11,2.70,955.94,59.44,484.32
2026-02-04T22:50:00Z,55.43,2191.05,164.59,912.97,33.33,2490.90,156.89,33.61,67.24,2015.26,170.20,973.81,33.46,2368.94,161.09,166.51,234.78,42.93,93.25,214.65,1783.43,3548.88,2.23,149.32,112.56,592.32,3.10,949.80,59.86,496.17
2026-02-04T23:00:00Z,55.40,2189.89,164.35,904.96,33.09,2497.43,156.41,41.00,66.98,2025.62,169.65,977.47,33.58,2352.39,160.36,151.51,239.55,41.96,94.58,216.02,1798.88,3549.80,2.39,150.85,114.79,593.98,2.86,947.18,58.83,499.18
2026-02-04T23:10:00Z,55.00,2183.10,165.22,916.62,33.06,2506.79,156.63,36.90,67.02,2028.73,169.78,973.47,33.70,2354.62,160.75,157.13,228.65,43.01,94.46,207.12,1776.77,3543.18,2.36,149.67,109.51,590.90,3.16,940.18,59.86,492.62
2026-02-04T23:20:00Z,55.09,2196.67,165.35,908.84,32.78,2498.52,157.20,32.57,67.09,2026.66,169.73,970.96,33.85,2348.28,161.15,159.64,229.04,42.08,94.35,204.88,1779.23,3539.11,2.39,149.27,109.20,591.41,3.02,947.63,60.49,491.92
2026-02-04T23:30:00Z,54.98,2194.88,166.38,914.00,32.74,2496.70,156.91,35.13,67.00,2020.31,169.81,974.00,33.81,2355.50,160.22,167.62,228.03,44.65,93.62,207.54,1772.54,3547.86,2.53,151.19,108.57,586.31,2.94,932.28,61.46,483.28
2026-02-04T23:40:00Z,55.04,2197.32,165.71,903.25,32.92,2492.63,156.63,34.52,66.74,2019.96,169.35,967.03,33.75,2363.71,160.47,163.93,231.72,43.36,94.14,208.26,1793.67,3544.76,2.60,148.57,112.50,585.70,3.12,949.53,60.33,490.44
2026-02-04T23:50:00Z,54.87,2210.19,164.88,898.81,33.33,2501.60,156.84,38.51,66.47,2022.54,169.29,954.00,33.65,2360.22,160.72,154.17,230.43,43.74,94.84,213.23,1790.66,3551.61,2.47,148.52,111.26,593.60,2.62,944.44,59.52,494.00
