timestamp,VAR_001,VAR_002,VAR_003,VAR_004,VAR_005,VAR_006,VAR_007,VAR_008,VAR_009,VAR_010,VAR_011,VAR_012,VAR_013,VAR_014,VAR_015,VAR_016,VAR_017,VAR_018,VAR_019,VAR_020,VAR_021,VAR_022,VAR_023,VAR_024,VAR_025,VAR_026,VAR_027,VAR_028,VAR_029,VAR_030
2026-03-12T00:00:00Z,62.08,2023.70,170.11,1143.32,52.11,2025.45,169.82,676.52,68.68,1981.79,171.11,1048.05,44.23,2100.93,166.75,517.81,301.65,69.01,97.80,271.34,1841.08,3552.58,2.53,150.14,145.96,636.18,2.70,974.99,62.80,520.42
2026-03-12T00:10:00Z,62.48,2020.75,169.91,1145.96,52.11,2021.07,169.23,699.43,68.75,1978.99,171.32,1027.94,44.18,2092.66,166.94,523.84,298.23,68.75,97.64,269.58,1838.76,3555.08,2.53,150.88,149.34,631.62,3.27,963.55,61.72,527.39
2026-03-12T00:20:00Z,62.69,2007.92,169.97,1161.20,52.02,2024.22,169.32,700.33,68.70,1968.28,171.09,1045.83,44.51,2090.19,167.14,530.61,299.21,67.19,98.41,266.46,1836.47,3541.65,2.31,149.98,143.45,622.38,2.94,966.88,61.66,517.18
2026-03-12T00:30:00Z,62.39,2019.52,170.26,1164.21,51.92,2039.16,169.70,702.79,68.61,1976.37,171.30,1038.02,44.04,2103.32,167.05,511.84,298.94,70.12,97.14,267.72,1830.73,3554.12,2.39,150.67,146.99,635.51,2.99,961.97,60.30,523.21
2026-03-12T00:40:00Z,62.17,2009.99,170.12,1171.36,52.31,2023.17,169.55,708.63,68.70,1982.89,170.76,1017.84,44.40,2105.27,167.43,495.13,293.79,71.05,96.57,267.22,1839.53,3555.79,2.53,150.32,139.62,619.53,3.43,969.61,59.76,511.43
2026-03-12T00:50:00Z,61.73,2016.72,169.71,1155.64,52.13,2022.07,169.45,707.53,68.75,1983.16,170.74,1012.77,44.44,2084.04,168.45,511.62,293.57,70.41,96.37,263.79,1834.68,3547.82,2.54,149.70,140.61,623.74,3.18,961.55,59.18,526.43
2026-03-12T01:00:00Z,61.87,2003.04,169.77,1150.57,51.69,2021.75,169.95,698.32,68.63,1980.23,170.63,1013.51,44.22,2099.65,168.27,522.14,297.17,68.55,96.72,269.58,1846.05,3552.80,2.55,149.80,142.63,627.76,3.51,971.32,60.25,524.29
2026-03-12T01:10:00Z,61.81,2018.03,169.94,1145.57,52.29,2017.93,,705.58,68.76,1981.32,170.91,1028.71,44.51,2080.64,168.41,538.63,295.78,66.51,96.93,267.14,1831.29,3551.53,2.52,151.72,144.38,634.55,2.98,966.73,60.17,531.35
2026-03-12T01:20:00Z,62.22,2010.59,169.99,1146.34,52.39,2010.76,170.07,701.81,68.83,1976.01,171.24,1028.21,44.79,2089.63,168.58,539.26,294.69,67.83,96.95,266.57,1838.87,3548.36,2.81,149.57,141.67,628.47,2.85,971.07,61.07,517.60
2026-03-12T01:30:00Z,62.47,2012.83,169.97,1160.34,52.33,2022.67,169.80,691.06,69.36,1969.64,171.46,1041.17,44.74,2079.80,168.61,558.98,294.43,67.73,98.06,266.23,1842.94,3539.24,2.37,149.80,144.45,626.26,2.90,966.71,60.05,511.03
2026-03-12T01:40:00Z,62.82,1996.02,170.37,1179.28,52.21,2020.26,169.61,705.16,69.56,1969.97,171.34,1037.24,44.74,2080.99,168.53,562.04,302.47,68.84,98.06,270.02,1844.21,3545.41,2.65,151.31,146.29,630.36,3.03,973.82,60.32,519.21
2026-03-12T01:50:00Z,62.79,2003.37,170.51,1174.47,51.87,2018.04,169.82,711.68,69.89,1954.05,171.50,1052.25,44.74,2079.90,169.02,578.99,304.00,70.56,97.48,275.15,1841.65,3550.26,2.46,150.42,144.19,629.67,2.99,977.71,61.42,533.13
2026-03-12T02:00:00Z,62.87,2014.93,170.69,1168.52,51.55,2030.37,169.84,697.19,69.77,1957.02,171.67,1056.89,44.60,2080.84,168.68,,301.02,68.88,98.46,270.19,1836.84,3549.24,2.60,150.75,146.13,632.28,2.81,967.30,60.58,524.86
2026-03-12T02:10:00Z,63.05,2013.49,170.60,1156.13,51.84,2042.38,170.64,677.46,69.92,1955.64,171.01,1049.33,44.68,2087.03,168.68,,300.69,70.93,98.47,269.56,1834.02,3553.85,2.47,151.45,145.42,628.89,3.29,973.66,60.61,520.66
2026-03-12T02:20:00Z,62.68,2018.73,169.73,1148.12,51.47,2047.38,170.28,682.31,70.31,1942.61,170.59,1065.31,44.81,2076.04,168.05,,298.42,71.77,98.63,270.40,1836.35,3543.38,2.30,148.79,146.28,625.22,3.44,966.34,60.05,530.30
2026-03-12T02:30:00Z,62.75,2013.02,169.70,1168.54,51.26,2050.62,169.91,678.26,70.21,1952.53,171.11,1072.71,45.09,2073.36,169.11,,298.92,70.83,98.52,267.24,1834.04,3541.61,2.45,149.90,146.73,629.67,3.04,971.30,61.61,516.40
2026-03-12T02:40:00Z,62.90,2002.64,170.20,1163.84,50.90,2050.07,169.65,667.25,70.53,1943.51,171.80,1079.77,45.20,2068.01,169.06,,301.27,72.42,97.50,268.40,1837.99,3551.83,2.36,151.31,148.31,637.02,3.04,971.23,61.96,526.26
2026-03-12T02:50:00Z,63.00,1998.98,169.92,1171.26,50.76,2051.47,169.67,673.51,70.96,1939.98,172.39,1103.50,45.50,2062.79,168.71,560.25,303.13,73.67,97.28,275.02,1847.87,3555.49,2.70,150.14,147.12,633.08,3.07,972.53,61.92,521.60
2026-03-12T03:00:00Z,62.72,2001.97,170.33,1173.29,51.08,2047.44,168.80,676.04,70.86,1934.15,172.73,1111.69,45.33,2070.31,168.52,565.46,301.99,72.09,98.52,272.72,1840.27,3544.14,2.57,151.59,147.39,628.46,2.70,976.08,61.10,516.45
2026-03-12T03:10:00Z,62.91,2003.01,170.22,1166.34,51.01,2050.31,169.62,674.81,70.86,1936.19,172.38,1114.60,44.52,2077.24,169.26,544.13,301.47,70.32,98.97,272.09,1845.34,3540.41,2.56,149.73,145.12,624.65,2.92,971.18,63.35,520.39
2026-03-12T03:20:00Z,62.64,1998.99,169.73,1164.05,51.40,2038.20,170.27,681.61,70.94,1933.67,172.58,1111.58,44.09,2096.06,168.71,542.72,298.99,69.60,98.61,269.41,1842.82,3539.03,2.63,150.38,142.58,627.82,3.31,975.28,61.11,525.42
2026-03-12T03:30:00Z,62.77,1993.64,169.84,1173.12,51.36,2033.81,170.43,676.35,70.91,1922.54,172.18,1125.92,43.72,2103.89,168.86,534.53,300.10,69.78,98.68,271.15,1848.57,3547.46,2.72,149.85,146.40,625.74,3.25,979.01,60.70,524.96
2026-03-12T03:40:00Z,62.99,1999.56,170.03,1172.37,51.37,2037.33,169.99,664.20,71.09,1916.87,172.56,1118.92,43.83,2113.51,168.73,514.08,301.36,71.13,98.29,272.12,1832.15,3552.42,2.40,148.88,144.94,629.84,2.94,965.24,60.67,525.51
2026-03-12T03:50:00Z,63.33,1995.15,170.64,1194.04,51.75,2040.69,169.25,662.31,71.06,1920.58,173.17,1133.21,44.24,2097.26,167.74,513.73,298.50,70.83,97.72,270.11,1842.96,3561.74,2.61,151.34,143.53,627.92,3.19,975.45,60.47,529.44
2026-03-12T04:00:00Z,63.28,1987.93,170.86,1204.89,51.81,2035.09,168.42,676.93,71.22,1919.63,173.20,1107.74,44.52,2095.53,167.65,518.90,298.94,71.77,97.42,267.74,1833.96,3541.32,2.66,149.84,141.66,625.36,2.90,962.40,60.93,525.53
2026-03-12T04:10:00Z,63.19,1991.22,170.70,1199.07,51.59,2031.98,169.23,678.03,71.61,1909.60,172.86,1117.25,44.81,2078.33,168.33,529.62,300.47,71.49,97.27,270.22,1844.03,3551.70,2.67,151.27,145.60,632.29,2.95,973.61,61.52,530.61
2026-03-12T04:20:00Z,63.37,1989.66,171.33,1200.71,51.40,2051.12,169.10,682.17,71.71,1915.94,172.86,1122.57,44.33,2089.68,168.38,540.87,306.56,73.15,97.73,271.17,1848.36,3560.92,2.36,152.35,146.94,630.31,2.99,973.87,61.25,518.78
2026-03-12T04:30:00Z,63.42,1995.91,170.69,1194.29,51.50,2045.31,169.76,675.27,71.50,1914.34,173.33,1117.33,44.21,2096.72,168.74,534.66,309.42,71.38,98.07,277.89,1860.72,3549.95,2.41,149.57,150.81,641.82,3.21,979.45,61.61,522.28
2026-03-12T04:40:00Z,63.26,1997.37,171.05,1193.91,51.53,2049.75,169.76,675.45,71.69,1918.58,172.91,1118.90,43.81,2104.87,168.12,517.91,309.19,72.33,98.77,275.81,1843.36,3558.45,2.61,150.56,147.30,633.65,2.58,973.71,61.73,527.67
2026-03-12T04:50:00Z,63.22,2002.49,170.87,1196.37,51.24,2045.48,169.14,670.56,71.74,1915.69,173.06,1120.74,43.79,2108.97,167.54,511.31,308.69,71.45,99.20,281.84,1853.44,3544.33,2.47,151.28,148.03,636.05,3.55,979.05,62.01,524.51
2026-03-12T05:00:00Z,62.98,2003.59,170.88,1201.25,51.08,2048.85,168.84,660.06,71.73,1907.66,172.35,1119.57,43.74,2107.00,167.40,511.94,307.47,72.66,98.51,271.28,1848.22,3549.55,2.26,149.55,146.55,628.51,3.05,972.39,62.49,520.34
2026-03-12T05:10:00Z,62.51,2014.25,171.18,1183.13,50.86,2048.44,168.97,666.52,71.44,1913.87,173.37,1143.56,43.76,2105.18,167.96,507.82,301.16,73.45,98.91,272.97,1847.52,3552.39,2.45,152.54,146.17,637.75,2.97,980.79,62.10,534.87
2026-03-12T05:20:00Z,62.45,2025.73,171.47,1166.19,51.01,2045.97,169.15,674.01,71.48,1913.46,173.29,1141.15,43.95,2099.64,167.35,504.41,296.05,71.69,98.62,265.93,1840.56,3543.34,2.46,151.63,142.26,633.03,3.18,966.03,61.48,520.04
2026-03-12T05:30:00Z,62.16,2026.48,171.04,1161.35,50.74,2052.67,169.18,665.65,71.34,1910.13,173.65,1139.44,43.77,2102.96,167.02,502.20,303.95,69.71,98.04,268.95,1841.46,3535.33,2.59,148.71,147.76,634.47,2.80,974.75,61.64,525.27
2026-03-12T05:40:00Z,62.52,2016.17,171.28,1162.84,50.49,2056.74,169.37,654.77,71.55,1915.15,173.12,1157.09,43.69,2100.09,167.24,509.45,304.43,71.92,97.97,273.37,1849.34,3563.09,2.76,152.79,145.21,628.42,2.88,971.72,61.21,511.85
2026-03-12T05:50:00Z,62.59,2008.17,170.46,1167.55,50.39,2059.34,169.81,651.75,71.22,1915.62,173.19,1140.22,43.20,2110.22,167.45,493.62,302.58,71.15,97.55,274.12,1847.81,3559.87,2.90,149.96,146.54,622.08,2.74,975.50,62.06,517.66
2026-03-12T06:00:00Z,62.65,2005.24,170.44,1176.58,50.62,2065.43,169.28,640.80,71.47,1909.25,173.06,1137.56,43.59,2107.83,167.93,507.03,299.10,70.62,97.96,271.67,1843.90,3551.25,2.31,149.86,142.78,628.12,2.93,969.35,60.70,531.63
2026-03-12T06:10:00Z,62.96,1995.39,170.08,1186.47,50.78,2055.12,169.03,647.19,71.18,1900.79,173.13,1122.41,43.67,2098.87,168.16,509.74,299.29,68.59,97.02,272.61,1840.97,3547.14,2.51,151.34,144.82,632.61,3.24,972.99,60.30,522.25
2026-03-12T06:20:00Z,63.14,1996.30,170.49,1200.68,50.92,2047.95,168.78,656.84,71.15,1910.59,172.92,1114.06,43.77,2105.17,168.23,506.94,297.16,71.77,97.95,262.47,1832.54,3548.62,2.57,148.73,143.19,630.26,2.87,961.50,59.61,528.78
2026-03-12T06:30:00Z,63.08,2001.25,171.06,1195.43,50.80,2051.38,168.55,649.63,71.29,1915.83,171.84,1111.35,43.28,2123.19,168.01,500.16,294.80,72.59,98.61,264.61,1832.69,3549.50,2.52,149.93,142.40,627.39,3.28,967.93,60.00,521.24
2026-03-12T06:40:00Z,63.16,2013.46,171.01,1193.25,51.01,2051.98,168.89,662.65,71.01,1923.61,173.32,1116.55,43.23,2109.96,167.38,500.39,303.06,71.36,98.41,274.31,1851.38,3543.84,2.58,149.34,147.28,634.90,3.05,971.74,60.27,522.88
2026-03-12T06:50:00Z,63.26,2012.65,170.59,1185.41,50.87,2050.34,169.35,664.34,70.96,1928.62,172.87,1100.93,43.18,2116.95,167.07,498.04,297.34,69.03,97.40,264.77,1836.17,3553.37,2.58,149.44,144.65,628.03,2.88,961.37,61.04,520.75
2026-03-12T07:00:00Z,63.07,2000.40,170.72,1175.96,51.15,2046.46,169.33,661.86,71.24,1913.24,172.37,1112.66,43.22,2115.78,166.81,490.19,297.09,70.67,97.37,266.17,1837.64,3550.96,2.51,149.35,143.76,623.51,2.72,967.53,60.26,513.03
2026-03-12T07:10:00Z,62.76,2004.04,171.11,1176.89,51.36,2043.82,168.89,659.27,70.93,1922.43,172.96,1111.55,43.36,2131.32,167.02,484.58,296.93,68.17,98.18,267.92,1836.11,3562.61,2.65,151.07,143.67,626.55,3.06,970.29,60.04,515.62
2026-03-12T07:20:00Z,63.10,2010.43,170.79,1175.82,51.24,2053.64,168.69,655.46,71.08,1918.37,172.61,1116.16,43.31,2119.71,167.98,496.36,299.18,69.31,97.62,270.44,1835.82,3554.58,2.39,150.53,142.32,621.57,2.93,967.10,59.93,511.02
2026-03-12T07:30:00Z,63.27,1999.47,170.84,1166.28,51.20,2039.49,169.04,665.53,71.14,1931.69,172.84,1107.15,42.64,2135.72,167.41,483.87,296.96,69.81,98.15,265.20,1844.26,3557.40,2.58,151.22,140.44,625.44,2.97,970.19,60.85,517.97
2026-03-12T07:40:00Z,63.45,2004.14,170.67,1186.52,51.68,2037.02,168.68,666.78,71.05,1926.83,172.53,1110.70,42.50,2137.79,167.25,484.22,297.57,69.75,98.94,268.85,1827.17,3538.75,2.53,149.49,143.42,,3.00,962.48,60.82,518.65
2026-03-12T07:50:00Z,63.63,1992.98,170.52,1206.40,51.71,2033.70,169.69,686.41,71.12,1927.57,173.11,1105.92,42.57,2129.41,167.24,462.77,299.22,69.11,98.25,268.30,1839.64,3548.47,2.22,151.40,145.13,630.56,2.92,966.02,60.20,518.63
2026-03-12T08:00:00Z,63.74,1986.69,171.14,1208.68,52.02,2028.64,169.17,682.66,71.33,1918.21,173.44,1112.82,43.10,2129.91,166.73,475.12,305.91,70.98,98.51,273.44,1834.32,3534.58,2.65,150.37,148.34,631.93,3.15,965.66,61.54,532.50
2026-03-12T08:10:00Z,63.66,1990.14,170.64,1192.93,51.91,2023.57,169.46,694.97,71.41,1910.80,174.32,1124.92,43.19,2116.33,167.25,483.50,307.38,70.09,99.22,277.32,1845.63,3543.62,2.63,150.27,147.96,632.42,2.94,968.21,62.00,527.89
2026-03-12T08:20:00Z,63.09,1981.67,171.37,1192.49,51.37,2030.11,168.83,683.04,71.36,1912.30,172.95,1131.11,43.03,2120.85,166.78,482.59,307.97,71.04,98.84,276.55,1841.02,3546.64,2.58,152.17,149.72,637.64,3.39,975.80,61.35,532.90
2026-03-12T08:30:00Z,63.42,1994.76,170.35,1190.52,51.17,2044.81,169.45,677.84,71.45,1926.51,173.34,1122.30,42.93,2118.88,166.17,473.91,306.28,71.08,98.36,278.10,1841.12,3536.67,2.65,151.28,147.90,634.41,3.23,971.17,62.17,538.90
2026-03-12T08:40:00Z,63.21,1993.93,170.77,1186.80,50.88,2052.32,169.93,672.28,71.66,1912.07,173.14,1119.16,43.06,2133.33,166.17,482.82,303.79,71.00,97.48,273.98,1843.34,3554.34,2.53,149.88,147.32,630.11,2.92,973.46,62.20,526.40
2026-03-12T08:50:00Z,63.22,1992.22,170.05,1177.60,50.82,2052.53,169.39,680.52,72.04,1904.50,172.26,1134.39,42.81,2126.72,166.09,474.10,299.59,70.51,97.29,266.64,1834.96,3555.10,2.45,150.68,146.42,633.11,3.20,968.52,61.61,521.85
2026-03-12T09:00:00Z,63.44,1997.78,170.14,1181.16,51.00,2046.12,169.81,682.88,71.77,1914.49,172.85,1142.86,42.92,2123.46,166.83,481.73,301.03,71.72,97.86,270.26,1838.95,3550.01,2.52,152.82,145.09,625.32,2.82,968.70,60.70,524.50
2026-03-12T09:10:00Z,63.32,1998.49,170.11,1185.19,51.32,2050.55,170.15,689.73,71.33,1908.76,173.03,1128.81,42.97,2117.47,166.91,477.69,297.94,73.34,97.01,265.58,1840.33,3555.79,2.56,151.90,145.43,632.96,3.14,974.07,60.75,524.28
2026-03-12T09:20:00Z,63.07,1994.62,170.61,1201.30,51.23,2041.24,170.43,687.92,71.11,1922.13,173.38,1129.58,42.89,2109.65,167.08,481.57,296.67,71.19,97.06,265.67,1829.19,3555.53,2.50,149.85,142.54,623.96,2.88,970.27,59.99,525.18
2026-03-12T09:30:00Z,62.99,1995.96,170.94,1206.88,51.20,2038.37,170.69,696.56,71.36,1924.31,172.97,1116.17,42.91,2124.27,167.06,487.71,299.49,73.37,97.00,268.61,1844.82,3543.32,2.67,150.40,142.91,633.00,3.04,972.42,60.63,516.33
2026-03-12T09:40:00Z,62.98,2014.50,171.10,1185.71,51.10,2038.56,170.21,686.26,71.24,1930.09,173.47,1118.62,42.67,2133.65,166.95,470.30,302.86,71.77,97.42,271.86,1845.27,3545.95,2.24,149.70,147.79,629.84,2.98,969.49,60.18,521.69
2026-03-12T09:50:00Z,62.95,1995.92,170.44,1184.62,51.37,2043.82,169.69,693.54,71.15,1916.62,,1105.62,42.51,2135.84,167.19,470.57,300.59,71.72,97.14,269.24,1834.01,3548.93,2.68,149.58,145.17,625.72,2.90,966.50,61.41,517.56
2026-03-12T10:00:00Z,62.80,1994.72,170.20,1187.95,51.40,2039.14,169.85,686.70,70.88,1921.23,172.85,1109.16,42.74,2125.38,167.41,470.25,303.54,69.65,97.84,276.91,1846.24,3551.05,,152.32,146.65,627.04,2.80,975.47,60.62,525.08
2026-03-12T10:10:00Z,62.92,2008.63,170.85,1196.16,51.46,2025.07,170.28,678.52,70.68,1928.22,172.78,1095.63,42.99,2129.25,166.82,474.82,294.57,69.67,97.72,266.35,1827.28,3539.74,2.51,150.52,142.45,630.37,3.09,964.26,59.49,522.38
2026-03-12T10:20:00Z,63.08,2005.82,170.78,1182.59,51.05,2035.53,169.35,673.20,70.76,1931.12,172.13,1098.90,43.09,2119.59,166.80,488.72,297.51,69.03,97.52,267.56,1841.17,3539.22,2.43,149.08,143.28,623.16,2.89,975.78,60.25,510.43
2026-03-12T10:30:00Z,63.04,1987.48,170.49,1181.46,51.40,2038.57,169.41,684.28,70.67,1935.96,172.75,1087.14,43.29,2114.72,167.90,496.29,300.93,69.66,97.36,272.61,1845.44,3551.81,2.33,151.47,145.46,631.80,2.79,972.89,60.80,523.81
2026-03-12T10:40:00Z,63.19,1985.66,170.68,1184.13,51.68,2037.58,168.69,683.38,70.39,1940.59,172.32,1080.74,43.11,2122.96,166.56,484.16,299.49,68.98,97.00,270.78,1842.27,3555.68,2.49,150.98,146.06,629.72,3.06,969.59,61.82,520.69
2026-03-12T10:50:00Z,63.15,2001.42,169.82,1177.44,51.72,2039.15,169.58,687.69,70.34,1942.78,172.37,1086.17,43.50,2117.59,166.17,484.11,300.75,69.29,96.79,273.61,1845.40,3546.99,2.56,149.67,145.31,630.22,2.84,975.07,60.23,514.42
2026-03-12T11:00:00Z,63.05,1997.27,169.76,1173.00,52.49,2015.17,169.71,711.42,70.83,1940.08,172.17,1096.07,43.79,2108.62,166.38,496.62,297.97,69.92,97.20,270.30,1843.96,3537.74,2.38,152.08,144.49,631.25,3.21,975.54,60.03,520.85
2026-03-12T11:10:00Z,63.23,2008.71,170.24,1170.07,52.36,2005.01,169.79,718.60,71.25,1920.35,172.92,1099.05,43.98,2108.70,166.83,513.67,297.74,69.97,98.06,265.67,1840.83,3570.88,2.76,151.29,144.10,619.46,2.78,967.68,61.63,511.57
2026-03-12T11:20:00Z,63.08,2009.58,170.02,1172.55,52.61,2012.18,170.32,722.66,71.36,1924.15,172.64,1116.71,44.08,2107.83,167.62,532.97,300.32,70.79,98.47,271.30,1841.43,3553.11,2.50,150.52,145.88,626.72,2.88,969.50,60.22,525.66
2026-03-12T11:30:00Z,63.01,1997.97,169.93,1185.95,52.36,2013.83,170.91,716.03,71.26,1925.79,173.02,1114.39,44.00,2106.76,167.72,523.50,306.27,71.51,98.13,274.07,1837.07,3545.94,2.36,150.10,150.59,638.81,3.22,968.63,60.56,525.95
2026-03-12T11:40:00Z,63.30,2003.00,170.65,1175.73,52.23,2023.50,171.07,704.38,71.17,1917.40,172.79,1117.19,44.12,2110.77,167.96,523.65,306.10,71.53,98.67,273.63,1849.12,3546.07,2.71,149.91,150.25,636.52,3.08,978.24,61.89,522.01
2026-03-12T11:50:00Z,63.61,1992.59,171.50,1186.81,52.28,2023.76,171.30,706.17,71.54,1919.59,173.17,1109.99,44.47,2096.68,167.86,521.06,310.40,70.87,98.83,279.99,1854.86,3564.19,2.76,152.14,150.96,638.98,2.81,973.16,61.49,528.45
2026-03-12T12:00:00Z,63.07,1991.45,171.19,1202.84,52.13,2029.97,169.76,699.90,71.42,1926.36,172.84,1109.36,44.27,2081.87,167.59,518.17,305.48,72.14,98.67,270.88,1845.51,3538.65,2.65,149.73,147.17,633.00,2.80,973.06,61.05,523.19
2026-03-12T12:10:00Z,63.49,1981.44,171.64,1198.24,51.96,2025.52,169.90,703.14,71.54,1924.40,173.13,1117.55,44.26,2096.16,167.98,528.09,308.42,71.27,98.55,275.20,1835.93,3555.19,2.40,150.36,148.45,632.45,2.99,965.08,60.37,527.17
2026-03-12T12:20:00Z,63.32,1988.26,172.04,1190.64,51.67,2030.81,169.74,703.88,71.68,1914.71,172.84,1128.13,44.41,2087.95,,533.98,307.22,72.05,98.39,275.56,1845.74,3549.31,2.55,151.59,150.14,633.44,3.09,975.21,61.28,531.40
2026-03-12T12:30:00Z,63.74,1991.84,172.39,1185.74,51.52,2024.16,170.04,700.77,71.32,1904.40,172.83,1130.91,44.37,2082.06,168.76,549.57,308.10,71.38,98.22,274.86,1852.93,3572.98,2.30,150.43,148.27,636.85,3.26,977.97,61.03,525.97
2026-03-12T12:40:00Z,63.92,1975.76,171.71,1190.73,51.52,2033.19,169.78,696.52,71.22,1909.85,173.31,1131.47,44.33,2082.67,168.64,554.40,309.52,71.54,98.14,278.95,1861.79,3551.14,2.13,149.27,150.25,632.55,3.15,978.93,61.52,528.73
2026-03-12T12:50:00Z,63.86,1975.96,171.97,1203.08,51.76,2019.74,170.46,703.44,70.96,1921.69,173.07,1106.85,44.45,2096.30,169.07,548.37,313.35,73.84,98.24,282.02,1848.14,3540.64,2.71,151.15,150.25,640.16,3.07,972.59,60.31,538.33
2026-03-12T13:00:00Z,63.34,1995.67,171.58,1200.83,51.76,2014.51,169.93,717.69,70.89,1922.28,172.41,1108.64,44.52,2093.01,169.11,523.74,309.74,74.39,98.48,281.42,1851.68,3574.02,2.43,150.89,150.28,637.83,2.76,975.44,60.74,535.50
2026-03-12T13:10:00Z,63.42,1993.86,171.00,1178.76,51.99,2029.06,170.31,697.04,70.73,1931.81,173.02,1111.32,44.33,2086.89,167.76,527.77,306.66,72.96,98.53,276.23,1842.55,3550.46,2.59,150.98,145.44,631.72,2.85,966.33,59.93,527.50
2026-03-12T13:20:00Z,63.59,1992.77,171.07,1187.93,52.21,2015.11,170.51,712.49,70.81,1931.41,172.59,1117.73,44.67,2089.53,168.19,546.54,306.41,73.22,99.23,277.34,1845.90,3550.09,2.19,150.12,148.09,636.04,2.55,976.14,59.58,527.13
2026-03-12T13:30:00Z,63.58,1993.98,170.78,1178.66,52.27,2016.35,170.22,711.64,70.90,1925.20,172.17,1099.65,44.83,2080.44,168.13,554.77,307.26,71.09,98.77,280.48,1853.64,3540.06,2.42,150.51,149.06,638.49,3.04,979.60,59.42,524.02
2026-03-12T13:40:00Z,63.48,1984.86,170.76,1188.72,52.19,2024.15,169.68,707.31,71.12,1932.53,172.76,1107.55,44.69,2082.02,167.38,541.59,299.64,71.22,98.82,267.37,1843.45,3558.58,2.21,151.82,149.28,632.40,3.39,967.19,59.45,532.81
2026-03-12T13:50:00Z,63.51,1981.28,170.98,1185.08,52.56,2012.87,169.33,705.59,71.23,1921.32,173.35,1102.17,44.38,2090.68,167.69,539.50,303.94,72.40,98.83,270.92,1847.94,3544.17,2.39,150.39,147.34,633.14,2.73,973.23,59.76,516.27
2026-03-12T14:00:00Z,63.32,1987.31,171.23,1193.75,52.57,2001.46,169.50,705.82,71.47,1921.95,172.79,1113.49,44.50,2093.85,168.42,527.14,303.70,72.74,98.21,275.83,1839.21,3553.75,2.49,149.91,147.27,629.92,3.09,968.78,59.17,521.48
2026-03-12T14:10:00Z,63.24,1996.56,171.24,1200.12,52.70,1998.34,169.93,710.18,71.13,1920.38,173.40,1101.04,44.31,2093.81,168.23,534.85,303.96,70.58,97.76,273.70,1853.63,3553.57,2.48,151.91,148.26,633.72,3.15,980.21,61.15,526.39
2026-03-12T14:20:00Z,63.51,1997.78,170.88,1191.66,53.30,1997.80,170.39,722.07,71.33,1920.69,173.04,1108.48,44.64,2079.29,168.79,548.93,304.61,71.42,97.58,272.30,1837.04,3541.35,2.70,151.18,149.65,636.40,2.88,959.91,60.72,528.02
2026-03-12T14:30:00Z,63.39,1999.21,170.69,1194.25,53.27,1983.73,170.60,732.58,71.13,1925.93,172.59,1105.61,44.11,2090.94,167.86,528.03,310.02,70.93,97.95,275.74,1846.89,3536.62,2.47,151.27,150.87,636.32,3.02,972.01,60.74,526.84
2026-03-12T14:40:00Z,63.20,1989.26,171.18,1208.25,53.10,1993.71,170.36,728.91,71.30,1918.87,173.18,1109.45,43.88,2090.40,167.24,524.75,314.80,71.56,97.28,283.73,1849.19,3541.75,2.34,151.41,152.26,634.59,2.67,979.18,60.78,518.78
2026-03-12T14:50:00Z,63.16,1988.71,170.95,1204.76,52.88,1999.66,170.57,735.02,71.84,1915.41,173.26,1120.48,44.11,2097.11,167.42,525.04,311.02,70.48,97.69,280.31,1850.55,3547.20,2.29,150.49,149.49,632.58,3.05,980.29,61.12,520.03
2026-03-12T15:00:00Z,63.03,1996.55,170.39,1183.46,52.67,2012.14,171.24,713.81,71.61,1913.88,173.25,1110.86,43.88,2096.22,168.36,511.63,300.42,71.12,97.77,274.04,1843.38,3557.09,2.21,149.90,146.57,637.34,2.53,969.21,60.16,528.26
2026-03-12T15:10:00Z,62.91,1998.46,170.99,1180.32,52.08,2022.48,170.93,707.67,70.82,1935.86,172.72,1105.78,43.96,2101.02,167.78,517.10,305.68,73.26,98.17,275.47,1842.50,3544.54,2.57,150.66,146.67,631.41,2.65,969.38,60.88,524.82
2026-03-12T15:20:00Z,62.60,2004.69,169.72,1171.58,51.77,2027.52,170.59,715.58,70.61,1933.64,172.28,1093.22,43.97,2092.53,167.91,515.98,301.98,72.95,98.35,271.67,1852.26,3558.60,2.69,150.76,146.62,636.36,2.93,976.14,61.81,526.83
2026-03-12T15:30:00Z,62.80,2003.56,170.65,1166.97,51.29,2040.21,170.15,700.69,70.82,1931.48,172.76,1104.94,43.49,2104.12,167.95,507.78,302.37,71.69,97.86,276.03,1836.01,3536.59,2.76,150.76,147.20,633.74,2.74,967.90,61.90,526.57
2026-03-12T15:40:00Z,62.58,1998.27,170.50,1179.85,51.38,2044.68,170.27,712.02,70.70,1929.81,172.09,1104.73,43.72,2104.72,167.90,515.91,295.54,72.58,97.75,263.23,1829.82,3550.26,2.21,150.95,142.34,629.28,2.85,970.13,61.43,529.21
2026-03-12T15:50:00Z,63.21,2006.48,170.60,1181.53,51.11,2045.22,169.84,678.91,70.85,1921.74,172.29,1111.91,43.89,2097.43,167.52,522.38,305.20,73.05,98.16,274.91,1848.46,3545.72,2.67,150.74,147.82,631.47,3.09,969.82,61.95,522.72
2026-03-12T16:00:00Z,62.95,2007.81,169.55,1177.40,51.17,2038.78,169.10,679.48,70.87,1934.97,172.07,1106.30,43.62,2105.17,167.20,529.88,306.71,71.22,97.38,277.78,1854.79,3549.87,2.22,151.08,150.54,641.37,3.16,974.65,62.34,537.98
2026-03-12T16:10:00Z,63.00,2007.27,169.87,1174.22,50.99,2050.03,169.44,660.92,70.85,1931.33,172.38,1104.36,43.46,2114.91,168.14,520.57,300.96,71.71,97.47,269.74,1837.97,3559.82,2.59,149.50,145.60,627.11,2.99,967.88,60.94,517.89
2026-03-12T16:20:00Z,63.28,2003.49,170.57,1167.77,51.22,2045.06,169.57,664.73,70.86,1924.43,172.63,1121.95,43.41,2115.01,168.62,510.22,301.59,74.35,97.46,272.56,1840.75,3531.74,2.59,149.08,144.08,627.89,2.96,967.02,60.67,517.65
2026-03-12T16:30:00Z,63.14,1993.70,170.85,1176.00,50.91,2045.87,169.70,671.51,70.77,1929.49,172.71,1128.03,43.66,2112.57,167.22,492.19,305.04,75.44,98.52,278.08,1856.07,3545.74,2.72,150.86,145.74,633.02,2.96,982.43,61.47,521.49
2026-03-12T16:40:00Z,63.41,1989.31,170.73,1184.24,51.03,2042.25,169.26,670.03,70.62,1933.94,172.87,1107.83,43.92,2105.18,167.24,498.94,299.49,72.24,97.76,268.94,1839.59,3542.07,2.64,151.01,145.47,627.04,3.08,972.10,60.77,520.33
2026-03-12T16:50:00Z,63.39,1986.50,170.90,1185.38,51.17,2039.46,169.86,668.54,70.58,1940.57,172.17,1097.38,44.00,2106.82,168.45,518.16,300.65,71.51,97.30,270.55,1839.77,3550.55,2.45,150.70,145.39,626.13,3.16,978.25,60.18,513.94
2026-03-12T17:00:00Z,63.18,1994.89,170.75,1186.25,51.46,2037.87,170.27,664.47,70.70,1929.21,172.56,1100.29,43.93,2100.13,168.71,522.29,298.25,71.37,97.95,270.79,1835.83,3537.07,2.46,149.74,143.48,623.11,2.78,973.80,60.77,512.82
2026-03-12T17:10:00Z,62.82,1997.21,171.47,1189.20,51.97,2027.07,169.72,682.43,70.98,1932.99,172.54,1115.37,43.73,2111.81,168.44,516.92,296.98,70.34,98.79,266.29,1833.40,3552.99,2.45,152.00,143.20,633.15,2.98,965.79,60.06,528.82
2026-03-12T17:20:00Z,62.93,2001.43,171.34,1195.68,51.48,2031.19,169.24,691.60,70.53,1935.84,173.20,1115.28,43.40,2113.24,167.82,490.19,303.30,70.19,98.72,273.08,1845.69,3543.90,2.55,148.73,148.45,629.88,3.03,967.86,60.85,523.70
2026-03-12T17:30:00Z,62.76,1997.62,171.28,1195.24,51.36,2028.92,169.13,681.37,70.42,1934.76,172.20,1096.74,43.68,2100.84,167.31,523.32,303.31,70.34,98.54,272.17,1835.68,3554.43,2.28,150.79,143.40,627.66,3.27,973.83,,525.91
2026-03-12T17:40:00Z,62.48,2004.70,171.23,1184.34,51.35,2032.11,169.30,685.90,70.38,1933.72,172.01,1086.24,43.48,2111.38,167.54,521.56,304.11,71.31,97.73,275.91,1846.22,3544.05,2.25,150.78,148.57,628.56,3.16,967.87,61.32,528.74
2026-03-12T17:50:00Z,62.90,2009.19,171.08,1176.10,51.39,2035.12,169.30,685.96,70.43,1928.00,172.96,1095.84,43.58,2115.96,167.85,525.94,305.60,73.29,97.86,277.51,1838.80,3552.64,2.51,148.99,148.47,631.11,3.22,976.05,61.17,532.46
2026-03-12T18:00:00Z,62.93,2005.50,170.91,1170.96,51.58,2036.97,169.50,666.80,70.61,1923.63,172.76,1107.70,43.32,2114.01,168.06,519.77,305.12,71.66,97.26,275.78,1842.51,3548.95,2.41,150.65,149.97,638.00,3.00,968.60,60.92,518.72
2026-03-12T18:10:00Z,62.76,2002.12,170.43,1164.91,51.76,2043.43,169.16,680.55,70.32,1928.49,172.39,1097.65,43.16,2119.21,167.89,516.31,303.65,70.15,98.03,274.38,1842.31,3561.18,2.54,152.17,148.72,635.69,3.05,974.28,61.21,523.31
2026-03-12T18:20:00Z,62.70,2008.47,170.12,1165.46,51.56,2037.26,169.64,695.24,70.62,1936.57,173.09,1093.27,43.10,2123.85,167.45,498.60,304.99,72.03,98.19,275.44,1839.89,3546.08,2.51,151.12,144.42,630.96,2.39,975.16,60.81,529.80
2026-03-12T18:30:00Z,61.95,2023.17,170.54,1164.79,51.70,2035.35,169.74,708.45,70.71,1940.54,172.40,1091.54,42.78,2128.07,166.94,482.50,302.47,68.61,99.16,270.65,1839.23,3552.89,2.56,150.28,144.65,627.20,3.02,969.70,61.19,513.49
2026-03-12T18:40:00Z,62.13,2016.77,170.53,1160.57,51.57,2037.91,170.07,701.42,70.99,1927.73,172.43,1091.00,43.28,2129.08,166.72,486.90,301.13,69.75,99.28,270.36,1839.97,3549.36,2.34,151.48,146.64,625.50,3.20,976.67,60.31,523.70
2026-03-12T18:50:00Z,62.11,2027.93,170.14,1154.70,51.38,2035.72,170.27,675.79,70.94,1924.50,172.11,1100.18,42.86,2132.95,167.11,489.80,301.42,70.81,98.02,267.30,1832.32,3542.90,2.13,150.57,147.41,636.99,3.03,959.20,61.91,531.49
2026-03-12T19:00:00Z,62.11,2022.68,170.11,1151.10,51.66,2034.11,169.89,683.28,70.68,1926.06,172.58,1097.82,42.57,2130.29,166.82,492.03,300.32,70.56,98.02,266.56,1838.90,3537.34,2.45,150.46,145.24,628.83,2.90,976.22,60.76,528.07
2026-03-12T19:10:00Z,62.25,2019.63,169.83,1145.02,51.93,2028.51,170.19,699.98,70.40,1945.14,173.01,1091.68,43.10,2124.26,167.08,496.96,296.21,67.28,97.83,267.47,1840.04,3543.37,2.12,150.04,142.15,624.61,3.13,968.22,58.54,522.46
2026-03-12T19:20:00Z,62.10,2025.65,169.68,1130.72,51.84,2019.01,170.33,705.56,70.16,1940.09,172.69,1089.65,43.14,2123.04,167.31,509.80,295.80,68.16,97.71,270.63,1847.42,3546.00,2.48,149.29,141.67,631.84,2.72,975.18,59.37,515.27
2026-03-12T19:30:00Z,61.91,2024.76,169.89,1139.04,51.89,2023.94,170.61,706.86,70.03,1948.58,172.44,1079.90,43.37,2122.30,166.74,503.12,302.08,67.41,97.92,269.20,1845.42,3551.85,2.33,151.36,145.69,634.40,3.24,970.79,60.00,531.27
2026-03-12T19:40:00Z,62.04,2019.67,169.78,1162.86,52.14,2021.81,171.08,714.41,70.15,1946.29,171.98,1081.85,43.56,2106.89,166.82,511.81,303.08,68.43,97.75,273.36,1839.65,3549.98,2.62,150.83,146.19,622.94,2.80,968.34,60.92,516.74
2026-03-12T19:50:00Z,62.04,2020.34,169.94,1163.01,52.48,2017.10,169.97,710.47,70.26,1946.28,172.43,1080.04,43.39,2107.81,167.87,529.61,296.65,71.33,98.13,267.66,1846.51,3559.93,2.53,151.41,143.36,633.53,2.83,970.89,61.88,525.52
2026-03-12T20:00:00Z,61.97,2027.85,170.22,1152.48,52.57,2012.26,169.83,717.36,70.48,1944.45,171.51,1078.16,43.09,2118.50,168.77,506.26,297.72,70.78,97.29,266.18,1828.26,3550.10,2.42,150.58,143.65,629.31,3.12,953.09,60.53,528.56
2026-03-12T20:10:00Z,61.82,2015.99,170.04,1162.69,52.57,2010.28,169.73,706.89,70.75,1935.42,171.97,1093.55,42.83,2127.11,168.45,500.01,296.42,70.13,97.51,267.07,1836.35,3552.79,2.68,152.00,143.36,626.40,2.97,966.21,61.24,524.39
2026-03-12T20:20:00Z,61.79,2034.34,170.20,1150.25,52.29,2020.69,170.35,703.61,70.76,1928.81,171.82,1083.02,43.28,2126.77,168.32,511.76,301.35,69.87,98.08,272.44,1841.50,3555.03,2.61,149.46,143.41,627.18,2.65,975.10,61.49,527.71
2026-03-12T20:30:00Z,62.16,2031.25,170.19,1140.84,52.39,2017.00,170.40,687.57,70.64,1931.49,172.78,1095.99,43.00,2123.68,167.46,501.25,300.98,71.32,98.93,269.33,1840.16,3538.51,2.37,149.97,144.83,631.19,3.33,970.73,60.51,523.39
2026-03-12T20:40:00Z,62.03,2023.91,170.49,1164.13,52.48,2003.65,169.95,702.35,70.25,1943.38,172.92,1087.98,42.39,2136.33,166.42,484.89,296.25,72.09,98.43,267.83,1843.71,3564.06,2.70,152.64,145.25,627.14,3.16,971.81,59.59,524.70
2026-03-12T20:50:00Z,61.73,2021.22,170.17,1155.58,52.69,1998.92,170.53,721.48,70.24,1939.63,172.54,1091.72,42.31,,166.01,481.05,300.77,70.87,99.02,270.21,1843.89,3548.40,2.45,148.71,145.56,635.29,3.17,969.41,59.98,534.19
2026-03-12T21:00:00Z,62.06,2017.81,170.73,1158.51,53.06,1993.14,170.65,726.31,69.88,1959.16,172.40,1077.76,42.46,2144.49,166.50,461.84,298.26,67.82,98.13,267.40,1841.06,3538.94,2.65,150.03,145.69,629.17,2.89,969.39,61.58,519.04
2026-03-12T21:10:00Z,62.11,2022.40,170.39,1164.09,52.88,1991.90,170.96,734.18,70.06,1954.58,171.36,1065.09,42.67,2135.47,167.64,468.56,301.85,68.52,97.76,272.15,1846.45,3552.85,2.34,149.23,147.12,634.79,3.04,981.96,61.04,533.00
2026-03-12T21:20:00Z,62.00,2018.95,169.91,1154.81,52.80,1992.48,170.81,737.55,69.78,1966.04,171.22,1066.99,42.55,2135.40,166.79,459.92,299.30,68.91,97.47,265.95,1833.72,3556.95,2.55,150.54,146.16,630.46,2.99,964.77,60.51,523.93
2026-03-12T21:30:00Z,62.52,2020.91,170.14,1159.82,53.10,1993.82,171.60,745.74,69.34,1966.62,171.64,1054.73,42.91,2128.24,167.02,476.04,301.50,67.13,98.00,268.71,1834.50,3558.57,2.62,150.15,147.63,630.03,2.92,970.66,60.19,527.95
2026-03-12T21:40:00Z,62.53,2013.71,169.60,1160.52,52.97,2000.60,170.87,741.68,69.14,1970.98,172.09,1043.43,42.87,2125.70,166.23,471.44,299.35,68.61,98.39,266.74,1835.14,3549.22,2.61,153.38,144.28,625.93,2.97,963.53,59.38,525.84
2026-03-12T21:50:00Z,62.33,2015.83,169.94,1155.93,53.11,1998.01,170.94,735.00,69.36,1966.27,172.47,1046.70,42.73,2130.49,166.50,469.66,297.87,69.09,97.95,268.70,1836.11,3549.38,2.63,149.85,145.38,631.25,2.79,967.56,59.64,528.94
2026-03-12T22:00:00Z,62.29,2008.92,170.29,1153.13,53.19,1996.03,170.58,733.13,69.38,1954.39,,1055.57,42.51,2131.72,166.61,468.51,299.65,68.69,97.40,269.92,1845.83,3542.60,2.59,148.91,145.08,628.56,3.08,970.77,,514.21
2026-03-12T22:10:00Z,62.48,2001.43,169.56,1158.11,53.34,1990.48,171.13,740.23,69.17,1969.61,171.66,1043.98,42.62,2131.17,166.55,467.96,299.18,70.95,97.47,270.96,1846.27,3558.73,2.72,150.97,143.37,630.80,2.72,974.78,60.91,513.14
2026-03-12T22:20:00Z,62.32,2017.92,170.60,1158.05,53.52,1980.34,170.50,743.98,69.42,1971.73,171.38,1050.62,42.55,2129.57,166.51,482.51,301.47,70.31,98.41,273.42,1837.33,3539.69,2.67,149.21,143.28,632.82,3.00,961.39,60.80,530.00
2026-03-12T22:30:00Z,62.27,2013.03,170.31,1151.61,53.41,1980.01,170.62,744.42,69.54,1946.13,171.97,1073.71,42.78,2122.84,166.85,487.66,294.44,69.86,98.08,266.67,1833.43,3552.47,2.47,149.87,142.57,623.31,2.97,964.30,62.09,519.00
2026-03-12T22:40:00Z,62.75,2004.73,169.80,1158.82,53.22,1985.13,170.53,758.14,69.64,1952.29,172.40,1071.12,42.88,2126.42,167.55,483.72,299.84,70.61,97.46,271.51,1842.77,3558.31,2.37,150.80,144.20,631.60,3.06,974.73,60.78,523.56
2026-03-12T22:50:00Z,62.94,2007.11,170.53,1164.93,53.53,1982.20,170.74,756.68,69.82,1954.31,171.94,1066.20,42.98,2133.69,167.54,490.93,300.52,73.12,98.24,273.67,1851.36,3552.89,2.66,150.39,144.49,626.33,3.14,976.75,59.57,529.06
2026-03-12T23:00:00Z,62.70,2007.42,170.58,1175.39,53.33,1983.59,170.46,766.28,70.26,1944.12,172.23,1069.33,42.37,2127.78,167.76,492.42,300.17,70.32,98.42,,1844.38,3552.08,2.43,150.94,146.83,628.01,3.16,975.06,58.96,519.40
2026-03-12T23:10:00Z,62.81,2006.26,171.16,1181.26,53.24,1987.54,169.99,764.48,70.13,1942.59,172.24,1061.78,42.64,2128.70,168.09,484.06,299.58,70.47,97.64,271.15,1835.60,3543.50,2.41,149.25,143.40,623.72,2.85,970.51,59.08,518.57
2026-03-12T23:20:00Z,63.02,1991.23,171.41,1177.62,53.08,1988.59,170.49,754.82,70.41,1940.30,171.97,1079.66,42.96,2135.22,166.55,493.53,300.87,72.50,97.74,272.51,1839.40,3552.32,2.36,151.04,146.45,629.33,3.04,963.90,59.68,524.03
2026-03-12T23:30:00Z,62.66,2007.55,171.69,1182.01,53.15,1983.80,170.41,753.60,70.67,1935.49,171.97,1090.31,43.36,2138.00,166.46,484.07,306.24,70.98,97.66,274.36,1848.00,3538.93,2.40,151.35,150.04,633.72,3.09,970.86,60.19,516.15
2026-03-12T23:40:00Z,62.50,2002.88,170.81,1171.56,53.47,1981.07,170.73,758.01,71.09,1913.04,172.22,1105.07,43.42,2132.10,166.34,493.63,301.98,71.90,96.92,272.02,1848.19,3549.29,2.71,151.98,144.44,631.47,3.16,978.21,60.68,527.39
2026-03-12T23:50:00Z,62.52,2009.89,170.29,1173.60,53.46,1990.36,171.43,751.18,71.21,1922.28,172.12,1107.82,43.49,2121.98,167.28,512.99,303.02,70.47,97.70,274.31,1843.64,3549.97,2.68,151.69,145.34,627.44,2.81,969.29,60.17,513.54
2026-03-13T00:00:00Z,62.38,2015.03,169.59,1152.74,53.32,1990.32,171.09,744.06,71.69,1908.73,172.28,1117.05,44.30,2100.72,167.64,516.79,300.35,72.55,97.17,269.44,1839.20,3559.79,2.42,150.63,144.37,627.30,2.80,972.67,60.42,524.59
2026-03-13T00:10:00Z,62.03,2016.35,169.70,1138.48,53.56,1982.61,170.69,748.70,71.27,1913.29,172.92,1106.02,44.83,2092.22,167.42,528.58,300.73,73.20,97.99,271.67,1835.50,3571.15,2.41,150.67,148.41,642.58,3.05,968.26,61.88,530.23
2026-03-13T00:20:00Z,61.10,2019.64,170.24,1134.61,53.55,1989.39,170.34,759.88,70.92,1908.38,172.79,1126.44,45.04,2079.42,167.11,532.41,306.76,73.10,98.27,270.59,1843.49,3554.24,2.48,149.48,148.07,636.43,2.80,975.55,61.07,521.57
2026-03-13T00:30:00Z,60.48,2050.05,169.94,1121.20,53.45,1976.40,170.67,749.86,70.71,1912.79,172.94,1127.97,45.23,2074.15,167.56,549.87,303.79,75.80,98.53,270.00,1842.13,3525.97,2.45,149.23,146.25,635.06,,970.64,60.61,525.13
2026-03-13T00:40:00Z,60.42,2058.45,169.28,1105.14,53.71,1972.23,170.55,754.14,70.43,1926.85,173.82,1110.68,45.19,2070.38,167.93,545.37,303.38,74.25,98.46,273.61,1844.06,3566.01,2.34,149.94,149.15,630.45,3.00,977.05,60.66,527.03
2026-03-13T00:50:00Z,60.33,2056.77,168.69,1102.89,53.75,1984.08,170.85,762.02,70.44,1933.59,173.26,1100.26,45.24,2071.59,168.06,544.68,304.64,74.01,97.48,270.34,1837.33,3540.67,2.57,150.70,146.24,633.72,2.74,971.78,59.98,527.49
2026-03-13T01:00:00Z,60.03,2063.46,168.53,1081.32,53.73,1979.64,171.36,758.49,70.58,1931.20,172.32,1097.03,44.75,2064.77,168.76,548.64,302.28,74.38,97.73,274.02,1835.56,3545.28,2.38,150.85,146.86,631.91,2.84,963.58,60.49,522.99
2026-03-13T01:10:00Z,59.97,2064.56,168.73,1079.79,54.00,1967.54,170.85,759.02,70.66,1929.64,172.22,1096.01,45.24,2071.98,168.89,558.46,301.06,74.17,98.10,271.71,1840.06,3552.17,2.50,150.75,149.75,633.65,2.85,970.84,61.21,530.08
2026-03-13T01:20:00Z,59.41,2084.80,168.32,1066.57,54.00,1972.01,170.80,759.82,70.94,1920.13,172.49,1103.05,45.60,2068.71,169.35,563.18,303.10,72.64,97.65,270.08,1843.31,3557.04,2.55,150.65,149.11,631.16,2.80,963.44,60.40,523.67
2026-03-13T01:30:00Z,59.45,2081.95,168.18,1060.08,53.72,1976.36,171.03,779.04,71.01,1919.81,172.65,1110.22,46.28,2061.60,168.93,576.31,304.92,70.81,97.86,274.96,1844.38,3547.51,2.52,150.02,147.58,631.79,3.03,972.91,59.52,518.86
2026-03-13T01:40:00Z,59.02,2093.74,168.11,1057.14,53.51,1980.03,171.45,764.09,70.69,1927.12,171.69,1104.78,46.92,2042.82,169.39,595.57,306.88,69.73,98.57,274.36,1840.66,3538.40,2.64,150.31,148.96,632.76,2.87,977.88,61.51,528.16
2026-03-13T01:50:00Z,58.61,2103.57,167.17,1044.02,53.66,1983.89,171.31,750.28,70.44,1935.17,172.02,1087.86,46.91,2039.54,168.99,607.72,304.33,67.88,97.96,270.77,1847.14,3552.64,2.68,151.45,147.11,623.66,3.09,970.27,61.77,526.18
2026-03-13T02:00:00Z,58.44,2106.08,167.13,1030.21,53.41,1987.70,171.38,737.93,70.65,1941.20,172.59,1110.47,47.35,2016.41,170.25,624.64,294.01,69.01,97.49,262.91,1842.15,3563.26,2.63,150.23,141.86,618.29,2.89,971.87,61.88,520.66
2026-03-13T02:10:00Z,58.35,2108.14,168.16,1022.48,53.51,1983.97,170.95,751.94,70.03,1947.98,172.85,1089.91,47.65,2015.12,169.38,629.28,299.46,69.26,98.02,271.43,1841.96,3542.13,2.46,148.94,146.62,636.32,3.19,964.52,61.54,530.32
2026-03-13T02:20:00Z,58.04,2116.80,167.80,1018.74,53.76,1982.48,171.52,762.37,69.88,1952.13,172.82,1087.15,47.69,2016.41,169.38,643.15,295.18,69.66,98.26,264.20,1833.44,3543.55,2.60,150.47,143.45,623.58,3.25,962.62,61.23,522.52
2026-03-13T02:30:00Z,57.63,2134.63,167.55,1011.66,53.50,1988.54,171.85,750.33,69.77,1958.93,172.69,1066.16,48.00,2011.18,170.12,656.55,298.31,71.63,98.56,272.53,1836.95,3541.01,2.62,152.09,143.10,629.96,3.23,972.07,62.38,519.98
2026-03-13T02:40:00Z,57.23,2141.78,167.38,984.66,53.83,1987.50,171.69,748.62,69.74,1952.30,172.76,1074.22,48.51,1997.65,170.26,671.18,295.29,69.64,97.74,265.98,1825.87,3557.98,2.44,149.93,140.87,625.43,3.07,963.69,61.41,526.76
2026-03-13T02:50:00Z,57.33,2140.01,167.50,987.03,53.33,1993.51,170.95,732.39,70.20,1946.24,172.23,1068.89,48.85,1982.25,170.52,698.26,300.96,71.18,98.93,272.14,1848.35,3566.11,2.40,147.79,147.18,630.13,2.98,981.86,59.56,537.97
2026-03-13T03:00:00Z,57.34,2147.78,166.81,992.98,52.88,2003.04,170.32,727.81,69.86,1939.54,171.99,1069.04,49.41,,170.49,697.92,303.45,71.16,98.15,275.66,1844.11,3553.26,2.67,150.76,146.36,634.05,2.90,974.44,60.45,524.10
2026-03-13T03:10:00Z,,2147.28,167.29,992.81,52.79,1993.35,170.34,726.99,69.60,1942.96,171.99,1050.65,49.42,1961.06,171.62,694.81,297.35,71.75,98.46,270.59,1840.53,3547.90,2.55,149.68,144.52,626.17,2.88,966.95,61.42,523.52
2026-03-13T03:20:00Z,57.14,2130.01,167.34,994.21,52.31,2008.23,170.60,729.98,69.45,1954.14,171.49,1064.86,49.94,1951.47,171.19,714.74,305.72,69.22,98.17,271.98,1842.87,3545.98,2.53,150.92,149.38,647.28,3.11,964.90,60.47,541.24
2026-03-13T03:30:00Z,57.05,2136.51,166.02,993.46,52.52,2005.24,170.80,722.50,69.09,1971.91,172.03,1048.28,50.18,1935.98,171.35,736.08,297.52,68.09,97.95,267.10,1837.97,3555.91,2.70,150.56,143.21,626.35,3.15,968.81,60.59,517.12
2026-03-13T03:40:00Z,56.93,2145.02,165.73,987.16,52.25,2009.02,169.66,711.17,68.81,1972.30,171.50,1044.85,50.36,1943.20,171.96,733.27,298.16,69.42,98.28,266.57,1841.12,3551.20,2.09,150.97,144.46,634.43,3.04,966.05,62.15,526.61
2026-03-13T03:50:00Z,56.58,2166.91,166.03,974.31,52.46,2017.33,169.91,708.86,68.81,1978.80,171.25,1038.38,50.50,1946.85,172.05,736.67,295.74,70.98,98.08,268.28,1838.81,3552.02,2.40,149.85,141.04,622.74,3.40,968.67,61.18,515.60
2026-03-13T04:00:00Z,56.81,2160.88,166.16,970.35,51.98,2022.21,169.62,701.82,68.92,1982.37,171.18,1047.74,50.49,1944.37,172.16,739.94,295.87,70.35,98.47,264.57,1838.31,3555.43,2.31,150.27,143.51,632.47,3.18,961.33,60.76,531.40
2026-03-13T04:10:00Z,56.40,2163.20,166.19,961.24,52.09,2017.46,169.86,716.36,68.39,1972.64,171.70,1058.32,50.36,1947.69,172.66,742.84,301.80,70.41,98.63,271.60,1842.75,3546.72,2.84,149.40,147.13,636.01,2.86,972.15,62.09,521.02
2026-03-13T04:20:00Z,56.12,2172.26,166.74,972.36,52.32,2017.47,169.97,702.90,68.08,1984.44,170.94,1044.78,50.11,1952.01,172.45,736.97,301.48,70.70,98.41,273.25,1840.64,3557.71,2.43,151.65,146.29,629.02,2.76,975.68,61.30,522.70
2026-03-13T04:30:00Z,56.40,2163.51,166.43,960.66,52.25,2026.09,170.16,694.56,68.09,1998.81,171.37,1032.08,50.60,1935.95,172.13,751.33,296.92,71.88,97.83,265.05,1834.68,3547.03,2.35,150.82,146.69,630.90,3.09,969.41,61.14,515.21
2026-03-13T04:40:00Z,56.26,2162.20,166.24,959.27,52.71,2009.13,170.10,717.71,67.96,1998.10,171.36,1019.18,50.63,1928.28,171.74,754.67,299.49,69.07,98.13,268.04,1838.54,3566.05,2.31,150.88,144.21,629.40,2.90,975.26,61.28,519.92
2026-03-13T04:50:00Z,55.84,2166.07,165.40,949.49,53.12,2010.28,170.63,726.10,68.22,1989.17,171.62,1007.29,50.48,1936.11,172.23,760.96,296.37,68.39,97.84,266.49,1837.26,3551.02,2.41,149.28,143.85,636.05,2.86,972.89,60.13,529.53
2026-03-13T05:00:00Z,55.80,2174.03,165.88,932.44,52.88,2006.73,171.12,732.99,68.39,1980.91,171.50,1030.09,50.28,1941.12,172.02,749.37,295.91,70.25,98.30,263.91,1831.58,3555.13,2.28,149.31,143.64,634.46,3.05,971.03,59.31,531.36
2026-03-13T05:10:00Z,55.79,2178.25,165.84,936.33,52.36,2016.13,170.89,734.31,67.95,1989.64,171.68,1037.58,50.52,1935.20,172.29,757.09,298.36,67.64,98.49,273.82,1854.65,3542.17,2.80,150.63,145.30,636.20,2.97,973.52,58.95,538.51
2026-03-13T05:20:00Z,55.49,2177.26,166.01,941.30,52.31,2010.12,171.07,722.92,67.87,1997.85,171.15,1019.04,50.36,1940.46,172.42,750.21,295.37,68.82,98.79,262.38,1834.46,3551.85,2.54,147.36,143.80,622.29,2.91,981.72,60.13,515.45
2026-03-13T05:30:00Z,55.25,2186.76,166.01,917.09,52.46,2018.31,170.80,710.12,67.77,1995.70,171.19,1014.37,50.62,1939.87,172.78,753.95,295.78,70.36,99.12,260.22,1830.87,3543.27,2.32,150.28,144.36,629.10,3.04,961.84,59.74,520.25
2026-03-13T05:40:00Z,55.08,2189.97,165.97,904.59,52.57,2008.87,169.95,710.01,67.81,1994.73,170.89,1006.55,50.62,1927.05,172.35,762.92,292.49,69.99,98.05,261.60,1830.06,3533.60,2.27,150.34,140.37,626.35,3.07,961.65,60.89,520.43
2026-03-13T05:50:00Z,55.05,2196.10,165.39,888.93,52.44,2016.91,169.61,714.54,67.69,1997.07,170.50,1005.56,50.57,1930.40,173.21,757.36,294.55,69.27,97.53,267.61,1834.82,3550.94,2.73,150.72,143.37,635.20,2.75,967.90,61.74,522.92
2026-03-13T06:00:00Z,54.56,2200.74,165.16,892.24,52.52,2026.98,169.27,705.97,67.71,2000.81,170.46,985.39,50.91,1929.13,172.36,759.12,294.01,68.38,98.39,264.39,1832.67,3550.09,2.19,150.58,142.76,620.74,2.52,969.04,61.56,512.13
2026-03-13T06:10:00Z,54.80,2200.85,165.01,891.90,52.47,2018.75,169.78,711.42,68.03,2000.78,170.46,1001.54,51.09,1915.76,172.22,765.22,292.63,66.38,98.18,261.07,1834.73,3545.70,2.63,151.80,140.03,622.10,2.98,967.92,61.52,515.22
2026-03-13T06:20:00Z,54.63,2208.92,165.44,870.04,52.90,2004.55,170.36,718.57,67.36,1998.28,170.42,988.88,51.51,1912.37,172.41,782.92,293.31,66.57,97.94,265.48,1836.01,3552.94,2.31,148.40,141.30,630.95,2.90,963.68,61.98,525.07
2026-03-13T06:30:00Z,54.82,2212.82,164.80,879.73,52.94,2010.28,169.89,714.29,67.14,2014.78,170.64,988.80,51.79,1896.48,172.69,795.33,297.11,69.05,97.57,267.81,1835.71,3553.71,2.40,149.48,144.49,629.59,3.14,961.31,61.09,528.42
2026-03-13T06:40:00Z,54.80,2196.59,165.32,882.09,52.86,2005.54,170.55,722.49,67.42,2020.93,171.14,981.99,52.19,1905.88,173.81,807.49,291.74,70.05,97.79,263.10,1832.28,3549.81,2.66,151.54,143.41,631.18,2.82,966.41,61.76,519.10
2026-03-13T06:50:00Z,54.63,2203.53,164.94,891.63,53.23,2000.91,170.77,739.80,67.72,2011.80,170.70,979.39,51.97,1910.93,173.82,804.94,294.05,69.80,97.99,266.03,1836.34,3557.94,2.34,153.78,141.51,621.89,2.81,964.10,61.18,520.24
2026-03-13T07:00:00Z,54.48,2206.90,165.21,900.79,53.41,1990.28,171.16,747.19,67.79,2002.85,170.18,983.44,51.98,1902.44,174.03,811.31,298.22,73.78,96.78,266.59,1832.11,3566.70,2.82,150.23,141.34,621.30,3.39,967.65,61.57,508.02
2026-03-13T07:10:00Z,53.84,2219.53,164.97,889.39,53.33,1989.06,171.39,757.96,68.14,2002.65,169.21,987.79,52.18,1893.54,173.86,806.06,297.27,71.09,97.58,264.69,1835.28,3538.39,2.47,149.03,143.30,627.15,3.26,965.89,61.34,521.65
2026-03-13T07:20:00Z,53.57,2223.71,164.80,871.45,53.46,1988.29,171.68,751.48,68.17,1995.13,169.67,1003.90,51.97,1901.08,173.08,798.63,295.92,67.49,97.77,265.80,1830.82,3542.65,2.39,150.50,143.90,631.63,2.92,964.95,60.61,531.54
2026-03-13T07:30:00Z,53.17,2238.64,164.63,855.49,53.99,1985.33,171.71,759.55,68.15,1995.67,169.97,1006.05,52.35,1909.53,172.70,804.77,295.95,70.14,98.22,271.06,1837.42,3541.52,2.49,150.31,142.78,622.64,2.85,964.39,62.38,506.33
2026-03-13T07:40:00Z,52.75,2251.42,164.59,843.73,53.85,1984.40,171.39,766.60,67.93,1998.22,170.48,1015.40,52.53,1904.26,173.05,812.16,297.08,71.06,97.34,266.99,1832.28,3558.76,2.40,150.07,143.87,624.79,2.88,964.43,60.73,535.49
2026-03-13T07:50:00Z,52.55,2257.64,163.57,826.91,53.66,1980.39,171.82,761.51,67.92,1997.12,170.48,1005.31,52.79,1890.83,172.84,808.94,296.27,67.77,98.02,265.92,1832.66,3547.97,2.47,150.41,143.67,630.96,3.45,975.45,60.94,529.15
2026-03-13T08:00:00Z,52.68,2262.35,164.04,824.22,53.13,1990.94,170.96,760.96,68.10,2002.26,170.62,1005.13,52.85,1885.45,172.65,794.59,296.61,67.37,98.34,265.78,1833.02,3547.51,2.60,150.35,142.52,627.16,2.54,965.10,58.77,516.30
2026-03-13T08:10:00Z,53.26,2246.85,163.95,832.63,53.50,1996.94,170.37,758.65,68.04,1992.42,170.67,1000.03,52.67,1889.12,172.98,805.06,299.31,66.74,98.29,269.14,1838.06,3547.82,2.56,150.29,144.04,631.75,3.09,964.84,59.80,521.63
2026-03-13T08:20:00Z,53.08,2258.94,163.71,835.92,53.30,1994.90,171.12,744.69,68.19,1989.09,170.53,1011.58,53.34,1884.91,173.76,825.98,300.54,68.52,98.21,272.83,1838.20,3553.82,2.66,151.12,145.05,628.30,3.01,971.67,61.82,518.68
2026-03-13T08:30:00Z,53.15,2250.50,162.33,819.84,53.20,2004.55,171.04,741.28,67.85,2004.03,170.99,1015.11,53.54,1864.45,174.88,838.28,300.15,70.99,97.47,269.61,1843.89,3547.50,2.50,149.31,145.75,625.64,3.12,972.31,62.16,515.37
2026-03-13T08:40:00Z,53.50,2235.18,162.75,830.13,53.29,1993.55,171.33,750.43,67.94,2002.39,170.64,1018.71,53.57,1850.65,174.74,853.65,306.56,71.34,97.67,275.02,1848.51,3553.49,2.60,152.33,146.36,633.17,2.85,975.07,61.35,523.19
2026-03-13T08:50:00Z,53.81,2232.60,163.14,833.39,53.11,2004.90,171.59,744.28,67.96,1997.71,170.68,1025.34,53.57,1876.39,174.76,855.66,301.54,69.40,98.14,273.64,1845.62,3559.18,2.52,150.63,144.69,630.82,2.85,967.61,60.18,521.87
2026-03-13T09:00:00Z,54.18,2225.32,163.14,856.86,53.12,1999.61,171.35,729.69,67.53,2007.37,171.69,1014.69,53.35,1871.67,174.23,817.04,304.39,67.39,97.59,275.27,1852.28,3548.66,2.01,152.47,147.00,632.60,2.98,976.80,60.13,526.00
2026-03-13T09:10:00Z,53.79,2225.01,163.67,866.49,53.36,1979.75,170.17,741.04,67.71,2010.68,170.98,1003.69,53.28,1871.54,175.01,845.84,308.15,69.49,97.44,277.77,1849.38,3559.70,2.68,150.06,149.51,633.62,3.09,975.80,61.61,521.52
2026-03-13T09:20:00Z,54.00,2221.02,163.66,871.66,53.45,1975.34,170.63,733.28,67.81,2008.35,170.60,992.75,53.72,1861.16,173.74,845.13,303.33,70.23,97.25,275.23,1842.08,3546.78,2.53,150.60,145.76,627.22,3.02,967.32,60.62,535.63
2026-03-13T09:30:00Z,54.19,2214.50,164.00,869.84,53.37,1987.47,170.71,731.82,68.42,2004.76,170.18,1005.84,53.75,1853.06,173.73,858.65,302.19,69.91,97.37,269.45,1851.18,3544.29,2.63,150.95,145.51,630.79,3.24,978.10,60.50,517.44
2026-03-13T09:40:00Z,54.42,2223.37,163.99,864.56,53.26,1993.81,169.95,742.23,68.79,1998.48,170.92,1019.95,53.59,1854.39,175.01,861.09,310.27,70.25,97.67,274.96,1850.94,3541.44,2.48,150.34,150.83,635.73,2.97,972.32,60.05,528.03
2026-03-13T09:50:00Z,54.83,2210.09,163.55,884.64,53.17,1998.33,170.82,747.29,69.04,1993.37,171.28,1017.35,53.38,1859.36,174.79,848.04,307.17,71.16,97.20,272.48,1842.12,3532.34,2.64,148.46,149.63,638.83,3.17,973.34,60.29,537.79
2026-03-13T10:00:00Z,54.67,2210.93,164.33,881.44,52.84,1991.67,171.00,743.43,68.70,1989.86,171.36,1016.37,53.43,1872.98,174.39,854.68,306.96,70.80,98.89,275.42,1843.21,3565.49,2.59,150.52,148.89,636.26,2.91,972.36,61.26,534.94
2026-03-13T10:10:00Z,54.67,2213.45,165.05,891.23,52.71,2005.70,170.41,736.02,68.52,1991.20,171.02,1008.70,53.24,1872.38,174.55,839.30,308.10,72.06,98.09,278.35,1851.67,3552.13,2.47,150.74,149.91,636.51,2.76,979.08,59.97,527.69
2026-03-13T10:20:00Z,54.79,2204.87,164.45,884.74,52.37,2005.08,170.14,741.39,68.63,1983.19,170.45,1012.55,53.28,1869.48,174.43,852.74,301.44,69.83,98.58,268.76,1838.66,3549.99,2.35,149.13,144.89,630.48,3.07,971.42,60.95,518.14
2026-03-13T10:30:00Z,54.65,2200.53,164.12,886.38,52.67,1999.97,170.57,723.89,68.92,1985.37,170.81,1013.20,52.89,1862.66,174.47,853.36,302.31,68.48,98.73,273.95,1846.96,3545.68,2.83,151.25,147.45,630.65,2.65,975.33,61.17,524.93
2026-03-13T10:40:00Z,54.47,2212.24,164.48,882.83,52.83,2003.10,170.07,726.74,69.09,1979.96,170.93,1024.02,52.76,1871.18,174.12,843.99,299.37,68.51,98.31,267.69,1841.04,3559.35,2.60,151.65,144.48,631.61,2.85,974.40,61.22,533.13
2026-03-13T10:50:00Z,54.31,2222.12,164.66,876.21,52.60,2011.80,169.51,723.11,69.20,1976.74,170.52,1040.55,53.02,1868.58,174.13,842.99,299.04,68.72,97.61,270.31,1850.79,3554.57,2.80,151.22,144.47,629.06,2.88,971.40,60.41,532.85
2026-03-13T11:00:00Z,53.62,2230.55,165.15,862.08,52.14,2022.39,169.74,712.02,68.86,1974.49,170.74,1033.53,53.20,1865.05,174.21,853.33,299.20,69.75,97.47,265.64,1838.04,3543.08,2.56,148.24,143.29,626.01,3.07,972.32,59.70,522.01
2026-03-13T11:10:00Z,53.71,2234.80,164.83,848.60,51.68,2023.00,169.63,698.24,68.76,1987.20,170.83,1021.68,52.48,1886.06,,829.32,299.98,69.19,97.26,269.46,1845.52,3562.15,2.69,151.92,146.67,632.93,2.83,978.33,62.32,534.30
2026-03-13T11:20:00Z,53.14,2242.99,163.68,839.57,51.16,2031.29,170.34,677.70,68.74,1987.38,170.72,1018.72,52.56,1884.04,173.65,834.48,300.65,68.49,96.76,270.76,1830.29,3545.96,2.26,149.94,147.03,631.96,3.06,966.07,60.76,535.21
2026-03-13T11:30:00Z,53.41,2241.09,162.93,831.67,51.30,2046.89,169.72,678.84,68.66,1995.38,170.92,1020.66,52.52,1892.12,173.86,822.21,297.95,69.38,96.93,268.47,1839.58,3536.89,2.44,149.25,142.76,629.23,2.91,966.66,61.64,522.06
2026-03-13T11:40:00Z,53.44,2241.69,162.99,833.02,51.59,2033.83,169.49,671.56,68.84,1992.91,170.96,1020.54,52.09,1896.69,174.27,820.40,295.87,65.29,96.90,267.62,1837.19,3561.02,2.56,151.19,143.27,627.28,2.72,957.62,62.50,526.02
2026-03-13T11:50:00Z,53.31,2247.70,163.42,833.49,51.83,2028.30,169.04,680.21,68.53,1988.35,171.05,1020.21,52.20,1898.94,174.09,813.28,295.16,66.13,96.74,264.61,1845.52,3552.37,2.63,150.70,141.96,623.72,2.96,969.70,62.14,521.78
2026-03-13T12:00:00Z,53.65,2246.84,163.43,838.58,51.81,2032.59,170.11,694.63,68.41,1989.17,170.37,1020.28,51.89,1914.34,173.46,809.05,296.18,68.89,96.42,269.44,1838.80,3562.53,2.57,151.40,143.99,624.86,3.07,974.26,61.33,522.32
2026-03-13T12:10:00Z,53.77,2240.55,163.63,851.08,51.69,2033.76,170.48,716.07,68.33,1983.23,170.35,1028.80,51.80,1907.12,173.15,820.29,292.15,67.98,96.15,262.21,1841.29,3548.97,2.63,148.69,139.63,625.01,3.04,971.73,60.64,517.75
2026-03-13T12:20:00Z,53.93,2230.90,163.33,866.04,51.39,2028.83,170.50,701.55,68.28,2000.37,171.24,1016.31,51.81,1908.89,172.83,808.64,294.97,69.37,97.64,267.55,1840.62,3549.86,2.52,150.09,141.88,629.21,3.09,972.23,61.58,516.81
2026-03-13T12:30:00Z,54.00,2234.54,163.66,853.13,51.24,2043.57,170.54,677.07,68.35,2001.04,171.49,1000.26,51.86,1892.58,173.97,816.60,300.20,67.28,97.51,267.06,1846.73,3556.39,2.59,150.56,144.54,633.27,2.85,972.90,61.26,521.98
2026-03-13T12:40:00Z,53.95,2239.92,164.59,856.78,50.81,2057.20,170.35,662.63,68.51,2000.98,171.03,1008.54,52.20,1898.10,174.08,820.87,298.19,69.46,97.64,269.84,1840.93,3552.04,2.40,148.04,144.96,620.22,2.89,974.31,60.27,509.75
2026-03-13T12:50:00Z,53.73,2250.02,164.41,858.68,50.65,2055.06,170.24,665.50,68.47,1993.20,170.88,1014.42,52.13,1908.07,173.49,803.12,292.73,70.77,97.32,262.74,1833.44,3539.97,2.58,150.54,142.07,625.87,2.98,967.36,60.75,508.02
2026-03-13T13:00:00Z,54.01,2239.28,164.57,855.01,50.68,2059.50,170.32,661.99,68.25,1997.10,170.38,1019.67,52.26,1898.83,173.30,815.45,291.61,68.65,96.84,261.10,1830.38,3543.48,2.57,150.12,143.57,632.90,2.96,959.68,59.59,523.55
2026-03-13T13:10:00Z,54.08,2230.55,164.28,843.14,51.21,2043.79,170.07,675.94,68.29,1994.90,170.07,1007.75,51.98,1888.34,172.92,802.29,290.79,65.69,97.22,263.68,1835.24,3542.01,2.50,150.10,139.33,623.54,2.78,966.99,59.99,510.55
2026-03-13T13:20:00Z,53.94,2225.83,164.07,864.60,51.25,2039.00,169.97,670.11,67.94,2003.27,170.92,995.49,52.02,1890.78,173.33,807.91,295.01,67.14,98.40,265.56,1840.30,3556.47,2.50,150.13,142.79,629.44,3.30,962.60,60.96,520.37
2026-03-13T13:30:00Z,54.23,2225.66,164.33,869.85,51.58,2041.10,169.70,678.68,68.03,1995.65,170.90,1013.41,52.03,1891.97,173.79,817.09,298.44,70.51,98.40,267.19,1850.35,3545.10,2.47,150.87,146.46,637.03,3.01,977.03,60.91,522.92
2026-03-13T13:40:00Z,54.41,2217.69,163.54,863.87,51.32,2043.67,169.54,676.07,67.73,1998.39,171.23,1003.22,51.81,1890.21,174.19,806.55,295.38,69.44,98.02,265.68,1827.40,3541.09,2.28,148.73,141.93,626.21,3.11,954.40,60.49,522.36
2026-03-13T13:50:00Z,54.51,2211.76,164.39,873.86,51.36,2047.64,169.73,682.04,68.15,2001.22,170.41,1001.07,51.34,1899.27,173.37,787.96,303.01,70.70,97.28,271.59,1848.96,3554.53,2.49,151.12,147.97,642.48,2.64,972.57,60.75,534.43
2026-03-13T14:00:00Z,54.70,2208.48,165.24,875.68,51.60,2039.82,169.59,671.46,68.33,1998.47,170.78,1014.09,51.23,1910.99,173.00,786.86,294.59,67.72,98.22,265.21,1837.53,3570.08,2.47,151.01,141.35,625.37,3.11,965.74,60.40,514.08
2026-03-13T14:10:00Z,54.47,2201.89,164.86,881.72,51.65,2039.70,169.79,671.54,68.50,1981.74,171.19,1016.27,51.00,1922.21,173.24,775.19,297.68,67.34,98.47,269.87,1835.56,3545.53,2.66,149.66,146.48,627.29,3.26,969.76,62.32,530.00
2026-03-13T14:20:00Z,54.53,2209.07,164.84,886.60,51.51,2048.77,169.35,666.73,68.47,1986.88,171.04,1025.41,51.11,1924.05,173.38,772.92,294.10,68.44,97.82,267.80,1831.69,3542.93,2.60,150.57,142.54,623.83,2.58,964.87,61.65,514.43
2026-03-13T14:30:00Z,54.28,2208.84,165.33,882.05,51.78,2034.79,170.17,677.78,68.38,1986.62,170.82,1027.80,51.07,1918.51,172.21,768.49,295.29,68.52,97.51,263.43,1837.42,3549.22,2.47,150.44,141.82,628.18,2.68,966.75,61.12,516.47
2026-03-13T14:40:00Z,54.24,2208.37,165.22,872.64,52.06,2023.93,170.08,679.93,68.16,1980.89,171.56,1042.46,51.35,1919.47,172.88,766.27,288.95,69.52,97.07,263.81,1834.15,3552.42,2.65,149.76,139.78,623.73,3.14,967.62,59.68,516.79
2026-03-13T14:50:00Z,53.94,2219.70,165.08,869.00,52.08,2032.19,169.81,682.55,68.34,1981.60,171.64,1034.91,51.80,1912.44,173.38,786.98,292.83,68.67,97.58,260.29,1841.63,3546.91,2.65,149.44,141.31,621.93,3.10,972.12,60.46,517.73
2026-03-13T15:00:00Z,53.96,2227.13,165.18,858.47,52.47,2027.39,170.01,693.53,68.37,1993.63,171.76,1022.71,52.09,1906.04,172.20,784.68,291.03,68.74,96.97,258.70,1836.41,3557.20,2.22,152.65,137.70,619.24,2.73,968.57,59.67,500.65
2026-03-13T15:10:00Z,53.97,2225.55,164.83,845.85,52.38,2019.23,170.09,692.61,68.49,1988.65,172.41,1012.41,52.08,1903.08,173.38,793.42,291.62,69.90,97.31,266.87,1833.70,3544.15,2.62,150.79,141.92,625.41,2.78,969.49,59.00,512.45
2026-03-13T15:20:00Z,53.22,2233.81,164.54,842.71,52.41,2021.20,170.11,695.39,68.05,2000.38,171.16,1006.89,52.49,1899.82,174.05,807.57,294.68,70.59,97.29,263.77,1833.54,3548.12,2.33,149.35,143.87,632.25,2.57,969.83,59.94,524.37
2026-03-13T15:30:00Z,53.05,2247.16,164.79,854.27,52.39,2010.90,169.88,706.27,68.07,2010.48,170.56,990.06,52.03,1898.45,173.46,810.45,301.77,68.43,97.81,272.73,1842.73,3549.16,2.41,150.47,143.03,630.57,2.83,968.14,59.95,523.53
2026-03-13T15:40:00Z,53.20,2238.63,164.45,853.28,52.51,2002.82,170.00,712.39,68.04,1998.91,171.17,991.29,51.47,1914.33,173.31,793.61,297.99,69.28,97.22,272.81,1842.92,3538.70,2.46,149.71,144.36,632.79,3.12,972.51,61.00,528.41
2026-03-13T15:50:00Z,53.31,2241.28,164.34,852.63,52.22,2011.91,170.44,724.32,68.07,1996.12,170.84,1004.79,51.77,1913.51,173.72,803.32,294.04,68.92,97.59,263.43,1833.37,3547.76,2.54,150.46,141.63,619.11,3.21,968.08,59.85,518.27
2026-03-13T16:00:00Z,53.33,2248.23,163.84,842.10,52.50,2024.67,170.54,695.07,68.25,2000.06,171.16,994.54,51.84,1914.48,173.60,794.95,297.69,66.82,97.37,267.60,1837.19,3548.92,2.41,151.27,142.02,621.10,3.16,970.51,59.87,513.02
2026-03-13T16:10:00Z,53.36,2238.71,164.20,838.55,52.32,2011.69,170.61,707.02,68.38,1991.90,171.01,1018.78,51.93,1911.15,172.72,791.57,298.28,69.78,97.59,267.15,1840.63,3554.00,2.60,151.80,144.94,635.57,2.60,977.79,60.16,524.70
2026-03-13T16:20:00Z,53.65,2232.41,164.58,851.22,52.57,2012.90,169.65,706.63,68.35,1979.65,171.44,1014.16,51.59,1905.21,172.25,779.70,294.11,68.68,97.22,265.41,1837.36,3560.24,2.98,150.03,139.66,624.66,2.82,965.53,60.54,512.86
2026-03-13T16:30:00Z,54.04,2218.25,163.94,843.48,52.74,2000.19,169.42,713.73,68.78,1977.86,171.41,1034.98,51.71,1903.93,172.82,780.08,296.64,66.14,97.59,265.10,1830.67,3557.44,2.45,148.76,145.01,625.09,3.28,959.76,60.94,521.08
2026-03-13T16:40:00Z,53.89,2221.00,164.12,858.45,53.08,1989.00,170.51,712.76,69.02,1988.69,171.57,1041.21,51.78,1897.70,172.74,793.09,300.92,66.58,98.27,267.42,1833.49,3546.39,2.44,150.82,144.96,632.96,2.90,953.90,62.24,532.27
2026-03-13T16:50:00Z,53.51,2228.60,164.45,838.61,52.68,1995.32,169.92,733.99,68.59,1987.40,171.65,1033.29,51.52,1913.61,173.21,797.66,291.13,70.63,97.84,262.43,1837.26,3552.85,2.28,150.55,139.34,623.88,3.01,958.95,62.67,519.89
2026-03-13T17:00:00Z,53.68,2229.81,164.32,832.77,52.01,2013.38,170.77,717.02,68.85,1977.76,170.88,1035.75,51.61,1912.61,173.55,794.62,294.49,69.52,98.59,268.60,1843.79,3542.85,2.71,151.08,142.10,626.49,2.50,978.21,63.76,521.27
2026-03-13T17:10:00Z,53.63,2231.01,163.90,845.63,51.89,2012.87,170.60,714.15,69.15,1969.78,171.05,1050.23,51.96,1915.77,173.14,802.39,300.96,68.93,98.75,268.73,1836.92,3548.67,2.63,150.38,145.08,628.83,2.91,966.71,62.10,522.93
2026-03-13T17:20:00Z,53.59,2242.79,164.40,846.88,51.87,2020.94,170.35,709.36,69.12,1964.78,171.50,1046.06,52.46,1899.81,172.50,800.51,295.40,68.69,98.12,265.28,1830.41,3552.21,2.56,151.65,144.27,625.74,3.09,960.66,62.64,518.18
2026-03-13T17:30:00Z,53.50,2243.14,164.41,850.63,52.47,2020.19,169.36,692.93,69.22,1968.92,171.16,1049.37,52.99,1881.04,173.14,817.67,294.67,69.31,97.59,263.91,1830.53,3554.14,2.37,148.03,142.74,623.20,2.61,967.17,61.80,518.89
2026-03-13T17:40:00Z,53.55,2242.10,163.52,846.65,52.46,2017.60,169.92,689.73,69.08,1972.70,171.43,1047.99,53.25,1881.64,173.79,839.42,290.64,68.56,97.77,263.24,1827.65,3557.99,2.69,151.86,140.92,619.34,3.07,964.76,60.38,517.01
2026-03-13T17:50:00Z,53.60,2248.30,164.05,838.46,52.61,2006.38,169.74,713.09,69.48,1967.75,171.02,1049.75,53.06,1887.80,173.60,833.07,298.96,67.57,96.30,267.70,1840.56,3545.49,2.50,149.20,146.22,627.45,2.94,973.53,60.76,516.49
2026-03-13T18:00:00Z,53.53,2245.82,164.25,843.76,53.06,2010.62,170.26,724.88,69.44,1969.99,171.44,1051.89,53.00,1870.42,174.18,832.12,296.06,68.92,97.65,263.89,1828.57,3551.55,2.57,149.21,143.90,631.43,3.03,967.13,60.89,526.74
2026-03-13T18:10:00Z,53.43,2238.76,164.27,843.32,53.13,1999.27,170.94,731.69,69.27,1971.57,171.38,1056.44,53.08,1873.07,174.20,844.48,301.45,67.56,98.70,269.88,1835.13,3550.44,2.57,151.25,146.82,623.85,2.95,970.78,60.65,526.42
2026-03-13T18:20:00Z,53.65,2237.01,164.40,858.61,52.41,2009.65,171.60,725.02,68.80,1978.14,171.42,1032.33,53.29,1869.96,174.60,838.69,301.68,69.35,99.09,271.93,1845.17,3552.42,2.29,150.67,144.70,631.91,2.88,975.23,60.66,527.44
2026-03-13T18:30:00Z,53.74,2241.67,164.76,855.24,52.67,2007.14,170.91,710.96,68.73,1975.19,171.43,1045.32,53.14,1875.67,174.01,841.32,303.92,68.37,98.02,270.60,1838.43,3538.80,2.62,148.83,146.83,634.02,2.83,971.84,60.07,524.55
2026-03-13T18:40:00Z,53.67,2224.89,163.85,855.49,52.69,2007.05,170.42,707.15,69.07,1973.62,171.63,1045.15,52.93,1875.16,173.82,837.00,296.70,70.30,98.12,264.82,1832.49,3539.06,2.51,150.77,146.15,630.82,3.09,965.83,60.65,531.71
2026-03-13T18:50:00Z,53.74,2228.80,163.68,857.42,52.42,2004.43,170.19,716.01,69.29,1973.40,170.84,1042.19,52.85,1875.00,173.78,846.36,297.67,71.09,98.02,266.19,1843.25,3550.97,2.66,150.64,142.95,620.07,2.97,981.96,61.03,518.31
2026-03-13T19:00:00Z,53.53,2253.57,163.63,852.09,52.56,2003.74,169.93,732.74,69.05,1971.74,171.29,1041.58,53.26,1867.23,173.32,858.32,302.60,71.26,98.48,274.36,1846.13,3556.52,2.66,150.97,145.90,633.27,3.37,967.17,60.96,527.13
2026-03-13T19:10:00Z,53.53,2238.13,163.76,850.26,52.72,2002.74,170.65,732.01,69.25,1959.29,171.24,1048.63,52.79,1874.84,173.69,848.17,303.63,71.52,97.40,274.33,1843.36,3564.29,2.57,151.20,143.70,631.69,3.10,968.77,61.84,523.52
2026-03-13T19:20:00Z,53.60,2240.82,163.58,842.76,52.58,2013.69,170.40,731.63,69.45,1968.47,171.23,1041.22,52.85,1876.80,174.58,858.57,300.02,69.83,97.48,267.34,1836.33,3547.14,2.67,151.17,144.80,628.80,3.12,977.74,60.41,517.14
2026-03-13T19:30:00Z,53.81,2235.60,163.93,860.76,53.01,2001.73,171.09,730.05,69.23,1979.55,171.23,1043.84,52.41,1884.87,174.01,834.56,301.74,67.81,98.15,271.00,1850.45,3554.13,2.59,151.42,145.23,632.87,2.93,978.57,59.70,527.68
2026-03-13T19:40:00Z,53.62,2232.79,164.11,844.78,53.17,2008.31,170.66,725.59,68.72,1979.93,171.58,1033.54,52.45,1887.40,174.33,838.20,300.36,69.24,98.22,269.15,1832.76,3538.85,2.30,151.27,144.78,630.62,3.02,969.45,59.94,532.92
2026-03-13T19:50:00Z,53.47,2235.05,164.24,839.15,53.25,1999.91,170.25,725.35,68.86,1974.14,170.74,1032.14,52.51,1885.92,174.48,845.40,300.01,69.74,97.92,268.41,1835.99,3558.55,2.42,151.19,146.74,623.95,2.86,973.74,60.00,515.96
2026-03-13T20:00:00Z,53.60,2234.48,164.50,855.68,53.20,1990.71,170.59,748.96,68.64,1974.94,171.65,1033.64,52.76,1884.11,174.66,833.85,303.10,69.67,97.72,272.70,1847.05,3544.35,2.37,150.78,146.93,624.85,3.01,969.08,60.37,508.64
2026-03-13T20:10:00Z,53.67,2236.38,164.62,858.54,52.96,1990.39,170.39,741.50,69.01,1971.33,171.20,1040.52,52.57,1892.04,173.82,839.34,302.56,70.50,97.73,271.21,1837.46,3549.20,2.58,150.13,145.74,634.53,3.20,974.71,61.26,521.73
2026-03-13T20:20:00Z,54.04,2224.97,164.66,860.89,52.78,1976.67,171.44,744.22,69.13,1969.61,171.93,1056.17,52.92,1873.50,173.21,833.10,300.95,67.93,97.85,271.17,1831.54,3558.45,2.60,150.23,144.85,627.68,2.93,964.72,62.47,530.40
2026-03-13T20:30:00Z,54.02,2222.97,165.17,860.48,52.39,1999.16,171.78,745.19,68.94,1976.52,171.11,1029.66,52.76,1874.01,173.33,842.34,300.89,69.25,98.55,268.35,1838.88,3555.52,2.36,150.98,146.23,633.22,3.02,981.24,62.71,527.70
2026-03-13T20:40:00Z,54.08,2222.21,164.63,858.67,52.22,2001.64,171.14,728.20,69.11,1963.23,170.65,1038.58,52.96,1883.02,173.49,837.40,304.41,70.22,98.51,274.00,1847.22,3545.22,2.19,148.60,147.01,630.64,3.28,974.91,62.44,524.45
2026-03-13T20:50:00Z,54.24,2224.12,164.06,865.14,52.29,2004.16,170.97,723.84,69.21,1961.58,170.40,1038.56,52.90,1886.72,173.92,846.95,305.70,69.48,98.02,275.53,1851.60,3553.75,2.26,149.50,148.99,632.96,3.09,978.24,61.65,520.39
2026-03-13T21:00:00Z,54.24,2217.00,164.32,863.82,52.56,2014.24,170.33,723.86,69.40,1958.32,171.26,1055.50,52.97,1875.58,173.72,832.03,306.70,69.87,98.14,277.54,1853.13,3546.84,2.60,149.36,,641.05,2.93,976.51,61.47,527.06
2026-03-13T21:10:00Z,54.35,2206.63,163.71,864.57,52.46,2010.07,170.93,732.41,69.95,1954.85,171.67,1050.11,52.83,,173.42,824.93,305.96,69.16,97.83,275.90,1855.53,3556.94,2.46,149.93,147.66,629.86,2.83,982.85,60.78,524.78
2026-03-13T21:20:00Z,54.24,2221.34,163.76,860.00,52.32,2004.46,170.02,729.08,69.86,1952.27,172.03,1065.42,52.92,1874.13,173.79,825.76,306.07,70.34,98.18,275.42,1840.16,3542.11,2.59,150.84,149.88,638.75,3.12,965.87,59.26,532.74
2026-03-13T21:30:00Z,54.40,2218.27,163.69,862.36,52.42,2017.34,170.32,704.27,69.61,1956.77,173.12,1071.11,53.01,1875.11,173.49,833.00,306.22,70.15,98.26,274.56,1848.47,3551.92,2.76,150.58,149.06,629.06,3.00,976.63,59.93,516.17
2026-03-13T21:40:00Z,54.44,2215.05,163.13,857.61,52.31,2013.55,170.57,710.56,69.66,1957.43,172.31,1072.78,52.71,1879.30,174.35,825.35,298.17,70.04,98.79,271.65,1846.58,3546.66,2.58,150.28,142.47,627.37,2.71,978.06,60.19,526.46
2026-03-13T21:50:00Z,54.26,2219.10,163.98,858.62,52.63,2014.62,170.03,721.78,69.41,1961.49,172.51,1067.04,52.72,1882.57,174.17,820.73,300.04,72.52,98.39,269.02,1845.25,3552.38,2.60,150.32,145.42,635.39,3.13,971.65,60.85,536.15
2026-03-13T22:00:00Z,54.27,2209.51,164.59,878.56,52.36,2022.77,170.00,710.92,69.41,1964.08,172.00,1049.31,52.96,1888.35,174.28,826.08,297.80,72.02,99.30,269.53,1830.41,3556.96,2.52,152.99,145.38,630.41,3.02,965.19,61.20,527.56
2026-03-13T22:10:00Z,53.76,2217.68,163.96,861.38,52.06,2027.44,170.02,707.72,69.36,1960.17,172.23,1046.56,52.86,1885.77,174.89,833.58,300.36,70.37,98.58,272.46,1846.46,3546.37,2.50,150.43,144.59,624.00,2.93,969.28,60.66,523.86
2026-03-13T22:20:00Z,53.75,2235.74,164.62,850.10,52.53,2015.96,170.26,719.34,69.62,1961.16,171.03,1050.37,53.19,1881.50,174.69,846.57,294.67,70.05,98.23,264.04,1835.92,3554.77,2.47,150.84,145.01,628.06,3.00,969.57,61.27,514.87
2026-03-13T22:30:00Z,53.82,2232.00,164.24,857.94,52.79,2004.35,170.27,735.96,69.16,1964.99,171.26,1050.65,53.23,1875.91,174.80,849.03,293.16,68.74,98.24,263.91,1827.66,3549.98,2.68,150.55,140.89,623.13,2.95,960.42,60.79,520.79
2026-03-13T22:40:00Z,54.00,2223.92,164.11,848.74,52.76,1998.98,169.75,726.26,69.24,1971.58,171.84,1036.77,53.24,1881.02,174.34,841.67,296.67,71.24,98.26,264.70,1837.22,3552.58,2.72,151.27,144.22,626.89,3.07,971.11,60.36,520.32
2026-03-13T22:50:00Z,53.86,2223.09,164.04,858.43,52.85,1993.83,170.33,737.68,69.19,1983.76,171.44,1043.65,53.40,1871.77,175.01,858.80,300.91,72.62,97.83,270.24,1852.13,3568.76,2.41,151.54,147.74,631.30,3.10,971.01,61.15,530.38
2026-03-13T23:00:00Z,53.85,2227.65,164.24,865.03,52.78,2000.05,170.55,728.66,69.22,1964.08,171.26,1049.41,53.33,1868.88,174.95,859.11,305.08,70.91,98.41,273.03,1845.55,3570.62,2.47,150.79,149.68,636.33,3.06,975.33,60.74,536.34
2026-03-13T23:10:00Z,53.86,2231.89,164.04,856.39,52.42,2007.75,171.22,713.16,69.25,1967.30,171.17,1044.89,52.86,1874.57,175.37,858.67,304.07,69.25,98.38,270.49,1842.18,3539.57,2.42,151.64,145.59,635.23,3.06,969.45,61.25,535.05
2026-03-13T23:20:00Z,54.22,2222.64,163.99,862.12,52.57,2012.97,169.70,707.71,68.53,1980.65,171.50,1036.73,53.22,1874.38,174.90,855.51,300.47,68.82,97.80,271.76,1846.21,3556.74,2.32,150.56,145.14,634.28,3.01,972.22,61.14,527.80
2026-03-13T23:30:00Z,54.35,2211.36,164.05,878.60,52.85,2010.56,169.06,699.82,68.53,1990.05,171.19,1023.92,53.22,1884.91,174.79,851.52,298.31,70.29,97.02,270.62,1839.87,3550.44,2.40,150.74,142.92,627.93,2.82,966.92,60.55,522.12
2026-03-13T23:40:00Z,54.05,2214.16,164.75,877.35,52.36,2011.28,169.58,710.15,68.59,1986.38,171.01,1020.09,53.34,1883.18,175.16,842.89,301.88,71.86,97.70,273.13,1842.24,3544.08,2.82,150.81,143.73,630.29,2.89,974.03,59.01,521.08
2026-03-13T23:50:00Z,53.99,2227.90,164.61,879.94,52.34,2014.83,170.05,711.26,68.65,1976.93,171.14,1028.80,53.74,1864.68,175.01,857.49,298.62,70.82,97.57,267.17,1827.67,3554.22,2.55,151.02,142.17,622.49,2.64,965.38,60.67,516.39
2026-03-14T00:00:00Z,54.19,2221.70,164.44,876.18,52.64,2006.28,170.02,716.17,68.08,1984.04,171.13,1023.89,53.58,1854.60,174.67,860.82,298.90,70.07,96.66,268.30,1840.06,3546.53,2.61,151.51,142.85,624.53,3.16,963.24,60.74,521.61
2026-03-14T00:10:00Z,53.93,2218.96,164.07,866.52,52.14,2013.11,170.23,714.29,68.64,1991.74,170.56,1023.44,53.61,1852.97,174.81,867.04,297.24,70.04,97.76,263.36,1836.12,3536.55,2.59,149.80,142.10,626.92,2.90,961.43,61.45,516.58
2026-03-14T00:20:00Z,53.95,2226.02,164.81,862.93,52.28,2006.25,169.68,714.32,68.56,1997.93,169.82,1002.90,53.92,1852.52,175.19,866.32,304.00,72.24,98.32,271.46,1844.28,3557.98,2.41,150.64,146.76,634.91,2.90,972.99,61.58,529.50
2026-03-14T00:30:00Z,53.74,2224.08,163.69,861.90,51.93,2022.09,169.17,706.41,68.17,1991.11,169.75,1009.82,53.32,1851.68,174.88,867.73,301.00,71.57,96.96,,1845.21,3552.35,2.47,150.88,146.21,626.35,3.18,969.34,62.28,517.80
2026-03-14T00:40:00Z,53.71,2224.44,163.57,861.45,51.29,2031.91,168.95,702.72,67.77,2003.77,169.28,989.11,53.65,1856.39,175.24,863.28,303.81,72.47,97.37,273.82,1841.67,3539.83,2.36,149.16,147.83,640.08,2.98,969.67,61.24,532.20
2026-03-14T00:50:00Z,53.34,2239.69,164.19,856.25,51.10,2047.33,168.66,682.53,67.82,2000.44,169.95,1009.77,53.32,1862.89,174.88,866.76,298.44,71.70,97.86,270.39,1841.31,3526.13,2.57,149.02,144.33,629.83,2.65,969.36,60.97,533.09
2026-03-14T01:00:00Z,53.43,2243.08,163.99,848.02,50.58,2057.68,169.02,663.36,68.04,1990.00,171.04,1023.81,53.72,1855.97,174.90,872.06,296.09,69.59,97.83,268.02,1832.81,3542.93,2.57,150.38,143.82,628.47,3.11,964.29,60.52,525.86
2026-03-14T01:10:00Z,53.15,2259.13,164.37,833.36,49.87,2063.92,169.28,647.58,68.30,1995.27,170.40,1011.07,53.28,1867.27,174.68,868.45,296.66,70.10,97.39,268.40,1835.00,3530.91,2.30,150.39,142.56,621.06,2.76,967.55,60.15,523.62
2026-03-14T01:20:00Z,53.00,2251.69,164.45,828.47,49.44,2078.47,168.65,629.87,68.72,1979.21,170.56,1008.57,53.30,1869.55,175.26,861.11,298.35,68.75,98.36,266.39,1837.94,3551.54,2.47,149.40,144.77,631.89,2.95,967.82,60.56,522.65
2026-03-14T01:30:00Z,53.01,2248.56,163.58,834.57,49.32,2079.21,168.67,625.33,68.37,1985.17,170.88,1014.85,52.75,1885.80,175.03,831.36,291.87,68.25,97.84,261.23,1833.95,3543.74,2.42,150.73,141.50,620.83,2.73,969.82,60.71,513.96
2026-03-14T01:40:00Z,53.39,2255.89,163.02,831.02,48.81,2100.67,168.66,607.28,68.49,1984.08,171.51,1032.07,52.87,1886.42,174.97,826.75,289.59,66.42,97.61,257.22,1820.12,3546.73,2.54,150.80,140.33,624.63,3.14,958.08,61.09,507.77
2026-03-14T01:50:00Z,53.41,2242.56,162.95,833.53,48.48,2110.69,168.61,592.77,68.85,1991.37,171.70,1028.04,52.91,1887.77,175.59,829.59,290.20,65.55,97.25,261.53,1834.73,3525.58,2.37,150.17,139.23,614.53,2.75,964.82,59.98,505.65
2026-03-14T02:00:00Z,53.22,2252.20,162.61,845.46,48.04,2122.87,167.45,579.04,68.69,1983.15,171.68,1023.53,53.10,1882.87,174.62,842.66,295.63,66.62,97.66,267.99,1839.38,3545.02,2.61,149.41,145.16,630.89,3.22,969.93,59.57,526.52
2026-03-14T02:10:00Z,,2235.33,163.69,836.31,47.65,2131.46,166.34,553.31,68.87,1979.69,171.14,1040.99,53.13,1862.80,174.24,853.29,296.08,67.31,97.51,267.36,1841.85,3550.10,2.62,150.43,144.08,631.28,3.04,965.46,59.73,522.98
2026-03-14T02:20:00Z,53.20,2241.15,163.45,833.74,47.28,2132.08,167.02,541.05,69.05,1973.16,171.41,1049.03,53.13,1863.50,174.12,864.25,296.48,68.22,96.20,266.11,1840.63,3553.20,2.82,151.46,142.22,627.12,3.04,966.82,59.67,516.91
2026-03-14T02:30:00Z,53.40,2242.60,163.60,837.86,46.90,2152.15,167.36,539.74,69.25,1965.83,171.31,1051.86,53.10,1856.63,174.20,861.00,299.29,67.03,96.11,265.96,1832.40,3545.19,2.25,149.67,142.26,628.94,3.01,968.55,60.81,515.73
2026-03-14T02:40:00Z,53.59,2231.44,163.70,834.63,46.68,2155.07,167.38,530.12,69.36,1965.10,171.37,1039.45,53.22,1860.73,174.21,854.52,296.94,65.84,96.37,269.79,1835.06,3550.17,2.41,148.99,144.39,632.02,3.10,965.09,61.58,524.28
2026-03-14T02:50:00Z,53.40,2238.44,164.61,843.58,46.37,2149.61,167.06,520.29,69.39,1965.75,171.92,1042.03,53.38,1852.33,174.10,843.95,295.19,64.91,97.10,267.43,1844.75,3555.58,2.66,152.17,144.67,629.27,3.11,976.76,60.87,519.24
2026-03-14T03:00:00Z,53.40,2255.23,163.84,838.02,46.05,2163.73,166.71,504.37,69.61,1962.64,171.21,1057.00,53.48,1851.02,174.19,876.20,295.22,64.89,97.37,264.19,1835.78,3541.23,2.51,151.59,143.01,627.92,2.94,971.42,60.83,525.01
2026-03-14T03:10:00Z,53.46,2243.96,164.05,841.57,45.89,2187.66,166.76,490.59,69.55,1965.24,171.24,1070.45,53.41,1861.39,174.65,865.97,288.89,68.60,97.63,257.62,1831.22,3544.80,2.35,149.22,139.29,627.14,3.31,969.23,61.93,528.32
2026-03-14T03:20:00Z,53.64,2237.53,163.08,838.60,45.58,2185.32,166.66,489.55,69.27,1968.28,171.14,1053.38,53.41,1858.50,174.43,866.22,296.33,67.56,97.06,262.85,1831.64,3554.10,2.37,150.52,142.47,629.67,3.08,968.63,60.43,523.23
2026-03-14T03:30:00Z,53.48,2235.81,164.42,831.73,45.88,2181.06,166.32,470.00,69.44,1958.31,171.23,1069.30,53.35,1863.09,174.76,865.14,290.93,67.85,97.00,264.31,1832.08,3537.51,2.35,150.87,141.53,624.73,3.15,960.60,60.51,506.45
2026-03-14T03:40:00Z,53.39,2234.99,164.88,857.39,45.85,2179.65,166.69,480.71,69.18,1960.51,171.72,1066.04,53.59,1851.99,174.80,867.26,290.73,69.65,97.24,263.51,1838.42,3547.48,2.51,149.77,140.19,627.32,3.05,970.14,60.97,525.06
2026-03-14T03:50:00Z,53.83,2237.09,164.11,850.64,45.77,2184.89,166.15,470.26,69.07,1975.63,171.65,1039.84,53.72,1869.30,174.74,865.53,291.97,66.98,97.74,261.94,1836.82,3554.51,2.57,151.18,141.16,623.06,2.85,971.69,62.27,527.31
2026-03-14T04:00:00Z,53.92,2228.57,164.10,864.04,45.89,2175.40,165.58,471.25,68.91,1975.43,171.79,1038.15,54.26,1843.06,175.19,887.05,293.60,66.98,98.08,267.23,1838.95,3548.88,2.69,149.10,143.59,630.32,2.90,969.28,63.17,524.69
2026-03-14T04:10:00Z,53.88,2223.09,164.15,858.41,45.20,2189.92,165.30,471.64,69.28,1973.37,171.07,1025.44,54.22,1846.58,175.17,883.10,294.08,65.21,98.23,261.02,1828.72,3553.26,2.40,150.41,141.19,628.64,3.05,964.20,61.02,516.71
2026-03-14T04:20:00Z,53.86,2212.14,164.90,865.05,45.31,2190.07,165.95,475.55,69.24,1969.50,170.68,1023.21,54.29,1849.06,174.79,876.70,291.82,65.43,98.28,261.20,1825.21,3564.34,2.53,148.31,139.34,622.69,3.43,967.98,60.63,524.49
2026-03-14T04:30:00Z,54.02,2226.00,164.62,859.21,44.88,2201.72,165.39,479.68,69.47,1967.13,171.26,1045.69,54.69,1840.03,175.28,875.88,294.05,64.78,97.71,264.60,1830.72,3558.32,2.63,151.11,141.51,622.14,3.18,972.32,60.50,501.68
2026-03-14T04:40:00Z,54.38,2212.61,163.54,858.48,44.72,2198.82,164.53,472.13,69.33,1980.59,171.49,1046.49,54.73,1835.57,175.07,887.80,294.91,66.57,97.48,259.30,1831.21,3544.88,2.52,149.85,142.99,627.72,2.86,964.71,60.11,529.94
2026-03-14T04:50:00Z,54.32,2213.34,163.79,870.34,44.22,2210.08,165.05,451.41,69.21,1959.54,171.49,1052.20,54.44,1840.25,,898.97,289.96,67.16,96.78,262.45,1833.32,3552.05,2.67,149.83,140.92,622.06,2.95,964.26,60.85,523.21
2026-03-14T05:00:00Z,54.61,2202.68,164.57,883.68,44.30,2225.20,165.01,444.31,69.26,1970.35,171.67,1045.09,54.64,1834.13,175.00,897.07,289.49,65.84,96.55,260.37,1830.03,3538.89,2.47,150.22,140.26,625.99,2.83,968.66,59.18,514.61
2026-03-14T05:10:00Z,54.38,2206.34,164.29,883.91,44.17,2222.45,164.98,438.50,69.13,1974.26,171.48,1043.23,54.92,1827.93,174.82,908.99,292.52,66.35,96.47,263.14,1832.05,3548.44,2.51,149.56,142.02,620.32,2.85,974.82,59.49,509.41
2026-03-14T05:20:00Z,54.71,2201.14,164.09,895.01,43.75,2224.54,165.13,449.89,69.33,1978.38,170.55,1042.75,54.79,1819.88,175.02,921.90,296.89,69.11,96.56,270.16,1841.63,3546.71,2.67,150.34,144.38,631.39,2.86,971.73,60.51,519.82
2026-03-14T05:30:00Z,54.92,2203.63,163.87,893.38,43.33,2231.23,165.15,427.06,69.19,1976.08,170.61,1033.10,54.76,1824.47,175.08,918.22,298.26,66.62,97.62,265.10,1841.15,3550.11,2.42,152.07,142.02,631.11,2.86,978.81,61.43,530.15
2026-03-14T05:40:00Z,54.92,2210.47,164.60,891.90,42.63,2256.13,164.32,399.09,69.33,1969.57,170.80,1037.15,54.35,1823.35,175.62,920.64,293.47,65.47,97.07,265.25,1831.12,3547.29,2.54,150.34,143.00,626.33,2.78,959.37,59.89,520.96
2026-03-14T05:50:00Z,55.26,2208.66,164.49,892.31,42.59,2254.91,164.57,383.71,68.93,1979.89,171.12,1029.17,53.98,1836.88,175.68,897.38,288.12,63.40,97.49,260.79,1830.36,3555.21,2.80,150.99,139.04,622.30,3.34,963.47,60.28,526.44
2026-03-14T06:00:00Z,54.77,2205.07,164.64,888.11,42.52,2259.29,164.18,375.12,69.10,1968.50,171.29,1035.56,54.30,1849.34,175.57,890.20,282.31,63.07,98.05,251.35,1825.80,3539.45,2.49,149.55,134.91,625.36,2.98,960.29,60.44,522.69
2026-03-14T06:10:00Z,54.17,2212.24,164.26,880.78,42.48,2265.51,163.88,345.82,69.12,1963.63,171.31,1050.84,54.11,1843.85,175.54,877.78,282.41,63.30,97.41,254.94,1829.87,3555.83,2.73,150.28,135.89,614.19,3.23,962.15,60.41,501.38
2026-03-14T06:20:00Z,54.64,2220.89,164.75,877.21,42.16,2258.69,163.04,356.13,69.15,1978.92,171.68,1050.54,53.95,1840.57,175.48,885.79,284.60,65.18,97.46,254.60,1825.89,3545.30,2.57,149.49,136.78,619.16,3.00,952.88,61.70,512.88
2026-03-14T06:30:00Z,,2211.27,164.88,874.27,42.52,2257.95,162.98,363.87,69.24,1980.30,171.25,1048.19,54.13,1842.23,175.10,892.85,281.45,63.03,97.80,251.00,1828.58,3557.10,2.30,150.85,136.35,620.79,2.73,967.99,60.80,524.43
2026-03-14T06:40:00Z,55.08,2198.55,165.82,891.80,42.70,2249.42,163.50,376.74,69.03,1975.86,171.42,1044.89,53.79,1847.50,174.38,870.98,292.07,64.01,97.50,264.61,1832.39,3553.98,2.49,151.82,141.50,621.71,3.24,962.88,61.02,526.14
2026-03-14T06:50:00Z,54.60,2213.13,165.61,894.79,42.89,2250.43,162.85,383.27,69.04,1967.36,171.56,1034.94,53.58,1866.55,174.69,859.91,287.15,64.73,97.40,262.15,1835.01,3539.60,2.37,149.64,141.48,632.64,2.76,968.07,61.75,524.47
2026-03-14T07:00:00Z,54.19,2212.13,165.35,894.97,43.17,2241.69,163.41,391.80,68.92,1973.06,170.58,1031.92,53.55,1857.27,174.72,862.78,283.66,64.45,96.67,258.68,1828.28,3548.51,2.24,149.71,,623.22,3.05,965.77,61.96,512.88
2026-03-14T07:10:00Z,53.80,2231.87,165.96,880.72,43.20,2246.90,163.56,383.42,69.29,1975.47,170.94,1040.70,53.72,1856.32,174.62,859.13,285.05,64.12,96.35,259.81,1828.32,3541.58,2.51,149.67,138.36,617.60,3.14,969.92,62.17,506.56
2026-03-14T07:20:00Z,53.90,2227.38,165.33,881.28,43.43,2238.23,163.46,385.05,69.18,1969.66,171.01,1043.51,54.07,1857.15,175.25,858.86,281.35,63.93,97.08,250.00,1827.18,3549.31,2.80,150.30,133.76,610.65,2.86,961.14,61.48,510.31
2026-03-14T07:30:00Z,54.02,2212.94,164.10,879.87,43.17,2240.80,163.62,380.20,69.34,1974.44,170.95,1043.01,54.36,1849.90,174.43,880.44,286.90,64.89,96.62,257.67,1832.27,3544.05,2.55,150.24,138.65,619.58,3.00,966.39,60.67,522.25
2026-03-14T07:40:00Z,54.12,2213.35,164.03,876.61,42.82,2238.22,163.40,378.56,69.29,1974.06,171.36,1042.23,54.20,1838.72,175.46,895.85,286.85,66.32,96.33,259.47,1836.93,3553.48,2.51,149.74,138.70,621.02,3.02,973.85,59.84,510.17
2026-03-14T07:50:00Z,54.45,2200.59,164.15,887.38,42.62,2250.76,163.17,370.03,69.66,1969.46,171.68,1039.64,54.26,1837.85,175.69,896.94,281.37,63.10,96.81,255.98,1833.88,3543.27,2.52,152.21,137.88,612.99,2.62,965.09,59.40,518.17
2026-03-14T08:00:00Z,54.50,2217.13,165.12,888.55,42.34,2255.93,163.01,366.17,69.84,1952.53,171.14,1062.21,54.65,1839.04,174.66,907.51,282.40,63.83,96.97,250.18,1821.73,3542.49,2.51,151.61,136.54,616.11,2.86,970.23,60.06,517.45
2026-03-14T08:10:00Z,54.52,2213.88,165.07,894.67,42.45,2263.21,162.64,369.26,70.10,1950.67,171.36,1070.14,54.84,1834.41,174.93,904.29,287.26,63.51,97.52,260.08,1838.80,3571.01,2.39,151.14,138.20,626.40,2.75,972.07,60.42,521.16
2026-03-14T08:20:00Z,54.24,2209.82,165.37,883.03,42.57,2262.92,163.01,367.56,70.15,1938.62,171.79,1085.59,54.58,1844.88,174.39,882.81,287.91,66.42,97.63,260.43,1831.91,3540.01,2.69,152.15,137.77,630.04,3.00,964.41,60.02,507.73
2026-03-14T08:30:00Z,54.28,2212.88,165.20,889.88,42.29,2266.34,162.91,360.89,69.38,1957.49,172.85,1068.64,54.47,1844.75,174.76,879.48,283.53,64.73,97.43,255.73,1830.22,3558.09,2.46,150.95,137.51,616.92,3.27,960.21,59.65,513.54
2026-03-14T08:40:00Z,54.25,2215.47,165.01,891.15,42.41,2264.45,163.47,361.67,68.70,1971.11,171.17,1047.77,54.39,1840.44,174.48,889.04,283.14,63.80,96.89,254.10,1825.94,3558.93,2.51,149.69,134.27,615.10,3.08,956.91,58.43,517.04
2026-03-14T08:50:00Z,54.56,2210.47,165.15,882.06,42.45,2259.03,163.89,359.93,69.20,1962.67,171.74,1052.08,54.39,1842.40,175.06,883.21,277.15,65.01,97.51,248.40,1822.10,3544.98,2.22,149.90,133.87,616.96,3.07,960.91,60.03,516.25
2026-03-14T09:00:00Z,54.21,2219.54,165.01,867.75,42.37,2252.57,163.88,368.73,69.15,1963.62,172.35,1058.51,54.36,1841.62,175.10,892.91,279.13,65.49,98.22,251.35,1824.19,3545.58,2.51,149.73,132.81,613.46,3.19,962.75,60.02,498.39
2026-03-14T09:10:00Z,54.11,2215.48,165.15,871.15,42.30,2260.48,163.80,365.36,69.44,1960.51,171.94,1056.87,54.25,1834.47,174.68,878.49,281.68,64.91,96.94,253.06,1820.29,3562.77,2.58,149.61,138.82,617.71,2.98,967.03,61.03,511.97
2026-03-14T09:20:00Z,54.27,2216.23,164.28,882.68,41.96,2278.27,162.99,352.69,69.34,1960.85,171.31,1042.39,54.06,1848.48,173.35,884.75,289.62,63.92,96.15,263.24,1839.30,3551.61,2.52,151.92,140.56,630.15,3.03,966.80,60.51,522.77
2026-03-14T09:30:00Z,54.51,2217.93,164.28,870.23,41.94,2281.90,162.96,354.88,69.38,1965.35,171.09,1037.16,53.59,1853.66,173.78,864.66,286.53,62.41,95.94,261.32,1831.88,3558.27,2.72,150.76,137.87,618.79,2.88,964.56,60.28,508.66
2026-03-14T09:40:00Z,54.78,2207.60,164.56,870.66,42.44,2279.25,163.01,357.82,69.04,1968.11,171.47,1048.47,53.62,1859.57,173.84,865.98,287.45,62.70,97.38,256.92,1829.93,3552.93,2.47,149.68,140.59,619.00,3.13,958.54,59.49,519.41
2026-03-14T09:50:00Z,55.03,2192.53,164.67,895.52,42.28,2270.10,163.40,359.41,69.10,1975.81,171.24,1058.95,53.64,1853.63,174.47,865.71,284.33,61.60,98.17,257.26,1830.82,3559.91,2.61,151.27,139.63,616.98,2.93,964.98,59.35,512.38
2026-03-14T10:00:00Z,54.78,2202.74,164.90,894.61,42.34,2267.72,164.01,357.84,69.33,1965.78,171.14,1051.33,53.59,1866.33,174.81,853.68,288.89,62.27,97.49,261.37,1826.39,3558.81,2.69,149.37,142.20,628.50,2.45,967.93,59.33,525.73
2026-03-14T10:10:00Z,54.33,2207.41,164.47,887.10,42.27,2271.16,163.62,365.05,69.06,1963.83,171.35,1050.60,53.60,1853.54,175.05,859.16,285.26,65.54,98.05,260.51,1832.68,3546.56,2.27,150.39,136.90,625.01,3.13,965.87,58.89,524.46
2026-03-14T10:20:00Z,54.42,2204.49,164.66,883.32,41.99,2273.82,163.32,358.92,69.12,1978.26,171.05,1050.23,53.07,1860.85,174.79,851.37,280.26,64.37,97.54,250.39,1817.64,3555.03,2.50,151.26,135.78,624.64,3.21,967.81,60.67,522.45
2026-03-14T10:30:00Z,54.32,2207.12,165.33,882.71,42.24,2267.40,162.22,360.70,69.59,1967.90,171.51,1045.39,53.42,1870.47,174.95,849.49,288.95,62.82,97.41,257.69,1825.27,3554.53,2.44,151.95,137.73,617.55,2.78,962.54,61.06,514.55
2026-03-14T10:40:00Z,54.34,2210.02,164.73,875.05,42.01,2272.06,163.29,373.78,69.61,1960.72,171.22,1049.05,53.65,1876.26,175.52,853.41,288.68,63.54,97.28,261.69,1841.02,3552.30,2.43,149.50,139.42,623.25,3.12,966.63,61.13,514.64
2026-03-14T10:50:00Z,54.05,2218.76,164.51,888.00,41.78,2278.74,162.88,354.45,69.55,1969.78,171.25,1048.73,53.84,1870.67,174.80,856.10,285.71,61.31,96.97,257.86,1825.54,3550.06,2.47,150.50,135.65,619.89,2.95,963.92,59.73,507.37
2026-03-14T11:00:00Z,54.27,2220.15,164.42,880.10,41.78,2276.75,162.71,349.42,69.34,1962.89,171.46,1051.60,53.80,1866.36,174.21,857.81,283.80,61.61,97.57,258.84,1828.30,3551.16,2.44,150.17,138.17,624.09,3.26,965.59,59.66,523.21
2026-03-14T11:10:00Z,54.18,2220.50,165.09,881.38,42.14,2278.14,162.81,340.66,68.99,1968.54,171.28,1043.82,54.26,1866.78,174.57,867.81,282.78,64.24,97.49,255.12,1827.20,3553.13,2.52,150.49,136.84,619.24,3.13,973.56,59.80,515.17
2026-03-14T11:20:00Z,54.21,2203.29,165.22,874.45,42.44,2264.79,162.83,365.92,68.98,1964.27,171.48,1052.14,54.13,1852.04,174.63,866.96,281.71,63.57,96.38,255.32,1819.11,3551.05,2.63,151.20,138.51,625.43,3.04,957.50,59.33,521.02
2026-03-14T11:30:00Z,53.52,2226.24,164.95,866.98,42.41,2260.83,163.38,366.77,68.93,1971.29,171.65,1058.58,53.98,1854.90,174.67,862.41,280.72,63.28,97.38,254.03,1822.58,3555.70,2.53,151.96,136.21,616.24,3.11,955.09,60.39,514.46
2026-03-14T11:40:00Z,53.60,2227.76,164.63,861.01,42.55,2269.23,162.64,363.52,69.08,1963.50,171.60,1046.79,53.75,1860.62,174.76,862.88,283.94,62.46,98.67,257.07,1834.12,3546.30,2.56,152.14,136.60,618.15,2.59,961.00,59.56,511.95
2026-03-14T11:50:00Z,53.41,2236.59,165.09,849.92,42.25,2270.95,162.99,361.44,69.01,1973.24,171.85,1049.58,53.90,1863.53,174.24,872.07,284.41,62.23,97.78,255.34,1829.06,3556.50,2.50,148.46,138.09,627.82,2.98,966.33,60.12,525.15
2026-03-14T12:00:00Z,53.04,2242.44,164.31,834.54,41.75,2279.44,162.79,356.71,68.68,1980.97,171.79,1041.28,53.84,1850.47,174.11,869.22,282.36,61.60,97.44,254.62,1827.15,3550.93,2.80,150.38,135.48,623.64,2.97,956.61,59.57,519.62
2026-03-14T12:10:00Z,53.07,2252.19,163.70,841.50,41.67,2277.47,163.34,340.41,68.38,1985.41,170.71,1028.58,53.78,1843.27,174.46,876.93,281.74,60.68,97.13,252.48,1819.14,3553.69,2.51,149.61,138.21,623.45,3.28,952.98,59.99,501.39
2026-03-14T12:20:00Z,52.70,2255.83,163.79,828.18,41.97,2279.16,163.31,335.35,68.33,1989.82,171.02,1021.23,53.64,1857.24,174.22,874.18,282.07,60.55,97.80,254.76,1827.23,3548.80,2.30,149.71,135.96,620.16,3.24,966.34,61.69,521.15
2026-03-14T12:30:00Z,52.70,2258.67,163.70,842.23,41.66,2295.34,163.48,332.56,68.33,2006.54,170.98,1017.71,53.68,1853.40,174.94,869.01,282.43,62.23,97.90,253.11,1828.04,3554.44,2.63,150.87,135.06,623.26,3.01,967.88,61.21,525.09
2026-03-14T12:40:00Z,52.90,2251.94,163.74,841.59,41.61,2283.74,162.79,327.63,68.13,2004.46,170.94,1014.39,53.78,1858.68,175.42,873.83,285.85,61.57,98.02,254.74,1824.24,3543.54,2.48,151.03,139.25,619.79,2.84,965.29,60.65,505.17
2026-03-14T12:50:00Z,52.70,2250.20,163.32,827.04,41.39,2280.72,162.21,318.54,68.26,1992.28,171.34,1015.63,53.81,1861.98,174.39,858.22,281.26,60.54,96.29,254.34,1822.54,3548.86,2.63,151.96,135.84,622.80,2.91,963.02,61.69,523.35
2026-03-14T13:00:00Z,52.83,2247.23,164.03,843.60,41.41,2279.02,162.34,334.99,67.97,1996.57,169.70,1004.36,53.64,1858.63,173.81,867.11,276.37,61.27,96.78,245.42,1826.07,3551.56,2.66,150.63,135.78,617.28,2.98,962.90,61.11,513.29
2026-03-14T13:10:00Z,52.73,2255.81,163.48,826.59,41.36,2282.59,162.19,328.43,67.85,2001.95,171.00,1006.43,53.65,1857.95,174.12,856.09,276.29,62.35,96.43,250.44,1824.42,3553.86,2.45,151.02,132.68,612.52,3.16,967.11,59.84,505.69
2026-03-14T13:20:00Z,52.37,2264.78,163.28,821.78,41.27,2291.60,162.40,327.28,67.82,2006.94,170.97,1005.12,54.05,1849.75,174.26,869.84,281.04,62.51,97.49,253.19,1834.53,3542.39,2.75,148.91,134.36,620.54,3.01,968.00,60.30,513.70
2026-03-14T13:30:00Z,52.12,2260.73,163.00,797.68,40.73,2285.00,162.96,321.19,67.99,2000.94,170.71,1009.53,53.95,1847.78,174.65,879.23,281.07,59.42,97.25,254.31,1823.07,3549.84,2.30,150.28,134.70,618.19,3.20,967.71,58.95,515.15
2026-03-14T13:40:00Z,51.63,2264.94,163.53,789.10,40.92,2300.83,162.56,318.90,67.93,2001.54,171.10,1014.88,54.07,1843.48,175.06,878.97,278.57,61.52,97.25,251.62,1823.37,3539.23,2.42,151.39,135.04,620.14,3.35,957.85,59.11,524.10
2026-03-14T13:50:00Z,51.85,2270.05,163.13,793.86,41.04,2298.93,162.70,316.61,67.98,1996.98,170.53,1016.82,53.64,1849.71,175.25,877.65,279.86,61.17,97.33,248.96,1816.41,3562.76,2.64,149.95,137.15,624.96,2.74,959.38,59.69,515.34
2026-03-14T14:00:00Z,52.23,2264.37,162.55,798.93,41.19,2293.35,162.13,304.20,68.42,2006.07,170.52,1015.36,53.89,1846.67,175.43,880.65,279.38,62.23,96.87,250.12,1823.18,3535.90,2.59,151.49,133.81,616.59,3.17,964.39,59.80,505.39
2026-03-14T14:10:00Z,51.67,2287.51,163.29,797.02,41.31,2300.99,162.67,314.48,,1993.68,170.24,1008.40,53.78,1857.82,174.88,873.73,276.33,62.24,96.14,244.02,1821.58,3547.04,2.40,148.79,133.77,613.99,2.92,958.42,59.47,514.51
2026-03-14T14:20:00Z,51.85,2286.52,162.85,786.13,41.39,2292.37,162.02,319.45,68.68,1990.97,170.15,1026.34,53.48,1868.08,174.99,857.18,268.88,62.17,96.93,242.42,1810.26,3546.08,2.68,149.89,129.05,616.72,2.94,950.40,60.00,504.57
2026-03-14T14:30:00Z,51.34,2297.77,162.79,786.99,41.41,2289.42,162.76,323.70,69.11,1983.19,170.07,1029.99,53.39,1860.19,174.51,853.76,274.07,60.71,97.08,247.63,1825.85,3554.23,2.37,149.11,134.98,622.50,2.75,959.04,60.64,527.64
2026-03-14T14:40:00Z,51.34,2292.42,162.71,777.80,41.65,2290.88,163.03,322.05,69.24,1977.30,170.62,1036.64,53.43,1866.89,174.64,860.51,278.01,62.24,96.99,252.47,1817.24,3551.70,2.57,149.00,133.57,621.07,2.89,960.60,61.07,516.03
2026-03-14T14:50:00Z,51.61,2280.72,162.70,790.99,41.66,2293.16,162.88,336.31,69.36,1974.49,170.23,1034.25,53.22,1874.07,174.65,861.09,279.85,60.98,96.93,250.99,1821.27,3552.12,2.37,150.45,135.66,616.74,2.79,963.89,61.62,518.36
2026-03-14T15:00:00Z,51.64,2282.08,162.31,793.75,41.73,2281.64,162.50,332.36,69.27,1957.22,170.19,1043.59,52.86,1870.83,173.96,850.37,279.90,60.71,97.28,252.67,1831.82,3547.85,2.84,149.11,133.95,617.22,2.82,966.86,61.77,517.64
2026-03-14T15:10:00Z,51.45,2290.05,163.33,779.95,41.78,2278.22,163.00,339.74,69.17,1953.92,170.77,1046.05,53.37,1865.55,173.59,845.34,271.32,59.28,97.30,248.14,1826.10,3555.00,2.68,149.93,131.94,612.11,2.62,964.56,61.57,515.12
2026-03-14T15:20:00Z,51.83,2280.90,162.57,788.78,41.69,2281.08,162.80,329.03,69.29,1964.47,171.64,1066.95,53.33,1871.63,173.62,846.57,273.52,62.81,96.34,244.57,1816.33,3559.29,2.51,152.14,132.94,613.48,3.03,952.96,61.69,513.49
2026-03-14T15:30:00Z,52.04,2280.87,163.15,789.90,41.60,2273.67,163.21,321.41,69.11,1954.73,172.06,1059.34,53.25,1880.04,173.61,842.71,273.98,61.29,96.32,247.52,1821.85,3548.36,2.53,150.07,132.26,618.40,3.08,958.14,59.87,512.78
2026-03-14T15:40:00Z,52.09,2282.98,162.22,777.07,42.20,2268.49,163.18,356.59,69.23,1968.21,171.34,1047.00,53.49,1871.99,174.13,848.86,277.31,61.78,96.10,248.93,1818.68,3561.45,2.68,151.24,131.22,614.78,3.08,959.84,60.55,516.29
2026-03-14T15:50:00Z,52.10,2281.73,162.35,777.77,42.15,2262.09,162.05,342.46,69.39,1962.36,172.24,1050.61,53.29,1872.41,174.39,863.06,277.99,63.65,96.24,248.58,1820.12,3546.52,2.28,150.46,133.17,609.76,2.91,964.10,59.39,497.56
2026-03-14T16:00:00Z,52.13,2283.45,161.64,775.90,42.52,2265.11,162.94,358.11,69.54,1967.65,172.18,1049.59,53.03,1867.45,174.53,852.41,272.63,62.71,96.07,248.90,1816.74,3534.63,2.34,148.60,132.96,620.01,2.98,954.39,59.12,520.55
2026-03-14T16:10:00Z,51.40,2286.70,162.61,769.59,42.53,2250.87,163.44,356.59,69.60,1960.58,171.71,1042.69,53.07,1867.20,174.97,852.08,278.02,64.16,96.97,244.35,1816.13,3548.81,2.36,150.46,135.24,616.25,3.14,956.26,61.89,505.29
2026-03-14T16:20:00Z,50.97,2301.09,162.25,762.49,42.83,2252.10,163.84,374.36,69.65,1960.21,171.11,1047.01,52.65,1868.66,174.33,841.49,274.67,63.68,96.56,250.31,1823.89,3559.69,2.74,149.56,135.02,624.27,3.16,961.04,61.52,522.54
2026-03-14T16:30:00Z,51.31,2293.29,162.41,753.75,42.60,2268.04,164.22,373.00,69.36,1972.64,171.72,1046.48,52.29,1876.45,174.38,841.25,279.06,61.73,96.38,251.12,1823.38,3547.18,2.55,148.89,134.21,613.01,3.06,961.35,60.81,508.34
2026-03-14T16:40:00Z,51.54,2292.88,161.73,749.13,42.65,2268.51,164.49,363.01,69.62,1958.95,172.36,1057.69,52.33,1887.97,174.51,828.37,283.13,62.83,96.61,259.21,1826.10,3557.31,2.62,149.18,135.91,620.92,3.46,960.68,59.94,514.75
2026-03-14T16:50:00Z,51.54,2282.72,161.96,762.31,42.56,2259.03,163.73,362.80,69.66,1955.29,171.78,1059.10,52.57,1883.95,174.53,834.07,281.55,63.10,95.60,253.41,1831.08,3547.13,2.44,149.80,135.44,614.22,3.53,962.67,60.51,517.88
2026-03-14T17:00:00Z,51.24,2297.64,162.20,764.77,42.45,2260.73,164.10,368.71,69.68,1945.12,171.62,1069.11,52.49,1883.48,173.68,825.29,280.32,62.29,96.46,252.51,1829.59,3550.63,2.20,151.85,133.96,616.23,2.93,965.50,60.52,524.21
2026-03-14T17:10:00Z,51.41,2298.07,162.71,771.68,42.07,2263.64,163.73,364.35,70.13,1942.94,171.49,1071.55,52.56,1884.43,173.88,817.67,275.57,63.83,97.03,249.51,1814.78,3554.11,2.43,149.53,133.18,621.08,2.70,957.37,59.93,524.52
2026-03-14T17:20:00Z,51.15,2290.95,162.11,765.55,41.85,2281.84,163.13,349.35,69.98,1942.81,171.61,1077.96,53.08,1870.21,173.73,825.00,278.32,61.45,96.43,250.61,1820.90,3531.10,2.41,149.11,134.07,623.43,3.35,960.87,60.33,529.21
2026-03-14T17:30:00Z,51.35,2303.01,162.19,766.96,41.80,2290.65,163.61,332.55,69.97,1938.22,172.58,1094.43,53.20,1867.19,173.92,836.87,280.40,63.42,96.43,251.44,1829.21,3565.83,2.65,149.43,134.58,615.57,3.19,969.64,59.76,510.74
2026-03-14T17:40:00Z,51.38,2294.21,162.58,778.98,42.08,2266.16,162.13,338.29,70.16,1942.77,172.88,1106.11,53.21,1867.05,174.41,834.46,279.28,62.83,96.60,252.39,1827.93,3561.87,2.36,150.26,135.45,623.11,3.03,965.23,61.00,528.08
2026-03-14T17:50:00Z,51.13,2294.97,163.20,773.15,42.10,2272.31,162.22,339.28,70.92,1932.36,172.55,1111.64,53.14,1873.71,173.79,837.69,276.52,60.74,96.75,249.82,1820.71,3553.44,2.31,148.95,134.77,619.60,2.84,957.40,60.70,517.06
2026-03-14T18:00:00Z,51.49,2294.83,162.92,788.09,42.37,2270.39,162.06,353.86,71.07,1915.77,172.84,1118.97,52.77,1881.31,174.12,840.78,279.98,60.16,96.90,253.73,1825.41,3555.19,2.52,149.33,135.60,619.76,2.99,961.31,59.79,510.29
2026-03-14T18:10:00Z,51.16,2287.70,162.66,774.03,42.64,2263.21,162.48,348.33,70.65,1930.58,172.92,1092.15,52.44,1875.24,173.97,832.72,286.64,60.53,96.49,257.34,1821.07,3541.96,2.45,149.54,137.19,628.74,3.09,959.00,60.34,514.76
2026-03-14T18:20:00Z,51.20,2290.28,162.30,776.06,42.03,2274.60,162.43,353.88,70.52,1938.99,171.90,1083.27,52.55,1883.77,173.89,830.63,277.00,61.80,96.26,250.41,1825.84,3555.46,2.35,151.20,132.06,615.29,2.86,954.27,60.04,507.73
2026-03-14T18:30:00Z,51.48,2280.74,162.40,769.89,42.26,2272.51,162.36,358.30,70.56,1937.09,171.77,1102.76,53.04,1879.07,173.99,840.88,276.85,63.02,95.88,249.90,1820.39,3527.00,2.29,150.20,135.39,613.21,2.96,963.72,59.89,503.31
2026-03-14T18:40:00Z,51.46,2276.76,162.62,771.38,42.12,2277.32,161.92,352.66,70.51,1940.93,171.50,1105.87,52.86,1874.41,174.55,861.60,280.72,63.55,96.39,253.23,1835.80,3555.37,2.50,149.75,136.70,625.48,2.83,970.86,61.21,512.46
2026-03-14T18:50:00Z,51.54,2267.26,162.46,777.18,41.72,2277.69,162.56,339.20,70.04,1944.15,172.29,1086.77,53.24,1877.38,174.97,852.04,276.28,62.57,97.24,244.37,1821.63,3553.58,2.70,151.02,132.59,617.34,3.21,967.09,59.81,515.67
2026-03-14T19:00:00Z,51.76,2267.93,162.94,779.29,41.44,2284.81,162.27,341.15,69.94,1938.28,172.16,1086.26,53.55,1874.21,174.71,853.15,275.31,60.31,96.69,246.63,1813.43,3555.23,2.45,149.09,133.43,616.19,3.23,962.87,59.72,525.72
2026-03-14T19:10:00Z,51.21,2290.38,162.45,779.85,41.67,2295.92,162.91,329.74,69.96,1943.61,172.20,1086.65,53.75,1863.39,174.99,867.71,275.64,59.89,96.12,244.12,1810.69,3551.81,2.27,149.00,132.19,609.33,3.03,952.51,59.49,504.09
2026-03-14T19:20:00Z,51.22,2291.50,162.05,760.32,41.74,2286.71,162.08,325.08,69.34,1958.21,171.81,1079.08,53.62,1853.96,174.55,856.31,274.73,61.44,95.91,245.94,1810.60,3538.84,2.55,148.56,132.66,617.81,2.87,956.14,59.46,511.96
2026-03-14T19:30:00Z,51.43,2283.44,161.84,749.41,41.55,2299.66,162.01,319.36,69.56,1959.62,171.32,1062.39,53.75,1856.86,175.08,856.95,272.62,60.93,96.01,245.93,1814.28,3541.98,2.34,149.75,130.71,614.42,2.84,957.79,60.95,500.76
2026-03-14T19:40:00Z,51.60,2284.50,162.11,761.07,41.26,2294.35,162.25,317.50,69.41,1963.91,171.27,1057.38,53.55,1866.74,174.19,856.59,274.86,61.20,95.83,248.21,1820.58,3562.85,2.26,150.79,132.09,603.46,3.48,959.85,60.66,500.35
2026-03-14T19:50:00Z,51.82,2278.89,162.59,784.76,41.39,2286.58,161.54,316.01,69.24,1967.56,171.11,1050.80,53.19,1868.71,174.68,847.67,274.40,61.70,96.15,246.56,1820.68,3536.85,2.61,147.89,131.33,618.22,2.65,968.09,61.20,514.00
2026-03-14T20:00:00Z,52.05,2291.33,162.00,786.10,41.45,2289.65,161.91,327.25,69.22,1970.16,171.18,1049.13,52.84,1880.79,175.65,835.25,280.21,60.22,95.74,250.16,1826.18,3548.05,2.67,151.19,135.20,621.31,2.74,965.30,61.06,526.50
2026-03-14T20:10:00Z,52.21,2285.89,162.13,795.24,41.56,2284.19,162.67,323.12,69.37,1966.19,170.75,1038.87,52.98,1876.67,174.99,842.26,283.99,60.56,96.51,256.60,1827.26,3558.18,2.62,151.22,138.61,610.58,3.23,958.26,61.26,508.24
2026-03-14T20:20:00Z,52.11,2282.39,162.65,790.12,41.45,2284.80,162.66,333.19,68.87,1981.57,171.59,1030.39,53.14,1878.84,175.12,859.37,275.85,62.54,96.45,253.59,1832.40,3551.18,2.59,151.47,135.32,619.15,3.19,966.12,60.08,520.18
2026-03-14T20:30:00Z,52.60,2273.95,163.03,792.48,41.23,2297.30,163.03,337.53,68.91,1983.56,172.01,1035.74,53.06,1873.57,174.02,852.07,275.84,60.79,95.87,247.56,1826.59,3549.99,2.48,148.72,132.14,622.80,3.20,966.60,60.40,518.27
2026-03-14T20:40:00Z,52.50,2272.29,162.51,787.96,41.46,2293.70,162.78,333.31,69.07,1954.92,172.54,1061.61,53.05,1879.79,174.33,854.17,280.80,60.39,96.28,251.04,1822.46,3553.44,2.74,149.20,133.96,612.53,2.83,959.86,60.12,507.32
2026-03-14T20:50:00Z,52.74,2263.72,162.88,804.94,41.60,2296.92,162.78,333.94,68.89,1968.28,171.72,1049.57,53.09,1883.99,174.56,849.18,277.22,61.79,96.01,253.00,1822.73,3570.03,2.42,151.86,132.60,615.45,2.94,960.75,58.74,518.44
2026-03-14T21:00:00Z,52.90,2257.36,163.14,816.10,41.66,2289.45,162.86,330.57,68.87,1969.45,171.26,1056.36,53.26,1874.39,174.87,841.67,281.14,59.18,96.52,253.21,1822.05,3547.24,2.48,149.82,136.34,616.18,2.83,960.65,59.48,524.14
2026-03-14T21:10:00Z,53.50,2247.90,162.87,824.49,41.29,2296.18,162.68,324.55,68.63,1982.12,171.69,1038.52,53.08,1873.97,174.57,850.55,278.81,60.94,96.27,252.89,1824.55,3547.29,2.35,150.13,135.98,620.14,3.11,963.40,60.35,520.55
2026-03-14T21:20:00Z,53.54,2242.91,163.57,835.06,41.56,2290.82,161.86,316.02,68.69,1989.19,171.60,1035.12,53.14,1872.07,174.84,860.23,280.98,61.28,96.66,248.22,1823.18,3551.24,2.45,150.70,135.19,616.89,2.72,950.98,60.19,514.11
2026-03-14T21:30:00Z,53.15,2246.50,163.33,834.85,41.71,2286.07,162.85,336.95,68.59,1990.21,171.53,1035.71,53.03,1879.96,174.54,850.24,284.55,61.40,97.25,255.75,1827.19,3543.23,2.25,149.55,140.35,627.18,2.71,961.14,59.58,521.36
2026-03-14T21:40:00Z,53.64,2230.74,163.91,860.99,41.43,2287.39,162.75,328.52,68.70,1996.91,171.07,1031.55,53.24,1866.27,174.44,855.24,286.23,61.59,96.92,259.71,1837.21,3545.86,2.54,151.37,138.64,619.47,3.34,967.31,60.47,521.87
2026-03-14T21:50:00Z,53.18,,165.34,848.87,41.50,2288.43,162.61,330.98,68.32,1989.38,170.81,1023.66,53.31,1866.34,174.25,854.83,283.14,62.08,97.30,256.03,1822.46,3553.00,2.63,151.29,137.79,618.89,2.60,960.15,60.11,516.38
2026-03-14T22:00:00Z,53.34,2224.55,165.04,850.38,41.57,2287.46,162.23,323.94,68.59,1986.56,170.44,1019.08,53.20,1881.81,174.25,843.90,282.53,60.96,97.08,257.15,1828.01,3541.16,2.55,151.59,135.04,615.00,3.02,965.52,60.65,517.55
2026-03-14T22:10:00Z,54.02,2221.60,164.58,849.61,41.32,2299.22,162.40,320.39,68.47,1983.58,170.70,1018.43,53.10,1873.34,174.07,841.91,279.00,61.33,97.21,251.33,1813.29,3553.12,2.27,148.03,134.74,615.28,3.00,952.37,59.56,512.56
2026-03-14T22:20:00Z,54.16,2221.38,164.07,840.59,41.36,2299.66,162.42,325.11,68.31,1983.94,171.27,1029.01,53.62,1857.55,173.93,851.11,272.86,61.79,97.21,243.10,1814.39,3552.74,2.69,150.53,130.28,612.47,3.14,957.09,59.84,509.53
2026-03-14T22:30:00Z,54.53,2215.87,164.28,854.60,41.94,2282.75,162.08,327.59,68.55,1991.05,171.21,1021.12,53.30,1861.63,174.21,844.40,282.07,62.04,97.28,253.74,1832.45,3555.50,2.40,151.02,136.90,621.12,3.04,967.12,61.61,508.35
2026-03-14T22:40:00Z,54.63,2219.35,164.80,872.99,41.70,2285.42,162.96,327.95,68.30,1986.98,170.96,1024.47,53.29,1865.74,173.52,841.96,279.86,62.37,97.86,251.90,1823.84,3563.80,2.66,148.02,133.50,619.09,3.28,961.49,61.83,514.61
2026-03-14T22:50:00Z,55.02,2202.73,163.36,884.34,41.85,2281.06,162.95,341.18,68.48,1986.43,171.31,1023.91,53.13,1866.03,173.73,854.02,275.01,60.65,97.13,247.77,1812.36,3548.20,2.35,149.89,130.66,614.08,3.11,954.37,60.68,513.93
2026-03-14T23:00:00Z,55.04,2191.03,163.80,890.37,42.02,2273.63,163.25,347.98,68.44,1998.50,170.81,1023.01,53.12,1886.43,174.18,847.18,281.21,62.49,97.16,252.60,1820.10,3547.38,2.52,147.90,133.94,626.76,2.99,958.42,60.11,530.34
2026-03-14T23:10:00Z,54.88,2206.38,164.26,878.85,42.36,2270.54,163.94,348.41,68.43,1990.68,171.39,1028.76,53.01,1875.92,174.18,845.39,276.76,61.42,97.42,246.21,1828.84,3550.07,2.37,148.82,134.37,621.24,2.86,961.04,59.67,515.75
2026-03-14T23:20:00Z,55.30,2202.37,164.25,892.74,42.22,2269.04,163.31,346.10,68.34,1982.56,171.57,1034.29,53.34,1866.84,174.49,853.18,280.75,62.31,97.24,252.47,1827.66,3550.62,2.62,150.61,136.28,620.69,3.00,961.40,59.76,517.07
2026-03-14T23:30:00Z,55.59,2199.59,164.58,881.55,42.59,2254.83,162.86,345.56,68.38,1983.81,171.86,1027.37,53.21,1871.73,174.74,850.33,278.84,63.13,98.11,251.78,1833.77,3544.96,2.56,149.26,,621.42,3.06,973.69,60.61,517.76
2026-03-14T23:40:00Z,55.42,2193.74,165.66,900.56,42.28,2253.63,162.62,346.54,68.88,1981.14,172.10,1054.85,53.31,1860.08,175.03,865.68,284.26,62.72,97.30,254.25,1830.75,3546.77,2.38,148.90,134.80,618.31,3.56,967.26,59.52,507.67
2026-03-14T23:50:00Z,55.57,2190.29,165.68,904.79,42.04,2264.28,162.45,350.18,68.86,1971.63,171.94,1038.83,53.31,1868.03,174.93,856.65,286.10,62.71,97.20,257.61,1827.16,3544.59,2.59,150.28,141.00,619.76,2.93,957.09,60.27,516.66
2026-03-15T00:00:00Z,55.49,2185.34,165.89,934.62,41.80,2278.07,162.75,333.57,68.54,1972.07,171.77,1026.08,53.19,1864.06,174.58,851.32,288.37,61.79,97.29,261.52,1825.19,3563.18,2.72,150.52,139.08,623.50,2.72,964.45,60.53,511.02
2026-03-15T00:10:00Z,55.00,2193.94,165.97,923.46,42.06,2275.38,162.64,350.00,68.41,1978.56,171.12,1022.73,52.97,1869.75,175.30,854.28,283.60,64.05,97.69,256.23,1826.24,3544.56,2.52,151.75,136.74,627.16,3.06,960.09,61.71,512.40
2026-03-15T00:20:00Z,54.90,2192.24,164.77,913.49,42.17,2278.74,162.30,332.05,68.73,1989.01,171.18,1005.18,53.05,1868.78,174.46,844.74,283.51,64.16,,254.86,1833.95,3530.97,2.39,149.73,138.44,624.95,3.07,969.05,62.33,513.13
2026-03-15T00:30:00Z,54.55,2208.08,165.65,905.44,42.37,2287.29,162.27,325.80,68.99,1976.42,171.50,1028.04,53.51,1870.00,174.65,863.35,286.71,62.60,97.53,256.84,1830.67,3566.06,2.48,150.65,137.29,620.56,3.20,970.57,61.34,518.65
2026-03-15T00:40:00Z,54.34,2212.69,165.26,885.37,42.83,2275.88,162.77,337.76,68.97,1982.01,171.03,1026.25,53.49,1860.87,174.71,848.30,278.43,61.85,97.83,251.08,1823.44,3550.24,2.39,150.05,132.07,619.15,2.93,965.65,62.72,525.17
2026-03-15T00:50:00Z,53.82,2226.51,165.20,875.44,43.02,2254.69,162.48,359.85,69.10,1970.70,170.96,1015.82,53.73,1854.78,174.62,856.75,281.87,62.65,97.56,251.99,1838.56,3556.27,2.22,149.64,137.81,619.32,2.71,968.76,61.58,511.61
2026-03-15T01:00:00Z,54.13,2226.52,164.75,859.03,43.08,2250.47,162.09,359.13,69.36,1979.16,171.03,1034.01,53.57,1849.60,175.02,868.57,278.92,62.26,96.33,252.02,1822.53,3558.73,2.39,150.57,133.98,615.29,2.86,962.20,59.81,509.92
2026-03-15T01:10:00Z,54.21,2220.55,165.37,863.91,43.03,2240.95,162.48,374.33,69.36,1970.40,171.73,1039.02,53.67,1859.78,174.17,882.44,285.35,64.34,95.84,253.51,1821.50,3539.44,2.56,151.07,138.04,618.93,3.40,960.72,60.20,513.09
2026-03-15T01:20:00Z,54.52,2215.04,165.00,846.35,42.94,2249.09,162.88,376.79,69.47,1966.59,171.32,1053.13,53.49,1857.61,174.05,878.94,291.13,63.32,96.74,264.31,1840.67,3554.46,2.42,149.68,142.02,626.39,2.83,970.70,61.18,517.95
2026-03-15T01:30:00Z,54.58,2210.53,164.94,859.65,42.97,2255.31,163.10,371.12,69.35,1967.14,171.80,1061.03,53.34,1870.93,174.63,870.49,291.04,62.06,97.02,261.06,1829.46,3559.13,2.44,151.11,141.83,626.03,2.82,970.14,60.14,513.77
2026-03-15T01:40:00Z,54.97,2198.72,164.34,883.97,42.89,2248.79,163.10,381.08,69.29,1966.09,171.74,1055.96,53.07,1878.50,175.08,855.32,290.54,65.52,97.80,258.43,1831.02,3557.06,2.54,150.10,141.31,634.03,2.59,969.01,60.41,525.21
2026-03-15T01:50:00Z,54.51,2214.79,164.57,870.21,42.65,2255.24,162.92,374.79,68.38,1985.22,171.48,1029.58,52.93,1870.07,174.74,844.53,284.50,61.89,97.50,251.33,1824.72,3550.27,2.20,150.84,132.80,618.46,3.43,959.79,60.10,515.12
2026-03-15T02:00:00Z,54.46,2203.08,164.23,878.96,42.07,2266.23,162.44,372.39,68.55,1995.85,171.82,1029.15,52.67,1880.95,173.96,848.72,278.36,61.21,96.97,246.99,1811.80,3531.38,2.40,149.51,133.32,616.16,3.12,957.56,60.54,508.96
2026-03-15T02:10:00Z,54.71,2209.75,164.37,893.59,42.06,2265.86,162.71,353.97,68.68,1988.31,172.32,1032.66,52.73,1886.08,174.19,839.05,287.22,59.52,97.55,265.56,1838.38,3550.55,2.70,149.80,138.39,624.22,2.66,974.56,60.72,515.30
2026-03-15T02:20:00Z,54.70,2219.85,163.52,872.52,42.01,2262.11,163.79,363.63,68.88,1975.25,170.86,1048.88,52.41,1898.02,174.18,829.07,285.42,61.81,97.45,256.23,1820.36,3545.45,2.43,149.88,138.51,630.47,3.08,964.65,60.25,523.93
2026-03-15T02:30:00Z,54.85,2210.27,163.79,886.48,41.97,2267.34,163.59,362.29,68.95,1975.19,171.10,1055.78,52.69,1899.03,174.42,838.83,288.95,61.02,96.63,258.48,1837.92,3571.41,2.58,149.90,139.67,626.28,2.98,966.15,61.35,526.53
2026-03-15T02:40:00Z,54.54,2209.84,164.20,874.77,41.62,2276.64,162.85,336.30,69.31,1969.24,171.83,1056.76,52.47,1889.81,174.78,834.23,288.25,62.08,96.47,261.78,1823.57,3552.43,2.49,151.37,138.66,622.73,3.24,962.78,61.78,506.36
2026-03-15T02:50:00Z,54.65,2211.23,163.86,870.73,41.72,2272.79,162.87,334.57,69.38,1963.93,171.61,1050.19,52.39,1889.39,174.53,828.46,284.27,64.98,96.22,253.26,1823.76,3563.55,2.34,150.50,134.08,617.10,2.72,959.47,61.08,518.61
2026-03-15T03:00:00Z,54.73,2201.82,164.71,870.35,41.14,2284.14,162.28,329.41,69.54,1957.94,171.08,1053.80,52.72,1891.84,174.50,822.05,286.75,62.54,96.30,256.78,1831.44,3551.44,2.52,150.12,138.27,614.83,2.99,967.09,61.84,505.92
2026-03-15T03:10:00Z,54.73,2209.62,164.66,884.04,41.10,2286.52,162.59,319.61,69.47,1962.18,172.22,1056.15,52.76,1886.60,174.53,820.53,285.64,61.28,97.18,255.88,1828.52,3554.84,2.17,150.05,138.14,621.89,2.68,964.52,61.31,510.84
2026-03-15T03:20:00Z,54.68,2215.37,165.00,887.82,40.83,2298.91,162.26,315.53,69.05,1967.82,171.89,1035.72,52.68,1897.12,174.01,822.82,287.61,61.52,97.61,258.32,1824.78,3539.21,2.64,149.98,139.92,631.58,2.99,959.56,60.56,524.67
2026-03-15T03:30:00Z,54.39,2223.39,164.54,903.05,41.13,2302.38,162.38,307.87,68.79,1974.87,171.27,1031.81,52.90,1892.18,173.87,818.62,282.36,60.21,97.62,255.06,1825.63,3541.97,2.38,149.58,133.50,612.18,3.12,959.79,61.27,515.04
2026-03-15T03:40:00Z,53.62,2220.66,164.64,866.93,41.02,2298.84,162.94,296.89,68.92,1981.28,170.57,1017.78,53.22,1885.37,174.23,830.48,280.33,61.45,97.52,250.96,1825.41,3554.75,2.48,149.77,136.90,621.96,2.98,968.30,62.72,509.60
2026-03-15T03:50:00Z,53.90,2224.10,164.40,864.40,40.95,2295.67,162.59,307.17,69.45,1960.32,171.07,1042.75,52.98,1886.30,174.20,838.20,281.13,62.30,97.84,253.13,1820.52,3544.98,2.43,149.85,135.65,615.08,3.06,957.59,60.23,504.21
2026-03-15T04:00:00Z,53.34,2224.34,164.46,860.83,41.04,2292.89,162.82,308.51,69.17,1966.84,170.91,1050.30,52.81,1882.53,174.12,825.87,281.32,61.43,96.24,255.41,1825.63,3550.25,2.30,150.98,134.03,620.53,2.92,965.66,60.26,524.55
2026-03-15T04:10:00Z,53.24,2244.50,164.04,847.37,41.28,2284.95,162.65,311.01,68.82,1969.79,171.32,1055.10,52.77,1892.45,174.13,819.96,279.96,60.66,95.73,248.21,1815.50,3556.28,2.44,149.62,138.46,624.67,3.12,956.12,59.57,514.40
2026-03-15T04:20:00Z,53.09,2242.87,163.87,835.83,41.11,2292.06,162.10,307.84,68.57,1975.06,171.03,1044.34,53.12,1886.33,174.05,816.90,277.10,60.87,96.42,251.21,1822.55,3540.42,2.46,149.15,134.19,613.39,3.25,962.60,59.34,514.72
2026-03-15T04:30:00Z,53.21,2242.04,164.22,826.57,40.93,2307.05,162.61,297.85,68.58,1991.74,171.45,1024.63,53.17,1878.35,174.13,834.16,278.63,61.22,96.91,249.75,1829.07,3550.78,2.52,151.05,134.84,614.44,3.42,964.20,59.56,509.77
2026-03-15T04:40:00Z,53.17,2247.11,164.20,842.20,40.80,2307.27,162.39,308.33,68.50,1993.20,171.47,1024.64,53.14,1873.42,174.33,840.01,273.62,61.99,96.36,244.47,1823.76,3546.61,2.65,150.60,133.08,607.34,3.25,958.00,59.90,516.86
2026-03-15T04:50:00Z,53.08,2248.98,164.57,829.11,40.91,2311.95,161.93,314.10,68.76,1978.55,171.78,1029.93,53.16,1874.29,174.27,850.41,274.79,60.65,95.63,244.41,1809.08,3554.76,2.51,149.93,129.55,610.34,2.96,952.56,61.32,507.82
2026-03-15T05:00:00Z,52.81,2252.75,164.13,822.33,40.78,2313.59,161.92,302.44,69.21,1972.58,170.82,1040.51,53.15,1877.41,174.45,841.12,280.14,60.46,96.50,252.60,1822.34,3543.24,2.40,151.30,138.11,623.42,3.06,968.20,61.07,516.61
2026-03-15T05:10:00Z,52.77,2266.24,164.17,810.08,40.86,2299.42,162.00,294.08,69.65,1970.20,170.64,1038.85,53.34,1867.21,174.28,842.47,283.33,58.72,95.63,253.84,1816.43,3555.15,2.69,150.28,135.78,618.61,2.83,962.08,61.80,514.74
2026-03-15T05:20:00Z,52.66,2259.76,163.20,816.32,41.02,2301.45,162.04,306.03,69.59,1978.70,171.29,1057.32,53.17,1875.17,173.95,830.73,279.36,60.28,96.16,250.60,1824.42,3553.21,2.63,149.43,136.96,618.08,2.84,954.76,60.71,523.04
2026-03-15T05:30:00Z,52.58,2260.01,162.60,815.64,40.82,2299.24,162.50,316.98,69.60,1973.99,172.22,1050.85,53.25,1867.33,173.74,844.65,277.40,61.86,96.53,249.60,1820.12,3545.73,2.62,149.05,133.77,620.15,2.90,960.84,60.62,513.91
2026-03-15T05:40:00Z,53.11,2257.00,162.97,808.06,40.60,2310.81,161.99,321.69,69.34,1969.19,171.80,1050.29,53.11,1865.31,174.07,830.42,280.31,59.52,97.02,251.46,1825.09,3549.76,2.49,149.17,138.73,623.10,2.95,958.61,59.96,522.48
2026-03-15T05:50:00Z,53.35,2243.28,163.20,820.84,40.65,2308.07,162.40,307.73,69.47,1965.02,172.27,1055.07,52.91,1878.43,173.77,839.99,279.50,59.81,97.21,249.82,1815.85,3539.18,2.57,149.53,135.54,617.34,2.86,952.83,60.94,513.74
2026-03-15T06:00:00Z,53.53,2241.55,163.69,839.20,40.45,2317.62,162.45,295.24,69.36,1967.15,171.60,1054.36,52.97,1881.20,173.80,840.98,278.38,61.42,97.02,250.10,1817.24,3559.55,2.49,149.04,135.89,630.63,3.32,962.07,61.33,529.60
2026-03-15T06:10:00Z,53.15,2250.17,163.44,831.77,40.14,2324.60,161.99,283.87,69.30,1963.79,172.01,1063.57,52.76,1876.45,173.55,843.85,280.81,61.93,96.53,256.78,1819.85,3550.10,2.46,150.77,137.47,610.85,2.55,951.99,61.75,500.92
2026-03-15T06:20:00Z,53.65,2244.34,163.17,846.25,40.33,2318.45,161.38,253.00,69.12,1964.26,172.24,1048.38,53.05,1867.01,174.26,842.04,277.03,60.49,96.99,250.38,1830.26,3560.22,2.23,151.30,132.28,610.32,3.14,966.46,59.70,493.13
2026-03-15T06:30:00Z,53.89,2248.33,164.16,841.68,40.18,2313.48,161.21,259.58,68.68,1971.27,172.14,1049.17,53.04,1862.24,174.25,851.21,279.01,61.78,97.85,251.95,1824.01,3544.91,2.41,150.12,136.91,621.80,2.96,959.42,59.04,508.22
2026-03-15T06:40:00Z,54.07,2231.70,163.77,860.01,40.29,2319.05,161.64,265.86,68.73,1967.59,171.63,1049.03,53.10,1873.66,174.42,833.50,280.21,61.50,96.06,250.70,1814.53,3534.55,2.42,149.36,136.05,619.07,3.02,957.07,58.48,523.01
2026-03-15T06:50:00Z,54.30,2226.01,163.46,863.42,40.58,2319.31,161.41,291.38,68.66,1961.52,171.81,1052.82,53.23,1873.97,174.75,835.01,282.13,60.85,96.75,252.12,1824.40,3549.64,2.49,149.80,137.57,622.46,3.08,963.97,60.67,515.10
2026-03-15T07:00:00Z,54.36,2225.89,163.72,865.45,40.51,2317.42,161.05,293.34,68.31,1973.60,171.41,1048.37,52.93,1882.94,174.78,841.29,280.68,62.42,96.27,255.25,1826.87,3546.84,2.29,150.34,137.29,618.11,2.86,965.62,60.15,
2026-03-15T07:10:00Z,54.48,2212.66,164.18,876.82,40.74,2318.66,162.03,292.35,68.32,1989.06,171.85,1021.55,52.67,1886.31,174.70,826.57,274.59,61.44,96.73,248.77,1828.70,3548.20,2.56,150.46,134.31,614.74,2.92,963.12,59.84,513.84
2026-03-15T07:20:00Z,53.98,2221.78,164.22,858.71,40.66,2317.55,161.81,292.86,68.19,1994.89,171.75,1006.20,52.51,1898.94,174.34,840.50,274.58,59.31,96.93,249.58,1823.49,3544.27,2.33,148.35,130.90,613.77,3.06,962.80,59.56,511.33
2026-03-15T07:30:00Z,53.86,2221.73,164.43,862.07,40.47,2303.80,162.17,290.13,68.48,1982.59,171.41,1013.06,52.44,1889.15,174.60,823.47,276.61,60.32,97.08,250.30,1819.22,3550.54,2.56,150.27,134.02,618.35,2.87,963.06,60.40,501.72
2026-03-15T07:40:00Z,53.75,2227.65,164.72,858.43,40.21,2312.16,161.89,291.69,68.64,1981.36,171.25,1013.19,52.48,1882.21,173.86,824.92,277.60,59.74,96.89,247.70,1822.44,3537.56,2.38,147.73,135.13,615.68,3.06,961.61,61.40,518.46
2026-03-15T07:50:00Z,53.49,2231.71,163.77,844.64,40.61,2309.97,162.61,304.15,68.47,1999.08,171.02,1018.43,52.45,1880.88,173.33,822.83,273.87,60.87,95.25,244.63,1819.17,3556.56,2.49,151.68,132.99,623.44,2.77,960.39,60.20,503.40
2026-03-15T08:00:00Z,53.49,2237.76,163.74,853.04,40.34,2328.97,162.54,,68.59,1995.53,170.52,1024.75,52.49,1885.15,173.60,822.42,278.47,60.39,95.74,246.92,1818.72,3541.82,2.62,149.56,133.78,621.71,3.03,955.70,61.37,522.03
2026-03-15T08:10:00Z,53.36,2234.89,164.46,858.51,41.10,2311.44,162.02,291.01,68.76,2001.51,170.79,1014.71,52.45,1884.48,173.62,819.76,275.24,60.78,96.15,244.34,1826.06,3565.84,2.30,151.02,135.46,621.05,3.02,958.35,61.24,515.71
2026-03-15T08:20:00Z,53.65,2249.45,163.97,846.47,41.26,2305.84,161.43,294.34,68.70,1986.00,171.23,1028.11,52.72,1880.91,174.04,826.85,282.28,62.65,96.95,253.26,1825.01,3540.37,2.52,150.28,136.59,617.87,3.04,957.63,61.88,516.55
2026-03-15T08:30:00Z,53.51,2247.45,164.05,851.41,41.23,2305.69,161.75,291.13,68.83,1999.43,171.31,1033.74,52.72,1887.57,173.81,838.81,275.77,62.63,96.60,246.95,1816.32,3539.33,2.68,150.78,134.58,610.06,2.99,962.31,61.85,510.97
2026-03-15T08:40:00Z,53.54,2246.90,163.92,843.34,41.16,2301.28,161.37,282.40,68.66,1979.90,171.26,1048.59,52.67,1898.94,173.52,838.00,274.71,61.79,95.69,248.64,1817.03,3540.40,2.58,150.99,132.81,617.34,2.66,959.33,62.89,511.96
2026-03-15T08:50:00Z,53.73,2237.21,164.46,852.40,40.91,2299.74,161.86,294.61,68.63,1979.71,171.23,1053.03,52.63,1894.13,174.07,826.96,274.44,59.93,96.55,243.93,1820.19,3543.67,2.51,151.70,130.60,620.91,3.22,960.45,60.59,511.37
2026-03-15T09:00:00Z,53.53,2242.15,163.87,857.54,40.98,2301.33,161.28,284.86,68.76,1983.28,172.03,1054.32,52.85,1893.80,174.53,833.28,279.29,59.86,97.12,256.32,1828.19,3545.47,2.73,149.21,135.61,614.20,3.26,963.77,60.85,521.72
2026-03-15T09:10:00Z,54.01,2226.65,164.75,864.40,41.15,2300.67,161.51,289.81,68.26,1995.49,171.82,1032.05,52.76,1890.93,174.57,833.81,277.61,60.45,96.79,249.75,1823.91,3542.17,2.62,152.83,131.89,619.98,3.13,965.51,61.17,512.97
2026-03-15T09:20:00Z,53.76,2220.25,164.40,865.01,41.32,2299.07,161.43,299.46,68.20,2004.40,170.71,1016.37,52.52,1879.21,174.45,830.44,275.44,61.92,96.45,247.68,1824.06,3557.01,2.64,150.04,132.17,616.91,2.90,967.39,60.51,513.81
2026-03-15T09:30:00Z,53.83,2225.77,164.67,867.87,40.78,2296.95,162.26,319.41,68.72,1985.34,170.88,1016.53,52.74,1871.65,174.72,825.78,279.10,61.36,96.53,253.15,1819.70,3545.97,2.20,150.18,132.18,608.36,2.93,958.11,60.16,507.36
2026-03-15T09:40:00Z,54.42,2223.46,165.52,873.37,41.12,2302.10,162.33,314.20,68.63,1990.74,171.20,1017.43,52.64,1880.24,174.34,826.09,281.02,61.90,96.56,254.55,1828.07,3547.39,2.22,149.74,137.88,618.75,3.05,964.16,60.19,517.07
2026-03-15T09:50:00Z,54.54,2215.69,165.74,879.23,41.25,2293.51,162.61,311.28,68.34,1986.74,170.63,1008.98,52.72,1874.59,174.56,831.98,280.18,61.43,96.46,251.69,1817.58,3545.79,2.64,151.90,133.64,614.37,2.95,960.03,60.38,498.91
2026-03-15T10:00:00Z,54.28,2224.14,165.06,878.11,41.07,2299.52,162.91,311.19,68.87,1980.39,170.52,1014.72,53.15,1869.13,173.34,839.90,284.10,59.88,96.23,255.97,1828.73,3548.08,2.78,151.68,139.86,621.53,3.10,967.14,59.69,522.63
2026-03-15T10:10:00Z,53.71,2214.33,165.14,878.46,40.46,2319.36,162.76,309.40,68.85,1977.01,170.82,1030.59,53.31,1868.20,173.49,844.31,284.38,59.08,95.94,253.22,1832.40,3557.02,2.41,151.76,139.46,622.56,2.88,964.48,59.98,528.34
2026-03-15T10:20:00Z,53.60,2219.61,164.64,878.06,40.47,2329.71,162.47,301.90,68.88,1965.92,171.29,1040.67,53.36,1868.56,174.08,856.62,285.60,58.46,97.09,258.26,1838.53,3544.31,2.58,150.60,136.62,616.86,2.80,976.57,60.08,509.32
2026-03-15T10:30:00Z,53.27,2227.32,164.27,867.38,41.00,2317.61,162.08,288.49,68.43,1992.34,171.01,1027.76,53.44,1861.75,174.30,854.13,281.22,60.85,97.40,255.37,1835.68,3548.86,2.36,150.41,134.89,612.10,3.38,966.14,60.19,507.59
2026-03-15T10:40:00Z,53.11,2229.22,164.69,850.61,41.29,2299.79,162.00,306.27,69.04,1988.09,170.61,1021.37,53.43,1857.00,174.34,855.81,283.95,60.44,96.09,258.96,1838.19,3556.43,2.40,153.03,136.76,615.80,2.77,957.96,60.75,521.98
2026-03-15T10:50:00Z,53.43,2233.29,164.32,852.87,41.08,2292.22,162.26,310.72,69.28,1979.62,170.57,1037.02,53.08,1860.16,173.60,846.82,281.52,64.40,96.84,253.41,1826.61,3555.81,2.49,151.37,133.24,613.12,3.08,965.09,59.84,517.41
2026-03-15T11:00:00Z,53.01,2241.98,163.99,843.25,41.26,2297.10,162.47,320.04,68.89,1977.31,171.07,1033.99,53.03,1867.86,173.61,845.46,283.25,64.62,96.45,253.07,1817.06,3538.17,2.60,149.52,132.70,612.50,3.24,955.46,59.37,507.20
2026-03-15T11:10:00Z,52.95,2248.71,164.57,830.81,41.36,2296.94,163.22,326.06,68.94,1975.12,170.52,1042.02,52.95,1872.42,173.70,827.70,278.86,63.49,96.58,253.31,1822.21,3540.49,2.66,150.34,134.35,620.70,2.79,953.46,59.97,510.55
2026-03-15T11:20:00Z,52.61,2258.48,163.13,827.49,41.21,2287.27,161.96,310.16,68.85,1972.47,171.50,1034.48,53.13,1876.57,174.23,822.58,276.20,62.94,96.75,247.78,1820.23,3541.21,2.49,150.01,130.53,617.88,2.96,961.09,59.88,508.31
2026-03-15T11:30:00Z,52.26,2269.51,163.92,822.97,41.54,2285.59,162.34,320.01,69.08,1982.35,170.96,1028.85,53.19,1880.55,173.62,820.17,276.76,60.63,96.58,249.96,1826.62,3542.27,2.86,149.31,131.49,610.00,2.87,953.06,61.28,505.26
2026-03-15T11:40:00Z,52.08,2270.81,162.81,811.31,41.54,2283.65,162.37,340.95,69.43,1973.54,171.73,1033.15,53.01,1878.14,173.40,834.48,282.63,59.94,95.88,252.98,1821.86,3544.34,2.38,148.80,139.39,618.53,3.12,962.09,61.19,513.85
2026-03-15T11:50:00Z,52.42,2255.85,163.01,808.09,41.87,2286.36,163.45,332.65,69.20,1968.14,171.87,1026.23,52.97,1865.86,173.66,846.13,281.08,60.77,96.73,250.98,1819.30,3540.84,2.62,149.32,134.83,614.29,3.03,968.72,61.77,526.50
2026-03-15T12:00:00Z,52.80,2247.26,163.74,816.15,41.98,2289.03,163.50,338.73,69.10,1972.98,171.21,1034.60,53.34,1861.36,174.60,849.07,281.53,59.49,96.95,251.91,1823.34,3529.59,2.52,149.58,136.94,624.59,2.99,959.70,59.71,517.86
2026-03-15T12:10:00Z,52.86,2244.94,163.12,819.84,41.61,2287.14,163.06,315.08,69.13,1972.59,170.80,1029.42,53.27,1879.48,174.34,851.00,282.03,61.57,96.72,256.50,1831.18,3573.67,2.61,150.35,134.07,621.20,2.80,962.65,60.20,519.32
2026-03-15T12:20:00Z,53.07,2241.03,162.93,832.30,41.13,2282.10,162.89,322.70,69.12,1960.42,171.31,1050.22,53.10,1877.99,174.35,851.30,281.81,61.35,96.91,250.07,1821.99,3547.42,2.47,150.69,135.53,619.24,2.87,965.14,60.64,498.89
2026-03-15T12:30:00Z,52.99,2242.74,163.45,834.64,41.02,2302.79,162.79,310.35,69.04,1967.31,171.23,1065.50,52.75,1874.36,173.99,835.29,276.88,62.34,96.97,252.75,1826.46,3553.70,2.50,150.38,133.70,619.20,2.93,957.13,60.27,513.78
2026-03-15T12:40:00Z,53.00,2236.60,163.87,843.21,41.39,2289.62,163.12,321.77,68.90,1973.51,171.10,1054.22,52.81,1874.75,174.82,839.42,277.89,65.57,97.43,248.83,1820.01,3551.40,2.30,151.26,135.63,625.47,3.03,959.15,60.94,520.29
2026-03-15T12:50:00Z,52.74,2252.85,163.64,835.51,40.86,2295.17,162.10,311.69,68.66,1981.81,171.28,1045.48,52.91,1876.18,174.07,845.89,274.55,64.26,97.73,248.42,1820.50,3551.98,2.68,151.66,134.30,612.64,2.89,964.84,60.05,513.43
2026-03-15T13:00:00Z,52.32,2263.82,163.56,843.15,41.04,2294.59,161.36,316.01,68.61,1980.52,171.45,1054.88,53.18,1872.13,173.39,836.29,279.33,63.42,97.34,254.19,1822.20,3546.40,2.37,149.28,134.06,621.36,3.24,954.73,59.90,515.12
2026-03-15T13:10:00Z,52.30,2256.70,163.37,822.73,41.00,2306.60,161.25,303.83,68.34,1984.68,171.03,1028.25,53.71,1862.52,172.90,847.22,275.34,60.48,96.36,246.14,1821.57,3560.14,2.62,149.97,130.00,615.61,2.91,962.05,59.10,515.87
2026-03-15T13:20:00Z,52.12,2263.54,162.90,822.94,41.21,2310.53,161.59,309.02,67.99,1987.26,171.14,1019.80,53.67,1863.06,173.63,859.34,278.85,62.23,96.20,251.92,1823.02,3545.66,2.22,151.05,134.62,609.80,2.76,954.88,59.45,511.21
2026-03-15T13:30:00Z,51.60,2271.21,162.66,807.57,41.18,2303.63,161.77,300.76,67.88,1990.57,171.50,1012.11,53.66,1852.59,174.70,865.19,281.35,59.97,96.60,252.89,1824.30,3538.44,2.51,148.58,135.45,612.76,3.01,961.51,58.39,515.31
2026-03-15T13:40:00Z,51.58,2290.75,162.57,793.42,41.51,2285.44,161.37,301.05,68.04,2004.28,171.12,1010.06,53.74,1842.34,175.09,863.05,275.94,58.99,96.17,246.81,1823.00,3552.80,2.41,149.68,131.10,615.27,2.93,965.23,59.35,513.89
2026-03-15T13:50:00Z,51.85,2285.92,162.64,782.91,41.55,2284.74,161.51,318.86,68.06,2002.45,170.87,1009.23,53.55,1853.55,175.41,874.21,277.11,59.68,96.57,248.04,1812.01,3536.08,2.35,149.66,134.52,615.55,2.87,953.75,60.06,509.18
2026-03-15T14:00:00Z,52.07,2283.11,162.14,788.99,41.57,2290.97,162.04,329.91,68.01,2001.42,170.67,1003.77,53.70,1853.64,175.59,880.68,278.46,61.05,97.20,252.54,1815.74,3555.56,2.38,150.14,134.18,619.40,3.13,958.47,61.03,505.86
2026-03-15T14:10:00Z,52.44,2276.72,162.99,789.40,41.53,2292.69,162.29,321.32,68.17,1994.17,171.28,1007.60,53.96,1851.72,174.38,870.00,275.81,61.02,97.10,246.20,1818.66,3544.41,2.54,150.15,131.81,615.52,2.99,951.15,60.79,515.15
2026-03-15T14:20:00Z,52.60,2268.40,162.53,788.92,41.48,2292.37,161.50,326.78,68.14,1994.65,170.71,1008.46,53.75,1868.24,174.46,859.03,275.10,59.67,96.61,249.15,1822.70,3543.05,2.28,149.48,131.26,621.38,3.09,964.00,60.86,507.20
2026-03-15T14:30:00Z,52.54,2259.33,162.41,803.11,41.70,2290.94,161.83,319.17,67.95,1996.46,170.52,994.37,53.55,1854.83,175.26,880.97,276.48,60.69,95.94,247.92,1818.35,3546.75,2.51,150.06,133.59,612.47,2.51,957.04,60.57,514.81
2026-03-15T14:40:00Z,52.98,2252.09,163.42,819.68,41.66,2289.40,161.49,339.31,68.16,1996.18,170.47,1003.86,53.60,1853.19,175.23,868.79,275.33,60.77,95.75,246.75,1826.63,3556.84,2.58,148.41,135.08,618.83,2.64,959.36,60.19,509.15
2026-03-15T14:50:00Z,52.95,2240.83,163.08,836.02,41.00,2298.00,162.08,324.20,67.90,2000.30,169.87,995.42,53.67,1852.32,174.82,857.63,276.91,60.61,95.97,246.77,1805.94,3541.37,2.41,149.38,134.26,618.36,2.95,953.92,60.49,509.36
2026-03-15T15:00:00Z,52.89,2254.90,163.07,816.21,41.06,2296.26,162.47,308.57,68.05,1995.95,170.92,1010.39,53.71,1853.45,175.32,861.66,277.52,61.55,97.07,249.34,1828.59,3560.83,2.47,150.68,134.66,617.02,3.20,961.76,60.14,509.73
2026-03-15T15:10:00Z,53.01,2238.99,162.99,815.51,41.27,2292.05,161.57,303.15,68.07,1991.14,170.72,1018.63,54.21,1838.65,176.03,878.80,282.04,60.02,96.68,255.30,1819.26,3549.34,2.86,149.21,134.70,621.43,2.53,958.81,60.01,520.11
2026-03-15T15:20:00Z,53.08,2246.54,163.18,817.29,41.30,2292.44,162.27,316.31,68.11,1993.10,170.79,1006.08,54.56,1838.22,176.26,879.61,283.29,59.90,96.44,256.83,1827.38,3546.32,2.68,149.68,136.05,614.34,2.92,964.96,57.88,519.12
2026-03-15T15:30:00Z,52.78,2253.03,163.70,817.86,40.93,2286.54,161.95,318.27,67.79,2003.96,169.82,998.74,54.16,1841.09,175.05,886.00,278.62,61.42,96.45,252.26,1826.17,3552.06,2.62,149.63,133.39,617.29,2.85,970.60,59.95,509.19
2026-03-15T15:40:00Z,52.39,2255.39,163.23,816.99,40.82,2295.94,161.69,312.93,68.15,2008.90,170.07,1011.78,54.33,1843.36,174.67,884.58,275.77,61.85,96.17,249.58,1826.44,3557.94,2.52,150.63,133.87,613.95,2.66,953.49,59.17,509.10
2026-03-15T15:50:00Z,52.91,2242.07,163.28,826.91,41.05,2298.64,162.61,333.19,68.30,1998.08,170.12,1013.01,54.15,1830.58,175.02,886.86,282.62,62.53,95.95,253.25,1838.59,3574.04,2.45,151.54,136.84,617.36,2.79,970.04,59.32,515.62
2026-03-15T16:00:00Z,52.90,2252.21,164.09,840.04,40.96,2306.08,162.78,317.25,68.48,1989.23,170.55,1012.35,54.10,1847.02,174.43,893.24,281.04,61.61,96.79,254.59,1826.48,3566.23,2.60,151.43,134.95,618.45,3.10,965.44,60.61,520.99
2026-03-15T16:10:00Z,52.59,2250.24,164.11,814.16,40.04,2311.66,162.41,306.14,68.44,1991.98,170.97,1004.09,53.98,1855.99,174.40,887.43,278.74,61.65,96.86,251.74,1831.07,3544.48,2.40,150.53,134.87,613.21,3.05,968.84,60.16,528.59
2026-03-15T16:20:00Z,52.68,2256.26,163.41,807.20,40.18,2317.72,161.81,281.53,68.50,1988.40,171.01,1004.90,54.23,1856.77,,892.34,277.48,63.26,96.65,250.56,1821.97,3550.83,2.58,151.02,135.00,622.26,2.97,962.23,59.51,511.57
2026-03-15T16:30:00Z,52.74,2258.43,163.66,820.09,40.06,2323.24,160.83,274.17,68.53,1978.31,170.99,1023.16,54.47,1840.34,174.61,883.50,277.61,62.27,96.18,252.50,1824.39,3540.79,2.62,150.59,132.66,609.23,3.02,954.02,59.78,506.06
2026-03-15T16:40:00Z,52.81,2254.33,163.58,831.74,40.14,2322.02,160.63,266.87,69.00,1969.54,170.56,1014.02,54.70,1845.46,174.95,885.47,276.34,61.52,96.47,248.95,1820.83,3539.43,2.41,149.80,132.35,620.35,2.99,956.83,60.14,512.20
2026-03-15T16:50:00Z,52.61,2263.55,164.15,819.32,40.00,2327.06,160.94,270.03,68.96,1981.95,170.86,1019.45,55.00,1843.61,174.72,900.48,279.70,60.23,96.97,250.65,1816.80,3546.60,2.72,148.95,136.91,620.27,3.15,961.38,60.14,513.77
2026-03-15T17:00:00Z,52.46,2281.21,163.63,825.22,39.82,2329.56,161.35,261.18,68.76,1983.42,171.51,1021.11,55.01,1829.35,175.14,903.76,283.27,59.26,96.80,257.43,1827.65,3538.34,2.56,148.57,137.52,618.05,2.97,964.72,60.14,513.68
2026-03-15T17:10:00Z,52.82,2255.67,163.81,827.57,39.68,2338.55,161.04,269.23,68.56,1985.00,170.83,1015.12,55.32,1823.23,175.27,918.05,282.44,62.58,97.63,252.73,1812.45,3557.63,2.33,150.92,135.94,620.54,2.96,949.46,62.00,508.72
2026-03-15T17:20:00Z,53.19,2233.08,164.92,841.95,39.54,2346.68,161.51,253.68,68.56,2003.69,171.63,1027.36,54.84,1830.07,175.46,918.11,281.20,61.85,97.94,251.89,1826.89,3549.60,2.40,151.64,136.21,622.74,3.11,967.78,61.50,520.91
2026-03-15T17:30:00Z,53.23,2238.59,164.40,844.28,39.94,2337.59,161.61,272.37,68.51,1994.60,171.42,1025.08,54.31,1831.64,176.05,914.42,282.40,64.00,97.39,253.06,1821.77,3553.57,2.66,151.75,135.13,611.86,3.44,957.74,61.26,508.18
2026-03-15T17:40:00Z,53.63,2248.54,163.34,828.53,39.95,2337.03,161.12,260.63,68.03,1993.13,171.02,1032.66,53.97,1845.21,175.58,897.54,281.50,62.64,96.93,250.65,1813.40,3555.35,2.38,149.85,133.40,614.54,3.02,954.79,61.22,512.72
2026-03-15T17:50:00Z,53.52,2232.19,163.23,836.92,40.44,2330.25,160.77,272.30,68.63,1990.86,170.38,1031.37,53.96,1855.21,175.44,873.18,284.15,63.23,95.95,256.92,1833.49,3529.75,2.44,151.96,136.84,614.71,2.87,965.27,61.29,513.29
2026-03-15T18:00:00Z,53.94,2238.54,163.07,841.46,40.10,2320.67,160.28,274.36,68.46,1989.92,170.76,1034.39,54.22,1839.84,175.01,862.58,285.47,58.40,96.45,256.40,1826.04,3554.41,2.25,149.36,136.52,623.73,3.22,964.01,61.87,528.73
2026-03-15T18:10:00Z,54.30,2217.97,163.58,855.75,40.12,2317.67,160.72,284.75,68.83,1983.73,171.28,1031.60,54.24,1853.99,174.76,869.17,281.43,62.30,96.50,252.88,1813.15,3552.25,2.36,150.09,134.36,615.64,3.17,961.16,61.14,511.79
2026-03-15T18:20:00Z,54.28,2212.24,164.01,862.34,39.85,2326.03,160.15,266.00,69.47,1981.94,172.46,1040.33,54.75,1849.33,,887.94,278.99,63.46,97.43,252.05,1824.08,3536.73,2.35,149.38,135.99,619.99,2.81,966.91,59.87,520.72
2026-03-15T18:30:00Z,54.37,2211.51,164.34,864.10,39.90,2325.91,160.96,272.79,69.24,1970.43,171.72,1028.03,54.61,1838.64,175.91,880.56,275.91,63.01,97.90,247.65,1825.69,3549.87,2.52,151.64,133.58,614.66,3.00,969.04,60.87,512.38
2026-03-15T18:40:00Z,53.84,2215.38,163.89,863.28,39.63,2333.15,161.17,264.23,68.86,1979.38,171.09,1027.76,54.46,1845.78,175.89,901.19,279.80,64.01,97.11,247.12,1821.47,3560.90,2.65,149.78,135.24,619.38,2.89,957.86,60.68,514.06
2026-03-15T18:50:00Z,53.71,2215.89,163.09,858.53,39.86,2328.61,161.43,275.38,68.63,1983.92,170.57,1019.88,54.99,1836.11,176.01,895.55,284.66,63.25,96.57,257.72,1827.38,3557.38,2.58,153.32,140.52,625.87,3.03,953.67,61.79,510.13
2026-03-15T19:00:00Z,53.55,2229.69,163.62,851.94,39.96,2346.23,161.45,273.63,68.39,1990.20,170.46,1020.29,55.02,1829.24,175.29,909.17,283.53,62.17,96.86,252.69,1826.93,3561.99,2.87,150.29,135.95,625.90,2.98,964.20,61.17,519.58
2026-03-15T19:10:00Z,53.15,2240.63,163.31,844.24,40.02,2339.77,161.67,268.63,68.22,1987.10,170.63,1011.03,55.14,1822.69,175.35,907.11,284.11,63.10,96.72,255.28,1823.88,3553.24,2.52,150.56,136.95,620.62,2.85,964.98,59.79,513.29
2026-03-15T19:20:00Z,53.45,2240.54,163.68,844.36,40.44,2319.46,,270.94,68.21,1991.85,170.97,1014.99,54.94,1828.06,175.46,923.70,278.32,63.41,96.23,250.14,1822.76,3550.97,2.27,150.55,134.72,622.17,3.26,958.68,60.51,523.61
2026-03-15T19:30:00Z,53.54,2234.72,164.20,841.39,40.96,2309.57,,286.98,68.41,1993.67,170.79,1023.32,55.08,1822.21,175.65,927.09,280.21,61.71,97.23,254.40,1833.40,3554.74,2.44,150.45,135.02,614.80,2.95,965.04,61.09,516.83
2026-03-15T19:40:00Z,53.53,2236.24,164.32,839.87,40.49,2317.35,162.30,278.33,68.16,1998.06,170.95,1014.85,55.37,1811.92,175.64,925.27,281.77,63.46,96.48,255.61,1818.93,3545.98,2.35,149.59,134.14,615.17,2.46,955.28,60.82,517.58
2026-03-15T19:50:00Z,53.70,2231.24,164.10,848.43,40.59,2303.88,162.36,280.11,68.59,1989.76,170.58,1032.51,55.34,1808.93,175.78,917.42,279.56,63.52,96.26,249.48,1821.75,3551.83,2.52,149.06,133.97,621.08,3.23,959.86,59.79,521.15
2026-03-15T20:00:00Z,53.44,2234.74,163.76,857.74,40.67,2309.99,162.07,285.26,69.05,1985.78,171.21,1031.59,55.20,1808.77,176.08,924.51,281.79,63.00,96.45,255.20,1829.97,3549.67,2.46,152.31,134.31,615.46,2.70,957.75,60.71,510.08
2026-03-15T20:10:00Z,53.77,2231.80,164.24,864.91,40.58,2310.75,161.78,290.15,69.32,1977.18,172.24,1050.72,55.09,1816.49,176.32,915.94,282.67,63.98,97.09,250.84,1817.30,3525.31,2.70,148.64,137.59,624.85,2.98,956.63,59.70,520.25
2026-03-15T20:20:00Z,53.68,2227.35,164.43,865.31,40.97,2295.29,161.47,306.90,69.24,1961.92,171.93,1060.59,54.92,1834.41,175.70,900.74,279.48,63.96,96.73,253.92,1823.37,3546.61,2.62,149.44,133.39,611.55,3.04,959.84,60.46,504.39
2026-03-15T20:30:00Z,53.44,2231.23,164.43,868.92,41.05,2298.91,161.05,298.71,69.34,1962.36,171.58,1062.14,54.52,1838.18,175.99,888.06,285.13,65.64,96.84,254.95,1819.10,3553.28,2.45,149.82,136.86,623.70,2.75,958.44,60.23,517.60
2026-03-15T20:40:00Z,53.14,2243.82,164.25,855.23,41.16,2301.71,161.03,298.59,69.44,1968.05,171.86,1049.72,54.16,1838.90,176.16,891.48,289.59,63.73,96.64,257.31,1823.97,3542.58,2.69,150.60,141.78,621.88,2.96,960.26,60.07,518.39
2026-03-15T20:50:00Z,53.17,2240.99,163.56,850.79,41.27,2298.14,161.25,306.33,69.45,1978.01,171.84,1043.77,54.28,1843.60,175.52,886.35,285.74,62.53,96.75,255.85,1827.07,3544.48,2.58,152.24,135.26,621.70,2.72,959.89,59.97,519.97
2026-03-15T21:00:00Z,53.26,2238.24,163.17,841.73,41.31,2295.05,161.87,311.21,69.43,1968.02,171.30,1051.92,53.87,1849.66,175.15,881.60,278.72,62.36,96.76,249.67,1820.54,3566.87,2.84,149.29,135.86,621.43,3.10,955.00,59.80,516.50
2026-03-15T21:10:00Z,53.58,2234.80,163.41,850.47,41.24,2281.41,161.82,302.34,69.60,1968.28,171.64,1056.57,53.38,1868.64,174.72,863.72,281.93,63.61,96.92,250.87,1820.68,3551.89,2.48,151.41,131.98,608.47,3.43,955.36,59.45,504.73
2026-03-15T21:20:00Z,53.78,2228.48,163.49,854.14,41.63,2277.78,161.86,313.73,68.63,1976.41,172.07,1039.60,53.22,1875.09,174.16,836.40,277.02,61.98,97.48,248.95,1832.94,3557.40,2.59,149.15,133.08,609.23,3.02,967.87,59.94,503.79
2026-03-15T21:30:00Z,53.34,2226.72,164.06,867.61,42.04,2276.47,161.64,337.26,68.32,1985.18,171.78,1047.09,53.07,1875.62,174.45,842.36,276.84,63.35,97.24,251.89,1820.88,3543.29,2.41,149.51,132.11,611.52,2.93,959.16,61.08,505.32
2026-03-15T21:40:00Z,53.13,2239.23,163.44,845.87,42.18,2275.43,161.86,349.71,67.93,1991.87,171.03,1032.66,53.21,1857.96,174.15,857.77,277.92,61.45,96.33,249.14,1828.22,3550.85,2.49,151.13,133.70,615.85,2.80,971.64,60.76,511.36
2026-03-15T21:50:00Z,53.19,2225.48,163.81,851.44,41.59,2275.25,162.09,340.91,67.90,1987.36,171.50,1023.21,53.05,1866.01,174.38,874.25,286.71,62.54,96.06,258.94,1827.65,3537.73,2.50,149.59,142.91,633.01,3.32,960.84,60.67,530.12
2026-03-15T22:00:00Z,53.04,2239.44,164.41,849.75,41.51,2280.55,162.85,334.49,67.73,1989.92,171.32,1014.21,53.19,1860.29,174.92,860.30,285.67,63.91,96.64,255.07,1824.39,3541.45,2.81,151.44,139.77,623.05,2.89,966.86,60.13,519.01
2026-03-15T22:10:00Z,53.53,2238.32,163.68,836.82,41.47,2283.55,163.36,349.83,67.93,1984.10,171.74,1014.33,53.61,1858.70,174.64,847.54,282.25,62.77,98.88,252.57,1819.28,3545.49,2.36,149.46,135.54,624.44,2.94,962.66,60.47,526.38
2026-03-15T22:20:00Z,53.78,2229.44,164.27,842.50,41.40,2281.23,162.47,333.77,68.11,1984.09,170.87,1009.38,54.13,1857.93,174.51,857.54,281.14,62.74,97.07,255.40,1825.19,3552.88,2.60,151.01,134.50,622.17,3.25,958.58,60.99,513.78
2026-03-15T22:30:00Z,53.76,2230.02,164.07,837.19,41.50,2281.68,162.64,329.91,67.91,1993.65,170.62,1009.38,54.34,1845.77,175.24,869.69,278.53,62.38,97.48,251.50,1828.13,3542.42,2.63,150.52,134.21,617.42,2.79,970.59,61.34,514.40
2026-03-15T22:40:00Z,53.80,2220.07,164.39,864.57,41.68,2284.43,162.12,335.61,68.51,2002.83,170.51,1008.97,54.44,1849.59,175.70,873.96,278.94,62.14,97.57,253.45,1823.24,3560.85,2.61,151.80,133.03,618.03,3.04,962.21,60.50,513.62
2026-03-15T22:50:00Z,53.80,2220.69,164.32,860.72,41.42,2282.00,162.66,346.36,68.27,1993.09,170.63,1004.47,54.37,1848.65,175.13,886.35,280.17,63.27,97.81,249.07,1813.33,3564.37,2.62,148.41,136.56,621.39,3.00,958.24,60.53,521.88
2026-03-15T23:00:00Z,53.76,2220.70,164.45,859.92,41.80,2280.44,162.92,343.44,68.35,1989.16,170.12,1006.16,54.24,1849.96,175.42,890.65,283.95,63.52,97.44,252.06,1823.36,3547.05,2.24,149.70,137.38,623.86,3.22,955.61,61.13,527.89
2026-03-15T23:10:00Z,53.46,2243.25,164.26,845.18,41.44,2282.97,162.96,330.61,68.66,1985.88,170.62,1014.34,54.49,1848.28,174.74,899.47,282.53,65.30,96.96,254.25,1822.76,3543.26,2.53,150.51,134.90,624.13,2.51,955.86,61.83,509.78
2026-03-15T23:20:00Z,53.49,2238.99,163.55,837.25,41.53,2292.95,162.67,310.47,68.69,1978.15,171.27,1026.80,54.47,1845.75,175.18,902.62,280.52,62.88,96.52,250.03,1826.32,3548.03,2.62,150.20,135.45,620.45,3.17,963.54,59.09,521.27
2026-03-15T23:30:00Z,53.76,2227.03,163.78,836.76,41.63,2285.03,162.65,321.48,68.42,1988.02,171.32,1028.04,54.21,1849.87,174.83,891.73,279.63,61.42,96.73,251.47,1824.93,3546.32,2.77,151.90,135.50,616.28,3.22,960.57,59.00,521.66
2026-03-15T23:40:00Z,54.06,2218.00,163.42,853.70,41.73,2283.52,162.57,335.63,68.36,1993.64,171.81,1022.50,54.05,1843.63,174.85,892.93,277.26,62.24,96.23,250.04,1814.92,3547.09,2.62,151.25,132.90,620.99,3.39,955.83,59.44,527.07
2026-03-15T23:50:00Z,53.84,2217.80,163.82,852.30,42.06,2278.06,162.85,331.22,68.62,1984.82,171.97,1021.90,53.76,1857.91,174.55,874.59,278.06,61.28,96.17,252.57,1830.74,3545.84,2.52,148.73,135.51,614.47,3.14,967.46,60.44,515.94
2026-03-16T00:00:00Z,54.32,2210.34,163.78,867.45,41.80,2286.62,163.43,334.69,67.70,1993.62,171.03,1014.59,54.23,1852.99,174.83,869.47,276.63,62.22,96.55,247.39,1818.07,3533.57,2.51,149.74,135.19,614.52,3.48,961.99,59.65,529.33
2026-03-16T00:10:00Z,55.37,2201.13,164.33,877.34,41.79,2282.36,162.76,328.41,66.61,2021.41,170.75,989.96,54.18,1845.45,174.51,884.42,282.33,61.90,95.73,255.83,1824.74,3545.94,2.49,151.47,134.23,613.50,2.89,959.43,60.53,517.38
2026-03-16T00:20:00Z,56.07,2192.90,165.33,904.68,41.75,2277.84,162.98,326.75,65.43,2060.05,170.19,950.67,54.31,1841.67,175.23,876.71,283.27,59.55,96.51,254.97,1833.13,3557.84,2.34,150.54,134.96,620.62,3.08,968.33,60.00,524.06
2026-03-16T00:30:00Z,57.10,2162.83,166.29,951.14,41.37,2287.22,163.30,311.88,64.62,2082.53,169.39,929.06,54.46,1845.64,175.18,872.76,285.12,60.25,96.43,253.99,1823.86,3547.51,2.44,151.75,138.28,614.18,3.37,962.20,60.41,508.87
2026-03-16T00:40:00Z,57.25,2154.86,166.54,965.34,41.40,2280.39,162.48,319.97,64.19,2092.52,167.85,905.40,54.03,1852.16,174.73,879.40,281.77,58.82,97.09,255.70,1824.80,3529.04,2.50,151.75,133.51,615.47,2.97,961.67,60.35,511.58
2026-03-16T00:50:00Z,57.89,2144.27,165.90,971.72,41.26,2277.83,161.98,323.12,64.02,2097.91,168.13,892.27,54.28,1862.13,174.76,875.85,277.54,59.41,96.06,252.50,1821.53,3553.56,2.36,150.51,132.15,602.51,3.18,966.87,58.77,514.12
2026-03-16T01:00:00Z,58.27,2122.89,167.00,1002.96,41.10,2292.31,162.14,319.04,63.19,2120.84,167.40,859.54,54.63,1854.10,175.12,884.35,282.77,63.34,95.98,251.52,1828.39,3552.84,2.60,149.61,137.25,628.19,2.97,967.71,58.49,522.28
2026-03-16T01:10:00Z,58.71,2117.47,166.82,1006.50,41.31,2290.68,162.10,318.10,62.97,2112.11,167.73,851.64,54.66,1847.23,174.84,902.84,277.41,60.73,95.77,248.15,1825.58,3548.84,2.25,150.52,136.61,612.63,2.94,961.95,59.68,505.01
2026-03-16T01:20:00Z,58.94,2107.50,167.31,1011.97,41.53,2294.06,161.94,320.31,62.56,2118.29,167.05,840.41,54.62,1843.21,175.70,901.15,281.85,60.94,96.14,249.03,1814.75,3546.54,2.63,150.44,134.70,617.49,2.93,949.89,59.51,512.87
2026-03-16T01:30:00Z,59.30,2092.99,167.75,1033.96,41.96,2287.09,162.63,316.35,61.91,2140.28,167.13,824.24,54.41,1845.43,174.95,885.60,281.46,60.71,96.85,250.27,1831.24,3548.41,2.72,150.27,134.30,614.57,2.91,970.36,59.61,509.88
2026-03-16T01:40:00Z,59.54,2087.32,167.87,1043.71,41.75,2291.19,161.95,319.11,61.63,2156.35,165.92,797.37,54.31,1842.97,174.84,883.92,278.52,60.07,96.42,247.91,1816.86,3558.82,2.69,152.00,133.14,615.02,2.76,959.07,59.08,511.31
2026-03-16T01:50:00Z,60.02,2084.38,167.70,1059.14,42.24,2270.58,162.84,336.85,61.17,2172.40,166.06,786.94,54.79,1826.13,174.76,890.83,271.16,61.16,96.57,243.61,1814.21,3552.74,2.40,149.80,132.80,619.13,2.88,953.90,60.52,515.51
2026-03-16T02:00:00Z,60.23,2081.45,168.52,1056.11,42.48,2269.65,162.42,344.02,60.75,2183.14,166.03,773.87,54.53,1825.28,175.33,906.68,282.74,62.87,96.55,257.00,1823.96,3545.43,2.44,150.26,136.85,624.48,2.85,965.65,59.62,514.94
2026-03-16T02:10:00Z,60.84,2067.05,168.74,1065.33,42.56,2261.86,162.02,359.35,60.52,2186.15,165.50,750.08,54.41,1832.87,175.25,897.35,280.35,62.95,96.35,251.98,1828.52,3564.56,2.16,151.06,135.26,619.53,2.88,968.14,59.97,518.40
2026-03-16T02:20:00Z,61.23,2048.75,168.67,1078.41,42.68,2263.43,162.74,351.43,60.15,2189.26,165.09,742.54,54.57,1833.70,174.67,887.03,280.25,62.67,97.30,255.04,1834.75,3553.29,2.39,149.92,135.37,618.16,3.33,957.10,61.03,515.73
2026-03-16T02:30:00Z,61.90,2037.58,168.71,1112.75,42.97,2254.44,162.74,366.14,59.54,2209.69,164.80,724.55,54.36,1838.05,174.23,886.66,276.57,62.53,96.81,249.98,1834.34,3539.68,2.64,149.45,130.20,609.97,2.90,961.99,60.41,521.78
2026-03-16T02:40:00Z,62.27,2018.43,169.71,1132.01,43.13,2259.66,163.74,375.26,59.16,2218.99,164.37,708.33,54.29,1842.47,174.95,897.98,282.30,60.71,96.77,256.56,1827.80,3550.97,2.68,150.97,137.13,628.70,2.89,966.46,60.74,530.01
2026-03-16T02:50:00Z,62.60,2017.12,169.93,1146.08,43.15,2250.89,163.30,383.20,58.58,2233.47,164.61,691.20,54.03,1844.11,175.28,883.95,281.09,62.29,96.75,253.05,1834.85,3535.32,2.46,150.52,136.56,623.46,2.77,968.78,61.25,518.77
2026-03-16T03:00:00Z,62.73,2019.04,169.87,1148.52,42.95,2248.59,162.88,376.49,58.32,2242.10,164.11,678.27,54.18,1848.45,174.82,889.81,282.51,64.62,95.74,254.82,1836.77,3557.73,2.63,150.30,136.05,608.56,3.18,966.02,61.76,509.55
2026-03-16T03:10:00Z,63.25,2007.39,170.21,1174.02,42.44,2249.40,162.71,365.86,58.04,2246.31,164.38,671.83,54.20,1853.01,174.76,881.88,287.25,66.01,95.99,259.07,1825.93,3546.16,2.39,149.39,138.80,622.18,2.82,967.44,61.90,507.23
2026-03-16T03:20:00Z,63.27,1989.12,170.74,1191.51,43.15,2236.29,162.91,372.27,57.36,2251.98,163.65,653.58,54.10,1843.54,174.46,877.09,287.55,63.98,96.69,257.23,1821.41,3541.77,2.63,149.91,139.33,619.09,2.99,960.59,61.71,511.20
2026-03-16T03:30:00Z,63.69,1975.77,170.94,1202.40,43.33,2231.37,162.59,384.18,57.42,2263.52,163.77,642.70,54.25,1839.25,174.90,875.54,284.40,65.40,96.33,253.44,1821.90,3552.16,2.42,149.99,135.91,618.38,2.96,958.02,61.99,516.21
2026-03-16T03:40:00Z,63.65,1977.68,171.19,1213.17,43.11,2244.49,163.13,376.99,57.52,2256.93,163.76,629.60,53.98,1845.69,175.40,883.87,284.60,65.15,97.08,254.38,1822.40,3544.29,2.51,149.60,137.03,619.86,2.86,962.32,60.95,504.72
2026-03-16T03:50:00Z,63.88,1978.84,171.08,1207.58,43.27,2237.41,163.18,384.93,57.45,2253.15,163.25,634.98,54.19,1830.64,175.82,885.98,288.16,63.64,96.54,259.09,1832.31,3570.20,2.83,150.16,138.75,624.46,2.94,961.41,58.82,528.87
2026-03-16T04:00:00Z,64.11,1970.93,171.54,1214.25,43.13,2238.23,163.19,371.54,56.95,2260.57,163.32,617.48,54.58,1836.73,175.94,893.83,282.52,62.97,96.41,252.86,1824.92,3550.09,2.64,150.31,136.70,623.60,3.03,965.91,61.19,520.14
2026-03-16T04:10:00Z,64.20,1968.61,171.72,1225.52,43.00,2244.14,163.69,360.10,56.82,2267.60,163.20,598.76,54.55,1833.96,175.34,909.58,278.66,64.60,97.86,251.13,1822.40,3529.11,2.64,150.25,134.39,621.40,3.02,961.51,61.58,527.28
2026-03-16T04:20:00Z,64.73,1963.18,172.71,1232.18,42.73,2248.01,163.80,355.52,56.91,2272.36,162.25,610.81,54.82,1826.72,176.11,909.04,281.20,63.50,97.29,250.51,1824.38,3544.27,2.37,151.14,137.11,623.89,2.88,965.78,60.95,526.05
2026-03-16T04:30:00Z,64.65,1957.68,172.60,1223.55,42.35,2260.76,163.58,355.09,56.79,2278.37,162.48,613.91,54.58,1820.20,175.85,905.54,285.21,63.37,97.31,249.30,1832.01,3546.26,2.41,148.55,135.75,619.03,2.79,965.49,60.70,511.54
2026-03-16T04:40:00Z,64.77,1962.03,172.40,1236.16,42.34,2253.03,163.21,357.23,56.86,2275.55,162.20,605.42,54.44,1828.90,175.66,915.56,288.87,61.99,97.48,259.58,1824.85,3555.60,2.42,150.45,137.93,618.27,3.19,958.70,61.31,518.10
2026-03-16T04:50:00Z,64.77,1956.26,172.00,1231.88,42.40,2249.23,163.11,375.90,56.55,2283.63,162.83,588.28,54.03,1843.60,175.60,880.32,281.80,60.53,97.90,257.93,1824.57,3549.11,2.33,149.68,136.46,616.22,3.12,968.02,60.28,511.78
2026-03-16T05:00:00Z,65.03,1951.93,171.63,1244.44,42.26,2258.61,163.07,368.39,55.73,2297.44,163.06,583.40,54.19,1846.50,175.13,885.31,281.62,61.42,97.40,253.84,1836.71,3545.35,2.55,148.55,137.25,621.70,2.77,969.48,59.65,517.40
2026-03-16T05:10:00Z,64.83,1956.18,172.17,1247.54,41.45,2276.86,162.60,355.97,55.83,2303.31,162.46,578.60,54.02,1851.26,174.96,884.86,277.73,60.81,96.03,249.36,1819.07,3546.20,2.43,148.38,136.01,621.91,2.84,955.45,60.09,522.98
2026-03-16T05:20:00Z,64.34,1968.15,171.77,1232.55,41.38,2282.94,161.93,324.13,55.47,2319.15,162.04,558.86,53.96,1850.31,175.37,890.70,280.43,59.23,95.88,250.27,1810.93,3545.60,2.49,150.31,134.04,621.58,2.83,951.04,61.07,512.43
2026-03-16T05:30:00Z,64.46,1970.84,170.99,1238.55,41.63,2278.13,162.37,314.32,55.15,2321.19,161.71,555.36,53.70,1860.17,175.15,884.58,280.33,60.36,96.23,253.54,1822.94,3541.59,2.36,149.58,137.70,621.87,3.25,960.42,61.93,524.15
2026-03-16T05:40:00Z,64.65,1966.48,171.32,1240.95,41.83,2287.43,163.11,318.29,55.14,2321.90,162.12,550.55,53.79,1857.67,175.52,885.33,275.42,59.78,96.76,252.89,1830.25,3555.55,2.70,149.82,132.76,620.46,3.13,969.64,60.78,516.50
2026-03-16T05:50:00Z,64.82,1964.12,171.65,1234.55,41.82,2288.61,162.72,317.95,54.90,2313.07,162.73,539.38,54.08,1857.61,175.28,889.22,273.68,59.89,97.22,246.05,1828.10,3555.75,2.45,149.39,132.53,605.12,2.70,960.19,60.14,509.18
2026-03-16T06:00:00Z,64.84,1953.42,171.92,1237.14,41.62,2284.16,162.15,316.71,55.09,2310.36,161.31,539.78,54.15,1852.08,175.39,889.24,278.08,60.10,96.85,247.18,1811.33,3546.54,2.34,150.52,134.26,618.94,3.44,945.30,60.81,519.31
2026-03-16T06:10:00Z,65.48,1941.07,171.80,1251.88,41.68,2282.17,162.00,329.84,54.73,2326.93,161.33,534.72,53.91,1861.62,175.47,880.92,273.12,59.69,97.17,243.26,1810.10,3548.53,2.76,149.61,129.12,609.05,2.99,957.12,59.82,503.80
2026-03-16T06:20:00Z,65.45,1938.41,173.13,1262.37,41.60,2285.24,162.41,329.01,54.28,2337.98,161.78,521.14,53.85,1858.20,174.81,882.88,273.72,57.94,96.27,249.14,1826.74,3557.76,2.21,149.70,132.13,614.51,2.99,960.03,59.96,514.16
2026-03-16T06:30:00Z,65.83,1934.08,172.63,1276.59,41.27,2290.00,162.73,328.98,54.20,2340.70,161.00,510.78,53.23,1871.90,174.68,865.93,272.73,59.09,96.74,241.98,1807.62,3548.00,2.37,150.98,130.71,613.08,2.96,947.42,60.37,516.57
2026-03-16T06:40:00Z,65.57,1928.86,171.59,1279.40,41.37,2294.51,162.57,320.40,53.92,2352.90,161.17,498.22,53.37,1868.32,174.80,872.64,269.95,61.45,96.59,244.05,1824.98,3539.59,2.67,152.01,132.53,618.40,2.88,960.20,59.95,515.24
2026-03-16T06:50:00Z,65.93,1940.71,172.02,1288.76,41.61,2287.02,162.74,328.26,53.85,2353.51,160.84,494.37,53.00,1887.64,174.04,842.45,270.09,61.57,96.65,239.28,1804.66,3559.38,2.41,149.18,130.44,611.79,2.80,955.99,60.84,510.45
2026-03-16T07:00:00Z,65.87,1943.91,171.43,1261.71,41.72,2282.43,163.13,339.65,53.76,2348.29,160.77,488.91,53.12,1872.85,174.33,849.21,276.65,58.75,96.61,249.82,1822.92,3545.27,2.84,150.02,135.37,623.03,2.87,959.24,59.97,505.76
2026-03-16T07:10:00Z,65.85,1936.43,172.00,1255.53,41.68,2281.95,162.52,333.03,54.16,2348.59,160.42,508.84,52.96,1874.83,174.62,863.55,277.29,58.43,97.49,248.62,1824.99,3544.25,2.54,149.99,134.22,618.50,3.14,967.86,59.97,517.04
2026-03-16T07:20:00Z,65.94,1928.42,171.60,1264.04,41.60,2301.19,162.50,323.91,54.06,2352.16,160.44,506.24,52.85,1882.61,174.24,843.42,282.26,58.37,96.11,253.54,1819.15,3551.90,2.63,149.74,140.08,620.79,3.46,966.96,59.60,507.67
2026-03-16T07:30:00Z,66.10,1917.88,172.30,1274.46,41.64,2288.33,162.27,311.04,53.60,2358.09,160.99,502.12,52.61,1885.15,174.28,848.08,279.56,59.28,96.38,252.69,1825.92,3547.20,2.71,148.45,134.40,618.69,3.02,957.93,60.28,520.88
2026-03-16T07:40:00Z,66.15,1925.93,173.41,1288.17,41.82,2284.69,162.19,320.94,53.87,2358.66,160.24,502.08,52.64,1893.69,175.03,840.54,280.86,60.31,96.70,251.81,1824.37,3548.01,2.61,151.45,136.91,620.37,3.03,962.50,61.31,519.62
2026-03-16T07:50:00Z,65.91,1910.08,173.44,1298.28,41.87,2272.58,162.58,337.06,53.34,2355.50,160.01,494.61,52.78,1883.79,174.98,838.64,277.03,61.11,96.03,246.53,1814.20,3533.53,2.59,150.85,133.66,615.10,2.82,956.13,61.32,514.79
2026-03-16T08:00:00Z,66.45,1915.48,173.72,1311.56,41.78,2281.70,162.67,323.87,53.00,2356.30,159.47,482.44,52.37,1893.88,174.58,817.28,271.74,63.55,95.78,241.35,1816.82,3567.51,2.48,151.00,130.75,618.20,2.87,949.81,61.49,526.19
2026-03-16T08:10:00Z,66.26,1913.05,173.68,1316.52,41.32,2284.61,162.45,326.92,53.01,2359.69,160.38,483.81,52.34,1889.45,174.18,829.26,277.60,63.23,96.51,250.83,1821.90,3553.81,2.43,150.26,135.73,618.28,2.63,958.30,61.92,521.56
2026-03-16T08:20:00Z,66.22,1927.61,173.38,1304.40,40.89,2299.96,161.47,319.77,52.72,2372.38,159.46,473.78,52.32,1884.43,173.95,816.54,270.85,60.86,97.21,241.81,1816.41,3546.15,2.43,147.86,132.06,615.83,2.80,961.83,60.53,508.84
2026-03-16T08:30:00Z,66.17,1927.90,172.86,1296.96,40.87,2300.95,161.37,309.17,52.60,2377.45,160.12,474.63,52.37,1891.60,174.42,820.85,275.41,60.98,97.42,246.19,1825.32,3549.06,2.82,149.38,130.32,615.66,3.11,959.05,61.37,512.73
2026-03-16T08:40:00Z,66.13,1925.64,173.65,1295.65,40.64,2305.10,161.81,311.25,53.12,2364.13,160.83,478.04,52.46,1886.52,173.79,834.93,273.75,60.56,97.68,245.75,1818.25,3540.87,2.51,150.65,131.22,610.24,2.95,959.39,61.57,509.68
2026-03-16T08:50:00Z,66.04,1921.20,173.25,1302.50,41.06,2296.84,161.99,312.80,53.23,2362.90,160.60,468.22,52.98,1879.40,173.99,826.25,272.20,60.05,96.94,244.46,1815.49,3549.02,2.55,150.04,131.58,611.13,3.25,957.23,61.18,505.49
2026-03-16T09:00:00Z,66.18,1927.56,173.53,1301.87,41.14,2286.37,162.26,315.63,53.07,2358.69,160.11,471.78,52.88,1881.78,173.44,830.94,275.33,59.07,96.61,246.38,1821.60,3568.68,2.75,150.19,130.73,613.87,2.83,962.57,61.54,509.87
2026-03-16T09:10:00Z,66.23,1924.11,173.82,1283.76,41.04,2288.56,162.32,306.10,53.21,2374.88,159.95,463.43,52.92,1880.89,174.36,838.15,273.61,58.40,95.80,244.23,1825.99,3565.74,2.64,150.23,134.05,612.27,3.08,960.37,59.30,505.50
2026-03-16T09:20:00Z,66.50,1911.08,172.62,1298.90,41.41,2295.85,163.21,313.22,52.79,2371.20,160.06,462.30,52.45,1889.77,173.69,826.78,273.16,57.87,97.05,246.82,1826.58,3533.37,2.55,149.69,133.09,617.05,3.09,960.69,59.13,507.29
2026-03-16T09:30:00Z,66.38,1911.78,173.08,1312.15,41.12,2302.78,162.40,319.42,52.93,2373.90,160.01,464.73,52.21,1885.50,174.39,823.32,272.28,59.59,96.48,242.22,1820.40,3549.56,2.74,149.72,132.57,614.48,3.34,962.33,59.66,504.25
2026-03-16T09:40:00Z,66.26,1913.30,173.13,1308.27,41.23,2293.15,162.95,323.53,53.08,2376.46,160.22,472.34,52.52,1887.97,173.72,825.36,273.33,58.71,96.61,247.55,1829.17,3554.52,2.56,150.46,128.63,609.39,3.22,966.38,60.63,511.72
2026-03-16T09:50:00Z,66.76,1910.29,173.56,1315.10,41.01,2295.52,163.25,310.25,53.10,2375.50,,493.71,52.67,1887.58,173.55,831.24,275.13,58.79,96.44,245.73,1821.63,3558.73,2.48,148.92,132.50,620.37,3.06,953.45,61.06,513.29
2026-03-16T10:00:00Z,66.70,1913.86,173.42,1318.27,41.20,2293.38,163.30,311.66,52.46,2386.57,159.95,471.05,53.20,1880.81,173.68,835.82,276.39,57.26,95.92,248.78,1811.19,3568.25,2.47,150.39,133.19,619.88,2.97,958.96,61.59,508.86
2026-03-16T10:10:00Z,66.81,1903.97,173.48,1322.74,40.78,2307.55,162.74,301.24,52.59,2388.08,159.44,466.75,53.10,1879.85,173.83,839.32,275.00,60.62,97.05,247.06,1823.07,3557.56,2.58,150.03,133.00,613.35,3.09,964.28,60.40,521.52
2026-03-16T10:20:00Z,67.05,1893.97,173.86,1347.43,41.02,2305.35,163.01,305.23,53.05,2382.15,160.00,462.60,53.07,1885.23,173.87,842.98,276.00,59.66,96.40,245.65,1821.22,3557.43,2.48,149.20,134.70,615.52,3.42,964.83,59.67,508.17
2026-03-16T10:30:00Z,66.98,1907.88,173.57,1330.80,41.05,2301.83,162.54,309.40,53.19,2379.27,159.73,465.64,53.30,1882.51,174.35,841.32,279.85,61.29,96.07,252.26,1815.87,3537.02,2.49,151.38,134.85,623.15,3.18,961.49,59.69,504.08
2026-03-16T10:40:00Z,67.09,1899.20,173.93,1335.33,41.49,2301.65,162.49,321.05,52.97,2380.88,159.66,457.84,53.22,1869.22,174.17,831.37,275.45,63.01,96.38,244.73,1815.29,3554.05,2.23,149.75,131.41,609.78,2.99,961.00,59.64,493.63
2026-03-16T10:50:00Z,67.29,1888.59,174.83,1354.03,41.42,2298.84,162.34,324.16,53.09,2375.69,160.46,468.74,53.09,1870.89,174.31,845.08,276.34,62.27,97.17,248.66,1813.36,3552.47,2.37,150.31,134.11,618.13,3.01,961.63,59.52,515.72
2026-03-16T11:00:00Z,67.34,1875.24,174.78,1352.26,41.49,2292.51,162.49,327.89,53.34,2371.80,160.70,467.88,53.61,1860.34,174.55,858.77,276.18,61.09,96.93,250.75,1832.86,3547.40,2.44,151.02,132.09,611.20,3.00,964.05,60.03,519.14
2026-03-16T11:10:00Z,67.50,1886.37,175.66,1350.20,41.46,2289.93,162.54,323.50,53.33,2370.59,161.01,465.38,53.92,1850.25,174.70,866.53,277.81,62.22,96.01,249.40,1821.50,,2.63,149.58,133.98,614.44,2.84,956.83,60.25,507.98
2026-03-16T11:20:00Z,67.51,1898.68,174.95,1343.98,41.50,2281.58,162.61,333.83,53.10,2376.50,160.45,471.61,53.88,1850.65,174.99,871.69,274.29,62.33,95.95,247.75,1817.66,3548.90,2.48,149.16,133.13,611.60,3.05,959.00,58.86,509.86
2026-03-16T11:30:00Z,67.50,1896.55,174.21,1341.33,41.34,2276.34,162.69,329.32,53.06,2367.19,159.88,476.73,54.20,1851.52,174.19,875.67,277.55,61.53,95.99,251.94,1820.54,3558.52,2.40,152.32,133.70,617.87,2.78,955.68,59.89,507.73
2026-03-16T11:40:00Z,67.39,1877.53,173.82,1336.21,,2279.13,162.38,317.04,53.00,2362.17,160.19,483.16,53.87,1860.77,173.80,855.16,280.36,61.07,96.65,252.29,1829.28,3543.94,2.34,150.20,134.18,618.57,3.11,967.52,61.64,520.00
2026-03-16T11:50:00Z,67.14,1887.22,173.98,1339.71,41.42,2286.32,162.43,332.27,53.06,2379.01,160.85,493.70,53.61,1856.01,174.07,863.53,287.62,61.04,97.06,259.02,1835.73,3544.66,2.57,149.78,135.94,621.91,3.50,965.62,60.79,517.78
2026-03-16T12:00:00Z,67.08,1890.84,173.87,1331.46,41.46,2287.63,162.19,338.21,53.05,2380.91,160.15,476.94,53.30,1868.13,174.52,857.66,279.00,60.50,97.03,247.15,1821.27,3549.54,2.63,150.76,134.26,624.14,2.66,959.69,61.18,521.39
2026-03-16T12:10:00Z,66.77,1909.98,173.08,1325.18,41.19,2286.93,162.69,327.81,53.35,2374.51,160.07,482.50,53.22,1863.60,174.40,847.84,275.98,63.00,96.86,248.32,1824.18,3545.02,2.58,150.56,132.54,616.70,2.87,965.99,59.94,518.28
2026-03-16T12:20:00Z,66.83,1898.87,173.50,1321.20,41.01,2284.71,162.38,318.13,53.55,2376.24,160.06,494.87,53.34,1862.98,174.22,845.09,275.28,62.48,97.56,251.39,1826.77,3548.48,2.63,149.56,132.71,614.54,2.68,964.07,60.19,513.67
2026-03-16T12:30:00Z,66.48,1903.06,173.27,1322.07,41.13,2284.02,162.74,323.83,53.56,2379.67,160.31,484.14,53.32,1857.19,174.81,859.54,273.70,63.33,97.01,246.44,1824.69,3547.09,2.42,152.12,130.42,609.30,3.03,963.34,59.90,510.14
2026-03-16T12:40:00Z,66.25,1911.89,173.83,1320.80,41.01,2296.21,162.92,315.57,53.54,2364.18,160.35,498.50,53.71,1858.57,174.58,860.00,272.29,58.93,96.81,243.04,1817.81,3541.54,2.56,151.13,129.25,612.95,3.02,959.52,60.58,510.19
2026-03-16T12:50:00Z,66.10,1910.61,173.24,1316.45,40.90,2296.83,162.62,308.38,53.63,2350.29,160.52,493.44,53.85,1857.01,174.56,863.62,272.75,61.16,97.17,242.76,1815.27,3545.81,2.19,149.70,129.49,614.83,2.74,957.68,61.20,517.02
2026-03-16T13:00:00Z,65.80,1920.28,172.97,1296.51,40.46,2308.33,162.29,299.01,53.26,2365.01,160.81,476.76,53.31,1857.83,174.94,862.75,268.29,58.38,96.74,238.75,1813.57,3548.75,2.49,148.97,127.79,603.13,2.79,953.63,60.56,498.52
2026-03-16T13:10:00Z,65.80,1926.83,173.25,1303.56,40.80,2303.27,161.45,296.21,53.28,2365.94,160.56,494.56,53.26,1866.06,174.50,859.31,272.70,59.53,96.36,246.79,1816.91,3558.63,2.34,149.52,129.16,606.96,3.23,956.82,59.19,501.58
2026-03-16T13:20:00Z,65.70,1931.54,172.79,1294.75,40.79,2305.09,161.83,295.68,53.00,2356.27,160.75,487.22,53.32,1866.51,174.63,850.21,272.88,60.05,96.19,248.65,1822.09,3562.07,2.74,149.12,129.99,612.20,3.30,958.05,59.10,512.89
2026-03-16T13:30:00Z,65.87,1923.98,173.23,1298.51,40.84,2299.20,162.35,307.47,52.58,2374.12,159.73,474.42,52.81,1880.22,174.50,851.40,274.66,59.39,97.29,246.43,1815.51,3564.57,2.69,150.21,132.45,619.77,3.19,963.12,59.35,510.82
2026-03-16T13:40:00Z,65.79,1926.45,173.11,1301.82,40.89,2301.66,162.67,322.89,52.75,2378.64,160.04,475.24,52.76,1875.36,174.78,852.16,280.36,60.14,96.63,253.22,1828.91,3542.83,2.50,149.85,135.36,624.66,3.26,964.30,59.06,514.67
2026-03-16T13:50:00Z,65.82,1934.47,173.01,1275.81,41.05,2303.94,162.56,314.46,53.37,2370.28,160.04,488.66,52.61,1873.50,174.32,851.78,277.85,59.40,96.83,251.39,1822.92,3552.38,2.53,151.09,134.42,627.26,3.20,954.70,60.16,518.02
2026-03-16T14:00:00Z,65.84,1927.95,172.79,1289.30,41.26,2299.48,162.75,326.51,53.21,2368.77,160.31,487.93,52.23,1889.19,173.77,829.07,272.29,60.40,96.72,245.14,1829.57,3556.79,2.74,149.72,132.01,616.50,2.93,959.94,60.01,522.55
2026-03-16T14:10:00Z,65.79,1928.50,172.82,1298.47,41.23,2295.91,162.71,324.29,53.30,2366.82,160.13,470.26,52.35,1893.47,173.91,822.12,269.41,59.53,97.35,243.59,1809.13,3553.79,2.37,149.35,129.40,599.67,2.87,952.96,59.01,495.46
2026-03-16T14:20:00Z,65.68,1919.55,172.25,1299.09,41.15,2299.31,162.36,333.40,53.03,2376.41,160.79,452.82,52.08,1906.59,173.80,817.97,267.21,58.70,96.74,242.64,1816.45,3543.26,2.77,149.78,127.57,610.06,3.19,965.17,60.14,520.49
2026-03-16T14:30:00Z,65.77,1915.11,172.25,1300.43,40.81,2297.32,162.30,323.64,53.03,2381.29,160.32,465.60,52.14,1897.48,173.94,821.40,276.19,59.36,96.60,251.20,1816.78,3551.53,2.32,150.00,130.45,612.98,2.98,958.71,61.45,515.22
2026-03-16T14:40:00Z,66.38,1915.98,172.47,1303.61,41.12,2302.46,161.94,310.37,52.98,2370.46,159.60,471.09,52.71,1888.27,174.59,828.75,270.31,60.02,96.41,243.10,1816.93,3556.44,2.41,151.66,130.58,614.02,3.24,961.20,61.77,515.39
2026-03-16T14:50:00Z,66.64,1911.65,171.99,1307.58,41.55,2285.73,162.09,308.38,52.76,2375.50,159.94,470.74,52.65,1884.73,173.78,823.84,269.23,60.27,95.49,244.49,1820.54,3550.36,2.31,149.16,131.28,615.74,3.16,964.84,62.12,522.10
2026-03-16T15:00:00Z,66.56,1916.04,173.43,1314.15,41.58,2283.05,161.39,315.66,52.90,2382.48,159.10,476.93,52.70,1886.68,174.15,822.30,270.20,59.92,96.04,241.50,1810.07,3549.79,2.43,150.11,130.13,609.78,3.05,957.50,62.28,514.61
2026-03-16T15:10:00Z,66.83,1910.78,173.70,1311.01,41.64,2285.44,161.36,315.14,53.53,2366.05,159.65,471.32,52.39,1899.28,174.53,840.78,270.16,61.52,95.02,240.85,1807.57,3548.28,2.61,151.22,129.97,614.79,2.78,952.72,60.76,519.26
2026-03-16T15:20:00Z,66.56,1912.86,172.94,1307.81,41.30,2291.59,162.29,314.03,53.77,2356.97,160.34,494.90,53.18,1884.31,174.08,842.29,275.79,59.87,94.34,252.71,1828.17,3555.16,2.50,150.21,133.55,616.15,3.07,966.78,60.47,517.10
2026-03-16T15:30:00Z,66.64,1919.90,173.03,1307.33,41.08,2305.25,162.56,315.54,53.67,2352.46,160.19,487.79,53.02,1888.03,173.61,821.17,273.63,57.91,95.03,245.03,1818.32,3541.43,2.51,148.57,132.17,615.00,3.04,958.66,61.23,500.13
2026-03-16T15:40:00Z,66.70,1901.65,173.07,1318.10,40.97,2302.57,162.52,310.39,53.57,2347.87,160.57,500.94,53.10,1888.53,173.60,828.08,271.75,60.42,95.23,244.06,1822.53,3551.14,2.57,151.43,127.43,606.49,2.78,961.61,60.38,507.84
2026-03-16T15:50:00Z,66.41,1904.99,173.92,1330.60,40.60,2317.07,162.60,311.45,53.85,2343.65,161.16,511.75,53.32,1873.54,173.87,848.63,272.88,60.44,96.48,249.53,1822.43,3541.97,2.27,149.78,131.42,622.61,2.89,962.22,60.95,518.29
2026-03-16T16:00:00Z,66.32,1912.06,173.77,1322.00,40.85,2313.01,162.66,311.34,53.87,2344.01,160.66,510.72,53.55,1865.36,174.34,859.34,272.19,59.08,96.63,244.19,1821.59,3539.83,2.52,150.56,131.57,615.88,2.94,959.49,61.27,517.30
2026-03-16T16:10:00Z,66.12,1915.42,173.67,1306.85,40.73,2299.87,162.64,315.56,53.82,2337.08,161.06,504.01,53.72,1862.21,174.46,871.30,281.26,60.21,97.57,254.78,1824.60,3552.83,2.34,150.13,134.18,613.75,2.99,956.09,61.74,506.18
2026-03-16T16:20:00Z,66.00,1930.84,173.35,1307.51,40.84,2304.34,162.12,314.13,53.91,2336.25,161.00,514.07,53.69,1863.78,175.23,879.73,277.64,61.16,96.96,247.23,1821.75,3545.55,2.59,150.40,135.83,619.94,2.94,957.72,59.76,519.36
2026-03-16T16:30:00Z,66.18,1927.25,173.76,1293.02,40.77,2313.73,161.67,308.82,53.70,2348.80,160.88,508.79,53.74,1867.41,175.70,870.88,278.06,62.24,96.41,250.44,1820.01,3563.30,2.39,149.33,133.68,621.15,3.08,958.62,60.29,516.82
2026-03-16T16:40:00Z,66.19,1917.31,173.39,1286.85,40.42,2310.07,161.21,296.53,53.60,2367.63,160.57,492.23,53.53,1866.52,174.97,858.93,281.66,61.55,96.46,253.62,1826.69,3558.61,2.61,149.11,138.54,629.71,3.22,959.35,60.28,526.07
2026-03-16T16:50:00Z,66.09,1926.00,172.68,1295.17,40.53,2316.60,161.74,297.08,53.10,2364.76,160.96,484.45,53.66,1863.57,174.64,868.20,275.32,65.01,96.46,246.06,1817.75,3544.78,2.48,149.87,132.30,607.57,3.20,957.17,60.98,491.02
2026-03-16T17:00:00Z,66.50,1914.72,173.46,1328.77,40.78,2314.00,161.76,298.44,52.98,2375.35,160.47,486.01,53.56,1862.40,174.99,872.73,278.34,62.48,96.58,251.69,1820.06,3550.12,2.67,150.03,136.02,616.30,2.92,959.77,59.96,504.13
2026-03-16T17:10:00Z,66.76,1908.95,173.05,1314.30,40.86,2312.87,162.73,297.67,52.91,2378.95,161.10,474.15,53.70,1856.66,174.95,862.88,282.17,60.47,96.73,252.39,1823.41,3549.52,2.44,149.91,136.80,630.51,2.82,966.27,59.84,518.99
2026-03-16T17:20:00Z,66.96,1889.30,173.23,1326.87,40.55,2322.22,162.03,286.33,52.65,2386.67,160.29,456.08,53.63,1863.98,174.69,858.07,279.63,59.78,96.82,249.22,1819.43,3557.27,2.48,151.40,135.31,619.52,3.24,964.06,60.41,506.64
2026-03-16T17:30:00Z,67.34,1888.99,173.07,1336.96,40.62,2322.93,162.30,292.66,52.74,2379.13,159.42,452.22,53.56,1851.60,174.32,860.07,271.48,59.69,96.76,246.81,1812.03,3552.68,2.32,148.51,131.04,617.24,3.05,956.52,61.30,514.10
2026-03-16T17:40:00Z,67.07,1905.76,173.60,1327.32,40.67,2306.66,161.83,292.52,53.13,2382.47,159.34,466.23,53.38,1853.61,175.01,866.20,274.07,60.19,96.94,246.74,1827.22,3539.23,2.78,149.70,131.76,613.48,3.05,970.61,62.10,503.29
2026-03-16T17:50:00Z,67.12,1897.28,173.91,1329.46,40.64,2308.56,162.11,277.94,52.85,2374.57,159.19,472.31,53.74,1864.06,175.05,873.36,267.43,59.97,97.18,241.13,1818.34,3552.72,2.47,150.78,129.50,598.91,2.57,963.11,60.62,500.68
2026-03-16T18:00:00Z,66.74,1909.45,174.49,1317.95,40.68,2304.58,161.01,286.29,52.48,2378.85,159.85,463.76,53.81,1855.68,175.47,879.67,273.89,62.11,96.04,244.64,1824.71,3547.18,2.30,150.69,127.74,610.32,3.11,963.41,60.56,520.23
2026-03-16T18:10:00Z,66.71,1909.15,173.96,1331.08,40.72,2298.94,160.91,288.47,52.36,2388.29,160.08,462.14,53.72,1848.98,174.72,879.92,275.29,59.06,96.65,249.00,1819.19,3551.68,2.60,151.46,131.90,611.67,3.11,967.69,59.27,499.09
2026-03-16T18:20:00Z,66.88,1903.02,173.78,1326.39,41.02,2296.41,161.43,298.12,52.65,2390.26,159.63,447.27,53.68,1848.11,175.21,872.68,275.58,60.45,96.84,246.97,1825.42,3555.88,2.67,151.85,129.59,607.24,3.09,967.99,59.50,513.13
2026-03-16T18:30:00Z,66.89,1906.66,173.16,1308.55,41.00,2297.88,161.79,289.36,52.78,2380.35,159.49,461.98,53.62,1859.10,175.54,872.26,278.84,58.59,96.55,252.13,1823.76,3542.90,2.54,149.26,136.77,617.14,2.70,963.16,60.00,510.58
2026-03-16T18:40:00Z,66.89,1914.71,173.01,1308.93,41.42,2293.87,162.23,315.29,52.68,2377.68,159.45,471.42,53.46,1862.36,175.12,869.78,273.94,58.85,96.80,246.35,1814.16,3547.91,2.74,150.33,130.59,606.07,2.76,955.49,61.31,497.39
2026-03-16T18:50:00Z,66.75,1908.48,173.93,1310.49,41.12,2301.61,162.46,299.63,52.94,2374.85,159.73,460.38,53.59,1863.44,174.67,863.76,271.41,60.37,96.91,243.49,1816.54,3548.62,2.57,149.13,132.86,611.59,3.17,961.75,62.04,510.56
2026-03-16T19:00:00Z,66.59,1907.05,173.80,1315.34,41.32,2292.89,162.04,304.51,53.15,2372.85,159.74,471.77,53.49,1858.48,174.81,864.62,273.50,60.36,95.96,247.35,1823.03,3541.26,2.46,150.11,130.58,615.26,2.84,963.00,61.52,513.84
2026-03-16T19:10:00Z,66.30,1903.71,173.71,1310.20,41.29,2296.06,161.64,300.94,52.84,2382.17,160.17,471.49,53.53,1861.01,174.82,869.30,273.75,62.32,95.77,245.16,1816.18,3551.01,2.80,150.20,131.43,602.83,3.02,953.37,62.18,499.44
2026-03-16T19:20:00Z,66.30,1907.19,173.82,1308.57,41.01,2297.42,161.75,313.21,52.74,2381.23,160.76,469.00,53.31,1860.60,175.50,859.57,276.62,60.93,97.04,249.12,1820.78,3542.61,2.65,149.44,131.94,613.95,3.09,964.28,62.55,502.22
2026-03-16T19:30:00Z,66.10,1916.91,173.40,1308.06,41.12,2296.57,161.76,306.26,53.15,2382.41,160.15,458.93,53.07,1863.41,175.85,853.63,272.06,60.41,96.88,246.48,1823.43,3528.55,2.45,150.51,131.06,608.89,2.82,962.26,60.24,498.40
2026-03-16T19:40:00Z,65.91,1919.90,172.97,1288.04,40.97,2307.02,161.55,290.80,53.13,2376.02,159.80,464.17,53.23,1862.57,175.79,856.13,268.89,59.81,96.43,242.43,1811.98,3548.93,2.84,150.12,130.02,622.08,3.25,955.54,59.99,524.97
2026-03-16T19:50:00Z,65.40,1938.13,172.76,1266.90,41.01,2298.96,162.19,302.46,53.16,2369.03,160.11,477.33,53.04,1865.77,175.22,851.90,274.61,59.08,96.75,247.38,1818.44,3558.05,2.43,152.35,133.72,606.96,2.88,953.22,60.11,503.17
2026-03-16T20:00:00Z,65.64,1930.96,172.76,1274.06,40.81,2302.42,162.38,301.85,53.68,2349.50,160.77,497.00,52.57,1879.70,175.09,848.71,268.01,59.50,96.78,243.95,1814.73,3553.67,2.50,148.42,127.58,618.21,3.16,961.88,60.48,530.48
2026-03-16T20:10:00Z,65.83,1922.84,172.02,1296.08,40.80,2295.76,162.34,303.62,53.76,2360.71,160.16,489.88,52.27,1892.86,174.59,824.95,269.01,60.62,96.08,242.48,1819.79,3545.33,2.27,149.38,127.98,606.31,2.91,960.61,59.74,502.76
2026-03-16T20:20:00Z,65.66,1930.83,172.29,1291.00,40.22,2306.25,162.42,281.91,53.86,2355.33,160.09,507.93,51.85,1897.84,174.02,810.98,267.99,60.06,95.85,240.68,1818.27,3545.59,2.32,150.45,131.03,614.59,2.97,957.99,58.69,524.12
2026-03-16T20:30:00Z,65.57,1932.19,171.82,1285.34,40.33,2305.23,161.73,289.68,53.87,2349.30,160.01,508.19,51.79,1896.13,173.67,805.96,266.80,60.55,95.85,239.79,1809.34,3538.35,2.54,150.65,130.40,622.67,3.07,954.42,60.27,516.08
2026-03-16T20:40:00Z,65.75,1931.82,172.30,1290.38,41.04,2301.55,162.19,307.25,53.72,,160.64,520.56,52.32,1887.12,173.47,813.03,273.92,58.81,95.74,247.78,1829.64,3564.57,2.51,149.29,133.17,620.38,3.11,961.75,59.79,506.82
2026-03-16T20:50:00Z,65.70,1925.71,171.82,1275.97,41.03,2301.94,162.10,304.76,53.76,2349.92,161.09,501.41,52.23,1886.02,173.92,819.66,270.08,57.28,96.20,244.52,1817.09,3534.85,2.46,152.26,133.59,614.93,2.99,959.04,60.35,513.81
2026-03-16T21:00:00Z,65.08,1943.32,171.79,1279.58,41.01,2302.27,161.99,312.91,53.94,2357.36,160.16,514.07,52.70,1887.51,173.83,837.08,274.27,59.33,95.51,246.24,1811.59,3535.75,2.37,147.26,131.95,610.29,3.13,952.85,61.14,507.88
2026-03-16T21:10:00Z,65.02,1939.24,171.81,1276.38,40.59,2308.09,162.82,305.93,54.04,2346.67,160.27,510.22,52.88,1879.19,173.39,832.47,271.74,59.06,95.16,247.82,1830.10,3557.19,2.29,150.79,129.42,606.24,3.28,964.07,61.69,501.91
2026-03-16T21:20:00Z,65.36,1934.74,172.24,1258.35,40.75,2310.53,162.82,309.72,54.28,2340.68,161.01,528.74,53.02,1867.12,174.05,854.31,274.53,61.11,95.36,249.39,1821.96,3559.05,2.48,149.63,130.90,601.70,3.10,956.99,61.71,492.93
2026-03-16T21:30:00Z,65.48,1936.79,171.94,1274.26,41.02,2303.54,162.64,300.56,54.40,2341.27,160.99,514.24,53.16,1867.30,173.96,848.66,274.00,60.02,95.56,245.49,1821.45,3559.11,2.62,151.54,132.12,614.77,3.13,955.95,60.05,503.73
2026-03-16T21:40:00Z,65.65,1939.62,172.08,1270.36,40.68,2311.39,162.51,284.67,54.03,2354.19,161.02,514.38,53.19,1861.24,173.74,857.74,271.49,60.21,96.33,243.52,1813.30,3555.66,2.53,149.74,131.78,607.92,3.01,958.40,60.88,490.43
2026-03-16T21:50:00Z,65.83,1929.40,172.11,1277.24,40.58,2314.19,162.51,290.80,54.08,2349.52,161.74,517.20,53.32,1863.03,174.09,843.75,270.05,58.13,96.02,242.30,1822.50,3555.58,2.27,149.34,129.05,606.79,3.03,961.38,60.29,505.20
2026-03-16T22:00:00Z,65.79,1932.53,172.37,1276.59,40.54,2312.69,162.02,285.80,54.08,2347.05,161.20,513.88,53.40,1874.79,174.39,851.50,270.90,58.98,95.88,242.08,1806.95,3543.21,2.28,149.32,131.06,607.44,2.79,954.43,60.40,494.46
2026-03-16T22:10:00Z,66.05,1931.57,173.06,1262.11,40.06,2318.24,161.63,287.51,53.84,2349.82,161.01,508.05,52.85,1875.77,174.07,852.23,,58.64,96.81,247.00,1820.30,3534.16,2.57,149.35,130.22,612.30,3.18,964.99,59.47,507.46
2026-03-16T22:20:00Z,65.62,1927.66,172.10,1261.93,40.06,2330.77,161.39,268.65,53.79,2347.27,161.46,513.71,52.59,1887.09,174.20,834.03,271.55,59.70,96.68,246.73,1813.49,3540.32,2.80,149.33,131.65,617.55,2.78,957.24,59.00,512.94
2026-03-16T22:30:00Z,65.55,1932.32,171.88,1264.47,40.62,2318.77,162.16,287.78,53.90,2351.74,160.62,512.21,52.45,1899.44,173.25,817.66,272.00,57.78,96.50,248.51,1814.60,3548.12,2.35,150.11,131.66,606.93,2.94,959.17,60.34,505.54
2026-03-16T22:40:00Z,65.81,1941.28,172.53,1272.32,40.50,2318.18,161.50,279.76,53.84,2363.33,160.92,513.88,52.04,1892.02,173.23,807.42,269.67,59.38,96.56,243.18,1823.43,3554.34,2.39,152.23,131.26,613.09,3.16,964.03,59.08,499.07
2026-03-16T22:50:00Z,66.05,1933.10,172.79,1280.41,40.63,2328.48,161.31,,53.86,2362.35,160.69,493.81,52.12,1900.70,173.32,798.81,267.54,60.13,96.35,242.05,1821.89,3557.97,2.65,150.85,130.08,615.40,3.04,958.80,60.30,511.83
2026-03-16T23:00:00Z,66.10,1924.75,173.56,1306.39,40.26,2321.75,161.22,277.53,53.85,2364.68,161.33,491.30,51.97,1910.02,173.23,802.63,271.07,58.97,96.27,244.19,1815.37,3550.85,2.43,150.90,128.11,612.34,3.00,957.60,61.56,527.70
2026-03-16T23:10:00Z,65.75,1930.03,173.36,1291.37,39.83,2317.75,160.97,276.17,53.42,2360.85,160.29,488.38,52.52,1887.90,173.54,814.58,276.31,57.89,96.27,252.74,1824.97,3550.84,2.34,149.25,133.42,615.21,2.97,952.66,61.08,516.80
2026-03-16T23:20:00Z,66.12,1927.70,172.97,1287.06,40.10,2318.81,161.32,277.65,53.19,2368.57,160.42,498.94,52.31,1885.78,173.18,822.42,277.95,56.74,96.25,249.70,1828.35,3548.46,2.51,151.10,134.43,617.99,2.92,959.32,61.24,505.66
2026-03-16T23:30:00Z,65.89,1927.88,173.04,1282.98,40.07,2321.23,161.09,279.95,52.89,2375.89,159.67,477.35,52.78,1882.72,173.56,825.11,275.13,56.57,96.10,247.75,1817.87,3547.26,2.26,149.80,131.05,611.54,3.17,960.28,61.94,516.16
2026-03-16T23:40:00Z,66.05,1925.26,173.22,1287.67,40.20,2329.25,161.96,281.28,52.83,2365.62,160.64,474.08,52.86,1880.43,173.12,821.17,273.30,57.39,96.33,245.27,1818.75,3550.80,2.48,150.69,131.35,611.88,2.76,956.47,61.12,508.75
2026-03-16T23:50:00Z,66.46,1916.52,173.18,1295.82,40.40,2316.58,161.39,269.49,52.10,2388.91,159.73,447.98,52.80,1884.47,173.32,828.22,274.93,55.77,97.25,246.32,1822.51,3545.89,2.53,150.29,131.45,610.68,2.93,959.35,60.38,511.23
2026-03-17T00:00:00Z,66.15,1924.20,172.75,1299.33,39.92,2312.44,162.24,281.15,52.04,2401.18,159.52,446.23,52.95,1878.32,173.36,828.83,273.01,58.30,97.34,244.46,1823.20,3557.49,2.46,150.69,133.71,615.60,2.91,959.43,60.25,520.27
2026-03-17T00:10:00Z,66.04,1918.27,173.37,1301.06,39.77,2329.57,162.00,274.88,52.53,2386.73,159.42,457.19,53.09,1881.28,174.06,815.27,270.36,59.82,96.52,243.77,1815.70,3548.39,2.34,149.48,131.61,614.97,3.12,954.97,61.68,507.32
2026-03-17T00:20:00Z,65.97,1934.17,173.47,1289.30,39.40,2329.05,162.05,250.75,52.61,2377.28,159.68,464.16,53.26,1875.30,173.31,821.96,272.39,59.78,96.24,245.48,1820.59,3558.42,2.60,151.31,129.09,608.76,2.87,958.52,61.90,504.33
2026-03-17T00:30:00Z,65.49,1951.92,172.85,1280.20,39.18,2333.29,161.92,259.37,52.10,2396.20,159.74,464.09,53.54,1862.26,173.84,838.66,269.51,57.47,96.03,242.97,1819.71,3534.32,2.60,148.41,131.96,613.99,3.19,959.58,60.07,503.26
2026-03-17T00:40:00Z,65.49,1944.59,172.32,1284.11,39.17,2345.05,160.81,249.83,51.84,2394.29,160.10,457.07,53.51,1861.84,174.41,851.03,270.84,56.40,96.74,243.52,1817.73,3552.10,2.53,149.22,129.95,614.68,3.09,956.98,61.07,510.36
2026-03-17T00:50:00Z,65.40,1939.42,172.19,1278.44,39.28,2353.37,160.30,238.13,51.96,2406.00,159.63,437.27,53.64,1874.49,174.10,845.11,268.28,56.59,96.70,241.53,1810.41,3556.10,2.25,149.69,128.73,609.92,2.72,947.90,59.68,509.43
2026-03-17T01:00:00Z,65.37,1946.39,172.29,1258.95,39.43,2345.62,160.47,235.76,52.01,2399.38,158.97,431.26,53.63,1862.24,173.73,855.27,272.11,59.46,96.67,246.59,1830.71,3548.19,2.53,148.77,131.14,608.71,3.08,970.65,59.25,512.89
2026-03-17T01:10:00Z,65.35,1952.88,172.18,1260.38,39.49,2336.51,161.00,263.13,52.26,2396.52,158.71,417.70,53.28,1860.85,173.93,853.85,266.72,57.77,96.49,243.13,,3543.95,2.45,149.88,128.15,611.85,3.39,958.98,58.78,513.97
2026-03-17T01:20:00Z,65.40,1943.32,172.26,1263.48,39.41,2334.02,161.12,260.67,52.81,2398.63,158.98,441.34,53.24,1859.37,174.84,852.48,270.56,58.28,96.32,244.39,1813.06,3548.09,2.24,151.39,130.40,612.43,2.51,957.85,57.49,508.31
2026-03-17T01:30:00Z,65.60,1938.01,172.69,1267.21,39.57,2343.55,161.72,260.08,52.45,2401.15,159.68,441.55,53.66,1856.49,174.54,846.73,266.53,56.16,95.72,239.69,1814.73,3552.19,2.43,151.01,127.10,610.87,3.17,958.20,59.36,501.22
2026-03-17T01:40:00Z,65.59,1938.63,171.15,1262.00,39.73,2341.93,161.22,242.74,52.43,2399.76,159.61,435.03,53.77,1850.90,174.62,843.80,262.98,54.00,95.68,232.16,1805.32,3542.92,2.68,149.20,126.41,599.18,2.93,950.27,60.21,497.41
2026-03-17T01:50:00Z,65.18,1953.49,172.07,1268.76,39.79,2333.43,161.18,253.46,52.44,2396.96,159.46,444.75,53.52,1860.65,174.74,856.07,264.26,55.55,96.09,237.79,1808.12,3542.14,2.60,150.92,126.71,598.32,3.21,956.87,60.11,507.29
2026-03-17T02:00:00Z,65.28,1946.12,172.52,1267.23,39.53,2349.64,160.99,244.46,52.71,2391.40,159.00,442.15,53.05,1879.85,173.81,850.35,264.63,54.12,95.79,243.13,1816.60,3560.34,2.55,149.62,124.92,607.06,3.20,961.54,59.39,512.84
2026-03-17T02:10:00Z,65.28,1949.53,173.18,1258.28,39.51,2342.48,161.80,258.80,52.44,2389.99,159.20,447.90,52.92,1875.65,174.08,847.00,272.80,56.71,96.60,247.77,1817.36,3544.72,2.68,150.02,132.72,617.64,3.27,954.21,60.07,517.32
2026-03-17T02:20:00Z,65.26,1956.30,172.98,1269.04,39.82,2327.15,161.74,279.69,52.44,2383.61,159.57,456.97,53.31,1870.25,173.98,861.22,269.48,58.07,96.67,244.30,1818.33,3555.82,2.31,151.03,128.28,615.24,2.78,965.91,60.56,511.61
2026-03-17T02:30:00Z,65.42,1936.21,172.11,1272.31,39.88,2324.77,161.53,270.23,52.70,2390.90,159.51,457.57,53.60,1863.33,174.39,859.83,264.15,59.48,96.28,235.85,1815.03,3553.67,2.58,150.42,126.78,610.59,2.79,956.31,61.58,509.17
2026-03-17T02:40:00Z,65.48,1942.11,172.00,1279.10,39.96,2327.45,161.43,266.57,52.97,2374.68,160.11,473.03,53.75,1864.28,174.88,871.31,271.35,57.99,95.74,245.14,1823.55,3550.52,2.31,149.68,131.48,612.29,3.07,964.61,60.72,509.16
2026-03-17T02:50:00Z,65.40,1939.20,171.91,1266.95,40.11,2324.15,161.47,270.57,52.95,2372.15,160.43,471.51,53.86,1856.47,,883.08,269.54,58.52,96.80,243.74,1816.53,3556.79,2.58,149.35,131.33,609.63,3.05,958.96,59.77,499.02
2026-03-17T03:00:00Z,65.36,1939.83,171.58,1257.04,40.39,2313.84,160.43,286.53,53.24,2369.42,160.45,473.82,54.10,1847.71,176.05,870.80,270.25,57.67,97.90,243.37,1814.61,3533.74,2.50,150.87,127.15,616.26,2.89,955.06,60.80,510.94
2026-03-17T03:10:00Z,65.42,1933.00,172.09,1258.12,40.53,2312.92,161.22,292.93,53.02,2377.24,159.08,469.36,53.61,1856.65,175.50,871.05,269.50,58.59,98.14,241.63,1803.06,3547.94,2.64,149.48,128.21,609.67,3.03,945.75,59.70,511.25
2026-03-17T03:20:00Z,65.24,1943.50,171.91,1249.95,40.58,2320.38,160.77,288.54,53.38,2359.94,159.93,478.59,53.42,1865.22,174.68,855.98,264.44,59.76,96.93,237.49,1805.47,3542.64,2.32,149.39,125.95,601.47,2.85,953.60,60.11,499.93
2026-03-17T03:30:00Z,65.50,1938.54,172.33,1267.71,40.54,2321.74,161.90,291.79,53.17,2372.04,159.28,481.31,52.89,1870.80,174.62,843.37,264.22,59.59,96.74,236.54,1812.57,3548.15,2.36,150.66,129.19,612.45,2.82,959.53,59.58,504.45
2026-03-17T03:40:00Z,65.71,1930.41,173.11,1283.23,40.74,2315.43,161.32,286.37,53.10,2371.87,159.42,463.24,52.84,1882.06,174.42,843.87,269.51,57.94,96.84,245.08,1817.87,3543.81,2.37,148.65,129.15,612.72,2.96,958.17,60.86,510.27
2026-03-17T03:50:00Z,65.85,1929.29,173.09,1284.51,40.23,2315.21,161.79,302.16,53.17,2362.41,161.07,495.62,53.05,1878.35,174.29,844.14,268.43,59.03,96.36,243.44,1813.88,3541.54,2.61,147.83,128.07,615.00,2.70,963.05,60.33,501.49
2026-03-17T04:00:00Z,66.05,1922.69,172.75,1275.04,40.38,2327.01,161.33,294.62,52.92,2366.44,160.19,488.03,53.27,1881.64,173.93,839.00,271.92,61.27,96.47,245.98,1823.83,3552.08,2.41,150.47,128.95,609.54,3.06,967.04,60.17,511.46
2026-03-17T04:10:00Z,66.06,1925.90,173.10,1287.20,39.99,2325.63,161.69,285.97,53.06,2365.36,159.15,492.17,53.15,1877.26,174.33,835.26,271.24,62.50,96.52,245.75,1810.57,3556.91,2.41,152.92,131.81,615.17,3.23,960.36,60.18,513.07
2026-03-17T04:20:00Z,66.23,1918.63,173.16,1293.53,40.54,2311.13,161.19,283.95,52.86,2368.93,159.25,476.30,53.47,1865.39,173.33,855.55,272.96,60.99,95.90,246.35,1804.99,3553.69,2.42,150.75,130.00,608.54,3.27,954.21,59.78,504.42
2026-03-17T04:30:00Z,66.25,1919.99,173.23,1292.75,40.71,2308.89,161.66,289.26,52.40,2386.72,159.30,458.72,53.25,1861.36,173.63,854.28,271.85,60.80,96.37,245.79,1820.31,3530.50,2.53,149.58,133.37,606.03,2.82,954.20,59.09,501.57
2026-03-17T04:40:00Z,,1913.38,172.95,1297.10,40.54,2316.11,162.01,306.58,52.52,2386.14,159.57,459.88,53.22,1862.18,172.89,851.27,274.84,59.51,96.12,243.39,1813.47,3538.82,2.36,149.47,135.11,625.27,3.01,948.24,59.50,516.63
2026-03-17T04:50:00Z,66.69,1908.76,172.64,1307.88,40.74,2319.78,162.06,301.47,52.81,2391.44,159.96,471.74,53.01,1868.07,173.55,848.89,272.56,58.87,96.23,243.86,1813.12,3556.27,2.70,149.00,132.34,613.91,2.63,953.63,60.25,508.23
2026-03-17T05:00:00Z,66.57,1912.94,172.12,1310.85,41.37,2300.83,162.62,314.95,53.01,2374.59,159.69,453.89,52.90,1874.39,173.63,839.62,272.26,60.28,97.18,247.27,1813.34,3559.72,2.45,152.87,130.25,610.28,3.29,948.39,60.03,507.19
2026-03-17T05:10:00Z,66.56,1908.12,172.35,1316.61,41.32,2293.39,162.42,321.47,53.36,2364.91,159.37,470.69,53.36,1872.63,174.24,834.69,273.12,61.30,96.22,245.62,1814.54,3561.57,2.31,150.01,130.16,616.42,3.09,962.28,60.45,514.24
2026-03-17T05:20:00Z,66.25,1917.81,172.30,1306.85,41.03,2287.06,162.46,326.15,53.44,2364.41,159.48,469.15,52.94,1873.87,174.06,831.96,274.11,61.89,94.78,244.40,1814.10,3545.90,2.47,150.69,132.81,608.99,3.08,960.91,61.41,510.35
2026-03-17T05:30:00Z,66.88,1898.16,172.68,1323.91,40.68,2304.96,162.23,317.05,53.72,2343.30,160.30,498.22,52.65,1880.52,174.15,832.68,272.75,61.54,95.52,247.67,1824.41,3546.19,2.61,149.62,131.35,612.85,2.79,964.41,59.97,507.39
2026-03-17T05:40:00Z,66.70,1899.58,172.72,1317.57,40.66,2304.96,162.46,303.23,53.69,2360.19,160.06,496.61,52.99,1882.22,174.64,822.53,273.75,61.99,95.66,244.42,1819.97,3556.47,2.48,150.81,131.90,611.75,2.77,960.16,60.28,508.28
2026-03-17T05:50:00Z,66.15,1907.91,172.61,1302.04,40.50,2312.89,161.66,289.99,53.25,2371.27,159.92,482.64,53.13,1871.44,174.21,830.60,272.38,60.80,95.99,240.97,1810.50,3547.76,2.79,150.32,132.47,614.91,3.04,951.66,61.27,509.73
2026-03-17T06:00:00Z,66.18,1913.55,173.10,1301.87,40.26,2326.79,161.32,267.03,53.25,2368.22,159.85,475.72,53.01,1873.64,174.82,832.55,275.57,59.34,96.46,245.68,1818.41,3547.95,2.42,149.08,133.74,615.20,3.14,958.12,59.63,512.62
2026-03-17T06:10:00Z,65.82,1919.04,173.36,1291.29,40.35,2323.75,161.67,274.71,53.18,2361.64,160.33,481.51,52.91,1874.61,174.82,834.53,272.48,58.67,96.02,243.30,1817.36,3559.49,2.28,151.50,132.24,611.51,2.64,961.42,60.05,510.51
2026-03-17T06:20:00Z,65.54,1920.79,172.84,1280.19,40.14,2322.38,161.95,265.53,53.29,2362.12,159.93,476.32,53.24,1868.96,173.95,843.00,267.08,58.63,96.28,239.31,1815.15,3548.84,2.59,149.91,130.53,618.81,2.91,960.56,59.19,508.43
2026-03-17T06:30:00Z,65.32,1934.53,172.67,1275.14,40.20,2323.42,161.67,247.84,53.16,2364.11,160.65,482.88,53.09,1875.12,174.04,848.18,266.87,59.64,96.78,238.34,1817.09,3537.82,2.62,151.50,126.92,611.67,3.20,953.59,60.32,503.32
2026-03-17T06:40:00Z,65.01,1945.75,172.92,1265.32,40.15,2324.96,161.44,262.72,53.14,2368.70,160.02,475.47,53.32,1877.54,174.27,860.34,270.76,58.09,97.26,243.31,1822.84,3552.76,2.29,151.38,131.13,616.34,3.19,963.32,59.53,512.44
2026-03-17T06:50:00Z,65.17,1951.97,171.75,1246.55,40.64,2323.16,161.99,268.25,53.22,2374.07,160.41,478.08,53.31,1871.02,174.61,860.10,270.10,59.04,97.00,243.69,1816.97,3542.45,2.60,150.81,131.06,613.55,3.16,958.03,60.83,507.95
2026-03-17T07:00:00Z,65.15,1953.80,171.93,1244.09,40.43,2310.32,161.37,288.75,53.07,2376.24,160.24,472.34,53.28,1857.63,174.30,834.50,269.46,56.59,96.59,244.74,1820.57,3565.99,2.42,151.05,129.28,608.22,3.21,959.48,60.46,509.74
2026-03-17T07:10:00Z,65.54,1942.88,172.72,1260.09,40.04,2329.31,161.80,276.86,53.05,2368.98,160.23,476.67,52.99,1866.85,174.33,860.89,268.00,58.73,97.07,241.43,1814.58,3549.48,2.22,150.62,128.69,616.31,3.09,952.18,60.71,516.88
2026-03-17T07:20:00Z,65.75,1942.62,172.89,1268.02,39.56,2327.07,162.11,267.45,53.18,2373.06,160.80,470.52,53.15,1874.01,174.24,849.06,270.80,56.99,96.51,241.35,1811.27,3549.22,2.28,150.60,128.04,615.72,2.77,961.29,60.75,513.81
2026-03-17T07:30:00Z,65.41,1936.06,172.57,1274.61,39.87,2335.13,161.49,263.50,53.14,2378.84,160.84,480.23,53.04,1877.12,174.49,844.32,271.04,58.80,96.05,245.06,1818.56,3536.87,2.36,149.40,130.02,610.63,2.84,951.68,60.23,492.51
2026-03-17T07:40:00Z,65.25,1945.34,172.82,1277.00,39.82,2337.55,161.57,257.61,53.19,2365.37,160.88,493.00,53.02,1879.50,174.16,846.82,273.63,59.10,96.04,247.79,1818.41,3539.50,2.66,149.69,134.52,612.18,2.93,949.35,60.12,499.00
2026-03-17T07:50:00Z,65.23,1954.78,173.05,1283.01,39.70,2335.72,161.18,261.87,52.95,2376.12,160.32,486.48,52.93,1870.24,174.84,831.00,269.81,57.23,95.83,241.34,1812.45,3546.50,2.37,149.88,129.06,610.74,2.62,962.72,60.40,507.12
2026-03-17T08:00:00Z,65.53,1949.66,173.20,1277.84,39.90,2329.82,161.91,263.17,53.90,2373.98,160.70,477.27,52.84,1868.03,174.66,835.46,272.33,56.60,96.09,246.39,1807.75,3543.92,2.31,150.49,130.43,612.82,2.97,954.10,60.28,509.09
2026-03-17T08:10:00Z,65.19,1943.29,172.67,1270.70,40.02,2333.31,161.63,272.27,54.19,2343.39,160.66,484.39,53.34,1871.47,175.36,852.05,270.12,57.19,96.44,243.17,1815.24,3569.91,2.58,150.47,128.02,602.13,3.28,953.63,60.27,486.99
2026-03-17T08:20:00Z,64.65,1958.99,172.29,1258.12,39.98,2332.33,161.90,278.93,54.31,2341.08,161.12,486.10,53.63,1867.60,175.15,845.20,266.47,57.21,96.80,240.97,1815.83,3561.57,2.57,149.31,129.59,618.15,3.03,957.52,60.67,508.11
2026-03-17T08:30:00Z,64.60,1954.90,171.92,1258.74,40.02,2333.09,161.81,274.77,54.34,2338.48,161.35,509.42,53.91,1860.15,175.00,856.57,270.68,56.36,96.45,244.24,1816.51,3545.95,2.69,151.57,132.31,612.74,2.97,955.26,60.80,510.96
2026-03-17T08:40:00Z,64.65,1965.73,172.18,1245.01,40.12,2335.65,161.28,260.01,54.11,2336.33,161.40,521.18,53.78,1863.52,175.65,870.26,274.05,57.05,95.94,243.43,1819.98,3546.21,2.31,150.98,132.78,616.87,3.13,954.91,61.45,504.28
2026-03-17T08:50:00Z,64.45,1963.53,171.88,1237.31,39.99,2328.61,161.33,258.92,54.56,2343.42,161.01,537.67,53.98,1857.61,175.42,859.71,272.30,57.45,96.76,244.95,1817.63,3563.00,2.46,150.55,129.63,611.07,2.81,954.97,61.01,516.15
2026-03-17T09:00:00Z,64.49,1956.90,171.58,1241.54,39.91,2324.93,161.38,264.21,54.47,2347.75,161.15,534.33,53.77,1869.60,174.67,870.99,272.20,58.66,96.99,245.51,1818.00,3565.49,2.63,150.17,131.77,615.15,3.16,961.92,60.15,518.94
2026-03-17T09:10:00Z,64.37,1970.22,171.11,1231.25,39.98,2322.91,161.46,268.01,54.43,2342.45,161.77,519.03,53.76,1858.68,174.71,865.84,271.32,59.35,96.70,240.29,1805.85,3557.54,2.43,149.66,133.37,613.77,2.86,959.22,59.98,513.79
2026-03-17T09:20:00Z,64.32,1974.42,170.82,1216.32,39.62,2331.04,161.15,267.79,54.39,2338.07,161.77,523.38,53.69,1850.51,174.96,862.02,264.14,58.72,95.75,236.44,1807.99,3536.62,2.33,150.48,123.89,600.70,2.79,955.64,59.97,493.66
2026-03-17T09:30:00Z,64.31,1978.67,171.24,1220.58,40.12,2329.80,161.11,,53.95,2352.17,161.49,519.36,53.94,1849.64,174.87,881.38,269.51,58.03,96.07,241.80,1820.59,3539.85,2.62,149.93,129.06,616.79,3.08,961.76,59.93,512.45
2026-03-17T09:40:00Z,64.17,1968.57,171.09,1210.93,40.60,2318.40,161.42,263.70,53.92,2354.37,160.79,502.91,53.89,1840.91,173.97,888.02,269.06,59.52,95.45,241.66,1816.70,3555.24,2.54,149.17,127.68,608.25,3.20,963.12,60.14,501.39
2026-03-17T09:50:00Z,64.30,1966.86,170.20,1213.41,40.53,2317.15,160.64,270.28,53.36,2353.81,160.57,495.73,54.07,1844.40,174.27,893.31,267.56,58.37,95.51,242.14,1823.10,3551.16,2.58,151.00,127.07,612.66,3.28,965.19,60.13,511.81
2026-03-17T10:00:00Z,64.65,1948.06,171.55,1246.34,40.53,2316.10,160.80,277.26,53.70,2357.35,161.10,495.03,54.36,1838.61,174.63,890.35,270.24,59.79,96.16,245.40,1820.80,3542.90,2.57,151.29,130.88,607.06,2.85,958.85,60.84,503.29
2026-03-17T10:10:00Z,64.15,1967.87,171.92,1238.04,40.45,2319.20,161.11,287.70,53.14,2366.87,160.27,488.61,54.39,1832.38,174.98,898.82,273.82,59.37,96.66,246.95,1814.18,3541.09,2.51,149.84,128.74,616.24,2.82,955.10,60.61,518.47
2026-03-17T10:20:00Z,64.27,1962.40,171.62,1238.23,40.52,2306.86,161.16,272.20,53.37,2367.87,160.42,486.93,54.47,1843.87,175.34,907.32,275.88,60.46,96.72,253.29,1825.21,3546.72,2.41,149.85,131.74,614.04,2.86,964.66,60.57,509.42
2026-03-17T10:30:00Z,64.57,1963.91,171.08,1243.51,40.55,2305.50,161.15,273.74,53.26,2366.42,160.75,483.59,54.58,1840.51,175.54,889.56,271.90,58.67,96.31,243.74,1818.72,3538.24,2.51,149.62,127.23,608.77,2.54,966.05,60.96,505.04
2026-03-17T10:40:00Z,65.39,1943.87,171.59,1249.33,40.60,2311.68,160.73,281.38,53.23,2370.71,160.09,482.50,54.47,1845.89,174.89,900.02,272.26,62.52,96.63,245.21,1816.72,3566.07,2.72,149.93,132.12,618.49,3.18,957.33,61.87,501.65
2026-03-17T10:50:00Z,65.52,1935.17,172.14,1263.07,40.64,2313.18,161.81,285.10,53.27,2374.08,160.71,469.81,54.64,1834.83,175.65,912.41,274.45,62.68,97.24,250.41,1821.88,3548.46,2.54,148.77,133.97,615.05,2.67,954.55,60.98,507.09
2026-03-17T11:00:00Z,65.26,1935.46,172.88,1272.21,41.07,2300.26,161.33,289.43,53.43,2364.41,160.61,489.62,54.51,1830.63,175.53,918.06,275.98,61.36,96.63,248.98,1819.19,3558.92,2.36,150.24,133.09,617.42,3.37,961.75,61.91,521.26
2026-03-17T11:10:00Z,65.38,1923.22,172.65,1277.06,40.59,2315.13,160.89,279.57,53.57,2365.72,160.19,480.61,54.01,1833.76,175.36,906.32,274.22,60.46,96.15,247.75,1820.19,3562.06,2.59,149.71,131.48,610.82,3.31,955.02,60.88,518.47
2026-03-17T11:20:00Z,65.69,1929.19,172.78,1297.84,40.69,2310.60,161.34,301.39,53.67,2364.87,160.99,494.32,54.14,1828.41,175.30,881.62,276.14,60.14,95.48,246.46,1815.14,3552.23,2.57,148.20,132.91,616.85,3.03,958.08,60.08,509.97
2026-03-17T11:30:00Z,65.95,1924.48,172.97,1290.52,41.03,2299.12,161.71,293.88,53.71,2355.93,160.33,500.02,54.27,1835.95,173.89,888.06,272.10,57.64,95.59,243.55,1812.67,3540.07,2.51,151.29,130.87,617.82,3.01,960.36,59.16,512.62
2026-03-17T11:40:00Z,65.69,1931.10,173.69,1279.52,40.74,2305.54,162.12,274.66,53.76,2353.50,160.43,501.72,53.98,1843.19,174.78,876.56,272.30,57.35,95.55,244.68,1820.73,3541.84,2.64,151.24,131.04,616.10,3.09,956.18,60.70,510.87
2026-03-17T11:50:00Z,65.66,1934.56,173.31,1274.86,41.12,2297.14,161.93,294.66,53.84,2343.65,160.36,505.24,54.26,1849.19,175.44,876.76,274.54,58.71,95.76,244.47,1816.33,3545.20,2.44,150.67,131.82,609.13,2.72,956.90,60.73,506.64
2026-03-17T12:00:00Z,65.54,1938.53,173.71,1271.87,41.26,2293.98,162.62,306.62,53.54,2358.21,160.70,506.90,54.45,1832.79,174.65,880.53,273.46,60.47,96.37,245.73,1817.58,3542.81,2.50,150.20,130.51,612.31,3.08,963.00,60.11,508.64
2026-03-17T12:10:00Z,65.52,1937.40,172.97,1280.08,41.43,2289.70,162.07,311.36,53.31,2362.86,160.62,505.49,54.25,1833.87,174.67,888.69,274.15,59.21,96.09,251.24,1820.68,3551.33,2.37,148.55,133.82,626.16,2.69,963.36,58.58,518.30
2026-03-17T12:20:00Z,65.31,1936.36,172.57,1272.73,41.98,2277.53,162.27,321.92,52.84,2383.94,160.87,479.90,54.51,1830.65,174.21,889.10,276.52,58.46,96.78,247.97,1831.11,3550.30,2.58,149.62,132.83,617.25,3.22,968.31,58.65,511.42
2026-03-17T12:30:00Z,65.59,1943.95,172.24,1269.56,41.28,2286.09,162.53,317.30,53.07,2373.84,160.05,469.68,54.33,1837.07,174.60,905.96,278.11,58.43,96.23,253.27,1815.19,3551.32,2.43,148.83,131.36,615.46,3.12,946.82,59.69,512.95
2026-03-17T12:40:00Z,65.37,1941.13,172.46,1271.93,41.21,2286.97,162.23,303.21,53.44,2356.94,159.67,484.35,54.36,1836.34,174.38,893.66,281.16,59.40,96.11,253.58,1819.97,3548.64,2.47,149.96,133.66,619.53,3.29,959.92,59.37,516.81
2026-03-17T12:50:00Z,65.31,1946.40,172.86,1260.52,41.66,2282.55,162.89,314.27,53.24,2358.49,160.60,487.53,54.19,1831.55,174.93,880.09,279.46,60.58,96.66,246.94,1817.77,3543.36,2.42,150.25,136.51,629.13,3.33,954.79,59.49,519.30
2026-03-17T13:00:00Z,65.63,1934.13,172.30,1250.54,41.58,2283.00,162.62,316.71,53.08,2371.32,160.37,473.57,53.99,1842.46,175.11,867.74,272.39,61.17,96.37,247.86,1813.32,3550.00,2.44,150.91,131.87,610.81,2.81,956.74,59.88,506.40
2026-03-17T13:10:00Z,65.73,1927.31,172.48,1264.17,41.75,2285.79,162.96,335.81,52.93,2381.93,160.33,465.47,53.49,1856.29,174.78,880.22,275.83,60.59,96.79,248.32,1717.21,1577.78,6.25,108.99,135.49,624.20,3.26,906.27,59.81,523.64
2026-03-17T13:20:00Z,65.45,1931.34,172.33,1272.16,41.91,2285.89,162.77,319.80,53.03,2379.62,160.24,456.20,53.39,1857.81,174.61,860.98,277.02,57.60,96.89,251.22,1642.89,0.00,9.62,78.75,134.53,623.95,3.05,865.43,59.12,516.21
2026-03-17T13:30:00Z,64.99,1943.16,172.39,1264.33,41.73,2285.16,162.61,331.73,52.99,2382.14,160.54,464.27,53.28,1874.65,175.09,854.45,274.74,57.16,95.92,248.91,1638.65,0.00,9.30,76.51,135.58,617.43,3.19,865.69,58.58,521.81
2026-03-17T13:40:00Z,64.99,1962.25,172.24,1259.67,41.88,2279.01,162.78,327.47,53.10,2380.81,159.93,462.05,53.34,1867.23,174.37,853.41,275.01,58.00,94.56,244.79,1634.04,0.00,9.28,76.82,134.25,616.31,2.92,874.24,57.28,510.74
2026-03-17T13:50:00Z,65.24,1957.25,172.11,1251.32,41.65,2278.83,163.37,342.29,53.27,2373.73,160.44,466.61,53.18,1876.62,174.59,827.21,272.32,58.97,95.56,243.90,1645.38,118.33,9.47,80.38,131.16,608.44,2.83,875.88,56.95,511.56
2026-03-17T14:00:00Z,65.57,1934.12,172.40,1265.63,42.11,2271.70,163.00,342.50,52.87,2382.64,159.94,457.64,53.20,1878.46,173.73,815.56,274.12,59.95,96.01,246.16,1676.97,710.00,8.30,92.13,131.52,615.19,3.08,888.63,56.97,496.26
2026-03-17T14:10:00Z,65.25,1935.55,171.67,1260.21,41.71,2280.89,162.50,341.88,53.14,2377.67,160.03,448.78,53.12,1869.56,173.28,832.34,279.39,60.28,95.80,252.86,1710.30,1301.67,7.09,103.94,136.07,613.66,2.91,902.82,57.01,513.59
2026-03-17T14:20:00Z,65.11,1943.81,171.45,1253.97,41.75,2287.44,162.18,327.71,53.04,2378.69,160.18,462.12,53.22,1871.38,173.56,848.68,276.34,59.73,95.50,250.17,1746.37,1893.33,5.91,116.59,132.58,619.30,2.91,924.91,58.81,516.22
2026-03-17T14:30:00Z,64.93,1953.22,171.62,1256.94,41.56,2284.56,162.80,317.17,52.98,2372.68,159.56,458.39,53.24,1874.89,174.49,854.97,271.23,61.04,96.19,242.03,1765.71,2485.00,4.75,128.93,130.45,612.57,2.98,936.74,59.45,515.30
2026-03-17T14:40:00Z,64.70,1956.10,171.01,1255.40,41.38,2283.03,162.26,313.89,52.89,2375.92,159.81,466.95,53.53,1868.80,174.18,853.68,271.74,61.58,95.51,243.61,1782.26,3076.67,3.61,140.20,130.94,609.58,3.10,942.04,59.64,508.66
2026-03-17T14:50:00Z,64.99,1939.01,171.92,1263.13,41.08,2291.88,162.84,308.12,52.97,2382.77,160.13,464.86,53.31,1859.00,174.02,846.99,267.33,57.39,96.55,241.47,1814.90,3550.00,2.09,151.36,129.07,614.61,3.19,952.31,59.44,505.90
2026-03-17T15:00:00Z,65.30,1950.21,171.68,1259.23,40.93,2298.76,162.76,296.90,52.82,2374.05,159.56,470.09,52.82,1872.41,173.77,840.07,268.87,59.93,96.94,244.46,1814.98,3540.49,2.64,149.89,129.94,613.86,2.98,952.87,58.55,514.35
2026-03-17T15:10:00Z,65.82,1929.82,172.20,1265.93,41.12,2294.29,162.55,297.60,53.78,2362.19,160.11,478.41,52.85,1874.76,174.05,835.24,268.87,57.50,97.53,239.94,1804.15,3545.78,2.75,150.50,130.71,613.46,2.88,954.92,59.21,511.10
2026-03-17T15:20:00Z,65.58,1930.56,172.97,1269.70,41.33,2299.44,162.79,307.88,53.59,2364.04,160.61,497.71,52.86,1871.00,174.37,825.79,276.28,58.94,96.66,244.22,1810.70,3556.96,2.65,149.48,135.43,627.52,3.00,956.36,59.89,520.07
2026-03-17T15:30:00Z,65.29,1946.78,172.82,1260.28,41.75,2279.89,162.41,317.56,53.40,2374.52,160.88,496.75,52.92,1879.39,174.35,829.16,273.66,59.85,96.27,244.88,1823.70,3539.41,2.73,148.70,129.67,613.56,3.11,967.80,60.86,521.42
2026-03-17T15:40:00Z,65.22,1944.12,172.54,1276.39,41.45,2285.91,162.77,323.19,53.90,2362.74,161.62,485.24,53.23,1873.04,174.32,838.56,277.46,60.14,96.41,247.93,1822.46,3546.21,2.61,151.00,132.56,619.40,3.10,961.72,59.37,509.63
2026-03-17T15:50:00Z,65.13,1949.09,172.69,1274.12,41.20,2281.15,162.63,315.46,54.05,2353.32,160.53,498.13,53.14,1884.16,173.91,828.13,276.87,60.92,96.46,251.54,1829.15,3551.13,2.66,150.19,132.23,615.61,2.91,960.90,59.45,514.33
2026-03-17T16:00:00Z,65.19,1947.44,172.60,1275.85,41.49,2294.90,161.93,312.90,53.72,2348.10,160.26,509.75,53.18,1883.71,174.08,824.10,270.86,58.64,96.92,241.06,1820.10,3550.17,2.39,150.87,133.05,618.61,3.18,968.43,59.33,518.39
2026-03-17T16:10:00Z,65.09,1954.13,172.49,1259.00,41.58,2296.42,162.47,327.93,53.48,2350.53,160.72,500.29,53.33,1875.84,173.81,845.68,276.19,59.26,96.73,251.68,1836.91,3546.31,2.24,150.01,136.66,612.81,3.25,966.23,60.68,515.52
2026-03-17T16:20:00Z,65.52,1949.29,172.30,1273.59,41.56,2295.70,161.85,324.72,53.41,2365.88,160.64,487.12,53.20,1870.15,174.73,848.45,279.77,59.51,96.95,249.08,1819.80,3563.94,2.39,152.57,138.12,615.26,2.95,957.29,60.28,508.10
2026-03-17T16:30:00Z,65.72,1935.29,172.04,1275.20,42.02,2276.64,161.97,329.03,53.74,2351.86,160.70,493.40,53.21,1869.50,175.45,852.83,274.97,60.79,95.83,248.54,1820.91,3554.53,2.34,149.80,133.05,614.55,3.17,963.48,61.38,517.36
2026-03-17T16:40:00Z,65.84,1928.56,172.28,1284.53,42.30,2278.81,162.38,336.76,53.68,2362.80,160.61,486.54,52.67,1868.05,174.26,832.99,268.55,62.49,96.16,241.69,1807.64,3552.54,2.49,151.73,126.13,608.58,2.63,953.50,59.88,511.24
2026-03-17T16:50:00Z,65.94,1920.70,172.66,1292.43,42.21,2276.80,162.97,354.56,53.97,2354.64,160.40,501.65,52.51,1865.45,174.88,839.35,273.89,61.42,96.17,248.41,1819.83,3548.52,2.66,151.91,133.45,614.53,2.99,955.47,58.91,517.04
2026-03-17T17:00:00Z,65.74,1938.27,172.18,1279.08,41.99,2274.19,162.40,343.53,53.88,2358.53,160.47,501.32,52.68,1871.39,174.27,834.88,277.44,62.79,95.75,250.74,1825.31,3553.33,2.17,151.26,132.63,615.86,2.95,963.50,58.34,514.51
2026-03-17T17:10:00Z,65.48,1945.28,172.63,1277.56,41.96,2281.49,162.74,357.73,53.77,2355.94,159.72,509.23,52.77,1876.28,174.18,850.19,272.93,63.06,96.17,243.67,1810.34,3546.21,2.42,149.15,131.85,614.29,2.86,950.98,58.86,507.52
2026-03-17T17:20:00Z,65.66,1936.89,172.60,1270.97,41.80,2275.07,162.12,349.90,53.95,2357.64,159.78,499.71,52.90,1884.57,174.23,839.61,274.17,62.29,96.77,247.27,1828.26,3544.56,2.58,152.91,132.60,616.40,3.08,967.54,59.47,509.04
2026-03-17T17:30:00Z,65.75,1938.21,172.42,1284.81,41.49,2280.07,162.71,336.86,53.96,2349.67,159.45,506.95,53.14,1872.00,174.35,850.61,276.99,62.26,96.30,248.91,1818.64,3534.70,2.18,148.37,132.75,614.47,2.88,958.29,59.88,509.66
2026-03-17T17:40:00Z,65.49,1944.84,172.50,1285.91,41.08,2289.85,162.79,328.89,53.87,2354.74,159.96,492.16,53.27,1867.31,174.05,854.26,275.23,63.24,96.64,248.12,1828.16,3558.09,2.19,150.10,134.09,618.67,2.81,955.03,60.71,504.83
2026-03-17T17:50:00Z,65.96,1929.27,173.13,1276.11,41.04,2296.03,162.45,320.98,53.76,2341.87,160.20,496.02,53.34,1871.10,174.66,856.09,272.01,62.87,95.94,249.18,1820.43,3536.54,2.67,149.80,131.71,615.51,3.04,962.41,60.68,511.62
2026-03-17T18:00:00Z,66.22,1918.88,173.58,1284.29,41.04,2303.37,161.38,317.28,53.59,2350.54,160.77,509.54,53.49,1865.09,174.96,857.91,278.43,61.73,96.47,251.27,1823.70,3558.07,,151.98,134.53,614.07,3.11,960.57,60.57,512.22
2026-03-17T18:10:00Z,66.42,1916.95,173.65,1280.51,41.14,2301.32,161.78,318.61,53.50,2343.23,160.78,504.44,53.75,1857.06,174.62,849.10,276.65,61.04,96.82,247.26,1824.72,3554.75,2.18,150.84,134.33,618.56,3.26,962.69,60.58,502.01
2026-03-17T18:20:00Z,66.54,1914.74,173.73,1287.64,41.25,2295.72,162.40,315.72,53.96,2344.35,160.00,497.26,53.76,1842.95,174.86,866.25,279.24,61.20,96.84,252.95,1832.71,3552.47,2.47,149.84,134.11,610.56,3.39,967.61,61.96,510.08
2026-03-17T18:30:00Z,66.88,1899.60,173.92,1315.68,41.41,2285.96,163.06,318.76,54.12,2356.58,159.87,497.18,54.14,1832.16,174.82,877.52,278.50,60.60,95.92,249.05,1823.52,3549.21,2.54,150.21,134.62,620.96,2.75,956.42,60.98,515.84
2026-03-17T18:40:00Z,66.51,1904.71,173.56,1299.66,41.16,2280.93,162.53,318.03,53.74,2356.25,160.29,502.44,53.46,1847.16,174.60,871.89,279.64,61.46,96.85,252.70,1825.06,3549.77,2.70,150.00,136.98,622.63,2.79,962.81,60.44,514.60
2026-03-17T18:50:00Z,66.47,1909.17,173.22,1292.69,41.45,2283.81,162.53,326.90,53.69,2361.18,160.67,493.97,53.29,1864.83,174.85,865.19,284.68,61.45,96.41,257.61,1825.22,3548.06,2.68,149.88,137.11,621.55,3.15,962.62,59.98,514.66
2026-03-17T19:00:00Z,66.53,1909.77,173.02,1296.83,41.82,2277.56,161.92,331.66,53.43,2361.68,160.59,494.71,53.27,1856.69,174.96,848.31,280.32,60.56,97.14,248.97,1815.82,3545.89,2.64,149.74,135.68,621.00,3.10,960.89,59.75,524.91
2026-03-17T19:10:00Z,66.40,1919.17,173.07,1292.24,42.40,2265.38,162.97,339.42,53.41,2350.37,160.56,488.35,53.36,1854.86,174.45,859.14,283.01,58.16,96.79,250.33,1831.22,3551.33,2.50,150.52,137.68,624.80,2.87,965.52,61.00,519.30
2026-03-17T19:20:00Z,66.68,1921.13,173.57,1285.58,41.95,2259.14,162.77,345.92,53.42,2343.87,160.35,502.77,53.35,1862.55,174.81,868.81,280.63,59.94,97.30,250.80,1812.79,3538.56,2.44,148.99,136.40,616.85,2.70,956.77,60.28,518.06
2026-03-17T19:30:00Z,66.89,1904.06,173.23,1291.83,42.10,2265.57,162.63,352.53,53.67,2355.16,161.38,511.37,53.32,1867.65,174.11,859.79,278.34,61.17,97.10,251.21,1829.06,3551.04,2.63,149.97,134.14,622.37,3.05,964.52,61.79,521.74
2026-03-17T19:40:00Z,66.91,1903.84,173.71,1296.09,41.56,2279.82,163.42,343.03,53.51,2354.60,161.09,499.13,53.36,1850.12,174.44,858.63,280.87,60.70,98.29,252.92,1834.70,3550.85,2.63,149.52,134.06,617.63,3.24,969.70,61.63,517.28
2026-03-17T19:50:00Z,66.86,1902.74,173.58,1312.31,41.59,2279.83,162.30,317.70,53.66,2355.82,161.20,483.85,53.66,1853.26,174.74,861.19,280.99,61.05,97.25,252.19,1822.24,3544.38,2.37,,134.03,616.00,2.88,950.94,60.79,510.59
2026-03-17T20:00:00Z,66.82,1903.18,173.62,1324.47,41.19,2287.90,162.35,325.02,53.99,2339.85,161.11,486.52,53.46,1851.81,174.65,879.40,281.82,58.78,97.64,257.34,1825.74,3552.51,2.58,148.84,134.73,612.72,2.69,968.56,59.51,517.01
2026-03-17T20:10:00Z,66.66,1902.08,173.56,1319.72,41.27,2282.02,162.86,328.71,53.85,2355.86,161.11,494.17,53.88,1859.46,174.71,862.73,275.39,57.97,96.73,248.71,1822.85,3559.22,2.45,149.76,133.74,611.44,2.93,954.99,59.54,508.38
2026-03-17T20:20:00Z,67.01,1903.63,174.08,1325.69,41.09,2299.71,162.72,313.09,53.84,2352.89,160.14,497.49,53.56,1861.65,174.24,851.46,276.58,60.07,96.44,247.97,1833.05,3565.25,2.49,152.31,133.38,606.93,2.97,963.17,59.52,520.29
2026-03-17T20:30:00Z,66.89,1906.10,173.89,1331.97,40.90,2312.42,162.60,301.92,53.78,2348.46,160.28,477.51,53.74,1862.79,174.27,871.73,276.87,58.97,97.51,249.06,1826.87,3547.85,2.57,152.86,132.94,611.50,3.27,964.32,60.32,516.85
2026-03-17T20:40:00Z,66.54,1915.39,173.61,1320.80,41.10,2309.77,162.57,307.04,53.75,,160.10,469.18,54.12,1861.07,174.61,866.54,277.40,61.47,97.20,249.03,1827.10,3565.54,2.67,150.61,134.82,622.24,2.86,965.64,60.20,528.84
2026-03-17T20:50:00Z,66.54,1911.60,173.32,1321.17,41.21,2298.53,161.99,313.16,53.20,2363.52,159.60,490.34,,1846.59,174.85,871.10,279.00,60.56,96.73,255.87,1826.07,3556.76,2.28,149.13,136.44,623.61,3.21,962.58,61.12,522.58
2026-03-17T21:00:00Z,66.36,1914.55,173.14,1313.73,41.46,2296.27,162.16,315.28,53.14,2377.44,159.83,486.09,53.89,1850.64,174.14,859.34,279.80,61.84,96.76,252.82,1827.01,3552.84,2.61,151.31,135.53,614.70,2.74,964.19,62.36,511.12
2026-03-17T21:10:00Z,66.13,1915.29,173.62,1302.80,41.44,2283.31,161.56,312.91,53.58,2366.89,160.75,484.04,53.49,1851.65,174.40,872.15,277.76,61.72,96.81,252.54,1814.84,3544.74,2.54,151.64,134.77,618.75,3.23,951.55,60.55,508.69
2026-03-17T21:20:00Z,66.01,1916.30,173.45,1296.12,41.72,2274.50,161.68,341.64,53.37,2368.58,160.67,488.27,53.24,1858.81,174.46,868.41,281.16,59.34,96.88,251.23,1835.30,3549.38,2.56,151.26,137.72,619.94,3.14,971.30,61.45,522.36
2026-03-17T21:30:00Z,66.00,1926.91,,1288.16,41.47,2280.70,162.11,332.18,53.11,2374.36,159.89,470.08,53.52,1857.34,174.38,869.39,274.91,60.27,97.28,247.66,1819.63,3550.89,2.50,149.52,131.69,613.13,2.85,961.24,61.26,513.40
2026-03-17T21:40:00Z,66.69,1911.80,172.91,1300.02,41.22,2290.74,162.20,321.81,53.30,2368.41,159.87,472.49,53.60,1851.87,173.75,871.04,275.78,61.44,96.92,243.12,1816.10,3539.69,2.37,151.33,134.06,618.84,2.69,954.56,60.77,506.34
2026-03-17T21:50:00Z,66.85,1906.07,172.58,1319.50,41.21,2295.56,162.53,318.50,53.09,2370.37,160.02,481.20,53.53,1860.62,174.53,874.03,273.89,61.55,96.34,247.16,1822.70,3557.48,2.32,150.54,130.98,619.95,2.95,958.34,60.18,532.01
2026-03-17T22:00:00Z,67.01,1903.20,172.72,1315.86,41.28,2286.20,161.92,318.94,52.98,2367.82,159.65,473.83,53.72,1860.16,174.13,872.64,276.12,60.93,95.22,251.30,1822.66,3555.90,2.60,149.90,134.27,617.64,2.87,965.57,60.83,517.55
2026-03-17T22:10:00Z,66.75,1898.69,172.99,1321.17,41.43,2281.83,161.94,326.47,52.94,2367.42,160.58,496.34,53.43,1854.05,174.36,872.50,278.65,60.21,96.94,248.50,1813.93,3556.62,2.36,149.35,133.83,617.15,3.16,965.60,60.12,521.05
2026-03-17T22:20:00Z,66.76,1911.91,172.24,1319.98,41.29,2297.83,161.91,322.36,52.79,2374.15,160.62,495.01,53.12,1855.76,173.98,871.21,279.52,60.28,97.60,253.11,1828.52,3542.40,2.31,149.55,133.20,618.61,3.16,966.06,59.56,523.35
2026-03-17T22:30:00Z,66.62,1913.84,173.14,1304.96,41.20,2283.83,162.00,318.10,52.88,2383.49,160.13,487.78,53.03,1870.91,174.82,858.58,282.09,57.82,96.27,257.93,1823.24,3554.94,2.29,147.90,137.98,619.48,2.67,958.53,59.70,520.60
2026-03-17T22:40:00Z,66.82,1906.41,173.33,1302.96,41.07,2292.24,162.93,314.42,52.91,2378.33,160.70,468.68,52.89,1867.56,173.57,840.90,280.27,59.16,96.17,247.35,1822.84,3555.58,2.62,149.41,137.52,622.23,2.86,971.31,60.52,525.49
2026-03-17T22:50:00Z,66.90,1905.90,173.48,1322.70,41.80,2282.38,162.02,318.24,52.81,2387.29,160.40,453.30,52.87,1867.44,173.77,853.03,279.17,60.41,96.74,250.13,1824.54,3554.80,2.60,149.82,133.55,613.28,3.09,961.03,60.00,502.20
2026-03-17T23:00:00Z,66.68,1920.21,173.43,1318.14,41.80,2285.39,,318.77,53.28,2390.13,160.31,463.19,53.19,1869.76,174.03,861.86,277.34,58.87,97.00,251.84,1817.82,3544.15,2.47,150.36,133.33,611.70,2.82,959.93,58.42,509.39
2026-03-17T23:10:00Z,66.76,1906.76,173.40,1323.68,42.01,2275.10,162.08,328.95,53.48,2365.14,160.27,477.10,52.86,1872.82,174.18,849.23,278.44,59.81,97.64,253.00,1832.84,3550.61,2.56,150.25,134.10,613.17,3.30,969.07,60.15,518.58
2026-03-17T23:20:00Z,66.58,1914.55,173.14,1314.42,41.85,2271.23,161.74,314.27,53.51,2363.58,160.38,492.30,52.55,1873.22,173.77,834.20,277.89,60.25,96.71,251.86,1827.37,3541.87,2.71,151.13,134.66,616.22,2.98,971.42,60.97,512.86
2026-03-17T23:30:00Z,66.55,1920.17,172.89,1306.11,42.04,2260.75,162.17,346.30,53.06,2365.08,159.37,481.53,52.73,1883.43,174.37,838.88,275.56,59.61,97.72,249.45,1813.74,3559.14,2.31,149.20,135.18,614.83,3.11,959.50,59.10,508.76
2026-03-17T23:40:00Z,66.64,1916.50,172.98,1303.78,41.95,2281.85,162.52,353.13,53.10,2372.18,159.53,480.16,52.87,1876.65,174.39,839.83,276.05,59.37,96.79,252.06,1825.79,3550.41,2.50,150.54,131.20,616.31,3.11,959.14,58.35,523.11
2026-03-17T23:50:00Z,66.51,1902.15,173.07,1313.22,41.98,2267.96,162.61,352.61,53.01,2376.43,159.83,475.11,52.94,1876.30,173.41,838.26,275.49,60.57,96.73,250.19,1826.41,3537.57,2.56,149.94,131.63,617.18,3.26,966.54,59.46,521.24
2026-03-18T00:00:00Z,66.65,1914.00,172.67,1306.50,42.64,2268.27,163.13,356.97,52.66,2378.58,159.96,465.13,51.82,1884.81,173.61,828.29,276.92,60.24,96.80,249.63,1822.31,3557.68,2.51,153.06,135.16,612.04,2.83,960.83,60.44,506.11
2026-03-18T00:10:00Z,66.87,1909.50,172.53,1312.43,43.37,2257.70,163.44,379.37,52.59,2388.51,159.81,480.61,50.80,1913.51,173.64,797.04,279.19,58.53,96.55,246.65,1824.07,3541.34,2.44,149.75,134.53,623.06,3.39,964.88,59.82,519.98
2026-03-18T00:20:00Z,66.80,1918.76,172.81,1321.39,44.49,2229.57,164.08,401.45,52.67,2392.03,160.01,463.42,49.51,1933.68,174.10,767.11,277.49,60.95,96.65,249.32,1834.43,3562.05,2.64,151.03,130.79,619.99,2.89,970.10,60.24,516.26
2026-03-18T00:30:00Z,66.81,1902.75,173.78,1329.88,44.88,2228.29,163.24,416.76,52.37,2382.09,159.99,460.39,48.49,1979.10,173.00,728.81,278.30,59.86,95.99,249.31,1830.84,3552.79,2.39,148.84,132.49,612.78,2.73,960.92,60.20,504.92
2026-03-18T00:40:00Z,66.70,1902.66,173.49,1330.32,45.45,2196.10,164.13,444.96,52.83,2377.21,159.88,461.85,47.33,2008.37,171.65,678.69,279.95,59.66,96.61,249.94,1826.72,3541.35,2.22,148.12,134.54,623.51,2.94,966.32,60.91,518.38
2026-03-18T00:50:00Z,66.53,1910.80,173.64,1320.54,45.57,2185.55,164.91,466.76,52.70,2394.62,159.34,445.01,46.58,2022.94,171.29,658.07,278.15,56.51,96.68,248.47,1817.14,3546.30,2.37,150.12,133.56,617.35,2.91,957.68,61.38,514.45
2026-03-18T01:00:00Z,66.34,1917.80,172.98,1297.81,46.37,2180.46,165.53,473.32,52.57,2390.47,159.34,434.35,45.81,2043.09,170.84,617.05,277.72,58.26,96.34,251.40,1822.23,3554.65,2.53,153.00,134.76,612.30,3.00,958.78,61.98,518.26
2026-03-18T01:10:00Z,66.15,1923.86,173.11,1295.55,46.85,2164.37,165.76,488.30,52.53,2380.14,160.04,450.51,44.82,2061.01,170.36,605.21,273.21,58.03,96.17,248.71,1813.29,3555.57,2.85,149.69,130.98,610.14,3.00,954.97,61.45,491.42
2026-03-18T01:20:00Z,66.75,1922.69,173.22,1301.04,47.28,2160.01,165.62,512.78,52.24,2388.09,160.14,448.59,43.79,2081.64,170.04,563.33,265.96,55.92,96.14,241.30,1813.80,3562.72,2.46,149.95,129.07,611.72,3.04,955.67,60.73,512.96
2026-03-18T01:30:00Z,66.39,1919.50,173.47,1307.05,47.66,2139.75,166.44,529.83,52.22,2389.60,158.97,441.82,43.22,2108.09,168.88,528.41,268.88,55.55,95.67,242.34,1820.04,3560.76,2.39,148.63,130.27,610.77,2.81,961.30,60.23,509.95
2026-03-18T01:40:00Z,65.72,1923.84,173.80,1292.79,48.31,2123.55,167.06,548.44,52.29,2389.46,158.50,430.06,42.24,2131.74,167.99,500.91,263.20,57.12,97.33,237.25,1815.56,3553.40,2.56,150.60,125.55,605.28,2.57,957.06,60.23,504.55
2026-03-18T01:50:00Z,65.75,1928.23,173.32,1285.99,48.24,2124.59,167.16,549.87,52.41,2388.88,158.50,446.91,41.74,2148.49,167.09,476.68,261.00,56.05,96.70,231.90,1799.86,3539.99,2.75,149.21,125.70,611.28,3.04,949.91,60.07,508.66
2026-03-18T02:00:00Z,65.91,1927.89,173.54,1280.19,48.76,2104.36,167.38,561.37,52.85,2375.42,159.51,465.93,41.18,2165.83,167.50,448.34,262.61,54.95,96.44,235.85,1814.21,3554.98,2.36,151.62,126.94,601.91,3.07,957.84,60.58,496.79
2026-03-18T02:10:00Z,65.21,1936.75,173.51,1287.52,49.31,2094.15,166.73,577.13,53.07,2367.81,159.40,469.64,40.63,2175.69,167.16,425.14,259.24,57.97,95.57,233.10,1811.36,3560.56,2.54,151.27,125.14,603.95,2.74,955.37,59.77,502.80
2026-03-18T02:20:00Z,65.29,1943.57,173.35,1261.16,50.11,2081.32,167.81,619.36,53.50,2354.60,159.22,482.44,39.89,2201.59,166.47,397.18,264.48,57.03,95.50,236.47,1804.28,3554.06,2.31,150.70,126.83,609.84,2.94,953.24,58.88,508.59
2026-03-18T02:30:00Z,65.44,1928.75,173.43,1279.29,50.01,2081.63,168.46,620.57,53.09,2375.06,159.14,491.84,39.02,2201.86,165.16,364.50,264.49,56.31,96.35,238.93,1807.82,3556.70,2.55,152.55,127.30,607.45,2.91,957.90,59.22,508.60
2026-03-18T02:40:00Z,65.24,1943.06,172.37,1259.16,50.22,2084.90,169.26,622.09,53.33,2367.79,160.16,489.38,38.47,2221.34,165.24,342.61,265.17,55.23,97.39,237.25,1807.07,3540.77,2.73,151.02,126.75,607.51,2.93,956.27,60.36,505.58
2026-03-18T02:50:00Z,65.19,1934.21,172.51,1250.22,50.19,2070.94,168.78,613.63,53.09,2370.84,160.02,491.02,37.92,2239.96,164.85,331.15,260.51,55.78,97.51,234.39,1810.16,3557.74,2.54,149.73,123.23,603.47,2.95,957.43,59.33,500.12
2026-03-18T03:00:00Z,65.32,1941.65,171.70,1251.15,51.03,2058.44,168.16,636.42,52.95,2380.51,159.60,478.91,37.75,2250.39,164.81,316.47,259.57,56.25,96.66,232.54,1809.78,3547.82,2.69,150.18,126.74,613.34,2.95,954.78,58.51,511.01
2026-03-18T03:10:00Z,65.28,1936.57,172.21,1262.78,50.85,2056.96,168.71,657.70,53.23,2373.63,159.63,483.27,36.80,2273.53,164.59,298.89,262.93,54.58,96.83,238.31,1813.04,3552.92,2.69,148.39,127.97,606.58,3.14,960.19,59.44,503.29
2026-03-18T03:20:00Z,65.12,1945.88,171.87,1264.00,50.86,2055.95,168.34,649.57,53.12,2373.97,160.41,476.91,36.35,2286.18,163.36,274.88,258.68,54.51,95.86,233.56,1799.22,3540.00,2.70,148.97,123.90,608.32,3.05,950.50,60.13,516.66
2026-03-18T03:30:00Z,64.72,1944.07,171.95,1266.67,51.32,2041.23,168.72,667.60,52.67,2373.26,160.23,465.99,36.45,2291.91,163.31,289.14,264.57,53.95,95.69,241.45,1819.48,3553.45,2.42,150.37,123.50,600.79,2.57,958.31,60.66,500.72
2026-03-18T03:40:00Z,64.98,1945.61,171.62,1254.36,51.17,2045.78,168.90,674.21,53.05,2366.74,159.82,475.33,35.85,2306.54,162.31,245.25,260.60,54.77,95.45,235.38,1813.08,3545.39,2.41,149.33,126.43,616.34,3.18,958.39,60.41,499.31
2026-03-18T03:50:00Z,65.17,1945.09,171.52,1264.92,51.40,2041.10,169.23,680.64,52.93,2363.69,159.76,472.03,35.63,2304.00,162.02,244.51,260.68,54.99,95.47,236.12,1810.73,3556.13,2.71,148.52,123.59,604.83,2.96,951.66,60.03,508.93
2026-03-18T04:00:00Z,65.38,1948.55,171.64,1252.00,51.37,2039.67,169.69,686.05,52.66,2366.22,160.43,468.45,34.77,2317.29,161.79,242.75,262.50,55.39,95.64,239.15,1809.01,3552.59,2.26,148.69,127.88,615.30,3.01,952.91,60.50,512.80
2026-03-18T04:10:00Z,65.12,1952.88,172.49,1264.94,51.22,2042.30,170.51,686.79,52.79,2369.63,160.64,472.81,34.77,2322.01,162.26,223.22,259.33,56.61,95.33,233.28,1798.62,3549.51,2.58,150.24,126.07,600.53,2.74,945.29,59.29,499.38
2026-03-18T04:20:00Z,64.64,1955.85,172.05,1260.85,50.99,2033.91,170.12,666.74,53.40,2365.74,160.24,479.06,34.05,2334.49,162.05,201.47,264.05,53.93,96.36,237.36,1820.11,3544.86,2.37,150.09,124.84,605.56,3.19,965.08,60.63,503.98
2026-03-18T04:30:00Z,64.60,1958.77,172.58,1252.12,51.77,2025.52,169.74,690.18,53.73,2360.37,160.30,486.26,34.02,2345.79,161.64,192.99,257.19,53.54,96.07,231.14,1805.71,3556.27,2.42,148.64,123.53,598.71,2.82,960.63,59.46,504.33
2026-03-18T04:40:00Z,64.44,1965.19,,1258.90,52.14,2017.46,169.47,704.50,53.81,2359.11,159.91,483.09,33.67,2347.36,161.24,192.66,261.90,52.43,95.17,235.71,1806.25,3538.16,2.52,149.58,128.67,613.14,2.74,953.31,59.51,511.07
2026-03-18T04:50:00Z,63.92,1970.12,172.15,1243.83,52.46,2028.67,169.42,693.92,54.01,2344.12,160.54,497.95,33.94,2339.71,161.14,188.32,254.84,53.06,95.03,229.60,1806.55,3542.51,2.40,148.33,120.87,600.55,3.01,951.29,60.33,497.21
2026-03-18T05:00:00Z,64.28,1966.90,171.42,1240.63,52.77,2014.39,169.30,703.49,54.16,2337.97,161.24,504.63,33.79,2359.64,161.40,165.07,255.34,54.42,95.22,230.30,1811.07,3553.25,2.47,149.51,122.04,596.68,2.95,954.44,60.24,505.07
2026-03-18T05:10:00Z,64.09,1968.51,171.66,1228.26,52.66,2014.22,169.35,722.44,53.98,2346.99,160.75,504.75,33.34,2363.46,160.49,150.34,257.75,53.68,96.35,233.97,1808.28,3553.30,2.25,151.40,123.52,605.12,3.13,953.19,59.17,498.40
2026-03-18T05:20:00Z,64.47,1974.80,172.21,1226.35,52.83,2010.04,170.03,725.82,53.49,2348.64,160.21,506.05,33.76,2348.90,160.48,159.76,259.15,54.89,96.05,232.39,1804.76,3547.50,2.36,147.89,123.06,611.71,3.29,939.73,59.61,509.68
2026-03-18T05:30:00Z,64.27,1960.80,171.91,1226.50,52.80,2002.86,170.03,729.75,53.50,2357.90,160.15,501.92,33.40,2369.75,160.94,170.38,259.77,53.38,95.86,231.58,1805.94,3546.66,2.63,150.62,126.43,612.05,2.91,947.77,59.53,499.05
2026-03-18T05:40:00Z,64.42,1961.87,171.19,1226.19,53.10,2006.00,170.09,737.58,53.61,2354.19,161.06,497.52,33.92,2354.40,161.25,152.71,257.43,54.96,95.77,230.37,1801.79,3567.36,2.76,150.98,124.58,605.19,3.05,950.16,59.48,513.97
2026-03-18T05:50:00Z,64.08,1969.42,171.30,1239.85,53.25,1992.55,170.66,744.85,53.52,2369.22,160.97,487.81,33.59,2362.35,160.96,135.95,259.83,52.03,95.34,234.75,1811.19,3543.46,2.36,149.61,122.60,607.74,3.16,954.98,59.36,509.31
2026-03-18T06:00:00Z,64.38,1962.02,171.14,1248.76,53.62,1990.48,170.64,750.99,53.56,2367.60,159.40,468.99,33.56,2350.88,160.91,152.79,257.94,49.74,95.47,231.95,1800.25,3555.67,2.52,149.49,123.65,606.82,2.87,947.04,58.84,508.78
2026-03-18T06:10:00Z,64.86,1958.92,170.94,1242.27,53.52,1978.97,170.48,756.27,53.25,2359.33,159.41,480.65,33.54,2364.01,160.18,144.19,261.09,52.08,95.38,230.90,1809.93,3557.75,2.54,151.33,125.73,609.30,3.12,957.32,60.31,505.50
2026-03-18T06:20:00Z,65.01,1945.44,171.50,1252.67,53.19,1994.32,169.99,747.17,53.33,2364.05,160.43,475.60,,2376.59,160.23,126.26,263.09,53.93,95.64,236.30,1817.76,3555.15,2.62,149.63,125.22,608.80,3.01,950.01,63.25,504.69
2026-03-18T06:30:00Z,65.25,1951.32,171.63,1250.07,53.72,1990.01,171.05,763.01,52.96,2365.37,160.01,456.41,33.13,2369.20,160.40,131.97,253.93,53.49,96.22,226.05,1803.66,3542.02,2.56,150.07,120.52,596.66,3.21,946.59,61.45,489.31
2026-03-18T06:40:00Z,64.81,1957.47,171.23,1261.51,53.77,1992.66,171.16,736.24,52.97,2367.99,159.67,463.73,32.67,2377.34,159.09,131.21,252.77,54.90,94.97,225.58,1802.00,3540.77,2.63,149.53,120.42,600.25,3.02,948.96,60.34,496.77
2026-03-18T06:50:00Z,65.19,1955.55,171.19,1254.29,53.79,1981.09,171.03,736.59,53.04,2369.09,160.38,469.54,32.53,2386.25,159.67,122.05,256.80,55.12,95.78,231.13,1812.28,3550.41,2.73,149.66,123.88,602.85,2.81,948.86,61.02,504.95
2026-03-18T07:00:00Z,64.97,1957.67,171.30,1250.91,53.98,1975.77,171.02,758.46,53.36,2368.44,160.50,479.15,32.24,2383.88,159.73,107.20,260.70,54.04,96.17,234.16,1808.43,3552.42,2.59,151.12,125.38,614.07,2.69,956.51,61.05,523.13
2026-03-18T07:10:00Z,65.23,1942.72,172.07,1262.19,54.01,1978.98,171.40,759.71,53.42,2374.42,160.23,483.88,31.69,2395.55,159.81,106.92,257.52,53.40,96.54,230.47,1804.46,3544.86,2.61,149.82,125.61,605.62,2.69,950.41,61.13,515.47
2026-03-18T07:20:00Z,65.63,1928.58,171.98,1263.79,53.80,1976.76,171.50,754.80,53.13,2375.40,159.50,471.80,31.41,2411.63,159.72,91.59,258.94,53.36,95.84,233.25,1799.23,3539.02,2.56,148.67,125.61,613.37,3.05,953.87,61.43,509.64
2026-03-18T07:30:00Z,65.98,1923.46,172.18,1272.49,54.06,1968.21,171.59,762.74,53.01,2378.99,159.79,474.69,31.09,2414.55,159.78,88.24,256.33,55.06,96.39,230.43,1799.64,3549.45,2.19,149.61,121.18,596.63,3.11,949.70,60.16,499.23
2026-03-18T07:40:00Z,65.51,1927.96,172.85,1290.95,53.98,1975.01,172.89,772.44,53.35,2372.51,158.99,469.00,31.14,2426.46,159.89,67.03,259.95,53.40,95.97,231.31,1804.37,3546.19,2.67,152.47,125.44,607.62,3.39,954.73,59.78,503.13
2026-03-18T07:50:00Z,65.43,1934.31,173.58,1278.02,54.32,1965.20,172.36,778.97,53.49,2367.27,159.93,475.77,31.57,2422.59,159.32,80.31,254.59,54.49,96.05,228.02,1798.49,3553.15,2.24,151.65,120.72,598.22,3.10,942.05,58.33,494.87
2026-03-18T08:00:00Z,65.26,1931.64,171.68,1269.25,53.98,1966.17,172.24,764.31,53.28,2362.63,159.99,487.49,31.82,2417.67,159.25,63.81,251.57,54.16,95.27,222.23,1791.12,3554.06,2.55,149.70,122.59,607.16,2.88,950.63,59.30,505.68
2026-03-18T08:10:00Z,64.77,1947.45,172.99,1255.96,53.88,1976.53,171.38,768.13,53.65,2351.80,159.62,497.85,31.49,2406.29,159.08,74.77,250.61,52.91,95.13,227.06,1805.37,3560.86,2.52,150.87,119.14,594.87,2.67,960.08,58.47,504.87
2026-03-18T08:20:00Z,65.11,,173.20,1266.96,53.81,1972.62,171.68,770.61,53.89,2350.50,159.74,499.37,31.57,2416.89,159.06,78.53,260.63,52.26,94.46,235.16,1813.64,3548.82,2.38,149.33,125.17,604.58,3.10,962.40,58.81,506.29
2026-03-18T08:30:00Z,65.34,1941.20,172.12,1261.84,53.56,1974.64,171.15,761.91,53.85,2353.58,160.03,494.13,31.64,2418.90,158.83,74.54,262.58,53.89,94.72,241.87,1815.20,3551.16,2.58,151.67,126.88,606.21,3.03,958.55,59.30,514.38
2026-03-18T08:40:00Z,65.53,1950.04,171.78,1259.42,53.56,1993.99,170.69,755.90,53.73,2354.79,160.31,485.32,31.53,2421.55,159.02,87.94,259.96,53.78,94.95,234.38,1811.55,3551.32,2.16,150.54,125.31,609.52,2.95,956.75,59.45,502.21
2026-03-18T08:50:00Z,65.45,1950.61,172.09,1260.48,53.57,1989.27,171.40,757.29,54.04,2361.72,160.90,487.65,31.45,2410.93,159.78,70.72,257.88,51.09,96.09,232.60,1808.60,3548.67,2.51,150.39,124.50,607.93,2.98,957.74,60.05,504.40
2026-03-18T09:00:00Z,65.26,1944.45,172.17,1261.81,53.55,1998.26,171.16,750.93,54.19,2355.94,161.35,497.51,30.73,2423.88,159.40,60.63,259.38,49.16,94.62,233.76,1813.61,3544.95,2.47,149.43,124.60,606.08,2.90,959.48,60.32,504.05
2026-03-18T09:10:00Z,65.69,1931.33,172.22,1280.41,53.57,2001.16,171.23,748.56,54.13,2354.15,160.84,499.69,31.08,2425.97,159.27,55.98,258.16,51.58,96.01,228.71,1806.24,3544.89,2.70,150.08,122.89,603.52,3.07,947.55,60.22,506.60
2026-03-18T09:20:00Z,65.36,1930.49,172.56,1284.88,53.77,1984.38,170.57,749.53,54.26,2343.31,161.08,516.87,31.42,2413.00,158.50,64.90,257.75,51.44,95.74,235.02,1806.98,3553.40,2.61,151.30,126.59,609.25,3.08,952.18,59.91,519.21
2026-03-18T09:30:00Z,65.82,1919.99,172.58,1295.16,53.59,1974.43,170.42,749.05,54.08,2344.89,161.22,516.65,31.51,2406.15,159.08,75.62,262.58,51.68,95.72,232.19,1808.83,3534.38,2.41,150.76,125.92,603.11,2.77,960.20,60.33,513.85
2026-03-18T09:40:00Z,66.05,1944.54,172.49,1295.67,53.67,1967.57,171.32,752.27,53.80,2344.50,160.79,506.21,31.39,2429.93,159.39,80.12,258.24,51.81,94.59,237.72,1811.07,3550.10,2.72,151.89,125.18,607.35,3.25,956.06,60.96,498.71
2026-03-18T09:50:00Z,66.26,1924.72,172.76,1286.48,53.87,1971.63,171.35,752.30,53.52,2351.91,160.34,498.88,31.38,2424.79,159.19,67.41,261.89,52.23,95.06,233.36,1801.71,3551.07,2.57,150.61,125.90,616.21,3.22,946.38,59.99,504.95
2026-03-18T10:00:00Z,66.24,1917.88,172.99,1296.92,54.23,1974.08,172.14,746.91,53.40,2356.29,160.43,501.91,31.34,2428.70,158.95,59.60,258.38,52.90,95.33,230.89,1799.05,3548.27,2.53,148.37,127.37,601.27,2.67,945.18,59.70,494.47
2026-03-18T10:10:00Z,66.13,1919.05,172.86,1303.22,54.38,1972.42,172.01,746.59,53.85,2355.72,161.03,484.71,31.25,2408.38,158.26,67.28,257.37,50.95,95.43,233.69,1802.71,3557.90,2.49,150.46,124.06,612.57,2.82,953.86,59.78,510.08
2026-03-18T10:20:00Z,66.22,1908.40,173.62,1302.94,54.52,1966.76,171.94,769.15,53.84,2354.64,160.77,487.01,30.88,2424.89,157.86,59.35,257.73,50.36,95.74,230.91,1811.15,3536.90,2.47,148.50,123.25,602.96,3.29,956.25,60.66,498.04
2026-03-18T10:30:00Z,66.09,1926.15,173.69,1306.47,54.10,1965.98,172.90,786.60,53.78,2356.81,160.82,478.37,30.81,2436.88,158.28,60.81,257.02,52.43,95.58,231.11,1805.38,3545.68,2.46,152.59,122.41,606.92,3.13,960.26,60.06,502.84
2026-03-18T10:40:00Z,66.20,1920.16,173.46,1312.75,54.28,1970.01,171.48,789.31,53.42,2367.01,160.72,481.41,30.97,2428.15,158.61,52.32,253.22,54.15,96.86,230.04,1804.75,3548.46,2.67,149.64,120.99,605.86,3.25,949.34,60.02,510.19
2026-03-18T10:50:00Z,66.12,1924.64,173.33,1309.23,53.98,1971.24,172.59,778.43,53.59,2355.67,160.79,489.77,30.38,2439.33,158.71,50.72,253.86,53.29,96.54,228.18,1800.02,3541.03,2.19,149.75,121.72,600.22,3.04,949.66,59.36,508.61
2026-03-18T11:00:00Z,66.36,1929.39,173.02,1300.74,53.86,1977.36,171.41,767.07,53.56,2359.94,161.03,487.46,30.36,2442.15,158.63,48.47,253.90,51.92,96.53,228.66,1809.60,3542.97,2.36,150.84,122.03,601.18,3.15,953.38,59.83,504.70
2026-03-18T11:10:00Z,66.32,1931.61,173.37,1290.10,53.99,1975.42,170.92,765.39,53.30,2362.99,161.03,488.64,30.33,2443.56,159.51,56.00,255.82,53.57,96.79,232.89,1799.32,3559.10,2.54,150.23,121.91,597.90,3.05,956.91,59.29,497.46
2026-03-18T11:20:00Z,66.20,1923.88,173.17,1300.17,54.28,1960.80,171.30,779.41,53.70,2351.94,161.11,505.37,30.27,2448.41,159.15,60.35,254.61,52.50,96.56,227.23,1810.15,3545.30,2.46,148.69,123.39,622.53,3.03,949.13,59.08,516.35
2026-03-18T11:30:00Z,65.80,1928.83,173.38,1287.40,54.28,1974.75,171.90,774.40,53.86,2350.56,161.11,500.36,30.30,2449.58,158.74,47.90,251.73,53.84,96.08,226.82,1804.47,3561.25,2.43,151.12,121.99,602.88,2.97,960.41,59.90,506.90
2026-03-18T11:40:00Z,66.13,1926.76,173.08,1283.70,54.27,1968.30,171.20,774.60,54.16,2349.95,161.18,510.38,29.77,2457.82,158.33,21.28,256.37,52.11,96.47,228.29,1799.90,3557.83,2.91,150.77,123.95,601.85,2.90,959.29,59.10,489.56
2026-03-18T11:50:00Z,66.17,1926.68,172.73,1281.54,54.50,1964.47,171.51,782.82,54.15,2343.98,161.23,522.26,29.78,2454.16,157.77,38.27,257.47,51.87,95.95,229.59,1810.57,3555.77,2.45,148.77,122.74,606.03,2.83,954.13,58.94,497.09
2026-03-18T12:00:00Z,65.99,1926.68,172.94,1290.70,54.88,1965.13,171.43,794.25,53.93,2348.23,161.10,507.75,29.95,2457.01,158.36,41.91,259.74,52.61,95.90,231.11,1806.81,3553.38,2.62,151.86,123.83,600.97,3.09,953.70,60.42,498.10
2026-03-18T12:10:00Z,65.89,1930.82,171.85,1286.09,54.89,1955.90,171.46,807.97,53.93,2354.88,160.58,508.56,29.48,2459.18,157.67,36.17,262.84,53.67,95.67,234.73,1813.43,3526.66,2.37,149.24,128.48,603.72,3.24,953.80,60.68,503.31
2026-03-18T12:20:00Z,65.50,1934.49,172.53,1282.48,55.49,1958.33,171.20,802.42,53.90,2350.90,161.60,495.56,29.75,2465.89,157.69,28.13,259.69,54.45,95.30,233.27,1809.59,3546.54,2.61,149.05,124.24,611.94,2.86,954.91,60.26,500.01
2026-03-18T12:30:00Z,65.29,1938.24,173.13,1274.85,55.08,1956.26,170.84,798.89,53.60,2350.25,161.59,507.72,29.56,2460.03,158.39,21.41,258.87,54.44,95.86,231.89,1803.39,3562.33,2.30,149.96,123.79,601.80,3.00,951.02,62.30,500.25
2026-03-18T12:40:00Z,65.50,1934.68,172.91,1274.53,55.04,1945.37,171.37,797.10,53.44,2342.18,161.40,512.60,29.37,2458.00,158.68,13.99,256.64,53.80,95.34,230.61,1800.98,3556.18,2.51,149.32,124.81,605.43,3.22,957.27,60.45,507.95
2026-03-18T12:50:00Z,66.20,1930.50,172.62,1285.27,54.84,1956.06,171.93,798.79,53.50,2360.67,160.54,505.56,29.34,2462.00,157.93,11.00,259.60,55.15,95.86,232.33,1801.54,3545.95,2.56,151.14,124.85,612.49,3.06,952.47,59.49,513.10
2026-03-18T13:00:00Z,65.79,1928.99,173.09,1275.81,55.27,1943.23,172.52,804.22,53.57,2367.23,159.86,489.59,29.29,2479.06,,0.00,258.78,53.95,95.04,231.52,1802.16,3538.41,1.98,149.66,124.92,604.19,3.19,954.47,59.62,502.93
2026-03-18T13:10:00Z,65.11,1929.49,173.01,1271.41,55.12,1936.57,172.81,810.82,53.39,2362.51,159.56,485.54,29.55,2468.26,157.48,0.00,259.79,54.00,95.35,235.98,1808.47,3560.93,2.35,149.97,123.61,602.68,3.28,953.91,60.36,500.26
2026-03-18T13:20:00Z,64.77,1949.91,172.88,1262.34,55.11,1937.13,172.61,820.59,52.89,2371.03,159.84,471.33,29.71,2454.58,157.12,7.64,259.14,53.22,95.12,237.38,1812.31,3557.36,2.54,149.50,123.04,599.72,3.19,961.87,61.44,507.44
2026-03-18T13:30:00Z,64.62,1949.21,172.28,1246.25,55.19,1941.13,171.88,816.31,52.69,2369.50,159.88,475.98,29.54,2458.00,156.48,0.00,251.94,54.07,95.03,227.59,1805.74,3555.25,2.54,150.21,120.73,599.32,2.75,954.69,59.98,488.52
2026-03-18T13:40:00Z,64.87,1946.78,172.69,1246.90,54.74,1953.05,171.61,816.51,53.32,2360.63,159.47,473.78,29.63,2469.07,156.96,0.00,248.11,51.20,95.24,226.38,1794.39,3556.31,2.52,149.61,120.28,604.43,2.91,951.56,61.77,505.93
2026-03-18T13:50:00Z,64.88,1946.00,173.22,1255.53,54.51,1966.33,171.82,790.38,53.14,2373.85,159.97,481.54,29.38,2461.12,156.79,0.00,247.19,51.00,95.39,220.84,1801.67,3555.05,2.34,149.66,118.00,594.62,,954.46,62.80,496.53
2026-03-18T14:00:00Z,65.24,1938.52,172.73,1258.80,54.14,1978.74,171.30,775.95,53.32,2372.74,159.90,478.37,28.99,2476.22,157.88,0.00,254.30,54.62,95.23,229.04,1810.21,3538.34,2.54,148.14,125.03,609.37,2.99,951.19,62.06,497.15
2026-03-18T14:10:00Z,65.41,1934.46,172.11,1269.88,53.87,1965.21,172.17,785.87,53.09,2364.29,159.68,484.42,28.95,2486.04,157.91,0.00,252.39,53.19,95.43,227.89,1790.52,3544.79,2.67,148.42,122.62,605.97,3.03,945.71,60.93,512.63
2026-03-18T14:20:00Z,65.33,1939.12,171.69,1272.76,53.28,1977.78,171.68,757.23,53.03,2373.26,159.83,474.07,28.86,2473.90,157.37,0.00,254.62,51.60,94.64,229.47,1812.74,3554.82,2.39,149.52,122.83,604.95,3.27,961.63,61.23,511.32
2026-03-18T14:30:00Z,65.54,1942.99,172.01,1271.26,53.03,1986.79,171.67,759.03,52.86,2376.86,159.36,469.48,28.82,2481.69,158.15,0.74,254.08,49.31,94.20,230.71,1804.30,3556.48,2.63,150.65,122.90,596.31,2.96,953.94,61.32,495.61
2026-03-18T14:40:00Z,65.74,1947.47,172.30,1270.85,53.32,1988.56,170.47,739.24,52.56,2368.77,159.49,467.68,28.90,2483.69,158.28,0.00,254.42,52.42,94.33,226.35,1797.94,3553.78,2.48,150.32,122.18,601.33,2.68,949.01,60.99,501.34
2026-03-18T14:50:00Z,65.55,1949.49,172.56,1260.55,53.77,1988.79,170.50,752.97,52.56,2366.39,159.25,473.69,28.44,2490.80,158.14,0.00,253.06,50.91,94.87,230.46,1808.84,3553.98,2.44,149.02,121.71,599.68,3.34,960.19,60.69,497.58
2026-03-18T15:00:00Z,65.62,1941.51,172.09,1274.15,53.36,1996.33,170.28,738.17,52.54,2381.19,159.93,477.34,28.43,2493.23,157.69,0.00,252.62,49.70,94.93,229.72,1800.58,3544.44,2.36,150.27,121.13,594.64,3.07,953.16,61.44,498.33
2026-03-18T15:10:00Z,65.41,1948.14,172.12,1273.67,53.81,1984.67,170.55,744.28,52.35,2389.53,160.21,463.35,28.46,2483.74,157.55,0.00,255.87,50.62,95.43,230.85,1810.59,3552.54,2.36,150.49,121.07,598.91,2.99,953.13,59.80,501.95
2026-03-18T15:20:00Z,64.89,1957.74,172.35,1267.63,53.84,1981.99,171.07,730.44,52.49,2392.44,160.08,466.27,28.09,2488.73,157.27,0.00,250.39,50.93,95.37,226.78,1799.36,3538.69,2.64,150.37,119.67,602.70,3.33,949.99,60.13,496.49
2026-03-18T15:30:00Z,64.97,1956.40,172.27,1256.69,53.25,1988.23,171.26,736.11,53.00,2369.07,159.97,472.20,28.07,2490.56,157.19,0.00,251.52,50.32,94.73,225.94,1804.65,3548.92,2.36,150.66,119.26,595.62,3.23,945.94,60.58,489.20
2026-03-18T15:40:00Z,64.85,1955.11,171.67,1252.17,53.34,1995.64,170.98,726.22,52.96,2368.00,160.03,479.53,27.81,2494.97,157.34,0.00,255.74,49.55,95.34,228.23,1806.88,3551.43,2.41,150.49,124.22,602.36,2.71,952.98,58.78,507.85
2026-03-18T15:50:00Z,64.96,1955.52,172.10,1240.22,53.80,1986.29,170.91,735.24,52.75,2379.02,160.06,474.62,27.85,2486.53,156.68,0.00,247.20,47.69,94.86,221.68,1802.48,3546.80,2.67,151.17,118.83,602.30,2.96,951.39,60.33,498.58
2026-03-18T16:00:00Z,65.20,1944.21,172.21,1251.92,53.54,1987.41,171.25,756.93,52.94,2369.95,159.60,475.50,28.03,2486.11,156.46,0.00,250.52,48.71,95.53,228.77,1802.77,3541.64,2.44,150.10,122.68,603.62,3.05,953.58,59.32,501.32
2026-03-18T16:10:00Z,65.26,1961.56,172.11,1251.44,53.60,1989.92,171.00,758.48,52.83,2373.36,160.79,476.30,28.11,2491.28,157.22,0.00,250.23,48.83,95.39,227.63,1812.85,3543.07,2.44,149.54,121.33,596.87,2.79,950.98,59.56,506.62
2026-03-18T16:20:00Z,65.23,1958.09,172.42,1245.91,53.79,1995.04,170.79,759.31,52.66,2384.56,160.52,466.69,28.23,2495.10,156.65,0.00,246.67,50.82,95.01,224.17,1796.27,3547.58,2.60,152.26,117.16,602.29,2.60,955.75,59.37,502.15
2026-03-18T16:30:00Z,65.13,1946.29,172.72,1261.83,53.67,1981.71,170.41,754.68,52.94,2378.32,160.91,463.77,28.24,2497.44,157.28,0.00,248.87,51.09,94.66,221.44,1801.09,3541.92,2.49,150.77,115.84,601.23,2.93,955.43,59.02,512.87
2026-03-18T16:40:00Z,65.41,1937.20,172.00,1275.47,54.26,1974.97,170.36,781.58,53.11,2375.15,159.66,465.28,28.34,2488.21,157.88,0.00,251.20,49.52,95.30,221.57,1790.71,3546.89,2.45,150.75,123.82,607.50,2.96,946.93,59.47,499.83
2026-03-18T16:50:00Z,65.38,1941.50,171.81,1275.84,54.17,1980.01,171.19,774.71,53.48,2371.48,159.99,463.36,28.37,2497.99,157.44,0.00,249.46,50.40,95.20,225.67,1794.59,3556.86,2.49,151.19,122.87,599.89,2.80,948.30,60.92,500.10
2026-03-18T17:00:00Z,65.16,1942.78,172.28,1270.13,54.41,1979.14,171.01,769.05,52.87,2366.19,160.37,474.03,28.44,2501.30,157.78,0.00,256.38,51.61,95.48,231.99,1817.45,3553.70,2.72,151.09,121.88,598.40,2.92,962.42,60.18,496.64
2026-03-18T17:10:00Z,65.21,1945.05,172.78,1277.80,54.23,1969.95,171.58,769.57,52.77,2374.19,160.52,478.01,28.56,2497.78,157.71,0.00,256.53,54.50,95.43,228.66,1800.77,3537.37,2.53,149.16,123.00,602.48,3.15,953.50,60.15,503.33
2026-03-18T17:20:00Z,65.46,1946.55,173.18,1272.45,53.97,1975.50,171.11,775.71,52.19,2379.53,159.94,458.98,28.64,2492.27,157.11,0.00,250.22,51.22,95.40,222.07,1791.68,3542.55,2.47,148.34,119.11,604.99,2.91,950.85,58.97,500.31
2026-03-18T17:30:00Z,65.70,1942.03,173.36,1267.17,54.33,1981.47,170.75,778.72,52.39,2385.27,160.95,461.16,28.74,2484.84,157.18,0.00,249.50,50.63,95.93,226.62,1803.18,3543.14,2.44,149.98,120.65,598.45,2.82,950.37,60.04,504.36
2026-03-18T17:40:00Z,65.84,,173.29,1283.25,54.66,1968.73,171.10,784.20,52.20,2393.68,160.65,463.40,29.07,2473.72,156.87,0.00,250.20,51.63,94.81,224.16,1806.43,3554.73,2.38,149.94,119.24,594.81,3.20,957.33,59.68,509.56
2026-03-18T17:50:00Z,65.66,1919.93,173.36,1283.08,54.58,1956.95,171.14,798.58,52.25,2385.50,159.57,452.20,29.01,2472.47,157.54,0.00,255.62,51.02,95.08,229.10,1811.21,3554.00,2.43,151.01,125.00,608.09,2.97,960.52,58.28,504.39
2026-03-18T18:00:00Z,65.66,1926.53,172.69,1289.26,54.50,1966.20,170.92,789.41,51.93,2389.34,159.58,444.99,29.22,2471.51,157.19,0.00,258.61,52.06,94.74,231.28,1799.81,3551.28,2.39,150.24,125.97,611.07,2.75,946.73,60.31,502.11
2026-03-18T18:10:00Z,65.83,1922.43,172.28,1292.08,54.74,1958.28,171.94,792.88,52.11,2398.84,159.93,437.52,29.49,2457.17,157.09,6.17,256.31,52.72,94.23,231.77,1807.69,3554.66,2.30,147.49,123.36,606.83,3.35,957.21,59.93,505.22
2026-03-18T18:20:00Z,65.99,1931.75,172.10,1296.81,54.70,1953.10,171.82,802.33,52.02,2391.67,159.86,440.30,29.15,2462.43,157.10,0.00,257.19,53.91,94.26,230.19,1810.69,3561.41,2.59,151.58,126.27,606.71,3.18,950.11,60.89,494.85
2026-03-18T18:30:00Z,65.56,1928.47,172.56,1301.19,54.82,1948.78,171.07,795.67,51.40,2418.26,159.43,436.23,29.06,2463.66,157.36,8.24,255.98,52.35,94.49,230.28,1806.32,3542.10,2.48,148.86,125.70,609.85,2.93,960.91,60.83,502.71
2026-03-18T18:40:00Z,65.96,1923.90,173.30,1295.99,54.81,1953.69,171.07,799.09,51.59,2418.21,159.96,430.41,28.81,2470.08,157.72,0.00,252.66,51.89,95.40,229.02,1816.41,3540.02,2.49,149.13,118.55,594.94,2.72,956.18,61.39,494.53
2026-03-18T18:50:00Z,65.88,1921.10,172.96,1291.06,54.81,1955.48,171.53,793.24,51.79,2412.32,159.48,420.78,28.70,2469.88,158.16,4.77,256.39,52.57,95.93,228.03,1809.61,3543.60,2.58,150.42,123.56,602.74,2.95,959.82,61.88,500.57
2026-03-18T19:00:00Z,65.85,1928.34,172.71,1282.65,54.75,1947.73,171.16,811.02,51.83,2401.84,159.79,433.97,29.05,2480.27,157.04,0.00,249.89,52.79,95.52,223.81,1795.36,3552.40,2.65,149.15,120.71,600.10,3.27,948.22,59.91,502.06
2026-03-18T19:10:00Z,65.94,1934.01,173.13,1281.76,54.81,1953.53,171.88,813.35,51.45,2411.95,159.40,425.92,28.70,2486.29,156.85,0.00,256.33,51.35,94.87,231.97,1800.16,3544.37,2.56,150.07,123.27,601.74,3.47,945.36,61.32,495.64
2026-03-18T19:20:00Z,66.42,1925.89,173.07,1290.28,54.89,1955.63,171.55,801.50,51.21,2413.74,159.37,431.66,28.82,2476.49,156.88,0.00,253.36,51.52,94.34,227.38,1802.83,3557.56,2.42,150.93,122.33,605.25,3.34,955.89,60.95,503.04
2026-03-18T19:30:00Z,66.47,1925.66,172.83,1297.24,54.83,1955.37,171.80,790.63,51.54,2412.98,159.73,413.33,28.72,2482.75,157.03,0.00,251.49,52.15,95.73,223.26,1789.89,3537.34,2.53,150.89,120.89,599.32,3.21,944.07,60.12,490.91
2026-03-18T19:40:00Z,66.61,1902.36,172.90,1321.92,54.90,1944.00,172.39,791.46,51.83,2410.57,159.30,412.04,28.59,2487.74,157.16,0.00,252.09,49.42,96.69,230.99,1797.81,3552.56,2.26,150.21,121.15,596.15,3.15,952.48,60.77,496.11
2026-03-18T19:50:00Z,66.44,1907.10,172.89,1306.80,55.16,1939.10,172.32,790.27,51.74,2418.04,158.73,414.15,28.76,2488.32,156.82,0.00,251.46,52.04,95.76,229.57,1798.43,3538.76,2.70,149.18,120.76,603.16,2.93,951.48,59.34,492.77
2026-03-18T20:00:00Z,66.50,1900.69,173.36,1320.17,55.22,1950.19,172.06,803.95,52.09,2417.81,158.73,417.39,28.53,2480.79,157.11,0.00,251.67,51.00,95.64,228.44,1794.54,3549.70,2.70,149.56,122.48,609.40,2.91,951.57,60.07,509.62
2026-03-18T20:10:00Z,66.48,1893.77,172.97,1315.24,55.58,1940.97,171.96,820.04,52.20,2401.03,158.24,428.60,28.74,2480.48,157.68,0.00,253.42,51.51,94.64,229.31,1810.79,3532.29,2.74,149.79,121.02,601.06,2.94,962.91,61.12,496.26
2026-03-18T20:20:00Z,66.31,1906.06,173.00,1313.66,55.66,1945.01,171.94,816.54,52.36,2396.27,158.31,428.23,28.50,2484.64,158.24,0.00,255.53,51.04,95.08,233.95,1808.59,3547.00,2.25,149.86,124.46,603.49,3.10,956.42,60.65,508.91
2026-03-18T20:30:00Z,66.11,1917.75,173.85,1303.28,55.72,1938.31,172.13,808.83,52.51,2396.74,159.44,454.96,28.32,2486.17,158.08,0.00,253.45,52.53,95.70,230.69,1804.05,3543.86,2.58,149.62,119.93,600.00,3.36,954.98,60.08,493.58
2026-03-18T20:40:00Z,65.75,1925.75,173.33,1300.54,55.65,1920.75,172.89,818.87,52.58,2384.52,159.79,467.48,28.38,2502.06,157.67,0.00,260.48,52.61,95.16,235.79,1813.44,3541.32,2.52,150.28,124.74,610.58,3.17,951.71,59.92,511.34
2026-03-18T20:50:00Z,65.69,1917.79,173.23,1303.99,55.64,1936.59,172.65,816.66,52.54,2383.19,159.93,464.64,28.43,2483.98,157.12,0.00,259.33,52.65,94.98,232.53,1811.31,3551.27,2.35,151.98,123.75,599.94,2.95,954.11,61.71,502.95
2026-03-18T21:00:00Z,65.51,1925.90,173.11,1295.49,56.12,1927.72,173.25,852.13,52.60,2389.90,160.05,456.40,28.19,2497.28,157.64,0.00,257.27,52.65,94.78,235.11,1805.89,3539.64,2.51,150.33,122.71,602.31,3.46,958.66,61.08,506.90
2026-03-18T21:10:00Z,65.82,1929.46,172.65,1284.73,55.86,1922.83,173.08,849.24,52.39,2387.61,160.17,463.59,28.33,2492.64,157.57,0.00,256.31,54.92,95.15,228.44,1809.83,3540.53,2.57,147.62,122.77,601.98,3.05,963.11,60.64,499.65
2026-03-18T21:20:00Z,65.71,1936.32,172.27,1287.24,56.11,1927.46,172.96,836.92,52.02,2389.81,159.92,441.29,28.59,2492.67,157.47,0.00,258.91,52.84,95.16,232.43,1802.95,3546.31,2.62,149.16,124.01,603.57,2.88,958.08,60.60,505.96
2026-03-18T21:30:00Z,65.75,1933.71,172.46,1289.45,55.73,1925.02,173.53,851.20,52.17,2393.66,160.04,435.97,28.66,2485.23,157.34,0.00,256.83,53.22,95.66,233.48,1813.92,3552.16,2.49,152.17,124.30,608.75,2.60,959.07,61.31,506.57
2026-03-18T21:40:00Z,66.24,1922.81,172.81,1284.59,56.02,1934.99,173.21,858.62,52.31,2389.41,159.70,447.01,29.06,2472.05,157.20,0.00,258.50,53.06,94.96,232.20,1804.99,3555.84,2.66,147.84,123.42,597.61,2.82,953.78,60.53,508.60
2026-03-18T21:50:00Z,66.39,1937.00,172.94,1289.04,55.66,1935.80,173.11,849.99,52.43,2399.65,159.52,442.66,28.83,2476.94,157.55,5.83,258.96,53.40,94.45,231.24,1801.25,3548.83,2.35,150.15,124.64,599.70,3.29,947.66,60.38,493.12
2026-03-18T22:00:00Z,66.47,1917.64,172.25,1298.32,55.71,1924.08,172.74,831.05,52.46,2384.37,159.37,447.85,28.60,2478.35,157.13,4.94,258.08,53.73,95.15,231.27,1802.61,3544.24,2.52,148.79,122.49,598.93,3.06,950.05,59.37,500.43
2026-03-18T22:10:00Z,66.65,1913.18,171.75,1304.34,55.56,1931.17,173.51,830.21,52.59,2375.81,159.94,456.15,28.79,2475.42,157.25,7.23,256.40,54.90,95.43,228.27,1813.32,3543.18,2.34,151.33,122.89,598.54,2.85,957.40,60.29,500.70
2026-03-18T22:20:00Z,66.46,1901.29,171.77,1304.51,55.79,1928.69,172.98,839.61,52.75,2381.06,160.09,460.92,28.89,2485.59,157.51,0.00,254.00,54.48,96.40,230.73,1798.46,3535.56,2.54,150.82,122.23,597.05,2.98,951.70,59.47,494.94
2026-03-18T22:30:00Z,66.65,1910.51,172.59,1309.81,55.58,1931.47,172.88,828.74,52.32,2395.69,159.79,442.50,28.95,2487.67,157.24,0.00,252.86,54.65,96.08,225.44,1798.24,3530.27,2.56,150.98,119.76,603.29,2.69,947.91,58.47,494.11
2026-03-18T22:40:00Z,66.51,1910.83,172.56,1305.99,55.62,1932.29,173.34,819.45,52.23,2397.99,159.96,437.76,29.12,2484.70,157.31,0.00,254.53,55.43,95.60,228.96,1802.00,3546.54,2.54,149.75,120.90,595.61,3.10,949.65,59.02,501.83
2026-03-18T22:50:00Z,66.72,1917.12,172.12,1303.61,55.40,1938.41,172.50,825.68,52.06,2400.73,159.64,438.24,29.05,2484.58,157.23,0.00,261.98,52.39,95.46,237.06,1812.28,3547.02,2.27,149.70,126.96,602.71,2.88,960.63,59.68,512.05
2026-03-18T23:00:00Z,66.68,1919.23,172.07,1316.50,55.22,1937.86,172.72,835.03,52.35,2407.18,159.50,427.41,28.94,2483.03,157.42,0.00,259.18,53.91,96.01,235.39,1814.38,3543.21,2.35,149.69,127.35,610.34,2.91,957.53,58.41,505.92
2026-03-18T23:10:00Z,66.35,1921.34,171.90,1304.10,55.10,1941.79,172.59,817.86,52.53,2391.85,159.87,439.56,29.14,2476.57,157.29,0.00,255.49,52.82,95.53,227.54,1809.90,3564.37,2.35,149.97,123.10,602.90,3.02,946.58,59.51,494.67
2026-03-18T23:20:00Z,66.07,1923.31,173.10,1295.45,54.67,1950.40,172.89,819.13,52.67,2383.24,159.03,441.11,29.39,2477.38,157.74,0.00,253.51,53.34,95.00,228.38,1797.52,3553.73,2.38,148.84,122.39,604.31,2.81,947.19,58.88,511.04
2026-03-18T23:30:00Z,65.93,1917.08,173.22,1297.10,54.39,1962.90,172.47,800.61,53.27,2374.28,159.72,457.42,29.07,2471.85,157.86,5.80,259.29,52.27,95.63,233.31,1812.31,3537.55,2.54,151.25,123.98,604.83,2.92,951.38,60.33,518.09
2026-03-18T23:40:00Z,65.76,1932.39,173.46,1284.24,54.18,1966.95,171.92,772.10,53.44,2366.75,159.97,464.91,29.15,2466.75,157.61,0.00,262.88,50.58,96.41,237.47,1816.11,3547.45,2.49,148.57,127.35,608.63,2.95,960.19,60.16,501.64
2026-03-18T23:50:00Z,65.67,1921.70,172.48,1277.04,53.96,1970.66,172.31,783.02,53.85,2353.63,160.67,484.84,29.48,2475.97,157.43,0.00,258.41,52.63,95.53,230.58,1808.08,3566.40,2.58,149.49,122.04,605.52,2.55,951.94,56.52,506.65
