timestamp,VAR_001,VAR_002,VAR_003,VAR_004,VAR_005,VAR_006,VAR_007,VAR_008,VAR_009,VAR_010,VAR_011,VAR_012,VAR_013,VAR_014,VAR_015,VAR_016,VAR_017,VAR_018,VAR_019,VAR_020,VAR_021,VAR_022,VAR_023,VAR_024,VAR_025,VAR_026,VAR_027,VAR_028,VAR_029,VAR_030
2026-03-26T00:00:00Z,57.03,2139.24,166.45,973.76,36.70,2409.02,159.21,153.89,46.62,2540.70,155.00,242.40,30.13,2443.23,157.79,25.82,198.11,26.51,92.43,176.91,1755.71,3538.32,2.72,148.99,95.74,571.13,3.23,931.81,59.98,485.29
2026-03-26T00:10:00Z,56.72,2157.99,166.44,970.10,36.79,2414.04,159.78,155.07,46.45,2536.99,155.05,241.21,30.37,2446.60,157.66,28.56,193.48,28.82,91.76,170.82,1750.70,3554.61,2.66,148.91,89.55,560.60,3.14,933.18,57.86,464.80
2026-03-26T00:20:00Z,56.73,2154.47,166.56,967.54,36.88,2413.91,159.12,146.58,46.31,2534.58,154.86,243.74,30.42,2449.69,157.89,26.86,197.47,30.76,91.55,175.56,1756.61,3539.77,2.54,150.26,91.45,556.66,2.78,926.66,57.71,473.88
2026-03-26T00:30:00Z,56.83,2170.84,165.89,960.61,37.17,2390.81,158.70,167.92,46.45,2529.41,155.05,233.49,30.41,2437.25,157.65,41.25,198.04,29.92,91.30,183.51,1762.31,3560.76,2.67,151.82,95.20,567.42,2.97,921.18,56.80,476.89
2026-03-26T00:40:00Z,57.08,2155.58,166.51,972.83,36.93,2386.32,158.50,170.82,46.05,2531.51,155.34,235.79,30.65,2431.17,157.70,64.37,193.21,33.20,91.56,172.58,1750.63,3555.26,2.46,149.63,94.25,575.79,2.77,924.67,57.04,479.98
2026-03-26T00:50:00Z,57.56,2148.01,165.83,966.24,36.83,2392.34,159.36,167.43,45.74,2552.36,154.85,231.18,30.84,2431.52,158.34,52.18,198.18,29.20,92.34,177.99,1766.63,3554.41,2.46,148.69,93.38,571.44,3.17,931.94,55.92,469.71
2026-03-26T01:00:00Z,57.41,2145.18,165.94,959.69,36.99,2393.87,160.39,170.33,45.50,2550.62,155.58,220.92,30.76,2436.24,158.36,51.93,202.39,28.91,92.37,182.66,1756.35,3540.35,2.48,147.96,97.94,576.34,2.96,923.86,56.65,483.67
2026-03-26T01:10:00Z,57.22,2150.99,166.07,971.12,36.89,2406.24,160.01,174.77,45.70,2558.36,154.78,207.50,30.49,2426.02,158.52,48.12,198.91,29.42,92.03,178.56,1760.26,3537.81,2.25,148.58,93.88,576.64,2.94,931.46,57.74,474.30
2026-03-26T01:20:00Z,56.94,2151.34,165.99,980.91,36.82,2417.42,159.58,164.92,45.52,2561.58,154.28,216.35,30.61,2427.14,158.94,66.80,201.80,29.19,91.90,178.80,1755.01,3529.98,2.51,150.50,95.93,572.73,2.80,934.06,58.30,476.58
2026-03-26T01:30:00Z,56.75,2146.35,165.76,970.22,37.10,2421.39,158.83,150.28,45.65,2551.59,154.18,215.36,30.39,2437.65,158.64,47.04,199.31,29.36,92.77,179.70,1751.64,3540.03,2.71,148.99,95.19,568.31,3.09,922.47,57.73,475.13
2026-03-26T01:40:00Z,56.46,2154.09,167.04,965.78,37.10,2406.77,159.56,160.06,45.52,2559.29,154.67,208.37,30.26,2438.45,158.30,47.70,199.50,28.94,93.11,180.69,1752.54,3539.65,2.28,149.11,97.60,573.38,3.13,932.33,58.72,482.30
2026-03-26T01:50:00Z,56.66,2159.20,167.10,959.27,36.97,2401.99,158.92,164.81,45.69,2562.37,154.37,219.23,30.30,2442.21,158.06,42.59,195.05,28.17,92.38,176.09,1754.17,3540.24,2.25,147.44,93.24,570.74,3.17,932.51,57.43,468.44
2026-03-26T02:00:00Z,56.54,2162.66,166.83,955.13,36.81,2413.64,159.84,159.57,45.74,2558.53,155.12,221.84,30.34,2444.50,157.69,41.66,199.18,29.02,92.39,180.79,1764.53,3557.23,2.42,150.72,96.12,573.61,3.27,933.52,57.45,472.46
2026-03-26T02:10:00Z,56.36,2154.41,166.58,958.10,36.66,2410.78,159.74,147.83,45.89,2548.37,155.78,223.05,30.61,2433.04,158.18,63.20,201.14,28.25,91.58,180.87,1760.63,3564.38,2.45,150.96,95.99,578.11,3.04,932.10,58.54,482.57
2026-03-26T02:20:00Z,56.33,2144.55,166.61,946.36,36.64,2407.22,159.69,135.19,45.89,2547.78,155.48,226.16,30.87,2421.95,158.11,67.27,199.03,28.63,91.85,182.63,1765.93,3548.06,2.47,149.96,95.64,580.24,3.27,937.53,58.56,479.29
2026-03-26T02:30:00Z,56.19,2163.24,165.87,940.92,36.30,2414.45,158.47,131.33,45.43,2564.86,155.33,213.00,30.35,2435.30,158.93,44.48,197.16,29.75,91.70,176.65,1755.20,3547.81,2.45,150.63,94.69,568.81,2.46,925.46,60.40,475.34
2026-03-26T02:40:00Z,56.24,2158.43,165.69,935.33,36.17,2416.91,157.79,144.02,45.21,2569.71,155.58,211.58,30.50,2431.04,158.96,46.50,196.88,28.98,91.67,174.98,1754.69,3548.49,2.34,149.15,91.15,569.03,3.17,927.28,60.78,474.10
2026-03-26T02:50:00Z,55.86,2178.47,165.73,926.08,36.28,2412.73,157.91,132.68,45.15,2570.55,154.58,186.85,30.60,2426.44,158.53,37.90,187.17,28.40,92.47,166.08,1743.55,3536.36,2.61,150.43,88.72,561.87,3.77,916.55,59.01,465.76
2026-03-26T03:00:00Z,56.22,2172.54,165.97,933.76,36.18,2417.65,158.98,130.55,45.07,2574.86,153.75,190.11,30.69,2427.76,157.95,28.21,190.35,26.13,91.55,168.72,1743.29,3544.64,2.60,148.68,91.30,568.97,2.68,926.14,58.35,468.95
2026-03-26T03:10:00Z,56.44,2166.90,166.36,939.54,36.47,2408.14,159.09,156.45,44.82,2587.94,154.00,188.16,30.21,2435.07,157.60,15.28,192.33,27.56,91.79,172.18,1746.78,3570.94,2.58,151.33,89.87,556.55,3.17,928.38,57.68,465.45
2026-03-26T03:20:00Z,56.51,2163.35,165.62,944.25,36.42,2419.10,159.67,150.72,44.82,2577.28,154.12,186.41,30.42,2433.27,157.71,26.53,194.57,26.93,91.34,179.60,1758.91,3544.82,2.18,149.82,94.38,574.72,2.86,928.55,57.17,481.99
2026-03-26T03:30:00Z,56.60,2159.61,165.76,943.45,36.19,2426.83,159.40,146.55,45.27,2565.09,154.20,192.68,30.30,2432.11,157.27,29.45,195.80,26.51,90.74,174.86,1758.36,3547.66,2.60,149.52,92.39,565.02,3.03,931.15,58.55,471.71
2026-03-26T03:40:00Z,56.69,2167.18,165.64,954.40,36.05,2424.70,159.74,138.12,44.80,2577.03,154.17,175.56,30.16,2447.50,157.81,33.17,194.36,27.53,91.75,177.46,1766.32,3551.80,2.59,149.51,95.12,565.64,3.03,937.58,60.44,474.90
2026-03-26T03:50:00Z,56.39,2162.92,166.44,957.33,35.77,2424.98,157.97,123.43,45.22,2567.91,154.25,181.42,30.46,2432.35,157.42,26.77,192.47,25.47,92.13,170.16,1760.30,3561.22,2.84,149.34,90.26,562.50,2.94,928.49,60.11,468.43
2026-03-26T04:00:00Z,56.21,2168.84,166.34,947.34,35.67,2431.09,157.45,111.08,45.45,2559.89,153.82,192.04,30.48,2439.20,158.12,29.41,184.93,24.53,91.80,166.27,1752.78,3561.05,2.55,149.65,85.72,556.28,2.54,925.29,59.21,481.00
2026-03-26T04:10:00Z,56.12,2166.34,166.20,946.07,35.75,2425.70,157.55,127.64,45.15,2569.43,153.84,190.47,30.25,2432.28,158.52,24.84,188.50,25.14,92.03,168.83,1749.67,3555.84,2.58,150.75,89.17,560.88,3.10,931.00,58.52,467.48
2026-03-26T04:20:00Z,56.48,2168.08,166.05,952.24,35.85,2434.67,158.40,112.57,45.49,2557.32,154.21,201.96,30.12,2444.00,158.56,12.37,190.76,27.06,92.03,171.67,1751.82,3544.82,2.51,148.34,90.97,573.09,2.87,924.66,58.75,478.92
2026-03-26T04:30:00Z,56.56,2159.13,166.31,952.46,35.87,2433.15,158.32,106.98,45.86,2565.51,154.33,207.48,30.43,2448.35,157.47,25.20,185.06,27.27,92.73,167.81,1748.91,3553.55,2.48,149.43,90.95,562.29,2.92,922.13,58.80,479.80
2026-03-26T04:40:00Z,56.82,2161.35,165.38,954.95,35.60,2426.78,158.32,116.48,46.48,2555.30,155.47,225.41,30.18,2436.79,157.79,38.86,193.55,25.25,91.76,174.12,1760.74,3562.33,2.54,149.13,92.87,568.86,3.03,930.50,58.48,487.56
2026-03-26T04:50:00Z,56.87,2158.91,166.01,955.94,35.49,2438.33,157.90,115.44,46.48,2550.06,155.80,228.67,29.98,2455.55,157.51,23.53,188.69,25.64,91.82,166.37,1748.92,3540.75,2.70,149.25,90.82,572.02,2.88,930.17,57.44,476.55
2026-03-26T05:00:00Z,56.89,2148.93,166.17,964.02,35.70,2439.25,158.10,105.29,46.67,2541.00,155.04,225.09,30.21,2445.36,157.15,27.66,187.67,25.83,91.18,166.22,1742.26,3549.03,2.38,149.78,90.47,570.00,2.93,918.73,58.24,482.10
2026-03-26T05:10:00Z,56.64,2152.92,166.21,962.66,35.02,2448.68,157.61,119.30,46.97,2530.14,155.03,236.00,30.20,2440.59,158.49,30.92,195.47,28.97,91.90,176.82,1754.09,3553.65,2.55,149.65,93.51,571.44,3.32,921.46,58.47,475.06
2026-03-26T05:20:00Z,57.07,2149.65,166.58,973.75,35.61,2449.84,158.19,110.69,46.98,2529.32,154.71,250.89,30.35,2444.60,158.14,22.70,193.96,26.98,92.26,172.39,1761.60,3548.17,2.46,148.88,89.11,561.40,3.43,937.73,58.89,469.15
2026-03-26T05:30:00Z,56.88,2158.17,166.76,964.53,35.54,2445.36,157.21,96.88,47.09,2521.86,154.60,251.74,30.64,2431.58,157.59,30.81,191.57,27.05,90.93,170.87,1751.25,3547.44,2.35,148.97,90.26,566.57,2.70,922.15,58.27,476.95
2026-03-26T05:40:00Z,56.64,2159.38,165.83,964.11,35.60,2434.77,157.63,105.06,47.18,2526.44,154.37,248.67,30.12,2446.51,158.56,28.16,187.40,26.81,91.38,169.01,1766.26,3546.92,2.41,148.19,90.35,570.73,3.07,936.34,57.91,478.96
2026-03-26T05:50:00Z,57.06,2155.75,166.23,977.33,35.34,2439.65,157.67,104.21,46.79,2532.14,154.37,242.18,30.05,2442.71,157.50,30.20,197.14,28.83,91.22,177.88,1751.10,3550.35,2.26,149.23,93.28,565.23,3.02,929.02,57.50,483.17
2026-03-26T06:00:00Z,57.36,2146.39,166.33,973.79,35.27,2446.07,158.23,91.72,46.73,2532.57,155.22,258.05,30.17,2448.59,157.53,38.66,198.48,28.97,92.28,179.66,1752.43,3556.88,2.64,149.73,96.68,570.44,2.83,924.07,59.14,486.49
2026-03-26T06:10:00Z,56.90,2152.66,166.33,987.53,35.48,2435.53,157.77,109.36,46.81,2532.27,155.37,256.70,30.08,2442.72,157.78,36.98,199.04,30.02,90.74,178.22,1767.47,3541.93,2.42,146.80,92.40,568.41,3.17,937.27,60.60,460.24
2026-03-26T06:20:00Z,57.16,2139.48,166.55,992.87,35.41,2435.03,157.26,114.16,46.44,2529.14,154.70,249.96,30.17,2439.32,157.29,35.79,196.70,30.22,91.40,175.03,1754.92,3560.14,2.69,148.85,93.78,564.76,2.84,928.65,61.73,470.78
2026-03-26T06:30:00Z,57.37,2149.06,166.79,994.21,35.63,2443.17,157.62,108.65,46.37,2540.43,154.99,242.96,30.29,2446.81,157.95,30.89,193.37,31.25,91.72,173.72,1747.54,3557.91,2.55,150.22,94.85,566.72,2.94,924.64,59.82,472.93
2026-03-26T06:40:00Z,56.91,2141.72,166.20,994.15,35.61,2431.19,158.27,108.32,47.02,2548.44,155.17,248.13,30.04,2451.59,157.71,14.66,195.08,29.78,91.63,174.18,1748.85,3554.65,2.52,147.51,91.11,564.74,2.98,923.09,59.10,472.48
2026-03-26T06:50:00Z,56.72,2149.16,166.58,984.55,35.59,2433.37,158.96,99.22,46.61,2540.67,155.31,242.93,29.83,2451.49,157.48,10.01,195.10,27.90,91.63,177.80,1753.96,3557.13,2.59,149.69,92.85,573.03,3.09,920.70,60.05,488.39
2026-03-26T07:00:00Z,56.82,2153.25,167.13,973.06,35.75,2440.03,158.88,110.65,46.78,2542.69,155.32,250.65,30.17,2444.01,157.18,8.82,192.04,27.14,91.97,174.04,1747.23,3540.29,2.66,149.66,93.60,566.60,3.03,917.94,60.36,483.99
2026-03-26T07:10:00Z,56.14,2172.37,166.93,964.53,35.42,2434.75,158.29,109.66,47.02,2527.61,154.65,257.57,29.82,2451.42,157.78,10.96,197.36,26.82,91.47,179.74,1751.39,3547.52,2.79,147.67,93.72,564.90,3.12,928.91,60.84,474.74
2026-03-26T07:20:00Z,55.97,2167.69,166.02,957.79,35.22,2446.24,157.69,98.33,46.54,2530.16,155.89,253.70,29.77,2450.26,158.03,9.13,195.69,26.12,91.94,175.10,1750.40,3546.12,2.59,150.11,91.73,558.67,3.04,921.28,58.36,449.60
2026-03-26T07:30:00Z,55.80,2184.38,166.17,929.97,35.09,2445.11,158.42,94.17,46.36,2541.23,155.47,240.98,29.86,2454.38,157.23,22.20,191.85,25.08,92.12,170.02,1753.01,3546.66,2.56,149.85,91.35,566.89,3.32,924.37,61.12,463.14
2026-03-26T07:40:00Z,55.58,2189.65,165.75,908.42,35.26,2441.45,157.93,90.00,46.48,2541.22,155.05,230.95,30.00,2453.59,157.49,31.11,193.83,23.76,91.43,175.14,1754.76,3554.13,2.25,150.19,93.11,571.36,2.90,924.35,60.62,469.52
2026-03-26T07:50:00Z,55.53,2194.46,165.71,902.75,35.36,2446.35,157.52,105.98,46.26,2527.77,154.94,235.41,30.46,2445.15,158.02,45.19,190.10,25.24,91.16,172.51,1751.84,3561.94,2.50,150.06,88.62,563.05,3.10,924.12,60.47,476.71
2026-03-26T08:00:00Z,55.33,2201.68,164.77,902.04,35.23,2444.47,157.83,111.89,46.23,2537.48,154.86,219.71,30.43,2443.97,158.07,44.98,187.27,26.19,90.53,167.88,1741.03,3539.96,2.34,150.19,88.17,566.34,2.80,913.53,60.63,468.46
2026-03-26T08:10:00Z,55.08,2196.89,164.72,902.84,35.46,2446.62,158.15,107.32,46.09,2545.87,155.04,221.41,30.78,2434.71,158.37,45.71,189.53,26.28,91.03,169.76,1744.59,3547.03,2.19,149.66,90.46,566.96,2.90,918.83,60.08,473.92
2026-03-26T08:20:00Z,54.77,2200.95,165.43,898.10,35.54,2436.76,158.88,122.51,45.91,2552.55,154.66,226.88,30.96,2432.07,158.44,63.90,196.50,26.42,90.98,177.75,1765.23,3556.44,2.39,151.17,93.83,575.43,3.12,931.27,59.58,480.26
2026-03-26T08:30:00Z,54.75,2201.28,165.09,889.79,35.44,2431.61,158.56,107.39,45.90,2542.71,154.81,228.03,30.77,2429.00,158.00,56.03,194.13,26.51,90.85,178.35,1765.64,3553.34,2.46,151.23,89.46,560.84,2.94,933.38,60.52,458.04
2026-03-26T08:40:00Z,54.68,2213.90,164.98,882.19,35.60,2434.70,158.12,104.20,45.90,2554.81,154.21,214.32,30.60,2430.18,158.55,63.54,198.19,26.40,90.89,177.01,1758.86,3541.39,2.41,149.76,94.76,571.12,2.68,928.28,59.60,473.57
2026-03-26T08:50:00Z,54.66,2218.73,165.03,871.64,35.45,2440.80,158.53,104.59,45.69,2551.28,154.87,211.14,30.76,2433.32,158.52,54.86,190.03,26.22,91.87,171.83,1747.09,3516.55,2.48,147.99,89.79,566.19,2.71,931.29,58.30,474.24
2026-03-26T09:00:00Z,54.57,2222.65,165.06,873.75,35.62,2443.22,158.45,99.31,45.17,2561.64,155.13,202.44,31.03,2425.22,158.68,64.30,192.21,26.20,90.80,172.96,1762.10,3554.48,2.41,148.60,88.29,567.05,2.86,933.10,57.29,470.26
2026-03-26T09:10:00Z,54.54,2210.64,164.88,892.79,35.55,2442.53,158.37,110.05,44.87,2574.81,155.11,194.68,31.21,2412.71,159.08,81.11,192.31,27.53,90.83,178.91,1760.00,3555.56,2.51,149.77,88.45,560.30,2.99,926.77,56.88,470.92
2026-03-26T09:20:00Z,54.21,2223.32,164.85,875.08,35.55,2437.12,158.45,114.86,44.75,2586.75,154.56,189.03,31.32,2414.43,159.41,63.71,190.25,27.99,90.79,171.71,1758.19,3551.86,2.54,147.84,91.05,567.69,3.04,930.30,57.50,467.95
2026-03-26T09:30:00Z,54.46,2225.49,164.59,860.51,35.35,2436.57,157.66,122.74,44.46,2587.36,154.91,170.25,31.25,2427.06,160.01,66.76,186.32,27.24,90.05,169.62,1748.97,3561.51,2.71,151.66,88.46,564.13,2.99,916.18,58.17,469.96
2026-03-26T09:40:00Z,55.00,2207.08,164.42,886.48,35.29,2438.25,157.94,120.82,45.04,2565.20,154.92,181.46,31.44,2416.39,159.18,73.08,188.66,26.45,90.70,167.97,1745.01,3560.38,2.44,150.02,90.50,564.10,3.29,920.84,58.62,472.27
2026-03-26T09:50:00Z,54.89,2209.42,164.28,889.82,35.32,2444.57,157.62,109.02,45.28,2562.01,155.16,185.62,31.35,2407.82,158.49,76.00,194.02,28.62,90.61,177.16,1756.69,3556.03,2.48,148.40,92.48,563.39,2.86,924.36,58.57,477.60
2026-03-26T10:00:00Z,55.08,2206.79,164.50,890.62,35.00,2448.75,158.03,109.85,45.57,2568.94,154.63,187.42,31.81,2403.81,158.37,76.87,195.29,26.18,91.49,176.88,1758.65,3555.04,2.63,150.07,93.75,568.91,3.09,921.94,59.74,479.57
2026-03-26T10:10:00Z,55.18,2191.64,164.78,896.64,35.06,2443.75,157.71,111.46,45.82,2556.67,154.16,210.44,32.16,2399.40,158.89,87.66,192.65,26.95,92.07,176.10,1755.76,3540.49,2.56,150.50,90.48,558.30,2.61,931.77,58.15,460.16
2026-03-26T10:20:00Z,55.44,2187.54,164.79,902.84,35.16,2441.71,158.21,117.91,46.13,2549.47,154.38,215.97,32.19,2407.76,159.51,94.34,191.26,27.66,92.18,173.35,1753.23,3550.64,,149.66,92.60,573.79,3.20,925.72,58.62,478.42
2026-03-26T10:30:00Z,55.63,2188.97,165.71,908.16,35.37,2447.06,158.33,116.34,46.20,2552.38,154.52,214.59,31.95,2412.55,159.45,83.84,190.14,26.56,92.14,170.38,1754.95,3537.75,2.47,148.53,89.09,556.06,2.97,924.20,58.72,465.65
2026-03-26T10:40:00Z,55.45,2190.29,165.64,918.25,35.34,2448.53,157.62,104.88,46.38,2550.75,154.52,219.60,31.51,2416.04,159.31,83.90,194.82,25.44,91.47,175.46,1765.78,3540.07,2.41,149.28,91.00,564.17,2.84,934.01,59.02,470.74
2026-03-26T10:50:00Z,55.33,2191.38,165.53,929.26,35.21,2451.35,157.81,98.97,46.61,2540.56,155.13,224.95,31.41,2420.01,159.37,78.09,196.14,26.56,91.11,178.19,1755.76,3564.46,2.54,151.11,92.18,562.83,2.79,923.38,58.88,457.80
2026-03-26T11:00:00Z,55.43,2178.29,165.45,931.81,35.27,2452.04,157.19,118.38,46.42,2542.76,155.27,221.96,31.65,2408.87,159.30,81.52,194.99,25.70,91.86,173.91,1758.90,3560.79,2.33,149.33,93.83,567.68,3.00,929.16,58.01,469.98
2026-03-26T11:10:00Z,55.43,2180.43,165.33,925.49,35.45,2444.35,158.29,115.80,46.01,2539.74,155.40,221.92,31.58,2415.38,159.11,82.60,190.79,27.92,92.12,172.78,1741.76,3548.35,2.45,151.00,89.55,566.10,2.69,919.05,58.47,473.39
2026-03-26T11:20:00Z,55.54,2187.08,165.50,917.06,35.07,2443.25,158.05,120.62,46.57,2543.29,155.55,246.27,31.73,2407.24,159.68,78.47,198.33,29.30,92.01,178.86,1752.38,3546.82,2.52,148.18,92.82,567.70,3.14,927.91,58.24,478.51
2026-03-26T11:30:00Z,55.37,2195.85,165.97,912.87,35.24,2439.88,157.46,111.75,46.43,2533.80,155.76,237.70,31.70,2405.61,159.28,70.67,196.33,29.35,92.60,177.06,1761.23,3566.99,2.55,149.64,89.59,564.59,3.26,928.31,59.24,465.59
2026-03-26T11:40:00Z,55.07,2203.79,165.92,901.40,35.47,2445.79,158.72,114.89,46.02,2551.63,155.53,233.17,31.64,2407.95,159.35,104.52,197.09,26.79,92.09,174.55,1758.40,3553.31,2.66,152.61,92.18,573.36,2.93,934.33,58.42,477.38
2026-03-26T11:50:00Z,54.97,2206.75,165.38,884.40,35.56,2442.80,158.47,117.59,45.87,2555.36,155.46,223.40,31.79,2400.06,158.92,96.69,189.32,27.72,92.38,170.08,1748.62,3552.37,2.53,150.65,89.69,553.43,3.27,924.78,57.36,465.68
2026-03-26T12:00:00Z,55.00,2209.23,164.90,888.52,35.81,2446.60,158.20,125.15,45.62,2555.41,155.32,216.24,31.60,2408.21,159.65,102.93,184.64,29.96,91.51,166.75,1747.15,3553.74,2.60,149.90,85.53,560.10,2.80,918.23,57.91,476.86
2026-03-26T12:10:00Z,54.86,2214.56,165.25,891.81,36.00,2424.75,158.02,118.66,45.69,2555.28,155.17,227.02,31.54,2412.98,159.11,84.09,187.57,27.00,91.10,171.15,1744.60,3553.15,2.57,150.14,88.15,565.42,2.60,921.59,58.28,464.15
2026-03-26T12:20:00Z,54.72,2212.36,165.20,884.09,35.62,2427.27,157.85,114.74,45.84,2546.25,154.87,228.94,31.84,2403.19,159.06,82.65,192.16,27.21,91.78,172.78,1753.57,3546.48,2.47,149.96,92.09,572.95,2.75,931.37,58.84,472.55
2026-03-26T12:30:00Z,54.60,2218.13,164.76,880.19,35.71,2428.97,158.29,121.57,46.11,2539.48,155.66,227.38,31.78,2402.13,159.29,100.98,190.43,27.92,92.03,175.16,1753.93,3554.64,2.41,150.11,90.12,567.15,2.98,932.56,58.93,474.02
2026-03-26T12:40:00Z,54.81,2197.08,164.90,905.00,35.93,2435.04,158.30,128.27,45.99,2537.46,155.76,234.49,31.62,2411.67,158.65,94.83,194.90,27.49,91.74,176.70,1759.71,3551.68,2.60,149.48,91.84,564.34,3.02,925.99,58.51,464.97
2026-03-26T12:50:00Z,54.95,2203.82,164.28,892.84,35.31,2447.16,158.38,104.10,45.56,2554.50,155.43,219.18,31.69,2414.61,158.73,85.98,195.32,26.33,91.52,178.69,1766.93,3547.44,2.38,150.24,92.03,569.95,3.00,937.54,58.43,474.63
2026-03-26T13:00:00Z,54.78,2197.07,164.97,895.95,35.60,2442.16,158.96,121.42,45.43,2558.89,155.24,203.06,31.99,2405.01,158.61,81.89,194.46,26.32,92.11,174.18,1747.25,3550.96,2.62,151.54,92.38,564.81,2.75,926.50,59.01,468.92
2026-03-26T13:10:00Z,54.82,2202.14,164.96,904.08,36.04,2436.20,159.03,105.93,45.35,2564.02,154.96,201.81,31.65,2405.86,158.29,76.54,193.97,27.57,91.43,176.63,1757.52,3549.45,2.34,147.79,94.61,578.31,3.15,930.47,60.03,486.15
2026-03-26T13:20:00Z,54.71,2203.94,165.03,894.52,36.12,2415.65,158.23,124.89,45.75,2553.78,155.45,223.26,31.42,2406.13,158.51,90.89,195.50,28.38,91.46,175.43,1756.24,3555.42,2.44,150.77,91.74,567.45,3.22,924.36,60.29,477.77
2026-03-26T13:30:00Z,54.87,2197.38,164.89,913.75,35.89,2426.62,158.11,122.85,45.92,2556.38,155.19,212.47,31.32,2418.47,158.86,64.24,195.27,27.30,91.11,178.43,1755.74,3550.77,2.44,149.83,92.07,568.41,2.59,931.46,59.74,481.55
2026-03-26T13:40:00Z,55.34,2202.99,164.66,907.94,35.39,2429.83,158.82,122.45,45.86,2540.71,154.94,227.38,30.95,2420.29,158.69,69.52,196.31,27.58,90.90,177.28,1761.73,3550.91,2.52,151.50,91.80,568.65,3.34,933.42,58.95,482.71
2026-03-26T13:50:00Z,55.38,2193.31,164.67,908.27,34.97,2444.17,158.19,103.27,45.50,2553.75,155.33,226.61,30.74,2431.12,158.10,65.44,194.09,27.67,92.15,179.32,1753.66,3553.82,2.31,149.76,91.38,555.43,3.23,925.15,59.93,456.65
2026-03-26T14:00:00Z,55.33,2200.68,164.88,913.79,34.72,2460.33,158.06,84.04,45.34,2571.35,154.83,198.40,30.35,2431.11,157.67,40.15,187.77,27.24,91.61,166.56,1740.53,3556.36,2.42,149.50,89.98,558.69,3.38,915.29,59.36,472.37
2026-03-26T14:10:00Z,55.14,2201.28,165.07,906.87,34.97,2446.88,157.94,95.30,45.24,2564.16,155.33,207.02,30.40,2437.01,158.21,34.43,192.81,25.10,91.18,171.90,1748.04,3550.68,2.29,149.84,90.49,572.08,2.86,930.24,60.00,471.75
2026-03-26T14:20:00Z,55.17,2197.22,164.80,915.41,34.90,2459.09,157.38,77.46,45.19,2571.46,155.24,211.64,30.44,2443.52,158.17,29.14,184.03,26.14,91.43,165.64,1747.16,3540.17,2.40,148.82,86.27,559.88,3.00,925.50,62.13,468.25
2026-03-26T14:30:00Z,55.77,2191.40,165.15,934.13,34.63,2467.04,157.56,85.96,45.47,2560.45,154.67,208.33,30.50,2434.03,158.07,34.77,193.34,26.35,92.13,174.50,1760.21,3559.03,2.68,150.07,91.36,563.27,3.07,932.76,62.42,462.16
2026-03-26T14:40:00Z,56.11,2176.01,165.68,939.70,34.78,2458.39,158.00,85.16,45.39,2563.14,155.01,195.98,30.29,2436.56,158.09,50.62,190.63,24.93,91.73,172.54,1742.47,3556.30,2.93,149.50,88.77,553.82,2.96,924.07,59.57,462.74
2026-03-26T14:50:00Z,56.03,2172.70,165.20,919.08,34.79,2473.89,157.50,83.78,45.47,2554.73,154.74,212.91,30.88,2430.69,157.75,53.59,190.22,24.99,91.86,169.10,1740.29,3543.49,2.50,149.77,91.01,565.29,3.00,922.62,58.70,475.41
2026-03-26T15:00:00Z,55.95,2176.37,165.80,927.80,34.32,2475.78,157.66,79.76,45.18,2556.39,154.51,208.97,31.09,2425.71,157.61,63.22,193.46,26.32,90.99,173.87,1763.02,3553.66,2.55,150.88,93.10,562.83,2.91,928.68,59.18,465.93
2026-03-26T15:10:00Z,55.50,2191.90,165.15,910.24,34.71,2472.27,158.08,68.06,45.37,2553.87,153.81,204.23,31.11,2419.24,157.61,44.58,194.09,24.40,90.33,171.35,1752.35,3556.00,2.68,149.98,92.75,565.82,3.12,921.34,58.21,472.84
2026-03-26T15:20:00Z,55.73,2185.06,165.35,918.85,34.87,2445.98,158.56,95.74,45.22,2553.98,154.57,206.98,31.42,2427.46,158.12,56.22,193.61,25.17,90.38,170.57,1736.04,3556.37,2.61,149.78,90.57,571.01,3.17,913.50,58.95,470.03
2026-03-26T15:30:00Z,55.47,2185.95,165.94,915.68,34.79,2441.98,158.03,99.49,45.11,2570.47,154.84,206.37,31.84,2404.60,158.15,69.85,195.48,25.61,90.46,174.15,1747.49,3541.75,2.75,151.08,93.65,570.42,3.06,913.81,58.39,489.00
2026-03-26T15:40:00Z,55.55,2192.18,165.35,921.20,34.58,2453.27,158.05,97.37,45.57,2560.96,154.91,190.98,31.72,2402.53,159.10,78.95,191.77,26.34,91.69,169.13,1758.01,3539.60,2.54,148.62,92.04,560.95,2.72,926.50,59.66,478.06
2026-03-26T15:50:00Z,55.76,2177.00,164.99,921.11,34.91,2451.01,158.19,109.30,45.72,2554.06,154.35,204.14,31.45,2402.17,159.57,67.50,192.58,24.92,92.09,171.08,1752.29,3548.48,2.30,149.87,89.44,564.29,3.05,926.72,57.44,476.92
2026-03-26T16:00:00Z,56.12,2172.63,165.26,915.20,35.34,2437.20,157.81,105.22,45.98,2557.71,155.21,203.07,31.41,2403.52,158.91,77.32,193.83,26.71,91.20,173.64,1754.43,3559.81,2.72,151.60,92.74,570.45,2.64,923.94,58.76,472.64
2026-03-26T16:10:00Z,55.64,2186.40,165.21,911.83,35.33,2435.97,158.52,111.00,46.12,2561.76,154.94,215.36,31.25,2410.55,159.39,82.65,190.01,27.06,91.47,173.40,1752.74,3558.55,2.51,148.48,87.69,557.67,2.89,918.30,58.31,462.60
2026-03-26T16:20:00Z,56.14,2180.89,165.64,914.74,35.83,2423.58,159.23,123.29,46.20,2547.83,154.91,217.63,31.39,2411.55,159.43,88.29,189.08,28.04,91.85,169.28,1758.98,3550.68,2.37,149.57,88.13,563.78,3.28,933.23,59.59,467.10
2026-03-26T16:30:00Z,56.43,2171.77,165.06,910.52,35.31,2443.69,158.26,111.36,46.23,2552.58,155.45,233.38,31.33,2420.59,159.33,89.84,190.24,27.86,91.81,174.56,1759.45,3544.78,2.50,150.52,89.72,563.12,3.10,935.14,58.59,471.75
2026-03-26T16:40:00Z,56.50,2172.45,166.02,935.19,35.84,2427.32,158.71,127.18,46.04,2546.23,155.22,239.09,31.19,2413.81,158.75,79.39,193.08,29.69,90.99,176.28,1759.00,3558.28,2.57,150.18,89.13,570.94,3.10,931.21,59.51,489.69
2026-03-26T16:50:00Z,56.46,2173.47,165.30,943.23,35.78,2441.88,157.64,128.59,45.71,2550.40,154.67,220.35,31.44,2415.10,158.68,64.04,189.54,29.31,91.25,171.52,1752.94,3551.45,2.35,147.95,90.00,557.98,2.84,928.33,58.57,475.09
2026-03-26T17:00:00Z,56.43,2162.55,165.49,929.60,35.79,2439.66,158.41,134.41,45.94,2541.84,154.03,212.31,31.23,2422.72,159.20,56.02,191.09,28.45,91.34,173.61,1753.98,3544.24,2.74,149.96,87.06,568.81,3.09,925.13,58.57,477.85
2026-03-26T17:10:00Z,56.48,2164.68,164.87,934.73,36.11,2428.71,158.91,133.41,45.93,2555.94,154.18,216.39,31.32,2414.16,159.25,62.74,197.36,29.30,91.24,179.70,1770.05,3548.52,2.49,150.08,92.34,563.89,2.96,934.93,58.15,471.77
2026-03-26T17:20:00Z,56.26,2161.23,165.88,935.75,36.09,2426.81,158.50,141.50,45.90,2558.76,154.85,216.85,31.79,2403.05,158.84,75.92,198.91,27.84,91.08,176.69,1754.49,3539.09,2.66,149.83,93.82,566.34,2.88,922.43,59.83,470.86
2026-03-26T17:30:00Z,56.54,2157.41,165.69,943.18,36.44,2424.30,159.27,141.72,45.47,2561.06,154.40,207.95,31.48,2417.88,158.71,73.68,199.38,27.88,91.89,180.37,1748.98,3556.46,2.55,149.98,93.41,571.49,3.39,920.87,58.83,489.07
2026-03-26T17:40:00Z,56.20,2163.69,165.08,939.29,36.59,2420.15,160.06,157.04,45.41,2567.38,153.81,213.04,31.72,2411.54,158.57,80.58,195.21,26.65,91.38,178.11,1762.94,3559.95,2.19,150.49,93.52,570.67,2.76,933.77,58.95,473.35
2026-03-26T17:50:00Z,55.87,2168.38,165.46,934.06,36.96,2409.90,159.95,174.23,45.43,2573.85,154.52,210.99,31.92,2403.07,158.73,90.40,195.10,27.88,91.74,171.79,1748.48,3544.91,2.71,148.69,91.50,559.17,2.62,922.18,58.16,468.09
2026-03-26T18:00:00Z,56.00,2163.25,166.55,942.85,36.81,2411.38,160.45,168.23,45.65,2569.41,153.94,203.61,31.64,2397.74,159.29,96.92,193.75,28.89,93.00,172.63,1753.84,3541.64,2.72,150.56,92.52,571.92,3.09,925.99,58.72,474.84
2026-03-26T18:10:00Z,55.65,2168.53,166.50,943.10,36.91,2391.78,160.92,169.21,45.78,2558.35,154.05,206.24,31.74,2405.79,158.86,97.05,199.46,28.74,93.48,178.64,1757.94,3534.73,2.68,147.73,96.18,575.08,2.67,928.47,58.83,474.76
2026-03-26T18:20:00Z,55.71,2181.27,166.40,919.38,36.51,2412.74,160.32,160.40,45.71,2547.55,155.51,209.78,31.62,2405.86,159.63,89.94,191.22,28.76,92.59,172.24,1749.60,3557.71,2.32,149.22,93.28,567.73,3.11,923.05,57.60,476.56
2026-03-26T18:30:00Z,55.65,2185.23,165.83,927.29,36.24,2410.47,159.67,149.68,45.72,2549.49,155.04,211.34,31.91,2399.43,159.05,83.59,192.81,26.45,91.51,170.51,1754.50,3561.76,2.51,150.71,90.90,570.37,3.00,929.75,56.77,479.00
2026-03-26T18:40:00Z,55.85,2178.42,166.73,936.17,36.38,2415.10,160.21,155.51,45.70,2556.50,154.23,202.22,31.93,2398.26,159.46,91.27,194.19,27.73,91.77,174.20,1755.57,3549.54,2.51,150.32,94.45,572.46,3.24,934.18,58.49,479.01
2026-03-26T18:50:00Z,55.47,2181.02,165.48,930.37,36.05,2424.87,159.46,141.66,45.74,2554.54,155.03,209.43,31.70,2401.16,159.68,84.13,196.25,27.22,92.27,175.00,1756.89,3556.20,2.68,149.80,95.47,566.89,3.07,933.69,58.93,479.38
2026-03-26T19:00:00Z,55.37,2179.00,165.26,914.50,36.26,2411.73,158.86,153.73,45.31,2562.14,154.72,222.94,31.69,2403.58,160.01,70.44,197.01,27.45,92.30,179.79,1763.64,3546.30,2.55,150.16,94.92,573.62,3.24,936.19,57.29,488.61
2026-03-26T19:10:00Z,55.12,2185.58,165.51,906.41,36.16,2406.97,158.78,153.72,45.42,2557.30,155.76,214.68,31.78,2395.38,159.46,77.55,199.38,26.91,91.48,179.69,1757.98,3561.52,2.55,150.28,95.38,569.17,3.08,933.04,58.20,486.02
2026-03-26T19:20:00Z,55.22,2189.12,166.66,909.91,36.11,2409.82,159.29,162.55,45.86,2549.87,155.51,215.86,31.59,2401.06,159.71,78.98,196.72,26.73,92.04,177.00,1760.91,3548.81,2.45,148.55,94.28,566.73,2.88,934.25,58.93,476.99
2026-03-26T19:30:00Z,55.11,2195.70,166.18,914.66,35.83,2417.75,159.23,145.59,45.78,2545.16,155.50,219.21,32.09,2415.52,159.18,77.98,193.60,27.74,92.07,179.68,1761.86,3541.33,2.42,148.56,90.03,562.80,3.12,929.70,60.94,469.81
2026-03-26T19:40:00Z,55.07,2206.06,165.63,904.58,36.20,2419.15,158.85,136.11,45.57,2545.73,155.08,208.05,32.04,2406.10,158.82,76.49,193.09,26.35,91.22,173.26,1756.53,3553.92,2.40,150.76,92.16,568.03,2.94,933.73,61.94,481.51
2026-03-26T19:50:00Z,54.80,2201.47,166.29,903.67,35.80,2427.67,158.50,138.04,45.66,2555.23,155.42,206.02,32.21,2400.00,158.22,81.85,195.24,27.73,90.97,176.50,1758.79,3545.76,2.56,149.80,92.90,571.23,2.62,930.40,60.21,478.67
2026-03-26T20:00:00Z,54.85,2205.90,165.38,893.49,35.72,2429.45,157.81,121.50,45.75,2549.78,155.07,218.70,31.97,2406.43,159.10,81.90,194.11,25.99,91.83,175.19,1752.89,3553.86,2.47,149.39,89.80,567.30,2.95,931.47,59.96,472.46
2026-03-26T20:10:00Z,55.03,2203.21,164.51,895.16,35.42,2432.06,158.75,124.71,45.62,2562.72,155.18,233.92,31.67,2409.24,159.24,79.94,193.79,27.22,91.31,174.56,1749.94,3537.93,2.62,149.32,91.32,558.89,2.92,915.13,59.21,473.51
2026-03-26T20:20:00Z,54.82,2204.12,164.57,885.74,35.46,2446.56,158.06,109.48,45.59,2557.06,154.94,212.62,32.09,2407.80,159.36,99.07,192.91,25.06,91.26,172.44,1754.47,3539.43,2.40,148.35,92.06,563.20,3.29,929.16,59.89,471.86
2026-03-26T20:30:00Z,54.99,2197.15,164.49,896.76,35.40,2441.53,158.50,116.02,45.22,2563.48,154.72,203.02,32.32,2396.36,159.88,101.78,193.70,24.66,92.14,174.51,1752.06,3550.88,2.24,149.72,91.45,563.24,2.86,925.96,59.11,460.42
2026-03-26T20:40:00Z,55.34,2199.45,164.81,895.50,35.64,2442.89,158.11,104.76,45.39,2565.36,154.91,206.73,31.95,2399.97,159.45,81.39,190.47,26.86,91.71,168.76,1753.55,3545.51,2.66,147.52,91.28,565.13,2.89,924.60,59.74,460.39
2026-03-26T20:50:00Z,55.58,2187.26,164.67,910.21,35.59,2435.59,158.05,122.89,45.32,2565.96,154.63,195.82,32.46,2394.85,159.59,91.87,192.91,24.68,91.68,171.80,1751.61,3545.68,2.57,148.82,92.72,572.98,3.14,927.60,57.97,484.83
2026-03-26T21:00:00Z,55.36,2192.64,164.94,919.50,35.77,2428.84,158.09,107.32,45.02,2565.98,154.86,202.07,32.15,2392.80,159.78,87.83,193.71,24.78,91.73,171.63,1748.21,3554.42,2.46,148.96,92.46,568.94,3.03,925.23,58.38,485.87
2026-03-26T21:10:00Z,55.27,2195.42,164.87,908.18,35.24,2428.99,158.82,115.66,44.71,2570.62,154.67,198.90,31.79,2399.58,159.27,100.46,194.76,25.13,92.21,175.40,1758.27,3543.81,2.49,150.09,95.32,575.33,2.96,921.21,58.96,485.40
2026-03-26T21:20:00Z,54.84,2207.57,165.71,905.75,35.10,2439.97,158.87,120.94,44.76,2571.90,154.43,202.61,31.63,2403.34,160.16,95.34,198.78,25.83,92.50,179.08,1760.52,3554.83,2.56,149.95,93.81,569.40,2.92,935.08,59.11,478.48
2026-03-26T21:30:00Z,55.14,2210.04,165.41,906.65,35.47,2437.14,158.68,117.15,45.10,2575.69,155.05,208.73,31.22,2409.44,159.23,65.87,195.09,26.88,92.05,174.68,1762.31,3539.68,2.70,149.50,88.71,555.78,3.05,934.76,59.75,475.22
2026-03-26T21:40:00Z,54.82,2201.62,165.22,887.35,35.50,2436.83,158.23,130.98,45.27,2565.84,155.24,206.78,31.11,2406.31,159.29,80.68,197.87,26.74,91.68,177.29,1765.50,3537.39,2.50,149.72,92.04,570.07,2.82,924.40,59.83,469.44
2026-03-26T21:50:00Z,55.36,2195.68,164.46,903.44,35.74,2437.36,158.83,127.37,44.99,2564.47,154.88,200.23,31.18,2407.57,158.42,58.68,195.75,28.89,91.82,177.81,1758.91,3561.08,2.41,148.45,90.58,564.36,2.81,925.98,58.63,479.85
2026-03-26T22:00:00Z,55.88,2178.32,165.11,927.44,35.84,2427.30,159.22,142.15,45.62,2560.90,154.58,184.25,30.96,2414.00,158.05,58.30,198.15,28.81,91.35,178.09,1752.16,3548.12,2.43,148.15,96.14,568.92,2.99,930.59,58.81,475.40
2026-03-26T22:10:00Z,55.73,2179.32,165.25,939.47,35.92,2425.83,158.00,135.72,45.13,2561.59,154.24,203.79,31.35,2408.38,158.45,75.64,199.07,27.91,90.30,180.89,1757.30,3535.19,2.51,148.45,94.82,569.38,3.13,931.43,60.72,472.08
2026-03-26T22:20:00Z,55.54,2173.36,165.49,930.70,35.86,2421.77,158.22,133.46,45.03,2565.03,154.66,211.39,30.75,2410.27,158.58,73.69,200.89,27.39,91.41,175.67,1745.24,3533.53,2.65,148.65,94.34,561.40,2.58,915.97,59.89,471.88
2026-03-26T22:30:00Z,55.67,2174.58,165.20,927.60,35.37,2441.60,158.65,118.71,45.39,2562.06,154.78,197.91,30.36,2434.13,158.06,57.24,194.16,26.12,92.06,175.89,1744.06,3541.95,2.52,150.27,92.79,570.85,2.78,916.75,58.39,477.62
2026-03-26T22:40:00Z,55.83,2187.52,165.38,913.84,35.40,2444.51,158.68,111.57,45.11,2564.21,154.64,192.87,30.09,2448.89,158.25,58.37,189.36,25.22,92.40,170.60,1757.81,3549.35,2.48,150.34,89.47,560.55,2.75,929.67,60.15,466.82
2026-03-26T22:50:00Z,56.06,2185.15,165.35,917.06,35.95,2424.29,158.21,120.75,45.12,2567.30,155.16,188.15,30.11,2448.40,157.85,43.90,188.93,25.47,91.82,173.05,1754.99,3544.54,2.55,149.35,89.27,559.21,3.32,926.34,58.62,464.43
2026-03-26T23:00:00Z,56.16,2165.61,165.76,930.25,36.31,2423.93,158.35,136.78,45.41,2559.63,155.36,209.33,30.32,2442.83,157.70,23.06,188.95,26.14,91.90,167.39,1747.12,3548.74,2.68,148.77,90.95,558.03,2.84,922.03,59.34,457.59
2026-03-26T23:10:00Z,56.21,2175.08,166.26,930.71,35.99,2424.59,158.17,130.33,45.69,2556.13,155.27,202.53,30.26,2447.90,157.73,28.16,194.17,25.86,91.48,174.85,1751.74,3536.09,2.67,149.24,92.93,562.45,2.96,931.18,59.69,465.05
2026-03-26T23:20:00Z,56.17,2173.03,166.87,938.27,36.51,2425.64,159.22,134.09,45.64,2552.40,154.55,222.49,30.84,2447.27,157.80,34.20,192.16,27.15,91.30,173.04,1747.46,3541.04,2.39,148.77,90.96,571.05,2.88,931.63,59.86,480.84
2026-03-26T23:30:00Z,56.27,2169.79,167.00,937.23,36.51,2417.57,159.34,,45.70,2558.14,154.50,213.89,31.12,2428.33,158.68,55.64,190.21,28.85,92.42,172.04,1754.88,3548.22,2.57,150.87,89.42,562.36,3.04,926.65,58.03,480.39
2026-03-26T23:40:00Z,56.30,2162.61,166.55,942.51,36.41,2421.68,158.79,121.26,46.13,2537.07,155.15,246.15,31.25,2414.41,159.53,71.20,192.16,27.02,91.68,174.97,1752.66,3547.54,2.50,150.05,88.44,563.19,2.85,930.55,58.93,470.97
2026-03-26T23:50:00Z,56.05,2174.84,166.19,939.41,36.10,2412.79,158.55,138.08,45.64,2554.93,156.01,235.61,31.25,2408.35,158.62,59.97,193.69,29.28,92.25,169.78,1746.76,3547.45,2.38,148.83,87.68,558.67,2.93,916.56,56.86,467.47
2026-03-27T00:00:00Z,56.01,2181.76,165.82,943.01,35.88,2431.64,158.63,135.59,45.67,2559.08,155.07,220.29,31.61,2410.43,159.05,79.46,201.58,29.21,92.35,182.16,1758.87,3540.95,2.59,148.27,94.71,571.78,3.20,927.18,57.43,467.43
2026-03-27T00:10:00Z,56.29,2169.49,165.14,939.09,36.13,2428.65,158.24,124.69,45.79,2541.71,154.57,223.20,32.11,2395.24,159.18,90.74,203.32,30.42,93.05,181.84,1756.86,3553.94,2.41,150.73,95.39,567.93,3.01,931.74,57.84,471.52
2026-03-27T00:20:00Z,56.44,2156.95,164.74,937.54,36.50,2419.89,158.59,127.90,45.46,2556.70,155.03,215.80,32.17,2392.61,159.52,93.69,201.85,28.03,93.04,179.49,1756.75,3555.27,2.36,148.33,96.04,574.73,3.19,924.57,58.92,491.06
2026-03-27T00:30:00Z,56.20,2167.52,165.23,946.67,36.55,2413.16,158.94,147.47,45.61,2557.85,154.52,212.80,32.31,2388.29,159.53,115.52,200.37,27.93,91.56,179.85,1761.06,3552.33,2.30,150.07,95.75,564.41,2.97,925.05,60.18,475.90
2026-03-27T00:40:00Z,56.69,2167.98,165.58,945.60,36.34,2414.79,159.05,126.74,45.70,2564.71,154.59,203.34,33.02,2386.11,159.82,114.39,197.96,28.96,92.29,178.44,1752.87,3541.54,2.38,150.21,94.46,574.41,2.51,927.73,60.14,478.74
2026-03-27T00:50:00Z,56.54,2161.49,165.76,947.65,36.45,2412.33,159.08,149.57,45.53,2564.33,154.50,202.14,33.05,2371.76,159.33,130.95,196.34,29.66,92.14,177.68,1758.17,3553.92,2.41,150.40,94.18,566.15,3.10,927.75,60.20,476.16
2026-03-27T01:00:00Z,56.54,2154.42,165.22,950.02,36.93,2399.98,159.07,155.37,45.42,2561.12,153.70,210.60,33.51,2364.54,159.86,134.09,202.93,30.97,91.59,183.66,1755.87,3564.08,2.54,150.66,94.79,565.39,3.07,934.92,59.89,477.79
2026-03-27T01:10:00Z,56.84,2153.64,165.44,957.52,36.80,2403.31,158.91,152.60,45.20,2562.23,155.27,207.76,33.54,2354.65,160.14,140.84,200.63,30.74,92.57,181.72,1759.01,3554.12,2.43,149.50,93.03,565.55,2.94,919.90,59.12,466.28
2026-03-27T01:20:00Z,56.93,2143.52,166.01,963.65,36.50,2418.03,159.95,164.81,45.37,2566.34,155.42,197.51,33.81,2361.88,159.86,142.29,201.35,28.27,92.34,180.54,1755.24,3550.86,2.92,150.85,95.85,576.06,3.00,924.42,58.89,474.82
2026-03-27T01:30:00Z,56.86,2148.50,166.62,968.54,36.51,2417.94,160.33,158.01,45.74,2548.40,155.22,196.74,34.41,2340.34,160.81,175.52,202.84,29.67,92.92,182.08,1766.93,3537.64,2.34,150.26,95.14,584.22,3.21,928.85,59.24,489.75
2026-03-27T01:40:00Z,57.00,2150.49,166.78,980.37,36.83,2421.75,159.41,157.75,45.61,2553.60,154.40,201.60,34.55,2337.98,161.33,163.76,197.31,32.39,92.57,180.97,1758.15,3555.79,2.30,150.16,94.15,567.04,3.07,930.73,58.76,466.07
2026-03-27T01:50:00Z,56.91,2156.55,166.23,971.07,36.93,2410.55,159.01,166.64,46.17,2545.05,154.10,211.70,34.75,2330.38,161.62,186.97,202.33,28.93,93.34,179.30,1758.79,3541.20,2.51,150.16,97.97,574.83,2.97,929.44,58.30,476.19
2026-03-27T02:00:00Z,56.68,2149.82,166.66,959.87,37.04,2394.61,159.64,169.83,46.60,2547.55,154.51,219.06,34.71,2322.39,161.03,194.61,207.62,31.11,92.43,189.24,1768.95,3543.44,2.84,149.02,101.50,577.39,2.97,929.84,58.23,482.78
2026-03-27T02:10:00Z,56.72,2147.76,166.79,971.61,36.97,2396.11,159.14,163.97,46.93,2537.11,155.11,239.29,34.66,2315.70,160.91,199.58,203.84,33.20,92.00,188.02,1767.56,3550.75,2.34,149.21,97.77,574.33,3.13,932.36,59.21,490.53
2026-03-27T02:20:00Z,56.51,2162.66,166.17,970.49,36.60,2393.84,159.14,163.36,46.61,2537.44,154.88,231.63,35.18,2318.14,160.97,200.67,197.54,33.99,91.51,174.58,1756.38,3560.38,2.63,149.42,93.35,569.48,2.88,932.01,58.78,482.52
2026-03-27T02:30:00Z,56.65,2166.01,165.59,955.57,36.99,2397.20,158.56,148.83,47.07,2527.51,154.78,258.26,35.04,2320.02,160.86,195.23,204.81,33.11,92.07,184.46,1763.67,3551.98,2.52,148.57,97.64,570.43,3.19,935.85,60.17,480.40
2026-03-27T02:40:00Z,56.67,2151.61,166.18,961.06,37.14,2396.89,158.82,167.02,47.34,2509.60,155.50,271.79,34.91,2316.26,161.10,194.46,204.70,31.76,91.67,183.71,1763.06,3550.56,2.68,149.57,98.09,569.95,2.91,926.91,59.44,469.28
2026-03-27T02:50:00Z,56.46,2161.38,166.51,960.26,36.79,2406.29,159.18,162.61,47.11,2519.52,155.82,271.81,34.96,2311.00,161.73,190.49,209.01,32.37,92.45,182.86,1764.63,3552.13,2.77,150.12,98.75,572.91,2.88,929.27,60.50,476.75
2026-03-27T03:00:00Z,56.73,2166.95,166.31,940.13,36.68,2401.22,158.89,146.88,46.92,2525.22,155.92,274.07,34.77,2329.71,161.62,185.06,207.70,33.10,92.23,187.34,1763.13,3556.57,2.41,148.22,100.36,572.58,2.69,930.43,60.37,486.07
2026-03-27T03:10:00Z,57.09,2142.92,166.86,967.84,36.83,2405.49,157.82,150.53,46.85,2524.03,156.10,264.41,34.67,2330.43,161.26,193.60,208.96,29.32,91.76,189.67,1767.66,3561.66,2.66,152.77,100.46,567.21,3.07,933.36,60.02,471.57
2026-03-27T03:20:00Z,57.47,2128.31,166.54,995.50,36.89,2396.44,158.92,167.66,46.79,2521.29,155.73,259.66,34.88,2328.00,161.53,199.95,206.84,33.00,91.78,184.65,1760.76,3546.14,2.51,149.72,98.11,573.75,3.35,929.75,59.92,478.94
2026-03-27T03:30:00Z,57.26,2134.12,167.34,997.17,36.85,2404.57,159.55,173.55,46.62,2531.65,155.16,262.27,35.30,2307.91,161.24,199.55,207.95,33.97,91.96,188.50,1762.50,3560.23,2.40,147.22,98.91,576.79,2.89,925.67,58.60,476.32
2026-03-27T03:40:00Z,57.02,2146.33,166.58,988.40,37.05,2392.50,158.59,170.01,46.89,2523.42,155.79,264.92,35.55,2313.87,161.06,209.41,208.38,32.58,92.00,188.38,1758.40,3538.19,2.49,149.43,99.62,575.48,2.75,929.98,59.54,483.16
2026-03-27T03:50:00Z,56.69,2152.28,166.30,974.79,36.87,2395.64,158.74,164.01,46.98,2529.27,156.18,261.86,35.61,2311.93,160.45,202.80,208.91,31.76,92.89,190.66,1766.90,3552.11,2.56,150.11,97.74,579.72,3.04,930.09,59.10,484.38
2026-03-27T04:00:00Z,56.94,2151.92,166.78,960.26,37.15,2399.32,159.15,161.08,47.10,2526.09,157.11,268.23,35.58,2314.79,160.41,204.85,203.43,32.83,92.90,182.45,1757.81,3555.31,2.59,151.89,95.19,564.02,2.74,924.91,57.66,468.73
2026-03-27T04:10:00Z,57.14,2137.38,166.87,962.55,37.15,2396.34,159.54,156.38,47.17,2511.64,156.43,276.29,35.38,2327.06,161.22,223.79,206.53,33.54,92.71,185.72,1755.96,3547.74,2.60,148.97,96.98,572.93,3.14,928.90,58.24,481.29
2026-03-27T04:20:00Z,57.08,2145.42,166.69,981.82,36.71,2395.53,158.73,166.90,46.83,2517.56,156.04,277.50,35.28,2310.45,161.51,227.65,211.22,33.22,93.00,190.77,1768.41,3552.53,2.54,149.49,97.02,575.80,3.11,927.76,58.08,480.03
2026-03-27T04:30:00Z,57.14,2137.30,166.95,979.17,36.78,2400.17,158.79,161.23,46.77,2533.89,156.52,256.52,35.01,2321.49,162.08,238.17,204.32,34.69,93.14,179.62,1755.76,3544.70,2.51,148.99,98.59,580.79,3.01,917.77,58.32,480.95
2026-03-27T04:40:00Z,57.01,2147.94,167.03,988.08,36.86,2405.57,159.23,154.48,46.49,2536.04,156.01,244.02,34.71,2334.43,162.09,217.17,206.43,34.61,92.98,185.89,1772.13,3549.44,2.45,148.00,98.68,575.95,3.08,930.13,59.60,478.29
2026-03-27T04:50:00Z,57.27,2155.50,166.88,987.12,37.06,2405.04,159.09,152.21,46.14,2544.30,155.48,238.07,34.93,2336.68,161.89,204.91,205.41,33.36,,186.12,1766.89,3530.89,2.40,149.21,99.07,573.97,2.95,929.32,58.53,482.68
2026-03-27T05:00:00Z,57.12,2152.88,166.47,983.10,37.23,2401.82,158.55,170.76,46.07,2543.96,155.54,232.47,35.38,2327.60,161.55,207.53,207.31,31.87,92.74,185.22,1767.59,3558.02,2.55,149.04,98.03,567.01,3.03,934.38,58.69,466.67
2026-03-27T05:10:00Z,56.87,2147.26,166.57,982.55,37.21,2396.78,158.39,157.34,45.69,2555.29,155.46,224.90,35.43,2315.30,161.84,219.36,209.62,32.32,92.38,188.84,1758.80,3556.17,2.21,152.97,102.45,583.90,3.17,929.66,58.70,484.15
2026-03-27T05:20:00Z,56.93,2138.13,166.86,980.26,37.24,2394.86,,155.89,45.51,2560.42,155.39,208.52,35.79,2314.49,162.03,214.16,209.38,30.24,92.33,189.52,1759.10,3559.27,2.56,148.87,102.32,580.07,3.10,929.66,58.86,487.53
2026-03-27T05:30:00Z,56.67,2149.40,166.92,979.10,37.21,2387.28,158.46,167.66,45.22,2562.71,155.51,209.08,35.71,2303.58,161.79,233.64,205.88,31.00,91.32,183.17,1752.99,3549.83,2.42,150.49,99.91,575.89,2.89,928.52,58.53,478.36
2026-03-27T05:40:00Z,56.60,2164.65,166.22,963.33,37.13,2398.60,158.94,172.54,45.63,2563.68,154.75,201.98,35.66,2299.15,162.13,220.04,207.20,30.51,91.84,187.41,1763.13,3547.60,2.41,150.44,96.82,573.03,2.94,930.55,60.32,473.59
2026-03-27T05:50:00Z,56.21,2166.59,166.64,946.94,36.51,2403.33,158.92,146.71,45.34,2572.08,154.47,184.87,35.50,2309.64,162.38,221.90,202.75,30.00,91.76,184.55,1765.31,3548.50,2.86,150.95,96.38,579.14,3.00,933.71,60.43,475.23
2026-03-27T06:00:00Z,55.96,2167.02,166.32,938.64,36.68,2408.62,158.84,157.91,45.54,2564.28,154.73,206.31,35.41,2307.39,162.12,213.56,203.71,31.51,92.03,182.90,1758.31,3549.06,2.76,149.73,96.09,565.96,3.15,928.52,60.65,471.94
2026-03-27T06:10:00Z,56.43,2171.63,166.58,938.92,36.35,2421.35,159.35,154.50,45.47,2572.11,153.84,201.96,35.38,2300.07,161.83,222.17,202.02,31.12,92.38,183.74,1756.81,3553.98,2.38,149.65,94.31,571.53,2.81,931.50,60.66,479.63
2026-03-27T06:20:00Z,56.27,2187.75,166.22,939.23,36.14,2424.38,158.93,146.89,45.35,2573.57,153.92,200.59,35.33,2310.81,161.94,219.64,207.19,30.75,92.68,187.55,1749.44,3547.22,2.62,150.24,101.02,576.11,2.92,925.15,59.53,469.39
2026-03-27T06:30:00Z,56.18,2174.88,166.42,930.79,36.33,2406.53,159.31,152.09,44.86,2585.84,154.22,186.77,35.39,2308.67,162.43,239.83,204.71,30.59,92.06,190.46,1773.43,3545.06,2.51,148.56,96.03,571.08,2.74,933.98,58.21,480.90
2026-03-27T06:40:00Z,56.03,2171.33,167.03,933.37,35.99,2419.69,159.50,137.92,45.15,2564.41,154.88,183.50,35.49,2316.25,162.34,236.45,203.04,29.36,92.96,181.65,1759.71,3552.81,2.35,149.79,95.74,568.36,2.82,930.30,58.22,469.69
2026-03-27T06:50:00Z,56.39,2168.83,166.59,924.05,35.49,2433.99,158.55,126.50,45.06,2566.96,154.57,185.30,35.95,2303.86,162.86,241.82,197.06,30.78,92.30,176.03,1745.73,3555.97,2.61,148.83,95.36,569.43,2.84,922.70,57.90,469.32
2026-03-27T07:00:00Z,55.96,2166.68,165.75,930.00,35.66,2428.00,158.13,132.92,45.56,2564.56,154.83,182.92,35.80,2304.09,162.02,232.86,201.89,30.46,92.39,181.01,1757.13,3547.79,2.64,148.07,95.49,578.76,3.01,927.20,57.13,481.98
2026-03-27T07:10:00Z,56.10,2169.41,165.19,924.14,35.37,2435.34,157.34,100.92,45.39,2567.83,154.52,191.72,35.77,2307.10,162.61,233.94,201.34,32.55,92.98,179.62,1750.99,3541.12,2.26,148.49,96.75,570.17,2.70,925.95,58.03,471.01
2026-03-27T07:20:00Z,56.41,2168.16,165.99,931.76,35.54,2439.55,157.05,87.76,45.31,2554.81,154.79,204.05,35.85,2303.64,161.81,220.48,198.24,30.16,92.53,178.88,1750.86,3558.21,2.61,150.87,92.19,569.77,3.04,928.21,58.29,477.31
2026-03-27T07:30:00Z,56.33,2153.83,166.40,955.87,35.36,2434.71,157.37,105.69,45.41,2564.48,154.78,197.71,35.97,2295.55,161.95,236.84,199.31,30.95,92.48,180.07,1753.59,3538.25,2.55,150.86,92.31,562.43,3.10,925.30,58.41,484.27
2026-03-27T07:40:00Z,55.84,2163.01,165.77,949.14,35.56,2432.04,158.07,103.29,45.74,2556.78,154.48,212.24,36.33,2293.70,163.17,228.86,196.64,31.08,93.26,177.71,1753.96,3548.79,2.72,148.75,90.52,566.74,2.55,923.07,59.21,475.37
2026-03-27T07:50:00Z,55.82,2186.81,166.40,936.61,36.16,2427.42,157.74,126.73,45.87,2548.09,155.00,203.69,35.88,2294.94,162.80,231.86,194.82,30.49,92.82,175.32,1751.01,3555.64,2.49,150.18,92.22,562.48,3.10,918.85,59.56,483.28
2026-03-27T08:00:00Z,55.55,2189.11,166.29,931.97,36.20,2416.93,158.40,136.88,46.13,2551.49,154.97,220.65,35.98,2291.19,162.68,235.31,200.49,31.40,92.65,180.27,1759.77,3570.09,2.63,148.01,95.60,568.78,3.20,933.20,58.79,468.89
2026-03-27T08:10:00Z,55.37,2182.88,165.73,926.58,36.21,2409.45,158.41,149.11,45.80,2555.19,154.32,224.58,35.96,2299.15,161.69,243.98,201.19,33.15,92.66,179.70,1757.99,3553.83,2.54,149.97,95.13,572.30,3.11,922.43,58.19,481.20
2026-03-27T08:20:00Z,55.58,2177.53,165.56,920.41,35.89,2429.02,159.00,136.75,45.92,2550.97,155.24,230.61,35.81,2294.18,161.23,228.83,203.66,32.88,91.95,187.80,1766.59,3543.28,2.72,148.09,98.00,568.27,2.90,930.83,58.22,473.88
2026-03-27T08:30:00Z,55.58,2174.95,164.58,930.03,36.12,2421.31,159.23,129.58,45.86,2548.81,155.00,224.44,36.29,2299.29,161.16,240.86,201.83,30.63,92.10,180.00,1753.37,3554.55,2.80,150.31,98.44,583.26,2.80,926.36,59.67,483.19
2026-03-27T08:40:00Z,55.56,2181.96,164.71,917.09,36.42,2409.94,158.87,139.05,45.30,2551.94,154.99,223.56,36.60,2286.63,161.83,248.13,200.33,30.30,92.53,182.40,1752.74,3549.26,2.72,148.72,94.48,572.90,3.29,930.49,60.17,481.95
2026-03-27T08:50:00Z,55.71,2183.55,164.36,925.82,36.27,2410.60,157.86,149.15,45.22,2575.65,155.27,210.50,36.74,2288.78,161.46,253.53,201.51,31.79,92.09,179.08,1761.23,3546.25,2.43,148.31,95.18,566.37,3.03,928.35,60.89,479.95
2026-03-27T09:00:00Z,55.46,2193.93,165.72,914.58,36.29,2414.32,157.88,153.86,45.27,2566.35,154.78,222.68,36.99,2274.18,161.98,259.52,203.79,32.10,91.99,180.54,1755.54,3558.67,2.21,150.68,96.20,567.27,2.86,927.67,60.73,475.62
2026-03-27T09:10:00Z,55.40,2186.56,165.58,916.66,36.28,2405.05,159.37,161.32,44.85,2571.72,154.60,212.05,37.32,2262.48,162.68,265.27,203.07,32.38,91.94,185.20,1765.61,3562.99,2.64,150.41,97.99,571.09,2.74,933.04,59.21,479.35
2026-03-27T09:20:00Z,55.33,2187.29,165.45,914.58,36.03,2422.25,159.58,155.18,45.12,2559.98,154.92,209.50,37.27,2268.66,163.05,265.31,204.97,31.69,92.55,184.10,1761.82,3556.18,2.74,149.09,95.01,570.33,2.90,920.83,58.86,480.53
2026-03-27T09:30:00Z,55.13,2195.41,164.90,913.56,35.93,2428.12,158.72,141.10,44.99,2572.36,155.41,192.11,37.10,2275.29,162.46,265.97,205.39,30.07,92.27,188.37,1759.99,3539.58,2.49,148.29,97.18,577.44,3.01,927.49,59.67,485.88
2026-03-27T09:40:00Z,54.96,2190.97,164.45,906.14,35.70,2433.49,158.86,135.14,44.46,2573.37,154.56,187.77,37.17,2271.35,161.95,261.63,203.98,28.61,92.17,184.32,1753.61,3554.17,2.44,149.57,96.33,574.94,2.76,924.71,59.49,469.92
2026-03-27T09:50:00Z,54.76,2200.54,164.59,894.51,36.10,2426.45,158.94,145.67,44.56,2571.99,154.55,192.57,37.21,2262.59,163.17,280.32,198.44,29.32,92.37,173.54,1761.37,3563.08,2.76,149.86,95.06,575.21,2.47,928.38,59.61,464.36
2026-03-27T10:00:00Z,54.74,2202.97,164.33,887.90,36.23,2420.66,158.09,148.10,44.65,2575.99,154.39,193.01,37.26,2265.10,162.94,280.62,206.40,30.41,92.08,185.20,1766.60,3554.93,2.37,150.97,96.30,568.61,3.42,928.61,58.96,477.88
2026-03-27T10:10:00Z,54.90,2200.29,165.13,893.90,35.45,2427.27,158.70,140.41,45.08,2577.95,154.72,182.56,37.21,2261.19,163.50,278.98,202.04,29.28,92.65,184.29,1767.38,3540.98,2.63,148.75,95.74,568.07,2.73,934.82,59.06,472.86
2026-03-27T10:20:00Z,55.18,2201.44,165.43,899.08,35.38,2433.96,158.75,128.42,45.02,2577.46,154.78,190.45,37.03,2267.28,163.19,286.24,198.01,30.46,92.38,178.88,1760.24,3558.81,2.75,147.58,92.72,565.51,2.72,931.95,59.90,472.68
2026-03-27T10:30:00Z,55.47,2195.10,164.81,905.72,35.59,2435.42,158.77,104.82,45.39,2573.86,154.40,206.57,36.86,2271.80,163.39,288.19,203.51,30.21,93.03,183.97,1756.26,3542.85,2.50,147.72,96.70,571.85,2.85,926.25,60.18,463.28
2026-03-27T10:40:00Z,55.78,2193.15,165.34,915.45,35.83,2445.52,158.40,109.62,45.20,2571.14,154.66,201.22,36.77,2272.52,163.29,280.53,205.72,30.46,92.20,184.42,1769.75,3556.15,2.47,149.00,96.63,580.87,2.92,935.25,60.20,487.22
2026-03-27T10:50:00Z,55.90,2185.20,165.22,925.51,36.04,2429.24,158.98,108.03,44.67,2583.44,154.46,178.30,37.02,2272.72,163.19,292.29,206.08,31.72,92.09,182.14,1770.34,3554.42,2.69,149.55,97.24,573.35,2.88,941.70,60.99,473.09
2026-03-27T11:00:00Z,55.93,2185.44,165.56,914.88,36.15,2416.94,158.58,116.34,44.77,2578.80,154.59,167.50,36.95,2268.46,163.32,277.98,200.23,29.82,91.53,179.14,1766.20,3554.66,2.19,149.15,94.65,578.78,2.97,930.10,60.18,485.05
2026-03-27T11:10:00Z,56.05,2179.64,166.01,922.16,36.38,2423.25,157.89,105.91,44.91,2578.76,154.28,166.22,36.79,2279.03,163.21,265.60,202.71,30.29,92.00,180.74,1766.98,3554.77,2.58,150.34,98.89,572.19,3.07,930.73,59.64,469.99
2026-03-27T11:20:00Z,55.88,2175.14,165.93,935.57,36.47,2412.11,158.69,124.76,44.59,2583.74,154.49,171.11,36.58,2283.65,162.18,269.49,204.96,29.50,91.98,180.28,1755.01,3552.27,2.43,150.46,97.25,576.92,3.11,931.84,59.40,477.44
2026-03-27T11:30:00Z,55.92,2178.77,165.73,938.58,36.07,2413.39,158.39,126.97,44.56,2574.68,154.01,171.19,36.07,2293.63,161.78,256.72,206.81,29.33,91.16,189.44,1764.99,3547.22,2.66,150.48,97.80,573.47,2.95,939.25,60.89,474.01
2026-03-27T11:40:00Z,55.94,2184.48,165.38,930.05,35.96,2415.03,158.51,115.73,44.42,2587.30,154.93,185.69,36.06,2295.35,162.08,250.16,202.47,30.12,91.74,182.89,1766.99,3551.84,2.66,150.76,94.95,569.81,3.17,930.02,60.09,485.07
2026-03-27T11:50:00Z,56.20,2170.16,165.65,923.07,35.99,2410.31,158.65,121.87,44.58,2570.58,154.98,194.07,35.59,2308.88,162.20,232.40,200.59,32.09,91.74,182.49,1769.49,3555.56,2.40,149.90,96.41,569.04,2.87,940.56,59.60,484.60
2026-03-27T12:00:00Z,55.66,2174.69,165.15,923.63,35.95,2401.68,158.30,144.20,44.53,2572.71,154.99,180.58,35.55,2310.53,162.28,236.21,200.31,32.38,91.24,179.18,1762.72,3555.43,2.40,149.50,97.52,564.66,3.32,932.90,59.77,463.15
2026-03-27T12:10:00Z,55.59,2177.35,164.79,933.76,36.01,2407.76,158.78,145.41,44.64,2560.57,154.53,186.88,35.54,2301.89,161.35,223.71,198.22,34.06,91.72,178.62,1760.31,3546.71,2.52,150.70,92.57,563.47,3.15,933.57,59.74,465.97
2026-03-27T12:20:00Z,55.65,2184.27,165.16,932.90,35.63,2422.64,158.31,136.63,44.23,2578.25,154.79,165.90,35.33,2312.31,161.39,215.74,194.46,32.98,92.32,179.06,1752.67,3559.18,2.46,149.60,91.97,577.46,2.66,923.98,58.98,470.30
2026-03-27T12:30:00Z,56.63,2167.75,166.28,946.44,35.93,2427.03,158.77,134.85,44.20,2589.25,155.02,164.65,35.60,2314.77,162.12,221.40,198.09,29.71,92.61,177.40,1748.46,3543.44,2.69,149.22,92.75,564.83,3.15,925.24,60.72,466.94
2026-03-27T12:40:00Z,56.75,2172.01,166.44,954.78,36.19,2419.72,158.62,127.26,44.19,2592.91,154.22,161.40,35.72,2308.56,162.30,217.71,200.90,30.14,92.61,181.04,1753.87,3540.09,2.54,147.82,95.35,568.62,3.63,923.93,59.72,475.09
2026-03-27T12:50:00Z,56.75,2160.83,166.54,959.88,35.66,2426.17,158.32,122.20,44.53,2587.66,154.27,168.95,36.00,2312.21,162.12,227.10,204.15,30.91,91.72,185.60,1767.04,3562.89,2.73,149.29,96.40,575.52,3.02,932.49,59.65,468.37
2026-03-27T13:00:00Z,56.55,2165.70,166.11,965.17,35.27,2448.96,158.29,97.05,44.70,2580.26,154.28,180.27,36.20,2311.16,162.20,225.98,204.12,30.67,91.56,182.00,1755.66,3542.32,2.49,147.53,99.61,576.70,3.29,933.56,58.95,482.54
2026-03-27T13:10:00Z,56.75,2159.01,165.82,954.78,34.94,2461.08,158.51,83.84,44.25,2593.82,154.27,168.73,36.39,2311.69,162.20,240.94,197.28,30.05,92.15,176.15,1754.14,3548.65,2.68,150.21,93.92,570.05,3.22,923.87,59.07,480.39
2026-03-27T13:20:00Z,56.73,2162.75,165.20,958.48,35.20,2462.26,158.45,102.93,44.24,2586.33,153.69,154.35,36.61,2303.96,161.90,237.70,197.96,30.25,92.31,181.34,1760.30,3565.85,2.65,151.82,93.44,561.21,3.08,927.93,59.66,475.77
2026-03-27T13:30:00Z,56.57,2154.81,165.35,947.43,35.20,2455.19,158.20,106.19,44.36,2586.95,153.52,165.05,36.71,2280.75,162.36,255.20,199.84,32.36,92.26,176.90,1756.93,3555.79,2.84,147.89,94.54,571.19,3.12,921.96,59.52,471.68
2026-03-27T13:40:00Z,56.46,2155.42,165.46,940.60,35.30,2444.18,158.12,111.44,43.94,2607.77,153.65,165.33,36.69,2277.65,162.79,265.85,204.65,30.35,91.68,186.24,1757.35,3550.52,2.43,151.23,99.30,576.83,2.98,924.96,60.34,478.11
2026-03-27T13:50:00Z,56.81,2163.11,166.00,955.14,35.33,2447.26,157.70,92.26,44.30,2598.33,155.03,171.73,37.09,2276.64,162.40,258.57,202.85,28.78,91.50,182.68,1761.78,3546.51,2.59,148.82,96.24,565.05,2.82,933.98,59.02,474.42
2026-03-27T14:00:00Z,57.18,2151.03,165.30,956.83,34.95,2450.81,158.58,77.96,44.79,2593.44,154.94,158.72,36.93,2266.70,162.38,277.25,200.16,29.81,91.50,181.57,1760.65,3557.07,2.46,148.72,97.11,573.53,2.98,931.36,57.28,474.58
2026-03-27T14:10:00Z,57.07,2149.15,165.90,960.73,35.12,2455.80,157.67,83.70,44.84,2583.51,154.33,158.09,36.82,2272.36,162.41,277.93,204.78,30.34,92.10,183.72,1768.06,3553.32,2.33,151.34,95.66,571.98,3.10,939.63,58.63,476.54
2026-03-27T14:20:00Z,57.11,2152.25,166.16,954.80,35.45,2450.11,157.66,88.59,45.19,2573.08,153.90,176.13,37.16,2278.23,162.81,282.36,205.10,31.21,92.36,182.72,1759.24,3542.98,2.36,147.93,97.73,579.13,3.14,927.35,58.62,477.14
2026-03-27T14:30:00Z,57.14,2137.69,165.92,969.68,34.95,2458.41,157.02,99.48,45.15,2559.52,154.09,191.57,37.19,2269.15,162.92,269.52,201.18,29.91,92.33,182.26,1773.20,3549.21,2.46,148.84,94.11,565.35,2.82,932.85,58.72,465.76
2026-03-27T14:40:00Z,56.93,2148.09,166.20,968.42,35.02,2455.36,157.71,100.27,45.08,2564.44,154.71,179.34,37.06,2274.52,161.85,279.18,206.23,30.58,92.89,185.47,1770.39,3562.16,2.45,149.87,100.60,576.26,2.96,940.00,58.77,492.81
2026-03-27T14:50:00Z,56.70,2145.27,166.77,967.13,34.97,2450.59,157.44,84.51,45.13,2576.48,154.68,188.11,37.16,2263.25,162.68,272.26,198.05,31.58,92.37,179.42,1769.55,3539.12,2.40,148.74,92.78,557.40,2.99,935.87,56.88,465.14
2026-03-27T15:00:00Z,56.65,2162.56,165.30,957.90,34.84,2452.57,157.61,91.18,45.07,2578.56,154.61,184.86,37.37,2265.40,163.37,298.56,201.61,28.70,92.20,181.42,1752.43,3562.11,2.61,150.72,97.95,573.12,3.08,923.79,57.64,478.45
2026-03-27T15:10:00Z,56.80,2165.48,166.56,947.11,34.68,2454.46,157.38,84.13,44.93,2574.84,155.04,175.84,36.72,2277.81,162.90,295.59,200.98,30.62,92.12,176.90,1763.03,3548.10,2.40,148.14,93.67,567.07,2.93,937.18,56.97,476.27
2026-03-27T15:20:00Z,56.69,2156.73,166.14,948.33,34.90,2455.34,157.25,84.25,45.21,2573.27,154.20,190.22,36.66,2273.91,163.27,282.51,205.40,29.10,92.38,184.92,1770.71,3546.14,2.31,148.17,96.22,573.44,2.89,937.47,57.58,488.80
2026-03-27T15:30:00Z,57.05,2152.91,165.29,965.37,34.74,2449.83,157.85,85.62,45.40,2569.78,153.83,194.55,36.60,2278.94,161.97,260.20,204.99,30.02,92.41,182.02,1756.82,3549.85,2.55,150.08,95.97,575.68,2.90,936.13,59.21,486.13
2026-03-27T15:40:00Z,57.11,2141.10,166.27,984.08,34.54,2453.27,157.50,87.72,45.28,2560.06,154.30,212.83,36.75,2284.06,161.56,257.50,206.05,31.34,91.98,186.76,1764.27,3553.83,2.85,148.08,97.49,574.86,3.20,934.94,59.90,470.17
2026-03-27T15:50:00Z,56.68,2144.12,166.09,971.25,34.54,2450.22,158.28,94.89,45.22,2567.63,154.82,206.43,36.75,2278.11,162.21,274.52,200.30,31.22,92.87,176.84,1754.14,3544.38,2.49,149.35,97.06,573.69,2.94,919.92,59.92,479.96
2026-03-27T16:00:00Z,57.28,2151.02,166.35,964.14,34.33,2465.03,158.03,76.84,45.69,2558.99,155.03,211.63,36.60,2288.13,162.37,281.83,205.35,31.01,92.58,185.53,1764.06,3555.54,2.63,150.34,98.52,577.73,2.93,940.91,58.69,483.06
2026-03-27T16:10:00Z,57.74,2140.46,166.14,974.73,34.50,2463.53,157.74,83.61,45.39,2566.78,154.66,191.83,36.79,2283.26,163.14,273.25,202.24,31.78,93.01,182.92,1768.68,3537.92,2.50,148.97,95.43,576.88,3.18,934.74,59.59,470.95
2026-03-27T16:20:00Z,57.85,2136.72,166.23,985.98,34.43,2468.48,157.59,76.78,45.60,2572.42,154.11,188.07,36.49,2279.48,162.28,248.57,205.56,29.43,91.27,184.40,1760.05,3547.93,2.46,147.14,98.96,571.73,3.04,926.00,57.81,478.32
2026-03-27T16:30:00Z,57.44,2127.99,166.82,995.42,34.72,2467.81,157.79,74.37,45.36,2568.97,154.45,202.64,36.71,2277.48,162.30,259.43,205.66,31.26,91.79,184.27,1757.16,3537.01,2.31,149.09,94.21,562.87,3.05,934.32,58.61,479.46
2026-03-27T16:40:00Z,57.63,2124.43,167.14,995.51,34.57,2474.68,157.58,60.12,45.31,2568.57,154.70,202.63,36.56,2283.00,162.83,251.90,209.37,27.26,91.81,188.66,1764.64,3558.44,2.38,151.09,98.41,575.97,2.88,932.61,58.20,478.52
2026-03-27T16:50:00Z,57.78,2126.93,166.36,1003.04,34.40,2470.09,157.25,64.14,45.48,2574.64,154.79,200.62,36.36,2295.44,162.60,253.22,202.66,29.56,92.99,184.36,1760.98,3557.83,2.60,149.52,98.52,571.26,2.99,930.33,58.35,477.98
2026-03-27T17:00:00Z,58.51,2126.14,166.72,1003.00,34.13,2469.78,157.32,61.60,45.46,2561.05,154.94,198.74,36.44,2268.74,163.15,267.44,203.00,29.44,92.92,184.30,1756.34,3541.55,2.46,147.67,96.90,566.87,3.17,927.22,58.65,468.90
2026-03-27T17:10:00Z,57.99,2130.85,167.23,992.16,34.07,2478.45,157.23,63.22,45.61,2554.69,154.40,189.35,36.20,2284.34,163.12,271.86,201.11,28.94,92.65,182.70,1761.16,3546.00,2.65,149.62,98.10,573.66,2.84,933.71,59.01,468.91
2026-03-27T17:20:00Z,57.96,2125.23,167.17,993.96,33.71,2474.68,157.13,56.87,45.35,2561.36,154.56,208.44,36.00,2281.81,162.96,249.50,199.53,30.87,92.23,180.07,1757.97,3551.35,2.36,150.78,94.92,568.10,3.18,932.29,59.24,478.33
2026-03-27T17:30:00Z,57.51,2127.41,167.12,1001.00,33.80,2484.20,157.58,55.16,45.25,2565.97,154.93,197.74,36.17,2293.40,162.53,249.23,201.84,31.46,92.06,179.96,1759.71,3544.68,1.93,148.83,99.02,570.29,2.79,927.39,59.14,473.33
2026-03-27T17:40:00Z,57.71,2137.24,166.93,1001.88,33.96,2477.59,157.65,50.89,44.97,2570.72,154.25,189.31,36.13,2306.40,161.50,248.13,206.57,31.34,92.29,188.27,1765.64,3542.58,2.32,150.13,95.94,567.72,2.79,931.58,60.05,466.57
2026-03-27T17:50:00Z,57.69,2134.36,166.96,1005.13,33.92,2474.77,157.15,44.95,44.88,2571.37,154.68,178.27,36.65,2293.65,161.94,228.77,204.00,30.99,93.04,180.08,1760.13,3550.87,2.60,150.03,99.24,567.27,2.86,931.55,58.37,477.10
2026-03-27T18:00:00Z,57.47,2144.02,167.01,1003.53,33.90,2468.77,156.59,49.69,44.74,2566.98,154.19,176.41,36.08,2299.57,161.94,230.97,201.78,32.14,92.82,179.32,1763.84,3541.11,2.32,148.36,96.14,574.94,3.04,944.06,57.53,486.50
2026-03-27T18:10:00Z,57.80,2125.30,166.60,994.56,33.73,2471.89,157.80,54.95,44.40,2586.13,154.71,172.89,35.80,2300.98,161.81,230.17,199.44,31.09,92.58,182.81,1754.40,3526.52,2.42,149.05,95.37,573.15,2.52,925.82,58.91,478.35
2026-03-27T18:20:00Z,57.83,2129.83,166.94,980.58,33.64,2479.62,157.33,55.03,44.03,2590.89,154.26,162.17,35.97,2308.73,161.88,241.47,201.22,29.86,92.96,178.79,1760.53,3561.59,2.55,149.88,97.24,571.21,3.55,927.08,58.67,486.92
2026-03-27T18:30:00Z,57.84,2132.94,166.61,997.52,34.19,2468.10,157.32,47.99,43.73,2606.80,153.84,154.67,36.10,2311.01,161.76,233.36,201.14,29.01,92.33,180.52,1753.27,3549.89,2.41,148.67,96.28,571.51,2.94,929.28,58.43,476.63
2026-03-27T18:40:00Z,57.30,2128.64,166.68,1001.38,34.12,2467.42,157.41,52.24,43.98,2609.45,153.70,151.02,36.31,2307.67,161.20,220.29,198.35,29.23,91.18,181.25,1762.25,3545.92,2.61,150.15,94.58,568.15,3.09,933.16,58.16,470.41
2026-03-27T18:50:00Z,57.13,2134.29,167.30,987.18,34.41,2466.80,157.38,49.35,43.80,2613.84,155.02,154.52,36.27,2304.72,161.27,223.96,197.49,29.35,91.65,176.90,1748.27,3550.57,2.51,148.55,90.19,567.35,3.32,922.02,58.32,466.81
2026-03-27T19:00:00Z,57.30,2136.14,166.54,988.23,34.58,2478.78,157.24,71.63,43.61,2618.27,154.08,165.48,35.98,2303.50,161.09,238.25,198.19,28.24,92.22,177.83,1752.79,3547.08,2.52,149.86,95.08,576.44,3.14,925.31,59.09,491.31
2026-03-27T19:10:00Z,57.27,2140.07,166.46,989.62,34.69,2470.92,157.97,68.15,43.61,2612.50,154.04,156.18,36.22,2297.81,161.98,237.20,202.83,27.67,92.90,183.36,1760.15,3533.20,2.80,148.23,96.40,568.43,2.81,934.51,58.78,474.31
2026-03-27T19:20:00Z,57.15,2132.66,165.83,989.44,34.50,2466.19,158.03,67.76,43.40,2625.67,152.84,125.68,36.47,2302.05,162.36,231.41,200.01,29.85,92.38,180.79,1761.57,3541.21,2.86,150.87,97.13,572.18,3.39,931.23,58.30,477.02
2026-03-27T19:30:00Z,57.17,2139.10,166.89,992.91,34.90,2452.40,158.76,85.92,43.15,2630.61,152.46,118.34,36.38,2299.41,162.08,239.14,201.47,28.67,92.20,181.84,1753.37,3545.38,2.62,149.28,96.67,572.62,2.67,932.72,58.50,474.19
2026-03-27T19:40:00Z,57.28,2139.86,166.45,1005.76,34.83,2453.87,157.52,100.13,43.24,2622.50,153.75,132.55,36.41,2290.20,162.84,238.70,199.44,29.32,93.01,177.58,1761.79,3553.40,2.44,150.49,92.49,564.19,3.13,928.54,60.23,471.83
2026-03-27T19:50:00Z,57.33,2141.42,166.96,1006.61,34.85,2456.78,157.87,99.33,43.47,2611.09,154.14,134.31,36.38,2294.72,161.60,253.53,199.41,28.46,92.65,177.90,1755.12,3542.19,2.71,150.13,95.46,573.34,3.01,927.13,58.98,475.17
2026-03-27T20:00:00Z,57.23,2137.47,167.08,989.15,35.04,2454.78,157.14,87.02,43.33,2624.64,153.39,127.65,36.64,2294.43,161.26,255.62,206.21,30.87,91.96,183.19,1758.61,3544.58,2.57,149.34,95.81,570.03,2.90,921.99,57.19,471.40
2026-03-27T20:10:00Z,57.33,2137.65,166.26,990.53,34.33,2457.29,157.48,70.77,43.05,2612.76,153.18,133.33,36.74,2282.26,161.51,254.93,200.47,28.67,91.64,178.99,1760.98,3553.37,2.39,150.32,95.80,568.64,2.97,928.71,56.81,471.64
2026-03-27T20:20:00Z,57.51,2148.70,166.26,984.29,34.53,2459.06,157.10,71.57,42.88,2622.74,153.01,129.38,36.56,2280.89,162.36,243.30,204.40,29.14,91.88,182.97,1763.42,3550.25,2.55,148.59,97.50,571.71,3.12,928.02,58.14,469.61
2026-03-27T20:30:00Z,57.33,2156.58,165.84,965.25,34.33,2462.87,157.20,79.18,42.69,2628.81,152.29,112.73,36.38,2286.39,161.74,245.74,203.04,28.18,92.25,181.59,1765.40,3558.11,2.53,149.43,97.09,570.46,3.10,937.47,58.20,479.71
2026-03-27T20:40:00Z,57.13,2142.82,165.82,954.51,34.93,2456.94,158.58,84.20,43.18,2635.83,152.52,100.53,36.65,2283.67,161.29,243.21,197.09,28.91,91.77,179.47,1755.91,3562.34,2.55,150.95,95.10,566.37,3.16,918.79,58.20,473.87
2026-03-27T20:50:00Z,56.59,2144.88,165.54,962.58,34.97,2459.91,158.16,81.04,43.57,2623.82,152.89,118.04,36.70,2285.93,161.41,247.29,195.57,31.01,91.98,175.69,1760.15,3552.23,2.61,148.74,92.33,564.11,2.92,938.41,59.02,472.17
2026-03-27T21:00:00Z,56.23,2155.22,165.84,947.28,34.63,2463.24,158.02,86.65,43.48,2614.53,154.02,137.55,36.88,2285.66,162.02,262.27,198.06,30.43,92.14,179.05,1758.31,3555.42,2.39,150.41,91.35,570.46,3.05,931.78,59.18,469.09
2026-03-27T21:10:00Z,56.60,2157.54,165.87,955.69,34.46,2472.87,158.08,87.87,43.84,2607.41,154.19,142.62,36.48,2290.84,162.28,256.20,196.76,29.23,92.72,175.10,1758.71,3561.39,2.34,148.51,95.14,569.34,2.78,922.27,58.88,470.20
2026-03-27T21:20:00Z,56.59,2158.88,165.62,948.65,34.69,2460.86,158.14,83.67,43.77,2601.81,153.44,145.49,36.28,2285.13,161.68,270.57,199.28,28.35,92.16,180.02,1751.09,3546.01,2.53,150.44,92.29,566.49,2.87,926.16,58.85,474.25
2026-03-27T21:30:00Z,56.66,2158.22,165.15,953.82,34.86,2455.39,158.46,106.47,43.73,2609.61,153.02,150.06,36.55,2273.44,161.68,262.88,201.59,29.88,91.99,179.24,1754.05,3546.34,2.53,149.50,93.97,573.65,3.06,931.48,59.94,473.98
2026-03-27T21:40:00Z,56.87,2156.18,166.64,967.56,35.17,2454.67,158.52,100.63,43.87,2611.28,153.72,140.38,36.41,2275.47,161.48,269.16,201.34,29.06,92.06,183.05,1765.23,3548.69,2.62,148.48,97.15,564.28,2.68,929.31,59.15,477.95
2026-03-27T21:50:00Z,56.75,2162.70,166.24,953.66,35.22,2445.87,158.13,102.03,43.92,2600.60,153.39,144.96,36.53,2288.69,161.86,260.35,196.06,30.48,91.88,176.03,1758.34,3542.81,2.52,147.67,93.18,573.37,3.03,931.07,60.04,475.75
2026-03-27T22:00:00Z,56.76,2154.18,166.37,954.27,35.70,2442.85,157.99,108.41,43.60,2604.28,153.32,147.40,36.22,2296.98,162.59,263.52,201.36,31.10,91.82,182.02,1759.98,3557.19,2.42,150.77,95.70,577.20,2.97,938.12,59.14,480.00
2026-03-27T22:10:00Z,56.82,2143.97,166.19,948.03,35.69,2432.12,158.38,120.79,43.60,2608.71,153.66,134.08,36.24,2305.76,161.86,248.10,198.21,30.29,92.45,179.45,1752.42,3548.89,2.47,148.95,92.09,566.58,2.90,919.89,58.12,469.07
2026-03-27T22:20:00Z,56.73,2150.03,166.13,956.17,35.68,2430.46,158.91,130.77,43.92,2609.02,153.02,151.30,36.38,2286.79,161.88,246.45,204.23,31.28,91.65,185.31,1761.14,3544.63,2.61,147.05,96.12,568.13,2.67,933.57,58.61,471.20
2026-03-27T22:30:00Z,56.67,2165.48,166.25,950.09,35.70,2434.19,159.04,136.74,43.61,2620.93,153.05,150.66,36.45,2279.44,162.73,258.56,201.35,29.23,91.53,181.03,1766.14,3573.73,2.45,151.41,98.63,575.98,3.12,935.18,59.79,475.78
2026-03-27T22:40:00Z,56.48,2174.76,165.87,937.35,35.48,2432.48,159.29,134.76,43.81,2615.90,153.86,138.97,36.23,2294.03,162.84,250.77,204.82,28.25,92.07,185.63,1755.94,3545.20,2.30,148.24,97.79,585.15,2.74,930.16,59.60,484.89
2026-03-27T22:50:00Z,56.37,2178.28,165.92,938.77,35.65,2427.72,158.67,123.07,43.66,2612.82,153.10,152.62,36.09,2294.59,163.02,255.42,201.74,30.30,92.83,181.21,1756.77,3548.69,2.58,147.88,96.10,574.01,2.49,925.28,59.58,474.50
2026-03-27T23:00:00Z,56.27,2157.73,165.73,952.33,35.93,2430.92,158.35,117.29,43.65,2609.28,152.89,142.83,36.14,2305.97,162.90,242.44,200.06,30.50,91.08,182.21,1755.12,3544.74,2.39,151.93,93.73,566.47,2.90,928.53,59.37,468.66
2026-03-27T23:10:00Z,55.89,2166.38,165.93,939.95,36.19,2416.87,159.45,123.94,43.78,2606.32,153.65,152.33,36.34,2292.20,162.68,256.49,208.37,31.43,90.91,185.63,1762.51,3537.61,2.63,149.78,99.36,572.59,3.24,937.38,59.19,475.06
2026-03-27T23:20:00Z,55.50,2179.34,166.24,939.41,36.57,2405.39,159.13,128.07,43.95,2618.94,153.44,146.55,35.88,2299.22,161.96,226.32,197.30,31.82,90.92,177.41,1754.56,3561.99,2.50,150.32,93.26,571.81,2.75,920.63,60.53,472.79
2026-03-27T23:30:00Z,55.59,2189.14,165.78,922.53,36.28,2408.71,158.12,140.42,44.20,2602.74,154.25,152.85,35.76,2289.34,161.38,229.40,196.30,30.41,92.21,174.16,1756.30,3544.15,2.60,150.26,91.28,566.23,3.14,930.72,58.15,471.05
2026-03-27T23:40:00Z,55.89,2179.55,166.22,929.28,36.54,2390.15,158.40,152.35,44.42,2594.33,153.70,157.78,35.93,2295.72,160.96,230.31,199.54,29.30,91.79,177.67,1754.48,3555.21,2.55,148.78,92.20,562.16,3.25,929.37,59.75,473.56
2026-03-27T23:50:00Z,55.74,2180.20,166.20,921.71,36.55,2394.20,159.37,165.85,44.64,2589.59,153.74,163.02,35.85,2294.57,161.45,229.43,199.15,30.45,91.44,178.41,1755.06,3551.24,2.55,148.95,95.69,571.75,3.27,924.24,57.83,477.09
2026-03-28T00:00:00Z,55.98,2172.56,165.92,931.05,36.40,2406.14,159.08,152.38,44.64,2588.31,153.48,180.25,35.74,2308.08,162.09,245.73,198.15,32.20,92.37,176.04,1762.46,3553.93,2.62,149.12,93.44,568.42,3.06,920.09,60.24,473.27
2026-03-28T00:10:00Z,55.80,2180.36,165.76,932.56,36.73,2410.47,158.88,146.53,44.50,2584.32,153.64,166.07,36.21,2292.04,161.99,239.51,195.43,31.52,92.07,176.55,1755.86,3552.66,2.40,148.91,92.77,560.16,2.80,926.13,60.34,481.18
2026-03-28T00:20:00Z,55.63,2179.48,165.51,925.90,37.37,2403.83,158.43,160.73,44.61,2583.82,153.82,170.17,36.05,2295.49,161.64,224.73,196.98,34.25,92.74,178.26,1765.42,3560.51,2.27,148.20,96.81,568.32,3.00,937.17,60.78,467.98
2026-03-28T00:30:00Z,55.68,2187.26,165.44,926.66,37.44,2386.66,158.82,185.55,44.71,2583.59,154.07,162.76,36.17,2293.79,162.47,226.85,203.91,29.93,91.82,182.46,1759.18,3545.28,2.38,150.43,97.05,568.97,3.30,924.08,61.21,472.36
2026-03-28T00:40:00Z,55.77,2177.45,165.46,928.46,37.12,2388.24,159.17,187.72,44.99,2579.05,153.97,172.06,36.02,2295.73,161.93,230.44,204.88,28.31,92.02,188.28,1766.83,3564.07,2.55,151.16,97.00,571.00,2.83,938.10,60.86,486.53
2026-03-28T00:50:00Z,56.23,2168.55,165.32,936.60,37.29,2384.04,159.77,168.42,44.96,2571.89,153.45,175.77,36.36,2299.07,162.32,240.36,200.50,27.97,92.83,182.07,1754.44,3541.47,2.53,148.62,94.10,568.40,2.95,938.70,59.54,477.85
2026-03-28T01:00:00Z,56.51,2158.58,165.50,958.82,37.28,2397.60,159.26,174.24,44.88,2572.89,153.74,180.09,36.61,2296.14,162.57,240.55,203.15,30.38,92.19,185.63,1773.48,3544.22,2.46,149.72,94.95,577.35,3.33,934.93,59.04,490.94
2026-03-28T01:10:00Z,56.07,2165.46,165.66,940.33,36.92,2388.74,159.87,176.59,45.06,2572.92,154.06,169.30,36.75,2290.96,162.57,225.50,202.97,30.43,91.85,183.02,1766.84,3560.50,2.72,151.95,97.41,572.33,3.13,936.07,58.98,475.49
2026-03-28T01:20:00Z,56.10,2180.48,165.62,946.30,36.71,2406.19,159.39,162.90,45.13,2577.92,153.34,171.20,36.58,2291.66,161.73,250.52,205.23,32.63,92.01,186.74,1763.06,3554.41,2.42,148.68,97.35,579.18,3.20,932.83,58.93,488.20
2026-03-28T01:30:00Z,55.99,2183.88,166.25,938.59,36.61,2405.64,159.34,158.28,45.11,2568.73,153.92,196.35,36.60,2280.49,161.89,258.47,205.52,32.04,92.04,185.74,1764.53,3548.76,2.50,148.07,101.16,575.87,3.28,929.95,59.20,478.03
2026-03-28T01:40:00Z,55.74,2187.63,165.66,927.80,36.88,2396.67,159.50,161.41,45.26,2566.14,154.99,205.15,36.99,2272.20,162.44,258.70,203.89,30.28,92.20,182.09,1766.77,3549.44,2.68,150.10,97.21,570.74,3.16,933.49,58.62,470.42
2026-03-28T01:50:00Z,55.80,2161.79,165.38,935.00,36.83,2407.02,160.51,154.18,45.39,2561.85,154.98,205.04,36.81,2269.24,161.80,280.07,211.07,31.68,92.56,191.07,1766.94,3548.71,2.73,151.17,98.51,576.18,2.93,928.88,60.71,471.24
2026-03-28T02:00:00Z,56.27,2170.10,165.85,943.05,37.28,2405.54,159.38,157.91,45.60,2563.73,155.06,199.34,36.83,2279.43,162.06,263.38,212.95,30.71,92.99,191.61,1768.45,3550.82,2.59,151.29,100.48,579.77,3.29,934.32,59.59,481.24
2026-03-28T02:10:00Z,56.07,2168.59,165.99,944.26,37.26,2389.28,159.01,168.08,45.61,2556.85,155.81,221.30,36.52,2287.81,161.89,256.01,211.40,31.45,93.33,190.47,1764.59,3559.33,2.42,149.95,101.05,576.47,3.09,934.25,59.07,487.79
2026-03-28T02:20:00Z,56.24,2179.18,165.68,936.73,37.01,2393.73,159.90,169.21,45.99,2555.79,155.33,220.66,37.12,2284.16,162.11,266.20,206.47,31.17,92.51,189.01,1772.85,3549.49,2.46,148.29,94.72,565.64,2.96,932.54,59.69,476.39
2026-03-28T02:30:00Z,56.27,2176.69,165.93,934.66,36.93,2413.67,159.84,154.78,46.07,2550.24,155.28,218.54,37.07,2275.59,163.09,257.73,204.97,29.90,92.25,185.06,1761.47,3556.95,2.54,148.98,100.39,572.46,3.02,928.73,60.33,483.86
2026-03-28T02:40:00Z,56.12,2182.10,165.91,933.64,36.76,2403.53,159.21,158.60,46.00,2543.43,154.68,216.32,37.05,2272.42,163.34,265.63,204.50,32.57,92.21,185.09,1762.20,3553.39,2.58,149.22,97.19,567.96,2.91,926.78,57.63,468.76
2026-03-28T02:50:00Z,56.03,2168.64,165.54,946.17,36.99,2404.12,159.51,156.47,46.13,2545.67,154.71,230.66,36.85,2271.66,162.84,270.93,202.00,34.56,93.27,180.73,1759.26,3553.73,2.58,149.03,94.66,570.80,2.57,916.21,57.63,479.88
2026-03-28T03:00:00Z,56.33,2167.87,165.60,943.37,36.94,2403.08,158.51,157.11,46.28,2538.24,154.36,222.67,36.72,2276.28,163.35,270.10,204.62,33.26,92.12,185.52,1755.57,3542.94,2.41,149.70,95.24,569.02,3.33,923.13,58.19,471.70
2026-03-28T03:10:00Z,55.78,2170.86,166.27,939.09,37.25,2395.00,158.32,169.75,46.43,2531.42,155.03,215.56,36.72,2277.79,163.39,260.37,200.97,33.45,92.16,179.21,1750.68,3560.85,2.67,150.06,91.82,571.58,3.13,920.73,60.41,481.99
2026-03-28T03:20:00Z,56.18,2163.48,166.05,946.90,37.12,2401.48,158.97,160.13,46.30,2547.15,155.04,222.08,36.99,2276.15,162.97,271.38,202.35,34.83,90.92,182.56,1756.20,3559.82,2.48,150.00,97.06,570.89,3.11,925.07,62.10,466.64
2026-03-28T03:30:00Z,55.85,2166.80,166.54,930.00,37.44,2384.88,159.01,186.88,46.45,2530.30,155.23,222.20,37.24,2275.69,163.03,262.95,209.72,33.96,92.37,190.48,1769.37,3555.46,2.62,149.80,99.70,574.17,3.01,938.94,60.68,471.43
2026-03-28T03:40:00Z,56.00,2167.06,165.45,926.54,37.22,2394.79,158.97,183.40,46.40,2544.26,155.28,224.28,37.49,2264.93,162.25,253.78,207.82,33.14,91.44,185.68,1771.22,3548.27,2.60,150.91,99.89,571.14,3.23,929.08,60.36,486.12
2026-03-28T03:50:00Z,55.69,2188.10,165.75,924.41,37.06,2406.89,158.93,173.74,46.05,2552.91,155.43,219.16,37.89,2255.70,162.85,275.08,203.53,34.06,92.28,183.25,1754.33,3560.10,2.29,150.82,95.10,572.58,2.64,926.59,58.96,485.09
2026-03-28T04:00:00Z,55.34,2195.09,165.39,913.26,36.81,2416.15,159.16,154.62,46.22,2544.97,155.24,221.91,37.30,2254.41,162.62,272.32,205.50,31.37,91.85,185.32,1759.95,3547.59,2.45,149.09,98.73,570.32,3.07,935.07,58.65,468.09
2026-03-28T04:10:00Z,55.44,2193.04,164.75,907.25,36.65,2405.46,159.21,153.75,46.21,2545.49,155.57,232.10,37.27,2261.04,162.83,276.51,206.95,33.42,91.68,186.77,1770.63,3555.59,2.55,151.38,99.59,581.69,3.08,938.67,59.27,483.77
2026-03-28T04:20:00Z,55.76,2179.34,165.24,917.54,36.42,2422.66,159.51,143.37,45.53,2553.80,155.13,226.74,36.96,2267.94,162.75,280.41,207.01,33.04,93.11,184.49,1757.66,3528.26,2.55,150.64,98.58,580.76,2.74,924.93,59.04,482.36
2026-03-28T04:30:00Z,55.43,2185.64,165.69,903.80,36.34,2422.77,159.55,133.63,45.22,2557.72,155.01,199.62,37.17,2265.96,162.24,270.25,201.52,30.51,93.04,181.21,1755.92,3542.96,2.29,148.02,96.05,567.74,3.07,931.61,58.86,470.59
2026-03-28T04:40:00Z,55.55,2189.66,165.02,919.46,36.49,2417.51,159.04,136.37,45.19,2571.77,154.93,199.58,37.21,2269.21,163.29,280.98,200.22,33.04,92.25,182.55,1763.11,3563.65,2.54,149.06,95.46,566.28,2.91,928.41,57.16,467.93
2026-03-28T04:50:00Z,55.42,2184.39,165.18,902.75,36.12,2424.80,159.14,129.09,45.24,2572.64,154.27,208.23,36.87,2269.38,163.01,280.77,200.00,33.07,92.70,181.55,1757.62,3557.72,2.43,149.06,95.97,569.46,2.39,931.19,58.78,481.59
2026-03-28T05:00:00Z,55.38,2180.61,165.18,916.77,36.18,2418.16,158.88,133.57,45.90,2558.11,155.07,221.32,36.56,2285.05,162.45,265.24,203.42,30.45,91.94,182.83,1757.99,3536.61,,148.24,95.66,570.38,3.21,930.94,59.26,478.39
2026-03-28T05:10:00Z,55.53,2195.00,165.64,909.03,35.97,2431.81,158.13,107.50,45.93,2545.56,155.20,233.34,36.94,2282.27,162.77,273.04,205.13,32.92,92.96,185.02,1758.91,3553.87,2.37,148.95,95.88,570.69,3.04,930.43,58.17,464.25
2026-03-28T05:20:00Z,55.95,2184.87,165.04,910.42,36.27,2430.03,158.90,132.59,46.23,2538.92,155.22,227.48,36.64,2291.81,162.32,252.02,211.76,31.91,92.72,190.55,1766.59,3539.91,2.72,149.43,98.49,570.81,3.24,934.22,58.89,480.83
2026-03-28T05:30:00Z,56.12,2181.01,164.85,912.28,35.73,2436.25,158.30,131.94,46.55,2533.24,155.76,233.47,36.92,2279.31,162.94,252.00,203.64,32.64,92.02,185.14,1758.92,3531.33,2.23,148.58,97.78,570.09,3.18,925.09,60.82,475.57
2026-03-28T05:40:00Z,55.82,2183.40,165.90,926.66,35.91,2438.66,158.26,128.44,46.58,2534.06,156.30,231.04,37.03,2268.29,162.45,274.16,197.64,31.46,91.68,177.05,1753.58,3549.84,2.66,147.97,96.04,569.66,3.05,927.11,61.40,486.14
2026-03-28T05:50:00Z,56.01,2180.76,166.26,925.50,35.90,2424.10,157.91,129.68,46.69,2524.01,156.13,223.13,37.17,2271.91,162.80,284.58,201.11,32.91,92.70,179.99,1756.65,3540.31,2.46,149.64,94.04,565.36,2.97,930.10,59.85,481.60
2026-03-28T06:00:00Z,56.07,2175.52,166.28,939.10,36.21,2434.60,158.57,121.70,46.52,2531.99,155.89,238.34,37.15,2258.77,163.73,294.54,199.97,33.51,92.79,181.03,1764.05,3552.47,2.67,148.71,95.81,565.43,3.07,934.45,59.68,479.41
2026-03-28T06:10:00Z,56.46,2170.20,165.56,946.68,35.82,2427.56,157.89,132.36,46.80,2528.64,155.91,232.17,37.43,2259.96,163.18,301.34,203.99,32.44,92.48,183.31,1762.75,3558.91,2.33,148.89,98.65,577.40,3.37,928.25,59.07,489.59
2026-03-28T06:20:00Z,56.55,2172.85,165.51,959.11,35.84,2427.46,157.87,143.28,46.67,2529.84,156.09,233.28,37.15,2272.38,162.89,294.42,207.75,34.37,91.93,187.79,1771.27,3546.34,2.34,148.94,100.44,579.01,3.05,937.37,59.75,478.35
2026-03-28T06:30:00Z,56.84,2154.36,166.23,964.47,35.90,2437.40,158.68,140.64,46.63,2536.22,156.01,237.71,37.98,2260.04,162.80,292.79,210.33,32.13,92.88,187.40,1765.59,3559.13,2.58,150.96,100.18,580.14,2.74,936.64,60.60,478.46
2026-03-28T06:40:00Z,57.04,2155.58,166.78,967.49,36.05,2426.77,159.01,142.92,46.53,2535.87,155.96,233.04,37.73,2257.74,163.74,299.38,210.07,31.41,92.26,187.34,1768.90,3564.92,2.36,148.64,102.51,586.56,2.56,935.35,60.60,494.42
2026-03-28T06:50:00Z,56.64,2161.33,166.49,953.24,35.76,2428.45,159.09,131.29,46.38,2547.41,155.39,236.13,37.71,2256.38,162.25,287.47,204.72,32.64,93.25,184.04,1765.68,3574.16,2.61,150.73,96.27,565.01,3.05,936.39,58.00,475.33
2026-03-28T07:00:00Z,56.56,2162.31,166.70,949.99,36.00,2421.56,159.23,133.14,46.32,2537.81,155.56,239.32,37.63,2254.83,162.97,289.26,204.13,34.36,92.99,182.13,1756.29,3550.92,2.14,149.75,97.24,581.48,3.03,932.60,58.71,482.68
2026-03-28T07:10:00Z,56.52,2162.48,165.97,948.99,35.96,2418.93,158.73,133.39,46.34,2546.45,156.05,228.57,37.22,2264.47,163.32,287.67,205.85,32.74,93.02,184.70,1759.23,3547.05,2.62,149.96,99.50,571.37,2.97,933.03,58.37,465.84
2026-03-28T07:20:00Z,56.52,2164.34,166.95,951.49,35.58,2441.20,159.05,126.60,46.63,2543.58,156.04,223.52,37.42,2257.90,163.09,294.03,205.89,33.54,92.82,186.96,1764.14,3548.06,2.66,151.02,99.90,581.21,3.17,938.45,58.00,478.97
2026-03-28T07:30:00Z,56.35,2169.60,166.13,951.25,35.64,2438.85,158.92,119.59,46.97,2536.17,155.69,246.57,37.13,2271.33,163.59,298.99,210.05,33.70,92.81,189.63,1773.87,3552.29,2.50,150.00,99.75,576.50,2.97,937.19,57.56,472.95
2026-03-28T07:40:00Z,56.24,2172.50,166.72,948.10,35.45,2436.69,158.27,108.32,46.90,2529.92,155.07,250.33,37.57,2261.35,163.24,286.24,207.79,32.13,91.40,187.54,1764.76,3555.30,2.47,150.32,97.38,581.36,3.12,936.66,57.19,484.79
2026-03-28T07:50:00Z,56.21,2171.04,166.34,931.17,35.53,2442.86,158.32,101.32,46.72,2539.35,155.14,258.30,38.04,2250.67,162.83,295.82,209.51,29.71,91.93,188.47,1756.86,3543.68,2.78,151.93,100.36,576.18,2.99,935.17,58.90,482.39
2026-03-28T08:00:00Z,56.25,2170.18,165.86,941.74,35.17,2446.23,158.67,107.59,46.51,2539.75,154.99,252.28,38.25,2245.25,163.32,326.30,209.94,31.35,92.24,191.10,1772.12,3540.96,2.41,150.04,97.41,570.24,3.23,930.37,61.04,485.67
2026-03-28T08:10:00Z,56.65,2166.92,165.65,950.04,35.57,2443.25,158.80,115.18,46.15,2547.06,155.32,246.19,38.09,2247.28,163.46,312.36,208.69,30.60,93.24,191.00,1772.74,3535.00,2.49,150.41,101.36,576.95,2.97,939.51,60.11,484.81
2026-03-28T08:20:00Z,56.81,2169.66,165.09,939.80,35.68,2440.97,158.73,119.48,45.97,2532.66,156.18,246.36,38.28,2235.79,163.88,321.13,206.05,34.09,93.89,186.55,1771.27,3544.75,2.66,148.83,97.89,573.81,2.84,932.12,60.24,482.97
2026-03-28T08:30:00Z,56.71,2155.84,165.94,955.78,35.44,2441.46,158.22,114.36,46.16,2543.97,155.18,232.48,38.29,2233.65,163.99,328.50,203.91,35.65,93.06,187.81,1763.22,3563.82,2.51,151.07,98.89,575.18,3.25,928.11,60.07,482.12
2026-03-28T08:40:00Z,56.40,2168.35,165.85,956.84,35.58,2436.16,158.70,109.19,46.22,2525.14,155.37,230.06,38.52,2236.86,164.25,325.73,206.17,34.42,92.61,185.89,1760.87,3557.24,2.54,149.16,96.99,572.77,3.17,930.54,60.35,468.63
2026-03-28T08:50:00Z,56.55,2166.78,166.05,960.77,35.68,2432.47,158.22,110.83,45.96,2538.38,155.59,243.45,38.70,2235.32,163.90,329.47,207.23,34.37,92.21,184.86,1760.94,3549.30,2.67,148.45,100.90,575.13,2.72,931.47,60.52,478.80
2026-03-28T09:00:00Z,56.56,2163.99,166.32,957.72,35.12,2441.42,157.91,103.39,45.84,2552.74,154.45,228.34,38.62,2241.86,164.20,345.05,211.90,34.51,92.54,192.37,1761.93,3535.35,2.44,148.84,99.08,574.81,2.86,933.11,59.44,465.44
2026-03-28T09:10:00Z,56.69,2164.68,166.79,967.87,35.01,2436.58,157.85,115.18,45.17,2562.76,154.39,212.23,38.50,2236.34,163.92,345.63,212.37,34.62,92.10,190.14,1761.42,3546.37,2.53,149.10,102.88,575.11,3.03,930.08,59.44,481.97
2026-03-28T09:20:00Z,57.05,2159.89,166.53,962.16,34.96,2449.37,158.38,123.93,45.64,2555.70,154.28,203.20,38.62,2229.84,163.70,340.29,211.79,32.38,91.69,188.08,1765.89,3548.61,2.27,149.66,101.13,575.76,3.15,938.32,59.20,487.48
2026-03-28T09:30:00Z,57.16,2156.54,166.20,957.63,34.75,2454.19,157.74,112.75,45.27,2561.42,154.70,211.80,38.27,2234.53,163.86,337.61,206.47,33.07,92.31,184.28,1770.05,3545.12,2.89,149.51,98.78,570.40,2.96,937.65,59.96,476.17
2026-03-28T09:40:00Z,56.86,2151.59,166.43,973.39,34.41,2460.24,158.49,97.51,45.38,2571.07,154.26,197.27,37.83,2243.11,163.85,322.84,200.24,32.84,91.91,177.98,1766.17,3553.06,2.44,150.02,95.58,559.31,2.84,933.20,60.94,467.64
2026-03-28T09:50:00Z,56.93,2152.55,165.33,971.56,34.25,2462.34,158.72,56.95,45.49,2562.91,154.07,201.06,38.34,2250.48,163.47,324.85,202.45,33.58,91.64,183.29,1755.97,3529.62,2.40,150.68,95.63,564.98,2.97,929.51,60.92,467.84
2026-03-28T10:00:00Z,56.36,2158.12,165.39,980.93,33.88,2467.42,158.34,68.46,45.27,2563.89,154.42,197.99,38.32,2240.75,163.49,327.74,208.68,34.14,91.69,187.57,1768.07,3558.55,2.26,150.62,100.40,579.12,2.77,934.74,60.25,474.98
2026-03-28T10:10:00Z,56.71,2155.01,165.89,977.83,34.01,2466.67,157.97,57.45,45.29,2561.11,154.16,209.27,38.35,2239.58,163.19,318.49,209.19,33.57,91.81,188.37,1771.93,3556.09,2.77,150.01,97.47,572.13,3.06,930.77,59.49,489.06
2026-03-28T10:20:00Z,56.42,2154.08,165.06,977.94,34.37,2464.33,156.73,66.25,45.09,2577.71,153.83,184.78,38.20,2255.46,163.36,315.27,206.34,34.79,91.66,185.50,1767.74,3539.99,2.17,147.22,97.00,570.74,3.03,931.39,59.80,470.56
2026-03-28T10:30:00Z,56.54,2165.61,165.88,964.31,34.54,2464.11,157.94,72.08,45.13,2579.48,154.58,189.83,38.46,2250.82,163.86,328.47,205.38,33.98,93.11,181.73,1762.23,3548.63,2.56,148.83,96.30,580.72,2.95,934.81,60.50,484.17
2026-03-28T10:40:00Z,56.67,2161.66,166.14,941.53,34.40,2464.26,156.87,54.21,45.14,2567.01,154.80,176.14,38.49,2245.62,163.58,317.10,204.61,31.25,92.99,184.59,1769.70,3546.24,2.52,146.92,97.09,576.85,3.16,935.47,60.69,487.32
2026-03-28T10:50:00Z,56.55,2160.37,165.89,946.79,34.17,2469.22,156.94,62.74,45.26,2570.99,154.41,194.61,38.46,2253.49,163.97,320.85,205.69,30.26,91.95,183.38,1757.21,3539.97,2.29,149.50,98.53,575.00,2.99,930.98,59.52,489.41
2026-03-28T11:00:00Z,56.31,2162.84,166.52,960.36,34.08,2473.24,157.14,77.34,44.81,2580.13,154.42,187.18,38.36,2243.54,163.73,312.29,207.44,31.95,91.75,185.93,1760.71,3542.48,2.62,149.80,96.47,569.66,2.97,929.94,60.63,481.66
2026-03-28T11:10:00Z,56.22,2173.99,165.74,946.26,34.08,2470.32,157.55,69.95,44.63,2585.07,154.94,175.61,38.68,2234.35,163.25,330.47,205.77,30.66,91.28,184.55,1766.31,3547.63,2.81,149.15,97.38,572.37,3.10,926.67,60.11,480.37
2026-03-28T11:20:00Z,55.95,2179.12,165.27,933.10,33.65,2476.34,156.91,56.51,44.73,2585.15,154.80,159.82,38.38,2223.92,163.40,336.58,202.05,29.94,90.92,182.88,1773.44,3569.36,2.69,149.97,95.13,559.32,2.91,938.44,59.90,469.26
2026-03-28T11:30:00Z,56.18,2170.79,165.23,934.56,33.43,2471.82,157.02,49.65,45.28,2566.79,154.97,165.96,38.16,2238.33,163.71,311.82,201.02,31.89,91.72,183.57,1760.62,3553.68,2.54,148.79,96.13,570.54,2.87,927.72,59.97,462.01
2026-03-28T11:40:00Z,55.91,2174.61,166.15,932.44,33.28,2475.58,156.48,43.79,45.28,2571.25,154.30,181.31,38.08,2250.28,163.71,311.80,199.39,30.94,91.69,175.41,1761.16,3556.13,2.58,148.18,93.52,568.76,2.98,930.22,59.09,469.41
2026-03-28T11:50:00Z,55.57,2177.12,166.24,931.26,33.64,2483.97,156.83,35.72,45.39,2559.85,154.87,187.96,38.33,2246.58,164.71,316.96,198.24,31.30,91.81,180.99,1760.82,3554.18,2.42,148.61,93.44,569.91,3.31,933.76,58.65,472.08
2026-03-28T12:00:00Z,55.62,2180.92,166.06,920.44,33.58,2478.76,157.22,37.73,45.33,2569.33,154.21,178.35,38.32,2248.86,164.49,322.85,204.41,31.47,92.87,187.98,1765.69,3561.39,2.43,149.37,94.50,573.24,2.83,937.08,58.49,478.95
2026-03-28T12:10:00Z,55.25,2189.61,166.22,917.06,33.51,2479.80,157.00,40.61,45.15,2569.35,154.90,200.77,38.27,2249.29,164.20,320.67,205.96,32.79,91.67,185.15,1757.72,3552.59,2.61,147.95,99.69,568.70,3.20,925.16,57.79,485.45
2026-03-28T12:20:00Z,55.55,2171.46,165.71,924.79,33.42,2481.46,156.80,36.31,45.24,2575.69,154.87,192.06,38.15,2236.39,163.45,313.15,197.79,31.16,91.56,176.33,1749.00,3535.51,2.62,148.54,94.45,566.68,2.99,927.79,58.84,484.56
2026-03-28T12:30:00Z,55.45,2191.06,165.38,918.36,33.64,2487.68,156.14,40.90,45.35,2572.27,154.84,195.34,37.97,2236.49,163.78,316.22,198.99,30.30,91.22,179.43,1752.80,3557.03,2.71,149.02,95.37,574.24,3.40,926.61,59.53,484.94
2026-03-28T12:40:00Z,55.19,2200.86,165.58,916.69,33.38,2487.85,156.13,39.74,45.48,2574.63,154.58,199.42,38.11,2235.74,164.52,309.73,200.22,31.38,91.31,180.69,1755.23,3565.44,2.23,148.82,95.20,567.22,3.29,928.25,58.22,484.08
2026-03-28T12:50:00Z,55.93,2199.65,165.71,922.52,33.32,2489.60,156.79,27.72,45.57,2568.70,153.82,195.79,37.74,2258.29,163.95,309.81,207.93,30.96,91.10,187.78,1769.68,3563.16,2.52,148.67,99.61,572.53,2.81,931.89,56.60,474.13
2026-03-28T13:00:00Z,56.13,2186.99,164.83,915.79,33.15,2480.01,157.20,33.87,45.19,2576.50,154.37,192.57,38.10,2247.28,163.26,318.04,203.41,31.09,90.49,183.07,1762.07,3549.96,2.78,149.05,96.40,569.26,3.19,936.67,57.15,481.91
2026-03-28T13:10:00Z,55.81,2180.18,164.44,928.45,33.29,2479.70,156.86,55.07,45.24,2573.86,154.06,196.94,37.81,2243.37,163.14,301.85,204.57,31.00,90.82,186.93,1758.15,3563.45,2.73,148.78,96.33,572.53,3.15,929.18,58.35,478.44
2026-03-28T13:20:00Z,55.77,2177.62,164.97,937.88,34.04,2471.88,157.00,52.32,45.14,2571.96,154.52,197.66,37.81,2257.76,163.46,292.31,203.62,32.57,91.72,184.72,1759.26,3540.66,2.92,149.70,99.54,575.46,2.97,934.41,58.74,474.21
2026-03-28T13:30:00Z,55.81,2170.92,165.90,928.16,33.92,2478.57,156.86,61.85,44.83,2573.92,154.61,190.06,37.69,2259.09,163.42,298.85,200.39,33.97,91.84,179.24,1765.41,3539.43,2.50,148.81,94.52,566.35,3.18,925.86,59.10,456.08
2026-03-28T13:40:00Z,56.38,2169.66,165.82,944.16,34.12,2464.70,157.09,71.81,45.09,2580.17,154.53,178.34,38.23,2248.29,163.20,306.50,203.84,30.22,92.46,185.29,1758.30,3555.86,2.51,149.37,98.34,570.36,3.16,929.83,59.00,480.32
2026-03-28T13:50:00Z,56.22,2165.96,165.84,937.59,33.99,2469.28,157.02,56.60,45.47,2573.41,153.91,174.38,37.78,2254.22,163.62,309.88,197.69,31.72,92.74,180.09,1758.75,3551.12,2.45,149.87,93.80,565.49,3.38,930.74,59.96,473.98
2026-03-28T14:00:00Z,56.22,2153.08,165.92,948.50,34.01,2471.37,157.25,74.48,45.59,2570.55,154.72,195.38,37.62,2261.26,163.38,314.99,204.99,31.14,92.43,184.21,1761.53,3550.43,2.74,151.08,97.03,568.48,2.70,925.58,59.50,476.77
2026-03-28T14:10:00Z,56.72,2156.99,165.79,953.48,34.07,2470.49,156.90,67.41,45.32,2570.63,155.25,190.31,37.38,2261.51,162.59,300.81,,31.12,92.14,182.51,1765.25,3551.41,2.54,149.91,100.27,571.50,3.06,935.45,59.42,479.25
2026-03-28T14:20:00Z,56.35,2164.80,165.84,957.72,34.48,2467.87,156.83,80.93,45.27,2570.39,154.51,184.08,37.44,2246.99,162.22,308.25,202.01,31.87,91.08,182.97,1770.81,3549.03,2.38,149.92,97.02,568.53,3.15,936.97,58.36,477.06
2026-03-28T14:30:00Z,56.37,2173.73,165.29,947.08,34.49,2468.57,156.79,71.79,45.47,2563.98,155.53,189.90,37.12,2261.32,162.88,305.54,200.06,31.83,91.49,176.81,1758.74,3544.17,2.44,148.50,98.57,577.92,2.96,932.78,58.83,473.46
2026-03-28T14:40:00Z,55.94,2171.11,166.28,922.45,34.63,2459.67,156.96,95.67,45.54,2563.23,154.75,192.30,36.98,2260.13,162.69,295.61,201.78,32.23,91.47,178.88,1761.87,3546.05,2.35,148.54,96.63,575.87,3.59,934.84,59.78,486.06
2026-03-28T14:50:00Z,56.06,2174.42,166.04,917.58,34.22,2465.26,157.58,79.39,45.34,2560.77,154.31,199.73,36.68,2277.46,162.74,273.55,201.38,33.20,91.66,183.69,1767.25,3533.58,2.45,149.49,96.55,576.41,3.19,938.20,58.43,479.27
2026-03-28T15:00:00Z,55.99,2182.45,165.76,924.22,34.19,2465.22,157.40,81.49,45.30,2562.28,154.54,198.20,36.62,2275.18,162.79,269.38,205.87,29.59,90.78,184.19,1767.57,3543.16,2.73,150.19,96.78,579.90,2.67,936.20,59.44,474.00
2026-03-28T15:10:00Z,56.37,2168.56,165.92,932.84,33.94,2472.34,158.31,71.70,45.53,2562.81,154.42,196.48,36.78,2270.02,162.43,266.08,196.45,31.50,90.81,177.26,1749.49,3543.52,2.52,149.56,94.10,570.35,2.88,931.45,59.19,480.34
2026-03-28T15:20:00Z,56.18,2173.13,165.27,926.03,33.70,2486.36,157.02,68.47,45.53,2572.99,154.63,207.28,36.38,2272.71,163.46,267.66,198.93,31.14,91.56,175.48,1750.84,3543.82,2.58,147.48,94.21,569.96,3.18,925.87,59.03,469.23
2026-03-28T15:30:00Z,56.05,2169.20,165.74,939.87,33.84,2477.24,156.97,56.86,45.89,2557.74,154.57,198.17,36.37,2281.17,161.91,248.18,202.55,30.24,91.10,182.55,1759.36,3553.67,2.74,150.75,93.84,561.67,2.85,939.13,60.20,471.99
2026-03-28T15:40:00Z,55.92,2174.15,165.53,926.91,33.33,2484.09,157.64,47.29,45.89,2556.89,155.21,224.32,36.35,2300.52,162.15,243.52,200.85,28.14,91.46,179.15,1756.94,3534.96,2.56,147.89,94.12,569.69,2.69,932.26,59.21,490.51
2026-03-28T15:50:00Z,55.94,2181.13,165.86,922.99,34.06,2473.83,157.33,50.06,46.21,2553.19,154.93,224.87,36.20,2289.03,161.65,237.79,202.17,31.70,91.21,184.29,1765.85,3549.88,2.47,150.04,97.96,572.49,2.60,933.99,59.78,472.20
2026-03-28T16:00:00Z,55.86,2183.39,165.51,927.44,34.21,2471.32,157.52,52.71,46.00,2540.88,155.62,222.52,36.68,2282.65,161.69,254.23,199.98,33.08,91.49,180.33,1763.29,3543.42,2.60,150.80,95.53,565.11,2.62,928.96,59.30,473.63
2026-03-28T16:10:00Z,56.09,2173.92,164.93,940.64,34.05,2485.84,157.85,53.01,46.19,2539.89,154.94,227.42,36.94,2282.58,162.13,264.83,200.26,32.43,92.21,178.36,1754.01,3555.95,2.45,148.78,94.92,565.46,3.11,932.00,59.25,465.54
2026-03-28T16:20:00Z,56.45,2170.86,165.69,951.99,34.09,2480.76,157.25,50.07,46.31,2552.59,154.82,220.34,36.87,2280.49,162.64,275.83,206.92,33.32,92.72,188.72,1770.64,3546.23,2.67,149.20,97.74,573.20,2.95,930.44,59.11,467.44
2026-03-28T16:30:00Z,56.21,2164.70,166.14,951.88,33.96,2467.09,157.61,53.11,46.46,2551.44,155.47,225.50,37.33,2278.49,162.82,278.03,204.88,32.56,91.53,184.09,1765.28,3550.50,2.53,148.96,97.87,567.36,2.81,932.21,60.46,470.29
2026-03-28T16:40:00Z,56.10,2176.70,166.37,943.95,34.60,2466.78,157.65,62.03,46.05,2556.35,155.64,240.48,37.15,2270.53,163.08,285.96,198.98,31.08,92.15,178.42,1765.04,3558.57,2.52,149.80,95.67,565.92,3.33,932.44,60.12,467.11
2026-03-28T16:50:00Z,56.05,2183.59,166.21,935.08,34.94,2443.48,158.01,87.21,45.95,2546.72,155.56,241.01,37.14,2272.69,162.76,270.56,205.37,29.78,92.49,187.81,1775.36,3569.82,2.67,151.29,95.85,572.28,3.08,937.22,59.74,479.07
2026-03-28T17:00:00Z,56.25,2169.13,166.04,939.89,35.11,2444.43,158.66,92.55,45.62,2550.12,155.53,241.57,37.33,2264.43,162.59,287.95,209.09,30.96,93.43,185.76,1755.61,3546.24,2.39,150.41,97.55,564.69,3.12,930.21,60.99,467.71
2026-03-28T17:10:00Z,56.17,2173.15,165.60,941.67,35.03,2454.36,158.54,102.28,45.64,2566.11,155.17,229.55,37.36,2268.52,162.70,283.13,209.11,31.52,92.47,190.47,1761.30,3536.32,2.60,149.45,99.80,577.64,3.10,932.70,60.69,479.38
2026-03-28T17:20:00Z,56.17,2166.89,165.43,938.19,35.32,2434.34,158.66,108.37,45.73,2541.73,155.91,243.27,37.23,2259.32,163.17,274.04,207.58,31.17,92.89,185.13,1764.74,3561.49,2.74,150.03,99.83,575.38,3.18,934.10,58.97,486.77
2026-03-28T17:30:00Z,56.27,2164.47,165.88,953.62,35.42,2431.88,158.26,109.19,45.72,2548.87,155.57,225.51,37.30,2265.54,163.04,285.13,207.72,30.32,92.91,187.28,1767.20,3555.17,2.46,150.27,97.05,568.36,3.04,933.54,57.81,481.02
2026-03-28T17:40:00Z,55.50,2179.18,165.58,933.22,35.21,2440.57,158.29,106.84,45.66,2554.32,155.41,223.19,37.36,2262.96,163.35,259.29,209.08,28.17,92.65,189.46,1764.81,3540.76,2.63,148.24,100.26,575.58,2.95,930.51,58.16,478.23
2026-03-28T17:50:00Z,55.37,2182.34,164.92,932.38,35.39,2443.46,158.71,103.71,45.77,2556.41,154.92,199.35,37.45,2265.52,163.45,263.88,203.24,28.86,92.34,184.98,1764.82,3548.51,2.50,150.00,98.56,574.61,2.73,932.63,57.86,475.66
2026-03-28T18:00:00Z,55.39,2185.14,165.94,924.86,35.35,2441.80,158.64,119.96,45.82,2546.68,154.80,206.77,37.34,2270.94,162.82,280.18,207.40,31.29,92.11,185.72,1767.77,3556.57,2.67,150.57,97.86,568.00,2.93,930.93,59.71,473.85
2026-03-28T18:10:00Z,54.95,2190.91,165.41,916.53,35.09,2440.85,158.19,93.34,46.13,2533.34,154.86,225.55,36.96,2271.23,163.25,282.84,206.92,30.54,92.71,186.62,1758.04,3547.09,2.45,147.01,101.47,582.87,2.76,931.67,59.04,481.14
2026-03-28T18:20:00Z,54.86,2204.40,165.34,904.96,34.96,2439.19,158.08,97.70,46.01,2539.45,155.24,232.42,37.23,2265.51,163.76,287.92,204.31,31.50,92.68,183.53,1759.28,3552.02,2.58,150.37,98.91,572.45,3.17,931.93,58.62,487.68
2026-03-28T18:30:00Z,54.98,2202.49,165.04,899.76,34.85,2446.03,158.54,104.67,46.27,2528.85,154.90,245.97,37.33,2260.10,163.85,295.33,201.24,32.83,93.30,182.94,1758.56,3549.04,2.34,148.28,95.20,568.80,2.78,927.37,57.99,458.80
2026-03-28T18:40:00Z,55.28,2195.98,165.03,910.07,35.00,2447.25,158.05,103.97,46.24,2531.37,155.55,243.01,36.66,2273.76,163.10,289.15,202.42,34.32,92.91,181.05,1757.88,3553.04,2.56,147.80,95.89,570.91,2.95,922.19,59.26,472.38
2026-03-28T18:50:00Z,54.92,2200.70,164.59,904.76,34.96,2454.57,157.60,101.75,46.12,2532.26,155.93,249.48,36.72,2269.10,163.28,285.18,204.28,33.39,92.54,180.54,1764.26,3554.29,2.63,150.90,97.84,574.81,3.18,937.97,59.69,481.15
2026-03-28T19:00:00Z,55.05,2194.07,164.98,913.60,34.87,2446.44,157.91,101.58,46.49,2537.81,156.05,235.19,36.33,2274.46,162.26,270.34,207.75,33.45,92.94,186.50,1759.32,3553.92,2.84,149.94,99.92,573.38,3.16,932.70,58.50,479.66
2026-03-28T19:10:00Z,55.11,2182.20,164.96,908.71,35.14,2442.17,158.08,113.91,46.13,2543.50,156.48,231.81,36.60,2270.55,162.02,268.78,208.51,33.66,92.38,188.91,1761.73,3549.81,2.53,148.89,99.40,571.36,3.06,932.24,60.27,482.94
2026-03-28T19:20:00Z,55.20,2193.81,165.26,920.92,35.01,2440.13,157.82,106.91,46.37,2543.41,155.86,240.98,36.72,2279.43,162.82,268.40,209.35,34.00,92.49,193.35,1760.69,3539.48,2.61,148.01,100.11,572.68,3.14,928.49,60.91,483.98
2026-03-28T19:30:00Z,55.74,2184.75,165.84,917.65,34.73,2455.60,158.25,93.87,46.40,2544.95,155.75,232.96,37.11,2276.21,163.38,272.93,199.93,32.68,92.77,176.95,1757.84,3554.34,2.72,148.42,95.99,574.54,3.35,936.78,59.98,473.89
2026-03-28T19:40:00Z,55.99,2178.00,165.39,,34.01,2469.34,158.06,88.24,46.64,2536.81,156.23,243.84,37.56,2254.54,163.19,272.73,199.86,33.62,92.58,181.55,1750.63,3546.12,2.50,150.03,95.35,569.12,2.98,931.38,60.96,477.60
2026-03-28T19:50:00Z,56.51,2160.99,164.58,931.45,34.20,2465.42,157.22,76.20,46.87,2530.98,156.40,247.64,38.06,2258.58,163.48,287.48,212.03,33.11,91.74,191.48,1754.95,3545.34,2.61,148.72,103.02,576.27,2.82,929.90,59.07,479.65
2026-03-28T20:00:00Z,57.02,2151.40,164.88,953.04,34.35,2470.38,157.00,81.44,47.03,2517.02,156.35,243.41,37.83,2257.27,163.23,298.13,211.25,34.86,92.51,190.60,1777.69,3550.85,2.62,149.40,98.66,578.11,2.85,941.37,59.53,474.71
2026-03-28T20:10:00Z,56.97,2148.34,165.49,957.45,34.75,2465.55,157.92,71.87,47.01,2512.41,156.00,255.85,37.54,2268.01,163.28,290.05,206.80,33.86,91.94,186.61,1758.52,3542.90,2.33,149.09,97.92,575.04,2.92,939.23,60.28,486.26
2026-03-28T20:20:00Z,56.93,2145.40,165.96,966.32,34.84,2457.33,157.53,79.55,46.58,2516.32,156.07,248.18,37.50,2265.74,163.32,299.06,211.00,33.54,92.17,187.23,1764.89,3554.21,2.76,148.65,101.02,575.13,3.04,940.71,59.69,486.16
2026-03-28T20:30:00Z,57.07,2143.08,165.97,989.47,35.14,2446.99,157.69,93.28,46.98,2525.02,156.06,248.06,37.46,2263.65,163.49,298.35,205.15,33.43,92.33,180.72,1770.98,3555.62,2.42,149.99,97.81,564.29,3.29,937.94,58.67,468.28
2026-03-28T20:40:00Z,57.14,2141.90,166.42,979.19,35.11,2445.95,157.29,87.80,46.93,2523.29,155.53,245.85,37.50,2268.96,162.87,303.66,203.20,32.67,92.02,184.65,1753.82,3549.30,2.49,149.53,95.31,570.34,2.89,928.32,58.52,472.65
2026-03-28T20:50:00Z,57.32,2139.28,165.90,989.38,34.83,2459.10,157.80,90.97,46.90,2521.19,155.58,255.21,37.52,2273.33,163.30,288.74,210.67,34.13,92.44,193.00,1769.97,3557.42,2.68,148.79,100.53,580.81,2.83,938.41,57.74,486.80
2026-03-28T21:00:00Z,57.36,2151.97,165.86,982.99,34.66,2457.58,157.73,86.42,46.50,2523.29,155.28,266.26,37.74,2267.86,164.27,302.32,211.92,31.75,91.82,195.40,1768.09,3557.49,2.52,150.10,101.93,580.78,2.85,930.78,59.41,489.99
2026-03-28T21:10:00Z,57.36,2143.57,165.20,971.63,34.35,2467.44,157.78,75.37,46.75,2523.53,155.09,259.55,37.37,2277.98,163.17,287.64,206.51,31.65,91.06,183.70,1770.39,3532.16,2.55,150.35,99.97,576.85,3.26,937.13,59.08,476.51
2026-03-28T21:20:00Z,56.94,2143.21,165.71,976.20,34.37,2461.17,158.15,80.26,46.87,2524.30,155.68,270.91,37.56,2267.66,163.09,277.54,201.47,31.57,92.86,181.62,1766.56,3574.82,2.30,149.04,97.90,572.14,3.15,936.28,58.56,482.29
2026-03-28T21:30:00Z,57.06,2148.12,166.49,994.01,34.44,2469.26,157.61,68.95,46.86,2532.57,155.24,257.23,37.60,2253.65,163.15,289.53,207.56,30.33,92.28,188.48,1771.10,3550.95,2.53,150.39,98.90,573.20,2.85,934.68,58.40,478.71
2026-03-28T21:40:00Z,57.18,2139.89,166.53,980.33,34.88,2465.79,157.56,72.87,46.75,2520.97,155.69,261.81,37.36,2268.01,162.56,276.49,201.40,32.95,91.81,183.86,1762.54,3537.80,2.50,150.14,94.78,574.57,3.17,923.85,57.71,481.69
2026-03-28T21:50:00Z,57.33,2138.49,166.45,988.20,34.72,2458.63,157.70,78.01,46.77,2528.40,155.55,251.82,37.05,2260.21,163.36,265.32,207.43,32.72,92.24,188.52,1774.33,3563.07,2.54,148.94,98.15,584.37,2.71,939.13,58.69,482.96
2026-03-28T22:00:00Z,57.18,2131.60,166.74,977.26,34.81,2468.24,157.15,76.76,46.30,2546.97,155.82,247.97,37.30,2257.40,162.36,280.74,206.28,33.05,92.61,185.45,1763.08,3545.26,2.41,150.67,98.42,572.57,2.76,938.96,58.46,488.55
2026-03-28T22:10:00Z,57.16,2138.99,166.33,981.36,34.58,2471.09,157.11,78.77,46.44,2544.54,155.59,242.70,37.36,2265.21,162.08,295.14,209.68,34.03,92.99,188.86,1765.52,3564.86,2.35,149.53,98.18,571.79,3.10,932.56,59.24,475.09
2026-03-28T22:20:00Z,57.57,2128.35,167.03,994.60,34.33,2463.64,157.67,81.02,46.08,2532.40,155.81,237.35,37.84,2252.05,162.65,309.56,211.34,32.61,92.82,191.02,1770.47,3553.98,2.48,151.20,101.75,577.23,2.69,934.34,58.65,486.21
2026-03-28T22:30:00Z,57.59,2124.67,167.48,1005.17,34.22,2464.11,157.35,65.38,46.14,2539.26,155.69,246.12,37.95,2256.25,163.06,320.57,211.77,32.35,93.36,193.05,1772.06,3553.91,2.24,150.74,100.32,579.16,3.13,927.64,59.01,484.70
2026-03-28T22:40:00Z,57.84,2124.08,167.67,1011.11,33.95,2466.26,156.58,69.58,46.11,2545.77,155.59,236.27,37.91,2256.95,163.35,297.19,216.71,33.62,93.42,196.08,1770.99,3544.34,2.80,149.51,105.02,586.34,3.09,931.16,58.74,490.44
2026-03-28T22:50:00Z,57.59,2134.24,167.28,1005.17,34.25,2487.23,156.38,69.89,46.46,2548.28,155.67,246.07,37.86,2260.99,162.87,285.70,214.22,32.76,92.45,190.67,1765.38,3549.31,2.52,148.93,101.92,584.70,2.91,938.97,58.92,485.19
2026-03-28T23:00:00Z,56.99,2136.10,167.49,999.57,34.02,2478.92,156.80,75.31,46.28,2540.22,155.70,245.50,37.61,2254.68,162.77,299.99,213.24,31.72,92.41,191.92,1769.47,3551.59,2.36,149.90,103.63,578.74,3.00,934.32,59.22,484.62
2026-03-28T23:10:00Z,57.47,2135.33,167.30,1003.46,34.31,2468.57,157.05,71.66,46.35,2538.12,155.49,235.22,37.24,2269.96,162.50,287.18,209.35,31.23,91.67,189.00,1762.89,3562.92,2.17,149.13,98.50,574.15,2.89,933.27,58.94,475.91
2026-03-28T23:20:00Z,57.51,2134.98,166.93,996.46,34.43,2465.24,156.83,70.33,46.15,2540.45,156.01,236.40,37.55,2262.04,162.96,294.20,209.04,31.16,90.60,189.73,1782.09,3550.83,2.17,149.02,100.37,579.33,3.07,946.31,60.07,490.12
2026-03-28T23:30:00Z,57.62,2135.39,166.86,993.61,34.35,2480.63,157.50,60.29,46.19,2546.21,155.39,227.23,37.45,2266.14,162.90,295.92,208.53,33.07,91.32,185.08,1757.38,3549.78,2.61,149.69,98.73,572.93,2.89,932.83,60.31,484.73
2026-03-28T23:40:00Z,57.43,2143.94,166.61,989.46,34.32,2471.63,157.69,66.87,46.34,2545.63,155.58,230.24,37.84,2261.87,162.98,294.32,202.23,35.42,92.26,181.49,1759.29,3548.83,2.48,149.83,98.19,573.94,3.07,928.23,60.16,479.90
2026-03-28T23:50:00Z,57.20,2141.08,166.79,983.52,34.10,2468.58,156.97,66.87,46.05,2545.35,154.65,223.28,37.61,2244.45,162.95,280.28,205.92,36.89,92.42,188.92,1762.74,3546.77,2.35,148.27,96.74,573.33,2.82,935.83,58.96,467.73
2026-03-29T00:00:00Z,57.26,2147.11,166.09,975.53,34.52,2460.57,157.17,77.35,45.87,2548.96,154.94,210.07,37.61,2246.67,163.45,295.03,204.81,35.70,92.10,180.95,1762.52,3546.54,2.19,150.78,97.40,577.80,3.05,932.26,58.91,480.29
2026-03-29T00:10:00Z,57.31,2140.46,166.70,985.80,34.85,2453.59,157.56,83.31,,2546.99,154.64,235.44,37.71,2254.84,164.46,306.56,205.23,33.56,92.99,185.89,1760.48,3559.46,2.90,151.79,99.87,582.22,3.34,928.10,59.20,478.76
2026-03-29T00:20:00Z,57.27,2136.46,166.42,984.37,34.79,2449.04,157.93,82.29,46.02,2544.47,155.76,215.79,37.69,2259.02,164.13,286.87,203.83,29.65,92.81,182.77,1764.21,3553.98,2.62,149.86,97.30,579.64,3.14,930.93,60.80,479.56
2026-03-29T00:30:00Z,57.72,2142.67,167.08,999.54,34.93,2456.28,158.03,85.19,46.26,2541.09,155.57,215.04,37.95,2260.60,164.18,282.90,201.27,31.33,92.25,176.89,1757.46,3565.74,2.60,149.86,96.42,565.96,2.94,926.88,61.22,451.75
2026-03-29T00:40:00Z,57.95,2123.10,166.64,996.31,35.12,2456.80,158.16,97.37,46.04,2546.37,155.45,225.21,38.00,2248.97,164.16,309.03,205.08,33.36,93.26,185.58,1762.65,3552.13,2.57,150.75,99.71,578.69,3.13,933.65,59.68,481.34
2026-03-29T00:50:00Z,57.76,2116.35,167.10,1000.45,34.97,2449.78,158.37,85.92,45.69,2555.53,155.24,222.45,38.11,2240.28,163.75,315.45,207.18,33.73,92.41,182.55,1761.87,3543.95,2.64,148.97,97.86,573.23,3.03,929.45,58.17,471.58
2026-03-29T01:00:00Z,57.99,2122.00,166.93,999.62,34.90,2455.79,158.66,79.27,45.88,2544.65,155.37,237.88,38.23,2242.01,163.59,322.25,204.33,32.98,92.13,185.37,1775.87,3549.87,2.65,149.54,99.68,575.86,2.97,925.50,60.10,470.25
2026-03-29T01:10:00Z,58.07,2115.05,167.18,1003.88,35.22,2437.75,158.10,91.84,45.60,2557.02,155.54,215.47,38.31,2234.31,162.96,326.10,210.40,33.64,92.78,188.52,1762.05,3567.69,2.46,150.38,100.40,578.27,2.89,931.97,60.43,487.99
2026-03-29T01:20:00Z,57.90,2128.02,167.37,995.62,35.21,2442.03,157.61,96.97,45.59,2565.52,154.89,205.57,38.50,2225.64,163.20,320.73,204.52,30.93,91.52,181.97,1752.52,3549.65,2.73,150.94,97.51,575.94,2.78,926.21,59.55,485.96
2026-03-29T01:30:00Z,57.83,2134.77,167.04,1001.19,35.29,2433.74,157.84,111.22,46.18,2547.11,154.99,209.61,38.24,2244.26,162.93,320.43,214.93,31.05,92.35,193.52,1767.71,3561.30,2.51,149.76,102.06,573.12,3.06,935.17,58.88,475.37
2026-03-29T01:40:00Z,57.76,2128.64,167.36,999.42,35.37,2437.80,157.84,102.65,46.15,2549.32,155.01,221.57,38.26,2242.28,163.23,312.47,211.49,30.56,92.40,187.07,1762.49,3548.64,1.97,149.57,99.82,581.10,2.62,923.47,58.81,474.29
2026-03-29T01:50:00Z,57.50,2130.44,167.36,994.48,35.19,2447.63,158.34,101.48,45.69,2555.49,154.70,224.14,38.53,2244.66,163.42,319.47,215.01,32.73,91.70,192.60,1770.42,3542.46,2.73,150.28,101.45,568.74,3.19,935.87,59.60,475.27
2026-03-29T02:00:00Z,57.50,2126.76,166.97,1002.77,34.91,2443.97,158.92,108.81,45.64,2572.08,154.82,208.83,38.52,2236.81,163.06,321.79,208.12,34.68,92.39,188.93,1760.92,3562.07,2.61,149.74,99.04,573.41,3.18,929.18,59.75,479.17
2026-03-29T02:10:00Z,57.75,2131.02,166.60,1003.47,34.93,2446.36,158.59,102.19,45.63,2569.71,154.36,217.07,38.27,2238.43,163.34,315.94,213.17,33.66,92.82,192.88,1777.27,3550.67,2.32,149.26,103.03,575.72,2.90,941.61,59.57,472.98
2026-03-29T02:20:00Z,57.87,2131.57,166.99,1015.67,34.89,2461.41,158.01,89.42,45.57,2567.02,154.72,210.19,38.69,2240.20,163.57,297.69,207.19,33.19,92.01,188.30,1775.37,3553.10,2.35,147.45,99.20,569.80,2.80,941.35,59.71,472.76
2026-03-29T02:30:00Z,57.81,2116.93,166.82,1021.70,34.77,2470.36,158.22,80.39,45.84,2564.75,154.90,195.99,38.90,2228.60,163.29,323.43,210.03,33.42,92.73,185.05,1761.66,3544.56,2.32,151.06,97.50,572.09,2.90,931.15,59.07,487.45
2026-03-29T02:40:00Z,57.56,2123.12,168.18,1012.99,34.68,2462.44,157.76,88.80,45.43,2560.28,155.16,192.81,39.06,2228.17,163.91,324.34,207.32,30.83,93.24,183.39,1771.72,3551.88,2.59,149.32,99.90,574.00,3.23,932.26,58.46,473.16
2026-03-29T02:50:00Z,57.50,2137.46,167.67,1012.15,34.81,2460.03,157.84,79.13,44.88,2572.16,155.16,202.60,39.08,2219.92,164.43,328.35,212.28,31.09,92.53,191.85,1777.23,3554.21,2.59,150.08,100.27,577.97,2.85,937.20,59.82,476.44
2026-03-29T03:00:00Z,57.31,2143.84,167.10,994.49,34.97,2454.72,157.35,72.59,45.33,2568.31,155.81,192.44,39.05,2230.91,164.39,325.40,210.68,33.32,93.05,185.82,1768.89,3541.74,2.57,149.12,99.61,581.04,3.01,937.88,60.43,481.95
2026-03-29T03:10:00Z,57.16,2144.42,167.33,996.29,34.68,2462.26,156.85,75.21,45.60,2570.90,155.33,203.00,39.31,2214.61,164.62,339.99,210.60,32.68,92.25,188.94,1772.37,3556.85,2.58,149.05,100.47,578.53,2.86,931.60,59.96,474.43
2026-03-29T03:20:00Z,57.10,2142.08,167.72,986.89,34.32,2460.39,157.07,70.52,45.95,2551.94,155.38,207.48,39.17,2216.42,163.94,337.92,209.37,33.01,92.66,190.04,1759.31,3540.83,2.43,150.73,99.72,580.71,3.12,933.63,59.29,484.88
2026-03-29T03:30:00Z,57.17,2144.91,167.32,978.46,33.88,2460.79,157.07,67.34,46.18,2545.10,154.83,222.42,38.81,2217.86,163.45,343.26,208.02,30.95,93.01,185.75,1758.95,3545.18,2.20,149.64,98.32,571.42,3.20,935.73,57.72,480.50
2026-03-29T03:40:00Z,57.10,2144.98,166.69,974.95,33.93,2474.01,157.88,70.29,46.30,2537.31,155.15,225.39,38.87,2232.32,164.44,344.39,214.22,33.49,93.40,194.26,1771.34,3543.29,2.35,148.47,100.56,572.64,3.00,934.52,57.91,477.66
2026-03-29T03:50:00Z,57.19,2141.46,167.07,1000.05,34.36,2479.94,156.70,58.71,46.88,2528.14,155.07,236.91,38.99,2227.35,163.87,332.46,209.59,32.19,92.66,187.89,1769.55,3543.87,2.28,149.88,102.12,576.98,3.22,931.06,60.16,477.01
2026-03-29T04:00:00Z,57.09,2143.01,166.34,989.04,34.57,2466.33,157.37,70.92,46.46,2533.38,155.54,234.04,39.14,2217.79,163.84,335.55,210.03,31.00,92.32,191.78,1772.08,3539.37,2.61,149.20,98.95,575.99,3.28,932.19,60.47,468.83
2026-03-29T04:10:00Z,56.91,2156.73,166.32,960.43,34.28,2477.01,157.41,66.79,46.18,2540.73,155.14,236.44,39.21,2208.46,164.59,339.46,204.76,30.95,92.92,188.67,1756.90,3548.21,2.40,150.57,95.51,577.14,3.01,929.25,59.94,483.60
2026-03-29T04:20:00Z,57.22,2141.69,165.85,965.78,34.46,2472.27,157.57,78.87,46.42,2535.29,155.03,246.63,39.23,2215.15,164.65,344.15,203.29,33.97,92.60,179.25,1764.03,3557.14,2.37,150.95,97.64,571.20,3.18,933.74,60.67,473.48
2026-03-29T04:30:00Z,57.23,2141.63,165.74,978.37,34.47,2462.24,157.77,75.16,46.30,2548.30,155.13,244.55,39.15,2230.75,164.40,327.74,211.70,35.71,92.01,190.37,1762.77,3555.80,2.27,149.62,101.90,579.47,3.22,929.24,60.23,488.43
2026-03-29T04:40:00Z,57.13,2150.25,166.51,957.66,34.32,2457.62,157.29,67.51,45.93,2544.82,154.96,230.97,38.60,2223.55,165.39,344.95,208.78,33.56,92.29,188.85,1772.27,3550.27,2.64,150.85,97.70,569.91,3.13,936.04,60.76,468.87
2026-03-29T04:50:00Z,57.52,2140.68,166.56,970.22,34.27,2469.84,157.52,72.18,45.91,2537.81,154.62,221.43,38.84,2217.25,164.23,342.86,207.84,32.02,92.66,190.31,1772.20,3552.81,2.39,151.33,96.07,568.99,2.85,939.63,59.56,478.11
2026-03-29T05:00:00Z,57.26,2141.90,166.60,969.70,34.16,2465.87,157.16,60.64,45.83,2543.66,155.10,232.14,38.89,2220.73,165.35,333.93,212.57,33.77,92.34,191.92,1768.23,3558.55,2.60,149.06,101.53,580.88,3.02,933.33,60.16,487.57
2026-03-29T05:10:00Z,57.80,2133.24,167.03,976.15,33.80,2479.53,156.75,52.37,46.23,2554.47,154.70,230.59,38.88,2214.33,165.27,342.17,207.61,31.89,92.65,184.51,1763.19,3556.78,2.22,149.69,95.87,572.41,3.01,921.53,60.37,472.38
2026-03-29T05:20:00Z,57.94,2133.91,167.16,979.83,33.80,2479.66,157.49,57.66,46.26,2551.52,154.90,228.08,38.69,2237.73,165.38,339.18,210.04,32.16,91.78,191.25,1772.46,3553.68,2.48,150.36,99.44,577.91,3.31,932.58,61.17,480.86
2026-03-29T05:30:00Z,58.11,2118.42,167.43,991.76,33.92,2471.43,156.73,63.37,46.18,2543.78,155.35,232.53,38.46,2242.65,165.08,336.25,206.87,32.49,92.71,186.68,1760.91,3547.42,2.55,149.27,96.91,565.50,2.87,937.06,61.13,468.32
2026-03-29T05:40:00Z,57.89,2118.50,167.07,999.16,34.09,,157.61,66.41,45.52,2557.47,155.00,222.31,38.56,2248.60,164.90,335.99,207.18,31.57,91.98,185.86,1776.85,3539.59,2.32,148.24,98.80,579.72,2.71,937.71,59.85,476.64
2026-03-29T05:50:00Z,57.73,2132.78,166.35,994.88,34.03,2477.55,157.08,50.93,45.41,2572.81,154.93,205.61,38.90,2232.91,164.53,344.32,209.10,32.69,91.71,183.32,1763.31,3546.99,2.36,149.14,99.15,572.84,3.31,937.08,59.87,474.14
2026-03-29T06:00:00Z,57.84,2134.80,167.08,1005.38,34.14,2482.90,157.23,52.30,45.53,2569.67,154.76,208.15,38.83,2236.42,163.96,347.60,207.10,32.53,91.89,186.87,1765.27,3557.39,2.50,150.68,97.26,566.49,2.92,932.63,59.33,466.16
2026-03-29T06:10:00Z,57.36,2148.83,166.40,1001.43,34.08,2478.85,156.85,52.26,45.71,2564.50,154.28,213.67,38.95,2221.37,164.31,342.11,208.66,34.58,91.99,187.64,1756.42,3538.68,2.56,150.36,99.91,575.49,3.20,937.35,58.50,481.61
2026-03-29T06:20:00Z,57.64,2140.50,165.99,992.44,33.76,2479.65,156.88,54.10,45.02,2566.43,155.02,187.69,38.53,2226.92,164.24,339.93,208.07,32.24,91.24,185.01,1761.62,3544.43,2.40,148.42,99.05,576.97,2.90,930.27,58.08,482.81
2026-03-29T06:30:00Z,57.34,2136.54,165.43,988.73,33.92,2466.85,156.59,71.97,44.75,2577.56,154.72,190.89,38.65,2225.46,163.64,339.80,209.80,30.65,92.53,187.43,1770.57,3557.34,2.44,150.47,101.00,573.93,2.66,936.87,58.73,481.71
2026-03-29T06:40:00Z,57.46,2138.08,166.10,997.63,33.97,2458.62,155.99,76.33,44.82,2585.37,154.45,181.96,38.20,2226.33,164.06,345.41,204.48,30.92,92.01,182.96,1765.26,3552.83,2.68,151.12,96.79,576.27,3.12,930.27,59.62,491.24
2026-03-29T06:50:00Z,57.67,2133.20,166.33,1003.13,33.73,2466.28,155.76,70.36,44.84,2574.87,154.49,182.17,38.03,2235.54,164.11,315.00,202.27,32.02,92.41,186.51,1768.17,3551.12,2.66,147.80,94.77,567.64,2.43,937.31,60.37,490.72
2026-03-29T07:00:00Z,57.03,2148.77,166.48,975.73,33.84,2481.83,156.62,54.17,44.74,2575.71,154.53,189.38,37.76,2248.94,164.14,311.19,198.03,32.31,92.71,179.28,1757.63,3560.89,2.29,151.96,91.06,570.97,2.95,924.21,58.23,472.45
2026-03-29T07:10:00Z,56.83,2165.67,167.16,986.85,33.78,2480.07,157.62,63.90,45.38,2556.74,153.48,190.00,37.70,2242.21,164.06,319.18,205.53,34.22,93.38,187.37,1775.39,3549.34,2.56,148.70,95.98,575.71,3.07,942.76,58.59,484.11
2026-03-29T07:20:00Z,57.10,2162.80,166.52,975.42,33.90,2482.54,157.70,48.01,45.27,2549.41,154.02,202.42,37.28,2259.69,164.63,309.29,202.15,33.90,92.40,181.71,1757.07,3553.92,2.56,148.91,96.64,578.26,2.84,929.63,58.85,484.58
2026-03-29T07:30:00Z,57.47,2146.11,166.95,976.02,33.63,2474.23,156.72,57.54,44.90,2565.99,154.39,191.55,37.72,2257.75,164.52,317.06,199.25,32.50,92.64,175.55,1757.29,3556.98,2.50,150.63,93.99,570.48,2.81,928.06,58.43,469.01
2026-03-29T07:40:00Z,57.12,2147.06,166.65,954.69,34.03,2473.52,156.28,39.20,44.82,2570.29,154.94,195.08,37.74,2253.47,164.11,302.49,198.56,30.54,93.02,178.25,1762.97,3554.45,2.38,150.80,92.27,567.63,2.73,927.58,58.87,472.39
2026-03-29T07:50:00Z,57.22,2155.53,166.61,959.30,33.78,2480.75,156.45,69.51,44.84,2573.35,154.12,188.27,37.46,2252.62,163.27,294.77,200.84,30.34,92.09,181.57,1757.05,3553.26,2.65,149.70,95.13,576.33,3.09,930.65,60.62,474.41
2026-03-29T08:00:00Z,56.74,2151.32,165.96,965.46,34.14,2474.55,157.24,66.09,44.83,2563.04,154.95,194.76,38.19,2241.74,163.47,310.06,207.68,31.18,91.89,,1762.91,3544.91,2.41,148.76,99.49,573.11,2.64,922.89,59.67,472.65
2026-03-29T08:10:00Z,56.84,2151.39,165.73,972.39,34.42,2463.94,157.31,58.58,44.86,2566.81,154.81,191.87,37.53,2248.68,163.68,314.17,206.59,29.80,91.65,186.85,1766.43,3533.75,2.44,150.22,100.14,577.79,2.77,933.63,59.70,482.65
2026-03-29T08:20:00Z,57.04,2151.17,166.99,974.72,34.50,2462.37,156.72,63.21,44.85,2570.12,154.67,205.73,37.61,2258.37,163.97,305.24,203.76,30.66,91.69,182.71,1761.34,3559.13,2.57,148.89,96.60,568.66,3.09,929.11,60.72,468.85
2026-03-29T08:30:00Z,57.01,2160.17,166.69,966.29,34.98,2456.64,156.87,80.66,44.71,2579.08,154.49,190.08,37.66,2252.27,163.76,309.02,202.25,32.39,92.23,183.60,1767.95,3543.62,2.84,150.11,100.63,573.67,2.94,930.00,60.46,482.69
2026-03-29T08:40:00Z,56.83,2160.40,165.83,955.03,35.02,2450.07,156.73,81.50,44.59,2586.20,154.57,182.36,37.71,2250.09,163.43,297.81,198.98,32.89,92.28,180.47,1763.65,3547.01,2.64,149.56,94.34,561.52,3.09,928.95,60.44,478.00
2026-03-29T08:50:00Z,56.68,2166.12,165.87,941.80,35.02,2455.32,157.30,80.07,44.49,2582.68,153.91,181.53,37.49,2258.01,163.51,300.76,202.82,31.86,91.94,181.45,1762.10,3562.31,2.44,150.14,96.49,575.80,3.30,927.26,59.85,493.79
2026-03-29T09:00:00Z,56.83,2162.99,165.81,960.21,34.94,2448.43,157.92,95.66,44.55,2577.59,154.14,169.71,37.37,2264.07,163.68,286.78,199.32,31.19,91.97,179.31,1764.73,3544.46,2.91,148.57,95.15,574.45,2.82,937.83,59.43,475.87
2026-03-29T09:10:00Z,57.16,2155.76,165.76,966.84,34.95,2466.24,157.76,89.60,44.58,2590.82,154.14,166.88,37.38,2260.79,163.73,297.22,195.79,30.50,92.54,170.46,1754.06,3554.40,2.46,150.33,92.60,563.90,2.87,925.01,59.73,475.88
2026-03-29T09:20:00Z,57.15,2161.76,166.46,971.09,35.13,2452.52,157.68,83.00,44.65,2581.85,153.05,164.48,37.32,2259.49,162.68,287.59,202.90,32.84,93.09,182.88,1765.55,3550.11,2.60,149.86,97.97,579.96,3.36,931.65,59.09,485.25
2026-03-29T09:30:00Z,57.05,2151.08,166.50,958.41,35.25,2453.28,157.33,86.10,44.30,2584.39,153.04,158.38,37.46,2264.32,162.55,279.62,207.29,32.03,92.66,184.23,1766.41,3547.06,2.59,150.35,95.85,567.82,3.08,935.06,59.92,473.72
2026-03-29T09:40:00Z,57.00,2153.06,166.00,968.25,35.22,2453.34,157.51,106.68,44.35,2596.76,153.40,159.63,37.38,2266.50,162.92,282.98,201.21,32.32,92.45,183.28,1761.07,3558.91,2.26,149.52,95.42,565.95,2.88,930.49,59.32,477.09
2026-03-29T09:50:00Z,56.81,2157.59,166.24,970.21,35.03,2456.42,157.60,100.25,44.56,2593.16,153.49,150.76,36.95,2276.17,163.39,271.68,198.30,28.70,93.25,175.46,1759.18,3548.68,2.46,148.77,94.72,569.58,2.86,928.38,58.09,470.00
2026-03-29T10:00:00Z,56.64,2157.89,,968.77,34.92,2460.19,157.71,98.82,44.87,2563.92,153.48,162.65,37.68,2256.95,163.35,283.38,202.16,29.57,93.14,179.48,1763.44,3542.11,2.19,149.65,98.47,580.04,2.73,929.40,60.07,475.19
2026-03-29T10:10:00Z,56.66,2165.08,165.85,963.74,35.21,2452.59,157.07,101.85,44.95,2580.15,154.08,171.47,37.55,2262.27,162.87,277.75,202.17,29.22,92.10,179.06,1763.22,3555.65,2.61,149.27,96.46,564.52,3.10,938.32,59.90,459.12
2026-03-29T10:20:00Z,56.98,2147.85,167.03,964.81,35.45,2440.66,157.26,106.53,44.93,2574.26,154.11,161.66,37.74,2262.49,163.18,281.77,203.18,28.81,92.48,182.49,1767.74,3553.72,2.59,149.09,96.15,574.14,2.65,934.06,58.64,485.33
2026-03-29T10:30:00Z,56.75,2146.95,166.85,969.15,35.54,2436.03,157.25,98.02,45.01,2570.64,154.16,178.41,37.52,2266.53,162.97,273.17,199.94,28.81,92.05,180.76,1774.08,3557.85,2.57,149.12,96.35,570.40,3.16,938.77,58.50,472.69
2026-03-29T10:40:00Z,56.82,2154.32,166.68,956.56,35.50,2430.03,157.78,114.99,44.89,2579.42,154.14,196.11,37.22,2260.49,162.64,284.24,202.85,32.23,92.14,182.26,1765.18,3542.60,2.41,147.56,99.10,574.34,2.92,928.81,59.34,484.83
2026-03-29T10:50:00Z,56.62,2160.83,166.67,956.42,35.63,2427.35,158.09,115.81,45.39,2573.03,154.42,191.48,37.34,2265.65,163.51,264.17,206.43,32.37,92.15,182.81,1765.44,3550.91,2.53,149.41,98.44,567.90,2.95,931.17,58.35,473.86
2026-03-29T11:00:00Z,56.68,2159.42,166.17,955.37,35.21,2435.91,158.46,115.35,45.31,2574.22,153.82,199.05,37.64,2266.28,163.43,280.98,206.72,30.02,92.30,188.93,1765.82,3557.71,,150.71,95.78,572.15,3.29,932.63,57.76,466.04
2026-03-29T11:10:00Z,56.50,2168.13,166.30,961.91,35.15,2445.92,157.80,101.34,45.19,2573.72,154.19,194.98,37.69,2249.22,163.14,285.61,208.19,29.52,91.83,186.38,1764.44,3564.95,2.75,148.55,97.66,580.66,3.02,928.68,59.87,493.15
2026-03-29T11:20:00Z,56.29,2160.49,165.92,954.94,35.18,2444.16,158.28,100.74,44.91,2574.12,154.48,188.39,37.40,2256.09,163.24,288.54,203.85,33.64,92.70,184.00,1765.43,3566.15,2.34,149.96,96.16,568.58,2.88,937.39,57.28,478.19
2026-03-29T11:30:00Z,56.36,2166.37,166.87,948.28,34.54,,157.36,99.04,45.13,2575.09,154.52,186.46,37.58,2252.23,164.04,282.59,197.88,33.05,92.12,178.16,1754.33,3549.58,2.30,150.63,91.66,557.93,2.82,932.06,58.14,475.56
2026-03-29T11:40:00Z,56.69,2161.73,167.30,956.35,34.58,2460.73,157.55,77.06,45.11,2576.49,154.47,186.19,37.57,2241.96,163.46,307.88,202.83,30.37,92.00,180.23,1762.63,3544.77,2.79,151.03,94.36,573.71,2.76,927.99,57.42,472.20
2026-03-29T11:50:00Z,57.06,2151.13,166.92,960.17,34.49,2467.18,158.02,95.95,44.88,2580.94,154.32,188.16,37.52,2252.01,163.34,311.81,209.77,32.76,92.15,185.99,1754.67,3553.17,2.71,150.34,100.08,580.04,2.84,925.01,58.22,475.59
2026-03-29T12:00:00Z,57.13,2153.94,166.76,964.04,34.57,2464.60,157.21,76.96,44.46,2586.65,153.83,187.68,37.52,2253.66,163.87,312.68,205.10,31.17,92.43,182.63,1753.20,3543.55,2.63,149.67,95.68,573.98,2.91,923.75,59.60,484.34
2026-03-29T12:10:00Z,57.50,2143.48,166.90,960.34,34.79,2457.86,157.58,91.84,44.50,2586.46,153.43,183.17,37.52,2254.15,164.12,291.78,202.38,30.66,92.09,183.58,1770.03,3543.23,2.14,148.83,96.07,573.28,2.79,939.33,59.67,478.10
2026-03-29T12:20:00Z,57.51,2144.43,167.44,977.31,35.12,2453.56,157.61,95.68,44.65,2577.02,154.31,185.57,37.62,2259.56,164.29,294.49,205.84,31.90,91.96,182.46,1755.86,3541.41,2.51,150.73,97.85,573.50,3.24,920.56,60.17,481.08
2026-03-29T12:30:00Z,57.46,2130.19,166.74,982.07,35.07,2449.56,158.07,89.94,44.79,2580.35,154.21,194.60,37.65,2250.67,163.98,304.25,212.10,31.93,92.19,192.24,1777.46,3554.39,2.38,150.05,100.73,578.75,2.90,942.54,59.25,483.30
2026-03-29T12:40:00Z,57.41,2126.29,166.83,985.20,35.63,2448.18,158.05,110.94,45.12,2573.56,155.11,191.10,37.41,2253.71,163.47,294.26,207.18,31.06,91.20,187.97,1763.35,3558.25,2.49,148.13,98.71,577.72,3.37,931.19,60.05,474.00
2026-03-29T12:50:00Z,57.30,2136.77,166.73,998.01,35.41,2443.74,158.14,108.98,45.15,2570.10,154.77,188.40,37.54,2253.39,164.15,307.41,206.13,30.86,91.18,185.54,1764.94,3541.06,2.46,147.58,99.00,573.19,2.83,933.59,60.76,480.83
2026-03-29T13:00:00Z,56.78,2144.32,165.98,975.89,35.07,2438.73,158.18,99.03,45.55,2559.35,154.73,199.99,37.85,2246.19,163.53,298.36,201.50,31.45,91.42,180.13,1766.90,3540.86,2.54,148.83,93.38,570.24,3.10,939.72,59.88,468.94
2026-03-29T13:10:00Z,56.74,2146.38,165.51,978.84,35.08,2439.36,157.27,90.18,45.46,2563.18,154.55,195.29,37.51,2245.43,163.73,307.77,207.71,31.98,91.40,188.78,1763.43,3543.53,2.64,150.29,98.69,578.37,2.94,930.87,60.58,484.96
2026-03-29T13:20:00Z,56.42,2157.28,166.10,973.26,35.27,2440.16,157.84,114.01,45.37,2562.07,154.34,186.79,37.64,2252.18,163.70,302.04,208.55,33.29,91.72,187.70,1762.38,3539.21,2.56,148.24,96.52,575.84,3.43,928.71,59.94,484.42
2026-03-29T13:30:00Z,56.55,2151.59,165.59,961.84,35.34,2451.65,158.10,94.02,45.50,2560.76,154.20,198.42,37.60,2253.36,163.52,289.99,206.18,31.11,91.60,187.39,1757.21,3552.51,2.41,149.59,96.27,575.36,3.07,931.21,59.15,475.68
2026-03-29T13:40:00Z,56.65,2148.70,166.02,973.02,35.39,2453.73,158.00,101.52,45.48,2569.75,155.25,217.34,37.50,2268.02,163.68,294.28,210.98,32.09,91.93,192.97,1774.35,3547.12,2.59,150.59,102.00,578.46,3.32,933.13,58.16,482.38
2026-03-29T13:50:00Z,56.60,2156.21,165.91,974.28,35.56,2441.24,158.10,116.65,45.35,2571.42,155.16,208.33,37.30,2265.85,163.67,290.18,211.59,29.62,91.91,188.52,1759.09,3546.40,2.31,149.71,101.69,579.87,2.65,932.37,57.69,482.32
2026-03-29T14:00:00Z,56.17,2187.25,165.92,945.44,35.33,2434.57,158.32,115.88,45.07,2573.98,155.29,203.19,37.05,2266.68,164.42,280.69,202.07,30.68,91.50,179.89,1755.75,3539.25,2.50,149.98,96.92,571.01,3.16,922.91,,478.88
2026-03-29T14:10:00Z,56.39,2174.33,165.64,950.26,34.76,2444.07,157.65,106.79,45.50,2561.92,154.46,203.07,36.94,2277.66,163.20,275.22,203.89,32.27,91.90,185.80,1758.72,3543.99,2.41,150.09,98.83,575.45,2.65,923.34,59.81,497.06
2026-03-29T14:20:00Z,56.52,2166.91,166.61,955.82,34.76,2454.04,158.03,106.53,44.83,2584.01,154.56,191.26,37.00,2267.57,163.74,297.88,206.42,30.93,91.75,184.31,1765.06,3553.49,2.53,149.05,99.47,577.09,3.12,934.08,60.65,480.12
2026-03-29T14:30:00Z,55.96,2170.29,166.53,957.89,34.44,2463.54,157.71,96.79,45.08,2577.29,154.35,191.78,36.72,2271.60,163.98,284.84,202.87,31.36,92.42,182.46,1754.87,3553.71,2.44,147.67,97.72,576.55,3.18,926.68,58.88,485.56
2026-03-29T14:40:00Z,55.67,2178.35,166.19,940.40,34.23,2458.45,158.28,87.90,45.20,2581.06,155.02,183.12,36.60,2275.26,163.72,282.89,200.78,27.87,92.18,186.64,1761.61,3548.28,2.37,148.90,95.43,571.63,3.07,925.63,59.90,475.97
2026-03-29T14:50:00Z,55.37,2181.84,165.75,929.80,34.38,2469.33,159.02,83.47,44.98,2577.14,153.99,186.45,37.07,2267.16,162.99,278.74,199.03,27.54,93.30,179.76,1765.33,3548.68,2.87,149.22,94.84,564.46,2.83,929.23,59.68,477.85
2026-03-29T15:00:00Z,55.62,2184.78,165.56,905.26,34.47,2461.36,158.13,87.64,44.85,2578.67,154.26,185.70,37.54,2249.73,162.70,301.11,202.26,26.61,93.16,182.27,1752.40,3562.61,2.51,150.38,98.59,581.38,3.17,930.40,59.14,486.62
2026-03-29T15:10:00Z,55.88,2180.44,165.11,905.23,35.00,2443.52,158.30,83.56,44.76,2588.36,154.27,183.00,37.44,2258.53,163.46,295.56,201.97,27.38,92.20,181.98,1764.25,3554.69,2.59,150.08,96.49,571.17,3.02,929.93,59.59,479.80
2026-03-29T15:20:00Z,55.67,2185.05,165.74,921.81,35.38,2434.19,158.06,116.41,45.00,2583.10,154.25,205.06,37.48,2261.71,163.19,298.59,204.56,28.88,92.29,188.35,1760.84,3559.71,2.56,148.93,96.79,569.80,2.60,927.28,60.39,470.08
2026-03-29T15:30:00Z,55.34,2195.22,165.51,914.80,35.15,2438.46,157.60,114.69,45.04,2570.19,154.78,197.42,37.50,2266.22,163.31,291.35,206.25,29.24,93.08,186.01,1767.68,3560.17,2.69,150.22,99.25,575.01,2.67,938.38,60.07,470.22
2026-03-29T15:40:00Z,55.55,2190.00,165.37,927.61,34.66,2450.44,157.82,108.76,44.97,2574.23,154.45,181.76,37.38,2263.62,163.19,296.41,206.73,30.18,92.66,186.38,1763.74,3548.75,2.45,150.22,96.28,572.84,3.24,926.88,59.40,473.46
2026-03-29T15:50:00Z,55.87,2192.92,164.89,924.41,34.87,2451.35,157.93,78.32,45.02,2578.26,153.68,177.49,37.30,2269.46,163.22,287.21,203.30,30.42,91.49,184.06,1772.02,3548.04,2.43,150.19,98.11,567.31,2.64,940.25,60.02,471.90
2026-03-29T16:00:00Z,55.63,2192.27,165.48,922.63,34.95,2455.58,158.15,90.19,44.75,2588.01,153.74,178.72,37.40,2272.45,163.49,279.75,203.73,29.02,91.69,181.03,1760.51,3557.47,2.52,150.02,99.51,572.46,3.03,926.57,60.47,481.03
2026-03-29T16:10:00Z,55.66,2182.72,165.44,927.63,34.75,2451.06,158.48,92.11,44.49,2594.90,153.84,164.65,37.10,2280.46,163.66,289.87,198.08,30.63,91.26,177.90,1754.71,3558.31,2.28,150.52,92.40,566.66,2.92,924.32,59.55,474.14
2026-03-29T16:20:00Z,55.41,2186.27,165.21,917.56,34.77,2444.52,157.67,100.54,44.70,2589.21,154.27,167.20,36.82,2275.52,164.08,283.69,199.61,27.04,91.99,178.54,1755.20,3547.57,2.69,150.87,94.94,573.98,3.13,929.42,60.31,473.75
2026-03-29T16:30:00Z,55.40,2183.08,164.99,915.72,34.99,2455.12,158.10,100.61,44.85,2588.41,154.22,173.38,36.76,2281.46,163.91,278.82,198.11,29.95,92.39,179.15,1757.77,3551.71,2.49,149.58,95.64,571.89,3.05,931.91,60.46,476.39
2026-03-29T16:40:00Z,55.60,2185.36,164.68,918.31,35.49,2447.57,157.84,100.88,44.66,2580.39,153.88,166.21,36.98,2283.79,163.11,264.07,198.33,29.40,91.67,175.30,1752.79,3558.48,2.62,147.99,92.07,571.22,3.30,928.11,58.37,474.81
2026-03-29T16:50:00Z,55.72,2179.10,165.27,921.35,35.27,2435.50,158.42,92.41,44.71,2572.15,153.75,163.41,37.13,2273.14,162.89,270.59,197.07,28.77,92.45,180.40,1761.36,3538.22,2.64,147.96,93.06,565.55,2.83,931.57,58.77,470.92
2026-03-29T17:00:00Z,55.80,2175.52,165.17,921.54,35.81,2433.13,158.11,97.82,44.95,2579.26,153.83,182.87,37.21,2276.37,162.37,274.64,198.74,29.31,92.62,176.87,1759.08,3561.20,2.51,147.55,95.25,576.95,2.81,932.75,60.01,485.15
2026-03-29T17:10:00Z,55.64,2174.48,165.49,939.69,35.42,2452.56,158.31,96.46,45.27,2583.43,153.48,191.36,37.47,2260.20,162.24,298.93,204.75,31.98,91.03,187.11,1762.27,3543.71,2.41,148.94,96.01,566.16,3.42,928.79,59.59,477.95
2026-03-29T17:20:00Z,55.85,2174.89,165.43,927.77,35.67,2446.03,158.13,99.39,44.79,2565.45,153.35,206.01,37.83,,162.48,311.61,202.28,34.66,90.55,184.95,1759.82,3545.12,2.43,149.44,94.97,575.33,3.15,931.70,58.69,475.79
2026-03-29T17:30:00Z,55.66,2174.00,165.71,923.73,36.02,2433.60,158.78,113.69,44.64,2572.32,153.64,193.40,37.70,2257.51,163.20,291.80,202.46,34.80,91.08,185.26,1750.13,3559.39,2.74,150.14,95.78,565.97,2.88,925.78,58.61,472.20
2026-03-29T17:40:00Z,55.86,2179.16,165.55,917.02,35.99,2422.22,158.34,128.15,44.74,2586.40,153.64,183.62,37.78,2268.98,163.46,293.50,206.22,33.02,91.60,189.36,1762.95,3552.21,2.48,150.35,99.00,579.78,2.93,925.56,60.15,486.94
2026-03-29T17:50:00Z,55.64,2188.25,165.01,924.04,36.17,2418.69,158.50,126.55,44.82,2577.97,153.75,187.16,37.59,2259.85,163.07,288.32,201.32,31.21,91.99,179.44,1766.96,3537.98,2.88,149.61,95.99,571.69,2.68,944.43,59.46,483.19
2026-03-29T18:00:00Z,55.48,2194.52,165.11,905.79,36.43,2407.30,158.22,129.38,44.73,2575.39,154.08,180.10,37.73,2263.13,164.15,300.16,209.96,30.71,91.96,190.75,1779.09,3549.39,2.45,148.42,99.70,579.72,2.83,939.19,60.17,486.08
2026-03-29T18:10:00Z,55.71,2191.03,166.13,922.09,36.46,2400.82,158.15,140.40,44.84,2581.36,154.50,179.52,37.60,2260.54,162.49,290.51,205.17,30.79,91.64,185.44,1759.41,3553.83,2.46,149.75,97.72,570.42,3.00,931.29,61.18,496.07
2026-03-29T18:20:00Z,55.43,2193.38,165.54,914.05,36.52,2414.47,158.52,145.72,44.92,2572.71,154.66,190.68,37.44,2255.02,163.29,293.52,202.29,31.00,91.79,182.78,1763.34,3552.07,2.36,151.35,96.34,565.33,2.57,928.24,61.13,463.73
2026-03-29T18:30:00Z,55.30,2203.45,165.24,894.70,36.36,2408.24,157.88,149.18,45.24,2573.84,154.52,185.37,37.34,2262.80,163.40,308.17,203.91,32.43,92.47,185.10,1757.41,3555.21,2.50,151.83,96.93,566.69,3.30,923.57,59.63,473.45
2026-03-29T18:40:00Z,55.31,2201.42,164.78,901.45,36.32,2421.38,158.80,160.57,44.98,2581.20,154.53,178.28,37.36,2269.52,163.64,302.42,204.51,30.62,92.08,185.96,1765.09,3552.98,2.43,149.64,94.54,568.97,2.92,933.18,59.49,472.71
2026-03-29T18:50:00Z,55.58,2191.65,164.63,908.29,35.96,2437.08,158.93,136.87,44.95,2568.91,154.94,190.55,37.76,2264.20,163.41,297.74,201.90,31.35,92.27,182.47,1760.56,3563.54,2.81,149.92,92.97,574.26,2.92,931.88,59.67,464.64
2026-03-29T19:00:00Z,55.33,2191.78,165.00,909.97,35.80,2433.89,159.25,123.46,45.09,2566.67,155.21,190.15,37.62,2259.86,163.40,297.76,205.21,32.41,92.03,186.27,1763.46,3540.57,2.34,148.70,98.44,571.42,2.91,931.53,60.18,470.19
2026-03-29T19:10:00Z,55.52,2178.85,166.08,936.41,35.54,2431.53,158.65,115.68,45.06,2580.20,154.37,196.05,37.47,2257.97,163.06,284.96,209.71,29.79,92.32,189.67,1767.53,3530.27,2.30,148.05,99.70,574.08,3.29,940.66,59.70,488.96
2026-03-29T19:20:00Z,55.51,2195.16,166.15,920.78,35.59,2439.98,158.13,113.83,45.02,2567.01,154.12,204.72,37.92,2252.11,163.06,291.63,203.74,29.41,91.95,183.38,1765.04,3558.26,2.41,149.45,96.53,574.68,3.13,932.18,59.37,477.25
2026-03-29T19:30:00Z,55.68,2187.96,165.89,919.98,35.41,2438.71,157.51,106.71,,2567.26,153.75,202.60,38.00,2261.14,163.25,303.43,206.28,31.20,91.30,182.62,1758.56,3536.99,2.38,150.11,96.68,573.89,2.69,930.13,59.10,484.19
2026-03-29T19:40:00Z,55.76,2184.68,166.06,905.84,36.20,2422.53,157.42,110.63,44.83,2581.30,154.17,187.22,38.21,2250.38,163.85,321.40,209.68,31.45,91.35,188.02,1761.06,3557.42,2.63,148.89,100.28,575.85,2.79,934.51,59.16,476.73
2026-03-29T19:50:00Z,56.23,2174.23,166.50,922.12,36.38,2421.24,157.76,124.42,44.82,2578.39,153.91,186.33,38.52,2238.87,164.08,329.70,206.61,32.75,91.25,186.84,1765.86,3553.55,2.43,149.12,97.47,577.06,2.98,927.73,59.15,479.40
2026-03-29T20:00:00Z,56.54,2168.55,166.06,929.70,36.13,2422.91,158.38,130.57,44.93,2582.85,154.51,176.18,38.33,2248.52,163.33,302.42,208.39,31.57,91.69,190.46,1761.25,3552.88,2.64,149.98,98.38,572.17,2.94,935.97,59.24,475.29
2026-03-29T20:10:00Z,56.91,2153.10,165.68,952.86,35.82,2434.28,158.39,133.64,45.42,2570.28,154.69,188.74,38.23,2245.77,163.52,317.42,205.66,31.89,91.88,182.44,1761.82,3548.88,2.56,149.18,99.01,572.33,3.08,923.28,59.45,484.41
2026-03-29T20:20:00Z,56.57,2158.28,166.70,959.97,35.98,2435.40,157.90,114.13,45.55,2556.66,154.39,188.24,38.33,2234.85,163.24,315.12,202.40,31.14,92.41,178.38,1757.64,3553.93,2.89,149.90,95.03,571.33,2.56,927.40,60.91,477.61
2026-03-29T20:30:00Z,56.96,2153.80,166.91,971.54,35.98,2429.06,157.63,114.17,45.91,2554.72,154.59,211.84,38.12,2248.66,163.44,310.71,203.62,32.93,92.12,179.82,1759.37,3541.81,2.22,149.73,95.70,564.40,3.33,927.84,60.03,480.33
2026-03-29T20:40:00Z,56.77,2161.72,166.53,960.41,36.47,2421.46,158.26,146.50,45.81,2549.66,155.05,220.33,37.84,2246.45,163.91,321.72,206.07,33.98,93.55,181.23,1763.64,3551.33,2.71,148.91,98.57,581.49,2.75,932.31,58.02,481.85
2026-03-29T20:50:00Z,56.52,2158.78,166.39,966.02,36.41,2415.90,158.59,152.73,46.04,2552.76,154.45,229.70,37.93,2258.62,,313.35,210.62,33.95,92.45,191.61,1770.56,3547.64,2.42,149.08,102.52,583.15,2.72,935.76,59.47,487.72
2026-03-29T21:00:00Z,56.84,2149.53,166.30,975.20,36.20,2420.70,159.08,154.26,46.38,2535.64,154.45,238.64,37.45,2269.32,164.59,289.81,209.72,33.92,93.13,187.18,1764.85,3539.72,2.40,149.58,97.69,571.45,3.07,935.67,57.85,468.00
2026-03-29T21:10:00Z,57.01,2140.26,166.43,976.52,36.29,2411.26,159.15,142.20,46.64,2538.98,155.20,235.12,37.81,2259.76,164.48,303.70,211.18,34.30,93.11,193.76,1772.12,3543.60,2.57,152.61,99.19,576.26,3.20,941.80,58.58,477.15
2026-03-29T21:20:00Z,56.68,2147.79,165.85,962.58,36.03,2424.75,159.52,132.13,46.95,2537.43,155.36,243.19,37.85,2248.93,164.78,305.98,208.79,33.45,92.53,187.40,1771.21,3547.59,2.49,150.08,100.20,575.22,3.12,943.34,59.41,479.62
2026-03-29T21:30:00Z,56.94,2142.45,166.64,962.65,36.14,2416.49,158.71,135.12,46.88,2531.62,156.56,258.76,37.84,2250.43,163.23,297.78,214.94,33.31,92.65,192.04,1771.63,3553.81,2.61,148.00,103.70,583.59,3.06,937.59,59.93,483.72
2026-03-29T21:40:00Z,57.30,2137.89,166.64,980.81,35.96,2427.97,158.74,123.31,46.85,2531.95,156.05,254.30,38.04,2246.68,163.46,310.45,210.71,33.48,92.40,186.96,1773.85,3547.65,2.29,149.38,97.74,568.78,2.98,942.94,60.23,462.15
2026-03-29T21:50:00Z,57.53,2145.52,167.04,982.72,35.79,2432.60,158.70,126.71,46.28,2537.40,156.04,256.69,37.63,2259.92,163.27,302.42,209.64,34.09,92.57,188.09,1766.42,3544.63,2.25,147.76,100.25,569.18,3.12,927.93,59.16,466.94
2026-03-29T22:00:00Z,57.28,2144.97,166.76,987.51,35.33,2427.47,158.20,120.49,46.37,2539.94,154.80,241.72,37.69,2261.27,163.51,301.16,207.26,32.04,93.58,191.89,1772.48,3552.94,2.39,149.33,98.27,579.89,2.89,936.23,59.55,485.42
2026-03-29T22:10:00Z,57.41,2142.13,166.04,987.99,35.29,2430.15,158.02,109.82,46.58,2540.46,155.54,241.19,37.67,2260.22,163.88,308.87,208.29,32.45,92.86,186.07,1769.02,3562.76,2.58,150.57,98.93,572.71,3.13,937.13,58.38,474.38
2026-03-29T22:20:00Z,57.11,2147.09,165.79,983.23,35.38,2438.33,158.39,119.37,46.78,2546.31,155.30,244.80,37.74,2256.89,164.82,304.47,209.71,30.65,93.02,191.51,1770.91,3559.52,2.35,150.14,97.86,561.57,2.96,934.09,58.18,469.13
2026-03-29T22:30:00Z,57.09,2150.61,165.84,980.67,35.77,2427.07,158.14,122.39,46.61,2530.49,155.29,250.83,37.45,2246.25,163.93,298.54,209.85,32.29,92.68,184.99,1760.38,3540.97,2.52,150.08,99.75,578.20,2.83,926.35,58.35,478.14
2026-03-29T22:40:00Z,56.72,2161.85,165.85,978.46,35.92,2426.83,157.78,129.29,46.42,2534.25,155.37,230.28,37.43,2255.35,163.95,299.57,211.23,33.70,93.04,189.76,1770.93,3554.14,2.37,148.53,101.41,578.21,3.34,939.10,57.97,484.83
2026-03-29T22:50:00Z,56.96,2166.24,166.14,955.92,36.02,2420.78,158.53,140.36,46.43,2543.98,155.56,235.15,37.67,2255.49,164.42,304.93,216.07,31.63,91.73,195.27,1775.30,3559.21,2.56,147.59,102.22,577.74,2.75,935.79,59.24,479.79
2026-03-29T23:00:00Z,56.84,2153.47,166.28,959.89,35.60,2428.97,157.89,124.34,46.69,2535.58,155.99,247.11,37.56,2256.83,164.26,296.49,216.46,33.62,91.46,193.94,1779.34,3553.62,2.61,149.75,104.25,582.50,3.12,941.06,58.98,488.15
2026-03-29T23:10:00Z,56.61,2156.39,166.95,977.18,35.14,2442.43,157.66,114.92,46.54,2544.97,156.10,258.02,37.24,2274.83,164.32,288.15,213.66,35.99,92.30,191.28,1772.64,3555.14,2.52,150.16,101.63,580.36,3.27,938.32,59.82,472.78
2026-03-29T23:20:00Z,56.85,2150.17,167.19,974.46,35.23,2448.76,157.33,110.41,46.10,2546.07,156.22,242.87,36.85,2272.77,163.81,289.05,206.49,33.05,93.43,182.91,1765.78,3549.60,2.65,149.09,99.17,582.07,3.23,932.92,60.33,480.70
2026-03-29T23:30:00Z,56.86,2144.80,166.77,967.04,35.20,2442.62,157.00,108.12,45.88,2555.41,155.84,225.32,37.01,2271.87,163.41,300.16,201.42,30.79,93.06,181.60,1764.19,3559.10,2.65,149.15,95.76,566.91,2.65,932.73,60.27,472.48
2026-03-29T23:40:00Z,56.54,2154.71,166.16,964.32,35.22,2452.35,156.98,95.35,45.66,2562.70,154.95,204.99,36.50,2284.71,163.45,289.38,204.63,31.54,92.08,186.75,1767.28,3553.55,2.28,149.25,100.77,576.33,3.32,931.17,59.47,472.70
2026-03-29T23:50:00Z,56.32,2158.55,166.27,966.25,35.15,2453.91,158.15,109.98,45.33,2560.62,154.24,197.17,36.81,2278.32,163.34,270.10,205.42,32.46,91.52,186.76,1768.71,3541.63,2.60,148.73,98.64,573.46,2.93,934.47,58.11,483.20
2026-03-30T00:00:00Z,56.58,2157.48,166.19,954.25,34.96,2450.48,158.46,106.75,46.44,2537.64,154.72,224.20,37.05,2280.03,163.04,260.00,201.11,32.88,92.17,181.40,1762.07,3541.98,2.72,149.74,98.48,576.22,3.25,932.51,,483.33
2026-03-30T00:10:00Z,56.61,2157.42,165.96,956.47,35.06,2446.22,158.67,96.73,47.24,2524.98,155.08,245.77,36.75,2278.85,162.69,279.17,201.10,33.17,92.49,183.54,1761.48,3554.26,2.30,147.96,94.64,573.91,2.87,932.08,59.02,483.11
2026-03-30T00:20:00Z,56.69,2157.21,165.79,954.31,35.21,2447.51,158.13,93.04,48.10,2506.20,155.19,250.95,36.79,2278.24,162.86,286.83,206.37,33.47,91.32,190.78,1774.44,3557.74,2.41,151.23,98.05,574.12,3.02,945.82,60.25,478.28
2026-03-30T00:30:00Z,56.63,2160.59,166.39,966.51,35.12,2446.38,158.13,98.77,48.84,2489.94,155.64,286.07,37.13,2281.95,162.78,275.83,217.23,34.30,91.67,199.70,1779.70,3552.02,2.54,149.37,102.86,586.53,2.59,934.79,59.61,481.29
2026-03-30T00:40:00Z,56.59,2164.34,166.63,969.15,35.43,2441.78,158.12,99.19,49.25,2469.24,156.04,320.14,37.17,2270.49,162.77,281.66,213.61,32.55,92.80,188.23,1774.20,3565.04,2.32,150.99,102.05,579.07,2.91,934.65,58.60,476.91
2026-03-30T00:50:00Z,56.84,2158.05,166.48,970.09,35.42,2432.62,158.12,113.99,50.06,2452.78,156.60,351.05,37.55,2274.77,162.23,296.04,211.09,33.46,92.83,187.40,1779.30,3545.14,2.88,149.60,99.96,573.15,3.14,939.55,59.51,479.70
2026-03-30T01:00:00Z,56.70,2144.28,166.87,972.38,35.44,2441.88,158.27,118.41,50.68,2437.39,157.54,350.07,37.47,2277.76,162.67,288.48,213.68,36.10,91.94,190.68,1768.77,3558.54,2.43,150.58,100.81,575.78,2.95,932.04,59.57,475.24
2026-03-30T01:10:00Z,56.97,2153.10,166.88,968.15,35.25,2438.63,158.53,114.19,51.38,2421.59,157.37,369.23,37.35,2262.49,162.95,288.69,210.01,36.03,91.78,192.56,1779.12,3549.57,2.47,150.64,98.97,573.20,3.12,936.51,60.80,480.69
2026-03-30T01:20:00Z,56.94,2152.03,167.02,964.51,35.70,2423.62,158.63,113.18,51.44,2410.62,157.85,405.67,37.24,2271.92,163.40,285.44,210.21,36.37,92.44,184.58,1751.75,3546.53,2.65,150.65,101.73,575.51,2.80,929.13,60.62,481.77
2026-03-30T01:30:00Z,56.75,2160.40,166.57,961.48,35.49,2420.72,159.00,115.00,51.83,2399.00,158.07,430.37,37.23,2276.62,163.05,276.75,213.35,36.31,92.47,193.65,1779.56,3573.33,2.36,150.22,100.33,578.03,3.08,944.41,58.94,479.47
2026-03-30T01:40:00Z,56.71,2168.74,166.76,955.38,35.17,2442.32,158.42,112.28,53.11,2386.84,159.33,452.99,37.17,2266.81,163.89,286.32,220.30,35.09,92.92,199.61,1777.31,3544.73,2.29,151.10,106.20,582.63,3.07,947.75,58.62,479.25
2026-03-30T01:50:00Z,56.64,2167.18,166.92,943.89,35.18,2442.50,158.55,100.59,53.81,2367.17,159.79,464.93,36.95,2276.56,163.32,289.92,218.55,33.31,93.83,196.68,1779.40,3542.26,2.36,150.60,104.38,585.11,3.09,935.62,59.29,489.46
2026-03-30T02:00:00Z,56.85,2157.51,166.00,949.44,34.75,2451.44,158.27,103.17,54.27,2353.39,159.41,476.65,36.41,2297.90,162.98,269.01,221.49,36.62,93.28,201.76,1785.34,3556.21,2.48,151.62,104.77,575.29,3.09,942.91,59.29,475.26
2026-03-30T02:10:00Z,57.07,2150.08,166.24,959.15,34.73,2447.98,158.01,99.64,54.74,2336.03,160.13,513.08,36.58,2298.51,162.53,257.06,219.63,38.62,93.23,195.13,1783.47,3547.31,2.49,149.85,102.59,575.90,3.09,944.27,59.61,475.63
2026-03-30T02:20:00Z,57.33,2155.07,166.49,967.56,34.77,2452.35,158.17,99.92,54.58,2338.80,160.49,528.50,36.61,2275.45,162.86,262.55,216.52,36.12,92.78,194.77,1774.13,3551.30,2.43,150.14,100.66,580.07,2.89,937.11,58.31,487.02
2026-03-30T02:30:00Z,57.46,2148.52,166.71,974.11,34.44,2453.56,157.62,99.05,54.55,2339.56,160.88,529.74,36.78,2271.58,163.05,279.44,217.17,36.50,92.87,193.63,1771.61,3549.89,2.87,149.27,102.65,579.96,3.36,934.42,59.01,480.36
2026-03-30T02:40:00Z,57.46,2140.57,166.60,992.46,34.65,2459.63,158.09,96.61,54.33,2350.67,161.18,526.11,36.91,2289.23,163.47,281.16,216.69,35.61,93.41,195.30,1773.28,3552.42,2.42,147.90,105.13,580.98,2.51,935.47,59.33,489.65
2026-03-30T02:50:00Z,57.26,2148.41,166.55,984.04,34.72,2448.44,157.81,86.38,55.42,2326.01,160.62,538.38,37.03,2280.23,163.21,271.46,218.76,37.55,93.38,195.33,1776.46,3545.84,2.50,149.56,102.83,580.25,3.24,934.33,58.51,493.34
2026-03-30T03:00:00Z,57.33,2144.78,166.51,987.35,34.73,2449.80,158.22,112.62,55.83,2313.92,160.85,548.19,37.12,2277.32,163.12,270.49,224.16,40.69,93.10,207.40,1788.28,3552.99,2.51,146.81,107.00,585.78,3.48,946.53,58.38,485.34
2026-03-30T03:10:00Z,57.00,2142.89,166.54,977.31,,2472.63,158.78,93.63,55.72,2313.01,160.92,555.23,36.55,2269.54,162.34,263.67,224.55,40.85,93.01,202.11,1768.07,3560.31,2.14,149.01,105.39,574.51,2.71,927.99,58.64,474.56
2026-03-30T03:20:00Z,56.51,2161.36,166.81,955.46,34.37,2474.95,158.77,85.88,55.90,2303.46,161.01,558.25,36.39,2287.28,162.09,256.11,220.48,38.60,93.03,197.46,1779.55,3550.46,2.36,148.60,106.13,588.60,2.56,935.65,60.30,482.80
2026-03-30T03:30:00Z,56.32,2167.10,166.90,961.32,34.44,2463.76,158.35,79.65,56.06,2295.57,161.57,574.68,36.20,2299.70,161.91,244.64,218.67,37.03,93.65,194.92,1770.19,3559.13,2.73,150.20,103.24,579.82,2.83,937.04,59.13,474.40
2026-03-30T03:40:00Z,55.88,2169.10,166.10,961.44,34.61,2463.03,157.26,76.59,56.53,2285.42,161.41,584.56,35.97,2296.65,161.52,244.36,220.63,36.70,93.69,197.52,1778.25,3563.25,2.57,151.11,106.84,582.24,2.89,935.89,59.26,486.31
2026-03-30T03:50:00Z,55.59,2180.04,166.07,946.97,34.76,2459.56,157.75,76.60,56.85,2279.33,162.26,598.07,36.23,2289.63,161.76,246.61,220.40,36.41,93.31,194.72,1774.50,3543.94,2.53,151.29,105.29,578.88,2.81,941.06,59.05,480.87
2026-03-30T04:00:00Z,55.85,2177.72,166.77,945.88,34.73,2454.55,,89.27,57.67,2259.91,162.74,613.84,36.08,2296.16,161.92,232.51,219.33,35.98,93.16,197.53,1774.46,3546.09,2.35,149.99,107.59,593.90,2.77,928.40,58.72,491.74
2026-03-30T04:10:00Z,56.10,2170.38,166.58,933.59,34.75,2467.58,157.22,87.82,58.20,2253.19,163.55,644.71,36.18,2296.68,161.66,234.55,217.52,38.31,92.96,191.37,1768.44,3553.21,2.63,148.90,103.38,579.31,2.82,935.18,58.62,474.89
2026-03-30T04:20:00Z,55.94,2181.43,167.39,952.62,34.61,2459.90,157.07,72.32,58.51,2242.59,164.39,658.20,36.08,2294.85,162.13,245.31,222.43,38.83,92.05,198.17,1773.96,3551.35,2.45,151.31,105.86,590.31,3.01,932.06,58.87,495.02
2026-03-30T04:30:00Z,55.95,2176.72,166.44,942.84,34.88,2458.34,156.55,86.85,58.67,2233.66,163.84,658.96,35.59,2310.77,161.86,217.30,222.92,38.58,92.23,200.24,1783.15,3538.31,2.66,148.95,109.20,599.71,2.65,944.59,59.91,494.71
2026-03-30T04:40:00Z,55.89,2171.18,165.93,941.54,34.61,2463.55,156.81,77.69,58.95,2237.40,163.74,669.28,35.79,2309.80,161.71,226.78,225.31,40.40,92.86,203.02,1788.35,3552.49,2.23,151.17,106.18,589.62,2.71,941.11,59.67,497.73
2026-03-30T04:50:00Z,56.22,2167.32,165.04,936.62,34.60,2459.73,157.83,80.75,59.33,2222.85,163.64,668.49,36.06,2290.82,162.39,243.80,225.74,39.68,92.87,201.86,1780.79,3558.17,2.56,150.71,109.24,589.27,3.06,947.17,58.54,496.31
2026-03-30T05:00:00Z,56.18,2163.98,165.94,945.00,34.90,2451.18,158.33,82.73,59.97,2217.04,164.40,677.18,35.83,2299.13,161.48,243.80,230.51,38.98,93.01,208.83,1787.12,3557.36,2.58,149.17,111.63,596.03,2.92,945.36,60.00,495.38
2026-03-30T05:10:00Z,56.41,2162.39,166.26,944.00,35.21,2446.75,158.20,105.80,60.44,2204.35,164.58,705.32,36.16,2299.13,161.88,245.03,226.79,40.83,93.98,206.71,1789.72,3549.01,2.42,149.23,106.95,591.48,3.06,941.88,60.58,486.81
2026-03-30T05:20:00Z,56.50,2175.29,166.04,956.65,35.06,2445.47,158.43,86.87,60.79,2190.50,165.11,732.84,36.05,2300.34,161.50,222.72,225.62,41.20,93.14,201.04,1773.21,3559.07,2.55,150.45,109.80,581.40,3.04,934.97,61.17,487.02
2026-03-30T05:30:00Z,56.35,2174.90,166.71,952.78,35.01,2443.84,158.27,93.61,61.23,2178.27,165.07,751.94,36.15,2313.20,161.18,226.79,226.35,39.75,93.72,204.05,1777.60,3545.56,2.59,148.18,107.53,585.51,2.90,937.07,61.75,489.98
2026-03-30T05:40:00Z,56.68,2169.45,166.34,955.60,35.08,2446.86,157.96,80.44,61.07,2175.90,164.40,750.77,36.26,2302.65,162.10,223.86,233.76,39.63,93.41,206.43,1784.03,3562.23,2.27,150.97,111.62,600.13,3.10,947.75,62.33,503.03
2026-03-30T05:50:00Z,56.99,2157.42,165.79,948.98,35.21,2445.80,157.48,86.20,61.35,2165.99,165.08,762.91,36.25,2292.40,162.24,231.01,229.02,40.23,93.67,209.29,1777.72,3564.19,2.37,150.56,112.30,584.43,2.86,936.82,62.92,489.05
2026-03-30T06:00:00Z,56.91,2162.15,166.76,960.53,34.81,2452.99,158.04,84.79,61.02,2175.95,165.43,755.39,36.01,2297.18,162.63,236.58,229.25,39.91,94.61,206.87,1787.32,3552.82,2.33,149.54,108.00,584.45,2.84,941.14,63.50,475.51
2026-03-30T06:10:00Z,57.03,2144.66,166.57,982.11,34.65,2454.83,157.78,81.63,61.47,2166.07,165.82,757.79,36.17,2297.26,162.59,255.74,228.39,39.47,93.73,204.42,1786.56,3549.16,2.35,149.41,108.95,585.05,2.66,940.89,64.08,494.38
2026-03-30T06:20:00Z,56.61,2160.21,166.35,974.46,34.79,2453.06,158.08,80.68,61.81,2157.08,165.58,786.43,36.14,2302.41,162.28,249.30,232.56,41.10,93.36,210.65,1790.39,3543.49,2.50,150.50,110.98,592.23,3.40,943.53,64.67,492.16
2026-03-30T06:30:00Z,56.65,2154.06,165.38,969.89,34.81,2455.65,157.90,92.07,61.78,2159.19,166.60,777.59,35.92,2307.76,162.25,239.60,232.99,41.05,92.62,209.45,1789.06,3563.15,2.66,150.47,109.87,589.57,3.25,945.43,65.25,490.89
2026-03-30T06:40:00Z,56.79,2154.48,166.00,967.55,34.64,2460.30,157.11,82.64,61.82,2153.65,166.36,785.60,36.18,2296.12,161.98,242.38,228.78,41.06,93.15,208.09,1779.48,3547.38,2.43,150.28,111.37,588.95,3.35,939.65,65.83,498.04
2026-03-30T06:50:00Z,56.74,2147.42,166.30,960.07,34.75,2470.42,156.88,66.79,62.07,2151.32,166.24,783.17,36.43,2286.17,162.13,245.39,231.38,42.74,93.44,203.97,1790.17,3561.62,2.43,150.60,111.88,585.96,2.84,951.51,66.42,483.82
2026-03-30T07:00:00Z,56.75,2153.52,166.36,962.98,34.62,2471.89,157.02,69.87,62.24,2145.53,166.19,788.34,36.23,2287.79,162.43,243.32,231.02,43.62,93.24,205.05,1788.45,3550.53,2.48,149.56,109.49,582.57,2.98,950.46,67.00,486.84
2026-03-30T07:10:00Z,56.43,2156.06,166.50,956.04,34.46,2453.01,156.67,78.44,62.16,2151.74,166.49,795.25,36.02,2291.50,162.34,252.74,229.86,42.59,94.28,203.82,1784.58,3536.36,2.74,147.64,107.83,587.46,2.72,941.40,67.58,489.26
2026-03-30T07:20:00Z,56.72,2161.34,166.71,945.30,34.45,2464.46,156.79,78.92,62.25,2147.28,166.30,787.87,36.46,2293.14,162.76,255.20,227.13,43.52,93.20,201.37,1774.92,3548.59,2.45,149.96,109.27,580.01,2.79,939.58,68.17,472.95
2026-03-30T07:30:00Z,56.41,2159.74,166.31,948.95,34.46,2459.97,157.24,65.09,62.02,2152.50,166.49,796.76,36.32,2289.28,162.84,255.10,227.06,43.65,92.45,204.29,1776.88,3556.61,2.37,150.03,108.55,588.53,2.96,934.19,68.75,499.77
2026-03-30T07:40:00Z,56.82,2154.19,166.37,962.31,34.16,2467.09,156.45,83.18,61.54,2160.61,166.04,798.05,36.56,2296.87,162.40,244.15,232.39,40.23,92.72,209.77,1788.57,3552.97,2.47,148.89,111.47,595.77,2.67,945.73,69.33,503.73
2026-03-30T07:50:00Z,57.20,2147.72,166.45,967.78,34.42,2463.31,157.10,89.94,61.63,2158.75,165.56,794.89,36.42,2301.39,161.87,263.82,234.12,41.22,93.62,212.38,1788.09,3544.90,2.23,150.90,112.18,591.30,2.94,936.46,69.92,499.71
2026-03-30T08:00:00Z,57.16,2157.11,165.85,979.42,34.92,2452.47,156.99,86.80,61.51,2151.43,166.08,795.43,36.34,2290.08,161.65,248.10,230.94,43.16,93.90,209.42,1785.83,3546.69,2.47,147.64,110.26,584.47,3.08,946.81,70.50,489.80
2026-03-30T08:10:00Z,57.14,2144.05,166.41,982.72,35.06,2449.57,157.30,103.28,61.15,2161.42,166.56,770.20,36.70,2282.51,162.64,257.54,237.15,42.29,94.77,210.19,1784.51,3546.48,2.68,149.97,114.69,597.18,2.73,944.18,71.08,497.87
2026-03-30T08:20:00Z,57.61,2137.79,166.82,987.26,34.80,2437.19,157.63,103.25,61.23,2168.23,166.09,767.57,36.39,2278.88,162.16,249.92,233.97,42.76,94.25,209.02,1784.76,3544.21,2.66,148.80,112.46,594.68,3.01,939.27,71.67,501.15
2026-03-30T08:30:00Z,57.58,2148.68,166.86,990.46,34.77,2452.02,156.87,91.94,61.65,2148.24,166.65,771.34,36.41,2290.70,161.99,258.17,228.53,42.29,94.41,208.02,1789.20,3557.94,2.57,148.97,108.79,586.70,3.32,940.06,72.25,488.65
2026-03-30T08:40:00Z,57.66,2134.36,166.54,984.84,34.95,2465.25,157.30,94.91,61.70,2157.69,165.80,775.93,37.05,2274.19,162.36,263.78,233.41,43.43,94.38,213.34,1792.12,3548.83,2.48,152.63,110.66,596.32,3.43,950.44,72.83,502.28
2026-03-30T08:50:00Z,57.50,2128.67,166.23,990.91,34.96,2455.52,156.98,93.43,61.56,2159.10,166.23,780.74,37.22,2274.82,162.87,272.14,233.59,45.67,94.10,208.05,1783.85,3550.76,2.60,148.36,111.88,595.96,2.90,942.71,73.42,502.65
2026-03-30T09:00:00Z,57.47,2127.01,166.99,987.05,35.59,2447.51,158.00,86.17,61.81,2158.20,166.40,796.07,37.13,2276.59,162.68,268.18,233.43,46.45,94.98,210.78,1784.59,3552.30,2.40,149.23,112.76,591.44,3.18,949.00,74.00,493.07
2026-03-30T09:10:00Z,57.13,2134.56,166.76,990.45,36.12,2427.54,158.03,121.84,61.93,2156.70,166.25,788.75,37.23,2273.74,162.69,275.42,234.91,41.90,94.51,212.13,1782.88,3548.01,2.33,149.60,112.97,593.03,3.02,945.34,74.58,503.87
2026-03-30T09:20:00Z,57.30,2147.47,166.56,970.39,36.02,2423.91,158.45,143.68,61.68,2149.64,166.55,796.07,37.43,2261.25,162.77,281.45,237.84,42.60,94.19,212.74,1786.74,3553.99,2.30,149.22,114.87,592.76,3.21,944.94,75.17,497.50
2026-03-30T09:30:00Z,56.87,2148.84,167.03,968.25,35.97,2426.68,159.31,142.11,61.43,2162.23,165.89,778.74,37.08,2270.91,162.88,281.72,238.89,42.42,94.25,212.37,1795.11,3556.52,2.75,150.82,117.33,601.57,2.98,954.06,75.75,506.47
2026-03-30T09:40:00Z,56.71,2143.94,166.50,972.79,35.50,2439.16,159.22,134.46,61.61,2153.63,166.07,769.68,37.08,2268.39,162.17,275.74,236.76,44.32,94.06,213.87,1789.94,3555.53,2.38,148.29,114.73,603.62,3.36,949.94,76.33,494.74
2026-03-30T09:50:00Z,56.95,2147.77,166.42,962.54,35.72,2441.45,158.36,121.25,61.55,2161.82,165.89,779.58,37.28,2267.14,162.32,275.40,230.57,45.01,94.30,206.69,1789.21,3548.88,2.62,151.71,105.87,584.00,2.77,943.94,76.92,489.24
2026-03-30T10:00:00Z,56.97,2145.34,166.15,953.02,35.90,2432.08,159.17,130.06,61.47,2160.03,166.76,761.44,37.38,2274.50,162.52,287.79,231.67,41.36,93.37,206.20,1784.72,3549.05,2.47,147.89,109.75,585.18,3.18,939.64,77.50,488.03
2026-03-30T10:10:00Z,56.70,2146.94,166.66,963.72,35.68,2433.86,158.97,120.74,61.61,2159.92,165.66,774.07,36.98,2275.84,161.94,280.15,239.25,43.10,93.77,212.24,1784.36,3549.30,2.66,149.27,113.93,589.10,3.19,946.55,78.08,493.67
2026-03-30T10:20:00Z,56.60,2147.69,165.81,964.97,35.52,2425.99,158.62,102.14,61.21,2174.39,165.81,770.37,36.97,2271.71,162.45,278.51,242.70,43.81,93.76,216.61,1782.38,3551.35,2.57,150.94,115.22,590.62,2.85,941.45,78.67,503.64
2026-03-30T10:30:00Z,56.81,2147.66,165.73,963.54,35.37,2429.81,158.77,115.98,61.28,2161.94,165.41,768.10,37.14,2272.92,162.32,269.38,236.92,44.47,93.17,211.92,1791.05,3542.98,2.58,149.94,111.17,587.34,2.88,949.23,79.25,487.08
2026-03-30T10:40:00Z,56.54,2167.21,165.82,950.18,35.11,2437.29,158.20,121.57,61.69,2163.18,165.11,760.62,37.46,2266.65,163.41,286.40,235.91,46.49,93.37,214.94,1797.23,3556.15,2.37,150.68,109.93,582.92,2.92,947.81,79.83,487.25
2026-03-30T10:50:00Z,56.68,2164.97,164.93,941.63,34.94,2444.45,157.40,100.16,62.28,2154.32,165.40,762.96,37.58,2256.04,164.09,290.79,232.89,46.42,93.69,207.67,1796.10,3565.73,2.55,150.48,113.77,594.42,2.95,950.88,80.42,502.95
2026-03-30T11:00:00Z,56.81,2158.93,165.76,952.14,34.94,2443.23,157.83,94.09,62.29,2151.73,165.55,763.77,37.44,2264.23,163.90,293.98,232.28,46.59,93.67,210.40,1782.04,3553.17,2.42,150.38,107.25,581.18,3.19,941.51,81.00,493.84
2026-03-30T11:10:00Z,57.05,2148.51,165.35,960.51,35.08,2444.39,157.99,101.61,62.22,2144.51,165.25,779.58,37.27,2250.64,163.74,304.41,235.50,43.98,94.21,212.42,1793.69,3558.32,2.54,150.28,112.72,590.59,3.16,948.16,81.58,473.76
2026-03-30T11:20:00Z,57.41,2138.04,165.45,976.15,35.11,2439.20,158.52,116.58,62.27,2144.20,165.98,783.84,37.57,2246.33,163.39,327.98,237.18,45.61,93.67,210.26,1786.75,3547.68,2.30,149.06,111.90,595.37,3.13,942.15,82.17,493.49
2026-03-30T11:30:00Z,57.46,2139.81,166.38,971.69,34.86,2441.59,157.97,107.79,62.13,2154.84,166.29,792.95,37.07,2269.06,163.94,289.62,233.09,43.76,94.75,211.51,1783.87,3545.33,2.50,148.04,111.66,589.73,3.12,939.44,82.75,493.97
2026-03-30T11:40:00Z,57.81,2127.79,166.45,991.87,34.69,2447.99,158.06,109.99,62.11,2136.96,166.88,817.75,36.55,2276.78,163.99,272.89,232.45,44.55,94.19,211.02,1781.98,3544.54,2.51,151.23,114.61,592.91,3.15,937.17,83.33,509.52
2026-03-30T11:50:00Z,57.28,2136.20,165.89,999.54,34.34,2460.45,157.78,99.37,62.23,2142.63,167.17,819.51,36.42,2286.57,163.39,265.68,237.68,43.10,93.65,214.05,1776.87,3534.99,2.37,151.27,113.58,589.64,2.69,938.07,83.92,493.64
2026-03-30T12:00:00Z,57.41,2134.75,166.72,990.68,34.50,2459.25,158.30,93.71,61.98,2156.09,167.17,809.56,36.32,2291.83,162.34,258.74,230.12,42.18,94.27,204.29,1780.82,3542.39,2.37,149.56,109.99,585.68,2.87,935.31,84.50,481.37
2026-03-30T12:10:00Z,57.34,2145.01,166.49,990.08,34.85,2465.16,158.22,94.96,61.94,2153.65,167.28,808.48,36.53,2290.25,162.32,251.80,232.52,45.04,94.19,208.90,1788.53,3543.16,2.53,151.64,112.77,589.78,3.13,949.71,85.08,497.90
2026-03-30T12:20:00Z,57.32,2143.05,166.91,984.14,34.86,2455.86,158.44,82.90,62.12,2146.44,167.21,795.67,36.61,2280.19,162.77,259.73,234.64,44.11,95.03,209.37,1791.07,3542.95,2.68,149.99,113.93,586.51,2.66,944.21,85.67,477.35
2026-03-30T12:30:00Z,57.66,2136.07,166.95,1000.32,34.93,2448.09,159.05,86.10,61.73,2155.38,166.28,796.39,36.75,2283.74,162.69,255.66,236.23,45.10,94.75,211.11,1798.11,3546.64,2.71,151.71,114.80,594.34,3.00,959.13,86.25,494.60
2026-03-30T12:40:00Z,57.08,2139.26,166.50,991.30,34.66,2460.17,158.68,94.67,61.76,2151.54,166.39,784.55,36.62,2290.46,162.93,262.50,234.14,46.20,94.05,211.61,1787.42,3560.44,2.33,149.40,109.56,585.88,3.11,950.08,86.83,500.85
2026-03-30T12:50:00Z,56.62,2156.51,166.65,979.82,34.69,2457.71,157.28,81.31,61.43,2159.30,165.91,778.13,36.50,2291.40,162.20,262.88,231.66,46.20,93.71,211.23,1785.38,3556.44,2.61,148.28,113.12,589.12,2.81,937.33,87.42,486.62
2026-03-30T13:00:00Z,56.43,2158.34,166.91,961.47,34.57,2462.21,157.29,79.46,61.15,2161.57,165.70,767.56,36.42,2296.42,162.64,254.02,230.66,43.62,94.44,206.21,1776.93,3534.20,2.29,147.68,110.53,587.10,2.90,937.96,88.00,496.94
2026-03-30T13:10:00Z,56.69,2156.24,167.09,963.00,34.58,2472.14,157.35,75.30,60.90,2175.45,165.65,764.35,36.24,2279.40,162.12,256.26,228.57,41.71,94.06,205.46,1782.60,3558.88,2.37,149.88,107.98,583.66,3.29,936.73,88.58,497.73
2026-03-30T13:20:00Z,56.95,2161.03,165.72,960.28,34.96,2451.31,157.86,99.38,61.08,2178.77,165.88,751.31,36.36,2302.71,162.74,254.97,234.47,42.14,93.81,207.53,1783.48,3559.56,2.59,151.45,113.96,593.75,3.22,946.11,89.17,490.84
2026-03-30T13:30:00Z,56.88,2161.85,166.40,961.84,34.90,2453.67,158.05,88.13,61.09,2173.35,165.66,757.70,36.50,2293.49,162.62,252.04,231.16,43.48,93.64,208.84,1785.41,3544.05,2.34,148.96,109.49,587.63,2.54,944.16,89.75,483.97
2026-03-30T13:40:00Z,57.17,2152.47,166.18,969.29,34.86,2453.65,157.03,76.83,61.09,2176.12,165.53,747.79,36.72,2275.17,162.86,275.93,229.00,41.35,94.09,207.73,1796.30,3538.06,2.73,151.10,111.80,588.92,2.88,950.67,90.33,489.80
2026-03-30T13:50:00Z,57.05,2140.62,166.05,975.00,35.41,2449.30,157.11,94.45,61.00,2181.44,165.48,753.44,36.79,2288.79,162.26,261.88,229.75,40.32,94.59,208.01,1787.15,3564.25,2.61,151.93,110.57,586.11,3.10,945.26,90.92,482.99
2026-03-30T14:00:00Z,56.69,2145.27,166.67,982.61,35.11,2436.10,157.93,91.68,61.16,2177.70,165.46,762.24,36.42,2285.18,161.68,253.48,230.64,43.68,93.81,204.38,1774.87,3538.37,2.38,149.39,111.17,591.34,3.34,934.80,91.50,492.53
2026-03-30T14:10:00Z,57.20,2143.87,166.25,980.35,35.12,2456.77,156.91,97.61,61.37,2170.84,166.40,778.05,36.00,2301.85,162.43,249.65,227.75,42.83,94.08,203.86,1774.43,3548.80,2.64,148.91,110.38,592.81,2.77,933.10,92.08,494.12
2026-03-30T14:20:00Z,57.03,2155.49,165.84,974.34,35.07,2450.53,157.55,97.66,61.23,2165.11,166.46,783.15,36.14,2300.32,162.43,254.23,232.91,42.54,93.52,209.73,1783.22,3576.99,2.47,150.91,112.62,598.06,2.87,948.30,92.67,501.52
2026-03-30T14:30:00Z,57.33,2162.36,165.20,965.01,34.85,2454.47,157.51,97.34,61.50,2156.50,166.73,774.70,36.24,2300.16,161.75,248.22,232.05,41.63,93.40,207.60,1797.27,3559.79,2.61,149.90,111.44,593.03,3.05,948.00,93.25,493.87
2026-03-30T14:40:00Z,56.93,2149.57,165.20,959.30,34.68,2454.44,157.37,85.93,60.95,2174.76,166.00,753.66,36.36,2287.61,162.06,251.11,236.15,39.09,93.45,210.91,1784.75,3545.12,2.42,149.86,113.12,589.76,3.10,937.89,93.83,489.69
2026-03-30T14:50:00Z,56.71,2164.19,165.59,964.43,35.19,2449.06,157.18,98.93,61.24,2176.54,166.03,764.97,36.33,2300.64,162.27,238.62,229.52,41.45,93.98,205.60,1779.90,3552.44,2.40,150.07,111.32,591.28,3.09,933.29,94.42,495.13
2026-03-30T15:00:00Z,56.87,2152.77,165.35,960.70,35.14,2458.91,158.05,99.64,61.61,2161.55,165.88,769.08,36.30,2286.95,162.12,248.75,231.46,40.92,94.38,206.27,1780.41,3553.26,2.69,149.93,109.69,587.19,3.10,947.81,77.09,486.26
2026-03-30T15:10:00Z,56.77,2163.65,165.64,951.78,35.12,2448.49,157.67,100.37,61.39,2171.41,165.37,753.48,36.39,2299.81,162.55,243.77,231.40,41.52,94.35,207.76,1783.03,3556.25,2.43,149.55,111.62,585.62,2.80,948.08,68.46,495.02
2026-03-30T15:20:00Z,56.70,2161.92,165.34,947.77,35.00,2451.71,157.34,84.50,61.60,2171.35,166.17,754.46,36.66,2295.71,162.02,242.27,235.05,41.01,94.62,213.01,1786.00,3560.39,2.66,151.20,112.37,589.16,3.14,942.90,63.37,491.93
2026-03-30T15:30:00Z,56.45,2158.62,165.43,951.14,35.04,2450.80,157.14,85.87,61.72,2159.70,166.83,776.90,36.55,2288.21,162.26,236.57,231.55,41.93,94.43,209.26,1782.11,3543.87,2.45,150.85,113.06,587.64,2.98,938.51,61.28,487.74
2026-03-30T15:40:00Z,56.17,2166.58,165.71,942.08,35.09,2452.85,157.84,88.59,61.82,2146.82,166.49,778.44,36.33,2289.23,161.72,226.46,228.89,40.36,93.13,208.28,1787.22,3552.33,2.32,150.19,110.29,589.14,3.15,934.00,60.28,487.33
2026-03-30T15:50:00Z,56.43,2155.32,166.67,964.95,35.17,2446.09,157.54,102.45,62.11,2160.51,166.33,779.10,36.42,2288.34,161.90,256.00,234.68,39.89,93.27,210.68,1787.38,3563.39,2.21,148.94,113.90,592.93,2.75,944.34,59.02,503.36
2026-03-30T16:00:00Z,56.34,2171.56,166.83,947.47,35.07,2446.34,157.75,103.00,62.51,2147.76,166.16,786.66,36.37,2294.33,161.22,234.75,235.69,41.14,93.90,210.76,1782.78,3534.41,2.39,149.40,111.01,589.56,3.22,948.21,60.84,497.73
2026-03-30T16:10:00Z,56.47,2167.20,166.33,948.29,34.69,2462.60,157.76,92.60,62.26,2147.43,165.78,789.35,36.68,2287.03,161.34,229.10,241.05,38.91,93.77,213.09,1792.19,3550.13,2.18,151.92,117.01,589.80,2.79,950.09,61.07,485.22
2026-03-30T16:20:00Z,56.73,2157.59,166.50,956.90,35.07,2447.45,157.91,112.36,62.55,2135.20,166.43,791.21,36.62,2297.82,162.12,241.53,232.90,38.99,93.88,211.62,1786.20,3538.77,2.47,149.25,109.54,590.79,3.38,941.07,60.35,496.67
2026-03-30T16:30:00Z,56.94,2151.28,166.54,950.29,35.25,2446.04,157.79,102.31,62.54,2138.57,166.83,800.54,36.69,2290.10,162.10,246.49,235.08,41.27,93.28,212.83,1795.74,3527.56,2.43,149.18,113.08,590.69,2.89,943.61,59.81,499.48
2026-03-30T16:40:00Z,57.01,2142.12,166.19,957.65,35.38,2443.45,158.14,99.39,62.77,2134.09,166.68,815.44,36.75,2292.82,,269.88,238.09,42.35,93.79,211.96,1791.59,3563.82,2.43,149.26,114.80,589.48,3.02,943.14,59.05,488.52
2026-03-30T16:50:00Z,56.28,2148.12,166.82,961.68,35.32,2452.76,158.09,92.36,62.33,2138.94,166.24,817.90,36.81,2278.80,162.20,271.89,233.21,42.27,94.05,209.73,1792.14,3542.21,2.64,149.28,111.52,584.67,3.06,943.34,59.81,497.51
2026-03-30T17:00:00Z,56.25,2164.80,167.01,955.03,35.44,2442.36,158.12,97.64,62.64,2142.86,166.36,815.01,36.72,2279.10,162.66,265.21,232.86,40.05,93.64,209.42,1790.19,3549.80,2.34,150.21,112.20,588.18,2.85,944.72,59.91,490.04
2026-03-30T17:10:00Z,56.49,2161.56,166.87,946.60,35.26,2440.35,158.42,100.40,63.07,2129.07,166.85,830.74,36.84,2273.90,162.49,269.31,228.79,41.44,94.33,203.88,1786.98,3539.16,2.23,149.37,108.78,580.54,3.16,938.90,59.19,477.64
2026-03-30T17:20:00Z,56.43,2157.05,166.50,972.09,35.04,2438.38,158.12,102.54,62.94,2123.45,167.38,831.33,36.85,2279.44,162.82,274.35,237.23,42.81,93.87,213.53,1791.62,3567.23,2.35,152.26,113.34,584.72,3.00,947.12,59.80,481.02
2026-03-30T17:30:00Z,56.68,2153.28,166.77,970.80,35.50,2435.42,157.51,105.61,62.59,2127.33,167.21,832.17,36.74,2281.93,162.41,270.40,232.56,43.58,93.69,210.47,1791.92,3542.49,2.24,150.77,113.62,588.54,2.91,949.79,60.39,499.35
2026-03-30T17:40:00Z,56.08,2157.82,167.02,957.34,35.59,2442.89,157.63,112.22,62.40,2126.56,167.71,820.75,36.76,2279.15,162.33,277.04,236.05,44.11,93.42,213.90,1784.52,3546.83,2.39,151.11,114.67,582.65,3.01,939.20,60.37,475.56
2026-03-30T17:50:00Z,56.35,2167.32,166.60,959.00,35.62,2443.50,158.29,111.45,62.68,2130.79,166.88,815.80,36.47,2285.40,161.92,262.61,229.32,44.75,93.72,209.76,1784.29,3552.27,2.65,149.79,108.64,588.04,3.00,941.29,61.20,493.82
2026-03-30T18:00:00Z,56.08,2183.49,166.47,949.17,35.02,2449.42,158.05,84.35,62.97,2126.07,166.95,814.64,36.42,2285.55,161.99,280.92,231.20,43.17,93.79,203.86,1781.27,3558.02,2.40,149.95,109.39,580.57,3.17,938.69,60.92,489.92
2026-03-30T18:10:00Z,55.97,2183.27,166.40,938.64,35.19,2448.61,157.92,80.48,62.68,2133.99,167.95,820.96,36.11,2287.40,162.39,262.17,232.94,43.72,94.11,210.12,1791.38,3549.03,2.57,152.01,114.22,588.44,2.60,950.72,59.88,489.36
2026-03-30T18:20:00Z,55.54,2190.27,165.76,944.47,35.59,2449.61,157.73,92.30,62.72,2130.54,167.62,826.50,36.04,2294.09,162.51,255.68,236.19,44.32,94.05,213.94,1790.53,3552.51,2.50,150.56,114.09,596.86,3.38,941.48,59.32,506.73
2026-03-30T18:30:00Z,55.31,2184.78,166.09,921.97,35.87,2432.18,158.05,109.73,62.65,2133.92,166.97,816.60,36.19,2295.72,162.38,243.68,235.59,44.34,94.19,215.12,1796.44,3544.23,2.47,150.51,111.06,590.18,2.93,951.45,60.39,490.64
2026-03-30T18:40:00Z,55.60,2185.79,166.15,920.30,35.88,2428.99,157.45,112.86,62.82,2137.06,167.26,826.71,36.22,2288.40,163.04,251.53,230.47,43.84,94.71,208.11,1790.33,3552.65,2.55,148.72,110.22,583.29,3.14,957.73,60.07,487.25
2026-03-30T18:50:00Z,55.55,2172.48,165.32,924.82,35.81,2439.58,158.03,118.99,62.79,2127.04,166.89,827.69,36.32,2298.65,162.11,232.41,234.32,45.28,94.02,209.50,1774.71,3551.27,2.43,149.97,111.76,582.73,2.85,937.61,59.58,484.71
2026-03-30T19:00:00Z,55.62,2185.25,165.44,925.10,35.70,2432.16,158.71,110.23,62.57,2126.46,167.36,807.20,36.27,2297.23,162.24,259.51,233.52,,93.85,209.53,1781.18,3550.28,2.34,150.49,112.23,590.64,3.28,946.74,58.27,488.49
2026-03-30T19:10:00Z,55.86,2181.70,165.99,922.77,36.09,2417.05,158.62,115.70,62.63,2119.82,167.02,819.60,35.87,2299.65,162.66,234.65,228.65,44.03,94.36,205.36,1787.59,3553.59,2.64,148.98,109.69,588.82,2.95,950.37,56.02,501.06
2026-03-30T19:20:00Z,56.15,2185.40,165.96,933.27,35.83,2428.63,157.98,133.08,62.90,2126.20,167.50,801.30,35.83,2301.38,161.98,227.56,234.89,41.44,93.71,211.66,1781.88,3538.77,2.43,149.20,114.18,596.84,2.71,943.39,57.37,508.76
2026-03-30T19:30:00Z,56.15,2173.50,166.12,932.63,35.68,2424.74,158.31,131.80,63.25,2122.20,167.01,819.83,35.71,2298.20,162.37,231.44,234.75,42.45,94.66,209.34,1787.73,3544.39,2.22,150.11,113.79,591.66,2.44,944.73,57.75,500.55
2026-03-30T19:40:00Z,55.59,2187.64,166.17,929.48,35.51,2447.69,158.45,112.98,62.93,2116.00,167.70,832.26,36.02,2295.36,162.37,242.27,231.60,44.23,94.97,207.81,1783.80,3555.45,2.36,150.90,112.30,590.84,2.76,939.98,60.02,504.42
2026-03-30T19:50:00Z,55.46,2193.25,166.10,927.02,35.37,2445.11,158.29,118.55,62.69,2125.51,167.40,821.12,35.98,2306.26,162.18,232.88,230.99,42.62,95.41,207.12,1789.04,3562.71,2.58,150.17,109.47,584.97,2.99,948.70,59.67,486.44
2026-03-30T20:00:00Z,55.46,2197.82,165.27,928.61,35.49,2430.76,158.73,125.27,62.27,2129.01,167.33,816.54,36.19,2307.33,162.01,222.59,231.01,44.02,95.00,208.41,1790.17,3537.23,2.41,150.76,108.42,584.31,3.07,952.37,59.19,489.90
2026-03-30T20:10:00Z,55.71,2189.64,165.66,931.03,35.70,2426.76,158.71,125.87,62.29,2134.38,166.43,814.45,36.56,2300.93,163.07,226.71,234.55,43.24,95.72,212.83,1789.50,3540.60,2.33,149.55,111.61,598.24,2.87,944.52,59.46,496.63
2026-03-30T20:20:00Z,55.53,2175.66,165.91,931.98,35.99,2424.00,158.02,113.53,62.29,2145.77,167.31,815.19,36.74,2289.10,162.17,235.67,230.72,43.92,94.71,210.19,1782.18,3543.64,2.66,149.78,110.85,591.06,2.84,941.84,59.77,484.66
2026-03-30T20:30:00Z,55.37,2186.05,165.64,931.96,35.48,2428.32,157.53,112.17,62.15,2153.85,166.93,809.53,36.77,2277.62,162.02,257.83,233.22,44.98,94.39,208.44,1781.39,3554.60,2.25,150.43,108.34,587.73,3.02,938.37,60.18,493.31
2026-03-30T20:40:00Z,55.42,2174.85,166.11,925.77,35.55,2435.17,157.56,103.93,62.42,2143.72,166.66,800.28,36.71,2285.11,163.16,276.90,237.83,44.50,93.93,212.49,1783.34,3546.64,2.38,150.80,115.08,590.82,3.13,939.64,60.08,498.04
2026-03-30T20:50:00Z,55.78,2168.95,165.15,923.67,35.80,2435.89,157.85,109.59,62.35,2134.99,166.22,803.66,36.52,2281.32,162.94,258.51,234.52,43.04,93.56,210.85,1781.69,3550.39,2.44,149.76,111.31,587.53,3.20,937.69,58.23,478.52
2026-03-30T21:00:00Z,55.28,2190.09,165.35,916.01,35.68,2434.47,157.64,119.99,62.43,2132.43,166.25,805.34,36.92,2280.85,161.88,253.42,231.81,43.82,93.47,208.44,1787.75,3563.96,2.52,150.22,109.87,591.01,2.76,952.58,59.41,488.99
2026-03-30T21:10:00Z,55.45,2197.82,166.12,917.09,35.69,2437.31,157.04,102.67,62.09,2125.82,166.77,797.40,36.64,2288.19,162.41,265.03,231.29,44.09,93.47,207.57,1787.71,3542.41,2.48,150.99,110.64,588.38,3.07,937.87,60.93,487.37
2026-03-30T21:20:00Z,55.33,2200.16,165.62,906.57,35.63,2436.20,157.45,112.12,61.90,2148.34,166.48,805.26,35.98,2299.31,162.63,259.85,233.53,42.63,93.25,215.51,1798.83,3555.48,2.57,150.51,113.76,598.54,3.16,943.26,59.83,496.19
2026-03-30T21:30:00Z,55.29,2198.19,165.15,915.82,35.65,2435.46,158.26,104.96,61.95,2147.87,166.50,806.40,35.85,2304.04,162.11,241.92,232.19,44.25,93.32,208.67,1783.50,3551.62,2.68,151.54,109.09,598.55,3.10,942.56,58.85,500.16
2026-03-30T21:40:00Z,55.61,2196.61,164.92,913.66,35.64,2432.99,158.67,120.02,61.66,2158.67,166.27,793.17,36.04,2296.43,162.57,254.44,232.92,42.15,92.86,209.04,1789.12,3545.49,2.24,147.99,111.82,589.21,3.03,938.03,59.17,499.82
2026-03-30T21:50:00Z,54.88,2201.08,164.94,910.66,36.25,2422.39,158.76,125.88,61.67,2148.04,166.21,781.01,36.26,2290.28,162.66,251.35,235.03,42.18,94.54,210.91,1780.99,3543.18,2.64,148.65,115.43,589.24,3.39,938.81,59.17,488.04
2026-03-30T22:00:00Z,54.74,2212.61,164.81,905.64,35.83,2429.80,157.80,126.44,61.78,2155.30,166.67,791.11,35.99,2301.85,162.53,240.61,233.33,41.29,94.64,211.70,1795.52,3554.84,2.50,150.57,110.64,584.61,3.25,949.43,59.04,482.44
2026-03-30T22:10:00Z,54.77,2211.92,165.03,900.62,35.48,2431.67,158.40,118.47,61.78,2152.46,166.46,785.54,35.58,2311.66,162.57,222.26,228.77,40.25,92.65,204.39,1781.53,3547.06,2.60,149.13,109.23,581.36,2.44,946.05,58.53,483.38
2026-03-30T22:20:00Z,54.62,2208.05,164.49,902.11,35.13,2441.01,158.44,120.35,61.78,2155.98,166.23,779.81,35.42,2305.08,161.88,219.91,226.50,41.08,,205.77,1779.53,3549.39,2.30,147.97,109.99,586.98,3.23,939.87,60.30,472.89
2026-03-30T22:30:00Z,54.43,2205.71,164.97,890.26,34.88,2449.18,157.77,117.41,61.95,2157.79,165.38,786.46,35.60,2308.72,161.55,214.88,226.20,39.79,92.56,205.81,1782.78,3534.87,2.50,149.05,109.37,581.90,2.84,943.53,60.55,489.21
2026-03-30T22:40:00Z,54.83,2203.92,165.17,901.62,35.76,2429.87,158.09,128.30,62.08,2149.41,165.66,803.12,35.69,2311.84,161.80,219.91,235.28,40.22,92.47,209.82,1786.72,3549.51,2.25,147.87,114.80,594.07,2.66,946.79,60.44,492.87
2026-03-30T22:50:00Z,55.19,2208.08,165.16,890.27,35.65,2427.95,158.55,130.40,62.00,2147.35,166.24,793.45,35.98,2299.85,161.81,226.47,238.55,41.51,93.60,214.39,1797.09,3551.67,2.34,150.50,111.37,581.20,2.98,948.98,61.89,486.51
2026-03-30T23:00:00Z,55.08,2202.50,165.12,903.80,35.08,2439.35,158.90,115.81,61.96,2143.69,167.29,799.09,36.50,2290.04,161.90,247.28,231.13,43.10,94.09,207.36,1778.52,3548.68,2.39,150.11,111.26,589.82,2.86,941.02,60.86,492.21
2026-03-30T23:10:00Z,55.08,2196.86,164.61,891.48,35.52,2440.13,158.17,105.63,62.03,2143.11,166.61,807.75,36.64,2287.35,162.49,251.43,227.77,41.20,93.62,202.50,1783.31,3550.52,2.53,150.01,109.66,589.08,3.09,945.93,59.06,493.42
2026-03-30T23:20:00Z,54.83,2201.70,165.34,896.53,35.89,2431.07,158.60,119.63,61.97,2149.71,166.27,793.01,36.40,2288.25,162.07,257.81,232.20,42.80,93.72,206.75,1785.27,3546.53,2.41,150.37,108.97,591.56,2.88,940.46,59.20,499.40
2026-03-30T23:30:00Z,54.97,2189.21,165.67,908.74,35.74,2433.45,158.45,115.39,62.03,2156.35,166.56,802.31,36.25,2296.81,162.21,237.55,229.30,42.47,93.80,202.44,1779.26,3553.69,2.46,148.77,108.93,592.65,2.84,935.54,58.64,494.35
2026-03-30T23:40:00Z,54.99,2203.94,165.57,904.68,35.16,2443.57,158.88,126.44,62.00,2143.12,166.07,797.79,36.19,2307.99,161.45,231.37,226.54,42.19,94.23,204.51,1782.79,3548.42,2.31,150.78,107.84,585.86,3.12,946.18,58.94,484.35
2026-03-30T23:50:00Z,55.33,2202.85,165.80,898.36,35.32,2443.67,158.60,122.00,62.17,2150.96,165.92,790.93,35.95,2307.65,162.25,226.04,234.23,40.72,94.18,210.89,1784.80,3548.60,2.43,151.11,111.35,588.11,3.15,946.91,58.66,504.05
2026-03-31T00:00:00Z,55.68,2183.40,165.21,917.73,36.01,2434.79,158.22,116.41,62.19,2146.72,166.26,801.31,36.26,2305.33,161.76,216.18,233.21,42.37,93.09,209.52,1792.76,3557.37,2.56,151.40,112.73,592.70,3.42,945.65,58.45,503.69
2026-03-31T00:10:00Z,56.12,2170.00,165.18,938.40,36.23,2432.99,158.17,117.54,62.13,2146.32,166.78,793.96,36.68,2292.45,161.68,234.97,227.21,43.90,94.03,206.10,1783.33,3554.40,2.72,149.42,111.27,589.12,3.48,939.46,58.40,499.88
2026-03-31T00:20:00Z,56.45,2165.09,165.88,935.93,36.57,2419.01,157.96,114.13,62.04,2134.60,166.81,796.18,36.78,2280.87,162.28,256.91,238.18,45.03,93.94,214.08,1798.06,3544.12,2.67,150.54,114.54,592.37,3.31,946.09,58.30,488.92
2026-03-31T00:30:00Z,56.71,2160.79,165.52,948.75,37.09,2407.48,158.26,141.62,62.17,2141.80,166.28,803.34,36.60,2290.62,162.09,257.81,237.67,44.26,94.21,213.88,1787.81,3562.76,2.75,150.50,113.00,589.72,2.93,944.88,59.89,495.33
2026-03-31T00:40:00Z,56.86,2158.79,166.69,954.55,37.52,2384.33,159.00,174.71,61.87,2148.60,165.95,814.74,36.57,2286.82,162.45,267.41,237.28,43.00,93.98,212.46,1790.75,3555.76,2.78,150.45,115.61,595.35,3.17,948.93,58.81,502.38
2026-03-31T00:50:00Z,57.42,2143.92,166.89,971.10,37.73,2390.21,159.84,186.91,62.10,2155.65,166.62,801.70,36.62,2294.18,162.75,260.69,235.92,43.37,94.88,209.90,1785.56,3557.97,2.51,149.62,111.98,587.84,3.12,943.14,57.44,492.59
2026-03-31T01:00:00Z,57.50,2145.54,166.39,987.30,38.33,2376.19,159.78,193.69,62.21,2150.74,167.34,791.45,36.22,2298.79,161.75,259.75,236.04,44.94,94.17,212.58,1784.83,3553.57,2.55,149.22,115.09,595.09,2.93,950.38,58.53,494.60
2026-03-31T01:10:00Z,58.10,2141.66,167.10,1002.49,38.84,2349.52,160.03,215.61,62.01,2142.45,167.33,783.69,36.27,2285.24,162.33,254.04,239.81,46.51,94.20,216.57,1791.84,3544.90,2.79,148.74,114.00,595.76,2.96,945.91,59.75,489.62
2026-03-31T01:20:00Z,58.48,2128.29,167.67,998.58,38.95,2360.03,160.08,222.11,61.97,2158.40,167.39,775.76,36.35,2294.07,162.75,246.17,235.83,44.14,93.97,212.57,1794.46,3560.30,2.63,150.77,111.74,599.26,2.99,945.24,60.39,501.38
2026-03-31T01:30:00Z,58.83,2107.71,167.55,1013.80,39.05,2354.98,160.78,229.73,62.00,2159.98,166.45,783.47,36.16,2283.40,162.78,264.77,238.20,45.50,94.13,212.53,1785.11,3557.71,2.62,150.30,112.91,592.16,3.53,938.86,60.08,499.28
2026-03-31T01:40:00Z,59.45,2111.63,167.63,1041.06,39.66,2338.85,160.84,245.12,62.48,2149.92,166.37,792.39,36.32,2291.61,162.44,264.78,246.69,46.88,95.43,219.88,1794.77,3547.31,2.39,149.41,117.07,586.77,3.08,948.10,60.13,491.24
2026-03-31T01:50:00Z,59.60,2105.38,168.45,1047.17,39.71,2330.10,161.21,256.13,62.90,2136.97,166.49,788.83,35.98,2293.66,162.73,255.44,246.96,48.15,95.01,223.91,1798.49,3550.69,2.52,149.23,118.34,603.03,3.08,948.17,59.03,499.17
2026-03-31T02:00:00Z,59.96,2089.53,168.55,1051.27,40.01,2326.49,161.24,256.24,62.84,2138.84,167.41,789.82,35.55,2297.35,162.01,243.79,248.53,47.29,95.28,222.83,1792.09,3547.79,2.45,149.60,118.69,600.46,3.01,955.59,58.71,505.93
2026-03-31T02:10:00Z,59.81,2091.39,168.33,1053.73,40.04,2313.10,161.66,278.64,63.11,2123.00,167.97,799.68,35.16,2308.05,161.14,224.46,243.33,47.08,95.35,220.39,1801.34,3542.65,2.77,149.71,115.30,592.53,2.80,953.44,58.00,498.13
2026-03-31T02:20:00Z,59.99,2078.98,168.03,1064.55,40.51,2312.56,162.20,288.25,63.12,2130.94,167.16,805.55,35.17,2312.50,161.49,227.11,245.50,48.13,95.64,219.89,1791.31,3543.00,2.71,150.48,116.55,597.31,3.00,940.51,58.67,494.91
2026-03-31T02:30:00Z,60.00,2076.28,168.06,1071.13,40.92,2308.68,161.55,299.73,63.16,2128.33,166.83,812.42,35.34,2321.85,161.02,223.43,244.93,48.16,95.20,218.27,1786.45,3535.71,2.57,149.05,116.78,599.09,2.55,942.11,60.79,502.49
2026-03-31T02:40:00Z,59.95,2080.46,167.87,1069.19,41.43,2287.88,161.61,304.52,63.02,2117.80,166.91,829.45,35.22,2310.00,161.37,209.97,242.98,50.89,95.05,220.95,1801.14,3552.12,2.76,151.49,119.16,601.13,3.08,946.18,59.20,496.03
2026-03-31T02:50:00Z,60.21,2074.41,168.17,1094.28,41.76,2284.64,161.85,311.40,63.34,2118.41,167.08,822.31,35.72,2308.54,161.91,224.16,247.44,52.18,94.73,222.68,1794.50,3555.99,2.36,149.76,119.08,599.71,3.09,947.11,58.59,502.91
2026-03-31T03:00:00Z,60.15,2083.99,168.70,1084.55,41.97,2285.68,162.60,318.11,63.33,2110.95,167.84,826.41,36.14,2301.19,161.47,222.92,249.51,51.22,94.87,226.73,1791.11,3533.58,2.56,149.40,118.64,596.56,3.14,946.72,59.18,495.67
2026-03-31T03:10:00Z,60.03,2072.92,168.21,1080.76,42.26,2280.44,162.90,328.39,63.03,2115.23,168.01,839.27,36.15,2295.38,162.11,237.63,253.12,52.70,94.91,227.90,1802.67,3552.84,2.59,149.56,121.48,599.36,3.04,951.76,59.73,504.89
2026-03-31T03:20:00Z,60.64,2059.16,168.78,1090.55,42.33,2268.75,163.14,338.15,63.09,2118.03,168.18,834.44,35.99,2302.82,162.06,234.11,253.23,54.11,95.62,227.32,1800.34,3543.36,2.75,149.64,119.59,605.73,2.82,946.75,60.57,511.81
2026-03-31T03:30:00Z,60.52,2061.95,168.64,1101.43,42.10,2273.07,163.00,346.05,62.91,2120.47,167.75,837.73,35.77,2306.46,161.68,228.59,249.97,54.53,96.85,224.48,1795.76,3542.54,2.50,150.19,118.78,604.84,2.66,958.89,61.18,501.20
2026-03-31T03:40:00Z,60.51,2067.54,169.84,1105.82,42.08,2270.48,163.50,344.16,63.21,2124.80,168.00,850.74,36.31,2303.32,161.81,228.45,256.60,53.63,96.43,230.83,1806.53,3537.80,2.63,151.41,126.40,607.87,2.96,945.72,59.25,495.80
2026-03-31T03:50:00Z,60.55,2060.41,170.04,1117.99,42.07,2268.96,163.77,341.57,63.29,2122.38,167.81,846.21,36.17,2283.76,162.26,244.71,256.41,53.73,96.82,230.53,1812.77,3544.52,2.38,150.09,122.08,606.54,2.90,959.42,59.18,502.08
2026-03-31T04:00:00Z,60.50,2066.56,169.77,1113.03,42.39,2270.39,163.41,346.71,63.13,2111.06,167.57,841.29,36.43,2287.57,162.86,237.53,256.18,53.23,96.65,231.19,1804.37,3553.70,2.64,149.38,122.61,598.17,2.78,951.04,59.79,500.44
2026-03-31T04:10:00Z,60.29,2059.66,169.43,1113.45,43.01,2253.68,163.96,371.28,63.20,2122.96,167.24,837.48,36.52,2285.40,162.17,233.39,252.37,51.90,96.28,227.55,1801.35,3551.74,2.46,149.03,122.39,602.80,3.08,947.06,59.50,504.94
2026-03-31T04:20:00Z,60.41,2047.01,169.72,1103.12,43.15,2247.39,164.09,390.73,63.53,2102.90,167.37,848.54,36.54,2290.70,162.09,244.15,260.80,52.99,96.76,235.59,1802.95,3544.34,2.24,149.93,126.30,606.34,3.18,950.80,58.18,516.72
2026-03-31T04:30:00Z,59.93,2068.18,169.76,1089.99,43.40,2239.46,163.85,400.48,62.97,2116.69,167.46,853.87,36.56,2293.17,162.20,256.58,262.89,54.83,95.95,237.93,1804.68,3541.43,2.41,149.44,126.09,607.07,3.01,954.10,58.57,499.68
2026-03-31T04:40:00Z,60.12,2090.52,168.33,1077.19,43.32,2232.89,162.96,376.15,62.74,2123.53,167.54,837.52,37.00,2282.37,162.26,253.46,254.28,52.17,95.62,229.12,1806.03,3547.86,2.42,150.75,122.46,595.88,3.19,947.62,58.96,488.22
2026-03-31T04:50:00Z,60.05,2082.13,168.38,1078.46,43.24,2234.52,163.20,381.25,62.72,2124.42,168.18,832.93,36.73,2275.20,162.82,263.13,253.69,52.81,95.40,225.00,1795.15,3548.44,2.36,148.41,119.47,601.88,3.13,953.56,60.33,506.87
2026-03-31T05:00:00Z,59.75,2086.60,168.35,1079.70,43.69,2222.93,164.08,401.23,62.69,2119.44,167.74,827.61,36.66,2275.85,162.78,264.97,260.78,52.18,95.01,233.86,1803.17,3544.10,2.44,149.75,125.43,603.47,3.17,956.44,59.56,500.76
2026-03-31T05:10:00Z,60.23,2079.38,168.01,1071.51,43.97,2223.63,164.30,402.34,63.05,2120.28,167.21,822.55,36.93,2279.91,162.60,257.03,260.20,53.33,95.52,234.70,1813.80,3565.27,2.39,149.10,127.88,612.59,2.53,954.94,59.39,507.97
2026-03-31T05:20:00Z,60.19,2085.97,168.66,1075.55,43.99,2222.26,164.00,408.51,63.11,2119.59,166.41,836.37,36.91,2267.81,162.77,269.58,260.29,53.09,95.09,236.07,1805.97,3541.07,2.36,149.25,123.90,605.59,3.00,952.07,60.73,497.59
2026-03-31T05:30:00Z,60.22,2075.93,168.82,1064.11,43.93,2225.99,164.41,405.25,63.08,2111.01,166.78,827.79,36.71,2282.07,162.42,269.78,261.35,53.21,95.57,236.20,1811.81,3552.71,1.96,150.11,124.40,600.05,2.93,955.17,60.01,498.95
2026-03-31T05:40:00Z,60.36,2067.77,168.61,1086.61,43.92,2240.87,164.03,402.15,63.02,2105.42,167.54,846.33,36.84,2285.63,162.91,262.94,261.91,51.04,94.62,234.39,1805.37,3541.56,2.61,149.49,125.32,611.80,3.05,950.12,61.53,506.86
2026-03-31T05:50:00Z,60.38,2072.41,168.13,1092.09,44.15,2233.37,164.27,409.52,63.00,2100.33,167.61,842.53,36.74,2289.18,163.11,264.67,267.03,50.53,94.52,241.82,1811.52,3553.27,2.60,150.30,127.87,615.58,3.25,954.07,59.91,509.66
2026-03-31T06:00:00Z,60.39,2067.42,169.11,1096.79,44.70,2225.63,164.04,416.59,62.82,2119.62,167.86,839.29,36.86,2283.09,162.94,275.23,260.99,50.41,94.89,235.81,1806.70,3555.42,2.63,149.61,124.16,604.67,2.97,954.26,60.80,505.82
2026-03-31T06:10:00Z,60.65,2064.04,169.39,1091.96,45.03,2216.58,164.11,430.42,62.89,2126.11,168.55,846.16,36.96,2280.06,163.17,268.40,261.11,52.18,94.86,237.20,1816.35,3568.44,2.37,151.53,123.07,602.03,2.89,957.19,60.06,489.93
2026-03-31T06:20:00Z,60.72,2059.18,169.97,1099.28,45.38,2203.40,164.39,437.45,62.50,2139.38,168.36,832.54,36.94,2281.01,162.49,251.09,262.50,51.08,96.89,239.64,1811.47,3544.42,2.62,147.82,126.03,608.37,3.04,956.59,60.63,511.25
2026-03-31T06:30:00Z,60.91,2047.06,169.27,1113.29,45.27,2190.92,164.71,451.56,62.39,2136.53,167.92,816.08,37.03,2275.33,162.89,261.18,262.00,53.44,96.47,237.19,1804.43,3572.61,2.52,149.76,125.69,608.66,3.15,959.16,60.31,497.32
2026-03-31T06:40:00Z,61.21,2048.21,169.05,1114.37,45.54,2182.87,164.71,452.16,62.15,2142.99,167.17,806.88,36.86,2265.55,162.02,270.26,262.92,54.14,95.70,238.18,1819.33,3545.18,2.47,150.16,126.95,604.50,3.14,958.68,59.68,500.92
2026-03-31T06:50:00Z,61.15,2047.25,169.21,1097.61,45.32,2197.18,164.14,444.30,61.99,2145.58,166.65,799.30,37.16,2277.78,162.15,258.99,256.45,53.67,95.94,231.63,1807.66,3545.24,2.62,147.63,121.50,601.32,2.76,953.57,58.92,504.57
2026-03-31T07:00:00Z,61.13,2059.58,168.83,1091.76,45.35,2205.86,164.59,441.36,61.91,2160.35,167.09,796.17,37.30,2280.20,161.51,250.53,254.01,53.48,94.76,226.74,1802.60,3552.06,2.27,151.13,124.43,605.90,2.93,949.41,59.05,504.57
2026-03-31T07:10:00Z,60.47,2064.49,168.99,1096.85,45.06,2210.97,165.43,436.28,61.96,2153.56,166.55,794.70,37.04,2273.79,161.96,265.78,258.97,51.71,94.72,232.04,1803.40,3558.09,2.42,150.02,124.13,604.10,2.92,955.49,57.49,501.11
2026-03-31T07:20:00Z,60.54,2053.83,168.45,1102.78,45.41,2203.69,165.16,444.81,62.05,2143.10,166.44,786.44,36.95,2283.83,161.83,261.62,256.10,49.18,94.96,232.33,1806.59,3544.29,2.56,148.64,118.46,604.78,3.13,957.05,59.48,495.02
2026-03-31T07:30:00Z,60.46,2054.14,168.18,1114.18,45.63,2186.60,165.09,462.84,62.03,2147.07,166.89,792.01,36.84,2283.14,162.33,262.71,252.10,52.98,95.24,227.22,1804.58,3550.48,2.48,149.98,121.41,604.00,2.90,947.71,59.40,497.53
2026-03-31T07:40:00Z,60.86,2061.27,168.73,1111.87,45.48,2182.88,165.61,460.57,62.21,2148.37,166.49,780.31,36.67,2292.98,162.68,254.06,258.32,51.84,95.19,234.10,1812.40,3551.27,2.56,148.83,122.92,606.99,2.98,962.94,61.18,513.87
2026-03-31T07:50:00Z,60.42,2058.28,169.27,1095.56,45.73,2179.63,165.31,468.66,62.30,2155.08,166.86,784.80,36.45,2282.79,162.65,242.89,260.07,52.78,95.49,236.33,1805.09,3554.26,2.47,149.18,124.49,607.98,3.04,949.84,60.98,499.52
2026-03-31T08:00:00Z,60.80,2056.06,169.01,1115.51,46.08,2167.33,165.85,487.22,62.66,2147.00,166.04,794.28,36.62,2280.75,162.93,258.16,256.17,53.07,95.46,234.41,1809.40,3562.08,2.78,151.06,125.27,606.48,3.00,962.97,61.15,508.63
2026-03-31T08:10:00Z,60.81,2045.78,169.29,1112.25,46.12,2160.90,166.20,504.67,62.69,2132.02,165.55,813.34,36.65,2271.03,162.52,260.73,254.94,53.46,95.84,227.21,1802.97,3551.09,2.52,151.56,122.72,601.08,3.12,947.33,60.27,509.11
2026-03-31T08:20:00Z,60.84,2049.19,168.86,1107.55,46.18,2160.97,165.95,500.30,62.73,2128.61,166.47,814.40,36.81,2269.67,162.45,270.18,253.40,54.77,95.46,228.55,1796.81,3532.93,2.64,148.33,120.06,598.21,2.91,948.74,59.93,494.07
2026-03-31T08:30:00Z,60.75,2046.27,168.90,1110.89,46.17,2169.67,166.00,503.90,62.72,2131.64,167.36,818.59,36.79,2278.93,161.84,265.11,259.49,54.09,95.40,228.87,1802.46,3531.40,2.62,149.49,125.32,606.96,2.82,943.44,59.12,504.95
2026-03-31T08:40:00Z,60.87,2055.60,169.29,1109.82,46.02,2173.60,165.74,506.93,62.38,2139.35,167.84,810.35,36.61,2285.38,162.57,250.25,256.94,53.93,94.97,230.67,1805.76,3547.54,2.47,151.20,122.41,604.43,3.14,954.64,60.51,507.27
2026-03-31T08:50:00Z,61.04,2038.67,169.90,1107.31,45.80,2182.49,166.15,483.17,62.26,2143.70,167.94,831.87,36.04,2299.93,162.61,248.74,259.02,55.04,95.49,234.66,1801.69,3544.19,2.57,148.00,124.10,603.66,3.07,953.52,59.53,502.42
2026-03-31T09:00:00Z,61.25,2036.12,169.72,1121.56,45.70,2187.16,165.00,462.65,62.63,2137.71,167.33,791.26,36.14,2271.76,162.25,239.80,256.05,54.71,95.59,231.58,1803.66,3550.56,2.46,149.86,125.59,606.89,2.95,950.07,59.80,501.29
2026-03-31T09:10:00Z,61.62,2033.31,169.06,1114.86,45.59,2182.20,165.71,485.72,62.83,2138.73,167.39,790.40,36.23,2282.33,162.59,257.86,259.06,54.31,96.40,232.24,1799.32,3556.50,2.22,149.82,123.22,609.25,2.92,948.48,60.54,512.01
2026-03-31T09:20:00Z,61.58,2026.81,169.20,1136.03,45.31,2180.88,165.63,471.10,63.16,2123.63,167.03,811.95,36.30,2287.11,163.09,258.49,260.56,52.43,96.89,237.17,1812.13,3551.71,2.57,149.21,123.42,602.83,2.61,957.28,61.48,503.01
2026-03-31T09:30:00Z,61.44,2032.32,169.10,1133.84,45.09,2198.37,165.34,462.95,62.79,2132.89,165.93,808.50,36.38,2291.56,162.96,258.77,258.83,52.59,96.77,235.29,1800.94,3556.91,2.67,150.15,126.76,605.92,2.89,946.73,61.16,502.89
2026-03-31T09:40:00Z,61.24,2031.34,169.10,1121.41,45.07,2192.20,164.88,463.72,62.65,2143.05,166.28,802.59,36.14,2285.94,163.24,258.67,258.67,54.15,97.11,234.30,1806.43,3553.90,2.46,150.80,124.95,607.76,2.86,956.37,61.54,510.99
2026-03-31T09:50:00Z,61.23,2042.50,168.82,1118.53,45.36,2200.89,165.22,450.96,62.75,2132.55,166.84,816.12,36.49,2301.19,162.90,262.10,255.33,54.53,95.94,228.41,1796.03,3548.77,2.34,148.61,124.58,607.16,3.33,948.30,61.07,498.72
2026-03-31T10:00:00Z,61.65,2037.60,169.02,1118.85,45.64,2201.94,165.70,448.00,62.61,2139.20,166.79,808.08,36.59,2281.92,163.17,256.28,260.22,53.75,95.45,232.82,1819.36,3554.14,2.48,149.71,123.92,597.33,2.91,956.27,59.88,504.29
2026-03-31T10:10:00Z,61.86,2034.29,168.75,1133.12,45.41,2201.93,164.84,447.29,63.26,2125.87,167.09,817.62,36.76,2284.56,163.28,247.95,264.25,53.80,95.10,241.20,1812.90,3540.13,2.45,149.61,126.06,609.50,2.87,952.77,60.71,502.10
2026-03-31T10:20:00Z,62.31,2022.23,169.51,1135.77,45.59,2203.43,165.53,458.11,63.25,2123.86,166.14,834.94,36.51,2275.42,163.19,272.62,265.84,56.05,95.12,240.99,1814.26,3545.51,2.32,150.88,126.55,610.61,3.04,956.75,59.64,504.40
2026-03-31T10:30:00Z,62.48,2011.39,169.52,1146.59,45.71,2190.69,165.40,468.60,63.01,2133.42,166.78,814.43,36.64,2284.97,162.52,269.61,261.49,53.86,95.85,235.73,1810.44,3560.74,2.66,150.61,123.96,609.00,3.06,959.02,60.57,498.19
2026-03-31T10:40:00Z,62.90,2015.64,169.59,1163.11,45.13,2193.87,165.00,457.81,63.27,2126.58,166.61,818.13,36.54,2286.02,163.17,253.65,254.63,55.91,95.94,228.85,1804.03,3548.62,2.40,150.83,122.19,606.03,2.76,962.30,59.68,510.09
2026-03-31T10:50:00Z,62.99,2005.33,169.54,1178.48,45.32,2207.97,165.33,446.52,63.15,2119.79,167.81,825.56,36.67,2294.06,162.79,247.85,258.69,56.87,94.95,233.02,1802.68,3552.06,2.52,150.13,123.84,608.15,3.35,946.23,60.20,511.19
2026-03-31T11:00:00Z,62.86,2002.38,170.69,1175.82,45.48,2185.97,165.60,447.19,62.82,2119.72,167.16,819.80,36.48,2304.64,162.65,234.98,254.63,54.84,94.49,230.64,1801.64,3555.79,2.35,149.82,125.18,600.13,2.92,957.45,60.85,496.44
2026-03-31T11:10:00Z,63.12,1996.13,170.52,1194.52,45.52,2189.89,165.61,461.43,62.49,2134.08,168.18,812.90,36.32,2298.11,162.15,255.72,262.91,55.76,94.81,236.95,1807.43,3535.62,2.51,150.12,127.00,608.06,3.18,963.60,59.36,515.14
2026-03-31T11:20:00Z,63.03,2004.68,170.36,1190.63,45.57,2189.00,165.06,465.69,62.44,2131.91,167.43,815.62,35.96,2305.45,162.85,243.80,264.05,56.89,96.37,236.70,1812.27,3565.96,2.55,150.96,126.66,611.86,3.01,961.00,59.25,510.19
2026-03-31T11:30:00Z,62.65,2004.35,170.60,1180.61,45.76,2192.12,165.13,471.21,62.77,2131.97,167.86,823.52,35.93,2305.11,162.63,229.70,258.56,55.82,96.37,236.24,1820.94,3558.37,2.68,151.03,123.46,607.25,3.49,963.65,58.78,506.80
2026-03-31T11:40:00Z,62.43,2008.55,170.67,1163.92,45.68,2175.55,164.69,486.18,62.82,2130.10,168.18,830.45,36.37,2293.87,161.58,239.51,257.06,56.19,95.76,231.44,1804.91,3568.37,2.54,150.39,124.43,600.09,2.96,946.38,59.93,498.72
2026-03-31T11:50:00Z,62.41,2012.78,170.55,1161.75,45.60,2184.95,164.69,472.19,63.21,2120.62,167.43,829.02,36.39,2293.73,161.51,248.46,260.35,55.14,95.31,236.17,1812.28,3558.27,2.60,150.67,123.37,607.40,3.35,960.68,60.23,514.07
2026-03-31T12:00:00Z,62.17,2011.04,170.07,1155.84,45.31,2185.53,165.18,478.44,63.51,2119.97,167.22,844.68,37.11,2278.98,161.94,277.65,259.90,53.11,95.80,233.00,1814.99,3536.80,2.43,149.74,122.64,601.22,2.84,957.54,60.61,501.67
2026-03-31T12:10:00Z,61.95,2007.48,170.36,1168.56,45.40,2197.75,164.63,464.89,63.32,2128.56,167.85,829.42,37.45,2271.83,162.67,279.22,263.44,54.74,96.07,232.80,1810.19,3549.89,2.59,149.53,126.02,601.52,3.06,950.47,60.06,501.38
2026-03-31T12:20:00Z,62.33,2009.92,170.35,1170.79,45.11,2197.60,165.56,448.54,63.35,2124.57,167.21,843.61,37.11,2270.46,162.75,279.30,263.60,57.78,96.56,238.88,1805.82,3545.93,2.47,150.35,126.99,602.31,3.00,956.86,61.66,499.50
2026-03-31T12:30:00Z,62.03,2017.55,169.92,1173.53,44.91,2192.98,165.80,461.01,63.23,2119.25,167.56,837.82,36.53,2283.14,162.64,258.92,260.68,57.00,96.75,235.94,1803.96,3534.92,2.44,149.67,127.95,615.55,2.92,952.58,60.80,520.10
2026-03-31T12:40:00Z,62.19,2017.08,169.76,1166.17,45.07,2193.37,165.17,446.62,63.08,2118.78,167.14,840.85,36.68,2283.68,162.71,263.39,263.12,55.88,96.98,234.44,1804.60,3557.67,2.42,150.64,123.48,603.30,2.99,953.09,60.71,510.89
2026-03-31T12:50:00Z,61.97,2027.87,170.07,1171.45,45.06,2195.72,165.91,450.62,62.91,2135.15,167.19,835.07,36.70,2271.72,163.00,249.17,255.93,56.80,96.81,226.89,1797.66,3543.67,2.62,149.11,123.48,603.59,3.17,948.92,60.20,500.69
2026-03-31T13:00:00Z,62.04,2020.30,170.03,1163.92,45.23,2199.43,164.61,459.84,63.23,2135.41,167.18,838.13,36.82,2275.67,162.35,262.40,255.56,56.45,95.61,230.50,1808.73,3551.89,2.34,151.60,123.41,601.20,2.69,949.52,59.39,494.06
2026-03-31T13:10:00Z,62.19,2008.41,170.62,1171.24,45.52,2193.23,164.96,451.79,63.21,2122.96,168.05,835.34,36.99,2275.69,162.02,270.55,262.19,54.68,95.87,233.90,1823.67,3545.65,2.29,149.10,126.41,605.89,3.03,961.14,59.92,497.26
2026-03-31T13:20:00Z,61.93,2017.10,170.37,1145.04,45.36,2201.30,164.98,451.15,63.29,2119.42,167.69,834.41,36.51,2300.22,162.29,269.16,260.54,52.73,96.86,231.35,1801.48,3544.74,2.73,149.89,124.61,603.95,3.20,947.25,60.42,511.74
2026-03-31T13:30:00Z,61.61,2024.67,169.79,1137.82,45.44,2199.78,165.21,469.89,63.35,2104.58,167.88,839.95,36.30,2304.08,161.88,246.21,259.36,53.40,96.11,233.56,1805.16,3548.17,2.47,148.80,126.02,611.65,3.11,957.46,60.54,505.05
2026-03-31T13:40:00Z,61.50,2030.15,169.96,1129.73,45.56,2192.13,164.66,456.99,62.86,2122.71,168.50,831.35,36.13,2295.69,161.09,225.43,258.36,53.07,96.63,232.56,1804.70,3539.97,2.48,150.16,125.92,611.30,2.82,954.55,59.41,508.65
2026-03-31T13:50:00Z,61.35,2034.88,170.09,1132.50,45.62,2180.67,165.30,452.66,63.17,2123.33,168.23,817.99,36.06,2294.32,161.39,216.34,261.03,53.56,96.04,233.22,1817.14,3553.58,2.57,151.94,124.61,603.38,3.56,958.83,60.25,509.05
2026-03-31T14:00:00Z,61.25,2030.84,170.31,1127.10,45.98,2169.99,164.86,473.91,63.39,2126.10,166.98,815.88,36.23,2291.63,161.37,239.76,261.82,53.82,96.29,234.51,1801.05,3568.34,2.54,151.45,126.92,610.11,2.93,945.46,60.40,501.36
2026-03-31T14:10:00Z,60.94,2032.94,169.52,1120.47,45.88,2180.93,165.45,490.97,63.60,2123.58,167.05,832.06,36.53,2285.72,161.78,241.81,259.37,55.35,95.76,232.35,1802.69,3544.12,2.50,150.68,124.60,611.46,2.77,953.38,59.79,518.16
2026-03-31T14:20:00Z,61.24,2029.15,169.63,1120.65,45.32,2187.84,165.55,472.33,63.99,2115.63,167.81,858.58,36.33,2284.01,162.13,248.34,262.62,56.15,95.93,234.96,1812.37,3544.27,2.24,149.63,124.67,604.92,3.24,956.79,59.01,505.26
2026-03-31T14:30:00Z,61.34,2036.05,169.76,1131.63,45.60,2181.02,165.98,477.94,64.19,2101.53,167.68,862.63,35.97,2288.47,,240.42,267.58,55.63,95.60,242.14,1821.08,3557.39,2.75,150.79,130.73,612.56,3.22,958.08,59.45,518.93
2026-03-31T14:40:00Z,61.24,2055.48,170.17,1115.66,45.69,2181.02,165.88,481.60,64.42,2101.28,167.18,857.99,35.85,2301.03,162.88,235.08,259.34,53.35,94.71,231.34,1814.16,3550.97,2.46,148.74,123.01,603.38,3.05,965.30,59.88,501.44
2026-03-31T14:50:00Z,61.30,2042.78,169.41,1126.88,45.55,2202.00,165.38,469.84,64.02,2106.28,167.71,866.11,36.16,2292.67,162.28,232.55,260.93,53.70,95.87,235.74,1810.36,3549.04,2.39,149.84,124.96,599.67,3.33,952.25,58.89,497.29
2026-03-31T15:00:00Z,61.24,2051.04,169.72,1132.42,45.28,2203.58,164.37,441.39,64.00,2093.68,167.51,870.63,35.98,2288.29,162.64,229.36,260.05,54.45,95.14,237.10,1812.03,3544.98,2.35,147.51,127.34,613.04,3.05,962.82,60.85,502.83
2026-03-31T15:10:00Z,61.50,2033.75,169.25,1133.38,45.56,2199.54,165.11,465.26,63.81,2095.58,167.90,857.33,35.97,2302.38,162.00,229.22,261.10,53.56,95.27,236.47,1813.50,3550.67,2.60,150.13,126.46,609.66,3.12,962.51,61.69,502.84
2026-03-31T15:20:00Z,61.53,2033.89,169.42,1127.40,45.61,2196.46,165.39,465.15,63.56,2099.74,168.12,860.71,36.39,2288.98,161.95,242.84,260.22,53.95,95.85,238.22,1813.96,3543.22,2.57,150.19,125.84,608.84,3.09,957.99,59.96,502.77
2026-03-31T15:30:00Z,61.79,2039.58,169.41,1132.86,45.41,2190.97,165.61,475.08,63.27,2116.32,167.76,845.14,36.66,2289.77,162.37,249.60,257.09,55.89,94.98,230.54,1813.59,3546.42,2.58,150.48,122.09,597.30,2.94,956.16,59.48,503.46
2026-03-31T15:40:00Z,61.65,2022.42,169.41,1134.28,45.52,2197.59,165.51,482.15,63.35,2124.48,167.57,835.94,36.43,2291.49,161.89,243.38,258.95,53.42,95.11,235.79,1803.17,3548.68,2.35,147.91,125.95,605.44,2.85,955.49,60.90,509.59
2026-03-31T15:50:00Z,61.75,2026.69,169.92,1138.04,45.00,2209.08,165.13,465.75,63.25,2121.20,166.95,843.60,36.33,2287.94,163.17,250.67,255.18,55.34,94.47,227.70,1806.96,3555.11,2.77,149.24,127.35,610.02,2.82,955.29,60.24,511.40
2026-03-31T16:00:00Z,61.58,2042.37,169.86,1138.99,45.09,2198.90,164.96,,63.27,2114.66,167.25,835.94,36.53,2285.22,162.31,246.89,256.05,55.98,95.12,229.36,1817.39,3554.36,2.50,150.62,120.62,596.15,3.12,963.49,59.16,493.76
2026-03-31T16:10:00Z,61.84,2032.61,169.85,1137.35,45.29,2197.60,165.13,463.31,63.13,2109.24,167.25,841.77,36.50,2282.89,162.30,237.71,258.94,55.52,95.48,231.38,1811.16,3533.98,2.65,148.05,122.90,599.21,2.88,957.26,60.05,495.07
2026-03-31T16:20:00Z,61.81,2032.84,169.99,1127.25,45.48,2195.90,165.25,471.80,62.47,2130.06,167.38,825.64,36.74,2293.53,162.52,232.77,261.94,54.29,96.73,236.40,1812.02,3553.26,2.63,149.70,124.99,602.34,2.89,954.99,59.67,507.17
2026-03-31T16:30:00Z,61.55,2025.72,169.43,1137.19,44.87,2205.95,165.06,460.02,62.21,2141.29,167.41,806.76,37.31,2281.43,162.83,256.65,258.79,54.33,96.04,233.66,1807.42,3543.77,2.35,149.29,126.21,605.69,3.02,954.56,59.96,490.57
2026-03-31T16:40:00Z,61.69,2029.56,169.89,1138.57,44.87,2193.05,165.32,442.08,62.42,2136.68,167.00,810.53,37.12,2271.28,163.28,267.37,261.90,55.51,96.93,234.16,1815.96,3561.50,2.34,150.23,128.34,611.93,3.16,954.11,60.56,513.44
2026-03-31T16:50:00Z,62.08,2029.74,169.68,1133.44,45.45,2184.91,165.60,462.97,62.72,2137.11,167.07,826.92,37.71,2261.15,163.22,274.84,258.75,55.25,96.84,235.10,1813.27,3542.35,2.64,149.54,123.36,610.65,3.31,951.85,59.42,494.01
2026-03-31T17:00:00Z,62.27,2019.07,169.59,1133.93,45.41,2188.26,165.74,475.21,62.94,2126.60,167.53,823.82,37.30,2263.61,163.97,277.38,261.87,52.81,96.49,237.10,1815.24,3557.48,2.71,150.86,128.97,605.97,2.90,964.88,60.19,502.62
2026-03-31T17:10:00Z,61.76,2013.34,169.77,1137.47,45.35,2201.15,164.81,456.41,63.23,2123.51,167.58,826.83,37.17,2272.20,163.39,281.00,257.70,54.06,95.93,227.80,1799.40,3553.84,2.47,148.48,126.48,604.52,3.18,952.72,60.33,514.50
2026-03-31T17:20:00Z,61.85,2042.91,169.37,1146.07,45.71,2185.67,165.43,469.68,63.19,2114.53,167.96,810.69,37.19,2256.54,163.30,288.39,266.07,54.97,95.06,238.37,1814.23,3564.20,2.29,150.38,129.29,614.26,2.88,953.90,59.35,514.12
2026-03-31T17:30:00Z,61.82,2025.54,169.98,1164.61,45.69,2184.86,165.57,475.94,63.07,2117.14,167.97,825.13,36.85,2257.32,163.01,285.41,262.24,54.84,95.27,237.87,1814.18,3543.05,2.44,151.43,125.46,600.74,3.11,956.37,60.44,505.89
2026-03-31T17:40:00Z,61.85,2029.10,170.64,1164.43,46.18,2177.57,165.52,470.32,63.16,2116.80,168.20,835.26,36.82,2263.21,163.36,280.81,256.00,55.62,95.97,232.44,1802.88,3543.59,2.77,149.10,121.91,608.47,3.38,952.90,58.66,513.34
2026-03-31T17:50:00Z,61.67,2034.20,170.47,,45.83,2174.07,165.52,470.27,63.12,2127.40,167.34,835.83,36.84,2278.34,163.42,269.00,260.44,54.66,96.47,230.89,1805.81,3547.33,2.64,149.94,126.13,611.91,2.83,958.19,58.05,511.69
2026-03-31T18:00:00Z,61.62,2029.12,170.26,1180.29,46.06,2173.06,166.20,482.06,62.86,2125.91,167.07,829.49,36.96,2278.85,163.19,265.38,265.37,53.51,95.71,236.96,1815.22,3549.56,2.72,149.48,125.48,610.64,3.03,961.20,58.47,509.56
2026-03-31T18:10:00Z,61.51,2037.18,170.31,1151.44,46.07,2165.56,165.68,480.97,62.85,2125.88,167.11,823.81,36.88,2277.01,163.66,270.97,265.56,55.88,94.90,237.00,1809.18,3552.31,2.51,151.97,130.19,606.66,3.06,956.52,59.32,505.81
2026-03-31T18:20:00Z,61.31,2052.13,169.97,1131.74,45.93,2171.84,165.44,486.73,63.31,2125.24,167.53,843.85,36.81,2281.93,163.71,278.55,263.23,56.61,95.14,239.44,1813.18,3555.39,2.73,150.19,124.32,604.49,2.66,965.13,58.49,503.02
2026-03-31T18:30:00Z,61.39,2041.80,170.47,1129.88,45.87,2167.39,165.62,485.45,62.84,2132.66,167.31,831.95,36.92,2289.63,162.74,264.56,264.81,54.55,95.80,236.99,1818.96,3557.30,2.61,148.97,128.73,611.63,3.01,964.26,60.37,517.60
2026-03-31T18:40:00Z,61.37,2032.92,168.98,1139.33,46.07,2167.77,165.68,494.90,62.64,2134.55,166.96,822.66,36.97,2280.41,162.50,269.27,268.60,54.37,95.64,240.26,1822.87,3542.51,2.64,148.82,129.38,604.85,2.91,959.18,59.77,507.88
2026-03-31T18:50:00Z,61.16,2043.63,169.36,1128.35,46.22,2165.23,165.66,502.36,62.54,2146.28,167.09,811.61,36.61,2286.57,163.13,260.26,268.24,55.16,95.11,238.56,1816.89,3563.86,2.55,149.33,133.02,618.14,2.99,965.47,58.85,517.40
2026-03-31T19:00:00Z,60.73,2051.42,169.99,1120.68,46.12,2166.80,166.23,498.24,62.51,2132.40,167.22,824.84,36.56,2289.06,163.37,266.78,265.47,53.26,94.57,239.37,,3533.46,2.54,149.43,126.66,612.56,3.12,957.87,58.85,499.22
2026-03-31T19:10:00Z,60.87,2059.06,169.92,1114.72,45.92,2183.16,165.86,509.46,62.48,2130.06,167.12,826.98,36.79,2282.53,163.29,254.75,258.28,53.85,95.05,235.06,1808.28,3543.81,2.81,150.10,126.69,610.66,2.92,951.12,58.71,506.32
2026-03-31T19:20:00Z,60.88,2066.10,169.43,1101.06,45.73,2172.19,165.81,474.77,62.91,2116.74,166.99,827.63,36.54,2277.83,162.99,266.35,261.64,55.20,95.48,235.51,1810.15,3534.76,2.85,149.00,126.52,610.07,3.11,953.95,59.92,518.64
2026-03-31T19:30:00Z,61.31,2057.90,168.92,1099.20,45.77,2175.35,165.62,480.53,63.27,2121.55,166.21,825.72,36.94,2284.24,162.85,282.91,264.30,53.57,96.24,236.20,1808.28,3554.23,2.53,150.08,126.64,615.52,3.21,951.32,61.58,513.32
2026-03-31T19:40:00Z,60.86,2057.18,168.89,1110.24,46.40,2171.66,166.53,482.76,63.48,2114.84,165.91,822.82,36.94,2279.94,163.07,286.54,264.05,54.72,96.63,235.55,1813.45,3546.66,2.65,151.17,127.28,616.07,3.08,955.10,60.63,513.25
2026-03-31T19:50:00Z,60.87,2054.84,169.44,1098.80,46.73,2167.77,165.93,487.73,63.29,2118.93,166.66,833.54,36.83,2275.33,162.89,275.13,265.18,56.76,96.22,239.13,1800.40,3539.34,2.43,150.41,127.03,604.95,2.94,949.58,62.15,500.88
2026-03-31T20:00:00Z,60.87,2057.56,168.87,1099.37,46.70,2179.68,165.77,504.87,63.21,2110.50,167.57,834.78,36.94,2263.31,162.90,282.67,269.20,56.39,96.28,243.37,1815.81,3547.33,2.33,148.48,127.72,613.00,2.72,956.02,60.91,505.25
2026-03-31T20:10:00Z,61.01,2056.83,168.78,1110.87,46.65,2182.08,165.54,499.69,63.03,2116.37,167.20,825.07,36.82,2274.48,163.00,271.55,269.25,55.42,95.34,241.25,1811.42,3559.80,2.52,149.19,129.49,614.29,3.41,957.57,60.62,507.69
2026-03-31T20:20:00Z,61.28,2050.29,169.22,1124.06,46.55,2157.85,165.57,494.29,62.92,2128.86,167.57,827.57,36.56,2275.65,163.07,269.80,266.79,55.02,96.01,238.89,1808.33,3549.76,2.45,148.80,131.26,610.83,2.98,955.91,61.67,504.23
2026-03-31T20:30:00Z,61.09,2053.58,169.48,1117.05,46.40,2160.64,165.45,494.30,62.65,2127.38,167.40,820.03,36.04,2294.99,163.17,245.45,258.87,54.85,95.26,234.79,1813.60,3547.00,2.36,149.44,124.41,606.28,3.07,956.46,61.15,504.90
2026-03-31T20:40:00Z,60.96,2045.35,169.68,1123.86,46.60,2154.28,165.69,515.60,62.65,2130.02,167.88,822.94,36.40,2298.57,162.16,225.16,260.60,55.84,94.63,234.23,1810.85,3545.27,2.51,148.82,126.77,609.91,2.91,955.00,60.23,504.31
2026-03-31T20:50:00Z,60.79,2052.54,169.71,1105.47,46.28,2160.85,165.96,507.73,62.69,2136.99,167.85,810.01,36.47,2293.69,162.41,248.95,260.93,55.59,94.64,235.43,1808.24,3552.65,2.52,149.84,128.69,606.08,3.22,952.03,61.40,504.51
2026-03-31T21:00:00Z,60.76,2062.24,169.80,1120.36,46.55,2161.64,165.86,505.36,62.76,2141.15,166.51,814.68,36.70,2278.64,162.06,269.89,261.99,56.54,94.16,236.55,1802.52,3568.00,2.57,149.25,127.55,610.71,2.60,946.62,60.48,516.16
2026-03-31T21:10:00Z,60.81,2055.59,168.92,1117.02,46.42,2170.04,166.36,503.31,62.85,2129.66,165.99,804.96,36.56,2284.98,162.44,268.64,263.79,54.50,94.13,238.01,1810.65,3548.66,2.28,151.23,126.32,616.31,3.56,963.25,61.08,518.80
2026-03-31T21:20:00Z,61.22,2043.27,169.30,1125.47,46.01,2177.47,165.93,505.94,62.85,2129.31,166.17,815.56,36.55,2304.59,162.88,269.63,271.45,56.13,95.00,246.26,1820.86,3552.59,2.59,149.92,134.05,617.90,2.51,967.57,60.32,516.92
2026-03-31T21:30:00Z,61.30,2039.94,168.85,1127.06,45.94,2179.34,166.12,500.29,62.84,2129.20,166.14,808.35,36.25,2292.15,162.90,253.05,264.54,56.96,95.55,240.72,1817.91,3549.03,2.44,149.22,128.15,612.49,2.77,955.03,61.34,517.29
2026-03-31T21:40:00Z,61.16,2052.04,168.79,1119.08,46.15,2164.91,166.51,490.07,63.04,2130.45,166.45,811.26,35.85,2303.38,162.40,239.68,262.23,54.64,95.13,234.90,1807.53,3553.50,2.60,150.54,128.17,604.88,2.91,958.24,62.09,496.02
2026-03-31T21:50:00Z,61.27,2050.35,169.37,1130.93,45.85,2171.40,166.44,496.81,63.22,2130.43,166.64,811.82,36.24,2302.16,162.34,242.75,262.49,53.81,95.49,238.42,1807.03,3544.28,2.53,148.18,126.12,607.00,2.70,950.69,61.24,503.25
2026-03-31T22:00:00Z,61.08,2038.89,169.61,1125.36,45.86,2172.71,165.74,495.35,63.65,2115.53,166.73,826.50,35.91,2301.49,162.27,243.02,266.72,51.77,95.91,236.72,1809.34,3539.91,2.54,147.45,127.89,615.45,3.31,945.45,61.26,505.63
2026-03-31T22:10:00Z,60.79,2041.65,168.24,1112.92,45.82,2180.49,165.72,487.70,63.77,2106.66,167.12,830.96,35.69,2301.99,161.53,241.38,263.59,52.47,95.18,236.41,1810.03,3540.26,2.61,150.49,126.04,604.48,3.06,955.21,60.69,496.99
2026-03-31T22:20:00Z,60.97,2052.28,168.61,1111.04,45.66,2177.00,165.80,478.61,63.59,2102.64,167.81,852.39,35.47,2301.95,161.55,238.72,265.59,54.39,95.99,240.20,1804.50,3553.86,2.56,149.59,127.26,609.37,2.78,948.91,60.07,507.31
2026-03-31T22:30:00Z,61.07,2054.40,168.44,1105.16,45.47,2186.94,166.09,463.29,63.31,2092.54,167.10,847.16,36.02,2300.40,161.34,223.54,259.72,54.87,95.37,233.07,1809.69,3553.02,2.54,150.42,125.84,608.82,2.99,955.79,59.84,507.37
2026-03-31T22:40:00Z,60.87,2048.92,169.08,1106.21,45.74,2180.70,166.22,459.15,63.54,2105.92,167.16,841.43,36.06,2293.80,161.44,221.56,260.63,52.91,95.42,236.96,1807.80,3548.33,2.59,151.87,125.03,609.73,3.07,956.15,60.86,515.97
2026-03-31T22:50:00Z,60.99,2038.45,168.74,1114.37,46.20,2176.29,165.80,472.84,63.11,2110.25,166.87,841.71,35.94,2300.79,161.11,230.36,261.89,53.28,96.13,234.89,1808.13,3552.22,2.26,150.31,127.42,610.81,3.20,951.00,59.85,510.00
2026-03-31T23:00:00Z,61.28,2039.15,169.41,1124.98,46.16,2175.94,165.17,469.89,62.82,2129.30,166.72,839.24,35.89,2301.82,161.33,234.43,261.29,53.06,95.90,234.66,1804.93,3546.75,2.74,149.13,125.19,608.53,3.14,944.25,60.92,506.19
2026-03-31T23:10:00Z,61.62,2033.92,170.27,1124.52,46.46,2165.45,165.28,485.76,62.39,2128.27,167.54,818.99,35.93,2298.08,162.15,239.34,263.09,53.59,95.35,236.96,1804.93,3548.93,2.39,150.11,125.63,608.01,2.97,949.27,60.82,508.60
2026-03-31T23:20:00Z,61.67,2024.12,169.92,1143.60,46.05,2174.11,165.13,479.79,62.19,2128.28,167.74,802.45,35.63,2301.38,162.57,236.57,255.78,53.02,94.76,229.42,1800.79,3556.89,2.64,149.49,124.19,605.26,3.12,943.39,59.73,506.68
2026-03-31T23:30:00Z,61.87,2036.95,169.91,1148.70,46.47,2169.94,165.01,488.02,62.14,2134.66,167.82,792.54,35.21,2318.72,162.06,211.52,256.72,53.32,94.86,229.36,1802.76,3558.23,2.43,150.18,120.42,597.24,2.80,945.59,60.34,503.71
2026-03-31T23:40:00Z,61.97,2031.34,170.07,1155.58,46.58,2168.06,165.28,493.63,62.18,2142.43,167.12,796.89,35.11,2319.56,161.92,204.35,262.98,53.55,95.65,235.68,1811.27,3543.59,2.32,150.54,126.02,606.11,2.80,966.86,61.82,511.03
2026-03-31T23:50:00Z,61.97,2035.36,171.08,1154.26,46.45,2170.02,166.34,500.00,62.12,2153.03,166.39,784.57,34.92,2332.69,161.01,199.33,254.74,54.04,95.89,228.55,1803.31,3549.71,2.55,150.47,124.27,601.77,3.23,947.27,60.64,502.59
2026-04-01T00:00:00Z,62.13,2029.23,170.97,1150.72,46.44,2162.63,165.78,506.61,62.22,2137.86,166.88,789.46,35.19,2330.51,160.96,195.46,256.37,54.87,96.02,233.65,1808.37,3549.46,2.24,150.65,123.80,604.02,3.05,954.35,62.14,501.97
2026-04-01T00:10:00Z,62.35,2032.45,170.98,1151.73,46.45,2164.96,166.00,495.60,62.26,2139.43,167.16,787.35,35.32,2326.29,161.44,196.43,259.75,51.90,95.73,234.65,1813.54,3548.94,2.29,149.05,124.89,607.79,2.99,955.47,61.31,505.98
2026-04-01T00:20:00Z,62.73,2019.57,170.71,1173.87,46.65,2153.18,165.77,503.95,62.14,2137.40,166.21,790.53,35.29,2322.96,162.24,215.04,261.63,53.35,96.05,241.86,1813.03,3550.91,2.46,151.59,126.88,603.63,2.33,954.95,60.75,506.24
2026-04-01T00:30:00Z,62.60,2017.25,170.70,1168.12,47.01,2141.45,166.46,513.23,62.31,2140.28,166.71,802.01,34.99,2327.58,160.99,213.68,261.39,52.98,96.16,236.75,1812.06,3549.16,2.46,150.69,126.72,610.18,3.00,957.17,59.77,513.46
2026-04-01T00:40:00Z,62.45,2005.35,170.23,1166.75,46.83,2151.89,166.81,516.63,62.26,2147.66,166.62,783.42,35.43,2309.41,161.14,212.75,256.32,54.16,96.33,229.61,1805.65,3540.69,2.28,148.89,123.64,607.12,3.23,956.72,60.91,508.23
2026-04-01T00:50:00Z,62.33,2010.84,171.15,1162.43,46.33,2158.64,166.34,503.98,62.08,2146.93,166.05,786.67,35.93,2300.38,161.20,229.61,255.32,54.99,96.12,231.71,1806.15,3540.88,2.62,149.96,118.86,588.90,3.18,957.54,60.66,489.38
2026-04-01T01:00:00Z,62.42,2017.06,170.35,1150.65,46.52,2157.69,166.52,502.73,62.24,2144.08,166.54,791.55,36.00,2299.27,161.47,244.36,256.51,56.89,96.63,226.66,1802.57,3554.08,2.35,149.67,121.06,598.12,3.15,955.07,60.77,503.24
2026-04-01T01:10:00Z,62.47,2022.18,170.27,1143.68,46.68,2159.38,166.24,492.44,62.46,2144.26,166.49,801.67,35.97,2294.30,161.54,253.08,259.36,54.96,96.35,230.28,1805.19,3561.89,2.39,148.13,121.91,599.31,2.89,954.02,60.49,508.18
2026-04-01T01:20:00Z,62.33,2013.53,169.92,1160.67,47.03,2149.75,166.63,526.32,62.57,2140.55,165.92,803.24,36.46,2292.68,161.62,245.49,257.24,54.64,95.67,234.06,1810.18,3552.48,2.42,150.07,123.63,602.57,2.76,952.60,61.02,503.32
2026-04-01T01:30:00Z,62.27,2009.90,170.16,1173.58,46.97,2149.01,166.11,519.83,62.50,2128.97,166.79,806.01,36.51,2286.04,162.77,242.36,257.28,53.71,96.66,231.38,1806.76,3554.66,2.69,149.64,122.45,601.59,2.97,953.47,60.24,500.04
2026-04-01T01:40:00Z,62.40,2009.82,170.68,1167.18,47.08,2151.07,166.42,517.63,62.78,2133.13,166.30,822.40,36.25,2295.83,162.68,233.99,262.56,56.28,95.83,236.30,1815.13,3553.77,2.43,148.19,127.43,608.51,3.29,951.29,59.73,510.50
2026-04-01T01:50:00Z,62.11,2008.81,170.35,1164.50,47.18,2140.72,166.21,527.63,62.39,2144.61,167.03,815.80,36.07,2285.25,162.16,254.92,262.90,55.39,95.75,234.60,1812.88,3545.63,2.60,149.39,124.42,609.17,2.89,959.70,60.63,490.84
2026-04-01T02:00:00Z,62.56,2003.94,171.03,1176.98,47.37,2131.53,166.30,546.81,62.11,2158.18,167.09,801.85,35.99,2288.75,162.06,245.13,261.46,56.35,97.00,236.14,1808.14,3550.77,2.38,149.50,128.99,605.10,2.99,954.79,60.57,502.32
2026-04-01T02:10:00Z,62.20,2011.86,171.13,1181.80,47.31,2133.18,165.32,539.96,61.48,2152.84,167.18,797.63,35.55,2310.04,162.03,231.56,261.07,57.00,97.32,236.97,1808.63,3550.20,2.55,150.66,124.97,599.47,3.03,954.18,60.16,500.60
2026-04-01T02:20:00Z,61.93,2020.89,170.57,1162.67,47.49,2142.29,166.12,539.56,61.55,2159.10,166.50,794.14,35.36,2320.90,162.09,215.33,260.76,56.39,96.23,234.43,1808.00,3551.64,2.78,149.54,123.53,606.70,2.75,951.91,59.89,504.90
2026-04-01T02:30:00Z,61.75,2043.94,170.56,1151.97,47.26,2134.52,166.17,537.15,61.77,2149.89,165.90,791.32,35.53,2321.60,161.81,220.76,269.90,55.49,96.80,243.29,1815.33,3542.16,2.59,149.19,131.49,611.84,2.99,957.48,59.36,505.01
2026-04-01T02:40:00Z,61.60,2037.76,169.75,1137.81,46.79,2146.79,166.17,536.94,61.40,2160.98,165.26,782.99,35.55,2311.56,162.23,222.45,261.26,53.60,95.72,236.63,1809.52,3549.77,2.54,151.16,122.90,607.22,3.06,962.42,59.54,497.86
2026-04-01T02:50:00Z,61.54,2040.30,169.04,1137.29,46.34,2156.11,166.16,529.99,61.91,2158.06,165.11,782.23,35.42,2311.79,161.80,215.82,256.77,54.07,95.23,230.49,1806.20,3552.80,2.37,152.29,123.07,603.87,2.77,949.88,61.00,503.85
2026-04-01T03:00:00Z,61.48,,169.04,1137.68,46.41,2163.06,165.94,511.19,61.76,2152.75,165.60,789.03,35.45,2318.24,161.31,212.51,259.17,51.71,95.31,231.63,1807.84,3544.70,2.28,150.25,124.42,603.53,3.04,957.14,59.36,509.79
2026-04-01T03:10:00Z,61.56,2025.67,169.75,1144.87,46.39,2158.99,166.39,504.63,61.79,2152.41,166.02,782.44,35.45,2320.94,161.52,211.43,260.58,53.64,95.00,232.76,1806.38,3544.37,2.52,151.46,122.82,605.92,,959.41,59.79,500.70
2026-04-01T03:20:00Z,61.77,2015.86,170.32,1142.00,46.47,2166.01,166.88,503.95,61.79,2162.22,166.54,783.59,35.94,2313.51,160.85,206.59,259.24,52.79,94.62,231.08,1811.68,3533.81,2.38,150.29,123.56,603.55,2.74,960.20,59.50,505.30
2026-04-01T03:30:00Z,62.00,2018.72,169.87,1137.46,46.71,2167.24,166.83,502.13,62.05,2160.78,166.65,773.12,36.29,2299.96,160.95,220.61,262.29,53.25,94.71,233.98,1805.78,3537.72,2.85,149.94,129.04,607.94,3.18,957.43,59.95,505.60
2026-04-01T03:40:00Z,62.04,2014.90,170.51,1149.23,46.74,,166.65,505.67,62.22,2150.74,166.72,777.22,36.94,2281.45,162.04,256.17,260.78,54.80,94.82,235.09,1807.54,3546.16,2.61,150.04,123.80,614.11,2.91,950.30,60.08,507.03
2026-04-01T03:50:00Z,62.17,2022.36,169.78,1146.60,47.01,2155.30,167.02,511.35,62.28,2151.21,166.51,778.61,37.55,2277.55,162.14,274.08,259.52,55.62,95.14,232.28,1805.60,3551.48,2.26,148.36,124.67,610.11,2.68,954.31,61.33,512.91
2026-04-01T04:00:00Z,62.34,2023.34,169.79,1139.05,47.14,2146.71,165.92,490.94,62.04,2149.27,166.28,792.85,37.77,2271.23,,303.61,261.34,56.76,95.95,233.75,1799.78,3547.01,2.51,149.23,124.89,601.58,2.88,945.28,60.85,495.72
2026-04-01T04:10:00Z,62.52,2012.53,169.62,1158.42,46.91,2148.56,166.38,520.94,61.57,2155.51,166.24,788.66,37.31,2261.45,162.93,311.38,261.06,58.60,96.26,235.84,1805.16,3552.41,2.56,148.81,122.10,605.37,2.80,953.13,59.85,503.66
2026-04-01T04:20:00Z,62.49,2001.18,169.77,1149.31,46.84,2149.97,166.46,508.78,61.96,2148.82,166.58,788.76,37.11,2268.15,162.54,301.99,262.49,56.46,95.84,235.36,1803.99,3565.55,2.53,151.46,128.28,604.28,2.75,956.11,60.09,505.97
2026-04-01T04:30:00Z,61.70,2019.43,169.89,1159.37,46.68,2149.99,166.58,509.58,61.98,2156.08,166.41,798.68,36.91,2280.61,163.76,284.61,263.46,53.85,95.76,237.38,1802.92,3547.48,2.33,150.14,126.56,612.18,3.04,948.94,59.10,516.21
2026-04-01T04:40:00Z,62.08,2010.42,170.67,1180.03,46.24,2155.05,166.28,505.21,62.02,2152.80,166.43,789.10,36.89,2287.74,163.00,270.16,259.88,55.90,96.24,230.60,1797.60,3547.04,2.37,149.19,126.47,607.15,2.87,948.29,57.60,511.33
2026-04-01T04:50:00Z,61.58,2033.97,169.66,1151.67,46.06,2169.17,166.72,504.62,61.92,2161.05,166.49,796.70,37.01,2278.90,162.71,280.68,260.58,55.90,94.99,234.92,1801.53,3553.29,2.41,150.21,124.85,607.62,3.02,956.33,57.27,513.48
2026-04-01T05:00:00Z,61.27,2036.96,170.13,1146.01,45.57,2183.06,166.11,501.42,62.11,2144.93,167.29,794.57,37.03,2274.28,163.47,274.06,260.15,55.13,94.86,236.31,1800.77,3542.01,2.50,149.15,126.51,605.61,2.83,943.34,57.85,505.17
2026-04-01T05:10:00Z,61.44,2045.67,170.05,1137.17,45.43,2189.15,166.31,478.13,61.82,2151.71,166.75,781.51,37.57,2259.08,162.86,286.22,265.34,55.34,94.97,241.54,1822.09,3563.86,2.46,151.14,126.65,610.64,2.77,956.81,58.75,509.01
2026-04-01T05:20:00Z,60.94,2047.17,169.98,1113.19,45.28,2181.93,165.44,480.82,61.62,2149.71,166.53,785.33,37.72,2243.11,163.90,296.80,263.58,55.33,95.51,236.84,1814.58,3546.53,2.59,149.43,125.55,605.02,3.17,954.94,59.70,507.08
2026-04-01T05:30:00Z,61.11,2049.74,169.19,1108.43,45.62,2180.81,165.31,457.47,61.76,2148.18,167.02,783.99,37.69,2245.32,163.68,296.92,261.90,53.20,95.59,237.59,1811.16,3568.07,2.60,150.95,127.86,614.20,3.27,957.19,59.30,504.84
2026-04-01T05:40:00Z,61.25,2043.24,168.95,1109.47,45.37,2182.32,164.75,474.77,62.27,2156.69,166.96,784.48,37.25,2261.35,163.07,295.10,264.54,55.10,95.06,236.19,1798.87,3550.56,2.44,150.09,125.73,614.29,2.90,954.44,59.22,506.85
2026-04-01T05:50:00Z,60.84,2050.42,168.86,1117.60,45.04,2188.79,164.93,457.96,62.29,2146.85,166.01,773.06,37.23,2272.01,162.84,282.15,258.96,53.78,95.09,231.13,1803.89,3540.05,2.52,149.49,126.41,613.53,2.85,947.90,58.95,508.36
2026-04-01T06:00:00Z,61.03,2051.18,169.24,1129.23,45.22,2191.16,165.03,454.80,61.92,2138.75,166.52,794.46,36.89,2266.27,163.33,282.19,260.24,53.36,95.93,231.66,1803.55,3548.12,2.39,148.77,126.47,605.39,2.77,960.68,58.58,504.12
2026-04-01T06:10:00Z,61.12,2046.33,169.49,1116.25,45.26,2189.87,164.98,454.23,62.15,2148.40,167.27,802.23,36.68,2280.03,163.21,275.86,256.81,50.43,95.60,230.89,1798.02,3543.85,2.51,149.97,122.57,602.99,3.08,941.61,58.45,500.76
2026-04-01T06:20:00Z,60.97,2047.63,169.44,1117.48,44.99,2200.36,164.41,439.36,62.32,2144.35,166.86,814.57,36.52,2282.30,163.06,262.23,264.83,54.25,95.05,237.57,1816.79,3559.65,2.67,151.65,127.04,607.11,3.17,957.61,61.65,509.43
2026-04-01T06:30:00Z,60.81,2050.58,169.23,1105.46,45.19,2192.20,165.21,453.21,62.60,2138.07,166.89,816.10,36.21,2303.99,163.21,247.06,261.16,54.94,95.78,232.03,1809.61,3542.42,2.41,150.98,127.19,606.61,2.78,960.24,59.70,508.58
2026-04-01T06:40:00Z,61.26,2050.31,169.16,1120.59,45.49,2182.31,165.22,471.75,62.46,2128.87,167.80,817.84,36.50,2288.48,163.33,268.84,257.11,54.50,96.54,227.57,1799.89,3553.45,2.30,151.34,123.14,608.52,2.88,952.71,60.14,506.35
2026-04-01T06:50:00Z,61.25,2043.21,169.25,1120.84,45.64,2188.44,164.98,460.13,62.64,2135.51,167.77,816.51,36.65,2285.25,162.78,267.38,259.09,56.14,95.83,231.91,1802.76,3541.01,2.44,148.38,124.77,605.53,3.29,953.95,60.89,496.89
2026-04-01T07:00:00Z,61.64,2035.03,168.99,1130.02,45.97,2184.00,165.25,460.64,62.25,2130.54,167.06,803.27,37.04,2283.18,162.42,269.68,257.97,55.23,94.54,232.33,1805.86,3551.34,2.30,149.59,126.39,612.51,3.08,956.83,60.84,505.50
2026-04-01T07:10:00Z,61.31,2036.72,169.09,1117.41,45.73,2177.36,166.00,471.60,61.94,2136.29,166.51,802.15,36.95,2283.11,162.82,274.01,256.75,54.98,94.75,232.09,1808.04,3548.58,2.54,149.88,125.71,607.05,3.20,953.45,60.33,501.78
2026-04-01T07:20:00Z,61.51,2037.12,169.34,1130.98,45.75,2176.29,165.87,487.80,62.20,2147.03,166.38,795.73,36.90,2281.27,162.57,273.45,259.81,54.85,95.36,234.76,1808.35,3544.93,2.65,151.30,126.02,610.36,2.99,947.52,60.92,507.17
2026-04-01T07:30:00Z,61.54,2030.85,169.40,1129.88,45.51,2175.90,165.25,485.75,62.02,2151.90,165.91,797.60,36.47,2285.28,162.81,271.95,262.34,53.32,95.28,234.44,1805.51,3543.32,2.39,149.32,128.14,611.49,3.01,951.21,61.25,521.96
2026-04-01T07:40:00Z,61.74,2035.09,170.29,1135.57,46.17,2179.72,165.45,493.18,62.24,2156.74,165.89,789.57,36.41,2287.47,162.74,262.85,258.96,54.58,95.84,235.06,1813.15,3538.89,2.66,149.67,123.75,603.94,2.81,963.55,61.89,501.11
2026-04-01T07:50:00Z,61.59,2024.60,169.54,1130.16,45.99,2175.57,166.00,496.75,62.27,2148.43,166.43,787.42,36.20,2299.62,162.82,251.52,259.57,55.17,95.08,232.78,1798.32,3548.91,2.43,149.79,125.89,613.66,2.89,946.38,61.06,505.77
2026-04-01T08:00:00Z,61.45,2021.92,169.62,1138.68,46.01,2176.91,165.41,485.82,62.57,2131.22,166.06,795.38,36.49,2290.26,162.65,244.61,261.48,55.72,95.15,232.20,1807.99,3558.32,2.60,149.60,127.75,606.93,2.79,953.47,58.38,504.39
2026-04-01T08:10:00Z,61.11,2035.06,169.54,1139.22,46.27,2173.60,165.67,490.48,62.37,2142.96,166.54,782.22,36.35,2287.35,163.17,266.84,260.10,55.88,95.39,229.87,1803.77,3542.89,2.67,151.17,123.67,597.39,3.02,950.88,59.73,491.28
2026-04-01T08:20:00Z,61.03,2038.04,169.39,1134.75,46.04,2166.10,165.68,500.60,62.31,2149.24,167.08,797.83,36.35,2291.02,162.58,260.06,259.01,55.37,95.70,233.48,1812.03,3551.36,2.33,151.62,125.18,608.59,3.19,958.05,59.94,510.48
2026-04-01T08:30:00Z,60.94,2041.94,169.76,1120.81,46.15,2171.04,166.13,498.68,62.15,2146.53,166.75,799.74,36.49,2281.45,162.49,254.80,253.61,53.53,94.63,232.09,1799.47,3549.51,2.60,149.69,122.87,601.26,2.86,951.82,58.81,504.79
2026-04-01T08:40:00Z,60.98,2048.44,169.18,1107.14,46.40,2169.80,166.45,496.21,62.36,2145.63,166.61,800.79,36.47,2286.39,162.88,262.47,254.89,52.37,94.55,229.86,1800.28,3559.60,2.40,150.61,123.16,607.31,2.94,954.78,59.58,506.05
2026-04-01T08:50:00Z,60.91,2049.17,169.40,1123.38,46.35,2171.76,166.91,497.74,62.27,2147.71,166.37,806.77,37.01,2283.08,162.75,253.86,254.79,51.73,95.73,228.85,1806.17,3552.80,2.81,150.43,120.57,600.75,3.02,950.61,58.95,492.89
2026-04-01T09:00:00Z,60.76,2049.25,169.43,1111.60,46.60,2154.10,166.29,498.45,62.25,2135.22,166.65,813.29,37.20,2265.84,162.35,268.67,256.77,54.14,96.07,232.82,1808.44,3554.16,2.50,151.19,121.50,603.99,2.89,958.83,59.31,501.06
2026-04-01T09:10:00Z,60.12,2061.69,169.48,1106.62,46.53,2161.94,165.30,489.74,62.45,2134.21,166.76,816.79,37.08,2259.88,162.58,274.88,260.87,54.26,96.28,236.52,1805.11,3559.91,2.82,152.10,123.83,607.02,2.96,953.76,59.52,511.89
2026-04-01T09:20:00Z,60.41,2069.72,169.60,1101.83,46.92,2153.84,165.16,,62.32,2132.08,166.72,805.95,36.91,2261.58,163.05,276.71,260.05,55.65,96.13,233.21,1797.37,3553.25,2.57,149.12,124.84,606.55,2.74,948.84,60.64,494.57
2026-04-01T09:30:00Z,60.25,2056.39,168.46,1108.80,47.13,2157.54,165.32,503.57,62.02,2140.04,167.51,803.28,36.99,2266.16,162.95,283.28,261.01,54.42,95.20,231.87,1806.84,3552.68,2.42,149.60,125.79,604.45,2.75,950.77,60.48,503.60
2026-04-01T09:40:00Z,60.48,2063.58,168.65,1103.19,47.05,2154.40,165.53,514.23,62.66,2138.27,167.84,827.43,36.92,2271.89,162.49,285.74,262.69,55.02,94.80,236.06,1809.65,3551.36,2.45,150.07,128.58,606.59,3.04,953.33,60.64,507.13
2026-04-01T09:50:00Z,60.81,2050.57,168.97,1118.26,46.88,2147.28,165.49,507.02,62.19,2154.07,166.97,811.93,36.57,2282.52,163.02,269.17,264.11,55.74,95.76,236.80,1808.33,3543.83,2.42,150.25,128.76,608.45,3.07,957.53,59.46,505.39
2026-04-01T10:00:00Z,61.21,2053.68,169.12,1113.87,46.80,2146.56,165.92,509.70,62.25,2160.79,166.82,808.15,36.62,2296.59,162.54,250.74,258.85,54.44,95.68,231.00,1797.46,3542.34,2.56,150.03,126.51,607.70,3.18,950.92,60.20,510.29
2026-04-01T10:10:00Z,61.14,2048.83,169.75,1114.61,46.66,2161.52,165.81,488.10,62.56,2143.06,166.90,804.68,36.31,2299.13,162.67,244.52,258.06,55.71,95.36,229.15,1805.01,3546.34,2.49,148.03,124.25,609.91,2.92,954.16,59.07,507.27
2026-04-01T10:20:00Z,61.90,2037.58,169.33,1118.42,46.56,2159.82,166.61,522.98,62.62,2129.69,166.74,806.69,36.25,2292.97,162.41,239.38,261.41,57.31,95.67,235.80,1807.30,3536.41,2.40,150.43,125.00,606.93,3.39,954.35,59.93,505.03
2026-04-01T10:30:00Z,61.80,2042.33,168.99,1127.06,46.63,2164.94,166.24,493.86,62.73,2142.34,166.86,816.09,36.16,2290.20,162.06,238.61,262.56,55.74,94.94,238.58,1815.59,3553.81,2.54,149.34,127.76,606.73,3.08,950.59,59.81,503.47
2026-04-01T10:40:00Z,62.09,2034.31,169.43,1114.95,46.80,2155.43,166.49,518.81,63.01,2125.51,166.76,831.66,36.60,2281.55,162.44,245.82,267.29,57.69,95.97,240.66,1812.62,3549.85,2.69,151.70,128.17,613.55,3.01,956.75,59.59,511.76
2026-04-01T10:50:00Z,61.51,2042.81,169.21,1122.48,47.29,2153.51,166.56,519.69,62.81,2117.93,167.13,829.03,36.72,2275.30,162.60,251.96,268.65,56.57,96.40,241.32,1814.70,3548.10,2.41,150.34,130.62,612.76,3.09,958.25,60.37,510.11
2026-04-01T11:00:00Z,61.65,2046.41,,1136.57,47.88,2141.06,166.85,534.69,63.27,2123.29,166.73,842.08,36.62,2282.34,162.46,249.37,258.94,58.04,95.37,225.51,1805.06,3546.06,2.45,151.90,121.96,605.92,2.84,,60.33,506.00
2026-04-01T11:10:00Z,61.46,2042.86,168.99,1129.52,47.78,2137.41,167.36,542.61,63.10,2120.72,167.38,842.93,36.39,2276.37,162.76,257.64,265.53,56.45,95.41,237.75,1813.49,3539.73,2.77,150.15,125.58,597.15,3.19,950.19,59.55,494.36
2026-04-01T11:20:00Z,61.34,2030.14,168.65,1149.97,47.92,2125.04,167.64,544.91,63.04,2133.79,167.01,826.26,35.55,2310.37,161.86,252.32,268.85,57.56,94.78,238.25,1809.53,3554.30,2.26,150.22,130.33,604.96,3.44,961.15,59.57,496.15
2026-04-01T11:30:00Z,60.81,2047.50,168.48,1133.81,48.19,2124.57,167.58,560.25,62.92,2128.44,167.30,814.72,35.81,2296.98,162.16,233.51,261.48,58.28,95.26,237.01,1812.87,3556.32,2.67,147.72,126.52,608.19,2.75,953.83,60.52,509.43
2026-04-01T11:40:00Z,60.82,2044.37,169.19,1118.90,48.39,2123.38,168.02,561.32,62.60,2131.73,166.79,829.78,35.60,2300.43,162.54,229.98,262.79,56.44,95.33,238.54,1824.14,3547.83,2.38,150.02,125.59,610.64,3.13,961.92,61.98,503.70
2026-04-01T11:50:00Z,60.56,2051.01,169.35,1120.13,48.54,2113.08,167.07,569.86,62.47,2145.13,166.75,825.41,35.46,2313.99,162.24,221.80,264.54,55.73,95.49,240.77,1817.18,3547.76,2.26,149.44,129.23,600.73,2.73,960.32,61.99,489.65
2026-04-01T12:00:00Z,61.17,2049.35,169.53,1112.88,48.50,2106.30,167.23,582.91,62.54,2138.97,167.38,828.67,35.69,2311.78,162.28,229.91,266.32,55.63,96.06,237.80,1810.94,3551.14,2.20,148.48,127.75,611.20,3.19,954.29,61.27,496.04
2026-04-01T12:10:00Z,61.57,2047.50,169.29,1117.65,48.05,2104.48,168.03,584.41,62.94,2130.60,167.00,824.04,35.67,2311.38,162.11,227.04,265.52,56.28,96.96,239.84,1818.03,3554.36,2.54,150.47,126.77,607.52,3.28,952.25,60.56,518.49
2026-04-01T12:20:00Z,61.49,2056.20,169.10,1121.58,47.76,2122.23,167.32,558.53,63.03,2122.41,166.81,826.17,35.84,2305.69,161.58,225.01,265.61,54.94,97.51,239.85,1816.04,3541.93,2.35,149.41,128.49,604.37,2.99,965.11,60.49,498.12
2026-04-01T12:30:00Z,61.60,2044.35,169.30,1127.46,47.45,2139.61,167.23,545.28,63.05,2121.68,166.99,826.80,35.86,2300.70,161.81,216.53,266.12,56.00,96.44,240.28,1822.94,3547.12,2.68,150.51,126.79,605.39,3.37,962.37,60.50,504.48
2026-04-01T12:40:00Z,61.34,2038.05,169.68,1108.97,47.02,2145.87,167.07,543.65,62.68,2129.51,167.58,819.76,36.13,2307.04,162.29,228.24,262.76,53.92,96.92,234.96,1807.19,3543.95,2.49,150.68,128.87,612.10,2.73,953.21,61.88,503.68
2026-04-01T12:50:00Z,61.70,2039.50,169.24,1106.11,46.55,2155.88,166.92,527.90,62.50,2122.41,167.54,818.92,35.91,2309.04,162.51,225.35,263.65,53.97,96.05,233.61,1800.14,3552.48,2.66,150.78,125.79,606.74,3.15,945.88,61.19,506.19
2026-04-01T13:00:00Z,61.42,2040.19,168.90,1119.02,45.94,2173.89,166.08,512.41,62.36,2135.90,167.33,828.91,36.11,2295.91,161.86,252.13,262.64,54.17,95.17,235.80,1814.97,3543.32,2.35,149.05,122.95,,2.79,951.78,61.75,502.30
2026-04-01T13:10:00Z,61.54,2040.58,169.41,1135.76,45.57,2175.47,165.86,496.55,62.22,2148.05,167.69,831.63,35.72,2298.98,161.53,246.97,260.46,56.67,95.12,235.19,1804.12,3544.80,2.70,150.24,122.94,597.72,2.73,958.24,61.58,493.39
2026-04-01T13:20:00Z,61.73,2035.67,169.67,1140.52,46.05,2188.63,166.01,485.59,62.11,2145.40,166.50,806.08,35.44,2306.15,161.53,227.03,260.55,55.56,95.45,235.54,1814.66,3541.53,2.44,151.75,125.39,604.14,2.79,958.52,60.47,501.00
2026-04-01T13:30:00Z,61.52,2027.72,169.42,1130.53,46.17,2181.21,165.88,462.13,62.00,2139.94,166.98,803.34,35.50,2316.07,162.02,212.48,265.46,53.70,95.40,237.50,1816.31,3560.97,2.32,150.95,127.93,612.99,3.22,959.70,59.80,513.00
2026-04-01T13:40:00Z,61.91,2026.32,169.99,1132.77,45.65,2182.36,164.98,469.75,61.78,2157.30,167.55,803.35,35.89,2311.82,161.33,233.58,259.08,51.53,96.44,229.35,1805.86,3549.09,2.49,150.06,123.62,602.64,2.70,952.32,59.65,502.55
2026-04-01T13:50:00Z,62.12,2005.15,170.01,1141.84,45.51,2179.18,165.29,468.71,61.66,2162.83,167.17,791.79,35.91,2300.38,161.52,235.01,258.89,52.20,96.40,233.95,1805.94,3549.21,2.51,149.69,124.02,603.89,2.85,958.44,59.88,493.82
2026-04-01T14:00:00Z,62.51,1997.08,170.27,1163.32,45.67,2186.82,165.69,464.69,61.87,2157.33,167.26,789.67,35.80,2304.21,161.43,228.24,251.34,52.96,95.28,226.68,1801.77,3560.52,2.38,149.67,119.32,598.09,2.96,938.93,59.44,498.31
2026-04-01T14:10:00Z,62.50,2005.33,170.61,1159.62,45.57,2189.27,165.05,465.27,62.11,2146.64,166.66,789.96,35.89,2301.15,161.37,229.12,259.25,53.41,94.64,231.70,1802.34,3552.83,2.30,150.00,122.86,604.52,3.01,950.93,60.87,499.47
2026-04-01T14:20:00Z,62.13,2010.98,170.92,1156.30,45.41,2182.69,164.44,469.57,61.77,2149.64,166.75,787.21,35.82,2301.51,161.33,232.67,259.36,54.75,95.39,233.35,1813.60,3547.20,2.45,150.00,124.41,609.16,2.71,952.70,60.54,503.88
2026-04-01T14:30:00Z,62.02,2021.27,170.23,1137.49,45.13,2187.80,165.84,457.61,61.56,2150.38,166.25,797.86,35.80,2300.90,162.06,231.64,257.19,54.38,95.84,229.85,1809.59,3542.83,2.42,148.56,121.84,604.16,2.80,955.15,59.70,490.56
2026-04-01T14:40:00Z,62.15,2017.23,169.68,1147.82,45.77,2187.02,164.99,459.11,61.23,2164.74,165.92,775.35,36.37,2289.41,162.27,234.70,260.59,52.87,95.89,233.42,1807.78,3555.96,2.32,148.95,126.12,604.58,3.25,950.61,59.57,502.60
2026-04-01T14:50:00Z,62.54,2019.39,169.58,1157.06,45.65,2195.75,165.14,463.64,61.60,2164.27,166.28,775.07,36.54,2285.94,161.99,254.39,260.78,52.66,96.21,233.25,1810.05,3554.47,2.58,150.59,125.36,606.61,3.08,957.81,59.36,494.19
2026-04-01T15:00:00Z,62.77,2017.01,169.53,1160.02,45.80,2187.23,165.56,457.76,61.14,2173.31,165.48,772.94,36.24,2291.33,162.82,250.84,262.48,53.79,95.98,235.11,1804.73,3557.58,2.28,150.57,128.62,599.16,2.97,952.47,59.72,496.85
2026-04-01T15:10:00Z,62.62,2011.08,170.45,1165.19,45.72,2186.43,165.78,473.14,61.10,2174.74,164.94,766.30,36.59,2282.95,162.77,250.00,260.51,52.95,96.42,234.03,1805.00,3547.00,2.60,149.99,122.03,603.69,2.87,954.23,61.84,505.29
2026-04-01T15:20:00Z,62.76,2000.94,170.12,1178.65,45.32,2191.59,165.40,461.20,60.92,2177.07,165.61,762.10,36.27,2287.36,162.81,258.99,257.60,54.19,96.37,227.79,1799.63,3554.41,2.50,150.45,124.51,612.17,3.28,952.33,59.87,510.73
2026-04-01T15:30:00Z,62.43,2012.13,170.57,1156.65,44.95,2192.66,165.66,464.83,61.31,2174.55,165.69,763.20,36.49,2290.27,162.26,267.56,260.01,57.68,96.21,237.03,1810.71,3559.27,2.41,150.71,125.91,608.56,3.27,958.50,59.19,500.78
2026-04-01T15:40:00Z,62.06,2005.90,170.23,1145.77,45.42,2184.93,165.97,480.06,61.74,2156.67,164.65,779.57,36.70,2290.85,162.29,258.83,262.31,55.34,96.79,239.21,1811.50,3563.25,2.55,149.25,124.88,604.31,3.06,954.81,59.74,504.82
2026-04-01T15:50:00Z,62.49,2003.01,169.53,1171.32,45.67,2172.38,165.02,490.33,62.18,2153.42,164.89,782.91,36.72,2291.80,162.39,255.79,259.42,54.72,95.63,231.08,1810.03,3548.42,2.38,152.66,124.85,606.77,3.31,952.80,59.38,505.97
2026-04-01T16:00:00Z,62.65,2005.74,170.34,1197.06,45.77,2175.15,164.62,480.28,62.04,2147.64,165.78,776.15,36.80,2292.42,163.32,269.62,266.02,56.17,95.08,238.78,1809.67,3542.50,2.57,149.55,127.74,607.51,3.35,957.46,60.95,503.57
2026-04-01T16:10:00Z,62.45,2011.97,170.59,1179.44,45.63,2169.93,164.08,484.86,62.03,2142.14,165.92,786.20,36.96,2283.08,163.64,275.31,260.79,55.11,94.63,237.85,1817.38,3570.02,2.73,150.80,123.40,603.32,3.30,951.26,60.37,503.09
2026-04-01T16:20:00Z,62.50,2007.70,170.78,1180.75,45.55,2175.32,165.45,472.12,62.08,2144.34,165.97,785.62,36.90,2284.78,163.67,262.00,264.45,53.87,94.84,238.32,1805.60,3546.36,2.60,150.87,125.68,602.53,3.22,956.21,60.14,498.82
2026-04-01T16:30:00Z,62.27,2021.18,170.45,1164.02,45.50,2188.10,165.03,472.53,62.04,2151.97,165.87,769.39,36.76,2294.73,164.04,244.07,257.49,52.32,95.27,231.85,1801.73,3543.40,2.73,148.84,123.30,612.81,3.22,948.22,60.43,506.85
2026-04-01T16:40:00Z,61.41,2040.21,169.83,1135.27,45.46,2174.35,165.05,467.94,61.82,2159.12,166.11,774.90,36.90,2273.93,163.50,264.00,256.47,55.28,95.89,230.40,1816.79,3550.62,2.59,149.45,123.63,605.59,3.17,952.91,59.20,512.82
2026-04-01T16:50:00Z,61.47,2043.82,169.91,1134.26,45.53,2183.92,165.47,485.57,61.53,2159.79,166.47,770.03,37.23,2278.73,163.02,276.53,256.64,55.38,96.38,232.02,1807.25,3561.40,2.19,149.65,122.80,601.69,3.03,959.19,60.07,488.72
2026-04-01T17:00:00Z,61.50,2028.76,169.86,1118.81,45.53,2193.55,166.15,478.25,61.74,2158.21,167.62,777.86,37.22,2277.44,162.63,285.29,256.31,55.22,96.57,230.75,1801.41,3556.76,2.76,148.93,125.52,615.68,2.84,945.15,59.93,509.42
2026-04-01T17:10:00Z,61.95,2019.91,169.59,1136.96,46.10,2182.54,165.85,462.34,62.24,2145.08,167.56,788.28,37.54,2257.95,162.50,275.63,260.96,55.78,96.08,233.31,1800.46,3531.85,2.58,149.59,125.83,611.53,3.15,956.25,59.66,502.52
2026-04-01T17:20:00Z,61.74,2018.28,169.76,1152.26,46.29,2172.49,166.59,475.31,62.01,2149.40,167.39,796.76,37.80,2253.88,162.94,290.60,262.85,55.30,96.56,237.32,1814.26,3542.80,2.44,150.99,124.49,603.73,2.88,957.32,59.22,491.77
2026-04-01T17:30:00Z,61.73,2024.57,169.81,1156.59,46.11,2172.82,166.60,499.29,61.97,2147.50,166.70,789.43,37.79,2253.29,162.93,305.20,262.46,56.29,95.70,235.61,1808.61,3561.89,2.50,150.59,125.44,608.00,2.96,939.67,60.48,502.94
2026-04-01T17:40:00Z,61.80,2016.75,169.70,1137.72,46.50,2167.66,166.31,498.31,61.66,2154.55,166.32,802.71,37.64,2265.58,162.41,294.87,264.67,55.73,95.87,239.60,1812.62,3544.60,2.14,149.89,127.46,617.92,2.93,956.28,61.16,511.94
2026-04-01T17:50:00Z,61.57,2037.21,170.20,1146.76,46.63,2158.43,166.34,491.78,62.08,2142.60,165.90,810.64,37.91,2259.72,162.52,323.04,268.29,57.10,94.99,239.40,1818.70,3546.00,2.44,150.48,127.75,609.60,3.11,958.69,60.96,513.60
2026-04-01T18:00:00Z,61.37,2037.85,170.23,1124.92,46.55,2164.19,166.49,500.07,62.47,2144.45,166.87,798.35,37.63,2253.85,163.69,302.61,260.83,55.90,95.76,238.04,1809.11,3562.23,2.52,150.57,124.27,604.74,3.20,950.29,59.83,498.20
2026-04-01T18:10:00Z,61.87,2041.39,170.37,1147.45,46.63,2156.00,165.79,498.42,62.55,2144.54,166.66,817.62,37.45,2266.33,163.04,281.41,261.26,54.59,95.92,234.02,1808.36,3554.23,2.39,150.95,125.30,607.15,3.18,950.19,59.35,508.99
2026-04-01T18:20:00Z,61.64,2033.76,170.14,1143.42,46.63,2154.18,166.45,507.65,62.17,2162.33,166.82,812.31,37.94,2253.48,163.06,296.30,261.08,55.49,96.62,236.06,1810.28,3552.34,2.52,150.25,123.28,605.96,3.11,951.92,59.63,498.09
2026-04-01T18:30:00Z,61.79,2034.87,169.96,1137.53,46.15,2168.86,166.57,508.41,62.12,2153.09,167.01,804.12,38.18,2252.14,162.54,289.73,267.36,55.62,96.35,242.35,1817.10,3548.63,2.78,150.43,128.09,610.93,2.86,960.39,59.42,518.89
2026-04-01T18:40:00Z,61.79,2027.53,169.68,1134.51,46.10,2179.54,166.29,500.12,61.92,2152.95,167.56,793.01,38.24,2255.78,163.36,294.16,261.06,55.87,96.40,234.55,1808.55,3545.13,2.58,150.77,124.61,606.48,3.27,953.30,59.61,500.99
2026-04-01T18:50:00Z,61.28,2036.32,170.01,1127.04,46.24,2166.44,165.90,494.10,62.26,2152.95,167.33,797.61,38.14,2255.36,162.80,307.25,262.23,56.91,95.47,237.23,1811.43,3545.27,2.51,148.66,126.73,605.53,2.86,960.38,59.68,518.18
2026-04-01T19:00:00Z,61.35,2034.98,169.93,1120.76,46.40,2162.26,166.11,496.26,62.65,2132.53,166.95,801.51,38.19,2251.79,163.47,313.78,263.77,56.02,97.05,235.36,1814.60,3561.51,2.44,151.32,126.67,611.59,2.85,952.11,59.42,504.22
2026-04-01T19:10:00Z,60.97,2050.60,169.72,1126.54,46.53,2168.64,165.55,493.07,62.51,2132.81,166.76,801.89,38.09,2249.62,162.78,310.26,264.21,55.91,96.83,234.09,1820.59,3559.71,2.58,150.84,126.59,613.56,2.89,957.70,59.51,500.34
2026-04-01T19:20:00Z,61.20,2050.16,169.24,1108.56,46.09,2172.37,166.38,497.60,62.49,2141.79,167.21,808.02,37.56,2257.21,163.15,299.65,269.34,54.65,97.21,242.68,1809.24,3534.33,2.65,149.49,128.93,602.94,3.07,954.56,58.62,512.90
2026-04-01T19:30:00Z,61.21,2051.44,168.98,1115.97,45.99,2174.10,165.42,496.52,62.25,2139.47,167.02,806.48,37.87,2262.49,163.39,322.32,266.31,55.43,96.41,238.36,1812.56,3543.75,2.80,150.06,127.54,615.70,2.94,957.02,59.15,517.57
2026-04-01T19:40:00Z,61.21,2048.82,168.89,1114.40,45.93,2182.93,166.19,486.72,62.27,2152.86,166.27,790.74,37.59,2271.52,163.52,312.40,260.38,54.01,96.41,231.12,1811.70,3554.14,2.71,,125.88,605.54,2.90,955.08,60.55,507.54
2026-04-01T19:50:00Z,61.47,2051.35,168.56,1102.15,45.90,2180.16,165.54,490.38,62.23,2148.40,166.07,790.81,37.50,2267.52,163.09,310.32,261.32,55.22,96.08,235.00,1812.84,3554.64,2.73,148.78,124.35,605.84,2.83,965.34,60.42,488.31
2026-04-01T20:00:00Z,61.20,2053.59,169.20,1100.88,45.94,2175.11,164.84,481.44,62.65,2136.38,166.05,805.53,37.64,2274.50,162.87,291.15,264.02,56.73,96.13,240.12,1806.41,3550.74,2.46,151.06,127.56,612.96,3.16,948.77,60.20,510.53
2026-04-01T20:10:00Z,60.74,2048.86,168.23,1091.50,46.04,2167.77,166.12,489.55,62.95,2133.47,166.66,822.31,37.34,2273.74,162.58,279.76,254.75,56.02,95.65,228.76,1803.56,3554.76,2.39,150.22,121.60,596.35,3.23,948.76,59.45,494.89
2026-04-01T20:20:00Z,60.74,2055.19,168.59,1094.42,46.14,2169.06,165.78,487.98,63.53,2122.95,167.41,837.35,37.39,2274.74,163.29,275.48,259.07,54.85,95.73,230.04,1806.60,3540.55,2.63,150.83,127.05,612.19,3.09,952.53,60.52,505.22
2026-04-01T20:30:00Z,60.45,2059.51,168.63,1090.49,46.21,2180.31,165.04,482.76,63.17,2122.74,167.49,819.14,37.46,2271.74,163.07,282.00,257.41,54.07,95.48,231.88,1802.63,3543.62,2.55,150.89,125.74,605.08,3.23,950.32,60.82,508.10
2026-04-01T20:40:00Z,60.13,2070.25,169.06,1090.80,45.92,2179.82,165.52,494.38,63.20,2117.55,167.87,833.26,37.64,2256.95,163.09,296.03,257.85,53.30,95.63,227.27,1799.26,3554.21,2.53,149.78,123.33,601.56,3.05,946.42,60.21,509.42
2026-04-01T20:50:00Z,60.38,2058.64,170.18,1092.55,45.90,2179.60,165.23,473.15,63.21,2118.44,167.76,826.73,37.23,2259.52,163.04,282.16,257.09,52.79,95.48,235.15,1807.59,3561.89,2.38,150.87,123.92,606.25,2.98,955.88,59.44,510.53
2026-04-01T21:00:00Z,60.40,2069.99,169.04,1101.46,46.13,2167.20,166.49,489.12,63.41,2129.68,166.99,828.42,37.66,2259.21,163.18,298.80,259.74,56.69,96.89,232.95,1811.87,3555.50,2.32,149.82,123.95,603.12,2.87,957.80,59.36,508.73
2026-04-01T21:10:00Z,60.28,2064.42,169.29,1097.97,46.35,2153.74,166.04,498.02,63.47,2127.94,167.43,827.06,37.51,2257.85,163.08,302.73,263.86,57.03,96.37,237.77,1819.47,3551.46,2.55,150.50,127.02,611.04,3.44,954.61,59.69,511.02
2026-04-01T21:20:00Z,60.57,2064.34,168.82,1101.09,46.30,2166.62,166.24,499.27,63.14,2117.40,166.78,818.63,37.44,2264.86,162.58,299.93,261.75,57.25,96.07,236.95,1805.98,3558.38,2.52,148.81,124.46,602.75,3.10,957.22,60.10,497.19
2026-04-01T21:30:00Z,60.52,2057.64,168.68,1111.01,45.96,2167.96,166.11,493.72,63.33,2118.14,166.64,816.81,37.85,2255.53,162.95,294.60,258.70,55.96,95.96,231.78,1802.80,3542.55,2.37,150.29,124.97,600.53,2.85,946.84,59.78,504.65
2026-04-01T21:40:00Z,60.53,2066.71,167.96,1097.79,46.01,2175.67,165.58,498.76,63.30,2124.16,166.76,803.71,37.87,2256.80,164.07,296.24,263.35,54.26,94.96,237.30,1810.78,3538.69,2.35,150.11,126.09,611.42,2.88,955.31,61.67,516.59
2026-04-01T21:50:00Z,60.54,2064.54,168.08,1095.15,46.08,2169.55,166.16,497.16,63.25,2127.36,167.01,796.99,37.52,2259.95,164.54,292.75,256.79,54.93,95.52,232.98,1799.56,3545.01,2.52,149.28,122.91,600.01,3.11,954.32,60.28,506.12
2026-04-01T22:00:00Z,60.79,2054.73,168.63,1102.32,46.18,2181.10,165.88,489.44,62.97,2120.92,167.03,794.09,37.74,2261.07,164.03,291.89,260.80,56.74,96.35,234.84,1816.63,3542.84,2.53,149.72,126.45,610.32,2.94,954.41,60.08,511.77
2026-04-01T22:10:00Z,60.74,,168.22,1105.24,46.20,2177.85,165.73,483.39,62.87,2126.09,167.03,813.81,37.68,2257.30,163.94,298.42,260.90,54.01,95.79,235.90,1806.08,3554.96,2.55,149.46,124.88,608.92,3.03,957.38,60.34,501.80
2026-04-01T22:20:00Z,60.68,2055.03,169.09,1100.79,46.25,2184.62,165.29,486.58,63.52,2131.29,167.53,830.48,37.79,2261.36,162.94,300.40,264.80,52.36,95.50,237.92,1812.01,3539.58,2.50,148.91,128.23,599.73,3.01,956.17,59.42,501.20
2026-04-01T22:30:00Z,60.75,2053.81,169.10,1087.70,46.00,2181.94,165.56,477.59,63.61,2126.72,166.92,824.58,37.85,2257.45,163.16,300.23,258.49,52.54,96.00,236.22,1808.33,3540.76,2.78,149.43,124.22,604.51,2.98,956.00,59.34,501.67
2026-04-01T22:40:00Z,60.81,2049.68,169.03,1107.71,46.31,2163.44,165.00,478.26,63.80,2116.24,167.44,832.77,37.77,2248.24,163.09,318.54,261.51,53.76,96.11,230.69,1804.05,3563.53,2.68,150.22,124.44,605.54,3.40,948.66,59.04,497.32
2026-04-01T22:50:00Z,60.97,2064.02,169.22,1103.93,46.27,2171.92,164.78,484.67,63.87,2107.51,167.08,848.21,38.06,2242.13,163.59,312.40,260.96,56.57,95.78,235.21,1811.63,3546.32,2.25,151.57,126.43,608.72,3.18,960.28,59.45,505.84
2026-04-01T23:00:00Z,60.99,2054.80,169.15,1105.20,46.39,2170.89,164.79,482.64,64.33,2103.78,167.38,835.81,37.76,2251.79,163.79,306.18,263.92,54.33,96.53,238.14,1810.52,3554.07,2.46,148.78,124.53,611.06,3.04,959.15,60.35,512.82
2026-04-01T23:10:00Z,60.66,2059.71,169.79,1098.24,46.38,2158.82,165.88,505.38,64.44,2094.78,167.19,848.31,37.60,2244.62,163.63,303.46,261.65,52.00,96.88,235.56,1818.65,3552.19,2.38,148.61,126.22,604.46,2.99,965.42,60.00,500.42
2026-04-01T23:20:00Z,61.05,2060.05,168.99,1090.91,46.57,2162.36,165.41,497.69,64.02,2109.91,167.67,866.80,37.64,2246.17,163.35,309.61,263.60,53.79,96.72,236.02,1802.02,3556.53,2.41,150.95,126.64,614.60,3.20,953.78,60.84,505.90
2026-04-01T23:30:00Z,61.22,2042.48,168.86,1095.70,47.16,2148.36,165.98,500.43,64.11,2110.49,167.48,847.72,37.64,2246.69,163.49,310.30,266.81,55.14,96.38,241.53,1817.10,3550.77,2.32,147.41,129.16,614.15,3.16,960.00,60.58,519.36
2026-04-01T23:40:00Z,61.13,2033.52,169.39,1125.51,47.54,2142.08,166.29,523.55,64.19,2098.18,167.29,852.54,38.20,2246.69,163.27,311.10,260.36,54.56,96.09,233.44,1812.60,3544.01,2.56,152.90,122.36,602.05,3.03,952.99,61.30,500.59
2026-04-01T23:50:00Z,60.73,2044.36,168.88,1108.72,47.50,2136.07,166.75,531.85,64.24,2100.55,166.97,846.61,38.57,2235.93,163.02,320.68,266.10,55.42,96.04,237.67,1802.34,3550.37,2.41,150.61,129.73,609.96,2.99,953.98,59.57,506.91
