timestamp,VAR_001,VAR_002,VAR_003,VAR_004,VAR_005,VAR_006,VAR_007,VAR_008,VAR_009,VAR_010,VAR_011,VAR_012,VAR_013,VAR_014,VAR_015,VAR_016,VAR_017,VAR_018,VAR_019,VAR_020,VAR_021,VAR_022,VAR_023,VAR_024,VAR_025,VAR_026,VAR_027,VAR_028,VAR_029,VAR_030
2026-02-19T00:00:00Z,56.15,2167.61,165.96,960.43,30.27,2574.03,155.98,0.00,62.68,2133.44,166.56,833.80,44.04,2103.07,168.56,532.79,248.79,47.17,94.54,225.60,1803.51,3562.50,2.48,150.76,119.93,593.76,2.86,952.94,60.58,495.75
2026-02-19T00:10:00Z,56.47,2167.55,165.97,955.77,30.51,2569.31,156.31,0.00,62.56,2129.38,167.58,815.66,43.77,2108.87,168.60,528.03,240.75,47.13,94.37,214.24,1798.03,3551.92,2.54,149.42,115.32,597.48,3.23,948.94,60.77,496.00
2026-02-19T00:20:00Z,56.52,2167.37,166.20,963.79,30.44,2565.80,156.86,0.00,62.80,2136.83,166.48,811.12,43.77,2110.59,167.82,514.01,245.47,46.26,94.66,224.61,1803.20,3546.77,2.40,148.97,118.39,601.02,2.47,949.79,58.99,495.38
2026-02-19T00:30:00Z,56.40,2162.62,166.73,953.38,30.26,2575.14,156.42,0.00,62.66,2133.87,167.47,820.34,43.78,2105.43,168.12,510.16,247.85,45.58,94.11,226.48,1789.77,3535.95,2.46,148.95,117.17,596.62,3.12,943.64,58.19,497.75
2026-02-19T00:40:00Z,56.48,2167.28,166.28,958.00,30.10,2570.06,156.79,0.00,62.58,2129.11,167.26,803.52,43.90,2102.66,167.51,506.76,240.99,47.42,94.17,217.51,1800.85,3552.43,2.53,149.12,115.01,584.21,3.02,956.28,60.98,495.12
2026-02-19T00:50:00Z,55.99,2170.59,166.51,930.68,29.88,2572.93,156.40,0.00,62.96,2128.63,167.24,812.56,43.86,2102.77,167.50,509.01,238.43,46.79,94.12,214.03,1793.35,3557.42,2.57,148.37,113.07,594.73,3.05,947.64,58.47,495.16
2026-02-19T01:00:00Z,55.85,2176.50,165.75,928.69,29.46,2585.33,156.63,0.00,63.19,2126.67,167.22,827.61,43.85,2097.80,167.17,516.87,236.73,48.16,94.23,210.59,1791.55,3551.82,2.64,149.67,111.95,592.24,2.90,954.11,59.03,491.35
2026-02-19T01:10:00Z,56.18,2166.76,164.55,923.86,29.61,2578.62,156.79,0.00,63.03,2125.77,166.75,818.40,43.74,2099.15,167.13,530.25,233.25,49.17,94.41,210.88,1786.31,3552.30,2.34,150.25,111.50,589.60,3.05,940.89,59.02,500.98
2026-02-19T01:20:00Z,56.25,2174.67,165.39,939.39,29.77,2576.80,156.55,0.00,62.71,2133.25,167.43,826.68,43.34,2104.95,167.49,521.42,239.46,48.09,94.65,217.25,1788.97,3541.78,2.63,150.65,115.99,592.15,2.61,943.09,58.81,499.58
2026-02-19T01:30:00Z,56.27,2178.64,165.30,940.71,29.61,2586.19,155.74,0.00,62.29,2144.14,166.99,823.06,43.41,2112.04,167.46,516.57,239.46,49.09,94.81,214.59,1803.78,3555.71,2.50,150.31,111.68,587.16,2.77,946.28,58.91,488.94
2026-02-19T01:40:00Z,56.15,2168.36,165.69,940.81,29.81,2582.30,156.40,0.00,62.30,2150.09,166.98,817.17,43.35,2116.42,167.90,501.89,241.59,48.89,94.69,217.05,1790.91,3542.27,2.42,148.59,117.00,603.46,3.06,948.36,60.07,498.15
2026-02-19T01:50:00Z,56.31,2172.11,165.32,945.64,29.48,2593.38,156.56,0.00,62.48,2151.23,167.31,793.48,43.09,2108.41,167.97,515.79,237.07,46.43,94.13,210.28,1785.23,3545.65,2.50,149.34,112.88,593.55,3.14,938.78,59.18,494.32
2026-02-19T02:00:00Z,56.05,2168.44,165.90,952.77,29.40,2602.65,156.10,0.00,62.08,2151.14,167.42,795.81,43.01,2125.87,,507.35,234.23,45.88,93.28,211.84,1788.72,3554.14,2.58,148.50,113.89,590.80,2.89,949.42,59.57,494.30
2026-02-19T02:10:00Z,56.36,2159.73,165.74,949.86,29.84,2593.07,156.37,0.00,62.08,2139.72,166.76,800.96,43.21,2115.77,167.65,490.67,238.27,45.95,93.05,213.39,1791.61,3542.15,2.45,149.42,114.50,600.99,3.20,943.85,59.26,502.10
2026-02-19T02:20:00Z,56.35,2161.42,165.17,932.40,29.90,2584.56,156.46,0.00,61.86,2151.98,166.46,800.52,43.27,2123.63,166.95,480.58,239.17,46.43,93.78,214.98,1794.71,3546.13,2.67,149.11,116.85,598.38,2.89,940.66,58.63,486.23
2026-02-19T02:30:00Z,56.79,2158.85,165.67,962.36,30.16,2568.41,155.81,0.00,62.07,2142.78,166.85,790.55,43.18,2125.99,166.71,473.95,236.48,46.04,94.41,213.92,1789.10,3553.49,2.65,149.34,113.25,588.67,3.07,947.87,58.93,492.01
2026-02-19T02:40:00Z,57.13,2146.61,166.80,970.29,30.43,2553.53,156.08,0.00,61.98,2144.54,166.21,797.60,43.20,2123.79,167.06,493.50,236.03,44.83,94.14,213.08,1782.74,3560.11,2.54,149.13,114.36,593.06,3.16,946.42,57.82,494.00
2026-02-19T02:50:00Z,57.11,2144.19,167.15,967.83,30.29,2566.12,156.43,0.00,61.99,2146.46,167.22,806.34,43.55,2123.18,166.64,490.44,236.76,45.33,94.62,211.76,1785.05,3554.93,2.21,149.92,115.24,593.71,2.78,944.71,59.51,494.69
2026-02-19T03:00:00Z,56.68,2153.71,166.76,987.69,30.04,2566.21,156.65,0.00,61.89,2144.09,166.85,797.50,43.88,2102.56,167.27,491.80,240.06,45.51,95.15,215.78,1789.78,3548.51,2.38,150.21,113.30,595.46,2.95,946.00,58.81,495.74
2026-02-19T03:10:00Z,56.43,2162.04,166.69,970.03,29.87,2574.13,156.56,0.00,62.04,2159.05,166.76,793.67,43.96,2097.49,167.35,492.60,240.59,44.72,95.33,218.68,1787.31,3556.85,2.46,148.43,116.45,596.21,3.06,947.47,58.08,501.51
2026-02-19T03:20:00Z,56.31,2175.07,166.74,957.45,29.31,2575.60,156.37,0.00,61.42,2171.92,166.26,761.49,44.50,2094.42,167.75,511.42,242.56,45.34,96.22,221.68,1796.77,3548.53,2.71,151.57,115.54,595.85,3.05,947.66,58.58,492.73
2026-02-19T03:30:00Z,56.15,2169.36,166.46,972.43,29.41,2583.21,155.50,0.00,61.54,2169.63,166.40,777.30,44.41,2092.64,167.91,523.00,244.12,45.75,95.24,220.67,1797.74,3547.95,2.74,150.80,116.95,590.19,2.88,943.03,58.95,502.40
2026-02-19T03:40:00Z,56.11,2169.57,166.44,958.46,29.22,2600.38,154.71,0.00,61.67,2177.13,166.65,773.74,44.33,2088.43,167.92,526.97,240.25,46.99,94.21,215.08,1793.43,3543.88,2.80,150.65,116.77,589.13,2.90,944.19,59.02,486.21
2026-02-19T03:50:00Z,56.01,2166.87,165.71,946.81,29.40,2599.93,155.10,0.00,61.65,2166.37,166.67,764.09,44.26,2096.18,167.70,537.43,237.82,46.18,94.11,216.91,1791.93,3547.70,2.59,149.60,113.26,583.34,3.05,944.59,60.25,485.40
2026-02-19T04:00:00Z,55.96,2167.12,165.19,929.14,29.43,2600.73,156.02,0.00,61.60,2173.92,167.18,756.86,44.11,2092.48,167.79,525.00,241.40,47.28,95.04,217.32,1798.38,3558.71,2.63,150.05,116.37,600.63,3.42,950.19,59.29,492.85
2026-02-19T04:10:00Z,56.12,2154.97,165.61,936.94,29.09,2605.04,156.27,0.00,61.67,2163.03,166.68,754.79,44.12,2083.05,168.14,527.27,240.92,46.28,93.78,217.91,1805.55,3569.12,2.53,150.20,118.43,593.79,3.24,948.85,60.00,493.24
2026-02-19T04:20:00Z,56.31,2157.47,166.05,950.82,28.93,2593.50,156.17,0.00,61.33,2160.48,166.06,746.92,43.96,2096.67,167.98,506.91,236.25,45.28,92.99,211.35,1779.44,3544.54,2.48,147.67,113.17,595.98,2.97,941.98,61.05,497.07
2026-02-19T04:30:00Z,56.45,2162.28,165.42,945.80,28.82,2597.20,155.18,0.00,61.43,2156.96,165.60,757.76,43.84,2096.62,166.93,523.38,234.75,46.22,92.56,211.83,1783.16,3547.75,2.46,149.79,112.43,587.64,3.11,943.71,60.35,493.32
2026-02-19T04:40:00Z,56.67,2151.35,165.88,962.65,29.31,2593.42,155.54,0.00,61.29,2170.23,165.84,767.67,43.94,2095.40,167.77,522.97,239.88,45.60,93.86,218.00,1791.54,3549.87,2.53,150.30,116.52,591.50,2.87,951.19,60.27,497.25
2026-02-19T04:50:00Z,56.65,2168.43,165.78,959.11,29.04,2594.62,155.94,0.00,61.36,2158.57,166.07,768.97,43.68,2109.87,167.63,521.36,236.33,45.48,94.96,212.11,1793.73,3545.66,2.56,149.27,112.70,590.30,3.16,940.31,60.55,489.47
2026-02-19T05:00:00Z,56.65,2167.46,165.33,959.51,28.91,2594.14,155.55,0.00,61.39,2156.10,165.49,772.69,43.50,2116.91,168.11,518.24,236.01,46.78,94.57,217.75,1793.17,3553.97,2.38,151.10,112.36,598.35,2.76,947.84,60.03,498.43
2026-02-19T05:10:00Z,56.67,2163.37,165.70,956.02,29.39,2594.58,155.60,0.00,61.11,2179.56,165.59,754.18,43.63,2109.56,168.55,507.84,235.13,44.88,95.65,209.50,1786.96,3546.78,2.33,149.30,113.17,590.11,3.27,949.08,59.09,496.01
2026-02-19T05:20:00Z,56.80,2157.45,165.61,954.59,29.67,2581.37,156.70,0.00,60.89,2177.12,165.39,757.49,43.45,2113.78,168.25,513.58,233.39,44.00,94.97,213.36,1792.20,3547.28,2.55,149.70,111.51,600.47,2.53,949.93,59.45,492.73
2026-02-19T05:30:00Z,56.75,2156.72,165.84,947.22,29.01,2582.22,156.03,0.00,60.92,2173.13,165.33,761.98,43.98,2110.73,168.71,521.40,233.87,44.00,95.39,212.03,1786.34,3554.80,2.43,148.02,113.17,591.80,2.81,934.41,59.61,492.49
2026-02-19T05:40:00Z,56.77,2156.89,165.88,942.16,28.94,2584.32,155.62,0.00,60.98,2173.54,165.23,750.83,43.89,2111.84,167.67,511.77,233.21,45.63,96.38,211.21,1790.57,3551.40,2.45,149.83,109.64,582.59,3.01,943.08,59.54,489.61
2026-02-19T05:50:00Z,56.35,2154.51,165.65,967.78,29.12,2588.40,155.59,0.00,61.00,2166.59,165.17,750.63,43.52,2110.99,168.39,518.74,237.19,47.13,95.57,214.59,1784.45,3560.21,2.62,148.26,113.91,592.39,2.97,941.97,58.89,493.27
2026-02-19T06:00:00Z,56.21,2155.88,165.74,964.39,29.54,2579.06,155.25,0.00,60.78,2165.34,165.67,755.42,43.49,2112.19,167.50,513.13,243.28,47.57,95.66,219.86,1792.86,3564.65,2.66,149.05,114.70,596.91,2.94,947.43,59.45,500.15
2026-02-19T06:10:00Z,56.10,2164.60,165.79,948.08,29.61,2581.93,155.83,0.00,60.98,2164.65,165.47,749.62,43.54,2108.44,167.87,494.24,242.63,46.34,94.16,217.08,1782.39,3559.87,2.62,149.88,117.88,596.57,2.95,939.56,59.36,486.12
2026-02-19T06:20:00Z,56.43,2178.49,165.67,931.55,29.67,2585.30,155.60,0.00,61.29,2169.02,165.07,747.72,43.86,2106.48,168.21,520.91,239.79,45.75,95.76,217.73,1803.28,3549.04,2.44,148.59,112.93,596.01,2.98,954.17,59.84,496.04
2026-02-19T06:30:00Z,56.68,2161.70,165.65,933.06,29.58,2580.47,155.46,0.00,61.33,2155.00,165.09,766.08,44.16,2094.38,168.15,524.38,243.52,46.87,95.36,220.02,1791.45,3543.58,2.61,151.45,119.19,593.68,3.11,943.88,59.68,496.78
2026-02-19T06:40:00Z,56.24,2175.35,165.43,923.23,30.44,2571.33,156.32,0.00,61.45,2158.95,165.20,772.11,43.99,2104.71,167.93,506.92,242.91,46.31,95.61,219.80,1798.81,3554.72,2.68,149.21,113.51,586.45,2.98,952.53,60.30,490.98
2026-02-19T06:50:00Z,56.64,2164.05,165.62,941.58,30.25,2563.96,156.18,0.00,61.79,2153.40,166.37,780.78,43.86,2110.42,167.94,497.31,235.69,46.86,94.95,211.11,1787.73,3556.12,2.68,149.03,115.29,586.21,3.45,950.43,60.71,487.88
2026-02-19T07:00:00Z,56.35,2161.37,165.80,955.57,30.13,2572.84,156.45,0.00,62.06,2145.61,166.55,791.35,44.43,2093.52,167.39,526.89,238.75,45.99,94.30,212.88,1794.51,3558.48,2.62,150.07,112.83,595.11,2.88,950.07,60.59,494.89
2026-02-19T07:10:00Z,56.68,2167.92,165.55,940.00,29.94,2581.69,155.61,0.00,61.94,2133.19,166.93,800.99,44.74,2085.23,167.31,520.77,241.41,45.51,94.82,216.02,1797.75,3559.20,2.47,150.37,112.89,590.96,3.14,943.25,60.45,501.79
2026-02-19T07:20:00Z,56.71,2148.08,165.43,952.38,30.15,2570.97,155.88,0.00,61.84,2144.46,167.72,795.34,44.67,2079.84,167.66,543.80,246.10,47.97,94.36,218.53,1800.28,3544.91,2.21,150.94,115.80,600.49,3.13,943.53,61.45,498.68
2026-02-19T07:30:00Z,56.28,2156.83,166.28,958.10,30.12,2577.37,156.03,0.00,61.60,2156.69,166.59,790.54,44.54,2077.59,167.78,533.96,242.72,47.09,94.00,216.20,1798.73,3548.66,2.52,149.50,116.43,584.43,3.02,947.63,61.12,483.69
2026-02-19T07:40:00Z,56.48,2163.46,166.29,965.49,29.73,2569.99,155.83,0.00,61.83,2158.41,166.40,788.26,44.13,2091.53,167.95,515.08,239.08,46.79,94.99,216.16,1797.51,3553.07,2.44,148.88,112.70,585.95,3.16,949.31,61.00,489.55
2026-02-19T07:50:00Z,56.39,2168.26,166.10,940.50,29.72,2576.13,155.59,0.00,62.01,2147.31,166.23,786.51,43.66,2102.94,168.30,508.63,241.11,45.95,94.71,218.90,1799.83,3561.48,2.62,150.49,117.02,600.13,3.17,942.39,58.80,494.13
2026-02-19T08:00:00Z,56.96,2157.52,165.96,952.67,29.71,2578.93,155.91,0.00,61.91,2161.38,166.39,784.80,43.70,2099.87,168.52,524.68,239.45,45.78,93.90,215.51,1782.47,3541.15,2.54,149.80,115.61,594.86,2.96,932.16,58.77,481.70
2026-02-19T08:10:00Z,57.18,2148.48,166.63,975.59,30.01,2585.53,155.56,0.00,62.02,2155.30,166.81,790.69,43.27,2108.37,168.58,519.66,236.56,47.88,93.70,211.67,1798.26,3560.78,2.51,150.39,115.08,593.67,3.15,948.14,59.36,481.77
2026-02-19T08:20:00Z,57.06,2142.23,166.75,977.86,30.17,2573.40,156.08,0.00,62.07,2159.05,166.26,780.88,43.38,2113.79,168.01,502.85,236.44,47.91,93.29,213.08,1778.53,3557.60,2.33,150.19,114.27,598.55,2.72,940.89,59.12,502.62
2026-02-19T08:30:00Z,56.89,2148.30,166.52,970.91,30.26,2559.51,155.91,0.00,62.16,2159.84,166.20,781.59,43.37,2109.93,168.21,498.11,239.96,45.93,92.97,217.92,1797.66,3551.24,2.44,149.75,113.84,595.25,3.19,950.78,60.51,486.75
2026-02-19T08:40:00Z,57.09,2146.42,165.91,977.44,30.59,2553.22,156.51,0.00,61.98,2152.44,166.19,793.14,43.23,2118.46,168.07,499.25,242.03,46.46,94.15,215.96,1787.93,3548.42,2.63,149.64,117.26,595.26,3.03,943.18,59.51,487.25
2026-02-19T08:50:00Z,57.15,2142.79,166.04,977.98,30.53,2564.85,155.70,0.00,62.43,2143.58,166.12,789.24,43.14,2115.45,167.34,487.15,240.87,49.23,93.58,218.72,1794.97,3549.87,2.50,148.99,112.30,586.50,2.90,948.63,59.26,487.07
2026-02-19T09:00:00Z,57.05,2138.48,167.24,980.48,30.65,2550.44,156.06,0.00,62.77,2128.13,166.45,824.95,43.17,2122.66,167.13,496.73,239.63,49.40,93.62,212.15,1788.92,3535.63,2.57,151.12,113.32,587.67,2.71,943.43,59.83,496.09
2026-02-19T09:10:00Z,57.21,2144.50,166.90,979.12,30.67,2552.42,156.65,0.00,63.12,2125.19,167.40,839.22,42.91,2111.18,166.87,503.99,241.85,46.81,94.64,212.81,1790.55,3541.26,2.28,152.02,116.45,596.29,3.04,949.63,58.48,496.20
2026-02-19T09:20:00Z,56.75,2153.77,165.92,967.56,30.70,2545.06,156.68,0.00,63.36,2119.78,167.34,829.61,42.34,2134.24,167.09,479.91,240.20,46.83,94.80,217.87,1787.70,3541.30,2.37,148.86,116.02,603.49,2.71,942.54,58.98,503.53
2026-02-19T09:30:00Z,56.83,2158.28,166.61,953.62,30.73,2550.58,156.11,0.00,63.32,2125.88,167.41,847.29,42.61,2132.74,166.35,469.35,238.19,44.95,94.89,211.19,1781.29,3554.20,2.73,149.37,116.27,597.29,2.96,936.47,58.47,489.17
2026-02-19T09:40:00Z,56.85,2156.81,166.41,967.54,31.00,2550.57,156.55,0.00,63.60,2117.18,166.88,845.80,42.65,2130.96,167.54,464.87,239.86,45.13,,217.30,1785.09,3557.59,2.76,149.35,114.49,597.33,3.05,941.11,59.77,492.37
2026-02-19T09:50:00Z,56.56,2157.70,166.55,976.56,30.87,2547.53,156.53,0.00,63.42,2119.97,167.64,857.60,42.54,2134.13,167.28,473.40,236.62,48.90,93.26,214.31,1793.28,3552.75,2.59,150.09,110.64,591.61,2.70,941.30,60.06,485.79
2026-02-19T10:00:00Z,57.14,2147.64,166.52,962.30,30.85,2550.01,156.42,0.00,63.82,2105.22,168.02,858.00,42.96,2126.30,167.30,477.73,240.74,48.24,93.35,216.90,1789.93,3556.37,2.64,149.89,115.27,590.59,2.94,945.27,59.90,494.89
2026-02-19T10:10:00Z,57.06,2145.41,165.97,961.19,30.66,2550.85,156.26,0.00,64.17,2107.11,167.69,862.97,42.85,2129.24,167.27,466.07,239.10,48.95,95.42,213.87,1791.42,3535.13,2.53,149.13,115.41,599.30,3.28,947.25,59.17,509.77
2026-02-19T10:20:00Z,56.74,2153.43,166.81,965.28,30.97,2545.48,155.42,0.00,63.93,2109.15,167.35,867.47,42.88,2126.33,167.62,473.86,241.06,48.46,95.24,213.22,1796.39,3564.70,2.40,150.84,116.29,590.22,2.74,950.37,59.92,498.58
2026-02-19T10:30:00Z,56.79,2153.38,165.71,971.63,31.02,,155.90,0.00,63.58,2120.08,167.44,844.99,42.51,2126.84,167.61,473.00,250.71,49.46,94.17,228.90,1814.11,3548.92,2.42,148.42,120.56,602.92,2.98,956.74,61.20,498.90
2026-02-19T10:40:00Z,56.31,2157.68,165.01,965.86,30.88,2548.70,156.28,0.00,63.47,2109.14,168.11,829.30,42.75,2131.19,167.17,467.08,249.92,48.36,94.69,225.44,1795.10,3547.41,2.66,150.26,116.65,598.11,3.21,946.03,59.11,497.23
2026-02-19T10:50:00Z,56.46,2164.02,165.44,933.75,30.91,2548.84,155.90,0.00,63.51,2098.61,167.68,838.92,42.49,2140.91,166.62,464.15,243.87,46.40,95.48,219.71,1806.19,3545.20,2.62,150.61,114.69,597.57,3.05,949.73,59.69,505.97
2026-02-19T11:00:00Z,56.31,2173.37,165.79,935.68,30.25,2571.15,156.41,0.00,63.55,2104.04,167.00,841.84,42.71,2125.13,167.38,471.93,243.66,47.66,93.62,218.09,1802.46,3540.82,2.42,149.90,117.31,595.75,2.93,961.03,59.98,484.90
2026-02-19T11:10:00Z,56.41,2175.56,165.43,924.22,30.21,2567.01,156.38,0.00,63.42,2103.71,167.36,846.65,42.70,2126.85,166.75,467.32,243.43,47.05,93.91,219.87,1790.59,3540.28,2.36,147.82,116.38,594.46,2.96,951.89,59.51,495.86
2026-02-19T11:20:00Z,56.33,2175.78,165.19,939.93,30.18,2568.44,156.33,0.00,63.67,2095.08,166.48,844.49,42.27,2132.77,166.74,458.11,241.42,44.00,94.21,215.79,1793.59,3548.10,2.61,149.91,113.50,586.78,3.16,944.66,59.48,485.13
2026-02-19T11:30:00Z,55.92,2166.86,165.39,931.73,30.08,2568.22,156.25,0.00,63.36,2098.13,167.20,841.84,41.98,2139.73,167.11,457.35,242.23,46.05,93.59,220.17,1809.21,3552.03,2.68,150.37,117.14,596.33,2.72,953.78,60.94,500.16
2026-02-19T11:40:00Z,56.18,2167.16,165.51,946.80,30.41,2564.72,155.13,0.00,63.05,2116.40,167.63,832.05,41.84,2151.76,166.58,440.50,236.08,46.71,93.60,215.38,1788.87,3554.26,2.73,150.36,112.47,592.49,3.13,947.88,60.68,502.88
2026-02-19T11:50:00Z,56.05,2174.54,165.54,944.63,30.21,2575.94,155.70,0.00,62.81,2124.08,166.26,818.72,41.48,2161.18,166.31,432.68,236.91,47.37,93.22,214.97,1779.99,3548.79,2.21,152.00,114.32,587.97,3.16,952.78,60.01,492.22
2026-02-19T12:00:00Z,55.85,2172.91,165.86,944.62,30.12,2580.63,155.22,0.00,62.72,2122.76,166.14,812.83,41.46,2157.82,166.08,425.24,234.32,46.62,93.27,211.21,1788.94,3546.79,2.69,149.56,112.11,586.23,2.58,948.44,59.62,490.96
2026-02-19T12:10:00Z,55.69,2187.13,166.11,940.08,29.92,2569.95,155.67,0.00,63.20,2119.33,166.81,820.98,41.68,2157.57,166.19,423.49,231.52,45.32,94.72,207.85,1784.61,3548.92,2.51,151.05,109.58,579.57,3.15,944.95,60.65,472.24
2026-02-19T12:20:00Z,55.75,2187.08,165.75,925.90,30.08,2567.25,155.93,0.00,63.36,2121.48,166.60,832.73,41.84,2165.05,165.72,422.05,235.60,44.92,94.92,212.67,1784.65,3549.52,2.46,150.28,111.86,590.25,2.83,943.70,60.06,487.41
2026-02-19T12:30:00Z,55.88,2186.13,166.51,942.38,30.60,2572.25,156.29,0.00,63.63,2122.21,166.74,828.22,42.14,2155.38,166.44,424.25,236.76,45.34,94.21,214.17,1794.75,3548.33,2.54,150.74,114.01,590.99,2.73,948.96,59.72,483.74
2026-02-19T12:40:00Z,55.97,2185.79,166.08,940.95,30.29,2571.33,155.76,0.00,63.90,2096.76,167.24,830.15,41.84,2156.69,166.57,442.12,232.01,47.11,94.38,208.67,1785.20,3550.00,2.49,150.16,111.38,589.37,2.95,944.14,59.68,482.52
2026-02-19T12:50:00Z,56.19,2191.68,165.96,941.40,30.40,2572.02,156.50,0.00,63.89,2095.07,167.44,847.00,41.97,2169.25,166.22,430.38,236.31,44.35,95.01,214.10,1786.90,3543.72,2.59,152.74,113.60,598.35,3.17,948.57,60.01,496.31
2026-02-19T13:00:00Z,56.22,2180.27,166.55,950.14,29.96,2574.35,156.91,0.00,63.73,2102.36,167.03,846.26,42.06,2160.47,166.69,439.32,235.90,44.20,94.14,210.86,1783.34,3537.88,2.59,149.36,111.58,595.45,2.72,937.97,60.59,497.87
2026-02-19T13:10:00Z,55.71,2172.88,167.09,950.92,30.02,2572.18,155.81,0.00,63.53,2104.73,167.60,837.53,42.22,2130.83,166.13,450.68,242.00,43.44,94.23,218.50,1800.16,3557.79,2.53,149.35,114.99,594.85,3.36,949.74,60.94,493.86
2026-02-19T13:20:00Z,55.31,2190.08,166.84,928.40,29.42,2577.05,156.23,0.00,63.68,2107.84,167.62,846.57,42.14,2139.79,165.72,448.16,243.49,45.07,94.68,220.18,1797.92,3557.69,2.57,149.59,113.73,590.93,2.64,947.51,58.62,497.21
2026-02-19T13:30:00Z,55.48,2176.29,166.89,915.22,29.39,2577.11,155.87,0.00,63.96,2099.74,167.61,860.68,42.10,2148.77,166.27,435.28,239.89,44.69,94.58,219.86,1795.93,3545.32,2.35,149.46,115.15,597.48,2.87,945.93,59.41,497.69
2026-02-19T13:40:00Z,55.82,2181.62,165.46,911.77,29.41,2583.91,155.91,0.00,63.95,2104.72,167.48,854.45,42.27,2146.85,166.96,451.31,235.38,44.28,94.59,213.40,1785.30,3550.34,2.73,150.85,110.37,579.20,2.90,943.59,59.32,489.73
2026-02-19T13:50:00Z,55.62,2186.23,165.87,917.59,29.71,2590.43,155.61,0.00,64.11,2087.41,166.64,854.12,42.04,2151.98,166.31,441.09,236.99,44.05,94.48,214.17,1779.64,3548.55,2.64,150.56,114.47,591.30,3.08,948.51,59.16,501.56
2026-02-19T14:00:00Z,55.52,2187.89,165.83,920.82,29.74,2583.99,155.79,0.00,64.23,2088.17,167.45,865.94,42.26,2144.62,166.01,446.63,237.60,43.45,94.02,214.59,1797.59,3546.96,2.30,149.01,113.76,590.33,3.59,942.10,59.72,491.50
2026-02-19T14:10:00Z,55.87,2182.10,165.17,929.92,29.67,2591.00,155.62,0.00,64.26,2089.94,167.26,868.90,41.97,2137.88,166.20,453.11,238.84,46.74,95.02,217.44,1787.06,3554.50,2.36,150.56,113.95,595.05,3.07,946.21,58.81,501.24
2026-02-19T14:20:00Z,55.55,2187.98,165.56,928.58,29.91,2574.91,155.80,0.00,64.24,2083.23,166.89,863.72,42.30,2145.74,165.90,455.13,242.81,45.96,94.41,218.21,1785.07,3541.46,2.36,148.19,117.71,599.72,3.06,942.71,58.16,504.97
2026-02-19T14:30:00Z,55.35,2194.17,165.56,910.57,30.05,2582.64,155.54,0.00,64.29,2081.50,167.45,868.39,42.59,2129.89,166.51,468.37,240.71,43.69,94.90,219.09,1795.10,3546.43,2.68,151.61,115.08,597.93,3.39,948.85,60.77,507.23
2026-02-19T14:40:00Z,55.17,2198.55,164.46,903.44,30.22,2563.75,156.55,0.00,64.50,2081.17,167.70,879.75,42.83,2137.42,166.49,466.89,245.51,46.66,94.91,220.76,1796.84,3549.74,2.35,151.97,117.52,595.37,2.65,944.98,60.03,482.24
2026-02-19T14:50:00Z,55.49,2190.27,164.69,905.05,30.41,2568.09,156.15,0.00,64.49,2085.99,168.46,866.02,42.69,2133.70,167.04,473.09,241.13,46.37,94.35,216.17,1796.44,3545.56,2.73,149.68,114.40,593.38,2.96,951.06,59.74,494.27
2026-02-19T15:00:00Z,55.62,2205.59,165.35,909.67,30.49,2571.40,155.49,0.00,64.76,2082.29,168.48,884.90,42.59,2142.60,167.25,469.66,236.92,46.85,94.89,213.23,1790.78,3558.59,2.74,150.31,112.55,591.60,2.92,947.03,59.29,505.73
2026-02-19T15:10:00Z,55.93,2189.51,165.69,919.21,30.80,2560.77,156.28,0.00,64.60,2078.11,167.72,879.81,42.20,2156.43,167.27,473.65,244.74,46.38,94.14,220.21,1804.95,3549.50,2.39,149.02,119.09,602.04,2.93,956.64,59.28,502.43
2026-02-19T15:20:00Z,55.93,2181.37,165.71,913.29,30.56,2555.43,156.32,0.00,64.84,2079.68,168.07,890.91,42.58,2146.89,167.79,481.62,244.76,47.69,94.93,219.16,1797.08,3554.80,2.71,149.96,116.60,601.56,3.36,949.54,59.18,488.72
2026-02-19T15:30:00Z,56.21,2170.58,165.83,924.08,30.75,2550.42,155.52,0.00,64.70,2076.62,168.11,901.93,42.72,2136.06,167.60,486.18,245.28,47.93,94.51,219.74,1802.74,3558.29,2.49,148.54,119.83,600.75,3.18,953.28,59.59,494.93
2026-02-19T15:40:00Z,56.19,2165.75,165.51,936.27,30.36,2552.78,156.31,0.00,64.37,2086.04,168.44,888.96,42.40,2141.74,167.31,475.33,243.27,47.88,95.12,218.60,1788.56,3557.04,2.46,148.73,114.53,597.99,2.90,943.76,58.09,496.62
2026-02-19T15:50:00Z,55.81,2169.95,165.34,936.73,30.69,2551.93,156.17,0.00,64.13,2086.93,168.83,869.96,42.55,2146.18,166.57,477.63,250.15,45.63,94.42,226.85,1799.29,3554.55,2.69,151.40,121.62,602.39,2.74,944.40,57.49,499.99
2026-02-19T16:00:00Z,55.96,2171.76,165.96,932.74,30.70,2546.02,155.84,0.00,64.23,2090.38,168.18,882.04,42.48,2145.70,166.70,462.23,240.53,46.45,93.94,216.42,1795.48,3543.13,2.37,150.85,113.21,589.19,2.97,942.56,58.50,492.97
2026-02-19T16:10:00Z,56.34,2171.27,166.34,938.49,30.83,2554.68,156.42,0.00,64.07,2081.21,167.66,888.17,42.44,2141.65,167.05,485.80,242.32,46.71,94.83,217.20,1790.73,3542.60,2.31,149.07,112.78,598.98,3.20,949.79,59.12,507.71
2026-02-19T16:20:00Z,56.29,2172.15,165.93,937.64,30.61,2559.38,155.98,0.00,63.80,2094.71,167.99,862.73,42.77,2133.02,167.18,480.08,245.36,46.29,95.14,218.27,1799.82,3542.49,2.54,149.83,117.15,598.48,3.15,951.43,60.66,503.44
2026-02-19T16:30:00Z,56.35,2159.50,166.15,947.72,30.84,2556.06,155.91,0.00,63.70,2100.00,168.12,860.77,42.88,2133.93,166.70,471.27,240.24,45.93,94.72,215.63,1787.62,3552.64,2.43,148.64,113.90,593.45,2.94,941.57,60.35,501.77
2026-02-19T16:40:00Z,56.24,2162.34,166.06,948.15,30.34,2565.33,155.79,0.00,64.05,2100.05,168.31,866.66,43.01,2128.23,166.28,471.10,242.15,44.63,95.25,221.98,1796.16,3546.80,2.50,149.15,117.70,600.15,2.94,939.27,60.31,498.91
2026-02-19T16:50:00Z,56.14,2165.22,166.31,951.74,30.31,2564.99,156.38,0.00,63.86,2102.13,167.29,852.54,43.15,2131.92,167.17,469.28,244.37,45.91,95.56,223.16,1798.41,3550.72,2.38,151.25,116.07,593.20,3.05,952.19,59.77,496.62
2026-02-19T17:00:00Z,56.51,2166.44,165.90,944.51,30.42,2563.81,156.55,0.00,63.52,2119.10,166.95,851.47,43.28,2127.52,167.50,487.27,244.75,47.78,94.75,220.27,1801.71,3560.99,2.77,150.30,120.62,601.65,2.93,949.01,60.39,508.86
2026-02-19T17:10:00Z,56.42,2169.17,165.57,956.88,30.11,2571.49,155.65,0.00,63.83,2112.79,166.93,852.37,43.10,2118.40,167.82,491.75,239.68,45.16,95.10,214.61,1789.58,3543.33,2.47,150.34,114.11,590.08,3.11,946.70,60.78,502.30
2026-02-19T17:20:00Z,56.01,2167.53,166.08,937.50,30.20,2568.54,155.26,0.00,63.86,2108.69,166.86,853.27,42.79,2124.53,167.64,487.83,240.96,48.85,94.49,216.63,1796.72,3550.91,2.43,151.55,115.89,593.94,3.10,941.50,60.87,501.22
2026-02-19T17:30:00Z,55.73,2167.37,166.07,931.93,30.17,2565.72,155.43,0.00,63.99,2095.74,167.20,858.50,43.02,2115.92,166.91,501.87,246.55,46.72,94.79,223.38,1794.87,3556.33,2.77,147.74,118.30,599.76,2.88,946.63,61.62,507.69
2026-02-19T17:40:00Z,56.01,2166.22,166.04,927.05,30.37,2565.62,155.85,0.00,63.60,2117.83,167.82,861.21,43.00,2119.90,166.37,486.38,242.09,46.93,94.53,217.85,1790.60,3537.07,2.52,151.39,116.28,589.85,3.00,948.38,60.97,493.17
2026-02-19T17:50:00Z,55.99,2167.82,165.67,945.71,30.51,2560.91,155.47,0.00,63.56,2111.87,167.77,858.19,43.08,2117.01,166.95,484.57,240.10,46.58,94.85,218.81,1801.28,3550.55,2.57,150.36,115.16,600.27,2.69,948.41,60.77,497.57
2026-02-19T18:00:00Z,55.45,2186.00,165.83,941.56,30.16,2559.43,156.01,0.00,63.38,2127.22,167.60,842.62,43.01,2124.26,167.43,463.36,238.14,46.51,94.57,212.36,1779.46,3548.14,2.51,151.00,114.26,591.08,2.59,946.71,59.78,494.40
2026-02-19T18:10:00Z,55.29,2199.34,165.49,924.83,30.12,2568.12,156.58,0.00,63.26,2129.17,167.59,836.24,43.08,2137.07,168.12,470.78,243.59,46.47,94.89,217.37,1791.33,3554.80,2.44,149.23,115.32,597.77,3.09,938.67,58.58,502.41
2026-02-19T18:20:00Z,55.04,2198.65,164.82,907.03,30.20,2575.84,157.13,0.00,63.31,2125.72,166.92,834.50,43.03,2136.54,167.12,464.86,243.29,45.82,94.11,220.13,1797.86,3544.53,2.41,149.72,116.78,589.90,2.82,949.50,58.78,493.57
2026-02-19T18:30:00Z,55.11,2192.17,164.61,893.42,30.44,2573.31,156.61,0.00,63.48,2123.51,167.37,840.04,43.10,2118.28,166.73,477.38,240.35,45.12,95.06,216.78,1789.07,3551.22,2.29,150.17,113.78,592.08,3.23,940.20,57.85,496.58
2026-02-19T18:40:00Z,55.14,2192.16,165.07,909.93,30.51,2571.32,156.04,0.00,63.48,2125.15,167.78,840.17,43.34,2123.15,167.26,490.74,239.82,43.78,95.01,215.57,1797.77,3548.02,2.57,149.99,112.12,590.28,3.09,954.60,57.96,491.98
2026-02-19T18:50:00Z,55.23,2184.11,165.20,905.81,30.57,2551.74,155.94,0.00,63.59,2118.25,167.01,834.46,43.58,2116.76,167.84,495.86,239.88,43.66,95.65,215.97,1794.69,3556.10,2.61,151.44,115.50,598.73,3.06,950.26,59.86,490.83
2026-02-19T19:00:00Z,55.23,2195.21,164.69,902.29,30.19,2559.05,155.89,0.00,63.69,2114.91,167.95,843.06,43.54,2120.40,168.10,503.66,235.20,44.26,95.11,212.02,1787.45,3549.22,2.41,150.40,112.28,594.65,3.23,939.83,60.13,504.30
2026-02-19T19:10:00Z,55.35,2194.07,165.12,921.01,30.39,2565.45,155.77,0.00,63.68,2108.73,166.94,845.87,43.47,2110.56,166.97,508.43,244.62,45.08,95.16,219.51,1797.47,3551.20,2.70,149.02,120.03,603.66,2.77,952.31,59.83,506.38
2026-02-19T19:20:00Z,55.51,2196.14,165.37,913.48,30.08,2573.38,155.91,0.00,64.10,2103.92,166.96,858.47,43.67,2109.26,168.20,504.57,240.52,45.60,94.50,215.79,1790.69,3528.35,2.62,149.20,115.03,595.27,3.15,941.82,59.60,496.75
2026-02-19T19:30:00Z,55.08,2193.53,165.88,914.25,30.50,2564.40,156.07,0.00,63.86,2112.62,167.91,851.51,43.51,2113.36,167.21,503.10,247.43,47.58,95.02,220.24,1795.65,3560.71,2.68,149.38,117.66,596.21,2.88,944.78,59.67,496.23
2026-02-19T19:40:00Z,54.76,2197.83,165.70,921.75,30.97,2549.55,155.87,0.00,63.69,2112.36,167.96,849.23,43.12,2124.26,167.76,504.22,241.39,46.39,95.06,217.41,1790.11,3555.24,2.62,149.23,114.10,587.25,3.42,942.92,59.92,500.79
2026-02-19T19:50:00Z,54.87,2199.98,164.74,915.43,31.45,2535.54,156.36,0.00,63.72,2110.57,168.44,855.83,42.93,2122.51,167.59,499.93,237.82,45.68,95.37,214.87,1793.01,3543.44,2.56,150.43,114.20,591.35,3.20,948.77,60.75,482.79
2026-02-19T20:00:00Z,54.70,2209.17,165.01,907.73,30.79,2547.50,155.69,0.00,63.68,2111.93,168.28,850.34,43.01,2113.55,167.35,497.74,235.72,45.11,94.23,210.71,1790.90,3551.87,2.33,152.49,110.26,586.86,2.95,942.08,60.93,488.07
2026-02-19T20:10:00Z,54.64,2205.83,165.20,902.01,30.60,2551.60,155.61,0.00,63.60,2113.13,168.09,841.85,42.50,2116.29,167.04,489.09,241.83,44.48,94.78,219.66,1800.77,3554.03,2.59,149.92,114.38,596.41,2.94,950.44,61.73,504.78
2026-02-19T20:20:00Z,55.11,2197.97,165.03,911.85,30.65,2558.32,155.48,0.00,63.36,2107.83,168.16,838.47,43.04,2129.52,167.77,473.98,238.12,42.80,94.55,214.70,1786.32,3559.36,2.70,150.49,114.84,586.45,2.88,943.89,60.45,499.97
2026-02-19T20:30:00Z,55.22,2196.86,164.68,903.57,30.69,2555.24,156.37,0.00,63.59,2107.33,168.03,846.58,43.18,2120.97,167.17,477.30,239.18,43.40,94.50,213.49,1793.95,3551.94,2.38,149.61,116.48,587.45,3.05,946.47,61.09,490.01
2026-02-19T20:40:00Z,55.53,2195.13,164.54,902.70,30.40,2561.97,156.23,0.00,63.32,2111.34,167.26,843.65,43.06,2116.45,167.48,491.63,240.86,46.08,95.24,216.01,1790.59,3548.11,2.73,148.56,117.20,598.01,3.15,943.41,60.23,501.45
2026-02-19T20:50:00Z,55.39,2189.31,165.30,918.36,30.28,2563.66,156.13,0.00,63.31,2106.95,167.28,844.17,42.93,2103.92,167.44,520.09,238.66,46.09,94.34,213.27,1785.66,3548.18,2.62,149.50,113.49,587.20,3.07,947.53,60.96,483.80
2026-02-19T21:00:00Z,55.35,2188.66,165.61,918.18,30.49,2562.29,156.20,0.00,63.55,2120.96,167.25,833.58,42.55,2122.37,167.13,495.33,243.92,45.81,94.46,219.23,1795.15,3553.12,2.63,151.57,117.90,595.58,2.85,945.90,62.07,505.24
2026-02-19T21:10:00Z,55.70,2191.33,165.67,918.94,30.28,2557.39,156.32,0.00,63.97,2112.13,167.48,840.96,42.96,2125.90,167.31,482.69,238.89,46.50,93.99,216.63,1792.91,3537.82,2.46,148.07,116.17,599.50,2.85,951.51,61.93,494.59
2026-02-19T21:20:00Z,55.45,2185.40,164.91,920.40,30.92,2542.31,155.90,0.00,64.07,2095.73,166.83,860.54,43.19,2123.99,166.82,486.57,244.89,45.11,94.58,219.15,1791.56,3546.21,2.37,149.90,118.74,599.89,2.89,947.80,60.77,497.49
2026-02-19T21:30:00Z,55.91,2180.73,165.15,927.62,31.24,2536.61,156.74,0.00,63.79,2094.99,166.81,847.47,43.50,2116.41,167.05,490.98,245.63,45.00,94.62,221.72,1804.02,3550.11,2.41,147.85,114.12,600.41,3.07,957.14,60.30,501.13
2026-02-19T21:40:00Z,56.42,2166.72,165.45,936.19,31.24,2540.10,156.43,0.00,63.44,2101.17,166.67,838.30,43.02,2124.62,167.29,478.92,249.19,44.94,95.13,226.61,1810.89,3556.58,2.49,151.44,119.21,602.65,3.11,954.55,59.89,504.54
2026-02-19T21:50:00Z,56.62,2149.24,165.40,934.57,31.46,2533.72,156.30,0.00,63.10,2114.83,166.91,833.75,42.96,2112.82,167.66,478.85,246.06,46.85,94.65,220.79,1797.70,3544.80,2.52,149.54,115.69,593.35,3.21,948.67,60.03,500.69
2026-02-19T22:00:00Z,56.44,2159.88,165.64,948.45,31.36,2538.77,156.58,0.00,63.06,2114.92,167.51,835.81,42.84,2124.04,167.02,484.58,240.96,47.14,94.32,212.28,1784.05,3551.89,2.41,148.95,118.08,606.25,2.94,940.97,59.05,509.19
2026-02-19T22:10:00Z,56.31,2159.44,165.60,949.93,31.19,2545.60,155.89,0.00,63.12,2114.84,167.44,832.11,43.11,2133.48,167.14,485.78,239.10,47.07,94.48,213.82,1791.77,3551.17,2.59,149.62,115.35,596.87,3.11,952.31,60.40,506.85
2026-02-19T22:20:00Z,56.53,2169.70,165.93,945.53,31.25,2552.26,156.70,0.00,63.07,2118.41,167.31,823.25,42.91,2132.18,167.42,483.26,244.76,43.77,94.60,218.37,1794.60,3549.05,2.67,150.25,118.42,592.53,2.94,939.33,60.00,495.60
2026-02-19T22:30:00Z,56.57,2148.44,166.22,945.40,31.23,2540.21,156.68,0.00,63.02,2123.11,167.27,820.26,43.17,2120.46,167.56,494.03,245.17,45.00,95.15,221.65,1801.97,3551.25,2.38,148.06,118.80,599.40,3.14,948.25,59.42,491.22
2026-02-19T22:40:00Z,56.94,2152.57,165.42,938.59,31.47,2535.55,156.48,0.00,62.90,2125.23,167.07,818.99,43.34,2119.42,167.94,498.04,242.24,46.16,95.23,217.74,1789.00,3565.17,2.59,151.47,116.93,599.95,2.84,939.64,60.75,494.94
2026-02-19T22:50:00Z,56.52,2163.35,165.87,945.28,31.57,2533.25,156.19,0.00,62.99,2121.34,167.87,832.43,43.08,2123.07,167.15,486.53,241.59,47.03,94.29,219.01,1782.28,3557.45,2.71,150.73,115.68,597.73,2.99,941.35,59.96,498.72
2026-02-19T23:00:00Z,56.34,2153.87,165.34,943.28,31.72,2526.77,156.11,0.00,63.06,2115.77,166.87,833.52,42.69,2136.50,166.61,484.06,243.13,47.35,94.34,218.27,1797.92,3546.46,2.59,149.33,116.29,597.42,2.95,953.25,59.71,507.40
2026-02-19T23:10:00Z,56.39,2162.53,166.12,962.73,31.46,2541.67,155.78,0.00,62.93,2116.32,166.85,834.57,42.72,2138.82,167.02,477.63,241.92,47.14,94.94,215.76,1786.21,3555.45,2.45,148.28,117.06,600.08,2.93,947.96,60.54,491.99
2026-02-19T23:20:00Z,56.49,2164.45,165.97,944.89,31.18,2549.15,155.64,0.00,62.96,2120.83,166.69,842.65,42.97,2132.42,167.18,478.15,241.68,47.80,94.13,214.13,1787.51,3539.19,2.68,150.04,114.30,599.76,3.35,939.43,60.07,495.68
2026-02-19T23:30:00Z,56.81,2167.85,165.77,954.14,31.15,2541.19,156.10,0.00,62.74,2121.16,166.39,835.29,42.87,2136.85,166.85,486.99,236.03,48.30,94.01,212.90,1793.87,3547.87,2.40,149.09,115.58,596.91,2.83,946.46,60.81,500.54
2026-02-19T23:40:00Z,56.50,2154.37,164.91,966.35,31.36,2538.61,156.10,0.00,63.05,2120.64,167.11,848.90,42.85,2134.25,167.80,491.21,242.86,49.18,94.87,219.25,1790.84,3554.89,2.49,150.77,117.00,594.80,3.00,951.85,59.05,498.99
2026-02-19T23:50:00Z,56.53,2169.21,165.86,966.07,31.13,2543.40,155.85,0.00,62.98,2119.63,167.86,834.35,42.73,2132.48,167.52,487.80,241.94,48.86,94.27,218.76,1801.82,3561.78,2.33,149.28,118.11,593.94,3.06,950.05,59.06,500.18
2026-02-20T00:00:00Z,56.40,2166.11,,966.13,32.36,2517.61,156.42,0.00,63.32,2111.93,167.86,830.53,43.46,2116.64,167.16,494.95,243.38,47.33,94.10,217.33,1791.02,3544.88,2.56,149.42,117.21,593.74,3.09,944.47,58.72,491.04
2026-02-20T00:10:00Z,56.78,2150.63,165.52,972.47,34.09,2477.90,156.37,32.84,63.10,2126.23,167.21,825.58,44.08,2113.48,166.94,503.75,244.42,48.10,94.68,220.77,1802.62,3556.83,2.57,150.46,117.52,598.53,3.23,952.39,58.98,502.23
2026-02-20T00:20:00Z,57.15,2155.90,165.82,953.95,35.67,2457.15,156.17,47.88,63.50,2115.90,167.28,839.01,44.75,2088.03,167.56,530.58,240.13,47.78,93.93,215.70,1790.13,3548.26,2.50,149.29,113.79,594.84,3.02,947.72,59.02,485.77
2026-02-20T00:30:00Z,57.11,2152.67,165.58,967.54,36.74,2419.53,156.91,97.20,63.00,2126.43,167.95,825.56,45.28,2089.59,167.99,530.77,245.60,48.41,94.46,223.06,1793.12,3551.72,2.61,148.93,117.10,600.13,3.20,949.53,59.14,499.53
2026-02-20T00:40:00Z,56.96,2149.51,166.68,973.87,38.23,2395.80,157.71,149.80,63.44,2123.87,167.67,846.21,45.86,2070.55,168.31,549.80,241.79,51.77,94.54,218.58,1792.75,3544.13,2.55,150.09,113.28,585.23,3.26,944.93,58.82,494.42
2026-02-20T00:50:00Z,56.93,2139.10,166.64,976.28,39.22,2360.54,159.23,196.46,63.30,2114.44,167.56,842.81,46.32,2055.52,168.17,573.60,253.16,53.43,95.00,227.53,1802.57,3536.68,2.50,149.36,121.23,605.84,3.00,952.96,56.97,511.38
2026-02-20T01:00:00Z,57.37,2141.89,166.25,977.35,39.56,2349.81,160.34,238.70,63.53,2108.64,167.77,842.87,47.04,2034.33,168.88,599.77,261.40,53.60,95.87,233.02,1809.97,3540.18,2.69,150.27,126.72,613.76,2.92,958.07,58.13,517.14
2026-02-20T01:10:00Z,57.44,2132.71,166.13,1004.68,40.69,2319.89,160.70,266.21,63.83,2102.45,167.57,855.71,47.31,2029.78,169.85,620.76,270.84,56.76,97.00,244.35,1832.09,3549.13,2.40,148.48,132.38,618.92,3.17,963.44,59.68,517.51
2026-02-20T01:20:00Z,57.42,2134.68,167.33,1014.95,41.43,2294.68,161.08,287.64,63.73,2102.42,167.10,867.50,47.64,2004.78,169.24,638.77,273.46,56.90,96.23,247.76,1825.27,3550.60,2.62,150.13,130.85,611.15,3.13,972.20,59.49,516.35
2026-02-20T01:30:00Z,56.93,2148.48,167.06,1003.40,42.21,2275.93,161.81,312.49,63.86,2110.09,167.35,856.24,47.50,2010.14,170.18,637.05,271.25,56.27,96.60,245.81,1821.37,3549.08,2.59,150.22,130.69,608.78,3.30,959.82,59.43,510.48
2026-02-20T01:40:00Z,56.74,2148.19,166.86,999.79,42.89,2264.79,162.69,343.46,64.14,2100.77,166.86,859.67,47.89,2015.81,170.92,632.92,274.17,57.14,97.57,249.73,1821.36,3553.67,2.64,150.87,132.58,609.00,2.95,956.71,58.70,516.53
2026-02-20T01:50:00Z,56.84,2148.84,167.30,984.53,43.81,2242.38,163.16,381.32,64.43,2095.19,166.85,873.52,48.20,2006.85,170.57,651.71,274.54,59.08,96.27,246.65,1812.30,3551.30,2.47,149.88,134.64,624.22,3.27,956.49,60.12,524.76
2026-02-20T02:00:00Z,57.20,2145.86,166.87,984.26,44.55,2215.92,164.02,410.74,64.33,2102.09,167.51,865.37,48.48,1995.25,171.54,651.93,274.77,57.63,96.37,245.17,1823.28,3547.56,2.40,149.86,131.36,610.55,2.95,959.28,60.79,520.14
2026-02-20T02:10:00Z,57.02,2154.29,166.45,968.34,45.14,2211.37,164.80,432.81,64.46,2094.80,167.49,860.32,48.80,1981.89,171.16,677.03,273.98,58.04,97.38,245.70,1824.22,3563.97,2.32,148.27,131.01,615.03,3.01,964.27,61.43,516.32
2026-02-20T02:20:00Z,57.28,2155.22,165.89,965.81,45.62,2192.60,164.92,448.93,64.74,2083.71,167.39,875.07,48.95,1983.06,171.37,687.66,275.90,59.78,96.52,244.00,1824.86,3545.83,2.24,149.58,131.35,614.78,2.96,962.70,60.86,505.70
2026-02-20T02:30:00Z,57.03,2158.40,166.16,965.30,46.00,2171.77,164.97,452.36,65.03,2084.53,167.98,890.21,49.02,1977.59,171.94,698.76,277.21,62.35,96.79,246.69,1817.36,3557.17,2.64,150.74,134.16,619.87,2.75,958.63,61.95,516.24
2026-02-20T02:40:00Z,57.05,2158.56,166.07,970.23,46.49,2165.97,165.07,474.98,64.86,2083.45,168.05,903.76,49.43,1960.97,171.27,706.01,279.92,61.80,97.05,255.71,1827.64,3556.05,2.37,150.11,133.57,616.66,3.09,967.24,62.90,507.86
2026-02-20T02:50:00Z,56.91,2152.21,165.32,975.86,47.10,2152.92,165.49,502.65,64.27,2084.78,168.02,882.59,49.25,1963.24,171.29,714.85,278.91,63.75,97.66,252.40,1826.20,3537.12,2.51,149.62,132.04,614.66,3.05,968.47,62.52,506.89
2026-02-20T03:00:00Z,56.66,2157.64,165.89,979.96,47.69,2140.60,165.52,517.32,64.16,2091.74,168.04,879.62,49.25,1965.22,172.07,703.28,284.41,62.75,97.20,253.03,1828.88,3558.59,2.59,150.67,138.04,618.89,2.83,963.88,61.19,513.16
2026-02-20T03:10:00Z,56.66,2165.53,166.44,967.54,48.07,2129.89,166.50,547.33,64.31,2096.69,168.03,883.65,49.70,1959.18,172.46,705.37,289.28,61.74,96.98,260.33,1831.72,3547.67,2.49,151.31,,620.55,3.34,976.72,62.19,510.63
2026-02-20T03:20:00Z,56.60,2166.01,166.43,959.70,48.66,2118.32,166.00,554.94,63.79,2108.13,167.73,868.42,49.90,1949.98,171.71,722.72,289.42,64.08,96.39,258.55,1833.06,3543.06,2.47,149.10,139.48,622.96,2.85,966.76,62.19,520.79
2026-02-20T03:30:00Z,56.53,2163.42,167.07,961.93,48.64,2115.20,166.60,568.54,63.79,2103.40,167.79,861.04,50.23,1939.44,172.58,723.67,285.90,64.31,95.34,254.99,1822.12,3530.18,2.70,150.36,135.88,620.28,3.23,958.33,60.50,515.77
2026-02-20T03:40:00Z,56.95,2165.68,166.63,948.15,48.47,2107.57,166.66,577.40,63.64,2106.09,168.28,839.96,50.90,1928.17,173.38,739.16,280.31,63.85,96.79,250.66,1821.13,3550.13,2.70,150.85,137.40,617.37,3.07,960.00,58.86,511.33
2026-02-20T03:50:00Z,57.19,2156.91,166.19,964.50,49.12,2094.59,167.13,589.51,63.78,2102.35,168.11,859.85,51.46,1932.28,172.47,769.25,282.59,66.35,96.68,252.45,1825.48,3560.73,2.70,149.70,139.00,622.25,2.90,970.13,60.26,520.38
2026-02-20T04:00:00Z,57.20,2149.63,166.12,979.78,49.63,2079.31,167.42,596.11,63.76,2101.99,168.41,860.44,51.99,1909.10,172.78,776.02,290.54,66.17,96.81,260.35,1830.45,3550.51,2.29,150.78,139.23,620.60,2.62,971.78,61.18,524.20
2026-02-20T04:10:00Z,56.97,2145.43,166.16,977.47,49.74,2073.75,167.90,604.89,63.60,2117.59,167.66,854.89,52.22,1898.24,172.39,780.28,290.27,67.19,97.14,259.93,1835.05,3559.28,2.32,150.00,140.23,626.25,3.19,964.32,61.38,523.24
2026-02-20T04:20:00Z,57.04,2146.36,165.97,982.35,50.41,2067.63,168.04,642.33,63.72,2108.58,167.39,855.66,52.02,1909.50,172.57,794.51,289.79,66.81,96.43,257.15,1823.95,3542.10,2.62,150.71,140.75,635.30,3.35,965.80,61.68,529.22
2026-02-20T04:30:00Z,56.81,2150.16,166.89,988.11,50.93,2048.45,168.36,657.08,63.82,2099.78,166.93,847.13,52.31,1899.90,173.11,796.45,291.41,66.64,96.55,259.77,1832.06,3539.14,2.82,150.21,140.02,623.75,2.75,967.46,61.80,523.21
2026-02-20T04:40:00Z,56.57,2157.37,166.67,970.20,51.33,2047.91,168.63,664.22,63.69,2093.39,167.53,852.32,52.90,1882.56,173.96,820.55,290.03,66.81,97.32,259.96,1832.15,3557.56,2.56,150.27,139.88,624.34,2.61,969.61,60.85,529.42
2026-02-20T04:50:00Z,56.34,2167.40,166.63,954.99,51.25,2044.64,169.31,673.52,64.07,2094.79,167.14,859.99,52.44,1891.39,174.19,821.14,297.18,67.81,98.20,268.27,1836.13,3548.90,2.58,150.77,144.38,633.24,2.99,960.76,59.87,527.33
2026-02-20T05:00:00Z,56.24,2174.22,166.92,948.32,51.91,2037.34,169.91,680.45,63.79,2095.55,167.07,865.83,52.45,1890.70,174.19,806.90,292.60,66.97,98.06,264.48,1835.75,3559.27,2.11,150.33,140.37,628.15,2.97,965.50,59.78,533.07
2026-02-20T05:10:00Z,56.36,2169.82,166.82,964.52,52.36,2030.86,170.13,697.05,63.68,2097.65,167.95,857.60,52.48,1879.72,173.67,804.41,295.93,67.20,98.14,262.94,1825.34,3544.14,2.35,149.67,140.67,625.28,2.96,967.10,61.27,525.56
2026-02-20T05:20:00Z,56.48,2163.13,166.72,964.52,53.04,2023.96,169.72,718.21,63.76,2093.66,167.85,852.92,53.11,1870.88,174.16,828.47,294.82,66.53,97.59,263.92,1830.47,3544.85,2.32,150.68,142.26,628.34,3.24,963.35,61.05,527.08
2026-02-20T05:30:00Z,55.93,2163.40,166.65,944.16,53.07,2014.05,170.31,713.99,63.99,2099.80,168.08,857.12,53.01,1871.59,174.33,838.02,296.01,69.35,97.73,265.69,1835.89,3551.52,2.70,151.12,143.51,621.74,2.96,977.39,61.24,517.01
2026-02-20T05:40:00Z,55.79,2168.27,166.66,955.48,53.59,2007.21,170.54,725.05,64.22,2084.22,168.64,867.22,52.79,1880.03,174.54,841.65,299.60,67.33,98.57,269.96,1839.60,3556.27,2.46,151.45,146.35,636.19,3.26,966.67,60.72,530.37
2026-02-20T05:50:00Z,55.62,2176.20,166.03,942.61,53.90,1992.33,171.19,747.30,63.94,2094.99,168.94,863.88,53.25,1866.90,173.63,843.38,295.06,68.35,98.53,264.73,1845.78,3551.32,2.47,151.01,142.21,623.29,2.68,966.14,61.30,525.14
2026-02-20T06:00:00Z,55.67,2181.89,165.93,930.76,54.20,1977.94,171.20,760.33,63.76,2102.85,168.23,858.93,53.44,1869.50,173.86,865.79,296.34,67.63,97.39,267.99,1837.91,3553.80,2.45,149.95,145.20,631.77,2.98,967.20,60.97,
2026-02-20T06:10:00Z,55.81,2182.48,164.87,916.19,54.09,1976.07,171.40,770.15,63.84,2104.17,167.51,867.50,53.52,1875.95,174.66,863.09,298.39,67.61,98.07,266.47,1843.69,3545.92,2.62,150.10,144.28,636.48,3.11,970.05,61.58,525.72
2026-02-20T06:20:00Z,55.71,2180.72,165.59,928.20,53.86,1987.30,171.80,759.52,64.02,2104.98,167.75,860.53,53.26,1873.78,174.14,853.29,296.56,70.43,97.44,265.79,1837.00,3540.76,2.37,151.64,142.17,621.68,3.07,969.49,61.21,511.88
2026-02-20T06:30:00Z,55.58,2186.06,165.58,922.67,53.76,1986.56,171.86,769.44,63.98,2102.41,168.16,868.32,53.35,1876.10,174.85,850.77,293.69,70.29,97.56,265.78,1835.63,3548.36,2.75,150.76,143.05,627.56,3.25,962.05,60.15,524.33
2026-02-20T06:40:00Z,55.39,2194.91,165.59,920.84,54.05,1971.26,171.20,779.09,63.51,2108.12,167.48,849.33,53.20,1862.88,174.22,851.87,290.95,69.30,97.48,258.67,1834.35,3549.96,2.39,150.14,138.40,621.60,2.82,971.81,59.44,517.62
2026-02-20T06:50:00Z,55.52,2198.72,165.95,914.95,54.40,1958.39,171.56,786.88,63.19,,167.73,846.04,53.18,1862.29,173.61,863.00,296.17,72.02,97.87,266.74,1832.55,3545.48,2.35,151.93,140.76,629.71,3.23,967.46,59.29,526.15
2026-02-20T07:00:00Z,55.36,2197.50,165.97,905.91,54.45,1964.77,171.30,785.72,63.16,2118.17,167.35,840.10,52.57,1874.28,174.38,839.62,297.95,68.56,97.58,266.89,1837.60,3557.01,2.50,149.31,145.04,623.55,3.16,971.42,57.89,515.43
2026-02-20T07:10:00Z,55.42,2196.10,165.45,911.40,54.80,1961.54,171.94,795.89,63.21,2118.50,167.81,842.47,52.96,1878.64,174.16,836.49,300.65,67.34,97.18,270.21,1846.62,3556.71,2.74,150.85,146.84,635.22,2.93,975.51,58.65,520.72
2026-02-20T07:20:00Z,55.20,2198.84,165.00,909.91,54.88,1965.81,171.76,802.26,63.47,2110.87,167.90,855.05,52.90,1890.42,173.40,820.41,298.98,66.17,97.20,269.04,1836.43,3540.84,2.76,151.46,144.81,637.22,2.91,974.35,59.35,524.19
2026-02-20T07:30:00Z,55.29,2193.10,165.53,909.20,55.48,1950.95,172.22,805.93,63.43,2110.95,167.43,845.01,52.97,1889.22,173.18,818.02,297.43,63.31,97.39,265.41,1838.68,3548.00,2.53,149.21,142.25,627.29,3.37,977.39,59.03,530.78
2026-02-20T07:40:00Z,55.28,2186.19,166.36,908.69,55.56,1941.30,172.68,807.04,63.48,2119.04,167.19,828.42,53.02,1877.88,173.80,816.87,300.89,66.17,97.22,266.93,1836.24,3539.06,2.77,151.78,145.10,631.32,2.96,970.97,60.99,537.51
2026-02-20T07:50:00Z,54.88,2204.14,165.17,914.85,55.70,1930.62,172.25,816.89,63.49,2118.45,166.62,841.26,53.64,1868.54,174.12,841.48,301.33,68.58,97.46,273.21,1840.98,3537.73,2.51,151.59,146.93,630.34,3.27,968.01,60.97,528.48
2026-02-20T08:00:00Z,55.34,2190.35,165.48,931.05,55.80,1926.19,172.10,823.40,63.34,2123.96,167.49,831.84,53.85,1857.04,174.42,865.02,301.91,68.58,98.17,270.68,1835.66,3560.69,2.56,152.03,147.13,632.19,3.08,964.02,62.42,524.86
2026-02-20T08:10:00Z,55.28,2199.93,165.56,909.04,55.67,1935.88,172.35,815.11,63.84,2115.62,167.89,848.59,53.75,1869.37,175.16,866.23,300.11,68.30,98.53,268.85,1840.12,3554.06,2.57,149.69,145.89,629.08,3.40,970.12,61.37,524.16
2026-02-20T08:20:00Z,54.97,2197.36,165.25,892.53,55.86,1925.36,172.66,837.98,64.30,2107.28,168.24,839.90,53.91,1872.84,174.87,854.62,299.50,69.59,97.46,267.97,1838.87,3547.75,2.56,152.65,145.14,628.23,3.03,962.34,61.57,517.16
2026-02-20T08:30:00Z,54.76,2200.76,164.97,899.75,55.74,1934.11,172.36,834.95,64.29,2098.65,167.53,860.66,53.84,1865.39,173.99,859.12,294.63,70.20,97.55,262.50,1833.44,3531.05,2.69,150.13,144.40,627.19,2.98,966.67,60.54,508.89
2026-02-20T08:40:00Z,54.31,2220.78,165.72,888.06,55.70,1934.34,,830.04,64.42,2085.63,167.55,862.17,53.75,1846.93,173.77,868.77,299.94,70.51,97.59,269.00,1833.65,3544.30,2.14,148.53,145.53,631.76,2.79,969.21,60.67,526.40
2026-02-20T08:50:00Z,54.18,2220.64,165.19,886.13,55.76,1930.61,172.80,831.43,63.96,2090.14,167.89,879.62,53.54,1857.93,174.08,864.07,301.99,69.21,98.22,273.40,1855.25,3542.82,2.43,150.94,145.90,633.81,2.91,981.74,60.21,529.47
2026-02-20T09:00:00Z,54.12,2218.69,164.32,861.73,55.82,1928.78,172.88,825.15,63.79,2103.23,167.73,866.03,53.55,1860.41,174.62,861.99,294.34,68.50,98.35,262.96,1833.96,3547.76,2.49,149.57,143.70,627.81,2.78,965.50,60.77,526.57
2026-02-20T09:10:00Z,54.02,2222.46,164.39,871.88,56.05,1932.84,173.30,817.21,63.64,2121.78,167.69,852.02,53.82,1851.40,174.13,865.88,298.18,69.40,97.91,270.34,1831.41,3568.27,2.67,151.16,146.62,633.27,3.11,967.81,60.77,529.87
2026-02-20T09:20:00Z,54.14,2220.90,164.46,868.16,56.26,1919.48,173.34,827.01,64.19,2096.84,168.29,859.69,53.72,1853.85,174.40,856.59,299.06,69.81,97.33,270.59,1842.89,3545.85,2.77,149.17,145.44,627.79,2.91,971.09,59.64,517.45
2026-02-20T09:30:00Z,54.02,2225.41,164.10,870.46,56.31,1920.97,173.27,835.81,63.94,2105.47,167.56,858.26,53.96,1850.16,174.28,875.07,299.33,68.30,98.51,269.22,1837.27,3565.46,2.71,150.50,147.14,636.40,2.75,964.66,60.34,525.98
2026-02-20T09:40:00Z,53.88,2250.81,163.75,852.13,56.63,1918.19,172.86,840.20,64.01,2097.42,167.21,866.75,54.22,1844.80,175.19,887.48,302.23,67.78,97.63,270.17,1838.47,3553.06,2.70,151.06,146.94,630.20,3.37,970.35,60.63,522.77
2026-02-20T09:50:00Z,53.83,2244.65,163.50,837.50,56.82,1918.81,172.73,845.48,63.95,2106.42,167.75,852.13,54.19,1838.43,175.68,899.94,300.78,68.19,98.59,271.11,1847.55,3542.97,2.55,151.38,145.82,622.87,3.09,974.20,59.90,513.83
2026-02-20T10:00:00Z,54.02,2226.56,163.76,859.99,56.96,1905.02,173.26,870.09,63.90,2109.14,167.27,850.98,54.29,1836.68,175.56,892.33,300.36,70.32,98.41,266.72,1845.23,3552.39,2.64,152.13,142.84,626.73,3.14,968.90,60.55,536.41
2026-02-20T10:10:00Z,54.28,2212.59,164.31,878.45,56.92,1895.19,172.94,864.81,64.42,2102.65,167.81,845.65,54.11,1841.71,174.74,881.58,297.56,71.44,98.79,267.24,1842.90,3551.02,2.48,150.87,145.51,630.43,3.21,970.23,60.28,533.41
2026-02-20T10:20:00Z,54.76,2216.55,164.06,879.34,56.59,1898.33,173.23,874.64,64.55,2094.98,167.57,871.43,53.93,1856.23,175.09,879.53,297.05,71.15,98.86,270.04,1842.43,3551.82,2.38,149.17,143.39,629.03,2.92,967.75,60.75,516.57
2026-02-20T10:30:00Z,54.93,2211.71,165.59,886.39,56.22,1915.21,173.65,866.60,64.80,2082.44,167.43,888.91,54.01,1853.57,175.46,874.85,301.80,69.66,98.83,270.93,1840.93,3540.41,2.46,149.07,144.84,634.36,2.78,973.51,60.59,535.90
2026-02-20T10:40:00Z,55.03,2200.62,165.68,893.07,56.26,1921.50,173.18,843.87,64.49,2077.53,167.93,885.04,54.38,1853.38,175.62,885.33,308.87,71.14,97.87,276.67,1849.09,3550.02,2.37,152.02,149.70,637.02,3.28,975.32,59.81,538.11
2026-02-20T10:50:00Z,55.06,2196.13,165.02,896.08,56.34,1919.87,173.54,852.57,64.21,2090.59,168.56,897.14,54.80,1851.53,175.80,889.26,314.68,70.58,98.92,285.43,1851.98,3548.99,2.47,150.73,151.34,634.00,2.94,972.47,60.87,531.04
2026-02-20T11:00:00Z,55.19,2192.92,165.54,898.63,56.65,1921.35,173.72,866.74,64.36,2097.33,168.23,891.87,54.65,1847.78,175.15,884.45,308.18,69.43,98.27,278.77,1841.90,3542.89,2.61,152.01,147.18,628.74,2.98,972.32,60.65,517.63
2026-02-20T11:10:00Z,55.12,2196.92,165.23,899.25,56.68,1923.07,173.93,863.42,64.32,2094.84,168.07,876.29,54.56,1836.87,175.30,886.33,304.65,70.48,97.67,272.59,1838.69,3546.47,2.55,151.92,145.13,626.28,3.12,972.16,60.14,518.55
2026-02-20T11:20:00Z,55.21,2199.62,165.33,913.76,56.76,1913.00,173.80,857.31,64.09,2090.67,167.77,862.19,54.89,1825.53,174.45,896.97,305.43,69.92,97.85,272.64,1845.55,3547.07,2.76,150.93,148.08,632.30,3.18,975.44,60.63,524.14
2026-02-20T11:30:00Z,54.72,2203.24,164.93,905.28,56.71,1919.96,173.63,860.27,64.17,2101.61,167.89,864.34,54.93,1824.92,175.23,902.30,304.26,71.18,97.60,272.30,1839.16,3546.84,2.43,151.48,147.62,634.17,2.92,967.70,60.58,519.07
2026-02-20T11:40:00Z,54.70,2201.11,165.51,892.63,56.80,1907.70,173.58,854.51,64.02,2099.52,167.56,853.84,54.52,1824.09,175.61,902.38,297.02,71.98,98.00,266.58,1842.67,3559.83,2.72,149.65,144.55,628.66,3.07,966.02,61.42,523.20
2026-02-20T11:50:00Z,54.99,2202.92,165.14,890.46,56.87,1900.42,172.89,862.03,63.89,2105.53,167.36,857.62,54.12,1832.42,175.26,904.28,301.05,72.30,98.88,269.86,1840.58,3550.10,2.52,149.95,145.86,633.44,3.37,973.88,61.10,529.75
2026-02-20T12:00:00Z,55.47,2198.59,165.01,890.22,57.02,1902.25,172.66,869.66,64.00,2101.74,167.76,847.75,54.02,1847.69,174.73,883.93,300.81,73.36,98.75,271.18,1849.25,3552.41,2.60,150.18,143.22,630.47,2.73,975.13,61.00,519.60
2026-02-20T12:10:00Z,55.69,2177.89,165.39,911.68,57.23,1906.50,172.51,869.60,64.01,2093.62,167.92,865.56,53.97,1858.83,175.54,892.97,303.49,72.36,98.84,276.79,1850.30,3545.79,2.42,149.49,145.93,628.04,2.84,974.04,60.97,516.22
2026-02-20T12:20:00Z,55.94,2173.59,164.57,917.77,57.13,1909.54,172.86,861.03,64.00,2098.32,168.61,863.15,53.99,1846.41,174.89,888.78,303.51,73.17,98.31,277.38,1844.76,3537.17,2.63,148.48,147.57,630.70,3.16,979.42,61.31,534.26
2026-02-20T12:30:00Z,56.38,2176.97,164.62,928.50,57.15,1909.95,171.91,870.00,64.36,2096.56,168.11,861.76,53.77,1851.36,175.04,889.71,302.51,74.08,98.45,273.39,1834.90,3546.89,2.38,150.01,147.40,630.08,2.80,970.70,60.96,512.31
2026-02-20T12:40:00Z,56.28,2169.23,165.42,934.31,56.88,1914.15,173.38,869.39,63.96,2101.96,168.55,857.59,54.07,1848.40,175.68,893.57,304.75,72.45,98.68,276.09,1847.27,3550.65,2.72,150.29,148.50,629.64,3.22,977.35,62.19,527.02
2026-02-20T12:50:00Z,56.04,2182.47,166.01,930.13,56.85,1904.11,173.69,868.48,64.07,2111.28,168.31,858.14,54.05,1834.94,175.58,891.35,307.23,71.76,98.27,274.92,1849.90,3549.84,2.40,148.97,149.40,631.18,2.84,974.16,61.99,526.06
2026-02-20T13:00:00Z,56.14,2173.78,166.12,921.49,56.90,1890.95,173.68,880.18,63.80,2105.56,168.17,843.87,54.63,1833.24,175.62,898.76,308.76,72.42,97.75,277.22,1849.57,3550.40,2.53,150.91,149.58,640.18,3.36,975.53,59.74,543.68
2026-02-20T13:10:00Z,56.20,2177.87,165.50,926.53,56.95,1891.70,173.32,881.34,64.10,2102.89,167.75,859.53,54.98,1833.35,175.07,888.59,307.45,71.82,97.83,276.35,1844.40,3562.95,2.79,150.36,149.32,643.96,3.24,972.86,60.07,535.52
2026-02-20T13:20:00Z,56.45,2165.65,165.84,934.88,57.02,1900.64,174.26,896.74,64.01,2090.76,168.24,873.10,54.73,1830.51,174.76,888.88,312.29,72.67,97.96,284.45,1850.89,3555.84,2.67,151.71,151.31,632.28,3.31,974.57,59.92,522.75
2026-02-20T13:30:00Z,56.30,2155.41,165.66,936.95,57.49,1890.60,174.58,898.86,63.94,2099.78,168.33,857.55,54.61,1842.43,175.30,887.56,308.51,72.38,98.34,278.63,1843.60,3553.68,2.50,150.28,146.07,633.06,3.02,975.45,59.86,525.88
2026-02-20T13:40:00Z,56.11,2167.94,165.17,943.30,57.31,1887.83,174.03,893.18,63.94,2104.84,167.67,849.45,54.63,1838.74,175.13,899.27,304.98,73.67,98.62,275.55,1845.10,3539.23,2.60,148.93,148.91,624.35,2.81,977.61,59.68,524.79
2026-02-20T13:50:00Z,56.07,2164.56,165.45,948.61,57.46,1878.37,173.90,900.63,63.96,2104.61,167.44,850.72,54.19,1836.83,175.45,896.23,310.95,72.79,98.49,277.14,1855.49,3540.93,2.69,149.97,150.45,634.74,3.35,979.51,59.99,520.80
2026-02-20T14:00:00Z,56.09,2174.49,165.46,951.29,57.59,1889.76,173.80,901.58,64.06,2094.75,167.22,861.38,54.43,1835.77,175.79,893.59,307.62,72.70,98.11,279.76,1848.35,3542.42,2.43,150.40,146.68,627.36,3.12,977.85,61.12,531.62
2026-02-20T14:10:00Z,56.25,2169.61,165.37,951.52,57.53,1883.50,173.97,905.19,64.29,2089.19,167.91,872.79,54.33,1836.54,174.88,890.82,310.21,73.22,98.13,280.58,1848.97,3555.05,2.60,149.30,151.66,637.99,3.05,964.91,63.05,541.75
2026-02-20T14:20:00Z,56.33,2170.22,165.54,951.31,57.42,1885.21,173.71,894.24,64.27,2086.81,168.42,870.63,54.16,1841.68,175.09,896.54,307.53,74.34,97.68,274.36,1846.87,3544.61,2.36,150.20,150.52,632.93,,970.14,61.76,524.66
2026-02-20T14:30:00Z,56.51,2170.93,165.62,953.94,57.22,1899.10,173.61,887.08,64.50,2082.20,168.99,883.53,54.23,1839.76,175.09,892.99,310.95,75.53,97.23,278.17,1849.90,3543.14,2.57,150.66,151.52,637.92,3.03,978.60,61.21,
2026-02-20T14:40:00Z,56.85,2148.82,165.85,953.88,57.45,1898.10,173.08,892.43,64.97,2062.98,168.63,894.99,54.33,1845.16,174.36,891.76,306.69,73.25,98.35,273.86,1844.82,3559.36,2.65,151.03,146.07,636.15,2.92,972.96,59.81,528.97
2026-02-20T14:50:00Z,57.08,2155.78,166.45,954.06,57.28,1897.29,173.07,890.78,65.00,2083.54,168.60,877.84,54.66,1845.16,175.32,896.51,305.69,71.86,98.03,273.90,1842.76,3564.41,2.31,149.04,148.42,632.50,3.09,966.66,60.47,526.28
2026-02-20T15:00:00Z,57.29,2140.87,166.23,970.09,57.01,1890.89,173.25,883.15,65.07,2082.07,168.72,889.61,54.79,1840.72,175.41,882.24,307.35,72.26,98.47,274.64,1844.12,3546.39,2.47,150.64,147.48,632.41,2.76,976.79,61.47,531.96
2026-02-20T15:10:00Z,57.31,2143.80,166.66,976.27,57.04,1900.40,173.41,876.35,64.94,2078.00,168.50,899.11,54.69,1833.96,175.27,887.02,309.54,73.43,99.47,277.29,1845.72,3556.37,2.47,149.65,150.22,634.78,2.82,971.75,60.13,517.94
2026-02-20T15:20:00Z,56.93,2143.91,166.99,966.48,57.01,1904.26,173.31,881.98,64.88,2076.77,167.90,891.23,54.89,1838.27,175.03,896.87,307.99,75.40,98.35,277.97,1835.51,3547.97,2.64,150.69,148.51,632.71,2.96,970.59,60.26,518.56
2026-02-20T15:30:00Z,56.82,2142.12,167.10,966.51,57.10,1899.92,173.28,881.63,64.86,2083.91,168.71,892.63,54.90,1837.04,175.28,893.97,310.07,75.13,98.72,278.60,1844.34,3542.98,2.64,148.71,151.01,640.48,3.07,973.42,61.73,525.66
2026-02-20T15:40:00Z,56.79,2155.09,166.72,973.42,57.26,1900.23,173.19,880.86,64.93,2066.10,167.75,890.21,54.81,1835.42,175.17,907.49,306.61,76.43,98.64,273.51,1843.88,3550.04,2.66,150.13,149.37,631.39,3.25,970.97,61.14,535.11
2026-02-20T15:50:00Z,56.93,2160.88,166.55,968.33,57.47,1897.87,173.22,876.99,65.02,2069.61,167.52,892.32,54.77,1833.12,174.97,910.40,309.62,73.42,98.46,279.35,1853.82,3568.26,2.56,149.67,149.22,634.25,3.44,981.40,62.45,527.58
2026-02-20T16:00:00Z,56.62,2152.34,167.33,951.08,57.37,1897.53,173.02,881.76,64.51,2084.82,167.75,882.88,55.03,1822.99,174.96,922.40,313.34,73.49,98.46,284.60,1844.88,3565.90,2.49,150.11,150.96,640.28,3.06,972.32,61.87,537.09
2026-02-20T16:10:00Z,56.41,2150.27,166.82,945.10,57.34,1900.47,173.39,886.41,64.81,2080.90,167.60,876.45,55.02,1823.40,175.93,903.98,312.47,73.10,98.49,283.73,1848.97,3554.51,2.26,150.37,153.73,637.41,3.50,971.49,61.99,539.94
2026-02-20T16:20:00Z,56.77,2152.42,165.87,958.44,57.27,1899.67,173.28,883.83,64.67,2079.12,167.72,885.38,54.91,1813.60,176.08,900.91,313.52,74.42,98.63,283.10,1856.21,3551.44,2.46,151.53,151.56,644.11,3.01,976.86,61.87,539.93
2026-02-20T16:30:00Z,56.74,2151.35,166.22,955.11,57.34,1888.41,173.09,885.99,64.26,2089.82,168.30,894.51,54.64,1829.09,176.18,907.70,309.45,74.78,98.72,280.79,1847.97,3549.21,2.42,150.61,150.47,635.69,2.85,966.98,61.84,532.21
2026-02-20T16:40:00Z,56.47,2158.81,166.58,948.67,57.48,1888.12,173.80,894.23,64.08,2099.46,167.75,883.05,54.69,1828.58,176.18,905.94,319.14,72.93,98.26,287.14,1853.81,3561.40,2.63,149.26,152.79,634.17,2.90,982.21,61.47,527.43
2026-02-20T16:50:00Z,56.71,2160.01,165.50,944.85,56.97,1904.66,173.55,889.57,64.34,2092.96,167.91,878.06,54.74,1829.54,176.06,912.64,312.45,73.66,98.61,280.21,1855.96,3550.26,2.60,149.58,149.14,633.06,2.97,975.79,61.92,521.22
2026-02-20T17:00:00Z,56.90,2158.19,165.76,954.49,57.10,1907.65,173.98,891.61,64.37,2101.18,167.66,865.29,54.60,1834.69,175.38,915.17,309.56,73.62,98.51,278.00,1845.51,3563.22,2.71,151.97,147.86,634.87,3.10,961.21,61.12,533.25
2026-02-20T17:10:00Z,57.20,2150.54,165.61,951.42,57.07,1896.16,172.65,881.25,63.87,2108.26,167.55,870.00,54.94,1825.57,174.88,926.03,309.01,74.86,97.42,281.68,1852.46,3552.15,2.16,150.90,150.13,633.07,2.85,964.45,63.41,534.75
2026-02-20T17:20:00Z,56.87,2137.23,166.55,979.63,56.73,1901.51,172.65,881.99,63.93,2106.00,167.38,841.66,54.91,1834.26,175.63,921.79,306.77,75.66,97.42,275.36,1845.50,3544.52,2.61,150.00,146.94,628.23,3.07,970.06,62.32,520.96
2026-02-20T17:30:00Z,57.16,2147.02,166.77,976.22,57.05,1895.16,173.37,893.67,63.88,2108.39,167.98,841.53,55.28,1826.96,175.59,916.47,305.51,74.55,98.16,273.41,1845.42,3554.51,2.71,150.98,145.93,629.50,3.01,971.14,61.16,537.64
2026-02-20T17:40:00Z,56.78,2149.33,165.91,965.69,57.34,1887.45,173.26,888.09,63.68,2111.33,168.10,841.86,55.31,1812.94,176.11,922.60,306.74,73.11,98.43,274.38,1839.49,3561.96,2.66,150.10,149.18,632.02,3.15,967.04,60.87,522.53
2026-02-20T17:50:00Z,57.39,2143.37,166.71,988.99,57.28,1884.64,173.36,896.53,64.01,2108.35,167.05,840.57,55.13,1821.23,175.64,911.11,306.15,73.15,98.63,275.93,1846.20,3548.61,2.45,149.44,151.12,634.18,3.18,972.06,60.28,538.17
2026-02-20T18:00:00Z,57.06,2136.97,167.01,991.75,57.11,1891.37,173.86,890.75,63.86,2107.94,166.94,844.26,54.78,1836.47,175.95,919.23,311.38,74.07,98.92,280.24,1855.55,3544.32,2.54,149.66,150.23,639.30,2.93,982.97,61.03,540.13
2026-02-20T18:10:00Z,56.74,2167.10,166.47,968.60,57.56,1895.84,173.69,882.70,64.01,2111.23,167.37,848.51,54.42,1832.71,175.87,920.79,315.72,73.07,98.48,283.17,1842.91,3558.79,2.61,150.75,152.30,628.55,2.92,975.04,60.64,520.96
2026-02-20T18:20:00Z,56.80,2162.44,166.32,961.08,57.73,1879.27,174.16,877.91,64.14,2102.03,166.79,851.80,54.20,1836.92,175.44,904.33,313.30,73.56,97.58,283.08,1849.12,3547.73,2.50,150.97,151.80,633.64,2.75,973.27,60.20,522.74
2026-02-20T18:30:00Z,56.86,2160.96,166.25,958.57,57.37,1890.58,174.08,879.85,64.23,2089.28,167.11,864.79,53.88,1837.64,174.55,894.95,308.43,74.15,97.28,279.10,1849.78,3550.86,2.42,151.91,149.42,639.65,3.16,975.19,59.72,535.17
2026-02-20T18:40:00Z,56.72,2163.24,166.69,962.61,57.71,1885.85,173.99,896.91,64.52,2084.80,167.72,870.43,54.02,1850.06,174.90,892.23,314.72,73.37,97.83,282.30,1849.19,3543.88,2.47,151.20,154.68,642.64,3.03,980.32,60.68,527.02
2026-02-20T18:50:00Z,56.36,2160.82,166.58,945.73,57.71,1887.15,173.66,892.91,64.59,2086.32,168.74,877.18,53.74,1861.62,175.28,868.44,307.78,72.13,97.92,279.91,1838.55,3552.06,2.33,149.86,148.71,636.99,2.79,957.72,60.81,534.27
2026-02-20T19:00:00Z,56.42,2158.41,166.19,956.21,57.48,1892.11,173.64,900.66,64.55,2082.17,168.22,873.10,53.96,1857.84,175.47,878.13,309.44,73.69,98.73,278.47,1856.49,3546.59,2.59,148.91,148.37,634.80,3.53,973.19,60.49,517.06
2026-02-20T19:10:00Z,56.47,2160.86,166.24,958.33,57.55,1883.78,173.50,911.09,64.39,2089.99,167.91,883.50,54.11,1851.34,175.04,886.22,305.32,75.64,98.69,274.30,1855.21,3551.32,2.30,149.12,148.92,631.56,2.78,973.47,59.85,527.06
2026-02-20T19:20:00Z,55.94,2176.40,166.14,943.22,57.66,1874.16,173.06,894.36,64.63,2078.67,168.62,888.31,54.56,1846.42,175.12,884.23,307.72,74.20,99.63,276.72,1846.35,3540.85,2.53,149.90,150.25,640.44,2.67,969.01,61.32,526.78
2026-02-20T19:30:00Z,55.94,2176.65,165.93,928.33,57.26,1875.79,173.86,899.10,64.31,2089.45,168.71,882.12,54.71,1834.36,175.42,900.14,308.53,72.94,99.56,280.12,1853.52,3539.37,2.62,149.19,151.37,640.89,2.79,980.24,61.75,529.96
2026-02-20T19:40:00Z,55.54,2183.66,166.08,924.87,56.95,1886.10,174.50,897.28,64.25,2084.46,168.39,878.38,54.89,1820.14,175.95,906.43,305.47,73.93,99.57,278.15,1854.48,3557.35,2.26,148.23,146.68,632.17,3.30,983.12,59.85,525.41
2026-02-20T19:50:00Z,55.50,2185.58,165.40,910.36,57.28,1889.11,173.96,899.61,64.41,2082.01,168.75,881.31,54.86,1835.62,175.75,910.25,305.29,73.05,98.76,268.40,1837.86,3564.83,2.43,149.45,149.63,630.73,3.21,967.87,61.61,531.12
2026-02-20T20:00:00Z,55.72,2179.12,166.44,923.47,57.74,1893.22,173.31,892.35,64.45,2090.22,168.63,868.86,54.50,1833.87,175.70,895.39,299.73,73.68,98.35,271.67,1837.63,3551.78,2.45,,146.24,630.34,2.84,968.85,60.83,526.33
2026-02-20T20:10:00Z,55.87,2173.64,164.95,934.20,57.32,1899.44,173.45,890.92,64.20,2092.80,168.83,868.89,53.78,1840.50,175.14,888.85,307.30,70.31,97.69,276.10,1848.80,3557.54,2.58,,148.49,637.45,2.97,970.26,59.91,534.99
2026-02-20T20:20:00Z,55.70,2177.43,164.71,943.68,57.03,1907.29,174.45,879.70,63.97,2095.55,167.84,865.39,53.83,1844.03,175.45,879.92,308.24,70.24,98.06,278.43,1842.20,3544.27,2.54,,148.64,630.77,2.98,973.28,60.89,527.75
2026-02-20T20:30:00Z,55.60,2177.07,165.28,927.04,57.42,1899.44,173.69,868.33,63.76,2104.76,167.21,849.15,53.89,1847.13,175.39,873.76,307.81,70.89,97.13,277.25,1851.19,3548.46,2.56,,150.08,639.84,2.99,976.86,62.35,530.85
2026-02-20T20:40:00Z,55.64,2183.85,165.69,929.75,57.13,1903.40,173.84,879.63,64.12,2097.16,167.48,845.42,54.10,1847.41,175.28,875.58,306.97,72.93,98.05,279.42,1845.35,3545.89,2.43,,148.53,627.42,2.94,969.49,60.95,520.91
2026-02-20T20:50:00Z,55.82,2184.30,165.21,937.68,57.09,1891.69,173.67,877.65,64.29,2097.86,167.69,852.34,53.67,1851.80,174.64,869.73,301.63,72.54,97.95,272.15,1847.25,3549.83,2.51,,144.35,624.85,2.89,963.93,60.55,523.92
2026-02-20T21:00:00Z,55.83,2177.11,166.14,925.93,57.25,1887.40,174.22,890.90,64.37,2092.07,168.21,869.02,53.74,1862.22,175.49,879.79,302.08,71.51,97.87,270.55,1840.61,3561.30,2.64,,145.16,628.47,3.11,969.66,61.62,527.44
2026-02-20T21:10:00Z,55.58,2185.80,165.51,915.99,57.56,1906.22,174.17,880.98,64.35,2085.08,168.73,877.46,53.83,1854.99,174.93,880.45,308.80,70.88,98.26,278.85,1856.75,3541.90,2.70,150.08,148.04,635.11,2.90,989.19,60.91,530.58
2026-02-20T21:20:00Z,55.57,2181.69,165.07,914.94,57.74,1885.02,173.80,877.75,64.20,2094.57,168.81,872.71,53.64,1862.44,174.70,870.15,309.01,71.41,97.46,276.87,1848.07,3552.03,2.61,149.77,146.63,633.47,3.07,969.48,60.98,525.45
2026-02-20T21:30:00Z,55.46,2180.19,164.81,911.77,57.51,1879.24,174.28,886.94,64.11,2096.89,168.69,869.64,53.45,1869.02,174.32,860.54,305.39,70.89,97.99,277.68,1842.19,3549.37,2.32,151.80,147.46,633.40,3.25,971.06,60.53,528.98
2026-02-20T21:40:00Z,55.06,2197.90,164.85,909.58,57.79,1871.95,174.01,889.36,64.14,2087.19,168.41,874.37,53.54,1868.01,173.87,837.87,300.25,71.16,98.22,271.94,1841.38,3541.47,2.72,151.16,144.44,632.45,2.83,977.10,61.21,523.47
2026-02-20T21:50:00Z,55.25,2198.49,164.99,906.97,57.44,1882.25,173.92,906.25,64.37,2081.02,168.17,881.46,53.42,1864.37,174.08,843.88,295.36,72.90,98.66,263.64,1834.32,3560.99,2.39,151.07,143.02,629.66,3.16,966.88,59.36,535.08
2026-02-20T22:00:00Z,55.43,2186.28,165.23,923.06,57.71,1882.20,174.62,905.95,64.16,2089.27,168.40,884.36,53.62,1855.15,173.52,861.47,303.32,75.02,98.47,272.28,1842.24,3545.74,2.28,149.53,147.00,631.13,3.22,965.99,60.14,518.29
2026-02-20T22:10:00Z,55.69,2177.53,165.30,919.95,57.57,1882.21,173.58,910.28,64.20,2091.91,168.21,873.67,53.69,1862.46,174.66,867.80,302.94,72.71,98.82,273.00,1842.37,3556.70,2.55,151.24,148.78,634.37,3.15,969.90,60.78,536.13
2026-02-20T22:20:00Z,55.99,2184.01,166.15,917.93,57.65,1868.94,173.17,905.68,64.28,2097.03,167.93,864.29,53.66,1851.59,174.75,866.22,306.11,73.12,98.69,275.63,1851.73,3557.15,2.56,150.50,146.04,633.03,2.96,972.55,60.11,523.65
2026-02-20T22:30:00Z,56.55,2168.03,165.69,928.58,57.49,1864.55,173.75,907.31,64.28,2094.64,167.63,855.05,53.85,1856.49,174.75,872.10,306.12,73.21,98.79,270.08,1835.35,3533.99,2.53,150.16,148.20,629.89,3.05,973.49,60.78,524.88
2026-02-20T22:40:00Z,56.35,2169.98,166.24,938.00,57.63,1870.93,174.07,912.81,64.55,2096.06,167.17,860.66,53.58,1855.79,175.03,866.17,303.14,73.06,97.90,273.99,1843.84,3534.49,2.25,151.16,147.34,634.46,3.29,977.47,61.00,533.20
2026-02-20T22:50:00Z,56.25,2180.98,166.14,934.06,57.92,1874.93,174.56,899.07,64.60,2091.77,167.32,859.85,53.50,1851.72,174.97,858.98,303.32,72.78,97.55,271.83,1831.46,3554.13,2.35,148.68,146.63,632.23,3.09,964.89,61.07,519.12
2026-02-20T23:00:00Z,56.70,2167.47,166.34,948.20,57.93,1873.80,175.26,907.50,64.52,2085.02,167.15,879.95,53.91,1858.11,175.68,860.07,303.99,72.92,98.10,274.93,1849.66,3539.26,2.36,150.91,147.98,629.48,2.93,973.17,60.94,535.15
2026-02-20T23:10:00Z,56.86,2163.17,165.30,952.57,58.13,1877.05,174.95,895.23,64.58,2093.86,166.99,881.14,53.73,1845.45,175.33,866.02,305.90,72.23,98.14,275.20,1842.94,3557.45,2.75,149.55,147.51,631.04,3.00,964.47,61.01,527.76
2026-02-20T23:20:00Z,56.66,2170.72,165.40,939.05,58.39,1872.23,174.67,919.85,64.46,2086.84,167.28,884.69,53.45,1866.91,174.84,860.00,307.85,70.91,98.36,277.70,1843.92,3560.73,2.51,150.79,149.15,633.13,2.74,971.67,61.60,529.94
2026-02-20T23:30:00Z,56.80,2149.21,165.80,943.36,58.50,1869.84,174.64,915.59,64.84,2082.27,167.78,883.20,53.44,1867.43,174.58,861.93,307.22,70.85,98.28,273.80,1841.65,3544.66,2.52,149.85,147.30,631.51,2.94,976.49,62.56,532.48
2026-02-20T23:40:00Z,56.59,2147.46,166.50,958.12,58.77,1856.19,175.27,937.45,64.52,2093.36,167.42,888.80,53.48,1862.05,174.29,861.82,304.39,74.61,98.99,273.30,1849.44,3553.80,2.77,149.83,148.21,634.80,3.43,975.10,60.87,528.56
2026-02-20T23:50:00Z,55.99,2164.03,166.64,952.61,58.42,1856.24,175.03,941.75,64.25,2088.58,167.39,874.41,53.46,1868.49,174.45,844.77,306.33,73.73,98.63,277.51,1851.60,3551.20,2.52,150.26,147.92,635.75,2.89,975.72,61.87,537.95
2026-02-21T00:00:00Z,56.16,2157.73,166.18,953.86,58.01,1871.77,175.25,920.31,64.34,2087.45,167.97,877.44,53.47,1860.45,174.88,843.50,302.98,71.53,99.05,271.53,1840.72,3534.31,2.51,149.00,145.04,616.68,3.10,965.32,60.62,518.12
2026-02-21T00:10:00Z,55.93,2173.92,166.19,951.49,58.24,1875.89,175.50,907.91,64.49,2095.20,168.00,866.92,53.66,1857.00,174.79,856.24,303.16,73.13,98.74,268.90,1844.87,3558.20,2.34,150.16,146.28,632.35,3.27,978.31,59.70,527.41
2026-02-21T00:20:00Z,56.46,2173.32,166.88,953.25,58.33,1868.75,174.35,922.57,64.49,2090.97,167.83,864.81,53.71,1857.88,174.54,878.30,307.04,71.73,98.92,277.62,1850.77,3547.97,2.38,149.99,150.26,633.44,2.82,976.73,60.19,531.18
2026-02-21T00:30:00Z,56.31,2171.15,166.18,951.90,58.48,1859.03,174.69,921.71,64.78,2090.60,167.87,883.41,53.38,1871.05,175.28,854.53,307.48,72.46,98.04,278.06,1847.87,3557.55,2.56,150.81,147.22,622.54,3.06,972.06,60.36,520.33
2026-02-21T00:40:00Z,56.97,2155.69,166.40,969.58,58.16,1862.90,175.56,929.24,64.79,2087.70,168.08,889.53,53.37,1870.04,174.78,846.74,306.17,72.13,97.74,276.64,1848.55,3553.67,2.54,150.03,147.50,624.07,3.09,973.35,60.30,526.21
2026-02-21T00:50:00Z,56.78,2151.87,165.93,969.16,58.65,1854.57,174.78,933.83,64.76,2078.84,169.20,907.80,53.62,1863.81,175.01,854.62,311.60,73.10,97.23,280.25,1849.17,3547.94,2.61,150.14,149.39,638.20,3.19,975.54,62.20,534.53
2026-02-21T01:00:00Z,56.43,2157.90,166.64,959.39,58.63,1847.93,174.67,934.06,64.52,2084.06,169.16,903.96,53.14,1871.68,174.56,852.13,309.13,74.70,98.06,278.69,1840.49,3547.26,2.54,149.87,149.19,632.01,3.18,973.23,61.49,521.82
2026-02-21T01:10:00Z,56.41,2164.53,166.89,967.66,58.46,1851.10,175.26,933.84,64.84,2079.60,168.75,888.34,53.13,1883.36,174.04,835.74,301.83,74.15,98.69,268.55,1850.33,3562.36,2.53,151.83,145.94,633.84,3.02,972.49,61.22,537.53
2026-02-21T01:20:00Z,56.56,2162.47,166.20,948.22,58.96,1852.66,174.89,939.72,64.98,2070.67,169.04,900.93,53.18,1863.05,173.52,830.34,305.30,72.82,98.98,274.52,1844.48,3565.25,2.23,149.90,144.80,636.43,2.91,970.52,60.16,527.11
2026-02-21T01:30:00Z,56.52,2182.74,166.44,959.35,58.51,1855.71,174.40,951.71,64.56,2083.23,169.15,887.60,53.01,1872.41,174.47,831.06,309.25,73.65,98.99,277.64,1844.36,3526.82,2.69,149.89,150.56,635.12,2.73,972.16,60.09,538.06
2026-02-21T01:40:00Z,56.41,2176.68,166.26,954.77,58.56,1849.35,174.30,957.83,64.81,2097.87,168.02,887.16,52.85,1883.04,173.77,838.90,309.65,73.23,97.86,280.64,1848.34,3553.24,2.64,149.80,151.27,635.68,3.11,978.09,60.11,529.98
2026-02-21T01:50:00Z,56.66,2161.87,166.52,945.76,58.29,1859.30,174.66,946.69,65.00,2082.09,168.54,895.18,53.01,1876.08,173.96,832.87,308.01,72.85,98.02,276.55,1850.47,3552.64,2.56,149.31,147.67,635.34,2.98,973.80,60.89,523.20
2026-02-21T02:00:00Z,56.44,2168.85,166.37,953.72,58.73,1852.36,174.68,964.41,64.93,2078.10,168.92,911.21,53.28,1865.36,174.12,839.63,317.18,72.58,98.02,283.16,1854.77,3554.51,2.55,149.82,153.84,646.65,2.93,975.83,61.67,525.51
2026-02-21T02:10:00Z,56.29,2174.83,166.07,952.21,58.10,1864.10,174.36,932.14,64.70,2084.50,168.63,896.03,53.24,1871.70,174.61,850.97,310.73,72.80,98.15,275.38,1841.01,3559.65,2.30,150.54,151.02,645.56,2.75,974.44,62.42,542.12
2026-02-21T02:20:00Z,55.98,2180.58,166.79,929.63,58.20,1864.57,175.24,928.34,65.03,2076.89,169.15,890.07,53.21,1868.63,175.03,834.44,312.75,72.14,98.80,284.81,1849.27,3546.93,2.62,150.70,151.31,628.36,3.00,977.15,61.71,518.91
2026-02-21T02:30:00Z,55.72,2187.72,166.27,936.25,58.36,1862.66,175.29,918.93,64.84,2083.77,169.14,889.19,52.86,1869.70,174.57,847.32,302.33,72.97,98.05,270.58,1843.42,3545.32,2.62,149.14,145.23,638.36,3.13,975.59,61.03,520.64
2026-02-21T02:40:00Z,55.78,2182.33,165.39,923.36,58.34,1855.93,175.17,922.59,64.56,2087.24,168.71,886.36,52.58,1886.00,174.84,855.07,306.41,74.57,99.02,278.74,1850.10,3546.45,2.46,150.62,148.73,633.62,3.01,975.54,59.97,520.82
2026-02-21T02:50:00Z,56.09,2182.57,164.80,938.76,58.43,1856.14,175.10,934.78,64.69,2074.44,168.35,887.68,52.70,1886.46,174.55,845.74,311.10,74.55,99.23,279.90,1839.18,3553.81,2.36,150.38,152.11,640.11,3.00,972.14,60.70,534.71
2026-02-21T03:00:00Z,56.36,2182.16,165.62,926.59,58.32,1859.39,174.25,935.97,64.93,2064.52,168.30,907.41,52.68,1883.44,174.37,851.10,307.58,75.04,98.40,277.74,1843.58,3542.90,2.43,151.10,148.95,629.53,2.89,975.00,60.59,533.58
2026-02-21T03:10:00Z,56.18,2172.49,165.48,932.41,58.20,1861.52,174.55,918.43,64.54,2070.57,168.43,902.58,52.61,1886.96,174.04,841.92,308.88,71.22,97.95,276.87,1852.91,3558.63,2.52,150.48,146.75,630.00,2.89,969.16,60.55,527.26
2026-02-21T03:20:00Z,56.13,2164.24,165.59,947.40,58.22,1865.79,174.12,926.56,64.30,2070.37,169.09,916.14,52.84,1886.08,174.28,835.01,311.33,74.31,97.88,279.45,1847.57,3557.75,2.50,152.59,153.88,639.63,3.26,975.65,60.35,525.96
2026-02-21T03:30:00Z,56.27,2166.97,165.79,950.65,58.55,1856.35,174.46,923.23,64.29,2079.65,169.11,886.67,52.52,1876.34,173.52,843.78,310.15,73.31,98.71,275.76,1838.56,3546.31,2.31,150.00,152.16,636.48,2.87,970.39,61.70,531.16
2026-02-21T03:40:00Z,56.24,2167.19,165.35,946.63,58.44,1853.18,174.48,936.22,64.42,2088.65,168.27,889.58,52.67,1881.13,173.07,831.82,308.85,74.44,99.02,278.89,1845.88,3550.72,2.40,148.81,148.89,633.40,3.25,972.92,61.65,530.64
2026-02-21T03:50:00Z,55.97,2164.15,164.98,937.21,58.70,1855.01,174.81,950.61,63.93,2090.80,168.02,886.95,52.53,1880.48,173.96,827.59,305.23,73.35,99.18,272.43,1842.18,3540.91,2.44,151.03,146.27,640.46,3.15,967.43,59.60,522.77
2026-02-21T04:00:00Z,55.86,2175.36,165.02,935.24,58.58,1856.30,175.16,935.31,64.09,2091.60,168.68,885.95,52.68,1876.42,173.43,829.49,308.55,74.11,98.55,279.28,1845.46,3535.40,2.39,150.70,147.49,633.97,2.82,981.11,59.39,536.29
2026-02-21T04:10:00Z,55.93,2173.88,165.17,936.16,58.18,1864.22,174.95,948.64,64.20,2100.00,168.38,874.88,52.75,1872.36,173.26,824.70,304.25,74.31,98.25,273.82,1849.59,3546.14,2.35,148.32,147.73,642.20,3.56,971.64,61.95,533.97
2026-02-21T04:20:00Z,56.38,2175.79,165.10,940.37,58.18,1868.95,174.82,934.40,63.75,2110.00,167.65,858.41,53.34,1872.27,173.16,846.94,305.04,72.81,98.24,269.31,1844.04,3551.21,2.60,149.97,148.54,634.55,2.84,971.19,61.12,527.64
2026-02-21T04:30:00Z,56.15,2170.54,165.56,933.29,57.83,1871.60,174.23,918.29,63.67,2103.48,167.97,846.35,53.34,1869.88,174.13,855.08,299.02,72.76,98.86,268.78,1835.14,3546.47,2.40,150.67,144.86,632.48,3.11,967.81,59.97,527.68
2026-02-21T04:40:00Z,55.83,2170.47,166.27,929.24,57.61,1881.78,174.10,910.39,63.70,2108.54,167.57,849.81,53.35,1857.66,173.83,875.63,301.00,73.17,98.00,269.64,1843.34,3559.45,2.67,149.72,144.85,631.37,2.79,969.48,59.86,518.09
2026-02-21T04:50:00Z,55.84,2176.19,167.21,931.72,58.20,1879.26,174.88,899.23,64.15,2095.76,168.05,865.16,53.08,1873.25,173.83,864.74,302.47,71.86,99.35,273.70,1843.29,3551.17,2.31,149.64,146.13,632.00,3.15,975.02,59.60,517.74
2026-02-21T05:00:00Z,56.07,2176.39,166.66,920.85,58.08,1874.41,175.09,906.11,64.12,2096.11,168.81,871.29,53.31,1864.76,174.89,856.19,304.62,71.35,99.25,273.92,1839.70,3541.44,2.34,149.86,148.77,635.94,2.77,961.97,61.20,522.86
2026-02-21T05:10:00Z,55.99,2169.38,166.62,932.58,58.25,1866.46,174.83,916.33,63.82,2104.13,168.29,865.33,53.35,1874.81,174.68,850.36,304.13,72.39,98.11,273.35,1847.16,3559.18,2.60,152.29,148.09,632.79,3.06,973.68,61.30,534.46
2026-02-21T05:20:00Z,55.90,2169.91,166.40,939.57,58.18,1878.85,174.74,907.56,64.06,2097.43,168.35,863.94,53.68,1867.21,174.61,855.28,299.19,72.50,98.87,271.50,1841.47,3542.91,2.44,150.69,146.40,633.91,3.56,973.70,61.95,526.41
2026-02-21T05:30:00Z,56.17,2168.12,166.46,959.98,58.07,1882.99,173.95,909.86,63.67,2105.22,167.14,849.43,53.90,1872.59,174.46,858.83,303.58,72.21,98.43,272.09,1849.64,3543.81,2.43,149.93,146.78,632.21,2.83,975.58,59.61,533.80
2026-02-21T05:40:00Z,55.73,2181.78,165.70,937.76,58.48,1868.27,174.01,915.13,63.65,2103.36,168.20,868.86,53.75,1865.46,174.85,864.46,305.70,71.88,98.70,276.76,1845.28,3560.40,2.45,150.05,148.88,632.70,2.67,970.34,59.76,528.50
2026-02-21T05:50:00Z,55.48,2188.31,165.79,931.60,58.16,1870.39,173.97,919.95,63.46,2116.22,168.28,863.88,53.79,1869.60,174.20,871.17,308.63,71.05,98.82,276.67,1845.41,3550.39,2.68,149.36,152.13,642.79,3.33,983.43,59.57,537.76
2026-02-21T06:00:00Z,55.34,2199.43,165.56,919.52,58.02,1867.59,174.58,928.84,63.70,2110.60,167.93,867.74,53.59,1867.83,174.45,861.00,306.94,71.29,98.33,280.50,1850.96,3547.80,2.60,150.70,149.74,635.68,3.12,976.32,61.99,523.55
2026-02-21T06:10:00Z,55.44,2182.76,165.45,923.72,57.77,1875.29,174.34,919.94,63.25,2111.49,167.95,875.12,53.48,1856.37,175.04,859.26,304.20,71.92,99.15,274.15,1845.45,3544.80,2.49,152.20,149.07,642.60,2.62,976.28,59.91,522.92
2026-02-21T06:20:00Z,55.52,2193.48,165.49,919.75,58.05,1868.04,174.30,912.63,63.21,2109.44,167.42,851.90,53.45,1853.61,174.48,854.39,301.39,72.20,99.15,273.49,1854.55,3542.16,2.54,149.02,147.09,632.57,3.00,976.97,59.99,530.75
2026-02-21T06:30:00Z,55.16,2197.65,165.84,920.40,58.35,1874.38,174.27,927.09,63.19,2113.85,167.07,843.00,53.70,1848.92,174.91,866.54,306.30,71.69,97.55,273.55,1843.35,3559.99,2.78,150.54,151.60,641.28,3.12,973.18,60.09,538.75
2026-02-21T06:40:00Z,55.46,2201.47,165.36,916.99,58.23,1873.32,174.46,925.95,63.01,2124.60,167.25,840.18,53.21,1867.51,174.71,855.11,301.44,70.48,98.32,270.54,1837.45,3544.81,2.40,149.41,144.72,632.23,2.84,968.00,60.56,541.17
2026-02-21T06:50:00Z,55.55,2192.17,165.68,916.89,58.45,1872.32,173.88,919.99,63.00,2118.79,167.10,842.56,53.53,1880.15,174.26,851.65,301.23,73.25,97.96,272.04,1835.84,3552.45,2.49,150.83,147.64,633.28,3.06,966.00,61.20,533.54
2026-02-21T07:00:00Z,55.45,2182.06,166.06,927.94,58.75,1853.80,173.95,929.20,63.24,2120.82,167.07,843.14,53.71,1862.53,174.05,849.75,306.25,72.88,98.79,275.80,1848.32,3543.68,2.79,148.72,149.62,637.02,2.91,972.68,60.22,533.48
2026-02-21T07:10:00Z,55.37,2183.06,166.10,923.66,59.06,1851.11,174.25,931.96,63.03,2113.14,167.63,844.91,54.19,1850.30,175.39,869.79,305.23,73.57,98.18,275.27,1846.94,3555.96,2.74,152.68,147.80,632.72,2.70,973.02,60.48,533.80
2026-02-21T07:20:00Z,55.56,2183.18,165.75,913.33,58.66,1854.13,174.52,930.33,63.37,2115.59,167.42,832.44,54.22,1842.91,175.49,877.10,306.53,71.13,97.71,273.47,1832.04,3556.06,2.63,150.27,147.51,633.72,3.01,962.73,60.59,527.50
2026-02-21T07:30:00Z,55.79,2175.87,165.33,935.51,58.64,1864.05,174.13,921.66,63.67,2116.95,167.24,840.90,54.35,1829.10,175.37,894.04,309.13,71.47,97.76,274.06,1841.86,3543.72,2.28,151.79,148.56,628.01,3.50,967.04,61.46,512.41
2026-02-21T07:40:00Z,55.99,2172.37,165.07,929.28,58.35,1864.51,174.40,923.22,63.98,2104.91,167.22,851.84,54.36,1847.29,175.44,886.22,305.21,71.24,98.54,270.61,1827.59,3553.94,2.36,149.95,149.50,626.01,3.26,962.08,61.36,529.65
2026-02-21T07:50:00Z,56.00,2182.79,165.36,945.52,58.63,1869.41,174.22,915.75,64.30,2089.39,167.66,862.26,54.38,1853.64,175.16,886.45,302.87,72.03,98.35,272.41,1849.40,3564.15,2.63,150.60,147.22,631.82,3.33,977.22,60.77,527.62
2026-02-21T08:00:00Z,56.06,2177.17,165.84,940.39,58.80,1845.17,174.55,934.12,64.37,2090.14,167.70,864.49,54.33,1847.87,175.14,887.92,309.82,72.52,97.94,275.35,1850.26,3560.06,2.45,150.95,149.59,635.29,2.79,977.41,62.13,528.66
2026-02-21T08:10:00Z,55.78,2181.39,165.64,935.22,58.93,1854.38,174.84,930.37,64.07,2091.75,168.16,872.18,54.02,1846.80,175.49,886.64,306.63,74.24,98.26,278.13,1853.06,3551.96,2.87,150.40,145.63,632.85,2.90,972.91,62.41,524.89
2026-02-21T08:20:00Z,56.33,2175.79,165.72,948.39,58.89,1860.05,174.71,933.80,64.43,2085.99,167.97,872.46,54.20,1843.59,175.30,872.94,310.73,75.38,98.25,280.68,1845.90,3548.23,2.41,149.35,149.94,633.31,3.12,977.66,62.04,526.34
2026-02-21T08:30:00Z,56.14,2180.57,166.58,945.01,59.25,1854.70,174.94,946.95,64.24,2095.76,167.69,867.75,54.55,1829.82,175.25,894.14,311.59,74.63,98.34,278.37,1858.33,3544.92,2.18,150.53,152.20,643.32,2.97,981.01,62.94,542.68
2026-02-21T08:40:00Z,56.09,2170.90,166.07,946.94,59.47,1851.52,174.64,954.50,64.05,2100.93,167.78,878.18,54.40,1837.29,175.21,899.91,310.93,71.58,97.39,280.61,1848.75,3538.41,2.24,149.28,150.35,634.61,3.01,973.06,,533.59
2026-02-21T08:50:00Z,56.32,2178.42,165.66,937.23,59.32,1852.26,175.02,965.37,63.93,2100.06,167.89,862.09,54.45,1836.07,175.18,896.29,311.08,73.43,99.13,281.96,1857.99,3553.61,2.50,150.49,153.88,640.53,3.10,980.98,60.68,523.15
2026-02-21T09:00:00Z,56.47,2172.63,165.34,932.53,59.10,1854.36,175.99,961.27,63.97,2107.18,167.94,856.85,54.52,1831.10,175.36,912.70,312.22,74.27,99.56,284.00,1857.68,3550.38,2.64,150.01,150.42,642.83,2.99,976.02,60.95,538.59
2026-02-21T09:10:00Z,56.93,2157.33,165.55,962.01,58.93,1853.45,175.64,957.18,64.24,2097.94,167.63,856.76,54.50,1823.73,175.50,903.46,311.72,75.70,99.01,282.02,1844.12,3555.33,2.70,148.81,151.85,646.10,3.14,967.67,60.63,533.69
2026-02-21T09:20:00Z,56.67,2152.80,165.99,963.27,58.84,1850.24,175.46,950.47,64.08,2093.41,168.17,873.40,55.00,1832.55,176.01,890.77,310.38,75.13,98.38,279.54,1846.25,3559.86,2.61,150.92,151.46,644.88,3.09,974.65,61.03,540.77
2026-02-21T09:30:00Z,56.41,2171.49,165.50,947.56,58.83,1853.58,174.91,944.22,64.13,2095.47,167.53,870.55,54.86,1832.56,175.23,898.99,306.42,76.90,99.29,274.95,1838.72,3551.98,2.38,147.83,147.56,631.86,2.93,967.35,61.34,523.41
2026-02-21T09:40:00Z,56.52,2145.77,166.40,964.41,59.02,1855.73,175.08,936.96,64.51,2081.60,168.16,887.55,54.58,1838.70,175.50,898.99,306.83,74.47,98.59,275.36,1850.25,3548.18,2.60,152.44,146.79,626.66,3.10,972.21,61.54,516.18
2026-02-21T09:50:00Z,56.04,2153.70,166.90,959.26,58.94,1848.33,175.11,952.32,64.14,2099.32,167.40,863.29,54.60,1827.81,175.60,905.99,308.76,74.89,98.92,279.54,1855.83,3548.72,2.55,150.85,151.73,634.97,2.83,979.60,61.43,530.82
2026-02-21T10:00:00Z,55.98,2171.81,166.74,947.88,58.38,1857.00,175.30,926.65,63.48,2106.03,167.52,858.75,54.52,1823.53,175.86,908.00,309.74,73.71,99.03,277.81,1830.52,3545.01,2.45,151.57,148.78,637.07,2.92,966.20,62.11,522.53
2026-02-21T10:10:00Z,56.01,2170.21,165.93,949.01,58.14,1863.55,174.86,904.68,63.42,2107.17,167.81,843.21,54.81,1829.67,175.49,914.73,316.49,74.16,97.81,284.71,1853.51,3542.99,2.52,151.67,152.60,640.22,2.91,979.61,62.48,537.38
2026-02-21T10:20:00Z,56.20,2174.20,165.99,941.19,57.95,1876.46,174.43,917.61,63.51,2111.90,167.37,852.49,55.02,1812.92,175.70,913.92,314.61,73.56,98.25,282.57,1854.82,3559.51,2.45,151.09,153.40,643.42,3.00,977.23,62.26,531.42
2026-02-21T10:30:00Z,55.58,2180.27,165.91,938.65,57.63,1886.50,174.29,920.50,63.90,2108.67,167.24,842.73,55.37,1813.80,175.43,915.68,307.02,74.35,98.18,273.70,1838.93,3538.98,2.53,150.25,145.25,631.54,2.76,971.74,61.14,521.18
2026-02-21T10:40:00Z,55.34,2190.13,166.19,925.20,57.52,1893.64,173.95,898.16,63.65,2101.31,167.71,857.16,55.23,1816.04,176.21,924.81,306.42,75.47,98.13,277.90,1855.60,3540.67,2.54,150.25,148.42,635.02,2.92,986.26,61.22,530.62
2026-02-21T10:50:00Z,55.61,2192.07,166.01,926.92,57.49,1890.61,173.11,890.06,63.87,2100.60,168.01,850.93,55.34,1817.47,176.00,918.84,307.43,74.22,97.64,274.70,1837.94,3547.37,2.46,149.90,147.80,636.38,2.88,958.57,61.07,521.88
2026-02-21T11:00:00Z,56.04,2174.07,166.21,932.40,57.42,1886.74,173.34,871.99,63.92,2109.39,167.97,862.83,55.70,1808.81,175.05,920.79,305.75,74.38,98.00,274.87,1841.95,3544.98,2.37,149.88,151.24,634.88,3.07,967.57,61.98,525.61
2026-02-21T11:10:00Z,55.97,2185.87,166.34,928.71,57.54,1887.50,173.27,866.86,64.29,2101.71,167.82,871.11,55.33,1802.54,175.93,923.06,305.34,74.01,98.15,273.87,1848.39,3562.43,2.50,149.73,148.39,633.12,2.81,975.42,60.81,530.56
2026-02-21T11:20:00Z,56.04,2179.46,165.82,924.82,57.78,1893.45,173.46,879.63,64.30,2096.31,167.53,881.81,55.06,1813.33,176.02,930.41,310.27,71.75,98.55,281.07,1857.37,3558.20,2.51,152.45,148.69,635.74,3.14,971.72,61.01,529.88
2026-02-21T11:30:00Z,56.39,2180.56,165.71,939.92,57.78,1878.72,174.70,888.12,64.18,2091.05,167.81,876.44,55.07,1818.92,175.67,931.75,310.03,72.77,98.11,283.53,1846.24,3540.76,2.46,149.09,150.33,640.57,3.12,976.65,61.84,519.43
2026-02-21T11:40:00Z,56.22,2175.65,166.53,936.43,57.58,1885.58,174.65,887.26,63.83,2093.85,167.79,872.67,55.15,1818.26,175.41,922.19,305.91,73.83,98.41,277.19,1841.25,3541.23,2.79,150.02,148.80,636.48,3.13,965.34,60.37,522.88
2026-02-21T11:50:00Z,55.92,2175.87,165.94,946.39,57.18,1893.70,173.35,887.45,63.61,2108.63,167.12,857.85,54.68,1831.04,175.85,903.06,308.66,74.68,98.40,277.64,1847.42,3551.85,2.20,150.94,150.21,632.32,3.15,964.44,61.11,530.10
2026-02-21T12:00:00Z,55.70,2168.47,165.89,936.05,57.67,1894.46,174.02,896.60,63.80,2108.08,166.82,849.89,54.71,1829.58,176.10,903.29,307.32,76.09,97.98,277.29,1850.86,3533.36,2.72,148.93,148.77,639.02,2.86,973.99,60.07,533.30
2026-02-21T12:10:00Z,55.90,2158.22,166.48,945.03,57.25,1891.65,173.72,895.92,63.69,2090.55,167.41,852.43,54.57,1836.68,175.63,902.26,308.70,74.79,97.65,275.83,1850.57,3535.11,2.58,149.81,150.24,629.69,3.17,967.63,60.10,526.21
2026-02-21T12:20:00Z,55.88,2172.21,167.07,950.14,57.23,1895.07,173.93,886.79,63.66,2099.36,167.24,859.39,54.74,1827.84,175.86,895.78,305.33,75.20,97.67,273.38,1847.64,3556.53,2.46,149.14,147.78,626.92,3.25,962.81,59.59,513.49
2026-02-21T12:30:00Z,55.29,2185.52,166.89,930.34,57.62,1892.74,174.03,887.36,63.60,2103.36,167.95,850.62,54.23,1846.27,175.12,883.12,306.12,72.78,97.80,275.15,1835.60,3553.89,2.46,149.74,147.61,629.76,3.09,971.30,61.06,518.86
2026-02-21T12:40:00Z,55.43,2188.38,165.93,913.29,57.59,1881.93,174.65,896.65,63.85,2095.96,167.97,851.23,53.98,1837.16,174.36,865.64,300.75,71.80,97.95,271.45,1838.48,3561.75,2.30,150.23,145.24,637.19,3.05,968.41,60.05,525.46
2026-02-21T12:50:00Z,54.78,2188.14,165.97,926.05,57.36,1887.64,173.89,888.82,63.88,2102.43,168.12,855.46,54.12,1840.62,174.18,883.01,300.13,69.81,97.89,270.87,1840.05,3549.09,2.63,149.78,145.01,633.83,3.22,973.88,59.73,518.22
2026-02-21T13:00:00Z,54.62,2198.73,166.21,919.01,57.46,1881.33,173.63,912.08,64.13,2099.38,167.53,849.53,54.60,1836.12,174.99,892.61,302.48,71.16,97.55,272.19,1840.58,3549.78,2.47,150.46,146.42,627.62,2.87,966.66,60.73,514.74
2026-02-21T13:10:00Z,54.45,2217.10,166.13,895.98,57.27,1891.11,173.84,888.42,64.12,2109.39,167.64,859.46,54.79,1832.58,175.41,902.43,304.03,72.40,97.22,273.58,1847.45,3555.26,2.40,150.21,145.36,636.34,3.19,971.93,60.74,532.02
2026-02-21T13:20:00Z,54.71,2207.73,165.71,878.22,57.13,1893.80,173.13,877.18,64.01,2106.87,168.04,865.56,55.08,1827.68,175.86,911.26,310.16,71.95,98.22,282.99,1851.25,3540.50,2.41,150.86,151.82,639.09,3.34,979.73,62.31,525.91
2026-02-21T13:30:00Z,54.78,2216.49,165.03,872.77,57.11,1896.12,174.19,868.73,63.82,2101.59,167.99,857.49,54.98,1820.61,175.46,913.16,304.89,72.48,99.07,274.87,1844.85,3542.34,2.39,149.47,148.60,635.18,2.90,970.59,61.48,533.28
2026-02-21T13:40:00Z,54.92,2194.09,164.66,885.86,57.08,1893.67,173.44,883.45,63.78,2103.17,167.39,845.36,55.34,1818.80,175.75,928.06,300.39,71.53,99.22,271.83,1845.06,3543.51,2.64,150.42,145.27,627.85,3.03,972.46,61.54,520.08
2026-02-21T13:50:00Z,55.00,2192.91,164.33,904.23,57.02,1898.92,173.71,868.92,63.55,2103.31,167.63,847.74,55.39,1826.97,175.79,911.58,306.31,70.55,98.53,276.74,1836.20,3560.39,2.47,150.27,149.52,633.77,3.04,967.04,61.48,526.28
2026-02-21T14:00:00Z,55.29,2184.81,165.21,905.24,56.85,1895.80,173.63,876.03,63.00,2118.53,167.67,847.18,54.90,1834.05,175.92,909.00,305.79,71.92,98.69,273.56,1840.23,3554.63,2.51,150.76,148.74,636.29,2.87,970.26,62.15,534.00
2026-02-21T14:10:00Z,55.49,2191.99,165.42,906.63,56.60,1909.34,173.59,883.58,62.82,2124.90,167.20,828.80,54.70,1838.30,175.70,900.53,303.64,72.71,97.76,275.40,1843.37,3552.58,2.62,151.02,146.54,627.65,3.29,966.28,62.96,522.82
2026-02-21T14:20:00Z,55.36,2190.74,165.80,927.36,56.66,1909.24,173.59,867.24,63.30,2110.41,166.58,835.33,54.43,1851.03,175.80,889.03,304.13,68.55,98.27,272.63,1844.35,3549.61,2.23,149.83,149.02,633.28,3.29,967.93,61.04,532.31
2026-02-21T14:30:00Z,55.20,2204.48,165.95,911.15,56.71,1910.36,173.52,878.67,62.82,2118.18,166.46,835.98,54.65,1832.00,175.57,890.29,306.05,70.67,97.72,271.71,1846.90,3551.69,2.59,149.62,147.32,635.01,3.03,972.39,59.72,541.81
2026-02-21T14:40:00Z,55.25,2201.22,166.13,910.42,56.57,1919.44,173.76,862.21,62.95,2124.89,166.82,834.80,55.28,1829.00,175.43,906.20,304.27,71.23,97.76,273.20,1838.83,3545.52,2.60,149.88,146.81,634.21,3.22,967.54,59.72,524.69
2026-02-21T14:50:00Z,55.79,2185.61,165.92,925.80,56.59,1915.30,173.49,864.86,62.87,2131.15,166.87,826.94,55.23,1822.30,175.58,920.12,300.87,72.05,98.02,271.87,1843.29,3550.39,2.47,148.46,145.24,624.15,2.54,966.82,59.03,519.43
2026-02-21T15:00:00Z,55.50,2200.62,165.80,929.39,56.50,1913.77,173.44,868.27,63.03,2129.52,167.26,833.15,55.18,1821.59,175.70,919.42,301.90,72.61,97.49,272.70,1840.66,3544.20,2.59,150.18,145.51,634.95,2.85,973.60,59.51,529.29
2026-02-21T15:10:00Z,55.52,2189.42,165.87,927.28,55.98,1916.87,173.61,853.19,62.68,2134.95,167.33,831.74,54.92,1828.81,175.62,908.21,308.04,70.76,98.71,277.70,1851.00,3551.77,2.81,150.50,147.76,633.78,3.02,974.51,59.02,523.82
2026-02-21T15:20:00Z,55.43,2196.23,165.40,923.93,56.28,1907.09,173.16,851.61,63.04,2129.46,167.47,829.85,54.76,1828.35,175.04,906.46,301.03,68.82,98.38,272.37,1846.65,3536.69,2.50,148.27,144.66,632.95,3.34,975.05,60.35,524.90
2026-02-21T15:30:00Z,55.41,2195.31,166.23,918.88,56.69,1906.41,173.31,871.28,63.12,2127.94,167.99,828.94,54.13,1847.79,175.24,893.99,306.05,70.84,97.91,274.11,1843.47,3543.91,2.44,150.67,149.12,629.52,3.08,976.60,60.93,532.37
2026-02-21T15:40:00Z,55.43,2187.11,165.25,929.15,56.68,1907.25,173.32,858.63,62.81,2123.08,167.22,832.25,54.43,1839.75,175.37,906.61,305.58,70.19,98.67,271.05,1833.48,3549.80,2.59,151.35,148.73,631.24,2.97,968.63,60.41,517.95
2026-02-21T15:50:00Z,55.65,2184.40,165.44,928.67,56.91,1897.26,173.24,865.36,63.12,2122.56,167.21,827.47,54.38,1837.39,175.57,893.51,303.62,70.61,99.79,274.75,1847.88,3553.14,2.45,149.66,148.03,633.74,3.16,972.43,59.91,526.79
2026-02-21T16:00:00Z,55.60,2183.31,165.60,933.69,57.03,1902.94,173.87,877.08,63.17,2122.85,167.02,826.87,54.82,1826.82,176.15,901.03,303.98,71.05,99.01,275.47,1837.35,3539.16,2.55,150.19,146.77,630.88,2.96,973.31,60.59,530.69
2026-02-21T16:10:00Z,55.70,2186.80,166.34,940.22,56.83,1898.41,173.93,882.80,63.39,2116.62,167.38,833.58,54.97,1835.07,175.58,897.78,299.67,70.23,97.83,275.03,1841.35,3539.86,2.36,149.79,145.01,633.29,3.05,966.41,60.53,534.68
2026-02-21T16:20:00Z,55.83,2181.70,165.99,933.70,56.77,1893.22,174.10,871.24,63.89,2106.91,167.42,855.37,54.99,1822.67,175.69,915.33,299.94,72.37,98.61,272.24,1833.33,3547.39,2.30,150.30,145.73,624.85,3.09,967.57,60.59,521.85
2026-02-21T16:30:00Z,55.67,2184.80,165.85,936.86,56.69,1894.19,174.34,886.57,64.23,2097.78,167.05,858.86,55.17,1829.95,175.81,917.35,298.14,73.25,98.16,266.12,1837.62,3549.89,2.56,149.70,143.51,631.01,2.94,967.07,60.02,523.75
2026-02-21T16:40:00Z,56.07,2171.20,165.64,947.41,56.80,1898.63,173.92,866.36,64.45,2086.34,167.82,870.13,55.35,1827.37,175.51,915.83,305.01,70.55,98.32,271.97,1845.02,3558.47,2.31,151.06,147.49,626.58,3.07,969.41,61.61,522.17
2026-02-21T16:50:00Z,56.36,2159.81,166.34,967.10,57.20,1894.12,174.32,879.07,64.40,2088.73,168.13,865.79,55.55,1815.05,175.71,920.48,306.06,70.78,99.49,279.31,1852.16,3555.51,2.41,150.54,150.60,632.86,2.90,976.58,59.86,526.44
2026-02-21T17:00:00Z,56.12,2173.56,164.90,957.38,57.42,1888.04,174.64,881.75,64.27,2089.11,167.89,877.93,55.88,1813.45,176.03,945.17,305.86,72.92,99.57,276.92,1843.53,3554.41,2.56,151.46,145.62,629.24,2.70,974.79,62.19,529.01
2026-02-21T17:10:00Z,56.03,2176.38,165.42,947.47,57.52,1881.09,174.39,887.02,64.01,2095.72,167.28,866.62,55.72,1808.02,176.02,934.82,307.23,72.57,98.60,280.35,1837.29,3538.94,2.65,149.74,148.48,636.01,2.91,966.88,60.52,533.95
2026-02-21T17:20:00Z,55.74,2184.57,165.59,927.07,57.34,1887.56,174.32,903.81,63.86,2100.80,168.19,852.18,55.58,1807.03,175.62,943.97,307.50,70.17,98.73,273.92,1843.53,3529.36,2.44,147.86,147.10,634.93,3.27,975.45,61.47,529.09
2026-02-21T17:30:00Z,55.71,2184.04,166.06,920.13,57.66,1876.31,173.76,904.23,63.99,2097.95,167.76,857.35,55.53,1804.83,176.02,945.78,307.20,71.25,98.99,276.76,1851.11,3541.97,2.58,151.68,150.33,635.74,3.04,977.92,61.15,525.11
2026-02-21T17:40:00Z,55.72,2188.41,165.20,928.59,57.59,1882.95,174.33,907.06,64.30,2106.09,167.81,868.39,55.54,1809.71,175.67,928.46,310.60,71.05,99.07,279.46,1842.50,3553.94,2.47,150.83,151.97,634.07,3.14,972.65,62.01,532.38
2026-02-21T17:50:00Z,55.62,2182.64,166.04,945.98,57.08,1908.28,174.10,883.72,64.22,2094.29,168.09,871.62,56.19,1800.55,176.06,937.33,312.71,73.78,98.62,282.32,1860.35,3560.67,2.61,150.47,153.56,640.08,3.22,978.83,62.20,533.86
2026-02-21T18:00:00Z,55.53,2174.81,165.83,935.28,57.22,1899.80,174.34,892.74,64.10,2089.21,167.81,868.20,55.51,1798.46,176.16,943.49,316.42,74.49,98.60,285.12,1862.98,3552.10,2.51,150.13,153.59,633.05,3.06,987.40,60.38,527.29
2026-02-21T18:10:00Z,55.24,2187.02,165.60,924.64,56.89,1901.78,174.09,885.31,64.26,2082.87,168.20,858.89,55.73,1802.50,175.92,952.04,312.42,75.48,98.64,284.18,1852.80,3547.13,2.38,149.58,150.18,633.62,2.99,978.57,60.70,524.86
2026-02-21T18:20:00Z,55.55,2192.48,165.84,920.36,56.78,1894.94,173.49,871.72,64.27,2092.03,168.35,876.21,55.87,1808.64,176.74,948.94,309.07,73.75,98.39,277.23,1841.23,3544.66,2.52,151.25,151.30,630.97,3.04,964.69,60.99,528.39
2026-02-21T18:30:00Z,55.92,2182.41,166.22,923.54,57.13,1888.21,173.18,889.02,64.40,2095.15,168.24,895.41,55.80,1813.33,175.42,947.61,313.07,76.30,98.36,283.90,1849.37,3547.21,2.52,150.96,152.97,638.95,3.39,975.87,62.03,540.95
2026-02-21T18:40:00Z,56.11,2173.46,165.53,911.59,56.99,1899.77,173.73,876.37,64.05,2094.72,168.12,881.70,55.77,1801.69,176.11,936.09,304.49,75.98,98.64,274.16,1852.77,3540.72,2.29,149.10,149.21,640.11,3.33,971.29,62.19,515.76
2026-02-21T18:50:00Z,55.98,2165.05,165.11,916.12,56.86,1905.22,173.84,882.30,64.26,2096.62,168.32,881.58,55.25,1812.73,175.72,924.45,306.15,75.55,99.23,276.05,1841.10,3558.04,2.52,150.37,145.77,626.56,2.79,966.13,62.17,516.03
2026-02-21T19:00:00Z,55.99,2168.81,164.97,936.79,57.03,1898.29,173.35,880.11,64.42,2104.29,168.24,877.32,54.82,1819.88,176.10,932.89,307.60,73.17,99.12,277.90,1857.50,3561.88,2.35,150.87,148.06,631.91,2.89,969.71,61.51,522.05
2026-02-21T19:10:00Z,56.01,2168.96,165.59,931.93,56.90,1895.60,173.39,884.20,64.20,2097.24,168.73,869.97,54.58,1826.12,176.07,926.72,307.25,74.12,99.44,274.71,1839.48,3556.03,2.65,151.05,146.97,635.54,3.00,976.95,59.41,521.28
2026-02-21T19:20:00Z,55.54,2179.30,165.67,940.02,57.32,1878.40,173.09,895.63,63.67,2109.49,168.64,852.13,54.26,1826.04,175.39,907.21,309.15,73.29,99.97,281.84,1843.85,3551.50,2.70,151.09,149.91,638.20,2.88,972.15,61.03,528.48
2026-02-21T19:30:00Z,55.45,2186.33,164.81,938.55,57.57,1890.87,174.25,901.53,63.67,2119.87,168.55,862.15,54.93,1834.55,175.15,891.83,303.51,73.64,98.83,273.63,1837.66,3558.37,2.41,152.70,146.15,635.04,2.67,967.56,60.44,538.96
2026-02-21T19:40:00Z,55.64,2190.86,165.24,928.35,57.35,1893.03,174.47,894.41,63.73,2106.42,168.54,842.11,54.72,1831.43,175.00,908.30,306.51,72.26,98.79,276.41,1848.19,3538.79,2.66,150.10,148.74,639.35,2.68,979.35,59.93,533.58
2026-02-21T19:50:00Z,56.04,2189.33,165.60,925.19,57.48,1893.15,174.58,899.78,63.75,2102.18,167.98,850.60,54.64,1829.02,175.99,896.68,304.92,71.78,98.79,274.45,1838.41,3547.11,2.51,148.85,147.83,624.77,3.02,969.67,60.45,516.61
2026-02-21T20:00:00Z,56.39,2170.92,165.59,938.01,58.07,1884.13,174.50,907.41,64.13,2097.88,168.70,861.35,54.84,1823.43,176.08,896.27,305.15,73.10,99.37,269.99,1834.78,3547.77,2.55,151.43,147.59,630.57,2.66,966.48,60.85,520.08
2026-02-21T20:10:00Z,56.00,2171.74,165.31,940.95,57.55,1884.38,174.20,897.00,64.19,2087.42,168.33,873.09,55.23,1813.95,175.18,914.87,314.08,74.07,98.82,278.22,1848.14,3542.63,2.39,149.59,153.64,641.88,3.00,975.29,60.56,530.19
2026-02-21T20:20:00Z,55.92,2177.56,165.09,926.39,57.64,1882.43,174.10,910.02,63.97,2103.64,168.17,858.53,55.45,1807.64,175.62,921.72,313.35,75.95,99.48,283.57,1854.83,3534.06,2.54,149.59,149.93,637.50,2.90,976.93,59.17,535.69
2026-02-21T20:30:00Z,55.82,2177.40,165.41,927.57,57.68,1896.33,173.94,899.86,63.63,2106.10,168.49,853.52,55.33,1814.37,176.07,935.18,308.92,75.94,99.16,278.16,1845.24,3544.22,2.56,150.23,148.68,637.07,3.08,968.92,60.53,533.15
2026-02-21T20:40:00Z,55.37,2192.53,165.68,932.96,57.27,1903.23,173.69,886.60,63.73,2106.56,167.49,842.46,55.14,1825.29,175.61,933.27,310.91,74.96,98.75,279.11,1845.86,3544.24,2.48,148.68,153.61,638.27,3.07,977.78,61.20,518.77
2026-02-21T20:50:00Z,55.52,2187.16,165.10,915.72,56.77,1905.75,173.35,862.98,63.60,2106.08,167.70,840.69,55.14,1822.18,175.42,928.99,303.98,73.80,98.30,275.91,1840.08,3547.58,2.35,150.07,149.39,626.17,3.24,971.25,59.63,529.76
2026-02-21T21:00:00Z,55.22,2202.32,164.71,903.83,56.98,1901.67,173.31,861.87,63.98,2105.35,167.35,846.01,55.18,1814.43,175.37,918.26,305.75,71.32,98.01,275.08,1839.67,3552.26,2.51,151.66,146.90,636.05,3.20,966.22,60.41,549.72
2026-02-21T21:10:00Z,55.58,2196.34,165.09,900.10,56.95,1893.86,173.36,877.64,63.64,2109.44,167.72,848.51,55.35,1822.91,175.11,911.38,306.06,71.79,97.94,277.83,1848.00,3537.11,2.37,150.47,146.37,637.43,3.37,972.50,61.53,525.84
2026-02-21T21:20:00Z,55.37,2196.41,164.70,917.90,57.19,1887.03,172.34,883.88,63.95,2097.99,167.34,858.44,55.28,1820.00,175.53,909.76,314.95,69.59,97.66,281.07,1846.55,3552.49,2.53,150.92,154.23,639.78,3.12,981.81,59.86,529.97
2026-02-21T21:30:00Z,55.59,2184.55,165.17,931.45,57.17,1893.37,173.27,873.87,63.85,2110.69,167.81,858.80,55.44,1811.95,175.74,922.88,307.83,73.00,97.95,276.19,1847.22,3556.74,2.74,151.02,149.98,643.93,3.17,975.85,59.89,541.66
2026-02-21T21:40:00Z,55.48,2180.98,165.11,918.75,57.37,1889.14,173.40,880.37,63.72,2113.68,167.82,853.56,55.32,1817.72,175.73,932.68,309.24,71.58,98.48,280.94,1848.86,3549.72,2.67,152.30,150.99,644.28,2.70,979.80,59.89,537.53
2026-02-21T21:50:00Z,55.91,2181.04,165.69,935.17,57.13,1887.81,173.96,888.93,63.94,2108.92,167.68,843.25,55.01,1826.28,175.80,926.51,307.59,71.79,98.64,277.88,1843.95,3545.81,2.70,149.02,148.48,636.78,2.63,965.48,61.50,519.71
2026-02-21T22:00:00Z,56.13,2171.09,165.87,940.15,57.20,1890.97,174.09,892.08,63.98,2108.48,167.50,854.28,54.95,1819.79,175.87,920.21,310.86,71.78,97.94,278.25,1855.91,3543.32,2.47,150.82,153.95,644.89,3.06,977.74,60.72,528.79
2026-02-21T22:10:00Z,56.39,2165.91,166.70,953.59,57.31,1882.98,174.32,892.53,63.55,2111.85,168.04,851.72,55.60,1806.99,176.25,931.85,315.62,71.00,99.47,281.97,1857.39,3560.20,2.65,151.71,154.21,640.34,2.83,981.77,61.06,539.74
2026-02-21T22:20:00Z,56.85,2167.02,166.89,952.81,57.77,1876.54,174.99,913.15,63.64,2105.48,167.93,857.67,55.52,1807.71,176.47,928.82,311.27,71.42,98.90,277.17,1847.43,3557.27,2.57,150.77,149.25,629.61,2.88,975.47,62.00,528.44
2026-02-21T22:30:00Z,56.89,2161.18,165.81,947.21,57.54,1880.72,174.38,909.26,63.74,2103.21,168.61,852.47,55.57,1805.48,175.74,942.91,310.73,70.46,99.40,,1855.75,3557.97,2.40,151.33,149.70,633.01,3.13,973.26,59.75,535.89
2026-02-21T22:40:00Z,57.00,2164.58,166.38,960.57,57.33,1879.88,174.30,903.43,63.38,2113.20,167.62,833.59,55.51,1808.37,176.29,934.53,309.05,70.59,99.05,276.77,1838.56,3542.51,2.46,150.86,146.93,641.59,3.03,971.04,61.21,531.51
2026-02-21T22:50:00Z,57.09,2153.27,166.41,968.30,57.54,1884.01,173.54,893.03,63.71,2098.26,167.19,845.71,55.32,1815.06,176.33,945.10,309.02,72.28,99.10,278.83,1851.14,3551.83,2.39,151.58,149.59,633.63,3.24,976.92,59.45,535.37
2026-02-21T23:00:00Z,57.25,2150.70,165.67,950.47,57.86,1886.44,173.33,895.05,63.95,2098.46,167.46,852.91,55.14,1822.25,175.95,921.17,309.64,71.62,97.60,277.76,1856.46,3571.20,2.51,150.61,151.45,632.46,3.19,974.53,58.66,536.77
2026-02-21T23:10:00Z,56.91,2156.71,166.51,960.67,57.99,1878.30,173.76,892.34,63.39,2104.06,167.17,843.85,55.15,1822.30,177.19,927.05,306.54,71.16,98.51,272.81,1839.19,3535.72,2.61,148.80,149.20,639.45,2.90,965.75,60.19,533.99
2026-02-21T23:20:00Z,56.74,2148.61,166.14,951.64,58.41,1866.54,173.86,910.91,63.28,2105.18,167.66,851.24,54.92,1815.82,176.16,917.78,305.63,72.48,98.29,274.72,1836.59,3543.25,2.55,150.66,150.53,643.69,2.86,974.13,59.93,532.70
2026-02-21T23:30:00Z,56.47,2157.58,166.47,952.88,58.44,1863.84,174.12,930.70,63.10,2103.90,168.00,842.08,55.21,1822.83,175.89,898.71,309.13,72.70,98.64,280.69,1848.16,3537.57,3.06,150.33,148.79,636.39,2.87,976.55,61.40,530.36
2026-02-21T23:40:00Z,56.82,2154.84,166.42,959.88,58.30,1852.24,174.26,920.23,62.90,2126.86,167.37,836.77,54.93,1818.93,175.00,907.80,308.80,73.82,98.95,279.73,1845.90,3543.57,2.31,150.78,150.54,640.04,3.09,970.25,60.37,543.09
2026-02-21T23:50:00Z,56.53,2156.65,165.67,951.61,58.27,1868.95,174.38,941.62,62.72,2135.37,167.61,827.53,55.00,1825.34,175.32,911.33,308.90,74.45,98.11,277.59,1844.33,3551.58,2.57,149.80,150.85,631.70,2.77,971.41,60.35,527.03
2026-02-22T00:00:00Z,57.31,2146.05,165.86,979.89,58.06,1869.96,174.46,913.93,63.04,2130.47,166.72,830.97,54.67,1830.00,175.86,926.72,307.79,73.47,98.69,279.51,1851.21,3566.17,2.55,149.65,150.46,636.99,3.11,974.14,60.95,530.58
2026-02-22T00:10:00Z,57.83,2138.21,166.01,988.99,58.36,1866.83,174.66,925.44,63.56,2115.02,167.23,839.09,54.67,1833.79,176.20,903.48,311.43,73.80,98.22,278.48,1840.23,3550.59,2.65,150.27,150.08,632.18,2.80,967.94,61.75,520.01
2026-02-22T00:20:00Z,57.95,2129.31,165.69,981.43,58.52,1857.99,174.45,930.66,63.87,2102.83,167.91,850.50,54.70,1834.76,176.00,888.51,308.29,76.25,98.61,274.29,1852.70,3563.22,2.53,149.77,147.42,630.70,3.39,972.36,63.37,511.22
2026-02-22T00:30:00Z,58.58,2124.89,165.61,1001.21,58.02,1858.30,174.25,929.83,63.79,2103.91,167.62,861.90,54.36,1829.70,175.66,894.41,316.29,74.73,98.85,287.48,1847.09,3552.62,2.29,150.71,150.39,635.17,2.98,977.42,63.31,527.41
2026-02-22T00:40:00Z,58.67,2119.10,166.77,1016.89,57.64,1876.35,174.65,917.45,63.91,2106.32,168.00,860.40,54.12,1830.10,175.33,888.34,317.17,77.36,98.19,283.21,1852.42,3548.33,2.46,150.63,152.43,634.25,2.87,978.40,63.65,523.28
2026-02-22T00:50:00Z,58.94,2097.91,167.05,1036.98,57.65,1876.51,174.21,908.24,64.67,2090.87,168.15,873.77,54.03,1841.27,175.14,883.49,309.52,77.07,98.24,278.69,1836.46,3536.81,2.48,149.42,147.40,631.09,2.94,971.64,62.42,514.94
2026-02-22T01:00:00Z,59.75,2088.50,167.39,1033.63,57.73,1873.05,174.70,904.77,64.97,2085.47,169.13,886.89,54.53,1844.89,174.86,889.56,317.20,75.34,98.76,285.13,1853.29,3548.08,2.40,150.29,154.65,637.97,2.87,974.72,60.97,536.07
2026-02-22T01:10:00Z,60.37,2073.70,168.13,1063.16,57.45,1894.05,174.30,,65.11,2077.52,168.44,890.60,54.90,1841.97,174.92,893.28,314.96,73.61,99.01,281.83,1853.09,3553.32,2.46,151.45,152.37,644.80,3.00,980.25,59.91,532.83
2026-02-22T01:20:00Z,60.63,2067.81,167.88,1073.49,57.49,1885.54,174.15,890.19,65.29,2071.18,168.66,901.94,54.90,1838.42,175.20,903.84,320.52,74.65,98.41,287.10,1864.88,3553.16,2.40,151.52,156.78,639.35,3.10,984.58,60.89,532.44
2026-02-22T01:30:00Z,60.63,2063.40,167.99,1081.50,57.76,1881.87,174.41,890.06,65.38,2078.25,168.89,908.95,54.83,1829.46,175.42,911.22,316.27,75.88,98.45,281.82,1855.86,3542.32,2.53,149.47,155.12,643.72,3.15,977.68,60.56,537.30
2026-02-22T01:40:00Z,60.49,2072.41,168.84,1085.43,57.60,1884.81,174.26,893.04,66.08,2057.13,168.55,929.25,54.60,1835.21,175.45,899.73,318.75,76.07,99.09,286.62,1864.82,3558.88,2.40,150.96,153.99,639.55,3.12,980.50,61.88,525.54
2026-02-22T01:50:00Z,60.51,2061.66,169.01,1087.21,57.49,1892.48,173.95,878.93,66.81,2032.94,168.12,926.60,54.60,1836.85,175.18,899.83,318.16,76.87,98.48,285.32,1857.05,3545.13,2.46,149.73,154.98,636.71,2.99,982.26,61.67,526.86
2026-02-22T02:00:00Z,60.09,2060.12,169.20,1078.57,57.57,1888.35,173.89,874.54,67.22,2030.31,169.04,952.98,54.83,1834.32,175.25,884.18,318.74,76.22,99.01,283.13,1849.54,3545.63,2.68,151.45,155.06,646.68,3.11,982.05,62.71,536.14
2026-02-22T02:10:00Z,60.39,2068.00,169.48,1080.19,57.67,1888.98,173.38,890.64,67.65,2029.84,169.54,969.38,55.13,1808.23,175.23,898.49,315.19,76.48,99.01,284.99,1859.85,3560.19,2.47,150.16,151.13,635.15,3.18,974.97,62.24,525.97
2026-02-22T02:20:00Z,60.93,2055.42,169.30,1091.55,57.33,1883.19,173.99,889.86,67.64,2017.22,169.79,984.69,55.12,1824.57,175.47,911.95,327.14,77.48,98.32,296.25,1865.34,3548.37,2.74,151.10,159.75,649.94,3.02,979.33,61.72,556.02
2026-02-22T02:30:00Z,61.18,2046.40,169.17,1099.38,57.33,1885.06,173.80,884.88,68.02,2009.99,170.01,985.24,55.15,1822.92,175.23,883.03,322.21,77.58,98.57,289.57,1857.57,3562.19,2.54,150.02,155.28,646.44,3.01,979.80,60.30,538.21
2026-02-22T02:40:00Z,61.21,2043.36,169.14,1102.10,57.42,1880.93,173.34,882.60,68.09,1999.58,170.09,997.50,54.86,1818.74,175.37,901.71,320.83,78.51,98.56,291.73,1867.33,3550.29,2.10,150.61,155.49,643.24,2.94,988.27,60.21,525.71
2026-02-22T02:50:00Z,61.33,2043.34,168.94,1109.97,57.21,1892.72,173.64,877.42,67.71,1997.49,169.87,994.66,54.35,1830.20,174.85,905.00,318.94,76.61,98.17,291.05,1863.44,3549.10,2.66,150.97,154.26,647.97,3.07,982.52,60.62,538.74
2026-02-22T03:00:00Z,61.35,2042.09,170.02,1122.92,57.11,1892.86,174.16,884.68,67.94,2002.45,170.56,996.85,54.32,1843.24,174.56,891.42,319.95,76.67,99.58,287.39,1855.53,3555.53,2.29,150.67,155.30,637.80,3.23,976.31,59.78,534.99
2026-02-22T03:10:00Z,61.20,2034.65,169.57,1110.97,57.06,1902.01,173.07,871.67,68.13,1994.98,170.41,1004.09,54.40,1834.02,174.98,891.70,324.19,78.81,99.10,295.34,1867.13,3551.69,2.55,151.94,155.62,641.84,2.97,987.30,60.37,523.08
2026-02-22T03:20:00Z,61.91,2036.75,170.17,1124.07,57.19,1895.54,174.05,878.13,68.33,1994.37,170.93,1001.76,54.16,1836.89,174.95,882.77,330.90,79.60,98.58,299.50,1865.03,3556.73,2.56,151.41,163.90,658.54,2.62,987.70,61.01,558.86
2026-02-22T03:30:00Z,62.31,2022.38,170.01,1137.60,56.87,1900.70,173.16,870.09,68.66,1990.65,170.64,1017.23,54.49,1834.52,174.54,866.50,323.75,79.13,99.47,290.58,1855.14,3547.44,2.49,149.23,154.18,638.85,3.53,977.41,60.18,532.71
2026-02-22T03:40:00Z,62.89,2004.59,170.13,1162.31,56.66,1905.85,173.18,864.56,69.07,1979.06,170.81,1041.10,54.61,1834.00,175.00,886.68,322.28,78.55,99.30,289.55,1859.33,3552.73,2.29,150.22,159.05,646.88,2.96,975.55,59.64,533.27
2026-02-22T03:50:00Z,62.62,1993.20,170.26,1172.76,56.74,1913.37,173.56,878.20,69.27,1956.18,171.02,1055.47,54.96,1826.60,175.19,905.27,327.22,81.63,99.59,297.89,1870.24,3554.56,2.76,151.90,157.99,648.28,2.99,981.24,59.42,542.95
2026-02-22T04:00:00Z,62.45,2007.87,170.26,1181.05,56.79,1901.17,173.63,873.22,69.18,1956.87,171.55,1047.22,55.60,1819.60,175.49,915.43,331.59,82.19,99.59,295.87,1866.93,3550.71,2.80,150.76,160.59,652.87,2.86,979.84,61.15,536.95
2026-02-22T04:10:00Z,62.74,2020.95,170.28,1163.44,57.18,1912.98,173.21,865.34,69.56,1967.43,171.15,1048.83,55.51,1813.72,175.74,928.96,330.34,81.46,98.61,294.94,1866.23,3545.51,2.28,149.61,160.49,645.39,2.98,982.88,61.56,541.86
2026-02-22T04:20:00Z,62.92,2008.91,169.98,1174.10,57.03,1898.81,173.16,871.54,69.75,1958.99,171.40,1069.74,55.07,1811.89,175.75,931.38,331.33,81.50,99.60,297.53,1877.22,3548.88,2.67,152.16,159.74,654.55,2.88,988.74,61.36,545.03
2026-02-22T04:30:00Z,63.11,2002.93,170.22,1185.86,57.03,1894.80,173.39,867.96,70.09,1954.34,171.44,1063.58,54.99,1816.44,176.07,924.28,338.23,81.55,98.97,303.76,1869.61,3543.89,2.14,151.12,166.02,648.61,3.17,981.19,60.25,542.13
2026-02-22T04:40:00Z,63.40,1991.81,170.35,1195.09,56.69,1895.43,172.96,871.82,70.06,1949.39,172.28,1065.31,54.88,1823.77,176.47,921.85,333.95,81.31,98.86,302.88,1873.13,3545.14,2.46,150.95,162.30,652.88,2.99,987.73,60.28,550.78
2026-02-22T04:50:00Z,63.13,1987.95,170.61,1203.32,56.66,1911.62,173.28,874.10,70.79,1937.40,172.43,1088.21,54.64,1832.16,175.88,903.56,330.75,81.10,99.64,296.45,1855.79,3544.19,2.52,150.33,159.15,649.75,3.10,977.51,60.74,538.66
2026-02-22T05:00:00Z,63.44,1990.12,170.87,1199.95,56.48,1910.21,173.06,861.30,70.80,1929.76,172.70,1095.63,54.59,1826.75,175.32,900.42,330.04,81.07,99.49,297.73,1871.54,3547.10,2.35,150.54,157.38,641.45,3.03,984.38,60.90,535.08
2026-02-22T05:10:00Z,63.42,1999.88,171.16,1192.17,56.53,1913.82,172.69,866.53,70.65,1930.23,172.32,1088.67,54.62,1835.83,175.65,897.07,331.53,82.76,99.35,298.24,1865.67,3532.65,2.43,149.06,160.73,647.86,3.05,984.04,60.06,539.23
2026-02-22T05:20:00Z,63.15,1993.29,170.62,1180.10,56.07,1919.09,172.74,855.43,70.74,1930.08,172.20,1094.40,54.82,1833.73,175.41,900.78,325.92,81.69,99.52,292.39,1866.95,3554.59,2.44,151.66,156.96,639.78,2.85,983.31,61.47,535.77
2026-02-22T05:30:00Z,63.05,2001.79,170.92,1192.91,56.17,1908.69,172.79,855.58,70.50,1927.79,172.12,1095.76,55.15,1832.91,175.95,905.13,323.41,83.13,100.20,287.90,1855.88,3539.05,2.56,149.67,154.13,644.20,3.19,972.70,60.08,540.21
2026-02-22T05:40:00Z,63.21,2001.51,171.59,1196.34,56.39,1917.35,173.18,863.14,70.46,1933.26,171.79,1085.44,55.24,1828.67,176.06,911.47,329.38,83.48,100.53,294.93,1861.87,3554.55,2.66,150.55,159.85,638.43,2.93,985.71,60.18,517.33
2026-02-22T05:50:00Z,63.18,2004.75,171.66,1194.76,56.39,1912.22,173.57,857.65,70.63,1932.22,172.60,1109.43,55.12,1819.50,175.60,897.84,327.48,83.53,99.83,294.10,1860.86,3547.59,2.59,148.70,160.05,644.80,2.97,979.81,60.12,536.88
2026-02-22T06:00:00Z,63.32,2003.93,170.56,1184.70,56.71,1921.00,173.40,852.63,70.53,1934.81,172.52,1114.16,54.95,1830.42,176.05,899.18,326.58,83.02,99.66,290.76,1853.00,3530.11,2.80,148.27,161.05,653.11,3.09,973.17,60.14,539.94
2026-02-22T06:10:00Z,63.46,1992.96,170.75,,57.11,1909.96,173.76,865.56,70.70,1934.28,173.03,1115.57,55.13,1826.57,176.16,920.34,,83.48,99.80,291.69,1859.21,3551.37,2.32,149.65,159.40,652.24,2.88,982.99,61.65,546.02
2026-02-22T06:20:00Z,63.74,1985.37,170.54,1195.26,56.93,1904.31,173.31,861.10,70.69,1926.37,174.31,1113.86,55.06,1825.47,175.75,899.93,330.05,82.54,100.75,295.05,1873.20,3547.18,2.18,148.84,158.04,641.62,2.77,989.12,61.07,525.59
2026-02-22T06:30:00Z,63.51,1985.37,170.78,1202.40,57.15,1899.56,173.56,873.39,70.42,1929.20,173.17,1104.28,54.93,1828.25,175.60,913.28,334.48,81.76,100.74,297.37,1865.07,3557.10,2.55,151.01,162.14,652.67,2.97,978.95,61.01,551.14
2026-02-22T06:40:00Z,63.62,1989.74,171.21,1195.16,57.18,1901.29,173.83,886.03,70.77,1930.43,173.10,1107.13,55.02,1826.33,175.38,920.35,327.59,82.46,101.07,295.96,1868.51,3555.37,2.41,149.42,160.59,648.90,3.01,984.55,60.61,540.08
2026-02-22T06:50:00Z,63.45,1979.50,170.64,1184.82,57.48,1900.78,173.75,883.88,71.28,1927.54,172.40,1112.70,54.48,1840.26,175.68,917.67,330.19,83.27,100.39,296.56,1871.58,3549.16,2.56,152.74,157.29,647.86,3.12,983.50,60.79,530.42
2026-02-22T07:00:00Z,63.83,1977.11,171.24,1211.18,57.75,1885.88,173.62,889.00,71.84,1906.53,172.74,1117.86,54.28,1841.82,175.21,908.33,330.96,84.67,100.01,299.00,1869.19,3545.87,2.70,148.19,164.43,650.49,3.01,993.48,60.68,527.28
2026-02-22T07:10:00Z,64.15,1987.66,170.77,1217.05,57.70,1885.72,174.14,898.35,72.37,1895.01,172.77,1128.00,54.80,1834.51,175.15,889.25,328.51,82.85,99.48,293.67,1861.12,3566.37,2.37,150.88,157.36,644.21,2.78,972.81,61.92,538.21
2026-02-22T07:20:00Z,63.95,1975.01,170.63,1211.11,57.19,1894.78,173.32,883.84,72.72,1877.55,173.47,1152.97,54.83,1832.38,175.59,900.20,338.89,80.13,99.61,301.81,1870.11,3560.14,2.55,149.95,165.42,661.00,2.95,979.81,63.10,547.86
2026-02-22T07:30:00Z,64.11,1979.99,171.36,1211.77,56.85,1898.93,174.03,888.08,72.45,1884.61,173.92,1145.36,54.35,1821.61,175.49,897.46,333.04,83.54,100.10,299.28,1873.36,3553.15,2.45,149.98,160.35,640.81,3.18,982.63,62.68,539.80
2026-02-22T07:40:00Z,63.93,1969.51,171.42,1220.65,56.77,1901.94,173.91,884.46,72.55,1871.73,174.12,1157.03,54.09,1837.57,175.11,898.66,333.75,85.26,99.97,298.84,1865.71,3549.10,2.57,148.39,164.07,649.00,3.13,985.58,62.06,533.26
2026-02-22T07:50:00Z,63.82,1983.44,171.51,1202.56,56.75,1899.69,173.60,866.24,72.41,1879.72,174.15,1156.51,54.11,1846.19,175.34,887.81,332.76,83.78,100.48,298.23,1861.31,3551.61,2.37,149.50,160.58,645.03,2.86,976.93,61.81,539.01
2026-02-22T08:00:00Z,63.89,1977.48,171.34,1218.62,56.81,1905.43,173.84,857.09,72.28,1879.74,173.51,1169.45,54.04,1850.27,175.52,891.95,336.30,82.82,100.73,305.01,1867.56,3543.15,2.68,149.99,167.49,655.06,3.03,976.21,60.68,549.62
2026-02-22T08:10:00Z,64.10,1968.10,171.00,1226.55,57.06,1898.52,174.42,867.55,72.57,1880.88,173.67,1180.13,54.00,1837.87,175.14,893.27,343.11,84.82,101.05,306.75,1879.77,3554.14,2.53,150.47,166.68,649.94,2.88,989.33,60.23,541.70
2026-02-22T08:20:00Z,64.05,1973.74,171.49,1213.47,56.99,1899.82,173.46,878.06,72.89,1875.71,173.25,1177.71,54.44,1836.41,175.09,890.04,334.50,82.65,100.52,301.57,1866.70,3539.46,2.58,151.94,162.71,652.11,3.20,985.88,61.33,540.75
2026-02-22T08:30:00Z,64.06,1967.77,170.82,1210.08,57.05,1895.03,174.27,871.90,73.00,1877.95,173.36,1185.80,54.54,1843.09,175.44,880.82,334.58,83.34,100.31,305.10,1878.18,3556.75,2.29,151.35,164.26,649.34,2.90,979.34,61.16,547.38
2026-02-22T08:40:00Z,64.19,1968.32,171.45,1217.88,56.59,1912.89,173.70,866.52,72.78,1878.30,173.89,1169.68,54.36,1841.51,174.66,881.09,339.14,83.81,99.38,303.46,1875.86,3545.13,2.48,152.91,163.74,652.67,2.74,986.10,61.44,555.17
2026-02-22T08:50:00Z,64.88,1960.62,172.43,1224.47,57.10,1918.36,173.18,883.67,72.44,1875.68,174.22,1174.31,54.52,1839.61,174.85,883.60,339.20,83.95,100.37,306.67,1873.36,3539.81,2.59,150.18,165.63,658.55,2.64,992.51,62.87,544.30
2026-02-22T09:00:00Z,64.67,1951.69,171.61,1237.74,56.96,1898.55,174.06,882.89,72.77,1880.62,174.21,1170.01,54.51,1842.71,175.46,893.58,335.05,84.88,100.62,302.35,1869.35,3550.52,2.51,151.74,161.97,646.36,2.89,989.68,62.43,540.79
2026-02-22T09:10:00Z,64.77,1955.89,171.98,1244.66,56.92,1907.07,173.62,869.69,72.48,1883.06,173.75,1156.75,55.00,1827.27,174.78,877.52,330.33,83.71,100.38,298.34,1879.56,3558.72,2.26,150.40,159.90,645.07,3.33,994.67,62.55,531.50
2026-02-22T09:20:00Z,64.53,1957.79,171.69,1251.40,56.59,1900.39,173.89,870.56,72.54,1878.49,173.72,1156.23,55.15,1820.52,175.10,891.99,337.87,85.63,99.75,304.93,1867.16,3542.29,2.83,151.36,162.85,653.50,3.16,978.38,61.52,547.13
2026-02-22T09:30:00Z,64.53,1969.29,171.97,1253.53,56.43,1911.32,173.85,861.60,72.42,1881.81,173.67,1144.64,55.41,1819.87,175.76,908.63,339.51,83.47,99.95,306.23,1872.59,3545.76,2.39,151.89,165.96,659.74,2.94,988.56,61.81,553.54
2026-02-22T09:40:00Z,64.92,1964.81,171.54,1257.61,56.23,1922.04,173.76,860.95,72.42,1894.47,173.80,1159.04,55.57,1807.22,175.66,921.90,335.15,82.00,100.05,303.67,1876.15,3564.22,2.52,150.34,160.32,647.70,2.82,988.67,61.09,534.74
2026-02-22T09:50:00Z,64.71,1962.50,172.33,1257.07,55.94,1918.11,173.95,853.42,72.48,1897.07,173.37,1144.52,56.02,1805.42,175.63,927.59,340.45,81.08,99.33,305.48,1871.01,3553.37,2.29,150.55,165.57,659.24,2.88,982.91,59.93,545.98
2026-02-22T10:00:00Z,64.48,1966.56,172.15,1243.40,56.06,1928.45,174.07,860.93,72.51,1896.71,173.64,1153.74,55.69,1812.60,175.73,930.89,337.95,83.03,99.60,304.03,1866.53,3555.55,2.30,149.33,162.04,655.14,3.04,981.18,60.91,554.59
2026-02-22T10:10:00Z,64.97,1960.86,171.58,1252.95,56.10,1918.16,173.43,859.77,72.16,1885.06,173.91,1163.07,55.59,1811.28,175.76,925.57,338.78,86.78,100.29,304.62,1873.54,3548.44,2.27,150.74,161.11,651.78,3.20,986.87,62.15,545.38
2026-02-22T10:20:00Z,64.65,1955.18,171.44,1246.54,56.45,1912.21,173.78,877.48,71.93,1896.38,173.03,1153.00,55.79,1809.59,176.39,940.24,337.76,86.15,100.10,300.47,1864.98,3549.44,2.34,150.29,164.86,647.37,3.52,977.71,61.05,543.31
2026-02-22T10:30:00Z,64.76,1954.28,171.89,1245.51,56.60,1895.31,173.59,885.38,71.59,1892.54,172.95,1144.43,55.85,1810.23,175.98,939.52,341.46,85.55,99.70,306.08,1874.32,3554.44,2.37,151.26,165.97,656.99,3.08,986.28,60.86,546.96
2026-02-22T10:40:00Z,65.13,1942.36,171.48,1269.63,57.03,1897.90,174.37,880.54,71.84,1898.87,173.68,1145.27,55.73,1818.18,176.42,941.80,334.20,86.15,99.83,301.37,1866.70,3556.10,2.36,152.37,163.03,650.03,3.01,982.65,60.17,534.43
2026-02-22T10:50:00Z,65.52,1934.77,172.12,1276.74,56.98,1900.84,173.60,856.40,71.92,1901.72,173.99,1146.20,56.07,1796.01,176.68,950.50,334.90,85.35,100.56,303.30,1868.25,3550.90,2.63,151.88,163.59,656.09,2.88,982.00,60.51,544.56
2026-02-22T11:00:00Z,65.75,1936.73,172.20,1271.63,57.09,1890.64,174.10,873.43,71.87,1894.15,173.82,1154.10,55.97,1806.84,176.65,944.58,338.89,85.94,101.87,303.54,1872.92,3536.36,2.33,150.83,162.97,649.15,3.24,984.70,61.98,537.76
2026-02-22T11:10:00Z,65.46,1945.02,172.16,1277.05,56.75,1905.13,173.34,863.43,71.85,1896.55,174.11,1151.63,56.13,1802.61,176.57,956.31,338.43,87.01,101.02,305.68,1870.14,3542.95,2.45,151.68,165.19,651.23,3.03,981.14,62.56,541.01
2026-02-22T11:20:00Z,65.28,1944.16,172.29,1263.32,56.23,1919.91,172.73,844.50,71.75,1898.72,173.82,1144.48,55.80,1798.99,175.99,956.10,334.52,84.94,100.49,300.18,1860.39,3547.70,2.36,150.66,163.48,655.87,2.80,983.51,62.14,541.73
2026-02-22T11:30:00Z,65.31,1951.64,172.46,1249.75,56.48,1916.73,172.48,842.04,71.79,1910.10,173.92,1133.19,55.94,1802.98,175.58,952.27,334.31,85.02,100.83,301.65,1876.52,3555.07,2.28,149.66,163.27,650.39,2.78,987.79,61.11,536.55
2026-02-22T11:40:00Z,65.36,1946.62,171.88,1255.28,56.63,1908.03,172.26,856.46,71.85,1909.09,173.74,1135.09,55.63,1806.80,175.98,940.28,334.16,85.85,100.14,305.78,1862.23,3551.82,2.62,150.56,162.88,654.57,3.51,980.09,61.14,545.64
2026-02-22T11:50:00Z,65.37,1948.28,172.19,1257.69,56.61,1905.61,171.94,843.16,72.25,1898.23,173.63,1139.22,55.72,1795.89,175.63,941.07,331.72,85.24,100.63,297.60,1862.43,3558.98,2.52,150.59,160.21,648.64,3.49,982.13,61.19,531.75
2026-02-22T12:00:00Z,65.27,1941.05,172.13,1251.75,56.44,1915.33,173.07,856.48,72.51,1884.81,173.48,1157.18,55.63,1804.32,175.33,943.62,337.35,84.89,99.83,302.49,1872.74,3555.16,2.37,152.00,163.65,655.88,2.82,987.23,60.87,541.90
2026-02-22T12:10:00Z,65.29,1934.96,172.68,1267.00,56.16,1932.95,172.23,847.98,72.81,1886.30,173.86,1155.01,56.00,1797.98,175.46,933.85,338.57,84.59,99.92,305.71,1875.12,3559.44,2.36,149.10,163.82,652.67,3.02,981.05,60.51,541.27
2026-02-22T12:20:00Z,65.53,1931.00,172.84,1273.63,56.34,1928.89,173.11,852.62,72.50,1889.61,173.78,1168.74,56.32,1786.37,175.52,969.77,344.57,84.07,99.72,306.59,1866.01,3564.47,2.47,150.92,168.79,657.75,2.91,977.99,62.23,551.93
2026-02-22T12:30:00Z,65.75,1934.98,171.65,1273.09,56.27,1922.18,172.56,856.84,72.77,1892.85,173.46,1171.85,56.18,1787.21,175.26,958.54,339.30,85.15,100.52,305.45,1857.85,3565.73,2.46,151.33,162.35,648.39,2.96,976.87,62.40,539.08
2026-02-22T12:40:00Z,65.61,1930.21,171.86,1290.92,56.53,1911.07,172.50,859.45,72.33,1888.74,174.07,1175.40,56.16,1797.48,175.96,971.38,340.53,84.48,100.40,307.01,1872.49,3551.48,2.41,151.48,163.77,653.86,2.91,988.17,62.94,545.28
2026-02-22T12:50:00Z,65.80,1926.39,172.58,1294.03,56.37,1909.00,171.92,848.05,72.26,1884.37,173.58,1174.73,55.98,1790.02,175.67,970.07,339.79,85.92,100.65,297.68,1868.66,3562.25,2.42,150.45,166.50,658.27,3.08,984.38,61.85,551.31
2026-02-22T13:00:00Z,65.64,1933.17,171.81,1287.57,56.58,1906.04,172.43,852.67,72.18,1886.58,173.78,1164.54,55.84,1803.07,176.51,963.71,344.69,84.58,101.17,312.36,1879.64,3566.88,2.15,151.01,165.58,652.36,2.91,983.57,60.39,554.65
2026-02-22T13:10:00Z,65.53,1937.61,172.12,1279.16,57.07,1899.92,172.99,882.01,72.71,1875.96,173.83,1171.72,56.26,1797.32,176.53,963.97,341.91,85.95,100.16,311.97,1876.60,3542.95,2.48,149.55,164.28,652.81,3.13,995.76,60.88,540.89
2026-02-22T13:20:00Z,65.34,1945.85,172.26,1264.18,56.84,1902.25,173.36,876.39,72.88,1873.03,174.38,1175.27,55.58,1799.13,176.43,951.72,344.02,86.40,100.78,310.80,1871.55,3555.21,2.50,149.11,167.22,652.82,2.88,988.92,61.81,542.55
2026-02-22T13:30:00Z,64.97,1948.28,172.14,1255.71,56.83,1895.47,173.43,879.74,72.71,1883.00,173.96,1180.28,55.32,1809.55,176.07,952.74,340.92,87.41,98.86,304.40,1873.67,3549.58,2.36,151.69,164.60,649.07,2.93,991.07,60.70,542.72
2026-02-22T13:40:00Z,64.45,1956.34,172.58,1260.51,57.13,1887.49,174.24,900.34,72.50,1883.74,173.87,1195.18,55.75,1799.69,176.87,951.16,340.50,87.22,99.70,306.65,1875.94,3549.30,2.50,152.32,165.00,656.05,2.89,983.56,61.98,546.73
2026-02-22T13:50:00Z,65.07,1944.06,172.40,1279.30,57.13,1897.70,173.16,882.08,72.53,1898.20,174.04,1168.35,55.56,1805.26,177.18,949.87,342.57,87.42,,306.62,1880.43,3547.60,2.62,150.93,168.73,664.34,2.67,996.25,62.03,
2026-02-22T14:00:00Z,65.10,1948.77,173.08,1272.68,57.44,1891.51,173.78,886.49,72.76,1883.09,174.97,1163.69,55.43,1800.91,176.73,934.27,341.00,85.29,100.75,308.61,1877.38,3537.33,2.34,151.33,164.85,655.99,3.16,987.45,61.08,540.92
2026-02-22T14:10:00Z,65.09,1957.51,172.71,1275.95,57.09,1895.79,173.69,874.67,72.88,1882.56,174.06,1170.17,55.17,1806.43,176.14,928.74,341.33,84.16,101.22,306.69,1871.01,3546.23,2.50,151.64,170.66,659.60,3.31,981.55,60.98,545.72
2026-02-22T14:20:00Z,65.23,1942.63,172.31,1282.17,56.75,1897.10,172.87,863.08,72.86,1883.47,174.20,1185.56,55.10,1816.45,176.10,932.03,343.75,84.60,101.06,309.20,1878.93,3543.08,2.38,152.45,167.16,659.70,2.79,996.58,61.34,542.35
2026-02-22T14:30:00Z,65.35,1940.48,171.98,1278.38,56.67,1904.23,172.50,879.04,72.90,1871.96,174.31,1173.05,54.96,1835.63,175.91,917.99,342.77,87.23,100.20,305.15,1868.88,3549.09,2.50,149.24,166.24,652.47,3.20,986.85,60.88,537.27
2026-02-22T14:40:00Z,65.44,1931.97,172.48,1280.46,56.56,1904.92,172.89,864.70,73.04,1868.09,173.66,1178.02,55.31,1817.90,176.24,919.84,342.96,86.95,99.52,307.78,1876.30,3540.99,2.53,149.48,166.43,653.41,2.86,984.05,60.51,538.86
2026-02-22T14:50:00Z,65.93,1925.82,172.64,1280.91,56.59,1915.75,173.10,865.42,72.95,1867.93,174.13,1196.88,55.06,1815.64,176.60,919.68,345.93,86.15,99.49,312.93,1890.15,3565.19,2.46,152.12,167.08,661.17,2.90,996.06,60.00,558.47
2026-02-22T15:00:00Z,65.76,1930.96,172.71,1281.34,56.69,1905.32,173.15,851.38,72.69,1875.70,173.96,1193.61,55.18,1823.89,176.12,922.00,342.45,88.34,100.03,312.23,1876.20,3534.48,2.35,148.27,165.02,658.72,3.06,989.68,61.34,555.16
2026-02-22T15:10:00Z,65.50,1924.55,172.72,1290.41,56.75,1914.87,173.52,857.21,72.60,1885.32,174.43,1192.28,55.01,1814.70,175.69,913.83,337.36,87.54,100.69,298.37,1869.29,3543.39,2.57,150.06,161.99,653.17,2.60,985.64,61.95,547.31
2026-02-22T15:20:00Z,65.46,1935.99,172.94,1279.76,56.98,1888.55,174.04,868.80,71.86,1900.16,174.20,1158.39,55.32,1823.73,175.72,908.59,342.45,87.56,101.10,308.32,1869.47,3531.85,2.55,151.01,164.61,659.92,2.93,980.65,61.50,544.89
2026-02-22T15:30:00Z,65.35,1941.51,172.32,1272.64,56.95,1896.18,173.89,882.39,72.48,1895.72,174.36,1151.65,55.33,1822.56,176.39,908.71,342.31,87.31,100.45,309.02,1880.51,3556.39,2.48,149.73,166.18,651.90,2.77,987.71,62.29,540.08
2026-02-22T15:40:00Z,65.27,1948.49,172.50,1286.61,56.82,1899.96,174.06,885.74,72.73,1883.54,173.92,1164.68,55.50,1814.86,175.40,924.60,343.18,86.42,99.53,309.76,1878.02,3544.36,2.34,149.93,167.93,658.04,3.24,990.55,61.02,548.85
2026-02-22T15:50:00Z,65.59,1933.52,172.45,1292.20,57.07,1901.95,174.39,877.55,72.65,1890.67,173.94,1161.61,55.81,1806.84,174.81,932.68,341.97,87.04,100.11,309.08,1878.01,3540.82,2.53,151.57,166.31,656.18,3.30,987.13,61.79,553.31
2026-02-22T16:00:00Z,65.38,1933.40,172.46,1272.91,56.88,1902.38,173.80,872.86,72.48,1897.05,174.26,1158.66,55.90,1799.71,175.62,936.23,345.30,84.45,99.47,310.41,1879.59,3559.46,2.25,150.62,168.62,657.76,3.12,987.16,62.51,550.48
2026-02-22T16:10:00Z,65.66,1935.43,173.06,1281.27,56.72,1901.30,173.45,869.26,72.30,1894.16,174.30,1159.67,56.13,1800.37,176.47,938.63,343.55,86.49,100.29,310.40,1883.56,3547.19,2.40,149.74,169.62,655.08,3.25,991.01,61.92,551.70
2026-02-22T16:20:00Z,65.57,1927.58,172.40,1283.54,56.34,1908.15,173.92,868.35,72.08,1879.71,173.74,1157.17,55.79,1804.34,175.78,935.51,339.90,86.24,100.23,307.52,1876.06,3546.94,2.63,151.76,165.28,651.92,3.04,988.74,62.71,541.32
2026-02-22T16:30:00Z,65.68,1937.04,172.70,1266.40,56.72,1916.15,172.69,863.53,72.46,1881.33,173.68,1169.81,55.64,1797.88,175.70,930.02,338.37,85.16,100.26,303.55,1867.28,3547.22,2.41,149.06,164.47,650.20,3.23,978.22,60.69,548.86
2026-02-22T16:40:00Z,65.87,1933.33,172.57,1268.17,56.86,1898.13,173.75,861.35,72.42,1894.26,173.15,1148.86,55.79,1796.74,175.80,942.17,343.15,85.19,100.75,304.82,1879.35,3548.24,2.67,151.30,166.69,654.57,2.95,993.08,61.37,535.15
2026-02-22T16:50:00Z,65.73,1940.06,171.77,1268.73,57.14,1899.50,173.68,882.32,72.32,1892.35,173.40,1160.56,56.03,1794.06,176.14,940.40,346.18,87.00,99.78,312.17,1875.77,3546.33,2.51,150.77,168.25,660.35,3.15,987.01,60.48,547.39
2026-02-22T17:00:00Z,65.55,1929.34,172.54,1272.21,57.10,1900.80,174.08,884.35,72.98,1886.38,173.44,1154.35,56.30,1799.43,176.08,953.23,345.57,84.40,99.80,312.06,1879.46,3539.37,2.40,150.18,166.43,660.10,3.05,986.79,62.17,554.67
2026-02-22T17:10:00Z,65.61,1939.15,173.21,1271.78,56.79,1901.39,174.98,873.65,72.86,1880.45,173.44,1162.31,55.75,1793.08,175.91,951.01,344.32,86.14,100.05,310.99,1877.57,3569.62,2.85,152.07,167.79,650.04,2.86,985.64,62.01,546.72
2026-02-22T17:20:00Z,65.61,1934.09,172.94,1277.75,56.47,1913.40,174.27,864.32,73.13,1872.65,173.98,1184.55,55.86,1790.59,175.82,961.99,343.68,87.56,100.58,305.35,1882.40,3550.19,2.68,150.92,171.87,658.32,3.30,995.42,61.92,545.73
2026-02-22T17:30:00Z,65.76,1938.65,172.59,1276.32,56.35,1917.92,173.92,869.99,73.34,1865.14,173.99,1199.24,55.78,1799.23,176.05,955.17,338.26,86.23,100.31,305.51,1874.77,3561.79,2.56,151.28,162.27,646.02,3.28,982.80,62.49,541.38
2026-02-22T17:40:00Z,65.88,1938.86,172.39,1285.00,56.25,1920.12,173.54,871.32,73.07,1865.53,174.24,1185.06,56.05,1808.70,176.55,944.39,344.61,86.14,99.29,309.27,1871.08,3531.67,2.60,150.49,167.68,655.57,2.86,973.82,61.81,550.93
2026-02-22T17:50:00Z,65.42,1945.69,171.93,1271.22,56.54,1913.05,173.66,859.89,72.64,1879.67,173.79,1166.66,55.32,1808.06,176.06,932.13,343.20,85.78,99.47,306.33,1875.83,3549.17,2.58,151.74,164.61,656.58,3.11,992.31,60.86,552.44
2026-02-22T18:00:00Z,65.23,1954.86,171.77,1260.36,56.59,1901.17,173.13,872.97,72.30,1891.46,173.89,1168.08,55.11,1825.03,175.78,932.19,333.89,85.83,99.90,300.55,1865.87,3550.18,2.42,149.69,162.83,657.65,2.98,979.12,61.54,547.47
2026-02-22T18:10:00Z,65.06,1954.07,171.76,1261.04,56.66,1902.15,173.59,864.99,72.28,1898.71,173.58,1163.69,55.06,1827.44,175.80,917.83,332.51,85.14,100.15,298.76,1863.30,3540.62,2.36,149.95,160.84,647.66,3.30,978.20,61.64,527.21
2026-02-22T18:20:00Z,65.14,1946.36,172.18,1253.86,56.46,1915.94,172.97,852.65,72.24,1895.93,173.64,1160.84,54.99,1828.79,175.94,911.33,334.50,85.73,100.65,299.22,1865.57,3557.52,2.61,151.55,164.68,643.63,3.30,978.56,60.60,532.02
2026-02-22T18:30:00Z,65.17,1939.83,171.84,1260.24,56.52,1913.03,173.16,833.80,72.30,1899.04,174.15,1160.13,55.30,1811.51,176.20,908.25,339.67,84.73,100.71,305.58,1863.68,3541.59,2.70,150.85,163.01,651.07,3.18,984.11,61.83,545.65
2026-02-22T18:40:00Z,65.36,1937.75,172.02,1272.35,56.56,1911.60,173.24,849.20,72.40,1901.33,174.32,1161.03,54.78,1822.07,175.67,907.01,337.28,84.32,100.47,307.29,1870.40,3553.58,2.81,150.77,165.18,653.48,3.32,976.19,62.08,528.14
2026-02-22T18:50:00Z,65.03,1941.95,172.74,1269.27,56.56,1920.13,172.53,839.79,72.44,1892.59,174.69,1156.45,54.95,1829.67,175.79,914.57,343.24,84.34,100.70,308.42,1868.09,3557.31,2.66,150.11,162.57,654.31,3.25,989.83,61.45,551.16
2026-02-22T19:00:00Z,64.85,1947.88,172.24,1270.13,56.58,1915.60,172.99,851.25,72.41,1880.33,174.56,1160.23,54.75,1829.67,175.55,920.87,337.80,82.68,100.90,302.92,1873.94,3553.60,2.59,149.10,164.25,660.22,2.89,980.43,60.36,537.97
2026-02-22T19:10:00Z,65.09,1939.25,172.17,1251.90,57.09,1914.08,173.97,861.17,72.58,1889.80,174.15,1162.62,54.01,1841.41,175.40,908.01,334.95,81.33,101.18,305.23,1863.15,3548.56,2.83,149.85,162.21,653.65,3.23,983.37,60.70,534.00
2026-02-22T19:20:00Z,64.79,1949.97,172.50,1251.95,57.11,1897.68,173.78,869.75,72.43,1896.20,173.79,1162.75,54.02,1848.83,174.85,880.80,332.03,84.68,100.09,299.03,1868.58,3552.26,2.35,151.37,162.03,652.55,2.92,991.21,60.95,544.86
2026-02-22T19:30:00Z,64.60,1948.33,172.67,1244.71,57.30,1889.45,173.78,878.74,72.42,1896.74,173.85,1153.47,54.17,1842.54,174.50,876.91,333.27,84.24,100.48,299.66,1866.33,3555.55,2.50,150.66,160.21,654.36,3.14,982.08,61.53,547.33
2026-02-22T19:40:00Z,64.03,1968.39,173.04,1245.12,57.28,1887.16,173.44,862.77,72.10,1895.03,173.69,1151.67,54.08,1840.21,174.18,869.98,336.65,83.72,100.07,306.92,1876.14,3566.65,2.75,152.33,163.66,653.87,3.28,987.82,59.65,543.21
2026-02-22T19:50:00Z,64.08,1973.47,173.27,1239.53,57.67,1880.56,173.87,879.76,72.18,1896.23,173.91,1145.77,54.21,1836.94,173.96,875.84,338.76,86.18,100.33,301.54,1865.14,3561.68,2.56,151.38,163.17,652.07,2.68,979.31,60.84,543.00
2026-02-22T20:00:00Z,63.99,1965.01,171.62,1237.17,57.64,1871.42,173.40,885.43,72.13,1907.48,174.25,1134.07,54.45,1824.55,174.34,885.36,336.64,84.33,100.60,302.01,1863.74,3546.17,2.35,148.97,162.98,652.60,2.72,978.63,60.56,540.78
2026-02-22T20:10:00Z,64.20,1977.35,171.95,1243.13,57.69,1884.59,173.58,896.02,71.78,1913.08,173.69,1125.21,54.05,1843.56,174.92,889.34,333.35,85.11,100.75,301.39,1871.03,3550.82,2.64,151.21,160.35,639.57,2.95,998.58,59.55,536.48
2026-02-22T20:20:00Z,64.51,1957.29,172.35,1250.90,58.02,1877.74,174.23,918.66,71.58,1914.10,174.02,1131.50,54.32,1839.61,175.08,882.12,338.28,86.19,100.84,302.74,1869.97,3553.52,2.53,151.13,161.35,657.78,3.10,991.75,60.98,544.72
2026-02-22T20:30:00Z,64.75,1956.82,171.51,1249.38,58.08,1863.14,174.14,927.76,71.15,1915.78,173.19,1120.04,54.07,1852.59,174.79,875.86,337.74,83.93,100.62,305.37,1872.10,3538.45,2.41,148.12,167.56,660.42,2.73,993.27,61.33,539.16
2026-02-22T20:40:00Z,64.58,1948.79,171.90,1244.59,58.24,1870.25,174.04,918.05,71.72,1915.01,173.19,1131.20,54.05,1862.67,174.57,874.41,339.07,83.99,101.05,301.43,1856.48,3558.96,2.57,150.35,163.11,652.74,2.94,978.28,62.41,548.24
2026-02-22T20:50:00Z,64.78,1947.49,171.01,1238.58,57.97,1864.31,174.00,909.50,71.29,1906.83,173.13,1137.20,53.69,1862.90,174.71,866.56,336.22,83.06,100.16,305.05,1864.04,3551.77,2.61,151.48,162.86,645.73,2.83,981.64,61.63,531.24
2026-02-22T21:00:00Z,64.73,1961.93,171.32,1245.84,58.31,1867.60,174.27,925.04,71.24,1917.01,172.95,1126.00,54.19,1846.78,174.46,878.03,334.93,83.59,99.10,302.78,1865.45,3548.52,2.34,150.46,162.38,651.21,3.12,978.17,60.77,545.54
2026-02-22T21:10:00Z,65.05,1945.13,171.17,1253.10,57.75,1879.69,174.09,913.67,71.60,1932.43,173.19,1109.92,54.08,1850.19,175.04,875.18,338.99,83.79,99.42,304.39,1869.37,3547.70,2.52,150.67,166.89,657.95,3.06,979.57,61.74,548.18
2026-02-22T21:20:00Z,64.93,1939.07,171.00,1254.19,58.01,1881.51,174.23,917.91,71.44,1926.81,172.63,1117.12,53.95,1843.06,175.01,870.29,337.07,84.46,100.15,303.91,1869.34,3558.46,2.60,151.02,166.13,656.30,2.86,994.31,61.26,545.75
2026-02-22T21:30:00Z,64.84,1954.65,171.55,1251.88,57.87,1881.95,173.90,905.77,71.36,1922.86,172.84,1113.03,53.77,1846.58,174.92,874.59,334.30,86.14,100.15,302.16,1878.03,3566.47,2.51,152.47,160.16,640.55,2.87,986.73,61.83,532.86
2026-02-22T21:40:00Z,64.98,1956.09,172.16,1261.59,58.20,1876.89,173.46,912.52,71.55,1910.07,172.92,1116.35,53.64,1860.24,174.57,860.33,331.21,85.40,100.11,297.11,1862.58,3543.61,2.59,150.35,159.31,646.09,3.34,985.40,59.90,527.11
2026-02-22T21:50:00Z,65.16,1957.45,172.20,1255.49,57.72,1882.73,174.65,904.24,70.78,1924.74,172.72,1120.82,53.57,1861.90,175.05,864.83,332.05,84.38,100.12,295.42,1869.09,3551.27,2.67,149.10,163.65,652.93,3.03,989.66,60.04,547.02
2026-02-22T22:00:00Z,65.09,1958.51,172.41,1247.45,57.62,1891.75,174.84,894.39,70.26,1933.24,172.13,1086.79,53.43,1858.78,174.50,868.25,332.99,83.20,99.98,298.13,1870.98,3559.89,2.64,151.94,161.33,645.37,3.18,988.72,61.08,539.06
2026-02-22T22:10:00Z,65.22,1947.49,172.73,1251.97,57.78,1885.50,174.31,891.25,70.31,1930.27,172.02,1091.26,53.05,1853.86,174.89,862.69,328.12,82.98,99.92,295.03,1859.46,3558.23,2.53,151.55,159.29,643.30,3.14,988.30,61.41,537.38
2026-02-22T22:20:00Z,65.21,1933.83,172.87,1268.99,57.78,1881.42,174.12,885.43,70.42,1927.04,172.73,1090.66,53.32,1861.08,174.72,856.42,326.83,82.64,100.08,295.11,1852.77,3552.25,2.55,151.35,157.69,644.15,3.09,970.27,61.96,540.31
2026-02-22T22:30:00Z,65.29,1943.78,172.51,1254.07,57.50,1891.98,174.05,893.53,70.39,1928.68,172.83,1080.52,53.30,1867.32,174.47,859.74,325.99,83.17,100.73,294.02,1873.28,3559.93,2.50,150.39,159.92,639.59,3.08,987.89,61.28,524.41
2026-02-22T22:40:00Z,65.41,1941.16,172.15,1269.90,57.81,1895.75,174.46,897.20,70.91,1918.35,172.99,1103.83,53.60,1872.19,174.59,854.68,332.03,84.26,100.86,299.96,1867.13,3545.99,2.33,150.52,158.30,653.45,3.01,977.65,61.44,539.20
2026-02-22T22:50:00Z,65.37,1952.01,172.53,1262.91,57.85,1881.19,174.85,910.21,70.72,1928.06,173.05,1117.58,53.44,1866.87,174.41,842.67,335.70,82.72,100.33,305.51,1870.77,3553.96,2.44,149.88,163.27,654.60,2.84,988.25,60.76,541.88
2026-02-22T23:00:00Z,64.99,1950.17,172.68,1250.82,57.93,1879.93,174.17,912.08,70.72,1937.01,173.06,1098.00,53.37,1867.21,174.27,843.78,329.89,83.75,100.51,295.33,1857.61,3561.04,2.53,150.14,162.14,644.82,3.16,978.22,59.93,552.40
2026-02-22T23:10:00Z,65.53,1926.88,172.37,1266.06,57.88,1869.19,173.47,900.59,70.81,1936.81,172.19,1082.63,53.33,1871.32,174.19,852.66,331.86,83.22,100.01,298.60,1862.15,3537.41,2.58,150.16,162.59,646.79,3.11,980.85,60.21,534.82
2026-02-22T23:20:00Z,65.82,1934.04,171.99,1273.47,57.69,1873.09,173.38,904.02,70.72,1939.92,172.31,1080.61,52.99,1867.11,173.70,847.85,334.56,82.08,100.01,299.45,1872.20,3564.03,2.46,148.61,164.05,657.82,2.88,990.42,58.99,540.84
2026-02-22T23:30:00Z,66.20,1929.70,172.41,1284.12,58.10,1863.09,172.78,919.64,70.48,1938.34,172.15,1096.74,53.10,1852.86,174.96,856.26,329.83,81.24,99.90,300.81,1862.50,3542.65,2.63,152.13,158.44,641.23,2.75,982.43,59.51,525.24
2026-02-22T23:40:00Z,66.14,1927.02,173.01,1288.86,57.70,1879.10,173.34,919.24,70.77,1938.85,172.32,1096.84,53.14,1859.09,174.84,857.52,337.27,82.72,99.74,303.36,1878.68,3560.63,2.53,151.62,162.48,653.98,2.74,986.40,60.36,547.09
2026-02-22T23:50:00Z,66.13,1938.89,172.88,1281.37,57.57,1883.56,173.92,906.47,70.79,1931.27,172.48,1098.64,53.18,1855.90,175.00,851.12,339.71,82.51,99.42,307.76,1870.28,3532.33,2.58,148.77,163.17,657.90,3.30,986.24,62.17,532.22
2026-02-23T00:00:00Z,66.26,1927.04,172.66,1275.98,57.75,1886.55,173.48,901.21,70.94,1927.18,172.52,1103.92,53.05,1859.32,173.95,853.44,334.42,82.44,99.01,299.25,1869.38,3541.43,2.61,150.11,161.65,645.10,2.90,986.69,61.11,534.04
2026-02-23T00:10:00Z,66.20,1913.17,172.89,1279.96,57.75,1882.67,173.22,893.65,70.93,1929.26,172.45,1112.46,52.95,1876.28,173.52,841.41,336.24,85.00,99.05,302.74,1865.01,3538.09,2.66,150.17,163.35,645.18,2.60,980.70,62.32,535.74
2026-02-23T00:20:00Z,66.60,1916.49,172.80,1311.60,57.83,1874.92,173.33,904.75,70.94,1923.75,172.62,1110.69,52.90,1882.63,173.79,827.86,334.09,85.39,99.30,299.87,1874.54,3549.82,2.86,150.53,160.84,652.32,3.25,986.18,60.35,541.24
2026-02-23T00:30:00Z,66.57,1923.26,173.31,1317.89,57.66,1875.77,173.38,904.18,71.07,1918.68,172.69,1115.92,53.31,1884.55,174.55,836.80,332.27,83.94,98.93,302.07,1873.77,3531.99,2.72,150.46,160.79,649.67,2.61,986.10,60.99,537.81
2026-02-23T00:40:00Z,66.45,1923.50,173.64,1319.34,57.63,1875.59,173.62,907.66,71.08,1923.65,173.09,1106.35,52.94,1885.45,174.21,815.29,330.22,83.08,99.17,297.12,1861.68,3553.16,2.57,149.70,162.65,655.49,2.82,977.02,59.63,542.44
2026-02-23T00:50:00Z,66.32,1914.98,173.08,1299.37,57.95,1871.56,174.02,905.27,71.33,1909.96,173.85,1101.24,52.92,1873.18,173.79,828.52,327.82,84.39,99.38,295.13,1868.23,3544.21,2.44,150.77,156.62,642.61,2.82,991.73,60.06,535.82
2026-02-23T01:00:00Z,66.46,1914.40,172.18,1301.99,57.77,1878.41,174.01,900.21,71.32,1908.59,173.05,1117.51,53.04,1872.54,174.37,847.50,337.39,82.44,99.82,304.40,1868.10,3564.20,2.48,151.12,162.54,647.11,2.96,983.36,61.15,543.55
2026-02-23T01:10:00Z,66.45,1907.41,172.68,1301.62,57.76,1878.96,173.46,896.33,71.49,1910.05,173.37,1122.43,53.19,1878.38,174.22,835.50,337.91,83.27,100.07,299.88,1864.57,3551.57,2.29,151.32,161.76,645.99,3.15,989.37,62.00,523.15
2026-02-23T01:20:00Z,66.40,1913.32,172.58,1313.03,58.16,1865.58,173.51,911.30,71.33,1914.61,173.75,1126.26,52.93,1881.80,173.87,840.48,338.77,85.51,99.96,302.11,1863.32,3555.25,2.44,151.60,164.89,655.21,2.63,981.57,63.96,547.18
2026-02-23T01:30:00Z,66.14,1920.82,172.43,1295.72,58.61,1862.99,174.04,925.53,71.27,1913.94,173.50,1123.15,53.00,1870.80,173.88,845.27,338.20,85.47,99.71,301.40,1877.69,3527.81,2.45,152.74,160.53,654.25,2.76,989.69,61.64,535.61
2026-02-23T01:40:00Z,66.49,1922.82,172.68,1293.18,58.81,1864.29,174.62,934.36,71.30,1920.14,172.94,1121.39,53.33,1859.62,174.28,855.30,339.19,85.28,99.76,303.99,1874.66,3561.80,2.64,152.41,164.16,652.46,3.07,994.95,61.72,546.75
2026-02-23T01:50:00Z,65.97,1925.84,173.15,1302.86,58.85,1861.30,174.61,935.91,71.34,1918.71,173.04,1128.26,53.60,1862.15,174.23,858.69,338.30,86.97,99.47,299.64,1865.80,3548.87,2.27,148.95,164.85,647.09,2.89,984.69,61.46,546.24
2026-02-23T02:00:00Z,65.76,1927.65,173.00,1298.05,58.81,1860.71,174.04,924.24,71.50,1924.51,172.84,1133.30,53.70,1863.75,174.32,862.95,341.10,87.41,100.11,307.65,1873.30,3551.31,2.56,153.20,165.54,651.12,2.87,992.35,62.05,540.23
2026-02-23T02:10:00Z,65.80,1922.19,172.50,1285.22,58.87,1852.49,174.84,932.31,71.26,1920.15,173.53,1129.59,53.05,1864.77,174.20,858.28,341.84,85.04,100.65,309.20,1877.33,3549.72,2.40,150.45,164.48,650.67,2.88,991.05,63.21,539.41
2026-02-23T02:20:00Z,65.93,1925.95,172.49,1286.15,58.80,1857.75,175.10,929.77,71.41,1919.90,173.21,1125.85,53.26,1857.24,174.48,865.40,337.82,84.31,101.01,304.33,1869.17,3552.26,2.50,151.97,163.72,655.97,2.89,986.95,62.60,551.83
2026-02-23T02:30:00Z,66.25,1914.76,173.63,1297.34,58.73,1854.66,174.88,930.36,71.39,1918.32,173.27,1119.66,53.21,1870.98,174.86,845.32,333.34,82.01,100.38,300.24,1873.40,3551.45,2.58,151.46,161.76,656.84,2.81,984.03,64.22,550.15
2026-02-23T02:40:00Z,66.07,1920.69,173.11,1274.76,58.50,1851.94,174.83,929.63,71.52,1924.47,173.59,1108.08,53.73,1862.02,174.87,860.23,334.94,82.54,100.27,300.84,1863.90,3551.79,2.69,151.11,161.77,652.10,2.71,985.97,61.55,539.82
2026-02-23T02:50:00Z,66.05,1922.21,173.81,1303.82,58.47,1852.31,175.35,924.48,71.20,1918.80,173.31,1100.38,53.96,1862.76,175.03,859.01,335.35,82.89,100.41,303.03,1871.40,3551.17,2.48,149.42,163.69,656.49,3.12,987.16,61.53,548.59
2026-02-23T03:00:00Z,66.04,1921.48,173.68,1289.47,58.47,1846.61,174.97,935.41,71.01,1933.95,173.20,1096.63,53.86,1858.53,174.79,873.25,337.41,84.06,100.79,302.36,1866.63,3551.67,2.30,149.12,161.91,654.46,3.32,982.91,61.71,539.39
2026-02-23T03:10:00Z,66.30,1923.52,173.36,1287.87,58.74,1856.68,174.62,934.31,71.28,1920.05,172.77,1118.30,53.53,1859.67,174.53,862.39,339.80,84.54,99.76,306.93,1874.51,3556.66,2.56,150.72,166.95,659.03,2.89,990.56,62.62,554.60
2026-02-23T03:20:00Z,66.21,1929.05,172.82,1302.67,59.02,1861.36,174.89,923.28,70.61,1936.80,172.73,1108.87,53.91,1862.18,174.75,860.30,341.95,85.23,99.77,310.72,1887.52,3551.53,2.46,150.72,164.15,651.83,3.01,1000.90,64.35,523.27
2026-02-23T03:30:00Z,66.41,1919.61,172.48,1303.22,59.05,1856.03,174.79,934.23,71.03,1934.25,172.32,1117.27,53.63,1855.19,174.53,855.46,340.85,85.77,100.10,309.38,1878.17,3546.22,2.57,150.94,163.14,642.61,3.23,981.44,62.40,532.32
2026-02-23T03:40:00Z,66.44,1914.94,172.79,1312.88,58.89,1862.51,174.51,929.75,71.46,1932.35,172.33,1115.09,53.62,1858.53,174.27,869.31,341.20,85.15,99.42,307.50,1874.32,3551.31,2.38,150.76,164.30,658.92,3.07,991.69,62.74,548.40
2026-02-23T03:50:00Z,66.60,1920.86,173.10,1300.82,58.74,1853.55,174.35,934.43,71.82,1923.61,172.53,1105.12,53.24,1858.71,174.58,851.41,344.24,84.61,99.40,310.28,1875.92,3557.39,2.69,150.45,166.06,648.49,2.90,989.80,60.81,540.05
2026-02-23T04:00:00Z,67.13,1910.04,173.64,1302.32,58.72,1859.73,175.00,947.21,71.73,1921.89,173.00,1126.10,53.50,1871.27,174.72,858.07,340.40,83.86,100.05,305.83,1874.08,3534.79,2.38,151.04,163.06,650.95,3.19,984.74,61.91,533.07
2026-02-23T04:10:00Z,66.55,1911.95,172.71,1317.78,58.43,1856.05,174.91,955.90,71.69,1920.21,172.87,1128.24,53.78,1864.87,174.78,855.05,337.17,83.60,100.67,305.07,1868.05,3548.82,2.58,150.14,164.84,664.50,2.79,972.19,61.13,543.93
2026-02-23T04:20:00Z,66.49,1915.78,173.08,1319.24,58.51,1862.24,174.53,928.92,71.37,1919.61,,1118.63,53.84,1855.23,174.53,852.42,339.59,84.39,101.00,306.40,1872.40,3566.39,2.57,152.54,164.22,659.31,2.65,984.90,60.73,541.11
2026-02-23T04:30:00Z,66.05,1910.56,172.98,1308.32,58.29,1862.30,174.29,934.91,71.51,1918.52,173.38,1115.39,53.85,1863.03,174.61,856.20,335.32,87.44,100.27,300.06,1869.11,3551.51,2.34,148.85,165.14,648.87,3.05,985.73,60.82,543.26
2026-02-23T04:40:00Z,66.12,1918.54,173.20,1297.69,58.46,1874.35,174.46,922.77,71.56,1910.65,173.23,1127.84,53.85,1850.18,174.41,870.62,338.82,85.12,101.19,305.95,1867.49,3542.51,2.64,152.22,164.61,656.26,3.34,987.34,61.36,549.34
2026-02-23T04:50:00Z,66.24,1924.21,173.86,1310.89,58.38,1860.72,174.57,945.61,71.87,1903.55,173.08,1127.25,53.98,1852.23,174.01,885.30,337.00,86.83,101.45,301.16,1873.99,3543.57,2.53,152.80,162.58,646.10,2.92,988.17,60.13,543.50
2026-02-23T05:00:00Z,66.21,1928.29,173.95,1307.57,58.16,1875.56,175.24,928.27,71.88,1895.40,172.88,1144.65,53.76,1847.59,174.37,879.91,339.84,86.28,100.73,306.44,1878.52,3535.09,2.80,150.81,166.19,651.80,2.93,990.13,61.16,538.34
2026-02-23T05:10:00Z,66.28,1919.06,174.09,1326.70,58.23,1879.01,175.22,913.84,72.06,1906.97,174.07,1142.06,53.45,1857.99,175.67,874.21,344.51,85.88,100.86,307.55,1866.78,3549.06,2.54,152.64,170.01,658.01,2.88,984.94,61.30,547.43
2026-02-23T05:20:00Z,66.46,1914.59,173.42,1328.14,58.15,1868.55,174.02,916.79,72.13,1907.01,173.76,1157.64,53.52,1862.23,174.55,866.83,343.16,86.70,100.86,309.13,1874.64,3549.78,2.41,150.26,166.67,655.74,2.46,987.20,61.67,530.71
2026-02-23T05:30:00Z,66.87,1920.98,173.08,1325.51,58.74,1861.51,174.16,927.00,71.94,1899.33,173.51,1160.22,53.77,1861.63,175.19,859.12,340.36,86.78,101.01,302.67,1865.88,3541.76,2.55,150.72,168.78,659.42,3.08,979.96,61.82,539.15
2026-02-23T05:40:00Z,66.32,1922.70,172.84,1305.37,58.94,1844.97,174.38,942.11,71.41,1911.09,173.35,1138.97,53.78,1846.67,175.41,869.88,337.18,83.79,100.56,306.74,1879.63,3544.43,2.53,151.59,167.18,660.51,2.98,990.58,61.68,549.61
2026-02-23T05:50:00Z,66.27,1920.21,172.52,1316.03,58.81,1851.95,174.44,951.20,71.63,1909.76,173.15,1136.62,53.67,1845.30,175.56,867.63,338.81,82.06,101.15,302.63,1868.37,3536.73,2.64,150.15,163.13,649.10,3.05,983.43,62.27,530.27
2026-02-23T06:00:00Z,67.01,1911.76,172.68,1321.43,58.20,1866.99,174.20,934.89,71.98,1907.17,173.68,1144.62,54.22,1836.95,175.67,870.97,344.39,83.92,101.07,308.41,1869.82,3546.41,2.96,149.08,169.40,655.19,2.99,987.38,61.72,538.09
2026-02-23T06:10:00Z,66.87,1898.60,173.11,1333.42,58.20,1871.80,174.43,934.21,72.11,1906.73,173.96,1139.20,54.27,1840.93,174.76,881.30,341.28,85.10,101.31,305.02,1867.01,3550.38,2.37,148.95,166.19,659.03,2.77,986.49,60.84,543.53
2026-02-23T06:20:00Z,66.58,1899.31,173.61,1327.48,58.28,1864.33,173.89,923.95,72.57,1886.10,173.23,1137.32,54.15,1856.80,174.47,873.69,340.02,86.24,100.67,301.25,1871.67,3547.20,2.81,149.68,166.89,656.08,2.87,988.05,62.00,538.24
2026-02-23T06:30:00Z,66.62,1904.70,174.14,1321.10,58.42,1860.42,174.92,933.76,72.84,1886.76,173.08,1146.61,53.98,1858.86,174.60,871.90,341.60,88.42,100.77,306.55,1866.53,3556.59,2.35,150.03,162.72,651.14,3.20,991.23,62.24,535.96
2026-02-23T06:40:00Z,66.76,1904.17,174.21,1317.33,58.14,1870.97,174.91,916.16,72.73,1892.34,174.09,1149.14,53.71,1853.58,174.79,876.83,334.80,86.37,100.78,302.26,1871.17,3551.47,2.55,150.40,160.41,647.16,3.01,986.31,60.82,539.28
2026-02-23T06:50:00Z,66.90,1904.79,173.77,1314.80,58.08,1875.52,174.59,919.57,72.92,1889.93,174.43,1169.97,53.34,1869.20,174.95,866.13,342.85,86.51,101.10,308.55,1876.36,3546.42,2.70,149.97,167.28,651.76,3.29,995.01,61.35,539.58
2026-02-23T07:00:00Z,66.80,1913.46,173.80,1322.99,58.35,1877.98,174.70,916.58,72.84,1886.15,173.83,1184.21,53.72,1859.04,174.11,860.25,340.59,86.81,100.87,307.91,1875.63,3564.09,2.71,151.73,165.79,659.37,3.02,995.69,61.82,552.42
2026-02-23T07:10:00Z,66.97,1905.15,173.41,1325.52,58.04,1872.78,174.80,902.55,73.02,1871.37,173.59,1188.89,53.65,1849.50,174.78,869.13,341.46,86.93,99.78,306.22,1879.35,3550.44,2.33,149.84,165.65,658.26,2.79,988.49,59.50,547.46
2026-02-23T07:20:00Z,67.24,1905.15,173.97,1325.98,57.71,1872.04,174.23,899.61,72.60,1880.09,173.49,1189.89,53.82,1860.11,175.36,871.81,338.17,89.15,100.03,301.89,1861.54,3542.83,2.52,151.27,163.60,652.60,2.82,981.92,59.75,543.40
2026-02-23T07:30:00Z,67.27,1899.13,173.61,1323.23,57.77,1878.14,174.08,894.85,72.43,1891.72,173.83,1156.42,54.16,1847.29,175.36,878.46,340.40,88.62,100.21,309.43,1874.68,3546.07,2.39,151.93,165.31,652.25,3.08,986.57,61.37,544.53
2026-02-23T07:40:00Z,66.70,1909.01,173.66,1326.30,58.03,1876.00,173.85,904.89,72.38,1884.17,173.80,1155.09,54.50,1821.14,175.23,895.08,340.78,87.14,101.22,,1880.23,3550.74,2.74,151.23,165.40,652.82,3.21,986.29,62.09,545.92
2026-02-23T07:50:00Z,66.36,1916.38,174.39,1331.91,58.15,1871.53,174.88,920.01,71.90,1896.78,172.64,1150.40,54.07,1825.97,175.54,895.76,338.67,85.95,101.26,302.58,1865.77,3563.28,2.59,151.15,164.14,650.91,3.07,985.84,62.89,534.76
2026-02-23T08:00:00Z,66.27,1919.23,173.48,1314.14,58.31,1866.00,174.03,913.76,72.22,1898.67,173.41,1161.97,54.06,1840.07,174.98,884.50,337.46,86.70,102.14,308.21,1881.25,3555.83,2.61,151.24,164.90,651.28,2.81,995.34,61.71,547.75
2026-02-23T08:10:00Z,66.10,1921.14,173.27,1301.41,58.36,1867.09,174.59,909.56,72.09,1901.88,173.61,1150.14,53.96,1833.89,174.59,879.95,342.85,86.44,101.06,311.32,1871.92,3536.31,2.51,150.00,166.50,655.92,3.00,985.53,62.05,545.06
2026-02-23T08:20:00Z,65.76,1934.68,172.07,1282.95,58.33,1868.43,174.36,916.51,71.98,1900.15,173.53,1151.37,53.97,1856.06,174.82,884.16,341.64,84.24,101.09,305.10,1870.85,3552.84,2.63,149.71,162.63,658.65,3.08,980.81,62.42,544.03
2026-02-23T08:30:00Z,65.50,1943.84,172.84,1278.20,57.78,1866.87,173.77,906.44,72.23,1898.15,173.45,1161.46,54.38,1845.27,174.92,872.30,342.33,83.54,100.52,307.20,1872.67,3547.71,2.78,149.51,165.82,657.42,3.15,984.99,62.91,549.44
2026-02-23T08:40:00Z,65.40,1944.32,172.18,1266.15,57.72,1878.24,174.25,911.36,72.10,1899.32,172.59,1155.55,54.13,1852.06,175.14,874.59,339.37,85.26,100.97,307.09,1871.38,3555.25,2.59,150.15,164.40,655.10,2.85,984.30,62.31,531.60
2026-02-23T08:50:00Z,65.42,1930.96,172.58,1283.51,58.32,1879.55,174.78,900.95,72.01,1891.47,173.39,1161.72,54.47,1844.15,175.28,886.66,338.28,87.73,100.16,305.02,1872.35,3542.51,2.69,151.43,165.96,651.01,3.13,983.65,61.37,541.18
2026-02-23T09:00:00Z,65.53,1931.71,173.09,1286.17,58.20,1870.87,173.93,905.02,71.97,1896.81,173.26,1152.55,54.28,1856.18,175.61,871.07,336.05,85.62,100.85,305.72,1869.66,3558.16,2.39,151.30,160.38,648.66,2.88,988.50,60.65,531.09
2026-02-23T09:10:00Z,65.23,1941.43,172.96,1274.39,57.83,1874.06,174.61,898.76,71.89,1895.66,174.56,1156.83,54.20,1851.14,175.39,877.35,341.07,87.33,99.59,309.30,1883.71,3553.91,2.43,149.78,166.05,651.40,3.12,993.04,60.88,530.32
2026-02-23T09:20:00Z,64.95,1950.08,173.09,1266.49,57.65,1882.34,174.44,900.11,71.98,1888.44,174.46,1148.24,54.16,1835.75,175.27,881.45,337.08,85.65,100.11,301.08,1863.17,3546.03,2.39,150.49,165.73,656.22,2.96,987.42,60.60,548.21
2026-02-23T09:30:00Z,64.69,1952.44,172.26,1261.51,57.19,1895.67,174.05,894.99,72.18,1889.88,173.59,1157.53,54.14,1844.35,175.18,882.40,339.79,84.17,99.47,309.11,1873.78,3558.99,2.50,153.68,164.49,646.48,3.19,986.44,60.29,539.03
2026-02-23T09:40:00Z,64.28,1951.60,171.57,1243.48,57.27,1894.91,174.16,882.95,72.26,1897.15,173.50,1159.97,54.27,1852.20,174.44,876.36,339.06,85.86,99.37,309.09,1874.65,3546.18,2.52,150.53,163.10,645.58,3.34,989.25,61.78,531.65
2026-02-23T09:50:00Z,63.93,1971.59,171.84,1235.73,57.21,1892.14,173.62,880.02,72.44,1886.06,173.82,1157.09,54.07,1846.98,174.86,877.96,339.13,84.11,100.01,306.74,1874.02,3560.28,2.62,150.92,164.10,656.02,2.79,983.34,61.97,552.77
2026-02-23T10:00:00Z,63.70,1972.49,171.05,1239.41,57.03,1896.32,173.64,878.45,72.36,1897.73,174.91,1156.25,54.34,1831.57,175.72,880.96,346.06,83.70,98.19,311.15,1878.00,3546.91,2.44,152.51,165.75,657.38,3.03,987.26,62.46,551.54
2026-02-23T10:10:00Z,63.83,1976.27,171.03,1222.43,56.64,1914.02,172.98,863.09,72.20,1911.03,174.09,1148.40,54.53,1835.55,175.50,890.54,337.11,83.39,99.70,303.18,1870.03,3557.40,2.23,150.68,162.58,653.98,3.00,984.89,61.86,543.72
2026-02-23T10:20:00Z,63.69,1978.95,171.69,1205.58,56.81,1910.96,173.00,867.86,72.39,1888.95,173.59,1158.90,54.00,1849.39,175.62,885.93,340.37,83.87,98.88,307.72,1876.55,3543.67,2.48,149.78,166.45,656.08,3.11,984.68,60.99,548.02
2026-02-23T10:30:00Z,63.73,1990.33,171.66,1197.49,56.97,1911.86,173.36,863.34,72.08,1893.64,173.75,1141.61,53.84,1852.67,175.60,883.79,336.55,84.31,99.79,304.77,1872.08,3541.54,2.53,150.85,161.10,652.36,2.80,981.18,61.37,546.51
2026-02-23T10:40:00Z,64.04,1977.59,171.42,1211.53,57.06,1908.30,173.40,866.40,71.99,1896.67,173.71,1135.87,53.73,1858.37,174.73,850.56,338.61,83.98,100.57,306.86,1880.76,3544.64,2.64,149.64,161.80,647.61,3.17,989.08,61.92,548.31
2026-02-23T10:50:00Z,64.03,1960.55,171.44,1225.79,57.07,1910.17,173.34,855.18,71.81,1907.67,173.45,1140.81,53.41,1862.61,174.87,849.37,328.97,82.04,100.98,293.59,1854.31,3545.96,2.55,151.55,157.57,646.68,3.10,976.18,61.33,538.50
2026-02-23T11:00:00Z,64.16,1968.59,171.68,1237.19,57.34,1900.66,173.24,880.72,72.09,1908.60,173.24,1136.28,53.44,1867.75,174.69,858.02,327.04,83.98,99.71,292.47,1863.98,3543.78,2.77,150.12,157.52,647.31,2.93,982.80,60.07,541.65
2026-02-23T11:10:00Z,64.18,1980.54,171.80,1219.33,57.11,1901.67,174.02,870.51,71.91,1890.23,173.95,1136.42,53.65,1864.33,174.74,843.55,330.93,81.51,99.77,297.78,1864.91,3553.93,2.24,152.40,160.25,650.24,2.98,981.43,61.07,546.49
2026-02-23T11:20:00Z,64.30,1988.37,171.91,1204.02,57.34,1901.39,173.78,875.01,72.00,1901.61,173.89,1143.93,53.76,1866.21,174.46,842.51,331.88,80.70,99.33,300.09,1867.00,3553.97,2.38,150.75,162.75,658.25,2.93,976.18,61.64,547.84
2026-02-23T11:30:00Z,64.05,1976.88,171.01,1213.08,57.22,1904.88,173.72,874.42,71.46,1903.48,173.03,1125.99,54.02,1847.21,174.12,849.67,329.35,81.68,99.43,295.93,1866.02,3548.38,2.48,149.73,160.43,648.21,3.17,979.74,60.90,537.92
2026-02-23T11:40:00Z,64.29,1964.93,171.20,1240.27,57.13,1895.81,173.47,870.73,71.04,1922.82,172.84,1114.85,54.27,1840.00,173.90,859.29,331.80,83.18,99.31,298.17,1872.74,3560.76,2.83,149.18,162.47,641.01,3.20,981.64,59.81,534.12
2026-02-23T11:50:00Z,64.17,1971.46,172.11,1243.73,57.33,1885.56,173.57,880.55,71.00,1921.54,172.94,1112.55,54.52,1839.98,173.90,890.18,340.05,83.90,100.19,305.07,1873.31,3559.52,2.55,149.91,166.56,651.65,3.04,985.49,58.64,542.14
2026-02-23T12:00:00Z,64.13,1974.59,172.47,1236.90,57.13,1895.05,174.23,887.65,71.16,1927.75,172.65,1100.34,54.97,1823.34,174.55,905.66,336.84,83.32,100.48,302.34,1871.82,3556.24,2.86,151.31,163.13,658.29,2.91,980.85,59.53,539.56
2026-02-23T12:10:00Z,64.16,1969.30,171.93,1230.57,57.26,1892.71,174.58,892.89,71.39,1921.51,173.25,1098.02,54.87,1835.41,175.71,910.81,340.49,82.51,99.87,309.14,1883.98,3558.90,2.35,153.08,166.41,658.22,2.97,990.86,60.45,550.93
2026-02-23T12:20:00Z,64.25,1973.80,172.57,1242.97,57.25,1890.95,174.36,881.95,71.65,1909.58,171.90,1107.19,55.09,1830.55,175.71,923.75,334.56,83.37,100.13,300.02,1864.20,3546.88,2.50,149.42,162.23,655.18,2.70,982.27,61.26,537.11
2026-02-23T12:30:00Z,64.42,1965.30,171.62,1227.92,57.18,1895.07,174.14,877.45,71.58,1915.50,172.04,1111.19,55.10,1830.53,175.59,918.24,335.59,84.94,100.70,299.74,1866.51,3547.03,2.68,151.39,162.96,648.32,3.08,982.38,60.67,544.31
2026-02-23T12:40:00Z,64.50,1961.34,171.99,1217.08,57.47,1881.65,173.03,888.81,71.66,1914.78,172.06,1114.53,55.27,1823.94,175.92,914.22,333.57,85.90,100.63,304.65,1872.63,3548.31,2.30,151.82,163.10,651.17,3.12,985.64,61.59,541.23
2026-02-23T12:50:00Z,64.72,1957.14,172.03,1238.34,57.39,1894.64,173.67,900.43,71.69,1905.38,172.60,1129.58,55.22,1821.19,176.65,902.78,335.61,85.11,99.73,305.80,1877.28,3539.71,2.69,151.43,160.47,642.07,3.16,986.70,61.86,541.77
2026-02-23T13:00:00Z,64.85,1952.42,172.12,1254.31,57.43,1892.90,173.39,884.55,71.59,1907.68,172.69,1120.82,55.41,1820.80,176.31,910.63,339.73,84.24,100.52,304.44,1871.14,3560.26,2.46,150.39,164.62,655.38,3.17,990.64,61.49,533.37
2026-02-23T13:10:00Z,64.94,1948.51,171.76,1266.54,56.85,1904.24,173.77,877.76,71.64,1917.45,173.33,1126.72,55.11,1819.04,175.93,913.18,337.41,83.76,99.76,302.04,1865.97,3555.96,2.46,150.29,164.82,655.31,2.98,980.56,61.83,546.49
2026-02-23T13:20:00Z,64.88,1946.40,172.21,1270.72,57.10,1911.68,173.93,863.28,71.62,1911.55,173.54,1129.78,55.18,1814.90,175.85,921.05,338.30,83.50,99.99,305.41,1874.48,3545.53,2.41,148.97,161.91,645.46,3.24,986.67,61.80,545.65
2026-02-23T13:30:00Z,64.84,1952.82,172.50,1268.81,57.53,1894.33,173.88,868.23,71.45,1915.14,172.96,1126.69,55.59,1804.23,176.22,932.45,340.98,84.14,99.53,306.71,1865.44,3538.62,2.43,150.15,162.85,647.83,3.31,982.15,60.95,549.93
2026-02-23T13:40:00Z,64.95,1954.98,171.88,1256.04,57.42,1892.40,173.73,891.50,71.58,1903.43,173.38,1143.31,56.01,1805.20,175.53,938.94,340.04,85.79,100.82,304.73,1879.16,3546.12,2.24,149.79,164.93,651.94,3.18,994.08,62.20,543.07
2026-02-23T13:50:00Z,65.03,1950.47,172.75,1249.44,57.23,1899.92,172.90,890.35,71.48,1915.46,173.48,1136.66,56.44,1794.96,176.44,954.17,336.95,84.74,100.23,305.08,1868.93,3550.60,2.51,151.78,162.54,654.08,3.39,985.42,62.27,554.26
2026-02-23T14:00:00Z,65.25,1945.56,172.23,1245.83,56.83,1893.86,173.59,876.40,71.40,1916.59,173.03,1127.49,55.85,1806.86,176.87,961.36,340.50,82.73,100.17,311.20,1877.22,3554.83,2.64,152.38,166.23,651.34,3.07,984.53,61.17,542.98
2026-02-23T14:10:00Z,65.32,1945.65,171.83,1250.18,56.93,1888.89,173.11,876.01,71.16,1925.12,172.65,1117.73,56.06,1794.71,177.34,982.54,338.61,84.81,100.67,303.66,1870.08,3556.58,2.34,149.89,164.50,654.11,2.85,989.56,60.73,540.14
2026-02-23T14:20:00Z,65.27,1949.62,171.77,1238.62,57.06,1894.90,173.82,878.33,71.56,1911.78,173.32,1122.08,56.14,1790.33,176.79,965.43,344.77,84.98,100.26,307.59,1879.07,3541.50,2.64,152.53,167.00,658.08,2.90,990.94,61.86,531.65
2026-02-23T14:30:00Z,65.37,1938.85,171.75,1251.58,57.25,1900.25,173.88,875.08,71.61,1913.49,173.02,1122.02,55.94,1796.19,176.28,952.99,341.10,82.96,100.27,307.78,1879.05,3542.31,2.48,152.63,165.53,653.41,3.36,986.79,62.91,550.65
2026-02-23T14:40:00Z,65.11,1934.88,171.65,1253.12,57.52,1890.35,174.25,884.65,71.99,1895.50,172.06,1126.71,56.18,1788.80,176.43,964.70,340.35,82.62,100.20,306.70,1874.52,3548.67,2.37,150.61,164.61,666.76,2.89,983.79,62.51,544.66
2026-02-23T14:50:00Z,64.97,1946.09,171.81,1264.76,57.40,1889.51,174.42,888.29,72.04,1903.05,173.09,1131.98,56.30,1799.99,176.46,959.34,338.99,83.97,100.06,301.43,1867.56,3546.81,2.72,149.37,166.09,661.77,2.83,992.44,61.93,553.65
2026-02-23T15:00:00Z,64.59,1944.86,172.29,1259.50,57.50,1886.53,174.15,879.31,71.97,1903.76,173.03,1131.08,56.12,1801.71,176.21,947.21,337.04,85.51,99.67,302.98,1879.00,3550.62,2.47,150.23,162.99,647.57,2.92,986.62,61.15,543.39
2026-02-23T15:10:00Z,64.58,1944.66,172.31,1254.84,57.29,1891.85,173.73,876.29,71.95,1898.85,172.64,1128.60,56.46,1805.30,176.64,947.87,346.29,85.66,100.37,312.28,1885.71,3543.71,2.60,150.02,169.02,655.58,2.50,990.53,61.34,535.67
2026-02-23T15:20:00Z,64.62,1955.88,172.74,1252.13,56.83,1895.76,174.16,870.92,72.07,1902.42,172.60,1133.06,56.60,1795.62,,950.47,343.17,83.92,100.05,310.59,1876.83,3552.30,2.69,150.60,167.17,659.58,2.69,991.67,61.37,545.83
2026-02-23T15:30:00Z,64.65,1963.20,172.53,1249.91,57.38,1880.95,173.94,875.28,72.03,1903.21,172.29,1131.12,56.47,1784.51,176.95,975.46,337.92,86.14,99.53,303.13,1876.85,3553.97,2.57,151.33,165.34,657.86,3.09,992.23,61.37,541.72
2026-02-23T15:40:00Z,65.05,1960.77,172.32,1250.98,57.16,1905.28,173.53,882.75,71.72,1899.21,172.58,1134.24,56.40,1787.01,176.87,961.81,335.35,85.58,99.40,300.47,1876.33,3539.53,2.69,150.69,161.89,648.80,3.09,987.33,60.48,539.27
2026-02-23T15:50:00Z,64.97,1954.39,171.83,1240.36,56.72,1913.15,172.76,877.06,71.85,1907.09,173.18,1133.54,56.52,1796.80,177.18,976.40,339.32,86.22,99.85,304.70,1868.31,3549.65,2.44,149.62,164.04,647.99,2.99,976.26,61.36,538.33
2026-02-23T16:00:00Z,64.85,1957.76,171.81,1259.15,56.95,1912.80,173.00,852.83,71.79,1908.60,173.32,1134.51,56.80,1791.90,177.36,961.15,340.17,86.16,100.42,305.35,1868.62,3535.85,2.65,150.13,167.23,661.67,2.59,984.99,61.33,542.98
2026-02-23T16:10:00Z,65.03,1948.78,171.50,1269.58,56.68,1907.93,172.51,853.82,71.85,1896.63,173.89,1136.27,56.60,1783.45,177.00,954.20,340.23,87.05,100.49,305.40,1869.95,3555.58,2.45,151.35,165.19,659.99,3.24,990.90,61.88,540.32
2026-02-23T16:20:00Z,65.27,1953.86,171.57,1264.77,57.16,1896.64,173.45,875.75,71.59,1905.27,173.24,1128.85,56.41,1785.43,176.72,955.62,336.30,85.72,100.13,297.69,1863.26,3553.49,2.43,151.55,163.83,652.20,3.28,981.36,63.17,552.83
2026-02-23T16:30:00Z,65.58,1941.94,170.63,1256.83,56.93,1897.65,173.43,879.00,71.04,1914.96,173.30,1133.50,56.06,1787.21,176.61,952.49,338.03,85.89,100.77,304.60,1864.42,3549.74,2.49,149.83,166.18,659.12,2.69,987.57,61.63,550.94
2026-02-23T16:40:00Z,65.37,1933.37,170.82,1256.65,57.24,1890.83,173.99,886.95,70.97,1915.85,173.94,1133.83,55.54,1806.91,176.61,930.60,340.41,84.53,102.11,306.29,1872.48,3557.61,2.53,150.59,169.10,662.34,3.13,984.19,60.34,550.42
2026-02-23T16:50:00Z,65.32,1936.91,171.99,1259.76,57.72,1891.72,173.99,896.78,70.93,1928.53,173.90,1121.45,55.48,1811.88,176.44,949.69,335.72,84.28,100.91,300.51,1869.27,3543.65,2.59,151.22,162.28,649.93,2.95,989.33,61.92,544.17
2026-02-23T17:00:00Z,65.42,1943.99,171.23,1261.81,57.10,1901.61,174.39,875.44,70.70,1939.36,172.81,1113.34,55.45,1820.58,176.18,938.72,331.79,86.32,100.52,297.75,1866.88,3545.98,2.50,150.48,160.92,641.96,3.21,980.51,60.60,534.32
2026-02-23T17:10:00Z,64.92,1939.04,171.49,1264.31,57.24,1897.95,173.67,882.30,70.68,1941.23,172.89,1104.56,55.17,1819.39,176.19,930.40,331.66,86.16,100.13,298.58,1862.69,3560.95,2.40,151.47,160.30,650.58,2.84,974.46,60.60,540.99
2026-02-23T17:20:00Z,64.90,1955.22,171.69,1256.53,57.72,1885.45,174.20,893.11,70.68,1944.57,172.90,1102.20,54.85,1824.22,176.09,911.25,334.23,84.39,100.48,299.24,1869.82,3571.38,2.49,151.74,160.93,650.25,3.02,985.88,60.43,546.14
2026-02-23T17:30:00Z,64.63,1960.60,171.16,1239.18,57.99,1882.47,173.22,912.51,70.45,1949.45,172.43,1088.71,54.88,1830.30,176.10,906.13,333.65,82.53,99.98,300.20,1872.04,3540.03,2.30,151.68,161.84,656.08,3.16,991.03,60.95,555.19
2026-02-23T17:40:00Z,64.73,1967.44,171.97,1250.26,57.84,1878.20,173.57,909.72,70.02,1953.13,172.40,1089.05,54.89,1824.46,175.74,910.84,332.92,84.86,100.00,297.55,1874.41,3556.51,2.75,151.39,160.28,649.87,3.42,984.88,61.26,537.58
2026-02-23T17:50:00Z,64.93,1955.97,171.85,1258.24,57.73,1879.84,172.84,893.44,70.03,1945.03,171.49,1088.33,54.61,1840.34,175.58,898.08,335.04,84.36,99.66,299.09,1865.20,3546.67,2.84,150.82,162.06,651.68,3.08,987.96,62.57,539.18
2026-02-23T18:00:00Z,65.23,1952.63,171.92,1249.39,58.00,1873.71,173.32,906.86,70.09,1954.75,171.16,1068.36,54.75,1831.80,175.42,906.92,335.84,82.91,99.17,302.86,1869.75,3537.90,2.70,150.15,162.93,656.29,3.11,990.29,62.22,545.14
2026-02-23T18:10:00Z,65.17,1950.26,172.01,1247.27,58.10,1874.35,174.26,914.69,70.30,1944.38,171.42,1072.61,54.99,1827.22,175.94,913.56,329.59,83.87,99.70,296.85,1867.98,3556.69,2.38,151.17,158.16,646.62,3.00,986.13,62.03,543.61
2026-02-23T18:20:00Z,65.50,1947.07,172.87,1250.59,58.23,1872.70,174.40,917.08,70.68,1932.62,171.33,1087.31,55.04,1819.08,176.07,898.84,333.51,82.08,100.60,305.20,1874.08,3545.59,2.39,149.15,164.13,656.57,2.87,987.17,61.68,543.26
2026-02-23T18:30:00Z,65.96,1942.00,172.98,1276.68,58.10,1868.86,174.33,913.02,70.95,1936.64,171.89,,55.00,1829.80,176.28,893.79,336.69,81.99,100.67,302.15,1872.96,3544.79,2.82,150.63,161.31,655.62,2.87,982.75,61.08,550.00
2026-02-23T18:40:00Z,65.77,1938.55,173.32,1274.25,58.18,1872.60,174.31,924.02,71.09,1916.98,172.11,1111.38,54.66,1829.50,175.86,888.69,340.45,85.06,100.12,304.82,1867.39,3550.91,2.65,150.90,168.02,661.10,2.69,981.76,60.24,550.34
2026-02-23T18:50:00Z,65.83,1939.60,173.12,1279.49,58.16,1871.16,174.57,919.01,70.97,1928.28,171.95,1094.48,55.04,1829.35,174.98,902.15,338.86,85.29,100.54,307.58,1874.38,3555.18,2.28,150.63,164.64,646.97,3.01,987.01,61.09,535.69
2026-02-23T19:00:00Z,65.71,1934.92,172.92,1275.56,58.75,1877.00,174.53,921.30,71.08,1918.69,173.15,1106.43,55.14,1821.23,175.07,898.91,342.17,85.13,100.65,308.22,1880.46,3549.33,2.50,151.39,166.12,655.15,2.71,990.33,61.67,540.39
2026-02-23T19:10:00Z,65.83,1929.34,172.14,1270.05,58.64,1862.01,173.54,930.90,71.16,1921.31,173.21,1092.45,54.83,1834.51,174.05,891.37,341.01,86.34,99.89,311.53,1881.86,3552.48,2.47,150.71,167.82,654.31,3.12,991.49,62.28,533.96
2026-02-23T19:20:00Z,65.76,1930.19,172.18,1259.03,59.26,1843.37,174.49,945.34,71.06,1921.55,173.34,1102.94,54.96,1829.45,174.49,899.38,338.27,86.08,99.72,304.85,1863.81,3551.24,2.90,150.20,164.04,654.13,2.76,983.88,61.34,539.92
2026-02-23T19:30:00Z,66.04,1931.86,171.53,1272.54,59.37,1836.11,174.46,955.52,71.20,1922.26,172.62,1112.75,54.87,1832.04,174.39,898.23,341.27,86.49,99.78,309.97,1874.88,3547.59,2.41,150.01,165.62,649.72,3.22,986.45,61.09,540.73
2026-02-23T19:40:00Z,66.18,1934.17,172.53,1276.67,59.09,1838.27,174.30,943.96,71.14,1919.44,172.57,1116.35,55.26,1824.75,174.70,907.07,336.55,84.19,100.78,301.42,1877.72,3548.07,2.83,150.97,163.18,654.53,2.90,986.59,62.93,543.87
2026-02-23T19:50:00Z,66.28,1922.90,172.27,1294.74,59.31,1843.27,174.92,957.28,71.09,1915.30,172.92,1127.84,55.46,1818.27,174.52,921.24,333.16,83.86,101.12,298.26,1862.23,3564.03,2.49,150.35,161.74,649.71,2.83,988.38,61.85,544.53
2026-02-23T20:00:00Z,66.35,1910.35,172.66,1312.62,58.76,1843.48,175.02,955.22,71.09,1917.75,173.40,1138.32,55.34,1828.19,175.16,907.62,344.08,86.74,101.23,310.13,1883.22,3553.10,2.40,149.11,164.19,650.98,2.74,985.02,62.58,541.22
2026-02-23T20:10:00Z,66.61,1902.72,173.37,1317.30,59.01,1851.37,175.04,944.32,70.94,1916.14,173.30,1130.72,55.07,1816.80,175.54,925.66,341.62,89.63,99.91,305.68,1870.05,3539.61,2.42,149.86,167.79,654.18,3.22,992.43,62.84,541.02
2026-02-23T20:20:00Z,66.47,1910.37,172.99,1300.34,59.15,1841.53,175.06,953.96,70.73,1924.14,173.37,1114.80,55.24,1814.06,175.21,925.66,335.71,87.73,100.47,301.19,1860.08,3540.96,2.55,150.51,160.66,649.38,3.09,978.09,62.21,535.75
2026-02-23T20:30:00Z,66.34,1915.78,173.40,1308.54,59.25,1841.48,175.46,946.37,71.00,1937.80,173.14,1116.11,55.35,1803.45,175.89,923.80,333.66,87.66,101.09,300.60,1869.94,3551.15,2.73,151.79,162.78,647.06,2.84,981.41,61.90,539.50
2026-02-23T20:40:00Z,66.16,1924.69,172.48,1303.69,59.35,1833.91,175.75,948.10,70.51,1938.21,172.57,1103.13,55.32,1814.49,175.47,910.52,335.04,84.45,100.34,301.11,1878.78,3559.34,2.57,149.84,161.28,651.20,3.28,986.04,62.70,546.87
2026-02-23T20:50:00Z,66.10,1922.33,173.29,1301.98,59.28,1848.33,175.82,949.80,70.85,1933.23,172.22,1089.91,55.19,1820.34,175.58,925.51,337.54,84.88,101.50,300.97,1870.25,3541.90,2.59,149.83,165.93,654.28,2.75,986.90,61.73,552.04
2026-02-23T21:00:00Z,65.85,1934.00,172.55,1306.11,58.99,1851.42,176.08,943.70,71.08,1921.34,172.21,1101.98,54.50,1832.68,175.29,904.10,340.03,84.75,101.41,305.42,1874.96,3563.79,2.62,152.62,165.50,659.84,3.05,985.57,60.62,545.79
2026-02-23T21:10:00Z,65.72,1934.52,171.92,1300.49,59.27,1853.06,175.50,946.16,70.88,1926.91,172.72,1100.14,54.57,1823.41,175.72,896.04,339.62,85.01,100.26,307.49,1876.52,3535.19,2.29,151.01,164.66,655.72,3.12,989.82,61.23,546.28
2026-02-23T21:20:00Z,65.35,1930.64,173.07,1282.43,58.86,1853.23,175.74,944.41,70.75,1938.79,172.88,1105.25,54.39,1832.78,175.70,893.28,337.77,88.22,100.33,302.87,1874.58,3549.98,2.50,151.50,161.57,648.67,3.28,989.54,62.96,538.45
2026-02-23T21:30:00Z,65.11,1945.37,172.77,1258.62,59.13,1848.68,175.49,951.91,70.57,1930.60,172.98,1097.69,54.13,1836.24,175.72,889.59,341.15,87.27,100.22,306.67,1869.77,3566.31,2.78,151.12,165.06,648.62,3.07,985.08,61.80,520.00
2026-02-23T21:40:00Z,65.24,1938.82,172.65,1271.91,59.24,1848.45,175.26,942.61,70.35,1943.61,173.27,1091.45,53.92,1859.50,174.56,871.31,335.32,84.22,99.69,298.17,1873.87,3563.69,2.29,151.63,166.44,651.17,3.11,986.60,59.48,546.03
2026-02-23T21:50:00Z,65.63,1926.79,172.28,1277.94,58.76,1855.72,175.28,949.11,70.74,1933.72,172.46,1095.89,54.17,1855.23,174.55,871.02,338.33,87.46,99.29,305.48,1875.46,3559.67,2.24,150.68,163.00,649.29,3.14,984.44,59.87,533.55
2026-02-23T22:00:00Z,65.49,1931.68,172.53,1286.89,58.91,1857.83,175.21,948.65,70.52,1944.65,172.50,1071.26,54.73,1836.09,174.36,880.13,338.37,84.87,99.47,303.42,1871.15,3550.65,2.29,149.53,165.67,652.78,2.83,981.41,61.42,544.22
2026-02-23T22:10:00Z,65.33,1937.14,172.74,1249.67,58.98,1856.89,174.97,944.89,71.06,1931.18,172.43,1101.56,54.88,1835.39,174.36,888.67,338.49,84.90,99.90,307.84,1878.77,3560.98,2.46,151.10,165.59,661.44,3.16,993.70,61.82,552.14
2026-02-23T22:20:00Z,65.41,1931.73,173.14,1275.65,58.91,1849.78,174.82,962.74,71.36,1911.55,172.74,1111.82,55.08,1825.03,174.61,885.69,343.90,86.62,99.86,307.10,1876.89,3552.36,2.47,151.06,166.15,663.12,2.87,989.68,60.94,541.49
2026-02-23T22:30:00Z,65.00,1951.62,172.73,1265.44,58.69,1855.13,175.15,944.41,71.54,1906.76,172.84,1125.02,55.00,1827.48,174.63,900.08,345.59,87.25,100.91,311.49,1877.35,3547.22,2.38,150.71,169.61,661.94,3.14,984.71,62.16,545.22
2026-02-23T22:40:00Z,65.29,1941.60,171.85,1255.26,58.71,1861.32,174.94,943.29,71.86,1913.02,172.84,1128.24,55.38,1819.51,174.30,917.66,342.65,86.24,100.00,305.79,1869.99,3557.08,2.57,150.76,166.39,649.97,3.20,987.54,62.18,544.79
2026-02-23T22:50:00Z,64.84,1949.26,172.55,1254.05,58.87,1848.30,174.91,938.07,72.30,1900.49,172.89,1128.24,55.59,1819.42,174.85,903.19,341.15,86.87,100.56,307.78,1870.66,3534.42,2.31,151.63,163.06,650.49,3.14,982.18,62.14,545.87
2026-02-23T23:00:00Z,64.93,1948.65,171.91,1261.34,58.83,1857.71,174.72,917.64,72.32,1898.68,173.11,1148.56,55.77,1813.10,175.34,910.26,341.44,85.75,100.56,307.47,1880.94,3539.11,2.55,149.90,166.22,663.97,2.96,988.11,61.44,559.58
2026-02-23T23:10:00Z,65.03,1946.63,172.46,1271.64,58.60,1859.92,174.84,913.21,72.19,1899.04,173.25,1140.98,55.99,1802.72,175.39,906.57,332.93,85.53,100.05,297.27,1868.69,3558.74,2.34,149.39,162.60,652.01,2.95,976.64,61.04,550.86
2026-02-23T23:20:00Z,65.01,1946.42,172.76,1268.82,57.96,1870.67,174.82,910.32,72.16,1902.29,173.42,1137.84,56.03,1809.98,175.67,929.27,338.54,84.27,100.59,301.66,1864.10,3536.52,2.65,150.79,165.21,646.17,3.39,977.51,60.52,532.61
2026-02-23T23:30:00Z,65.11,1947.85,172.63,1261.92,58.04,1870.22,175.02,908.24,72.27,1903.59,173.03,1141.42,55.88,1808.84,175.52,927.05,341.66,84.76,100.70,308.56,1873.67,3550.76,2.46,150.89,167.52,656.56,2.75,990.00,59.28,555.98
2026-02-23T23:40:00Z,64.80,1957.01,172.38,1244.78,58.05,1879.20,174.68,905.38,72.14,1899.87,173.52,1150.53,55.79,1806.52,175.97,949.25,338.57,85.32,100.63,308.77,1877.69,3557.64,2.35,152.17,164.09,652.23,2.73,986.78,61.58,550.65
2026-02-23T23:50:00Z,64.76,1947.02,172.00,1248.02,57.71,1895.12,173.73,896.53,72.45,1896.00,174.14,1156.45,55.64,1808.36,175.95,937.59,335.27,83.69,100.45,303.76,1875.02,3558.06,2.70,149.49,162.15,651.98,3.06,983.16,60.95,552.91
2026-02-24T00:00:00Z,64.73,1946.45,172.14,1257.29,57.73,1890.93,173.03,883.19,72.57,1897.40,173.91,1158.03,55.40,1813.91,176.34,926.92,340.37,84.63,100.26,306.36,1872.66,3560.19,2.31,149.59,165.33,650.75,3.22,985.67,61.27,543.41
2026-02-24T00:10:00Z,65.27,1946.63,172.39,1261.51,57.85,1881.64,173.81,894.77,72.86,1888.79,174.24,1162.86,55.20,1831.43,176.37,910.30,339.47,83.68,101.23,306.41,1879.96,3562.53,2.47,150.88,163.53,658.44,2.95,980.66,61.93,544.06
2026-02-24T00:20:00Z,65.52,,172.94,1272.59,57.72,1880.71,173.91,899.83,72.62,1888.50,173.96,1164.53,55.29,1829.67,175.69,898.87,337.22,84.67,102.10,298.88,1865.78,3556.55,2.70,150.92,165.95,655.39,2.78,984.15,62.42,534.58
2026-02-24T00:30:00Z,65.31,1945.81,172.28,1263.97,57.59,1888.19,174.02,892.32,72.67,1892.04,174.28,1159.97,55.28,1813.79,175.69,906.73,330.50,85.68,101.87,298.68,1872.04,3539.42,2.35,149.57,160.92,649.39,3.04,991.65,60.64,545.11
2026-02-24T00:40:00Z,65.40,1936.28,171.41,1277.79,58.08,1885.55,174.38,905.02,72.23,1890.50,174.40,1164.40,55.09,1825.03,175.59,907.66,338.92,86.88,100.90,304.75,1875.47,3553.45,2.38,152.04,165.62,660.53,3.23,992.36,62.58,541.76
2026-02-24T00:50:00Z,65.57,1935.90,172.13,1286.46,57.79,1886.22,174.30,882.73,72.14,1896.11,174.43,1155.59,55.53,1826.79,175.27,912.95,340.95,88.80,100.50,308.14,1879.99,3554.33,2.45,149.70,166.55,651.88,2.74,986.23,62.06,543.46
2026-02-24T01:00:00Z,65.50,1940.56,171.86,1265.77,58.14,1871.71,174.01,890.94,72.01,1895.29,173.77,1151.69,55.65,1826.37,175.22,915.47,338.55,87.02,100.28,303.22,1880.34,3547.22,2.38,152.09,165.70,649.61,2.84,983.75,61.57,536.31
2026-02-24T01:10:00Z,65.45,1939.56,171.96,1263.37,58.15,1867.02,174.11,909.56,71.55,1903.88,173.57,1151.82,56.10,1812.57,175.80,927.35,336.15,86.84,100.48,301.78,1866.60,3529.58,2.49,148.98,162.68,650.69,2.79,983.17,61.14,548.36
2026-02-24T01:20:00Z,65.48,1933.40,171.71,1270.17,58.47,1868.70,173.78,911.77,71.61,1902.10,174.16,1153.82,56.02,1799.52,174.98,933.31,337.41,87.86,99.64,303.77,1881.12,3552.92,2.59,151.43,162.59,650.66,2.81,994.51,61.48,535.96
2026-02-24T01:30:00Z,65.36,1933.34,172.81,1268.06,58.02,1864.70,174.67,923.95,71.64,1902.34,174.46,1146.11,55.99,1794.27,175.76,946.66,343.81,86.48,100.14,312.52,1871.10,3550.16,2.50,151.27,166.38,652.55,3.01,980.24,61.59,537.45
2026-02-24T01:40:00Z,65.56,1937.11,172.57,1272.14,58.64,1866.07,175.00,934.59,72.01,1902.46,173.66,1145.58,55.78,1799.67,175.66,956.61,337.77,84.00,100.39,300.98,1857.96,3558.73,2.69,152.12,163.25,644.40,3.14,985.01,60.30,538.31
2026-02-24T01:50:00Z,65.36,1949.84,173.17,1275.27,58.82,1862.32,174.14,945.38,71.66,1915.61,173.83,1137.62,55.88,1799.04,176.12,947.74,338.97,85.92,101.13,303.88,1867.82,3543.98,2.47,150.93,162.21,,3.23,997.67,59.25,534.88
2026-02-24T02:00:00Z,65.56,,172.40,1270.79,58.15,1866.77,173.93,924.11,71.29,1923.09,173.31,1132.74,56.11,1801.63,175.40,950.41,341.96,87.77,99.88,306.39,1867.17,3551.24,2.52,150.92,165.24,656.67,2.85,979.96,60.85,548.11
2026-02-24T02:10:00Z,65.39,1952.25,172.17,1267.99,58.07,1870.18,174.34,925.29,71.17,1923.73,173.12,1125.86,56.08,1797.09,175.59,946.16,342.73,87.25,99.85,308.06,1878.90,3560.54,2.64,149.01,165.40,658.12,3.40,986.53,61.13,550.51
2026-02-24T02:20:00Z,65.43,1941.64,172.76,1277.88,58.35,1864.31,174.67,915.98,71.09,1926.27,173.27,1111.47,56.11,1790.28,174.86,961.01,336.39,86.44,100.52,301.28,1862.15,3552.38,2.60,149.75,163.90,649.89,2.95,988.50,61.72,547.48
2026-02-24T02:30:00Z,65.87,1930.76,172.67,1268.53,58.74,1861.67,174.54,927.76,70.89,1924.48,173.29,1118.18,56.04,1787.89,175.85,960.69,342.30,86.01,99.83,309.40,1875.07,3553.06,2.52,150.74,165.07,651.79,3.19,985.80,62.54,545.08
2026-02-24T02:40:00Z,65.81,1924.81,172.00,1293.80,58.76,1849.26,174.71,939.08,70.74,1920.29,173.32,1102.65,55.98,1787.20,175.72,959.20,342.21,87.48,99.94,308.49,1881.74,3541.50,2.49,150.33,168.35,659.30,3.03,990.09,61.64,537.42
2026-02-24T02:50:00Z,65.67,1939.92,172.16,1279.82,58.86,1848.58,175.08,940.39,70.24,1932.10,172.87,1102.14,56.16,1796.80,175.80,954.67,344.10,88.62,99.65,312.27,1882.84,3559.68,2.49,151.70,165.21,649.64,2.88,987.33,62.38,536.95
2026-02-24T03:00:00Z,65.82,1929.10,172.36,1278.96,58.56,1859.73,174.79,928.34,70.22,1940.57,172.47,1088.08,56.24,1792.43,176.06,960.65,343.32,87.36,99.39,312.52,1877.47,3552.72,2.54,148.65,167.67,660.38,2.70,992.28,60.58,542.72
2026-02-24T03:10:00Z,65.80,1931.88,172.57,1284.33,58.48,1867.03,174.38,918.27,70.41,1942.88,172.17,1082.49,56.37,1794.26,176.30,954.79,340.53,86.27,98.56,307.84,1876.97,3544.73,2.52,150.00,168.25,657.29,2.80,985.87,61.05,540.15
2026-02-24T03:20:00Z,65.58,1937.45,173.00,1279.19,58.28,1875.56,174.82,933.67,70.71,1931.87,172.26,1073.71,56.31,1787.12,176.53,950.47,335.77,85.04,99.11,302.00,1863.63,3554.18,2.64,150.35,164.66,654.51,2.85,985.26,61.24,538.27
2026-02-24T03:30:00Z,65.47,1935.53,172.77,1270.82,58.26,1869.64,174.73,939.59,70.50,1922.26,172.86,1103.86,56.20,1794.07,177.10,964.20,338.00,83.70,100.10,301.69,1864.01,3554.14,2.39,151.27,162.60,655.42,2.78,976.98,60.80,534.16
2026-02-24T03:40:00Z,65.81,1935.47,171.95,1266.18,57.78,1871.06,174.97,928.67,70.18,1925.67,173.03,1086.18,56.17,1798.49,176.57,967.41,338.76,84.08,100.64,306.29,1877.04,3567.69,2.48,150.80,165.10,654.55,2.85,980.08,61.03,547.98
2026-02-24T03:50:00Z,65.83,1933.20,171.76,1277.21,57.67,1884.22,174.36,924.16,69.92,1935.42,172.71,1089.71,55.66,1797.85,176.00,946.30,341.03,85.67,100.51,310.71,1877.26,3547.95,2.54,150.70,165.08,652.34,3.18,997.16,60.78,534.37
2026-02-24T04:00:00Z,65.65,1929.03,171.63,1273.77,57.81,1886.61,174.67,902.88,69.93,1950.79,173.21,1078.65,55.45,1810.01,175.59,958.73,340.56,84.42,99.66,305.08,1869.24,3546.33,2.48,150.61,163.21,646.17,3.06,987.00,61.95,537.65
2026-02-24T04:10:00Z,65.79,1925.42,172.59,1284.94,57.53,1891.07,174.66,910.14,70.09,1936.43,173.32,1103.85,55.31,1813.95,175.78,932.93,339.78,85.83,99.18,305.85,1873.96,3566.13,2.30,151.31,166.14,,3.37,986.59,62.20,544.67
2026-02-24T04:20:00Z,65.70,1934.44,172.08,1269.98,57.61,1884.70,173.99,889.87,69.94,1941.30,172.35,1080.51,55.12,1819.39,175.30,926.86,341.24,84.85,99.78,305.62,1868.93,3557.63,2.52,151.11,167.71,657.54,3.16,991.36,62.79,545.49
2026-02-24T04:30:00Z,65.68,1940.34,173.21,1265.72,57.51,1882.77,174.27,890.01,70.09,1947.39,172.39,1072.38,55.31,1822.59,175.74,933.70,340.43,86.99,99.49,308.66,1875.71,3560.75,2.36,150.09,165.05,655.55,3.05,984.99,62.42,551.72
2026-02-24T04:40:00Z,65.76,1933.86,172.70,1279.76,57.29,1882.46,173.87,896.18,70.00,1935.81,173.00,1076.82,55.27,1814.11,176.15,920.71,340.34,85.18,100.09,305.41,1867.01,3562.03,2.51,148.80,164.70,657.27,3.09,989.69,61.09,554.54
2026-02-24T04:50:00Z,65.53,1939.97,172.13,1285.68,57.33,1886.28,173.91,897.72,70.06,1949.92,172.08,1073.49,55.28,1816.84,175.50,918.28,339.02,84.36,99.09,303.47,1872.88,3566.55,2.18,150.91,164.09,651.34,2.95,988.67,61.91,535.35
2026-02-24T05:00:00Z,65.59,1934.83,172.21,1277.76,57.51,1893.09,173.78,899.51,70.65,1927.15,171.85,1088.55,55.66,1814.77,176.54,923.42,332.39,82.30,98.74,297.00,1857.89,3549.84,2.47,150.83,160.66,648.63,2.65,985.50,59.83,547.65
2026-02-24T05:10:00Z,65.36,1930.58,172.13,1288.04,57.22,1886.52,174.47,884.89,70.07,1943.71,173.29,1091.11,55.36,1815.02,176.43,930.33,330.54,83.10,99.05,296.00,1870.94,3535.95,2.51,150.69,159.63,652.16,2.97,992.02,60.19,547.15
2026-02-24T05:20:00Z,65.03,1933.96,172.64,1279.48,56.88,1895.51,174.16,885.87,70.65,1930.68,172.86,1081.61,55.55,1813.04,176.40,925.19,332.72,83.75,100.08,303.90,1874.60,3550.53,2.76,149.51,159.74,648.63,3.05,985.30,59.99,533.76
2026-02-24T05:30:00Z,65.18,1948.44,172.27,1259.37,56.95,1896.86,174.53,890.61,71.14,1928.31,172.57,1096.82,55.79,1809.95,176.36,934.39,337.14,83.37,99.83,301.50,1870.76,3568.52,2.24,151.28,166.08,653.00,2.89,994.83,59.06,546.59
2026-02-24T05:40:00Z,65.28,1941.96,172.79,1263.26,57.49,1881.03,174.20,886.49,71.03,1914.34,173.08,1110.62,55.58,1818.97,176.55,946.02,341.54,85.02,100.65,308.13,1872.26,3561.13,2.51,151.04,163.86,654.72,2.69,986.14,61.09,549.45
2026-02-24T05:50:00Z,65.11,1944.75,172.24,1252.36,57.61,1890.49,174.12,893.97,71.42,1910.21,172.91,1115.94,55.62,1808.57,176.28,922.63,335.05,84.23,100.33,299.78,1872.43,3556.74,2.36,151.05,164.13,648.70,3.33,985.85,61.94,539.29
2026-02-24T06:00:00Z,65.59,1934.51,172.07,1265.01,57.64,1886.38,173.65,885.44,71.60,1902.43,172.95,1132.74,55.70,1821.32,175.40,922.47,340.28,83.26,99.65,305.67,1875.54,3557.86,2.59,151.20,163.78,649.84,2.91,984.50,62.46,537.42
2026-02-24T06:10:00Z,65.49,1944.79,171.47,1268.44,57.61,1883.51,173.90,883.55,71.25,1913.32,172.51,1125.67,55.45,1815.75,175.69,944.64,338.79,84.60,99.77,308.24,1877.02,3557.12,2.58,150.94,162.54,654.45,2.60,989.03,63.28,544.38
2026-02-24T06:20:00Z,65.85,1946.71,172.00,1276.94,57.80,1882.91,174.77,890.03,70.93,1928.44,172.26,1106.05,55.81,1811.73,175.54,941.84,341.39,86.39,99.68,305.17,1870.26,3545.32,3.00,149.76,167.23,659.28,2.74,985.49,61.36,535.42
2026-02-24T06:30:00Z,65.95,1925.94,172.18,1300.08,57.68,1882.72,174.27,899.30,70.57,1934.48,172.65,1101.52,55.33,1815.27,175.87,927.87,343.56,85.21,100.63,310.54,1881.94,3545.65,2.37,151.40,167.13,658.00,3.33,989.28,61.29,530.86
2026-02-24T06:40:00Z,66.03,1923.66,172.48,1293.53,57.24,1885.63,174.84,891.42,71.02,1937.33,172.73,1095.95,54.71,1834.23,176.20,910.15,336.72,86.52,100.24,301.24,1865.50,3560.04,2.48,150.67,165.07,653.93,3.01,987.36,61.41,553.47
2026-02-24T06:50:00Z,66.01,1923.14,172.43,1297.43,57.37,1890.82,174.51,893.01,70.97,1936.99,172.67,1097.26,54.87,1824.85,175.88,914.10,333.81,85.46,99.64,303.27,1869.48,3552.21,2.77,152.40,161.60,649.45,2.91,983.24,62.43,529.39
2026-02-24T07:00:00Z,65.92,1936.54,172.72,1292.77,57.31,1889.46,173.93,902.56,71.05,1929.77,173.24,1104.09,54.90,1819.81,175.34,902.91,335.22,84.80,100.83,298.22,1863.93,3562.30,2.70,152.58,160.89,653.21,2.75,984.25,61.84,546.29
2026-02-24T07:10:00Z,65.86,1939.76,171.88,1278.02,58.12,1888.57,173.75,902.91,70.76,1922.95,174.20,1118.92,54.92,1817.77,175.43,907.79,334.79,82.70,100.57,297.14,1863.63,3558.68,2.55,150.79,162.96,649.79,3.10,980.67,61.48,539.48
2026-02-24T07:20:00Z,65.82,1934.27,172.80,1288.85,58.34,1882.50,173.78,901.99,70.82,1924.57,173.68,1121.28,55.05,1823.52,175.18,915.25,338.92,81.15,100.90,302.92,1867.21,3543.24,2.38,149.69,159.58,645.67,2.78,985.74,62.29,531.76
2026-02-24T07:30:00Z,65.65,1928.79,172.47,1283.22,58.21,1883.32,173.28,913.53,70.67,1932.58,172.98,1111.61,54.77,1836.16,175.14,910.77,341.43,82.95,100.09,308.93,1872.02,3562.35,2.66,150.78,166.14,658.19,2.93,990.19,61.34,544.10
2026-02-24T07:40:00Z,65.98,1924.99,172.00,1295.09,58.14,1889.38,173.42,912.21,71.17,1929.58,173.50,1099.65,54.46,1841.33,174.91,889.91,341.90,83.55,99.79,304.92,1875.53,3537.79,2.22,150.11,163.69,652.08,2.85,981.42,63.11,536.76
2026-02-24T07:50:00Z,65.93,1921.36,172.31,1293.65,58.20,1885.87,173.72,906.71,71.26,1919.17,173.31,1107.65,54.33,1847.00,175.22,900.67,343.12,85.10,100.00,310.08,1872.20,3538.70,2.36,149.99,165.38,650.22,2.88,990.64,62.87,544.02
2026-02-24T08:00:00Z,65.93,1926.47,172.07,1289.33,58.20,1875.53,174.12,903.77,71.32,1923.51,173.05,1114.05,54.10,1848.96,175.31,903.59,338.88,85.03,100.15,305.22,1868.44,3545.03,2.49,150.53,163.74,652.49,2.32,987.55,62.80,542.69
2026-02-24T08:10:00Z,66.05,1917.85,172.74,1302.27,58.79,1857.38,173.62,922.56,71.39,1917.35,172.56,1120.98,54.31,1848.63,175.89,892.92,336.32,83.80,100.03,301.58,1878.89,3558.36,2.79,151.82,163.39,651.83,3.09,999.28,61.68,536.13
2026-02-24T08:20:00Z,65.50,1930.49,172.22,1280.67,58.47,1859.88,174.08,925.00,71.81,1910.75,172.72,1132.38,54.06,1852.58,175.98,900.14,334.77,83.77,100.57,300.91,1876.22,3549.79,2.42,152.81,159.60,646.12,2.78,1002.30,60.82,533.98
2026-02-24T08:30:00Z,65.67,1931.54,172.92,1290.10,58.42,1863.63,173.77,924.88,71.60,1902.58,173.48,1136.42,53.56,1863.74,175.46,878.13,336.84,86.06,99.38,303.33,1878.49,3557.46,2.58,150.55,163.11,654.87,3.08,1010.54,61.34,539.77
2026-02-24T08:40:00Z,65.63,1933.35,172.99,1274.42,58.34,1856.15,174.11,938.70,71.82,1897.48,173.23,1136.16,53.33,1870.40,175.41,855.67,337.08,85.49,99.89,302.62,1887.46,3543.71,2.27,150.94,162.70,653.57,3.14,1028.85,62.21,554.49
2026-02-24T08:50:00Z,66.09,1928.77,173.06,1280.08,58.43,1860.34,174.27,948.58,71.32,1917.20,172.91,1143.47,53.41,1869.91,175.00,857.18,342.26,84.56,100.19,308.33,1894.95,3541.45,2.68,151.08,164.63,648.35,2.84,1039.52,61.03,533.99
2026-02-24T09:00:00Z,66.35,1905.83,173.12,1292.56,58.68,1854.94,174.16,940.66,71.45,1919.71,173.37,1140.11,53.61,1867.33,174.82,861.64,344.98,85.43,100.46,308.43,1898.46,3548.96,2.46,152.07,168.48,657.73,3.27,1045.59,61.66,550.84
2026-02-24T09:10:00Z,66.08,1913.18,172.26,1289.79,58.87,1851.00,174.57,947.75,71.65,1921.80,173.67,1129.17,53.78,1858.89,174.44,854.37,342.87,84.76,99.46,309.55,1905.64,3552.72,2.59,151.78,167.13,658.07,2.81,1061.62,63.11,546.80
2026-02-24T09:20:00Z,65.95,1928.49,171.90,1288.29,59.18,1854.47,174.63,930.99,71.85,1921.30,173.15,1129.77,53.98,1850.26,174.80,873.91,336.56,85.77,99.97,304.15,1909.25,3559.15,2.54,151.13,165.22,644.82,3.04,1057.25,63.10,527.09
2026-02-24T09:30:00Z,65.87,1936.21,172.64,1293.25,58.79,1863.81,175.39,944.62,71.28,1913.77,172.54,1136.57,54.26,1847.42,175.41,866.03,341.65,87.61,101.10,308.54,1902.22,3553.33,2.37,152.80,164.62,655.00,3.00,1067.52,62.71,547.54
2026-02-24T09:40:00Z,65.63,1931.60,173.53,1289.45,58.99,1855.01,175.34,954.38,71.20,1916.48,172.95,1125.31,54.32,1852.95,175.46,872.76,339.66,84.54,100.98,304.84,1910.74,3548.52,2.70,150.02,166.42,658.55,3.52,1082.03,62.28,549.02
2026-02-24T09:50:00Z,65.61,1930.73,173.52,1278.50,59.00,1857.85,174.76,948.69,71.57,1920.49,173.21,1126.69,54.52,1846.66,175.30,881.03,333.86,82.78,100.28,300.93,1914.64,3546.95,2.43,151.03,160.35,646.06,2.99,1086.30,62.22,528.46
2026-02-24T10:00:00Z,65.49,1932.90,173.09,1281.65,59.11,1850.96,175.27,943.68,71.31,1917.60,173.20,1130.41,54.36,1839.14,175.17,884.34,334.42,82.99,100.28,301.32,1909.86,3542.81,2.78,150.57,159.70,645.95,3.28,1090.21,60.94,537.81
2026-02-24T10:10:00Z,65.55,1927.89,172.15,1262.35,58.98,1843.76,175.42,959.98,71.40,1918.54,172.91,1115.28,54.56,1847.32,175.48,903.68,337.40,84.48,100.14,303.09,1912.48,3552.10,2.16,152.53,163.42,652.39,3.16,1097.41,61.83,537.17
2026-02-24T10:20:00Z,66.16,1932.12,172.33,1278.75,59.15,1841.23,175.90,960.98,71.56,1911.05,172.77,1120.75,54.20,1844.90,174.84,898.54,341.40,85.08,99.50,303.54,1914.91,3545.63,2.37,151.93,164.95,654.40,2.87,1106.25,61.61,538.72
2026-02-24T10:30:00Z,65.86,1920.68,172.67,1292.52,59.55,1829.39,175.55,979.67,71.80,1909.91,172.59,1133.94,54.35,1838.99,174.92,898.33,342.93,85.05,100.22,306.68,1930.17,3560.46,2.63,153.11,168.50,660.00,3.49,1121.67,62.07,547.17
2026-02-24T10:40:00Z,66.12,1924.56,172.80,1292.83,59.96,1827.26,175.43,981.51,72.12,1914.08,173.26,1137.87,54.44,1837.10,175.83,889.99,344.78,88.44,101.07,311.40,1934.68,3551.41,2.51,150.86,168.71,654.84,2.77,1134.89,62.36,540.65
2026-02-24T10:50:00Z,66.34,1922.31,173.09,1305.47,59.76,1835.55,175.95,980.73,72.05,1899.00,173.56,1122.63,54.62,1841.96,176.14,887.23,343.14,86.64,101.27,308.29,1930.57,3568.25,2.42,151.22,165.33,654.67,3.19,1143.75,63.15,549.14
2026-02-24T11:00:00Z,66.15,1914.78,172.61,1316.34,59.26,1848.89,176.38,968.12,72.06,1902.52,173.69,1142.55,54.33,1837.96,176.26,874.59,343.78,86.18,101.11,307.77,1934.05,3556.83,2.34,152.03,166.19,653.46,3.02,1143.00,61.88,545.35
2026-02-24T11:10:00Z,65.90,1935.26,172.79,1314.90,58.96,1838.17,176.17,963.51,71.34,1914.39,173.96,1139.48,54.59,1833.52,175.39,874.30,345.82,84.27,100.81,311.23,1946.90,3556.09,2.79,151.45,168.69,665.42,3.37,1166.23,63.98,553.36
2026-02-24T11:20:00Z,65.83,1931.04,172.67,1299.08,58.84,1839.93,176.01,962.45,71.17,1924.25,174.09,1131.63,54.34,1843.93,175.39,879.23,346.89,83.78,100.54,309.95,1954.69,3554.89,2.41,151.35,167.64,651.84,3.15,1174.48,64.74,526.85
2026-02-24T11:30:00Z,65.95,1933.44,172.42,1280.71,58.81,1849.55,175.77,942.92,71.14,1920.18,173.46,1114.66,54.44,1835.44,175.39,894.67,341.14,84.83,99.36,306.66,1954.58,3551.16,2.60,152.04,165.50,654.25,2.68,1172.99,63.04,535.08
2026-02-24T11:40:00Z,65.79,1927.50,171.95,1268.38,58.17,1861.65,174.96,916.99,71.16,1912.12,172.70,1094.00,54.94,1833.31,175.72,897.08,338.84,83.68,100.16,307.83,1951.50,3556.17,2.45,152.49,163.88,649.24,2.96,1183.97,62.59,542.54
2026-02-24T11:50:00Z,65.71,1931.15,172.07,1277.01,58.13,1867.84,174.87,922.87,71.04,1919.57,172.35,1101.64,54.68,1827.70,174.97,899.77,332.48,85.82,100.48,298.93,1949.39,3550.10,2.41,153.02,162.32,652.58,2.95,1192.92,62.41,531.65
2026-02-24T12:00:00Z,65.63,1943.42,172.32,1281.53,57.74,1888.30,174.75,907.67,70.88,1921.92,172.51,1117.87,55.03,1825.64,175.10,903.78,333.31,85.00,100.31,298.40,1948.19,3544.64,2.68,150.10,161.82,648.20,2.92,1194.33,62.54,551.51
2026-02-24T12:10:00Z,65.59,1940.76,171.95,1276.48,57.59,1890.07,174.48,892.84,70.85,1923.87,172.00,1119.91,54.87,1823.68,175.17,912.91,339.93,83.04,99.86,304.55,1959.92,3540.15,2.47,149.65,165.92,660.54,3.02,1211.23,62.04,546.60
2026-02-24T12:20:00Z,65.29,1941.08,171.84,1267.23,57.40,1894.03,174.16,879.01,70.73,1924.33,172.70,1109.64,54.73,1826.12,175.41,899.17,335.90,82.83,99.55,302.62,1966.35,3556.83,2.42,151.36,161.17,650.74,2.89,1225.36,63.35,539.43
2026-02-24T12:30:00Z,65.32,1935.05,171.17,1257.24,57.49,1883.30,174.16,883.85,71.15,1919.05,172.70,1113.98,55.07,1832.03,175.84,888.98,338.04,84.23,99.88,303.09,1973.20,3548.78,2.59,152.36,165.40,655.56,2.86,1228.14,63.15,548.72
2026-02-24T12:40:00Z,65.51,1938.02,172.02,1263.85,57.55,1891.30,173.65,892.80,70.83,1920.79,172.41,1103.20,54.47,1828.93,175.47,891.98,333.95,85.79,100.01,300.04,1963.80,3558.19,2.47,150.35,163.06,649.66,3.08,1234.88,63.01,530.18
2026-02-24T12:50:00Z,65.58,1940.34,171.91,1276.37,57.40,1898.32,173.99,894.17,70.43,1925.99,172.17,1100.29,54.64,1830.46,174.63,907.01,339.73,82.98,100.26,305.88,1967.88,3544.18,2.52,151.35,162.95,650.78,3.16,1240.76,62.07,539.00
2026-02-24T13:00:00Z,65.38,1942.16,172.16,1276.44,57.10,1891.82,173.95,874.41,69.90,1943.17,172.90,1095.01,54.94,1827.60,174.41,907.56,338.33,84.75,100.11,303.87,1975.19,3552.91,2.62,152.09,164.12,654.46,3.15,1253.49,62.90,554.49
2026-02-24T13:10:00Z,65.65,1935.70,172.00,1279.19,56.82,1900.40,173.73,869.84,69.81,1946.23,172.01,1080.49,54.55,1841.33,174.50,902.25,335.58,83.06,100.43,300.48,1985.66,3563.25,2.38,151.60,163.21,650.51,2.73,1271.59,62.67,539.58
2026-02-24T13:20:00Z,65.81,1933.19,172.58,1287.78,56.87,1900.43,173.44,883.25,69.75,1943.04,171.89,1083.31,54.94,1828.26,175.55,900.87,338.30,84.88,100.42,305.37,1994.15,3549.89,2.27,149.47,162.60,645.72,3.30,1269.88,65.07,532.29
2026-02-24T13:30:00Z,65.62,1934.05,172.62,1286.61,56.74,1897.10,173.24,895.23,70.09,1944.55,172.38,1076.03,54.82,1819.53,176.20,903.69,338.64,83.99,99.60,306.30,1993.98,3564.18,2.48,152.31,162.25,643.76,3.23,1283.95,63.78,531.62
2026-02-24T13:40:00Z,65.17,1941.60,172.24,1271.21,57.07,1890.79,173.69,876.83,70.26,1940.59,171.79,1079.31,54.87,1829.40,175.94,909.70,336.57,83.28,99.00,303.28,1992.82,3543.90,2.61,151.95,163.87,647.46,3.00,1289.35,64.33,538.29
2026-02-24T13:50:00Z,65.18,1950.17,172.65,1266.80,57.20,1898.14,173.96,874.50,70.39,1944.66,171.72,1088.86,55.05,1821.58,176.11,923.57,337.15,82.52,99.57,303.81,1999.58,3535.75,2.42,154.43,164.28,651.18,2.60,1301.36,65.43,538.16
2026-02-24T14:00:00Z,64.95,1953.12,172.70,1260.10,57.24,1893.23,174.36,876.40,70.29,1934.25,171.65,1099.85,55.06,1828.15,175.92,911.80,338.54,,99.81,304.85,1863.32,3547.65,2.26,149.85,166.76,654.03,3.16,988.60,64.36,536.08
2026-02-24T14:10:00Z,64.99,1957.19,172.13,1260.31,57.50,1894.36,173.38,868.23,70.54,1927.17,171.75,1114.12,54.83,1826.66,176.10,903.36,335.06,83.15,100.14,300.83,1863.54,3536.05,2.55,150.27,162.75,658.65,2.79,981.97,63.24,546.76
2026-02-24T14:20:00Z,65.04,1956.21,172.57,1269.39,57.55,1890.59,173.89,881.05,69.98,1944.03,171.98,1102.91,55.15,1829.46,175.63,915.94,333.30,83.08,100.43,299.03,1873.62,3548.10,2.55,151.14,161.83,643.82,2.69,986.68,62.31,537.13
2026-02-24T14:30:00Z,64.73,1952.93,172.24,1261.45,57.51,1891.71,173.41,888.21,69.96,1949.91,172.31,1083.77,55.11,1838.43,176.07,905.45,335.19,81.64,100.62,301.22,1866.86,3555.09,2.69,150.42,159.26,646.16,3.01,976.57,62.04,524.64
2026-02-24T14:40:00Z,64.57,1947.44,172.08,1254.14,57.55,1882.80,174.74,891.00,69.76,1944.01,171.39,1080.54,55.21,1830.29,175.74,901.39,332.61,81.05,100.64,300.66,1861.13,3553.62,2.63,151.67,160.59,651.43,2.99,978.17,62.23,539.99
2026-02-24T14:50:00Z,64.79,1955.27,172.27,1255.26,58.03,1880.99,173.56,888.00,69.63,1954.68,171.47,1078.24,55.18,1820.26,175.29,922.32,337.24,82.79,101.56,304.31,1869.03,3556.84,2.55,151.41,161.90,653.55,3.10,987.39,62.10,543.20
2026-02-24T15:00:00Z,65.11,1952.07,171.87,1252.39,58.25,1872.74,173.87,902.46,69.90,1942.12,172.21,1079.63,55.03,1819.33,175.50,920.78,335.37,82.14,100.98,302.15,1864.51,3559.85,2.45,150.25,166.06,660.98,2.98,991.13,62.33,545.86
2026-02-24T15:10:00Z,65.21,1939.55,172.02,1255.73,58.43,1854.17,174.25,915.53,70.16,1939.14,171.87,1069.39,54.74,1830.32,175.46,902.59,336.72,82.79,100.67,301.99,1859.48,3543.53,2.54,150.20,164.59,662.46,2.85,970.26,61.12,541.08
2026-02-24T15:20:00Z,65.01,1942.95,171.68,1264.39,58.79,1855.74,174.50,918.55,69.94,1956.67,171.70,1060.75,54.73,1830.93,175.61,898.90,,83.35,101.15,304.29,1868.83,3551.47,2.60,150.83,162.62,642.26,3.02,987.55,60.99,528.84
2026-02-24T15:30:00Z,65.05,1951.64,171.25,1260.11,58.84,1854.49,174.14,932.03,69.68,1968.12,171.79,1062.44,54.71,1839.19,175.59,902.57,339.47,85.30,100.16,306.17,1875.68,3555.88,2.55,150.08,163.62,653.85,3.12,983.50,61.79,546.87
2026-02-24T15:40:00Z,65.45,1938.80,171.73,1266.63,58.89,1846.72,174.82,932.75,69.78,1961.05,171.48,1062.41,54.73,1838.67,175.19,888.57,338.21,84.54,100.41,302.16,1864.72,3554.00,2.49,149.95,163.47,647.92,2.84,978.75,62.13,547.88
2026-02-24T15:50:00Z,65.42,1950.74,172.21,1256.50,58.98,1832.83,174.59,954.86,69.73,1951.22,171.62,1068.49,54.12,1841.79,174.69,880.77,339.28,86.55,100.61,303.98,1867.25,3545.63,2.61,150.55,167.17,660.69,3.31,988.01,62.19,534.71
2026-02-24T16:00:00Z,65.79,1937.63,173.41,1272.22,59.07,1841.93,174.48,949.03,70.26,1958.11,172.03,1073.89,54.37,1840.51,174.66,877.30,339.74,85.77,99.93,309.73,1876.97,3537.04,2.27,149.59,165.66,651.54,3.30,987.56,61.75,542.52
2026-02-24T16:10:00Z,66.08,1929.72,173.11,1279.78,59.10,1839.85,175.44,947.74,70.31,1942.65,171.85,1088.11,54.12,1845.92,174.31,885.75,337.60,85.47,100.99,307.32,1878.99,3546.79,2.48,150.82,164.82,656.84,3.25,978.32,61.30,537.32
2026-02-24T16:20:00Z,65.97,1924.44,,1281.55,59.30,1848.80,175.45,959.92,69.91,1946.29,172.03,1069.01,54.08,1849.45,174.89,895.34,340.60,85.94,100.88,306.93,1877.32,3545.78,2.35,151.15,166.80,659.99,3.09,995.04,,551.58
2026-02-24T16:30:00Z,66.19,1921.66,172.54,1298.01,59.15,1845.75,176.06,951.04,69.50,1952.43,172.35,1072.05,53.96,1859.26,175.39,888.76,335.53,85.65,100.88,306.82,1866.80,3527.01,2.44,150.22,163.91,654.41,2.66,981.63,61.60,542.59
2026-02-24T16:40:00Z,65.74,1937.41,172.56,1283.16,59.78,1838.61,175.91,965.70,69.94,1947.14,171.96,1080.20,53.82,1858.12,174.68,872.14,335.12,86.76,100.05,303.01,1872.67,3541.20,2.35,149.56,164.36,654.03,3.13,984.25,62.13,546.11
2026-02-24T16:50:00Z,65.83,1930.04,172.53,1279.82,59.60,1831.56,175.71,971.79,70.32,1947.15,171.18,1061.69,54.04,1855.13,174.74,864.49,332.78,84.53,99.37,299.74,1865.28,3547.24,2.58,150.48,159.33,652.38,2.92,979.99,60.78,539.55
2026-02-24T17:00:00Z,66.19,1928.05,172.68,1286.01,59.25,1845.50,175.46,980.08,70.29,1949.51,171.03,1065.69,53.86,1866.95,174.85,858.55,332.87,83.30,99.68,299.91,1876.32,3562.42,2.48,151.31,161.57,651.33,2.55,990.02,59.88,543.21
2026-02-24T17:10:00Z,66.17,1924.09,172.91,1283.76,59.12,1849.73,175.28,945.27,70.49,1935.28,171.55,1069.08,53.78,1853.69,175.25,872.73,337.77,82.62,100.23,304.95,1868.41,3545.78,2.92,150.49,162.09,658.31,3.36,979.30,59.64,538.25
2026-02-24T17:20:00Z,65.93,1930.27,172.44,1277.88,59.08,1853.95,175.65,949.60,70.52,1942.73,171.98,1081.82,53.90,1853.83,175.35,867.03,334.56,86.33,99.65,300.28,1867.12,3553.22,2.57,150.25,165.68,650.02,2.98,981.97,58.89,547.14
2026-02-24T17:30:00Z,65.97,1938.87,172.62,1282.80,58.91,1855.69,175.13,947.57,70.82,1938.48,172.19,1097.22,54.26,1850.44,175.04,866.82,335.57,83.88,99.76,299.57,1867.86,3532.29,2.26,149.93,160.49,650.50,2.95,980.83,61.93,539.54
2026-02-24T17:40:00Z,65.83,1928.46,172.83,1272.07,59.01,1849.08,175.48,943.06,70.88,1931.73,172.67,1109.51,54.35,1842.24,174.66,871.04,335.76,83.11,99.44,300.84,1862.54,3540.54,2.42,150.46,162.48,652.53,2.56,979.98,61.36,538.84
2026-02-24T17:50:00Z,65.99,1916.27,172.57,1272.99,59.14,1851.63,175.09,945.95,71.14,1931.80,172.93,1108.27,54.47,1845.14,175.00,895.64,337.16,84.95,99.92,303.26,1875.97,3553.93,2.54,152.69,162.42,648.16,2.98,990.06,62.32,533.58
2026-02-24T18:00:00Z,65.82,1914.89,172.87,1294.33,59.18,1853.78,174.67,936.82,71.42,1914.43,173.09,1133.28,54.46,1839.70,175.33,885.79,345.82,84.11,99.65,306.60,1878.14,3550.22,2.34,150.77,167.90,658.90,3.13,990.94,61.27,545.21
2026-02-24T18:10:00Z,65.75,1920.65,172.45,1294.71,59.40,1847.51,175.58,939.23,71.52,1922.07,172.79,1125.61,54.50,1836.45,175.66,891.97,342.45,86.32,99.38,309.73,1870.36,3544.62,2.75,150.79,164.71,645.54,3.07,993.72,61.23,534.54
2026-02-24T18:20:00Z,65.77,1924.25,173.11,1280.70,59.28,1850.23,174.92,,71.29,1930.28,172.90,1109.91,54.25,1831.10,175.32,886.99,340.14,84.51,99.84,305.53,1873.05,3544.30,2.68,149.80,162.15,654.36,2.98,992.62,61.99,536.01
2026-02-24T18:30:00Z,65.69,1940.00,172.75,1276.81,59.03,1850.57,174.83,950.61,71.33,1918.80,173.54,1121.25,54.59,1829.04,174.96,896.19,342.08,86.47,99.53,304.28,1876.93,3542.14,2.37,151.07,166.69,654.34,2.96,985.49,61.63,543.96
2026-02-24T18:40:00Z,65.62,1925.24,172.55,1276.51,59.00,1851.48,174.41,946.28,71.29,1920.54,173.18,1124.55,55.01,1837.74,175.73,906.64,339.81,84.80,100.23,304.72,1875.09,3557.44,2.72,150.54,162.33,653.10,2.88,991.42,60.84,537.91
2026-02-24T18:50:00Z,65.55,1928.94,172.52,1275.75,58.80,1862.42,174.33,925.42,71.25,1918.01,173.24,1133.15,54.85,1832.71,176.54,903.68,339.44,83.69,99.96,306.88,1879.06,3560.75,2.32,151.46,164.22,645.78,3.05,982.43,62.17,532.15
2026-02-24T19:00:00Z,65.56,1924.57,172.86,1270.10,58.31,1863.32,174.46,916.86,71.59,1917.73,173.06,1117.32,54.55,1834.19,175.62,883.33,338.38,83.52,100.79,306.69,1868.50,3558.08,2.41,151.06,164.16,653.88,2.61,989.04,62.84,543.76
2026-02-24T19:10:00Z,65.21,1937.81,172.19,1268.32,58.50,1868.79,174.34,907.60,71.70,1919.10,173.63,1123.48,54.55,1842.62,175.74,886.86,334.90,84.35,100.99,299.36,1864.88,3559.85,2.44,150.41,161.85,653.17,3.34,983.26,62.19,548.38
2026-02-24T19:20:00Z,65.34,1939.84,171.78,1269.90,58.41,1856.64,173.93,919.52,71.65,1911.09,173.23,1142.57,54.38,1839.51,174.59,885.30,336.73,84.59,100.55,304.28,1871.76,3548.91,2.28,149.91,162.20,653.63,2.95,983.27,62.67,543.03
2026-02-24T19:30:00Z,65.58,1938.17,171.36,1277.92,58.58,1863.67,174.05,921.48,71.74,1900.02,173.38,1141.39,54.25,1841.90,175.25,895.02,339.01,84.21,100.81,307.53,1872.44,3561.18,2.51,150.24,162.37,648.79,3.26,989.24,62.27,539.13
2026-02-24T19:40:00Z,65.61,1933.29,172.28,1276.71,58.56,1863.18,174.31,926.93,71.83,1893.85,172.72,1146.95,54.17,1842.83,175.00,892.54,334.74,86.45,100.91,298.62,1864.53,3548.95,2.60,150.99,163.85,657.75,2.89,980.23,60.66,541.83
2026-02-24T19:50:00Z,65.88,1936.00,172.34,1267.88,58.90,1855.16,174.65,937.01,71.78,1899.86,172.28,1143.18,54.43,1842.00,174.82,893.60,335.94,88.54,99.86,303.08,1871.45,3561.85,2.77,150.48,162.19,651.70,2.84,980.69,59.91,541.43
2026-02-24T20:00:00Z,66.21,1930.50,172.00,1282.61,58.78,1857.31,175.60,932.80,71.71,1907.81,172.58,1147.40,54.34,1849.65,175.25,887.53,339.67,87.09,99.38,307.22,1879.04,3550.80,2.32,150.80,165.27,655.10,3.11,989.17,60.62,539.66
2026-02-24T20:10:00Z,66.11,1919.60,171.33,1288.29,59.03,1859.32,175.65,936.59,71.22,1905.32,172.81,1130.44,53.94,1855.79,174.24,880.44,341.67,87.98,99.99,306.32,1867.82,3555.45,2.60,151.99,161.33,641.97,3.18,986.07,63.33,518.41
2026-02-24T20:20:00Z,66.11,1920.38,171.58,1300.19,58.72,1856.95,175.67,951.81,71.40,1910.01,172.59,1125.91,53.95,1847.70,174.35,866.03,339.24,86.85,99.33,304.22,1876.75,3551.08,2.61,152.39,162.93,653.54,2.98,994.41,61.72,532.99
2026-02-24T20:30:00Z,66.44,1922.11,172.76,1316.72,59.02,1861.24,175.69,955.34,71.26,1915.61,173.36,1125.31,54.05,1836.75,175.41,877.69,333.33,87.36,100.25,301.61,1869.31,3542.84,2.62,150.27,165.43,655.81,2.86,977.29,62.88,533.14
2026-02-24T20:40:00Z,66.49,1916.16,172.73,1311.45,58.85,1857.54,174.48,938.50,71.45,1917.35,173.43,1135.86,53.87,1845.36,175.44,867.44,336.84,86.88,101.35,304.55,1868.35,3551.63,2.41,150.33,166.15,656.13,3.03,982.37,62.01,542.19
2026-02-24T20:50:00Z,66.14,1920.52,172.43,1312.15,58.62,1861.29,173.97,926.96,71.57,1910.83,173.45,1137.22,54.22,1847.54,175.75,888.18,339.08,85.15,100.38,304.70,1873.42,3541.16,2.74,150.76,164.55,656.49,2.94,988.58,59.65,535.84
2026-02-24T21:00:00Z,66.02,1920.84,173.00,1299.12,58.92,1853.51,175.00,935.90,71.86,1901.58,173.91,1152.96,54.20,1845.21,174.68,884.08,340.09,86.03,100.36,304.76,1881.28,3565.31,2.19,150.81,162.19,649.49,2.85,993.79,60.10,548.16
2026-02-24T21:10:00Z,65.82,1919.21,172.53,1286.15,59.08,1859.65,175.06,930.81,72.07,1903.20,174.36,1151.01,54.22,1848.68,174.28,879.30,339.28,85.93,101.07,306.78,1880.01,3562.87,2.68,151.69,164.39,654.00,3.05,991.51,60.68,543.12
2026-02-24T21:20:00Z,65.73,1921.46,173.49,1280.85,59.28,1840.56,175.32,946.53,72.13,1906.17,173.43,1124.26,54.31,1844.00,174.96,888.45,338.79,85.93,101.53,307.54,1861.42,3564.15,2.53,151.70,164.53,649.49,3.02,980.63,59.02,552.09
2026-02-24T21:30:00Z,66.18,1921.46,173.13,1300.51,59.26,1848.95,174.64,947.30,72.46,1892.68,173.53,1141.26,54.33,1843.04,175.26,886.87,347.55,85.66,100.14,317.40,1891.61,3556.74,2.53,150.72,167.80,652.96,2.65,991.40,60.70,532.74
2026-02-24T21:40:00Z,66.12,1918.07,172.63,1297.63,58.78,1853.77,174.68,937.95,72.00,1900.41,172.77,1157.77,54.55,1839.90,175.01,882.10,342.48,89.56,99.97,305.84,1873.96,3546.90,2.71,152.07,165.58,658.47,2.80,989.77,61.45,553.02
2026-02-24T21:50:00Z,66.26,1917.15,173.42,1307.85,58.72,1861.33,174.53,946.87,71.87,1890.90,173.21,1157.60,54.54,1838.24,174.80,893.75,342.48,88.12,100.01,307.42,1867.52,3537.55,2.59,149.78,163.18,648.94,3.45,977.63,62.03,531.26
2026-02-24T22:00:00Z,66.48,1920.66,173.61,1307.25,58.74,1863.93,174.74,949.98,71.65,1907.58,173.73,1149.50,54.64,1839.51,175.12,880.03,341.19,86.69,100.62,305.72,1872.56,3553.96,2.35,149.86,165.32,652.71,3.20,982.61,61.17,543.93
2026-02-24T22:10:00Z,66.12,1914.74,173.23,1311.01,58.64,1864.54,175.06,925.67,71.52,1911.31,173.59,1134.21,54.59,1833.77,175.60,888.35,339.63,85.75,100.54,306.84,1867.89,3542.68,2.48,150.47,161.48,646.64,3.18,985.28,60.08,535.57
2026-02-24T22:20:00Z,65.92,1919.70,172.45,1300.50,58.37,1873.20,174.83,920.85,71.85,1906.18,173.45,1145.07,54.33,1838.84,175.53,901.20,340.05,86.35,100.97,307.33,1878.49,3563.55,2.47,150.89,166.06,659.65,3.05,990.10,60.86,545.16
2026-02-24T22:30:00Z,66.12,1922.20,172.84,1289.15,58.44,1871.81,174.90,916.50,71.88,1896.89,173.49,1159.08,54.47,1852.77,175.63,892.62,340.42,85.94,100.81,308.97,1878.04,3545.95,2.84,150.95,164.73,651.71,3.03,990.32,60.66,550.15
2026-02-24T22:40:00Z,66.37,1921.35,172.27,1299.78,58.46,1863.04,174.97,926.79,72.01,1909.44,172.97,1143.47,54.41,1845.55,176.00,903.11,342.60,84.76,100.00,311.54,1872.80,3555.00,2.49,150.54,165.39,655.20,3.34,986.74,60.84,557.09
2026-02-24T22:50:00Z,66.33,1924.04,173.65,1300.46,58.00,1880.49,175.01,917.03,72.10,1898.74,173.32,1149.38,54.66,1828.35,176.11,903.42,341.86,85.33,100.10,304.66,1874.61,3549.83,2.43,150.10,169.34,657.53,3.02,987.84,60.03,552.96
2026-02-24T23:00:00Z,66.05,1922.66,173.03,1315.77,57.56,1877.11,174.53,930.59,71.93,1902.11,173.74,1148.77,54.59,1827.72,175.61,900.06,338.53,86.29,99.79,304.74,1871.78,3555.07,2.47,151.54,163.76,651.74,3.02,983.90,62.17,537.35
2026-02-24T23:10:00Z,65.66,1941.15,173.03,1303.05,57.06,1881.98,174.43,916.31,71.84,1895.17,173.37,1146.72,54.64,1829.91,176.06,907.21,339.91,86.40,100.29,304.13,1874.30,3543.39,2.82,150.95,165.70,663.62,3.41,983.87,61.51,546.26
2026-02-24T23:20:00Z,65.87,1921.06,172.37,1294.50,57.56,1879.37,173.69,903.52,71.64,1901.13,172.52,1140.19,54.67,1842.75,175.00,890.86,343.78,85.89,100.37,308.14,1876.45,3556.51,2.44,151.75,166.61,656.31,3.10,987.23,60.80,546.60
2026-02-24T23:30:00Z,65.62,1927.82,172.99,1298.48,57.65,1885.86,173.05,902.57,71.89,1903.39,173.02,1150.20,54.63,1840.01,174.86,892.61,342.56,87.09,99.52,307.97,1875.32,3557.37,2.37,148.54,167.04,657.02,2.61,995.39,60.92,542.29
2026-02-24T23:40:00Z,66.05,1926.23,172.87,1295.38,57.81,1878.72,173.61,899.97,72.04,1900.81,172.97,1160.84,54.40,1835.19,175.13,887.14,339.47,85.13,100.10,306.21,1877.03,3545.95,2.55,153.25,166.28,651.30,3.02,984.70,62.08,539.53
2026-02-24T23:50:00Z,65.76,1934.51,172.50,1279.45,58.06,1868.93,174.27,911.52,71.87,1908.78,173.30,1131.12,54.69,1836.32,175.49,879.88,337.18,83.29,99.86,305.96,1875.14,3546.35,2.54,151.85,162.69,650.36,2.95,987.04,61.87,547.51
2026-02-25T00:00:00Z,65.78,1939.90,173.21,1275.49,58.19,1869.27,173.90,911.60,71.71,1914.64,172.81,1138.43,54.87,1831.59,175.01,899.79,336.15,83.57,99.50,302.04,1872.07,3570.52,2.51,151.40,163.31,644.47,3.23,984.24,62.97,533.76
2026-02-25T00:10:00Z,65.77,1939.06,172.53,1273.88,57.98,1872.60,174.55,915.24,71.40,1914.24,173.03,1150.92,55.25,1815.44,175.82,915.23,337.05,84.63,100.24,303.54,1869.64,3544.59,2.49,151.78,161.19,648.15,2.77,989.10,61.70,532.50
2026-02-25T00:20:00Z,65.73,1929.03,,1271.18,57.95,1873.59,174.16,914.21,71.14,1922.31,173.47,1128.97,55.33,1823.18,176.27,916.96,337.57,84.94,100.06,304.36,1867.56,3557.92,2.58,151.13,164.60,653.08,2.78,973.62,61.97,550.59
2026-02-25T00:30:00Z,65.97,1949.03,171.76,1288.20,57.84,1884.91,174.27,926.28,71.12,1925.83,173.24,1111.67,55.63,1813.26,176.40,926.33,338.12,84.44,100.05,300.92,1864.48,3543.82,2.48,150.70,166.06,645.54,2.86,982.32,62.20,537.42
2026-02-25T00:40:00Z,65.72,1940.66,171.53,1284.70,58.13,1872.60,174.12,915.33,71.10,1913.13,173.88,1110.67,55.96,1806.72,176.57,927.50,339.54,83.01,100.62,306.07,1872.10,3531.00,2.46,149.50,163.92,654.26,2.70,984.13,61.19,547.97
2026-02-25T00:50:00Z,65.71,1923.22,172.17,1275.74,58.28,1880.30,174.74,921.18,71.28,1917.91,173.58,1116.06,55.77,1803.94,176.16,951.00,342.96,83.98,100.14,307.89,1881.36,3555.54,2.37,149.69,167.31,658.10,3.11,995.65,60.66,542.22
2026-02-25T01:00:00Z,65.48,1927.59,171.96,1287.76,58.25,1868.84,174.29,907.05,71.16,1913.46,173.34,1116.97,55.98,1802.21,176.88,940.58,347.12,85.13,100.20,312.09,1883.57,3554.69,2.42,149.07,171.80,664.94,2.84,992.58,59.86,555.07
2026-02-25T01:10:00Z,65.88,1917.41,171.36,1294.38,57.98,1877.98,173.97,910.24,71.15,1918.25,172.76,1118.82,55.74,1807.62,176.85,927.12,342.42,84.52,100.89,305.58,1874.70,3561.31,2.61,149.48,167.31,655.92,3.16,978.82,60.69,550.22
2026-02-25T01:20:00Z,65.23,1929.54,171.95,1273.72,58.01,1879.24,174.39,919.99,71.07,1920.95,172.72,1109.87,55.44,1804.23,176.23,928.36,340.28,85.05,100.63,304.97,1873.59,3559.64,2.44,152.24,164.85,647.74,2.96,986.00,61.99,536.58
2026-02-25T01:30:00Z,65.13,1948.98,171.83,1273.90,57.91,1873.58,174.01,924.76,70.97,1918.76,172.48,1106.86,55.28,1809.28,176.44,925.81,340.95,83.56,100.42,309.34,1882.61,3546.43,2.36,150.39,167.33,653.55,3.17,997.60,62.26,539.13
2026-02-25T01:40:00Z,64.95,1959.80,172.65,1259.40,57.89,1886.35,173.80,903.11,71.09,1928.64,172.32,1124.23,55.71,1812.42,176.34,919.30,339.43,84.08,100.67,305.85,1872.44,3558.97,2.28,152.06,167.70,655.78,2.80,986.41,63.09,541.54
2026-02-25T01:50:00Z,64.55,1961.90,171.80,1244.23,57.64,1876.61,174.48,904.88,70.79,1922.02,172.72,1119.64,55.76,1803.61,175.65,910.37,338.82,84.45,100.18,305.51,1876.27,3553.13,2.38,150.08,166.71,656.43,2.91,990.05,60.87,535.13
2026-02-25T02:00:00Z,64.32,1959.99,171.63,1227.38,57.86,1868.04,175.08,912.03,70.65,1931.27,172.65,1116.71,55.84,1798.28,175.59,924.95,339.21,84.16,99.66,305.17,1869.86,3543.71,2.32,152.09,165.93,650.28,3.03,981.63,59.73,532.04
2026-02-25T02:10:00Z,64.72,1944.03,172.25,1234.52,57.71,1882.32,175.11,919.72,70.66,1935.73,172.95,1109.77,55.94,1806.90,176.21,937.35,338.35,86.42,99.34,303.97,1866.21,3543.57,2.48,151.51,164.71,649.34,2.98,984.91,60.34,533.25
2026-02-25T02:20:00Z,64.67,1951.70,172.04,1242.57,57.82,1876.77,174.97,916.73,70.29,1938.81,173.31,1104.93,56.06,1812.47,176.61,950.75,336.39,86.20,100.17,302.19,1860.71,3537.81,2.89,149.56,162.81,648.31,3.12,982.18,58.87,550.12
2026-02-25T02:30:00Z,65.26,1943.98,171.77,1264.92,57.94,1865.33,174.16,914.52,69.90,1951.44,173.22,1085.09,56.02,1806.49,176.72,939.84,339.38,83.70,99.92,307.92,1871.49,3548.81,2.45,149.76,164.33,654.11,2.97,984.88,59.74,544.95
2026-02-25T02:40:00Z,64.91,1949.28,172.34,1261.49,58.03,1875.93,174.56,917.90,70.18,1945.03,172.91,1080.05,55.70,1807.35,176.69,947.79,344.22,83.06,99.75,307.00,1884.64,3538.77,2.62,151.55,166.15,655.34,3.08,999.00,59.17,540.87
2026-02-25T02:50:00Z,65.34,1939.12,170.92,1261.87,58.65,1866.25,173.84,919.22,70.41,1938.19,172.23,1082.52,55.83,1805.28,176.88,944.63,339.26,85.41,99.41,302.92,1870.88,3546.95,2.42,151.25,166.05,653.52,2.93,987.33,60.87,542.50
2026-02-25T03:00:00Z,64.86,1945.00,171.24,1252.44,58.06,1869.55,173.41,916.31,70.14,1948.05,172.25,1070.75,55.91,1798.03,176.42,943.59,341.32,86.85,100.13,301.78,1867.88,3550.20,2.67,151.73,165.60,649.56,2.90,990.89,60.98,544.68
2026-02-25T03:10:00Z,64.78,1952.36,172.14,1254.05,58.06,1875.20,174.36,920.22,70.32,1944.94,171.43,1077.23,56.12,1790.94,176.66,946.18,331.50,87.37,100.14,300.65,1870.49,3547.42,2.52,150.65,162.34,648.25,3.01,985.69,62.26,534.21
2026-02-25T03:20:00Z,64.60,1962.35,172.06,1238.94,57.74,1884.26,174.23,907.43,70.55,1926.37,171.33,1096.85,56.19,1788.00,175.88,943.38,336.85,84.67,99.62,301.14,1870.22,3552.20,2.62,150.78,163.58,645.37,3.02,987.63,60.60,538.07
2026-02-25T03:30:00Z,64.73,1961.96,171.61,1224.94,57.70,1881.38,174.59,892.16,70.41,1933.27,171.29,1094.53,56.60,1777.48,176.56,971.67,340.46,86.08,99.87,307.52,1867.53,3541.51,2.50,151.52,167.29,656.06,3.58,982.05,61.41,548.49
2026-02-25T03:40:00Z,65.39,1944.92,171.58,1241.01,57.90,1880.85,174.54,891.44,70.59,1937.85,172.31,1111.20,56.48,1788.96,176.54,976.88,337.06,83.11,100.17,305.37,1871.66,3549.16,2.22,149.76,164.31,658.35,3.24,983.94,60.89,545.10
2026-02-25T03:50:00Z,65.71,1934.58,171.90,1259.24,58.21,1879.18,174.08,903.50,69.95,1956.51,171.89,1083.69,56.51,1790.08,176.22,982.24,341.11,83.07,100.25,304.53,1858.16,3539.57,2.44,149.55,165.22,654.21,2.34,980.15,61.81,537.03
2026-02-25T04:00:00Z,65.48,1936.52,171.97,1263.78,58.26,1880.69,174.40,912.39,69.72,1951.36,171.55,1079.43,56.69,1787.54,176.99,976.40,336.77,83.84,100.49,301.11,1864.90,3544.70,2.48,150.14,164.84,659.18,3.06,989.23,61.38,543.26
2026-02-25T04:10:00Z,65.50,1940.77,171.59,1265.10,58.17,1862.48,175.25,935.22,69.88,1951.68,172.16,1076.74,56.79,1778.20,177.04,977.36,342.47,86.51,101.01,307.40,1878.79,3556.75,2.48,151.69,166.74,653.93,3.35,989.64,61.15,533.05
2026-02-25T04:20:00Z,65.61,1936.39,172.12,1274.58,58.53,1856.31,175.13,943.10,69.73,1950.84,172.15,1080.05,56.58,1777.03,176.61,979.12,338.01,86.25,100.48,304.49,1872.42,3540.34,2.45,151.46,163.04,651.05,2.87,987.55,60.22,530.73
2026-02-25T04:30:00Z,66.05,1923.25,171.87,1287.14,58.70,1857.18,175.21,952.48,69.67,1947.91,172.42,1079.60,56.70,1789.15,176.90,969.67,338.58,83.28,99.90,309.15,1872.59,3551.06,2.23,151.38,164.80,652.78,3.02,985.52,61.77,548.87
2026-02-25T04:40:00Z,66.17,1922.62,171.66,1296.99,58.82,1855.17,175.07,948.28,69.84,1948.10,172.56,1076.14,56.39,1783.88,177.05,976.55,344.27,82.80,100.08,309.48,1877.96,3546.61,2.40,149.84,165.56,656.52,3.05,984.13,61.87,543.41
2026-02-25T04:50:00Z,65.90,1927.00,172.06,1274.76,59.28,1848.53,175.07,951.57,70.10,1939.16,171.56,1085.07,56.28,1791.00,176.83,967.64,345.58,83.98,100.45,314.46,1873.36,3556.46,2.40,150.07,166.47,666.59,2.64,988.54,61.34,539.38
2026-02-25T05:00:00Z,65.90,1927.75,171.72,1268.68,58.61,1862.83,175.01,947.32,70.07,1941.31,171.71,1081.77,56.45,1783.17,176.51,969.05,337.26,86.02,100.09,304.25,1870.80,3553.95,2.35,150.28,164.77,650.40,3.35,987.72,62.77,540.49
2026-02-25T05:10:00Z,66.18,1919.93,171.70,1281.66,58.18,1868.37,174.93,929.43,70.38,1938.68,172.11,1080.22,56.27,1781.66,177.07,965.44,340.99,84.63,100.27,306.95,1877.99,3537.58,2.71,148.98,167.12,657.65,3.23,982.04,61.47,549.96
2026-02-25T05:20:00Z,66.09,1925.43,171.90,1273.91,58.24,1872.33,174.50,932.64,70.36,1932.81,172.37,1081.37,56.06,1802.89,177.23,975.76,342.99,84.93,100.56,304.59,1868.01,3547.78,2.31,152.15,164.19,650.83,3.05,981.60,61.37,537.07
2026-02-25T05:30:00Z,66.24,1937.53,171.85,1265.57,58.21,1871.16,174.65,926.59,70.37,1942.27,172.31,1083.25,56.36,1810.24,176.49,946.44,343.14,85.76,100.99,306.19,1875.68,3555.99,2.58,150.97,166.31,661.98,3.43,991.33,61.07,547.56
2026-02-25T05:40:00Z,65.72,1949.46,171.54,1251.74,57.88,1882.05,173.90,914.67,70.51,1931.28,172.84,1094.68,55.98,1799.80,177.04,958.88,340.01,85.67,99.93,307.50,1873.73,3550.00,2.54,150.08,164.13,646.46,2.77,982.98,60.96,530.71
2026-02-25T05:50:00Z,65.30,1939.48,172.22,1265.24,57.89,1880.65,174.19,891.77,70.43,1929.78,172.43,1096.95,56.38,1788.60,176.30,954.47,342.69,84.17,100.06,307.47,1878.33,3552.00,2.43,149.94,168.18,653.73,2.90,988.86,61.42,539.25
2026-02-25T06:00:00Z,64.93,1949.35,172.46,1268.16,57.54,1878.03,173.65,896.68,70.46,1935.95,172.55,1086.95,56.64,1789.92,176.28,954.43,339.62,84.18,100.45,304.78,1871.85,3554.96,2.44,150.62,164.60,658.13,2.85,987.58,62.76,536.03
2026-02-25T06:10:00Z,65.08,1947.43,172.09,1263.41,57.77,1880.91,173.88,898.04,70.30,1948.79,172.99,1079.74,56.57,1780.60,176.59,975.21,334.02,84.52,100.92,304.81,1871.37,3544.01,2.58,151.14,162.96,650.35,2.98,986.89,62.10,531.29
2026-02-25T06:20:00Z,65.00,1958.41,172.29,1245.51,57.91,1875.68,174.22,910.52,70.33,1942.66,171.75,1075.12,56.28,1799.24,176.99,954.54,336.63,85.97,100.53,302.40,1863.20,3560.92,2.27,150.89,162.20,648.29,3.34,984.61,60.86,539.91
2026-02-25T06:30:00Z,64.83,1953.13,172.74,1241.96,57.84,1880.94,173.69,913.32,70.03,1946.80,171.40,1067.20,56.15,1806.55,176.63,956.01,334.50,86.16,100.46,302.92,1870.28,3545.66,2.43,151.03,161.98,646.41,2.95,983.48,60.96,549.71
2026-02-25T06:40:00Z,65.05,1955.11,172.39,1247.28,57.83,1874.94,173.90,918.32,70.11,1943.58,171.53,1079.88,55.87,1801.87,177.24,967.55,340.12,85.98,100.59,308.42,1869.12,3549.50,2.44,151.55,165.21,656.45,3.13,983.71,61.70,544.10
2026-02-25T06:50:00Z,64.88,1954.81,172.90,1247.80,58.07,1877.58,174.25,909.34,70.62,1934.16,172.29,1089.40,56.01,1784.58,177.06,963.28,338.18,84.69,100.28,303.41,1865.75,3558.91,2.52,150.34,164.74,652.42,2.84,971.91,61.05,536.54
2026-02-25T07:00:00Z,64.41,1948.59,172.14,1244.70,58.46,1867.52,174.81,916.42,70.63,1939.30,171.98,1094.83,55.88,1796.63,177.05,967.43,336.95,83.89,100.28,305.20,1867.64,3544.95,2.45,149.28,165.33,661.23,3.25,974.57,61.85,537.07
2026-02-25T07:10:00Z,64.31,1953.70,172.04,1253.47,58.09,1869.21,174.33,912.10,70.76,1932.18,171.44,1098.02,55.63,1786.15,176.67,971.91,341.07,84.35,99.61,306.13,1870.36,3533.54,2.66,149.85,164.86,655.01,2.61,984.98,62.24,543.23
2026-02-25T07:20:00Z,64.69,1955.44,171.68,1258.39,57.64,1880.22,174.14,908.35,70.88,1921.89,171.71,1111.54,55.72,1797.60,176.43,956.35,341.47,83.10,99.46,309.78,1878.60,3549.98,2.76,151.45,165.17,654.72,3.16,991.44,62.82,536.27
2026-02-25T07:30:00Z,64.67,1955.39,172.23,1239.88,57.57,1888.59,173.65,895.70,70.91,1919.71,172.27,1110.89,55.61,1807.03,176.36,953.05,340.10,85.02,100.24,306.82,1869.14,3552.10,2.52,150.43,163.85,657.14,2.79,994.47,61.68,545.19
2026-02-25T07:40:00Z,64.77,1949.48,170.74,1246.44,57.53,1892.77,173.99,888.52,70.84,1930.55,172.02,1102.95,55.66,1802.18,176.61,955.86,343.08,82.86,100.25,308.73,1868.98,3536.63,2.39,150.81,167.15,656.22,3.07,982.80,61.85,543.92
2026-02-25T07:50:00Z,65.01,1944.19,170.53,1253.42,57.17,1896.65,174.03,889.44,70.66,1923.60,172.47,1111.49,55.27,1807.41,176.66,929.91,342.46,84.25,99.75,307.01,1873.30,3541.74,2.50,149.68,165.24,645.88,2.75,992.54,61.80,543.23
2026-02-25T08:00:00Z,65.08,1956.50,171.08,1264.97,57.38,1891.26,173.87,888.85,70.80,1922.07,172.93,1109.78,55.35,1810.23,176.68,926.58,337.21,85.94,101.04,305.25,1869.06,3554.46,2.36,151.14,162.76,651.62,2.76,982.58,61.36,539.03
2026-02-25T08:10:00Z,65.00,1962.40,171.16,1258.67,57.58,1882.51,174.34,905.78,70.66,1927.50,172.77,1091.49,55.18,1808.05,177.02,937.63,341.94,86.50,100.72,308.38,1873.03,3536.88,2.64,150.94,166.23,656.57,3.15,985.99,61.60,532.24
2026-02-25T08:20:00Z,65.02,1947.98,171.51,1259.66,57.50,1887.31,174.46,899.39,70.42,1936.24,171.58,1084.30,54.95,1821.38,176.31,910.18,338.24,83.11,100.79,304.07,1860.41,3549.13,2.49,150.95,162.73,648.44,3.15,986.51,60.72,531.52
2026-02-25T08:30:00Z,65.12,1951.57,172.48,1261.56,57.63,1890.46,174.68,897.11,70.57,1934.94,171.45,1071.93,54.94,1815.05,175.63,907.22,335.89,83.97,99.92,301.67,1869.96,3565.36,2.50,151.40,162.36,651.59,3.00,987.63,59.98,538.61
2026-02-25T08:40:00Z,65.29,1950.01,172.53,1266.20,57.38,1897.38,174.16,884.21,70.52,1931.71,172.10,1082.32,55.10,1826.73,175.81,899.23,333.24,80.82,100.07,299.05,1868.66,3550.88,2.59,151.91,162.21,646.49,2.92,992.50,61.55,536.42
2026-02-25T08:50:00Z,65.39,1949.36,172.08,1261.36,57.60,1880.86,173.71,892.21,70.53,1943.79,172.58,1077.72,54.48,1828.11,175.50,892.70,329.16,83.79,100.29,296.73,1865.13,3560.24,2.40,151.65,159.39,646.74,3.07,990.39,61.46,530.61
2026-02-25T09:00:00Z,65.41,1947.01,171.52,1253.94,57.87,1881.34,174.24,909.88,70.54,1927.25,172.34,1094.22,54.99,1826.51,176.30,901.33,329.11,84.38,101.20,296.12,1862.91,3551.46,2.57,149.62,160.47,651.51,2.95,986.23,60.90,547.49
2026-02-25T09:10:00Z,65.22,1935.45,171.46,1263.84,58.05,1885.84,174.01,909.09,70.63,1936.82,172.55,1101.79,55.07,1830.24,175.41,884.95,331.56,82.39,101.43,295.42,1853.88,3542.01,2.56,151.41,162.16,653.61,2.84,,60.93,538.87
2026-02-25T09:20:00Z,65.30,1940.05,172.38,1274.73,58.31,1882.12,174.20,908.59,70.62,1935.32,173.36,1103.96,55.18,1815.18,175.50,899.27,335.43,86.10,100.92,302.48,1875.59,3556.15,2.32,150.46,163.07,649.35,2.86,986.89,61.62,543.63
2026-02-25T09:30:00Z,65.07,1944.14,172.40,1255.63,58.21,1875.33,174.01,911.48,71.35,1922.74,172.52,1108.59,55.71,1814.83,175.96,924.30,334.69,85.61,100.13,301.94,1870.36,3539.40,2.37,150.09,161.50,656.79,3.41,986.26,61.06,544.93
2026-02-25T09:40:00Z,64.91,1941.36,173.36,1263.88,58.24,1881.98,174.26,912.72,71.00,1918.47,172.69,1103.03,55.73,1818.35,175.58,931.67,332.83,84.55,100.44,298.13,1872.55,3553.34,2.41,151.22,162.70,654.25,2.96,986.30,61.77,539.55
2026-02-25T09:50:00Z,64.56,1953.28,172.42,1245.05,58.10,1883.17,174.03,923.46,71.33,1907.85,172.11,1118.66,55.08,1830.46,175.65,928.41,337.04,86.30,100.43,304.67,1866.26,3553.28,2.49,150.36,163.17,646.87,3.04,990.44,63.07,532.08
2026-02-25T10:00:00Z,64.74,1960.85,171.51,1235.94,58.06,1875.46,174.36,904.71,71.62,1909.00,172.87,1132.12,54.70,1831.65,175.68,921.56,337.82,84.90,100.76,305.10,1868.97,3554.64,2.39,149.90,164.33,659.11,3.31,987.60,61.25,541.86
2026-02-25T10:10:00Z,64.73,1962.66,172.07,1241.91,57.91,1869.00,174.51,908.77,71.45,1910.49,172.86,1140.85,55.15,1822.37,176.27,918.19,344.74,83.82,101.02,312.74,1883.46,3564.13,2.88,152.19,169.26,657.19,3.11,984.22,61.58,548.37
2026-02-25T10:20:00Z,64.91,1955.90,171.66,1244.98,58.23,1869.20,174.66,921.92,71.15,1918.70,173.01,1120.53,55.07,1818.39,176.12,915.16,339.52,84.03,100.94,302.69,1867.57,3551.77,2.57,150.95,167.05,663.77,3.16,991.28,61.11,556.61
2026-02-25T10:30:00Z,65.16,1951.74,172.03,1262.75,57.80,1873.40,174.04,919.68,71.42,1920.27,174.06,1120.75,55.10,1820.99,175.36,914.32,338.53,83.82,100.56,304.27,1864.45,3553.52,2.65,150.65,164.16,656.17,3.12,984.35,61.26,536.55
2026-02-25T10:40:00Z,65.57,1942.96,170.82,1257.67,57.51,1886.00,173.88,901.46,71.12,1925.84,173.48,1127.76,54.99,1827.95,175.31,919.29,334.75,85.07,100.48,298.82,1859.73,3551.22,2.53,152.24,161.68,647.77,2.89,982.82,61.14,529.31
2026-02-25T10:50:00Z,65.37,1942.17,171.64,1259.31,57.66,1887.40,173.36,888.71,71.19,1932.76,173.05,1116.14,55.06,1824.54,174.99,910.63,329.78,85.72,99.67,298.41,1873.46,3550.51,2.68,150.25,160.44,653.59,3.05,985.14,62.18,547.05
2026-02-25T11:00:00Z,65.17,1953.71,171.92,1255.90,57.30,1888.39,173.92,889.30,71.33,1926.36,172.92,1120.84,55.14,1830.36,174.97,912.25,330.43,85.87,98.78,296.79,1865.01,3532.43,2.63,148.94,160.39,647.54,3.29,980.22,60.80,536.22
2026-02-25T11:10:00Z,65.01,1953.51,172.88,1257.41,57.11,1889.55,174.36,892.36,71.52,1922.84,173.16,1131.97,55.04,1829.83,175.53,907.37,332.67,87.12,98.43,300.44,1875.64,3548.46,2.51,149.94,160.88,647.03,2.86,989.51,60.96,543.34
2026-02-25T11:20:00Z,65.27,1947.99,172.18,1252.18,57.54,1886.19,174.46,892.86,71.77,1916.26,173.23,1143.71,54.66,1827.31,175.47,909.00,337.45,85.76,100.23,302.70,1864.87,3547.66,2.67,149.88,161.82,651.77,2.89,987.33,60.93,546.82
2026-02-25T11:30:00Z,65.15,1950.58,172.44,1266.14,57.39,1880.20,173.52,904.39,71.76,1909.08,172.58,1129.13,54.89,1829.99,174.99,917.84,337.23,85.27,100.38,305.41,1872.48,3549.31,2.59,151.96,165.47,658.23,3.05,987.82,61.56,544.66
2026-02-25T11:40:00Z,65.05,1951.26,172.60,1268.90,57.38,1884.09,173.40,879.39,72.05,1905.17,172.66,1145.71,55.05,1828.76,175.13,914.89,333.39,84.57,99.75,298.83,1871.62,3552.31,2.26,150.38,160.78,644.79,2.76,977.39,61.56,542.28
2026-02-25T11:50:00Z,65.40,1942.76,172.09,1261.29,57.15,1883.74,173.39,887.19,71.95,1901.77,172.44,1146.63,54.94,1827.38,176.21,901.81,333.21,83.88,99.20,297.54,1861.02,3546.65,2.54,151.84,160.36,646.97,2.95,980.97,60.81,537.20
2026-02-25T12:00:00Z,65.53,1938.04,172.27,1265.78,57.12,1890.80,173.30,895.25,71.81,1903.84,173.85,1159.26,54.83,1821.58,176.59,913.66,336.36,84.36,99.79,302.01,1869.10,3556.79,2.40,150.44,166.07,649.90,3.15,982.58,60.79,532.82
2026-02-25T12:10:00Z,65.95,1935.29,171.41,1277.27,57.02,1892.82,173.62,896.47,71.78,1891.19,174.31,1150.14,55.24,1823.84,176.44,909.54,337.55,84.04,100.54,305.60,1874.96,3548.71,2.66,151.43,162.59,654.12,2.84,992.64,62.38,552.53
2026-02-25T12:20:00Z,65.93,1923.54,171.71,1287.60,56.75,1897.44,173.82,886.37,71.68,1900.49,173.74,1143.61,55.41,1820.46,175.59,913.21,337.22,85.16,100.70,302.94,1878.95,3553.57,3.22,150.64,163.51,652.46,2.90,982.68,61.80,537.40
2026-02-25T12:30:00Z,66.25,1917.43,171.95,1283.32,56.81,1906.63,173.92,873.97,71.18,1895.25,174.32,1160.09,55.34,1814.73,176.15,912.17,336.99,84.79,100.39,302.99,1871.59,3561.20,2.47,151.75,164.30,652.58,2.92,988.18,60.78,543.66
2026-02-25T12:40:00Z,65.75,1921.39,172.37,1295.08,57.09,1893.44,174.16,876.40,70.86,1909.51,173.98,1150.40,55.42,1813.89,175.59,913.62,336.43,84.27,100.81,303.73,1859.90,3541.32,2.48,149.07,162.68,653.56,2.95,976.89,61.06,548.83
2026-02-25T12:50:00Z,65.64,1929.46,172.85,1301.40,56.75,1898.60,173.91,871.01,70.59,1921.85,174.30,1139.52,55.34,1816.84,175.44,921.65,337.81,85.55,100.33,299.41,1871.53,3556.11,2.61,152.07,164.40,652.79,3.34,989.48,60.28,546.16
2026-02-25T13:00:00Z,65.30,1939.73,172.58,1271.90,56.45,1904.16,173.73,863.85,70.40,1934.19,173.24,1115.33,55.81,1806.74,175.55,937.32,334.95,84.30,99.57,298.44,1859.13,3550.19,2.38,150.59,161.74,655.59,2.78,981.57,61.11,542.95
2026-02-25T13:10:00Z,65.05,1951.10,172.82,1272.49,56.41,1911.08,173.16,861.19,70.54,1934.37,173.12,1095.87,56.07,1808.31,175.64,921.19,337.97,86.89,99.26,306.02,1872.31,3560.87,2.77,151.66,164.64,659.57,3.10,987.88,61.64,546.63
2026-02-25T13:20:00Z,64.93,1958.92,172.56,1256.16,56.80,1904.18,172.39,870.22,71.22,1925.61,172.35,1099.18,56.03,1794.97,176.06,941.85,330.89,86.98,100.18,300.09,1864.19,3536.57,2.12,148.24,159.66,646.50,3.28,981.31,60.57,529.63
2026-02-25T13:30:00Z,64.96,1964.65,172.74,1258.84,57.30,1879.88,173.29,889.43,71.26,1915.96,172.80,1122.18,56.03,1795.62,176.87,943.40,332.67,87.16,100.20,301.66,1856.68,3551.34,2.25,152.23,160.39,651.00,3.09,970.84,61.73,532.12
2026-02-25T13:40:00Z,65.11,1956.60,172.92,1256.95,57.14,1888.98,173.59,891.73,71.06,1921.64,172.72,1098.91,56.09,1808.61,176.99,945.61,337.48,83.43,100.67,305.14,1874.86,3538.69,2.39,149.74,164.07,661.75,2.86,990.07,61.71,546.34
2026-02-25T13:50:00Z,64.87,1957.14,172.42,1242.13,57.42,1895.00,174.02,890.60,71.47,1910.31,172.96,1123.35,56.12,1797.23,176.77,955.97,343.37,84.04,100.69,308.95,1872.74,3550.41,2.52,152.51,168.32,660.75,3.22,985.16,61.46,551.56
2026-02-25T14:00:00Z,64.89,1959.62,172.42,1248.00,57.40,1889.64,172.91,891.52,71.25,1918.77,173.47,1126.22,56.12,1796.85,176.55,951.52,336.82,85.16,101.16,301.07,1865.81,3559.00,2.83,148.86,165.46,654.43,3.12,982.81,61.91,541.49
2026-02-25T14:10:00Z,64.76,1952.80,171.51,1254.85,57.60,1886.77,173.23,870.55,71.11,1930.40,173.22,1122.36,55.86,1808.43,175.96,943.65,338.73,85.64,100.46,304.57,1875.14,3556.30,2.84,149.84,163.80,651.33,3.37,980.43,61.67,540.09
2026-02-25T14:20:00Z,64.65,1966.92,171.98,1251.93,57.48,1884.49,173.14,876.98,71.69,1915.90,172.46,1131.13,55.95,1804.53,175.93,950.58,332.39,86.01,99.85,297.48,1857.28,3530.74,2.47,150.25,161.64,649.13,2.77,983.23,62.02,542.08
2026-02-25T14:30:00Z,64.93,1952.98,172.70,1251.28,57.22,1886.61,173.55,888.02,71.51,1920.89,172.85,1136.29,55.56,1804.26,175.62,950.34,336.45,87.89,100.01,303.05,1873.06,3555.97,2.30,152.11,165.58,650.20,2.81,982.61,61.14,545.25
2026-02-25T14:40:00Z,64.68,1954.49,171.72,1260.72,56.44,1900.91,173.46,882.57,71.74,1909.35,173.67,1142.98,55.95,1798.21,176.27,960.67,341.40,88.76,99.30,310.30,1882.67,3545.81,2.42,149.74,164.41,661.88,2.62,996.74,62.63,561.62
2026-02-25T14:50:00Z,65.08,1949.68,172.75,1273.81,56.45,1912.05,172.70,865.26,71.79,1894.92,173.78,1154.21,56.29,1795.37,177.14,955.62,337.55,87.29,99.04,306.61,1875.17,3563.03,2.48,151.07,163.44,660.11,2.90,987.16,62.51,543.43
2026-02-25T15:00:00Z,65.18,1944.71,172.71,1271.86,56.16,1921.53,173.24,860.33,72.15,1897.49,173.13,1161.40,56.25,1792.53,,956.64,340.44,86.07,99.97,309.21,1874.88,3551.23,2.50,150.98,162.53,648.31,2.59,988.49,61.16,538.91
2026-02-25T15:10:00Z,64.78,1954.49,172.29,1255.04,56.28,1925.31,173.39,845.68,71.91,1896.40,173.02,1150.43,56.66,1784.75,177.50,962.61,339.75,85.18,99.51,305.16,1868.64,3559.93,2.50,150.72,164.15,652.12,2.53,986.86,62.42,544.58
2026-02-25T15:20:00Z,64.95,1963.29,173.21,1253.98,55.97,1926.56,172.96,843.57,71.89,1905.37,173.12,1163.03,56.36,1774.13,177.55,977.94,336.72,84.83,99.29,299.58,1884.45,3559.06,2.41,151.02,164.12,655.06,2.91,988.58,61.75,530.69
2026-02-25T15:30:00Z,65.15,1955.44,172.12,1245.97,55.92,1910.01,173.01,848.52,72.07,1897.46,173.45,1155.65,56.38,1790.08,176.83,960.29,338.61,84.46,100.53,302.76,1869.05,3546.89,2.59,151.12,163.61,657.09,3.00,981.24,61.28,546.99
2026-02-25T15:40:00Z,,1951.28,172.22,1251.22,55.84,1927.91,173.15,847.65,71.51,1905.82,172.77,1139.02,56.96,1783.49,177.09,975.62,341.66,83.77,100.30,306.13,1879.62,3539.78,2.47,149.98,166.76,658.42,3.06,984.97,62.47,535.21
2026-02-25T15:50:00Z,64.98,1948.04,172.21,1256.53,55.94,1911.12,173.09,851.77,71.72,1908.76,173.24,1140.10,57.08,1764.61,176.78,986.97,342.85,84.58,99.66,307.53,1880.54,3546.80,2.49,150.56,169.26,662.88,2.97,991.42,62.12,552.29
2026-02-25T16:00:00Z,65.39,1943.54,172.55,1259.53,56.18,1921.48,172.65,842.05,71.94,1894.55,173.44,1143.86,57.14,1773.02,176.62,973.12,341.07,87.23,100.20,305.92,1874.57,3528.41,2.45,149.01,167.11,658.60,2.96,991.48,61.67,547.88
2026-02-25T16:10:00Z,65.51,1934.97,171.99,1268.37,56.10,1913.68,173.25,858.93,72.12,1894.88,173.25,1150.64,57.12,1771.30,176.76,993.58,347.05,86.40,99.87,312.75,1871.54,3547.85,2.56,151.21,167.17,655.44,2.94,980.61,61.84,544.18
2026-02-25T16:20:00Z,65.56,1939.48,172.58,1267.41,56.42,1908.99,172.98,859.23,72.36,1889.79,173.03,1139.89,57.41,1758.26,176.94,1003.29,340.34,86.36,100.13,307.82,1871.53,3541.53,2.61,150.17,165.82,650.04,2.69,984.78,61.77,534.40
2026-02-25T16:30:00Z,65.71,1929.30,172.76,1283.36,56.60,1907.76,172.16,854.42,72.11,1908.12,172.83,1126.88,57.44,1759.03,176.54,1011.25,344.62,86.92,99.40,309.43,1871.55,3543.87,2.52,149.65,166.62,654.32,3.00,992.89,61.19,551.14
2026-02-25T16:40:00Z,65.50,1934.12,172.13,1269.08,57.06,1914.31,172.44,860.17,72.33,1892.63,173.99,1158.39,57.11,1763.42,177.30,995.71,348.32,87.19,99.90,310.26,1878.09,3536.86,2.44,149.28,169.85,657.25,3.09,985.59,61.88,542.07
2026-02-25T16:50:00Z,65.64,1938.98,172.57,1280.00,57.01,1901.68,173.14,879.76,72.32,1885.95,173.61,1147.21,56.78,1780.72,177.79,979.35,347.86,86.04,100.76,313.74,1873.89,3558.69,2.42,150.47,168.25,658.27,3.12,986.51,62.53,550.65
2026-02-25T17:00:00Z,65.68,1930.63,172.81,1293.09,56.72,1890.57,172.74,882.52,72.33,1893.25,173.28,1151.15,56.93,1783.20,177.75,968.97,345.15,86.28,100.04,307.94,1878.45,3549.03,2.59,150.02,168.21,663.08,2.63,990.78,61.36,553.26
2026-02-25T17:10:00Z,65.99,1929.66,172.78,1312.07,56.95,1900.12,173.39,884.27,72.61,1879.90,173.41,1175.05,57.17,1772.99,177.33,972.55,345.93,85.25,99.35,311.15,1867.99,3557.15,2.52,151.13,165.73,655.71,3.07,987.75,61.98,547.64
2026-02-25T17:20:00Z,65.99,1936.75,172.52,1279.67,57.00,1891.90,173.23,885.94,72.15,1881.91,173.27,1167.47,57.22,1764.65,177.31,994.97,347.29,87.27,99.93,315.27,1887.40,3552.29,2.44,150.13,170.79,660.06,2.83,988.20,61.10,548.65
2026-02-25T17:30:00Z,66.17,1926.94,172.58,1277.68,56.92,1895.49,173.65,890.15,72.06,1897.84,173.58,1170.31,57.08,1789.57,176.92,971.24,343.29,86.99,100.53,306.17,1866.46,3547.54,2.45,151.96,163.95,652.38,2.75,983.62,60.27,536.43
2026-02-25T17:40:00Z,66.25,1924.60,172.09,1281.27,57.36,1899.00,174.17,899.28,71.86,1897.18,173.88,1161.93,56.84,1783.00,176.48,967.77,341.83,85.91,101.14,307.32,1871.42,3539.74,2.64,150.99,164.77,656.18,3.13,991.94,60.24,540.75
2026-02-25T17:50:00Z,66.59,1920.29,172.60,1292.63,57.47,1893.12,174.35,893.22,71.54,1914.97,174.34,1155.96,56.32,1791.97,176.75,957.46,346.40,86.68,101.49,311.98,1877.25,3554.45,2.74,151.64,168.82,660.17,3.26,989.09,61.46,547.51
2026-02-25T18:00:00Z,66.85,1911.14,173.18,1318.08,57.84,1888.33,173.84,910.19,71.72,1909.86,173.46,1152.97,56.00,1806.07,177.02,953.07,343.60,88.31,101.62,306.49,1870.65,3538.38,2.19,151.38,168.34,656.80,2.77,984.54,61.88,551.21
2026-02-25T18:10:00Z,66.76,1907.72,173.42,1305.56,57.96,1888.24,174.62,913.64,71.61,1902.80,173.05,1146.85,56.04,1800.62,176.26,936.95,342.40,88.20,100.88,308.29,1873.01,3537.73,2.58,151.39,165.20,655.74,2.87,988.17,61.95,536.29
2026-02-25T18:20:00Z,66.57,1901.01,173.00,1324.60,57.62,1889.80,174.73,898.86,71.40,1898.38,172.77,1160.23,55.43,1813.00,176.65,945.18,348.79,89.04,100.96,314.76,1882.29,3547.56,2.58,149.81,168.08,659.17,3.01,988.45,61.14,535.72
2026-02-25T18:30:00Z,66.26,1920.48,173.34,1310.20,57.05,1893.16,174.32,894.72,71.30,1904.72,173.18,1154.65,55.75,1806.74,176.81,933.67,347.10,88.95,101.00,310.36,1875.65,3551.54,2.77,150.37,165.95,660.07,3.07,990.70,60.67,537.70
2026-02-25T18:40:00Z,65.95,1930.72,172.62,1296.36,57.07,1895.88,174.59,887.67,71.45,1909.91,173.11,1132.11,55.41,1812.76,176.71,938.08,345.44,87.83,101.17,309.45,1869.76,3557.64,2.52,151.01,166.90,655.91,3.12,991.24,61.29,534.63
2026-02-25T18:50:00Z,66.01,1927.65,172.95,1286.30,57.06,1895.64,174.40,887.24,71.40,1906.06,173.09,1146.88,55.43,1812.19,176.81,930.17,341.66,84.56,101.02,311.36,1872.17,3557.04,2.76,151.52,166.34,661.79,2.80,987.08,60.74,548.80
2026-02-25T19:00:00Z,65.82,1929.01,172.48,1284.63,57.08,1891.17,173.96,887.23,71.44,1904.83,173.73,1142.48,55.65,1822.59,175.89,933.83,344.92,84.51,100.04,306.56,1867.28,3548.33,2.54,150.41,168.08,653.99,2.79,987.65,63.15,547.20
2026-02-25T19:10:00Z,66.00,1918.14,172.95,1302.02,57.19,1893.13,173.64,882.00,71.56,1916.60,173.97,1134.24,55.61,1807.86,176.65,928.04,335.35,84.55,99.68,302.89,1870.94,3554.86,2.61,149.83,162.81,654.53,3.17,987.06,61.89,544.29
2026-02-25T19:20:00Z,65.88,1925.91,173.00,1310.60,57.10,1894.97,173.75,882.15,71.67,1918.94,173.82,1117.30,55.56,1806.50,176.71,924.06,338.83,86.04,100.36,306.16,1871.87,3554.57,2.27,149.60,163.44,650.65,2.76,979.92,60.86,546.23
2026-02-25T19:30:00Z,66.24,1914.77,172.91,1314.66,57.24,1894.01,173.65,885.27,71.53,1916.89,173.32,1136.13,55.19,1816.67,175.96,927.03,334.83,84.49,99.74,303.00,1868.55,3547.86,2.51,150.64,163.76,658.30,3.29,986.36,61.50,548.27
2026-02-25T19:40:00Z,65.80,1921.90,173.08,1308.73,57.72,1886.73,173.32,895.11,71.40,1921.65,172.50,1136.74,54.84,1829.87,176.39,923.97,339.00,83.61,100.32,304.18,1876.09,3555.88,2.66,150.36,164.26,648.80,2.98,986.77,61.45,532.95
2026-02-25T19:50:00Z,65.75,1923.86,172.62,1303.05,57.93,1884.10,173.53,885.02,71.47,1912.47,172.46,1122.95,54.97,1831.38,176.15,914.22,338.17,83.47,100.09,305.90,1881.74,3542.14,2.47,150.06,164.51,648.22,2.88,993.93,59.98,527.95
2026-02-25T20:00:00Z,65.70,1926.70,172.66,1285.13,58.12,1875.77,173.77,895.97,71.47,1910.27,172.53,1124.01,55.01,1824.25,176.15,911.19,338.65,83.93,100.38,306.24,1873.62,3558.36,2.38,149.84,165.27,649.70,3.11,988.76,60.28,544.63
2026-02-25T20:10:00Z,65.71,1932.42,172.83,1277.11,58.38,1877.56,173.33,904.21,71.31,1918.49,172.64,1118.63,55.28,1815.48,176.01,921.46,342.42,83.39,98.79,307.66,1873.47,3553.56,2.45,150.49,166.04,655.86,3.11,985.17,61.42,549.42
2026-02-25T20:20:00Z,65.65,1942.78,172.14,1267.71,58.31,1862.39,173.66,917.38,71.33,1922.06,172.41,1114.37,54.85,1821.60,175.68,921.28,338.18,85.89,98.92,302.65,1874.54,3558.05,2.61,151.25,165.84,653.90,3.13,990.23,61.64,550.31
2026-02-25T20:30:00Z,65.81,1939.52,172.58,1277.55,58.55,1855.02,173.84,919.18,71.34,1920.04,172.41,1104.31,54.95,1827.13,176.63,930.89,340.55,82.99,100.02,306.82,1879.87,3540.42,2.75,150.36,164.78,654.10,3.20,991.79,60.39,545.51
2026-02-25T20:40:00Z,65.87,1932.54,172.85,1281.23,58.45,1871.68,173.90,915.53,71.16,1925.08,172.70,1115.86,54.70,1841.35,175.71,916.56,338.99,85.45,99.56,301.72,1871.63,3551.67,2.53,149.19,167.38,663.83,2.80,991.79,62.04,546.31
2026-02-25T20:50:00Z,65.89,1931.84,172.59,1285.20,58.28,1868.62,174.42,917.68,70.82,1917.30,173.30,1117.89,54.87,1828.95,175.58,906.94,340.38,88.02,99.91,305.16,1866.88,3564.34,2.34,152.35,165.44,659.12,3.02,985.61,61.86,542.38
2026-02-25T21:00:00Z,65.65,1925.43,173.07,1274.97,58.06,1864.85,173.90,921.47,71.35,1921.35,172.79,1114.19,54.59,1839.86,175.12,888.41,340.53,86.64,101.25,306.84,1863.55,3538.67,2.54,150.42,164.32,653.29,3.09,985.10,61.40,541.86
2026-02-25T21:10:00Z,65.88,1922.95,173.54,1288.11,57.98,1865.18,174.01,923.81,71.07,1925.67,173.04,1115.33,54.34,1841.02,174.29,882.54,341.33,85.90,100.88,303.60,1872.86,3538.12,2.39,151.60,165.93,653.07,3.16,991.44,61.21,532.63
2026-02-25T21:20:00Z,65.62,1933.77,172.51,1266.75,,1873.60,175.06,908.17,71.27,1919.68,172.86,1120.65,54.35,1835.89,174.57,890.88,347.11,83.99,100.99,315.47,1887.04,3544.01,2.72,151.67,166.10,649.35,2.99,994.96,61.41,544.73
2026-02-25T21:30:00Z,65.65,1938.43,172.92,1277.31,57.71,1889.72,174.13,905.42,71.65,1922.33,172.74,1115.44,54.45,1835.59,175.74,891.71,336.76,84.16,100.18,302.91,1863.58,3568.94,2.62,150.85,161.79,648.91,2.88,986.83,61.85,541.79
2026-02-25T21:40:00Z,65.38,1944.80,173.21,1274.98,57.40,1897.46,173.17,902.33,71.82,1917.45,171.83,1109.37,54.62,1833.96,176.14,900.05,339.77,83.60,100.11,304.60,1879.07,3535.09,2.66,151.00,166.57,655.08,3.12,998.30,62.71,541.44
2026-02-25T21:50:00Z,65.63,1943.13,172.85,1275.48,57.21,1886.85,174.03,885.21,71.79,1919.05,172.19,1113.47,54.14,1844.60,176.04,883.47,334.99,83.54,100.33,298.27,1860.38,3562.47,2.64,152.78,162.81,654.43,2.95,981.69,63.89,538.38
2026-02-25T22:00:00Z,65.92,1929.10,172.59,1274.24,57.26,1889.16,174.23,896.07,71.55,1899.23,173.60,1142.24,54.64,1838.71,175.34,883.32,333.99,84.84,100.66,299.50,1865.14,3537.28,2.57,151.62,163.19,650.58,2.87,988.63,62.37,533.53
2026-02-25T22:10:00Z,65.83,1924.52,171.89,1284.78,57.22,1889.91,173.75,895.11,71.46,1907.59,173.03,1142.42,55.17,1834.01,174.96,907.63,338.18,84.70,100.72,304.11,1869.74,3540.88,2.56,149.89,165.44,653.06,3.00,986.48,61.36,548.91
2026-02-25T22:20:00Z,65.59,1932.60,172.55,1274.71,56.79,1897.27,174.11,894.73,71.79,1919.57,172.89,1143.34,54.58,1832.21,174.96,914.55,328.90,84.88,100.06,295.51,1862.90,3555.47,2.53,148.99,159.34,651.40,3.28,984.33,61.83,536.66
2026-02-25T22:30:00Z,65.47,1928.54,171.77,1266.97,57.11,1904.48,173.98,880.64,71.69,1907.11,173.10,1144.15,54.98,1827.44,175.41,904.38,329.19,81.86,100.26,295.31,1856.02,3533.65,2.76,151.21,160.05,650.61,3.18,977.21,61.80,538.73
2026-02-25T22:40:00Z,65.81,1926.68,171.89,1274.16,57.27,1892.41,174.02,885.08,72.23,1903.96,172.55,1134.31,55.00,1820.19,175.55,908.32,327.57,83.58,99.59,295.24,1872.44,3540.61,2.53,151.04,157.21,646.73,3.15,984.48,60.48,528.64
2026-02-25T22:50:00Z,66.05,1916.63,172.56,1299.18,57.26,1890.04,174.05,887.22,72.61,1887.37,172.97,1155.26,54.97,1834.89,175.67,910.63,333.26,84.95,98.98,298.81,1867.57,3554.86,2.74,150.80,159.13,649.31,3.22,978.93,61.74,538.56
2026-02-25T23:00:00Z,66.63,1901.31,173.16,1307.25,57.24,1892.24,173.99,881.69,72.50,1884.64,173.58,1160.44,54.88,1823.07,175.05,912.61,337.11,87.03,99.73,302.78,1870.09,3552.33,2.60,150.33,162.49,654.73,2.97,988.15,62.92,552.84
2026-02-25T23:10:00Z,66.98,1908.22,173.42,1321.36,57.54,1883.77,173.99,883.74,72.53,1879.86,173.25,1166.06,54.21,1843.84,175.29,892.63,340.04,85.58,100.11,306.73,1879.04,3533.52,2.54,149.77,166.37,661.62,3.04,984.99,62.56,542.67
2026-02-25T23:20:00Z,66.90,1901.85,173.11,1327.89,57.71,1876.36,173.53,888.79,72.72,1886.77,173.93,1163.05,54.02,1835.41,175.13,878.09,343.80,86.16,100.64,309.97,1871.80,3540.61,2.73,150.44,165.95,653.43,2.74,980.25,61.01,539.54
2026-02-25T23:30:00Z,66.71,1909.63,173.74,1328.31,57.35,1871.07,173.72,892.49,72.79,1889.68,173.59,1162.81,53.80,1851.92,175.50,859.34,347.83,86.10,100.20,307.67,1870.23,3540.51,2.71,151.18,169.57,654.94,3.02,984.31,60.88,540.29
2026-02-25T23:40:00Z,66.75,1917.75,173.17,1321.43,57.77,1886.09,173.97,892.96,72.65,1886.07,173.81,1171.52,53.85,1849.41,175.35,852.78,344.32,85.98,99.10,312.11,1880.61,3563.11,2.59,153.25,169.19,652.69,2.94,993.39,63.12,531.77
2026-02-25T23:50:00Z,66.93,1913.47,172.92,1313.24,57.74,1878.15,173.13,886.92,72.37,1887.03,173.67,1161.64,54.14,1855.55,174.91,862.61,342.52,85.70,99.74,313.39,1880.41,3554.79,2.54,152.50,164.81,652.02,2.99,993.31,62.25,536.03
