timestamp,VAR_001,VAR_002,VAR_003,VAR_004,VAR_005,VAR_006,VAR_007,VAR_008,VAR_009,VAR_010,VAR_011,VAR_012,VAR_013,VAR_014,VAR_015,VAR_016,VAR_017,VAR_018,VAR_019,VAR_020,VAR_021,VAR_022,VAR_023,VAR_024,VAR_025,VAR_026,VAR_027,VAR_028,VAR_029,VAR_030
2026-02-05T00:00:00Z,54.85,2199.03,165.48,906.47,33.40,2488.97,157.21,31.42,66.52,2031.83,169.69,949.33,33.44,2368.20,160.87,160.83,231.03,44.00,94.48,206.97,1789.49,3560.74,2.50,149.75,113.78,583.54,3.06,948.88,58.20,480.31
2026-02-05T00:10:00Z,54.76,2199.95,165.46,908.70,33.27,2489.64,156.66,25.72,65.96,2049.76,169.16,948.40,33.27,2372.63,160.85,142.20,227.48,42.44,93.81,204.12,1785.03,3554.55,2.52,147.64,109.51,585.56,2.88,948.21,58.54,488.35
2026-02-05T00:20:00Z,55.10,2193.89,165.40,898.61,33.77,2494.16,157.69,35.32,66.06,2044.30,169.08,947.30,33.28,2363.39,160.53,148.03,228.06,41.92,93.11,206.48,1775.77,3561.29,2.71,150.10,109.70,594.09,3.13,937.35,58.84,485.16
2026-02-05T00:30:00Z,55.20,2195.73,165.26,904.68,33.80,2477.14,157.62,51.58,66.05,2050.33,168.57,933.11,33.06,2366.56,160.93,156.15,235.56,41.46,93.18,211.86,1796.99,3557.86,2.57,148.01,113.22,594.67,3.05,941.47,59.09,500.69
2026-02-05T00:40:00Z,55.64,2181.24,165.58,901.08,34.04,2470.10,158.07,71.92,66.49,2036.19,169.09,943.31,33.18,2362.95,161.31,156.46,234.68,41.84,93.81,210.74,1784.73,3538.33,2.59,149.15,111.30,580.68,2.55,944.46,60.21,491.36
2026-02-05T00:50:00Z,55.77,2177.38,165.40,927.04,34.15,2470.11,157.42,62.67,66.65,2029.66,170.22,974.38,33.08,2365.28,161.03,145.20,233.28,43.08,93.95,208.95,1783.74,3544.93,2.54,147.27,112.58,590.95,2.73,944.61,60.20,500.17
2026-02-05T01:00:00Z,55.65,2188.34,165.81,918.71,34.32,2470.79,157.50,74.37,66.26,2040.71,170.07,961.24,32.77,2384.56,160.48,132.45,229.58,42.09,94.01,206.86,1781.60,3546.27,2.36,151.64,109.82,590.97,2.78,936.52,61.15,496.50
2026-02-05T01:10:00Z,55.10,2195.63,165.55,904.68,34.41,2469.46,157.28,74.91,66.16,2032.61,170.61,954.19,33.20,2361.00,160.75,130.33,227.96,41.51,94.25,208.41,1781.65,3555.41,2.64,149.49,109.38,586.32,2.75,934.04,60.37,481.49
2026-02-05T01:20:00Z,55.10,2203.04,165.09,896.78,34.47,2462.75,157.53,64.16,65.87,2050.66,169.97,939.99,32.89,2362.79,160.57,139.98,230.07,43.17,94.73,205.74,1776.80,3554.56,2.38,148.54,110.29,593.95,3.26,932.94,61.20,494.60
2026-02-05T01:30:00Z,55.18,2206.64,165.13,889.05,34.42,2459.19,157.64,82.71,66.47,2046.96,170.14,943.28,33.03,2369.23,160.93,144.65,228.06,40.99,94.03,202.27,1786.75,3552.53,2.53,150.96,106.98,590.41,2.98,946.08,59.84,496.37
2026-02-05T01:40:00Z,55.29,2195.12,164.15,889.74,34.39,2464.52,157.01,93.16,66.55,2046.23,170.07,946.98,33.11,2372.39,160.65,140.14,237.13,39.89,94.92,214.16,1783.07,3557.76,2.55,149.82,111.34,588.68,2.87,938.77,59.42,485.16
2026-02-05T01:50:00Z,55.03,2205.23,164.41,900.42,34.88,2460.17,157.45,83.13,66.87,2031.80,169.97,962.88,32.67,2385.39,160.29,128.35,237.81,42.50,94.15,215.54,1796.43,3554.49,2.43,147.06,114.50,589.38,2.72,946.51,60.31,484.52
2026-02-05T02:00:00Z,54.67,2202.71,164.50,899.50,34.97,2459.87,157.62,96.16,66.90,2023.31,169.75,967.59,32.90,2382.19,160.33,119.06,238.25,40.87,94.11,215.69,1795.36,3541.54,2.74,149.10,114.50,593.79,2.85,946.60,60.13,488.30
2026-02-05T02:10:00Z,54.72,2201.81,164.41,901.02,34.90,2449.26,157.16,80.36,66.81,2020.67,169.50,972.33,33.34,2364.22,159.90,134.58,233.78,41.67,93.88,209.64,1779.25,3552.22,2.61,152.00,112.23,581.33,3.11,942.14,59.66,485.20
2026-02-05T02:20:00Z,54.66,2198.81,164.12,,35.10,2442.34,157.72,89.98,67.12,2022.52,170.58,959.44,33.05,2376.04,159.59,134.03,224.94,44.00,93.23,198.51,1787.62,3560.94,2.40,151.37,107.73,582.14,3.01,947.14,59.17,484.61
2026-02-05T02:30:00Z,54.75,2197.64,163.87,899.94,34.81,2452.63,157.74,86.50,67.69,2016.08,170.91,968.58,33.14,2383.97,159.94,134.91,229.36,43.05,93.36,206.71,1783.20,3565.95,2.52,151.18,111.51,589.44,2.93,945.61,59.47,499.76
2026-02-05T02:40:00Z,54.61,2204.16,165.31,900.59,34.96,2450.92,157.93,97.81,67.55,2016.94,170.20,962.35,33.31,2368.36,160.80,141.37,230.50,42.81,93.40,210.12,1788.88,3555.33,2.59,149.36,111.96,592.18,2.89,943.45,60.45,490.84
2026-02-05T02:50:00Z,54.47,2221.75,164.51,891.18,34.83,2454.62,157.67,105.00,67.80,2013.69,169.70,971.02,33.77,2358.00,160.55,155.01,233.88,43.09,93.53,210.06,1789.12,3539.83,2.31,151.17,111.03,591.83,3.05,944.98,60.27,503.59
2026-02-05T03:00:00Z,54.86,2214.44,163.51,878.54,34.39,2462.01,157.41,89.01,67.94,2016.75,171.03,989.09,33.51,2359.66,160.80,157.13,229.98,41.17,93.85,205.34,1780.59,3548.68,2.71,149.81,109.83,593.22,2.91,937.73,60.77,495.24
2026-02-05T03:10:00Z,54.67,2210.04,163.26,883.23,34.64,2455.56,157.37,77.56,67.69,2007.79,171.25,987.42,33.38,2349.68,160.82,147.85,226.34,40.78,95.09,203.33,1777.34,3551.43,2.66,152.24,108.84,586.81,2.77,946.89,60.60,479.18
2026-02-05T03:20:00Z,54.65,2223.44,164.20,879.55,34.37,2451.57,157.90,86.52,67.56,1999.89,170.23,994.75,33.23,2365.12,160.74,155.39,229.24,42.47,93.73,203.29,1778.21,3541.97,2.28,148.93,111.13,579.79,2.83,940.78,59.85,481.46
2026-02-05T03:30:00Z,54.59,2218.09,164.27,875.87,34.12,2449.49,158.20,91.83,67.20,2008.21,169.85,994.77,33.12,2360.06,160.47,146.50,230.93,42.43,93.75,208.14,1776.17,3547.53,2.46,150.90,112.87,591.92,3.21,942.24,59.83,484.93
2026-02-05T03:40:00Z,54.60,2218.91,164.41,879.57,33.29,2480.60,158.06,70.54,67.07,2023.25,169.40,981.30,33.92,2350.75,160.33,153.94,228.45,43.30,94.23,207.63,1785.95,3554.39,2.47,149.15,112.79,592.22,2.91,944.02,58.81,488.32
2026-02-05T03:50:00Z,54.71,2209.63,164.39,884.49,33.46,2491.87,157.82,56.59,67.01,2024.95,169.79,976.27,34.01,2350.56,160.33,167.19,230.77,44.67,94.58,208.47,1784.59,3548.14,2.54,150.82,110.83,588.34,3.03,942.02,58.99,483.21
2026-02-05T04:00:00Z,54.59,2199.97,164.66,869.15,33.62,2486.92,157.21,50.92,66.54,2030.80,169.94,970.65,33.34,2365.53,160.75,160.18,235.36,42.85,94.69,211.69,1776.38,3549.35,2.52,149.52,111.16,592.30,2.75,936.95,59.55,498.62
2026-02-05T04:10:00Z,54.46,2212.87,164.52,870.23,33.76,2482.74,157.19,50.21,66.85,2018.08,170.75,977.81,33.61,2369.10,160.89,157.76,235.33,42.63,94.94,210.89,1783.92,3539.13,2.66,149.83,112.25,594.90,2.94,940.07,59.63,505.09
2026-02-05T04:20:00Z,54.40,2211.31,164.62,889.41,34.25,2487.13,156.89,62.24,67.04,2021.52,170.09,961.08,33.66,2373.22,160.47,153.44,233.12,40.64,,207.71,1779.28,3555.92,2.81,151.30,112.14,589.55,2.93,931.90,59.33,506.54
2026-02-05T04:30:00Z,54.48,2213.64,164.42,879.96,34.40,2477.70,157.74,71.84,66.46,2045.88,169.69,956.08,34.27,2349.24,160.71,180.02,234.26,43.07,93.81,215.69,1787.61,3549.24,2.61,150.63,113.08,593.67,3.20,942.21,59.81,498.73
2026-02-05T04:40:00Z,54.05,2226.73,164.77,868.20,34.80,2468.41,157.49,65.58,66.40,2043.70,168.85,936.28,34.78,2334.19,160.76,193.08,231.06,41.93,93.64,205.64,1785.30,3563.69,2.68,148.10,111.17,579.48,2.77,943.70,59.12,485.53
2026-02-05T04:50:00Z,54.06,2226.61,164.61,865.77,34.93,2441.53,156.76,74.60,66.46,2039.69,169.12,941.18,35.42,2324.10,161.15,201.30,228.43,43.25,93.79,203.99,1776.58,3544.29,2.44,148.54,107.91,581.44,2.98,929.65,59.72,475.99
2026-02-05T05:00:00Z,54.56,2212.46,164.08,869.45,34.83,2448.19,156.98,81.33,66.61,2036.26,168.97,947.99,35.40,2319.29,161.10,216.05,229.98,44.00,93.53,205.10,1781.91,3543.16,2.73,149.63,107.63,582.45,3.04,943.23,58.67,487.78
2026-02-05T05:10:00Z,54.32,2214.50,163.83,880.99,34.63,2461.49,156.99,61.03,66.48,2035.29,169.34,939.68,35.37,2316.21,160.84,206.57,233.66,42.01,92.87,208.91,1790.33,3537.91,2.16,149.97,114.85,592.42,3.02,947.77,60.21,493.40
2026-02-05T05:20:00Z,54.19,2207.57,164.01,882.70,34.54,2467.52,156.35,71.31,66.49,2043.93,169.62,939.62,35.46,2319.50,161.17,217.69,231.65,43.78,93.40,209.18,1785.72,3543.25,2.43,150.43,112.54,585.72,3.21,943.16,59.58,495.75
2026-02-05T05:30:00Z,54.20,2215.73,163.91,867.80,34.59,2472.97,156.70,66.94,66.31,2045.86,169.32,938.03,35.63,2296.68,160.59,216.98,228.59,43.05,93.02,205.13,1784.75,3563.99,2.50,149.09,108.33,581.80,2.93,940.25,59.48,479.39
2026-02-05T05:40:00Z,54.64,2216.55,164.53,869.29,34.18,2468.56,156.42,71.23,66.51,2044.74,169.85,946.56,35.21,2312.09,160.57,219.46,226.91,42.65,93.62,205.96,1795.18,3544.61,2.71,150.64,107.15,583.95,3.26,951.99,59.89,489.57
2026-02-05T05:50:00Z,54.51,2216.13,164.88,880.59,34.02,2471.38,157.07,70.30,66.11,2048.83,169.18,945.50,35.20,2317.53,160.89,215.07,226.38,42.23,93.45,202.71,1779.91,3549.79,2.36,148.63,106.83,584.01,2.55,938.17,59.81,480.09
2026-02-05T06:00:00Z,54.40,2206.85,164.53,876.94,34.09,2469.76,157.46,67.64,66.17,2043.04,170.04,930.15,35.16,2313.04,161.25,211.97,228.12,44.05,93.91,204.20,1779.62,3551.37,2.23,150.13,112.83,592.44,3.32,947.07,59.69,492.73
2026-02-05T06:10:00Z,54.09,2215.89,165.30,882.91,33.91,2473.55,157.85,62.08,66.02,2051.24,170.54,940.25,34.87,2323.68,161.98,204.80,230.07,41.53,95.08,205.73,1785.70,3548.38,2.71,149.40,112.35,587.69,2.70,940.65,60.04,491.79
2026-02-05T06:20:00Z,54.43,2211.06,165.19,881.68,33.78,2476.95,157.34,64.10,65.61,2060.54,169.70,938.97,35.16,2329.59,,201.69,234.44,42.43,93.68,212.37,1789.20,3551.23,2.50,150.40,112.62,592.36,2.84,943.63,61.26,489.73
2026-02-05T06:30:00Z,54.40,2205.04,164.88,877.85,33.36,2484.47,157.25,49.78,65.66,2061.13,169.45,923.74,34.98,2334.85,162.02,196.81,235.45,42.05,94.56,209.97,1789.57,3552.09,2.44,149.07,113.00,592.06,2.80,945.12,59.79,487.51
2026-02-05T06:40:00Z,54.11,2211.10,164.61,874.23,33.77,2469.65,157.18,65.33,65.74,2061.46,170.01,933.15,34.61,2326.73,162.28,213.41,229.98,39.95,94.06,203.54,1774.35,3553.85,2.28,150.25,111.23,587.18,2.95,934.67,58.22,491.56
2026-02-05T06:50:00Z,54.58,2220.28,164.51,882.55,33.71,2473.35,157.26,55.10,65.71,2058.64,169.04,922.24,34.58,2327.88,161.31,191.73,233.69,41.86,94.75,207.45,1780.27,3536.52,2.75,150.29,109.15,585.63,2.83,942.36,59.93,482.31
2026-02-05T07:00:00Z,54.38,2218.47,165.14,896.81,33.08,2477.19,156.66,54.83,65.82,2051.29,169.12,943.19,34.86,2327.86,161.78,201.96,232.75,41.52,94.92,210.68,1786.18,3554.04,2.62,149.64,110.72,587.48,3.04,938.45,60.22,482.04
2026-02-05T07:10:00Z,54.45,2212.54,165.34,886.75,33.22,2500.65,156.93,46.03,65.74,2048.15,168.74,944.51,34.38,2331.68,162.20,197.09,229.67,42.68,94.27,209.40,1780.66,3559.09,2.13,151.58,110.62,593.03,2.90,938.77,59.80,498.05
2026-02-05T07:20:00Z,54.20,2218.09,164.91,882.85,33.44,2492.81,156.97,46.06,65.47,2065.03,168.81,927.25,34.61,2339.80,161.22,187.46,231.68,41.58,94.03,210.63,1787.34,3548.05,2.52,150.43,108.71,585.06,3.04,933.10,60.16,480.01
2026-02-05T07:30:00Z,54.49,2216.28,164.70,888.36,33.69,2485.62,157.02,45.51,65.37,2058.93,168.56,912.41,34.69,2334.62,161.41,192.46,231.66,42.60,94.36,208.92,1794.03,3554.55,2.51,149.59,107.78,578.82,3.04,947.38,61.35,474.92
2026-02-05T07:40:00Z,54.55,2211.45,164.56,875.12,33.90,2477.42,157.50,44.89,65.26,2056.08,168.79,916.11,34.29,2338.39,161.26,190.30,229.48,42.29,93.76,210.29,1791.04,3550.49,2.53,150.86,110.42,594.11,2.86,943.68,59.92,494.84
2026-02-05T07:50:00Z,54.38,2211.84,164.65,872.14,33.97,2476.15,158.10,62.90,65.53,2062.49,169.04,914.07,34.43,2337.98,161.64,195.73,228.47,42.77,94.23,206.94,1778.82,3543.35,2.49,150.22,110.62,585.24,3.23,934.39,59.51,488.90
2026-02-05T08:00:00Z,54.94,2206.30,164.63,877.32,33.52,2480.10,157.70,53.32,65.39,2054.08,168.94,923.93,34.41,2337.11,161.42,185.29,227.86,40.73,94.60,205.74,1781.51,3532.83,2.53,149.15,109.92,582.95,2.99,936.17,59.45,
2026-02-05T08:10:00Z,54.85,2211.56,164.91,877.94,34.10,2476.60,156.91,69.88,65.30,2054.62,167.86,909.26,33.92,2351.91,161.21,170.22,229.50,39.78,93.78,207.13,1781.33,3562.53,2.56,148.65,108.16,586.22,3.19,943.43,60.74,491.54
2026-02-05T08:20:00Z,54.60,2202.88,164.11,873.73,34.62,2463.37,157.81,72.40,65.07,2063.16,169.27,917.56,33.69,2359.73,160.90,168.63,224.80,39.71,94.97,202.79,1782.41,3554.25,2.61,148.52,108.32,583.75,3.07,948.34,61.23,489.64
2026-02-05T08:30:00Z,54.34,2216.19,164.22,895.89,34.23,2463.49,157.40,75.57,64.67,2069.40,169.49,915.36,33.67,2348.50,162.21,180.87,222.28,39.09,94.38,201.89,1781.41,3546.79,2.55,148.47,105.76,582.51,3.15,940.87,61.25,483.91
2026-02-05T08:40:00Z,54.59,2203.12,164.58,892.99,34.47,2461.97,157.71,80.19,64.55,2069.39,168.79,913.17,34.08,2348.56,160.40,171.99,230.86,40.80,93.35,206.70,1786.55,3546.95,2.68,149.16,110.17,587.08,3.10,943.74,60.86,473.04
2026-02-05T08:50:00Z,54.60,2208.49,164.64,882.99,34.50,2463.88,157.35,72.41,64.70,2069.68,169.53,908.81,34.55,2350.56,160.77,176.37,232.37,42.04,93.32,210.14,1795.61,3558.92,2.60,151.40,110.77,586.42,3.04,952.01,60.88,486.90
2026-02-05T09:00:00Z,54.22,2210.58,164.23,886.34,34.36,2464.86,157.45,77.71,64.83,2072.50,169.21,911.83,34.57,2348.73,160.85,167.60,232.73,43.10,93.40,209.99,1791.06,3562.16,2.52,152.29,112.40,589.69,3.22,944.51,59.89,488.70
2026-02-05T09:10:00Z,54.12,2218.83,164.59,880.16,34.80,2458.67,158.31,76.40,64.31,2090.87,169.14,896.78,33.72,2350.10,160.77,168.81,234.22,41.78,92.52,211.73,1792.74,3549.16,2.69,149.53,111.13,596.89,2.98,948.19,58.45,500.16
2026-02-05T09:20:00Z,54.24,2234.55,166.08,884.87,35.05,2453.35,157.83,61.37,64.53,2086.99,168.16,891.42,34.05,2343.68,160.86,162.34,227.59,41.03,93.24,205.72,1780.52,3563.48,2.45,150.48,,590.15,2.72,939.76,58.86,495.34
2026-02-05T09:30:00Z,53.96,2227.40,165.09,866.38,35.25,2449.63,157.92,80.79,64.66,2089.65,168.68,893.25,34.04,2348.11,160.86,164.98,228.96,41.03,93.25,208.56,1785.76,3551.75,2.55,150.22,111.37,592.88,2.85,943.33,58.79,486.46
2026-02-05T09:40:00Z,53.53,2226.89,164.72,863.89,35.60,2439.07,157.89,93.61,64.32,2088.05,168.75,890.31,34.23,2357.27,160.26,174.04,225.97,41.87,92.89,203.58,1774.91,3549.36,2.41,149.33,108.90,593.63,2.85,936.12,59.22,493.96
2026-02-05T09:50:00Z,53.96,2233.44,164.92,859.19,35.95,2435.94,158.62,99.92,64.43,2104.15,167.86,872.07,34.24,2349.12,159.99,177.20,230.23,41.36,93.01,208.01,1777.28,3549.82,2.42,150.05,112.25,594.87,2.95,937.27,60.18,491.91
2026-02-05T10:00:00Z,53.84,2222.31,164.00,879.26,35.35,2437.22,158.05,98.94,64.72,2091.45,167.64,880.61,34.15,2344.74,160.52,180.42,226.68,41.83,93.33,204.60,1785.91,3546.23,2.56,151.17,107.68,582.41,2.81,942.05,59.72,495.52
2026-02-05T10:10:00Z,54.18,2222.17,164.31,889.29,35.31,2448.40,157.89,96.38,64.86,2085.56,168.98,883.13,33.73,2356.89,160.98,171.25,232.34,42.56,94.67,207.87,1784.26,3557.06,2.42,148.46,110.95,586.33,2.76,942.27,58.84,494.12
2026-02-05T10:20:00Z,54.34,2222.41,164.37,879.54,35.40,2440.56,158.34,106.62,64.99,2075.32,168.89,875.86,33.23,2360.46,161.62,147.83,231.98,42.07,93.64,207.88,1782.67,3557.66,2.47,149.43,109.93,583.67,2.91,943.59,60.38,489.56
2026-02-05T10:30:00Z,54.38,2215.77,164.06,877.09,34.99,2441.49,157.53,107.53,64.93,2080.12,168.52,868.75,32.87,2371.81,160.11,148.11,232.14,43.53,93.41,208.52,1784.29,3556.28,2.33,151.56,110.18,586.83,3.13,944.18,59.07,496.57
2026-02-05T10:40:00Z,54.64,2204.63,164.77,868.30,34.93,2452.65,157.45,104.55,65.23,2077.46,168.23,881.71,32.91,2365.70,160.08,150.21,231.10,41.95,94.12,208.42,1793.89,3550.44,2.43,149.36,107.03,583.61,2.82,946.33,58.75,487.33
2026-02-05T10:50:00Z,54.49,2210.66,164.49,874.91,35.57,2443.94,158.22,120.24,65.16,2076.29,168.32,886.35,32.71,2383.31,159.92,120.33,233.42,40.16,93.19,207.88,1787.81,3568.20,2.36,150.67,112.85,598.75,3.11,941.85,58.96,505.16
2026-02-05T11:00:00Z,54.43,2216.85,164.03,895.14,35.83,2429.73,158.90,125.66,65.36,2072.76,168.29,902.74,32.53,2389.40,160.16,117.93,228.70,39.88,93.49,207.25,1788.21,3555.33,2.69,148.53,109.19,587.33,3.41,952.16,59.59,487.78
2026-02-05T11:10:00Z,54.81,2212.67,164.94,881.32,36.01,2442.36,158.37,127.11,65.56,2061.84,168.94,918.37,32.59,2399.74,159.38,111.95,225.20,41.48,93.48,200.65,1777.58,3548.34,2.45,149.35,109.20,586.80,3.06,938.68,59.98,490.04
2026-02-05T11:20:00Z,54.91,2209.01,165.26,882.76,35.93,2436.00,158.30,137.47,65.42,2074.22,168.78,913.00,32.02,2398.95,160.07,105.59,229.81,41.34,92.96,206.80,1780.53,3555.10,2.38,151.24,110.59,590.17,2.94,940.37,59.72,490.24
2026-02-05T11:30:00Z,55.30,2196.95,165.64,881.99,36.25,2424.52,159.05,156.02,65.99,2072.24,169.12,912.32,31.70,2396.17,160.35,103.32,226.47,42.78,93.50,201.01,1783.16,3554.03,2.41,150.02,108.13,586.90,3.25,945.21,58.71,487.88
2026-02-05T11:40:00Z,55.11,2196.57,164.89,890.22,36.46,2420.00,159.41,159.21,65.81,2060.20,168.82,918.14,31.87,2402.56,160.13,111.52,229.90,42.23,93.75,207.31,1783.70,3554.43,2.53,149.82,108.39,587.18,3.14,940.07,59.54,484.41
2026-02-05T11:50:00Z,55.00,2204.33,164.76,897.49,36.05,2421.25,159.54,144.93,65.87,2062.24,169.27,911.55,31.81,2396.45,159.60,96.71,230.41,40.66,94.08,204.30,1794.53,3555.26,2.43,150.60,111.76,588.34,2.84,943.44,58.22,488.43
2026-02-05T12:00:00Z,55.14,2208.46,164.80,894.95,35.94,2422.21,158.71,138.35,66.05,2043.32,169.41,933.28,,2397.38,159.92,90.45,234.56,41.91,94.06,212.66,1793.68,3559.15,2.40,150.27,112.52,588.33,3.01,945.97,58.94,501.63
2026-02-05T12:10:00Z,55.48,2189.94,165.45,900.57,35.89,2421.54,158.67,147.15,65.90,2060.63,169.44,929.40,31.88,2384.99,159.80,101.18,232.69,41.14,94.29,206.07,1789.57,3558.29,2.41,153.24,111.01,585.19,2.92,943.22,58.96,486.75
2026-02-05T12:20:00Z,55.43,2194.46,164.72,905.76,36.03,2421.65,158.66,137.49,65.70,2059.13,168.78,926.03,32.11,2391.09,159.17,106.48,223.46,41.60,94.20,200.72,1772.68,3541.79,2.77,148.06,106.73,578.26,2.97,934.31,59.84,476.97
2026-02-05T12:30:00Z,55.38,2187.43,164.18,911.94,35.87,2423.02,158.34,125.77,65.89,2056.87,169.04,933.78,31.64,2413.59,158.68,94.52,225.80,40.30,94.24,201.72,1776.94,3544.43,2.54,151.35,106.28,587.53,2.94,936.74,59.16,481.08
2026-02-05T12:40:00Z,55.45,2185.03,165.46,928.31,35.92,2428.02,158.54,131.51,66.02,2050.61,168.32,933.04,31.31,2406.08,158.84,97.70,230.39,40.81,94.88,204.31,1781.85,3547.51,2.57,148.70,110.48,581.79,2.70,946.37,59.50,486.43
2026-02-05T12:50:00Z,55.46,2190.90,165.56,916.68,35.62,2432.64,158.90,118.45,65.96,2045.93,168.93,925.67,31.27,2415.47,159.09,,231.40,39.86,93.29,208.59,1782.42,3551.32,2.60,149.78,111.05,596.42,2.92,936.92,59.05,495.70
2026-02-05T13:00:00Z,55.55,2184.73,164.74,924.01,35.78,2429.18,158.54,110.69,65.50,2053.45,168.26,930.19,31.44,2422.41,158.74,66.85,232.25,43.06,93.95,209.83,1791.90,3531.01,2.55,148.91,110.68,579.15,3.28,944.90,58.27,485.18
2026-02-05T13:10:00Z,55.34,2186.04,164.68,903.40,35.93,2428.76,158.69,124.06,65.49,2052.37,168.68,923.93,31.56,2411.77,158.91,82.45,231.72,43.91,94.52,208.17,1786.48,3560.22,2.22,150.39,109.23,590.41,3.11,943.90,60.07,494.79
2026-02-05T13:20:00Z,55.43,2194.12,164.36,901.91,35.83,2441.22,158.50,126.98,65.43,2059.09,169.33,934.65,31.75,2408.05,158.84,84.42,230.39,41.98,93.57,207.42,1790.88,3537.01,2.62,149.57,109.21,590.06,2.71,951.22,59.74,484.55
2026-02-05T13:30:00Z,55.70,2196.49,164.57,905.41,35.47,2444.44,158.09,124.02,65.53,2057.84,169.53,917.00,31.74,2403.22,159.18,88.60,231.11,41.43,93.86,208.83,1779.61,3544.92,2.61,148.33,110.37,591.66,3.11,942.93,59.90,494.22
2026-02-05T13:40:00Z,55.95,2191.64,164.77,928.39,35.45,2441.73,158.79,116.12,65.83,2060.24,168.70,914.37,31.62,2412.80,159.06,79.66,239.14,40.91,94.02,217.49,1791.57,3544.37,2.47,150.69,114.17,587.67,2.78,946.04,60.26,488.05
2026-02-05T13:50:00Z,55.46,2184.23,164.67,916.07,35.12,2448.41,158.91,110.45,65.87,2054.95,169.21,916.70,31.60,2419.20,159.47,80.72,236.89,41.24,93.81,213.82,1792.77,3546.50,2.39,148.84,115.18,595.49,3.34,948.04,60.04,497.70
2026-02-05T14:00:00Z,55.54,2183.22,164.18,925.68,34.98,2451.35,158.08,111.95,65.95,2038.21,169.22,932.61,32.01,2399.16,159.25,79.78,234.78,40.74,93.80,212.10,1791.39,3541.93,2.46,149.26,110.62,588.93,3.11,945.10,59.08,488.06
2026-02-05T14:10:00Z,55.49,2180.31,164.86,930.05,34.64,2452.08,157.86,103.90,66.21,2042.84,169.32,941.75,31.75,2400.43,159.23,91.26,230.97,42.52,93.77,208.13,1787.72,3544.33,2.63,148.70,109.36,583.34,3.04,942.48,59.31,485.52
2026-02-05T14:20:00Z,55.28,2198.81,164.66,926.61,34.72,2456.26,158.32,77.95,66.43,2042.52,169.56,942.88,32.02,2395.08,158.82,80.94,232.14,41.67,94.03,210.45,1794.39,3546.69,2.52,149.24,111.29,588.41,2.86,946.13,60.72,476.27
2026-02-05T14:30:00Z,54.94,2198.66,165.39,916.76,34.74,2456.62,158.12,76.59,66.53,2044.22,169.98,936.08,31.84,2404.72,158.71,83.74,230.87,40.97,94.11,206.73,1787.01,3550.42,2.26,150.93,112.61,596.39,2.75,947.14,61.29,498.69
2026-02-05T14:40:00Z,55.15,2191.23,165.37,913.38,34.94,2460.61,156.69,62.73,66.22,2048.34,170.46,938.01,31.86,2390.91,158.55,95.31,228.68,41.99,94.73,207.97,1785.05,3554.85,2.48,148.96,109.59,595.64,3.02,941.30,59.74,489.00
2026-02-05T14:50:00Z,55.38,2190.84,165.58,907.85,35.09,2455.32,157.12,67.56,66.18,2060.92,169.82,934.75,31.85,2389.91,159.84,96.09,224.70,42.72,94.30,202.26,1776.74,3556.03,2.56,148.72,105.30,577.92,3.27,934.11,58.64,478.23
2026-02-05T15:00:00Z,55.45,2187.26,165.66,914.49,35.10,2442.57,157.65,98.04,66.08,2040.60,169.37,943.75,31.84,2400.71,159.14,87.34,224.66,40.63,93.24,202.19,1790.10,3562.57,2.32,149.36,106.39,582.27,3.12,941.34,58.58,479.92
2026-02-05T15:10:00Z,55.33,2178.86,165.34,912.79,35.47,2428.91,158.20,104.45,65.62,2061.30,169.46,927.07,31.70,2394.79,159.14,74.67,225.87,41.43,94.04,202.94,1787.50,3558.62,2.50,148.16,110.09,582.35,3.20,935.47,59.83,492.40
2026-02-05T15:20:00Z,55.17,2203.61,164.67,899.54,35.75,2428.99,158.49,111.36,65.92,2055.96,168.85,930.85,31.31,2408.20,158.60,74.99,226.21,,94.13,204.64,1781.15,3560.83,2.65,151.11,107.55,586.01,3.13,940.79,60.76,483.50
2026-02-05T15:30:00Z,55.30,2191.73,165.63,907.17,35.65,2423.07,158.80,118.52,65.47,2062.13,169.49,918.15,31.21,2415.09,158.53,76.30,224.55,39.85,94.06,202.90,1773.59,3557.72,2.52,148.84,107.18,589.04,2.80,940.23,60.21,501.32
2026-02-05T15:40:00Z,54.93,2203.23,164.74,906.11,35.33,2421.56,158.04,122.33,65.50,2056.81,169.23,923.48,30.98,2416.50,158.41,80.74,225.88,42.93,93.39,202.75,1783.13,3558.39,2.57,150.29,108.57,590.00,2.78,951.19,60.88,490.57
2026-02-05T15:50:00Z,54.95,2211.66,164.80,889.87,35.58,2423.76,158.36,122.19,65.51,2057.35,169.43,920.33,31.04,2415.20,159.27,89.89,226.24,41.12,93.45,204.51,1784.07,3549.12,2.53,,107.39,576.16,3.21,936.67,59.42,488.32
2026-02-05T16:00:00Z,55.01,2206.70,164.11,886.01,35.76,2436.01,158.07,118.53,65.70,2056.16,170.02,933.14,30.56,2432.27,158.24,62.38,230.43,41.77,94.03,206.49,1784.71,3552.14,2.55,150.33,111.72,589.76,3.23,943.56,58.58,495.01
2026-02-05T16:10:00Z,55.02,2200.60,164.77,904.37,35.16,2445.20,158.47,130.18,65.58,2053.65,169.70,936.26,30.40,2436.33,158.17,55.39,229.98,42.21,94.15,210.32,1794.40,3560.02,2.23,150.17,111.87,595.65,3.17,946.55,58.86,502.70
2026-02-05T16:20:00Z,54.51,2202.80,165.42,891.84,35.25,2451.28,158.33,100.52,65.62,2055.47,169.36,926.67,30.70,2441.09,158.15,40.32,230.58,40.03,94.79,204.88,1783.13,3557.64,2.35,148.99,112.80,587.62,3.05,945.27,59.35,505.14
2026-02-05T16:30:00Z,54.33,2218.93,164.89,869.43,35.58,2442.18,158.59,118.59,65.87,2055.76,168.78,934.26,,2439.32,158.62,48.41,225.34,41.71,93.90,203.84,1780.28,3552.68,2.34,150.70,105.46,579.36,3.11,940.57,58.84,485.42
2026-02-05T16:40:00Z,54.42,2219.49,164.36,874.76,35.28,2443.57,158.33,121.51,65.86,2064.63,169.05,935.73,31.09,2430.02,158.62,64.53,224.38,41.24,92.62,201.94,1784.17,3548.36,2.61,149.48,107.99,591.74,3.16,945.10,59.27,495.33
2026-02-05T16:50:00Z,54.40,2208.11,165.00,883.27,34.80,2446.60,158.28,111.53,65.63,2060.83,169.43,928.92,30.87,2437.77,158.61,65.10,230.12,41.52,93.47,208.11,1791.51,3554.48,2.81,151.17,106.89,581.41,2.79,946.89,58.90,482.82
2026-02-05T17:00:00Z,53.97,2207.54,164.53,885.15,34.82,2444.79,158.67,92.64,66.02,2054.75,169.13,932.85,30.54,2430.78,158.65,51.24,225.57,40.75,93.52,204.84,1779.71,3545.52,2.46,149.19,106.72,586.83,2.80,942.34,58.34,500.55
2026-02-05T17:10:00Z,54.14,2218.03,164.35,877.17,34.76,2443.95,158.18,95.53,66.22,2049.64,170.47,937.84,30.85,2432.54,158.97,35.23,222.24,38.20,93.96,196.37,1774.07,3552.30,2.46,150.67,106.75,583.55,2.55,936.90,58.23,482.16
2026-02-05T17:20:00Z,53.85,2236.41,164.65,865.82,35.11,2449.82,157.75,88.22,66.12,2054.33,169.79,933.04,30.88,2431.54,158.50,41.51,229.02,39.62,92.45,203.27,1780.74,3549.90,2.47,150.31,109.30,597.05,3.09,942.86,56.61,496.17
2026-02-05T17:30:00Z,53.82,2233.29,164.06,872.57,35.39,2432.28,158.32,99.19,65.94,2045.19,169.39,939.78,31.62,2432.03,158.72,67.58,227.95,42.35,92.56,203.89,1777.93,3540.34,2.53,149.56,107.98,591.23,3.06,939.20,57.01,489.15
2026-02-05T17:40:00Z,53.65,2242.98,164.07,863.77,35.41,2440.69,158.26,102.30,65.92,2049.63,169.25,931.10,32.00,2415.12,158.90,84.08,223.90,41.15,93.02,199.16,1774.82,3559.31,2.40,149.38,106.15,583.26,3.24,936.37,57.62,487.80
2026-02-05T17:50:00Z,53.67,2229.52,164.01,848.89,35.67,2434.84,158.24,110.49,65.85,2052.16,169.80,925.38,31.44,2414.59,158.73,82.20,227.94,40.36,93.41,203.24,1782.92,3548.73,2.75,149.45,110.04,588.79,2.95,943.73,58.62,490.48
2026-02-05T18:00:00Z,53.23,2250.72,164.19,845.69,35.41,2441.75,158.72,108.56,65.99,2051.46,169.81,933.57,31.69,2411.23,158.18,75.22,223.86,41.93,94.18,201.26,1770.93,3551.93,2.54,149.44,106.75,591.68,3.21,937.74,58.65,486.67
2026-02-05T18:10:00Z,53.28,2245.35,164.52,842.47,35.19,2446.21,158.77,86.82,65.72,2057.88,169.01,924.56,31.82,2413.32,158.22,104.13,228.58,39.93,93.36,204.33,1782.81,3555.02,2.60,148.49,108.41,590.88,3.12,941.93,59.03,494.28
2026-02-05T18:20:00Z,53.35,2252.35,164.11,842.25,35.67,2434.01,158.86,119.11,65.85,2055.05,169.85,924.80,31.73,2411.59,158.76,94.35,226.79,38.66,93.69,206.74,1792.52,3546.50,2.37,149.09,107.48,587.69,2.91,943.91,58.68,494.07
2026-02-05T18:30:00Z,53.64,2240.43,164.21,843.69,35.52,2439.00,158.13,101.41,66.11,2048.22,169.76,923.75,31.76,2401.99,159.69,76.56,222.89,38.44,93.22,201.72,1774.65,3544.34,2.55,150.28,107.81,580.63,2.68,929.96,57.76,482.58
2026-02-05T18:40:00Z,54.13,2227.77,163.80,841.30,35.26,2447.21,158.14,90.24,66.55,2046.85,169.87,922.59,31.91,2397.00,159.27,88.41,224.87,39.48,92.81,207.06,1789.66,3556.36,2.26,151.39,108.80,583.55,2.90,945.63,59.17,493.21
2026-02-05T18:50:00Z,54.08,2224.13,163.61,858.25,35.92,2430.27,158.69,114.15,66.75,2047.85,168.95,945.54,32.17,2398.96,159.26,99.50,229.27,40.83,92.97,204.79,1779.67,3545.30,2.42,148.42,110.62,586.79,2.94,938.96,60.00,486.22
2026-02-05T19:00:00Z,54.42,2225.25,164.07,863.09,35.52,2428.61,158.08,108.69,66.43,2047.34,168.88,954.58,31.89,2398.93,159.47,101.27,228.79,41.20,93.64,207.96,1790.87,3556.95,2.28,,111.69,593.50,3.20,948.98,60.77,498.46
2026-02-05T19:10:00Z,54.26,2218.17,163.82,869.59,35.57,2437.00,158.13,119.64,66.16,2046.96,168.77,945.04,32.06,2400.31,159.31,99.95,231.20,42.43,94.45,205.39,1783.60,3560.47,2.57,150.34,111.37,586.21,2.61,943.55,62.09,478.53
2026-02-05T19:20:00Z,53.82,2222.36,163.83,869.00,35.56,2433.66,159.12,114.65,66.53,2019.73,169.59,947.02,32.09,2396.66,159.50,94.21,230.14,40.26,94.62,207.45,1788.58,3559.76,2.51,150.13,111.40,583.77,2.97,940.64,60.75,479.19
2026-02-05T19:30:00Z,53.74,2226.42,164.10,864.13,35.73,2425.53,158.89,131.14,67.10,2014.65,168.70,952.26,32.21,2397.70,159.66,103.83,233.44,42.17,93.61,212.15,1795.01,3547.18,2.36,150.12,114.95,592.25,2.94,951.01,60.17,498.29
2026-02-05T19:40:00Z,54.38,2225.00,164.31,877.40,35.43,2433.94,158.62,114.92,67.03,2017.52,168.71,959.95,32.14,2396.24,159.97,115.72,238.53,42.76,94.57,214.34,1787.58,3549.69,2.42,148.64,115.65,594.08,3.06,949.45,60.27,490.93
2026-02-05T19:50:00Z,54.00,2225.91,164.45,865.83,35.06,2438.76,158.43,106.47,67.01,2022.66,169.72,951.95,31.91,2404.36,159.70,111.02,236.32,42.26,93.94,213.09,1794.97,3547.17,2.50,148.33,112.62,599.06,3.32,939.55,59.24,502.54
2026-02-05T20:00:00Z,54.08,2236.70,164.03,845.12,34.96,2446.59,158.34,101.49,67.09,2024.12,169.41,955.53,32.00,2396.96,159.71,104.66,233.71,41.15,93.75,209.71,1786.27,3557.78,2.35,150.79,112.57,597.08,2.98,946.09,59.32,504.10
2026-02-05T20:10:00Z,53.91,2230.54,163.74,850.69,34.64,2453.04,158.39,101.34,66.80,2020.68,169.73,970.50,31.64,2404.81,159.13,79.70,233.59,40.67,93.20,206.78,1783.17,3567.12,2.73,150.17,112.98,590.03,2.73,934.68,61.68,479.94
2026-02-05T20:20:00Z,53.86,2230.73,164.06,856.74,34.55,2460.37,158.20,102.44,66.65,2028.20,169.83,975.13,31.44,2410.41,159.12,74.61,228.42,41.46,93.44,205.80,1780.42,3558.16,2.26,150.24,108.99,587.63,3.29,945.22,61.63,493.14
2026-02-05T20:30:00Z,53.94,2231.93,164.55,849.41,34.46,2475.10,157.76,99.48,66.79,2038.39,169.47,965.43,31.48,2421.07,158.48,80.27,222.31,43.45,93.07,201.51,1782.72,3546.91,2.68,149.73,108.19,578.42,3.00,941.65,61.97,478.64
2026-02-05T20:40:00Z,53.81,2228.35,164.86,857.22,34.17,2463.11,158.67,89.19,66.79,2025.93,169.36,962.91,31.90,2400.61,159.50,97.25,226.09,42.29,92.56,205.15,1783.80,3544.63,2.80,148.97,108.82,585.48,3.01,938.59,62.55,484.97
2026-02-05T20:50:00Z,53.95,2226.90,163.77,858.17,34.22,2466.60,158.53,89.61,66.60,2016.70,170.21,972.71,32.11,2397.56,158.74,103.06,226.14,42.10,93.61,202.91,1776.45,3550.48,2.53,150.69,106.58,575.84,2.94,932.80,60.04,477.27
2026-02-05T21:00:00Z,53.87,2215.20,163.48,863.57,33.98,2477.28,158.27,52.60,66.46,2022.01,170.24,969.09,32.13,2401.01,158.49,95.78,228.48,41.20,93.07,202.71,1777.93,3557.51,2.60,152.40,110.20,590.05,3.30,939.46,59.78,490.97
2026-02-05T21:10:00Z,53.99,2212.12,163.78,855.09,34.07,2477.47,157.98,49.15,66.09,2027.18,169.07,948.38,31.67,2399.81,159.19,86.73,224.55,42.60,93.45,200.70,1770.25,3557.65,2.60,149.11,108.77,588.15,3.08,931.38,60.63,483.77
2026-02-05T21:20:00Z,54.33,2201.81,163.57,862.63,34.00,2479.74,157.77,54.70,66.24,2035.25,168.05,932.56,31.47,2416.22,159.12,84.07,228.64,41.10,93.39,202.75,1776.93,3554.30,2.40,149.48,110.67,594.38,2.94,935.02,60.50,502.12
2026-02-05T21:30:00Z,54.12,2214.93,164.75,858.02,33.78,2487.03,157.31,54.80,65.96,2036.29,168.62,941.27,31.11,2428.31,159.48,87.43,226.91,39.56,93.60,202.39,1773.82,3549.23,2.36,149.48,108.91,587.60,3.01,933.35,59.07,489.84
2026-02-05T21:40:00Z,53.92,2220.27,164.39,853.46,33.88,2484.92,157.07,62.59,66.20,2048.69,169.96,936.84,31.60,2427.03,159.60,82.35,226.58,39.66,93.58,204.40,1783.72,3551.95,2.34,150.16,111.52,592.10,2.79,938.97,59.75,487.40
2026-02-05T21:50:00Z,54.18,2217.13,163.92,862.23,33.95,2475.16,155.82,64.17,66.36,2048.14,168.98,934.16,31.58,2417.25,159.24,84.15,228.82,39.19,93.34,205.78,1775.59,3560.58,2.52,150.63,110.73,586.66,3.12,935.88,58.37,491.63
2026-02-05T22:00:00Z,54.12,2219.69,164.25,869.85,33.92,2467.85,157.27,70.40,66.12,2045.15,168.76,929.15,31.95,2406.36,158.97,87.48,223.66,39.82,94.29,201.38,1776.75,3568.01,2.58,150.87,107.56,583.65,3.06,938.79,59.87,492.21
2026-02-05T22:10:00Z,54.10,2225.88,164.69,872.79,33.67,2474.89,157.88,74.08,66.68,2046.92,169.18,939.45,31.86,2393.06,159.04,89.30,228.07,41.54,94.11,204.02,1776.57,3561.12,2.84,147.87,108.91,584.48,2.95,946.15,58.65,489.74
2026-02-05T22:20:00Z,54.16,2217.34,165.20,880.67,33.86,2489.33,157.72,66.51,66.71,2042.16,169.39,946.80,32.15,2393.53,158.28,90.13,223.13,38.78,93.48,201.88,1778.77,3555.60,2.48,151.06,108.06,588.78,3.07,940.01,58.10,483.26
2026-02-05T22:30:00Z,54.29,2216.02,164.64,871.69,34.20,2486.15,157.93,55.51,66.42,2031.76,169.74,954.85,32.45,2389.96,158.82,95.11,229.84,40.11,93.48,207.40,1785.80,3545.99,2.75,150.54,109.72,588.13,2.85,947.13,59.13,487.79
2026-02-05T22:40:00Z,54.27,2216.08,164.46,869.37,34.36,2468.25,157.29,80.42,66.37,2028.78,169.93,963.23,32.38,2386.91,158.88,99.56,227.18,39.63,93.75,202.52,1784.23,3568.03,2.61,150.71,108.13,578.22,3.30,940.47,59.40,484.28
2026-02-05T22:50:00Z,54.34,2204.09,165.74,888.65,33.80,2483.43,157.61,75.34,66.63,2039.47,169.39,959.09,32.37,2391.90,158.60,98.30,229.29,38.78,93.03,208.44,1783.29,3560.30,2.49,150.77,106.20,583.27,2.56,941.34,59.10,476.84
2026-02-05T23:00:00Z,54.19,2206.79,165.36,893.17,34.47,2470.53,156.99,63.88,66.69,2038.93,170.08,953.61,32.52,2385.43,158.95,101.65,230.60,40.46,92.80,206.22,1779.22,3551.94,2.41,152.57,110.67,586.49,3.17,934.39,58.92,490.12
2026-02-05T23:10:00Z,54.32,2217.19,164.63,877.75,34.27,2456.88,156.49,70.36,66.66,2039.49,169.76,957.62,32.50,2387.46,159.47,108.26,229.19,42.36,93.40,207.59,1782.26,3562.52,2.43,149.36,109.86,587.11,2.85,942.71,59.14,483.74
2026-02-05T23:20:00Z,53.97,2214.99,164.33,879.89,34.51,2459.77,157.26,68.95,66.67,2027.14,169.46,964.18,32.96,2371.96,159.69,119.27,232.04,42.43,93.51,211.93,1788.53,3551.52,2.41,149.89,111.10,589.76,2.73,940.26,59.80,490.71
2026-02-05T23:30:00Z,53.72,2210.13,164.06,872.30,34.02,2473.15,157.31,68.27,66.88,2036.76,168.92,950.54,33.23,2376.29,159.67,122.09,230.66,43.58,94.21,204.78,1780.07,3568.25,2.42,149.42,111.15,591.79,3.18,944.73,59.48,486.27
2026-02-05T23:40:00Z,54.24,2211.93,164.48,872.43,33.64,2488.03,157.11,56.70,66.79,2032.78,168.73,952.81,33.05,2373.95,159.89,131.28,230.57,42.13,93.61,206.26,1776.14,3537.42,2.52,148.17,109.08,586.73,2.90,931.88,60.72,495.87
2026-02-05T23:50:00Z,55.02,2205.81,163.38,881.91,33.58,2488.73,157.96,46.51,66.71,2022.10,168.67,957.78,33.55,2367.72,159.93,143.85,229.20,41.35,93.69,206.73,1782.01,3540.71,2.45,150.31,108.92,586.04,2.90,946.00,59.85,496.25
2026-02-06T00:00:00Z,54.65,2210.85,164.39,881.57,33.92,2476.35,157.47,42.53,66.45,2031.13,168.67,950.06,33.89,2353.02,160.12,159.75,224.75,40.45,94.18,197.52,1778.02,3542.21,2.52,150.01,107.17,582.11,3.02,934.12,59.58,495.21
2026-02-06T00:10:00Z,54.16,2209.83,164.70,878.25,34.58,2460.50,156.34,52.40,66.22,2025.37,168.67,950.52,33.61,2361.59,160.45,152.82,225.17,40.27,93.89,203.17,1776.10,3544.93,2.49,149.97,107.48,588.98,2.95,938.80,59.39,499.44
2026-02-06T00:20:00Z,54.30,2222.56,165.09,879.70,34.45,2456.43,157.63,64.78,66.27,2037.80,168.67,938.50,33.31,2373.00,160.86,139.49,235.66,41.03,93.55,211.77,1786.74,3543.90,2.67,149.94,111.52,589.22,3.18,953.11,59.36,484.99
2026-02-06T00:30:00Z,54.12,2219.75,165.09,867.48,33.92,2474.25,158.00,64.45,65.89,2039.04,168.67,922.85,33.22,2377.85,160.64,142.71,234.14,41.15,93.02,209.51,1783.16,3540.64,2.49,149.24,109.92,593.89,2.61,939.60,59.96,498.02
2026-02-06T00:40:00Z,54.41,2204.17,165.27,876.44,33.99,2471.35,157.21,72.55,65.52,2059.21,168.67,932.16,32.62,2384.08,160.33,134.03,231.98,41.19,92.70,213.71,1786.88,3556.85,2.52,150.60,109.40,594.64,3.28,947.63,58.83,493.77
2026-02-06T00:50:00Z,54.68,2212.38,165.03,870.26,33.69,2484.46,156.72,64.84,64.97,2065.42,168.67,925.89,32.71,2386.38,160.13,128.90,235.37,39.67,93.49,214.17,1781.75,3545.77,2.57,149.44,111.70,589.55,3.03,942.92,60.86,485.89
2026-02-06T01:00:00Z,55.08,2203.21,164.62,890.68,33.68,2491.96,156.78,48.00,64.53,2080.41,168.67,898.36,32.55,2394.12,159.45,120.86,231.91,40.79,92.24,207.08,1787.69,3565.35,2.57,152.09,112.54,590.65,2.90,944.88,60.37,497.45
2026-02-06T01:10:00Z,55.11,2192.66,164.70,899.46,33.69,2494.63,156.64,48.31,64.11,2093.07,168.67,889.86,32.77,2395.05,159.73,110.04,230.39,40.95,92.50,210.52,1785.60,3545.96,2.35,150.14,111.14,591.04,3.28,941.94,59.77,498.02
2026-02-06T01:20:00Z,54.95,2198.96,164.08,892.47,33.64,2483.50,156.47,35.13,63.86,2096.48,168.67,874.96,32.54,2386.48,160.27,107.22,219.04,41.44,92.67,197.67,1783.63,3551.25,2.57,150.63,104.45,576.84,3.08,940.99,60.67,479.78
2026-02-06T01:30:00Z,54.96,2190.09,164.37,894.90,33.64,2482.78,156.22,33.77,63.73,2103.70,168.67,856.93,32.83,2372.13,160.06,120.71,218.87,41.29,93.45,197.09,1769.61,3557.14,2.54,149.05,106.85,579.73,2.80,929.39,59.69,481.31
2026-02-06T01:40:00Z,55.14,2192.48,164.50,907.67,33.69,2484.28,157.25,48.38,63.40,2105.91,168.67,848.52,32.72,2372.20,159.98,127.12,217.93,38.60,94.14,193.46,1764.20,3550.47,2.60,149.34,103.96,579.83,2.98,932.73,59.54,478.96
2026-02-06T01:50:00Z,55.36,2194.32,165.32,910.84,33.63,2476.76,156.32,40.32,62.49,2122.27,168.67,831.90,32.72,2384.41,160.30,137.03,216.54,38.45,93.59,194.44,1767.44,3541.76,2.53,150.36,104.46,579.09,2.59,933.40,59.76,475.63
2026-02-06T02:00:00Z,55.40,2188.73,165.59,928.51,33.91,2478.97,157.01,49.69,62.21,2140.24,168.67,816.10,32.30,2392.80,160.17,123.41,222.01,39.52,92.24,201.05,1790.25,3541.84,2.47,150.97,106.83,589.47,2.65,943.63,60.16,492.06
2026-02-06T02:10:00Z,55.66,2177.48,165.48,931.54,33.94,2482.82,157.12,40.04,61.96,2150.50,168.67,789.88,32.32,2400.69,160.11,113.70,220.80,38.53,93.39,202.63,1785.45,3542.92,2.59,151.66,103.19,577.51,2.97,942.23,59.56,488.69
2026-02-06T02:20:00Z,56.02,2188.21,165.85,935.20,34.25,2477.45,157.13,46.87,61.95,2160.44,168.67,794.33,32.26,2396.88,159.75,98.20,222.11,36.52,92.43,202.07,1785.01,3541.91,2.53,149.06,106.81,588.03,3.33,939.23,59.48,498.90
2026-02-06T02:30:00Z,56.21,2177.19,165.66,933.99,34.60,2468.45,157.68,58.47,61.34,2163.80,168.67,764.75,32.53,2397.42,159.78,96.68,220.86,35.83,93.02,198.32,1770.73,3558.20,2.56,150.84,106.35,581.01,3.16,937.86,60.01,484.40
2026-02-06T02:40:00Z,55.76,2177.09,165.82,941.83,34.82,2461.83,157.55,65.63,61.30,2171.88,168.67,771.06,32.32,2391.28,159.17,96.50,221.39,37.23,93.31,199.39,1784.87,3541.37,2.45,150.67,104.33,579.43,2.77,940.49,59.85,490.30
2026-02-06T02:50:00Z,56.09,2187.70,165.74,932.23,34.54,2458.17,157.66,69.68,61.28,2166.78,168.67,764.65,32.30,2396.83,159.63,105.72,219.76,37.05,93.79,199.97,1778.18,3555.90,2.36,150.15,102.29,578.01,2.56,940.52,60.65,487.11
2026-02-06T03:00:00Z,56.20,2178.42,165.86,943.42,34.83,2461.52,157.94,61.19,60.76,2164.84,168.67,767.74,32.26,2392.97,159.74,102.69,217.84,37.49,94.16,194.62,1769.62,3556.43,2.63,150.11,103.98,581.41,2.96,940.33,59.12,477.53
2026-02-06T03:10:00Z,56.10,2176.71,166.16,936.55,34.90,2449.76,156.99,74.11,60.36,2174.21,168.67,752.69,31.94,2394.42,159.54,109.62,220.85,40.35,93.25,201.27,1787.79,3552.96,2.60,148.65,107.07,586.67,2.80,950.96,58.69,489.11
2026-02-06T03:20:00Z,56.13,2171.96,165.84,939.89,34.89,2446.59,156.90,98.27,60.04,2188.03,168.67,740.54,32.07,2386.01,159.32,118.08,219.04,39.99,92.57,193.16,1768.22,3540.29,2.29,149.14,106.87,586.92,3.52,930.20,60.52,492.17
2026-02-06T03:30:00Z,55.53,2183.83,166.39,925.07,34.75,2450.40,157.17,84.51,60.07,2190.94,168.67,737.94,32.13,2379.57,159.13,102.22,219.47,37.20,94.03,198.27,1772.60,3557.91,2.37,148.69,102.92,578.86,3.51,932.78,59.87,491.38
2026-02-06T03:40:00Z,55.30,2186.68,166.37,931.20,34.36,2460.12,157.79,80.45,59.53,2202.82,168.67,725.47,32.13,2384.64,159.17,98.09,217.22,38.41,93.89,195.34,1773.91,3562.68,2.69,147.69,103.81,577.37,2.98,939.88,59.85,483.09
2026-02-06T03:50:00Z,55.14,2194.62,166.07,914.87,34.41,2451.23,157.64,75.19,59.78,2202.00,168.67,722.35,32.25,2394.31,158.62,95.66,213.35,38.93,94.51,195.04,1774.65,3542.99,2.66,148.13,100.38,574.65,2.77,942.15,59.80,489.15
2026-02-06T04:00:00Z,55.28,2193.14,165.68,924.63,34.47,2451.70,157.62,84.08,59.46,2208.91,168.67,707.91,32.14,2397.41,159.03,98.12,216.57,36.22,94.12,196.38,1772.31,3551.82,2.38,148.33,104.86,580.01,2.79,937.32,61.87,476.48
2026-02-06T04:10:00Z,55.07,2183.16,165.41,910.43,34.48,2455.20,157.13,75.35,59.19,2226.92,168.67,692.72,32.39,2382.41,159.18,104.80,216.80,35.24,93.88,196.60,1777.59,3551.81,2.77,148.58,102.54,570.67,2.69,936.36,61.71,475.38
2026-02-06T04:20:00Z,54.99,2194.90,165.41,900.04,34.69,2461.51,157.91,70.86,59.05,2229.79,168.67,690.51,32.51,2382.27,159.00,112.28,215.39,33.90,93.06,195.06,1773.12,3545.59,2.27,151.50,104.37,584.05,3.25,933.85,59.89,482.16
2026-02-06T04:30:00Z,55.03,2196.16,164.83,888.02,34.34,2473.02,157.98,79.65,59.06,2218.50,168.67,686.52,32.54,2379.93,159.75,111.05,215.32,37.42,93.45,195.31,1768.25,3549.21,2.65,151.34,105.89,579.00,3.23,930.66,59.63,475.59
2026-02-06T04:40:00Z,55.08,2198.24,164.55,887.47,34.74,2459.92,158.48,88.89,59.11,2217.72,168.67,691.19,32.67,2375.12,160.16,115.89,217.52,37.37,94.04,193.93,1779.25,3555.42,2.29,149.82,104.64,581.42,2.87,942.54,58.56,493.16
2026-02-06T04:50:00Z,55.25,2204.59,164.19,883.99,34.40,2466.06,158.29,74.66,59.29,2227.78,168.67,681.35,32.64,2373.50,159.85,122.46,216.18,37.03,93.81,191.95,1769.64,3551.30,2.36,148.10,103.51,579.20,3.23,936.04,58.49,482.27
2026-02-06T05:00:00Z,55.42,2196.71,164.72,901.61,33.92,2478.00,158.43,71.34,58.90,2214.42,168.67,680.20,32.09,2390.28,160.84,115.11,217.50,36.47,93.68,196.85,1770.30,3551.23,2.46,149.93,101.45,579.18,2.79,932.90,58.98,485.16
2026-02-06T05:10:00Z,55.28,2199.04,164.28,892.78,33.27,2490.46,158.08,68.91,58.64,2223.95,168.67,684.18,31.97,2411.51,160.35,111.67,217.39,33.72,93.22,196.88,1767.66,3546.83,2.42,149.42,104.38,582.33,3.19,927.30,59.50,487.61
2026-02-06T05:20:00Z,55.81,2197.80,164.34,905.05,33.62,2489.93,158.28,59.98,58.56,2241.30,168.67,682.81,32.16,2397.95,160.19,115.21,220.39,32.80,93.63,195.58,1773.70,3541.46,2.59,149.96,103.96,579.49,2.82,935.56,58.50,475.58
2026-02-06T05:30:00Z,55.98,2181.51,164.54,925.48,33.32,2498.93,157.68,40.44,58.43,2241.77,168.67,670.01,32.20,2400.48,159.87,100.72,216.72,33.47,94.00,196.92,1774.57,3550.95,2.57,151.30,101.48,576.92,3.11,933.61,58.59,480.23
2026-02-06T05:40:00Z,55.96,2181.48,165.66,927.93,33.19,2492.26,156.94,13.88,58.41,2249.91,168.67,656.50,32.38,2386.99,159.83,100.89,208.52,33.71,93.22,187.19,1764.39,3555.39,2.54,148.01,99.61,567.07,2.98,922.47,58.64,479.29
2026-02-06T05:50:00Z,55.76,2183.16,165.11,928.58,33.45,2488.92,156.65,13.16,58.29,2242.38,168.67,657.14,32.50,2394.02,159.52,107.50,211.13,34.90,92.93,192.07,1772.24,3547.53,2.50,150.33,102.87,570.92,3.21,937.29,59.60,476.55
2026-02-06T06:00:00Z,55.37,2185.99,165.22,925.41,33.47,2491.10,156.65,35.23,57.65,2252.26,168.67,645.89,32.27,2389.30,159.09,125.61,212.31,35.57,93.87,190.18,1772.85,3542.74,2.39,150.20,100.85,574.64,2.90,934.08,60.54,479.22
2026-02-06T06:10:00Z,55.18,2203.02,164.70,899.98,33.68,2474.37,157.32,53.92,57.77,2258.58,168.67,639.78,32.31,2380.84,159.75,112.80,213.66,34.48,93.58,191.94,1769.72,3566.76,2.60,149.57,101.49,573.60,2.88,939.47,59.08,478.80
2026-02-06T06:20:00Z,54.83,2204.53,165.02,885.51,33.42,2488.92,156.76,36.93,57.42,2260.44,168.67,630.49,32.06,2401.78,159.89,119.08,210.21,35.78,93.74,189.19,1766.47,3546.04,2.53,148.22,100.27,581.57,3.16,939.30,58.53,481.63
2026-02-06T06:30:00Z,55.22,2201.03,165.03,887.10,33.40,2487.39,156.34,53.68,57.13,2265.13,168.67,621.94,32.10,2393.94,159.44,92.82,214.74,33.71,93.54,193.09,1771.12,3543.78,2.65,149.16,101.94,573.71,3.09,934.38,59.27,475.78
2026-02-06T06:40:00Z,55.04,2200.92,164.77,890.48,33.75,2480.41,156.58,62.00,57.18,2268.93,168.67,614.26,32.25,2396.25,159.54,102.09,211.60,36.27,94.15,191.23,1767.13,3552.23,2.55,150.07,101.59,576.27,2.90,934.07,58.34,478.49
2026-02-06T06:50:00Z,54.82,2193.57,164.90,894.34,33.68,2477.18,157.13,64.01,57.84,2256.95,168.67,610.69,32.32,2385.28,159.20,110.65,207.90,34.41,94.27,185.09,1753.03,3543.73,2.50,148.98,100.67,580.98,2.94,928.14,58.06,486.12
2026-02-06T07:00:00Z,55.21,2192.87,164.78,896.67,33.87,2476.13,156.75,54.70,57.82,2262.93,168.67,634.77,31.96,2382.87,159.37,104.62,211.66,34.33,93.80,187.51,1758.56,3547.83,2.47,150.70,101.82,573.70,3.42,928.72,59.32,485.32
2026-02-06T07:10:00Z,55.12,2198.83,164.63,898.03,33.77,2477.23,156.76,53.35,57.80,2261.23,168.67,642.92,32.14,2387.75,159.88,94.71,210.81,32.81,93.81,190.53,1765.29,3527.03,2.56,148.73,99.42,567.11,2.93,931.12,59.71,491.70
2026-02-06T07:20:00Z,55.05,2194.60,165.07,896.73,33.33,2485.84,157.21,39.39,57.88,2256.55,168.67,632.89,32.41,2392.71,159.80,102.60,210.42,32.91,93.67,188.46,1767.16,3562.89,2.34,149.34,100.21,572.80,3.19,929.07,60.21,470.15
2026-02-06T07:30:00Z,55.34,2202.34,165.45,921.52,33.21,2481.59,156.70,40.75,57.75,2251.43,168.67,640.22,32.20,2387.19,159.30,93.33,217.14,34.78,94.30,194.09,1761.42,3551.21,2.71,149.44,101.86,581.46,2.90,930.19,57.86,478.15
2026-02-06T07:40:00Z,55.08,2196.00,165.17,920.02,33.56,2473.02,156.83,39.14,57.87,2249.54,168.67,654.09,32.67,2389.80,160.08,100.74,214.06,36.72,94.13,193.23,1777.25,3553.81,2.40,150.35,102.30,576.82,2.85,945.15,59.13,480.80
2026-02-06T07:50:00Z,54.89,2193.67,165.04,900.46,33.55,2471.33,156.99,49.22,57.41,2258.88,168.67,652.27,32.50,2387.50,159.27,108.39,219.10,34.18,94.89,198.07,1769.57,3566.88,2.51,150.26,106.51,587.41,2.68,937.52,60.73,495.91
2026-02-06T08:00:00Z,55.24,2199.15,165.14,890.13,33.40,2469.80,157.26,46.71,57.02,2268.29,168.67,642.14,32.04,2380.43,159.77,125.35,219.32,34.31,94.25,194.27,1769.38,3550.60,2.54,150.93,104.84,581.21,2.98,934.14,60.18,493.33
2026-02-06T08:10:00Z,55.01,2199.91,165.01,893.09,33.36,2481.99,157.59,54.25,56.77,2274.46,168.67,633.08,32.32,2389.48,159.60,113.20,214.58,33.96,93.84,190.68,1768.22,3555.62,2.42,149.39,103.74,574.81,3.28,934.15,59.27,481.44
2026-02-06T08:20:00Z,54.98,2197.51,164.95,896.38,33.50,2479.38,156.88,33.73,56.78,2286.84,168.67,610.94,32.08,2402.98,159.77,99.61,208.38,33.72,94.26,183.36,1766.69,3548.45,2.64,150.43,101.85,578.98,2.69,928.78,59.62,477.89
2026-02-06T08:30:00Z,54.80,2204.10,164.80,896.86,33.82,2483.09,157.04,44.94,56.68,2280.65,168.67,606.89,32.19,2391.93,159.61,107.29,211.90,36.24,94.47,189.61,1762.78,3546.92,2.52,150.00,97.81,575.60,3.28,931.91,57.92,481.45
2026-02-06T08:40:00Z,55.02,2205.26,165.23,896.48,34.08,2484.88,157.20,58.23,56.41,2280.73,168.67,605.74,32.29,2389.63,159.36,98.89,211.61,35.39,94.04,190.87,1765.53,3561.69,2.71,149.77,101.13,574.06,2.66,937.14,59.34,478.23
2026-02-06T08:50:00Z,55.19,2200.27,164.17,887.30,34.02,2489.22,156.55,64.27,57.04,2275.06,168.67,600.97,32.15,2390.48,159.19,91.83,211.74,34.91,93.77,188.47,1776.97,3557.83,2.33,148.09,98.34,568.81,3.21,942.37,59.53,472.72
2026-02-06T09:00:00Z,55.23,2190.80,164.75,895.14,34.26,2480.27,156.74,57.79,56.93,2265.58,168.67,617.70,31.97,2396.89,159.25,88.24,210.98,33.61,93.30,194.40,1767.06,3557.80,2.57,148.14,102.12,580.14,3.03,933.34,59.97,480.98
2026-02-06T09:10:00Z,54.95,2205.11,164.41,898.91,33.92,2472.04,157.18,60.19,57.29,2268.80,168.67,620.45,31.68,2410.06,159.69,96.84,206.51,32.66,92.51,187.01,1759.84,3535.47,2.39,148.50,99.55,574.49,2.98,932.18,59.88,478.22
2026-02-06T09:20:00Z,54.94,2194.48,166.03,907.34,34.09,2468.33,156.41,64.38,57.56,2261.27,168.67,627.10,31.68,2404.46,159.63,107.02,213.96,35.23,92.50,190.81,1766.63,3538.80,2.86,148.77,101.99,574.88,3.00,924.11,58.27,483.22
2026-02-06T09:30:00Z,54.93,2198.56,165.67,901.99,34.19,2475.75,156.30,59.69,57.56,2264.42,168.67,632.36,31.58,2407.16,160.21,87.60,212.12,34.95,93.69,192.10,1773.88,3551.99,2.54,150.14,98.80,576.87,2.87,935.47,57.98,482.10
2026-02-06T09:40:00Z,54.75,2197.54,165.72,901.36,34.22,2472.61,157.24,66.36,57.44,2261.52,168.67,624.53,31.87,2400.37,159.79,97.64,209.43,36.21,93.58,190.60,1774.71,3553.83,2.47,150.26,99.94,574.77,3.19,942.16,57.61,487.26
2026-02-06T09:50:00Z,54.60,2207.88,165.19,898.17,34.18,2473.71,156.99,61.67,57.14,2259.37,168.67,622.94,31.23,2408.05,159.83,87.90,205.00,34.49,92.32,185.55,1758.39,3554.83,2.54,150.74,97.17,575.45,3.19,926.04,59.18,478.90
2026-02-06T10:00:00Z,54.14,2215.85,164.90,888.49,34.15,2471.46,156.90,57.44,57.02,2279.19,168.67,617.89,30.71,2423.23,159.95,83.22,206.25,33.81,92.54,187.92,1765.26,3547.07,2.78,149.87,97.89,571.39,3.17,929.10,59.49,465.88
2026-02-06T10:10:00Z,54.02,2225.83,164.66,880.42,34.37,2460.69,156.74,67.63,57.16,2274.27,168.67,613.18,31.21,2424.50,159.58,67.41,211.42,33.39,93.58,191.52,1778.84,3545.11,2.77,150.09,98.80,581.64,3.06,931.86,59.57,483.81
2026-02-06T10:20:00Z,54.22,2218.89,163.77,879.35,34.33,2467.05,157.00,76.66,56.63,2285.47,168.67,606.18,31.16,2422.74,159.31,55.79,207.03,31.63,92.79,187.97,1766.91,3559.51,2.41,150.34,98.52,569.34,3.12,926.66,59.90,476.80
2026-02-06T10:30:00Z,54.36,2228.56,164.07,885.83,34.10,2470.04,157.29,64.62,56.51,2284.91,168.67,595.94,31.47,2413.70,159.55,62.45,211.71,30.86,92.81,191.33,1763.35,3545.84,2.51,149.70,98.22,569.42,2.87,933.39,58.87,473.45
2026-02-06T10:40:00Z,54.06,2232.50,164.54,884.90,34.02,2472.14,157.11,69.25,56.46,2287.86,168.67,601.45,31.39,2412.59,159.64,63.63,207.99,32.72,93.31,187.06,1765.08,3555.67,2.59,150.19,97.67,574.06,2.92,933.05,58.58,470.60
2026-02-06T10:50:00Z,54.40,2221.33,164.79,876.65,34.30,2474.26,158.21,77.11,56.61,2284.75,168.67,601.81,31.85,2401.14,159.25,74.26,206.46,33.80,92.93,185.46,1763.99,3563.85,2.32,151.35,94.70,573.66,3.11,933.24,59.10,486.45
2026-02-06T11:00:00Z,54.17,2216.81,164.78,885.96,34.24,2484.61,157.21,74.32,56.69,2293.89,168.67,599.12,32.09,2406.29,159.15,74.66,207.60,33.46,92.56,186.47,1762.32,3540.99,2.68,149.83,98.31,577.30,2.82,936.99,58.57,477.39
2026-02-06T11:10:00Z,54.51,2220.58,164.40,880.73,34.25,2473.21,157.50,64.39,56.91,2289.29,168.67,590.06,31.85,2400.44,158.68,76.16,207.04,32.70,93.00,185.65,1760.25,3557.85,2.54,149.22,98.37,575.73,3.17,930.18,58.92,472.57
2026-02-06T11:20:00Z,54.38,2208.59,164.30,877.15,34.44,2478.62,157.58,71.53,56.45,2295.04,168.67,584.97,32.05,2397.48,158.15,88.16,205.82,31.66,93.28,182.88,1759.71,3545.26,2.60,147.92,99.33,579.38,3.28,929.18,57.22,485.11
2026-02-06T11:30:00Z,54.64,2195.74,163.79,888.81,34.30,2467.44,157.54,54.41,56.31,2290.83,168.67,572.51,31.79,2404.13,158.00,79.05,203.76,32.22,93.39,184.78,1762.25,3545.90,2.63,149.06,95.51,568.93,3.22,933.52,58.57,468.34
2026-02-06T11:40:00Z,54.76,2211.23,163.70,881.98,34.40,2469.86,157.48,63.63,56.30,2298.13,168.67,571.70,31.65,2403.33,158.24,75.01,208.81,34.19,93.93,186.16,1760.09,3553.93,2.36,148.57,100.88,581.03,2.99,917.41,57.73,489.78
2026-02-06T11:50:00Z,54.68,2209.15,164.48,872.37,34.37,2473.60,157.58,76.22,56.40,2288.59,168.67,584.34,32.26,2388.68,158.62,86.47,210.20,34.77,93.40,189.40,1766.27,3543.96,2.40,148.89,101.15,581.07,3.33,931.21,59.15,479.14
2026-02-06T12:00:00Z,54.93,2197.00,165.50,898.92,34.51,2477.38,157.12,66.21,56.69,2284.77,165.49,602.23,32.27,2389.98,158.98,91.79,210.97,34.35,92.82,190.48,1778.09,3544.64,2.65,148.09,101.65,582.06,3.05,930.51,58.72,483.70
2026-02-06T12:10:00Z,54.93,2195.97,165.13,900.04,34.53,2464.51,157.69,68.52,56.72,2279.70,164.17,598.92,32.41,2394.64,159.08,98.64,211.97,33.64,92.89,193.96,1775.17,3551.92,2.26,150.46,100.27,572.20,3.04,938.65,59.29,469.13
2026-02-06T12:20:00Z,54.76,2197.95,163.58,901.22,35.06,2450.91,157.72,71.91,56.37,2291.17,162.96,599.98,32.34,2398.73,159.40,97.91,212.51,35.24,92.34,194.63,1766.30,3550.14,2.22,150.62,103.34,576.18,3.05,939.06,59.69,486.49
2026-02-06T12:30:00Z,54.83,2192.39,164.71,908.38,34.93,2457.87,157.19,68.74,56.32,2288.53,162.93,604.86,32.46,2383.48,159.03,105.79,212.26,35.09,92.82,191.03,1765.38,3554.00,2.32,150.15,102.14,577.71,3.08,934.73,60.84,486.09
2026-02-06T12:40:00Z,54.90,2196.41,164.35,908.26,34.97,2457.75,157.61,75.04,55.93,2295.25,162.72,602.61,32.63,2387.11,159.63,119.16,210.42,34.27,92.23,188.77,1764.86,3556.56,2.61,149.47,100.50,578.85,3.17,930.98,60.77,489.60
2026-02-06T12:50:00Z,55.17,2191.51,164.80,902.52,35.10,2461.25,157.34,83.90,55.60,2300.09,162.79,601.51,32.63,2384.97,159.80,130.93,208.20,35.25,93.49,186.13,1765.37,3540.02,2.32,147.59,99.30,572.91,2.58,932.97,58.39,475.99
2026-02-06T13:00:00Z,55.14,2198.09,164.64,909.78,34.88,2454.93,157.09,87.69,55.21,2312.92,161.95,577.30,32.52,2385.86,160.14,125.18,212.97,36.55,92.87,193.13,1772.00,3556.26,2.45,149.52,101.11,578.64,3.10,930.55,59.91,482.55
2026-02-06T13:10:00Z,55.53,2188.67,164.40,911.67,34.37,2472.66,157.08,78.19,55.41,2321.68,161.08,559.44,33.20,2373.73,160.16,129.50,206.40,36.25,92.69,185.54,1769.55,3561.34,2.50,149.44,100.20,579.88,2.99,925.67,57.79,479.52
2026-02-06T13:20:00Z,,2192.22,165.28,919.64,34.42,2466.42,157.31,83.99,55.70,2316.92,161.02,556.67,33.41,2368.97,160.41,143.47,209.60,34.04,92.64,189.44,1763.60,3542.06,2.64,149.02,98.47,577.23,3.25,935.24,58.42,484.73
2026-02-06T13:30:00Z,55.56,2173.94,166.19,927.80,34.25,2474.69,157.24,76.16,55.47,2322.80,161.02,555.07,33.59,2370.36,160.10,148.13,210.29,32.60,92.60,190.01,1768.81,3553.99,2.66,150.34,98.43,572.80,3.01,937.78,58.68,486.49
2026-02-06T13:40:00Z,55.65,2169.23,165.50,916.00,34.18,2471.55,157.56,77.19,55.33,2321.69,161.07,562.30,33.50,2376.93,159.87,148.27,217.84,35.01,92.98,194.79,1767.32,3566.11,2.85,151.24,105.08,584.27,3.09,933.17,59.35,492.55
2026-02-06T13:50:00Z,55.66,2178.00,165.55,931.11,34.27,2460.67,157.93,92.97,55.18,2314.02,161.74,567.17,33.47,2369.00,160.44,147.58,214.14,35.20,93.69,194.50,1772.18,3535.13,2.44,150.26,100.85,571.13,3.04,938.87,59.46,464.32
2026-02-06T14:00:00Z,55.76,2168.71,165.61,936.51,34.28,2466.49,158.07,73.54,55.20,2314.54,161.69,560.45,33.06,2374.16,160.13,137.34,215.94,34.56,93.51,196.91,1775.69,3567.56,2.42,151.26,102.55,578.73,3.28,933.79,59.51,481.81
2026-02-06T14:10:00Z,55.09,2187.09,166.06,931.05,34.21,2480.29,157.56,79.89,55.18,2320.36,161.12,559.72,32.60,2374.74,160.06,118.38,213.93,35.45,92.33,192.12,1771.82,3563.54,2.38,148.75,101.80,587.81,3.16,933.15,59.70,484.93
2026-02-06T14:20:00Z,55.26,2184.45,165.63,915.55,34.38,2470.98,157.56,79.98,54.96,2329.60,161.50,538.89,32.89,2377.17,160.66,129.51,210.38,32.56,93.11,189.61,1767.89,3554.43,2.82,151.04,98.27,572.86,3.10,936.78,61.52,480.10
2026-02-06T14:30:00Z,55.80,2173.08,165.57,942.10,34.39,2468.68,158.30,74.99,55.29,2316.55,162.07,542.04,32.78,2378.87,160.32,134.00,210.78,33.78,93.25,188.98,1759.38,3549.54,2.25,149.09,101.97,578.19,2.90,928.92,60.00,480.02
2026-02-06T14:40:00Z,56.16,2176.55,165.42,942.53,34.28,2470.35,157.61,64.05,55.10,2314.05,161.94,533.62,32.70,2383.34,160.47,131.86,209.39,34.34,93.22,189.25,1760.32,3544.58,2.58,150.82,98.49,576.81,3.10,924.83,61.61,491.01
2026-02-06T14:50:00Z,56.18,2173.59,165.30,930.09,34.25,2458.03,157.93,59.41,55.11,2322.70,161.30,535.62,32.62,2387.31,160.24,119.25,211.06,32.12,92.74,190.70,1761.99,3533.49,2.44,148.24,102.39,581.86,2.71,931.06,60.71,478.80
2026-02-06T15:00:00Z,56.13,2169.13,165.54,932.21,34.56,2461.07,157.17,73.46,55.42,2310.21,161.70,545.47,32.39,2387.39,160.29,115.97,211.76,33.47,92.83,192.25,1777.79,3559.84,2.56,152.46,101.47,580.93,3.29,941.13,60.55,489.79
2026-02-06T15:10:00Z,56.00,2175.04,165.99,951.00,34.53,2469.54,157.48,73.26,55.53,2310.87,161.65,575.38,32.51,2389.50,161.01,104.84,211.38,34.92,92.68,188.99,1763.94,3541.04,2.25,149.13,102.91,579.25,3.06,929.13,59.87,477.70
2026-02-06T15:20:00Z,56.16,2175.51,166.13,955.04,34.88,2455.70,157.27,95.88,55.49,2318.56,162.26,575.42,32.40,2401.47,160.46,116.21,213.66,36.29,93.19,195.95,1782.37,3551.87,2.62,151.02,101.58,580.42,2.99,938.99,59.60,486.25
2026-02-06T15:30:00Z,56.10,2158.98,165.70,945.88,35.22,2450.63,157.78,88.31,55.60,2311.25,162.33,576.29,32.98,2395.81,159.94,120.67,210.95,36.80,92.82,191.88,1773.85,3543.93,2.69,149.29,101.72,586.51,2.99,937.27,60.51,488.37
2026-02-06T15:40:00Z,55.94,2167.71,166.00,944.76,35.35,2446.24,157.29,112.30,55.50,2303.73,162.79,574.69,32.73,2398.25,160.25,120.67,205.79,38.43,92.36,183.85,1770.25,3547.56,2.58,149.49,100.60,581.86,2.82,939.30,60.58,489.24
2026-02-06T15:50:00Z,55.89,2180.15,166.16,945.86,34.92,2455.11,157.52,101.39,55.27,2316.28,161.70,561.04,32.98,2389.15,160.77,141.71,203.96,37.46,92.33,185.97,1762.57,3542.62,2.72,149.85,99.49,581.81,2.88,938.44,59.33,476.55
2026-02-06T16:00:00Z,55.58,2180.37,166.04,945.35,34.72,2466.91,157.65,86.66,55.49,2315.14,161.60,551.38,32.70,2391.21,160.06,128.05,210.47,35.37,91.88,187.37,1765.90,3544.72,2.71,150.60,100.35,575.65,3.46,937.72,60.05,485.01
2026-02-06T16:10:00Z,55.61,2181.04,166.42,944.66,34.90,2461.26,157.44,80.66,55.38,2312.95,162.32,556.64,32.62,2386.12,159.54,121.24,213.18,35.88,91.82,191.99,1767.97,3556.27,2.69,147.89,99.96,570.14,3.10,936.18,58.51,471.74
2026-02-06T16:20:00Z,56.09,2167.16,166.15,945.11,35.34,2448.97,157.35,85.96,55.47,2315.99,162.59,554.35,32.70,2393.96,159.61,122.15,217.31,33.44,92.22,196.31,1779.84,3564.86,2.51,150.37,104.14,574.80,3.33,932.30,60.27,481.78
2026-02-06T16:30:00Z,55.90,2167.80,165.64,944.64,35.83,2446.39,157.79,97.79,55.75,2316.53,162.43,559.86,32.62,2394.93,159.87,109.26,219.08,34.60,91.75,201.35,1773.43,3560.70,2.62,149.28,105.67,588.73,3.39,941.13,58.71,481.71
2026-02-06T16:40:00Z,55.57,2170.29,165.61,939.28,35.38,2442.96,157.63,95.54,55.37,2318.79,162.20,555.96,32.52,2389.67,160.06,103.62,213.78,36.83,92.64,191.21,1761.03,3557.13,2.79,150.00,103.78,575.16,3.04,926.12,58.37,482.78
2026-02-06T16:50:00Z,55.39,2190.03,165.97,927.80,34.89,2443.88,157.60,93.58,55.59,2313.32,161.74,566.00,32.70,2383.01,159.60,114.01,212.24,36.11,92.48,190.43,1771.64,3537.82,2.64,149.01,101.22,576.37,2.99,934.57,59.09,480.35
2026-02-06T17:00:00Z,55.43,2179.11,165.51,916.41,34.85,2458.94,157.75,98.04,55.62,2316.66,161.62,565.54,32.64,2384.73,159.39,122.50,212.80,34.74,92.38,192.54,1768.23,3548.58,2.41,148.76,102.66,576.67,2.84,936.81,60.26,485.62
2026-02-06T17:10:00Z,55.34,2193.35,164.88,911.91,34.40,2465.84,157.64,69.18,55.59,2318.45,161.62,572.79,32.25,2394.30,159.96,122.19,214.09,35.41,93.20,191.75,1768.99,3555.82,2.38,152.44,98.94,578.75,3.03,926.87,60.22,484.61
2026-02-06T17:20:00Z,55.07,2194.11,164.16,897.36,34.37,2456.66,158.72,72.24,55.71,2312.18,161.24,568.14,32.51,2389.65,160.14,120.90,209.17,34.90,92.64,186.78,1766.43,3528.94,2.49,148.64,101.01,580.10,3.04,929.73,59.55,490.74
2026-02-06T17:30:00Z,54.93,2204.08,164.61,891.65,34.43,2466.21,158.44,79.97,55.92,2309.09,161.52,575.13,32.20,2395.30,160.05,99.97,210.34,34.92,92.74,193.57,1772.60,3536.98,2.80,148.83,102.17,586.77,2.79,933.16,59.14,488.46
2026-02-06T17:40:00Z,55.13,2200.70,164.73,894.15,34.74,2456.27,157.26,88.67,56.08,2302.63,162.51,593.94,32.54,2384.96,159.56,109.96,214.13,34.02,92.79,191.02,1766.47,3545.22,2.30,149.17,103.44,582.68,2.92,931.28,59.93,481.23
2026-02-06T17:50:00Z,55.56,2195.80,164.30,902.19,34.84,2450.96,156.92,87.27,55.82,2299.98,162.18,575.10,32.60,2382.75,159.93,116.75,206.38,32.28,92.56,183.21,1767.06,3548.60,2.66,148.41,98.14,569.62,3.17,935.06,58.62,488.06
2026-02-06T18:00:00Z,55.55,2179.51,164.58,924.17,34.87,2444.08,157.64,97.26,55.78,2310.09,162.93,578.83,32.46,2377.86,160.15,117.35,212.39,33.15,92.64,193.21,1774.33,3537.32,2.61,150.11,99.81,578.50,2.88,941.26,58.68,481.42
2026-02-06T18:10:00Z,55.94,2174.71,164.59,947.33,34.56,2454.13,157.72,86.58,55.86,2316.84,162.74,577.60,32.59,2392.01,159.38,121.83,210.20,35.86,93.18,188.33,1773.05,3553.74,2.62,151.46,101.48,583.02,3.28,936.09,59.15,490.83
2026-02-06T18:20:00Z,56.05,2166.62,165.62,948.76,34.73,2436.96,158.28,102.46,55.41,2300.60,161.91,567.96,32.90,2383.99,159.16,122.71,212.49,36.45,93.51,193.90,1773.96,3562.88,2.48,149.25,100.90,571.76,3.19,938.09,59.59,476.63
2026-02-06T18:30:00Z,55.82,2172.29,165.00,930.57,34.73,2452.85,158.48,108.50,55.24,2314.58,161.95,568.97,32.78,2384.63,159.47,132.16,213.31,35.99,94.02,193.58,1777.00,3541.01,2.59,149.09,100.85,568.94,2.75,942.63,59.27,488.10
2026-02-06T18:40:00Z,56.18,2168.65,164.92,925.72,34.60,2440.86,157.79,111.61,55.47,2310.46,161.84,555.05,32.82,2389.96,160.16,120.26,211.53,33.07,94.13,191.36,1773.06,3556.52,2.56,147.26,100.59,570.34,3.09,941.07,59.27,474.23
2026-02-06T18:50:00Z,56.17,2172.45,165.25,930.27,34.26,2471.24,158.09,98.98,55.59,2305.05,161.98,554.13,32.90,2384.68,160.47,133.86,219.56,33.98,93.67,197.31,1770.07,3551.25,2.58,150.36,105.76,583.75,2.82,933.99,57.16,490.73
2026-02-06T19:00:00Z,56.28,2172.96,165.32,933.81,34.21,2460.36,158.46,73.01,55.78,2292.10,162.00,576.76,32.52,2398.75,160.21,118.36,215.03,34.29,92.75,192.70,1769.06,3540.77,2.59,148.42,101.65,579.40,3.45,934.21,57.55,478.95
2026-02-06T19:10:00Z,56.13,2169.32,166.04,934.43,34.29,2464.94,157.48,66.46,55.65,2310.29,162.22,585.91,32.53,2383.72,160.16,121.53,212.83,34.61,92.73,194.09,1776.10,3564.12,2.68,151.45,103.33,575.16,3.36,939.90,58.83,485.75
2026-02-06T19:20:00Z,56.30,2162.86,166.67,951.47,34.26,2462.21,157.71,69.04,55.85,2306.33,162.49,577.33,32.49,2396.05,159.81,118.04,209.22,35.61,92.64,184.76,1763.00,3544.96,2.43,149.17,100.19,578.21,3.45,926.65,59.91,489.18
2026-02-06T19:30:00Z,56.21,2178.35,166.54,948.56,34.49,2465.44,157.67,76.79,55.62,2309.38,163.13,574.67,32.69,2385.89,159.86,118.93,214.66,35.13,92.81,192.94,1773.32,3552.02,2.02,148.44,102.47,575.28,2.86,935.37,58.24,481.11
2026-02-06T19:40:00Z,56.14,2177.52,165.38,938.17,34.51,2465.20,157.29,64.42,55.42,2316.10,162.63,569.61,32.92,2377.72,159.83,107.14,220.54,32.75,93.01,199.31,1773.63,3538.15,2.76,149.23,105.97,584.67,3.22,937.65,58.86,500.43
2026-02-06T19:50:00Z,56.30,2165.58,165.72,946.94,34.63,2462.30,157.28,83.37,55.08,2324.42,162.32,542.21,32.76,2387.95,159.29,105.20,211.64,33.40,93.38,190.00,1771.73,3546.17,2.67,150.51,100.27,575.89,3.03,937.58,58.98,480.23
2026-02-06T20:00:00Z,56.21,2165.32,164.87,936.53,34.58,2456.29,157.35,97.26,55.35,2319.22,161.89,548.72,32.81,2371.61,159.67,115.13,211.06,33.68,92.51,189.59,1763.93,3559.51,2.30,148.73,101.83,582.45,2.89,930.74,59.82,486.64
2026-02-06T20:10:00Z,55.68,2173.31,165.29,937.51,34.94,2449.80,157.90,98.73,55.29,2323.92,161.50,549.05,32.87,2377.37,160.07,120.15,213.21,35.40,93.18,192.21,1776.11,3556.77,2.86,,101.07,573.20,2.88,936.06,58.88,477.47
2026-02-06T20:20:00Z,55.77,2176.17,164.73,938.74,34.52,2452.98,158.31,100.27,54.92,2323.19,162.20,554.59,32.88,2375.60,160.17,122.53,214.95,35.78,93.26,196.18,1770.20,3558.91,2.56,150.93,100.52,576.02,2.89,934.10,58.40,475.25
2026-02-06T20:30:00Z,55.32,2175.27,164.45,943.58,34.46,2462.73,158.18,85.64,54.92,2313.77,162.70,557.31,32.67,2379.43,159.47,121.96,214.32,33.73,92.66,192.16,1768.32,3541.75,2.60,150.93,103.65,572.55,2.80,940.55,60.21,474.73
2026-02-06T20:40:00Z,55.10,2170.61,165.28,941.93,34.97,2447.03,158.70,78.97,55.14,2316.33,162.65,559.21,32.70,2384.06,159.95,117.94,212.75,32.89,93.16,191.34,1767.72,3543.85,2.55,147.24,101.49,573.88,3.10,932.92,61.11,476.85
2026-02-06T20:50:00Z,55.11,2186.57,165.54,936.45,35.00,2448.04,157.96,95.29,54.83,2322.42,162.72,561.75,33.07,2366.16,159.71,122.31,214.27,37.26,92.83,190.28,1764.51,3544.66,2.17,148.17,102.92,579.72,2.88,931.51,60.05,479.26
2026-02-06T21:00:00Z,55.03,2184.85,165.25,923.88,35.08,2447.93,157.06,104.32,54.93,2331.94,161.64,544.91,32.58,2367.32,160.32,119.92,213.05,35.50,92.96,188.10,1764.25,3568.14,2.58,149.26,99.36,576.78,3.01,931.97,60.01,491.72
2026-02-06T21:10:00Z,54.66,2199.42,165.00,904.26,35.50,2439.68,157.74,110.21,54.94,2324.08,161.44,542.89,32.91,2373.67,159.89,121.98,206.13,34.17,93.29,186.66,1769.16,3562.08,2.49,147.60,100.11,583.12,3.02,936.10,59.11,481.70
2026-02-06T21:20:00Z,54.69,2203.63,165.15,895.57,35.59,2429.32,158.21,104.16,55.23,2327.10,161.56,543.17,33.21,2374.80,159.75,,211.28,33.29,92.77,187.51,1767.53,3550.87,2.67,148.87,98.81,565.64,3.10,933.95,60.14,471.60
2026-02-06T21:30:00Z,54.39,2209.32,164.85,882.82,35.31,2433.31,158.00,113.17,55.04,2337.42,161.67,547.37,33.40,2370.18,160.06,131.95,208.01,34.53,93.10,186.26,1765.36,3559.02,2.76,149.31,98.10,572.65,2.94,933.19,60.17,469.50
2026-02-06T21:40:00Z,54.21,2214.06,164.83,874.36,35.44,2433.77,158.48,111.62,55.28,2318.70,161.56,550.25,33.48,2372.17,160.75,134.75,207.43,33.52,92.96,186.45,1758.51,3553.46,2.32,147.51,101.47,570.97,3.43,927.43,59.59,471.97
2026-02-06T21:50:00Z,54.67,2207.18,164.69,869.80,35.36,2436.88,158.73,113.59,55.16,2322.15,162.35,546.45,33.41,2361.42,160.91,149.20,210.89,32.70,93.21,188.03,1770.29,3552.11,2.61,148.62,101.46,575.95,3.14,933.93,59.35,486.95
2026-02-06T22:00:00Z,54.39,2202.80,165.31,883.05,35.70,2426.78,158.70,126.01,55.33,2303.29,162.52,550.02,33.36,2366.14,160.05,145.25,212.22,32.45,93.57,189.61,1773.04,3545.06,2.54,149.24,103.16,578.04,3.21,939.64,58.62,474.57
2026-02-06T22:10:00Z,54.34,2207.67,165.30,888.43,35.58,2439.01,158.30,111.92,55.63,2302.58,161.65,556.29,33.26,2365.67,159.98,139.26,218.57,33.82,93.25,196.31,1782.54,3550.20,2.51,150.68,105.31,580.70,2.85,937.02,60.20,472.92
2026-02-06T22:20:00Z,53.94,2216.92,164.71,871.97,35.56,2436.75,158.32,124.17,55.43,2318.57,161.52,554.29,33.32,2362.63,159.88,136.18,215.27,33.34,93.24,190.10,1759.68,3551.01,2.29,149.49,104.41,576.46,3.22,930.36,60.15,490.67
2026-02-06T22:30:00Z,53.89,2222.52,164.07,872.03,35.83,2437.55,158.49,113.93,55.72,2308.92,161.76,557.66,32.52,2363.53,160.24,129.55,211.45,35.25,92.81,191.43,1773.16,3553.99,2.39,149.06,98.21,571.61,2.91,934.78,60.66,481.32
2026-02-06T22:40:00Z,54.20,2229.62,164.48,869.40,35.32,2439.98,158.26,102.00,55.89,2305.02,161.85,561.57,32.68,2368.28,160.22,132.72,204.20,33.08,92.67,178.26,1762.16,3567.39,2.74,148.82,100.30,578.75,3.10,924.97,61.32,488.21
2026-02-06T22:50:00Z,53.87,2224.38,164.30,861.50,35.26,2434.70,158.42,107.95,55.79,2299.11,162.58,573.66,32.52,2381.12,159.36,132.08,208.50,32.74,92.45,185.70,1760.55,3546.32,2.64,149.01,101.60,580.00,3.15,929.20,59.93,484.31
2026-02-06T23:00:00Z,54.18,2223.09,164.44,871.76,35.19,2446.67,159.11,95.95,55.44,2306.95,162.38,577.94,32.71,2382.37,160.06,125.14,205.21,34.30,91.98,184.44,1755.48,3560.29,2.40,150.08,97.83,567.35,3.08,934.09,59.54,474.52
2026-02-06T23:10:00Z,54.52,2203.06,164.48,893.04,35.14,2447.22,158.54,93.93,56.05,2307.32,163.06,574.39,32.67,2382.82,159.22,121.22,209.12,34.65,92.42,190.64,1777.81,3549.72,2.91,148.99,101.29,578.00,2.86,941.26,59.30,486.92
2026-02-06T23:20:00Z,54.62,2207.14,165.18,894.43,35.18,2443.35,158.69,104.42,56.19,2299.32,162.65,576.62,,2391.06,158.90,111.07,211.59,34.62,93.27,189.57,1773.43,3551.88,2.55,150.61,99.57,572.65,3.18,934.53,59.77,474.62
2026-02-06T23:30:00Z,54.87,2202.71,165.25,898.53,35.25,2441.31,158.28,98.49,56.02,2296.41,162.64,579.48,32.50,2389.11,159.51,106.84,214.56,33.96,93.30,191.75,1771.94,3545.30,2.66,148.65,102.24,578.41,3.31,929.61,60.41,480.74
2026-02-06T23:40:00Z,54.80,2197.72,165.43,901.29,35.08,2442.66,157.86,87.83,55.92,2303.29,162.63,563.10,32.84,2387.63,160.14,110.30,221.29,33.12,93.39,197.26,1770.98,3536.61,2.63,148.29,109.55,585.71,2.76,934.68,58.97,487.41
2026-02-06T23:50:00Z,54.81,2197.91,165.03,887.13,35.04,2443.98,157.27,84.26,56.11,2287.47,162.45,594.12,32.96,2383.77,159.89,115.90,217.12,31.88,93.27,192.26,1769.89,3554.79,2.23,151.23,102.06,577.53,3.17,935.60,58.63,487.01
2026-02-07T00:00:00Z,54.63,2217.79,164.88,889.67,35.74,2437.54,157.80,99.49,55.77,2297.80,162.60,596.06,32.41,2382.74,159.75,117.59,217.92,34.41,92.78,194.98,1777.70,3549.71,2.55,150.97,102.77,577.98,2.58,947.66,58.13,491.99
2026-02-07T00:10:00Z,54.71,2198.59,164.71,898.85,36.25,2421.94,158.09,120.40,55.86,2293.10,162.70,576.43,32.44,2389.12,159.92,117.62,213.69,35.14,93.06,186.37,1767.71,3554.90,2.28,149.89,103.24,577.61,3.05,931.54,58.48,477.86
2026-02-07T00:20:00Z,54.47,2206.08,165.22,888.36,36.85,2416.69,158.09,139.71,55.83,2299.89,162.67,576.87,32.43,2387.89,160.33,123.70,214.03,35.66,93.24,191.65,1760.71,3548.18,2.58,149.81,101.57,580.72,3.09,934.20,59.65,478.59
2026-02-07T00:30:00Z,54.49,2207.27,164.89,898.89,37.36,2401.35,158.18,155.29,55.63,2319.12,161.82,562.02,32.92,2375.63,160.21,133.45,213.58,35.74,92.99,191.14,1765.26,3529.68,2.49,147.39,101.86,577.30,2.86,936.29,60.21,479.93
2026-02-07T00:40:00Z,54.66,2220.72,164.68,896.19,37.67,2395.01,158.53,179.65,56.03,2302.49,161.25,566.77,32.66,2390.74,160.03,131.78,212.81,36.34,92.37,189.27,1770.52,3548.83,2.74,149.38,104.55,583.26,3.16,933.41,59.79,477.02
2026-02-07T00:50:00Z,54.68,2205.50,165.58,921.58,38.34,2378.45,159.07,195.15,55.84,2299.85,160.77,568.57,32.51,2388.79,160.02,111.52,216.78,36.67,92.16,193.15,1764.70,3561.21,2.53,151.93,104.23,581.42,2.77,930.72,61.77,481.23
2026-02-07T01:00:00Z,54.63,2205.71,164.38,920.12,38.80,2364.40,159.20,199.90,55.55,2306.08,161.91,571.59,32.36,2385.73,159.61,119.28,215.36,36.51,92.00,198.99,1772.23,3553.41,2.54,150.72,101.52,574.77,3.10,932.17,59.49,481.17
2026-02-07T01:10:00Z,55.10,2211.32,164.38,905.87,39.32,2348.30,159.66,229.16,55.23,2307.20,161.12,562.10,32.18,2392.32,159.76,121.24,216.69,36.08,92.64,196.21,1773.18,3561.48,2.59,149.59,104.43,577.22,3.02,932.37,59.54,487.65
2026-02-07T01:20:00Z,55.39,2201.98,164.27,902.29,39.53,2341.33,159.71,235.47,55.09,2313.54,161.94,559.87,32.62,2387.87,159.81,120.63,220.45,35.09,92.99,198.11,1773.73,3530.47,2.31,149.79,102.97,577.49,2.93,942.85,59.69,489.41
2026-02-07T01:30:00Z,55.44,2192.19,164.79,917.48,39.62,2325.13,160.19,249.60,55.07,2321.65,161.53,551.62,32.53,2392.06,159.45,118.07,220.38,36.33,93.04,201.00,1774.23,3571.68,2.75,149.41,105.70,586.21,3.21,932.15,59.01,489.53
2026-02-07T01:40:00Z,55.27,2195.76,165.11,915.19,39.69,2327.69,160.90,265.67,55.05,2332.65,161.48,557.39,32.87,2378.36,159.02,109.02,214.97,37.44,93.30,194.87,1775.12,3549.57,2.49,149.60,103.70,574.70,3.09,933.46,58.30,481.24
2026-02-07T01:50:00Z,55.63,2177.39,165.71,928.45,39.76,2325.19,160.82,258.12,55.15,2322.06,161.09,545.17,33.18,2370.51,159.68,121.71,218.40,35.84,93.79,198.72,1770.33,3556.27,2.42,149.15,106.64,582.04,3.15,940.30,58.06,489.55
2026-02-07T02:00:00Z,55.38,2181.80,166.65,936.65,40.14,2327.68,161.12,273.67,54.86,2318.50,161.83,550.62,33.31,2368.06,160.61,134.64,222.42,37.52,94.07,198.65,1779.80,3552.14,2.46,148.75,105.12,586.34,3.09,947.09,58.20,488.94
2026-02-07T02:10:00Z,55.63,2168.98,166.53,941.19,40.29,2317.51,160.87,280.82,55.04,2315.86,162.03,554.87,33.62,2349.76,160.42,134.31,224.50,40.38,94.25,203.73,1778.07,3547.66,2.59,149.46,108.80,587.64,2.90,935.48,58.88,489.89
2026-02-07T02:20:00Z,55.50,2183.59,166.65,928.18,40.96,2311.58,161.26,297.66,55.18,2315.32,161.63,547.26,33.40,2357.18,160.05,128.20,224.07,40.71,93.57,203.00,1781.26,3543.19,2.50,147.26,104.42,579.15,2.54,942.21,58.82,485.38
2026-02-07T02:30:00Z,55.74,2179.96,166.46,920.01,41.09,2300.86,162.11,301.23,55.32,2319.82,161.19,545.43,33.38,2364.68,160.68,131.77,227.08,39.38,92.91,199.54,1773.98,3569.17,2.54,150.86,110.06,589.03,3.12,933.85,59.36,489.27
2026-02-07T02:40:00Z,55.88,2171.08,165.82,931.70,41.16,2292.97,161.74,317.83,55.22,2313.88,160.99,548.89,33.05,2374.36,160.26,132.13,225.99,40.97,93.15,201.72,1778.17,3532.20,2.55,150.14,106.57,581.67,2.84,934.00,59.41,489.49
2026-02-07T02:50:00Z,55.79,2176.75,165.32,929.31,41.36,2288.81,161.79,317.12,55.26,2319.67,161.42,543.03,33.45,2360.05,160.65,147.41,226.13,39.62,92.91,202.67,1786.89,3568.63,2.66,150.73,109.66,587.84,2.85,945.71,60.01,485.82
2026-02-07T03:00:00Z,55.57,2170.84,165.30,927.38,41.58,2289.06,162.49,320.17,55.07,2320.30,161.76,547.77,33.30,2361.40,160.76,150.54,227.89,39.30,92.26,202.62,1775.43,3544.14,2.53,150.35,110.15,593.96,2.90,934.56,60.19,485.24
2026-02-07T03:10:00Z,55.34,2188.39,165.03,917.82,41.87,2284.07,162.96,332.34,54.92,2322.82,161.44,540.40,32.62,2372.81,161.31,129.65,231.92,38.97,93.60,208.04,1780.41,3544.80,2.85,147.74,111.93,590.30,2.95,942.84,58.43,476.20
2026-02-07T03:20:00Z,55.59,2185.12,165.69,909.54,42.20,2277.38,162.80,332.40,54.86,2332.67,161.83,532.26,32.57,2377.33,160.46,121.21,223.60,36.92,93.53,203.25,1777.99,3547.73,2.63,149.76,107.84,588.37,2.84,931.65,59.28,505.84
2026-02-07T03:30:00Z,55.24,2180.13,165.67,909.10,42.41,2269.34,162.92,334.83,54.70,2331.06,161.39,536.00,32.49,2372.49,160.55,117.05,227.33,38.87,93.38,202.18,1772.09,3550.48,2.67,149.37,107.82,588.29,2.90,938.43,59.76,491.46
2026-02-07T03:40:00Z,55.26,2183.88,165.32,913.61,42.64,2255.14,162.20,353.18,55.00,2338.02,161.46,533.53,32.42,2384.81,160.29,110.86,229.05,37.29,93.55,207.65,1787.41,3549.38,2.54,149.16,109.01,588.23,2.99,939.42,58.67,487.49
2026-02-07T03:50:00Z,55.28,2192.13,165.11,917.69,42.69,2245.48,162.96,384.96,55.08,2322.48,161.27,543.07,32.29,2392.50,159.50,108.74,223.11,38.67,94.38,202.60,1780.79,3558.45,2.45,150.86,108.78,580.91,3.02,929.58,58.25,488.04
2026-02-07T04:00:00Z,55.37,2185.60,164.78,919.27,43.04,2234.97,163.52,388.24,54.63,2331.85,161.23,537.69,32.51,2389.91,159.69,109.76,220.32,38.78,93.46,197.00,1775.02,3548.43,2.74,150.09,104.96,582.97,3.18,935.91,60.15,493.59
2026-02-07T04:10:00Z,55.22,2186.19,165.49,927.16,42.86,2247.19,163.59,385.39,55.17,2333.63,161.09,536.93,32.92,2380.32,159.52,118.70,226.89,40.42,94.13,206.21,1788.32,3546.17,2.63,149.69,108.92,581.46,3.25,943.81,59.49,479.09
2026-02-07T04:20:00Z,55.05,2194.01,164.37,921.06,42.89,2244.19,163.49,385.06,55.07,2327.97,161.28,523.77,33.14,2371.53,160.24,119.25,227.12,42.38,93.14,203.00,1786.81,3558.94,2.55,151.59,106.07,587.79,3.07,952.29,58.99,492.29
2026-02-07T04:30:00Z,54.77,2196.11,164.82,910.63,42.61,2254.67,162.97,380.31,55.04,2318.45,160.33,546.57,33.71,2364.40,160.35,138.98,233.06,44.54,93.16,211.19,1784.97,3534.41,2.97,149.79,111.51,590.09,2.96,942.21,59.50,492.20
2026-02-07T04:40:00Z,54.97,2184.98,164.63,893.39,42.26,2266.97,162.67,359.45,55.08,2319.77,161.03,544.36,33.73,2350.36,160.50,149.10,228.67,42.56,93.10,205.94,1783.46,3539.62,2.73,148.26,108.88,586.38,3.30,945.45,58.05,480.52
2026-02-07T04:50:00Z,55.36,2180.25,164.96,919.52,42.36,2263.26,162.83,354.45,55.33,2320.36,161.35,558.83,34.01,2351.45,161.58,156.39,229.48,41.59,92.84,204.97,1784.22,3548.81,2.37,149.46,109.81,594.01,2.83,951.02,58.29,508.51
2026-02-07T05:00:00Z,54.96,2192.55,165.38,921.19,42.18,2273.76,163.23,350.08,55.20,2317.03,162.09,556.03,34.06,2346.07,160.94,155.90,228.52,40.48,93.53,208.10,1777.04,3554.38,2.45,150.09,110.83,596.12,3.07,934.32,59.80,492.71
2026-02-07T05:10:00Z,54.54,2201.26,164.35,910.80,42.42,2266.42,163.07,345.76,55.13,2316.41,161.42,546.78,34.06,2347.65,160.59,167.30,231.59,40.68,93.57,208.87,1784.47,3561.03,2.48,148.71,109.11,582.26,3.22,939.06,59.68,490.18
2026-02-07T05:20:00Z,54.60,2204.95,165.31,896.65,42.70,2264.41,163.29,347.33,55.35,2314.26,161.30,546.07,34.21,2344.35,160.51,160.59,221.40,40.48,93.74,196.96,1769.17,3565.22,2.50,150.98,105.61,573.58,3.05,933.94,59.66,489.29
2026-02-07T05:30:00Z,54.68,2204.56,165.44,906.63,42.53,2261.90,162.38,360.31,55.51,2310.24,160.73,549.05,34.07,2344.80,160.32,157.84,226.14,39.75,92.82,205.27,1779.55,3550.14,2.38,150.63,107.59,577.74,3.24,937.55,59.93,483.84
2026-02-07T05:40:00Z,54.90,2218.46,164.99,900.68,42.69,2246.99,162.70,363.40,55.28,2319.66,162.21,553.85,34.03,2358.15,160.27,160.49,229.72,40.54,92.38,205.53,1784.04,3572.70,2.63,151.05,108.02,587.99,2.71,931.73,59.95,489.24
2026-02-07T05:50:00Z,54.71,2210.20,164.25,881.08,42.67,2251.20,162.66,364.03,55.40,2321.83,162.49,558.45,34.11,2353.44,160.30,163.57,227.56,39.23,92.90,204.30,1785.13,3549.90,2.53,150.81,111.14,590.32,2.57,939.65,60.04,497.37
2026-02-07T06:00:00Z,54.66,2218.08,164.33,895.09,42.37,2266.05,163.14,370.16,55.45,2321.93,162.35,546.52,34.00,2352.61,160.65,160.63,227.23,41.13,92.95,206.75,1784.77,3534.60,2.48,147.11,109.60,587.13,2.48,938.40,59.71,487.42
2026-02-07T06:10:00Z,54.36,2222.74,165.23,893.99,42.25,2265.65,162.80,362.65,55.68,2314.09,161.91,561.18,33.71,2371.31,159.97,133.40,224.13,39.93,92.90,200.99,1777.90,3563.53,2.59,150.23,109.30,590.70,3.06,944.04,58.81,496.20
2026-02-07T06:20:00Z,55.00,2216.00,165.26,883.83,42.30,2269.73,162.87,348.21,56.05,2311.53,161.73,555.66,34.22,2348.27,159.81,152.64,225.66,42.57,93.02,200.90,1779.00,3543.28,2.61,149.92,107.23,593.77,3.00,942.23,58.88,489.16
2026-02-07T06:30:00Z,54.85,2206.22,164.23,886.88,42.45,2260.30,162.32,340.42,56.13,2305.82,162.19,568.69,34.05,2354.27,159.86,161.72,225.84,40.85,92.91,206.00,1785.95,3539.42,2.65,149.00,108.96,588.78,3.27,941.77,59.70,492.02
2026-02-07T06:40:00Z,55.16,2191.94,165.25,890.50,42.71,2254.93,161.99,340.98,55.66,2300.55,161.84,583.38,34.06,2343.87,160.79,172.70,227.07,42.06,92.91,203.22,1778.07,3555.50,2.54,148.86,108.24,589.05,3.21,936.82,58.50,484.17
2026-02-07T06:50:00Z,55.05,2192.27,164.75,898.31,42.73,2249.46,162.38,358.02,55.70,2304.25,162.30,579.25,33.89,2358.45,160.88,170.19,224.81,39.98,94.32,200.92,1789.08,3552.19,2.43,150.04,106.41,580.67,2.73,946.18,58.43,478.49
2026-02-07T07:00:00Z,55.10,2197.72,164.37,893.46,42.58,2247.89,162.51,374.47,55.91,2312.31,162.38,573.96,33.46,2367.73,160.63,161.80,229.10,39.61,93.57,208.11,1793.62,3540.11,2.53,149.53,109.96,582.87,2.85,948.34,59.57,489.02
2026-02-07T07:10:00Z,55.29,2204.37,164.22,889.93,42.39,2257.65,163.00,383.79,56.00,2309.97,162.15,553.99,33.30,2364.42,160.66,150.52,236.56,36.97,93.90,209.01,1781.70,3553.77,2.48,150.06,112.35,592.96,2.94,949.28,58.22,494.25
2026-02-07T07:20:00Z,55.66,2187.02,163.99,908.61,42.33,2265.75,162.88,367.22,56.24,2293.40,162.41,574.78,33.44,2359.52,160.82,149.58,235.11,39.77,94.32,211.88,1788.30,3560.68,2.53,150.32,115.39,599.45,2.76,938.97,58.60,494.31
2026-02-07T07:30:00Z,55.45,2185.33,165.28,925.19,42.26,2262.36,162.90,364.40,56.21,2298.16,161.85,572.13,33.33,2360.66,160.47,149.44,234.59,39.79,94.36,212.18,1793.60,3554.46,2.64,149.11,112.35,599.98,2.72,949.70,58.33,497.13
2026-02-07T07:40:00Z,55.66,2187.98,165.60,934.20,42.22,2274.91,162.46,359.44,55.57,2299.88,161.65,584.74,33.69,2362.33,160.58,160.40,230.84,40.07,93.37,206.94,1779.27,3554.92,2.30,150.31,110.73,588.42,2.94,939.95,58.83,484.92
2026-02-07T07:50:00Z,55.29,2192.87,165.25,911.60,42.15,2275.98,163.04,345.43,55.74,2300.99,161.99,582.27,33.62,2367.41,161.19,164.20,230.23,40.44,93.80,204.80,1770.35,3546.38,2.24,148.88,112.12,586.63,3.08,935.87,59.15,500.75
2026-02-07T08:00:00Z,55.19,2191.43,165.31,898.48,42.06,2281.62,163.02,347.07,55.79,2304.55,161.82,582.14,33.13,2376.35,161.06,142.60,229.40,41.97,94.03,207.42,1787.11,3560.36,2.29,148.41,108.37,583.30,3.05,941.69,60.43,492.08
2026-02-07T08:10:00Z,55.31,2190.62,165.86,912.78,42.15,2276.51,163.69,346.70,55.67,2300.67,162.16,577.99,33.28,2367.11,161.76,131.53,226.94,41.45,94.37,205.58,1786.68,3554.19,2.38,148.49,108.21,583.52,3.08,939.45,60.31,489.97
2026-02-07T08:20:00Z,55.38,2193.74,165.11,914.25,42.23,2272.79,163.92,353.13,55.93,2306.60,162.16,575.08,32.79,2377.25,160.96,123.90,228.36,41.66,93.45,207.51,1778.66,3542.94,2.63,149.51,109.50,592.18,3.09,935.40,58.20,478.42
2026-02-07T08:30:00Z,55.71,2186.28,164.72,921.97,42.65,2255.10,162.98,358.70,56.00,2304.07,162.26,562.72,32.82,2389.36,161.26,127.12,226.63,41.24,94.05,203.03,1775.57,3545.60,2.48,149.33,109.53,592.63,3.21,935.18,57.47,486.52
2026-02-07T08:40:00Z,55.44,2195.72,165.21,926.70,42.07,2271.89,162.93,338.72,55.63,2311.99,161.83,555.96,32.50,2390.45,160.15,115.74,221.05,41.09,93.92,198.65,1779.75,3556.15,2.81,150.14,106.84,581.44,2.88,944.35,59.60,495.07
2026-02-07T08:50:00Z,55.41,2191.72,165.58,933.68,42.49,2264.06,163.14,346.14,55.66,2318.79,161.86,537.02,32.19,2389.76,160.34,115.96,224.12,40.95,93.25,202.65,1776.87,3551.80,2.55,149.44,105.40,586.25,3.06,933.05,58.12,479.76
2026-02-07T09:00:00Z,55.28,2183.46,165.35,916.11,42.43,2266.40,163.08,357.74,55.75,2310.24,161.14,547.03,31.98,2399.46,160.82,111.54,226.27,40.40,93.72,206.91,1785.22,3561.11,2.58,151.10,110.62,590.76,2.99,938.72,59.45,501.80
2026-02-07T09:10:00Z,55.22,2193.04,165.46,915.88,42.46,2268.35,162.47,354.99,56.01,2298.17,161.92,550.61,32.20,2389.54,159.93,112.42,225.14,39.91,93.06,201.18,1776.18,3544.18,2.51,150.04,106.70,584.23,2.99,934.75,59.04,489.10
2026-02-07T09:20:00Z,55.29,2190.87,165.23,921.00,42.30,2263.77,162.88,350.42,56.42,2287.89,161.91,567.16,31.88,2399.34,159.34,100.90,227.75,39.71,92.97,206.64,1793.04,3543.54,2.72,148.16,108.10,588.54,2.72,944.48,59.06,480.67
2026-02-07T09:30:00Z,55.18,2200.44,165.29,922.90,42.22,2264.81,162.66,351.58,56.35,2283.57,162.12,580.19,31.40,2399.71,159.83,95.40,229.23,38.48,93.13,206.45,1790.35,3543.57,2.67,149.47,108.94,584.31,2.87,944.69,58.49,488.52
2026-02-07T09:40:00Z,55.06,2199.77,165.84,913.17,42.46,2255.77,163.03,372.77,55.99,2302.24,162.16,577.88,31.28,2420.29,159.25,71.18,225.08,37.44,93.04,204.28,1780.41,3547.22,2.67,149.60,104.83,580.18,3.00,949.51,58.83,480.85
2026-02-07T09:50:00Z,55.03,2193.80,165.71,913.61,42.45,2261.98,163.40,372.13,55.96,2304.79,161.45,580.66,31.89,2409.93,158.93,60.41,222.74,37.92,92.76,199.70,1768.74,3552.72,2.45,148.59,104.96,583.57,2.84,935.70,58.61,504.88
2026-02-07T10:00:00Z,55.33,2195.04,166.24,905.02,42.53,2268.72,164.01,365.90,55.79,2303.06,161.28,572.63,32.18,2409.37,158.60,84.03,226.13,37.15,92.68,203.65,1785.32,3550.90,2.69,150.14,108.03,579.54,2.73,939.52,59.35,497.23
2026-02-07T10:10:00Z,55.30,2198.28,166.04,906.86,42.54,2265.13,163.06,361.78,56.16,2293.47,161.91,588.64,32.57,2387.21,159.19,101.14,229.12,40.37,92.12,206.58,1782.21,3557.67,2.63,150.45,111.23,593.54,2.81,930.28,59.59,503.61
2026-02-07T10:20:00Z,54.86,2202.09,165.31,923.86,42.49,2268.39,162.99,357.26,56.59,2283.22,162.42,598.53,32.67,2386.45,159.21,120.39,227.86,42.33,91.89,206.47,1786.21,3554.55,2.44,149.72,108.82,590.21,3.31,942.48,60.66,491.22
2026-02-07T10:30:00Z,55.21,2197.19,165.68,915.93,42.28,2264.29,162.74,357.08,56.24,2288.95,162.52,610.89,32.76,2385.43,159.33,109.36,225.57,41.14,92.93,203.20,1773.69,3549.32,2.52,149.10,107.54,580.52,2.70,944.47,59.94,490.54
2026-02-07T10:40:00Z,54.90,2192.02,164.99,909.79,42.30,2261.00,162.30,347.34,56.35,2294.96,162.89,603.14,33.23,2371.21,159.32,123.28,223.35,42.18,92.09,197.67,1781.73,3548.23,2.63,148.15,106.23,584.11,2.98,933.60,58.72,488.39
2026-02-07T10:50:00Z,54.68,2206.15,164.48,894.26,42.11,2267.88,162.35,357.29,55.98,2298.93,162.70,583.94,33.00,2373.38,159.65,130.83,227.28,42.11,92.41,206.04,1783.16,3534.32,2.35,147.76,109.45,589.92,2.80,941.79,58.43,497.97
2026-02-07T11:00:00Z,54.50,2206.64,164.90,896.71,42.38,2273.20,162.73,343.82,56.38,2278.40,162.66,595.95,33.17,2372.61,159.86,120.89,230.25,41.79,92.90,209.38,1779.91,3559.20,2.34,148.84,110.04,585.80,3.09,942.44,58.37,483.18
2026-02-07T11:10:00Z,54.58,2204.03,164.76,889.08,42.43,2262.94,162.65,345.01,56.06,2294.61,162.40,587.22,33.15,2363.30,159.57,125.29,231.52,42.24,92.49,210.75,1785.04,3556.31,2.48,150.28,111.19,597.10,3.21,941.09,59.45,503.29
2026-02-07T11:20:00Z,54.16,2210.95,164.58,883.41,42.44,2270.23,163.39,342.94,55.95,2297.68,162.74,578.29,32.91,2372.55,160.02,124.81,230.73,41.98,93.27,209.39,1784.21,3536.40,2.43,149.31,110.63,587.40,3.22,941.33,59.15,491.33
2026-02-07T11:30:00Z,54.60,2211.48,164.92,902.58,42.63,2257.37,162.55,355.71,55.78,2304.41,162.19,568.76,32.83,2389.56,159.59,121.44,227.43,44.21,93.60,204.68,1774.20,3543.91,2.28,148.47,110.98,586.25,3.31,933.09,59.36,485.71
2026-02-07T11:40:00Z,54.66,2204.56,164.95,889.04,42.53,2263.46,163.60,372.04,55.63,2304.55,162.60,572.78,32.92,2384.67,159.62,122.10,226.64,44.00,93.82,202.99,1774.47,3549.00,2.47,150.06,107.61,583.61,2.89,939.76,59.03,490.36
2026-02-07T11:50:00Z,54.24,2217.30,164.69,872.45,42.46,2259.62,163.26,359.62,56.02,2300.87,161.70,570.49,32.89,2380.89,159.88,129.16,226.38,42.80,93.96,202.43,1775.13,3548.87,2.54,150.41,108.56,586.46,2.98,937.36,58.58,491.56
2026-02-07T12:00:00Z,54.30,2221.27,164.94,882.55,42.19,2271.49,163.53,373.31,55.91,2298.65,162.36,576.97,33.26,2378.67,159.49,129.83,230.82,41.95,94.21,212.28,1795.49,3557.96,2.69,150.90,110.87,589.06,3.13,947.91,58.67,492.24
2026-02-07T12:10:00Z,54.34,2217.98,164.79,877.70,41.96,2270.29,163.73,350.75,55.53,2305.17,162.23,565.24,33.34,2376.49,159.98,131.49,228.11,41.78,93.48,202.91,1776.09,3547.25,2.39,148.49,110.80,591.62,3.07,943.00,58.72,497.53
2026-02-07T12:20:00Z,54.67,2216.19,164.77,871.11,42.45,2272.14,163.15,344.30,55.39,2315.53,162.49,560.51,33.37,2372.78,160.26,144.12,224.31,40.53,94.14,201.22,1784.16,3544.94,2.75,148.88,109.18,593.10,2.65,940.64,59.67,503.74
2026-02-07T12:30:00Z,55.02,2203.12,164.61,890.07,42.62,2268.83,162.62,336.53,55.83,2310.51,161.83,566.42,32.81,2373.54,160.84,130.10,218.96,39.70,93.80,195.47,1777.71,3553.13,2.44,151.95,102.80,578.61,2.90,941.11,59.13,486.19
2026-02-07T12:40:00Z,54.86,2210.22,164.86,892.44,42.72,2264.54,163.60,362.75,55.91,2307.16,162.29,574.71,32.55,2386.81,160.20,127.22,221.01,39.49,94.44,202.21,1784.59,3566.06,2.48,150.31,108.66,586.08,3.05,943.74,59.11,490.55
2026-02-07T12:50:00Z,55.01,2203.82,164.76,887.65,42.34,2254.22,162.69,364.30,55.60,2313.22,161.67,561.78,31.90,2399.69,159.84,114.11,221.72,41.85,94.91,201.27,1784.04,3559.35,2.48,150.28,107.84,592.75,3.12,942.65,60.76,492.87
2026-02-07T13:00:00Z,54.89,2201.64,164.34,893.19,42.24,2271.36,162.68,343.39,55.22,2318.01,161.62,547.50,31.50,2405.32,159.58,98.82,221.27,41.01,93.44,198.99,1777.49,3551.78,2.70,149.20,103.76,584.07,2.87,944.85,59.52,488.95
2026-02-07T13:10:00Z,54.58,2202.35,165.29,906.80,42.38,2288.92,162.57,346.20,55.49,2318.83,161.68,563.54,31.55,2410.22,159.73,77.23,219.64,41.03,93.40,197.13,1773.62,3553.64,2.34,150.80,101.77,574.05,2.78,931.07,60.71,488.78
2026-02-07T13:20:00Z,54.93,2200.59,166.07,905.63,42.09,2280.92,163.35,351.78,55.32,2311.88,161.70,545.07,31.70,2412.13,159.42,91.05,212.11,39.62,92.97,190.50,1770.72,3549.40,2.81,150.21,102.56,580.33,3.29,942.38,58.69,487.48
2026-02-07T13:30:00Z,55.10,2204.54,165.94,893.45,42.35,2283.61,162.75,335.70,55.12,2310.29,161.49,546.44,31.59,2404.89,158.87,84.90,220.73,37.92,92.15,197.31,1775.89,3557.53,2.54,149.37,101.83,581.72,2.74,932.93,58.54,477.49
2026-02-07T13:40:00Z,54.86,2203.85,165.67,894.60,42.22,2279.59,162.03,325.96,55.46,2314.53,161.71,558.08,31.82,2413.76,159.11,90.06,222.38,39.02,93.11,200.91,1777.99,3544.38,2.65,150.40,105.47,579.81,2.82,938.42,58.83,480.77
2026-02-07T13:50:00Z,55.23,2192.51,166.19,908.07,42.49,2271.84,162.26,335.08,55.35,2306.55,162.27,554.82,31.78,2410.43,159.31,91.57,226.58,38.64,92.69,200.86,1780.86,,2.48,149.31,107.75,581.17,3.32,934.54,58.24,482.62
2026-02-07T14:00:00Z,55.19,2201.17,165.35,891.87,42.26,2280.99,162.02,337.98,55.19,2320.06,162.13,556.82,31.64,2411.52,159.72,85.71,227.28,39.63,93.20,206.72,1787.28,3543.18,2.39,149.53,106.40,582.00,2.66,946.79,59.14,482.59
2026-02-07T14:10:00Z,55.59,2188.41,165.43,899.68,42.45,2269.08,162.43,352.57,55.37,2314.68,161.67,550.74,31.88,2403.18,159.25,93.79,220.28,39.17,92.74,200.49,1780.01,3550.96,2.53,150.38,102.80,580.40,3.07,939.79,60.20,475.91
2026-02-07T14:20:00Z,55.87,2180.46,166.13,923.46,42.11,2268.61,162.78,350.29,55.57,2307.92,161.71,552.74,31.99,2396.80,159.01,100.88,222.30,39.89,93.63,196.26,1781.82,3547.09,2.54,148.78,106.39,586.51,3.07,941.56,59.56,484.62
2026-02-07T14:30:00Z,55.50,2189.94,165.51,919.12,41.87,2285.98,162.70,341.61,55.16,2321.43,162.09,552.08,31.99,2405.72,158.98,100.81,224.17,42.06,93.56,200.44,1776.27,3560.98,2.64,148.84,106.09,589.89,3.43,933.33,59.66,497.36
2026-02-07T14:40:00Z,55.45,2194.22,164.87,907.73,41.82,2281.31,162.73,326.03,55.44,2317.26,162.15,551.87,31.99,2402.97,158.95,89.80,225.87,39.45,93.34,204.93,1777.66,3531.34,2.74,149.80,108.99,590.19,3.06,931.98,60.80,486.18
2026-02-07T14:50:00Z,55.50,2190.07,164.91,916.77,42.30,2275.73,162.90,345.03,55.31,2319.77,161.92,543.94,32.14,2397.37,159.51,102.40,222.40,39.71,93.75,202.60,1787.03,3545.20,2.40,147.49,104.06,577.90,2.99,949.86,58.98,483.59
2026-02-07T15:00:00Z,55.03,2194.01,164.33,895.21,42.21,2270.42,162.47,341.13,55.08,2321.78,161.52,536.16,32.26,2400.41,159.52,111.73,221.89,40.41,94.24,202.73,1783.88,3550.49,2.63,149.48,106.22,584.32,3.10,939.59,58.98,486.70
2026-02-07T15:10:00Z,55.21,2193.32,165.13,905.25,42.33,2259.39,162.94,356.87,55.01,2319.32,160.25,537.05,32.85,2388.48,159.75,125.96,222.44,41.07,93.99,200.61,1771.63,3550.55,2.40,148.19,103.45,574.35,2.85,940.56,61.35,475.31
2026-02-07T15:20:00Z,55.25,2200.80,165.06,897.93,42.29,2270.77,162.99,350.38,55.34,2308.06,160.05,553.84,32.73,2384.62,159.70,138.37,221.20,39.11,94.56,200.93,1779.95,3564.81,2.36,150.28,106.77,587.98,2.85,943.33,60.58,495.36
2026-02-07T15:30:00Z,55.44,2185.93,164.71,903.67,42.44,2263.61,163.40,361.96,55.62,2304.32,161.00,563.22,32.56,2377.40,160.22,127.96,224.12,40.82,94.63,198.92,1766.55,3545.43,2.54,149.28,107.97,587.70,3.28,929.10,60.21,488.62
2026-02-07T15:40:00Z,55.29,2192.92,164.19,903.57,42.69,2250.16,163.06,376.72,55.43,2321.94,161.48,550.94,32.40,2377.72,160.47,137.54,227.49,39.82,94.28,204.19,1782.40,3577.45,2.57,150.34,110.09,587.72,3.49,937.97,60.59,502.08
2026-02-07T15:50:00Z,55.17,2205.67,164.08,901.86,42.43,2253.40,162.97,375.12,55.45,2321.84,161.16,539.67,32.84,2378.58,159.99,151.20,227.56,39.34,93.51,206.04,1791.72,3547.55,2.41,149.45,109.99,593.33,2.98,942.21,58.64,495.61
2026-02-07T16:00:00Z,55.08,2215.92,164.75,900.68,42.39,2253.10,163.28,371.47,55.31,2309.07,161.06,553.55,32.77,2387.03,159.14,130.49,220.42,40.95,93.56,198.73,1772.67,3554.87,2.75,148.79,103.40,579.31,3.44,939.19,61.03,479.17
2026-02-07T16:10:00Z,55.10,2203.03,165.25,895.18,42.50,2253.46,162.76,362.14,55.18,2319.65,161.56,546.04,32.81,2389.41,160.21,121.72,225.99,40.55,94.15,200.71,1783.29,3530.45,2.41,150.22,109.39,590.05,3.33,946.15,60.88,496.71
2026-02-07T16:20:00Z,54.85,2208.71,165.23,884.99,42.61,2251.46,163.29,360.43,55.30,2308.54,162.14,555.99,32.57,2384.24,160.59,141.74,226.83,37.73,93.92,203.38,1780.38,3541.42,2.34,149.31,108.36,587.05,3.08,935.32,60.45,486.43
2026-02-07T16:30:00Z,54.77,2199.77,164.39,895.33,42.43,2256.99,163.74,358.20,55.42,2314.25,162.19,560.66,32.42,2388.46,159.98,126.55,224.73,37.37,93.61,201.25,1783.38,3560.08,2.49,149.25,107.16,578.17,3.12,947.43,60.89,485.31
2026-02-07T16:40:00Z,54.58,2211.36,164.54,890.65,42.60,2259.71,162.83,364.65,55.56,2306.18,162.01,568.81,32.59,2392.23,160.00,116.70,224.04,39.13,94.61,202.67,1782.25,3540.36,2.75,150.01,106.55,585.55,3.16,947.13,60.37,486.06
2026-02-07T16:50:00Z,54.24,2219.30,163.70,877.36,43.08,2262.64,162.80,377.35,55.91,2307.27,161.93,578.61,32.57,2389.76,159.95,120.02,227.36,40.00,94.60,204.01,1773.73,3551.71,2.37,151.67,107.51,587.41,2.58,936.01,59.62,495.23
2026-02-07T17:00:00Z,54.42,2223.60,164.68,872.79,43.36,2248.40,162.98,377.65,55.71,2310.44,161.47,560.52,32.35,2388.63,160.13,117.81,227.68,41.03,93.86,202.86,1775.79,3559.82,2.81,152.96,108.84,586.64,2.73,935.61,59.86,500.41
2026-02-07T17:10:00Z,54.93,2210.97,165.31,859.00,42.93,2241.72,,373.55,55.36,2325.40,161.68,553.95,32.55,2384.39,160.18,111.38,227.38,39.67,93.13,198.68,1775.83,3554.06,2.46,149.94,106.84,580.92,3.04,941.18,59.56,481.40
2026-02-07T17:20:00Z,54.92,2208.05,165.48,873.56,42.78,2249.16,163.15,369.27,55.51,2311.52,161.66,550.10,32.96,2378.71,160.03,114.13,220.51,40.83,94.43,199.65,1776.51,3552.12,2.46,151.41,103.76,575.51,2.67,938.41,59.85,467.10
2026-02-07T17:30:00Z,54.54,2224.57,164.87,881.00,42.89,2249.87,162.96,383.18,55.59,2307.81,162.49,557.42,33.02,2374.32,160.31,126.90,225.08,40.22,93.83,204.64,1784.32,3558.52,2.63,150.22,107.36,590.98,3.04,945.51,59.53,486.73
2026-02-07T17:40:00Z,54.51,2216.48,164.23,890.07,43.39,2245.33,163.03,379.72,55.50,2299.18,162.42,571.89,32.57,2379.96,160.04,108.46,220.89,39.77,93.59,198.02,1775.78,3542.15,2.73,148.90,106.51,580.28,2.69,940.32,61.20,489.71
2026-02-07T17:50:00Z,54.57,2213.98,164.26,880.84,43.40,2245.59,163.31,382.67,55.27,2312.46,162.16,562.58,32.65,2382.67,159.89,128.81,224.72,38.99,93.57,202.89,1772.12,3558.34,2.43,150.88,109.31,580.61,2.86,933.43,60.87,479.75
2026-02-07T18:00:00Z,54.27,2218.34,164.98,879.09,43.43,2244.46,163.59,386.96,55.61,2317.55,161.85,551.65,32.17,2382.77,159.74,117.94,222.03,39.67,93.56,203.39,1779.51,3558.95,2.37,150.34,106.38,586.89,3.07,942.82,61.20,488.09
2026-02-07T18:10:00Z,54.22,2205.89,164.77,885.59,43.78,2238.74,163.66,399.37,56.02,2301.86,161.96,571.81,32.47,2389.51,160.12,103.70,228.69,40.91,93.49,211.86,1786.53,3549.57,2.32,152.52,109.83,587.35,2.72,949.42,61.44,493.35
2026-02-07T18:20:00Z,54.18,2214.09,164.83,879.88,44.12,2229.77,163.93,395.67,56.12,2310.15,162.02,575.90,32.68,2393.19,160.11,103.20,221.17,40.85,94.08,200.06,1775.10,3550.40,2.70,149.24,105.11,580.25,3.00,942.32,59.24,492.14
2026-02-07T18:30:00Z,54.16,2209.98,164.04,876.72,44.75,2211.51,164.13,418.97,56.15,2308.21,161.28,577.41,32.22,2388.49,160.33,120.68,225.81,39.45,94.04,200.51,1777.37,3551.52,2.14,149.41,106.84,593.17,3.26,941.83,59.14,490.67
2026-02-07T18:40:00Z,54.54,2218.18,164.65,881.18,44.49,2220.58,163.82,418.15,55.74,2307.01,161.18,585.02,32.23,2392.16,160.78,115.40,228.40,40.11,94.31,206.11,1783.30,3551.53,2.53,151.25,108.36,589.82,2.91,939.54,59.55,482.89
2026-02-07T18:50:00Z,54.47,2221.18,165.34,877.96,44.75,2212.35,164.35,429.03,55.58,2303.28,162.02,577.39,32.94,2381.13,160.95,111.82,226.49,39.62,94.59,200.44,1775.42,3564.53,,149.03,107.83,582.11,2.97,939.55,59.52,486.50
2026-02-07T19:00:00Z,54.38,2213.49,164.68,885.36,44.55,2204.72,164.57,436.51,55.70,2315.09,161.25,564.64,32.99,2369.58,160.48,107.97,214.68,41.60,95.51,190.27,1771.84,3551.96,2.56,149.12,102.27,575.77,3.04,932.80,58.63,477.00
2026-02-07T19:10:00Z,53.92,2228.10,165.17,872.82,44.28,2204.43,164.39,446.66,55.72,2298.58,160.45,565.82,33.19,2366.84,160.52,113.24,220.99,42.03,94.49,196.51,1774.17,3547.91,2.29,150.28,105.94,579.99,2.88,938.66,58.16,483.64
2026-02-07T19:20:00Z,53.98,2226.28,163.96,879.63,44.43,2213.01,164.36,455.18,55.47,2320.25,161.39,563.22,33.48,2373.04,160.13,125.27,228.97,41.94,93.07,203.30,1779.58,3546.99,2.65,149.20,110.53,584.25,3.12,942.11,59.28,483.59
2026-02-07T19:30:00Z,54.25,2223.65,164.58,872.45,44.57,2206.13,164.65,445.99,55.95,2317.59,161.73,569.93,33.44,2363.29,159.82,134.17,230.99,42.40,93.10,205.00,1776.15,3569.67,2.33,150.04,111.56,593.27,2.72,936.07,59.39,500.99
2026-02-07T19:40:00Z,54.10,2224.41,164.03,877.19,44.54,2210.40,164.24,446.10,56.11,2306.57,161.70,570.68,33.29,2355.97,160.28,138.60,231.84,41.51,93.75,206.21,1776.95,3544.88,2.47,148.18,111.96,596.84,3.24,942.82,58.11,496.21
2026-02-07T19:50:00Z,54.43,2228.93,164.23,881.00,45.21,2206.71,164.63,440.09,56.16,2291.24,161.75,592.55,33.02,2375.50,159.39,132.17,228.07,40.35,94.00,205.37,1782.53,3560.99,2.61,148.92,109.57,587.37,3.30,938.12,57.95,485.35
2026-02-07T20:00:00Z,54.46,2218.40,164.13,894.66,45.68,2188.58,164.39,460.89,55.89,2294.62,162.63,586.81,33.07,2373.32,158.96,123.40,230.25,41.01,93.31,207.98,1791.36,3559.90,2.45,149.40,112.44,584.58,2.79,948.69,59.20,480.52
2026-02-07T20:10:00Z,54.57,2203.47,163.80,890.38,45.53,2183.14,164.84,460.53,56.21,2296.43,162.84,587.37,33.25,2369.58,159.61,133.73,235.73,41.97,93.23,214.14,1791.10,3545.83,2.46,150.26,111.65,594.21,2.99,950.75,60.19,489.98
2026-02-07T20:20:00Z,54.56,2219.56,163.73,881.91,45.14,2192.52,164.92,456.42,56.16,2300.97,162.92,583.94,33.37,2373.07,159.55,134.00,236.47,43.01,93.35,211.04,1789.80,3557.36,2.42,151.85,111.37,590.29,2.86,944.72,60.51,488.85
2026-02-07T20:30:00Z,54.38,2215.18,163.85,879.92,45.05,2209.33,165.53,465.98,55.98,2298.72,162.83,588.49,33.58,2369.82,160.28,152.48,230.83,44.17,93.14,204.89,1784.44,3555.01,2.57,150.42,111.74,586.27,2.94,946.86,61.02,493.48
2026-02-07T20:40:00Z,54.03,2216.93,163.98,875.60,45.24,2193.08,165.58,464.21,56.00,2298.72,163.00,590.20,33.44,2363.22,160.32,146.37,232.45,42.51,93.26,211.12,1792.41,3543.37,2.18,151.07,109.21,582.29,3.19,945.69,59.61,489.09
2026-02-07T20:50:00Z,54.44,2218.72,164.81,895.95,45.18,2190.35,165.51,469.51,55.66,2299.09,163.08,591.35,33.35,2368.06,159.79,142.24,235.19,42.17,93.98,211.61,1789.59,3557.47,2.62,150.71,110.70,588.68,3.25,950.84,59.20,485.86
2026-02-07T21:00:00Z,54.26,2228.77,165.10,876.96,45.57,2178.42,166.11,468.13,55.81,2313.00,162.48,587.08,33.08,2370.60,160.13,143.45,236.12,41.97,94.45,213.19,1782.36,3536.22,2.48,149.33,113.51,592.85,3.05,939.58,58.67,487.45
2026-02-07T21:10:00Z,54.21,2227.55,164.82,866.65,45.56,2179.47,165.40,466.80,56.15,2308.33,162.27,589.54,33.32,2372.04,159.72,136.57,235.75,42.56,94.57,215.07,1785.72,3548.24,2.57,149.77,111.83,601.16,3.17,939.88,60.02,502.49
2026-02-07T21:20:00Z,54.61,2218.83,164.13,863.27,45.72,2179.18,165.63,467.63,56.47,2297.57,162.19,586.11,33.26,2358.20,159.98,138.67,228.06,42.50,93.96,201.00,1788.67,3543.67,2.56,149.24,109.66,584.06,2.80,945.10,59.88,479.56
2026-02-07T21:30:00Z,54.46,2221.09,164.14,863.20,45.95,2178.67,165.40,483.22,56.57,2293.08,162.48,600.26,33.65,2361.46,159.93,132.25,225.06,42.23,93.15,201.80,1779.65,3547.52,2.35,151.61,107.79,584.54,2.87,939.27,59.15,494.59
2026-02-07T21:40:00Z,54.16,2228.06,163.50,847.85,45.67,2176.98,165.70,489.59,56.32,2299.73,162.28,592.38,33.47,2350.98,160.02,143.19,231.05,41.82,94.01,204.97,1781.10,3543.73,2.53,149.07,112.18,585.48,2.88,941.32,60.71,476.04
2026-02-07T21:50:00Z,54.15,2233.38,163.47,842.72,45.51,2176.40,165.79,485.11,56.20,2299.92,162.18,599.68,33.68,2356.74,159.91,153.25,229.23,43.43,93.19,208.12,1789.42,3559.89,2.72,149.67,109.60,582.71,3.07,956.40,59.92,478.61
2026-02-07T22:00:00Z,54.13,2218.04,164.55,865.11,45.48,2186.93,165.70,475.20,56.20,2302.23,162.39,586.89,34.08,2353.27,160.40,161.89,231.88,43.68,94.08,211.22,1791.46,3556.84,2.40,150.57,109.99,590.30,2.74,947.25,59.60,492.29
2026-02-07T22:10:00Z,54.58,2204.72,164.44,884.29,45.78,2182.25,165.31,479.53,55.93,2302.69,162.62,584.53,33.81,2344.46,160.97,160.25,227.70,43.62,94.26,207.92,1780.32,3541.30,2.43,148.32,107.55,591.09,2.98,937.56,59.05,488.49
2026-02-07T22:20:00Z,54.47,2211.87,164.61,868.91,46.32,2174.18,165.60,486.56,55.90,2311.61,163.22,567.09,33.71,2353.86,160.17,147.66,231.87,44.14,93.58,207.42,1790.91,3545.51,2.48,149.87,111.13,588.72,2.62,946.14,58.66,488.85
2026-02-07T22:30:00Z,54.57,2211.64,164.82,860.45,46.50,2159.84,165.85,494.29,55.65,2315.10,162.51,570.14,33.52,2354.57,161.18,146.70,236.39,45.77,94.10,213.70,1793.42,3564.63,2.70,148.93,113.14,599.93,2.93,933.08,58.18,497.93
2026-02-07T22:40:00Z,54.75,2212.35,164.62,881.34,46.24,2167.08,165.87,498.36,55.26,2318.58,161.97,549.60,33.43,2360.44,160.74,154.31,233.67,44.27,93.91,213.33,1786.88,3559.62,2.54,149.28,113.21,602.45,3.03,941.93,58.67,511.06
2026-02-07T22:50:00Z,54.46,2214.78,164.30,872.82,46.73,2164.13,165.55,516.19,55.38,2321.77,161.75,547.49,33.26,2367.83,160.18,153.14,232.84,43.58,93.95,210.84,1789.15,3548.68,2.38,151.01,110.61,585.25,2.96,952.90,58.65,483.23
2026-02-07T23:00:00Z,54.54,2205.30,164.76,884.74,46.29,2166.71,165.64,510.17,55.36,2319.21,161.81,541.62,33.39,2362.67,160.17,143.70,229.79,43.34,94.15,206.81,1780.83,3551.76,2.20,150.69,110.11,585.07,2.90,947.32,58.73,481.41
2026-02-07T23:10:00Z,54.95,2195.09,164.32,891.74,45.89,2174.73,165.47,496.30,55.87,2312.96,161.84,558.83,33.42,2357.34,160.90,152.32,228.82,42.28,94.33,202.65,1783.71,3542.23,2.59,148.91,111.38,598.03,3.48,939.78,59.33,503.88
2026-02-07T23:20:00Z,55.28,2192.80,164.36,897.58,45.71,2176.47,165.83,486.75,55.77,2312.31,161.23,556.78,33.12,2366.28,160.36,132.01,230.99,42.17,94.08,209.17,1786.94,3558.54,2.68,150.44,108.18,582.46,3.06,943.62,59.16,484.96
2026-02-07T23:30:00Z,55.27,2200.05,164.59,889.51,45.83,2190.07,165.63,482.52,55.63,2312.31,161.32,552.81,33.01,2372.19,159.77,134.55,228.24,42.20,93.99,205.23,1780.36,3542.71,2.41,148.64,112.64,587.91,2.98,941.85,58.89,490.60
2026-02-07T23:40:00Z,55.41,2191.55,165.00,908.30,45.53,2187.88,165.79,471.09,55.84,2305.07,161.78,564.25,33.03,2377.14,159.60,136.36,227.13,40.28,94.39,202.07,1783.16,3547.09,2.52,148.50,110.07,591.37,3.08,936.80,59.55,495.91
2026-02-07T23:50:00Z,55.61,2191.91,165.52,899.27,45.56,2197.54,165.89,465.72,55.88,2304.05,161.98,569.42,33.06,2369.91,159.32,128.03,227.58,40.47,93.87,204.45,1773.67,3549.31,2.62,150.26,112.13,594.96,3.21,937.25,59.11,498.65
2026-02-08T00:00:00Z,54.40,2205.76,164.82,872.60,45.49,2182.63,165.19,460.53,55.49,2311.54,162.20,564.10,32.99,2358.31,159.77,140.88,230.11,40.22,93.69,207.92,1786.77,,2.54,149.78,109.65,589.76,3.14,941.73,58.96,482.54
2026-02-08T00:10:00Z,53.59,2230.69,164.64,881.56,45.11,2192.29,165.20,458.18,55.29,2316.52,161.62,544.99,33.24,2362.05,160.44,147.01,231.94,42.82,93.79,208.73,1774.00,3541.37,2.72,149.44,111.86,590.57,2.81,937.18,58.94,493.69
2026-02-08T00:20:00Z,52.89,2244.18,164.47,861.32,45.28,2195.30,165.46,466.44,55.52,2312.20,161.53,544.04,33.11,2362.50,160.53,143.85,231.42,42.13,94.94,210.34,1786.37,3546.60,2.67,149.58,111.37,585.35,3.28,942.56,58.89,484.93
2026-02-08T00:30:00Z,52.43,2257.10,164.41,820.77,45.35,2201.64,164.99,451.92,55.10,2319.22,161.26,549.15,33.23,2373.70,160.42,148.28,228.95,39.13,94.01,208.31,1789.49,3535.62,2.62,150.03,109.21,594.63,3.31,946.59,58.20,495.17
2026-02-08T00:40:00Z,51.58,2283.45,163.91,797.04,44.78,2206.82,164.99,459.39,54.70,2324.51,161.66,543.97,33.57,2358.95,160.53,160.06,227.06,39.98,93.86,204.58,1781.34,3551.29,2.47,148.56,107.41,581.71,2.91,947.58,57.59,485.70
2026-02-08T00:50:00Z,51.20,2305.64,162.19,791.59,44.78,2198.86,164.81,449.07,54.56,2326.29,161.49,540.24,33.55,2366.54,159.98,157.49,225.06,39.96,92.42,202.53,1786.27,3550.48,2.60,151.52,109.99,587.79,3.15,945.96,58.79,488.04
2026-02-08T01:00:00Z,50.70,2315.03,161.82,757.93,44.87,2211.25,165.18,441.65,54.19,2338.53,161.30,530.65,33.27,2364.87,160.39,155.06,215.28,38.03,92.57,194.88,1775.17,3560.95,2.79,149.70,98.45,575.54,3.20,930.65,59.24,475.83
2026-02-08T01:10:00Z,49.83,2330.60,162.14,740.57,44.77,2204.75,165.20,446.88,54.09,2355.34,160.45,521.32,33.13,2381.36,160.45,138.73,215.86,37.81,92.78,194.98,1773.92,3559.56,2.55,148.72,104.15,589.44,2.84,935.26,58.80,486.89
2026-02-08T01:20:00Z,49.41,2342.17,161.75,716.95,44.83,2209.39,164.88,439.55,53.68,2354.93,160.59,496.66,33.44,2376.65,160.79,130.30,216.32,37.82,92.85,194.49,1774.65,3564.58,2.77,148.75,104.77,581.47,2.85,941.08,60.79,484.96
2026-02-08T01:30:00Z,49.26,2334.75,161.27,708.54,44.56,2217.80,165.15,435.26,53.98,2346.45,159.85,496.38,33.54,2373.07,160.00,133.90,216.73,35.17,93.72,195.61,1775.31,3552.60,2.38,149.05,100.40,575.37,2.97,934.42,60.62,476.50
2026-02-08T01:40:00Z,48.46,2342.62,160.42,692.84,44.45,2208.24,164.83,434.54,54.23,2352.68,160.06,491.00,33.27,2376.83,160.07,133.97,217.13,36.04,93.67,196.85,1770.62,3529.22,2.42,149.62,104.81,585.44,2.85,940.57,59.55,480.77
2026-02-08T01:50:00Z,47.96,2373.19,160.37,661.33,44.67,2209.94,164.61,435.28,54.15,2346.87,160.31,499.25,33.20,2366.58,160.67,132.17,214.77,36.43,93.18,194.48,1776.84,3555.36,2.76,151.05,100.15,574.36,3.20,935.93,59.12,476.75
2026-02-08T02:00:00Z,47.41,2372.85,160.75,654.79,44.69,2213.87,164.90,452.65,54.41,2343.27,160.88,517.67,33.09,2366.02,160.84,133.67,216.18,35.54,93.01,192.18,1759.96,3547.63,2.52,148.29,101.79,582.33,2.90,930.15,59.75,492.34
2026-02-08T02:10:00Z,46.91,2388.69,159.15,630.98,44.70,2215.91,164.97,447.13,54.29,2342.10,161.56,519.44,33.16,2366.22,160.40,120.14,214.50,35.82,93.35,191.14,1767.77,3550.66,2.47,151.08,100.84,576.46,3.15,929.68,58.90,481.45
2026-02-08T02:20:00Z,46.57,2404.89,159.41,618.58,44.62,2212.35,165.59,446.39,54.41,2339.14,161.25,514.57,33.51,2358.05,160.40,128.42,212.44,35.47,93.44,191.62,1763.77,3545.79,2.23,149.55,103.00,577.28,2.94,932.55,59.86,481.90
2026-02-08T02:30:00Z,45.91,2417.88,159.05,601.69,44.46,2213.01,164.79,454.42,54.01,2347.81,161.43,530.07,33.44,2364.86,159.72,149.84,215.95,33.97,92.91,196.64,1778.32,3550.91,2.49,148.95,102.22,579.29,3.45,936.52,60.01,483.69
2026-02-08T02:40:00Z,45.58,2439.02,158.86,582.16,44.37,2216.85,164.69,451.81,54.09,2350.26,160.34,510.71,33.18,2372.65,159.74,149.48,212.49,33.63,93.20,195.28,1772.49,3534.83,2.30,150.28,99.15,579.83,3.04,932.58,59.76,476.75
2026-02-08T02:50:00Z,45.32,2446.61,158.41,572.82,44.60,2210.14,163.64,425.66,54.35,2349.92,160.12,501.01,33.58,2372.50,160.57,142.98,208.89,34.07,91.82,183.72,1758.53,3544.28,2.20,150.20,97.63,583.14,3.20,925.81,60.29,478.57
2026-02-08T03:00:00Z,44.52,2455.41,158.15,560.09,44.53,2211.91,164.11,428.49,54.65,2341.76,160.33,516.01,33.46,2367.31,160.83,158.34,213.18,33.31,92.42,190.68,1771.71,3543.63,2.61,148.71,100.49,574.85,2.73,931.81,60.45,482.39
2026-02-08T03:10:00Z,44.32,2463.16,158.11,541.26,44.48,2214.84,164.00,420.67,54.53,2337.22,161.36,517.93,33.26,2367.88,160.58,157.34,214.16,34.49,93.20,192.55,,3549.02,2.51,149.71,101.04,574.12,3.28,936.16,59.56,489.41
2026-02-08T03:20:00Z,43.49,2473.62,157.11,525.76,44.10,2220.38,163.64,404.50,54.42,2336.98,160.73,525.82,33.22,2370.25,161.18,147.67,215.30,34.12,92.05,190.03,1778.26,3558.63,2.64,148.93,103.43,579.31,2.73,931.42,59.62,479.79
2026-02-08T03:30:00Z,43.13,2498.17,157.23,508.33,44.65,2214.45,163.86,416.81,54.16,2337.45,160.35,519.62,33.53,2366.78,161.02,156.07,213.17,32.75,91.67,192.85,1766.92,3551.22,2.48,149.58,101.49,576.24,2.89,931.89,59.88,484.40
2026-02-08T03:40:00Z,42.77,2503.64,156.90,494.31,44.52,2220.11,163.53,434.14,54.22,2341.06,159.69,513.15,33.79,2357.31,160.55,154.36,210.82,33.18,93.07,187.44,1758.73,3540.01,2.43,149.75,101.15,576.88,3.03,934.54,58.84,483.30
2026-02-08T03:50:00Z,43.13,2497.17,156.95,490.00,44.34,2225.67,163.63,437.63,55.09,2323.28,160.25,530.58,33.73,2357.13,160.00,145.10,211.45,33.50,92.46,190.30,1759.62,3538.73,2.45,148.55,99.57,573.32,2.78,930.11,57.93,473.69
2026-02-08T04:00:00Z,42.57,2498.98,156.05,481.64,44.23,2218.79,163.99,429.20,54.83,2331.69,160.68,526.10,33.88,2350.31,161.15,153.03,212.07,31.49,92.80,191.85,1759.47,3544.02,2.55,150.26,101.99,577.27,2.71,932.39,58.71,476.32
2026-02-08T04:10:00Z,42.57,2498.12,156.65,483.30,44.38,2219.34,163.96,429.21,54.78,2326.83,160.71,534.85,33.61,2353.53,160.53,165.14,215.26,32.34,93.46,191.32,1769.91,3548.27,2.68,149.53,99.64,578.55,3.03,932.51,59.83,482.58
2026-02-08T04:20:00Z,42.51,2509.52,156.45,463.68,43.93,2215.17,164.04,448.72,54.70,2324.05,160.79,531.52,33.74,2357.64,161.43,160.94,210.74,34.76,92.73,188.63,1762.62,3559.90,2.57,149.63,100.18,585.35,3.02,926.82,59.43,489.79
2026-02-08T04:30:00Z,42.04,2525.28,156.65,447.81,44.32,2226.56,164.78,424.65,54.47,2338.11,161.19,526.25,33.58,2361.25,160.65,147.89,206.32,33.33,92.68,187.56,1766.49,3557.88,2.23,149.54,98.52,576.10,2.73,927.77,59.04,475.76
2026-02-08T04:40:00Z,42.08,2521.69,156.11,430.78,43.98,2228.69,164.49,410.37,54.37,2334.11,161.04,535.32,33.35,2364.74,160.82,146.47,201.40,31.06,92.44,178.75,1762.46,3569.39,2.59,149.87,94.85,569.28,2.89,935.29,58.35,474.41
2026-02-08T04:50:00Z,41.88,2527.42,155.68,420.75,44.27,2220.80,164.41,436.31,54.22,2338.34,161.10,528.36,33.44,2364.66,161.08,148.78,203.39,31.62,92.74,181.31,1765.63,3539.75,2.67,150.74,96.30,577.45,2.63,929.98,58.34,478.42
2026-02-08T05:00:00Z,41.58,2536.55,155.02,409.18,44.22,2217.84,164.55,429.39,54.15,2351.60,160.89,520.52,33.45,2369.59,160.55,152.07,203.55,30.23,92.27,181.45,1762.07,3550.11,2.42,150.29,95.24,572.68,3.30,928.75,59.97,469.20
2026-02-08T05:10:00Z,41.49,2535.83,154.97,423.96,44.20,2214.55,163.96,420.87,53.99,2349.33,160.31,502.87,33.33,2363.36,159.27,147.93,208.81,29.52,92.88,186.52,1766.94,3556.54,2.62,149.48,98.65,569.28,3.15,935.66,57.79,484.23
2026-02-08T05:20:00Z,41.42,2533.58,155.62,422.78,44.08,2223.17,164.18,422.87,54.18,2347.65,161.10,520.41,33.41,2365.86,160.13,152.24,206.54,31.51,92.70,188.42,1762.89,3557.31,2.49,150.48,98.75,571.35,3.07,930.85,59.13,488.75
2026-02-08T05:30:00Z,41.58,2542.60,155.03,409.23,44.10,2230.59,164.30,427.57,54.27,2350.36,161.50,518.92,33.81,2349.53,160.10,168.49,206.69,30.62,92.35,184.66,1764.24,3552.38,2.65,149.90,96.69,573.39,2.76,933.56,58.10,490.65
2026-02-08T05:40:00Z,41.40,2536.48,154.28,398.40,44.04,2223.10,164.01,417.63,54.44,2351.17,161.41,523.37,34.08,2355.72,160.62,157.10,207.26,33.47,91.46,187.59,1781.52,3561.56,2.59,149.72,98.24,571.03,3.25,940.72,60.28,468.55
2026-02-08T05:50:00Z,41.45,2538.43,154.75,412.45,43.93,2231.49,164.07,418.20,54.71,2339.63,161.54,532.37,34.10,2339.69,160.99,164.85,202.29,31.83,91.48,181.20,1756.73,3560.20,2.36,151.57,98.20,565.34,2.77,922.21,60.26,464.45
2026-02-08T06:00:00Z,41.41,2540.25,155.11,406.02,43.73,2236.08,164.40,399.42,54.53,2329.30,161.37,535.61,34.01,2354.79,161.14,170.74,202.86,29.20,92.52,179.30,1760.35,3570.36,2.49,150.34,96.91,572.88,2.83,937.52,60.89,480.01
2026-02-08T06:10:00Z,40.76,2545.93,154.89,409.59,43.39,2235.69,163.94,388.93,54.90,2324.82,160.40,516.41,33.77,2358.71,160.97,168.45,202.78,30.61,92.07,179.65,1764.54,3535.69,2.49,149.07,95.42,571.39,2.85,934.48,60.24,483.22
2026-02-08T06:20:00Z,40.49,2552.50,155.05,402.03,43.35,2243.56,164.48,382.53,55.13,2323.50,161.57,532.74,33.59,2355.42,160.61,158.31,200.98,31.59,92.60,181.05,1755.66,3549.84,2.45,148.81,95.66,569.25,2.93,926.51,61.68,478.67
2026-02-08T06:30:00Z,40.54,2559.17,155.31,390.23,43.05,2228.87,164.34,398.57,55.16,2330.47,161.59,538.85,33.60,2359.08,160.44,161.80,201.19,32.14,91.91,181.92,1749.46,3545.21,2.61,150.08,93.03,558.99,2.96,931.88,60.86,467.52
2026-02-08T06:40:00Z,40.50,2558.26,155.06,397.04,43.27,2231.60,164.41,421.02,55.44,2321.63,161.74,539.97,33.82,2356.77,160.61,145.04,201.83,31.41,92.47,179.56,1762.77,3542.86,2.41,150.27,96.08,564.46,3.22,930.42,61.48,475.08
2026-02-08T06:50:00Z,40.38,2553.72,155.06,377.31,43.20,2242.29,164.33,420.33,55.72,2319.97,161.18,543.88,33.88,2357.88,160.91,152.21,203.28,32.54,92.14,181.48,1764.93,3545.30,2.55,149.05,95.44,579.21,3.19,935.23,60.84,481.76
2026-02-08T07:00:00Z,40.03,2564.75,154.86,361.04,43.50,2235.44,163.93,411.73,55.63,2322.80,161.48,543.10,33.87,2360.80,161.08,161.26,204.93,33.53,92.04,183.39,1765.89,3539.95,2.51,150.21,100.82,572.72,3.43,932.67,60.70,471.97
2026-02-08T07:10:00Z,39.89,2571.39,154.69,362.08,43.59,2230.07,164.29,411.53,55.75,2317.79,161.13,550.02,33.56,2357.39,161.05,156.95,197.93,31.74,92.63,179.52,1748.66,3545.20,2.35,148.53,92.90,563.15,2.97,925.64,59.34,462.59
2026-02-08T07:20:00Z,40.25,2564.55,154.36,358.78,43.53,2227.95,163.51,402.21,55.99,2310.54,161.45,561.92,33.61,2355.71,161.27,146.00,201.67,29.94,91.70,184.35,1759.06,3546.37,2.47,150.40,97.94,572.83,2.96,923.40,59.51,482.13
2026-02-08T07:30:00Z,40.24,2576.85,154.88,357.03,44.22,2213.18,164.16,432.35,55.98,2304.22,161.61,569.33,33.65,2355.84,161.26,145.03,203.57,31.53,91.42,182.24,1765.13,3560.06,2.74,150.15,95.91,572.39,2.79,928.10,58.15,491.00
2026-02-08T07:40:00Z,40.40,2564.52,154.76,374.66,44.28,2210.63,163.45,436.33,56.28,2299.56,161.73,578.11,33.25,2357.12,160.28,142.78,201.88,31.50,92.21,182.32,1759.41,3543.82,2.42,150.49,97.15,567.55,2.84,927.30,58.87,477.48
2026-02-08T07:50:00Z,40.58,2562.01,154.70,375.47,44.65,2208.34,164.26,430.01,55.81,2306.35,162.29,582.80,32.90,2386.45,159.67,141.48,205.46,29.96,91.70,183.19,1763.71,3549.35,2.39,147.77,96.96,570.03,2.78,937.12,58.13,477.10
2026-02-08T08:00:00Z,40.49,2567.51,154.19,380.60,44.53,2200.82,164.35,422.23,55.52,2306.14,161.75,570.33,33.09,2375.44,159.98,124.79,202.55,31.16,92.16,182.41,1770.16,3555.69,2.66,150.51,96.43,568.03,2.87,938.28,58.65,479.29
2026-02-08T08:10:00Z,40.51,2567.14,153.89,378.48,44.33,2209.75,164.45,417.35,55.41,2311.93,161.96,567.72,33.14,2371.34,159.68,142.58,202.46,30.76,91.65,184.47,1760.51,3556.54,2.64,149.97,96.21,570.97,3.30,936.40,58.80,483.90
2026-02-08T08:20:00Z,39.94,2573.69,153.99,366.64,44.10,2216.93,164.30,415.81,55.41,2310.98,160.97,551.55,33.40,2363.46,159.59,145.79,200.23,30.68,91.11,181.97,1761.92,3542.73,2.35,148.01,96.46,569.50,3.07,933.31,58.31,482.25
2026-02-08T08:30:00Z,40.01,2575.36,153.70,370.33,44.42,2219.60,163.60,410.14,55.16,2317.68,161.13,556.23,33.02,2371.81,159.70,143.06,199.34,31.63,92.47,178.99,1759.76,3541.33,2.62,148.89,93.88,563.56,3.27,930.26,58.81,468.98
2026-02-08T08:40:00Z,39.72,2570.96,154.10,378.30,43.93,2224.85,163.60,407.16,55.04,2320.44,162.16,550.11,32.50,2385.62,160.17,145.10,200.82,30.97,92.63,179.85,1756.44,3556.51,2.72,148.62,93.96,579.98,3.06,931.41,61.27,485.76
2026-02-08T08:50:00Z,39.77,2578.02,154.74,365.55,43.83,2232.30,164.15,406.55,55.29,2322.74,162.10,549.15,32.86,2387.33,159.85,148.96,197.79,30.73,92.52,179.51,1755.12,3550.26,2.45,150.72,94.13,566.56,2.54,924.51,59.62,483.58
2026-02-08T09:00:00Z,39.37,2588.07,154.75,358.35,43.48,2245.45,164.35,396.44,55.40,2312.91,161.95,553.80,32.95,2375.10,159.76,147.54,201.48,29.62,92.30,178.27,1757.85,3548.78,2.50,152.25,94.10,563.97,2.93,929.69,60.06,469.43
2026-02-08T09:10:00Z,39.52,2587.22,154.51,364.28,43.43,2232.15,163.60,385.99,55.65,2316.90,161.32,556.09,33.35,2366.26,159.51,160.72,199.31,31.30,91.52,181.69,1756.51,3551.24,2.52,150.23,94.75,572.38,3.02,926.25,59.79,489.05
2026-02-08T09:20:00Z,39.55,2589.29,154.04,345.92,43.52,2228.49,163.66,388.63,55.81,2313.52,161.22,560.44,33.21,2366.61,160.06,149.43,197.03,32.08,91.81,176.19,1746.07,3550.22,2.59,149.12,97.00,571.27,3.10,917.84,61.66,473.95
2026-02-08T09:30:00Z,39.46,2596.49,153.94,351.85,43.10,2242.09,163.55,395.74,56.00,2310.18,162.59,563.99,33.19,2364.72,159.96,135.97,200.56,32.27,92.46,185.91,1770.52,3545.00,2.41,148.60,95.14,577.19,3.35,936.73,60.40,473.97
2026-02-08T09:40:00Z,39.44,2590.62,154.01,347.62,43.15,2243.51,163.37,384.37,55.90,2300.03,161.38,559.67,33.00,2375.63,160.18,144.26,199.00,28.36,92.63,181.03,1765.77,3554.08,2.43,149.84,91.82,567.72,2.91,927.58,59.73,469.50
2026-02-08T09:50:00Z,39.83,2583.68,154.92,363.86,43.13,2250.25,163.43,381.67,56.27,2290.60,161.82,578.63,32.74,2385.80,159.61,136.07,198.64,30.01,92.00,176.87,1763.30,3543.56,2.58,150.65,95.14,579.69,3.02,937.95,58.68,480.06
2026-02-08T10:00:00Z,39.82,2572.90,154.64,363.88,43.43,2241.72,163.73,398.01,56.48,2288.01,161.71,583.75,32.68,2375.66,159.90,127.04,196.45,31.51,91.66,173.57,1751.31,3556.74,2.50,149.50,93.15,565.71,2.97,923.41,58.58,480.89
2026-02-08T10:10:00Z,39.99,2582.71,154.82,379.46,43.43,2249.95,163.68,385.65,56.36,2285.15,162.00,584.38,32.48,2377.04,159.71,116.62,199.70,29.66,91.57,180.45,1765.78,3542.86,2.32,149.52,91.36,568.42,2.72,928.18,58.63,476.61
2026-02-08T10:20:00Z,40.00,2580.66,154.52,377.16,43.53,2260.57,163.52,385.33,56.49,2280.20,162.11,591.54,32.23,2378.95,159.52,116.91,198.73,30.94,92.08,178.48,1748.92,3544.08,2.65,149.07,96.02,573.22,2.63,925.60,58.98,477.96
2026-02-08T10:30:00Z,40.44,2573.22,154.75,373.75,43.24,2251.53,163.33,392.79,56.16,2284.71,161.92,585.02,32.43,2389.08,159.83,113.00,200.20,30.40,91.46,180.37,1762.79,3528.89,2.39,148.26,96.03,576.97,3.20,926.28,58.80,479.40
2026-02-08T10:40:00Z,40.23,2570.95,154.71,377.03,43.10,2247.08,162.42,401.02,56.53,2285.01,162.69,591.89,32.99,2386.80,159.69,122.58,207.67,30.57,92.39,188.98,1768.58,3546.43,2.22,148.56,98.02,569.07,2.93,936.00,59.83,476.18
2026-02-08T10:50:00Z,40.27,2568.23,154.62,386.30,43.23,2238.49,162.86,395.58,56.09,2292.00,161.83,594.13,32.73,2376.77,159.89,123.95,204.97,30.80,92.06,186.95,1769.78,3553.67,2.69,150.38,96.07,568.00,2.75,931.54,59.45,472.53
2026-02-08T11:00:00Z,40.11,2561.90,155.14,389.59,43.41,2242.82,163.27,386.30,56.12,2288.69,163.12,597.08,32.13,2390.93,160.06,127.07,202.75,28.00,91.55,182.06,1772.88,3548.41,2.45,150.89,96.63,570.33,3.24,938.49,59.20,476.11
2026-02-08T11:10:00Z,40.26,2572.91,155.49,386.34,43.59,2236.26,162.98,392.87,56.25,2285.94,162.65,604.21,31.90,2398.06,159.88,104.48,200.50,27.09,92.22,181.65,1755.23,3554.27,2.44,148.85,97.85,571.85,2.85,931.88,58.60,472.43
2026-02-08T11:20:00Z,40.32,2574.09,154.89,380.74,42.70,2248.38,163.21,389.39,56.07,2300.31,162.19,579.17,32.05,2392.29,159.98,104.82,204.02,29.27,92.08,184.84,1777.94,3558.89,2.41,151.49,96.41,569.50,2.87,943.10,59.75,477.46
2026-02-08T11:30:00Z,40.62,2561.75,154.20,388.89,42.90,2253.16,163.76,385.17,56.17,2296.96,162.94,578.21,32.41,2387.96,159.98,103.19,199.20,31.18,91.79,178.37,1760.17,3564.89,2.36,149.30,94.94,570.28,2.82,933.12,57.71,473.27
2026-02-08T11:40:00Z,40.77,2546.96,154.41,413.31,43.12,2257.69,163.23,381.07,56.33,2301.89,162.31,580.46,32.14,2397.72,159.50,93.03,200.34,29.22,92.07,179.58,1768.13,3566.72,2.65,149.79,93.67,566.34,3.17,935.16,58.89,467.61
2026-02-08T11:50:00Z,40.75,2550.37,154.56,419.79,43.37,2254.46,163.48,383.66,56.37,2289.65,161.86,584.59,32.18,2391.89,159.00,103.84,197.70,30.76,91.53,179.91,1760.86,3560.93,2.46,149.17,95.02,568.57,3.02,929.73,59.58,478.83
2026-02-08T12:00:00Z,40.54,2567.28,154.81,404.39,43.37,2246.95,163.09,381.26,56.31,2299.09,162.40,589.18,32.39,2383.53,159.39,106.39,199.40,29.76,91.91,179.12,1755.35,3552.72,2.58,149.51,95.49,574.63,2.76,925.83,58.93,481.93
2026-02-08T12:10:00Z,40.15,2569.79,154.83,391.71,43.25,2237.65,163.15,393.04,56.06,2297.29,162.39,586.21,32.80,2381.79,159.20,121.27,202.33,31.09,91.81,186.37,1774.27,3540.39,2.75,148.96,97.16,571.48,2.84,934.27,57.22,473.98
2026-02-08T12:20:00Z,39.93,2580.74,154.62,375.09,43.16,2248.81,163.79,385.85,55.84,2305.14,162.96,573.64,33.11,2383.20,159.61,121.35,200.70,29.36,91.66,181.04,1758.45,3543.67,2.41,150.25,94.86,570.69,3.13,928.60,59.09,467.09
2026-02-08T12:30:00Z,40.12,2567.39,155.25,372.37,43.13,2237.48,164.26,381.67,55.69,2295.34,162.93,563.84,32.67,2369.65,160.29,135.08,199.64,30.90,92.62,175.38,1753.36,3557.34,2.59,149.65,93.71,564.78,2.67,928.13,59.98,474.15
2026-02-08T12:40:00Z,39.90,2566.66,156.08,376.92,42.97,2241.30,164.08,385.95,55.98,2301.55,162.67,562.46,32.74,2374.39,159.68,134.72,197.43,32.23,92.41,179.80,1763.78,3546.76,2.29,149.40,95.07,569.16,2.86,932.98,60.28,479.54
2026-02-08T12:50:00Z,39.90,2572.37,155.28,386.41,43.01,2247.34,164.18,392.67,56.29,2306.67,162.40,573.87,32.61,2386.53,159.45,120.52,201.36,31.92,92.22,181.60,1755.53,3547.64,2.26,148.93,94.98,568.38,2.98,927.08,59.47,470.44
2026-02-08T13:00:00Z,39.89,2585.33,154.71,367.67,43.47,2230.10,164.38,405.02,56.13,2300.03,162.47,576.81,32.77,2388.68,159.64,113.65,204.72,31.80,93.01,183.53,1768.83,3549.15,2.45,149.35,98.39,574.08,2.77,933.05,60.26,490.67
2026-02-08T13:10:00Z,40.20,2576.86,154.56,360.10,43.27,2240.45,164.14,402.94,56.47,2301.01,162.58,588.69,32.33,2383.82,160.06,118.17,201.41,31.74,93.24,178.74,1758.72,3554.81,2.47,151.05,94.29,573.36,3.00,929.38,58.30,467.13
2026-02-08T13:20:00Z,40.47,2569.19,154.35,373.65,43.50,2243.87,164.83,401.57,56.45,2294.35,163.40,590.15,32.02,2387.72,160.18,121.25,196.78,31.00,92.41,177.62,1762.81,3543.18,2.59,149.71,92.52,564.15,3.09,936.25,58.47,483.84
2026-02-08T13:30:00Z,40.45,2562.18,153.74,378.22,43.44,2236.23,164.38,409.77,56.58,2290.98,162.86,598.59,32.30,2392.65,159.68,128.31,207.13,32.60,92.01,185.26,1765.65,3548.72,2.60,150.86,98.24,572.99,2.84,933.29,58.69,496.74
2026-02-08T13:40:00Z,40.08,2562.01,153.72,363.96,43.70,2237.07,164.01,391.97,55.85,2294.80,162.53,603.62,32.15,2403.11,159.66,110.75,198.79,31.94,92.30,180.82,1759.41,3538.83,2.39,150.04,96.68,573.28,2.78,928.57,58.59,467.06
2026-02-08T13:50:00Z,40.43,2564.79,154.15,374.77,43.95,2232.24,164.03,389.84,56.01,2297.36,162.19,587.03,32.00,2399.41,160.20,89.03,200.26,31.50,92.61,181.65,1758.82,3549.54,2.44,149.99,94.62,567.36,3.18,928.74,57.98,476.16
2026-02-08T14:00:00Z,40.79,2549.97,154.25,374.34,43.87,2240.60,164.07,398.45,55.85,2293.53,162.02,583.39,32.42,2393.64,160.12,104.53,200.24,31.56,92.80,176.94,1754.77,3540.01,2.46,148.71,95.14,568.76,3.10,931.98,59.32,465.41
2026-02-08T14:10:00Z,40.77,2544.66,154.44,383.34,43.75,2241.88,164.31,399.83,55.76,2296.04,162.04,583.00,32.60,2383.12,160.25,110.06,201.08,31.10,93.28,179.47,1758.79,3543.58,2.28,149.30,92.94,574.54,2.71,931.53,58.17,488.28
2026-02-08T14:20:00Z,40.45,2556.90,155.28,379.23,43.76,2232.90,164.22,409.82,55.89,2305.53,162.09,576.77,32.69,2381.42,159.50,110.81,201.13,30.81,92.58,183.31,1773.30,3544.48,2.44,148.89,95.62,571.84,3.01,942.14,57.70,469.29
2026-02-08T14:30:00Z,40.75,2552.60,155.66,379.13,43.61,2231.69,164.47,401.14,56.24,2293.52,161.83,587.25,32.83,2381.63,159.72,126.28,199.40,33.01,93.20,176.66,1758.87,3551.73,2.50,149.32,95.45,569.35,3.07,933.73,58.12,480.02
2026-02-08T14:40:00Z,40.57,2561.67,155.39,372.33,43.39,2222.62,164.39,406.30,55.96,2298.08,162.39,583.10,32.93,2384.44,160.47,128.65,200.68,34.03,92.41,182.48,1765.45,3570.44,2.44,152.08,93.40,570.05,3.19,928.45,57.63,479.92
2026-02-08T14:50:00Z,40.89,2572.28,154.97,362.18,43.50,2232.61,164.35,411.81,56.04,2302.36,161.91,588.39,32.67,2383.79,160.64,119.63,204.93,33.30,92.16,185.51,1768.39,3552.16,2.15,149.90,95.68,570.22,3.20,926.14,57.75,474.07
2026-02-08T15:00:00Z,40.99,2565.20,155.38,372.69,43.09,2233.07,163.45,395.63,56.01,2293.18,161.16,579.48,32.35,2389.16,159.80,105.84,208.65,33.22,92.68,188.85,1766.38,3562.69,2.75,150.19,99.54,580.29,3.40,921.77,57.55,486.64
2026-02-08T15:10:00Z,40.90,2555.79,155.11,398.44,43.09,2248.24,163.43,395.93,55.79,2297.25,161.80,572.19,32.80,2371.29,158.91,107.28,207.40,30.24,92.87,188.89,1768.68,3557.09,2.72,149.06,96.61,575.66,2.79,946.85,60.70,481.30
2026-02-08T15:20:00Z,40.96,2551.21,155.37,403.23,43.25,2246.65,163.37,385.29,55.20,2310.02,161.56,548.58,32.73,2381.57,159.15,109.45,200.82,30.48,92.55,180.46,1757.13,3564.55,2.29,152.66,95.70,570.10,2.98,922.64,59.46,476.64
2026-02-08T15:30:00Z,40.54,2549.79,155.81,401.18,43.20,2248.47,164.24,383.36,54.76,2327.88,162.02,543.40,32.71,2376.49,159.55,130.35,197.07,28.37,92.66,178.11,1758.05,3535.86,2.76,149.71,92.68,564.26,3.17,927.85,59.96,463.04
2026-02-08T15:40:00Z,40.46,2552.02,155.14,396.90,43.02,2254.34,164.00,380.36,54.56,2326.54,161.27,536.21,33.13,2378.26,160.92,127.67,197.44,30.89,92.41,179.76,1754.89,3543.04,2.43,149.61,94.33,562.06,3.29,934.49,59.76,
2026-02-08T15:50:00Z,40.70,2559.60,155.32,398.55,43.33,2249.48,163.62,380.73,54.51,2333.86,161.09,539.66,33.24,2372.10,160.61,135.64,201.81,31.03,92.39,180.80,1767.70,3554.95,2.53,150.51,96.12,567.93,3.17,931.24,58.99,468.54
2026-02-08T16:00:00Z,40.88,2550.92,155.39,387.91,43.32,2259.60,163.47,372.85,54.73,2328.98,160.94,524.70,33.04,2379.49,160.96,129.48,202.22,30.63,92.54,182.21,1755.98,3556.37,2.72,149.49,97.33,571.59,3.02,932.52,59.05,478.99
2026-02-08T16:10:00Z,40.91,2553.61,155.67,393.13,43.49,2241.28,162.99,383.41,54.97,2310.78,161.41,541.71,33.07,2379.26,160.91,149.58,199.00,29.53,92.08,178.12,1760.08,3563.42,2.37,149.31,93.30,562.10,3.11,934.44,59.67,461.03
2026-02-08T16:20:00Z,40.71,2564.48,155.81,398.38,43.51,2234.94,163.48,408.76,55.11,2316.52,160.91,556.62,32.96,2385.06,160.76,139.45,201.32,34.00,93.38,178.73,1752.08,3541.37,2.44,150.46,95.95,571.99,3.06,926.36,60.03,477.70
2026-02-08T16:30:00Z,40.60,2568.82,154.75,397.00,43.37,2235.09,163.47,414.97,54.89,2323.09,161.80,556.35,32.98,2379.48,160.16,128.50,203.52,30.89,92.85,184.26,1752.21,3551.66,2.32,150.66,98.09,570.27,3.16,919.67,59.24,485.50
2026-02-08T16:40:00Z,40.57,2559.16,154.60,388.40,43.37,2241.05,164.19,401.88,55.01,2337.81,161.43,535.52,32.97,2367.23,159.88,146.02,202.40,31.74,91.58,183.31,1759.84,3555.75,2.83,151.81,97.78,565.16,3.11,937.55,58.46,469.46
2026-02-08T16:50:00Z,40.60,2574.08,154.32,393.00,42.88,2236.64,164.04,384.27,54.79,2334.10,161.02,534.60,32.80,2369.33,160.88,146.25,199.68,29.17,92.54,182.51,1763.77,3558.67,2.23,147.68,96.31,578.27,3.15,935.80,57.89,477.04
2026-02-08T17:00:00Z,40.99,2564.17,153.88,404.28,42.86,2243.65,163.85,373.27,54.65,2335.43,160.89,526.84,32.55,2377.56,160.43,139.28,199.49,29.28,92.08,181.20,1767.79,3531.65,2.55,150.20,94.38,568.95,3.06,929.39,58.13,478.67
2026-02-08T17:10:00Z,41.06,2551.21,154.32,391.70,43.40,2239.26,163.84,372.98,54.22,2348.94,160.83,524.80,32.88,2378.70,160.25,132.27,197.04,29.83,91.83,178.80,1764.40,3554.55,2.90,150.89,94.34,572.25,3.03,934.69,57.93,469.22
2026-02-08T17:20:00Z,40.65,2554.75,154.32,382.66,43.34,2240.11,162.74,389.82,54.25,2349.13,161.10,519.24,32.49,2376.21,160.35,125.29,194.58,30.07,92.04,178.34,1757.66,3558.22,2.36,150.34,92.63,569.56,2.94,925.81,59.77,465.66
2026-02-08T17:30:00Z,40.34,2564.45,154.90,375.81,43.29,2252.02,162.66,380.99,54.38,2351.70,161.13,507.83,32.85,2375.45,160.46,120.15,192.84,28.85,91.68,171.47,1751.46,3557.73,2.35,150.22,91.23,555.61,2.82,929.43,59.10,458.75
2026-02-08T17:40:00Z,40.36,2573.18,154.20,369.89,43.00,2255.46,163.04,374.16,53.91,2351.17,160.36,506.42,33.14,2365.29,160.25,141.72,199.17,28.38,91.43,179.76,1759.31,3549.57,2.30,149.19,93.68,567.40,3.32,930.72,58.52,476.53
2026-02-08T17:50:00Z,40.09,2565.55,154.29,388.53,43.15,2246.29,163.07,384.23,54.13,2345.34,160.09,505.97,32.96,2370.98,160.15,133.51,199.93,29.56,91.56,180.16,1757.14,3570.59,2.35,149.92,93.69,567.02,3.11,932.15,58.49,465.06
2026-02-08T18:00:00Z,40.17,2569.24,155.06,370.76,42.61,2253.38,164.17,382.96,54.23,2344.28,160.15,510.30,32.97,2371.70,159.48,128.30,201.41,26.72,91.37,176.73,1757.67,3546.49,2.44,149.79,97.76,572.53,3.51,932.12,58.13,470.67
2026-02-08T18:10:00Z,40.36,2562.53,154.73,386.38,42.83,2257.48,164.42,392.19,54.38,2340.07,160.82,509.48,32.77,2378.82,159.51,133.48,198.37,28.52,92.04,179.91,1759.95,3561.96,2.50,147.51,95.85,568.49,3.02,934.63,58.74,464.53
2026-02-08T18:20:00Z,40.36,2554.96,154.46,382.32,42.82,2256.98,163.72,378.44,54.55,2346.37,160.52,504.37,32.89,2379.87,159.85,137.53,195.78,27.30,92.89,174.72,1753.10,3536.29,2.41,147.59,93.57,567.17,2.92,923.39,59.48,474.31
2026-02-08T18:30:00Z,40.35,2554.56,154.32,383.88,42.99,2262.50,163.69,374.04,54.99,2329.08,161.15,516.52,32.40,2375.23,159.34,124.67,199.94,26.45,92.55,181.51,1765.20,3563.26,2.55,150.35,93.55,563.69,3.09,929.11,60.53,471.12
2026-02-08T18:40:00Z,40.19,2577.50,153.92,387.61,43.27,2251.20,163.96,376.61,54.93,2326.47,160.73,520.26,32.35,2376.37,158.80,111.66,197.11,29.06,91.33,177.19,1763.89,3556.36,2.34,151.19,93.63,562.77,2.86,932.13,59.59,470.60
2026-02-08T18:50:00Z,40.12,2586.02,153.99,387.97,43.20,2251.55,163.75,358.37,54.78,2332.74,160.76,531.44,32.49,2377.23,159.11,139.04,197.19,29.81,91.34,176.80,1762.17,3554.22,2.52,149.19,91.04,568.14,3.03,928.86,61.13,478.93
2026-02-08T19:00:00Z,40.35,2568.99,153.93,384.27,42.98,2249.56,163.13,367.90,54.81,2332.03,161.74,530.20,32.01,2390.06,158.99,106.66,192.07,29.74,90.59,173.58,1745.29,3545.28,2.61,149.76,92.21,569.52,3.40,918.11,59.67,478.47
2026-02-08T19:10:00Z,40.45,2563.76,153.70,382.33,43.26,2251.20,164.04,385.34,54.52,2338.08,161.32,530.73,31.80,2402.82,158.80,105.99,190.90,30.39,90.92,172.05,1758.45,3570.28,2.68,150.14,89.29,567.28,3.34,927.31,59.68,467.08
2026-02-08T19:20:00Z,40.58,2558.98,154.58,383.09,43.53,2250.05,163.52,391.70,54.93,2338.59,161.70,536.75,31.68,2407.14,158.91,91.77,197.35,31.35,91.59,182.56,1761.53,3552.71,2.56,149.28,95.09,573.04,2.89,932.58,59.33,474.09
2026-02-08T19:30:00Z,41.00,2565.36,154.98,404.57,43.34,2246.49,162.94,384.08,54.71,2337.52,161.46,546.21,31.45,2398.45,158.73,94.13,198.44,30.72,92.88,177.53,1757.27,3544.27,2.36,148.50,95.12,570.51,3.18,929.99,58.97,481.20
2026-02-08T19:40:00Z,41.24,2554.45,155.53,403.64,43.41,2242.44,162.81,378.73,54.75,2331.57,162.10,541.34,31.59,2408.08,158.67,87.92,200.45,29.06,92.13,180.27,1759.76,3560.50,2.57,148.32,94.93,565.61,3.38,931.42,58.85,471.48
2026-02-08T19:50:00Z,40.81,2549.24,155.21,398.30,43.24,2235.59,162.55,377.43,55.07,2319.62,161.85,533.04,31.68,2413.54,158.47,85.49,194.93,28.72,91.22,176.12,1751.38,3559.31,2.21,149.59,93.73,572.72,2.87,921.82,58.78,477.09
2026-02-08T20:00:00Z,41.11,2546.07,155.31,399.46,42.88,2240.87,162.70,368.74,54.71,2334.28,160.94,530.95,31.66,2402.41,159.15,76.61,196.21,30.35,91.19,174.71,1762.28,3564.26,2.54,151.58,92.30,568.16,3.03,926.89,58.95,462.96
2026-02-08T20:10:00Z,40.62,2556.49,154.30,386.80,43.25,2237.68,163.54,381.05,54.38,2324.60,160.55,540.84,32.12,2393.80,159.43,100.66,200.99,29.09,91.71,182.32,1766.64,3554.13,2.42,149.29,96.41,572.17,3.04,940.22,58.37,471.09
2026-02-08T20:20:00Z,40.70,2551.64,155.26,385.19,43.08,2242.46,163.69,387.32,54.64,2344.33,160.74,524.09,32.68,2394.57,159.65,99.82,195.59,28.90,92.50,173.33,1753.12,3550.01,2.76,149.02,90.20,562.08,2.76,929.56,58.88,476.46
2026-02-08T20:30:00Z,40.57,2569.41,154.21,371.94,43.39,2233.62,163.59,393.35,54.82,2341.94,160.69,523.43,32.75,2394.18,159.92,107.56,192.44,28.56,92.77,172.33,1750.32,3544.34,2.53,150.64,93.94,564.90,2.88,922.50,57.67,471.68
2026-02-08T20:40:00Z,41.04,2561.87,154.89,381.74,43.55,2239.17,163.86,395.60,54.93,2315.48,160.77,521.85,32.48,2396.95,159.33,99.04,196.26,28.54,92.29,175.56,1756.77,3544.77,2.42,148.33,91.56,565.37,3.04,930.60,56.97,471.02
2026-02-08T20:50:00Z,41.13,2548.08,155.10,385.28,43.60,2227.15,163.41,407.91,54.96,2315.38,160.35,536.94,32.38,2393.21,159.90,103.79,199.48,29.44,92.24,176.64,1753.84,3556.83,2.51,151.93,95.77,569.83,2.69,927.81,57.24,476.85
2026-02-08T21:00:00Z,41.12,2551.07,154.50,400.90,43.34,2221.95,162.93,400.42,54.47,2327.77,160.96,542.01,32.94,2380.84,160.26,112.97,200.16,30.73,92.13,175.85,1760.06,3559.96,2.46,150.83,96.93,562.86,3.09,933.25,58.65,468.41
2026-02-08T21:10:00Z,41.05,2550.46,154.47,407.79,43.44,2233.04,162.75,386.09,54.75,2334.23,160.50,538.32,32.78,2379.59,159.20,125.32,201.17,30.35,91.76,181.32,1766.45,3571.30,2.66,149.49,96.60,569.95,3.20,935.36,59.91,473.19
2026-02-08T21:20:00Z,41.14,2548.18,154.83,410.17,43.36,2239.05,163.25,386.65,54.54,2331.16,161.20,531.10,32.63,2378.41,159.99,124.98,201.39,32.19,92.14,179.28,1754.52,3539.63,2.48,149.70,95.48,572.79,2.78,926.39,58.99,471.80
2026-02-08T21:30:00Z,41.03,2554.01,154.80,406.66,43.56,2241.74,164.25,403.91,54.77,2329.18,161.83,536.23,32.89,2381.83,159.80,123.85,201.37,30.86,92.78,178.92,1753.37,3537.58,2.26,147.25,97.78,571.59,3.30,924.68,58.06,474.38
2026-02-08T21:40:00Z,40.79,2539.46,154.89,414.51,43.49,2242.88,163.61,407.69,55.06,2329.01,161.14,536.63,32.76,2383.50,159.63,122.88,197.48,29.63,91.48,179.67,1756.80,3554.92,2.11,150.89,93.94,571.55,2.86,924.84,58.09,472.85
2026-02-08T21:50:00Z,40.67,2540.99,154.14,402.75,43.50,2236.03,163.99,405.39,55.11,2322.50,161.36,544.16,32.49,2389.46,159.33,112.56,197.96,28.36,92.22,177.70,1756.73,3556.16,2.40,149.67,91.39,568.55,3.20,935.61,59.53,474.83
2026-02-08T22:00:00Z,40.48,2557.78,154.77,397.56,43.17,2239.37,163.59,394.55,55.40,2308.90,161.61,552.92,32.77,2381.19,159.62,115.09,200.32,28.18,92.02,178.86,1755.49,3547.22,2.17,149.44,96.54,573.85,2.59,926.70,59.45,486.20
2026-02-08T22:10:00Z,40.52,2552.00,154.13,377.01,43.01,2253.26,163.96,390.01,55.65,2308.37,162.58,557.39,32.86,2389.37,159.94,121.52,198.64,28.29,92.03,180.78,1766.42,3550.55,2.53,149.40,95.60,566.59,2.70,931.06,58.68,468.11
2026-02-08T22:20:00Z,40.47,2562.37,154.23,378.13,42.93,2249.83,164.52,382.62,55.77,2301.26,162.32,573.23,32.69,2376.35,160.27,128.78,207.64,29.03,92.49,185.91,1764.43,3544.75,2.45,149.35,99.58,572.33,3.06,929.92,57.85,474.41
2026-02-08T22:30:00Z,40.31,2553.77,154.87,383.85,43.05,2253.50,163.64,364.37,55.75,2301.92,161.69,566.79,32.64,2377.44,159.10,121.55,202.73,29.25,92.58,182.69,1755.67,3554.26,2.27,149.78,96.75,570.38,2.88,931.84,59.06,471.63
2026-02-08T22:40:00Z,40.54,2559.99,155.06,387.39,43.28,2248.37,163.52,382.48,56.00,2311.10,161.83,558.03,32.74,2381.93,159.08,106.51,204.73,31.77,92.03,185.52,1766.26,3534.98,2.29,149.43,97.25,569.97,2.79,929.79,57.84,475.32
2026-02-08T22:50:00Z,40.30,2569.73,155.30,400.66,43.41,2245.57,163.72,384.25,56.28,2312.44,161.89,562.74,32.76,2378.76,159.02,113.00,196.70,31.65,92.45,178.96,1760.34,3549.01,2.69,149.25,91.94,567.25,3.09,932.00,56.73,478.82
2026-02-08T23:00:00Z,40.69,2560.70,154.76,394.77,43.22,2253.22,163.74,377.53,56.36,2296.10,161.75,580.96,33.07,2377.78,159.10,126.49,202.39,32.28,92.02,181.10,1758.02,3546.93,2.65,150.56,96.64,573.22,3.33,924.51,57.95,477.69
2026-02-08T23:10:00Z,40.88,2549.04,154.72,399.87,43.46,2238.68,163.82,392.75,56.16,2287.59,162.09,574.92,32.57,2392.12,160.00,123.00,199.79,31.47,91.49,179.92,1754.98,3564.79,2.50,149.05,94.48,571.50,3.33,921.51,58.19,465.92
2026-02-08T23:20:00Z,40.65,2557.03,154.58,392.47,43.74,2219.10,163.64,401.27,56.00,2286.61,162.35,587.44,32.14,2393.11,159.67,123.97,202.06,31.79,91.79,179.58,1753.41,3555.18,2.65,149.06,97.33,581.94,2.85,928.58,59.44,496.09
2026-02-08T23:30:00Z,40.75,2555.71,154.64,383.87,43.56,2230.17,163.24,412.91,55.90,2301.44,162.55,591.00,32.13,2390.32,160.31,119.07,204.42,30.36,91.85,183.93,1759.56,3549.38,2.44,146.54,98.36,567.81,3.25,922.04,59.58,468.21
2026-02-08T23:40:00Z,40.60,2555.68,155.20,395.45,43.52,2237.24,163.16,404.75,56.16,2289.06,161.77,580.29,32.22,2399.01,159.79,106.44,202.30,29.64,92.65,187.02,1766.03,3557.53,2.71,149.74,97.96,577.16,2.96,940.96,59.26,470.63
2026-02-08T23:50:00Z,40.68,2549.66,155.58,395.58,43.35,2237.44,162.83,395.00,55.96,2296.46,162.20,582.42,32.04,2397.97,159.73,93.99,203.62,27.69,92.97,180.94,1756.34,3539.86,2.46,150.40,97.68,565.52,2.83,924.68,58.84,476.33
2026-02-09T00:00:00Z,40.50,2555.64,155.67,390.60,43.39,2248.99,163.69,390.16,55.54,2305.62,162.97,606.12,33.02,2391.98,159.59,93.80,197.05,30.36,91.35,178.36,1758.47,3557.85,2.45,149.91,94.40,570.33,2.58,929.75,58.54,469.34
2026-02-09T00:10:00Z,40.85,2555.38,155.34,399.64,43.20,2248.24,164.10,408.89,55.60,2313.49,162.76,580.65,33.39,2369.32,159.93,123.45,204.88,31.29,91.56,185.64,1759.56,3553.91,2.30,149.51,95.94,578.37,2.99,926.32,59.82,484.74
2026-02-09T00:20:00Z,40.27,2564.27,154.89,389.80,43.18,2240.77,164.45,405.16,55.21,2314.76,161.61,571.31,34.25,2355.24,160.05,136.88,198.34,32.21,91.56,179.09,1767.06,3556.63,2.32,149.42,92.50,569.99,2.71,937.70,59.53,480.12
2026-02-09T00:30:00Z,40.19,2562.42,154.68,392.36,43.32,2236.37,164.53,393.54,55.40,2316.54,162.04,558.12,34.57,2334.13,160.24,156.42,197.60,31.77,91.31,176.39,1749.61,3549.24,2.92,150.86,92.65,567.93,2.95,926.47,60.82,475.70
2026-02-09T00:40:00Z,40.02,2570.24,154.58,381.91,43.25,2246.36,164.40,387.03,55.18,2308.85,162.31,562.02,35.14,2325.78,161.05,180.47,196.26,28.42,91.73,176.75,1760.84,3532.39,2.51,149.01,91.99,564.58,2.89,936.19,60.62,477.93
2026-02-09T00:50:00Z,39.76,2560.26,155.10,390.05,43.27,2243.19,164.83,380.36,54.94,2323.04,162.69,548.48,35.72,2317.44,160.64,191.02,197.26,29.51,92.57,181.17,1755.70,3554.41,2.75,148.68,94.91,577.69,3.24,923.70,60.45,475.25
2026-02-09T01:00:00Z,39.81,2574.33,153.98,355.36,43.63,2248.11,164.71,386.80,54.94,2322.06,162.14,557.29,36.55,2293.81,160.65,226.36,196.86,31.68,91.38,180.47,1761.58,3556.71,2.42,150.92,94.62,568.19,2.94,923.10,59.17,477.02
2026-02-09T01:10:00Z,40.00,2558.37,154.13,371.64,43.11,2252.30,164.22,385.40,55.37,2324.15,161.83,557.19,36.69,2279.04,161.43,236.83,206.05,31.26,92.42,184.82,1762.14,3561.04,2.74,149.17,98.49,575.70,2.69,932.45,59.66,482.30
2026-02-09T01:20:00Z,39.81,2572.54,153.53,364.75,43.55,2247.51,163.82,386.34,55.81,2311.63,161.10,552.29,37.52,2261.28,162.01,268.63,203.27,30.75,92.06,185.70,1764.77,3556.65,2.41,150.41,96.34,574.05,2.98,926.99,59.52,476.39
2026-02-09T01:30:00Z,39.67,2575.63,154.62,375.69,43.74,2243.91,163.47,389.81,55.98,2291.15,161.77,563.62,37.96,2257.09,163.08,284.42,209.37,31.59,91.83,187.92,1761.45,3548.39,2.71,150.90,96.65,579.20,3.29,929.35,59.27,489.97
2026-02-09T01:40:00Z,39.65,2577.00,153.88,362.01,43.40,2240.24,163.50,405.20,56.00,2301.68,161.77,564.14,38.32,2262.79,163.37,300.47,212.05,29.74,91.85,191.75,1765.39,3557.01,2.61,148.44,101.34,580.71,3.34,928.48,58.01,490.98
2026-02-09T01:50:00Z,39.91,2573.27,153.89,365.98,43.35,2246.47,163.67,399.47,56.02,2307.08,162.49,574.63,38.56,2245.00,162.23,305.38,209.99,32.15,92.73,186.62,1758.23,3554.25,2.42,147.77,99.93,570.51,3.06,923.66,59.59,468.80
2026-02-09T02:00:00Z,39.90,2571.80,153.53,368.34,42.99,2259.96,163.94,384.17,56.10,2306.08,162.65,569.67,38.38,2246.92,162.00,313.98,209.27,32.77,92.31,186.07,1766.00,3543.62,2.52,147.40,100.19,572.92,3.22,936.05,59.93,471.69
2026-02-09T02:10:00Z,39.51,2582.82,153.62,369.65,42.40,2268.40,163.24,368.66,56.00,2291.71,162.92,567.83,38.58,2260.52,163.26,312.77,205.14,32.44,93.11,183.75,1763.64,3543.96,2.41,149.93,96.14,573.35,3.07,933.81,59.13,486.40
2026-02-09T02:20:00Z,39.26,2583.81,153.87,358.62,42.63,2265.03,163.38,367.93,55.94,2294.71,162.20,578.68,38.72,2243.57,163.23,330.42,205.59,32.61,93.71,187.07,1773.13,3565.66,2.50,149.23,95.37,567.56,3.02,932.64,60.02,472.81
2026-02-09T02:30:00Z,39.26,2579.42,153.57,360.17,42.96,2256.25,163.29,351.07,56.06,2304.75,162.04,561.08,38.78,2236.15,163.35,331.31,208.03,32.52,92.74,184.28,1765.53,3555.88,2.44,150.04,100.50,574.65,2.84,932.87,59.51,471.29
2026-02-09T02:40:00Z,39.08,2591.59,153.37,342.80,42.94,2251.92,163.21,369.28,56.01,2295.30,162.25,565.34,38.98,2236.21,163.36,331.45,207.16,29.99,92.50,186.45,1762.47,3570.19,2.54,149.87,100.66,575.74,2.93,935.23,59.79,481.03
2026-02-09T02:50:00Z,38.75,2601.12,152.91,334.68,43.07,2244.46,164.21,386.96,56.05,2297.07,161.74,589.95,39.51,2231.22,163.54,347.70,209.18,33.70,93.04,187.21,1766.07,3547.15,2.38,149.97,100.10,575.71,2.92,930.12,59.21,481.64
2026-02-09T03:00:00Z,39.14,2593.52,153.20,322.21,42.84,2244.69,163.87,378.39,56.32,2291.86,162.60,588.25,39.95,2222.70,164.40,349.22,209.24,34.56,92.83,188.48,1772.39,3558.79,2.53,149.63,99.72,578.31,3.27,938.14,59.37,478.33
2026-02-09T03:10:00Z,39.47,2577.29,153.21,344.74,43.15,2246.16,163.63,382.25,55.96,2292.95,162.38,576.89,40.34,2195.39,164.37,381.49,216.11,35.18,92.63,197.76,1775.00,3573.76,2.39,149.63,100.73,574.52,3.13,936.02,59.30,480.90
2026-02-09T03:20:00Z,39.46,2585.79,152.65,342.95,43.44,2240.96,164.99,384.53,55.77,2306.36,162.88,569.06,40.74,2184.62,164.65,382.15,212.91,35.62,92.52,192.64,1771.85,3545.77,2.59,148.96,100.95,575.05,3.00,935.27,60.76,481.06
2026-02-09T03:30:00Z,39.66,2576.11,153.91,361.24,43.07,2252.45,164.71,378.47,55.89,2298.51,162.89,570.24,41.18,2177.94,165.35,404.61,215.70,36.90,92.71,192.09,1762.75,3546.56,2.55,150.49,102.15,584.36,3.10,925.71,59.70,490.34
2026-02-09T03:40:00Z,39.81,2580.55,154.12,350.08,43.11,2248.39,164.45,382.49,55.90,2292.95,162.23,563.61,41.74,2161.89,165.86,411.37,216.20,35.81,93.29,194.13,1767.21,3544.05,2.55,148.85,104.08,584.45,2.64,933.37,58.88,486.14
2026-02-09T03:50:00Z,39.68,2583.05,154.17,351.13,43.76,2236.69,164.43,371.77,55.85,2314.08,162.21,569.93,,2155.34,165.49,424.26,215.22,36.84,94.00,191.60,1761.97,3559.70,2.55,150.15,102.26,580.61,2.91,938.01,60.51,474.18
2026-02-09T04:00:00Z,39.56,2581.79,153.65,357.63,43.79,2227.96,163.31,374.10,55.94,2317.30,162.85,571.76,41.84,2154.34,166.04,435.80,215.48,36.04,93.09,190.11,1768.18,3549.70,2.05,150.02,101.84,579.41,2.81,932.84,58.81,482.53
2026-02-09T04:10:00Z,39.56,2592.13,153.46,341.68,43.96,2220.67,163.30,394.58,56.14,2304.74,162.52,575.81,42.03,2148.54,165.60,432.53,217.26,34.98,92.20,190.86,1766.40,3547.16,2.46,149.01,101.89,581.56,2.80,934.10,59.55,484.95
2026-02-09T04:20:00Z,39.31,2581.09,153.12,349.78,44.08,2231.18,162.98,409.52,55.67,2310.82,161.94,578.88,42.53,2145.59,165.82,446.98,219.44,36.49,93.44,197.29,1784.22,3560.58,2.28,149.45,104.13,581.96,3.12,942.99,60.08,484.63
2026-02-09T04:30:00Z,38.96,2597.32,152.86,331.43,43.91,2244.84,162.60,393.03,55.46,2304.29,162.32,566.39,42.48,2142.48,166.33,460.82,218.61,35.21,93.15,198.82,1770.64,3550.47,2.28,149.96,108.45,591.80,2.68,937.40,60.36,503.04
2026-02-09T04:40:00Z,39.19,2590.61,153.28,329.10,43.60,2236.33,163.07,385.09,55.37,2318.74,161.69,559.03,42.78,2133.30,166.94,479.66,210.43,36.05,92.65,192.20,1771.25,3547.90,2.28,149.61,97.97,574.82,2.83,935.38,61.77,474.72
2026-02-09T04:50:00Z,39.56,2587.14,154.04,348.24,43.48,2230.50,163.01,394.54,55.36,2319.32,161.97,564.19,43.07,2127.53,167.72,480.85,210.55,36.05,93.68,187.15,1768.29,3530.52,2.74,149.23,99.42,575.85,3.21,925.14,60.01,480.39
2026-02-09T05:00:00Z,39.49,2584.57,154.49,362.48,43.03,2242.91,163.50,388.17,55.86,2309.32,161.81,564.71,43.36,2119.74,167.77,492.27,207.41,34.35,93.26,183.91,1760.28,3537.10,2.39,148.49,101.05,573.65,3.32,931.86,61.08,474.32
2026-02-09T05:10:00Z,39.62,2576.22,154.50,363.77,43.39,2244.74,164.09,394.56,55.54,2317.67,161.77,570.36,43.39,2106.44,167.47,501.58,215.42,36.14,93.02,189.34,1766.96,3556.83,2.58,150.15,105.89,580.88,2.60,935.29,59.94,485.05
2026-02-09T05:20:00Z,39.35,2582.09,155.16,353.52,43.42,2248.70,164.73,388.98,55.38,2300.37,161.33,556.62,43.30,2119.58,167.77,500.73,215.32,37.38,93.32,192.87,1773.55,3559.84,2.51,149.89,102.81,576.00,3.03,943.71,60.40,484.89
2026-02-09T05:30:00Z,39.16,2600.12,155.18,335.78,44.07,2239.84,164.96,407.22,55.48,2312.52,162.11,570.46,43.44,2120.78,167.13,492.58,214.44,35.33,94.17,195.04,1762.04,3543.81,2.53,149.41,104.55,581.37,2.81,935.93,60.53,488.65
2026-02-09T05:40:00Z,39.35,2590.50,155.00,343.05,43.96,2228.39,163.76,410.93,55.47,2322.17,161.12,551.74,43.08,2116.04,167.61,490.29,213.05,37.12,93.24,195.10,1770.86,3530.98,2.46,148.03,100.23,585.98,2.90,937.48,58.62,483.07
2026-02-09T05:50:00Z,39.74,2580.39,154.65,346.36,43.78,2234.58,164.05,402.32,55.73,2303.19,161.42,562.12,43.23,2125.87,167.67,496.44,221.51,37.22,92.97,195.69,1773.99,3542.68,2.75,152.06,105.70,584.48,3.03,932.51,57.34,486.64
2026-02-09T06:00:00Z,40.17,2579.20,153.94,342.84,43.66,2215.67,164.09,404.78,55.47,2311.19,161.70,573.52,43.38,2119.41,167.79,499.82,218.45,36.85,93.54,198.48,1775.25,3565.59,2.60,150.52,105.98,579.24,2.61,933.74,57.21,473.21
2026-02-09T06:10:00Z,40.07,2577.78,154.41,345.30,43.66,2219.72,164.04,398.96,55.56,2302.97,161.83,563.97,42.88,2121.04,167.08,491.34,215.58,34.28,93.47,193.48,1773.06,3565.39,2.38,151.06,103.21,577.41,2.86,931.51,57.25,474.74
2026-02-09T06:20:00Z,40.27,2572.44,154.26,361.44,43.65,2229.32,163.70,398.60,55.62,2304.89,160.90,563.88,42.83,2118.78,167.32,490.18,215.99,39.22,94.21,192.62,1771.61,3547.92,2.44,150.07,101.36,577.07,2.82,935.20,60.40,464.09
2026-02-09T06:30:00Z,40.43,2573.16,153.93,363.77,43.71,2225.37,163.30,410.43,55.72,2305.55,161.68,567.23,43.15,2113.39,167.63,498.82,221.61,41.02,93.82,197.90,1770.65,3529.06,2.41,149.49,106.60,584.01,2.67,934.80,58.82,475.64
2026-02-09T06:40:00Z,40.13,2576.23,153.75,367.04,43.23,2229.71,164.33,396.70,55.34,2313.39,161.88,566.50,43.10,2119.86,167.42,504.50,213.43,37.48,93.43,193.24,1767.34,3566.67,2.43,150.66,101.97,576.89,3.55,934.17,59.43,479.95
2026-02-09T06:50:00Z,40.10,2565.95,153.26,371.53,43.15,2250.19,164.55,384.34,55.13,2311.95,161.80,562.71,43.36,2126.36,167.76,491.02,215.66,38.00,93.62,192.57,1772.34,3544.93,2.75,150.00,103.33,582.99,3.26,935.26,59.88,490.85
2026-02-09T07:00:00Z,40.04,2569.14,154.28,372.51,42.85,2239.65,163.82,388.93,55.20,2312.71,162.27,560.30,43.31,2114.58,167.41,489.81,215.85,36.76,93.30,195.83,1771.26,3542.55,2.28,148.17,103.18,580.43,2.55,929.66,58.95,484.22
2026-02-09T07:10:00Z,40.04,2559.81,154.42,382.21,42.99,2247.29,163.89,376.04,55.56,2309.65,162.61,565.11,43.42,2116.17,167.47,490.62,220.44,39.24,93.42,199.76,1780.50,3536.99,2.46,150.07,107.78,589.74,3.21,943.13,59.42,485.89
2026-02-09T07:20:00Z,40.03,2566.31,154.05,377.01,43.14,2233.50,164.09,389.74,55.55,2316.69,162.51,567.46,43.26,2114.22,167.39,489.41,223.59,37.43,93.61,200.56,1782.59,3548.93,2.44,149.92,105.79,581.24,3.06,946.78,59.85,494.00
2026-02-09T07:30:00Z,39.99,2565.01,153.40,371.24,42.75,2237.00,164.12,385.49,55.23,2312.09,161.63,554.57,43.18,2113.49,166.59,492.21,223.12,37.08,94.70,198.97,1776.93,3562.93,2.80,150.14,107.03,582.27,3.29,945.91,59.76,477.63
2026-02-09T07:40:00Z,39.60,2570.87,153.40,367.53,42.62,2256.27,164.41,374.53,55.11,2319.65,161.60,563.36,43.75,2116.34,167.01,488.81,216.03,34.92,94.20,193.85,1769.33,3539.81,2.44,150.21,104.89,583.75,3.32,933.17,60.71,486.42
2026-02-09T07:50:00Z,39.60,2571.53,153.70,362.87,42.68,2255.72,164.82,381.15,55.17,2314.05,161.39,543.74,43.84,2113.22,167.18,497.22,212.41,36.57,94.10,191.08,1769.89,3547.08,2.82,148.97,101.23,575.12,3.23,935.19,60.52,483.33
2026-02-09T08:00:00Z,39.30,2589.66,153.18,356.69,42.46,2266.05,164.20,374.34,55.12,2315.91,161.58,558.72,43.60,2109.06,167.04,501.97,218.07,34.87,93.64,197.87,1783.12,3539.93,2.45,149.05,104.95,576.79,2.96,943.14,59.18,490.93
2026-02-09T08:10:00Z,39.23,2589.15,153.42,369.48,42.99,2234.77,163.94,368.75,54.60,2326.28,161.69,545.38,43.70,2113.83,168.22,506.78,214.26,35.47,93.22,197.18,1771.04,3565.95,2.60,150.57,101.71,580.08,3.04,934.79,59.03,489.83
2026-02-09T08:20:00Z,39.23,2593.60,153.95,374.33,43.17,2236.40,163.93,373.53,54.56,2344.05,161.32,540.29,43.89,2098.72,167.89,516.36,216.62,36.99,94.02,190.47,1764.89,3555.95,2.55,150.08,101.38,571.77,2.94,930.09,60.15,472.84
2026-02-09T08:30:00Z,39.09,2592.33,154.35,353.09,43.08,2240.00,163.71,384.74,54.68,2331.66,160.97,543.35,44.04,2092.06,167.90,531.08,216.63,39.20,93.40,196.75,1771.93,3551.81,2.25,151.46,102.67,581.05,2.87,937.12,58.85,479.91
2026-02-09T08:40:00Z,39.30,2594.01,153.65,330.65,43.30,2242.83,163.55,372.04,54.91,2329.38,161.06,534.43,44.22,2096.00,168.05,518.19,217.26,37.87,92.14,197.59,1776.63,3540.19,2.68,149.75,101.44,580.66,3.19,943.20,58.73,485.90
2026-02-09T08:50:00Z,39.79,2584.16,154.14,349.51,43.08,2245.76,163.89,387.92,54.98,2332.99,160.73,524.61,44.25,2091.54,167.59,534.42,215.95,37.12,92.69,196.63,1772.63,3533.51,2.60,150.36,102.25,580.62,3.27,930.88,59.42,483.95
2026-02-09T09:00:00Z,39.88,2571.91,154.60,354.00,43.12,2243.28,163.79,385.57,55.23,2323.54,161.21,531.38,44.48,2082.22,168.33,530.62,219.82,36.63,92.01,197.44,1780.64,3561.24,2.48,150.67,105.61,579.91,2.98,940.12,59.17,474.19
2026-02-09T09:10:00Z,39.99,2589.56,154.10,357.47,43.22,2242.73,163.82,385.33,55.12,2320.55,161.63,541.81,44.54,2077.40,169.06,554.89,219.22,38.70,92.48,196.13,1769.53,3538.55,2.58,150.48,103.92,579.43,2.67,938.55,60.35,486.61
2026-02-09T09:20:00Z,39.93,2584.77,154.10,368.94,43.05,2252.76,163.55,379.82,55.37,2325.07,161.23,563.15,44.60,2085.70,169.66,532.74,222.69,37.68,92.84,201.52,1783.69,3550.59,2.46,148.92,105.60,587.19,2.89,942.52,58.73,496.53
2026-02-09T09:30:00Z,39.89,2587.30,154.40,366.13,43.29,2249.69,163.71,393.52,55.66,2327.18,161.38,569.65,44.57,2088.99,169.09,519.25,224.07,37.87,93.31,202.37,1775.70,3544.74,2.47,150.21,105.52,587.03,3.27,934.62,57.91,493.45
2026-02-09T09:40:00Z,39.77,2594.74,154.27,349.53,43.23,2246.30,163.67,378.25,55.56,2329.00,161.77,552.74,44.53,2082.29,168.24,525.51,221.81,37.30,93.43,197.85,1776.19,3555.87,2.39,148.95,106.68,581.09,3.22,930.34,58.59,487.24
2026-02-09T09:50:00Z,39.52,2597.81,154.18,338.14,43.55,2249.55,163.42,382.29,55.86,2316.55,162.36,563.17,44.66,2092.08,167.67,539.06,223.48,37.66,92.96,201.09,1779.44,3537.80,2.56,149.56,107.26,581.66,2.91,942.50,59.29,488.29
2026-02-09T10:00:00Z,39.69,2588.77,154.02,340.51,43.60,2241.63,163.20,394.04,55.72,2305.34,161.20,566.01,45.29,2073.93,168.06,545.22,214.04,37.55,92.49,194.82,1771.94,3537.57,2.42,149.19,104.38,587.47,3.03,938.54,59.58,480.64
2026-02-09T10:10:00Z,39.44,2591.40,154.03,359.67,44.28,2224.13,164.20,413.28,55.44,2312.82,161.33,557.27,45.33,2071.41,168.30,559.59,214.84,38.22,93.55,192.87,1761.38,3545.12,2.32,149.55,104.15,581.05,2.81,932.17,59.06,482.18
2026-02-09T10:20:00Z,39.57,2590.28,154.90,352.78,44.16,2214.85,164.75,409.10,55.13,2312.77,161.77,562.78,45.34,2065.99,168.36,560.30,224.82,38.13,93.43,198.99,1779.67,3549.48,2.35,149.18,105.82,580.73,,942.22,57.54,479.53
2026-02-09T10:30:00Z,39.52,2576.40,153.75,326.65,43.90,2227.19,163.97,416.10,54.99,2320.50,161.95,559.42,45.44,2062.33,168.33,562.42,225.36,37.65,92.79,204.21,1781.58,3549.99,2.41,150.34,108.59,591.73,3.27,946.49,58.02,500.44
2026-02-09T10:40:00Z,39.95,2585.43,153.73,346.55,43.93,2221.26,164.13,423.91,54.91,2336.54,162.50,527.95,45.24,2063.11,168.68,556.46,221.23,37.64,92.84,197.92,1775.00,3549.74,2.49,148.03,106.95,585.97,2.99,937.62,59.15,482.53
2026-02-09T10:50:00Z,39.97,2578.60,153.21,336.66,43.94,2223.01,164.30,419.68,55.01,2333.38,161.09,526.27,44.93,2067.29,168.43,542.13,219.72,37.40,92.85,198.18,1771.61,3551.76,2.56,148.25,106.04,585.09,2.81,943.28,60.60,489.84
2026-02-09T11:00:00Z,39.79,2581.18,153.50,343.14,43.77,2218.41,163.45,424.82,55.12,2327.23,161.62,541.83,44.82,2078.59,167.12,534.34,220.59,36.80,93.53,199.16,1776.35,3556.17,2.67,148.67,104.44,583.06,3.31,934.15,59.18,480.94
2026-02-09T11:10:00Z,39.97,2572.15,153.51,355.11,43.80,2226.59,163.91,421.46,55.10,2326.60,161.66,539.08,44.75,2084.46,167.27,558.10,222.49,37.98,93.42,202.06,1780.21,3547.80,2.38,151.04,107.80,582.68,2.89,940.13,58.73,477.91
2026-02-09T11:20:00Z,40.40,2575.08,153.59,352.03,43.81,2230.27,164.15,428.74,55.05,2322.31,161.63,559.88,44.64,2091.92,168.00,541.34,214.51,37.68,93.03,195.17,1772.39,3550.44,2.78,149.88,103.51,578.79,3.18,938.49,58.73,486.52
2026-02-09T11:30:00Z,40.79,2564.46,154.41,364.45,43.58,2237.09,164.25,389.86,54.96,2326.46,161.48,554.23,44.38,2080.16,167.80,552.25,222.87,35.92,93.62,199.14,1768.84,3543.99,2.53,148.79,107.18,581.88,2.94,934.41,59.91,481.95
2026-02-09T11:40:00Z,40.58,2557.42,153.80,383.54,43.92,2231.34,164.41,394.65,55.26,2315.52,161.58,558.08,44.40,2080.11,168.41,558.94,222.39,38.70,94.27,201.40,1783.65,3560.90,2.60,150.47,106.66,585.85,3.12,939.36,59.31,498.69
2026-02-09T11:50:00Z,40.69,2555.62,154.39,384.11,44.18,2225.40,163.76,415.88,55.55,2323.78,161.09,556.78,44.27,2084.88,167.57,525.23,222.00,38.78,93.78,200.85,1770.53,3535.84,2.64,151.00,106.80,587.90,3.01,937.40,59.64,487.36
2026-02-09T12:00:00Z,40.87,2547.15,154.52,374.47,44.69,2216.42,164.14,416.72,55.41,2324.70,161.15,552.32,44.20,2091.14,167.94,531.08,218.94,40.11,94.10,196.86,1775.86,3556.59,2.27,148.59,102.23,585.52,2.97,936.91,60.69,490.61
2026-02-09T12:10:00Z,41.01,2555.72,154.64,390.28,44.53,2221.16,164.05,411.28,55.53,2316.47,162.17,568.73,44.00,2103.86,167.80,522.78,224.85,39.37,94.21,199.53,1775.22,3551.65,2.37,150.03,106.58,586.37,2.98,939.26,60.32,500.17
2026-02-09T12:20:00Z,40.88,2544.60,155.32,393.64,44.23,2231.46,164.03,405.75,55.72,2316.37,162.51,569.11,44.05,2097.50,168.41,535.95,226.12,39.16,93.79,205.75,1772.68,3548.63,2.51,147.51,110.53,590.10,3.21,935.17,59.26,485.04
2026-02-09T12:30:00Z,40.42,2554.03,155.35,392.58,44.50,2220.17,163.82,419.15,55.87,2312.51,162.45,562.95,44.01,2099.78,167.96,530.67,225.22,39.41,94.95,200.58,1774.85,3550.98,2.64,151.35,110.19,584.34,2.98,937.70,59.93,485.91
2026-02-09T12:40:00Z,40.32,2554.76,154.49,376.02,44.80,2217.42,164.22,421.85,56.02,2302.18,161.83,568.50,44.13,2089.43,167.81,526.17,225.33,38.16,93.54,200.90,1779.26,3546.69,2.55,148.99,107.79,578.15,3.02,943.98,60.74,477.65
2026-02-09T12:50:00Z,40.16,2575.95,153.53,372.40,45.22,2203.90,164.41,458.80,55.97,2293.68,162.21,571.01,44.39,2098.17,168.17,520.70,222.80,39.46,92.62,198.37,1774.53,3548.49,2.12,149.66,107.06,585.32,2.80,943.94,59.39,482.85
2026-02-09T13:00:00Z,40.35,2577.51,154.23,366.60,44.99,2185.36,164.91,441.77,55.43,2300.63,162.25,581.97,44.26,2094.79,168.14,523.38,227.33,39.13,93.15,202.53,1785.84,3553.68,2.55,149.03,108.52,578.66,3.27,941.65,59.57,484.91
2026-02-09T13:10:00Z,40.36,2569.62,154.68,362.54,44.69,2196.50,164.98,439.23,55.46,2313.66,162.41,577.13,44.29,2107.81,168.11,518.60,220.37,38.75,92.30,198.82,1779.59,3562.74,2.28,150.21,103.73,580.37,2.46,928.72,60.18,477.72
2026-02-09T13:20:00Z,40.25,2573.36,155.04,363.53,44.56,2202.95,164.84,443.19,55.43,2311.20,162.74,570.04,44.27,2097.80,168.41,532.17,215.36,38.86,92.90,195.63,1775.41,3548.77,2.78,149.67,103.40,577.19,3.02,932.22,61.38,476.88
2026-02-09T13:30:00Z,40.60,2569.97,154.53,380.28,44.82,2200.33,164.98,456.84,55.44,2295.64,161.91,567.90,44.41,2092.74,168.52,532.07,220.45,40.24,92.46,196.16,1769.71,3533.05,2.02,148.26,106.02,574.15,2.78,930.68,60.43,480.52
2026-02-09T13:40:00Z,40.80,2560.25,154.67,390.36,44.57,2211.24,164.39,452.80,54.95,2316.38,161.47,558.51,44.36,2080.46,168.44,531.90,219.51,39.61,92.08,198.33,1782.55,3549.55,2.15,150.07,104.35,577.28,2.84,949.09,59.04,480.43
2026-02-09T13:50:00Z,40.82,2571.61,154.23,373.41,44.17,2210.68,164.07,440.52,54.75,2333.03,162.25,543.26,44.56,2067.88,168.53,552.56,215.29,40.25,92.92,197.49,1771.31,3553.20,2.52,150.28,101.22,574.95,3.00,933.98,59.94,484.67
2026-02-09T14:00:00Z,40.88,2565.49,154.03,376.73,44.14,2219.20,164.55,428.75,54.28,2328.71,161.77,540.53,44.28,2084.93,168.46,535.41,221.11,38.75,92.81,198.54,1768.68,3543.66,2.33,151.76,104.50,574.47,3.11,935.46,59.21,486.16
2026-02-09T14:10:00Z,40.78,2564.26,154.75,395.02,44.17,2216.69,164.11,410.34,54.61,2331.44,161.77,541.34,44.38,2083.13,168.75,540.95,219.52,39.30,94.33,198.80,1772.51,3548.34,2.65,148.09,105.50,588.91,3.10,937.19,59.40,496.04
2026-02-09T14:20:00Z,40.52,2570.11,153.99,384.57,43.70,2212.50,164.27,413.57,54.65,2322.13,161.96,527.98,45.17,2077.74,169.02,539.66,219.16,41.07,93.28,198.86,1770.24,3540.01,2.23,150.42,102.45,578.65,3.06,933.43,60.51,489.39
2026-02-09T14:30:00Z,40.25,2565.12,154.45,378.45,43.74,2217.43,164.75,407.42,54.47,2327.91,161.64,536.27,45.09,2076.90,168.60,539.87,219.82,40.07,93.42,197.43,1782.99,3544.86,2.55,150.07,103.49,581.95,2.97,940.56,61.42,485.14
2026-02-09T14:40:00Z,39.70,2572.43,153.69,360.24,43.51,2229.36,165.18,413.97,54.58,2324.21,161.47,552.64,44.84,2083.23,167.67,520.30,217.79,39.27,92.86,195.71,1772.56,3545.64,2.42,151.49,102.41,579.56,3.10,924.60,61.54,487.99
2026-02-09T14:50:00Z,39.88,2582.50,153.72,357.28,43.35,2227.96,164.59,433.57,54.37,2338.68,162.26,531.53,45.15,,168.26,544.85,217.91,41.02,93.04,196.28,1777.05,3533.23,2.52,149.24,106.16,578.13,3.08,940.73,60.28,489.15
2026-02-09T15:00:00Z,,2586.77,154.13,344.34,43.11,2244.03,164.30,416.38,53.99,2345.45,161.87,517.53,45.41,2073.86,168.32,555.72,218.23,39.06,92.63,196.64,1773.41,3555.01,2.27,150.34,104.42,578.25,3.19,940.83,58.80,469.76
2026-02-09T15:10:00Z,39.45,2579.23,154.41,348.77,43.30,2241.47,164.47,415.95,54.02,2352.97,161.75,499.39,45.52,2070.88,168.79,566.32,220.00,38.22,92.91,199.60,1765.43,3566.63,2.66,148.89,106.40,586.10,2.79,937.40,59.51,481.35
2026-02-09T15:20:00Z,39.26,2582.96,154.27,352.72,43.13,2248.07,164.36,405.07,54.24,2342.52,160.94,494.17,45.71,2058.48,169.20,560.82,220.43,37.70,92.67,200.08,1784.66,3548.58,2.50,150.88,105.77,581.53,3.14,944.92,59.13,491.09
2026-02-09T15:30:00Z,39.22,2590.14,153.66,338.46,43.33,2239.57,163.98,391.51,54.33,2342.51,160.54,501.41,46.04,2048.03,168.34,589.25,220.11,36.17,93.03,199.58,1776.05,3539.79,2.50,151.23,106.24,580.58,3.07,941.29,59.90,478.72
2026-02-09T15:40:00Z,39.55,2580.52,153.79,345.88,43.51,2240.90,164.30,394.25,54.70,2337.08,160.53,510.90,45.95,2043.54,169.27,596.44,216.60,38.06,91.96,193.23,1773.80,3560.33,2.54,150.04,104.28,579.94,3.12,931.11,58.97,491.15
2026-02-09T15:50:00Z,39.73,2576.77,153.96,348.51,43.81,2232.60,163.61,393.72,54.58,2337.42,160.97,520.21,46.17,2056.31,169.72,588.45,219.54,36.77,92.14,198.63,1774.91,3550.45,2.57,149.81,105.35,576.94,3.11,933.14,59.03,490.00
2026-02-09T16:00:00Z,39.58,2588.91,153.99,336.90,43.77,2234.49,163.44,400.00,54.52,2337.67,160.97,520.54,46.00,2059.81,169.15,577.81,218.91,37.70,92.02,197.25,1781.45,3544.21,2.04,149.96,103.71,582.05,3.18,946.93,59.71,500.55
2026-02-09T16:10:00Z,39.97,2585.83,153.82,344.04,43.85,2217.08,163.11,405.43,54.92,2336.46,161.14,523.51,46.20,2050.13,169.76,590.47,218.72,39.48,92.15,197.84,1775.33,3548.15,2.49,150.60,105.54,582.43,2.79,939.91,57.79,491.02
2026-02-09T16:20:00Z,40.09,2589.23,153.78,361.97,44.09,2225.73,163.02,418.28,55.44,2323.53,161.33,532.63,46.34,2045.41,168.78,595.30,216.71,40.78,93.40,194.84,1773.98,3561.23,2.49,150.51,103.15,577.14,2.78,943.48,60.03,482.96
2026-02-09T16:30:00Z,39.93,2594.52,152.86,349.79,44.65,2216.81,163.50,428.93,55.45,2327.92,161.39,553.09,47.11,2033.96,169.10,613.71,224.47,40.91,93.75,200.06,1786.07,3552.23,2.47,150.40,109.89,583.76,3.44,943.69,59.00,493.71
2026-02-09T16:40:00Z,39.82,2588.30,153.95,344.36,44.95,2209.46,163.49,421.31,55.44,2314.52,161.20,550.92,46.95,2025.18,169.51,614.41,222.58,41.95,93.06,199.34,1778.78,3531.78,2.71,148.67,106.65,590.21,3.00,939.53,59.06,486.59
2026-02-09T16:50:00Z,40.22,2579.48,154.06,355.78,44.42,2213.27,163.76,426.01,55.79,2308.76,161.79,567.98,46.79,2032.28,168.99,605.24,226.94,41.29,93.03,204.87,1773.19,3553.43,2.52,149.63,108.05,583.98,3.02,934.91,60.13,484.86
2026-02-09T17:00:00Z,40.43,2580.42,154.64,376.30,44.07,2216.50,164.78,432.43,55.87,2309.28,161.58,574.00,46.87,2030.95,168.91,618.81,227.34,40.60,93.14,207.07,1774.28,3538.21,2.59,151.06,109.73,589.94,2.79,945.01,59.03,489.20
2026-02-09T17:10:00Z,40.75,2559.12,154.33,391.07,43.95,2214.92,165.07,424.22,56.46,2304.22,162.17,595.59,47.36,2011.75,169.47,638.33,227.75,41.17,94.13,201.80,1784.69,3563.68,2.45,149.49,111.76,588.07,2.84,941.63,59.30,488.22
2026-02-09T17:20:00Z,40.57,2558.15,154.63,387.18,43.96,2221.45,164.46,424.67,56.11,2305.59,162.06,591.91,47.82,2014.24,169.98,647.25,230.72,42.38,94.15,206.97,1778.59,3552.16,2.46,149.59,109.78,584.24,3.20,942.70,59.78,486.98
2026-02-09T17:30:00Z,40.55,2560.17,153.98,385.74,43.79,2231.21,164.02,420.26,55.81,2304.92,162.77,580.37,47.75,1994.45,170.08,649.91,230.85,42.61,94.94,208.78,1788.00,3566.23,2.47,149.32,109.46,588.67,2.98,939.40,61.66,494.07
2026-02-09T17:40:00Z,40.38,2557.25,154.48,379.93,43.67,2235.08,164.08,407.70,56.07,2310.73,162.83,575.96,47.52,2004.25,170.69,644.49,231.77,42.71,94.68,208.20,1784.65,3543.50,2.48,150.22,112.86,595.20,2.79,946.97,60.57,495.16
2026-02-09T17:50:00Z,40.65,2555.53,154.08,390.21,43.73,2235.18,164.13,409.26,55.97,2304.18,161.99,577.36,47.40,2017.38,170.83,648.17,229.77,42.83,93.44,209.37,1787.39,3550.41,2.30,148.80,108.93,585.05,3.33,942.73,60.33,489.42
2026-02-09T18:00:00Z,40.75,2557.86,154.26,395.42,43.63,2235.57,163.90,403.80,56.38,2291.13,161.56,596.89,47.00,2015.65,170.19,640.68,228.03,42.30,93.11,200.82,1781.12,3548.44,2.33,150.13,107.73,586.27,2.72,940.70,60.56,488.42
2026-02-09T18:10:00Z,40.51,2562.83,154.49,388.42,43.83,2224.52,163.35,405.45,56.53,2292.62,162.59,593.54,47.04,2016.67,170.10,635.04,230.01,41.36,93.24,205.75,1789.24,3554.95,2.39,150.29,110.70,593.18,2.94,940.69,59.71,495.24
2026-02-09T18:20:00Z,40.80,2562.38,154.61,387.34,44.18,2219.34,163.49,411.74,56.00,2296.71,162.31,586.74,46.98,2016.48,170.12,630.39,230.28,41.95,92.29,207.41,1778.15,3539.01,2.55,148.83,113.57,592.88,3.11,930.26,61.49,495.22
2026-02-09T18:30:00Z,40.76,2555.99,154.85,380.91,44.10,2213.98,163.69,406.33,55.86,2304.40,162.89,578.41,46.68,2031.32,170.14,629.32,228.26,40.61,92.86,208.15,1779.64,3552.00,2.65,149.88,109.63,589.41,3.32,939.41,60.87,481.44
2026-02-09T18:40:00Z,40.65,2545.63,154.50,396.10,44.01,2228.22,163.67,409.55,56.04,2313.37,162.92,570.29,46.33,2033.66,170.74,625.58,232.88,39.55,92.30,209.62,1794.66,3566.02,2.64,150.65,111.12,591.53,3.16,948.64,60.10,487.82
2026-02-09T18:50:00Z,40.57,2559.65,154.55,393.40,43.48,2236.09,163.98,390.08,56.06,2317.56,162.24,570.14,46.20,2031.79,170.77,631.17,234.23,41.36,,213.17,1777.90,3532.24,2.52,149.20,111.70,584.60,3.05,940.64,59.84,484.92
2026-02-09T19:00:00Z,40.57,2566.67,154.50,379.49,43.61,2227.54,164.04,396.47,56.11,2304.39,162.59,574.44,46.37,2049.07,170.50,615.28,230.26,40.91,92.90,209.90,1778.22,3564.31,2.46,149.15,109.48,592.75,3.13,940.55,59.52,496.56
2026-02-09T19:10:00Z,40.37,2563.65,154.72,383.57,43.47,2232.26,163.30,401.98,56.02,2300.73,162.54,575.51,46.82,2039.54,170.65,598.29,226.17,40.74,93.96,205.57,1781.60,3556.99,2.58,150.88,108.05,590.67,3.18,941.28,59.19,501.06
2026-02-09T19:20:00Z,40.80,2565.78,154.91,380.21,43.47,2237.60,163.17,395.38,56.11,2297.52,163.03,568.57,46.42,2030.15,169.94,617.43,231.82,42.40,93.18,207.61,1780.77,3541.54,2.51,148.53,110.54,592.91,3.29,945.92,58.86,506.86
2026-02-09T19:30:00Z,40.50,2558.31,154.40,380.23,43.51,2241.20,163.41,389.51,56.13,2299.83,162.39,569.92,46.41,2036.36,170.03,618.89,228.12,41.00,93.38,203.63,1774.49,3546.31,2.47,148.33,110.16,590.39,3.06,940.74,59.26,494.98
2026-02-09T19:40:00Z,40.27,2571.64,154.52,373.15,43.56,2238.29,162.86,390.40,55.97,2292.51,162.12,558.58,46.09,2043.58,169.77,592.51,227.36,39.64,93.67,208.08,1782.89,3555.78,2.40,149.39,107.73,577.54,3.03,945.45,58.94,487.27
2026-02-09T19:50:00Z,40.24,2567.75,153.59,372.51,43.72,2240.71,163.04,392.82,55.70,2297.15,161.53,552.41,45.76,2059.85,168.85,576.43,226.53,39.42,93.74,205.02,1789.97,3553.02,2.47,149.78,105.91,587.81,2.78,948.08,59.05,501.57
2026-02-09T20:00:00Z,39.67,2577.83,153.84,363.23,43.78,2220.97,163.24,396.99,55.32,2300.89,161.47,553.45,45.56,2065.64,168.95,580.18,221.54,38.57,93.36,199.92,1776.50,3552.89,2.64,149.80,107.21,585.11,3.18,934.58,60.14,484.68
2026-02-09T20:10:00Z,39.87,2576.39,153.92,370.09,43.84,2220.54,163.39,399.49,55.57,2317.86,161.45,555.24,45.78,2056.45,169.22,601.41,216.81,38.79,92.99,194.39,1776.16,3550.98,2.78,150.49,104.43,579.33,3.11,938.60,59.68,482.24
2026-02-09T20:20:00Z,39.61,2577.99,153.85,363.18,43.95,2225.84,163.89,398.15,55.55,2317.42,162.02,562.19,45.83,2063.37,169.66,599.25,223.71,38.55,93.71,198.31,1780.82,3545.98,2.55,151.56,103.04,582.70,3.06,942.68,59.70,489.58
2026-02-09T20:30:00Z,39.56,2574.11,153.74,359.23,44.11,2221.00,163.97,403.44,55.89,2299.46,161.12,577.40,45.63,2058.87,169.74,580.20,220.85,40.48,93.68,196.40,1766.92,3552.96,2.88,147.99,106.48,582.36,3.08,932.60,60.08,488.64
2026-02-09T20:40:00Z,39.61,2579.74,153.70,359.57,44.32,2221.00,164.39,416.90,55.55,2302.26,161.32,569.43,45.37,2062.41,169.31,583.78,222.89,40.80,92.81,202.55,1771.19,3550.89,2.54,149.47,103.16,575.08,2.86,934.83,59.65,475.70
2026-02-09T20:50:00Z,39.90,2573.31,154.54,370.49,44.07,2227.63,164.50,425.87,55.31,2319.26,161.44,550.24,45.88,2055.93,169.35,578.87,220.02,42.44,92.20,200.70,1779.19,3551.22,2.36,150.54,104.53,579.10,2.89,941.01,60.18,485.59
2026-02-09T21:00:00Z,40.37,2564.43,154.25,373.74,44.25,2225.81,164.98,417.15,55.31,2315.94,161.87,546.26,45.67,2048.50,169.78,587.05,223.76,39.48,92.60,200.40,1778.86,3564.45,2.27,147.83,106.69,581.37,3.30,938.74,60.01,485.36
2026-02-09T21:10:00Z,40.29,2557.65,153.41,383.23,44.30,2218.32,163.91,409.16,55.16,2316.63,162.01,541.21,45.09,2068.14,169.75,570.91,227.89,40.82,93.38,204.77,1767.71,3548.85,2.74,151.30,106.86,583.30,3.20,935.33,59.32,488.92
2026-02-09T21:20:00Z,40.69,2559.75,154.02,384.56,44.23,2218.01,163.76,414.90,54.96,2319.03,162.39,539.90,45.07,2064.48,169.76,559.55,229.13,40.68,93.01,211.08,1786.40,3549.88,2.64,149.99,107.96,589.29,2.92,945.79,60.97,487.81
2026-02-09T21:30:00Z,40.62,2560.13,154.09,388.05,43.82,2214.05,163.49,412.59,55.01,2327.30,161.84,529.22,45.11,2064.29,168.72,553.28,225.80,40.33,93.13,201.62,1782.77,3555.76,2.53,151.02,108.53,585.97,3.35,946.75,59.43,487.41
2026-02-09T21:40:00Z,40.31,2567.42,155.03,394.91,43.85,2222.74,163.34,408.06,54.71,2324.65,161.64,530.92,45.25,2059.61,168.41,553.42,222.39,40.45,94.27,202.66,1777.20,3546.47,2.89,149.31,106.85,585.72,2.82,933.21,57.64,494.89
2026-02-09T21:50:00Z,40.18,2573.68,154.86,366.85,43.46,2218.00,163.91,418.82,54.73,2326.52,161.85,527.44,45.44,2059.69,169.49,556.66,216.42,39.36,93.47,192.90,1778.86,3543.06,2.51,150.83,105.00,586.37,2.93,947.10,59.79,483.25
2026-02-09T22:00:00Z,39.52,2589.03,153.57,349.41,43.48,2227.99,164.84,412.45,54.54,2326.03,161.51,527.72,45.57,2064.09,168.70,553.96,218.12,37.20,93.07,200.08,1780.48,3548.12,2.44,149.23,103.85,583.61,3.09,942.36,57.69,483.71
2026-02-09T22:10:00Z,39.23,2590.27,153.47,341.16,43.92,2229.00,164.73,423.12,55.08,2321.76,161.78,546.42,45.38,2063.84,168.91,580.51,220.14,38.63,92.47,198.02,1777.83,3544.82,2.42,150.14,104.66,580.17,3.10,939.40,58.04,485.82
2026-02-09T22:20:00Z,39.14,2597.48,153.74,341.58,43.83,2227.51,164.68,420.97,55.04,2324.63,161.62,531.34,45.33,2059.01,168.66,581.29,219.33,39.61,93.60,195.47,1782.72,3539.36,2.44,148.33,106.39,585.03,3.04,941.44,58.90,493.70
2026-02-09T22:30:00Z,39.34,2583.01,154.30,349.77,44.12,2218.25,164.51,415.71,54.97,2327.18,161.41,522.65,45.42,2060.15,168.21,581.83,218.96,39.39,93.31,198.39,1778.37,3549.27,2.55,149.76,104.87,576.48,3.30,937.91,59.37,489.46
2026-02-09T22:40:00Z,39.81,2580.44,154.29,346.91,44.00,2233.77,164.12,398.26,55.19,2317.82,161.30,537.12,45.50,2055.88,168.82,576.91,216.14,39.37,94.06,191.36,1768.81,3554.56,2.65,151.20,103.93,584.27,3.25,934.12,60.47,473.49
2026-02-09T22:50:00Z,39.83,2578.60,154.53,362.34,44.21,2223.28,164.72,404.56,55.33,2327.46,160.76,536.90,45.78,2073.06,168.84,563.33,216.93,38.09,93.52,192.62,1768.41,3562.25,2.54,149.31,104.27,573.79,3.19,939.99,60.58,481.72
2026-02-09T23:00:00Z,39.62,2595.10,154.69,370.92,44.40,2216.30,164.90,421.12,55.22,2316.10,160.96,552.37,45.68,2062.47,168.63,560.95,223.70,36.16,93.95,200.95,1781.24,3549.38,2.62,150.44,106.32,582.80,2.95,941.10,58.83,494.82
2026-02-09T23:10:00Z,39.50,2594.48,154.69,355.55,44.31,2217.71,164.69,430.40,55.50,2320.33,160.74,558.83,45.69,2065.52,169.30,573.02,222.93,39.49,93.82,199.62,1775.89,3550.41,2.60,148.93,108.12,585.79,2.93,940.38,59.01,494.38
2026-02-09T23:20:00Z,40.12,2579.08,154.72,361.25,44.38,2220.57,164.55,436.21,55.75,2318.96,160.83,555.65,46.13,2048.96,168.56,582.43,224.71,39.76,93.43,204.21,1778.16,3564.59,2.74,150.78,107.66,583.96,3.09,939.36,59.68,482.40
2026-02-09T23:30:00Z,40.58,2557.96,153.83,362.50,44.45,2211.87,164.27,422.95,56.07,2304.26,161.67,574.31,46.47,2039.70,169.27,602.29,221.46,39.75,93.68,199.64,1779.65,3545.74,2.43,150.53,108.34,588.98,2.98,935.53,60.27,486.28
2026-02-09T23:40:00Z,40.74,2546.34,154.02,385.37,44.32,2222.06,163.95,421.82,55.73,2303.54,161.77,575.36,46.07,2037.94,169.04,597.54,224.96,39.37,93.21,202.53,1776.18,3548.66,2.59,151.10,106.98,587.72,3.23,932.85,60.22,494.77
2026-02-09T23:50:00Z,40.31,2566.80,154.49,381.59,44.28,2217.56,163.85,414.03,55.85,2298.19,161.96,571.48,46.19,2038.49,169.40,602.25,227.03,39.07,93.19,201.92,1787.13,3550.22,2.52,151.11,107.93,590.15,3.12,946.13,61.18,479.92
2026-02-10T00:00:00Z,40.31,2572.38,153.88,363.98,43.44,2233.83,164.16,403.87,55.86,2309.92,162.11,583.45,46.05,2037.67,169.24,609.34,221.78,38.88,93.33,199.43,1779.30,3542.92,2.47,150.69,107.14,584.59,3.24,939.38,59.54,492.25
2026-02-10T00:10:00Z,40.03,2582.80,154.20,351.10,43.47,2244.37,164.54,419.77,55.73,2300.78,161.99,572.44,45.84,2046.52,168.91,598.47,220.74,38.18,92.77,198.95,1786.66,3572.41,2.70,153.37,106.58,588.32,2.98,933.65,60.65,487.36
2026-02-10T00:20:00Z,40.12,2580.02,154.02,347.32,42.87,2250.90,164.50,396.03,55.64,2309.16,163.03,585.54,45.83,2048.23,169.56,592.45,227.71,39.85,92.69,202.42,1776.46,3556.30,2.81,149.95,109.33,589.52,2.60,932.54,61.12,489.64
2026-02-10T00:30:00Z,40.18,2573.28,153.51,352.74,42.60,2256.06,164.62,388.38,55.53,2311.92,162.53,566.38,45.46,2049.48,169.51,578.13,225.34,39.21,92.53,201.84,1770.98,3549.48,2.52,149.18,110.86,597.11,2.87,934.56,59.60,480.84
2026-02-10T00:40:00Z,40.65,2562.89,154.00,379.34,42.27,2257.64,164.06,376.12,55.34,2309.53,162.67,564.96,45.76,2048.56,169.68,596.18,226.98,40.20,92.64,206.28,1772.93,3555.19,2.45,149.58,109.75,591.30,3.31,934.88,59.90,492.73
2026-02-10T00:50:00Z,40.61,2568.75,154.85,398.96,42.07,2281.24,163.15,353.81,55.30,2314.72,161.80,559.80,45.70,2053.29,169.52,601.52,226.42,40.97,91.93,201.32,1773.52,3531.17,2.57,149.09,109.50,584.77,2.62,931.29,60.06,485.97
2026-02-10T01:00:00Z,40.39,2575.80,154.99,392.28,41.95,2278.16,162.92,358.65,55.77,2319.53,161.80,564.53,46.04,2066.59,169.51,591.66,225.83,39.78,92.38,202.62,1785.56,3553.34,2.44,150.49,106.75,584.83,3.00,945.04,62.00,495.03
2026-02-10T01:10:00Z,40.43,2571.63,154.60,392.69,41.93,2271.15,163.36,351.53,55.93,2314.15,161.96,585.83,46.06,2058.01,168.32,576.59,221.16,38.18,93.19,198.41,1780.49,3553.61,2.36,150.37,103.86,585.00,2.96,946.58,59.29,489.33
2026-02-10T01:20:00Z,40.30,2579.38,154.36,375.24,41.62,2279.22,162.71,336.78,56.07,2298.32,162.34,588.86,46.06,2058.62,168.61,588.07,227.48,39.41,93.06,204.92,1783.46,3553.56,2.48,150.90,107.72,582.74,2.85,940.45,60.01,488.32
2026-02-10T01:30:00Z,40.26,2571.04,154.75,383.66,41.64,2282.81,162.53,335.53,55.36,2309.99,161.80,580.48,46.10,2057.61,169.59,603.76,225.74,39.38,93.82,203.99,1780.86,3553.52,2.59,149.67,106.53,585.67,3.39,939.67,59.02,480.15
2026-02-10T01:40:00Z,39.84,2569.71,154.57,371.64,41.03,2285.27,162.62,326.87,55.25,2313.83,161.32,568.91,45.99,2065.67,169.49,607.12,224.52,40.88,92.83,198.69,1772.75,3541.51,2.85,149.64,107.53,581.18,3.03,934.82,59.24,485.14
2026-02-10T01:50:00Z,39.90,2577.31,153.98,357.87,40.93,2294.35,162.64,328.00,55.47,2315.01,162.06,568.22,45.67,2057.36,170.63,603.98,223.17,41.54,93.50,198.37,1774.14,3550.63,2.50,149.29,104.11,579.69,2.74,931.43,59.64,474.97
2026-02-10T02:00:00Z,39.83,2579.83,153.98,367.84,40.06,2313.50,162.36,291.74,55.29,2318.05,161.95,556.66,45.65,2061.48,169.10,571.02,222.81,41.40,93.50,199.38,1772.05,3544.77,2.41,151.27,104.78,583.11,3.10,934.68,59.66,481.20
2026-02-10T02:10:00Z,40.13,2576.23,153.34,367.84,39.51,2327.56,161.85,287.08,55.43,2319.23,161.68,550.52,45.94,2052.77,169.40,577.33,213.28,38.33,93.25,191.58,1773.16,3560.91,2.48,150.06,102.43,572.98,3.15,939.22,60.51,476.23
2026-02-10T02:20:00Z,40.21,2564.92,153.05,361.32,39.77,2319.92,161.95,287.44,55.34,2319.66,161.61,569.44,45.86,2053.07,168.51,590.35,217.40,37.79,91.84,193.97,1770.20,3558.10,2.70,149.74,102.66,571.08,2.99,931.52,59.01,470.17
2026-02-10T02:30:00Z,39.88,2573.07,154.05,,40.10,2324.85,161.01,282.43,55.22,2312.50,161.11,556.37,46.21,2040.93,167.79,588.46,212.41,39.69,92.71,190.88,1772.81,3557.17,2.45,150.49,101.76,580.02,2.54,932.52,59.78,490.80
2026-02-10T02:40:00Z,40.23,2567.42,154.13,372.46,39.82,2336.33,161.68,271.01,55.52,2323.16,161.30,560.58,46.21,2044.69,169.61,598.54,216.35,38.97,92.90,194.60,1773.14,3545.85,2.30,150.30,100.62,583.82,3.21,936.11,60.45,498.00
2026-02-10T02:50:00Z,40.54,2562.54,154.50,373.08,39.57,2327.89,161.11,246.85,55.68,2320.50,162.33,567.19,46.11,2044.58,169.78,589.63,210.74,36.82,93.63,191.46,1765.64,3549.40,2.74,149.33,103.58,569.62,2.96,932.27,58.98,467.97
2026-02-10T03:00:00Z,40.62,2575.13,154.94,375.10,39.49,2333.53,160.78,259.57,55.81,2310.56,162.51,574.85,46.47,2044.71,169.27,597.94,211.59,36.58,93.37,189.23,1761.88,3543.04,2.31,151.16,100.72,572.47,2.98,931.71,59.71,481.94
2026-02-10T03:10:00Z,40.70,2578.05,155.12,385.83,39.12,2351.89,160.33,237.59,55.52,2309.53,161.98,555.82,46.53,2031.59,168.93,591.14,211.22,37.76,92.15,190.43,1765.13,3549.48,2.52,149.05,99.47,576.38,3.38,931.89,61.17,482.17
2026-02-10T03:20:00Z,40.51,2562.14,155.14,366.32,38.72,2348.79,160.60,229.03,55.20,2319.83,161.82,553.69,46.65,2033.86,168.11,583.71,216.69,34.21,92.74,193.90,1775.01,3556.07,2.44,149.83,103.08,581.97,3.33,934.54,58.64,494.25
2026-02-10T03:30:00Z,40.43,2566.36,155.02,387.02,38.38,2362.07,161.13,213.01,55.44,2313.27,161.27,552.80,46.51,2052.25,168.60,600.43,217.49,35.99,92.68,195.81,1770.38,3547.20,2.48,149.31,104.20,584.07,2.72,935.83,60.54,486.22
2026-02-10T03:40:00Z,40.57,2551.16,154.91,392.24,38.16,2355.92,160.01,214.06,55.82,2310.11,160.70,551.17,46.50,2045.22,169.82,601.25,212.30,34.26,93.33,192.21,1768.40,3544.43,2.66,149.04,101.11,576.77,2.86,939.56,59.99,490.46
2026-02-10T03:50:00Z,40.87,2549.56,154.70,396.06,37.78,2376.09,160.19,218.88,55.55,2312.79,161.17,548.09,46.93,2035.11,170.30,606.13,208.04,36.22,93.53,186.02,1776.85,3545.60,2.38,147.13,95.85,567.89,3.10,945.09,58.23,473.85
2026-02-10T04:00:00Z,40.70,2556.03,154.54,386.18,37.61,2382.64,159.50,199.87,55.68,2314.94,161.01,554.46,46.96,2025.78,170.67,621.48,210.92,36.07,92.86,192.29,1768.00,3536.59,2.48,148.41,100.03,568.80,3.18,938.22,58.88,471.86
2026-02-10T04:10:00Z,40.64,2573.44,154.11,378.53,37.69,2372.72,160.15,204.66,55.48,2320.75,161.18,557.72,46.99,2029.63,170.53,611.24,218.62,37.08,92.88,198.99,1777.68,3539.33,2.66,151.31,105.22,575.85,3.21,941.13,60.24,483.88
2026-02-10T04:20:00Z,40.87,2559.28,153.98,368.10,37.55,2373.83,159.68,190.97,55.32,2316.43,161.13,554.31,46.82,2038.07,170.32,612.56,218.56,35.22,92.04,195.48,1775.68,3564.82,2.54,149.75,106.46,586.50,2.94,936.64,58.88,478.18
2026-02-10T04:30:00Z,41.06,2555.89,153.38,391.09,37.75,2376.32,159.96,201.89,55.27,2320.47,160.91,541.93,46.59,2032.33,169.98,612.60,216.69,35.74,92.83,191.15,1772.22,3553.46,2.51,148.39,104.88,584.81,2.74,941.02,58.54,487.67
2026-02-10T04:40:00Z,41.19,2536.52,154.22,401.09,37.65,2392.47,159.99,,55.08,2318.46,162.10,558.26,46.18,2033.00,169.60,592.03,218.74,35.67,92.91,196.73,1776.44,3544.96,2.39,148.62,103.63,574.14,3.28,943.76,59.19,482.51
2026-02-10T04:50:00Z,41.28,2542.37,154.76,407.41,38.06,2378.28,160.08,185.28,55.27,2311.74,161.88,548.01,46.31,2030.39,169.68,598.51,212.27,34.96,92.79,190.33,1764.52,3545.14,2.67,149.03,103.71,589.01,3.13,941.92,59.42,488.82
2026-02-10T05:00:00Z,41.32,2531.35,154.76,404.88,38.11,2382.66,159.71,189.15,55.58,2318.25,161.60,561.69,46.12,2044.18,170.10,620.91,214.52,35.19,93.76,192.10,1771.38,3565.14,2.69,150.12,102.83,575.25,2.95,933.17,59.19,482.50
2026-02-10T05:10:00Z,41.33,2544.55,154.91,405.96,37.88,2374.99,159.46,205.93,55.16,2320.74,161.49,558.92,46.10,2044.40,169.43,599.78,215.50,35.77,93.59,194.24,1771.87,3555.20,2.66,149.84,103.86,575.99,3.04,928.79,60.64,478.65
2026-02-10T05:20:00Z,41.59,2544.50,155.60,412.65,37.44,2384.45,159.27,193.37,55.16,2320.85,161.67,546.31,46.22,2043.08,169.94,599.35,215.86,36.67,93.92,194.75,1769.55,3542.74,2.20,151.21,100.51,580.22,3.28,934.05,59.60,481.88
2026-02-10T05:30:00Z,41.29,2547.33,155.24,414.82,37.20,2393.90,159.71,181.24,55.41,2320.83,161.59,551.26,46.42,2030.96,169.44,611.24,210.72,36.58,94.06,187.40,1766.67,3561.20,2.38,148.93,100.12,576.36,3.37,930.00,58.77,480.58
2026-02-10T05:40:00Z,40.99,2544.45,154.71,409.55,37.43,2393.97,160.52,193.90,55.20,2313.71,161.58,549.83,46.23,2038.68,169.40,618.67,218.27,37.61,93.67,196.60,1772.51,3555.01,2.73,149.37,104.12,579.70,2.94,943.88,58.62,480.27
2026-02-10T05:50:00Z,40.65,2548.85,155.34,403.31,36.95,2405.51,159.58,167.04,54.47,2326.93,162.11,543.40,45.82,2046.99,169.50,602.14,216.74,36.05,94.52,190.70,1772.87,3545.98,2.39,149.79,101.14,577.83,3.13,928.12,59.75,470.74
2026-02-10T06:00:00Z,40.12,2562.76,154.86,405.08,36.30,2412.44,159.97,153.88,54.55,2323.63,161.97,540.32,45.49,2062.26,169.11,578.13,212.94,35.65,93.71,194.62,1775.45,3541.37,2.40,150.37,102.56,582.63,2.81,935.65,60.69,493.91
2026-02-10T06:10:00Z,39.74,2574.01,153.91,376.20,36.38,2415.56,159.32,134.38,54.62,2338.42,161.97,536.89,45.46,2061.89,168.46,572.98,208.87,34.43,94.29,190.23,1769.89,3562.32,2.71,148.51,99.86,572.61,3.05,934.78,58.23,478.24
2026-02-10T06:20:00Z,39.86,2582.30,153.51,365.13,36.30,2423.32,159.15,134.31,54.73,2338.55,161.46,534.59,45.59,2053.02,168.65,566.45,210.10,33.50,93.89,188.89,1763.33,3553.23,2.16,149.98,101.42,579.90,3.05,939.52,59.08,485.52
2026-02-10T06:30:00Z,39.14,2601.17,153.57,334.18,36.06,2420.18,159.13,132.93,54.96,2326.70,161.09,530.72,45.61,2050.63,168.67,587.21,206.96,32.12,91.78,186.85,1762.13,3545.88,2.48,149.27,98.23,577.17,2.99,927.83,59.94,482.42
2026-02-10T06:40:00Z,38.86,2595.69,154.13,343.66,36.20,2428.84,158.56,138.65,54.60,2329.40,161.44,507.96,45.31,2060.07,169.52,588.02,205.84,31.41,92.69,185.54,1759.96,3542.38,2.54,148.77,97.64,573.83,2.75,932.05,60.09,477.69
2026-02-10T06:50:00Z,38.69,2604.01,153.43,327.54,35.99,2420.70,158.47,140.00,54.62,2331.02,161.24,520.94,45.16,2063.59,169.00,587.55,206.07,31.48,92.59,186.79,1768.11,3546.53,2.66,149.09,96.12,570.90,2.77,928.05,58.96,472.53
2026-02-10T07:00:00Z,38.98,2592.23,153.74,335.44,35.97,2423.99,158.90,133.12,54.35,2336.67,160.19,517.22,45.15,2065.29,168.68,579.08,207.80,33.63,92.64,184.94,1763.52,3545.35,2.35,150.48,99.87,580.11,2.46,933.74,60.27,481.77
2026-02-10T07:10:00Z,38.65,2613.66,154.67,339.24,36.06,2415.61,158.71,142.78,54.43,2341.77,160.97,521.92,44.98,2073.07,168.59,549.49,199.50,34.02,92.21,181.07,1765.22,3565.56,2.48,149.86,93.20,561.89,2.63,930.27,59.62,464.40
2026-02-10T07:20:00Z,38.95,2608.60,154.09,339.58,35.89,2429.30,158.06,119.32,54.44,2334.95,161.96,536.53,45.03,2078.58,168.99,544.94,203.14,33.67,92.05,180.64,1758.17,3529.86,2.63,149.83,98.91,576.59,3.01,929.38,59.29,473.16
2026-02-10T07:30:00Z,39.29,2599.33,154.47,351.93,35.71,2433.66,157.75,127.84,54.51,2355.29,161.72,520.66,44.80,2071.59,169.05,543.07,202.19,33.69,92.50,184.11,1768.81,3538.80,2.55,149.87,94.28,570.63,2.70,936.77,58.59,483.22
2026-02-10T07:40:00Z,38.91,2594.38,154.83,337.48,35.46,2435.18,158.72,121.49,54.62,2341.36,161.03,519.06,45.19,2078.69,168.43,555.37,199.49,32.29,92.56,178.80,1769.04,3543.57,2.42,150.03,94.26,563.33,3.13,931.15,58.58,476.20
2026-02-10T07:50:00Z,39.39,2590.08,154.17,335.07,36.05,2430.99,159.02,136.89,54.46,2347.40,160.92,522.24,45.12,2075.97,167.65,545.54,204.26,31.77,92.25,187.02,1768.57,3548.76,2.39,149.45,98.83,574.31,2.90,933.69,58.24,482.66
2026-02-10T08:00:00Z,39.47,2592.30,153.99,338.27,35.73,2427.19,159.08,139.62,54.48,2336.20,160.84,530.91,44.86,2080.20,167.55,554.05,199.63,33.45,92.70,181.98,1764.41,3538.03,2.40,147.94,94.20,564.08,2.67,929.87,58.13,479.88
2026-02-10T08:10:00Z,39.52,2576.04,153.84,357.85,35.48,2437.41,158.38,121.62,54.87,2337.33,160.38,520.23,44.58,2084.59,168.41,570.38,214.97,32.62,91.62,191.89,1778.77,3561.63,2.35,152.05,102.71,589.45,3.22,941.86,59.08,486.93
2026-02-10T08:20:00Z,39.89,2573.22,153.97,364.93,35.27,2446.07,158.85,116.88,55.00,2323.89,160.49,535.22,44.92,2079.96,168.54,553.29,208.32,31.90,92.80,187.42,1764.49,3548.29,2.86,149.50,96.47,575.38,2.95,942.14,58.28,472.63
2026-02-10T08:30:00Z,40.11,2578.44,154.71,362.03,35.70,2435.11,158.65,107.89,55.35,2330.41,160.61,524.20,44.72,2081.59,168.08,545.26,206.87,31.73,92.05,185.40,1763.23,3555.00,2.61,150.40,97.70,574.16,3.12,,60.02,471.92
2026-02-10T08:40:00Z,40.72,2562.76,154.26,371.27,35.76,2446.07,158.54,110.90,55.63,2307.03,161.59,561.65,44.96,2083.92,168.48,544.46,205.81,32.06,92.49,182.40,1760.29,3565.26,2.71,151.45,100.08,587.58,2.77,927.78,59.67,493.99
2026-02-10T08:50:00Z,40.87,2561.33,154.43,371.97,35.78,2428.85,158.14,112.40,55.33,2307.75,162.49,579.11,44.86,2086.84,168.28,541.85,206.55,31.12,91.94,183.80,1761.55,3561.48,2.37,148.52,99.36,568.29,2.96,929.99,60.21,475.19
2026-02-10T09:00:00Z,41.08,2559.36,154.68,398.09,35.78,2436.59,158.44,109.86,54.77,2320.88,162.46,570.41,45.34,2071.29,168.46,551.66,209.00,31.62,91.53,189.27,1773.20,3541.87,2.33,150.42,101.93,582.29,3.22,933.08,60.00,486.45
2026-02-10T09:10:00Z,41.11,2558.75,155.23,404.19,35.85,2435.05,158.67,123.17,54.86,2333.98,161.72,540.50,45.37,2065.06,168.33,553.28,209.14,31.08,91.16,187.46,1761.08,3545.65,2.55,149.56,102.52,576.43,2.98,936.41,60.74,481.63
2026-02-10T09:20:00Z,41.13,2551.09,154.86,413.18,35.46,2436.54,158.48,116.96,54.56,2340.28,161.93,525.45,45.62,2073.49,167.85,549.66,204.09,33.60,92.21,183.70,1762.45,3547.76,2.38,150.13,97.60,568.90,2.88,934.57,59.66,474.31
2026-02-10T09:30:00Z,40.89,2556.55,155.01,398.97,35.79,2431.99,158.22,124.43,54.49,2334.37,161.69,534.56,45.26,2071.69,168.19,551.40,210.73,32.46,92.80,188.63,1775.03,3555.18,2.52,149.39,98.11,571.09,2.82,935.52,59.12,469.36
2026-02-10T09:40:00Z,41.02,2549.86,154.88,418.82,35.82,2425.50,158.01,117.15,54.27,2346.22,161.02,520.77,45.65,2061.11,169.39,577.34,209.33,33.40,92.21,185.70,1754.33,3556.97,2.74,148.55,100.12,579.38,3.02,928.89,58.93,484.97
2026-02-10T09:50:00Z,41.39,2531.38,155.50,418.84,35.82,2431.12,158.47,110.09,54.09,2347.02,160.25,539.71,45.60,2061.33,169.11,574.43,210.06,33.61,91.69,184.09,1760.26,3563.06,2.56,150.61,101.90,575.92,2.74,923.16,58.23,482.90
2026-02-10T10:00:00Z,41.21,2539.75,154.63,414.35,35.39,2427.73,158.25,112.64,54.49,2337.74,161.05,521.26,45.86,2048.37,,569.30,217.80,33.64,92.03,195.61,1779.88,3554.68,2.32,150.02,105.81,576.08,2.91,934.81,58.63,467.44
2026-02-10T10:10:00Z,41.31,2547.72,154.51,423.21,34.86,2444.10,157.44,101.11,54.46,2338.27,161.60,518.64,45.93,2052.13,169.09,585.38,213.98,33.77,92.49,194.83,1767.18,3550.19,2.41,148.87,99.61,579.03,3.21,941.79,58.58,483.57
2026-02-10T10:20:00Z,41.32,2541.63,154.96,409.34,34.93,2445.96,158.31,90.26,54.64,2336.70,160.98,527.92,46.12,2047.24,170.25,596.04,204.01,32.64,91.91,180.44,1759.69,3546.07,2.19,149.88,96.95,576.23,3.04,928.02,59.31,482.00
2026-02-10T10:30:00Z,40.98,2545.87,155.26,409.65,34.42,2459.10,157.47,104.69,54.77,2327.32,160.97,529.14,46.23,2048.52,169.78,609.11,207.48,32.71,91.74,188.59,1767.17,3551.90,2.56,149.39,100.91,575.88,2.63,935.58,59.27,485.85
2026-02-10T10:40:00Z,40.78,2552.00,155.38,389.33,34.39,2455.00,157.90,93.89,54.58,2328.16,160.88,510.56,46.02,2040.33,169.99,620.72,207.39,35.08,91.83,185.53,1764.34,3523.53,2.49,149.05,96.51,578.65,2.70,926.16,59.18,482.88
2026-02-10T10:50:00Z,41.13,2555.44,154.36,376.14,35.08,2456.50,158.22,100.18,54.93,2336.82,161.63,523.32,45.89,2046.82,170.00,618.75,206.88,32.97,91.85,188.40,1759.93,3556.52,2.31,151.41,100.39,579.23,2.75,934.19,59.13,485.34
2026-02-10T11:00:00Z,41.14,2558.63,154.66,388.21,35.15,2437.37,158.28,114.93,55.23,2322.02,160.98,543.72,45.44,2054.79,169.54,607.22,208.88,33.00,92.18,186.37,1768.05,3540.52,2.37,150.86,97.41,577.91,3.13,927.68,59.23,483.33
2026-02-10T11:10:00Z,41.46,2546.25,154.34,397.53,35.75,2426.38,158.19,140.38,55.58,2322.61,162.16,537.46,45.64,2060.10,170.32,596.43,211.30,35.25,92.27,189.66,1769.24,3557.69,2.52,150.23,98.71,572.98,3.10,930.33,59.50,471.22
2026-02-10T11:20:00Z,41.18,2544.53,155.23,399.76,35.95,2430.60,159.04,144.06,55.50,2319.24,162.24,564.98,45.60,2061.21,169.17,591.92,208.84,39.39,92.54,184.55,1762.95,3535.02,2.50,149.63,98.90,572.14,2.69,926.75,58.01,479.54
2026-02-10T11:30:00Z,41.37,2539.16,155.31,418.82,35.81,2439.83,158.81,135.84,55.71,2314.74,161.41,552.72,45.62,2062.84,169.21,590.35,216.30,37.87,92.22,196.78,1786.16,3536.40,2.26,150.24,103.17,579.91,2.94,936.49,59.61,475.04
2026-02-10T11:40:00Z,41.70,2525.19,155.23,423.92,36.04,2441.05,159.38,133.35,55.84,2312.76,161.27,550.99,45.39,2062.42,169.48,569.09,215.26,37.54,92.75,195.27,1767.91,3562.18,2.71,150.06,100.63,582.02,2.98,933.73,58.87,483.45
2026-02-10T11:50:00Z,41.38,2540.03,155.43,413.07,35.94,2430.38,158.75,130.44,55.39,2305.54,161.07,572.20,45.66,2061.00,168.93,582.35,215.62,37.00,91.97,190.17,1766.46,3554.16,2.63,151.44,101.67,583.76,2.79,931.16,59.12,488.07
2026-02-10T12:00:00Z,41.14,2547.25,154.31,413.56,36.35,2414.80,159.25,125.62,55.89,2304.52,161.41,587.77,45.35,2066.77,169.26,569.79,215.67,35.03,91.98,194.67,1776.90,3530.24,2.53,149.83,101.94,567.34,2.65,942.72,58.27,477.81
2026-02-10T12:10:00Z,40.75,2547.23,154.59,406.63,36.07,2414.96,158.93,139.77,55.91,2295.98,161.30,579.89,45.00,2069.79,169.58,568.31,213.08,35.28,91.77,190.89,1764.10,3556.34,2.36,148.89,101.46,580.61,3.00,932.23,59.07,484.11
2026-02-10T12:20:00Z,40.88,2554.75,155.27,404.51,35.96,2429.61,158.70,129.34,55.83,2283.31,161.28,576.55,44.70,2075.06,168.62,549.26,209.60,37.02,91.74,187.08,1765.21,3543.81,2.30,148.07,96.82,578.30,2.86,936.66,58.97,479.91
2026-02-10T12:30:00Z,40.62,2550.84,155.17,390.96,36.06,2423.13,158.61,124.97,56.34,2295.33,161.37,584.24,44.68,2078.44,168.57,554.82,214.83,33.48,91.65,193.71,1766.04,3546.31,2.46,150.44,103.29,574.15,3.06,926.95,58.28,476.62
2026-02-10T12:40:00Z,40.58,2552.83,156.07,413.20,36.28,2421.04,158.47,138.01,56.55,2291.35,161.96,585.83,44.48,2083.81,168.47,553.42,215.00,34.42,92.79,193.25,1768.81,3537.83,2.75,148.42,102.11,578.04,2.98,939.70,60.56,474.15
2026-02-10T12:50:00Z,40.39,2561.06,155.85,401.02,36.19,2418.32,158.43,141.33,56.66,2283.92,162.35,589.83,44.79,2072.93,168.70,559.00,215.87,35.57,92.80,194.86,1765.25,3554.31,2.43,148.42,104.20,579.88,3.04,927.75,59.01,488.55
2026-02-10T13:00:00Z,40.17,2576.27,154.70,386.72,36.19,2421.55,158.57,138.39,56.66,2275.73,162.68,595.83,44.51,2094.82,168.65,559.60,216.75,36.15,92.64,195.62,1770.70,3558.04,2.44,150.12,104.09,585.44,2.80,942.34,58.53,479.78
2026-02-10T13:10:00Z,40.14,2577.76,154.62,368.16,36.45,2411.47,157.87,143.87,56.29,2283.37,162.73,592.40,44.20,2092.76,169.34,539.99,207.70,33.76,93.43,188.22,1758.28,3544.11,2.47,149.95,100.13,570.90,3.03,925.37,58.50,478.73
2026-02-10T13:20:00Z,39.90,2580.49,154.01,369.03,36.45,2398.22,158.76,161.54,56.16,2287.45,162.55,596.99,44.10,2088.32,169.35,538.07,208.13,34.21,92.74,186.22,1765.29,3540.42,2.58,147.10,100.44,577.25,3.09,929.64,58.46,465.83
2026-02-10T13:30:00Z,39.64,2594.21,153.99,357.17,36.50,2409.89,158.48,150.67,56.17,2288.68,162.17,589.13,43.75,2092.57,168.09,525.72,205.71,32.88,91.78,181.74,1757.00,3555.61,2.50,150.33,101.67,581.26,3.02,925.26,58.49,480.81
2026-02-10T13:40:00Z,39.55,2589.31,154.27,358.27,36.56,2417.78,158.78,149.16,56.18,2283.91,162.08,578.29,43.33,2108.31,167.29,506.78,202.64,33.66,93.21,180.88,1755.35,3541.80,2.29,150.61,96.72,573.36,3.15,927.85,59.29,475.36
2026-02-10T13:50:00Z,39.64,2582.95,153.66,352.20,36.28,2422.86,158.96,133.05,55.91,2298.39,162.23,579.78,43.42,2105.83,168.08,518.23,209.79,34.70,91.68,188.56,1767.57,3545.04,2.45,150.45,100.13,576.21,2.69,929.57,59.98,480.65
2026-02-10T14:00:00Z,39.69,2576.08,153.60,357.73,36.36,2425.15,159.21,120.68,55.64,2309.70,162.34,568.15,43.29,2104.68,167.77,500.37,213.15,34.46,91.09,195.73,1768.21,3557.08,2.46,150.44,101.77,578.11,3.16,932.39,60.36,480.46
2026-02-10T14:10:00Z,39.61,2591.75,154.32,359.12,36.36,2420.72,158.85,120.50,55.60,2310.17,162.13,563.22,43.20,2112.34,167.49,494.97,202.42,35.33,91.93,182.64,1764.32,3557.67,2.50,150.68,97.64,575.35,3.18,922.12,60.38,476.36
2026-02-10T14:20:00Z,40.08,2578.93,154.63,358.66,36.45,2433.32,159.46,126.47,55.56,2316.49,161.88,564.95,,2118.65,167.30,485.30,203.57,32.00,92.97,181.18,1754.53,3552.82,2.53,148.43,95.64,566.86,2.99,919.03,58.71,472.70
2026-02-10T14:30:00Z,39.93,2576.49,154.21,363.33,36.00,2417.60,158.82,135.88,55.64,2315.51,161.40,566.76,43.34,2114.58,167.52,487.18,204.23,31.41,93.64,182.57,1757.78,3554.22,2.67,150.77,94.74,573.45,2.89,929.95,60.00,480.91
2026-02-10T14:40:00Z,39.71,2577.34,154.42,362.19,35.89,2413.89,159.26,140.15,55.66,2306.66,161.20,562.85,43.24,2108.90,166.64,493.44,201.23,31.44,92.21,180.16,1762.59,3549.51,2.62,149.50,93.65,571.33,3.02,934.90,59.64,479.17
2026-02-10T14:50:00Z,39.96,2582.61,155.02,375.39,35.47,2425.48,158.84,147.71,55.55,2307.17,161.53,570.78,43.51,2112.78,167.01,500.47,207.26,31.75,92.15,187.02,1771.01,3535.45,2.43,149.62,99.10,575.88,2.91,933.84,60.09,485.86
2026-02-10T15:00:00Z,39.95,2570.63,153.41,380.12,36.04,2424.36,158.56,131.41,55.13,2309.21,161.46,559.98,43.80,2111.56,168.19,516.92,213.18,33.24,92.14,191.39,1776.75,3550.72,2.39,149.59,102.16,575.81,2.85,940.62,59.54,477.63
2026-02-10T15:10:00Z,39.81,2569.53,153.98,378.73,35.95,2430.85,158.12,132.77,54.98,2313.80,161.73,559.08,44.09,2107.29,168.70,525.40,210.58,30.09,91.90,185.86,1762.56,3555.29,2.49,151.04,100.41,574.21,3.00,934.88,59.21,482.19
2026-02-10T15:20:00Z,39.48,2578.74,154.00,362.71,35.87,2433.41,158.06,121.84,55.37,2311.15,161.87,552.00,43.93,2095.93,168.12,520.83,205.09,31.76,92.65,184.99,1760.86,3537.49,2.95,147.46,95.66,575.57,3.30,933.17,60.81,483.18
2026-02-10T15:30:00Z,39.61,2593.20,153.69,358.88,35.65,2420.12,157.97,125.77,55.45,2306.12,161.33,552.58,44.00,2107.82,167.29,505.50,201.43,33.21,93.11,181.32,1761.99,3544.60,2.89,148.19,94.60,574.29,2.55,929.55,60.37,492.42
2026-02-10T15:40:00Z,39.36,2587.46,153.93,351.73,35.76,2439.03,158.07,115.44,54.91,2313.99,161.87,538.00,44.02,2092.53,168.09,504.36,205.09,34.25,92.40,180.45,1749.08,3544.64,2.49,150.04,97.43,569.95,3.03,919.18,59.43,467.23
2026-02-10T15:50:00Z,39.31,2584.97,154.49,346.06,35.34,2440.25,157.53,123.97,55.08,2312.06,161.96,542.92,43.76,2093.73,168.08,513.53,204.45,32.29,92.79,182.33,1763.97,3555.88,2.37,149.38,96.59,570.84,2.95,936.40,57.22,484.61
2026-02-10T16:00:00Z,39.61,2583.09,154.23,350.76,35.81,2435.08,158.12,118.84,55.09,2317.92,161.88,556.69,44.19,2091.42,168.72,521.48,205.86,33.25,92.30,185.77,1760.65,3556.50,2.58,149.58,95.93,572.15,3.05,939.25,57.49,481.49
2026-02-10T16:10:00Z,39.83,2590.35,153.56,337.47,36.11,2423.83,159.34,135.06,54.72,2331.49,161.49,545.04,43.85,2097.39,168.13,512.13,206.61,33.53,91.47,184.97,1767.60,3560.45,2.62,150.32,96.69,574.67,3.02,929.43,58.58,476.99
2026-02-10T16:20:00Z,39.72,2584.51,153.49,345.99,35.54,2431.42,159.02,122.78,54.26,2338.84,160.95,535.84,43.91,2100.69,167.83,516.74,202.04,32.57,91.64,184.66,1767.81,3553.31,2.65,151.00,96.22,574.58,3.16,928.30,60.38,472.77
2026-02-10T16:30:00Z,39.58,2584.29,154.18,334.11,35.09,2438.07,158.38,101.69,54.13,2339.66,160.70,522.48,43.88,2098.44,168.20,507.79,203.72,30.85,92.28,182.61,1766.74,3555.56,2.26,149.74,97.43,573.21,2.92,936.10,59.69,487.68
2026-02-10T16:40:00Z,39.61,2570.51,153.31,346.69,35.39,2442.13,157.98,107.90,54.09,2357.54,160.87,509.93,44.31,2097.67,168.71,523.32,200.86,31.55,91.53,179.29,1760.66,3554.43,2.71,149.21,95.09,572.45,2.68,926.16,59.20,474.24
2026-02-10T16:50:00Z,39.87,2561.55,154.12,365.84,35.00,2456.84,157.84,87.61,54.00,2353.43,161.13,505.65,43.98,2098.33,167.90,521.45,200.10,30.08,90.46,179.49,1757.58,3553.96,2.61,149.23,96.95,572.05,,935.82,58.56,477.43
2026-02-10T17:00:00Z,39.78,2569.46,154.59,372.91,34.91,2455.96,157.85,87.03,54.28,2349.76,160.88,501.02,43.84,2107.45,168.30,519.34,203.73,32.05,90.99,182.15,1757.75,3553.09,2.34,148.43,98.23,572.12,2.82,935.50,58.51,473.77
2026-02-10T17:10:00Z,39.80,2575.96,153.84,364.54,35.07,2445.48,158.21,87.20,54.00,2350.12,161.20,507.23,43.82,2104.48,167.68,503.88,202.88,30.79,91.57,185.68,1770.55,3558.10,2.57,151.63,96.77,571.50,3.02,935.68,58.38,479.42
2026-02-10T17:20:00Z,39.81,2570.45,154.48,374.52,34.75,2447.14,157.76,91.54,53.94,2346.25,161.04,497.65,44.02,2100.18,167.40,519.52,199.00,30.58,90.84,178.65,1766.44,3546.19,2.63,149.54,94.60,571.98,2.93,939.50,60.06,477.88
2026-02-10T17:30:00Z,39.74,2580.80,154.59,382.71,34.94,2441.69,157.95,100.61,53.70,2347.66,160.49,506.87,44.07,2100.57,167.09,528.37,207.27,32.47,92.23,189.45,1774.64,3543.23,2.36,150.69,100.60,571.00,2.75,936.66,60.27,474.37
2026-02-10T17:40:00Z,39.76,2575.11,154.42,383.03,35.00,2446.41,157.71,108.62,53.97,2361.48,161.32,511.61,44.06,2104.89,166.82,513.58,209.45,32.43,92.33,184.48,1774.05,3552.03,2.68,150.17,101.20,575.37,2.99,937.60,59.48,481.86
2026-02-10T17:50:00Z,39.54,2575.40,154.68,371.83,35.17,2441.13,158.04,99.68,53.79,2363.59,160.08,506.71,44.26,2087.18,167.25,520.08,201.34,31.40,92.25,184.48,1757.41,3548.39,2.26,150.05,95.59,570.02,2.78,928.66,60.01,477.22
2026-02-10T18:00:00Z,39.42,2598.25,154.21,361.87,35.48,2430.53,157.26,112.44,53.86,2356.08,160.32,499.93,44.09,2101.39,167.24,513.24,197.08,30.01,91.62,176.68,1757.13,3555.17,2.66,148.39,97.39,563.55,3.03,925.27,60.53,466.10
2026-02-10T18:10:00Z,39.60,2591.14,154.38,350.70,35.41,2435.53,158.10,115.18,54.35,2347.66,160.63,503.09,43.81,2102.78,167.06,519.45,202.01,31.20,92.15,182.40,1751.06,3550.74,2.73,149.98,93.99,570.74,3.01,933.61,59.17,470.80
2026-02-10T18:20:00Z,39.87,2577.41,154.37,350.85,34.92,2440.97,157.95,102.53,54.24,2348.54,160.05,503.93,43.56,2102.07,166.91,513.43,199.70,32.94,92.57,180.87,1756.28,3548.48,2.50,149.90,95.92,576.66,2.80,929.43,58.45,486.47
2026-02-10T18:30:00Z,40.01,2587.20,154.26,365.61,35.17,2445.38,157.67,97.30,54.39,2355.36,160.61,514.89,43.51,2097.57,167.81,518.38,202.48,32.69,92.45,179.29,1760.93,3560.36,2.51,151.23,94.03,573.68,2.69,930.01,61.25,481.63
2026-02-10T18:40:00Z,39.54,2585.33,154.30,352.49,35.44,2440.27,157.90,98.72,54.95,2337.00,160.70,526.97,43.84,2106.99,167.55,508.08,205.91,34.13,91.74,185.16,1757.00,3550.30,2.17,148.93,98.10,569.32,2.91,924.36,58.93,482.89
2026-02-10T18:50:00Z,39.34,2597.12,154.37,356.38,35.29,2440.53,158.62,104.54,55.31,2331.13,161.31,531.81,43.51,2104.89,167.60,514.21,199.18,33.30,91.94,177.25,1756.83,3558.86,2.31,150.06,93.21,564.83,3.19,926.14,57.50,475.60
2026-02-10T19:00:00Z,38.78,2603.17,154.57,351.87,35.63,2436.64,158.34,111.28,55.53,2323.50,162.03,551.13,43.81,2102.37,167.23,513.05,204.48,31.59,91.78,185.25,1764.04,3535.32,2.64,149.63,97.20,570.57,3.42,927.40,57.41,480.73
2026-02-10T19:10:00Z,38.83,2605.19,153.29,334.13,35.67,2438.05,158.22,123.80,55.63,2313.27,161.26,557.60,43.68,2108.57,167.14,512.56,203.15,30.62,91.15,180.68,1754.14,3551.48,2.38,149.32,95.93,569.29,2.98,928.75,59.16,477.62
2026-02-10T19:20:00Z,38.79,2601.42,152.39,329.22,35.77,2433.44,158.56,118.13,55.58,2311.89,161.61,577.88,43.61,2122.94,168.02,502.78,202.38,30.43,91.92,179.86,1768.72,3560.75,2.49,149.67,93.80,567.46,2.98,938.46,58.89,483.71
2026-02-10T19:30:00Z,39.32,2596.09,153.05,339.31,35.63,2446.21,158.28,112.16,55.47,2308.54,161.30,567.27,43.77,2114.99,167.30,511.07,208.90,32.86,91.86,188.79,1762.31,3548.33,2.63,149.14,100.20,575.73,3.31,931.80,59.03,473.92
2026-02-10T19:40:00Z,38.88,2612.12,153.55,326.51,35.94,2431.93,158.59,115.75,55.15,2319.40,161.47,565.04,44.30,2101.41,167.10,514.84,201.27,30.56,91.54,181.02,1759.93,3523.56,2.57,147.75,94.28,570.39,2.96,933.25,59.14,471.43
2026-02-10T19:50:00Z,39.21,2597.94,154.07,330.57,35.78,2423.31,158.38,125.32,55.63,2306.81,162.34,557.08,44.24,2101.43,167.28,512.71,203.22,30.00,91.42,180.98,1761.23,3553.26,2.61,148.49,95.75,571.35,3.00,928.68,59.90,476.77
2026-02-10T20:00:00Z,39.46,2577.21,153.60,349.75,36.02,2426.62,158.17,123.16,55.46,2307.53,162.14,558.67,44.15,2095.11,167.76,520.87,203.29,32.82,92.37,181.97,1767.11,3545.56,2.55,151.03,95.32,565.64,3.24,932.55,60.47,475.98
2026-02-10T20:10:00Z,39.76,2578.13,153.86,370.05,35.66,2419.61,159.00,124.16,55.28,2316.28,161.63,547.12,43.95,2106.62,167.26,517.25,203.76,31.10,92.04,176.09,1757.76,3544.83,2.63,151.32,95.43,573.25,3.14,926.97,60.86,477.33
2026-02-10T20:20:00Z,39.35,2585.48,153.96,372.64,35.78,2425.83,158.49,121.91,55.37,2315.53,161.06,556.44,43.99,2105.57,167.67,515.25,206.68,32.36,91.73,188.99,1762.43,3551.68,2.68,147.95,98.44,573.43,2.95,933.84,59.76,469.62
2026-02-10T20:30:00Z,39.81,2579.35,153.74,362.15,35.51,2431.24,157.98,113.96,55.22,2316.69,161.93,553.75,44.04,2102.66,167.82,520.07,203.05,31.21,91.25,184.45,1765.46,3545.10,2.56,148.78,99.05,572.56,2.80,928.89,60.25,475.15
2026-02-10T20:40:00Z,40.14,2569.76,154.51,367.46,35.31,2445.97,158.58,113.59,55.13,2323.66,162.19,540.43,44.04,2103.62,168.36,512.03,204.50,31.18,92.88,182.17,1763.14,3557.00,2.25,149.95,98.14,573.01,3.28,925.99,58.78,476.89
2026-02-10T20:50:00Z,40.34,2582.32,154.58,360.82,35.15,2446.64,158.19,117.57,55.44,2323.35,161.40,541.44,43.92,2108.51,167.39,515.38,204.31,29.92,92.17,187.88,1761.53,3548.62,2.52,149.77,95.42,568.40,3.44,932.37,60.46,469.30
2026-02-10T21:00:00Z,40.16,2585.80,153.79,366.65,35.31,2443.17,157.50,110.12,55.36,2301.04,162.04,562.73,43.95,2097.30,168.22,523.78,200.98,30.28,92.15,181.55,1758.44,3554.78,2.33,149.59,95.35,563.68,2.60,927.94,61.13,476.28
2026-02-10T21:10:00Z,40.13,2579.67,153.74,369.38,35.19,2441.28,157.95,112.86,55.31,2321.80,162.68,574.86,44.53,2093.14,168.17,529.62,197.07,32.34,91.88,177.31,1763.98,3561.27,2.61,150.60,91.57,567.05,2.91,934.90,60.28,475.15
2026-02-10T21:20:00Z,40.03,2583.65,153.79,358.24,35.49,2448.16,158.21,102.02,54.92,2332.34,162.22,546.76,44.72,2092.25,167.71,543.22,203.67,33.66,92.03,180.47,1758.76,3550.24,2.53,149.67,97.28,574.68,2.81,938.01,58.77,480.37
2026-02-10T21:30:00Z,40.47,2572.92,154.00,358.00,35.04,2450.02,157.14,81.99,54.82,2327.56,161.92,546.34,44.77,2080.82,168.01,534.45,204.16,31.74,92.21,186.49,1763.17,3540.77,2.69,150.24,96.49,568.93,3.25,926.77,59.30,464.36
2026-02-10T21:40:00Z,40.27,2570.52,154.10,379.44,34.95,2453.91,156.86,79.69,55.01,2332.25,161.74,541.39,44.78,2083.41,168.05,542.03,203.35,31.93,92.09,184.88,1760.61,3553.92,2.83,150.76,98.06,567.48,3.11,921.88,59.10,478.49
2026-02-10T21:50:00Z,40.31,2569.46,154.56,375.40,34.80,2453.63,156.51,77.29,55.52,2321.71,161.36,564.55,44.73,2081.45,168.00,554.36,203.14,30.78,92.62,180.41,1765.57,3549.35,2.51,150.84,95.24,566.24,2.97,933.33,58.34,469.29
2026-02-10T22:00:00Z,40.27,2564.41,153.51,375.14,34.88,2459.16,157.36,86.75,55.57,2325.86,161.60,565.39,45.08,2078.85,168.68,558.94,209.19,29.45,92.10,188.61,1765.42,3555.32,2.58,149.43,102.48,573.60,2.83,924.41,58.60,485.23
2026-02-10T22:10:00Z,40.50,2566.10,153.24,363.91,34.98,2448.46,157.26,89.48,55.35,2324.06,161.63,564.77,45.05,2078.34,168.98,561.83,209.30,33.51,91.69,188.30,1766.70,3554.00,2.53,147.30,98.57,585.09,2.69,932.37,59.62,483.66
2026-02-10T22:20:00Z,40.41,2557.76,153.61,376.40,34.84,2460.31,157.56,102.87,55.24,2307.18,162.48,573.98,44.90,2079.11,168.85,562.21,206.34,34.83,91.31,185.89,1765.08,3540.58,2.38,149.80,96.88,569.47,3.12,930.56,58.62,476.09
2026-02-10T22:30:00Z,40.50,2560.78,154.18,365.26,34.64,2452.32,157.77,101.57,54.88,2306.78,162.27,563.06,45.01,2073.03,168.30,558.86,210.96,33.83,90.88,189.56,1767.31,3554.37,2.57,149.16,100.61,581.70,3.18,938.49,57.74,493.41
2026-02-10T22:40:00Z,40.34,2561.46,154.71,370.64,34.62,2446.01,158.21,91.80,54.72,2326.93,162.43,538.65,44.80,2078.08,168.79,544.10,203.26,32.56,91.66,181.73,1764.77,3534.65,2.77,150.35,98.20,567.65,3.22,939.60,58.38,469.73
2026-02-10T22:50:00Z,40.33,2562.20,154.14,370.81,34.60,2452.60,157.53,83.20,54.60,2326.45,162.08,535.75,44.90,2075.32,169.07,549.48,202.16,31.07,91.53,182.27,1759.39,3564.78,2.44,148.88,95.24,568.90,3.13,931.43,59.05,477.47
2026-02-10T23:00:00Z,40.50,2574.80,154.40,362.54,34.51,2456.39,158.25,78.43,54.44,2331.34,161.34,529.68,45.12,2076.67,169.11,555.94,205.33,29.87,92.16,186.82,1759.39,3554.93,2.42,149.82,97.06,569.15,2.94,928.55,60.45,482.79
2026-02-10T23:10:00Z,40.56,2583.92,154.83,386.20,34.49,2460.43,157.90,76.95,54.51,2330.58,161.45,524.13,45.21,2069.10,168.69,562.68,202.50,31.71,93.14,184.35,1759.84,3558.57,2.39,150.01,93.87,572.19,2.71,932.14,60.54,484.04
2026-02-10T23:20:00Z,40.74,2561.32,155.02,380.19,34.17,2464.27,157.95,70.56,54.52,2335.88,161.13,522.34,44.87,2066.04,168.38,560.30,202.25,31.27,92.25,183.66,1764.79,3554.71,2.49,148.81,96.86,573.71,2.95,938.28,60.41,477.39
2026-02-10T23:30:00Z,40.24,2565.30,153.24,366.15,33.69,2479.44,156.71,46.39,54.88,2324.44,160.88,524.14,44.84,2069.12,168.15,554.13,205.14,31.18,92.47,182.08,1763.27,3561.55,2.43,148.84,98.30,576.98,2.97,931.71,59.38,477.35
2026-02-10T23:40:00Z,40.43,2563.26,153.76,382.00,33.59,2472.27,157.45,58.79,55.10,2326.89,161.21,533.82,45.04,2070.66,168.28,566.71,205.68,31.26,93.02,183.22,1760.95,3560.30,2.72,149.54,98.21,571.72,3.05,929.01,60.23,476.18
2026-02-10T23:50:00Z,40.34,2564.71,153.63,383.59,33.40,2486.11,157.70,60.23,55.52,2318.01,161.20,552.08,44.67,2087.10,168.74,552.37,204.96,30.65,91.81,180.29,1756.69,3535.84,2.51,148.25,99.43,572.80,2.91,934.10,60.89,480.61
2026-02-11T00:00:00Z,39.80,2572.15,153.89,374.64,33.12,2501.43,156.76,42.86,55.79,2322.88,161.79,557.86,44.66,2089.20,168.84,552.03,208.58,29.65,92.29,186.77,1771.04,3567.34,2.74,152.05,99.78,582.50,2.88,941.95,58.36,493.36
2026-02-11T00:10:00Z,40.21,2566.28,154.83,380.69,33.24,2492.16,156.33,44.05,56.30,2313.90,161.50,559.12,44.61,2090.05,168.13,542.19,205.57,31.18,91.84,185.81,1765.18,3539.69,2.61,149.47,97.43,571.91,3.42,937.27,59.11,467.73
2026-02-11T00:20:00Z,40.19,2567.16,154.99,380.36,33.31,2493.26,156.92,37.68,56.93,2293.96,161.96,583.11,44.51,2081.89,168.56,543.02,209.45,29.39,93.01,185.65,1757.50,3546.87,2.40,150.05,98.25,562.88,3.14,934.51,58.78,456.53
2026-02-11T00:30:00Z,39.84,2574.04,153.64,363.34,33.04,2489.34,156.33,40.48,57.16,2285.97,162.58,600.15,44.72,2080.02,167.50,537.35,207.19,27.96,92.64,187.24,1755.44,3552.60,2.64,150.37,98.11,573.26,2.98,926.93,57.18,474.01
2026-02-11T00:40:00Z,40.15,2584.71,153.97,365.76,33.03,2495.94,156.26,43.91,57.69,2260.89,163.24,615.06,44.62,2089.98,167.78,538.58,212.22,28.14,92.69,193.25,1775.81,3543.31,2.66,148.67,103.52,581.27,2.69,941.54,59.68,479.32
2026-02-11T00:50:00Z,40.63,2571.88,153.63,380.53,33.07,2495.15,156.74,48.48,58.40,2253.96,163.69,630.56,44.77,2093.77,167.95,551.18,211.37,32.17,92.33,189.07,1767.79,3550.53,2.50,150.42,101.07,570.62,2.78,935.06,59.13,473.02
2026-02-11T01:00:00Z,40.78,2556.90,153.79,382.78,33.19,2508.17,157.13,19.44,58.74,2248.66,163.94,642.07,44.75,2078.48,168.27,550.55,207.35,33.42,92.69,183.21,1761.83,3552.48,2.51,150.74,97.35,572.01,3.12,927.20,60.06,480.97
2026-02-11T01:10:00Z,40.97,2554.53,153.83,394.67,33.68,2489.74,157.47,39.73,59.17,2237.52,164.05,682.35,44.49,2089.69,168.01,532.47,209.44,31.14,92.57,189.77,1777.52,3547.29,2.61,149.49,101.32,582.64,3.12,939.01,59.75,475.64
2026-02-11T01:20:00Z,41.04,2548.48,154.24,400.68,34.09,2485.44,156.93,46.03,59.10,2234.78,164.02,691.06,44.77,2092.49,166.92,537.66,217.00,31.45,92.13,195.92,1768.27,3543.82,2.53,150.02,102.09,581.14,2.40,935.11,59.98,475.72
2026-02-11T01:30:00Z,41.14,2553.45,154.48,384.58,33.67,2478.64,156.77,36.19,59.98,2216.54,164.68,708.66,44.78,2081.36,167.83,542.78,217.18,33.90,92.79,195.09,1771.30,3557.54,2.99,149.63,102.72,590.04,2.99,941.00,59.04,491.50
2026-02-11T01:40:00Z,41.05,2553.52,155.11,384.81,34.12,2483.72,156.83,51.71,59.52,2218.93,164.68,696.26,44.76,2085.15,167.99,528.28,211.52,33.24,92.11,188.02,1766.33,3533.40,2.51,149.75,99.93,582.28,3.05,934.60,57.76,488.08
2026-02-11T01:50:00Z,40.28,2572.24,154.66,365.89,34.35,2480.75,156.52,50.93,60.16,2199.57,164.11,723.54,44.80,2073.23,168.15,545.60,208.54,33.96,92.35,188.31,1764.78,3549.18,2.39,149.83,99.22,571.77,2.91,929.69,59.12,480.39
2026-02-11T02:00:00Z,39.95,2581.66,155.14,373.74,34.12,2476.99,156.96,51.61,60.37,2183.98,164.83,723.60,44.75,2086.42,168.59,536.59,208.97,33.29,91.81,190.95,1768.08,3532.90,2.45,148.45,98.85,579.44,3.24,928.71,60.32,475.96
2026-02-11T02:10:00Z,39.85,2582.13,154.48,366.29,33.94,2487.34,157.15,46.42,60.74,2183.32,165.00,726.53,45.20,2082.82,168.51,552.07,212.92,34.63,91.60,193.84,1769.24,3566.56,2.49,150.90,99.31,573.63,2.91,929.68,58.06,491.30
2026-02-11T02:20:00Z,39.40,2596.37,154.54,345.73,33.95,2484.11,156.94,48.27,61.24,2168.25,165.51,752.61,45.03,2064.91,169.02,558.28,215.98,33.61,91.87,191.11,1761.03,3554.71,2.59,148.55,102.11,575.14,3.23,932.33,59.13,486.95
2026-02-11T02:30:00Z,39.14,2595.57,154.81,355.61,33.83,2480.83,156.87,54.95,61.59,2151.76,166.04,780.53,44.80,2077.62,169.04,547.02,215.34,35.03,91.98,194.17,1776.91,3560.36,2.40,150.18,101.71,575.41,2.83,937.84,59.75,483.64
2026-02-11T02:40:00Z,38.83,2593.92,154.38,338.87,34.37,2478.34,156.63,70.17,61.29,2162.95,166.35,778.48,44.91,2075.48,168.11,547.70,215.34,35.51,93.28,192.81,1774.98,3557.14,2.24,148.39,106.59,584.59,2.84,935.20,59.61,471.70
2026-02-11T02:50:00Z,38.43,2615.24,153.80,317.72,34.25,2478.18,157.44,80.37,61.63,2161.00,166.06,779.11,44.65,2081.49,168.36,547.54,213.33,36.88,92.50,191.44,1766.86,3544.58,2.61,149.32,103.38,581.92,3.27,933.05,61.01,480.42
2026-02-11T03:00:00Z,38.43,2614.33,153.95,317.88,34.03,2473.95,157.31,72.90,61.85,2155.17,166.27,780.41,44.13,2077.36,168.28,539.54,213.35,35.59,92.91,193.11,1768.84,3538.35,2.59,150.02,103.18,577.60,3.11,934.38,61.65,473.93
2026-02-11T03:10:00Z,38.20,2611.81,153.60,311.73,34.07,2463.37,158.19,69.09,62.33,2157.19,166.18,782.41,44.53,2086.33,168.26,554.57,213.24,37.06,92.52,194.49,1775.49,3552.78,2.40,148.55,101.05,579.27,2.85,941.22,61.69,488.49
2026-02-11T03:20:00Z,38.67,2600.10,153.83,322.67,33.66,2481.76,157.18,42.56,62.41,2143.33,166.00,785.23,44.72,2090.39,167.88,539.24,209.03,35.34,92.39,188.69,1765.38,3542.40,2.63,150.16,99.07,576.76,3.12,930.30,60.07,478.57
2026-02-11T03:30:00Z,38.67,,153.51,324.47,34.16,2488.30,157.33,55.48,62.41,2148.95,166.47,796.59,44.77,2083.78,167.67,549.55,212.75,33.69,92.95,190.04,1771.59,3554.13,2.48,148.80,100.45,570.61,2.62,933.12,60.33,474.01
2026-02-11T03:40:00Z,38.59,2611.71,153.67,322.90,34.47,2468.31,157.19,66.52,62.55,2134.26,166.11,802.40,44.84,2084.61,168.09,549.08,215.92,33.83,93.05,191.37,1769.36,3558.11,2.40,151.06,104.39,580.19,2.80,932.60,60.71,481.15
2026-02-11T03:50:00Z,38.64,2601.03,153.51,331.75,34.46,2471.81,157.93,64.27,62.65,2138.64,167.12,810.71,44.74,2083.40,168.40,541.60,214.27,35.22,92.94,191.80,1777.74,3549.86,2.34,150.10,100.97,574.25,2.82,935.75,60.29,462.65
2026-02-11T04:00:00Z,38.54,2598.52,152.95,332.93,34.61,2462.67,158.28,75.04,62.61,2146.70,166.82,808.69,45.02,2078.18,168.08,545.92,211.48,36.15,92.00,190.42,1776.97,3550.31,2.59,149.68,103.31,581.81,2.99,939.47,60.62,481.91
2026-02-11T04:10:00Z,38.57,2613.62,153.82,327.51,34.79,2464.16,158.49,87.79,62.55,2143.73,166.89,809.46,44.71,2076.67,167.81,530.14,215.56,36.70,93.04,192.27,1779.12,3562.03,2.68,149.85,103.93,580.94,2.84,935.77,61.04,480.62
2026-02-11T04:20:00Z,38.56,2613.13,153.41,307.03,34.69,2458.82,158.19,98.61,62.78,2143.87,166.59,805.56,44.89,2076.84,167.85,536.23,216.10,37.92,93.87,196.59,1777.10,3551.48,2.17,151.04,103.71,578.45,2.52,939.69,60.37,485.31
2026-02-11T04:30:00Z,38.61,2610.67,153.56,308.76,34.37,2465.40,156.92,87.89,62.54,2146.67,166.62,807.30,44.57,2075.79,168.16,547.68,215.85,38.44,92.78,193.01,1776.17,3550.68,2.32,148.82,101.33,576.81,3.33,940.67,59.34,479.03
2026-02-11T04:40:00Z,38.71,2599.57,153.98,324.96,34.61,2463.41,157.43,72.02,63.09,2139.00,166.53,819.39,44.75,2078.41,168.34,546.02,214.90,38.18,92.53,192.42,1763.68,3549.80,2.45,149.54,103.65,580.79,2.95,934.89,59.36,483.06
2026-02-11T04:50:00Z,38.30,2609.79,153.98,320.03,34.59,2469.34,156.39,54.92,63.32,2130.71,166.55,818.29,45.09,2072.52,168.75,551.67,215.40,36.91,92.22,190.45,1776.76,3556.33,2.38,150.80,101.13,569.37,2.90,937.34,60.49,478.31
2026-02-11T05:00:00Z,38.53,2611.61,153.64,332.70,34.23,2472.05,156.61,59.34,63.49,2121.28,167.55,823.22,44.74,2078.67,169.16,551.11,214.56,36.46,91.73,194.13,1769.52,3551.14,2.33,149.07,103.88,581.80,3.43,942.68,61.56,481.05
2026-02-11T05:10:00Z,38.84,2612.32,152.89,317.41,33.99,2464.95,156.83,69.45,63.92,2113.01,167.29,834.14,45.07,2073.43,168.36,551.57,213.11,38.16,92.10,190.32,1773.91,3545.41,2.48,150.38,103.77,580.12,2.82,932.16,58.96,482.71
2026-02-11T05:20:00Z,38.77,2606.85,153.51,333.63,34.07,2463.48,158.10,69.47,63.65,2122.57,167.25,838.88,44.93,2077.94,168.37,536.14,214.84,37.93,93.33,193.08,1771.44,3541.92,2.44,150.86,101.69,579.22,2.93,935.26,58.50,491.53
2026-02-11T05:30:00Z,38.83,2616.38,153.83,324.18,33.72,2473.03,156.91,63.45,63.92,2112.78,167.53,839.25,45.00,2079.52,168.40,545.88,216.61,37.55,93.18,194.77,1779.01,3563.30,2.40,149.59,102.64,576.17,2.65,932.70,58.62,480.01
2026-02-11T05:40:00Z,38.67,2611.18,154.23,311.66,34.31,2473.18,157.00,58.51,63.42,2117.91,166.91,840.73,44.89,2090.08,168.53,545.28,220.27,36.31,92.46,199.97,1788.05,3547.86,2.73,150.04,104.63,578.25,2.83,939.83,59.83,481.50
2026-02-11T05:50:00Z,38.88,2605.74,154.04,328.54,34.17,2485.32,157.30,54.89,64.25,2104.71,167.15,850.82,44.71,2082.22,169.41,561.21,218.10,36.21,93.22,193.39,1768.46,3535.92,2.63,149.41,106.11,576.57,3.35,937.69,58.54,468.32
2026-02-11T06:00:00Z,38.34,2614.63,153.49,337.38,34.01,2483.19,156.84,61.57,64.01,2094.69,167.96,857.02,44.39,2082.84,168.69,555.03,216.36,38.07,93.35,194.06,1774.10,3558.78,2.59,149.95,103.06,578.13,2.88,940.73,59.39,486.38
2026-02-11T06:10:00Z,38.60,2614.55,153.33,327.46,33.67,2478.20,157.12,53.93,64.33,2098.05,166.93,870.39,44.45,2075.72,168.67,539.44,217.02,37.01,92.84,194.13,1761.61,3543.23,2.51,149.44,103.73,583.77,3.04,930.20,59.89,480.70
2026-02-11T06:20:00Z,38.47,2620.02,153.43,301.37,33.42,2490.35,157.21,44.32,64.97,2086.85,167.72,871.03,44.37,2089.37,168.78,537.93,221.17,35.18,92.73,199.99,1771.42,3554.53,2.44,150.04,107.21,578.19,3.19,935.69,61.81,488.81
2026-02-11T06:30:00Z,38.98,2609.58,152.92,308.61,33.38,2479.28,156.46,35.65,65.00,2091.55,168.44,881.72,44.43,2085.33,168.71,540.86,216.76,35.28,92.91,195.10,1769.68,3551.31,2.63,149.11,105.83,586.74,3.27,938.55,60.58,491.19
2026-02-11T06:40:00Z,38.93,2608.90,152.97,312.46,33.35,2481.79,156.06,40.25,64.79,2084.02,169.00,885.97,44.50,2086.67,168.10,531.75,215.63,35.65,92.78,195.52,1773.06,3542.76,2.33,148.52,102.98,575.26,2.95,932.97,59.70,477.53
2026-02-11T06:50:00Z,38.69,2607.72,152.11,321.34,33.27,2484.52,156.50,46.03,65.03,2075.08,168.55,889.44,44.40,2077.33,168.09,533.16,216.78,35.92,93.82,194.58,1770.07,3560.09,2.40,149.94,102.66,580.17,2.82,939.30,60.52,485.68
2026-02-11T07:00:00Z,38.55,2598.69,152.37,325.09,33.94,2477.16,157.12,42.74,65.05,2077.73,168.99,895.29,44.25,2086.68,168.05,530.13,214.20,36.57,93.41,192.77,1774.43,3550.14,2.91,149.47,104.93,577.24,2.78,939.64,59.63,471.99
2026-02-11T07:10:00Z,38.20,2612.87,152.64,322.73,34.29,2456.80,156.62,45.72,64.93,2080.60,168.35,890.58,44.20,2086.93,168.49,535.69,216.50,37.75,92.97,194.86,1776.79,3540.50,2.55,148.92,102.95,580.44,2.87,943.14,60.37,485.50
2026-02-11T07:20:00Z,38.06,2621.29,152.77,301.45,34.08,2470.17,156.96,44.36,64.70,2068.49,168.52,895.40,44.55,2088.99,168.32,529.66,214.46,35.71,91.88,195.21,1767.11,3538.88,2.54,148.59,102.65,581.45,3.08,934.32,59.34,498.11
2026-02-11T07:30:00Z,38.17,2626.70,153.19,308.16,34.30,2465.84,156.93,53.69,65.00,2071.75,168.41,903.39,44.19,2080.96,167.91,538.60,218.45,37.57,92.00,196.75,1770.50,3564.23,2.66,149.41,102.96,568.17,2.73,933.97,59.72,472.91
2026-02-11T07:40:00Z,38.62,2615.48,153.19,297.09,33.94,2476.00,157.46,59.66,64.86,2080.57,168.04,890.02,44.09,2086.21,168.34,534.51,215.00,36.91,92.72,193.84,1767.70,3560.50,2.47,149.16,105.83,580.23,3.24,929.06,59.05,481.25
2026-02-11T07:50:00Z,38.44,2611.64,153.26,309.04,34.30,2466.69,157.56,73.29,65.05,2079.68,168.53,877.95,43.99,2094.51,168.33,527.67,218.11,36.35,92.63,193.38,1775.05,3549.59,2.29,,103.85,581.98,2.96,939.59,60.06,478.37
2026-02-11T08:00:00Z,38.36,2615.80,153.10,303.02,33.92,2471.19,156.91,61.57,65.58,2073.43,168.88,900.52,44.32,2099.29,168.06,519.74,215.56,35.82,92.92,196.89,1781.37,3547.32,2.60,151.38,102.86,571.00,2.79,943.21,59.32,479.48
2026-02-11T08:10:00Z,38.34,2619.11,152.86,307.24,34.09,2471.14,157.61,56.52,65.45,2060.07,169.41,905.37,44.03,2103.77,167.90,519.03,213.87,38.05,93.13,190.20,1771.12,3546.80,2.56,152.14,100.55,578.72,3.07,934.39,58.97,485.21
2026-02-11T08:20:00Z,38.82,2604.31,153.34,328.26,34.02,2471.01,157.07,57.91,65.28,2055.58,168.08,902.10,44.28,2107.23,168.03,521.24,216.52,38.47,93.68,192.55,1778.53,3543.80,2.59,148.82,102.81,583.47,3.13,939.19,60.13,475.66
2026-02-11T08:30:00Z,39.27,2596.97,152.94,322.46,34.35,2458.38,156.95,69.24,65.38,2060.01,168.38,903.82,44.06,2102.04,167.96,501.43,211.34,37.98,93.44,188.76,1759.97,3544.76,2.56,150.15,105.78,585.66,2.69,935.03,59.79,489.00
2026-02-11T08:40:00Z,39.13,2589.25,152.88,336.40,34.30,2462.34,156.76,74.84,65.21,2072.62,168.79,907.71,43.88,2110.02,167.97,514.29,214.02,39.30,93.54,190.66,1778.38,3558.54,2.49,151.43,100.72,579.99,3.05,937.33,59.24,489.29
2026-02-11T08:50:00Z,39.08,2593.23,153.58,347.44,34.56,2462.24,157.08,75.94,64.83,2078.38,168.20,894.04,44.27,2101.81,167.90,508.54,217.97,38.14,93.89,195.31,1770.27,3544.74,2.52,148.81,104.84,585.17,3.19,939.10,59.22,485.07
2026-02-11T09:00:00Z,39.09,2605.57,153.16,326.89,34.44,2463.75,157.22,79.10,65.15,2082.31,167.80,888.47,44.49,2099.85,168.38,523.33,222.31,38.87,93.90,204.12,1787.17,3555.40,2.39,150.95,105.88,581.49,2.94,941.40,59.60,485.09
2026-02-11T09:10:00Z,39.43,2599.86,153.13,330.64,34.29,2461.41,157.42,84.51,64.99,2072.43,168.53,898.34,44.36,2095.76,168.01,526.20,222.01,35.20,93.19,198.62,1784.21,3557.44,2.49,148.99,105.64,585.73,2.95,948.70,59.83,484.75
2026-02-11T09:20:00Z,39.04,2591.47,153.60,335.29,34.37,2462.63,157.67,74.63,64.61,2083.41,167.50,887.49,44.22,2086.78,167.68,521.89,215.57,32.21,93.31,193.17,1765.22,3537.41,2.32,149.89,103.04,581.32,2.96,924.16,60.17,478.82
2026-02-11T09:30:00Z,39.57,2585.06,153.72,337.24,33.83,2464.21,157.23,75.66,64.57,2083.91,167.76,878.74,44.31,2096.30,167.78,523.53,213.23,36.46,93.66,192.26,1774.95,3554.15,2.56,150.14,101.22,575.14,3.19,939.83,59.49,485.51
2026-02-11T09:40:00Z,39.94,2584.82,153.95,353.37,33.49,2483.94,156.63,61.05,64.13,2094.27,167.70,870.07,44.52,2097.25,167.89,508.84,217.06,35.96,93.77,192.70,1775.20,3538.14,2.41,149.42,102.63,581.02,3.19,938.76,61.00,489.73
2026-02-11T09:50:00Z,40.29,2573.54,153.53,360.51,33.74,2477.81,157.13,66.91,63.86,2087.97,167.13,876.12,44.30,2091.54,167.54,514.75,214.78,35.97,92.52,191.65,1776.93,3561.47,2.46,151.10,103.58,581.59,2.75,937.91,60.40,489.29
2026-02-11T10:00:00Z,40.05,2570.42,153.38,368.85,34.00,2478.80,157.30,64.60,64.35,2094.50,168.36,870.46,43.92,2101.99,167.74,508.60,214.43,35.34,93.61,192.63,1771.79,3547.45,2.67,151.07,100.47,581.04,2.89,934.37,61.32,477.03
2026-02-11T10:10:00Z,40.18,2572.44,155.32,380.00,33.93,2466.97,157.40,65.66,64.42,2092.56,168.26,871.24,43.63,2119.18,168.00,516.53,217.61,37.15,93.11,194.18,1774.32,3564.32,2.67,149.30,102.47,587.65,3.20,936.28,60.47,471.99
2026-02-11T10:20:00Z,40.29,2574.53,155.00,372.77,33.99,2478.10,156.71,55.34,64.45,2094.72,168.19,872.20,43.67,2120.18,167.89,504.88,215.71,37.52,93.65,190.41,1771.27,3541.05,,148.58,102.47,571.46,2.93,931.70,60.04,476.56
2026-02-11T10:30:00Z,40.93,2565.83,154.74,393.71,34.13,2473.86,157.27,44.69,64.79,2090.78,168.26,877.04,43.80,2112.05,167.62,514.78,215.98,40.87,93.35,191.73,1775.75,3556.67,2.57,150.07,103.98,570.45,3.01,934.05,60.13,483.53
2026-02-11T10:40:00Z,41.00,2546.59,155.59,403.06,34.21,2466.79,157.52,60.30,64.91,2083.84,168.27,890.77,43.63,2100.90,167.69,505.60,220.22,37.35,93.31,199.30,1774.22,3543.36,2.29,149.27,105.42,585.18,2.87,936.00,59.98,478.76
2026-02-11T10:50:00Z,40.85,2543.45,155.17,404.88,34.44,2461.01,157.80,76.47,64.47,2084.20,167.39,881.56,43.61,2100.51,167.86,504.90,218.18,37.38,92.59,194.51,1777.78,3563.03,2.21,148.74,106.32,589.88,2.96,938.43,58.49,492.98
2026-02-11T11:00:00Z,40.62,2549.88,155.41,407.47,34.77,2462.91,158.00,86.11,64.55,2084.36,167.81,885.05,44.27,2091.51,167.92,542.01,220.42,38.70,92.52,196.92,1777.13,3545.12,2.45,149.26,104.79,585.56,3.04,939.96,59.17,485.16
2026-02-11T11:10:00Z,40.59,2533.75,155.09,402.21,34.95,2464.70,157.91,79.08,64.59,2099.20,167.44,873.78,44.25,2088.08,167.02,533.62,221.55,41.80,93.26,199.77,1779.42,3545.99,2.38,150.86,106.76,586.45,2.94,939.33,59.25,486.22
2026-02-11T11:20:00Z,40.76,2553.96,155.10,397.85,35.20,2445.76,158.11,102.32,64.87,2086.53,168.97,889.31,44.44,2086.29,167.17,540.81,223.82,42.41,93.41,201.18,1777.58,3550.26,2.75,149.32,103.50,573.28,3.16,931.46,59.02,487.50
2026-02-11T11:30:00Z,40.63,2557.91,154.98,396.92,35.11,2448.19,158.30,121.00,65.02,2078.46,168.93,892.17,44.72,2091.64,168.64,554.20,223.19,41.01,93.12,201.56,1772.42,3539.53,2.48,146.75,103.39,581.42,3.14,935.34,58.44,487.53
2026-02-11T11:40:00Z,40.66,2561.04,154.80,398.64,34.59,2456.69,158.06,100.13,64.34,2082.47,168.75,874.94,45.06,2087.43,167.97,546.10,222.65,40.35,92.53,197.88,1779.91,3547.08,2.35,148.23,108.50,583.79,2.78,943.43,59.23,489.49
2026-02-11T11:50:00Z,40.54,2543.26,155.12,404.64,34.97,2451.80,158.03,99.26,64.26,2089.07,168.60,877.26,45.13,2079.40,168.91,552.68,221.47,40.45,92.74,199.71,1786.79,3551.27,2.58,150.28,107.50,585.21,3.07,946.72,59.40,481.81
2026-02-11T12:00:00Z,40.41,2558.04,155.06,380.97,34.77,2453.89,157.16,96.31,64.68,2080.50,168.36,877.49,45.02,2063.15,168.22,559.14,222.83,39.94,92.41,199.94,1787.09,3542.92,2.71,150.85,106.84,591.13,3.18,943.33,59.42,483.23
2026-02-11T12:10:00Z,40.47,2551.08,155.28,389.77,35.13,2449.19,158.11,99.76,65.27,2081.33,168.63,889.05,45.11,2063.71,169.01,553.35,219.64,40.88,93.46,195.60,1769.70,3553.52,2.49,151.26,106.38,584.84,2.94,931.38,60.43,492.51
2026-02-11T12:20:00Z,40.37,2550.46,155.24,386.73,35.32,2437.80,158.39,106.88,64.96,2075.34,168.67,884.09,44.69,2077.98,169.10,548.40,226.76,40.27,93.50,201.52,1786.33,3566.80,2.26,152.74,106.38,586.96,2.66,935.28,60.27,488.07
2026-02-11T12:30:00Z,40.24,2560.30,154.13,377.13,35.80,2420.25,158.45,124.71,64.89,2071.14,168.42,897.24,44.75,2068.16,168.87,558.63,222.67,43.32,93.07,197.64,1778.49,3550.86,2.50,149.86,107.17,585.90,2.77,935.68,59.94,492.82
2026-02-11T12:40:00Z,40.35,2572.13,154.44,370.93,35.82,2419.30,159.03,130.78,65.16,2068.75,168.22,895.37,45.24,2062.07,168.86,561.83,226.38,39.78,93.12,201.81,1781.96,3549.04,2.31,149.45,107.38,591.41,2.93,944.77,59.16,488.59
2026-02-11T12:50:00Z,40.58,2563.35,155.19,381.65,35.99,2421.70,158.47,124.14,65.32,2070.00,168.48,904.87,45.08,2063.65,168.58,566.70,231.53,39.51,93.03,207.73,1781.45,3549.20,2.38,150.87,109.11,581.99,3.07,935.16,60.08,493.10
2026-02-11T13:00:00Z,40.55,2569.81,154.91,375.17,36.17,2422.36,159.36,133.08,65.59,2055.32,167.87,908.40,45.09,2069.05,168.51,565.24,230.00,40.33,93.81,209.09,1779.23,3553.92,2.44,148.94,109.41,591.76,2.81,944.09,60.97,491.82
2026-02-11T13:10:00Z,40.29,,154.50,376.41,36.06,2427.30,158.96,123.06,65.50,2053.86,168.83,925.52,45.22,2065.09,168.76,575.69,228.87,41.31,93.76,204.26,1781.74,3550.78,2.49,150.63,111.96,592.71,3.17,938.48,61.02,494.64
2026-02-11T13:20:00Z,40.33,2566.94,154.06,372.95,35.69,2430.53,158.65,101.83,65.73,2048.39,167.79,919.32,45.61,2058.18,168.21,578.46,228.46,41.10,93.03,206.63,1786.19,3537.06,2.49,148.59,106.72,581.94,2.75,937.68,60.19,480.25
2026-02-11T13:30:00Z,40.11,2576.80,154.13,373.44,35.82,2432.72,158.82,102.97,65.61,2057.28,168.22,920.84,45.83,2064.37,168.88,587.69,229.68,41.56,93.10,207.46,1796.34,3547.71,2.52,149.79,110.31,586.93,2.98,946.02,60.14,481.24
2026-02-11T13:40:00Z,39.96,2570.15,155.10,382.37,35.48,2422.85,158.71,112.08,65.62,2052.70,167.65,916.48,45.67,2060.00,168.86,566.89,228.16,42.23,92.69,204.06,1782.87,3551.64,2.54,149.92,107.13,587.67,2.87,942.89,58.92,489.29
2026-02-11T13:50:00Z,40.43,2565.53,154.80,396.34,35.53,2436.46,158.54,110.40,65.96,2051.48,168.30,948.26,45.61,2060.66,168.72,576.32,225.97,41.96,93.23,200.54,1773.47,3550.35,2.53,149.90,107.18,587.35,3.16,932.55,59.49,480.33
2026-02-11T14:00:00Z,40.62,2573.63,154.97,376.23,35.81,2421.86,158.31,114.39,65.52,2073.84,168.89,932.85,45.52,2057.15,168.71,580.08,225.75,39.08,93.88,204.46,1787.23,3548.69,2.41,150.74,105.97,581.59,3.13,940.23,59.03,483.63
2026-02-11T14:10:00Z,40.71,2569.96,155.01,378.77,35.67,2421.73,159.69,131.52,66.07,2055.61,169.05,926.85,45.25,2063.48,169.47,580.26,222.93,39.97,93.59,199.64,1772.81,3556.66,2.44,149.86,106.18,584.15,3.14,929.67,58.12,492.29
2026-02-11T14:20:00Z,40.91,2555.07,,383.70,35.56,2423.59,158.96,133.98,66.22,2058.63,169.12,927.29,45.50,2065.97,169.34,585.64,226.47,40.08,94.59,204.28,1779.26,3549.52,2.53,149.21,108.58,591.42,3.04,943.67,57.93,481.02
2026-02-11T14:30:00Z,40.58,2560.46,154.30,382.83,35.39,2429.25,158.70,117.31,65.93,2054.36,169.10,919.07,45.38,2067.48,168.87,571.79,226.65,40.03,93.66,204.51,1778.92,3546.89,2.32,149.87,107.25,586.87,3.07,935.46,57.85,492.57
2026-02-11T14:40:00Z,40.27,2568.16,154.84,384.90,35.72,2433.06,158.91,123.56,66.20,2038.19,169.26,931.22,45.62,2055.63,169.06,577.28,230.86,39.80,93.91,207.52,1775.31,3544.39,2.56,149.30,107.11,584.46,3.14,943.53,59.06,491.29
2026-02-11T14:50:00Z,40.05,2566.89,154.26,382.68,35.17,2435.49,158.25,119.00,65.98,2055.66,169.32,936.75,45.13,2045.93,168.93,595.52,227.36,40.50,94.40,202.45,1774.62,3545.05,2.30,149.79,108.68,586.13,3.50,943.32,59.67,489.17
2026-02-11T15:00:00Z,39.88,2569.54,154.42,383.12,35.28,2436.41,157.79,114.74,66.07,2043.42,169.18,939.79,44.69,2064.21,169.06,572.24,230.60,40.57,93.96,207.91,1786.89,3544.22,2.37,149.90,108.98,589.04,3.02,939.60,60.05,482.97
2026-02-11T15:10:00Z,40.11,2577.61,155.21,372.63,34.86,2452.86,157.13,100.15,66.00,2053.62,169.23,938.77,45.11,2079.23,168.92,567.69,230.20,39.53,93.54,205.39,1792.04,3549.77,2.42,149.63,110.46,581.07,3.07,942.58,59.03,480.80
2026-02-11T15:20:00Z,40.01,2584.86,154.13,357.94,35.50,2444.52,158.00,103.29,65.69,2049.30,168.27,928.65,45.54,2063.85,168.86,569.34,227.31,40.29,93.16,205.41,1782.35,3535.76,2.69,148.33,110.42,591.74,2.77,943.87,59.00,490.83
2026-02-11T15:30:00Z,40.37,2568.34,154.45,379.21,35.66,2439.76,156.61,121.23,65.51,2053.58,168.71,934.92,45.12,2079.94,168.57,560.39,226.11,41.11,93.82,203.88,1789.21,3547.52,2.49,148.65,106.43,584.18,2.72,936.42,58.78,484.60
2026-02-11T15:40:00Z,40.15,2573.07,154.86,377.76,35.71,2433.87,157.29,115.53,65.41,2054.03,169.39,929.42,45.15,2074.27,168.84,558.70,230.90,40.27,93.55,207.54,1780.15,3549.58,2.27,151.63,109.67,592.55,2.90,942.91,60.17,495.95
2026-02-11T15:50:00Z,40.01,2570.82,154.81,376.11,35.73,2420.31,158.00,125.46,64.94,2078.04,169.09,902.20,45.14,2071.69,168.64,561.47,227.55,41.13,92.97,208.38,1786.02,3549.77,2.68,148.95,110.11,587.40,3.08,937.92,59.39,480.88
2026-02-11T16:00:00Z,39.61,2572.57,154.86,360.41,35.27,2432.69,158.08,126.19,64.63,2076.14,169.10,906.13,45.31,2054.93,169.09,572.83,223.63,40.24,92.78,204.45,1783.29,3548.11,2.34,150.33,108.52,575.43,2.84,945.17,58.57,478.28
2026-02-11T16:10:00Z,39.57,2584.12,154.34,371.19,35.30,2434.12,157.80,133.49,64.60,2088.46,168.57,894.91,45.26,2068.25,168.63,556.70,227.23,39.21,92.42,203.70,1778.96,3535.39,2.35,149.71,109.61,586.10,2.76,942.75,60.16,483.14
2026-02-11T16:20:00Z,39.55,2585.83,154.22,359.49,35.37,2435.55,157.62,118.81,64.17,2070.73,168.04,894.70,45.00,2072.40,168.66,561.55,225.50,38.93,92.95,205.33,1778.50,3555.61,2.57,150.55,107.14,582.02,3.19,941.24,59.67,486.35
2026-02-11T16:30:00Z,39.33,2588.58,154.75,353.81,35.69,2434.20,157.71,114.87,64.03,2080.47,167.82,881.65,44.71,2086.33,168.14,557.20,218.76,39.12,92.79,193.81,1775.60,3547.46,2.56,150.18,104.37,575.91,3.08,939.82,58.43,477.75
2026-02-11T16:40:00Z,39.76,2587.62,154.53,349.23,35.69,2437.01,157.71,122.65,63.81,2087.20,167.60,865.04,44.83,2084.40,168.16,548.00,223.06,38.80,92.74,199.37,1776.14,3547.30,2.33,147.53,106.47,583.77,3.09,937.47,58.85,486.64
2026-02-11T16:50:00Z,39.42,2582.12,154.36,347.04,36.21,2430.62,158.34,135.64,63.78,2095.78,167.16,855.16,44.87,2079.55,167.98,549.43,223.11,38.55,92.63,196.97,,3557.13,2.47,149.27,107.87,587.67,2.87,944.75,59.36,487.66
2026-02-11T17:00:00Z,39.65,2595.38,154.19,338.63,36.45,2420.31,158.57,135.25,63.85,2094.70,167.51,862.84,44.87,2080.78,168.58,552.20,227.84,39.61,92.69,204.12,1775.81,3545.32,2.62,150.28,106.80,585.86,2.63,942.37,58.47,485.98
2026-02-11T17:10:00Z,39.56,2588.95,154.22,346.08,36.67,2413.10,158.13,144.72,63.61,2104.80,167.89,858.30,44.90,2075.09,168.68,561.09,219.28,39.84,92.53,195.41,1781.20,3535.69,2.35,148.78,104.93,573.46,3.17,935.90,59.09,482.57
2026-02-11T17:20:00Z,39.70,2586.70,154.80,346.85,36.75,2411.90,158.76,138.45,64.08,2096.54,167.34,852.06,44.55,2085.27,167.94,547.09,222.27,39.19,93.10,199.42,1774.25,3533.39,2.22,147.55,105.00,582.08,2.87,933.89,60.21,487.10
2026-02-11T17:30:00Z,39.63,2593.96,153.86,356.45,36.73,2408.44,159.38,130.20,64.11,2097.19,167.04,849.04,44.82,2077.33,168.25,553.56,225.70,39.18,93.47,201.67,1770.85,3546.71,2.54,148.40,108.07,578.94,2.60,935.56,60.07,476.71
2026-02-11T17:40:00Z,39.62,2591.48,155.00,358.93,36.37,2411.16,158.77,127.37,64.07,2089.71,167.14,852.43,44.66,2083.10,167.65,552.65,228.48,38.83,93.12,208.50,1782.21,3553.72,2.56,149.68,106.42,580.69,2.94,942.90,59.27,489.87
2026-02-11T17:50:00Z,39.47,2590.49,154.37,354.95,36.16,2422.33,158.75,134.58,64.13,2099.50,168.44,875.76,44.82,2072.02,168.65,559.21,226.96,39.81,93.17,208.42,1786.00,3547.76,2.22,151.42,,587.47,2.92,940.61,60.79,494.33
2026-02-11T18:00:00Z,39.07,2590.70,154.52,351.89,36.09,2422.46,158.03,131.86,64.05,2104.08,168.12,861.07,44.62,2076.46,169.00,555.82,222.58,42.03,94.25,197.43,1780.54,3540.42,2.29,150.14,106.16,579.95,2.79,941.47,60.55,484.47
2026-02-11T18:10:00Z,39.15,2594.91,153.73,341.11,35.79,2430.08,158.49,119.28,64.12,2104.47,167.98,867.80,44.68,2081.93,168.69,556.78,221.54,39.25,93.11,200.95,1783.94,3546.11,2.40,149.93,105.57,574.27,2.84,942.11,58.96,481.32
2026-02-11T18:20:00Z,39.11,2596.94,153.91,329.74,35.78,2420.21,158.73,132.91,63.74,2104.60,167.81,863.16,45.04,2074.77,168.63,542.71,215.65,38.69,93.61,193.44,1773.09,3554.96,2.59,149.79,103.09,583.49,2.92,929.78,59.43,485.80
2026-02-11T18:30:00Z,39.38,2591.18,153.89,334.27,35.66,2428.58,158.13,121.64,63.27,2109.93,167.95,851.01,44.55,2093.09,168.85,531.70,222.18,38.73,93.71,199.95,1773.78,3545.42,2.47,148.80,104.12,576.07,2.71,936.15,56.48,480.77
2026-02-11T18:40:00Z,39.39,2592.02,153.76,336.58,35.67,2427.98,157.97,127.86,63.40,2109.62,167.72,854.86,45.19,2086.35,169.80,574.07,223.88,39.36,94.04,200.24,1777.68,3548.93,,149.41,110.09,586.26,3.13,932.95,56.62,481.44
2026-02-11T18:50:00Z,39.86,2584.07,153.98,346.65,35.58,2428.54,158.83,131.15,63.28,2120.01,167.92,843.51,45.34,2074.55,169.09,558.91,222.17,38.46,94.23,202.71,1780.53,3548.90,2.66,148.94,106.03,590.53,2.96,945.21,57.29,483.23
2026-02-11T19:00:00Z,39.99,2583.59,153.75,349.55,35.33,2432.54,158.71,114.91,63.21,2117.24,167.37,838.48,44.96,2073.23,168.09,552.71,220.38,37.49,93.84,199.21,1778.08,3544.88,2.17,148.51,105.66,589.34,3.09,945.50,57.14,488.88
2026-02-11T19:10:00Z,39.88,2569.56,154.29,368.04,35.58,2421.16,158.36,108.18,63.58,2114.36,167.37,844.15,45.05,2077.29,168.32,566.89,220.26,39.09,94.77,199.60,1784.25,3558.68,2.65,149.02,105.51,577.83,3.35,944.47,58.64,481.93
2026-02-11T19:20:00Z,39.53,2590.78,155.30,362.38,35.31,2428.50,158.54,98.32,63.52,2111.37,168.25,,44.89,2083.77,167.43,562.64,221.81,38.19,93.57,198.44,1769.22,3544.47,2.78,148.97,105.50,577.11,3.26,929.84,59.61,490.56
2026-02-11T19:30:00Z,39.77,2584.22,154.92,366.26,34.85,2442.91,157.98,107.47,63.52,2115.73,167.53,839.69,45.07,2079.94,167.85,562.25,218.13,38.65,93.67,197.08,1772.03,3558.80,2.56,150.14,105.40,573.58,3.25,,59.19,481.64
2026-02-11T19:40:00Z,39.81,2586.33,155.51,373.63,34.57,2462.69,158.04,94.58,63.96,2101.61,167.34,845.86,44.84,2078.19,167.58,553.59,227.98,39.76,94.19,206.21,1792.90,3553.19,2.48,150.99,108.79,590.81,2.92,946.17,59.72,472.01
2026-02-11T19:50:00Z,39.91,2583.62,155.13,358.52,34.76,2470.23,157.79,82.47,63.73,2102.14,167.72,851.27,44.65,2073.13,168.05,535.12,226.51,39.56,93.67,204.30,1785.62,3545.28,2.60,150.51,108.24,593.17,2.83,940.10,61.38,498.10
2026-02-11T20:00:00Z,39.56,2580.44,154.44,353.35,34.52,2472.03,157.76,87.15,63.64,2106.97,168.34,861.03,44.58,2073.65,167.52,531.52,226.78,39.05,92.93,207.31,1787.89,3546.22,2.60,148.89,110.85,592.68,3.25,944.18,60.27,493.00
2026-02-11T20:10:00Z,39.47,2587.99,154.63,347.03,34.63,2471.87,157.09,82.55,63.47,2118.65,168.19,842.87,44.41,2090.40,167.67,539.69,222.06,40.03,92.18,197.75,1773.38,3552.93,2.73,148.47,105.32,582.89,2.99,938.18,60.18,486.42
2026-02-11T20:20:00Z,39.64,2578.49,153.42,344.36,34.70,2447.34,157.67,82.20,63.14,2124.31,167.45,829.36,44.63,2090.69,167.36,535.20,223.89,37.90,92.79,204.44,1775.67,3545.24,2.43,149.76,107.24,579.68,3.00,935.21,59.96,481.63
2026-02-11T20:30:00Z,39.68,2578.62,153.73,338.89,34.75,2458.85,158.30,75.00,62.96,2115.56,166.95,830.55,44.69,2086.73,167.33,555.70,219.79,39.35,93.50,198.02,1775.70,3554.58,2.44,151.77,104.58,583.23,3.09,936.45,60.83,494.32
2026-02-11T20:40:00Z,39.96,2572.94,153.66,364.64,35.21,2456.97,158.58,89.67,63.01,2119.22,167.41,831.01,44.66,2093.49,167.38,554.77,221.71,38.30,92.10,199.62,1779.98,3539.47,2.82,149.76,105.56,586.50,2.79,940.71,59.77,478.94
2026-02-11T20:50:00Z,40.07,2570.17,154.44,377.79,35.43,2443.36,157.73,98.83,63.19,2124.90,167.14,839.07,44.82,2083.79,167.57,548.26,222.81,36.22,92.39,200.10,1775.60,3557.39,2.68,148.14,107.27,586.71,2.76,933.25,59.96,496.18
2026-02-11T21:00:00Z,39.95,2567.14,154.45,367.08,35.44,2446.24,157.79,90.43,63.65,2120.93,167.65,846.18,44.39,2085.69,168.78,554.69,221.73,37.26,93.26,202.74,1790.45,3542.28,2.37,149.09,105.10,578.96,3.10,946.47,58.54,468.34
2026-02-11T21:10:00Z,39.90,2573.45,154.67,362.73,35.71,2431.07,158.05,112.45,63.55,2123.02,167.00,836.97,44.46,2088.54,168.51,559.28,220.83,40.49,93.50,200.56,1782.39,3542.31,2.67,152.35,103.85,583.32,2.92,940.55,,496.06
2026-02-11T21:20:00Z,39.71,2569.61,154.53,353.15,36.10,2434.62,159.06,117.71,63.71,2110.50,168.05,836.45,44.43,2099.08,168.16,549.00,220.16,40.00,93.10,198.92,1784.94,3558.35,2.59,149.26,106.69,583.69,3.34,942.09,61.08,493.32
2026-02-11T21:30:00Z,40.09,2570.35,154.09,367.61,36.08,2432.65,158.98,115.53,63.78,2117.41,168.17,850.22,44.07,2101.44,168.14,532.25,216.89,40.65,93.91,197.08,1777.35,3563.64,2.36,148.76,103.37,574.47,2.87,936.78,60.40,483.49
2026-02-11T21:40:00Z,39.87,2574.38,154.43,369.66,36.00,2428.26,159.35,119.97,63.82,2107.16,166.97,848.16,43.85,2103.84,168.33,525.46,225.77,40.75,94.16,199.29,1771.38,3543.90,2.60,148.73,109.26,585.30,3.03,938.73,60.68,490.67
2026-02-11T21:50:00Z,39.72,2576.84,154.44,360.09,36.07,2429.05,158.86,122.64,64.28,2096.06,166.93,870.69,43.90,2106.26,167.98,521.47,218.33,40.09,93.10,193.46,1779.98,3549.33,2.55,149.84,103.10,575.64,3.12,930.76,58.91,474.96
2026-02-11T22:00:00Z,39.89,2587.96,154.41,354.67,35.71,2427.61,159.52,131.41,64.32,2092.88,166.95,858.31,43.93,2109.49,168.24,526.46,218.22,37.11,92.26,196.69,1772.45,3550.97,2.39,148.84,102.86,577.98,2.98,933.26,58.61,482.10
2026-02-11T22:10:00Z,39.97,2576.31,153.79,359.76,36.08,2426.68,159.17,144.07,64.20,2087.72,168.04,855.93,44.29,2097.56,168.64,515.86,217.46,36.68,94.47,193.76,1770.00,3543.19,2.39,148.43,106.82,577.44,2.99,931.61,58.82,482.02
2026-02-11T22:20:00Z,39.64,2570.80,153.88,362.52,36.23,2412.97,159.24,156.21,64.10,2090.22,167.29,855.69,44.83,2081.22,168.36,533.63,219.63,38.73,93.37,198.38,1776.63,3552.99,2.53,149.17,102.64,581.77,2.89,941.07,61.56,477.79
2026-02-11T22:30:00Z,39.25,2584.95,153.80,361.40,36.29,2417.35,158.95,142.68,64.59,2076.44,167.98,879.68,45.05,2075.36,168.08,552.25,223.28,37.94,93.52,202.54,1767.32,3541.97,2.58,150.46,106.47,575.84,3.22,933.08,60.41,497.20
2026-02-11T22:40:00Z,39.76,2576.13,154.21,348.63,36.33,2412.98,159.22,139.74,64.49,2085.80,168.48,875.40,44.89,2079.80,167.90,545.45,224.77,38.33,92.54,205.03,1781.75,3544.36,2.10,149.03,109.64,585.34,2.93,931.25,59.50,492.65
2026-02-11T22:50:00Z,39.93,2569.80,154.06,368.13,35.87,2422.95,158.90,140.67,64.42,2090.00,168.11,881.60,44.57,2083.82,168.28,539.96,221.49,40.37,93.66,196.46,1781.37,3548.97,2.48,150.18,105.04,580.29,3.22,938.53,60.68,477.37
2026-02-11T23:00:00Z,39.87,2577.28,153.89,369.97,35.59,2435.98,158.67,141.41,64.52,2079.44,168.10,884.11,44.93,2079.36,168.30,538.43,225.58,41.61,92.99,205.23,1788.29,3547.73,2.48,150.86,107.63,586.70,3.16,937.63,60.19,489.72
2026-02-11T23:10:00Z,40.05,2575.39,153.57,369.25,35.57,2437.19,158.85,133.30,64.44,2089.31,168.62,878.59,45.01,2085.42,169.00,537.40,220.12,40.24,93.64,204.06,1776.88,3543.28,2.48,150.96,105.67,583.23,2.90,935.18,60.41,484.06
2026-02-11T23:20:00Z,40.09,2575.05,153.85,375.10,35.52,2442.48,158.88,121.69,64.36,2091.76,168.52,863.52,44.71,2078.88,168.41,550.60,223.68,39.88,94.36,200.95,1787.29,3551.41,2.47,150.31,104.63,580.74,2.98,948.99,59.89,478.51
2026-02-11T23:30:00Z,39.64,2579.33,154.81,360.51,35.21,2445.41,158.32,102.07,64.58,2083.49,168.02,857.50,44.89,2076.00,168.20,554.44,222.69,38.78,93.89,198.37,1780.82,3545.27,2.53,150.34,103.58,581.75,2.60,935.15,59.91,485.60
2026-02-11T23:40:00Z,39.53,2582.61,154.32,353.54,34.98,2447.40,157.66,97.92,65.43,2072.16,167.98,877.97,44.59,2080.96,168.45,551.18,225.83,38.28,93.35,202.39,1774.35,3558.53,2.62,151.72,107.96,586.09,3.17,942.51,61.35,488.48
2026-02-11T23:50:00Z,39.10,2588.71,154.38,339.96,34.93,2446.97,157.40,104.05,65.32,2068.04,169.08,894.89,44.35,2091.58,168.74,544.24,223.24,39.86,92.97,203.10,1781.13,3551.24,2.77,152.21,105.76,580.63,2.90,942.26,59.58,482.15
