timestamp,VAR_001,VAR_002,VAR_003,VAR_004,VAR_005,VAR_006,VAR_007,VAR_008,VAR_009,VAR_010,VAR_011,VAR_012,VAR_013,VAR_014,VAR_015,VAR_016,VAR_017,VAR_018,VAR_019,VAR_020,VAR_021,VAR_022,VAR_023,VAR_024,VAR_025,VAR_026,VAR_027,VAR_028,VAR_029,VAR_030
2026-01-08T00:00:00Z,46.55,2411.68,159.07,600.18,33.02,2510.73,156.23,23.98,69.62,1966.81,172.69,1056.63,48.25,1988.79,170.74,679.46,241.85,48.42,96.25,217.27,1786.54,3561.84,2.26,149.82,114.71,592.47,2.61,944.67,59.64,500.63
2026-01-08T00:10:00Z,46.62,2416.26,158.29,613.35,32.97,2505.55,155.91,17.64,69.74,1959.81,171.91,1066.25,48.55,1997.21,171.45,682.77,243.16,48.36,95.61,217.63,1789.56,3555.14,2.60,149.84,115.48,593.51,2.80,946.32,59.57,490.77
2026-01-08T00:20:00Z,46.77,2421.21,158.45,615.83,32.73,2512.46,155.71,19.49,69.69,1957.11,172.15,1055.78,48.13,2004.46,170.61,649.97,245.67,48.54,94.85,219.81,1795.76,3559.71,2.49,148.85,118.49,598.19,3.29,946.66,61.17,497.30
2026-01-08T00:30:00Z,46.70,2415.80,159.00,607.38,33.00,2497.82,156.08,10.65,69.30,1964.91,172.46,1049.45,48.56,1989.34,171.64,665.47,248.55,49.13,94.77,221.09,1793.39,3561.70,2.64,148.53,118.79,593.49,3.00,948.25,60.54,502.63
2026-01-08T00:40:00Z,46.75,2412.68,158.65,605.71,33.18,2493.16,156.10,16.92,69.09,1973.28,171.92,1036.68,48.35,1988.20,171.15,669.09,247.06,47.46,92.93,223.01,1800.58,3556.61,2.59,146.86,120.40,601.22,2.84,949.36,59.43,503.85
2026-01-08T00:50:00Z,46.88,2409.76,158.42,596.94,32.89,2499.32,156.30,18.46,69.20,1972.68,171.38,1035.14,48.35,1990.00,171.63,670.46,243.01,47.91,93.18,216.42,1798.86,3549.23,2.51,149.98,115.95,585.44,3.38,954.78,60.00,475.45
2026-01-08T01:00:00Z,46.89,2412.20,158.45,595.77,32.56,2498.60,155.57,1.77,68.92,1986.21,171.92,1034.56,48.63,1987.62,171.21,684.51,241.71,46.60,93.93,218.04,1791.40,3548.19,2.58,148.27,114.31,594.29,3.02,948.14,58.98,503.54
2026-01-08T01:10:00Z,46.65,2407.41,159.03,603.62,32.08,2526.36,156.33,7.63,68.80,1977.95,171.05,1029.61,48.91,1991.62,171.16,681.45,241.78,46.09,93.59,215.03,1791.79,3540.80,2.45,149.28,116.69,592.49,3.11,941.05,58.59,493.69
2026-01-08T01:20:00Z,46.38,2409.88,158.57,594.37,32.10,2522.50,155.80,0.10,68.70,1978.16,171.41,1026.33,49.38,1973.58,170.60,700.63,242.30,47.56,93.91,216.82,1789.68,3553.93,2.54,149.76,115.51,596.15,2.82,947.68,57.91,501.87
2026-01-08T01:30:00Z,46.65,2403.47,158.17,605.97,32.08,2515.51,155.57,0.00,68.40,1977.64,170.33,1012.26,49.33,1963.91,170.54,714.88,243.83,,94.89,217.25,1786.28,3542.39,2.54,149.87,115.85,598.27,3.14,948.20,58.22,496.88
2026-01-08T01:40:00Z,46.82,2397.71,159.05,596.98,31.98,2517.92,155.59,0.77,68.54,1977.75,170.18,1002.76,49.33,1958.75,171.20,721.65,244.73,50.60,94.29,221.72,1804.70,3554.82,2.62,150.85,114.38,600.75,2.69,951.39,58.93,510.91
2026-01-08T01:50:00Z,46.56,2406.76,159.41,613.71,31.96,2528.22,155.41,0.00,68.92,1993.50,170.62,1013.85,49.65,1965.24,171.28,725.82,238.97,49.08,93.77,215.86,1802.13,3554.60,2.66,149.60,113.78,590.01,3.35,950.33,60.78,485.02
2026-01-08T02:00:00Z,46.58,2404.51,158.62,621.13,32.12,2522.19,155.16,0.00,68.93,1988.86,170.95,1022.80,49.91,1955.22,171.49,729.06,243.72,48.60,93.73,217.81,1793.69,3540.18,2.44,148.51,117.81,599.60,2.73,946.25,59.32,501.54
2026-01-08T02:10:00Z,46.30,2413.62,159.02,623.49,32.24,2520.59,156.42,0.00,68.61,1989.20,171.94,1020.32,49.68,1956.23,172.42,716.43,248.58,47.46,94.44,220.70,1797.63,3545.67,2.27,150.22,120.37,596.99,2.79,950.67,58.51,498.61
2026-01-08T02:20:00Z,46.61,2407.45,158.99,631.45,32.10,2519.12,155.32,0.00,68.87,1976.73,171.95,1034.60,49.61,1966.42,171.35,698.83,248.23,47.74,94.51,222.05,1794.71,3558.04,2.67,149.68,117.95,602.84,3.01,946.75,58.01,497.47
2026-01-08T02:30:00Z,46.34,2405.62,158.88,620.11,32.47,2508.41,156.16,3.23,69.20,1971.13,171.08,1041.06,49.46,1971.65,172.44,701.99,247.52,47.22,93.80,222.39,1798.48,3541.72,2.66,148.72,118.69,597.98,2.96,952.26,59.34,501.17
2026-01-08T02:40:00Z,46.41,2411.39,159.39,615.24,32.66,2503.17,155.53,13.14,69.28,1964.93,171.14,1046.08,49.11,1972.30,171.47,702.48,246.57,48.81,94.20,222.49,1794.79,3540.35,2.42,151.26,118.50,600.81,3.11,952.56,58.00,503.68
2026-01-08T02:50:00Z,46.00,2424.13,158.99,600.26,32.33,2504.15,156.20,16.50,69.44,1977.16,171.42,1050.07,49.43,1964.59,171.63,704.21,250.29,48.83,95.32,222.49,1807.13,3537.01,2.29,151.92,120.51,600.48,2.78,950.49,59.28,495.83
2026-01-08T03:00:00Z,46.08,2421.49,159.36,596.09,32.39,2510.22,157.20,24.35,69.31,1968.64,171.01,1032.92,49.60,1962.03,172.23,715.38,243.11,48.24,95.18,215.73,1795.30,3542.78,2.53,149.49,115.80,594.59,2.91,942.81,59.82,494.58
2026-01-08T03:10:00Z,46.33,2417.44,159.52,591.84,32.59,2507.34,156.32,18.30,69.16,1971.45,170.39,1046.01,49.82,1966.67,172.47,711.96,245.26,50.55,94.85,221.33,1799.16,3552.48,2.39,148.51,118.73,595.36,2.98,951.68,58.67,508.17
2026-01-08T03:20:00Z,46.20,2418.80,159.53,582.69,32.41,2502.24,155.76,17.54,69.65,1970.07,170.78,1045.31,49.88,1957.34,172.32,708.38,246.52,48.38,94.53,224.98,1800.47,3546.42,2.52,149.77,117.94,594.30,2.75,948.46,60.29,501.71
2026-01-08T03:30:00Z,46.22,2420.57,158.75,574.63,32.32,2520.31,156.36,24.81,70.21,1957.15,171.61,1043.81,49.68,1962.38,171.31,710.00,247.18,50.53,94.42,222.42,1801.49,3562.44,2.58,150.69,117.34,598.16,2.64,953.23,58.86,488.48
2026-01-08T03:40:00Z,46.22,2427.76,158.99,581.33,32.29,2515.77,156.24,7.97,70.10,1959.12,171.28,1060.56,49.55,1961.99,171.40,701.68,250.37,47.48,94.22,224.38,1794.05,3555.12,2.50,148.93,119.96,606.30,3.17,944.35,60.18,511.72
2026-01-08T03:50:00Z,46.12,2429.64,158.65,582.59,32.14,2526.26,156.20,0.00,70.20,1956.34,171.69,1056.82,49.56,1955.70,171.72,715.73,247.58,47.11,94.82,224.66,1806.19,3540.74,2.78,149.22,120.98,599.22,3.03,954.88,61.10,494.63
2026-01-08T04:00:00Z,46.38,2422.83,158.67,592.74,32.16,2528.04,156.91,0.00,70.35,1943.61,171.91,1066.55,50.07,1964.26,171.72,732.37,248.82,50.01,95.37,222.93,1797.24,3563.37,2.48,150.41,120.29,595.37,3.01,945.24,60.87,488.83
2026-01-08T04:10:00Z,46.67,2415.27,158.45,594.69,32.27,2523.43,156.21,7.45,69.91,1945.10,172.43,1082.27,49.82,1959.57,172.04,722.62,255.02,50.39,94.96,228.16,1806.55,3560.97,2.71,150.58,124.27,604.03,2.81,953.13,59.54,488.12
2026-01-08T04:20:00Z,46.92,2408.47,158.48,602.10,32.38,2520.02,155.96,5.82,70.00,1952.28,172.55,1090.09,49.60,1950.89,171.00,719.88,247.82,50.45,95.89,224.19,1789.80,3541.52,2.31,149.35,115.34,593.28,3.07,944.85,59.13,493.79
2026-01-08T04:30:00Z,46.75,2421.32,158.76,595.86,32.40,2506.71,156.12,1.64,70.35,1937.28,171.90,1094.55,49.34,1958.85,171.12,716.82,249.88,51.70,94.76,225.81,1808.57,3558.74,2.42,152.08,119.84,605.58,3.10,959.99,60.12,510.53
2026-01-08T04:40:00Z,46.87,2404.88,159.03,589.97,32.35,2514.82,155.63,0.00,70.40,1934.30,172.00,1090.16,49.10,1971.31,172.01,726.09,248.39,52.61,94.96,227.03,1798.53,3544.63,2.62,150.36,119.74,595.89,2.92,947.10,59.70,510.77
2026-01-08T04:50:00Z,46.57,2400.77,158.96,597.83,32.05,2517.58,156.30,0.00,70.15,1938.32,171.48,1080.82,49.56,1970.13,171.43,714.28,249.75,49.41,94.94,223.33,1791.59,3551.56,2.56,149.58,118.58,601.39,3.03,947.00,59.20,501.99
2026-01-08T05:00:00Z,46.48,2398.12,159.21,610.38,32.03,2517.72,156.61,0.00,69.91,1929.18,171.87,1093.54,49.53,1978.88,171.19,711.95,244.84,50.79,95.46,218.43,1795.28,3542.33,2.66,147.78,120.20,599.35,2.81,948.61,59.43,497.68
2026-01-08T05:10:00Z,46.45,2409.23,158.25,603.34,31.86,2519.01,156.57,0.00,70.08,1938.82,172.12,1106.30,49.51,1970.24,171.52,706.81,245.13,50.37,95.11,222.14,1798.84,3556.41,2.71,150.91,116.53,597.11,2.91,941.60,60.10,501.14
2026-01-08T05:20:00Z,46.77,2411.08,158.36,594.87,31.71,2519.22,155.90,0.00,69.92,1943.58,172.93,1085.81,49.33,1974.89,170.50,689.33,250.49,48.20,94.74,223.16,1794.50,3565.46,2.12,151.99,120.92,605.38,2.73,943.81,60.07,501.21
2026-01-08T05:30:00Z,46.81,2409.82,159.06,585.62,31.73,2519.55,155.89,6.62,69.83,1950.10,173.06,1085.16,49.07,1972.95,170.66,705.18,249.43,47.56,95.02,222.71,1797.18,3548.79,2.60,149.02,119.31,595.61,2.93,947.36,60.51,499.73
2026-01-08T05:40:00Z,46.54,2426.17,158.80,588.57,31.79,2525.66,156.01,0.00,69.80,1947.31,173.05,1080.77,49.46,1968.00,170.63,726.59,251.09,49.19,94.46,226.48,1798.37,3563.70,2.94,152.54,120.74,608.45,3.14,950.00,59.57,502.63
2026-01-08T05:50:00Z,46.57,2419.52,158.96,584.50,31.77,2529.85,156.41,0.00,70.33,1935.13,172.75,1085.12,49.43,1961.24,171.52,718.38,242.32,50.33,95.29,216.24,1797.33,3536.04,2.53,149.14,116.04,593.32,3.51,949.16,61.03,488.04
2026-01-08T06:00:00Z,47.08,2399.82,158.93,598.84,31.61,2530.36,156.04,2.09,70.39,1937.79,172.29,1072.41,49.02,1971.85,171.82,711.69,245.28,51.66,95.42,224.09,1788.05,3551.15,2.80,150.11,117.47,600.18,2.85,942.28,61.80,506.12
2026-01-08T06:10:00Z,46.86,2411.74,158.75,610.43,31.83,2540.68,155.74,0.00,70.44,1941.57,171.84,1077.23,48.77,1976.18,171.55,709.61,247.05,50.48,94.97,220.67,1790.75,3557.20,2.73,150.67,118.15,597.50,2.97,946.55,60.93,502.83
2026-01-08T06:20:00Z,46.93,2396.26,159.44,615.22,31.86,2532.63,155.95,0.00,70.34,1937.81,171.92,1082.62,48.49,1979.66,171.84,696.69,249.34,49.63,95.04,224.18,1797.36,3547.83,2.23,150.37,119.63,595.25,3.10,950.32,59.97,484.50
2026-01-08T06:30:00Z,47.19,2406.83,159.15,617.85,32.02,2540.57,155.38,0.00,70.60,1940.91,171.86,1091.79,48.22,1987.36,171.19,680.63,247.13,49.64,95.19,221.98,1791.12,3546.18,2.74,150.13,120.83,600.27,2.92,937.25,58.73,494.69
2026-01-08T06:40:00Z,46.94,2398.95,159.83,616.94,31.87,2533.52,155.48,0.00,70.24,1942.80,171.80,1086.65,48.16,1998.17,170.31,670.32,243.88,52.67,94.73,220.39,1789.33,3549.35,2.63,149.48,118.68,599.05,3.18,943.23,58.55,505.02
2026-01-08T06:50:00Z,46.55,2413.89,159.49,591.40,31.83,2533.95,155.65,0.00,70.48,1945.52,172.15,1087.74,48.58,2000.62,170.23,666.85,243.94,47.26,95.06,221.02,1795.70,3551.03,2.84,152.02,118.96,594.13,2.99,947.98,58.60,488.85
2026-01-08T07:00:00Z,46.59,2411.31,158.89,585.10,32.35,2527.06,155.87,6.06,70.31,1945.60,172.55,1103.88,48.70,1981.34,170.44,669.40,241.50,47.86,95.25,217.85,1791.96,3546.36,2.45,150.19,116.44,595.24,2.85,950.94,59.37,488.15
2026-01-08T07:10:00Z,46.40,2417.32,158.83,597.57,31.93,2515.33,156.40,0.00,70.16,1944.77,172.33,1088.63,49.18,1977.61,170.69,688.45,245.19,49.34,95.49,218.13,1789.78,3538.11,2.41,149.86,115.40,593.35,3.03,945.97,59.21,494.75
2026-01-08T07:20:00Z,46.24,2419.37,158.43,596.75,31.85,2520.41,156.07,0.00,70.09,1939.67,172.24,1076.68,49.34,1969.27,171.07,693.40,248.29,47.58,94.54,221.36,1801.95,3544.96,2.53,150.63,117.65,600.62,2.90,951.36,58.81,508.83
2026-01-08T07:30:00Z,46.46,2408.87,158.92,605.69,31.87,2533.72,156.31,0.00,69.73,1950.35,171.54,1054.69,49.15,1968.63,171.35,700.15,245.06,47.25,94.03,219.69,1797.54,3561.10,2.34,149.97,117.33,589.83,2.90,950.86,59.66,488.73
2026-01-08T07:40:00Z,46.46,2409.75,158.75,597.35,31.62,2532.11,156.18,0.00,69.78,1956.73,171.26,1050.53,49.25,1978.05,171.63,705.20,250.43,47.30,94.58,226.46,1802.93,3541.73,2.22,150.77,121.34,601.76,2.82,946.52,60.18,495.42
2026-01-08T07:50:00Z,46.68,2401.34,159.09,609.99,31.29,2539.43,155.40,0.00,69.51,1957.55,172.39,1060.76,49.13,1970.60,171.32,701.65,247.95,50.61,95.33,224.57,1799.55,3547.97,2.23,148.83,118.51,598.53,2.99,950.83,60.27,493.11
2026-01-08T08:00:00Z,46.63,2400.62,158.01,594.04,31.48,2546.14,156.20,0.00,69.30,1966.69,171.70,1059.89,49.41,1967.34,171.49,706.34,244.34,48.98,95.07,217.30,1791.36,3555.43,2.72,151.11,118.32,599.38,3.22,940.27,59.53,496.93
2026-01-08T08:10:00Z,46.72,2409.03,158.37,595.91,31.64,2538.06,156.07,0.00,68.97,1969.69,171.94,1036.67,49.28,1965.73,171.49,721.79,247.46,47.32,93.97,226.60,1806.76,3545.77,2.60,147.98,119.30,599.97,2.99,952.30,60.16,506.13
2026-01-08T08:20:00Z,46.45,2417.12,158.18,605.49,31.55,2550.57,155.67,0.00,68.81,1989.30,171.46,1036.83,49.26,1967.34,171.81,717.47,246.85,49.63,94.45,219.48,1792.32,3548.51,2.50,150.71,115.46,595.04,3.00,943.16,59.83,500.66
2026-01-08T08:30:00Z,46.41,2417.09,158.53,610.16,31.29,2557.49,155.86,0.00,68.70,1979.85,171.10,1035.54,48.78,1970.13,171.96,715.89,248.91,48.90,94.18,225.16,1803.85,3560.10,2.50,148.60,120.37,600.45,2.98,953.76,59.79,502.27
2026-01-08T08:40:00Z,45.90,2422.08,158.95,592.30,31.49,2539.20,155.83,0.00,68.87,1981.80,171.59,1036.58,48.77,1975.60,171.39,683.08,239.89,46.52,94.17,217.77,1789.13,3550.40,2.66,150.86,116.12,597.60,2.88,944.97,60.45,500.04
2026-01-08T08:50:00Z,45.95,2419.56,159.02,589.29,31.43,2537.74,155.38,0.00,69.08,1983.23,171.08,1028.48,48.71,1984.41,170.97,685.38,238.72,46.70,94.01,210.72,1783.48,3540.79,2.50,150.24,114.29,593.53,3.09,943.38,59.97,492.04
2026-01-08T09:00:00Z,45.98,2424.86,159.30,601.09,31.24,2534.03,156.13,0.00,68.80,1980.71,171.37,1020.99,48.33,1986.33,171.24,685.55,241.69,46.33,94.07,215.64,1780.46,3540.37,2.84,148.95,115.39,597.42,2.93,938.65,60.37,495.12
2026-01-08T09:10:00Z,46.14,2413.62,159.06,594.38,31.43,2539.29,155.97,0.00,68.88,1984.62,170.86,1030.50,48.65,1998.43,171.59,678.69,249.66,45.41,94.30,223.57,1790.56,3548.08,2.50,150.49,117.61,601.84,2.49,934.40,61.51,517.84
2026-01-08T09:20:00Z,45.96,2434.04,158.86,600.10,31.65,2542.20,156.03,0.00,68.68,1985.57,171.20,1026.80,48.79,1985.59,171.48,702.11,243.57,44.80,93.69,219.34,1790.79,3560.15,2.63,149.66,119.08,597.78,3.19,942.53,60.87,496.43
2026-01-08T09:30:00Z,45.80,2433.33,158.09,589.75,31.87,2535.33,156.12,0.00,68.85,1970.17,171.42,1045.33,48.89,1973.25,170.79,714.01,247.70,48.08,94.17,221.90,1802.39,3548.59,2.49,150.35,118.78,592.61,2.71,950.01,59.69,490.25
2026-01-08T09:40:00Z,46.10,2418.56,158.37,600.29,31.92,2537.82,155.79,0.00,68.63,1969.55,172.31,1049.90,48.39,1977.40,170.12,687.74,242.08,46.44,93.63,218.60,1793.22,3540.92,2.85,149.52,115.71,600.59,3.05,955.21,58.66,502.81
2026-01-08T09:50:00Z,46.45,2419.67,158.82,592.35,32.12,2519.60,155.41,0.00,68.51,1972.46,172.15,1038.26,48.31,1986.68,170.70,692.35,245.70,45.56,93.61,221.18,1790.23,3548.30,2.52,149.04,117.45,602.08,2.66,939.40,59.47,506.91
2026-01-08T10:00:00Z,46.29,2422.83,158.80,593.79,32.42,2519.79,155.80,6.93,68.47,1980.80,171.41,1033.29,48.28,1996.00,170.63,682.06,242.40,47.22,94.80,220.35,1789.09,3555.66,2.50,148.63,115.80,596.41,2.75,947.58,58.53,507.84
2026-01-08T10:10:00Z,46.17,2408.77,158.99,602.47,32.38,2519.94,156.74,4.82,68.69,1980.21,170.68,1032.27,48.78,1987.36,170.55,683.91,239.66,47.42,94.91,215.17,1793.84,3550.34,2.62,149.08,112.10,590.41,3.34,939.52,59.73,492.15
2026-01-08T10:20:00Z,46.58,2407.39,159.79,605.96,32.61,2518.55,156.67,0.00,69.05,1968.45,170.54,1032.71,48.85,1996.53,171.18,679.76,239.85,45.58,95.71,212.40,1796.69,3562.60,2.40,150.53,113.94,591.27,3.26,941.74,59.90,495.53
2026-01-08T10:30:00Z,46.11,2407.05,160.60,602.23,33.27,2491.37,156.46,12.67,69.10,1981.94,170.55,1033.75,49.35,1976.11,171.12,691.52,243.30,49.43,96.00,221.00,1801.61,3550.34,2.36,149.74,116.99,597.00,3.07,951.22,60.15,499.55
2026-01-08T10:40:00Z,46.15,2423.03,159.76,589.37,33.20,2499.75,156.57,11.26,68.77,1979.49,170.68,1029.53,49.61,1969.39,170.79,688.71,244.64,47.75,95.41,220.47,1800.04,3552.64,2.40,150.07,117.68,600.49,3.16,952.54,60.30,501.13
2026-01-08T10:50:00Z,46.68,2415.58,159.34,595.56,33.12,2501.95,156.85,18.79,69.07,1974.08,171.10,1034.66,48.88,1977.35,171.57,699.53,243.07,46.40,94.59,221.38,1797.03,3558.93,2.42,149.18,116.70,594.50,2.66,947.55,60.91,490.75
2026-01-08T11:00:00Z,46.44,2411.17,158.73,582.15,32.83,2505.07,155.70,16.50,69.21,1968.35,171.22,1029.68,48.99,1979.16,171.26,688.33,239.52,46.13,94.01,212.76,1790.98,3559.19,2.54,150.89,115.61,596.78,2.87,949.45,61.68,492.74
2026-01-08T11:10:00Z,46.82,2412.09,158.85,580.89,32.75,2513.05,155.94,15.07,69.54,1962.33,171.49,1038.24,48.88,1974.38,171.09,690.52,245.92,45.29,93.61,221.15,1795.39,3553.16,2.72,149.88,118.07,601.66,3.12,950.62,60.67,506.37
2026-01-08T11:20:00Z,46.90,2410.44,159.03,595.24,32.56,2510.04,156.05,17.46,69.44,1969.13,171.51,1040.63,49.13,1975.08,170.60,687.10,246.33,48.00,94.07,222.36,1795.04,3555.97,2.37,148.79,118.25,591.91,2.95,956.87,60.80,488.21
2026-01-08T11:30:00Z,47.19,2398.67,158.79,600.90,31.91,2523.49,155.77,9.72,69.63,1950.27,172.21,1060.84,49.02,1958.64,170.39,703.27,247.10,48.31,94.46,219.43,1795.54,3556.44,2.54,148.71,114.58,593.86,3.35,947.21,60.25,497.81
2026-01-08T11:40:00Z,46.83,2405.09,158.92,603.77,32.04,2522.86,155.40,15.26,69.94,1950.39,172.14,1064.42,48.46,1983.83,171.22,698.47,247.11,47.47,95.11,221.63,1790.74,3546.56,2.45,150.05,119.98,589.47,2.78,945.31,60.63,491.97
2026-01-08T11:50:00Z,46.64,2416.61,158.38,596.74,32.13,2532.17,155.75,0.00,70.11,1941.07,171.61,1075.30,48.24,1985.35,170.94,697.01,246.81,47.53,95.00,225.50,1813.06,3548.62,2.43,150.06,116.36,596.88,3.17,953.27,60.07,495.73
2026-01-08T12:00:00Z,46.39,2420.17,158.71,593.51,32.22,2522.17,155.69,8.11,70.36,1943.66,171.59,1081.33,48.33,1991.10,171.40,685.91,244.19,48.75,94.55,219.71,1796.23,3539.53,2.66,149.07,118.28,598.37,3.18,945.59,60.49,509.62
2026-01-08T12:10:00Z,46.28,2423.56,158.42,587.26,32.67,2512.05,155.60,10.27,70.16,1948.68,171.56,1088.50,48.37,1993.18,171.35,678.65,248.79,49.17,94.65,223.69,1802.78,3555.07,2.40,150.18,117.77,600.39,3.05,951.73,60.62,497.60
2026-01-08T12:20:00Z,46.53,2415.76,159.40,600.12,32.71,2502.87,155.97,19.49,70.14,1936.39,171.63,1076.68,48.27,1998.98,171.46,679.97,249.83,48.61,94.77,222.26,1794.74,3545.14,2.68,151.23,120.95,602.78,3.08,944.29,58.98,506.12
2026-01-08T12:30:00Z,46.78,2404.47,159.70,610.07,32.63,2498.46,156.28,22.48,70.30,1933.70,171.72,1088.38,48.72,1990.84,171.57,686.64,247.17,49.51,94.73,223.01,1805.53,3553.23,2.63,149.75,117.49,593.23,3.05,952.95,59.78,489.67
2026-01-08T12:40:00Z,47.07,2393.93,159.38,605.17,32.88,2495.50,156.41,18.47,70.23,1950.54,172.19,1082.44,48.88,1991.63,171.33,677.03,246.76,51.17,94.74,224.05,1795.62,3551.65,2.46,150.75,119.89,601.27,2.81,951.04,59.42,500.79
2026-01-08T12:50:00Z,46.99,,159.25,620.71,32.70,2507.02,156.82,18.40,70.27,1958.55,172.24,1085.60,48.74,1981.45,171.13,684.25,248.70,50.54,95.12,222.83,1799.26,3534.47,2.52,152.44,119.11,593.53,3.32,951.44,61.11,499.04
2026-01-08T13:00:00Z,46.44,2398.34,160.05,616.55,32.67,2500.98,156.63,13.77,70.46,1944.88,172.15,1099.37,48.68,1977.57,171.49,693.76,250.18,50.23,95.95,226.51,1787.50,3549.93,2.52,149.05,119.16,594.20,3.14,942.51,60.38,498.81
2026-01-08T13:10:00Z,46.25,2408.58,159.29,604.20,33.07,2505.67,156.27,12.26,70.24,1946.73,172.19,1096.63,48.50,1971.38,171.00,691.62,245.28,50.05,95.79,222.20,1799.80,3551.35,2.47,149.23,117.33,590.99,3.20,954.98,59.77,492.21
2026-01-08T13:20:00Z,46.52,2417.76,159.04,603.48,32.90,2501.39,,28.24,70.09,1947.76,172.54,1075.05,48.40,1972.62,171.22,690.62,246.13,48.32,95.17,220.73,1800.53,3554.04,2.13,150.01,119.42,598.49,3.29,947.87,60.22,491.83
2026-01-08T13:30:00Z,46.49,2413.67,158.71,601.44,32.66,2499.68,157.04,32.49,69.67,1952.54,172.90,1080.36,48.64,1975.30,171.00,693.14,245.32,47.99,94.95,225.16,1807.29,3551.49,2.57,149.65,118.21,591.69,2.86,953.30,59.03,498.24
2026-01-08T13:40:00Z,46.70,2420.27,158.93,597.65,32.65,2505.33,156.80,18.77,69.63,1969.20,171.58,1053.79,48.56,1976.16,170.79,700.44,241.82,49.63,95.00,216.42,1792.00,3542.43,2.44,150.36,117.29,596.04,3.26,946.14,59.78,504.02
2026-01-08T13:50:00Z,46.78,2420.08,158.72,590.97,32.47,2510.69,156.97,13.81,69.71,1958.19,171.73,1069.90,49.08,1973.37,171.27,700.73,243.46,50.08,95.57,217.00,1787.59,3546.47,2.63,149.30,114.68,587.11,3.11,944.18,59.62,489.37
2026-01-08T14:00:00Z,46.58,2410.13,159.32,600.92,32.39,2511.54,157.21,16.82,69.22,1963.27,171.79,1068.13,49.08,1993.08,170.75,691.27,245.42,48.68,95.45,224.43,1789.69,3556.49,2.65,149.28,116.35,596.44,2.79,945.92,59.32,494.41
2026-01-08T14:10:00Z,46.75,2418.23,158.91,590.41,32.53,2500.12,156.60,21.08,69.45,1965.85,172.50,1067.94,48.94,1997.41,170.92,689.27,241.97,48.40,94.68,217.85,1787.94,3547.19,2.40,150.87,116.13,595.23,2.82,949.65,59.46,497.86
2026-01-08T14:20:00Z,46.37,2407.90,159.20,597.44,32.35,2512.41,156.63,5.53,68.82,1973.82,172.75,1066.51,48.83,1995.42,171.33,699.49,248.16,47.54,94.74,226.27,1797.73,3560.36,2.40,148.17,120.13,603.83,2.78,952.74,60.69,499.54
2026-01-08T14:30:00Z,46.50,2418.15,159.45,593.94,32.79,2498.04,156.06,13.68,68.86,1978.26,171.86,1039.24,48.64,1980.48,170.93,682.27,248.70,46.17,94.98,222.21,1801.01,3547.49,2.73,150.72,121.38,603.60,3.20,948.81,60.85,508.05
2026-01-08T14:40:00Z,46.81,2407.93,158.74,592.22,32.45,2510.08,156.50,6.72,69.51,1973.79,171.94,1043.35,48.78,1975.20,171.64,687.62,237.10,44.41,95.25,212.70,1800.69,3550.37,2.39,149.79,113.97,592.79,2.91,948.41,59.63,503.18
2026-01-08T14:50:00Z,46.95,2399.04,158.67,605.11,32.09,2521.49,155.89,0.00,69.72,1954.75,171.77,1060.26,49.16,1970.79,171.48,691.12,240.11,47.45,95.27,217.64,1793.44,3544.92,2.77,150.69,116.96,596.50,2.84,951.65,60.23,492.98
2026-01-08T15:00:00Z,46.75,2400.42,159.23,612.42,31.97,2529.00,156.04,3.08,69.82,1943.17,171.66,1073.48,48.82,1976.41,171.58,684.10,243.08,47.18,95.35,222.97,1803.83,3565.74,2.54,151.78,116.03,597.43,2.85,950.05,60.04,490.56
2026-01-08T15:10:00Z,46.48,2401.88,159.28,617.56,31.95,2521.06,155.97,9.44,69.88,1943.02,172.00,1081.93,48.47,1991.41,171.02,682.68,236.60,49.28,95.22,209.76,1791.80,3564.13,2.40,150.26,114.25,592.28,2.92,945.29,59.74,482.71
2026-01-08T15:20:00Z,46.66,2403.29,159.11,620.08,32.01,2525.55,156.34,0.00,69.65,1952.74,172.13,1081.47,48.94,1980.49,171.14,684.86,245.73,50.64,94.94,219.47,1800.68,3548.60,2.43,150.54,118.53,598.98,2.98,945.63,59.06,500.35
2026-01-08T15:30:00Z,46.58,2398.73,159.75,620.07,32.29,2528.08,155.93,0.00,69.81,1941.76,171.96,1081.37,48.75,1990.65,171.29,696.78,251.01,51.47,95.39,228.27,1806.74,3548.43,2.16,149.87,119.53,602.97,3.02,951.89,60.17,494.58
2026-01-08T15:40:00Z,47.08,2407.73,159.17,611.44,32.51,2518.80,155.74,0.00,69.33,1950.88,172.31,1059.78,48.64,1992.67,171.61,674.10,250.32,47.06,95.11,223.27,1802.20,3543.69,2.37,150.31,120.12,610.87,3.18,952.18,61.30,509.17
2026-01-08T15:50:00Z,47.52,2390.27,159.69,627.23,32.40,2521.15,156.32,2.89,69.64,1958.72,171.86,1052.00,48.85,1990.08,171.28,675.71,244.21,49.12,95.02,219.94,1799.61,3560.99,2.49,150.44,117.81,595.82,3.10,945.83,60.15,488.85
2026-01-08T16:00:00Z,47.15,2397.71,159.74,631.37,32.19,2521.30,155.88,4.15,69.47,1959.15,171.64,1056.60,48.84,1987.43,171.04,676.79,239.40,47.71,94.89,215.86,1797.94,3565.88,2.59,149.17,113.96,589.22,3.00,953.90,59.54,497.25
2026-01-08T16:10:00Z,46.87,2407.66,159.92,613.49,32.28,2520.79,156.49,4.16,69.68,1956.23,171.23,1058.21,48.58,1999.15,170.92,691.80,244.39,49.38,94.79,219.11,1799.35,3550.39,2.37,150.63,114.21,585.79,3.01,961.46,60.12,481.62
2026-01-08T16:20:00Z,46.96,2398.33,159.35,622.46,32.24,2517.83,155.50,0.00,69.50,1968.05,171.23,1065.90,48.24,1990.15,171.10,697.33,248.58,48.40,94.64,225.82,1796.02,3540.94,2.20,150.94,118.04,595.46,3.35,941.83,59.84,502.60
2026-01-08T16:30:00Z,47.27,2386.46,159.38,615.77,32.35,2523.32,155.21,0.00,69.61,1962.88,171.42,1065.46,48.72,1984.48,171.15,689.35,247.31,46.60,95.04,222.54,1790.30,3547.77,2.52,149.95,116.52,594.36,3.24,952.62,60.95,503.87
2026-01-08T16:40:00Z,47.19,2393.44,159.54,626.12,32.09,2531.64,155.91,0.00,69.80,1957.74,171.44,1064.01,48.90,1983.35,171.40,681.10,246.74,48.34,94.83,221.58,1799.75,3552.89,2.56,150.44,118.48,603.14,3.03,949.68,61.35,504.83
2026-01-08T16:50:00Z,47.00,2408.29,158.69,618.77,32.28,2525.31,156.14,0.00,69.74,1961.90,171.28,1063.15,48.64,1984.17,170.58,684.69,247.61,50.68,95.23,221.98,1791.99,3557.00,2.67,149.14,118.00,598.07,2.98,949.36,60.68,495.98
2026-01-08T17:00:00Z,47.03,2402.32,158.96,605.02,32.46,2526.18,155.79,0.00,70.11,1948.76,171.57,1059.24,48.69,1989.70,171.15,679.36,247.29,49.52,94.17,226.35,1804.71,3546.40,2.62,149.61,119.52,598.46,2.84,955.06,59.74,506.46
2026-01-08T17:10:00Z,46.64,2401.14,158.53,592.58,32.34,2518.05,155.16,0.00,70.30,1943.67,171.77,1075.38,49.03,1972.91,171.49,691.49,247.87,49.08,93.75,220.85,1795.59,3561.33,2.48,150.74,118.55,602.48,3.12,953.59,59.98,500.00
2026-01-08T17:20:00Z,47.00,2409.29,158.60,604.77,32.68,2507.62,156.57,24.51,70.16,1948.81,171.57,1074.51,48.46,1985.43,171.22,700.67,252.03,50.08,93.56,228.24,1802.88,3552.08,2.64,149.62,119.73,594.77,2.95,950.73,59.71,484.68
2026-01-08T17:30:00Z,47.07,2406.86,159.21,609.99,32.66,2519.34,155.91,14.34,70.21,1938.63,172.12,1080.57,48.50,1973.06,171.31,699.01,248.19,49.05,94.59,221.98,1793.61,3548.81,2.60,150.91,120.12,596.24,3.16,943.88,58.65,494.49
2026-01-08T17:40:00Z,47.34,2402.72,159.76,617.06,32.60,2515.01,156.12,12.58,70.42,1941.44,172.01,1081.65,48.01,1987.97,170.80,680.26,244.99,49.30,94.18,221.94,1799.49,3553.50,2.30,147.91,116.86,593.78,2.97,953.88,59.43,498.77
2026-01-08T17:50:00Z,47.27,2402.77,158.57,605.22,32.35,2505.38,155.89,0.00,70.41,1935.13,171.53,1087.06,47.90,2002.53,170.74,663.40,246.29,48.67,94.82,221.53,1787.70,3553.60,2.31,149.95,116.37,599.73,2.60,940.27,58.41,505.54
2026-01-08T18:00:00Z,47.69,2391.53,158.37,611.13,32.71,2502.48,156.08,1.90,70.56,1946.19,171.45,1086.60,47.86,2001.12,170.55,657.37,247.75,47.71,94.59,221.17,1796.86,3539.43,2.36,150.93,118.12,598.35,2.79,948.83,59.08,503.54
2026-01-08T18:10:00Z,47.86,2381.71,159.26,638.09,32.38,2511.59,156.54,5.03,70.64,1945.75,172.37,1096.11,48.01,2008.50,171.33,667.82,245.86,46.99,95.12,223.74,1801.12,3562.43,2.36,148.13,117.42,600.66,3.10,952.87,58.72,502.09
2026-01-08T18:20:00Z,47.62,2377.06,159.96,635.46,32.63,2506.97,156.23,19.48,70.36,1934.65,172.68,1084.13,48.64,1996.01,171.14,668.76,246.03,49.27,94.53,223.14,1794.95,3547.84,2.75,149.11,117.19,591.96,2.91,951.97,57.67,493.14
2026-01-08T18:30:00Z,47.56,2369.34,160.01,648.63,32.42,2508.89,156.04,10.20,70.15,1942.10,172.83,1073.98,48.91,1993.40,170.70,678.14,247.07,48.54,94.77,227.18,1791.67,3546.68,2.75,148.98,117.82,595.90,3.31,944.27,58.69,500.44
2026-01-08T18:40:00Z,47.61,2369.67,160.29,648.31,32.61,2504.96,156.19,9.90,70.63,1946.27,172.04,1070.74,48.96,1983.93,171.17,678.41,250.23,50.77,94.24,227.36,1800.88,3540.36,2.11,150.32,121.29,600.89,3.00,958.92,59.35,501.88
2026-01-08T18:50:00Z,47.60,2392.91,159.45,640.73,32.53,2507.34,156.16,20.87,70.37,1952.58,172.42,1076.16,49.25,1977.11,170.91,678.50,249.21,50.60,94.54,224.76,1804.30,3539.60,2.50,150.87,120.34,601.30,3.22,944.37,58.78,501.31
2026-01-08T19:00:00Z,47.76,2384.94,159.63,650.39,32.95,2503.80,156.15,24.05,70.36,1943.39,172.80,1083.16,49.17,1974.40,170.81,686.60,250.91,50.64,95.02,226.40,1796.80,3553.12,2.51,149.33,122.80,606.13,2.90,947.01,59.48,506.50
2026-01-08T19:10:00Z,47.73,2390.56,159.59,651.02,33.04,2501.49,155.86,16.08,70.80,1926.56,173.15,1105.76,48.92,1976.41,170.77,702.03,255.74,50.73,94.70,227.45,1795.38,3541.41,2.66,150.31,124.83,600.15,3.28,942.74,60.00,504.57
2026-01-08T19:20:00Z,47.63,2390.87,159.82,656.38,32.58,2506.22,156.78,27.44,70.58,1940.70,173.35,1095.16,49.42,1980.02,171.46,714.63,253.19,50.74,94.34,228.14,1804.06,3550.81,2.50,150.37,121.96,614.63,2.99,951.48,61.31,501.50
2026-01-08T19:30:00Z,47.71,2393.79,159.74,641.14,32.65,2504.63,156.93,12.11,71.02,1932.85,172.81,1104.08,49.37,1973.88,172.15,712.02,251.91,49.79,94.51,227.07,1810.41,3559.68,2.57,150.01,122.18,605.38,2.70,952.69,61.77,517.18
2026-01-08T19:40:00Z,47.67,2383.85,160.08,631.13,32.98,2508.22,156.81,7.25,71.15,1930.11,172.57,1119.42,49.31,1963.68,172.38,719.65,252.16,50.66,95.08,228.81,1806.46,3549.80,2.26,150.68,121.29,602.56,2.93,952.49,60.22,489.29
2026-01-08T19:50:00Z,47.45,2394.08,160.17,648.78,33.39,2498.24,156.92,28.34,71.08,1923.76,173.06,1111.32,49.28,1965.84,172.39,714.89,249.51,50.50,95.05,224.60,1793.93,3551.87,2.31,150.51,119.92,600.05,2.92,944.59,60.91,501.01
2026-01-08T20:00:00Z,47.40,2396.58,160.37,655.24,33.37,2499.13,156.68,32.42,71.22,1917.46,173.03,1105.22,48.70,1980.64,172.15,705.91,257.00,51.11,94.84,230.87,1805.64,3553.81,2.51,149.77,123.62,605.24,3.31,948.06,60.21,503.69
2026-01-08T20:10:00Z,47.33,2392.51,160.23,647.90,33.24,2497.27,156.09,26.14,71.38,1906.04,172.99,1114.73,48.76,1981.79,171.99,690.41,259.17,49.96,94.01,231.46,1800.63,3531.49,2.49,149.32,126.66,603.66,3.00,951.67,60.03,494.78
2026-01-08T20:20:00Z,47.24,2398.09,159.02,627.24,32.85,2498.87,156.41,26.19,71.89,1918.44,172.98,1128.96,49.08,1971.48,171.54,684.57,251.14,50.42,95.40,227.75,1807.50,3557.10,2.51,149.77,121.41,602.25,3.17,956.10,59.19,513.95
2026-01-08T20:30:00Z,46.63,2406.34,159.06,616.18,33.10,2492.10,156.33,23.06,72.39,1900.11,173.61,1137.73,49.20,1976.28,172.11,703.83,251.24,50.10,95.90,224.71,1797.08,3546.87,2.48,151.19,119.53,599.91,2.94,943.99,61.55,497.90
2026-01-08T20:40:00Z,46.28,2405.03,159.67,611.95,32.92,2503.82,156.31,20.88,72.19,1892.85,173.32,1154.73,48.94,1973.62,171.95,690.39,252.13,49.35,95.08,228.56,1810.62,3548.75,2.50,151.36,120.00,606.12,3.05,951.77,60.61,497.00
2026-01-08T20:50:00Z,46.02,2414.30,158.95,595.80,32.93,2499.23,157.45,22.20,72.37,1883.22,172.99,1170.12,49.25,1967.54,171.77,703.32,250.09,50.50,95.17,224.10,1796.62,3548.45,2.34,151.02,119.97,606.07,2.70,957.23,59.57,507.93
2026-01-08T21:00:00Z,46.16,2411.31,159.18,579.78,33.00,2506.02,157.23,19.64,71.97,1901.03,172.53,1156.37,49.37,1965.01,171.12,721.14,252.07,50.81,94.53,230.41,1820.15,3547.68,2.40,151.40,122.41,609.23,2.83,956.45,59.51,518.64
2026-01-08T21:10:00Z,46.23,2410.21,158.76,570.29,33.28,2502.03,157.59,36.18,71.80,1910.31,172.34,1132.52,49.22,1963.49,170.86,702.30,252.41,50.27,94.42,227.66,1813.23,3553.87,2.28,148.81,119.68,603.70,3.07,953.12,60.06,501.27
2026-01-08T21:20:00Z,46.22,2418.50,159.25,566.66,33.51,2496.55,156.85,41.54,71.18,1910.84,172.69,1130.09,49.63,1958.06,171.09,706.70,250.17,45.92,95.28,225.53,1804.67,3555.18,2.40,152.48,120.00,595.06,2.77,942.29,60.71,494.14
2026-01-08T21:30:00Z,46.24,2400.99,158.17,572.29,33.43,2491.52,157.02,27.97,70.79,1928.73,173.26,1105.56,49.45,1958.34,171.42,706.46,253.32,48.90,95.40,224.59,1798.49,3540.77,2.72,149.41,121.51,602.17,3.30,952.47,59.66,503.85
2026-01-08T21:40:00Z,46.40,2409.56,158.46,585.67,33.35,2487.48,156.85,33.13,70.72,1932.68,172.79,1110.56,48.98,1964.81,171.16,692.67,253.98,48.83,95.19,229.64,1803.51,3552.51,2.46,150.34,121.96,596.81,2.95,955.46,60.52,490.72
2026-01-08T21:50:00Z,46.46,2403.62,158.12,599.97,32.82,2501.34,157.58,35.98,70.53,1931.12,173.04,1103.08,48.95,1972.64,171.21,681.29,252.97,50.76,94.58,227.24,1797.36,3548.53,2.38,150.84,122.67,601.64,2.67,944.00,59.92,517.46
2026-01-08T22:00:00Z,46.28,2404.39,159.24,603.05,32.37,2510.62,156.88,9.89,70.70,1932.93,172.81,1092.36,49.09,1965.01,171.06,697.85,249.28,49.99,94.52,226.95,1803.93,3560.29,2.33,149.25,118.36,597.27,3.05,944.66,60.03,499.83
2026-01-08T22:10:00Z,46.38,2427.16,159.08,592.76,32.53,2515.48,156.31,0.00,70.47,1931.73,171.84,1091.06,48.85,1975.93,170.34,689.27,242.30,50.85,94.48,218.80,1795.99,3551.30,2.42,149.98,116.56,597.74,2.89,953.41,60.82,494.46
2026-01-08T22:20:00Z,46.51,2416.05,159.49,592.50,32.74,2512.19,155.68,7.94,70.32,1943.15,172.65,1080.86,48.66,1975.22,170.85,678.87,243.52,49.35,93.64,220.55,1791.37,3566.08,2.55,149.36,118.13,594.96,3.16,941.73,60.32,486.30
2026-01-08T22:30:00Z,46.47,2404.41,159.41,595.61,33.27,2495.80,155.28,19.39,69.89,1954.10,172.29,1076.96,48.41,1974.75,170.21,686.22,247.64,47.67,93.90,221.95,1804.69,3548.19,2.59,149.15,119.56,597.56,2.83,949.05,59.75,490.88
2026-01-08T22:40:00Z,46.82,2401.17,159.92,613.07,33.12,2491.89,155.90,25.91,69.48,1955.74,172.60,1062.31,48.61,1978.99,170.91,676.66,244.31,48.31,94.73,217.74,,3572.92,2.45,149.25,114.82,594.49,2.86,955.41,59.28,498.17
2026-01-08T22:50:00Z,46.76,2394.21,159.65,617.20,33.05,2497.06,155.97,27.78,69.55,1957.42,172.05,1052.78,48.33,1986.75,170.74,666.47,253.40,45.96,95.00,227.26,1807.96,3551.87,2.45,151.65,120.40,597.49,3.12,947.16,60.29,499.34
2026-01-08T23:00:00Z,47.18,2394.02,159.39,619.11,33.10,2492.77,156.68,39.21,69.55,1968.44,171.77,1055.16,48.36,1990.21,170.58,667.72,250.43,49.89,94.10,224.58,1797.86,3548.80,2.20,148.84,116.13,596.35,3.21,946.97,59.26,498.84
2026-01-08T23:10:00Z,47.19,,158.95,619.82,32.98,2502.60,157.29,22.39,69.69,1974.48,171.60,1042.68,48.51,1979.80,171.46,681.57,247.41,48.55,94.96,223.29,1802.73,3551.97,2.58,151.85,116.34,594.10,3.20,955.97,60.39,508.72
2026-01-08T23:20:00Z,47.39,2397.28,159.05,622.32,33.25,2496.14,157.44,19.53,69.54,1967.39,172.01,1048.62,48.59,1977.09,171.46,681.22,249.95,49.54,95.64,227.57,1807.73,3546.74,2.44,150.20,123.81,600.24,3.25,952.56,60.35,518.16
2026-01-08T23:30:00Z,47.23,2389.86,158.81,636.99,33.13,2497.15,156.87,21.58,69.11,1965.68,171.67,1054.76,48.52,1980.06,170.57,683.40,245.70,50.51,94.35,222.10,1802.98,3555.35,2.33,149.85,118.06,592.27,3.26,954.51,60.70,486.73
2026-01-08T23:40:00Z,47.68,2383.02,159.40,636.45,32.99,2494.11,156.24,13.22,69.07,1965.60,171.35,1055.19,49.42,1970.76,171.11,684.22,249.90,51.41,94.92,224.97,1799.61,3554.79,2.80,148.11,121.73,597.56,2.82,953.31,59.90,504.18
2026-01-08T23:50:00Z,47.74,2382.22,159.12,627.59,32.78,2497.78,156.69,33.61,69.01,1977.38,171.87,1064.49,49.30,1964.98,171.14,684.56,254.98,49.55,94.82,225.12,1798.44,3549.11,2.42,148.59,119.36,601.30,3.28,950.37,60.00,510.35
2026-01-09T00:00:00Z,48.08,2378.38,159.39,638.41,32.41,2508.61,155.97,24.73,68.88,1980.84,171.66,1033.60,49.05,1970.58,171.68,698.12,255.72,48.07,95.39,227.67,1796.62,3550.26,2.61,149.43,124.04,606.87,3.41,951.12,58.51,514.36
2026-01-09T00:10:00Z,48.52,2370.93,159.71,639.05,32.24,2519.52,156.38,0.00,68.29,1996.98,170.82,1039.85,48.79,1973.90,171.11,697.11,249.64,48.41,94.61,223.87,1802.81,3556.04,2.55,149.86,120.18,603.70,3.13,951.15,59.23,508.73
2026-01-09T00:20:00Z,48.86,2362.03,160.11,651.10,32.16,2519.00,156.74,5.50,68.57,1986.46,170.68,1031.34,48.98,1966.93,171.50,693.94,246.67,49.82,94.75,219.62,1791.66,3543.57,2.58,151.02,118.80,597.97,3.15,950.61,59.50,502.43
2026-01-09T00:30:00Z,48.62,2355.58,160.87,669.25,32.33,2508.64,156.49,1.94,68.75,1983.49,170.90,1022.05,49.33,1961.70,171.81,710.47,252.22,49.11,95.67,229.01,1800.96,3553.88,2.73,150.05,121.85,598.98,2.79,956.51,61.17,499.47
2026-01-09T00:40:00Z,48.85,2355.36,161.10,678.00,32.45,2521.17,156.27,0.00,68.63,1980.50,170.53,1026.54,49.30,1964.87,171.76,710.90,250.65,49.16,95.49,224.65,1803.12,3551.62,2.68,151.29,121.07,605.14,3.39,942.72,60.99,514.39
2026-01-09T00:50:00Z,49.32,2354.27,160.18,687.40,32.72,2516.33,155.94,2.13,69.14,1972.65,170.65,1023.29,48.84,1978.18,171.07,699.60,240.44,49.08,95.80,215.79,1790.19,3545.06,2.38,148.61,115.87,595.77,2.93,943.11,60.47,489.91
2026-01-09T01:00:00Z,49.51,2342.71,160.43,704.88,32.49,2516.99,156.37,0.00,68.94,1970.30,170.81,1020.96,49.16,1986.26,171.59,692.60,244.22,49.90,95.92,219.46,1796.19,3554.70,2.45,149.36,119.94,599.61,2.86,948.26,59.84,496.73
2026-01-09T01:10:00Z,49.65,2328.57,161.09,712.68,32.22,2528.22,156.38,0.00,68.57,1985.39,170.69,1016.33,49.31,1964.45,171.38,702.24,244.42,50.52,96.24,221.31,1804.26,3561.12,2.45,150.61,118.43,593.58,3.08,946.91,59.49,494.86
2026-01-09T01:20:00Z,49.70,2316.20,161.70,718.64,32.24,2523.20,155.84,0.00,68.57,1992.27,170.77,1011.66,,1966.69,172.01,721.75,242.49,51.12,96.34,221.52,1799.30,3552.15,2.74,149.49,117.75,600.57,2.93,952.44,60.81,496.62
2026-01-09T01:30:00Z,50.33,2318.23,161.91,730.58,32.45,2511.33,156.49,0.00,68.61,1983.18,170.59,1024.76,49.81,1944.27,171.89,730.76,253.02,49.10,95.22,227.23,1801.31,3548.97,2.48,147.93,124.62,607.34,3.18,945.67,59.36,500.52
2026-01-09T01:40:00Z,50.44,2308.44,162.06,739.76,32.23,2500.89,155.94,6.36,68.96,1975.73,171.64,1037.00,50.04,1943.48,172.22,734.51,250.23,50.54,95.93,227.34,1797.39,3546.10,2.46,148.78,123.51,606.64,3.20,953.18,61.21,507.46
2026-01-09T01:50:00Z,50.61,2317.56,162.89,743.43,32.31,2512.00,156.26,22.41,68.80,1974.20,171.43,1014.81,49.40,1961.43,172.50,728.09,251.22,51.73,95.87,230.29,1808.85,3544.07,2.44,150.08,120.53,600.44,2.67,958.84,60.04,500.65
2026-01-09T02:00:00Z,50.82,2306.66,162.59,739.16,32.21,2522.05,156.29,0.00,69.01,1976.70,170.89,1017.84,49.35,1958.85,172.28,739.50,249.89,50.18,96.37,224.24,1801.12,3557.11,2.67,149.94,122.02,607.91,2.73,960.41,60.73,512.39
2026-01-09T02:10:00Z,51.13,2310.93,162.36,739.84,32.65,2512.99,155.91,13.95,68.75,1976.58,171.68,1020.54,49.36,1957.39,171.71,734.26,246.94,51.08,95.99,222.44,1796.76,3547.63,2.54,149.75,118.92,603.30,2.91,951.99,61.42,497.98
2026-01-09T02:20:00Z,50.94,2298.24,162.89,745.77,32.65,2506.15,155.48,0.00,68.60,1980.01,171.92,1027.23,49.18,1972.41,171.66,709.66,251.00,51.50,96.06,226.04,1798.82,3559.11,2.51,151.94,121.46,606.78,3.41,955.73,60.50,504.55
2026-01-09T02:30:00Z,51.04,2290.63,162.46,756.36,32.53,2517.96,156.47,0.00,68.54,1989.94,170.87,1013.50,49.52,1968.26,171.43,711.88,246.94,50.39,94.99,216.91,1795.80,3543.49,2.66,149.79,119.70,605.20,2.84,946.26,60.51,504.09
2026-01-09T02:40:00Z,51.30,2305.72,162.80,753.65,32.10,2516.29,156.29,0.00,68.39,1991.38,170.62,1013.61,49.18,1968.42,171.60,705.61,249.64,48.65,94.41,221.65,1790.15,3555.25,2.62,151.52,119.86,602.25,3.10,945.13,61.09,498.68
2026-01-09T02:50:00Z,51.25,2297.57,163.31,761.63,32.37,2519.18,156.33,0.00,68.56,1982.71,170.83,1016.99,49.40,1973.46,171.23,714.99,249.64,49.55,95.19,224.97,1797.51,3558.68,2.68,150.03,120.21,597.26,2.83,953.12,61.02,495.40
2026-01-09T03:00:00Z,51.41,2289.31,162.95,775.83,32.25,2518.38,156.01,2.20,68.63,1976.90,170.86,1031.26,49.08,1983.61,171.89,721.61,251.14,52.84,94.84,226.25,1806.55,3541.94,2.48,150.58,119.99,601.95,2.84,954.45,60.99,493.10
2026-01-09T03:10:00Z,51.76,2281.99,163.50,789.65,32.42,2520.79,155.62,6.69,69.05,1973.01,170.78,1039.66,49.50,1979.23,171.49,716.51,247.74,53.49,95.17,220.53,1799.42,3546.08,2.29,150.63,118.46,598.19,2.80,954.04,60.50,486.94
2026-01-09T03:20:00Z,51.16,2287.21,162.82,770.64,32.45,,155.66,0.00,69.04,1975.54,170.74,1040.14,49.53,1968.13,171.50,721.16,251.48,51.46,95.25,227.75,1808.61,3552.69,2.58,150.83,122.13,601.89,2.97,957.77,60.64,502.31
2026-01-09T03:30:00Z,51.57,2277.10,161.89,774.77,32.78,2507.66,156.11,0.00,69.42,1969.36,170.23,1052.36,49.89,1958.56,171.52,731.61,250.67,53.05,95.10,223.61,1809.00,3559.81,2.31,150.19,118.87,596.49,2.98,949.93,60.33,493.47
2026-01-09T03:40:00Z,51.76,2276.78,162.26,775.99,32.42,2508.78,156.58,1.81,68.95,1977.72,171.35,1048.37,49.37,1957.64,171.48,737.41,256.38,54.25,95.38,230.48,1792.87,3555.63,2.72,149.41,124.80,610.90,3.47,946.49,60.89,508.68
2026-01-09T03:50:00Z,51.59,2289.31,163.04,775.98,32.62,2506.26,156.60,3.75,69.17,1966.72,172.16,1041.22,49.76,1948.06,172.25,746.40,258.14,53.58,95.40,232.60,1805.38,3553.88,2.61,151.05,123.48,607.19,2.87,950.46,59.11,509.36
2026-01-09T04:00:00Z,51.41,2287.87,162.84,767.02,32.70,2499.41,156.46,7.30,69.33,1976.54,171.68,1043.55,49.27,1965.91,172.30,720.28,250.15,54.67,95.58,227.22,1804.93,3561.47,2.68,148.14,120.21,600.98,3.09,955.78,58.71,503.49
2026-01-09T04:10:00Z,51.57,2278.36,163.09,760.49,32.55,2501.32,156.51,15.91,69.65,1966.58,171.74,1047.53,49.37,1970.79,171.77,722.21,260.13,53.56,95.37,232.18,1802.29,3542.53,2.61,148.25,124.46,602.53,3.08,951.99,59.58,497.87
2026-01-09T04:20:00Z,51.86,2270.94,162.43,784.76,32.56,2509.77,155.76,9.79,69.51,1966.86,171.82,1047.37,49.33,1964.96,172.49,715.07,256.41,53.78,,230.81,1807.56,3533.03,2.62,148.96,124.23,609.54,3.34,957.28,59.23,502.28
2026-01-09T04:30:00Z,51.80,2275.94,163.18,770.18,32.49,2512.49,155.82,6.41,69.86,1949.47,172.29,1057.03,49.12,1964.28,171.78,706.61,251.03,52.67,96.50,228.22,1808.72,3539.21,2.62,149.40,122.03,601.52,2.82,950.77,59.15,518.36
2026-01-09T04:40:00Z,51.97,2272.79,162.22,790.57,32.41,2514.74,156.56,10.04,69.94,1954.09,171.99,1058.83,49.07,1974.21,171.29,708.53,255.28,50.88,96.46,229.97,1810.01,3554.56,2.62,150.30,120.16,589.94,2.79,949.91,60.13,486.56
2026-01-09T04:50:00Z,52.27,2274.31,162.85,795.24,32.45,2517.08,156.04,6.61,69.72,1953.43,172.65,1062.72,49.31,1981.80,171.01,712.69,254.59,53.66,95.95,229.33,1798.17,3551.96,2.41,148.91,120.94,605.70,3.25,950.65,60.80,504.54
2026-01-09T05:00:00Z,52.49,2271.45,162.94,799.53,32.59,2512.37,155.90,3.52,70.19,1946.00,171.90,1072.47,49.33,1982.15,172.12,703.37,261.48,54.09,95.64,235.98,1803.19,3555.08,2.53,150.40,125.80,602.35,2.70,947.27,60.57,497.57
2026-01-09T05:10:00Z,52.58,2279.96,163.58,796.21,33.19,2495.35,155.84,14.61,70.01,1943.92,172.55,1078.52,49.24,1985.70,171.55,692.93,256.63,53.25,96.19,230.74,1797.53,3540.58,2.48,150.79,123.34,606.10,2.86,944.89,60.53,499.89
2026-01-09T05:20:00Z,53.03,2265.52,163.27,816.28,33.03,2497.70,155.61,7.30,70.08,1948.52,172.82,1080.19,49.48,1977.12,171.44,693.24,252.54,53.43,95.13,226.02,1801.48,3540.94,2.52,151.42,123.59,605.47,2.85,954.58,61.22,498.53
2026-01-09T05:30:00Z,53.28,2248.30,164.12,816.80,33.01,2492.07,155.48,20.60,69.55,1964.33,172.44,1063.26,49.37,1971.69,172.18,696.55,254.06,53.29,95.62,228.69,1803.80,3558.57,2.37,149.55,123.66,610.70,3.17,955.56,61.70,505.67
2026-01-09T05:40:00Z,53.42,2243.10,164.23,829.27,32.87,2500.65,155.46,11.11,69.28,1967.24,172.87,1068.65,49.15,1973.83,171.72,697.38,255.63,52.74,95.82,232.19,1808.63,3556.31,2.50,151.65,124.06,606.36,2.58,954.97,61.77,514.50
2026-01-09T05:50:00Z,53.56,2237.45,163.95,837.63,33.26,2493.68,156.30,15.28,69.54,1970.73,172.26,1061.83,48.72,1964.81,172.10,703.58,254.16,52.56,95.82,231.86,1806.73,3553.29,2.36,149.21,122.74,600.36,3.16,952.93,59.76,500.88
2026-01-09T06:00:00Z,53.51,2247.22,164.01,841.98,33.19,2501.20,156.67,20.00,69.63,1966.47,172.29,1052.20,48.46,1983.16,171.14,691.86,259.80,53.63,95.78,233.66,1796.97,3548.47,2.56,148.18,126.78,607.91,2.91,956.08,60.36,517.18
2026-01-09T06:10:00Z,53.50,2272.84,163.36,813.99,32.82,2493.57,156.87,38.01,70.01,1950.75,171.87,1070.99,48.54,1978.82,171.19,687.29,257.29,50.51,95.43,231.13,1810.37,3546.19,2.52,150.78,123.71,602.44,2.97,963.07,59.33,504.78
2026-01-09T06:20:00Z,53.47,2339.55,162.00,736.58,33.10,2493.39,157.64,24.70,70.25,1950.85,172.47,1066.01,48.87,1978.97,171.37,679.63,251.70,51.44,95.32,223.88,1808.18,3544.40,2.63,151.18,121.15,606.37,3.18,951.83,58.83,502.18
2026-01-09T06:30:00Z,53.45,2390.06,160.85,666.03,32.81,2501.88,157.34,27.01,69.60,1949.90,172.45,1081.69,48.53,1986.95,171.69,680.81,252.03,50.52,95.33,226.69,1805.09,3562.14,2.68,150.54,120.30,601.57,3.10,939.71,60.26,503.23
2026-01-09T06:40:00Z,53.44,2441.73,159.98,583.56,33.01,2500.41,156.33,20.46,69.46,1952.94,172.89,1084.86,49.00,1979.59,170.98,682.35,246.62,50.19,94.57,223.50,1800.50,3545.29,2.30,148.65,117.00,597.97,2.81,951.83,59.51,496.80
2026-01-09T06:50:00Z,53.40,2498.82,158.67,505.61,33.35,2493.78,155.43,24.65,69.37,1960.87,172.79,1082.00,49.10,1982.66,170.70,686.67,243.89,48.19,93.79,221.04,1797.55,3540.10,2.57,150.73,117.02,594.54,2.96,951.54,60.01,495.90
2026-01-09T07:00:00Z,53.39,2536.22,157.25,448.59,33.46,2497.97,156.33,36.27,69.15,1973.39,172.63,1073.71,49.08,1980.57,171.69,699.06,241.57,45.91,94.34,218.57,1805.34,3569.56,2.56,150.49,114.84,593.04,2.89,951.04,58.30,492.85
2026-01-09T07:10:00Z,53.38,2564.77,155.98,407.32,32.94,2508.42,157.24,34.85,69.56,1968.04,173.09,1056.65,48.48,1995.52,171.57,687.74,228.86,45.06,94.43,208.24,1786.29,3548.63,2.45,151.61,111.22,589.13,3.06,943.00,59.33,499.31
2026-01-09T07:20:00Z,53.42,2581.74,154.95,380.82,33.21,2505.43,157.08,45.55,69.62,1949.83,172.42,1045.29,48.98,1989.35,172.17,699.74,235.06,43.57,94.68,210.09,1784.31,3553.94,2.40,149.87,111.59,595.82,3.44,948.17,60.55,501.44
2026-01-09T07:30:00Z,53.39,2604.82,154.34,353.14,33.08,2501.86,156.86,33.69,69.53,1956.29,172.07,1063.25,49.22,1975.56,172.08,703.60,235.66,42.54,93.40,210.43,1782.61,3545.51,2.33,151.22,113.31,593.41,3.16,944.24,60.84,494.48
2026-01-09T07:40:00Z,53.42,2592.39,153.92,352.26,32.88,2495.70,156.93,25.53,69.40,1970.16,171.64,1064.22,49.50,1957.60,171.62,704.38,231.36,41.68,92.79,207.39,1787.47,3557.33,2.64,149.93,110.99,587.28,3.09,943.01,60.05,499.01
2026-01-09T07:50:00Z,53.48,2582.86,154.07,328.24,33.15,2499.64,156.71,16.67,69.25,1967.04,171.50,1059.45,49.51,1955.85,171.21,723.09,230.68,44.11,93.07,205.17,1781.90,3537.81,2.79,151.10,109.78,588.60,2.97,944.78,59.04,503.71
2026-01-09T08:00:00Z,53.45,2565.19,154.57,355.03,33.49,2495.80,156.47,9.51,69.20,1967.67,171.75,1050.62,49.46,1957.64,171.14,720.83,231.24,42.80,93.17,211.80,1777.80,3554.14,2.28,149.85,112.25,591.57,2.84,934.40,57.75,486.62
2026-01-09T08:10:00Z,53.49,2529.89,154.48,398.78,32.87,2501.38,157.03,15.10,69.16,1969.45,171.45,1034.05,49.38,1961.73,170.86,728.80,230.53,43.59,93.58,208.78,1794.60,3546.89,2.49,150.10,110.65,587.13,2.99,946.06,57.43,499.94
2026-01-09T08:20:00Z,53.56,2483.83,154.54,445.42,33.03,2492.91,157.35,16.20,69.08,1974.33,171.25,1037.70,49.03,1958.24,171.57,728.58,235.26,46.68,93.36,215.99,1795.46,3538.54,2.30,150.03,113.21,590.09,2.69,944.95,59.47,495.89
2026-01-09T08:30:00Z,53.61,2447.84,156.27,502.45,32.55,2499.62,156.42,5.68,69.06,1976.03,171.35,1039.10,49.00,1968.18,172.30,718.52,238.38,47.77,93.24,216.06,1791.40,3532.78,2.65,150.28,112.41,597.07,3.25,942.95,59.81,502.43
2026-01-09T08:40:00Z,53.60,2399.45,156.76,573.02,32.54,2499.78,156.09,17.85,69.22,1968.86,171.25,1042.61,48.41,1983.96,172.34,696.92,238.43,47.84,93.77,220.91,1807.18,3549.39,2.24,148.96,113.65,592.12,3.45,946.37,60.85,489.93
2026-01-09T08:50:00Z,53.63,2325.74,158.63,651.89,32.42,2507.83,155.56,12.62,69.33,1964.37,172.24,1048.26,48.59,1985.75,172.49,688.76,243.62,49.08,93.92,217.41,1797.88,3543.95,2.31,149.77,118.86,599.16,2.81,952.89,60.92,507.30
2026-01-09T09:00:00Z,53.21,2270.82,160.12,743.23,32.51,2514.25,155.80,5.71,69.45,1968.91,171.84,1053.43,48.70,1993.32,170.22,676.10,252.46,49.46,93.68,227.69,1790.13,3549.80,2.70,152.06,123.86,601.24,3.16,948.65,61.11,504.46
2026-01-09T09:10:00Z,53.77,2254.56,161.63,782.43,32.15,2528.59,156.22,2.45,69.46,1960.74,171.84,1042.30,48.59,1984.30,170.74,696.12,252.73,51.35,95.11,228.92,1807.04,3552.30,2.42,148.33,119.36,601.70,2.80,955.51,60.40,500.51
2026-01-09T09:20:00Z,53.40,2249.70,162.39,815.41,31.81,2530.29,155.48,0.00,69.76,1962.93,171.75,1052.40,48.61,1989.08,170.18,688.57,254.55,51.94,95.58,230.37,1805.50,3541.08,2.42,149.24,122.81,611.27,3.00,949.49,60.62,512.09
2026-01-09T09:30:00Z,53.42,2251.80,163.13,828.14,32.06,2521.66,155.82,0.00,69.52,1963.89,171.60,1053.39,48.97,1980.75,170.44,675.54,255.56,52.55,95.91,228.91,1803.97,3548.06,2.48,149.37,123.13,611.19,2.94,947.18,59.43,507.10
2026-01-09T09:40:00Z,53.25,2257.47,163.55,841.41,31.93,2518.85,155.63,4.90,69.84,1951.08,172.32,1062.65,49.01,1972.17,170.67,688.64,253.19,54.00,95.55,226.39,1797.57,3541.74,2.53,151.25,125.92,611.22,3.16,947.39,60.42,512.03
2026-01-09T09:50:00Z,53.04,2244.98,163.41,831.76,31.95,2516.75,155.99,0.00,70.55,1950.14,171.77,1060.95,49.04,1979.29,170.71,707.17,257.59,52.72,95.25,228.42,1810.48,3543.39,2.78,151.98,125.24,609.67,3.00,952.78,61.00,506.16
2026-01-09T10:00:00Z,52.95,2246.89,163.78,829.94,31.71,2526.49,156.15,0.00,70.78,1934.31,171.80,1086.04,49.05,1968.29,170.73,699.42,256.76,53.13,94.61,231.46,1814.50,3559.11,2.55,150.55,123.23,601.86,3.02,955.49,60.61,508.59
2026-01-09T10:10:00Z,52.72,2256.39,163.77,829.45,32.00,2529.21,155.98,0.00,71.00,1921.08,171.69,1100.39,48.93,1974.95,170.45,695.01,259.44,51.64,95.74,233.65,1804.11,3544.93,2.40,147.92,124.40,611.09,2.70,952.66,59.31,499.36
2026-01-09T10:20:00Z,52.66,2249.84,163.82,820.35,31.83,2522.22,155.74,0.00,71.70,1918.32,172.45,1117.15,48.51,1984.46,171.15,700.27,260.93,52.01,95.63,233.38,1812.87,3550.96,2.39,150.93,123.85,605.05,3.00,962.84,60.13,498.67
2026-01-09T10:30:00Z,52.77,2248.67,163.40,827.39,31.88,2527.82,156.42,0.00,71.49,1916.05,172.92,1138.99,48.99,1984.75,170.55,685.19,265.61,53.41,96.19,240.55,1813.29,3548.10,2.78,147.29,125.97,611.07,2.71,960.20,60.51,504.69
2026-01-09T10:40:00Z,53.05,2258.19,163.40,828.77,32.34,2530.66,156.49,0.00,71.16,1923.53,172.43,1131.81,48.95,1975.45,171.08,688.67,267.49,52.71,95.14,239.34,1810.21,,2.28,150.76,128.00,611.47,2.97,950.60,60.03,508.19
2026-01-09T10:50:00Z,53.31,2251.08,163.42,825.62,31.96,2521.62,155.98,0.00,71.01,1914.34,172.76,1128.03,48.88,1974.57,170.72,684.37,259.22,52.14,95.11,232.01,1801.39,3551.05,2.72,148.32,123.44,609.48,2.99,955.96,60.11,499.67
2026-01-09T11:00:00Z,53.59,2244.76,164.18,825.75,31.24,2547.91,156.14,0.00,70.63,1932.24,173.82,1131.46,48.81,1979.62,171.37,688.08,254.75,53.49,96.23,228.49,1794.55,3540.32,2.61,148.75,124.45,608.88,2.74,953.30,60.04,494.90
2026-01-09T11:10:00Z,53.44,2235.03,163.44,828.49,31.30,2550.82,155.88,0.00,70.47,1933.18,173.04,1115.62,48.79,1973.98,171.34,680.28,255.85,54.36,95.23,228.53,1803.84,3553.36,2.59,151.32,121.30,598.20,2.93,950.85,59.79,505.86
2026-01-09T11:20:00Z,53.99,2226.88,163.83,857.40,31.20,2545.40,155.76,0.00,70.67,1932.45,172.61,1099.39,48.78,1979.15,171.48,694.28,254.80,53.77,95.92,230.40,1806.40,3553.73,2.46,,122.17,608.78,2.96,952.05,58.76,501.26
2026-01-09T11:30:00Z,53.93,2220.04,163.19,853.29,31.09,2553.79,156.39,0.00,70.53,1937.46,172.33,1086.59,48.52,1973.36,171.26,697.34,257.90,53.09,96.21,234.89,1802.11,3547.51,2.52,150.69,125.74,605.35,2.74,953.12,60.42,510.15
2026-01-09T11:40:00Z,54.02,2232.83,163.35,849.66,31.01,2551.71,156.14,0.00,70.46,1933.34,172.73,1089.51,48.89,1977.92,171.16,701.20,259.22,50.73,96.31,235.06,1814.74,3542.65,2.47,149.95,123.34,603.15,2.98,949.99,61.60,498.96
2026-01-09T11:50:00Z,53.95,2223.40,163.80,858.16,30.96,2550.72,155.85,0.00,70.77,1924.60,172.59,1088.82,49.06,1974.30,171.40,691.35,254.17,52.97,95.77,223.81,1804.97,3539.22,2.55,149.02,122.17,599.64,3.03,955.80,60.25,501.37
2026-01-09T12:00:00Z,53.29,2227.80,164.40,856.82,31.15,2546.01,155.03,0.00,70.23,1941.75,172.35,1075.80,49.04,1974.18,171.70,697.39,252.99,52.76,95.70,233.58,1812.70,3569.58,2.63,151.07,120.60,605.85,3.00,958.47,59.28,508.88
2026-01-09T12:10:00Z,53.49,2227.26,164.39,845.65,31.13,2560.95,155.54,0.00,70.43,1939.12,171.89,1071.11,49.32,1966.75,171.46,701.44,256.27,51.68,95.50,228.69,1808.14,3542.71,2.40,148.97,120.45,599.45,2.73,953.87,58.99,487.83
2026-01-09T12:20:00Z,53.64,2226.52,164.93,851.80,31.05,2550.64,156.78,0.00,70.29,1927.60,172.33,1091.34,49.41,1961.25,171.74,705.70,256.08,52.97,95.41,230.91,1810.25,3556.00,2.35,150.12,120.99,606.10,3.10,946.41,60.47,508.58
2026-01-09T12:30:00Z,53.32,2233.07,164.82,844.58,31.33,2539.85,156.35,0.00,70.38,1942.83,172.27,1087.84,49.67,1962.34,172.01,709.93,259.85,53.98,95.41,235.57,1811.78,3562.67,2.62,150.66,124.61,607.95,2.67,960.19,60.30,499.62
2026-01-09T12:40:00Z,53.45,2236.06,165.32,847.54,31.75,2529.13,155.82,0.00,70.48,1951.61,172.92,1089.52,49.40,1959.50,171.67,727.30,260.08,53.92,94.91,236.29,1809.32,3537.05,2.64,150.53,126.78,608.14,2.72,955.06,59.60,501.24
2026-01-09T12:50:00Z,53.50,2234.35,164.18,845.51,31.96,2538.12,155.96,0.00,70.69,1937.61,172.21,1079.98,49.28,1952.68,171.48,728.39,256.17,53.26,95.83,230.49,1808.78,3546.68,2.81,150.17,125.11,608.08,2.97,958.14,61.09,509.15
2026-01-09T13:00:00Z,53.34,2236.56,163.19,828.44,32.42,2523.35,156.03,1.82,70.94,1927.43,171.72,1090.83,49.38,1964.81,171.68,716.52,257.55,54.36,95.40,233.27,1809.97,3556.56,2.46,150.23,122.83,604.36,2.67,952.82,60.42,493.04
2026-01-09T13:10:00Z,53.54,2245.82,163.59,833.63,32.73,2506.08,155.79,13.49,71.16,1925.16,172.17,1101.05,49.24,1971.93,172.16,714.33,261.38,54.32,94.94,236.98,1811.12,3541.51,2.56,151.30,123.92,609.67,2.97,944.79,59.49,516.44
2026-01-09T13:20:00Z,53.65,2233.65,163.81,838.52,32.77,2498.52,156.48,13.08,70.66,1926.75,172.20,1104.50,49.41,1962.23,172.27,710.65,263.80,53.26,95.56,238.79,1811.31,3560.12,2.48,150.98,127.79,611.14,3.15,952.60,59.93,510.42
2026-01-09T13:30:00Z,53.83,2229.41,164.31,850.23,32.72,2517.14,157.15,14.51,70.68,1920.52,172.36,1113.73,49.53,1968.33,,701.55,265.32,54.27,94.09,239.59,1816.70,3545.59,2.56,148.49,127.69,605.67,3.01,958.53,61.40,501.02
2026-01-09T13:40:00Z,53.65,2226.40,164.10,857.13,32.91,2507.51,157.34,21.09,70.72,1920.42,172.21,1104.10,49.80,1963.67,171.62,724.02,262.13,54.58,94.61,237.89,1802.88,3550.53,2.47,149.82,127.29,609.19,3.27,956.11,60.97,508.43
2026-01-09T13:50:00Z,53.00,2243.58,163.49,846.16,33.06,2505.96,156.81,17.06,70.71,1916.48,172.87,1117.39,49.29,1954.67,172.13,731.23,265.10,55.01,94.96,236.98,1814.22,3565.65,2.46,151.63,129.65,612.79,2.91,956.01,59.82,511.09
2026-01-09T14:00:00Z,53.26,2238.31,163.93,855.28,32.87,2514.20,156.25,9.26,70.40,1922.61,172.43,1116.35,49.18,1964.15,171.28,714.57,260.38,55.91,94.80,235.66,1806.73,3554.69,2.43,151.22,125.12,601.54,2.86,952.94,59.16,509.73
2026-01-09T14:10:00Z,53.30,2228.77,163.69,849.22,32.54,2502.88,155.63,0.04,70.03,1943.69,172.39,1097.17,49.21,1967.91,171.80,704.74,263.77,54.48,94.97,242.71,1812.71,3558.26,2.53,148.50,125.05,608.87,3.05,954.78,60.75,507.60
2026-01-09T14:20:00Z,,2238.41,163.54,838.80,32.44,2510.29,155.06,12.31,69.88,1949.21,172.53,1078.76,48.86,1972.61,171.70,701.99,263.33,52.89,95.02,237.65,1813.50,3551.52,2.64,150.50,125.09,614.26,2.91,958.28,60.15,512.50
2026-01-09T14:30:00Z,53.56,2233.86,164.06,851.28,32.21,2512.30,156.38,14.29,70.00,1935.64,171.76,1066.06,48.94,1966.66,171.50,711.78,258.63,54.53,94.80,230.65,1801.09,3543.49,2.41,150.03,124.78,612.36,3.01,948.79,58.58,515.71
2026-01-09T14:40:00Z,53.79,2244.19,163.77,852.20,32.38,2511.72,156.57,16.56,70.17,1942.84,171.55,1075.31,48.74,1977.70,171.89,695.72,259.04,53.50,95.61,231.95,1801.14,3539.37,2.48,150.11,123.61,599.71,3.28,945.49,60.64,495.18
2026-01-09T14:50:00Z,53.56,2237.70,163.71,834.90,32.61,2516.70,155.78,16.29,69.82,1952.64,171.65,1084.44,48.67,1984.48,171.54,683.10,257.71,52.11,95.37,231.08,1808.51,3535.77,2.54,149.75,124.96,611.36,3.05,956.68,60.83,513.72
2026-01-09T15:00:00Z,53.27,2246.02,164.59,847.76,32.51,2502.95,156.35,16.30,70.08,1956.32,172.46,1069.56,48.46,1984.40,171.10,697.74,,51.38,95.82,228.10,1810.18,3538.36,2.47,149.86,124.27,601.87,2.88,954.70,60.98,501.78
2026-01-09T15:10:00Z,53.47,2243.97,164.34,845.28,32.31,2503.93,156.80,14.94,70.39,1953.11,172.69,1079.95,48.28,1990.87,171.00,689.60,252.84,53.11,95.28,228.36,1795.11,3536.74,2.61,147.78,118.89,594.92,3.02,942.60,59.26,499.05
2026-01-09T15:20:00Z,53.44,2233.10,164.63,853.08,32.28,2520.56,156.21,7.04,69.99,1951.96,172.21,1052.88,48.50,1980.14,171.28,680.42,254.41,51.41,96.25,225.90,1805.07,3546.06,2.37,150.47,119.66,599.53,3.08,952.85,60.58,506.26
2026-01-09T15:30:00Z,53.49,2223.91,164.31,843.81,32.17,2524.94,155.93,8.09,69.81,1952.84,172.28,1066.85,49.08,1973.35,170.76,689.98,258.93,53.04,95.80,232.96,1809.86,3550.01,2.57,150.28,123.01,600.92,3.17,949.33,59.17,492.69
2026-01-09T15:40:00Z,53.54,2230.83,164.60,839.60,32.09,2519.72,156.05,0.00,69.67,1959.52,171.41,1070.42,48.97,1973.64,170.35,688.55,261.15,,95.90,237.93,1814.74,3546.00,2.59,150.20,127.44,,3.06,954.16,60.70,502.45
2026-01-09T15:50:00Z,53.39,2234.47,164.13,849.65,31.90,2518.55,155.26,0.00,70.17,1941.83,172.30,1088.57,48.95,1977.01,170.85,690.32,259.05,53.28,95.39,235.20,1804.46,3542.01,2.54,149.80,125.89,611.23,2.95,952.07,61.31,508.94
2026-01-09T16:00:00Z,53.05,2252.66,164.07,831.72,32.00,2521.62,155.55,0.00,70.34,1944.92,172.17,1097.46,49.04,1979.54,171.11,688.28,259.64,53.28,95.20,231.65,1802.71,3561.89,2.44,149.95,127.99,610.12,3.25,958.67,59.91,517.01
2026-01-09T16:10:00Z,52.95,2248.58,163.43,833.04,31.53,2517.78,155.60,1.15,70.08,1946.35,171.74,1081.82,48.91,1966.88,171.10,693.77,259.71,53.99,95.57,234.94,1815.18,3554.94,2.55,149.70,122.86,600.73,3.16,963.70,60.09,503.51
2026-01-09T16:20:00Z,52.53,2250.03,164.09,826.86,31.70,2522.53,155.42,0.00,70.06,1950.19,171.66,1065.17,48.77,1978.91,171.11,690.52,260.07,51.24,94.73,232.60,1812.04,3548.96,2.14,151.83,125.61,604.18,3.10,952.86,59.68,498.97
2026-01-09T16:30:00Z,53.01,2251.12,164.05,824.51,31.66,2529.16,155.38,0.00,69.97,1950.88,171.40,1058.17,49.08,1982.33,171.79,706.80,259.60,50.04,95.84,233.47,1807.93,3555.24,2.53,151.99,123.69,607.39,2.97,954.33,60.58,507.48
2026-01-09T16:40:00Z,53.50,2245.32,162.67,822.31,31.89,2525.66,155.85,11.79,70.02,1953.22,171.66,1068.30,48.97,1977.45,171.77,697.10,258.52,50.31,95.90,232.11,1809.02,3545.17,2.82,148.59,124.33,605.66,2.70,955.46,61.41,511.88
2026-01-09T16:50:00Z,53.38,2248.80,163.01,829.36,31.95,2517.94,,0.00,69.68,1953.41,171.76,1067.35,49.17,1963.83,171.77,696.34,259.24,49.99,95.90,235.05,1815.80,3551.63,2.73,151.12,124.69,608.16,3.22,961.59,62.09,508.17
2026-01-09T17:00:00Z,53.58,2225.67,163.07,844.56,32.05,2521.33,156.16,0.00,69.88,1953.90,172.12,1071.29,49.34,1961.16,172.19,703.03,256.25,51.13,96.10,231.55,1812.69,3557.36,2.65,149.22,121.02,596.09,2.90,950.69,60.71,501.77
2026-01-09T17:10:00Z,53.76,2233.97,163.45,858.35,31.93,2513.52,155.97,0.00,70.20,1955.85,171.93,1067.20,49.18,1967.16,171.73,708.25,259.64,52.69,95.76,234.85,1803.10,3547.18,2.82,149.90,126.40,606.77,3.27,954.24,60.48,507.68
2026-01-09T17:20:00Z,53.68,2220.70,163.66,864.71,31.45,2522.66,155.61,0.00,69.93,1965.09,172.03,1064.12,48.90,1981.20,171.65,706.97,262.83,52.12,95.93,232.08,1811.87,3535.70,2.38,150.07,127.25,616.57,3.23,959.84,59.42,515.46
2026-01-09T17:30:00Z,53.86,2218.47,163.73,850.74,31.62,2531.60,155.49,7.67,69.67,1962.08,171.90,1070.41,48.98,1977.99,171.94,714.70,258.06,51.41,95.29,235.84,1802.03,3552.49,2.43,148.10,120.44,597.22,3.05,949.74,59.16,500.09
2026-01-09T17:40:00Z,53.75,2235.23,164.40,847.94,31.76,2531.10,156.37,5.59,69.16,1969.56,170.93,1047.90,49.29,1982.16,171.66,703.13,258.89,52.12,94.00,235.84,1817.50,3546.42,2.55,149.10,122.93,603.23,3.06,965.91,61.11,498.66
2026-01-09T17:50:00Z,54.01,2234.25,164.00,848.65,32.02,2524.11,156.32,0.00,69.18,1965.22,171.51,1048.50,49.36,1971.26,171.77,691.19,255.43,51.94,93.98,231.36,1802.26,3545.98,2.76,151.12,116.99,598.73,2.74,943.53,60.16,495.12
2026-01-09T18:00:00Z,53.49,2242.06,164.15,846.16,31.79,2514.48,155.95,0.00,69.47,1965.99,171.76,1037.70,49.32,1962.16,171.72,699.93,257.33,50.91,95.16,231.44,1801.52,3547.63,2.58,149.34,123.40,607.43,2.85,950.79,59.87,500.42
2026-01-09T18:10:00Z,53.24,2236.01,163.78,839.95,31.84,2516.37,156.24,2.84,69.49,1960.56,171.58,1062.59,49.68,1964.68,170.93,705.25,256.78,52.90,95.91,231.17,1805.73,3546.72,2.50,148.78,122.00,598.88,2.95,949.88,61.10,500.04
2026-01-09T18:20:00Z,53.24,2241.91,163.19,837.57,31.66,2533.05,156.17,0.00,69.18,1966.36,171.68,1051.36,49.56,1963.59,171.19,723.83,254.25,52.02,95.72,229.53,1803.42,3553.32,2.26,148.96,124.36,606.58,2.93,943.27,61.26,495.96
2026-01-09T18:30:00Z,53.34,2247.91,162.69,826.80,32.38,2525.23,156.18,10.79,69.48,1966.73,172.35,1056.71,49.73,1966.71,172.28,735.01,256.27,53.37,94.80,229.48,1801.89,3554.02,2.60,149.92,121.77,605.12,2.79,957.09,60.50,500.07
2026-01-09T18:40:00Z,53.66,2227.68,163.17,844.87,32.51,2523.45,156.98,20.17,69.65,1964.61,172.62,1062.90,49.53,1963.83,172.49,722.22,256.65,51.42,95.67,234.15,1804.23,3546.92,2.63,151.10,123.96,608.71,3.02,956.69,61.18,512.58
2026-01-09T18:50:00Z,53.28,2239.15,163.33,839.96,32.97,2513.52,157.07,12.15,69.39,1955.06,173.00,1052.18,49.86,1951.52,172.36,740.41,255.49,54.04,95.72,227.42,1801.78,3535.64,2.50,149.05,122.00,609.12,2.78,951.21,60.34,510.08
2026-01-09T19:00:00Z,52.90,2246.01,163.69,824.34,33.05,2502.88,156.98,21.04,69.69,1962.06,172.10,1052.69,49.82,1956.04,172.21,728.89,261.75,53.18,95.91,236.97,1810.44,3556.39,2.26,149.96,125.29,612.65,3.11,956.89,60.46,507.33
2026-01-09T19:10:00Z,52.92,2253.31,163.78,833.75,33.02,2510.87,156.28,30.90,69.09,1970.75,171.20,1048.95,49.65,1965.20,171.81,726.49,264.06,53.60,95.06,240.92,1813.73,3555.24,2.45,149.89,127.72,608.67,3.13,950.84,60.67,512.29
2026-01-09T19:20:00Z,52.93,2252.58,163.78,840.62,32.76,2509.83,156.23,19.63,68.81,1978.46,171.84,1039.98,49.19,1964.46,171.82,718.42,258.41,53.82,94.69,229.18,1798.02,3553.33,2.73,151.05,122.10,604.52,2.82,947.19,60.05,509.00
2026-01-09T19:30:00Z,52.82,2259.71,163.54,806.93,33.30,2500.80,156.24,30.33,69.13,1971.88,171.04,1052.87,49.05,1969.14,172.13,718.26,255.41,51.59,94.31,228.56,1802.37,3542.99,2.54,149.38,123.73,602.76,2.46,952.46,60.23,486.95
2026-01-09T19:40:00Z,52.41,2261.77,163.51,809.13,32.96,2508.44,156.98,37.23,69.21,1966.44,170.89,1050.75,49.28,1969.06,171.44,709.58,254.15,50.97,94.17,230.71,1807.44,3550.39,2.51,149.71,121.47,602.51,3.41,959.98,59.53,510.61
2026-01-09T19:50:00Z,52.61,2261.28,163.57,812.69,33.07,2510.86,157.24,28.57,69.48,1967.57,171.00,1052.84,48.92,1970.02,171.54,709.12,254.67,51.86,94.92,229.31,1803.81,3557.67,2.63,151.02,122.86,599.69,3.10,948.06,59.66,496.82
2026-01-09T20:00:00Z,52.43,2264.98,163.38,806.04,33.44,2488.40,157.20,42.13,69.41,1968.67,171.24,1051.16,48.86,1970.93,170.69,711.17,255.61,52.11,95.69,230.38,1814.27,3559.25,2.49,148.95,120.09,601.17,3.04,956.97,60.09,510.14
2026-01-09T20:10:00Z,52.44,2263.59,163.28,811.31,33.03,2488.25,156.97,45.59,69.79,1949.68,171.21,1061.22,48.28,1989.95,171.17,668.00,255.11,51.00,96.25,231.14,1821.99,3547.74,2.63,150.36,126.10,610.76,2.95,962.28,60.87,505.03
2026-01-09T20:20:00Z,52.37,2259.94,163.13,787.54,33.44,2489.31,157.23,54.85,69.51,1948.76,171.14,1055.42,48.32,2004.77,171.06,672.87,255.46,53.39,95.77,230.41,1798.63,3549.23,2.37,150.71,120.13,596.84,3.03,946.20,59.79,499.57
2026-01-09T20:30:00Z,52.35,2280.07,163.22,808.66,33.59,2488.00,157.38,35.70,69.50,1963.66,171.32,1050.52,48.30,1990.04,171.02,670.06,253.60,53.39,96.13,226.63,1804.84,3554.09,2.39,150.53,121.25,602.28,3.02,953.48,59.24,502.82
2026-01-09T20:40:00Z,53.02,2270.17,163.71,821.02,33.89,2488.65,157.52,34.57,69.28,1971.77,171.87,1056.30,48.14,1990.85,171.67,686.20,250.57,54.03,96.43,222.72,1804.99,3549.52,2.43,148.99,121.27,594.09,3.29,951.41,60.73,487.58
2026-01-09T20:50:00Z,53.06,2254.70,164.05,843.80,33.88,2493.32,156.95,38.30,69.02,1975.20,172.04,1051.57,47.98,2001.05,171.61,674.36,252.69,54.45,95.26,231.07,1804.25,3532.74,2.63,151.07,123.26,606.89,3.03,956.85,60.64,493.59
2026-01-09T21:00:00Z,53.32,2238.66,163.60,850.70,33.75,2495.91,156.19,33.57,69.35,1966.58,171.13,1048.17,47.62,2008.59,171.15,666.26,259.76,51.65,95.10,236.13,1803.66,3571.98,2.56,150.49,124.09,601.58,3.24,945.39,60.33,507.38
2026-01-09T21:10:00Z,53.62,2228.95,164.45,860.28,33.24,2490.55,156.32,23.97,69.18,1963.56,171.76,1049.77,47.38,2004.47,170.95,652.63,251.86,50.99,95.16,226.85,1811.53,3550.18,2.39,151.16,121.94,598.85,2.66,959.35,59.66,496.85
2026-01-09T21:20:00Z,53.32,2239.42,164.51,833.74,33.20,2483.96,156.61,34.96,69.28,1971.47,171.83,1043.96,47.24,2020.60,170.46,641.22,250.24,52.16,95.88,222.01,1796.04,3542.65,2.52,148.72,119.81,599.35,2.79,952.14,59.74,495.36
2026-01-09T21:30:00Z,53.55,2232.48,163.09,831.74,32.80,2497.46,156.13,37.20,69.01,1974.39,171.48,1043.80,47.74,2014.39,170.06,650.36,254.93,51.92,94.68,233.12,1807.72,3553.36,2.42,150.74,122.16,601.87,3.14,948.99,59.23,496.29
2026-01-09T21:40:00Z,53.29,2240.00,164.16,819.13,32.82,2506.25,155.97,42.29,68.81,1975.85,170.80,1038.29,47.64,2006.18,169.74,658.50,253.33,52.52,94.68,229.35,1811.35,3555.08,2.54,150.19,120.41,599.03,3.01,956.23,58.87,501.34
2026-01-09T21:50:00Z,53.25,2239.11,163.36,821.39,32.95,2507.87,156.66,25.53,68.76,1978.15,170.52,1033.52,47.60,2022.42,170.85,658.91,259.51,51.91,95.45,233.85,1810.65,3540.26,2.73,150.19,125.03,601.83,3.11,953.11,60.35,512.95
2026-01-09T22:00:00Z,52.84,2241.41,163.48,832.08,32.87,2506.66,156.48,6.28,68.89,1971.92,171.40,1038.08,47.73,2004.19,171.02,657.27,263.82,54.16,95.24,237.15,1813.25,3554.00,2.42,149.02,129.74,612.72,2.88,957.08,59.74,506.73
2026-01-09T22:10:00Z,53.11,2249.63,163.94,825.29,32.57,2507.87,156.25,3.03,68.84,1976.41,171.28,1031.63,47.78,1995.03,170.39,665.15,262.37,55.09,94.90,236.31,1805.74,3554.16,2.57,149.66,126.58,602.40,3.01,953.07,59.53,493.45
2026-01-09T22:20:00Z,52.74,2243.69,163.58,824.00,32.45,2504.10,156.96,1.73,68.96,1976.65,171.47,1038.31,47.49,2007.60,170.78,664.39,255.57,54.20,95.88,229.59,1804.95,3555.09,2.54,151.97,122.78,601.93,2.67,959.77,61.02,500.63
2026-01-09T22:30:00Z,52.62,2249.46,164.51,827.33,32.40,2514.33,155.91,0.00,68.68,1989.78,169.95,1030.14,47.77,2001.61,170.97,659.76,253.82,51.89,95.05,226.41,1808.25,3544.12,2.93,150.14,122.61,607.08,3.08,948.25,61.36,508.82
2026-01-09T22:40:00Z,52.66,2257.21,164.10,823.89,32.53,2508.06,156.41,9.70,68.56,1984.46,170.14,1033.77,47.64,1997.74,171.23,659.62,250.81,52.66,94.41,226.48,1799.11,3544.97,2.29,149.80,119.33,597.86,2.70,945.53,61.96,485.88
2026-01-09T22:50:00Z,52.38,2264.70,163.67,806.41,31.98,2515.30,156.46,8.10,68.24,1993.40,170.44,1026.38,47.43,2013.41,170.52,653.93,252.91,50.94,94.76,225.31,1803.41,3558.58,2.60,150.84,121.25,607.72,3.36,952.07,60.62,504.86
2026-01-09T23:00:00Z,52.43,2259.65,163.15,810.57,32.54,2517.80,156.43,0.00,68.49,1987.69,171.09,1012.53,47.45,2015.86,170.72,649.82,252.98,50.89,95.57,225.53,1799.76,3542.34,2.41,150.10,123.43,598.95,2.70,950.76,60.10,489.77
2026-01-09T23:10:00Z,52.83,2255.73,163.48,815.39,32.76,2507.07,156.32,5.71,68.36,1989.71,171.18,1016.59,48.32,1992.91,170.38,667.34,250.73,51.25,94.64,223.60,1796.89,3548.19,2.52,149.86,118.45,590.01,2.81,946.79,61.29,496.99
2026-01-09T23:20:00Z,52.36,2258.22,163.30,817.63,32.66,2495.30,156.30,13.54,68.69,1989.02,171.68,1012.45,47.85,1991.77,171.02,684.03,252.14,51.87,95.35,226.45,1800.81,3547.76,2.48,151.08,122.83,605.40,3.39,940.24,61.32,505.35
2026-01-09T23:30:00Z,52.87,2259.31,162.43,818.51,32.56,2497.15,157.13,5.99,69.17,1969.73,171.32,1027.41,48.17,1992.66,170.80,673.89,257.70,50.15,95.71,226.53,1801.12,3540.79,2.47,149.95,122.30,610.58,3.10,947.56,61.20,513.94
2026-01-09T23:40:00Z,53.06,2253.00,163.35,826.76,32.55,2507.69,156.43,2.97,69.18,1963.15,170.66,1039.81,48.20,1988.62,171.03,674.55,252.40,50.86,94.58,227.18,1807.88,3546.83,2.54,149.06,119.90,603.62,3.24,952.26,59.92,492.37
2026-01-09T23:50:00Z,52.87,2258.68,163.19,816.07,32.52,2504.37,156.23,23.79,69.16,1977.56,171.27,1045.88,48.63,1984.96,170.25,667.29,254.54,49.47,94.16,229.20,1803.31,3547.22,2.48,150.22,121.91,604.10,2.78,953.47,58.81,508.52
2026-01-10T00:00:00Z,52.99,2259.98,162.75,832.95,32.32,2513.64,156.65,12.76,68.91,1974.67,172.09,1037.43,49.20,1974.62,171.06,695.60,259.25,,95.06,232.51,1810.83,3544.24,2.46,149.36,124.60,598.48,2.75,959.54,59.23,494.04
2026-01-10T00:10:00Z,53.18,2255.90,163.26,832.45,32.40,2508.31,156.93,23.32,68.53,1984.61,172.18,1040.98,49.40,1968.40,171.32,694.88,257.94,53.56,95.77,231.84,1808.07,3540.94,2.36,150.40,124.46,601.28,2.70,954.49,59.32,498.88
2026-01-10T00:20:00Z,53.30,2241.07,164.03,837.75,32.53,2513.14,156.55,25.01,68.72,1987.73,171.75,1028.46,49.38,1971.84,171.81,703.21,260.65,50.90,95.55,237.58,1807.20,3559.53,2.70,151.18,127.26,610.20,3.13,946.81,59.31,500.35
2026-01-10T00:30:00Z,53.32,2233.65,163.09,855.80,32.42,2513.36,156.19,12.29,68.77,1972.81,171.66,1037.86,49.59,1965.47,171.64,707.91,255.67,53.83,95.65,230.29,1808.41,3540.49,2.47,148.30,121.94,604.10,3.40,957.49,60.73,499.60
2026-01-10T00:40:00Z,53.55,2229.62,163.92,851.21,32.75,2503.10,156.33,7.24,69.06,1972.55,171.21,1042.59,50.11,1944.02,171.37,724.36,259.13,53.62,94.64,237.55,1815.04,3543.42,2.76,149.20,123.87,602.95,3.13,954.82,61.39,484.25
2026-01-10T00:50:00Z,53.72,2227.94,164.54,853.07,32.20,2508.25,155.61,11.78,69.50,1959.93,171.38,1047.17,50.54,1928.22,171.51,737.87,260.40,54.08,95.09,234.42,1812.08,3542.34,2.05,149.67,126.29,606.95,2.91,948.97,58.98,499.76
2026-01-10T01:00:00Z,53.68,2226.15,164.68,867.01,32.07,2525.32,156.13,0.00,69.12,1959.77,170.77,1038.17,50.42,1940.21,171.69,747.11,256.49,55.60,95.17,233.03,1806.10,3548.01,2.57,149.26,122.19,601.63,3.00,953.74,58.57,501.83
2026-01-10T01:10:00Z,54.11,2225.51,164.61,859.74,32.11,2523.51,156.02,0.00,69.53,1955.91,171.10,1053.47,50.13,1934.58,172.39,743.22,258.17,55.65,94.56,231.45,1804.74,3545.13,2.46,150.87,122.32,602.47,3.05,948.13,59.01,505.52
2026-01-10T01:20:00Z,54.42,2219.61,164.47,875.18,32.02,2529.32,156.10,0.00,69.68,1962.76,171.72,1064.10,49.89,1944.95,172.32,747.18,260.07,54.59,95.82,233.77,1798.04,3544.12,2.47,149.54,127.50,610.02,3.04,947.35,60.74,509.32
2026-01-10T01:30:00Z,54.47,2209.56,164.43,877.89,31.93,2544.05,156.22,0.00,69.29,1958.77,172.46,1063.01,49.65,1954.80,172.85,744.70,255.22,53.69,95.39,228.60,1801.83,3534.79,2.59,150.95,123.45,607.26,3.16,946.53,60.20,507.18
2026-01-10T01:40:00Z,54.16,2219.62,164.54,877.69,31.81,2545.87,156.43,0.00,69.14,1963.18,172.50,1066.52,49.36,1959.08,171.93,715.49,256.48,54.57,95.75,232.40,1806.09,3557.27,2.49,149.81,122.39,609.02,2.79,962.72,60.80,506.46
2026-01-10T01:50:00Z,54.39,2214.74,164.63,879.71,31.63,2537.50,156.43,0.00,69.03,1959.77,172.09,1062.02,49.23,1967.56,171.76,704.05,259.58,57.49,95.76,232.57,1807.19,3554.65,2.56,149.50,125.11,610.89,2.90,951.42,60.06,503.67
2026-01-10T02:00:00Z,54.33,2210.63,164.12,870.41,31.69,2535.48,156.26,1.70,69.06,1979.33,171.54,1065.77,49.22,1970.91,171.84,714.32,260.41,56.06,95.89,235.83,1802.91,3548.88,2.60,149.81,123.79,604.47,3.23,950.62,58.54,501.42
2026-01-10T02:10:00Z,54.36,2197.71,164.60,883.34,31.93,2524.17,156.28,5.50,69.40,1970.44,172.08,1055.21,49.21,1965.28,172.20,722.17,259.53,55.53,95.16,232.44,1801.98,3558.33,2.75,149.07,123.25,606.69,3.12,950.76,59.11,503.54
2026-01-10T02:20:00Z,53.74,2224.78,164.55,870.60,32.03,2511.48,155.84,7.78,69.48,1964.81,171.71,1062.93,49.78,1962.29,172.26,724.80,258.92,53.90,95.30,233.02,1806.50,3546.97,2.43,150.17,123.99,603.43,2.73,948.73,60.49,502.48
2026-01-10T02:30:00Z,53.70,2231.14,164.56,867.79,32.03,2518.92,155.70,0.00,69.62,1958.48,171.34,1082.24,49.86,1956.52,171.30,734.53,263.57,53.40,95.55,239.15,1806.91,3552.83,2.65,149.58,126.71,605.91,3.09,954.13,62.71,513.21
2026-01-10T02:40:00Z,53.55,2228.42,164.58,849.49,31.98,2527.83,155.21,0.00,69.24,1966.08,171.72,1066.49,49.68,1957.40,171.44,732.34,254.67,53.28,95.21,227.80,1801.03,3555.24,2.63,150.76,123.65,600.96,2.84,950.59,61.93,497.46
2026-01-10T02:50:00Z,53.78,2227.67,164.31,857.58,31.82,2524.02,155.29,0.00,69.59,1976.45,171.30,1064.18,49.74,1959.02,171.66,717.37,259.78,53.33,95.38,234.71,1808.53,3554.66,2.55,151.97,123.10,610.13,2.79,954.87,61.73,509.13
2026-01-10T03:00:00Z,54.28,2223.09,164.09,851.63,31.42,2540.76,155.29,0.00,69.34,1972.41,171.61,1052.79,49.67,1953.95,171.01,713.80,258.10,53.87,95.94,230.60,1808.65,3548.04,2.36,149.65,122.08,604.04,2.94,953.73,60.53,503.97
2026-01-10T03:10:00Z,54.14,2215.45,164.58,861.55,31.68,2536.80,155.46,0.00,69.08,1972.08,171.50,1053.08,49.57,1962.12,171.67,717.45,260.04,54.36,94.90,233.28,1806.82,3545.70,2.31,151.59,123.45,606.33,2.77,955.85,62.12,494.44
2026-01-10T03:20:00Z,54.29,2218.94,164.65,863.33,31.42,2535.84,156.16,0.00,69.45,1962.86,171.19,1059.81,49.49,1966.15,171.66,715.49,258.88,54.30,96.05,234.73,1810.61,3544.41,2.29,151.19,123.07,601.50,2.92,962.14,59.73,496.39
2026-01-10T03:30:00Z,54.55,2214.69,164.64,865.67,31.21,2530.61,156.97,0.00,69.63,1958.94,171.74,1069.47,49.46,1963.99,171.93,706.05,262.58,52.65,96.39,234.11,1816.34,3558.26,2.63,149.87,126.63,606.05,2.87,953.82,58.34,504.33
2026-01-10T03:40:00Z,54.27,2206.46,164.93,886.97,31.31,2540.31,156.47,0.00,69.66,1952.70,171.79,1070.08,49.30,1968.90,171.34,704.04,266.38,52.12,96.12,238.93,1809.05,3547.02,2.42,149.31,129.65,610.33,3.25,964.45,61.01,507.76
2026-01-10T03:50:00Z,54.19,2219.97,164.54,873.07,31.26,2537.45,155.94,0.00,69.73,,172.10,1066.43,49.18,1969.89,171.31,707.10,262.97,53.02,95.08,236.51,1808.27,3553.75,2.68,148.32,124.20,603.09,2.85,958.64,61.34,498.37
2026-01-10T04:00:00Z,53.88,2237.57,164.71,865.65,31.52,2539.46,156.89,0.00,70.11,1947.74,171.90,1075.12,49.42,1977.37,172.09,721.03,261.22,54.49,95.77,234.29,1808.01,3554.19,2.67,149.89,125.22,611.91,2.97,956.80,60.66,506.23
2026-01-10T04:10:00Z,53.75,2228.52,164.51,853.44,31.82,2529.98,156.19,0.00,70.03,1943.83,171.73,1083.10,49.41,1971.19,171.54,710.01,259.76,55.86,96.27,237.04,1804.85,3549.32,2.44,149.32,124.68,605.40,2.59,955.03,60.21,502.33
2026-01-10T04:20:00Z,54.02,2227.74,164.15,851.96,31.99,2533.47,155.95,0.00,69.86,1952.81,172.33,1083.67,49.31,1972.08,171.53,717.33,261.21,51.86,96.14,234.15,1807.90,3546.93,2.43,150.81,123.82,602.56,2.75,959.88,59.57,501.21
2026-01-10T04:30:00Z,53.88,2245.62,163.90,855.75,32.12,2528.91,155.65,0.00,70.02,1948.51,171.81,1078.16,49.91,1961.90,171.88,711.21,264.74,53.72,95.24,236.78,1814.77,3548.14,2.27,150.63,126.71,605.42,2.98,958.11,57.26,507.82
2026-01-10T04:40:00Z,53.81,2233.11,163.95,852.45,32.21,2524.80,156.18,0.00,70.30,1949.89,172.20,1084.70,50.13,1936.60,171.86,723.39,254.41,54.68,95.60,229.19,1799.77,3555.34,2.25,148.43,121.82,596.57,3.18,948.27,58.80,503.62
2026-01-10T04:50:00Z,53.83,2234.91,163.37,846.00,32.35,2519.43,156.29,0.00,70.54,1940.03,172.17,1082.13,49.98,1945.32,171.35,720.43,259.00,53.59,95.06,231.63,1805.76,3542.86,2.45,148.53,122.98,599.75,3.07,950.62,59.11,498.64
2026-01-10T05:00:00Z,53.54,2235.16,164.44,845.79,32.46,2508.78,156.67,5.60,70.05,1957.53,172.04,1079.95,50.35,1952.26,171.60,730.02,254.08,55.21,95.92,230.33,1803.18,3545.74,2.66,149.47,122.93,596.35,3.50,951.20,59.12,501.21
2026-01-10T05:10:00Z,53.60,2250.10,164.50,853.22,32.07,2512.75,156.72,12.68,69.73,1948.45,172.38,1071.84,50.91,1941.66,171.14,743.56,255.49,56.08,96.38,232.76,1798.89,3554.49,2.60,151.16,122.02,607.56,2.61,946.21,60.07,498.00
2026-01-10T05:20:00Z,53.58,2229.11,164.31,854.35,32.18,2519.46,156.79,0.00,69.43,1948.02,171.94,1070.11,50.99,1931.51,171.46,768.20,260.97,54.45,95.78,234.17,1805.27,3539.36,2.71,149.00,124.61,596.72,2.70,952.71,60.46,487.40
2026-01-10T05:30:00Z,53.77,2242.01,163.72,847.33,32.23,2521.58,156.24,1.04,69.40,1968.82,171.78,1056.42,50.93,1923.23,172.16,764.41,265.85,55.78,95.46,242.04,1823.95,3548.45,2.68,151.24,127.08,610.73,3.26,960.96,61.81,506.82
2026-01-10T05:40:00Z,53.45,2245.68,163.30,838.80,32.57,2515.46,155.98,16.88,69.43,1959.51,171.02,1049.43,50.49,1936.18,171.97,754.73,260.52,56.50,96.10,235.55,1807.90,3553.69,2.79,151.31,126.14,598.25,3.21,956.58,58.36,504.60
2026-01-10T05:50:00Z,53.09,2248.10,164.23,833.11,32.37,2520.14,155.87,17.20,69.58,1951.06,170.68,1052.48,50.99,1927.71,172.47,767.58,260.80,55.52,97.08,237.60,1814.06,3543.99,2.29,150.46,123.88,605.66,2.79,951.68,60.00,502.04
2026-01-10T06:00:00Z,52.91,2251.60,164.42,837.05,32.16,2521.23,155.64,6.31,69.37,1962.02,171.40,1067.12,51.06,1920.84,173.01,784.18,264.11,54.41,96.30,236.74,1803.60,3546.69,2.69,148.53,128.98,602.41,2.80,958.52,60.49,499.39
2026-01-10T06:10:00Z,52.92,2251.01,164.86,836.63,32.09,2529.38,155.88,5.95,69.03,1967.89,171.38,1058.30,51.32,1931.99,172.64,780.28,261.97,54.84,96.74,238.25,1812.80,3546.29,2.42,149.63,126.94,604.70,2.97,957.61,61.03,508.27
2026-01-10T06:20:00Z,53.10,2241.65,163.87,833.01,31.95,2529.20,155.32,0.00,69.00,1973.00,171.39,1056.74,51.66,1919.98,172.24,771.85,262.25,54.02,96.47,234.21,1809.74,3561.83,2.34,150.41,125.74,602.62,2.78,953.02,60.00,501.96
2026-01-10T06:30:00Z,53.13,2250.16,163.96,824.03,31.68,2537.27,155.65,0.00,69.02,1981.06,171.40,1051.56,52.13,1895.64,172.48,783.84,263.05,53.56,96.26,234.29,1810.20,3547.57,2.80,149.98,126.86,605.59,2.89,955.77,59.94,502.62
2026-01-10T06:40:00Z,52.98,2256.12,162.66,821.82,31.66,2542.31,155.68,0.00,68.91,1989.66,171.87,1035.65,52.38,1883.17,172.50,808.65,258.73,54.33,95.54,235.16,1806.37,3547.67,2.54,149.37,126.93,613.69,2.88,954.78,60.37,510.69
2026-01-10T06:50:00Z,53.05,2263.86,162.93,822.43,32.02,2537.68,155.46,0.00,68.89,1981.84,171.99,1032.83,52.66,1885.34,173.60,814.68,262.67,54.77,95.63,235.71,1815.08,3561.03,2.28,148.91,124.40,605.46,3.33,961.97,60.12,502.71
2026-01-10T07:00:00Z,53.18,2252.29,162.77,829.00,32.36,2527.42,155.39,1.37,68.77,1973.51,171.25,1039.11,53.03,1871.56,173.94,828.41,265.02,54.10,95.53,237.63,1811.74,3541.13,2.64,151.06,127.56,609.29,3.17,952.97,59.99,506.91
2026-01-10T07:10:00Z,53.13,2239.02,163.39,831.46,32.40,2519.89,155.38,0.00,68.72,1970.76,170.68,1034.63,53.42,1886.65,174.07,837.39,264.56,54.80,95.75,234.21,1811.13,3556.18,2.36,149.85,127.61,603.11,2.78,951.93,59.49,503.42
2026-01-10T07:20:00Z,53.44,2236.88,163.04,825.82,32.79,2500.67,156.16,13.02,68.71,1976.73,171.19,1049.67,53.46,1868.74,174.74,844.88,265.45,55.74,96.27,237.78,1809.83,3550.17,2.44,150.86,127.04,604.67,3.13,959.81,59.79,493.88
2026-01-10T07:30:00Z,53.37,2248.34,164.03,830.82,33.02,,156.30,21.39,68.61,1977.17,171.42,1034.99,53.95,1867.36,174.51,856.97,261.35,54.39,95.79,236.67,1810.30,3554.63,2.66,149.75,128.19,610.42,2.89,953.26,58.34,511.30
2026-01-10T07:40:00Z,53.40,2240.25,163.91,842.50,32.96,2506.70,156.95,28.01,68.25,1982.63,171.24,1017.39,53.35,1872.64,174.53,853.65,263.98,55.92,96.41,237.83,1819.16,3549.31,2.53,148.60,130.04,614.37,3.02,957.18,59.54,510.40
2026-01-10T07:50:00Z,53.56,2231.90,163.84,842.00,32.90,2496.93,156.21,26.09,68.59,1976.80,171.31,1032.50,53.33,1860.69,174.82,849.41,262.55,56.15,96.34,236.38,1812.25,3547.44,2.44,149.14,126.40,598.28,2.73,946.94,60.67,498.39
2026-01-10T08:00:00Z,53.62,2233.78,164.11,848.14,33.26,2491.24,156.44,36.02,68.60,1984.26,171.11,1034.58,53.57,1858.38,174.97,852.30,263.50,54.93,96.01,235.92,1809.82,3544.14,2.33,150.48,126.57,607.76,3.36,956.32,61.14,505.24
2026-01-10T08:10:00Z,53.26,2239.30,163.56,833.32,33.36,2492.83,157.23,43.96,68.71,1991.76,170.57,1017.57,53.35,1871.19,174.86,847.88,260.93,53.71,95.28,237.16,1813.39,3547.68,2.44,150.96,126.27,606.66,2.60,954.58,60.88,510.01
2026-01-10T08:20:00Z,53.07,2247.15,164.71,830.13,32.99,2492.53,157.12,32.31,68.84,1984.93,169.88,1015.23,53.71,1865.54,174.24,841.44,263.64,56.10,95.51,237.74,1817.34,3538.38,2.60,151.46,126.39,606.65,3.16,962.86,61.39,505.32
2026-01-10T08:30:00Z,53.00,2252.48,163.99,816.27,32.99,2494.43,157.08,37.85,68.89,1981.55,170.68,1018.92,54.06,1852.36,174.29,864.92,267.96,56.27,95.56,240.65,1817.10,3551.08,2.30,149.95,127.71,602.62,2.79,949.95,61.91,495.62
2026-01-10T08:40:00Z,52.74,2254.19,163.74,821.79,32.98,2497.78,157.26,40.23,69.21,1988.00,170.81,1026.00,54.05,1844.11,174.80,884.87,271.26,56.16,95.58,247.54,1829.10,3548.02,2.24,150.38,131.13,611.27,3.20,959.65,60.31,509.27
2026-01-10T08:50:00Z,52.31,2268.08,163.23,813.93,33.32,2490.97,157.59,54.21,69.42,1975.60,170.98,1029.64,54.01,1857.75,174.93,888.67,261.05,56.67,95.23,237.18,1813.44,3549.71,2.68,151.30,128.20,611.34,3.13,953.03,59.24,510.96
2026-01-10T09:00:00Z,52.24,2259.69,163.44,811.77,33.50,2487.60,156.93,45.51,69.51,1967.66,171.02,1040.25,54.23,1852.91,175.09,871.23,262.30,58.27,96.00,234.36,1813.98,3546.03,2.56,150.28,125.02,612.69,3.14,957.42,60.01,507.82
2026-01-10T09:10:00Z,51.98,2279.13,163.62,805.01,33.14,2490.35,156.95,46.75,69.57,1964.51,171.32,1063.43,53.80,1856.35,175.30,873.09,265.99,59.90,96.20,240.55,1812.29,3548.18,2.31,147.96,129.30,618.14,2.85,951.95,60.99,505.22
2026-01-10T09:20:00Z,51.98,2279.13,163.18,803.20,33.03,2494.05,156.11,33.57,69.84,1959.70,172.02,1070.18,54.15,1852.48,175.49,867.42,262.71,57.53,95.23,237.99,1819.16,3553.42,2.59,149.78,127.73,608.35,3.15,962.20,60.85,509.63
2026-01-10T09:30:00Z,52.08,2275.14,162.70,804.84,32.91,2501.12,157.16,28.15,69.76,1959.29,171.61,1066.23,54.18,1856.70,175.31,879.41,266.69,59.35,96.49,238.49,1809.73,3552.12,2.67,149.96,130.75,617.15,2.85,959.68,59.89,516.36
2026-01-10T09:40:00Z,52.12,2275.16,162.59,801.81,33.50,2491.06,157.12,29.55,69.77,1959.94,172.15,1060.99,54.10,1849.86,175.05,875.62,268.05,58.76,96.12,241.92,1820.68,3546.43,2.44,149.50,126.50,615.67,3.03,957.54,60.11,521.03
2026-01-10T09:50:00Z,52.65,2264.21,163.28,799.14,33.36,2476.53,157.27,28.12,69.70,1956.86,171.86,1049.32,54.08,1848.15,175.03,877.78,264.39,58.21,95.61,236.47,1806.89,3543.52,2.71,150.07,128.72,604.99,3.52,955.57,61.79,515.72
2026-01-10T10:00:00Z,52.52,2261.17,162.82,809.38,33.01,2482.41,157.12,31.62,69.57,1961.35,172.29,1061.32,53.41,1856.68,175.01,882.76,264.53,56.47,95.05,237.30,1803.44,3540.12,2.35,148.49,127.69,611.13,3.39,951.89,63.03,503.32
2026-01-10T10:10:00Z,52.58,2261.41,163.74,813.44,32.87,2499.07,157.02,22.19,69.56,1971.61,171.37,1054.51,53.38,1859.01,174.55,886.76,268.13,56.09,95.91,241.98,1812.69,3543.44,2.88,149.32,131.08,615.02,3.45,949.64,61.50,506.55
2026-01-10T10:20:00Z,51.93,2273.65,163.65,787.38,33.03,2504.14,157.00,25.83,69.47,1968.03,171.47,1064.17,52.81,1865.80,174.77,865.42,263.71,55.85,95.59,238.05,1814.91,3564.71,2.39,150.97,127.25,609.61,2.89,958.52,60.43,511.80
2026-01-10T10:30:00Z,52.11,2270.66,163.01,790.11,32.98,2495.33,157.02,28.40,69.79,1961.74,171.81,1062.67,52.55,1884.68,174.76,850.97,268.05,55.51,95.42,243.28,1813.84,3540.43,2.32,150.41,129.73,619.20,2.99,951.37,60.50,514.58
2026-01-10T10:40:00Z,52.50,2260.63,162.99,805.94,32.64,2499.05,156.76,31.76,70.13,1959.70,170.97,1070.36,52.52,1890.83,174.80,820.30,263.26,55.66,95.18,236.30,1819.95,3558.29,2.20,149.60,128.75,612.65,2.57,948.22,61.02,508.52
2026-01-10T10:50:00Z,53.16,2250.34,163.03,814.71,32.59,2506.01,156.06,7.52,69.97,1954.01,171.83,1075.56,52.29,1901.72,174.74,815.12,264.86,54.64,95.48,238.63,1823.10,3557.17,2.64,149.46,125.04,610.12,3.25,966.13,61.84,516.07
2026-01-10T11:00:00Z,53.21,2239.80,163.05,828.28,32.86,2495.92,155.39,18.15,70.08,1945.95,172.11,1085.92,52.33,1896.82,173.94,811.88,268.41,55.77,95.48,241.51,1807.71,3549.11,2.35,150.29,130.64,617.53,3.37,957.04,61.10,514.81
2026-01-10T11:10:00Z,53.48,2239.30,163.72,843.80,32.28,2499.20,156.65,10.17,69.85,1963.84,172.84,1071.60,51.72,1893.19,174.04,813.96,260.69,55.65,95.16,235.08,1811.35,3548.65,2.43,148.76,125.30,602.50,2.73,955.83,59.94,498.09
2026-01-10T11:20:00Z,53.56,2242.24,163.51,843.73,32.25,2506.78,156.37,26.91,69.76,1959.29,171.84,1062.81,52.10,1899.95,174.01,818.87,263.77,54.03,96.63,236.70,1818.04,3548.81,2.49,150.35,125.17,607.74,3.07,957.22,59.31,502.86
2026-01-10T11:30:00Z,53.23,2249.53,164.03,848.35,31.73,2527.55,155.75,8.56,69.50,1957.83,171.99,1073.74,52.21,1900.89,173.41,813.98,264.07,54.14,96.21,238.27,1813.91,3550.63,2.60,150.13,128.26,611.59,2.85,951.32,60.24,499.87
2026-01-10T11:40:00Z,53.29,2247.93,165.09,864.76,31.21,2541.11,156.26,0.00,69.49,1968.24,171.59,1073.44,52.22,1891.94,174.53,810.83,269.44,54.17,95.79,243.35,1808.81,3569.84,2.60,150.66,128.25,612.89,2.83,952.17,60.34,518.80
2026-01-10T11:50:00Z,53.57,2241.52,163.83,844.89,31.24,2550.41,156.22,0.00,69.35,1961.12,170.89,1062.98,51.80,1907.04,174.13,813.97,270.25,55.33,96.78,241.76,1814.16,3538.87,2.52,148.43,129.41,620.83,3.04,954.69,59.83,516.05
2026-01-10T12:00:00Z,53.68,2238.02,163.78,846.52,31.59,2538.57,156.82,0.00,69.41,1961.22,170.99,1048.48,51.69,1907.06,173.57,816.24,264.24,54.85,96.27,237.58,1817.14,3543.83,2.83,150.09,124.69,604.62,2.98,960.49,60.66,506.09
2026-01-10T12:10:00Z,53.35,2244.08,163.55,842.18,31.53,2531.70,156.16,0.00,69.45,1972.31,170.51,1039.10,51.90,1910.22,173.03,803.21,260.06,54.36,96.47,232.30,1813.83,3554.82,2.47,150.18,125.49,608.97,2.80,957.26,60.12,503.51
2026-01-10T12:20:00Z,53.11,2258.28,163.60,824.13,31.46,2537.78,156.10,0.00,69.60,1965.19,170.83,1058.58,51.85,1905.89,173.30,800.15,258.35,53.86,95.72,232.23,1805.96,3544.04,2.43,149.49,123.38,601.19,2.91,950.86,60.13,498.88
2026-01-10T12:30:00Z,52.96,2252.78,163.54,830.13,30.92,2551.16,156.29,0.00,69.40,1971.58,171.95,1054.30,51.56,1903.79,174.38,798.68,261.81,55.41,95.20,232.92,1811.53,3536.38,2.66,150.39,128.08,604.86,3.02,953.45,61.66,503.43
2026-01-10T12:40:00Z,52.70,2260.51,163.80,832.81,30.94,2552.47,156.46,0.00,69.53,1967.21,171.81,1054.69,51.59,1910.43,173.92,810.88,265.93,55.54,95.56,238.29,1810.34,3543.46,2.47,150.54,128.72,605.88,3.21,954.52,62.59,510.56
2026-01-10T12:50:00Z,52.74,2255.07,163.78,806.69,31.27,2547.94,155.68,0.00,69.40,1961.50,171.93,1060.86,51.18,1912.21,173.82,804.02,261.85,55.06,95.13,236.98,1800.24,3537.59,2.23,150.93,125.97,610.17,2.98,942.57,61.00,509.41
2026-01-10T13:00:00Z,52.87,2250.33,164.02,818.18,31.03,2549.46,155.76,0.00,69.33,1960.19,172.07,1055.23,51.87,1914.09,173.48,807.53,260.63,53.62,95.08,238.35,1810.38,3554.28,2.18,148.13,126.09,607.80,3.00,955.56,59.68,515.59
2026-01-10T13:10:00Z,52.77,2253.62,164.09,826.90,30.76,2552.52,155.36,0.00,69.25,1964.72,171.95,1050.10,52.10,1904.29,173.22,805.13,262.53,54.98,95.54,239.77,1813.57,,2.63,150.53,126.19,613.03,2.61,960.04,59.87,510.17
2026-01-10T13:20:00Z,52.74,2250.11,163.76,826.46,30.42,2565.77,155.33,0.00,69.28,1966.52,171.66,1037.39,51.78,1904.86,173.50,802.78,263.28,55.39,95.87,238.91,1815.37,3545.55,2.48,150.29,127.80,606.72,2.82,958.90,59.13,506.52
2026-01-10T13:30:00Z,52.77,2256.77,163.65,824.38,30.77,2555.94,155.63,0.00,69.24,1969.78,170.96,1061.21,51.53,1909.94,172.56,782.57,261.65,55.26,94.93,237.45,1799.71,3549.58,2.57,149.09,128.04,608.67,3.17,951.35,60.42,506.26
2026-01-10T13:40:00Z,52.39,2267.84,163.79,818.39,30.61,2564.02,155.65,0.00,69.40,1968.99,170.50,1057.05,51.80,1895.98,172.94,800.94,258.82,56.74,95.11,236.44,1812.26,3546.11,2.52,149.42,125.39,606.82,3.17,952.48,60.60,500.68
2026-01-10T13:50:00Z,52.23,2254.40,163.28,808.65,31.07,2557.47,155.32,0.00,69.29,1961.65,170.63,1056.01,51.97,1899.54,172.97,799.98,266.99,55.18,94.84,240.03,1819.62,3561.36,2.27,151.81,130.69,607.32,2.70,954.61,61.21,514.14
2026-01-10T14:00:00Z,51.86,2261.21,162.73,794.77,30.97,2567.25,155.76,0.00,69.35,1959.77,170.93,1060.39,52.18,1890.03,172.60,793.30,260.03,54.74,94.33,236.57,1804.67,3550.33,2.55,149.92,122.75,595.94,2.77,958.84,61.51,495.75
2026-01-10T14:10:00Z,52.24,2269.98,163.40,808.92,31.00,2561.15,155.92,0.00,69.15,1971.45,171.63,1045.73,52.15,1890.00,173.90,818.12,260.15,56.21,94.47,234.43,1805.09,3542.35,2.44,150.86,127.79,608.52,3.27,953.57,60.20,514.52
2026-01-10T14:20:00Z,52.53,2261.48,162.79,802.10,31.21,2548.95,155.74,0.00,68.93,1980.26,171.65,1034.79,52.45,1895.41,173.98,812.94,257.02,54.74,93.53,231.08,1811.26,3537.46,2.36,149.72,121.79,604.53,3.44,960.35,61.10,510.02
2026-01-10T14:30:00Z,52.51,2263.41,162.39,804.70,30.98,2544.09,155.57,0.00,68.91,1985.06,171.49,1025.51,52.41,1901.52,173.79,804.48,260.86,54.62,93.81,235.49,1807.90,3543.86,2.64,150.25,127.17,611.58,2.64,948.00,60.56,509.75
2026-01-10T14:40:00Z,52.38,2265.85,162.30,790.27,31.08,2552.52,155.61,0.00,69.34,1982.52,171.05,1022.20,52.15,1896.80,173.80,820.51,258.94,54.58,93.95,231.68,1814.96,3553.10,2.20,148.12,121.60,607.96,3.24,949.61,61.34,506.36
2026-01-10T14:50:00Z,52.45,2254.32,162.05,808.59,31.75,2549.14,155.66,0.00,69.14,1979.43,170.47,1029.01,52.34,1888.65,173.92,815.49,260.24,55.85,94.79,236.60,1822.28,3550.97,2.67,151.64,126.68,612.44,2.84,958.37,61.49,510.73
2026-01-10T15:00:00Z,52.10,2271.81,163.00,801.53,31.99,2535.77,156.03,0.00,69.34,1970.44,171.43,1038.46,52.30,1893.32,174.17,822.74,263.60,57.34,94.68,234.07,1798.41,3545.12,2.27,148.47,127.58,607.92,3.04,949.25,60.51,503.15
2026-01-10T15:10:00Z,52.32,2269.48,163.07,800.94,31.84,2527.17,156.20,0.00,69.90,1963.03,170.91,1038.11,52.49,1899.67,174.58,813.08,263.89,55.78,96.30,236.16,1806.43,3545.37,2.42,148.54,127.90,612.81,2.66,957.06,60.03,507.22
2026-01-10T15:20:00Z,51.81,2279.88,162.93,803.77,32.14,2515.05,156.85,1.20,69.44,1968.13,171.41,1043.45,52.67,1892.39,173.78,820.78,263.35,54.97,96.56,234.68,1805.96,3565.62,2.71,148.51,126.74,606.78,2.94,953.73,60.30,512.66
2026-01-10T15:30:00Z,52.19,2277.50,162.70,806.11,32.15,2522.49,156.84,0.00,69.53,1972.62,171.63,1035.86,52.84,1881.38,173.66,827.43,261.35,54.32,96.18,232.72,1801.78,3549.35,2.43,149.05,125.51,607.85,3.33,944.01,60.19,497.96
2026-01-10T15:40:00Z,52.13,2267.16,162.25,790.15,31.97,2514.33,156.43,4.93,69.60,1960.71,172.16,1052.90,53.10,1874.64,173.50,840.21,265.24,52.90,95.56,236.85,1810.70,3553.36,2.52,148.43,128.84,610.60,2.91,948.43,60.55,504.79
2026-01-10T15:50:00Z,52.20,2258.57,162.63,793.14,32.42,2520.84,156.57,0.00,69.97,1946.03,172.31,1069.08,53.10,1864.35,174.17,842.99,263.47,53.53,96.35,238.13,1805.40,3543.95,2.67,150.82,127.01,604.79,2.88,951.17,59.66,505.81
2026-01-10T16:00:00Z,52.27,2260.17,163.09,798.38,32.18,2535.16,156.11,0.00,70.27,1937.95,171.95,1067.05,53.09,1870.53,174.07,840.46,267.32,53.26,96.43,241.76,1810.30,3567.80,2.43,150.18,129.67,609.10,3.02,956.02,61.25,509.67
2026-01-10T16:10:00Z,52.01,2261.34,163.31,802.10,31.82,2523.11,156.75,3.93,70.06,1935.00,172.26,1071.81,53.78,1853.33,173.60,862.61,264.52,55.87,95.82,239.29,1810.42,3558.94,2.60,153.11,127.41,611.85,2.86,953.61,61.67,512.91
2026-01-10T16:20:00Z,51.65,2287.67,162.97,782.73,31.60,2532.45,156.07,2.34,69.55,1948.65,171.62,1065.32,53.33,1862.43,173.86,862.32,261.81,55.83,95.67,234.93,1805.40,3543.19,2.37,151.02,127.32,604.06,2.91,959.18,60.03,495.95
2026-01-10T16:30:00Z,51.91,2272.72,163.17,783.55,31.46,2528.23,156.35,0.00,69.98,1941.70,171.97,1054.98,53.41,1857.13,174.54,856.41,259.55,57.25,95.67,233.43,1812.16,3556.22,2.68,149.28,125.58,608.87,3.07,950.96,60.99,509.04
2026-01-10T16:40:00Z,51.87,2283.72,162.27,774.26,31.67,2529.03,156.17,0.00,70.03,1949.24,171.67,1061.27,53.54,1856.91,174.28,857.69,263.89,56.88,96.27,235.93,1809.69,3550.00,2.55,150.24,127.45,612.74,3.23,951.90,60.90,509.76
2026-01-10T16:50:00Z,51.56,2291.83,162.58,773.92,31.07,2547.27,155.69,0.00,69.90,1947.16,171.88,1069.97,53.44,1857.19,174.80,862.79,257.25,58.67,95.84,229.11,1808.88,3559.54,2.72,149.26,123.78,604.56,2.99,952.81,60.91,500.48
2026-01-10T17:00:00Z,51.74,2287.59,162.49,774.68,31.29,2538.58,156.12,0.00,70.16,1939.88,172.96,1075.26,53.36,1862.12,175.16,856.90,259.91,56.44,95.58,234.00,1804.90,3554.02,2.57,149.48,124.81,607.72,2.74,957.27,61.32,508.66
2026-01-10T17:10:00Z,51.60,2280.48,162.58,769.18,31.28,2539.68,156.20,0.00,70.26,1943.34,172.21,1072.44,53.31,1873.50,174.73,861.81,262.92,55.92,95.87,237.02,1814.72,3545.53,2.21,150.50,125.25,607.85,2.85,954.15,60.10,512.32
2026-01-10T17:20:00Z,52.00,2270.06,163.19,784.85,31.49,2534.75,155.76,0.00,70.17,1951.62,172.02,1072.03,53.74,1861.38,174.07,863.98,259.66,54.82,95.75,228.93,1801.91,3540.20,2.60,149.13,124.92,607.06,3.17,951.05,60.21,510.24
2026-01-10T17:30:00Z,52.08,2276.35,162.79,791.49,31.65,2522.88,155.88,0.00,70.41,1942.60,172.43,1075.20,53.81,1866.38,173.78,852.28,262.25,54.60,95.20,237.15,1812.80,3547.96,2.55,149.65,127.13,608.33,3.13,963.21,59.89,506.55
2026-01-10T17:40:00Z,52.16,2269.56,162.99,791.50,31.68,2530.34,155.81,0.00,70.89,1929.27,171.86,1070.00,54.05,1839.14,174.51,885.65,260.65,55.15,95.41,233.69,1802.04,3551.29,2.43,151.52,125.50,610.60,2.84,957.85,59.07,510.01
2026-01-10T17:50:00Z,52.30,2270.07,163.28,803.31,31.97,2532.29,155.38,8.20,71.12,1915.13,172.35,1111.95,54.54,1835.46,175.18,896.22,268.49,55.70,95.93,239.71,1816.05,3557.87,2.67,150.36,127.42,611.98,2.91,970.33,59.87,507.17
2026-01-10T18:00:00Z,52.14,2271.66,162.72,811.66,31.70,2535.76,156.11,0.00,71.26,1916.30,173.00,1113.08,54.21,1846.48,174.81,878.57,266.88,54.24,96.13,243.90,1820.26,3544.43,2.54,149.94,127.81,598.69,2.83,955.38,60.13,497.47
2026-01-10T18:10:00Z,52.13,2281.29,162.68,807.06,31.69,2532.31,156.27,0.00,71.49,1918.10,172.44,1119.89,54.52,1837.56,174.73,882.96,268.27,57.43,95.44,241.62,1820.40,3544.45,2.57,150.29,127.75,604.91,3.18,959.66,59.64,493.05
2026-01-10T18:20:00Z,52.21,2284.63,162.66,799.35,32.02,2534.82,155.65,0.00,71.92,1906.13,172.90,1135.21,54.41,1831.80,175.47,884.69,267.55,57.63,96.24,236.94,1813.58,3568.20,2.40,150.30,130.35,614.86,2.99,959.45,60.17,508.17
2026-01-10T18:30:00Z,52.24,2281.69,163.54,821.02,31.77,2531.48,155.34,0.00,71.98,1900.37,173.94,1150.90,54.30,1847.55,175.28,880.06,270.17,56.51,96.20,243.55,1819.55,3542.14,2.66,151.08,131.26,617.29,2.97,954.95,61.54,515.28
2026-01-10T18:40:00Z,52.05,2270.88,163.68,804.85,31.99,2535.92,155.76,0.00,71.82,1913.42,173.93,1135.94,54.37,1841.04,175.03,888.35,267.87,56.96,96.34,237.27,1808.75,3556.79,2.42,150.68,128.91,612.57,2.62,957.22,60.83,523.54
2026-01-10T18:50:00Z,51.86,2276.60,163.99,803.00,31.86,2542.47,156.29,0.00,71.82,1907.03,173.53,1134.38,54.10,1849.70,175.66,883.90,270.65,58.39,96.05,246.12,1820.83,3561.03,2.42,151.67,128.42,616.69,2.99,964.01,60.39,513.06
2026-01-10T19:00:00Z,51.71,2282.57,163.45,786.49,31.94,2541.69,156.45,0.00,72.00,1904.99,173.82,1139.13,54.00,1853.46,175.10,891.38,271.76,57.32,95.90,249.41,1815.79,3550.43,2.48,150.28,131.42,617.23,3.00,959.81,59.02,518.98
2026-01-10T19:10:00Z,51.72,2284.91,163.25,783.70,32.00,2522.98,156.26,0.00,71.74,1899.90,174.20,1142.27,53.90,1850.66,175.59,888.16,270.56,56.50,96.35,241.22,1828.39,3545.47,2.45,148.74,131.41,617.09,3.14,967.45,59.42,513.85
2026-01-10T19:20:00Z,51.61,2292.62,162.96,784.18,32.03,2523.24,155.80,0.00,71.57,1913.15,173.64,1140.86,53.86,1852.17,176.02,885.60,274.00,56.49,96.06,245.94,1818.12,3547.79,2.27,151.22,129.99,607.82,2.85,964.97,61.09,508.15
2026-01-10T19:30:00Z,51.67,2293.24,163.38,773.01,31.85,2520.71,155.84,3.91,71.64,1908.79,173.30,1142.16,53.92,1857.66,175.55,888.04,267.83,57.94,96.01,240.16,1812.13,3540.00,2.75,150.05,130.26,612.32,3.08,960.74,59.90,508.13
2026-01-10T19:40:00Z,51.44,2289.66,163.53,779.96,31.96,2521.07,155.35,21.48,71.63,1909.28,173.38,1147.42,54.08,1848.20,174.35,882.40,269.88,59.59,94.82,243.87,1818.37,3546.96,2.49,151.04,130.50,612.39,2.77,956.76,58.69,513.77
2026-01-10T19:50:00Z,51.45,2286.33,162.48,776.67,32.21,2529.89,155.24,0.00,71.85,1902.24,173.57,1138.57,54.03,1844.37,174.28,871.19,265.08,59.14,95.42,235.75,1807.30,3538.86,2.51,150.73,127.16,607.75,3.22,958.99,59.50,510.61
2026-01-10T20:00:00Z,51.31,2295.40,163.00,762.79,32.40,2526.74,156.02,0.00,71.80,1910.94,172.79,1123.72,54.27,1847.72,175.31,865.36,262.39,57.20,96.45,236.49,1809.09,3547.10,2.47,148.70,126.41,596.46,3.28,948.96,60.46,495.17
2026-01-10T20:10:00Z,51.09,2300.18,162.41,757.88,32.67,2517.38,155.59,4.79,71.53,1903.09,173.74,1127.10,54.29,1843.64,175.72,893.78,268.25,56.58,96.50,242.80,1811.95,3551.40,2.49,149.36,128.99,,2.89,954.83,61.06,526.85
2026-01-10T20:20:00Z,50.92,2300.64,161.50,755.55,32.95,2506.87,155.99,12.17,71.76,1907.76,173.64,1140.44,54.53,1840.46,175.35,877.55,271.65,56.26,96.78,244.41,1810.51,3545.39,2.41,149.41,134.08,616.59,3.02,947.14,60.48,513.90
2026-01-10T20:30:00Z,50.93,2296.87,161.29,762.62,33.15,2500.58,156.01,17.00,71.69,1901.92,174.10,1146.98,54.35,1849.25,174.48,875.01,269.08,56.54,96.78,241.87,1814.45,3547.95,2.63,149.44,131.03,617.95,3.01,955.96,61.73,510.26
2026-01-10T20:40:00Z,50.74,2303.84,162.02,760.16,32.91,2502.28,156.69,3.93,72.16,1894.48,173.71,1142.83,54.48,1847.95,174.96,891.97,270.93,55.36,97.19,244.55,1819.27,3544.52,2.31,150.43,129.66,607.37,3.18,952.04,61.86,512.65
2026-01-10T20:50:00Z,50.86,2304.51,161.59,758.24,33.08,2495.08,157.22,19.42,71.74,1904.83,173.32,1137.42,54.11,1847.43,175.36,881.52,268.38,55.05,96.40,243.35,1820.74,3546.48,2.47,150.08,131.64,612.14,2.94,970.79,60.66,510.23
2026-01-10T21:00:00Z,50.54,2315.86,161.73,744.53,33.12,2496.73,157.07,20.52,71.48,1905.44,173.64,1135.18,53.88,1846.92,174.79,869.48,269.38,55.57,95.85,242.90,1821.81,3559.13,2.43,151.04,129.66,608.83,3.02,961.99,59.97,503.79
2026-01-10T21:10:00Z,50.72,2311.92,162.12,750.91,33.31,2499.11,156.93,10.19,71.25,1908.77,173.29,1126.40,53.30,1852.84,174.46,862.88,268.33,55.50,96.59,242.87,1818.25,3530.19,2.48,149.89,126.21,606.46,2.96,955.33,59.88,498.87
2026-01-10T21:20:00Z,50.97,2303.77,162.25,758.81,33.25,2495.52,156.42,14.97,71.23,1917.33,173.78,1122.58,53.10,1862.56,175.05,857.22,268.95,55.59,95.59,242.45,1814.48,3539.49,2.49,148.92,127.58,613.23,2.93,952.58,59.20,511.40
2026-01-10T21:30:00Z,50.92,2311.82,162.11,750.83,33.18,2497.82,155.96,13.56,71.19,1920.95,172.62,1114.46,53.05,1860.72,174.90,861.75,265.46,55.15,95.29,239.85,1807.73,3546.96,2.81,150.85,129.58,611.34,3.41,949.95,58.96,503.93
2026-01-10T21:40:00Z,51.27,2299.41,161.88,750.11,33.22,2493.85,156.68,27.55,71.15,1928.09,173.55,1113.58,53.27,1869.80,174.34,853.17,266.28,55.24,95.56,236.26,1810.18,3557.11,2.49,149.59,129.00,605.10,3.31,957.37,59.41,509.18
2026-01-10T21:50:00Z,50.78,2303.01,160.71,753.59,33.29,2487.02,156.32,33.86,71.24,1920.03,173.86,1126.40,53.34,1874.54,174.52,855.65,261.95,56.19,95.94,235.47,1807.91,3549.90,2.31,151.27,126.87,605.09,3.08,951.16,60.10,512.80
2026-01-10T22:00:00Z,51.24,2297.70,161.43,771.75,33.41,2487.89,156.12,35.58,71.38,1920.04,174.18,1129.82,53.16,1866.38,174.18,855.75,269.04,57.60,96.19,241.02,1807.80,3541.77,2.79,149.27,130.17,613.40,3.06,957.61,59.89,510.64
2026-01-10T22:10:00Z,51.26,2284.60,162.27,769.71,33.09,2499.30,155.63,30.95,71.51,1915.07,173.46,1125.64,53.18,1870.31,174.84,846.42,263.79,58.72,96.13,240.80,1807.20,3566.10,2.74,150.34,128.32,610.09,2.73,952.55,58.49,510.01
2026-01-10T22:20:00Z,51.43,2291.44,162.31,768.58,32.83,2507.76,155.53,43.75,71.44,1919.71,173.22,1131.64,52.82,1875.30,174.93,854.92,260.16,56.98,95.36,231.89,1814.44,3545.88,2.47,149.92,126.75,603.59,2.50,957.96,60.09,492.64
2026-01-10T22:30:00Z,51.51,2288.63,161.83,762.60,33.06,2508.27,156.20,43.46,71.54,1915.11,173.01,1135.12,53.19,1878.86,174.77,856.75,265.97,56.03,95.31,241.78,1805.88,3534.11,2.68,149.98,126.51,606.94,2.66,948.62,60.09,496.08
2026-01-10T22:40:00Z,51.65,2288.83,162.42,772.60,33.27,2499.87,155.94,32.41,71.75,1901.47,172.87,1143.21,53.40,1862.45,175.34,857.43,266.41,56.98,95.22,236.59,1799.35,3562.77,2.55,150.50,129.18,606.70,3.29,954.32,60.25,512.81
2026-01-10T22:50:00Z,51.46,2276.52,162.17,778.10,33.20,2493.79,156.62,30.54,71.77,1907.64,172.96,1135.76,53.38,1867.69,174.23,850.46,267.57,57.04,95.76,242.84,1815.13,3554.54,2.46,149.74,128.08,606.63,2.76,951.68,59.12,501.41
2026-01-10T23:00:00Z,51.54,2286.76,162.70,781.30,32.90,2504.78,156.52,16.53,71.20,1908.33,172.76,1128.66,53.31,1856.73,175.16,851.32,259.26,56.07,96.56,230.24,1806.83,3531.98,2.55,150.08,124.33,610.20,3.22,953.42,58.98,504.72
2026-01-10T23:10:00Z,51.75,2280.80,162.92,791.78,32.93,2505.83,156.44,25.81,71.20,1912.35,173.34,1137.79,53.43,1859.25,175.06,857.49,262.84,58.12,95.82,235.92,1811.09,3541.61,2.28,149.50,126.06,604.82,2.93,955.52,58.62,507.19
2026-01-10T23:20:00Z,52.19,2290.54,162.74,803.69,33.03,2510.90,156.75,29.55,71.25,1914.53,173.62,1133.84,53.64,1858.87,174.83,859.04,262.32,56.91,96.81,234.30,1811.08,3562.30,2.62,150.81,127.32,610.34,3.11,954.37,60.03,507.91
2026-01-10T23:30:00Z,52.03,2285.54,163.03,806.83,32.89,2502.62,155.74,20.18,71.09,1914.23,174.20,1123.50,53.48,1853.56,175.31,866.39,264.51,57.27,97.40,236.22,1806.43,3536.16,2.75,148.47,127.74,613.98,2.52,952.71,59.34,517.47
2026-01-10T23:40:00Z,52.01,2268.29,162.76,796.94,32.89,2494.76,155.73,22.72,70.69,1926.27,173.88,1125.29,53.63,1867.03,174.96,856.73,266.10,55.34,97.32,239.69,1808.75,3534.84,2.68,150.24,128.74,606.13,2.91,960.15,59.48,514.23
2026-01-10T23:50:00Z,52.05,2267.99,162.60,793.46,32.87,2505.58,155.33,10.46,70.97,1928.14,173.52,1113.36,53.73,1855.18,174.63,879.99,268.71,56.15,96.93,239.10,1818.80,3540.21,2.46,149.31,127.47,603.90,3.00,957.97,59.93,497.37
2026-01-11T00:00:00Z,52.07,2267.44,162.90,795.72,32.62,2510.78,155.94,0.00,70.10,1936.68,172.85,1093.59,53.85,1855.22,174.57,877.44,265.74,58.22,96.52,233.64,1812.41,3554.73,2.48,151.82,128.52,621.16,2.89,953.71,60.38,528.81
2026-01-11T00:10:00Z,51.92,2260.94,161.99,812.86,32.64,2512.01,156.73,13.60,68.84,1972.70,172.45,1068.73,53.53,1846.51,174.49,862.90,272.06,57.69,96.15,243.38,1816.29,3553.16,2.60,150.18,129.43,616.26,3.02,954.96,59.55,515.22
2026-01-11T00:20:00Z,51.70,2275.39,161.95,793.35,32.59,2514.47,156.85,0.00,67.72,2000.01,171.77,1032.75,53.10,1860.70,173.87,856.57,267.74,56.81,96.13,239.57,1808.38,3551.03,2.40,,129.38,612.67,2.83,953.99,59.72,509.51
2026-01-11T00:30:00Z,51.69,2287.69,161.87,791.58,32.59,2509.77,156.73,7.46,67.05,2019.21,171.69,1000.31,53.28,1864.98,174.13,853.94,265.59,55.18,96.06,238.48,1814.99,3557.93,2.46,149.60,128.37,609.73,3.06,953.84,60.35,507.94
2026-01-11T00:40:00Z,51.69,2277.53,162.27,786.76,32.22,2520.91,156.61,0.00,65.87,2035.85,171.13,969.90,53.47,1861.90,174.45,863.90,261.19,54.93,95.71,235.24,1813.23,3554.08,2.53,151.20,126.67,610.21,3.32,962.48,58.84,512.98
2026-01-11T00:50:00Z,51.63,,162.87,786.41,32.27,2522.09,156.67,0.00,64.67,2066.80,169.34,920.19,53.55,1858.79,174.79,861.00,258.48,53.38,95.96,236.69,1811.08,3550.36,2.65,151.40,119.94,596.55,2.86,961.34,60.34,509.52
2026-01-11T01:00:00Z,51.43,2284.37,162.15,784.92,31.97,2527.74,157.21,0.00,63.82,2083.69,168.97,896.34,53.88,1851.18,174.53,863.04,261.65,53.73,96.89,234.97,1805.09,3548.24,2.76,150.68,124.46,602.30,3.16,958.02,58.87,491.78
2026-01-11T01:10:00Z,51.84,2288.02,162.96,791.35,32.04,2521.85,156.50,0.00,62.89,2112.42,167.62,860.84,53.82,1856.59,175.00,859.08,255.70,53.50,96.59,230.69,1808.18,3549.67,2.52,152.42,121.01,603.39,2.83,956.75,59.47,504.83
2026-01-11T01:20:00Z,52.07,2281.79,162.86,795.40,31.97,2521.70,156.09,0.00,62.03,2135.75,167.54,823.07,53.63,1855.16,175.06,856.28,256.22,52.57,94.86,230.31,1806.44,3549.98,2.42,149.61,121.61,606.86,3.09,951.07,59.78,502.78
2026-01-11T01:30:00Z,51.90,2285.36,162.96,794.71,31.99,2530.17,156.40,3.27,61.19,2155.67,167.20,777.27,53.86,1863.08,175.00,858.98,254.75,52.46,95.17,228.79,1792.91,3542.62,2.34,150.43,123.05,592.78,3.02,945.81,59.66,503.12
2026-01-11T01:40:00Z,51.65,2277.38,163.46,795.08,32.28,2520.56,156.08,4.46,60.05,2186.98,166.71,739.09,53.93,1866.92,174.04,843.94,252.75,50.88,93.68,231.37,1808.96,3537.24,2.51,150.00,120.05,595.48,2.76,962.11,59.81,494.59
2026-01-11T01:50:00Z,51.76,2285.71,162.80,782.90,32.17,2513.19,156.03,0.00,59.97,2193.58,165.53,745.79,53.84,1861.46,174.06,849.09,250.36,49.98,94.27,226.04,1801.24,3551.23,2.59,151.32,122.15,600.96,3.19,951.68,58.73,495.80
2026-01-11T02:00:00Z,51.39,2288.10,162.45,787.04,31.93,2519.92,155.94,0.00,59.30,2219.27,165.58,727.08,53.21,1860.62,174.40,855.57,244.54,49.36,93.60,223.90,1799.54,3564.14,2.48,152.12,115.66,601.65,2.99,947.89,59.67,496.22
2026-01-11T02:10:00Z,51.92,2277.07,162.35,797.53,32.25,2521.66,155.62,1.21,59.13,2212.70,165.43,719.14,53.12,1873.56,173.83,859.89,242.82,49.16,94.35,221.95,1794.33,3565.68,2.53,151.73,118.15,597.22,3.14,956.07,58.81,497.94
2026-01-11T02:20:00Z,52.09,2280.33,162.97,808.84,32.54,2516.64,155.86,3.11,58.82,2222.93,164.99,701.20,53.21,1874.86,173.86,864.85,241.62,49.77,94.01,215.73,1797.69,3542.82,2.25,149.45,116.96,599.00,3.03,949.23,59.84,496.01
2026-01-11T02:30:00Z,52.09,2283.91,163.63,796.14,32.45,2523.64,155.74,6.58,58.73,2235.07,165.21,694.63,53.57,1865.49,174.13,864.80,246.18,49.68,94.58,218.08,1793.00,3554.60,2.33,151.14,119.01,604.06,3.12,943.19,59.66,495.43
2026-01-11T02:40:00Z,52.44,2266.60,163.06,795.00,32.19,2521.31,156.98,0.53,57.93,2243.16,165.18,677.35,53.77,1858.98,173.85,880.37,243.74,48.72,94.10,218.71,1798.42,3538.13,2.49,150.47,116.54,588.14,2.83,943.22,60.45,487.20
2026-01-11T02:50:00Z,52.41,2264.21,163.05,804.51,32.09,2526.92,156.05,0.00,57.24,2264.36,164.90,653.35,53.76,1861.75,174.28,872.03,247.68,50.50,94.71,224.91,1798.49,3556.75,2.59,149.43,118.49,592.40,2.86,955.68,60.59,491.79
2026-01-11T03:00:00Z,52.43,2257.88,163.13,808.27,31.77,2528.02,156.05,0.00,56.91,2269.94,164.79,627.56,53.35,1867.40,174.25,861.46,242.35,49.64,93.93,217.03,1802.02,3552.90,2.51,151.50,118.30,599.47,2.95,945.49,60.89,500.07
2026-01-11T03:10:00Z,52.22,2262.12,162.82,790.26,31.80,2523.41,155.90,0.52,56.37,2275.19,163.90,621.43,52.50,1875.50,174.85,855.03,243.88,44.55,94.53,221.82,1791.48,3562.50,2.33,152.11,117.21,596.76,3.28,941.25,60.55,498.48
2026-01-11T03:20:00Z,52.17,2274.46,162.77,785.15,32.06,2524.26,155.88,0.00,56.01,2277.35,164.68,609.65,52.55,1879.76,174.38,839.02,246.01,45.01,94.12,224.15,1798.81,3544.67,2.33,149.91,117.42,601.29,3.14,947.50,60.39,500.15
2026-01-11T03:30:00Z,52.26,2265.98,162.76,790.63,32.22,2514.08,155.83,1.37,55.48,2296.76,163.43,581.59,52.72,1877.13,174.40,843.85,244.01,44.99,94.56,215.87,1784.46,3540.04,2.47,148.23,115.72,597.61,3.04,946.12,59.78,514.03
2026-01-11T03:40:00Z,52.18,2269.12,163.33,786.45,32.43,2505.64,156.29,9.69,54.92,2316.05,163.45,561.82,52.83,1869.59,174.32,849.10,240.44,46.08,94.29,218.21,1798.77,3554.59,2.40,150.97,115.96,601.64,3.37,952.75,59.63,502.86
2026-01-11T03:50:00Z,52.00,2263.69,162.86,788.29,32.50,2508.49,155.82,14.23,54.29,2340.11,161.63,544.76,52.57,1866.93,173.90,839.53,240.83,46.45,93.30,213.08,1789.75,3540.99,2.52,149.73,115.98,604.52,2.90,945.24,58.78,513.97
2026-01-11T04:00:00Z,51.69,2277.81,162.85,791.26,32.41,2509.44,155.42,16.42,53.70,2345.55,161.74,519.04,52.79,1871.85,174.21,836.51,236.17,46.02,93.54,211.18,1791.84,3550.67,2.38,149.04,115.03,593.62,2.85,943.60,58.94,498.33
2026-01-11T04:10:00Z,51.54,2275.96,163.40,793.82,32.53,2507.20,155.97,19.46,53.27,2371.17,161.70,488.77,52.68,1870.67,174.22,850.11,236.63,44.94,93.24,211.86,1792.78,3540.80,2.30,148.56,116.05,598.28,2.82,946.13,59.12,486.77
2026-01-11T04:20:00Z,51.51,2282.46,162.68,796.40,32.32,2512.51,156.11,24.93,52.92,2377.86,160.52,467.78,52.30,1885.75,174.00,829.18,236.01,43.62,93.56,213.55,1785.08,3560.93,2.60,148.95,115.33,594.68,2.80,942.15,59.23,487.42
2026-01-11T04:30:00Z,51.49,2278.15,162.32,782.10,32.17,2518.69,156.03,15.34,52.40,2379.34,160.81,457.63,52.51,1890.00,173.82,820.71,233.92,41.61,93.48,212.24,1784.42,3554.31,2.67,150.39,110.74,592.02,3.28,945.59,59.37,489.70
2026-01-11T04:40:00Z,51.45,2293.44,162.49,793.70,31.74,2521.46,156.26,0.00,52.09,2387.39,160.87,458.46,52.34,1883.80,173.53,809.81,229.94,40.92,94.09,205.58,1781.89,3552.92,2.59,150.54,108.06,583.29,3.06,943.75,57.71,495.81
2026-01-11T04:50:00Z,51.75,2283.36,162.91,800.20,32.16,2528.09,156.30,0.00,51.66,2395.24,159.91,440.22,51.99,1891.52,173.92,813.28,232.15,42.65,94.14,208.88,1782.40,3545.16,2.74,150.47,111.17,593.05,3.11,943.57,59.41,484.81
2026-01-11T05:00:00Z,51.88,2281.47,162.62,800.33,32.24,2526.19,156.23,0.00,51.27,2408.10,159.93,437.78,52.50,1889.26,173.94,809.59,226.79,43.09,94.35,207.94,1793.42,3553.57,2.28,151.27,107.67,589.89,3.15,954.58,60.01,496.40
2026-01-11T05:10:00Z,52.09,2276.40,162.97,793.44,32.60,2511.51,156.15,18.80,51.09,2418.36,159.74,418.75,52.33,1893.78,173.70,814.82,224.68,41.65,93.71,204.23,1777.20,3555.24,2.58,149.99,107.37,584.61,2.74,941.14,60.49,493.10
2026-01-11T05:20:00Z,52.16,2275.22,163.82,793.05,32.48,2517.48,155.48,15.98,50.94,2411.36,158.92,406.65,52.58,1873.66,173.88,816.95,222.22,42.79,93.53,202.83,1769.40,3546.73,2.43,149.60,104.29,573.28,3.04,936.70,59.19,482.05
2026-01-11T05:30:00Z,52.24,2274.64,163.64,810.13,32.52,2509.51,155.55,19.43,50.89,2427.81,158.92,403.60,52.47,1879.95,174.01,803.77,223.17,40.61,93.39,202.64,1774.27,3544.84,2.61,150.79,106.45,579.03,3.07,938.64,59.44,484.11
2026-01-11T05:40:00Z,51.86,2276.27,163.11,796.19,32.54,2494.66,155.49,32.48,51.05,2433.13,157.83,403.42,52.38,1881.08,174.09,811.02,228.27,41.19,92.70,204.24,1767.59,3546.30,2.14,149.40,111.48,591.31,3.01,933.44,60.59,491.48
2026-01-11T05:50:00Z,51.74,2268.01,162.95,791.69,32.48,2501.78,155.27,30.34,50.83,2435.16,158.26,404.38,52.39,1890.39,173.70,815.05,231.38,40.92,92.49,206.99,1776.56,3549.21,2.54,150.05,109.87,582.93,3.26,937.23,61.44,470.57
2026-01-11T06:00:00Z,51.52,2273.33,162.75,786.48,32.41,2511.04,155.50,13.69,50.53,2433.05,158.10,408.01,52.62,1886.12,173.14,811.66,233.50,41.40,93.97,210.85,1792.14,3563.32,2.78,150.33,109.46,596.92,2.68,935.75,59.67,501.75
2026-01-11T06:10:00Z,51.49,2289.93,163.16,770.04,32.48,2516.69,155.62,4.06,50.75,2436.18,158.66,381.53,52.48,1891.22,172.42,823.89,230.00,39.90,94.09,210.10,1785.45,3562.91,2.73,149.45,111.89,590.19,3.18,938.24,58.90,477.51
2026-01-11T06:20:00Z,52.00,2282.22,162.95,788.55,32.46,2519.63,155.65,7.60,50.03,2458.45,157.82,366.33,52.59,1896.87,173.27,828.41,228.82,37.84,93.80,202.95,1777.94,3550.73,2.67,149.11,108.08,589.48,2.90,936.88,58.58,485.38
2026-01-11T06:30:00Z,51.87,2269.49,163.07,784.81,32.95,2510.61,155.96,16.26,50.37,2446.40,158.28,365.54,52.91,1884.07,173.33,829.62,232.01,39.33,93.75,209.07,1786.02,3559.62,2.41,148.93,112.61,596.53,3.09,935.71,58.72,503.66
2026-01-11T06:40:00Z,52.04,2281.30,162.90,789.63,32.75,2508.55,156.12,1.76,50.27,2449.16,157.86,358.39,52.55,1881.61,173.57,823.84,230.63,40.25,93.05,208.21,1781.36,3552.04,2.70,150.04,110.04,586.19,2.97,944.15,59.13,481.34
2026-01-11T06:50:00Z,52.09,2287.72,163.07,780.87,32.80,2506.75,156.85,6.30,49.93,2459.02,157.11,355.63,52.54,1875.42,173.31,823.60,232.61,41.77,92.65,207.85,1788.58,3553.61,2.51,151.26,113.05,597.77,2.86,945.62,59.83,500.28
2026-01-11T07:00:00Z,52.53,2269.62,161.93,797.94,32.70,2506.71,156.48,12.42,49.77,2460.03,157.81,349.39,52.91,1883.34,173.79,831.60,231.42,40.14,93.11,209.79,1779.69,3546.88,2.51,147.44,112.20,595.16,3.04,937.88,58.64,502.96
2026-01-11T07:10:00Z,52.86,2259.72,162.28,791.09,32.73,2504.97,156.53,18.30,49.75,2473.62,157.81,354.96,52.69,1880.17,173.96,843.09,226.71,41.50,93.36,205.45,1773.44,3547.93,2.65,149.60,107.91,588.61,2.93,940.46,59.75,500.35
2026-01-11T07:20:00Z,53.14,2252.76,162.20,804.34,32.65,2510.93,155.63,6.88,49.23,2467.25,158.08,340.95,53.12,1875.75,173.79,861.69,229.86,42.85,93.07,207.44,1794.86,3561.37,2.46,150.20,109.39,582.85,2.52,949.48,60.01,487.62
2026-01-11T07:30:00Z,53.42,2241.72,162.54,838.69,32.61,2497.26,155.53,0.94,49.06,2468.50,157.85,336.17,53.01,1880.30,174.11,857.44,227.79,41.61,93.10,204.22,1783.40,3554.38,2.43,149.75,109.18,582.51,2.92,939.78,58.69,484.09
2026-01-11T07:40:00Z,53.53,2239.20,163.78,858.76,32.84,2500.85,155.32,12.58,48.90,2478.54,157.76,341.69,53.17,1868.54,175.24,871.54,232.38,42.86,93.49,207.20,1780.39,3548.98,2.56,151.82,111.09,590.75,3.10,940.39,59.30,497.33
2026-01-11T07:50:00Z,53.42,2244.23,164.09,854.92,32.64,2500.28,155.75,16.26,48.88,2473.82,157.44,338.57,53.34,1872.39,174.89,841.63,231.69,42.73,93.47,210.62,1781.59,3541.69,2.33,148.59,109.21,586.56,3.08,944.51,58.50,484.53
2026-01-11T08:00:00Z,53.35,2244.42,164.57,838.06,32.47,2498.30,155.71,10.15,48.86,2482.35,157.44,325.59,53.26,1870.72,174.69,849.24,234.58,43.57,93.51,211.12,1786.38,3557.12,2.53,150.29,115.14,597.52,3.05,938.72,59.15,497.30
2026-01-11T08:10:00Z,53.30,2246.42,163.22,831.68,32.43,2503.47,155.74,9.89,48.71,2479.71,157.49,321.46,52.67,1887.37,175.15,858.76,230.69,40.84,93.41,206.14,1792.33,3544.21,2.47,149.67,111.88,593.84,2.69,945.09,59.35,497.04
2026-01-11T08:20:00Z,53.45,2245.48,163.26,827.53,32.44,2511.92,156.15,9.02,48.21,2477.44,157.21,316.40,,1888.22,174.79,837.52,229.96,39.90,92.76,206.77,1788.25,3548.28,2.41,149.52,111.08,590.67,2.86,940.38,60.20,487.07
2026-01-11T08:30:00Z,53.77,2237.89,163.53,836.58,32.79,2500.77,156.16,8.18,48.07,2491.79,157.42,313.80,52.56,1893.99,174.71,828.70,231.09,39.83,93.50,206.17,1783.65,3547.65,2.41,151.35,111.09,582.96,3.18,945.16,60.20,487.40
2026-01-11T08:40:00Z,53.86,,163.76,839.33,32.90,2495.87,155.95,9.30,47.74,2499.98,156.58,298.87,52.64,1905.65,173.75,814.00,224.20,38.28,93.70,201.25,1780.57,3543.86,2.45,151.49,107.41,581.77,3.03,934.66,59.43,490.78
2026-01-11T08:50:00Z,53.36,2242.82,163.23,838.18,32.82,2494.39,156.17,14.45,47.52,2515.22,156.66,283.89,52.75,1890.91,174.47,824.54,224.88,39.94,93.86,204.03,1787.75,3555.15,2.34,149.41,105.75,587.04,2.99,947.69,58.96,496.87
2026-01-11T09:00:00Z,53.17,2240.70,163.15,843.35,32.72,2509.09,156.27,9.32,47.31,2512.34,157.19,287.56,52.72,1891.98,174.80,832.00,225.75,39.93,94.06,204.33,1781.82,3556.65,2.47,149.83,108.59,589.42,2.89,931.24,59.57,489.53
2026-01-11T09:10:00Z,53.10,2251.33,163.64,844.50,32.96,2502.22,156.37,13.66,47.24,2519.89,157.09,284.71,52.35,1898.80,173.73,812.45,230.00,40.73,93.44,207.86,1788.07,3541.73,2.58,149.45,109.23,576.01,3.21,941.58,59.56,486.33
2026-01-11T09:20:00Z,53.12,2253.20,163.63,839.29,32.98,2500.34,156.71,34.97,47.32,2524.77,156.82,268.76,52.46,1893.03,173.52,816.92,228.57,40.28,93.02,208.06,1781.12,3553.36,2.37,149.20,110.12,580.03,2.85,942.55,59.06,485.88
2026-01-11T09:30:00Z,53.46,2241.60,164.60,845.26,33.08,2505.27,156.80,34.66,47.57,2520.63,156.31,278.37,52.64,1894.25,174.57,818.80,225.03,39.79,93.10,202.48,1785.79,3534.96,2.65,150.94,109.21,588.00,2.68,948.14,58.64,483.50
2026-01-11T09:40:00Z,52.81,2246.77,163.90,847.77,32.92,2502.97,156.83,32.60,47.40,2514.29,156.16,279.93,52.70,1891.37,174.14,825.94,226.96,41.62,93.77,204.72,1781.46,3548.05,2.38,148.62,108.32,591.02,2.81,937.53,58.59,495.42
2026-01-11T09:50:00Z,53.25,2253.84,164.02,841.14,32.86,2497.67,156.51,24.97,47.17,2516.08,155.81,266.24,53.05,1890.01,174.41,826.63,225.83,39.25,93.69,202.71,1780.36,3542.28,2.88,150.46,109.29,582.55,2.65,930.65,59.07,488.52
2026-01-11T10:00:00Z,53.22,2238.14,164.38,840.31,32.94,2497.33,156.08,20.11,47.27,2513.74,156.31,270.98,53.11,1876.10,174.16,848.70,228.62,39.81,93.24,202.77,1779.70,3564.45,2.71,150.16,110.44,586.26,3.23,942.59,60.13,490.20
2026-01-11T10:10:00Z,53.20,2232.51,164.37,844.89,32.63,2509.13,156.04,15.73,46.97,2521.30,156.65,270.37,53.23,1877.84,173.77,849.20,225.29,40.76,93.61,203.63,1776.50,3557.99,2.62,149.58,107.56,590.13,2.81,945.20,60.61,490.87
2026-01-11T10:20:00Z,52.93,2244.36,164.04,833.62,32.59,2523.08,156.40,1.71,47.19,2505.67,156.12,279.05,53.54,1868.79,175.50,858.10,225.06,42.02,93.61,198.97,1776.91,3544.47,2.55,149.26,108.51,581.67,3.12,935.14,59.12,490.15
2026-01-11T10:30:00Z,53.52,2242.12,163.88,831.10,32.54,2517.82,156.59,16.38,46.88,2519.55,155.55,260.48,53.48,1864.47,175.03,856.93,225.92,41.43,94.07,201.98,1780.91,3553.78,2.71,151.05,107.29,591.98,2.74,940.49,58.37,489.56
2026-01-11T10:40:00Z,53.18,2227.57,163.27,836.28,32.69,2508.00,157.14,22.74,46.82,2522.37,156.31,259.11,53.45,1870.08,174.11,836.38,226.62,42.71,94.40,204.38,1775.84,3552.87,2.55,148.46,107.31,588.67,2.80,933.58,59.98,486.67
2026-01-11T10:50:00Z,53.60,2233.79,163.49,844.52,32.28,2511.90,157.25,11.85,46.82,2536.22,156.25,229.05,53.45,1860.93,174.63,854.38,224.04,40.86,93.18,201.90,1771.66,3545.32,2.41,149.69,108.64,592.11,3.15,935.77,59.12,503.09
2026-01-11T11:00:00Z,53.16,2248.61,164.45,844.92,31.79,2517.58,156.81,0.81,46.70,2528.28,154.82,249.38,53.47,1856.10,174.48,854.09,230.08,39.85,93.60,203.06,1786.85,3551.67,2.29,150.62,113.53,589.17,3.08,940.30,60.05,497.66
2026-01-11T11:10:00Z,52.97,2253.03,164.07,838.48,31.69,2520.11,157.23,0.00,46.50,2528.27,155.72,251.94,53.35,1860.95,174.90,855.18,232.23,38.82,93.88,204.36,1784.03,3538.76,2.61,148.90,111.57,589.07,2.70,947.74,60.66,484.93
2026-01-11T11:20:00Z,52.73,2261.62,163.71,837.06,32.04,2519.47,156.66,4.83,46.38,2536.33,155.88,247.84,53.29,1870.14,173.95,849.03,226.75,39.76,93.57,206.19,1783.50,3556.33,2.60,149.47,109.52,591.95,3.07,939.88,60.47,500.22
2026-01-11T11:30:00Z,52.54,2262.51,163.50,828.16,32.36,2526.69,156.14,0.00,46.07,2534.75,154.96,245.61,53.37,1874.22,173.38,840.87,224.34,39.26,93.44,204.06,1784.14,3555.65,2.60,150.08,108.85,584.45,2.98,938.54,59.53,487.40
2026-01-11T11:40:00Z,52.60,2263.39,163.70,818.67,32.47,2517.92,156.67,3.30,45.98,2527.00,153.84,235.34,53.59,1868.43,174.26,859.36,223.00,38.97,93.72,200.70,1770.45,3554.69,2.49,151.20,105.59,574.98,3.09,933.16,60.52,476.69
2026-01-11T11:50:00Z,52.75,2257.90,163.94,815.81,32.19,2523.47,156.86,5.76,46.52,2535.73,155.46,251.86,53.21,1863.91,174.76,850.75,230.10,39.94,94.10,206.31,1787.88,3557.50,2.31,149.36,111.61,592.96,2.67,935.52,59.69,496.02
2026-01-11T12:00:00Z,53.06,2249.34,164.61,829.22,32.03,2532.73,156.65,0.00,47.06,2520.96,155.83,261.47,52.99,1871.76,174.77,840.76,226.08,39.86,93.89,204.89,1776.48,3546.18,2.39,148.35,108.18,590.31,3.22,942.69,58.78,492.87
2026-01-11T12:10:00Z,53.05,2237.19,164.12,848.13,32.17,2531.39,156.21,0.00,46.99,2523.67,155.26,256.10,52.28,1889.91,174.69,808.51,225.77,38.80,93.43,202.78,1786.70,3553.72,2.72,149.74,109.34,583.95,3.16,940.46,59.18,473.10
2026-01-11T12:20:00Z,52.89,2249.60,163.94,839.03,32.21,2521.53,155.61,2.21,46.64,2539.98,155.45,241.95,52.36,1886.08,173.88,819.87,223.29,39.77,93.99,197.40,1778.67,3549.21,2.56,149.40,105.66,585.30,2.88,942.77,59.14,487.14
2026-01-11T12:30:00Z,52.83,2256.90,164.16,822.79,32.43,2519.26,156.42,5.21,46.88,2535.24,155.27,242.70,52.39,1884.72,174.08,825.90,215.85,36.85,93.39,194.39,1768.75,3553.04,2.68,149.25,102.34,575.33,2.64,930.52,57.91,482.64
2026-01-11T12:40:00Z,52.57,2263.12,163.64,809.46,32.53,2507.25,156.86,15.81,46.76,2528.15,155.36,239.21,52.27,1891.55,173.93,818.18,222.29,34.88,92.51,201.59,1778.29,3557.15,2.52,149.00,106.55,586.84,2.96,940.06,58.25,483.19
2026-01-11T12:50:00Z,52.35,2273.91,163.64,809.33,32.15,2521.03,156.77,14.61,46.58,2533.45,155.87,235.90,52.26,1899.22,174.58,818.95,216.85,34.96,93.99,197.34,1771.26,3548.25,2.62,149.18,102.30,586.32,3.19,931.89,58.06,490.44
2026-01-11T13:00:00Z,52.31,2272.93,163.34,812.23,32.15,2526.30,156.36,9.75,46.52,2526.34,155.26,236.59,52.33,1894.24,174.71,805.26,212.81,37.79,93.83,190.15,1767.38,3563.77,2.44,149.04,102.06,574.19,3.25,936.36,58.01,476.36
2026-01-11T13:10:00Z,52.10,2264.25,163.24,811.05,32.20,2521.54,156.90,9.05,46.57,2546.59,155.44,229.74,52.47,1891.37,173.71,812.34,213.64,37.89,94.04,194.32,1770.54,3551.52,2.44,148.42,103.81,580.72,2.96,936.41,58.65,479.49
2026-01-11T13:20:00Z,52.11,2278.03,162.96,805.03,31.85,2521.68,156.50,5.67,46.55,2547.53,155.24,231.50,52.07,1886.81,174.14,807.42,216.67,39.07,93.29,194.55,1769.49,3552.63,2.59,152.07,103.82,572.90,2.61,931.73,60.22,470.32
2026-01-11T13:30:00Z,51.96,2283.32,163.23,808.20,31.47,2527.60,156.13,0.00,46.54,2543.79,154.90,236.55,52.13,1888.19,173.69,815.94,217.23,38.24,92.83,193.53,1768.97,3554.67,2.86,148.72,102.61,573.15,2.91,932.62,59.54,487.45
2026-01-11T13:40:00Z,52.04,2287.67,162.21,783.08,31.36,2522.87,156.21,0.00,46.70,2526.72,155.77,256.84,52.41,1898.26,172.89,807.28,216.83,36.75,93.12,194.97,1770.96,3558.02,2.40,148.96,102.42,573.65,3.11,931.00,59.75,478.24
2026-01-11T13:50:00Z,52.24,2274.53,162.38,784.85,31.15,2541.63,156.11,0.00,46.45,2524.33,155.35,249.36,52.26,1892.16,172.87,813.39,218.52,37.79,93.73,197.90,1779.59,3552.48,2.55,148.33,103.14,579.32,3.31,939.01,60.43,492.74
2026-01-11T14:00:00Z,52.17,2268.59,161.55,786.74,31.32,2545.23,156.11,0.00,46.61,2532.93,155.03,239.20,52.45,1890.75,172.63,810.74,223.12,39.71,92.75,198.97,1788.88,3551.78,2.57,147.92,107.80,587.46,2.97,941.63,60.33,497.04
2026-01-11T14:10:00Z,51.57,2284.30,162.34,780.62,31.40,2534.70,156.14,0.00,46.50,2541.40,155.03,228.20,52.77,1898.32,173.41,811.10,219.41,39.22,93.57,198.82,1781.45,3558.66,2.74,149.52,105.25,578.78,2.87,947.14,59.32,481.41
2026-01-11T14:20:00Z,51.61,2284.30,162.84,779.27,31.59,2524.43,155.74,0.00,46.62,2537.58,155.33,238.01,52.61,1884.77,173.49,817.37,218.03,39.21,93.88,194.60,1772.85,3555.94,2.85,151.00,104.06,581.30,2.95,942.76,59.51,491.91
2026-01-11T14:30:00Z,51.57,2285.06,162.81,796.45,31.83,2522.86,155.46,0.00,45.83,2553.73,155.14,230.60,52.37,1891.20,173.20,812.28,214.87,37.22,94.19,192.01,1771.38,3550.45,2.56,150.56,100.88,577.93,3.14,930.89,60.26,493.95
2026-01-11T14:40:00Z,51.37,2288.95,162.95,788.84,31.75,2535.32,155.23,0.00,45.44,2548.80,155.05,240.41,52.32,1893.04,173.40,824.78,217.18,35.36,94.63,196.33,1769.30,3535.11,2.64,149.78,102.91,581.55,2.64,937.54,59.87,475.10
2026-01-11T14:50:00Z,52.01,2271.18,163.91,801.85,32.18,2522.40,155.95,0.00,45.34,2565.90,155.15,213.68,52.15,1887.27,173.61,820.42,220.72,37.36,93.34,201.47,1782.49,3541.40,2.54,148.63,105.10,585.69,3.22,944.35,60.87,488.82
2026-01-11T15:00:00Z,52.39,2259.45,163.67,799.04,32.13,2525.32,156.98,0.00,45.13,2569.43,154.56,209.51,52.23,1886.57,174.04,807.73,217.79,35.77,93.51,199.07,1773.88,3552.14,2.34,150.93,104.56,582.80,3.00,936.95,60.52,478.07
2026-01-11T15:10:00Z,52.74,2259.10,163.67,810.60,32.32,2529.83,156.55,0.00,44.84,2570.87,155.15,196.02,51.71,1910.91,173.10,809.77,216.19,37.28,93.19,190.48,1774.18,3547.58,2.36,149.09,104.97,585.21,3.18,941.06,59.63,493.24
2026-01-11T15:20:00Z,52.85,2248.21,163.01,817.86,32.38,2529.56,156.02,0.87,45.02,2569.26,154.21,182.18,51.57,1900.32,173.60,813.65,217.89,38.38,93.16,193.22,1768.64,3548.96,2.34,149.31,103.68,578.95,3.26,934.04,60.47,485.23
2026-01-11T15:30:00Z,52.63,2254.88,163.00,813.04,32.48,2520.61,155.82,7.11,45.18,2581.34,153.93,174.15,52.05,1906.35,173.61,807.76,215.38,35.94,92.66,192.62,1765.56,3556.51,2.31,150.21,102.64,580.12,2.92,927.46,59.24,489.49
2026-01-11T15:40:00Z,52.61,2266.73,163.61,808.90,32.46,2518.92,155.71,3.05,44.97,2566.40,153.41,189.90,52.22,1907.04,173.52,813.07,211.97,35.65,92.51,190.41,1775.45,3544.04,2.46,150.47,102.53,575.48,2.80,935.75,60.06,471.67
2026-01-11T15:50:00Z,53.32,2249.90,163.02,831.06,32.24,2516.14,155.38,20.35,44.96,2569.73,153.39,185.10,52.57,1900.88,173.40,816.33,211.77,36.30,92.18,189.91,1759.33,3532.17,2.58,147.94,98.27,581.88,2.67,930.31,59.25,478.06
2026-01-11T16:00:00Z,53.59,2230.89,163.69,828.80,32.44,2518.63,155.46,0.00,45.00,2574.30,153.47,198.37,52.40,1888.77,173.64,819.54,215.94,36.03,92.80,194.85,1769.52,3562.01,2.50,153.07,102.59,575.30,3.38,941.01,58.10,482.04
2026-01-11T16:10:00Z,53.13,2233.13,163.18,819.02,32.35,2513.87,155.81,0.00,44.64,2579.36,153.80,185.38,52.38,1880.14,173.51,830.70,218.94,36.44,92.17,196.76,1765.80,3541.77,2.48,149.03,104.80,588.84,2.68,927.67,59.21,489.47
2026-01-11T16:20:00Z,53.26,2241.83,163.92,827.39,32.00,2523.70,155.48,4.50,44.88,2584.11,153.62,183.33,52.41,1893.13,173.16,825.07,222.76,37.49,93.23,201.74,1786.58,3556.14,2.68,147.92,106.59,585.12,2.97,946.56,59.70,484.02
2026-01-11T16:30:00Z,53.09,2252.83,163.50,811.70,31.78,2525.40,156.11,0.00,45.25,2581.42,153.02,192.19,52.31,1887.76,173.44,821.58,218.63,35.20,93.23,198.31,1782.75,3559.12,2.28,150.02,101.78,576.44,3.28,931.22,60.52,472.71
2026-01-11T16:40:00Z,53.09,2256.75,163.73,817.81,31.90,2539.12,156.19,0.00,45.11,2569.03,154.30,185.81,52.49,1890.08,174.01,821.85,221.02,37.17,93.39,199.94,1783.20,3564.31,2.66,149.04,107.06,582.44,2.83,943.48,59.97,489.58
2026-01-11T16:50:00Z,53.59,2252.03,163.68,830.63,32.08,2535.66,155.89,5.24,45.12,2577.44,153.94,188.08,52.43,1897.95,174.44,810.76,215.64,38.88,93.87,196.49,1782.38,3550.38,2.78,150.36,103.76,582.46,3.17,939.40,61.75,477.86
2026-01-11T17:00:00Z,53.79,2233.68,163.84,846.81,31.65,2530.02,155.87,0.00,44.86,2573.92,154.54,179.59,52.41,1888.25,173.92,812.53,216.32,40.55,93.09,191.84,1773.77,3548.53,2.74,147.04,102.45,575.01,2.91,939.11,60.61,480.38
2026-01-11T17:10:00Z,53.71,2238.68,164.15,853.54,31.68,2538.13,155.50,0.00,44.46,2581.48,154.09,176.13,,1893.03,173.36,819.09,219.23,38.30,93.04,197.65,1773.78,3544.63,2.62,149.75,107.61,589.67,2.98,938.42,60.38,490.72
2026-01-11T17:20:00Z,53.73,2225.36,163.75,849.47,31.70,2538.95,156.20,0.00,44.64,2581.10,153.70,177.87,52.95,1886.91,173.46,828.12,227.23,40.82,94.52,203.42,1780.88,3555.40,2.41,149.80,108.66,583.83,2.88,940.84,61.55,485.19
2026-01-11T17:30:00Z,53.74,2228.13,164.05,852.66,31.56,2537.59,156.23,0.00,44.94,2580.32,154.47,186.02,53.23,1872.88,173.06,825.54,225.22,39.24,94.13,202.38,1779.83,3559.83,2.60,149.67,106.70,581.10,2.90,935.34,60.69,481.20
2026-01-11T17:40:00Z,53.53,2235.44,163.97,859.99,31.46,2555.61,155.30,0.00,44.94,2570.44,154.75,182.39,53.12,1864.84,173.63,849.83,216.84,38.58,93.84,192.57,1777.12,3548.70,2.19,149.79,102.28,577.52,3.00,938.31,60.10,486.03
2026-01-11T17:50:00Z,53.85,2226.52,163.92,865.87,31.59,2548.18,156.13,0.00,44.87,2575.86,154.36,180.06,53.18,1868.38,173.87,858.82,222.18,38.57,94.06,202.74,1768.71,3560.02,2.54,149.67,108.22,586.75,2.78,924.93,59.36,490.13
2026-01-11T18:00:00Z,53.84,2231.00,164.05,861.24,31.19,2545.42,156.08,0.00,44.82,2584.47,154.79,179.57,53.45,1866.90,174.13,859.65,224.75,38.15,93.25,200.58,1771.09,3534.11,2.58,149.36,107.14,586.40,3.38,935.03,58.90,483.43
2026-01-11T18:10:00Z,53.89,2233.21,163.76,854.62,31.52,2540.40,155.80,0.00,44.99,2580.46,154.41,186.12,53.78,1865.64,174.39,851.59,221.20,39.49,92.56,202.53,1776.22,3564.94,2.67,150.35,105.51,583.40,3.13,941.48,60.32,489.94
2026-01-11T18:20:00Z,53.91,2231.57,164.63,866.45,31.52,2539.29,155.96,0.00,45.30,2565.02,154.99,183.74,53.76,1870.27,174.59,880.40,223.10,40.50,93.44,195.69,1771.70,3551.43,2.46,149.00,108.04,583.11,3.10,933.71,60.35,487.59
2026-01-11T18:30:00Z,54.06,2236.41,164.33,856.90,31.74,2545.68,155.92,0.00,45.43,2566.76,153.82,182.71,53.70,1858.47,174.55,873.18,224.10,40.45,92.92,202.38,1782.99,3543.45,2.45,151.24,107.69,588.53,3.08,939.76,60.36,494.94
2026-01-11T18:40:00Z,54.18,2223.01,164.23,875.89,31.63,2532.56,156.12,0.00,45.28,2564.56,154.48,184.71,53.75,1853.68,174.97,867.63,223.91,37.66,93.01,205.22,1785.09,3551.34,2.66,149.73,105.54,583.83,3.07,940.54,60.81,483.43
2026-01-11T18:50:00Z,54.30,2222.02,164.37,872.77,31.95,2510.41,156.27,,45.55,2570.08,154.59,193.92,53.49,1855.49,174.85,870.24,223.38,39.97,93.63,201.56,1779.12,3538.98,2.73,149.06,104.83,585.48,3.15,946.79,60.56,480.48
2026-01-11T19:00:00Z,54.37,2216.05,164.53,877.00,31.69,2533.26,156.96,0.00,45.44,2564.19,155.07,209.95,53.07,1855.01,175.36,857.40,224.14,40.46,94.53,202.20,1786.56,3552.58,2.30,148.78,106.62,579.97,2.76,941.82,59.42,483.58
2026-01-11T19:10:00Z,54.24,,164.86,871.71,31.90,2528.48,156.79,0.00,45.23,2565.04,154.46,196.34,53.11,1856.04,175.32,856.58,223.42,40.66,92.87,198.29,1766.23,3548.17,2.55,150.82,107.10,581.12,2.74,932.61,58.18,485.19
2026-01-11T19:20:00Z,53.95,2230.26,164.38,872.57,32.25,2513.31,156.23,8.25,45.35,2570.55,154.75,205.59,53.08,1866.80,174.22,865.59,219.28,40.06,93.45,196.33,1780.88,3562.03,2.78,148.73,103.37,572.93,3.07,936.55,60.04,482.44
2026-01-11T19:30:00Z,53.58,2230.37,164.32,858.07,32.15,2519.15,155.77,10.95,45.32,2560.08,153.99,208.87,52.96,1869.28,174.79,867.40,224.17,39.07,93.71,202.22,1785.55,3554.31,2.51,150.34,106.96,583.62,2.91,949.82,59.57,502.27
2026-01-11T19:40:00Z,53.33,2232.49,163.42,848.84,32.11,2519.11,156.14,10.67,45.05,2581.30,154.60,185.87,53.02,1881.66,174.00,854.09,224.99,38.44,93.66,202.87,1781.83,3554.58,2.62,150.07,107.40,583.96,2.76,942.14,58.85,490.66
2026-01-11T19:50:00Z,53.56,2237.01,163.43,850.27,32.20,2528.01,156.10,14.54,45.17,2568.74,154.14,183.20,52.94,1879.46,174.64,866.10,219.62,36.85,93.68,195.58,1776.17,3560.19,2.47,150.05,105.12,585.90,2.84,931.85,58.01,496.89
2026-01-11T20:00:00Z,53.28,2239.01,163.87,863.56,32.31,2510.85,156.36,18.39,45.25,2566.29,154.07,202.32,53.02,1878.66,174.03,849.69,224.02,41.53,93.13,200.47,1776.86,3551.21,2.75,148.91,107.24,576.24,3.27,934.90,57.48,476.71
2026-01-11T20:10:00Z,53.23,2239.23,163.12,855.80,32.04,2521.57,156.22,2.10,45.34,2563.92,154.22,199.42,53.16,1860.25,174.28,858.00,224.30,41.04,93.30,202.67,1785.24,3539.89,2.81,148.48,108.80,584.72,2.84,945.41,58.77,489.49
2026-01-11T20:20:00Z,53.24,2241.23,162.85,850.63,32.05,2527.91,155.74,0.00,45.05,2583.97,153.40,185.87,53.37,1871.54,173.96,860.85,224.91,37.42,93.29,201.07,1777.41,3542.91,2.38,149.82,108.15,582.74,3.12,938.44,59.54,489.74
2026-01-11T20:30:00Z,53.24,2236.64,163.78,846.91,32.12,2533.02,155.63,0.00,44.53,2590.69,153.03,188.34,53.42,1870.17,174.50,846.71,219.73,36.89,93.40,197.84,1774.30,3541.36,2.65,148.04,103.62,581.14,3.09,935.49,59.49,477.29
2026-01-11T20:40:00Z,53.05,2243.93,164.30,857.22,32.41,2517.08,156.45,2.27,44.82,2580.83,153.25,193.26,53.09,1874.70,174.49,849.60,222.54,36.38,92.67,201.45,1773.50,3556.04,2.69,149.07,106.16,589.73,3.15,939.64,59.95,484.52
2026-01-11T20:50:00Z,53.52,2226.42,164.22,867.26,32.65,2504.14,156.18,14.72,44.28,2591.62,154.44,178.51,53.00,1872.79,174.65,847.85,218.80,37.76,92.85,195.99,1771.24,3557.51,2.59,152.16,104.86,574.69,3.02,931.43,59.11,488.86
2026-01-11T21:00:00Z,53.28,2235.33,164.10,848.95,32.27,2506.68,156.24,22.55,44.24,2597.03,154.67,184.23,53.04,1873.72,173.78,835.84,221.09,39.53,93.13,194.76,1770.60,3543.05,2.68,148.92,101.49,574.04,3.12,946.24,58.58,493.34
2026-01-11T21:10:00Z,53.22,2236.67,164.24,838.30,32.34,2515.24,155.71,12.80,44.29,2588.21,154.67,168.81,52.80,1883.47,173.41,826.07,228.47,38.17,93.54,203.31,1780.76,3555.37,2.57,148.87,107.12,588.83,3.17,942.18,57.05,495.33
2026-01-11T21:20:00Z,53.37,2242.15,164.66,855.17,32.08,2527.99,156.16,6.42,44.42,2590.82,154.63,167.69,52.69,1882.23,173.30,812.75,225.53,37.48,93.27,202.64,1786.50,3553.22,2.61,149.28,106.67,587.15,2.98,936.57,58.41,486.69
2026-01-11T21:30:00Z,53.37,2239.31,163.81,843.03,32.14,2522.21,155.46,0.00,44.48,2590.16,154.71,173.54,52.72,1882.89,173.80,816.14,220.90,38.83,92.94,199.48,1777.98,3561.31,2.66,151.77,108.23,582.63,3.08,935.12,59.16,494.60
2026-01-11T21:40:00Z,53.49,2240.70,163.40,843.51,32.20,2528.92,155.17,5.52,44.44,2589.77,154.97,182.44,52.98,1877.02,173.78,831.35,221.72,40.64,92.59,196.40,1763.76,3547.96,2.48,150.25,105.57,575.15,2.94,923.85,60.08,482.84
2026-01-11T21:50:00Z,53.42,2236.89,163.41,834.20,32.13,2529.46,155.80,5.94,44.40,2585.98,154.26,165.85,52.75,1879.98,173.04,838.02,214.95,39.48,92.52,191.98,1762.71,3536.19,2.34,148.89,103.96,,2.96,934.93,59.31,500.47
2026-01-11T22:00:00Z,53.52,2235.72,163.68,845.11,31.91,2521.84,156.43,7.51,44.61,2579.62,154.41,168.76,52.86,1888.66,172.96,826.09,214.02,39.33,91.97,195.80,1773.36,3558.40,2.63,151.47,102.12,582.17,3.03,945.88,59.49,484.41
2026-01-11T22:10:00Z,53.22,2229.71,163.19,838.76,32.25,2517.08,156.08,6.32,44.51,2579.52,155.01,176.33,52.44,1889.64,173.99,835.26,219.36,39.68,92.49,195.15,1774.12,3555.54,2.74,150.88,105.97,584.59,2.70,,59.14,490.65
2026-01-11T22:20:00Z,53.33,2240.86,163.35,835.44,32.14,2524.36,155.88,0.00,44.08,2586.47,154.48,160.89,52.66,1888.17,173.46,826.30,216.24,40.08,92.12,194.39,1767.45,3565.14,2.56,149.19,105.18,578.03,3.10,937.51,59.08,475.64
2026-01-11T22:30:00Z,52.96,2240.18,164.23,839.67,32.32,2514.94,155.94,0.67,44.06,2591.82,153.85,148.61,52.46,1880.42,173.57,822.85,216.18,37.36,92.91,195.41,1765.60,3542.22,2.71,149.89,104.69,576.54,2.77,938.76,58.44,486.91
2026-01-11T22:40:00Z,52.80,2241.15,164.06,845.72,32.72,2508.02,155.91,0.00,44.13,2597.24,154.23,150.09,52.60,1893.06,173.95,828.29,217.89,35.54,92.54,200.81,1785.83,3556.39,2.64,150.84,102.14,582.39,3.07,936.72,59.08,479.76
2026-01-11T22:50:00Z,52.98,2254.72,163.38,834.89,32.80,2503.69,155.64,4.36,44.14,2598.88,153.80,151.75,52.18,1898.53,173.44,822.24,214.05,37.06,92.63,194.24,1775.76,3547.24,2.59,149.40,104.18,581.16,3.07,930.69,59.47,469.32
2026-01-11T23:00:00Z,52.95,2245.96,164.05,829.93,32.71,2511.83,155.35,15.51,44.16,2599.44,154.15,155.51,52.26,1899.06,174.07,806.17,218.46,36.84,92.76,196.85,1775.56,3542.81,2.41,147.92,103.81,581.35,3.13,937.77,60.09,482.06
2026-01-11T23:10:00Z,52.21,2265.01,163.73,814.97,32.43,2518.96,156.07,1.95,44.15,2600.15,154.01,157.21,52.03,1898.65,174.35,798.03,217.80,37.78,93.57,195.70,1768.61,3557.69,2.51,150.47,103.59,586.24,3.07,932.06,59.13,490.91
2026-01-11T23:20:00Z,52.36,2261.23,163.12,814.16,32.94,2509.02,155.84,0.00,44.53,2592.45,154.36,170.93,51.76,1901.59,173.42,788.76,213.10,36.29,92.65,192.16,1769.68,3539.53,2.57,151.37,103.17,583.19,2.73,935.59,59.85,489.62
2026-01-11T23:30:00Z,52.63,2264.28,163.60,824.91,32.52,2513.53,156.03,4.55,44.20,2592.78,153.79,162.97,51.99,1905.10,173.97,790.71,212.94,38.05,92.65,190.84,1775.38,3561.14,2.68,148.22,100.17,581.89,2.77,938.06,59.98,486.69
2026-01-11T23:40:00Z,52.29,2259.22,163.26,825.79,32.68,2513.79,155.35,3.29,43.67,2603.09,153.11,157.76,51.84,1911.31,173.57,800.98,214.40,37.79,92.46,192.84,1774.23,3534.86,2.43,148.79,100.70,580.44,2.78,938.35,59.80,479.81
2026-01-11T23:50:00Z,52.22,2259.56,162.97,801.32,32.83,2507.77,156.36,19.50,43.94,2602.70,153.65,143.07,51.76,1915.53,172.72,807.44,212.36,37.58,92.40,189.80,1764.16,3547.89,2.50,150.15,98.05,572.86,3.14,931.98,60.71,477.22
2026-01-12T00:00:00Z,52.35,2265.53,163.30,800.44,32.53,2508.32,156.31,0.00,44.22,2594.47,153.79,152.05,52.01,1908.12,172.73,800.07,209.78,36.32,92.43,190.67,1766.68,3542.18,2.51,148.26,100.19,573.00,3.06,932.27,59.85,481.77
2026-01-12T00:10:00Z,52.35,2257.33,163.02,794.06,32.81,2501.16,156.99,8.62,44.54,2590.66,153.85,,51.74,1900.90,173.10,819.40,210.79,36.87,92.48,190.26,1767.27,3549.46,2.35,150.22,101.44,578.63,2.89,931.91,58.48,491.19
2026-01-12T00:20:00Z,52.18,2265.63,162.92,799.86,32.72,2486.12,156.54,13.64,44.47,2589.74,153.59,156.21,51.95,1909.73,173.22,813.43,216.40,36.29,92.44,193.71,1765.84,3549.22,2.28,149.86,104.71,579.42,2.83,924.60,59.61,471.32
2026-01-12T00:30:00Z,52.29,2275.44,163.03,791.77,33.02,2488.67,157.21,38.88,44.80,2581.11,153.34,170.27,52.28,1894.99,173.28,804.56,215.25,38.91,92.17,191.44,1762.19,3537.95,2.33,149.67,103.70,582.13,2.82,928.52,60.92,482.97
2026-01-12T00:40:00Z,52.00,2279.48,162.19,776.99,32.53,2495.59,157.17,31.27,44.76,2570.50,154.12,186.45,52.02,1888.20,172.61,813.01,221.65,37.39,91.93,194.99,1778.54,3537.70,2.31,149.16,104.39,578.24,3.02,939.92,60.55,488.06
2026-01-12T00:50:00Z,52.07,2273.78,162.59,786.64,32.47,2509.24,157.01,24.91,45.01,2581.60,154.28,192.47,52.43,1894.93,173.41,816.23,216.02,36.77,92.35,194.51,1765.57,3547.33,2.23,148.76,103.34,580.44,2.93,943.54,59.23,478.60
2026-01-12T01:00:00Z,52.11,2264.82,163.10,807.63,32.63,2523.65,156.45,5.11,45.31,2580.91,154.41,181.85,52.80,1897.93,173.55,823.98,216.65,38.07,92.74,188.68,1752.59,3545.76,2.69,150.57,106.38,580.10,2.79,921.95,58.65,494.61
2026-01-12T01:10:00Z,51.82,2264.26,162.69,800.99,32.72,2513.45,155.78,19.38,45.75,2568.20,154.36,191.69,53.22,1883.98,173.59,835.93,221.85,37.83,93.03,202.76,1783.52,3552.43,2.39,149.93,107.04,586.03,2.88,939.19,58.86,496.95
2026-01-12T01:20:00Z,52.08,2274.56,162.47,811.13,32.32,2522.74,155.27,8.47,45.27,2570.54,153.80,186.55,53.58,1866.78,173.94,857.93,221.51,38.34,93.14,200.02,1773.99,3557.80,2.67,151.06,108.30,580.59,3.06,925.51,59.07,477.55
2026-01-12T01:30:00Z,51.94,2273.86,163.09,803.21,32.79,2516.68,155.60,18.25,45.44,2559.03,154.34,186.46,53.47,1862.75,174.36,854.30,223.31,38.90,93.62,201.65,1776.66,3558.80,2.42,148.33,104.03,583.82,3.12,937.04,58.07,486.39
2026-01-12T01:40:00Z,51.87,2277.28,162.78,803.09,32.92,2515.00,155.79,10.36,45.28,2553.02,154.01,199.37,53.38,1857.63,173.81,850.68,221.28,38.60,93.79,201.21,1775.77,3542.57,2.58,150.29,104.80,585.45,3.17,937.68,59.20,497.13
2026-01-12T01:50:00Z,52.26,2272.61,162.80,790.05,33.61,2501.30,156.11,30.41,45.76,2551.47,154.86,204.65,53.09,1856.83,174.33,843.33,222.21,37.57,93.17,198.11,1783.51,3548.29,2.50,149.68,105.96,580.98,2.71,947.24,58.70,488.67
2026-01-12T02:00:00Z,52.18,2268.11,163.50,781.56,33.53,2485.68,156.90,26.26,45.57,2565.27,154.40,217.97,53.15,1873.25,175.28,843.02,221.31,38.20,92.99,199.13,1780.67,3554.33,2.48,149.94,106.45,584.84,2.74,944.49,58.88,482.45
2026-01-12T02:10:00Z,52.22,2261.08,162.94,798.09,33.82,2480.18,156.88,36.07,45.60,2558.67,154.61,221.94,53.35,1875.97,174.73,836.65,222.95,39.98,93.63,195.75,1779.29,3569.04,2.62,150.38,105.44,588.82,2.94,933.77,58.88,492.33
2026-01-12T02:20:00Z,51.93,2272.53,162.36,783.53,33.49,2479.36,156.22,34.36,45.65,2554.51,154.17,221.62,53.33,1874.40,174.93,845.15,218.97,39.95,92.54,195.94,1771.92,3535.98,2.63,150.41,105.48,581.89,3.15,932.86,57.45,482.35
2026-01-12T02:30:00Z,51.85,2278.86,162.86,790.33,32.97,2492.80,155.94,21.40,45.45,2555.54,154.55,221.15,53.21,1869.20,174.32,838.74,217.65,40.20,93.44,194.64,1773.57,3555.20,2.54,150.64,101.45,573.48,2.86,934.29,57.60,477.07
2026-01-12T02:40:00Z,52.04,2275.93,162.44,787.48,32.42,2503.03,156.19,8.24,45.45,2553.99,153.98,218.05,53.56,1862.23,174.91,851.02,228.35,41.06,93.44,205.46,1777.78,3545.04,2.66,149.03,109.92,579.65,3.01,939.92,58.77,490.48
2026-01-12T02:50:00Z,52.32,2272.19,162.67,798.74,32.71,2511.88,156.51,9.71,45.20,2561.25,154.76,212.22,53.32,1864.23,174.26,844.22,226.04,37.88,93.57,203.97,1785.74,3547.45,2.88,148.89,108.71,590.54,3.16,938.46,58.46,500.77
2026-01-12T03:00:00Z,52.47,2258.52,162.86,804.05,32.39,2515.60,155.98,2.89,45.28,2573.84,154.21,199.48,53.32,1865.37,173.84,836.23,224.91,37.21,94.24,199.67,1772.92,3537.27,2.74,149.26,108.38,583.63,3.18,936.82,59.72,480.89
2026-01-12T03:10:00Z,52.33,2272.81,162.59,802.40,32.20,2514.63,156.34,2.11,45.36,2564.94,154.59,195.32,53.19,1867.25,174.32,851.98,225.58,36.82,93.45,203.40,1787.43,3556.58,2.40,152.05,107.71,583.58,3.47,943.13,59.75,488.44
2026-01-12T03:20:00Z,52.37,2269.28,162.85,795.92,32.66,2515.23,155.69,12.60,45.72,2559.30,154.03,204.48,53.10,1866.15,174.32,848.58,221.62,38.35,93.28,201.99,1772.88,3542.87,2.63,150.30,106.25,582.53,3.03,928.13,57.98,486.18
2026-01-12T03:30:00Z,52.63,2265.37,162.40,814.67,32.40,2501.60,156.48,1.27,45.54,2567.01,153.83,214.98,53.17,1871.76,174.68,847.29,224.05,38.08,93.26,202.66,1792.19,3542.90,2.64,149.70,107.13,581.98,3.08,941.16,58.68,487.39
2026-01-12T03:40:00Z,52.33,2268.79,163.74,815.12,32.41,2511.95,156.38,0.00,45.80,2556.25,154.77,208.12,53.18,1862.99,174.48,849.86,217.29,39.20,93.12,196.08,1765.27,3553.19,2.33,149.58,106.28,585.38,2.96,931.47,60.05,473.32
2026-01-12T03:50:00Z,52.22,2261.99,162.91,798.64,32.53,2515.63,156.59,8.11,46.10,2550.98,154.45,207.68,53.03,1868.39,173.82,831.51,223.09,38.64,92.98,200.56,1782.95,3555.82,2.65,150.23,109.87,590.86,2.99,936.28,60.34,497.66
2026-01-12T04:00:00Z,52.21,2276.33,163.92,779.65,32.32,2514.24,155.96,0.00,45.89,2550.58,154.64,224.60,53.05,1885.92,173.65,836.77,220.56,38.65,93.25,194.21,1762.42,3537.96,2.47,148.49,104.00,580.58,2.82,931.84,59.37,487.39
2026-01-12T04:10:00Z,52.59,2255.97,163.63,805.94,32.66,2510.66,156.10,11.56,45.79,2555.12,154.87,223.78,53.33,1863.29,173.36,840.25,222.03,38.45,92.84,201.01,1784.55,3539.16,2.68,148.08,107.38,585.53,3.24,942.90,59.04,492.87
2026-01-12T04:20:00Z,52.38,2263.07,163.16,797.16,32.78,2501.57,155.89,13.33,46.07,2555.57,154.92,216.39,53.50,1869.22,173.40,836.95,220.44,38.97,92.68,195.19,1767.68,3533.23,2.31,150.60,104.93,581.40,2.58,936.24,59.15,487.40
2026-01-12T04:30:00Z,52.44,2251.52,163.76,812.14,32.77,2506.49,156.45,24.44,46.31,2549.47,155.18,212.35,53.49,1871.91,173.99,863.21,223.67,39.64,93.28,200.12,1767.51,3532.62,2.56,152.70,106.22,585.21,2.55,934.28,59.40,484.24
2026-01-12T04:40:00Z,52.12,2270.92,163.18,804.92,32.42,2514.25,156.00,16.75,45.85,2559.39,154.81,205.19,53.05,1871.11,174.18,871.51,223.85,39.40,92.84,203.42,1770.67,3540.12,2.49,148.85,108.18,588.81,2.71,941.40,60.75,484.93
2026-01-12T04:50:00Z,52.10,2280.92,163.15,811.25,32.69,2509.17,156.58,23.31,46.11,2550.49,154.85,227.29,52.95,1887.76,174.08,864.13,229.93,37.16,93.24,206.22,1774.31,3542.56,2.80,149.39,111.11,588.45,2.65,941.80,59.72,486.17
2026-01-12T05:00:00Z,52.22,2275.84,163.28,819.21,32.90,2502.07,156.88,27.12,45.81,2556.37,155.58,217.68,52.85,1878.53,173.90,858.78,227.46,41.04,92.81,204.77,1774.72,3536.70,2.49,149.27,108.10,582.98,3.32,934.02,59.76,497.13
2026-01-12T05:10:00Z,52.45,2272.37,163.68,814.72,32.82,2515.05,156.47,15.79,45.74,2554.25,155.37,212.98,52.60,1881.83,173.58,841.78,226.74,40.30,93.15,204.89,1786.95,3542.77,2.88,151.02,107.96,587.17,3.17,946.22,60.67,489.94
2026-01-12T05:20:00Z,52.42,2271.34,164.39,801.49,32.66,2509.35,156.61,15.90,45.81,2542.09,154.72,218.88,52.36,1893.02,173.80,837.60,224.39,40.01,92.83,201.70,1775.25,3572.74,2.65,149.88,107.54,587.68,2.95,934.29,59.70,483.76
2026-01-12T05:30:00Z,52.71,2263.53,163.79,806.10,32.32,2516.47,156.91,14.56,46.04,2550.51,155.03,213.90,51.99,1891.45,173.95,828.61,226.11,37.96,93.11,205.28,1783.06,3551.90,2.45,150.69,110.88,593.08,2.91,938.71,59.39,496.78
2026-01-12T05:40:00Z,52.89,2255.98,163.52,813.58,32.79,2507.06,156.91,22.40,46.30,2540.13,155.36,216.64,52.19,1897.14,174.18,821.45,222.13,37.19,93.40,200.73,1783.13,3543.00,2.46,152.04,107.83,589.24,2.98,943.09,59.95,488.46
2026-01-12T05:50:00Z,52.35,2264.10,163.35,809.56,32.65,2505.36,156.92,26.53,46.59,2540.64,155.20,218.03,52.11,1897.55,173.88,832.23,225.13,38.90,93.94,204.15,1776.70,3547.25,2.41,149.58,106.53,584.07,2.52,935.32,58.69,488.92
2026-01-12T06:00:00Z,52.28,2267.54,163.16,808.39,32.61,2520.69,156.56,11.54,46.65,2531.87,155.63,238.48,52.22,1899.15,173.48,832.61,220.66,38.06,94.06,198.78,1775.15,3555.93,2.45,150.49,104.57,578.15,3.19,937.64,58.90,473.66
2026-01-12T06:10:00Z,52.08,2266.15,162.79,809.55,32.62,2515.43,156.31,0.00,46.67,2552.13,155.09,239.13,52.47,1901.66,174.10,824.44,221.61,37.93,93.79,198.47,1767.15,3540.02,2.50,149.75,104.43,582.15,2.95,935.52,57.82,491.22
2026-01-12T06:20:00Z,52.27,2264.92,164.02,813.15,32.70,2505.66,157.25,12.42,46.46,2544.68,155.55,234.48,52.61,1899.75,173.50,824.70,220.79,39.52,93.05,195.94,1767.03,3547.61,2.39,148.85,102.36,580.53,2.97,931.86,58.25,480.73
2026-01-12T06:30:00Z,52.51,2260.41,163.75,815.53,32.60,2506.50,157.14,14.72,46.40,2543.65,154.81,225.99,52.44,1880.38,173.59,829.88,224.40,39.43,92.52,201.24,1775.94,3547.38,2.40,149.62,108.42,581.68,2.81,934.66,57.39,477.56
2026-01-12T06:40:00Z,52.36,2275.46,163.31,803.09,32.43,2518.80,157.08,5.98,46.46,2544.85,155.07,223.36,52.38,1888.51,173.54,,215.33,38.45,92.16,188.04,1769.90,3551.54,2.35,149.79,102.74,577.91,3.01,935.10,58.95,489.66
2026-01-12T06:50:00Z,52.38,2278.04,162.93,819.63,31.99,2523.14,156.07,0.00,46.42,2544.03,155.57,226.80,52.50,1882.99,173.00,813.24,218.52,37.00,92.09,195.71,1768.23,3542.33,2.82,147.78,103.53,579.45,3.23,940.65,59.40,491.74
2026-01-12T07:00:00Z,52.48,2274.13,163.75,811.29,32.05,2525.40,156.14,0.00,46.83,2534.24,155.70,224.19,52.77,1879.35,173.23,813.52,215.03,36.74,94.03,192.94,1773.45,3549.87,2.34,151.09,101.90,579.24,2.72,935.06,60.71,488.40
2026-01-12T07:10:00Z,52.55,2263.09,163.18,821.34,32.13,2528.53,156.26,0.00,46.94,2524.81,155.50,236.55,52.90,1882.81,173.86,823.54,220.21,38.20,93.97,195.64,1782.11,3524.38,2.64,149.91,103.72,588.39,3.23,944.63,60.13,493.79
2026-01-12T07:20:00Z,52.35,2260.32,162.95,821.73,32.08,2525.25,155.99,0.00,47.05,2528.18,155.31,242.52,52.71,1884.80,174.15,828.16,220.60,37.80,93.37,199.78,1776.29,3548.23,2.56,150.65,105.09,575.88,3.35,942.38,60.35,475.51
2026-01-12T07:30:00Z,52.19,2264.35,163.62,816.19,31.96,2530.12,156.85,5.61,47.36,2517.28,155.66,243.63,52.70,1882.96,174.34,831.62,221.08,38.48,93.31,197.67,1769.04,3540.30,2.34,149.24,107.55,584.32,2.84,937.80,59.00,484.85
2026-01-12T07:40:00Z,51.99,2268.33,163.06,797.80,31.68,2519.12,156.66,24.62,47.66,2520.93,155.41,249.07,52.86,1872.03,174.43,835.76,222.58,40.57,92.77,198.61,1777.50,3556.44,2.47,150.28,107.06,581.57,3.03,930.07,60.72,477.21
2026-01-12T07:50:00Z,52.07,2275.22,163.43,800.78,32.01,2530.13,156.10,0.00,47.85,2508.95,154.87,273.89,52.65,1884.61,173.96,831.94,,40.23,93.73,203.11,1775.77,3547.42,2.54,149.36,106.77,581.21,2.66,939.57,61.31,481.09
2026-01-12T08:00:00Z,52.02,2270.26,163.28,799.43,31.85,2534.90,155.26,0.00,47.37,2493.62,155.11,281.77,52.59,1884.24,173.82,838.61,221.42,39.30,93.02,200.75,1782.47,3552.68,2.41,149.79,106.50,582.30,2.99,944.45,59.82,494.39
2026-01-12T08:10:00Z,52.24,2277.65,163.11,807.58,32.01,2529.76,155.62,0.00,47.08,2506.19,155.32,265.94,52.91,1882.35,173.59,845.46,224.52,37.94,92.72,205.33,1784.45,3548.80,2.77,149.84,107.02,584.18,3.13,943.65,59.64,495.75
2026-01-12T08:20:00Z,52.12,2258.68,162.25,800.71,32.07,2521.38,155.65,0.00,46.78,2524.22,155.82,257.83,52.97,1886.11,173.68,843.59,225.00,41.17,92.14,204.82,1782.73,3551.29,2.66,149.54,107.19,581.52,2.90,943.54,58.53,481.18
2026-01-12T08:30:00Z,52.10,2255.38,162.54,797.70,31.89,2520.49,154.66,5.02,46.58,2530.99,155.43,243.08,52.82,1881.09,174.90,831.00,221.66,40.26,92.62,200.67,1776.71,3550.24,2.50,149.72,108.37,586.38,2.69,939.60,58.09,483.49
2026-01-12T08:40:00Z,51.78,2280.79,162.21,797.54,31.85,2523.83,155.56,0.00,46.60,2534.78,155.09,240.20,52.90,1885.68,174.45,821.91,227.03,40.04,92.93,207.71,1781.87,3558.89,2.58,150.86,106.81,585.12,3.10,941.37,58.94,492.37
2026-01-12T08:50:00Z,52.39,2272.03,163.59,807.76,31.47,2527.49,156.45,0.00,46.64,2533.22,155.20,248.42,53.10,1875.08,173.91,824.78,216.94,37.07,93.16,192.18,1775.00,3554.51,2.45,150.02,103.13,582.37,2.68,933.32,59.75,486.65
2026-01-12T09:00:00Z,52.99,2255.60,163.26,814.92,31.93,2532.17,156.02,0.00,46.70,2527.50,155.35,244.43,52.91,1888.00,173.57,825.84,219.78,36.87,93.49,199.90,1774.59,3546.45,2.68,148.64,105.76,578.73,2.94,939.62,59.44,476.60
2026-01-12T09:10:00Z,52.85,2251.84,164.10,819.40,31.79,2536.11,156.28,0.00,46.51,2529.09,155.88,253.61,53.29,1875.93,174.75,830.45,221.12,38.62,94.66,196.94,1772.75,3549.76,2.48,150.29,105.44,586.96,3.12,944.33,58.76,491.16
2026-01-12T09:20:00Z,52.97,2253.66,163.76,821.00,31.89,2535.46,156.26,0.00,46.70,2531.70,156.04,243.05,52.89,1883.72,174.51,826.19,219.97,38.87,95.11,199.95,1783.38,3533.90,2.39,147.33,105.49,587.01,2.52,941.10,57.23,491.39
2026-01-12T09:30:00Z,52.74,2255.97,163.53,805.01,32.05,2535.85,156.28,0.00,46.74,2529.97,156.08,247.31,52.46,1887.41,173.23,823.00,219.21,38.49,94.69,198.52,1787.40,3559.32,2.43,149.07,103.43,577.73,2.92,948.90,57.36,473.92
2026-01-12T09:40:00Z,52.61,2262.30,163.38,801.12,32.25,2529.88,156.21,0.12,46.57,2547.81,155.76,245.52,52.73,1885.15,173.17,837.49,223.98,38.34,93.79,203.46,1782.52,3548.82,2.83,149.95,105.33,586.42,2.92,943.05,58.85,486.73
2026-01-12T09:50:00Z,52.30,2277.92,163.14,796.57,32.05,2524.68,155.84,1.14,46.61,2540.16,154.91,239.24,52.64,1894.15,173.51,814.42,220.97,36.17,93.74,199.42,1779.79,3553.60,2.61,148.61,107.99,580.98,2.64,932.71,58.25,476.12
2026-01-12T10:00:00Z,52.18,2262.79,162.86,799.46,31.57,2519.28,155.97,0.00,46.71,2545.38,155.81,239.77,52.75,1889.80,173.39,808.96,224.57,37.83,94.15,201.37,1778.92,3560.56,2.54,148.88,107.81,580.58,2.86,934.85,56.63,491.37
2026-01-12T10:10:00Z,52.00,2274.18,162.80,792.23,31.33,2538.06,155.74,0.00,46.46,2537.96,155.15,250.56,52.66,1887.57,173.88,817.54,219.41,37.96,93.63,197.90,1780.31,3537.85,2.48,149.81,102.89,569.83,2.84,938.97,57.09,472.47
2026-01-12T10:20:00Z,51.71,2274.20,163.03,793.61,31.30,2539.38,156.52,0.00,46.24,2541.02,154.81,235.72,53.20,1876.98,173.62,821.76,219.83,37.51,93.93,197.32,1780.02,3535.71,2.66,149.63,106.57,583.92,3.25,938.46,57.48,497.34
2026-01-12T10:30:00Z,51.66,2291.22,163.04,786.50,31.44,2536.12,156.05,0.00,46.61,2537.57,156.03,235.42,53.13,1887.45,173.42,830.82,218.17,36.36,94.87,195.68,1770.01,3552.31,2.73,150.33,104.53,570.18,3.32,940.56,58.11,472.59
2026-01-12T10:40:00Z,51.72,2288.57,162.69,760.50,31.46,2530.65,155.89,0.00,46.58,2542.45,156.08,241.59,53.07,1870.83,174.09,843.39,215.22,39.03,93.49,193.17,1774.39,3557.36,2.44,151.00,103.36,579.95,2.93,943.97,58.61,477.94
2026-01-12T10:50:00Z,51.31,2290.72,162.70,769.38,31.37,2529.05,155.77,,46.69,2538.00,155.62,239.77,52.83,1884.62,173.95,848.20,217.48,39.10,93.74,196.85,1776.08,3553.54,2.57,149.68,103.15,581.19,3.02,934.21,59.94,479.53
2026-01-12T11:00:00Z,51.17,2290.43,163.05,774.14,31.59,2535.58,155.94,0.00,46.76,2537.22,155.72,229.52,52.46,1893.50,174.11,830.00,221.69,39.25,93.79,201.74,1774.00,3543.16,2.64,148.73,105.20,578.14,3.07,937.85,58.56,474.83
2026-01-12T11:10:00Z,51.04,2294.60,162.29,764.10,32.28,2529.68,156.13,9.83,46.70,2529.73,155.58,239.74,52.43,1889.82,174.06,830.26,221.71,38.89,93.87,200.34,1777.16,3543.11,2.56,149.34,105.69,576.30,3.34,939.47,58.68,488.28
2026-01-12T11:20:00Z,50.79,2299.31,162.56,763.75,32.10,2527.97,155.90,11.19,46.70,2517.65,155.29,241.93,52.39,1882.02,174.39,828.07,221.84,38.61,93.06,201.89,1780.66,3550.77,2.76,150.11,106.28,582.35,3.31,940.49,60.10,491.53
2026-01-12T11:30:00Z,50.56,2312.00,162.08,756.91,31.98,2518.11,156.48,9.63,46.98,2523.89,155.38,240.63,52.47,1872.35,173.96,838.18,216.77,37.92,92.84,194.22,1782.59,3546.72,2.64,150.09,105.52,589.70,2.78,941.34,60.37,493.88
2026-01-12T11:40:00Z,50.22,2311.42,161.63,741.68,32.66,2514.88,156.36,9.45,46.82,2523.24,155.15,245.57,52.81,1883.07,174.28,838.14,218.82,37.63,92.26,198.10,1784.38,3531.52,2.39,149.31,104.74,579.74,2.89,935.46,60.27,476.14
2026-01-12T11:50:00Z,50.51,2305.88,162.38,743.36,32.65,2509.26,155.88,13.39,46.87,2512.71,155.25,253.97,52.92,1877.25,174.35,831.47,215.92,39.68,92.64,193.47,1773.44,3542.78,2.46,149.81,100.39,578.30,3.06,937.80,60.03,483.79
2026-01-12T12:00:00Z,50.50,2309.92,162.04,742.17,32.48,2517.79,155.66,0.00,46.55,2523.85,155.27,248.27,53.16,1871.53,174.78,828.69,219.61,39.54,93.01,197.88,1765.99,3546.37,2.58,149.14,106.23,579.53,2.80,928.84,58.18,481.08
2026-01-12T12:10:00Z,50.36,2317.15,161.32,732.70,32.20,2511.63,155.90,1.18,46.51,2536.75,155.87,251.43,53.48,1858.25,174.42,839.86,219.81,37.98,93.00,197.15,1785.72,3551.03,2.23,149.37,105.15,582.22,3.15,943.00,60.43,480.73
2026-01-12T12:20:00Z,50.35,2320.86,160.63,730.66,31.78,2518.25,156.16,0.61,46.66,2530.26,155.51,249.69,53.26,1870.50,174.64,857.33,219.86,37.52,92.94,198.48,1770.89,3546.32,2.49,149.56,103.77,583.06,3.22,930.07,60.07,473.31
2026-01-12T12:30:00Z,50.31,2318.34,160.85,715.32,31.51,2528.24,156.36,0.00,46.84,2526.20,155.67,247.72,53.59,1861.74,174.61,856.46,221.91,36.79,93.24,201.61,1776.38,3559.21,2.45,151.37,106.59,587.47,3.32,942.78,59.50,481.79
2026-01-12T12:40:00Z,50.12,2322.25,160.53,719.41,31.52,2542.67,156.94,0.00,46.90,2517.34,155.67,247.43,53.67,1849.15,174.62,845.81,222.72,37.35,93.11,204.27,1779.52,3540.21,2.81,149.01,109.32,579.27,2.64,938.24,58.82,488.19
2026-01-12T12:50:00Z,50.05,2319.99,161.10,728.82,31.06,2540.12,156.89,0.00,46.66,2528.90,155.28,247.06,53.69,1856.78,175.11,854.35,218.42,36.24,92.95,198.94,1774.72,3553.76,2.33,147.85,105.40,581.12,2.97,939.77,58.31,485.92
2026-01-12T13:00:00Z,50.12,2310.59,160.69,741.67,31.23,2548.27,157.20,0.00,46.65,2538.90,155.21,239.36,53.55,1863.97,175.03,849.27,219.53,36.06,93.15,193.79,1771.10,3568.86,2.86,150.67,103.11,588.81,2.84,938.27,57.43,491.92
2026-01-12T13:10:00Z,50.21,2314.35,161.01,746.14,31.64,2539.92,156.00,0.00,46.16,2534.28,154.66,228.66,53.72,1849.26,174.15,868.42,217.11,37.72,92.35,195.98,1775.35,3547.55,2.74,150.09,102.12,583.75,3.12,941.60,58.23,488.35
2026-01-12T13:20:00Z,50.73,2308.53,161.31,742.99,31.95,2532.84,155.73,0.23,46.07,2537.04,154.99,233.69,53.67,1859.50,175.00,857.66,219.86,36.69,92.79,202.68,1783.47,3543.85,2.59,150.52,106.68,590.88,3.03,941.13,59.48,496.15
2026-01-12T13:30:00Z,50.41,2307.68,161.29,732.91,32.13,2526.70,156.07,7.95,45.81,2540.27,155.00,229.50,53.88,1853.23,175.02,880.28,222.76,38.94,92.27,200.15,1775.33,3552.14,2.32,148.11,104.96,582.39,2.73,937.96,59.39,491.69
2026-01-12T13:40:00Z,50.67,2304.06,161.31,744.18,32.35,2519.42,156.46,1.61,46.15,2542.69,155.12,242.87,54.03,1846.58,174.99,868.93,220.14,40.62,91.99,197.57,1776.76,3542.85,2.58,148.76,105.39,577.26,2.96,942.68,59.50,487.72
2026-01-12T13:50:00Z,50.57,2297.54,161.21,740.46,32.19,2524.53,156.74,4.22,45.61,2553.64,155.28,226.60,53.67,1855.08,176.16,869.75,222.02,39.63,93.30,198.12,1777.36,3541.90,2.43,149.97,103.75,582.64,3.67,934.71,59.86,492.96
2026-01-12T14:00:00Z,50.27,2313.81,161.63,752.68,31.69,2529.66,156.16,11.92,45.88,2546.91,155.07,215.11,53.35,1867.72,174.79,864.01,220.81,38.90,93.18,198.27,1772.09,3553.04,2.38,149.60,106.66,590.64,2.87,937.79,59.36,493.97
2026-01-12T14:10:00Z,50.31,2304.29,161.44,748.60,31.80,2530.92,155.76,5.75,45.91,2557.37,154.59,209.14,53.52,1857.29,174.43,848.83,215.95,38.68,92.96,195.24,1768.83,3544.50,2.47,149.76,103.40,575.54,3.10,928.19,58.36,477.07
2026-01-12T14:20:00Z,50.31,2312.72,161.38,752.39,31.49,2543.80,156.19,0.00,45.89,2549.95,155.18,202.13,53.29,1871.48,174.29,858.95,216.52,36.46,94.29,193.76,1776.11,3552.34,2.42,150.32,106.02,583.49,3.22,945.04,58.87,484.35
2026-01-12T14:30:00Z,50.26,2310.41,161.73,747.98,31.48,2547.40,156.23,0.00,45.62,2554.34,154.23,201.84,53.13,1877.32,174.31,843.98,215.88,36.13,94.07,198.05,1777.02,3553.80,2.18,146.29,100.28,574.05,3.01,942.48,60.15,461.88
2026-01-12T14:40:00Z,50.25,2312.27,161.39,732.16,31.29,2543.77,156.05,0.00,45.72,2563.57,153.67,208.45,52.69,1879.86,174.36,830.14,217.55,35.82,93.71,196.16,1771.84,3556.87,2.42,149.34,99.97,571.66,2.96,930.55,58.45,486.83
2026-01-12T14:50:00Z,50.58,2312.15,161.18,715.69,31.40,2538.44,155.75,0.00,45.68,2554.96,153.84,225.42,52.45,1881.39,174.20,834.94,214.76,38.66,93.43,193.13,1763.71,3548.32,2.57,148.14,105.88,585.64,2.74,933.22,58.27,478.18
2026-01-12T15:00:00Z,50.59,2309.62,161.53,733.61,31.62,2545.15,156.03,0.00,45.93,2560.03,154.61,216.72,52.40,1886.39,174.26,827.91,213.70,38.31,93.78,192.27,1771.09,3559.93,2.67,149.26,100.41,580.48,3.00,932.83,59.55,492.48
2026-01-12T15:10:00Z,50.88,2306.41,161.25,743.04,31.66,2533.74,156.46,0.00,46.08,2549.31,155.36,219.23,52.50,1888.00,173.85,827.56,216.11,38.41,94.23,192.98,1767.84,3552.23,2.42,147.26,102.55,579.22,2.89,936.81,59.96,490.80
2026-01-12T15:20:00Z,51.12,2297.56,162.39,741.46,31.57,2536.57,156.40,0.00,46.31,2551.83,155.46,229.81,53.11,1876.77,173.87,825.22,216.67,36.94,93.88,197.20,1776.77,3552.84,2.73,149.03,101.17,578.60,2.93,938.81,58.64,482.98
2026-01-12T15:30:00Z,50.89,2286.28,161.69,746.90,31.73,2529.45,155.78,2.07,46.13,2559.36,155.27,212.91,53.19,1872.37,174.19,836.45,218.77,35.23,92.93,198.13,1775.83,3546.02,2.63,149.90,103.43,582.30,2.71,933.63,59.86,480.71
2026-01-12T15:40:00Z,50.94,2301.70,162.31,749.08,31.65,2521.56,155.82,0.00,46.32,2543.04,155.62,216.14,53.28,1872.73,174.94,847.78,215.03,38.10,92.93,193.57,1775.43,3553.85,2.52,149.91,102.76,586.25,3.18,929.25,58.16,487.82
2026-01-12T15:50:00Z,51.21,2298.42,162.26,774.41,31.99,2517.75,156.88,0.00,46.64,2539.90,154.98,233.58,52.96,1868.04,174.44,845.09,220.03,36.49,93.25,196.74,1767.53,3543.38,2.47,150.00,102.71,575.81,3.20,941.18,59.83,471.18
2026-01-12T16:00:00Z,51.57,2290.36,161.36,766.77,32.50,2517.60,157.63,11.67,46.51,2540.75,155.63,241.12,52.99,1881.88,174.68,830.65,216.40,36.98,93.20,196.66,1772.59,3552.33,2.68,148.15,102.53,586.81,3.15,942.91,60.41,478.03
2026-01-12T16:10:00Z,51.54,2286.30,162.29,778.67,32.09,2516.24,156.90,1.59,46.22,2547.19,155.08,233.99,52.89,1869.19,175.38,845.10,219.88,38.77,93.43,203.79,1783.99,3561.55,2.63,149.53,101.85,584.69,3.10,948.25,60.47,473.35
2026-01-12T16:20:00Z,51.95,2276.56,163.03,776.03,32.09,2522.63,156.42,5.02,46.37,2533.74,154.91,232.95,53.08,1867.90,175.00,838.79,221.05,35.66,93.37,197.42,1766.73,3535.78,2.49,150.94,105.43,583.22,3.35,930.33,60.10,484.10
2026-01-12T16:30:00Z,52.02,2259.87,163.34,789.56,32.06,2532.87,156.30,3.53,46.18,2540.55,155.07,237.31,53.41,1854.28,174.10,846.24,221.75,38.35,93.39,,1765.91,3548.00,2.53,150.33,105.52,584.36,2.96,937.41,58.97,491.25
2026-01-12T16:40:00Z,52.97,2254.30,163.27,805.33,32.03,2526.32,155.84,4.06,46.24,2540.15,155.09,239.58,53.35,1854.50,173.74,854.31,220.86,38.13,93.05,201.58,1779.90,3552.34,2.35,150.66,103.68,571.23,3.07,938.91,58.76,485.40
2026-01-12T16:50:00Z,52.70,2249.46,163.32,816.19,31.76,2529.95,156.22,0.00,46.38,2538.98,155.06,225.04,53.29,1854.88,174.05,866.16,220.18,37.35,93.10,200.12,1776.13,3556.41,2.59,150.30,104.00,580.03,2.60,946.89,58.44,473.52
2026-01-12T17:00:00Z,52.50,2255.72,163.13,812.56,31.63,2535.35,156.22,0.00,45.90,2549.09,155.04,231.95,53.33,1873.96,174.16,855.63,219.84,38.55,93.59,198.32,1769.53,3548.34,2.65,150.23,105.15,587.76,2.60,933.03,59.50,497.67
2026-01-12T17:10:00Z,52.25,2264.72,162.54,810.90,31.39,2533.13,156.11,0.00,45.81,2559.32,154.72,216.56,53.13,1869.05,174.61,839.22,224.66,39.44,92.80,201.32,1780.36,3552.34,2.68,149.98,106.05,583.21,2.77,945.75,60.48,487.54
2026-01-12T17:20:00Z,52.30,2270.25,162.94,803.80,31.41,2549.10,155.89,0.00,45.18,2556.29,155.20,220.27,53.32,1872.52,173.98,838.02,223.52,41.37,92.52,198.15,1773.78,3568.17,2.49,149.57,109.45,588.64,3.05,928.52,59.56,489.37
2026-01-12T17:30:00Z,52.37,2260.27,163.10,807.21,31.53,2536.41,156.17,0.00,44.95,2566.21,155.43,187.11,53.30,1879.37,173.58,831.51,223.00,38.36,92.67,201.88,1778.76,3567.63,2.54,150.56,104.54,577.25,3.12,945.30,60.02,487.44
2026-01-12T17:40:00Z,52.90,2250.90,163.15,811.36,31.89,2533.53,155.42,0.00,45.39,2577.03,155.25,199.12,53.06,1880.24,173.64,842.73,220.53,37.69,92.92,199.07,1781.16,3566.83,2.64,149.38,103.95,580.78,3.01,937.47,58.74,485.98
2026-01-12T17:50:00Z,52.53,2257.32,163.38,827.56,31.96,2529.22,155.45,0.00,45.86,2567.08,154.39,195.54,53.00,1884.55,174.19,856.45,225.34,39.07,93.77,200.52,1771.59,3551.36,2.67,150.67,105.41,580.18,3.10,936.87,59.30,470.04
2026-01-12T18:00:00Z,52.52,2264.68,163.43,810.88,31.92,2533.52,155.63,0.00,46.01,2553.13,154.11,192.73,52.72,1889.51,173.85,826.99,222.37,39.50,93.01,203.11,1789.66,3543.93,2.70,149.18,105.14,580.37,2.36,947.99,59.92,486.90
2026-01-12T18:10:00Z,52.33,2256.97,162.90,820.87,32.00,2535.62,156.30,0.00,45.93,2554.81,154.40,194.38,52.77,1878.47,173.83,834.25,217.20,39.79,92.63,194.53,1765.07,3558.73,2.69,148.66,106.60,582.81,2.86,927.21,58.48,486.12
2026-01-12T18:20:00Z,52.27,2258.23,163.17,798.79,31.93,2537.46,156.50,0.00,45.57,2561.10,155.23,193.52,52.51,1885.12,174.52,832.61,219.35,37.30,93.56,197.96,1778.33,3564.36,2.43,149.97,104.36,574.32,3.04,947.73,58.43,477.50
2026-01-12T18:30:00Z,52.35,2254.00,162.98,818.02,31.66,2538.21,156.46,0.00,45.76,2559.49,154.23,210.07,52.20,1899.45,174.32,834.54,219.33,38.16,92.39,198.42,1777.92,3550.74,2.54,,103.06,579.30,2.89,938.06,58.32,478.14
2026-01-12T18:40:00Z,52.51,2259.25,162.54,813.21,31.90,2539.10,156.80,0.00,45.96,2549.22,154.35,212.35,51.93,1900.33,173.94,807.34,214.71,38.64,92.62,189.50,1760.00,3543.43,2.59,149.50,101.49,572.48,2.91,932.68,58.86,473.03
2026-01-12T18:50:00Z,52.93,2260.02,163.61,811.24,32.24,2527.20,156.11,3.31,45.85,2553.77,153.94,211.14,52.16,1904.69,173.08,796.23,215.39,38.68,91.98,195.61,1772.72,3565.60,2.64,149.90,101.97,579.46,2.90,930.56,58.47,487.73
2026-01-12T19:00:00Z,52.89,2262.71,163.73,807.26,32.14,2523.86,155.84,0.00,46.26,2554.88,154.64,210.69,52.65,1896.75,173.61,816.04,217.32,38.21,92.76,192.50,1767.30,3540.29,2.51,149.18,104.87,573.68,3.17,929.89,58.82,477.84
2026-01-12T19:10:00Z,52.97,2259.48,163.59,825.11,31.98,2527.92,156.24,0.00,46.67,2550.45,155.05,227.73,53.24,1888.94,173.63,830.99,222.56,39.09,93.46,199.64,1784.85,3543.20,2.56,150.40,107.45,596.05,2.95,943.61,59.63,487.16
2026-01-12T19:20:00Z,52.95,2251.92,163.17,821.41,32.17,2524.24,156.58,0.00,46.56,2534.73,155.29,234.46,53.40,1872.85,174.61,832.72,220.40,40.52,94.05,199.38,1778.57,3545.04,2.51,149.89,103.95,583.40,2.67,942.50,,479.98
2026-01-12T19:30:00Z,52.83,2253.24,163.09,826.08,32.10,2528.36,157.07,0.00,46.27,2537.95,155.16,235.77,53.44,1863.74,174.29,854.06,221.17,39.23,93.25,201.76,1775.75,3553.23,2.64,149.51,105.81,585.20,2.93,932.35,59.34,489.71
2026-01-12T19:40:00Z,52.94,2250.35,163.32,824.40,32.00,2534.67,156.68,0.00,46.33,2521.44,154.24,246.15,53.44,1871.15,173.75,853.56,222.28,37.82,92.96,199.51,1777.36,3552.51,2.13,147.86,106.84,581.91,2.79,930.14,58.64,476.22
2026-01-12T19:50:00Z,52.97,2247.69,163.24,822.29,32.20,2521.21,156.39,0.00,46.59,2535.62,154.78,249.07,53.32,1876.24,174.45,857.40,223.08,36.63,93.26,200.78,1781.61,3552.74,2.33,149.63,110.54,582.01,2.89,938.60,59.83,490.27
2026-01-12T20:00:00Z,53.18,2249.82,163.93,836.48,31.95,2526.99,156.03,0.00,46.94,2541.46,154.99,251.43,53.66,1862.48,174.35,854.21,224.51,39.03,93.64,201.22,1781.30,3538.52,2.36,149.28,108.10,588.34,2.77,946.62,60.36,491.33
2026-01-12T20:10:00Z,53.66,2234.44,164.02,850.12,31.94,2533.17,156.03,0.00,46.75,2536.95,154.80,243.50,53.94,1860.00,174.85,859.57,228.45,41.82,93.15,206.74,1783.29,3549.42,2.21,149.54,108.57,594.12,3.41,939.58,59.46,490.35
2026-01-12T20:20:00Z,53.69,2249.29,164.80,855.11,32.15,2524.84,155.80,0.00,47.02,2528.83,155.69,251.89,54.08,1855.37,175.08,872.95,229.66,42.31,92.52,207.04,1788.30,3548.61,2.62,149.89,109.70,589.34,2.88,945.43,59.61,491.97
2026-01-12T20:30:00Z,53.44,2244.49,163.98,847.02,31.98,2534.32,156.42,0.00,46.82,2525.73,155.23,259.38,54.02,1846.95,175.30,868.88,225.38,40.86,93.71,202.92,1774.82,3547.16,2.39,151.35,105.31,582.60,3.07,930.96,59.46,484.85
2026-01-12T20:40:00Z,53.26,2245.57,163.90,841.95,31.84,2517.51,156.52,0.00,46.62,2525.46,155.51,261.55,54.17,1840.54,175.11,871.37,225.88,43.81,93.26,204.09,1777.34,3564.47,2.44,148.68,110.44,588.77,2.69,936.69,60.16,485.10
2026-01-12T20:50:00Z,53.38,2243.63,163.28,839.29,32.07,2514.54,156.24,0.00,46.91,2526.46,155.86,262.13,54.38,1846.31,174.76,880.89,228.95,43.57,93.14,203.96,1781.96,3552.22,2.67,151.53,107.73,582.68,3.03,940.83,59.83,487.33
2026-01-12T21:00:00Z,53.50,2227.20,164.13,851.86,32.21,2516.21,156.46,0.00,47.17,2521.79,155.72,253.27,54.13,1853.81,174.36,883.06,229.37,41.85,93.46,205.02,1778.65,3553.64,2.23,149.24,107.58,586.25,3.23,939.69,58.79,487.51
2026-01-12T21:10:00Z,53.48,2231.85,164.27,845.90,32.21,2519.34,156.14,0.00,47.17,2515.60,155.13,243.01,54.27,1849.11,174.68,885.95,229.17,42.77,92.39,205.96,1782.70,3551.62,2.32,149.24,107.37,586.49,2.60,937.15,59.91,493.09
2026-01-12T21:20:00Z,53.21,2245.28,164.28,848.52,32.36,2511.15,156.10,0.00,46.99,2513.55,154.80,259.11,54.20,1843.24,174.58,878.91,226.92,43.55,92.88,205.66,1787.78,3556.81,2.45,149.02,109.85,585.82,2.82,944.11,62.40,485.96
2026-01-12T21:30:00Z,53.47,2232.60,163.60,847.96,32.38,2508.26,155.48,0.00,46.94,2515.97,155.24,247.43,54.01,1855.59,174.63,874.65,225.11,42.08,93.43,199.55,1766.03,3544.94,2.52,150.20,106.69,585.67,2.93,934.86,60.23,483.74
2026-01-12T21:40:00Z,53.45,2237.19,164.19,841.02,32.17,2521.06,155.24,0.00,47.15,2518.67,155.33,258.09,53.84,1850.56,175.21,875.83,225.02,41.60,93.13,206.24,1783.29,3553.91,2.66,149.20,104.79,581.74,2.79,938.16,60.83,480.23
2026-01-12T21:50:00Z,53.37,2233.46,163.68,840.71,32.00,2524.06,155.28,0.00,46.88,2522.74,156.03,270.05,53.84,1851.93,175.04,874.29,229.21,41.98,94.04,203.91,1781.59,3558.21,2.43,149.77,110.18,585.72,2.74,945.37,61.24,486.89
2026-01-12T22:00:00Z,53.33,2236.03,163.61,831.52,31.66,2529.61,155.69,0.00,46.72,2532.92,155.98,269.79,53.50,1868.34,175.08,856.39,228.51,38.61,94.12,204.71,1779.18,3545.07,2.61,149.51,110.46,588.04,2.97,944.42,60.18,489.00
2026-01-12T22:10:00Z,53.55,2234.53,164.15,835.52,31.96,2531.58,156.76,0.00,46.84,2530.40,156.13,252.26,53.47,1859.27,174.87,857.61,230.28,38.32,93.81,205.15,1782.77,3560.31,2.49,149.93,111.28,588.47,2.93,941.24,59.66,491.45
2026-01-12T22:20:00Z,53.78,2237.24,164.06,842.72,32.06,2521.77,157.07,3.89,46.57,2532.28,155.52,247.90,53.39,1871.97,174.40,852.90,228.42,40.49,94.28,203.18,1785.13,3540.46,2.51,150.95,109.30,596.12,3.09,942.04,61.14,511.57
2026-01-12T22:30:00Z,53.43,2237.70,164.35,850.41,32.39,2513.97,156.40,0.00,46.88,2529.65,155.71,250.71,53.30,1868.26,174.35,852.96,223.94,39.23,93.44,202.02,1787.28,3550.03,2.34,151.85,106.36,583.17,2.98,936.06,60.16,483.62
2026-01-12T22:40:00Z,53.15,2245.15,163.69,854.31,32.12,2516.88,156.19,0.00,47.00,2531.12,155.81,241.08,53.36,1866.45,173.84,866.59,225.86,38.70,92.95,203.99,1780.90,3544.90,2.50,151.74,105.36,580.43,2.72,942.61,59.99,481.89
2026-01-12T22:50:00Z,52.98,2251.29,163.38,847.72,32.23,2517.89,155.60,4.81,47.44,2522.94,155.72,261.47,53.53,1861.51,173.98,868.71,222.30,37.48,93.28,200.83,1783.09,3544.08,2.59,148.73,106.60,576.69,3.05,946.72,61.14,472.64
2026-01-12T23:00:00Z,53.48,2247.20,163.82,837.37,32.15,2522.61,156.13,0.00,47.84,2512.58,156.72,289.35,53.35,1871.59,174.22,851.30,229.05,37.81,95.07,208.97,1793.74,3547.69,2.55,148.86,109.63,590.39,3.34,948.76,59.67,495.71
2026-01-12T23:10:00Z,53.67,2233.35,163.93,853.88,32.19,2515.04,156.83,6.88,47.60,2508.37,156.93,288.66,54.06,1868.19,174.38,863.14,226.15,40.07,95.41,205.28,1792.48,3564.77,2.64,150.74,109.04,577.78,3.20,938.22,60.00,480.55
2026-01-12T23:20:00Z,54.28,2222.85,163.95,857.20,31.90,2513.24,155.73,0.00,47.72,2509.29,156.53,290.46,53.86,1879.82,174.01,856.88,225.21,42.53,95.42,205.21,1782.29,3564.24,2.54,150.59,108.95,588.64,2.95,938.48,60.12,487.88
2026-01-12T23:30:00Z,54.42,2209.52,163.98,875.44,31.76,2514.34,156.80,0.00,47.73,2504.21,156.66,287.23,53.55,1877.86,173.92,860.46,227.12,44.95,94.38,204.56,1785.99,3541.36,2.53,149.99,109.45,587.26,2.48,947.56,59.70,482.80
2026-01-12T23:40:00Z,54.23,2215.97,165.44,889.29,32.02,2510.70,156.20,4.66,46.97,2518.15,156.24,276.54,53.82,1871.99,174.41,856.00,226.27,43.02,94.36,202.79,1781.28,3561.56,2.29,150.35,107.07,582.60,3.31,940.39,58.52,477.05
2026-01-12T23:50:00Z,54.47,2208.30,164.92,899.08,31.88,2525.00,156.50,0.00,47.02,2523.87,156.36,271.83,54.14,1855.22,174.54,859.69,222.61,39.99,93.86,201.89,1774.29,3557.23,2.61,149.65,109.81,588.11,3.22,947.29,60.45,501.90
2026-01-13T00:00:00Z,54.64,2208.42,164.96,905.11,32.47,2512.51,155.94,0.00,46.93,2512.16,156.37,275.43,54.41,1843.81,174.84,859.78,231.01,38.15,94.43,206.81,1778.39,3548.71,2.29,150.01,112.00,594.44,2.92,932.32,59.96,492.92
2026-01-13T00:10:00Z,55.00,2197.89,164.83,907.21,32.70,2509.93,155.97,7.18,46.79,2518.73,156.47,281.75,54.55,1851.76,175.16,870.00,228.52,41.05,94.44,202.75,1781.97,3554.53,2.59,149.12,107.17,585.59,3.23,946.16,59.90,484.20
2026-01-13T00:20:00Z,54.78,2200.71,164.75,897.51,32.89,2501.90,156.61,12.84,46.78,2524.88,155.82,269.35,54.63,1832.69,175.43,879.55,227.60,42.23,93.01,202.60,1778.56,3559.76,2.65,150.60,108.87,584.24,2.91,936.50,59.49,483.14
2026-01-13T00:30:00Z,54.69,2214.25,164.79,906.78,33.28,2494.65,156.21,21.90,46.84,2520.34,155.79,273.78,54.64,1836.75,174.69,885.96,226.63,40.90,93.21,207.44,1780.34,3546.64,2.46,150.62,106.99,578.41,3.08,933.86,59.32,487.81
2026-01-13T00:40:00Z,54.58,2208.40,164.48,890.56,33.16,2489.93,156.77,27.61,46.87,2525.83,156.37,267.74,54.48,1850.34,175.25,891.28,228.87,42.90,93.82,205.60,1777.87,3549.22,2.48,151.40,112.65,588.46,3.26,935.04,59.71,479.54
2026-01-13T00:50:00Z,54.08,2221.23,164.64,887.84,32.94,2498.49,156.51,24.43,46.54,2526.02,155.91,253.14,54.09,1842.55,175.71,887.23,232.15,44.09,93.19,212.97,1791.63,3550.94,2.30,148.95,111.48,584.61,3.17,954.46,58.56,486.72
2026-01-13T01:00:00Z,54.19,2214.27,163.79,878.62,33.08,2497.25,156.99,26.70,45.92,2538.68,155.95,237.29,53.93,1849.98,175.49,884.32,227.30,43.50,93.01,204.55,1781.36,3558.12,2.83,150.99,108.25,582.05,3.12,944.47,58.95,480.59
2026-01-13T01:10:00Z,54.35,2205.26,164.19,888.18,33.39,2488.58,156.53,36.27,45.79,2537.08,155.29,225.47,53.89,1853.13,175.59,876.35,229.09,43.97,93.20,207.65,1782.38,3551.06,2.46,149.39,112.93,585.59,3.09,935.70,58.27,488.33
2026-01-13T01:20:00Z,54.34,2214.99,164.62,890.02,33.44,2487.50,156.30,28.59,45.88,2567.14,154.52,213.63,53.99,1860.04,176.18,883.24,228.19,43.06,92.96,205.37,1777.16,3551.75,2.65,147.79,107.80,578.04,3.08,943.38,58.17,480.53
2026-01-13T01:30:00Z,54.13,2221.80,164.53,878.89,34.16,2478.21,156.15,39.59,45.64,2572.57,154.36,200.02,53.62,1868.11,175.55,869.49,228.40,42.26,92.54,208.91,1786.70,3554.50,2.55,151.45,109.97,594.09,2.80,946.74,58.13,496.65
2026-01-13T01:40:00Z,53.73,2217.83,164.56,871.23,34.11,2471.21,156.79,53.67,45.51,2563.22,153.63,208.81,53.59,1856.38,175.40,883.12,222.40,44.18,93.31,201.88,1778.26,3562.81,2.37,148.64,108.38,581.07,3.14,936.57,59.64,484.88
2026-01-13T01:50:00Z,53.90,2221.43,164.69,863.17,34.02,2472.56,157.18,50.71,45.71,2565.78,154.69,205.70,53.74,1870.41,175.70,878.23,217.69,41.94,93.48,192.79,1767.19,3556.78,2.45,149.73,102.02,581.97,3.39,930.54,59.33,478.30
2026-01-13T02:00:00Z,53.83,2231.18,164.80,862.47,33.89,2467.29,157.43,39.43,46.00,2548.72,154.96,202.02,54.06,1855.69,175.49,887.45,220.99,41.40,93.77,199.26,1772.06,3558.29,2.64,148.11,107.55,586.95,2.90,942.80,60.04,485.32
2026-01-13T02:10:00Z,53.68,2229.47,164.32,866.68,33.54,2474.55,,51.41,45.91,2552.78,155.26,204.53,53.96,1840.83,176.02,892.25,222.28,40.90,93.82,200.64,1780.96,3555.42,2.62,149.76,104.87,574.68,3.20,937.83,58.78,480.34
2026-01-13T02:20:00Z,53.41,2244.13,164.97,845.15,33.28,2478.35,157.31,50.48,45.74,2549.76,154.95,211.75,54.20,1846.27,175.65,887.47,223.42,38.69,93.74,199.73,1769.85,3552.35,2.62,149.38,107.02,579.10,2.85,943.07,58.27,474.25
2026-01-13T02:30:00Z,53.66,2251.46,164.36,838.15,34.19,2455.83,157.18,48.06,45.70,2560.76,155.32,211.30,54.48,1836.40,175.02,892.08,223.82,40.78,93.67,200.59,1782.73,3547.68,2.37,148.50,108.18,588.09,2.74,940.77,57.82,499.38
2026-01-13T02:40:00Z,53.45,2255.91,164.44,842.75,34.17,2471.97,157.63,51.86,45.64,2569.43,155.20,208.72,54.48,1839.16,176.01,901.80,229.53,40.36,93.53,203.29,1776.09,3537.59,2.52,149.84,110.43,589.64,3.10,932.64,59.02,485.49
2026-01-13T02:50:00Z,53.42,2243.54,164.52,838.40,33.51,2488.59,157.09,50.92,45.95,2566.14,155.35,222.03,54.49,1842.93,175.43,894.72,230.60,39.66,95.01,207.83,1783.06,3549.99,2.58,150.92,110.67,584.56,2.98,937.45,59.17,492.86
2026-01-13T03:00:00Z,53.52,2244.30,164.21,821.50,33.24,2499.92,156.30,29.38,45.81,2554.23,155.28,208.95,54.42,1840.68,175.11,893.70,225.81,40.03,94.33,201.76,1787.51,3563.83,2.28,147.96,106.36,583.41,2.95,941.20,60.78,485.09
2026-01-13T03:10:00Z,53.49,2244.70,163.99,824.46,33.61,2486.00,156.17,26.50,45.57,2544.34,154.72,212.73,54.24,1835.01,175.29,896.93,225.58,40.19,94.41,202.01,1786.80,3553.78,2.40,148.88,110.53,583.84,2.88,941.14,59.78,478.79
2026-01-13T03:20:00Z,53.31,2259.00,163.52,821.25,33.62,2485.82,156.91,36.68,45.38,2553.28,154.09,201.29,53.68,1854.09,174.40,884.72,225.07,41.48,94.63,202.78,1781.18,3561.34,2.37,149.35,106.02,585.40,3.03,938.48,59.62,493.50
2026-01-13T03:30:00Z,53.31,2249.56,163.77,831.07,33.79,2485.25,156.69,34.88,45.84,2555.07,154.84,204.72,53.78,1870.61,175.45,879.41,225.52,42.13,94.18,204.50,1792.08,3548.08,2.72,148.56,105.86,582.53,3.27,943.65,59.70,493.53
2026-01-13T03:40:00Z,53.20,2243.05,163.68,838.70,33.80,2478.37,156.77,48.26,45.44,2560.35,154.99,191.09,53.46,1871.33,174.99,862.88,223.61,40.95,93.54,201.17,1775.14,3566.07,2.54,150.79,108.93,584.34,2.94,931.66,60.21,496.86
2026-01-13T03:50:00Z,53.08,2250.69,164.07,831.54,33.94,2478.47,157.06,58.04,45.11,2566.63,154.18,188.59,53.23,1870.27,175.62,855.47,221.68,38.93,93.80,198.49,1779.94,3551.21,2.59,149.09,106.82,585.08,3.38,938.93,60.16,485.30
2026-01-13T04:00:00Z,53.62,2245.08,163.93,840.16,33.77,2470.29,156.83,59.57,44.97,2567.05,154.72,190.92,53.06,1866.24,175.33,845.89,220.45,38.69,93.49,198.48,1767.96,3548.66,2.40,149.80,105.76,596.08,2.76,933.93,61.81,493.96
2026-01-13T04:10:00Z,53.73,2243.81,163.74,855.39,34.05,2469.79,156.69,58.59,44.84,2571.47,154.25,192.83,53.32,1871.70,174.86,835.00,221.22,39.16,93.40,198.56,1772.77,3543.62,2.51,149.87,103.76,578.03,3.08,939.00,61.22,487.32
2026-01-13T04:20:00Z,53.27,2248.85,162.95,841.47,34.06,2472.69,156.92,47.64,44.91,2573.79,154.60,195.15,53.11,1880.09,174.58,821.89,219.32,39.29,93.88,197.95,1765.68,3546.54,2.49,150.95,103.25,576.97,3.35,932.30,59.86,481.75
2026-01-13T04:30:00Z,53.00,2254.57,163.06,818.34,34.13,2470.28,157.10,61.14,44.86,2586.35,154.27,189.38,53.09,1875.36,174.16,841.35,221.78,39.85,92.70,198.85,1779.73,3555.11,2.42,151.30,106.88,584.13,2.95,938.91,60.24,481.26
2026-01-13T04:40:00Z,53.05,2250.47,162.95,823.99,34.65,2471.64,157.27,62.11,45.14,2585.17,154.66,177.73,53.13,1868.61,173.98,853.90,227.55,39.29,93.55,206.54,1783.05,3542.38,2.63,148.62,109.09,593.01,2.93,939.86,60.44,488.07
2026-01-13T04:50:00Z,52.97,2248.34,162.97,810.40,34.61,2457.04,157.24,67.24,44.86,2577.22,154.47,178.80,53.56,1860.59,173.77,841.54,228.75,38.00,92.47,204.84,1775.82,3534.43,2.54,148.19,107.71,585.82,2.80,941.69,59.18,487.21
2026-01-13T05:00:00Z,53.13,2244.08,162.79,827.80,34.84,2459.08,157.55,83.55,44.77,2573.64,154.36,188.54,53.66,1856.49,172.87,851.87,226.48,37.55,93.19,205.61,1785.86,3552.57,2.65,150.96,104.19,582.71,3.07,938.57,60.09,482.95
2026-01-13T05:10:00Z,53.32,2246.44,163.17,841.38,35.53,2441.70,157.64,100.43,44.94,2576.65,154.67,186.22,53.59,1852.95,173.42,866.23,224.11,39.85,92.82,203.68,1785.08,3555.83,2.66,150.80,106.59,580.01,2.81,947.52,59.64,489.71
2026-01-13T05:20:00Z,53.29,2235.76,163.67,826.90,35.55,2430.22,157.65,111.08,44.87,2570.72,154.62,176.84,53.44,1859.57,173.36,858.64,223.92,40.57,93.27,202.16,1778.91,3536.64,2.50,149.65,107.11,592.02,3.45,939.57,59.33,493.02
2026-01-13T05:30:00Z,53.31,2238.39,163.63,822.41,34.91,2439.43,158.51,117.20,44.99,2570.45,154.62,176.00,53.40,1870.73,173.87,842.04,225.30,41.10,93.09,205.73,1784.64,3554.53,2.45,149.53,104.63,582.85,2.76,935.78,59.39,495.46
2026-01-13T05:40:00Z,53.29,2236.17,164.08,831.25,35.11,2450.22,158.23,96.22,45.12,2575.74,154.55,171.44,53.15,1858.51,174.34,855.07,222.73,41.24,92.89,202.14,1777.33,3544.51,2.66,148.54,105.62,584.72,2.51,943.31,59.82,484.90
2026-01-13T05:50:00Z,52.97,2252.77,164.78,843.80,34.72,2446.37,157.97,111.24,44.86,2575.36,153.86,179.49,53.01,1866.04,174.41,856.47,226.87,41.38,92.91,205.15,1778.63,3560.88,2.39,149.68,108.05,585.80,3.19,938.33,60.04,493.30
2026-01-13T06:00:00Z,53.06,2247.88,164.62,839.82,35.22,2456.69,157.93,96.20,44.96,2584.70,153.80,181.20,53.16,1866.57,174.25,852.81,229.44,43.07,93.35,206.93,1785.29,3550.07,2.69,149.70,107.54,585.04,3.13,946.41,59.01,482.10
2026-01-13T06:10:00Z,52.67,2258.57,164.10,823.15,35.29,2450.85,158.59,104.34,45.32,2576.59,153.81,193.15,53.40,1869.00,174.05,862.01,229.94,41.55,94.09,209.06,1790.10,3558.64,2.38,150.95,112.47,582.70,2.66,942.50,59.82,487.60
2026-01-13T06:20:00Z,52.01,2267.32,163.76,824.41,35.06,2458.06,158.92,88.39,45.33,2576.51,154.27,187.31,53.23,1861.45,174.04,871.79,227.29,40.62,93.98,204.13,1782.82,3534.46,2.31,149.04,110.70,587.95,3.20,948.27,60.43,486.00
2026-01-13T06:30:00Z,52.03,2262.10,163.94,830.53,34.99,2457.20,158.15,88.32,45.59,2575.31,154.34,197.27,53.18,1871.77,173.62,862.03,230.55,39.87,93.75,207.83,1781.19,3541.09,2.39,151.16,108.69,587.25,3.01,944.46,59.55,483.50
2026-01-13T06:40:00Z,51.52,2271.07,163.70,807.72,35.04,2452.81,158.09,83.75,45.03,2576.07,154.57,204.60,53.49,1853.39,174.18,855.04,229.98,41.20,93.57,204.66,1782.54,3549.79,2.40,150.30,109.30,583.89,3.00,947.30,59.73,489.34
2026-01-13T06:50:00Z,51.85,2273.79,163.80,793.75,34.94,2458.54,157.82,82.99,44.86,2571.48,154.12,199.59,53.66,1848.38,174.51,867.70,227.96,39.79,93.44,205.73,1774.94,3542.85,2.85,147.45,108.33,584.06,2.67,931.16,59.55,481.70
2026-01-13T07:00:00Z,51.92,2291.23,163.25,775.56,35.03,2448.39,158.27,83.42,44.57,2580.72,154.39,191.81,53.70,1852.92,174.64,878.41,226.75,38.73,93.73,206.82,1779.85,3550.21,2.33,147.35,109.13,588.48,2.87,944.13,59.31,482.84
2026-01-13T07:10:00Z,51.85,2287.91,162.69,780.74,34.74,2454.67,157.96,75.37,44.53,2584.20,153.83,179.87,53.90,1854.31,175.11,884.51,230.98,38.40,93.20,207.34,1789.32,3547.05,2.52,149.43,107.44,575.02,3.02,941.34,57.90,483.08
2026-01-13T07:20:00Z,52.18,2274.38,162.95,781.22,34.64,2453.06,158.26,74.08,44.49,2581.84,153.25,180.75,53.72,1870.03,175.21,871.77,223.33,39.02,94.43,203.50,1776.24,3548.94,2.39,150.60,107.26,585.25,2.77,932.37,59.18,487.87
2026-01-13T07:30:00Z,51.90,2282.06,162.72,781.01,34.92,2454.39,158.04,68.47,44.60,2585.27,154.02,173.20,53.78,1855.57,174.69,870.93,221.94,37.75,93.31,201.54,1773.72,3543.16,2.54,150.16,104.63,581.90,3.06,934.37,58.05,484.27
2026-01-13T07:40:00Z,52.04,2285.83,163.00,783.33,35.24,2457.82,157.58,62.71,44.54,2579.50,153.94,185.01,53.71,1842.26,174.42,877.06,221.51,39.29,92.47,196.50,1773.04,3550.25,2.59,149.81,105.15,581.79,3.13,937.18,59.17,490.87
2026-01-13T07:50:00Z,52.02,2280.38,162.60,777.90,35.01,2452.49,158.18,77.57,44.89,2574.60,154.77,204.87,53.85,1854.66,174.60,865.80,228.87,39.46,92.67,204.93,1777.31,3550.68,2.51,149.21,110.19,583.41,2.91,940.71,59.57,491.84
2026-01-13T08:00:00Z,51.64,2276.01,162.63,785.23,34.63,2449.92,,82.50,44.79,2581.51,154.06,180.94,53.81,1856.02,174.57,868.66,225.61,36.92,93.48,203.64,1769.92,3550.49,2.49,149.90,108.64,598.38,3.13,933.28,60.46,505.35
2026-01-13T08:10:00Z,52.05,2275.08,162.53,793.14,35.26,2439.41,158.27,97.52,44.95,2575.00,153.88,177.39,53.99,1856.74,174.75,872.17,225.05,36.65,93.22,202.82,1782.81,3555.09,2.49,148.91,105.82,587.02,2.58,938.12,60.53,498.49
2026-01-13T08:20:00Z,51.89,2265.77,162.70,799.60,35.23,2442.09,157.87,103.58,44.65,2572.17,154.07,185.80,53.57,1869.53,173.64,851.10,225.74,38.41,92.50,201.04,1774.91,3552.26,2.40,148.38,107.10,587.40,3.14,935.06,58.74,500.70
2026-01-13T08:30:00Z,52.25,2271.48,163.17,793.18,35.03,2446.83,157.91,116.09,44.94,2573.79,153.70,181.09,53.53,1868.31,174.04,854.07,230.06,39.63,92.17,206.98,1784.27,3558.77,2.52,151.67,107.40,588.21,3.07,941.61,59.57,489.82
2026-01-13T08:40:00Z,52.36,2267.09,163.26,791.66,34.93,2450.41,158.07,107.49,44.92,2581.93,154.29,178.90,53.86,1856.11,174.26,871.10,227.73,39.10,91.91,201.64,1771.42,3540.99,2.50,149.97,110.04,590.00,3.15,932.13,59.14,490.03
2026-01-13T08:50:00Z,52.52,2275.79,162.49,788.77,35.11,2442.69,158.18,112.63,44.81,2572.81,154.54,185.99,53.84,1839.46,174.69,889.75,228.37,41.25,93.31,203.87,1776.99,3546.13,2.37,149.92,110.01,590.62,2.94,938.62,58.11,491.27
2026-01-13T09:00:00Z,52.47,2262.28,163.45,810.99,35.32,2438.36,158.44,111.82,44.98,2570.18,154.32,183.87,53.97,1837.07,175.12,889.80,233.42,41.96,93.67,212.45,1790.85,3533.45,2.50,149.09,114.53,591.03,3.38,949.11,58.25,496.18
2026-01-13T09:10:00Z,52.23,2274.27,163.46,814.27,35.53,2421.48,157.53,117.03,45.20,2572.67,154.61,191.13,53.43,1853.81,174.86,878.49,232.09,41.09,93.57,210.27,1787.79,3548.44,2.23,149.39,108.74,582.72,3.02,942.85,58.29,483.22
2026-01-13T09:20:00Z,52.70,2265.42,163.13,828.04,35.37,2435.87,157.77,106.66,45.02,2573.05,154.75,192.87,53.15,1865.57,175.02,860.35,226.96,38.76,93.91,203.13,1782.88,3553.13,2.47,149.90,107.81,584.01,2.80,946.29,59.28,482.58
2026-01-13T09:30:00Z,52.65,2273.09,163.00,817.68,35.31,2440.59,157.94,114.21,45.22,2580.80,154.60,200.98,52.77,1877.49,174.77,848.70,228.57,39.27,93.30,209.47,1786.85,3544.64,2.53,150.05,107.75,582.73,2.97,940.74,59.86,489.63
2026-01-13T09:40:00Z,52.96,2262.78,162.94,815.01,35.32,2437.50,158.50,109.13,44.99,2578.76,154.92,205.58,52.98,1874.74,174.34,835.74,221.70,40.41,93.87,199.44,1769.00,3555.29,2.71,148.08,105.37,581.67,2.81,927.13,59.11,483.54
2026-01-13T09:50:00Z,53.17,2253.40,163.12,812.78,35.21,2448.50,158.53,109.51,45.09,2566.08,154.25,193.30,53.20,1877.44,174.09,842.83,220.91,40.04,93.29,197.26,1776.17,3557.94,2.71,,106.78,582.93,3.02,936.96,60.63,481.77
2026-01-13T10:00:00Z,53.09,2247.77,163.05,808.40,35.04,2445.11,158.61,110.48,45.06,2570.24,154.27,179.65,53.06,1876.23,174.17,841.31,224.75,40.29,93.11,202.99,1786.33,3560.01,2.67,151.84,107.96,589.21,2.71,948.98,60.51,492.51
2026-01-13T10:10:00Z,52.60,2242.78,163.22,816.64,35.06,2452.54,158.71,107.09,44.98,2572.46,154.25,187.01,53.14,1868.87,174.30,834.79,226.36,40.10,93.35,206.06,1791.01,3565.00,2.44,148.56,110.76,595.88,2.75,951.16,60.53,499.31
2026-01-13T10:20:00Z,52.82,2239.75,163.70,826.75,34.77,2447.77,158.04,95.15,44.87,2561.35,155.41,196.90,53.24,1870.56,174.17,854.17,224.75,39.51,93.87,202.16,1771.56,3555.45,2.36,149.67,108.64,583.52,3.07,935.93,59.02,485.09
2026-01-13T10:30:00Z,52.99,2241.56,163.32,827.96,34.73,2461.22,158.06,91.62,45.06,2568.08,155.35,192.87,53.54,1863.19,174.29,850.63,227.54,40.57,93.82,204.45,1787.60,3543.29,2.23,150.35,108.69,594.75,3.20,947.04,58.87,487.43
2026-01-13T10:40:00Z,52.88,2244.95,163.68,818.87,34.86,2461.30,158.63,78.74,45.13,2578.55,154.85,189.13,53.37,1865.40,174.63,867.57,226.68,38.00,93.73,202.18,1779.58,3556.44,2.46,149.85,109.43,590.52,2.81,940.20,59.59,492.51
2026-01-13T10:50:00Z,53.17,2244.74,163.72,818.90,34.76,2463.70,158.76,84.54,45.24,2568.62,155.46,190.51,53.66,1868.78,174.83,871.05,225.63,39.79,93.82,202.82,1773.70,3550.53,2.60,149.81,107.65,587.81,2.99,935.01,59.14,483.63
2026-01-13T11:00:00Z,53.32,2248.68,163.26,826.26,34.76,2469.99,158.20,74.87,45.32,2572.22,154.82,195.32,53.51,1871.68,174.40,841.34,227.20,38.30,93.70,200.18,1787.31,3558.62,2.69,148.41,108.66,587.30,3.12,942.98,60.01,487.96
2026-01-13T11:10:00Z,53.07,2253.20,163.89,830.58,34.69,2462.82,157.66,92.65,45.06,2583.43,154.26,198.22,53.45,1863.62,174.56,850.84,224.82,37.84,94.06,205.05,1784.95,3562.50,2.61,150.14,106.77,581.36,3.79,938.99,60.31,493.44
2026-01-13T11:20:00Z,52.75,2252.63,163.51,819.32,34.76,2454.61,157.19,97.35,45.25,2578.27,154.07,193.16,53.50,1868.52,174.17,842.44,227.28,41.19,92.89,204.39,1778.62,3559.71,2.38,149.28,108.19,582.52,2.87,932.13,59.52,473.65
2026-01-13T11:30:00Z,52.73,2260.14,163.94,812.86,34.57,2454.26,158.29,96.61,44.84,2572.79,154.49,192.69,53.15,1869.99,174.06,842.96,228.65,40.17,93.27,207.47,1775.63,3553.89,2.45,149.56,109.28,589.09,2.83,937.59,59.75,484.89
2026-01-13T11:40:00Z,52.78,2248.30,164.18,818.96,34.97,2456.01,157.26,85.94,45.13,2569.92,153.40,178.33,53.04,1873.97,175.52,854.42,221.82,40.15,93.17,198.36,1775.42,3548.77,2.44,150.29,107.36,587.69,2.99,941.52,60.16,496.80
2026-01-13T11:50:00Z,52.89,2259.79,164.40,812.48,35.31,2453.59,158.14,99.11,45.53,2557.37,153.08,174.10,52.96,1875.26,174.68,839.61,228.49,39.56,93.10,203.78,1786.76,3555.10,2.41,149.76,109.43,583.99,3.16,945.64,60.41,476.18
2026-01-13T12:00:00Z,52.56,2255.71,164.39,817.76,35.23,2450.62,157.47,88.01,45.43,2558.16,153.74,185.10,52.76,1886.05,174.50,835.91,226.85,39.35,93.23,201.07,1772.72,3546.37,2.40,149.91,109.62,581.38,2.44,940.14,60.83,473.53
2026-01-13T12:10:00Z,52.61,2258.55,163.96,820.05,35.54,2446.92,157.91,97.41,45.32,2562.53,153.64,193.68,52.86,1880.70,173.85,833.53,226.96,39.83,93.40,206.85,1780.01,3547.07,2.56,148.90,108.21,591.06,2.66,936.09,59.64,490.25
2026-01-13T12:20:00Z,52.92,2249.41,163.21,816.12,35.64,2441.23,157.98,100.24,45.46,2564.72,153.94,203.71,52.83,1882.18,174.19,835.87,223.46,37.85,93.74,199.17,1767.62,3539.14,2.50,149.26,108.58,590.67,2.83,938.82,59.55,495.06
2026-01-13T12:30:00Z,52.83,2251.08,163.53,831.99,35.51,2436.92,158.37,94.44,45.83,2566.59,154.85,212.61,52.81,1889.47,173.66,819.17,220.51,37.02,92.83,200.83,1781.20,3555.84,2.49,149.92,103.77,582.24,3.43,943.59,59.78,476.09
2026-01-13T12:40:00Z,52.62,2263.16,162.69,805.05,35.36,2447.35,157.87,102.75,46.05,2563.01,155.61,222.15,52.54,1884.73,173.35,826.19,216.12,38.84,92.81,192.39,1766.88,3552.02,2.52,148.51,103.60,579.67,3.05,935.46,59.41,489.48
2026-01-13T12:50:00Z,52.36,2275.24,163.35,805.06,35.35,2440.50,158.31,109.80,45.73,2565.28,154.89,216.75,52.93,1887.46,173.75,843.01,221.18,39.58,93.08,199.90,1775.08,3552.66,2.42,149.25,105.23,573.42,2.48,937.30,59.43,476.76
2026-01-13T13:00:00Z,52.18,2275.02,163.69,799.77,35.33,2445.62,157.81,110.17,45.91,2553.95,154.71,216.99,53.02,1873.01,173.65,830.38,218.64,40.46,92.83,196.48,1770.04,3549.28,2.37,149.96,104.54,584.13,3.03,938.96,60.40,491.09
2026-01-13T13:10:00Z,52.13,2271.92,163.03,798.14,34.80,2447.66,156.75,100.13,45.64,2549.96,154.44,227.03,52.98,1877.60,173.89,853.90,224.45,41.63,93.28,205.11,1782.57,3555.61,2.56,150.12,105.52,584.65,2.79,940.07,61.37,484.86
2026-01-13T13:20:00Z,52.17,2269.66,162.73,802.97,34.75,2457.49,157.60,83.25,45.64,2551.23,155.36,225.60,52.91,1874.81,174.04,850.82,224.27,40.39,93.82,205.40,1775.87,3567.39,2.56,150.42,104.64,581.90,3.25,936.91,60.52,486.90
2026-01-13T13:30:00Z,52.07,2266.79,162.76,813.80,34.72,2457.16,157.40,84.33,45.78,2563.63,154.76,222.75,53.07,1872.19,174.13,838.71,224.66,38.68,94.18,203.51,1776.12,3539.79,2.58,149.98,108.41,586.54,2.69,940.34,59.63,495.36
2026-01-13T13:40:00Z,52.13,2270.41,162.76,799.79,35.30,2441.91,157.10,92.21,46.36,2557.51,154.96,234.31,52.89,1874.54,174.20,849.77,225.61,37.92,93.49,202.73,1781.16,3544.80,2.51,149.87,110.07,588.82,3.24,938.68,60.49,479.32
2026-01-13T13:50:00Z,52.20,2260.19,162.71,806.32,35.29,2440.16,157.40,99.15,46.07,2551.95,154.42,215.53,53.09,1869.46,174.04,858.98,222.68,38.94,93.34,200.16,1770.96,3546.57,2.43,151.72,107.30,576.68,2.89,934.35,60.07,491.19
2026-01-13T14:00:00Z,51.97,2269.94,162.05,797.59,35.25,2435.21,157.36,94.46,46.11,2550.83,153.52,227.28,52.66,1873.98,173.30,840.78,222.22,39.68,93.10,198.91,1771.16,3562.29,2.68,149.37,107.73,585.18,3.00,936.64,58.79,480.97
2026-01-13T14:10:00Z,52.04,2272.96,162.45,801.76,35.29,2434.98,157.99,106.11,46.05,2554.21,154.12,224.26,52.44,1883.07,174.33,832.23,226.33,40.21,93.72,205.88,1784.41,3551.00,2.65,150.30,110.90,592.43,3.29,942.58,59.18,487.45
2026-01-13T14:20:00Z,51.72,2273.30,162.61,801.00,35.27,2442.30,157.27,97.97,46.24,2547.50,154.88,222.62,52.40,1883.55,174.36,835.75,228.90,42.10,93.26,210.10,1785.14,3558.48,2.57,148.30,111.15,581.59,2.93,941.47,58.61,486.50
2026-01-13T14:30:00Z,51.42,2281.02,162.47,782.30,35.29,2441.35,158.18,107.25,45.96,2556.65,154.82,218.18,52.96,1887.69,174.32,832.91,231.04,41.31,94.03,211.58,1785.14,3546.36,2.46,150.07,108.62,587.02,3.10,939.64,60.38,498.14
2026-01-13T14:40:00Z,51.90,2271.88,162.28,764.91,35.11,2457.05,157.96,113.62,45.90,2561.81,154.93,213.89,52.84,1890.68,173.57,829.57,230.83,41.41,94.05,207.88,1776.93,3554.76,2.22,150.11,112.58,586.30,2.65,935.78,59.76,491.76
2026-01-13T14:50:00Z,52.00,2277.31,161.61,778.23,35.10,2455.57,157.66,100.18,45.61,2550.88,154.76,213.32,52.93,1892.13,173.84,,227.78,39.52,93.90,206.38,1782.45,3551.10,2.56,150.61,111.27,593.15,3.05,936.80,60.60,496.87
2026-01-13T15:00:00Z,52.37,2261.86,162.73,796.60,35.08,2452.07,157.94,100.59,45.69,2566.31,155.42,212.05,52.81,1883.14,173.33,833.05,220.71,38.67,93.99,196.01,1774.80,3543.72,2.40,150.02,105.85,595.03,3.35,939.96,60.39,508.11
2026-01-13T15:10:00Z,52.18,2257.05,162.38,799.96,35.22,2448.97,156.86,88.01,45.70,2561.54,155.00,213.66,53.17,1887.76,173.66,832.30,222.77,37.01,93.56,201.21,1773.75,3535.81,2.53,150.19,107.40,583.71,3.33,939.88,60.75,476.49
2026-01-13T15:20:00Z,52.17,2259.75,162.49,808.33,34.99,2454.08,157.24,91.87,45.78,2560.67,154.86,211.60,53.29,1884.42,172.91,836.94,222.27,37.09,93.16,197.98,1778.02,3546.23,2.61,151.29,105.89,586.55,2.71,937.27,60.93,483.67
2026-01-13T15:30:00Z,52.23,2268.39,162.99,807.26,34.99,2461.42,157.18,81.32,45.78,2558.63,154.90,204.09,53.61,1873.80,173.65,842.65,223.13,36.87,93.35,199.49,1785.05,3564.17,2.57,149.33,105.05,578.85,3.03,944.24,59.58,489.80
2026-01-13T15:40:00Z,52.31,2275.95,163.05,785.04,35.12,2459.50,158.03,79.00,46.07,2549.37,155.09,218.57,53.47,1863.60,174.32,867.17,223.87,38.16,93.34,202.71,1776.31,3553.83,2.33,149.54,105.75,587.65,3.10,942.86,60.16,488.74
2026-01-13T15:50:00Z,52.68,2264.13,162.85,776.69,34.76,2458.07,157.01,79.25,46.26,2543.07,154.29,212.50,53.89,1859.71,174.24,870.06,226.16,39.61,93.69,205.44,1782.11,3546.90,2.44,147.42,107.31,576.87,2.71,941.37,60.73,478.55
2026-01-13T16:00:00Z,52.47,2257.90,162.39,802.34,34.93,2462.77,157.29,82.39,46.16,2546.56,154.67,227.99,53.82,1856.00,174.89,869.81,225.40,38.22,93.59,204.50,1785.54,3549.99,2.75,151.25,106.04,581.42,3.12,945.88,59.57,486.06
2026-01-13T16:10:00Z,52.54,2267.01,162.73,809.30,34.93,2469.84,157.53,82.11,46.23,2545.00,155.40,238.85,54.12,1851.05,175.23,884.46,229.85,39.84,94.17,206.50,1780.49,3551.29,2.70,148.09,109.91,591.30,2.99,936.96,60.26,491.02
2026-01-13T16:20:00Z,52.53,2268.31,162.09,808.79,35.49,2448.43,157.86,103.04,46.46,2536.51,155.21,230.03,54.25,1850.05,175.60,883.95,234.58,41.95,93.64,208.85,1779.79,3551.34,2.57,148.04,112.93,590.42,2.86,942.42,59.66,499.47
2026-01-13T16:30:00Z,52.30,2270.73,162.83,793.72,35.13,2437.71,157.63,108.57,47.02,2534.25,155.79,246.04,54.22,1836.74,175.34,880.22,230.74,44.21,94.52,211.70,1790.82,3548.75,2.39,150.89,109.50,585.31,2.94,944.94,59.85,497.87
2026-01-13T16:40:00Z,52.58,2269.58,162.79,789.14,35.09,2434.17,157.35,113.62,47.00,2524.26,155.26,247.28,54.23,1845.08,174.52,872.38,230.23,42.62,93.35,205.91,1782.68,3546.50,2.73,148.13,110.73,579.31,3.12,942.42,60.20,479.72
2026-01-13T16:50:00Z,52.76,2262.24,163.12,808.52,34.97,2446.43,158.02,100.22,46.99,2520.50,155.91,269.25,54.06,1852.15,174.21,879.80,231.86,43.97,93.81,209.74,1780.92,3557.06,2.35,150.20,112.40,594.16,2.99,931.57,59.50,494.01
2026-01-13T17:00:00Z,52.49,2250.74,162.91,822.19,34.80,2454.03,157.80,86.92,47.08,2524.78,155.56,256.73,54.08,1846.46,174.63,886.79,229.50,42.20,92.88,208.63,1780.59,3538.33,2.61,150.35,106.73,584.69,3.23,939.81,59.34,483.72
2026-01-13T17:10:00Z,52.44,2268.72,163.65,800.37,34.69,2456.35,158.03,84.40,46.66,2530.10,156.25,274.88,53.58,1852.89,175.47,876.43,234.48,40.16,93.22,211.75,1789.56,3554.57,2.43,150.67,113.46,592.10,2.99,948.09,59.81,499.39
2026-01-13T17:20:00Z,52.58,2278.15,163.39,802.21,34.75,2458.18,157.69,92.65,46.42,2537.07,156.06,262.76,53.71,1848.72,176.12,872.57,229.54,39.18,93.44,210.14,1784.48,3545.71,2.55,151.30,111.80,584.19,3.05,943.86,59.55,490.40
2026-01-13T17:30:00Z,52.67,2263.20,163.54,794.76,35.10,2449.73,157.13,102.67,46.76,2529.32,156.05,261.99,53.77,1854.03,175.61,867.01,229.51,39.77,93.60,204.35,1776.06,3551.07,2.43,150.44,110.83,590.28,2.88,938.36,59.62,486.77
2026-01-13T17:40:00Z,53.24,2241.54,163.56,803.83,34.62,2447.94,157.07,86.04,46.87,2533.27,155.60,257.86,53.39,1856.68,175.35,871.91,237.51,41.43,92.64,211.17,1794.79,3555.85,2.33,148.63,110.88,586.26,2.77,948.15,60.07,497.10
2026-01-13T17:50:00Z,53.37,2237.94,163.71,825.44,34.98,2447.15,156.79,91.62,47.04,2534.38,155.34,261.54,53.16,1867.34,174.09,852.18,229.67,42.98,93.33,204.12,1785.39,3551.59,2.65,149.17,109.87,587.60,2.84,939.70,59.50,484.15
2026-01-13T18:00:00Z,53.12,2232.95,163.98,837.26,34.76,2444.21,157.20,103.76,46.78,2536.01,156.12,261.56,53.73,1858.24,174.09,849.26,232.75,41.43,92.52,208.45,1794.20,3551.61,2.28,150.71,109.86,589.06,2.86,944.33,59.96,488.87
2026-01-13T18:10:00Z,53.14,2242.01,163.46,839.38,34.68,2455.93,157.24,90.67,46.58,2521.38,156.41,258.58,53.77,1857.39,174.52,856.64,229.43,41.50,93.52,202.56,1779.89,3548.78,2.21,149.81,111.64,587.14,2.96,935.04,58.32,497.44
2026-01-13T18:20:00Z,53.28,2248.18,163.85,844.97,34.88,2455.07,157.33,87.30,46.59,2529.09,157.05,263.24,53.64,1853.89,174.66,859.64,229.05,40.79,92.81,206.78,1781.33,3542.54,2.81,149.58,108.45,589.85,3.41,943.49,58.03,489.84
2026-01-13T18:30:00Z,53.39,2250.76,164.90,847.06,34.90,2448.83,157.04,81.62,46.64,2537.53,156.03,246.11,53.63,1849.32,174.95,859.46,230.48,40.75,93.48,209.12,1784.14,3544.11,2.73,150.24,111.52,586.99,2.92,933.02,58.71,492.90
2026-01-13T18:40:00Z,53.40,2241.08,165.19,842.93,34.77,2442.88,157.12,81.71,46.50,2526.52,155.71,250.48,53.12,1854.33,174.35,856.34,231.74,41.42,93.49,205.42,1786.50,3567.44,2.70,149.57,109.42,588.05,2.97,942.10,59.32,491.57
2026-01-13T18:50:00Z,53.74,2230.89,164.75,836.85,34.85,2452.89,157.77,86.11,46.68,2536.67,156.57,267.63,53.46,1858.23,174.70,849.74,234.23,42.86,94.02,210.06,1795.66,3549.28,2.59,148.76,114.56,598.60,2.82,946.12,59.58,502.41
2026-01-13T19:00:00Z,53.69,2229.45,164.01,847.48,34.83,2446.13,158.02,76.71,46.69,2533.77,155.55,243.99,53.18,1869.52,174.17,842.32,228.95,40.79,94.64,207.24,1776.12,3548.13,2.69,150.62,110.41,585.28,2.89,945.02,57.62,487.29
2026-01-13T19:10:00Z,53.99,2224.14,164.17,855.61,34.63,2444.72,158.03,95.10,46.61,2526.94,155.44,243.04,53.23,1862.78,174.45,854.58,230.79,41.57,94.81,209.50,1792.27,3549.76,2.27,148.57,109.01,590.07,2.76,945.30,58.55,491.72
2026-01-13T19:20:00Z,53.85,2224.98,163.54,863.30,34.25,2460.17,158.63,74.21,46.28,2534.75,155.82,251.80,53.09,1860.90,175.15,856.95,239.02,40.86,93.76,213.78,1792.54,3559.78,2.72,149.18,114.73,591.05,3.02,946.16,60.91,495.32
2026-01-13T19:30:00Z,53.81,2242.75,164.42,859.99,34.64,2454.08,157.53,78.41,46.09,2539.24,156.25,237.57,53.26,1856.25,174.74,871.89,234.26,41.28,94.84,210.05,1784.60,3542.50,2.43,149.52,112.94,590.11,,947.37,59.21,490.85
2026-01-13T19:40:00Z,53.75,2239.35,164.87,869.23,34.51,2460.86,157.55,62.98,45.92,2547.17,156.25,225.47,53.24,1869.33,174.81,853.09,231.00,41.72,94.38,209.02,1780.07,3548.85,2.61,149.57,108.22,586.87,2.92,941.21,59.32,493.77
2026-01-13T19:50:00Z,53.62,2233.30,164.84,873.90,34.83,2453.01,158.30,74.33,46.01,2552.12,155.94,233.29,53.59,1857.68,174.98,858.25,230.53,40.59,94.23,207.27,1778.50,3557.21,2.73,150.99,110.05,589.27,3.48,938.83,59.45,488.23
2026-01-13T20:00:00Z,53.49,2233.31,164.38,857.95,34.89,2448.76,158.00,78.16,45.83,2561.77,156.93,228.37,53.52,1860.90,175.11,862.91,231.14,41.21,93.37,208.93,1787.77,3547.78,2.45,150.20,108.44,588.31,3.20,949.04,59.21,495.76
2026-01-13T20:10:00Z,53.36,2234.77,164.65,840.20,34.85,2449.04,157.78,80.27,45.80,2552.69,155.80,236.11,53.52,1855.92,175.31,849.77,232.19,42.00,95.09,210.99,1791.96,3537.17,2.45,150.38,111.56,581.68,3.24,949.78,58.94,482.27
2026-01-13T20:20:00Z,53.80,2237.54,164.84,838.81,34.58,2457.23,158.03,76.81,45.96,2554.61,156.25,242.19,53.58,1861.09,174.59,840.79,231.50,41.88,94.95,206.32,1776.76,3544.61,2.51,151.05,109.55,594.33,2.95,942.01,59.48,490.48
2026-01-13T20:30:00Z,53.76,2240.78,164.72,839.07,34.90,2441.08,157.36,79.86,46.26,2550.03,156.23,231.32,53.26,1863.39,174.23,836.95,225.03,40.52,94.91,199.04,1780.35,3547.82,2.55,149.76,107.99,580.47,3.24,937.99,59.09,488.22
2026-01-13T20:40:00Z,53.55,2245.20,164.67,848.81,34.90,2447.34,157.31,99.75,45.95,2550.97,156.18,245.28,53.13,1868.41,174.48,843.28,225.83,40.74,95.26,202.22,1779.75,3547.24,2.62,150.65,108.63,588.57,2.89,945.72,60.28,499.87
2026-01-13T20:50:00Z,53.21,2247.60,164.04,842.68,34.98,2453.64,157.12,93.12,45.53,2553.51,155.01,230.49,53.03,1867.13,174.56,849.77,227.06,41.67,95.08,207.06,1789.55,3563.02,2.59,149.39,107.78,582.53,3.29,941.57,61.23,486.89
2026-01-13T21:00:00Z,53.24,2236.14,164.14,855.05,34.79,2459.42,157.20,95.66,45.55,2565.02,154.21,210.71,52.98,1872.25,173.97,838.16,231.67,40.64,93.67,205.87,1783.26,3555.19,2.46,149.95,112.90,592.88,3.33,939.06,61.13,494.60
2026-01-13T21:10:00Z,53.40,2238.91,164.12,842.61,34.49,2465.75,156.72,74.86,45.90,2551.55,154.71,216.38,52.73,1887.55,174.39,842.31,228.44,41.08,94.32,210.22,1785.10,3541.80,2.38,149.93,108.36,594.22,3.36,941.04,60.49,491.39
2026-01-13T21:20:00Z,53.43,2249.35,164.44,845.93,34.44,2464.29,157.02,67.42,46.18,2551.96,154.51,211.14,52.62,1879.40,174.28,839.05,226.90,39.50,94.43,203.22,1779.08,3563.63,2.48,148.97,109.82,580.22,3.25,944.75,58.68,486.68
2026-01-13T21:30:00Z,53.99,2243.32,163.90,850.03,34.48,2464.80,156.66,76.09,46.19,2558.19,154.23,208.41,52.77,1874.75,173.93,833.49,225.66,38.65,94.02,201.85,1784.11,3555.54,2.50,152.02,107.62,582.81,3.04,943.53,59.27,491.34
2026-01-13T21:40:00Z,54.21,2229.32,163.84,845.58,34.39,2460.26,157.45,69.78,46.64,2536.67,155.06,226.02,53.12,1868.64,174.22,834.55,223.13,39.41,94.67,198.51,1773.92,3549.70,2.48,150.43,106.70,578.05,3.31,939.88,59.14,481.75
2026-01-13T21:50:00Z,54.07,2231.06,164.25,861.06,34.38,2463.69,157.30,71.72,46.67,2536.92,155.73,242.41,53.05,1874.90,174.44,845.77,226.28,41.42,95.00,204.18,1782.55,3543.67,2.77,148.45,108.35,585.92,3.30,937.84,59.70,500.00
2026-01-13T22:00:00Z,53.83,2225.36,164.07,852.37,34.21,2468.17,156.64,67.41,46.22,2541.85,155.45,241.90,53.06,1870.37,174.83,845.39,225.48,42.98,94.60,205.16,1782.00,3541.76,2.75,148.80,109.37,592.11,3.33,949.58,60.49,503.28
2026-01-13T22:10:00Z,53.38,2228.43,163.82,843.42,33.85,2469.82,156.24,55.71,45.87,2548.44,155.23,231.06,53.01,1870.01,174.31,849.53,230.77,41.35,93.98,208.22,1788.50,3536.49,2.58,150.43,108.90,586.15,3.24,943.08,61.66,491.13
2026-01-13T22:20:00Z,53.37,2238.15,163.78,850.56,33.82,2478.17,156.26,62.46,45.95,2540.50,155.14,232.28,53.10,1876.52,174.88,856.71,224.02,41.17,92.72,201.59,1786.84,3545.84,2.66,149.84,102.19,571.42,3.36,939.38,61.04,480.74
2026-01-13T22:30:00Z,53.16,2247.56,163.96,849.68,33.93,2485.06,157.16,59.13,45.44,2546.65,154.17,216.78,52.85,1888.45,175.14,830.75,229.23,43.55,92.90,208.63,1782.80,3542.41,2.48,148.77,108.48,583.88,2.90,949.07,60.23,488.53
2026-01-13T22:40:00Z,53.14,2252.02,164.37,852.06,34.27,2475.82,157.41,55.44,45.25,2565.11,154.12,198.68,52.74,1881.13,174.06,824.17,234.42,43.55,92.94,209.91,1790.65,3554.35,2.42,150.03,113.68,595.54,2.59,952.08,60.22,493.20
2026-01-13T22:50:00Z,52.80,2251.62,163.57,835.20,34.46,2464.73,157.26,57.20,45.12,2574.49,153.75,187.82,53.07,1881.74,173.53,812.24,233.25,40.12,93.83,209.76,1785.00,3545.11,2.46,150.04,111.88,586.84,2.87,941.49,58.98,496.53
2026-01-13T23:00:00Z,52.96,2247.06,163.38,827.28,34.47,2459.71,157.89,69.18,44.61,2586.77,153.64,166.78,53.23,1864.33,174.02,813.43,230.81,40.14,94.04,206.91,1774.82,3539.63,2.70,148.89,108.75,590.50,2.84,940.90,59.73,487.34
2026-01-13T23:10:00Z,53.02,2238.82,164.11,848.72,34.87,2468.09,157.79,71.98,44.93,2573.01,153.89,175.70,53.12,1876.11,174.16,836.88,222.08,39.92,94.62,203.68,1780.77,3548.73,2.65,147.87,103.66,583.51,2.83,938.35,58.70,494.31
2026-01-13T23:20:00Z,53.21,2248.00,163.64,849.64,34.79,2467.71,157.15,71.89,45.08,2580.25,153.63,166.58,53.32,1863.03,174.38,854.13,222.19,39.80,93.78,202.09,1769.83,3524.28,2.81,148.59,105.62,575.74,3.13,942.48,58.59,485.87
2026-01-13T23:30:00Z,52.66,2258.57,163.73,844.69,34.61,2461.89,157.40,71.20,45.85,2566.69,153.31,176.64,53.40,1852.34,174.70,850.51,227.66,40.85,93.65,203.28,1778.20,3545.65,2.53,148.39,107.52,587.79,2.93,935.51,59.63,487.48
2026-01-13T23:40:00Z,52.78,2254.56,163.55,834.04,34.89,2454.23,157.62,80.91,45.19,2576.05,153.43,173.21,53.04,1868.42,174.66,846.75,222.50,40.39,93.70,203.77,1779.38,3551.20,2.57,149.97,103.59,575.91,3.16,932.30,58.85,483.26
2026-01-13T23:50:00Z,53.36,2243.13,164.31,844.40,35.00,2444.78,156.86,101.08,45.32,2581.30,154.72,188.95,53.19,1868.87,174.10,834.87,225.48,41.09,92.54,200.56,1767.58,3550.46,2.66,150.00,107.12,580.50,2.91,934.74,58.53,488.97
2026-01-14T00:00:00Z,53.55,2241.62,163.36,841.30,35.18,2445.47,157.04,105.93,45.75,2563.23,154.34,199.03,53.11,1872.81,173.85,841.25,230.81,41.23,92.90,207.81,1778.35,3542.32,2.46,150.12,109.92,590.23,3.17,939.88,57.90,493.85
2026-01-14T00:10:00Z,53.78,2230.04,163.18,852.60,35.51,2450.25,156.90,119.50,46.00,2556.02,153.98,212.39,52.89,1870.94,174.10,830.88,228.82,41.89,93.62,206.76,1782.58,3555.13,2.49,150.47,108.21,570.43,3.20,939.38,59.04,475.29
2026-01-14T00:20:00Z,53.56,2233.60,163.18,850.27,35.88,2436.61,157.87,131.45,45.91,2545.00,154.86,225.37,52.79,1878.55,174.04,841.89,230.02,42.21,93.21,208.19,1795.22,3552.49,2.58,148.73,107.60,583.49,2.85,941.92,58.78,490.24
2026-01-14T00:30:00Z,53.20,2237.93,163.22,849.73,35.75,2435.38,157.96,125.41,46.38,2540.97,154.67,215.35,52.74,1877.37,174.19,838.61,229.17,41.64,92.91,205.41,1788.91,3550.90,2.40,149.97,109.06,591.71,2.93,940.67,59.39,476.09
2026-01-14T00:40:00Z,53.03,2243.06,163.54,840.73,35.73,2425.44,157.63,136.70,46.27,2546.89,155.72,238.86,52.85,1873.02,174.07,841.36,232.83,41.61,93.54,210.19,1786.26,3560.48,2.58,150.95,113.11,595.69,3.14,939.42,59.38,497.69
2026-01-14T00:50:00Z,53.21,2254.27,163.99,823.08,35.71,2429.52,157.99,125.13,46.06,2539.92,155.30,240.03,52.95,1876.25,174.64,842.14,231.56,43.37,93.35,207.45,1782.56,3547.60,2.42,148.81,111.93,597.63,2.88,939.51,59.33,508.45
2026-01-14T01:00:00Z,53.84,2242.23,163.95,834.43,35.55,2439.16,158.72,129.20,45.82,2550.97,154.97,235.86,53.03,1879.54,174.80,844.86,230.12,42.86,93.62,210.98,1788.88,3548.98,2.68,149.39,110.73,583.91,2.75,940.59,59.89,491.10
2026-01-14T01:10:00Z,54.05,2242.22,164.70,843.37,35.96,2432.91,158.83,110.97,46.01,2553.02,154.54,220.04,53.35,1880.66,174.49,836.51,226.36,40.06,93.27,205.38,1775.93,3549.92,2.32,151.44,107.90,583.61,3.07,945.06,60.06,477.85
2026-01-14T01:20:00Z,54.13,2234.83,163.66,850.44,36.09,2428.53,158.58,118.11,45.61,2562.63,154.76,204.45,52.77,1878.44,174.59,837.54,224.81,40.52,93.69,,1789.56,3548.35,2.68,148.88,107.08,585.58,3.03,948.53,60.03,480.60
2026-01-14T01:30:00Z,54.08,2229.05,163.18,854.77,35.71,2431.82,158.14,109.69,45.50,2553.61,153.76,207.45,52.46,1877.77,174.20,834.82,230.89,39.33,93.50,206.70,1792.24,3570.52,2.45,150.41,109.92,588.55,2.80,946.39,59.75,487.31
2026-01-14T01:40:00Z,53.90,2228.11,163.50,857.28,35.78,2425.02,158.62,126.16,45.68,2556.54,154.96,215.36,52.80,1877.37,174.41,833.62,232.66,41.58,92.69,208.55,1787.04,3549.90,2.36,151.56,113.58,591.89,2.94,938.88,59.88,495.25
2026-01-14T01:50:00Z,53.93,2225.12,163.70,856.43,35.50,2430.75,158.96,125.59,45.52,2560.78,154.78,223.52,52.64,1892.46,174.04,816.30,229.58,41.50,93.14,206.45,1780.53,3563.58,2.51,148.70,109.32,593.42,3.23,935.68,59.05,490.59
2026-01-14T02:00:00Z,53.94,2222.66,165.01,861.26,34.89,2434.81,159.11,118.27,45.90,2544.11,155.75,226.81,52.30,1894.64,174.47,815.69,226.62,43.07,93.77,202.15,1782.39,3549.05,2.52,150.57,109.71,588.65,2.78,939.54,58.88,495.01
2026-01-14T02:10:00Z,54.20,2223.97,164.21,856.10,35.02,2445.26,158.74,118.21,45.60,2555.87,155.73,219.51,52.55,1880.58,173.84,829.79,226.56,44.45,93.62,201.48,1779.48,3545.92,2.56,149.03,110.93,581.00,2.77,948.19,59.29,477.26
2026-01-14T02:20:00Z,54.15,2211.73,164.11,858.80,35.25,2449.25,158.97,122.65,45.97,2560.25,155.15,215.37,52.45,1886.79,173.48,818.47,228.15,41.98,94.21,205.31,1778.98,3550.61,2.30,150.55,110.13,580.56,3.09,936.33,59.07,479.15
2026-01-14T02:30:00Z,53.82,2216.09,164.22,865.61,35.25,2450.73,159.09,119.98,45.89,2563.43,155.67,219.07,52.01,1904.73,173.97,823.92,227.52,41.38,93.58,201.90,1777.38,3565.51,2.42,152.64,110.33,595.11,3.25,931.15,59.72,
2026-01-14T02:40:00Z,53.39,2239.45,163.85,850.62,35.83,2437.72,158.65,118.57,45.65,2559.58,155.71,208.29,51.91,1901.87,174.08,812.74,223.78,38.71,93.38,193.66,1765.86,3568.80,2.61,150.46,109.05,589.53,2.77,935.86,59.96,489.44
2026-01-14T02:50:00Z,53.41,2244.51,163.66,838.60,36.07,2434.79,158.18,108.34,45.50,2555.51,154.88,213.29,52.00,1902.35,174.35,809.88,223.59,39.56,92.77,200.99,1786.40,3559.73,2.50,148.46,105.41,584.36,3.17,941.57,60.06,495.44
2026-01-14T03:00:00Z,53.71,2236.87,163.86,850.18,36.03,2434.78,158.00,110.77,45.38,2564.99,154.80,207.41,51.56,1916.90,173.61,792.37,223.81,40.49,93.40,203.87,1781.79,3561.21,2.47,149.91,105.19,576.15,2.90,941.02,60.22,487.90
2026-01-14T03:10:00Z,53.72,2234.97,164.54,857.65,36.26,2410.49,157.97,122.96,45.51,2561.00,155.20,209.41,51.91,1914.93,173.91,806.33,227.21,40.95,94.29,200.67,1766.85,3552.11,2.52,146.61,107.52,586.36,3.19,934.92,59.28,495.59
2026-01-14T03:20:00Z,53.76,2227.06,164.18,866.31,36.16,2421.49,158.20,120.14,45.41,2566.71,155.54,215.23,51.87,1914.29,174.02,797.83,230.89,44.10,93.84,209.69,1784.82,3555.04,2.66,149.67,111.88,582.81,3.37,942.64,59.78,491.21
2026-01-14T03:30:00Z,54.02,2218.49,164.67,877.32,35.58,2409.48,158.98,139.35,45.57,2569.70,155.21,210.07,51.88,1905.23,173.86,800.94,236.09,43.11,93.49,212.28,1789.04,3561.21,2.48,150.27,112.64,593.07,3.14,944.11,59.04,490.87
2026-01-14T03:40:00Z,53.97,2213.38,164.70,856.16,35.20,2429.24,159.47,130.80,45.21,2577.57,155.36,198.36,51.78,1902.41,172.87,811.75,232.03,41.36,93.69,209.10,1786.28,3550.16,2.36,150.13,108.45,590.78,3.06,956.95,59.65,496.68
2026-01-14T03:50:00Z,53.90,2220.32,164.63,864.11,34.88,2442.13,159.11,120.14,45.24,2569.55,155.27,201.82,52.18,1901.06,173.13,800.23,228.65,40.05,93.60,207.53,1778.10,3555.35,2.34,150.24,107.59,580.08,3.03,944.90,60.22,496.93
2026-01-14T04:00:00Z,53.85,2222.95,165.48,865.50,35.07,2441.48,159.31,110.15,45.53,2571.28,154.77,205.82,52.23,1890.83,173.58,819.15,225.69,42.98,93.79,203.02,1777.60,3567.00,2.45,149.34,106.71,581.65,3.08,939.87,61.04,491.33
2026-01-14T04:10:00Z,53.52,2239.57,164.92,854.73,35.93,2426.69,158.53,121.47,45.74,2562.71,154.58,201.71,52.19,1905.18,173.36,823.49,231.45,40.75,94.21,207.80,1788.24,3535.23,2.63,149.89,115.00,595.24,3.01,940.56,60.48,497.44
2026-01-14T04:20:00Z,53.42,2247.67,164.73,840.72,36.13,2432.01,158.59,124.45,45.81,2560.25,154.89,210.40,52.08,1898.60,173.62,816.73,231.09,40.33,94.13,207.35,1779.40,3540.52,2.28,149.97,109.32,587.71,2.93,937.11,59.52,491.53
2026-01-14T04:30:00Z,53.37,2237.06,164.44,841.24,36.21,2434.23,158.47,117.12,45.54,2557.56,154.58,214.24,52.09,1885.94,174.26,805.07,227.13,41.39,93.95,206.17,1777.47,3542.68,2.44,150.36,109.55,589.50,2.94,939.37,59.59,498.58
2026-01-14T04:40:00Z,53.52,2234.29,164.22,854.80,35.95,2427.31,158.77,137.81,45.22,2553.58,155.28,206.42,51.83,1905.15,173.33,798.44,225.54,39.75,93.85,205.33,1775.93,3546.74,2.63,149.96,107.60,585.70,2.61,935.68,59.77,493.78
2026-01-14T04:50:00Z,53.47,2241.34,164.19,856.17,35.84,2419.99,158.73,145.14,45.09,2570.84,154.29,209.44,51.49,1911.33,173.03,801.91,223.47,42.39,92.65,199.81,1778.26,3553.42,2.39,149.72,107.69,585.21,2.90,941.50,59.41,488.29
2026-01-14T05:00:00Z,53.60,2235.53,164.01,859.42,35.85,2429.29,158.47,127.99,45.13,2572.94,154.34,203.31,51.53,1916.64,173.08,791.78,220.34,39.47,92.73,196.85,1776.44,3545.93,2.44,150.92,106.73,584.62,3.30,931.68,59.82,495.41
2026-01-14T05:10:00Z,53.17,2247.84,164.17,841.49,35.69,2432.58,158.35,123.39,44.94,2581.70,156.00,203.93,51.65,1908.26,172.75,783.76,223.46,39.30,93.32,201.77,1780.04,3553.95,2.28,146.60,107.09,589.05,3.12,946.03,60.70,489.67
2026-01-14T05:20:00Z,53.64,2230.06,163.36,847.22,35.29,2434.93,158.11,101.30,44.87,2572.56,155.00,211.22,51.61,1903.24,173.19,783.90,222.85,38.73,93.49,201.82,1781.76,3555.97,2.43,149.54,106.87,583.37,3.05,942.87,59.81,496.26
2026-01-14T05:30:00Z,54.07,2234.34,163.89,859.62,35.49,2436.48,158.44,99.34,44.76,2574.88,154.32,191.87,51.61,1915.06,172.50,792.49,225.20,40.33,93.21,202.58,1775.99,3561.76,2.45,149.17,107.30,588.81,3.04,937.19,59.90,494.95
2026-01-14T05:40:00Z,54.10,2229.68,163.84,860.55,35.15,2429.62,158.19,107.53,44.95,2578.52,154.75,180.48,51.62,1913.23,173.23,799.44,228.20,37.67,92.62,206.01,1789.39,3538.43,2.48,150.60,108.00,587.23,3.03,949.32,59.85,489.31
2026-01-14T05:50:00Z,54.05,2236.30,164.06,860.26,35.53,2436.05,159.00,117.86,45.26,2567.34,154.92,191.07,51.51,1910.16,173.21,804.13,225.04,40.01,93.33,203.42,1783.38,3547.06,2.27,150.36,107.68,585.03,3.04,937.43,60.58,487.70
2026-01-14T06:00:00Z,53.63,2243.51,163.88,832.63,35.62,2439.96,158.57,112.53,45.68,2565.52,154.66,199.54,51.76,1908.30,173.55,814.03,226.36,38.86,93.38,204.06,1778.68,3573.76,2.70,151.37,106.44,588.64,2.84,938.43,60.40,492.94
2026-01-14T06:10:00Z,53.33,2242.36,164.25,840.63,35.55,2418.03,158.41,106.22,45.83,2558.77,154.74,217.72,52.20,1903.62,174.31,806.90,222.57,39.10,93.77,200.08,1778.39,3546.47,2.65,150.16,108.78,585.41,2.88,935.07,59.98,480.57
2026-01-14T06:20:00Z,53.12,2238.54,164.18,835.51,35.11,2433.44,158.34,97.14,46.02,2556.06,154.73,224.77,52.08,1897.89,173.68,808.38,231.00,40.48,93.36,208.11,1783.60,3554.18,2.49,150.52,109.32,585.11,3.04,942.96,58.98,482.51
2026-01-14T06:30:00Z,53.16,2248.10,164.58,829.23,35.47,2428.82,158.53,106.00,46.00,2558.84,155.03,218.64,52.15,1897.52,173.58,816.73,230.52,38.82,94.25,207.09,1790.30,3563.81,2.22,148.98,109.38,586.77,2.52,950.03,58.63,487.11
2026-01-14T06:40:00Z,53.54,2243.01,164.18,842.15,35.51,2439.71,158.71,119.19,45.92,2557.96,155.24,214.51,52.10,1893.06,173.67,809.46,224.56,40.05,94.75,204.33,1767.52,3560.87,2.36,148.34,107.19,585.94,2.93,933.92,59.25,490.17
2026-01-14T06:50:00Z,53.61,2241.92,164.67,831.58,35.42,2430.79,158.63,131.08,45.99,2550.97,154.97,230.87,52.17,1903.16,173.71,816.35,225.87,39.74,93.77,203.19,1780.89,3546.70,2.63,148.33,109.27,588.90,3.42,938.99,58.75,497.92
2026-01-14T07:00:00Z,54.00,2227.12,164.77,853.58,35.44,2438.12,158.66,121.71,46.36,2552.86,155.48,226.14,52.48,1883.62,174.36,826.80,220.91,38.48,93.73,197.30,1777.29,3551.12,2.28,150.81,106.52,585.42,2.91,945.90,59.01,488.02
2026-01-14T07:10:00Z,53.73,2240.10,164.53,858.32,35.52,2447.10,157.95,118.04,46.00,2544.88,155.67,249.00,52.16,1892.78,173.46,816.07,221.10,38.86,93.24,197.22,1770.04,3552.28,2.49,148.21,105.66,584.65,3.03,934.46,60.24,476.55
2026-01-14T07:20:00Z,53.32,2243.71,164.92,840.00,35.34,2430.80,158.78,127.54,46.46,2546.19,155.58,239.12,51.72,1895.50,173.71,796.81,222.48,39.66,93.52,197.72,1778.35,3570.53,2.82,150.12,107.34,588.63,2.83,939.85,61.40,495.39
2026-01-14T07:30:00Z,53.04,2258.41,164.24,834.96,35.33,2438.29,158.42,107.72,46.36,2545.48,155.36,232.58,51.45,1913.59,172.66,804.96,222.94,39.95,93.39,200.60,1775.61,3550.62,2.50,151.89,107.56,581.76,2.91,938.28,61.45,483.09
2026-01-14T07:40:00Z,53.03,2256.15,164.43,841.67,35.47,2447.53,158.26,118.34,46.01,2544.98,154.90,231.07,51.31,1911.18,172.97,809.71,222.97,39.25,93.42,201.01,1782.70,3557.90,2.50,150.34,107.97,590.72,3.36,935.02,61.00,499.02
2026-01-14T07:50:00Z,52.50,2264.66,163.16,810.66,35.78,2439.28,158.04,128.07,45.64,2560.46,155.45,218.47,51.75,1899.51,172.82,805.11,230.87,38.02,93.93,210.61,1778.82,3525.34,2.45,150.14,111.89,597.14,2.96,934.42,59.97,500.64
2026-01-14T08:00:00Z,52.30,2268.57,164.09,821.03,35.53,2440.51,158.22,135.84,45.50,2557.12,154.98,208.84,52.08,1899.33,172.74,801.94,227.59,42.60,94.21,201.03,1776.34,3562.96,2.51,150.01,106.54,588.18,2.78,936.29,60.86,479.82
2026-01-14T08:10:00Z,52.93,2263.10,163.28,816.32,35.43,2438.18,157.65,120.85,46.01,2545.13,155.21,200.21,52.38,1892.44,172.60,799.62,227.98,41.34,94.00,204.58,1788.95,3556.47,2.69,149.53,109.50,589.82,2.58,947.63,60.34,491.43
2026-01-14T08:20:00Z,52.48,2258.38,163.25,799.34,35.38,2442.86,157.35,113.43,46.20,2544.53,155.69,230.82,52.63,1893.11,172.96,812.23,234.36,38.26,92.73,211.62,1786.77,3550.88,2.60,151.37,113.16,586.48,2.98,948.06,60.30,482.23
2026-01-14T08:30:00Z,52.92,2262.02,162.57,820.94,35.80,2438.94,158.72,122.05,46.55,2546.38,154.94,235.45,53.07,1871.81,173.12,828.43,236.37,40.07,91.98,211.35,1781.55,3542.06,2.29,148.60,112.04,592.77,2.75,938.97,59.01,494.52
2026-01-14T08:40:00Z,52.76,2248.79,163.16,815.81,35.66,2434.61,159.27,125.10,45.86,2562.15,155.35,227.41,52.99,1878.51,173.64,815.61,235.48,40.33,92.93,210.30,1792.20,3538.86,2.21,149.11,112.59,592.37,3.21,945.70,59.82,495.64
2026-01-14T08:50:00Z,52.74,2255.47,163.29,816.13,36.03,2434.73,159.63,122.67,46.10,2558.43,155.52,229.73,52.83,1880.03,174.17,833.77,232.41,39.18,93.67,208.55,1782.99,3549.64,2.34,149.40,111.10,587.01,2.94,942.54,59.19,499.65
2026-01-14T09:00:00Z,52.89,2252.21,163.60,820.62,35.68,2443.80,159.52,113.69,46.23,2538.63,155.05,230.44,53.26,1869.74,173.57,841.40,224.54,40.26,93.93,198.82,1775.13,3553.64,2.40,149.86,105.38,581.67,2.79,937.81,59.95,486.73
2026-01-14T09:10:00Z,53.03,2253.61,163.85,822.54,35.63,2439.97,158.39,105.09,46.13,2539.82,154.35,226.49,53.36,1869.00,174.18,852.21,222.77,41.04,94.09,201.17,1780.09,3542.78,2.48,150.15,104.92,579.33,3.13,946.88,60.16,479.41
2026-01-14T09:20:00Z,52.58,2260.46,163.93,819.52,35.61,2438.81,157.97,106.12,46.05,2542.38,154.48,231.25,52.90,1877.82,174.72,855.49,224.63,43.21,93.77,204.48,1780.06,3559.93,2.57,149.30,107.10,590.18,3.10,931.74,59.71,486.59
2026-01-14T09:30:00Z,52.43,2275.22,164.03,812.12,35.65,2434.20,158.56,122.87,46.20,2545.08,155.50,218.81,52.69,1886.93,173.91,838.95,224.00,41.43,93.40,202.66,1786.99,3547.78,2.35,149.85,105.92,584.22,2.92,942.69,59.41,494.16
2026-01-14T09:40:00Z,52.23,2276.66,163.63,817.08,35.65,2434.91,159.15,127.03,46.32,2548.60,154.63,220.32,52.74,1886.76,173.36,828.29,224.90,42.80,93.87,203.79,1781.58,3556.52,2.38,149.87,105.38,577.21,2.88,944.87,59.70,466.80
2026-01-14T09:50:00Z,52.37,2275.40,163.00,809.21,35.97,2432.29,159.43,140.88,46.06,2549.20,154.40,214.81,52.96,1881.42,173.74,837.85,226.52,42.15,94.18,204.45,1780.71,3560.48,2.85,150.86,108.58,589.73,3.16,938.14,59.87,497.94
2026-01-14T10:00:00Z,52.41,2272.08,162.21,800.72,36.14,2434.44,158.93,132.75,45.95,2545.62,155.48,211.66,53.06,1876.43,173.40,842.99,228.99,42.08,93.26,204.92,1775.51,3557.39,2.43,149.64,109.26,592.55,2.80,939.34,58.77,505.22
2026-01-14T10:10:00Z,52.56,2276.14,162.76,804.25,35.86,2422.70,159.29,134.03,,2547.17,155.54,211.07,52.64,1888.31,174.47,832.74,227.17,40.77,92.72,202.67,1775.95,3545.89,2.40,151.51,105.65,580.48,3.39,943.67,58.50,501.23
2026-01-14T10:20:00Z,52.03,2270.23,163.00,797.88,35.86,2427.16,159.18,134.22,46.12,2536.17,155.85,213.58,52.42,1895.37,173.50,809.93,226.36,41.23,93.42,204.35,1773.07,3554.78,2.72,150.55,109.00,584.13,2.99,942.46,58.41,491.39
2026-01-14T10:30:00Z,52.16,2268.14,163.62,803.22,35.75,2432.29,159.27,122.09,46.29,2538.76,155.45,224.90,52.55,1885.62,173.00,816.27,230.81,40.89,92.92,206.85,1794.91,3546.35,2.36,150.88,109.93,588.56,2.76,948.07,60.53,485.30
2026-01-14T10:40:00Z,52.29,2271.92,163.32,807.90,35.43,2440.04,159.04,123.92,46.31,2541.73,155.45,241.47,52.33,1894.11,173.63,812.52,226.19,40.74,92.58,205.06,1777.35,3563.29,2.47,150.43,109.85,584.03,3.03,934.09,60.76,487.30
2026-01-14T10:50:00Z,52.19,2271.49,162.65,800.44,35.32,2441.56,159.28,115.30,46.04,2544.95,155.01,236.62,52.22,1896.56,173.54,817.19,223.61,39.84,93.34,203.43,1786.87,3550.19,2.38,150.09,109.01,587.67,3.07,946.43,60.68,485.52
2026-01-14T11:00:00Z,52.44,2258.20,162.76,811.35,35.31,2454.77,158.76,115.83,46.03,2544.16,154.37,236.75,52.42,1896.16,173.85,805.30,225.20,38.94,93.32,203.87,1777.41,3546.44,2.18,150.25,106.19,586.75,3.05,942.19,58.27,487.43
2026-01-14T11:10:00Z,52.25,2259.18,163.74,819.16,35.31,2450.40,158.13,118.70,45.77,2555.22,155.29,228.25,52.29,1891.82,173.00,820.04,225.66,39.64,93.11,199.24,1784.38,3554.13,2.52,150.40,108.65,588.92,3.29,939.09,58.63,484.88
2026-01-14T11:20:00Z,52.19,2269.45,163.88,801.90,35.32,2444.35,158.38,113.16,45.39,2550.93,155.45,205.36,52.07,1900.95,173.30,798.51,229.24,37.60,93.91,208.17,1781.34,3543.52,2.37,151.65,105.19,580.75,3.16,944.08,57.95,480.71
2026-01-14T11:30:00Z,51.77,2267.24,163.98,807.94,35.30,2454.41,158.59,106.23,45.29,2554.90,154.95,202.52,51.90,1901.80,173.92,795.89,227.29,39.04,93.82,204.44,1784.60,3552.36,2.40,148.29,110.32,592.08,2.76,948.58,59.61,500.24
2026-01-14T11:40:00Z,51.85,2278.89,162.47,795.90,35.68,2440.12,158.37,108.24,45.09,2571.87,154.92,201.13,51.39,1906.17,173.48,789.70,228.61,40.39,94.68,205.52,1775.34,3550.13,2.44,150.77,108.20,588.82,2.98,934.82,58.70,500.89
2026-01-14T11:50:00Z,52.02,2286.50,162.79,799.58,35.64,2432.61,158.34,109.57,45.04,2567.90,155.00,190.32,51.94,1912.94,173.59,811.21,233.81,39.34,93.20,210.12,1785.60,3568.06,2.42,149.43,114.10,592.42,3.31,946.34,60.42,493.69
2026-01-14T12:00:00Z,51.95,2281.98,163.06,793.21,35.88,2430.92,158.19,112.38,45.18,2564.34,155.26,210.93,52.34,1899.48,172.69,818.69,228.53,38.41,93.69,203.48,1776.58,3542.98,2.65,149.82,107.63,582.57,2.78,944.04,61.29,480.08
2026-01-14T12:10:00Z,52.34,2281.40,163.50,788.55,35.33,2437.19,158.04,125.18,45.43,2558.48,155.49,212.59,52.22,1888.09,173.35,813.66,223.51,37.63,93.41,199.12,1772.55,3554.70,2.53,150.48,107.34,584.85,3.47,941.84,60.17,472.32
2026-01-14T12:20:00Z,52.11,2284.84,162.90,789.98,35.16,2439.24,157.86,119.14,45.37,2564.08,155.41,202.32,52.41,1883.52,172.98,823.02,224.62,39.60,93.02,202.24,1780.45,3558.23,2.53,151.95,105.20,585.00,3.20,944.26,59.51,488.83
2026-01-14T12:30:00Z,51.61,2288.54,163.80,782.51,34.86,,158.28,112.09,45.13,2572.93,155.45,200.68,52.27,1884.79,173.61,825.61,223.53,40.74,94.37,201.45,1783.91,3561.46,2.76,148.28,104.23,578.54,2.63,944.28,58.96,487.72
2026-01-14T12:40:00Z,51.54,2284.80,162.69,780.38,34.90,2457.04,158.14,101.79,44.90,2576.63,154.77,218.45,52.91,1885.06,173.76,803.79,220.16,38.52,93.94,199.78,1778.25,3546.86,2.58,148.98,103.64,586.91,3.00,940.11,59.82,494.44
2026-01-14T12:50:00Z,51.78,2273.16,162.90,792.77,35.11,2452.80,158.24,107.88,44.84,2574.56,154.84,199.37,52.95,1871.30,174.31,818.06,223.12,37.90,94.47,203.80,1780.76,3555.38,2.39,151.43,107.49,580.58,2.73,943.23,61.00,480.19
2026-01-14T13:00:00Z,52.27,2263.41,162.82,779.98,34.81,2461.27,158.30,112.02,45.06,2569.76,154.71,198.44,52.66,1888.85,173.74,820.27,222.28,38.96,94.03,202.57,1788.95,3547.61,2.50,148.37,106.07,582.15,2.88,942.28,62.52,475.87
2026-01-14T13:10:00Z,52.69,2252.89,163.07,799.07,34.91,2459.01,158.32,98.57,45.29,2565.32,155.19,205.47,52.83,1885.26,174.15,825.34,216.65,38.37,94.35,197.47,1770.36,3535.14,2.39,150.23,104.03,590.32,3.07,937.82,61.54,507.05
2026-01-14T13:20:00Z,52.53,2251.56,162.66,811.58,34.62,2464.50,158.37,73.61,45.14,2565.57,155.13,191.72,52.82,1883.77,173.85,824.35,222.74,39.26,93.31,199.37,1778.89,3548.19,2.61,149.59,106.32,575.50,3.23,929.31,60.73,472.28
2026-01-14T13:30:00Z,52.56,2256.89,162.50,808.03,34.44,2474.56,157.83,64.63,45.12,2567.64,154.16,198.28,52.85,1887.64,173.78,829.92,225.20,39.11,92.94,203.86,1774.02,3545.54,2.47,149.14,105.07,585.69,3.24,936.97,58.68,492.44
2026-01-14T13:40:00Z,52.67,2257.76,163.41,828.20,34.19,2469.67,158.00,75.08,45.22,2576.04,154.42,196.29,52.56,1888.54,173.57,822.97,224.79,38.39,93.40,201.18,1778.75,3561.96,2.43,150.94,109.78,591.73,2.91,934.54,59.20,491.06
2026-01-14T13:50:00Z,52.73,2256.64,164.06,822.04,34.21,2466.85,158.17,63.87,45.16,2570.57,154.61,188.61,52.49,1894.20,172.90,814.10,223.28,38.47,94.06,200.95,1775.50,3528.59,2.39,149.51,106.62,582.04,3.03,946.26,59.61,488.88
2026-01-14T14:00:00Z,52.36,2272.71,163.78,802.33,34.26,2463.97,157.53,71.39,45.21,2574.93,154.15,178.05,52.45,1884.06,173.72,824.84,226.32,37.63,94.39,205.00,1781.01,3548.20,2.34,150.14,108.17,587.62,3.10,933.39,59.00,500.03
2026-01-14T14:10:00Z,52.57,2248.71,164.24,804.85,34.38,2470.15,157.38,66.78,45.61,2565.37,153.85,184.30,52.52,1886.18,174.53,823.53,225.75,37.13,94.02,205.37,1775.19,3539.15,2.69,148.97,109.47,589.75,2.91,937.54,60.47,487.65
2026-01-14T14:20:00Z,52.16,2266.52,163.56,803.74,34.24,2460.67,157.14,85.10,45.28,2565.14,152.87,181.49,52.66,1885.43,174.66,827.28,219.78,38.36,94.20,197.77,1785.07,3550.04,2.65,148.99,102.52,584.81,3.31,939.37,60.59,495.45
2026-01-14T14:30:00Z,52.32,2276.64,163.25,796.73,34.09,2466.20,157.52,79.63,44.91,2579.03,153.57,199.13,52.36,1891.98,173.87,818.96,218.12,37.28,93.33,196.53,1772.09,3534.04,2.46,148.76,103.00,581.74,2.94,933.00,60.52,477.82
2026-01-14T14:40:00Z,51.95,2265.51,163.30,790.18,33.65,2470.41,157.45,78.78,45.45,2557.47,154.22,206.44,52.57,1879.47,173.99,825.60,220.51,38.77,92.90,198.70,1788.75,3554.97,,149.80,105.24,586.00,3.17,944.68,60.24,489.97
2026-01-14T14:50:00Z,52.09,2260.89,162.55,798.14,33.87,2475.12,157.36,71.09,45.41,2552.46,153.81,208.65,52.56,1886.00,174.03,828.44,222.67,40.51,92.99,204.20,1783.87,3536.68,2.71,150.68,108.96,588.50,2.98,941.20,60.89,483.54
2026-01-14T15:00:00Z,52.62,2261.85,162.43,806.94,34.33,2465.47,156.79,69.74,45.67,2559.98,154.20,199.83,53.03,1879.80,174.99,830.40,220.60,39.95,93.75,197.93,1765.88,3544.27,2.60,150.32,103.19,575.82,3.40,928.36,60.27,488.90
2026-01-14T15:10:00Z,52.90,2251.56,162.86,824.85,34.78,2463.15,157.03,75.29,45.45,2567.70,153.89,200.89,52.93,1869.13,174.86,832.28,216.96,39.86,93.64,196.11,1776.28,3538.11,2.65,149.28,102.05,581.02,2.78,937.77,59.47,479.32
2026-01-14T15:20:00Z,52.96,2260.57,162.70,822.63,35.49,2433.55,157.17,96.14,45.35,2562.64,154.42,201.43,52.99,1881.49,174.15,822.82,221.00,39.07,93.25,198.61,1776.51,3552.14,2.34,147.50,107.79,579.88,3.28,937.48,59.19,485.78
2026-01-14T15:30:00Z,52.67,2271.95,162.51,808.47,35.49,2435.42,157.11,86.53,45.64,2557.71,155.05,193.21,53.55,1869.67,174.22,837.59,225.63,39.79,92.83,198.72,1778.53,3556.78,2.46,149.90,106.50,587.26,3.03,941.43,59.10,483.80
2026-01-14T15:40:00Z,52.81,2267.58,162.96,807.93,35.27,2447.09,157.23,84.54,45.17,2561.10,154.76,210.99,53.39,1876.08,174.32,840.28,223.75,40.67,93.15,198.44,1765.96,3546.61,2.84,149.09,109.07,585.54,3.05,934.04,59.40,485.17
2026-01-14T15:50:00Z,53.09,2264.49,162.61,817.02,35.34,2439.71,157.59,95.01,45.17,2565.32,154.96,204.63,53.63,1863.04,174.48,837.61,222.12,37.64,93.41,203.17,1781.22,3541.69,2.51,148.12,105.20,579.79,3.20,943.65,59.99,479.33
2026-01-14T16:00:00Z,53.24,2252.81,162.52,825.74,35.36,2441.16,157.75,95.09,45.17,2570.88,154.84,217.93,53.86,1854.43,174.33,859.11,224.55,39.93,94.22,200.25,1788.56,3540.98,2.43,149.17,108.54,589.63,3.45,944.17,59.78,504.36
2026-01-14T16:10:00Z,53.26,2237.43,163.86,843.98,35.12,2443.57,158.08,102.64,45.34,2576.41,154.89,213.68,53.93,1844.90,174.72,869.68,225.01,39.13,92.79,202.73,1770.18,3544.69,2.30,150.36,106.20,580.15,3.00,933.03,59.98,495.86
2026-01-14T16:20:00Z,53.25,2237.56,163.82,845.92,35.24,2445.74,157.40,85.94,45.01,2572.75,154.98,210.20,53.40,1851.58,175.29,870.35,227.73,39.49,93.49,202.40,1774.29,3542.53,2.77,148.94,109.00,586.06,3.33,937.90,60.11,486.88
2026-01-14T16:30:00Z,52.92,2242.73,163.35,834.43,35.36,2444.97,158.35,96.63,45.36,2564.60,154.93,215.45,53.51,1864.76,174.78,869.79,228.00,40.26,94.20,204.88,1776.25,3551.36,2.69,149.39,107.34,584.81,2.76,936.32,60.10,492.26
2026-01-14T16:40:00Z,52.94,2251.46,163.85,832.97,35.02,2443.30,157.81,93.13,45.33,2565.82,154.13,205.50,53.64,1870.76,174.81,867.33,231.01,40.97,92.90,212.03,1777.58,3555.25,2.70,149.24,108.71,584.76,3.19,941.20,58.85,485.88
2026-01-14T16:50:00Z,53.07,2246.21,164.00,823.54,34.97,2446.04,157.68,101.47,45.37,2559.96,153.79,199.46,53.67,1864.55,175.06,864.21,232.26,38.84,93.67,208.63,1787.88,3540.89,2.59,149.27,111.24,580.78,3.06,946.83,59.19,482.73
2026-01-14T17:00:00Z,53.05,2245.77,163.74,806.02,35.19,2441.68,157.01,109.55,45.30,2573.03,154.40,189.43,53.59,1869.94,174.64,849.10,230.52,38.96,93.98,209.07,1787.02,3547.32,2.75,148.08,110.78,591.34,2.73,936.96,60.18,489.90
2026-01-14T17:10:00Z,52.90,2253.67,163.81,811.57,35.40,2449.75,156.52,110.38,45.69,2565.12,154.88,196.09,53.61,1859.29,174.25,833.34,222.68,39.10,93.35,197.53,1776.43,3553.52,2.47,150.89,105.72,586.58,3.20,936.96,60.05,495.50
2026-01-14T17:20:00Z,52.92,2251.79,163.79,828.21,35.10,2436.39,157.28,119.37,45.95,2558.69,154.79,218.16,53.59,1853.12,174.74,849.09,228.00,39.94,93.46,205.42,1776.94,3547.63,2.45,150.54,111.27,590.67,2.94,936.11,60.53,507.78
2026-01-14T17:30:00Z,53.03,2238.46,163.85,846.14,35.41,2437.62,158.33,123.30,45.83,2548.06,154.97,214.70,53.26,1862.34,174.90,852.65,229.05,39.65,94.17,208.27,1791.16,3559.51,2.74,147.94,110.12,590.37,3.22,953.44,61.37,494.96
2026-01-14T17:40:00Z,53.17,2231.50,163.57,840.56,35.05,2445.76,158.48,110.24,46.30,2547.06,155.60,231.39,53.49,1866.35,174.92,847.07,226.02,40.84,94.02,202.81,1773.96,3551.91,2.47,150.83,107.51,578.75,3.34,942.50,60.96,474.74
2026-01-14T17:50:00Z,53.26,2240.41,164.26,829.86,35.09,2444.19,158.49,106.79,46.25,2548.68,155.10,216.71,53.08,1872.27,175.31,844.16,226.65,41.77,93.78,204.30,1772.93,3554.29,2.36,150.53,109.83,599.37,2.86,936.96,59.50,500.62
2026-01-14T18:00:00Z,53.64,2243.91,164.03,845.93,34.56,2458.82,157.64,93.45,46.38,2555.49,154.56,215.01,53.16,1871.85,175.23,845.51,222.62,41.24,93.68,198.59,1785.00,3548.18,2.56,150.41,106.38,589.72,2.72,944.26,60.19,490.01
2026-01-14T18:10:00Z,54.01,2239.29,164.79,839.78,34.37,2461.71,157.99,85.76,46.49,2549.52,153.92,223.81,53.33,1869.74,174.58,855.10,224.51,42.15,93.58,208.40,1794.26,3546.55,2.50,150.24,110.93,589.35,2.90,942.32,59.22,487.56
2026-01-14T18:20:00Z,53.85,2238.22,164.49,858.25,34.22,2469.82,157.38,72.16,46.30,2546.81,154.10,215.73,52.99,1873.34,174.40,856.12,225.04,39.24,93.26,198.43,1772.31,3540.60,2.48,148.27,107.21,575.32,3.27,934.32,59.70,473.74
2026-01-14T18:30:00Z,54.11,2224.26,164.49,881.91,34.21,2462.92,157.31,74.70,46.28,2538.40,154.64,226.53,52.98,1872.20,174.86,843.48,226.30,38.55,93.45,205.67,1786.25,3548.64,2.40,151.22,108.99,592.80,3.20,951.56,60.33,491.52
2026-01-14T18:40:00Z,53.84,2233.64,164.44,859.21,33.92,2470.22,157.23,57.86,46.28,,154.63,234.34,52.83,1882.42,174.61,839.17,222.92,39.36,93.79,202.00,1779.69,3561.78,2.57,149.70,106.20,585.82,2.97,937.32,59.00,488.50
2026-01-14T18:50:00Z,53.87,2226.10,163.51,857.30,34.10,2475.89,157.69,64.87,46.23,2544.12,154.41,232.06,52.62,1879.71,174.28,825.50,226.74,39.42,92.70,204.90,1790.04,3564.49,2.61,150.23,108.96,583.63,2.77,942.88,60.05,484.64
2026-01-14T19:00:00Z,54.40,2219.87,164.35,871.81,34.33,2471.18,157.33,77.30,46.25,2555.43,154.49,233.47,52.67,1881.11,174.29,823.11,225.07,39.45,93.42,202.46,1774.16,3554.42,2.59,149.11,109.58,588.87,3.13,943.53,59.83,490.55
2026-01-14T19:10:00Z,54.21,2210.87,164.61,877.75,34.55,2462.04,156.94,80.32,46.29,2556.05,154.83,228.84,52.42,1892.48,174.02,814.53,223.87,39.65,94.33,201.52,1787.33,3533.79,2.48,149.89,108.31,582.90,3.07,946.66,59.99,495.66
2026-01-14T19:20:00Z,54.38,2222.10,164.65,873.28,34.72,2461.68,157.15,84.46,46.72,2539.70,155.61,238.13,52.20,1881.47,173.49,800.89,229.27,38.13,93.91,207.60,1785.70,3550.23,2.65,151.06,110.17,581.08,3.33,946.80,61.13,488.14
2026-01-14T19:30:00Z,53.94,2217.91,164.98,864.38,34.78,2457.99,157.05,77.68,46.56,2545.88,156.26,243.96,52.51,1881.57,172.76,820.07,231.21,38.34,94.21,205.43,1779.24,3545.00,2.45,148.34,107.36,580.68,3.10,931.79,59.77,484.95
2026-01-14T19:40:00Z,53.75,2219.03,163.90,855.50,34.83,2452.89,158.22,80.81,46.47,2530.34,154.31,233.30,52.71,1884.32,173.33,825.29,231.10,39.16,94.75,207.48,1782.25,3535.44,2.34,150.35,109.93,589.45,2.80,937.12,59.32,488.98
2026-01-14T19:50:00Z,53.86,2230.92,164.10,849.71,34.65,2449.19,157.98,95.90,46.94,2540.96,154.64,239.20,52.70,1874.68,173.90,824.85,228.72,38.52,94.87,207.74,1787.01,3535.59,2.59,149.24,110.89,580.04,2.73,938.68,59.43,481.43
2026-01-14T20:00:00Z,54.53,2221.69,164.22,856.31,34.82,2460.69,158.55,97.07,46.49,2533.66,155.05,236.07,52.50,1886.25,173.67,816.07,225.10,39.41,94.54,203.44,1779.98,3552.57,2.36,148.00,107.90,583.48,2.95,936.84,59.46,490.08
2026-01-14T20:10:00Z,54.48,2210.17,164.85,852.53,34.74,2453.73,158.40,98.94,46.12,2545.28,155.84,239.48,52.50,1889.91,173.32,819.43,225.44,42.49,94.19,200.39,1771.64,3547.27,2.47,150.77,109.88,589.16,2.75,938.02,59.10,491.98
2026-01-14T20:20:00Z,54.10,2218.37,165.04,866.68,35.18,2455.07,159.18,100.20,46.00,2551.13,155.77,229.23,52.41,1887.64,173.21,813.14,225.76,41.17,94.84,204.17,1775.63,3566.12,2.30,150.05,109.25,588.13,2.98,943.33,59.82,490.74
2026-01-14T20:30:00Z,54.06,2226.88,164.31,868.53,35.17,2438.59,159.10,116.01,45.98,2541.43,154.82,231.21,52.61,1884.28,173.14,830.07,232.45,41.51,93.95,213.04,1789.02,3560.23,2.58,149.74,110.44,583.59,2.96,948.25,60.12,485.94
2026-01-14T20:40:00Z,54.04,2221.04,163.79,875.61,35.44,2433.75,159.49,111.54,45.92,2552.38,155.63,235.92,52.65,1892.31,173.16,815.95,237.65,39.33,93.73,215.95,1790.13,3566.69,2.26,148.94,113.82,592.25,2.93,952.84,60.29,488.89
2026-01-14T20:50:00Z,53.61,2224.90,164.44,863.69,35.32,2433.90,159.63,108.18,46.01,2557.93,155.96,232.66,53.46,1883.14,173.67,842.72,231.34,40.36,94.08,208.77,1781.43,3556.53,2.50,149.14,112.99,601.22,3.21,939.70,60.56,497.39
2026-01-14T21:00:00Z,53.80,2224.57,164.92,864.33,35.35,2438.19,158.83,115.00,45.93,2550.63,156.19,220.36,53.65,1869.93,173.98,850.28,228.41,39.72,94.52,202.70,1773.49,3547.95,2.57,149.06,107.34,588.93,2.87,937.71,58.38,479.79
2026-01-14T21:10:00Z,53.72,2225.33,164.03,857.05,35.46,2433.04,158.55,106.36,45.81,2544.72,156.24,232.46,53.20,1875.16,174.30,840.69,227.63,41.95,94.06,206.73,1788.28,3550.30,2.43,149.86,109.19,587.93,2.81,942.38,58.10,486.85
2026-01-14T21:20:00Z,53.22,2226.34,164.55,851.23,35.36,2439.79,158.58,105.45,45.69,2550.40,155.60,227.58,52.84,1882.31,174.70,839.61,228.67,40.42,93.91,205.25,1778.66,3549.53,2.51,151.42,109.80,588.22,2.76,940.27,58.13,493.25
2026-01-14T21:30:00Z,53.13,2233.27,165.57,841.39,35.59,2438.21,158.09,97.99,45.95,2549.77,154.75,224.17,52.70,1886.42,173.88,832.01,228.69,40.45,93.77,204.96,1778.15,3554.46,2.23,149.22,106.57,591.16,2.91,935.72,58.09,494.71
2026-01-14T21:40:00Z,52.72,2252.37,165.00,834.10,35.87,2426.15,158.06,115.79,45.99,2544.03,155.10,227.86,52.45,1882.02,174.13,834.18,222.80,42.74,94.32,200.26,1784.58,3551.26,2.34,150.92,108.28,578.14,3.19,939.61,58.41,482.63
2026-01-14T21:50:00Z,52.80,2250.09,164.55,823.64,36.04,2427.00,157.84,120.16,45.84,2540.79,155.08,238.03,52.41,1887.32,174.43,832.70,230.21,41.44,94.95,206.40,1794.32,3549.40,2.43,148.17,109.23,590.78,2.98,950.27,60.03,492.00
2026-01-14T22:00:00Z,52.78,2262.73,164.15,821.38,36.13,2415.66,158.41,140.44,46.33,2535.00,155.18,224.32,52.62,1884.68,174.00,816.82,228.20,41.26,93.80,202.93,1786.59,3541.96,2.54,149.68,109.49,590.23,3.30,942.61,59.18,491.09
2026-01-14T22:10:00Z,52.68,2257.48,163.64,818.51,35.77,2420.88,159.03,130.91,46.52,2534.38,155.06,233.66,52.78,1883.17,173.82,838.52,223.23,40.06,93.42,200.67,1769.91,3545.21,2.56,149.47,106.27,586.55,3.07,934.30,58.34,494.04
2026-01-14T22:20:00Z,52.65,2254.66,163.57,824.33,35.72,2432.98,158.51,117.93,46.20,2533.46,155.14,236.63,52.88,1869.77,173.76,822.96,224.13,42.15,94.83,197.68,1769.70,3545.85,2.47,148.70,106.77,581.17,2.99,933.55,58.54,492.55
2026-01-14T22:30:00Z,52.60,2257.84,164.04,822.65,35.74,2425.48,158.11,118.95,46.08,2553.89,155.47,228.67,52.95,1866.37,173.23,834.67,232.18,41.97,93.38,210.36,1775.81,3538.21,2.35,148.79,111.49,590.95,2.97,941.58,58.54,485.01
2026-01-14T22:40:00Z,52.75,2261.36,163.30,818.71,35.76,2432.87,158.39,117.09,46.29,2544.11,154.91,235.90,52.47,1884.36,173.63,835.92,229.65,40.76,94.12,203.96,1784.90,3541.05,2.32,150.72,109.61,588.52,2.94,933.94,59.31,485.65
2026-01-14T22:50:00Z,53.17,2254.05,163.59,823.41,35.85,2427.60,159.05,127.21,46.16,2547.00,155.82,232.98,52.53,1900.91,174.26,837.54,237.62,41.45,93.32,214.08,1787.11,3552.40,2.49,149.90,111.97,590.23,2.90,944.21,59.05,485.96
2026-01-14T23:00:00Z,53.88,2241.97,163.87,832.22,35.65,2419.89,159.00,127.90,46.30,2538.72,155.00,226.61,52.50,1893.00,174.09,838.90,236.11,41.88,93.18,212.84,1785.36,3545.65,2.60,148.17,112.41,600.64,3.41,938.97,58.38,505.48
2026-01-14T23:10:00Z,54.08,2228.46,163.20,838.93,35.72,2432.88,159.12,107.08,46.65,2536.69,155.35,240.59,52.56,1890.68,174.34,832.92,230.10,42.05,92.95,207.04,1783.94,3552.26,2.68,150.58,111.38,590.61,3.09,948.36,59.27,492.15
2026-01-14T23:20:00Z,54.30,2229.53,163.98,847.36,35.86,2430.44,158.48,123.57,46.82,2520.16,154.96,241.54,52.26,1891.13,174.36,825.72,232.07,39.64,93.53,206.12,1782.76,3542.63,2.42,149.88,111.77,584.40,2.98,945.27,60.28,484.41
2026-01-14T23:30:00Z,54.49,2217.02,164.36,866.87,36.27,2422.75,158.61,130.56,47.28,2510.02,155.06,259.65,51.68,1907.78,174.58,811.60,234.99,41.16,94.08,214.08,1791.24,3556.17,2.50,149.13,111.98,592.32,3.01,951.28,59.17,492.18
2026-01-14T23:40:00Z,54.43,2218.01,164.21,866.95,36.02,2422.31,159.28,128.87,47.39,2506.45,154.85,267.24,51.59,1906.99,173.75,809.58,235.36,39.85,94.05,211.57,1783.15,3548.35,2.48,149.11,110.71,586.24,2.96,936.56,58.92,493.46
2026-01-14T23:50:00Z,54.44,2200.76,163.45,882.33,36.26,2412.90,159.12,137.20,46.97,2517.26,155.77,246.77,51.53,1920.76,173.34,785.14,234.14,40.30,94.17,213.88,1784.21,3551.93,2.84,149.76,109.75,594.53,2.87,943.72,59.58,487.43
