timestamp,VAR_001,VAR_002,VAR_003,VAR_004,VAR_005,VAR_006,VAR_007,VAR_008,VAR_009,VAR_010,VAR_011,VAR_012,VAR_013,VAR_014,VAR_015,VAR_016,VAR_017,VAR_018,VAR_019,VAR_020,VAR_021,VAR_022,VAR_023,VAR_024,VAR_025,VAR_026,VAR_027,VAR_028,VAR_029,VAR_030
2026-01-01T00:00:00Z,55.07,2208.63,164.14,890.09,45.22,2199.91,165.13,457.57,59.94,2200.82,165.58,722.85,39.83,2201.36,164.47,365.66,255.01,49.95,94.80,227.78,1813.47,3561.24,2.49,150.74,124.89,610.30,2.71,952.33,60.01,500.86
2026-01-01T00:10:00Z,55.31,2197.89,164.17,884.28,44.85,2194.17,164.71,443.40,60.12,2199.79,165.46,721.76,39.85,2205.53,165.17,367.57,249.11,50.51,94.96,225.72,1798.38,3560.66,2.45,149.81,119.44,596.96,2.56,957.49,59.34,491.67
2026-01-01T00:20:00Z,55.10,2187.10,164.29,898.48,45.07,2197.70,165.10,447.50,60.59,2186.76,165.83,726.21,39.42,2219.03,164.92,355.83,249.07,51.58,94.94,226.80,1798.92,3556.47,2.61,153.52,118.88,598.55,3.09,950.02,58.67,491.21
2026-01-01T00:30:00Z,55.01,2195.67,165.36,881.26,44.41,2205.03,164.93,442.46,60.49,2178.41,165.43,728.95,39.37,2214.78,164.83,349.02,254.05,49.60,94.96,230.99,1815.72,3557.66,2.60,149.70,120.70,596.64,3.19,963.42,58.15,494.76
2026-01-01T00:40:00Z,55.00,2198.16,165.16,890.59,44.90,2198.16,164.66,449.37,60.95,2181.55,165.39,742.65,39.31,2216.48,163.97,353.42,253.56,50.65,94.55,227.72,1798.97,3555.84,2.56,151.32,121.65,599.32,2.75,961.57,58.56,494.25
2026-01-01T00:50:00Z,54.88,2200.76,165.39,895.08,44.75,2200.67,164.96,447.81,60.78,2177.80,165.14,759.21,39.51,2215.86,163.98,354.04,256.34,52.46,94.22,229.73,1795.55,3553.13,2.53,150.44,121.74,603.85,2.68,949.11,58.17,487.77
2026-01-01T01:00:00Z,55.09,2202.48,165.76,889.02,44.77,2207.65,164.97,436.19,60.70,2185.04,165.26,758.84,39.74,2204.47,165.09,392.01,257.39,48.78,95.56,229.91,1809.64,3554.63,2.54,151.18,125.06,607.48,3.16,954.53,59.37,499.52
2026-01-01T01:10:00Z,54.53,2215.05,165.32,895.21,44.75,2203.39,165.83,433.58,60.39,2184.53,165.28,748.35,39.50,2205.78,164.88,382.26,254.43,49.36,95.64,231.46,1802.41,3547.35,2.74,151.41,122.26,608.09,2.85,948.36,58.87,502.81
2026-01-01T01:20:00Z,54.71,2208.77,164.78,890.67,44.47,2214.80,165.54,429.66,60.38,2185.85,165.46,714.70,39.62,2207.98,165.21,376.34,256.26,48.29,95.74,229.32,1812.22,3558.30,2.46,148.97,125.31,605.91,3.37,956.47,59.19,513.16
2026-01-01T01:30:00Z,54.85,2204.58,164.97,895.21,44.31,2214.77,164.57,418.35,60.46,2195.62,165.71,722.20,40.04,2196.12,165.40,386.90,251.64,48.97,95.51,223.66,1806.94,3549.01,2.35,149.71,121.41,601.79,3.32,947.67,58.21,498.22
2026-01-01T01:40:00Z,54.73,2204.16,165.21,898.52,44.70,2204.07,164.04,441.02,60.48,2195.41,165.96,738.17,40.23,2190.97,165.10,385.28,256.47,48.59,96.18,230.28,1804.06,3551.32,2.49,149.17,125.69,603.79,3.24,946.53,59.00,513.53
2026-01-01T01:50:00Z,55.14,2207.20,164.90,901.58,44.83,2198.13,165.09,439.76,60.47,2192.47,166.00,738.41,40.64,2174.92,165.76,395.14,246.51,51.54,94.57,220.79,1805.80,3565.89,2.70,152.68,118.18,599.73,2.70,955.48,59.13,507.33
2026-01-01T02:00:00Z,54.89,2204.15,164.74,892.89,44.83,2201.44,164.84,451.75,60.36,2181.83,165.32,735.20,40.95,2179.54,165.88,399.90,252.26,49.50,94.71,228.67,1805.72,3543.19,2.49,150.42,118.00,602.16,2.81,945.11,59.12,498.36
2026-01-01T02:10:00Z,54.89,2203.31,165.21,892.31,44.52,2203.55,164.88,436.89,60.41,2193.20,165.00,745.27,40.95,2179.77,165.53,394.31,248.64,51.85,94.91,220.79,1799.54,3550.85,2.61,150.13,116.44,596.93,3.19,951.60,59.19,494.68
2026-01-01T02:20:00Z,54.80,2197.78,165.64,895.53,44.96,2202.34,164.68,442.75,60.25,2195.21,165.13,745.90,41.08,2177.07,165.21,410.04,252.20,49.68,95.67,226.77,1799.14,3566.03,2.35,149.28,118.27,597.70,2.59,947.04,59.55,
2026-01-01T02:30:00Z,54.79,2206.71,164.65,884.73,44.62,2205.58,164.90,440.47,60.19,2199.83,165.62,730.53,41.15,2176.97,164.81,409.07,254.15,50.47,94.84,228.18,1808.01,3552.24,2.67,149.38,121.08,593.87,3.02,950.11,60.60,495.30
2026-01-01T02:40:00Z,54.82,2193.69,164.71,900.90,44.63,2200.24,164.65,437.32,60.24,2202.70,165.51,733.56,40.98,2170.59,165.67,418.21,255.77,51.84,95.45,230.53,1804.43,3548.28,2.45,149.59,122.42,603.21,2.90,954.11,59.72,511.56
2026-01-01T02:50:00Z,54.52,2211.54,164.54,895.11,44.69,2205.31,163.96,405.59,60.01,2207.96,164.75,726.36,40.95,2159.38,165.84,422.34,253.19,51.42,94.85,225.61,1808.27,3552.48,2.51,149.53,119.65,595.43,3.28,959.01,60.31,495.72
2026-01-01T03:00:00Z,54.76,2209.06,163.70,883.33,44.39,2217.00,164.53,427.25,59.93,2202.25,164.14,723.95,40.80,2170.01,165.87,432.74,249.97,51.92,94.38,226.70,1809.29,3541.55,2.55,149.50,122.05,601.08,3.15,949.12,59.05,504.71
2026-01-01T03:10:00Z,54.97,2203.12,163.82,893.82,44.16,2220.13,164.19,423.23,60.21,2188.61,165.22,742.02,40.77,2183.20,165.52,413.15,256.41,51.60,94.74,232.03,1802.08,3552.16,2.67,149.00,123.17,604.37,3.08,950.50,59.37,496.67
2026-01-01T03:20:00Z,54.99,2192.27,163.98,893.84,44.23,2217.08,164.96,425.86,60.09,2201.54,165.21,721.57,40.36,2192.37,165.97,396.42,251.90,51.58,95.12,227.61,1806.94,3557.24,2.52,149.58,121.31,606.07,2.91,942.65,59.11,504.10
2026-01-01T03:30:00Z,55.12,2197.44,164.74,899.60,44.57,2213.88,165.81,425.94,59.72,2201.77,,728.95,39.83,2200.12,165.27,378.63,248.47,50.90,96.31,225.13,1800.68,3535.28,2.48,149.94,118.89,597.71,3.15,954.49,58.71,516.25
2026-01-01T03:40:00Z,55.43,2199.49,164.36,892.71,44.64,2218.14,165.24,420.16,60.22,2183.41,165.99,728.44,39.53,2200.89,165.05,379.91,249.59,51.87,95.87,225.67,1800.79,3550.52,2.31,150.43,119.52,602.23,2.92,944.39,58.20,504.39
2026-01-01T03:50:00Z,55.80,2182.99,164.27,901.15,44.90,2206.20,164.67,420.90,60.60,2178.25,165.82,741.57,39.40,2218.65,164.70,362.06,252.36,51.99,95.02,222.58,1797.34,3540.66,2.56,149.92,119.98,601.43,3.00,950.42,60.55,498.44
2026-01-01T04:00:00Z,55.21,2183.35,164.84,920.24,44.90,2205.74,164.21,432.86,60.25,2176.72,166.15,745.59,39.24,2213.63,164.91,365.64,249.14,52.68,95.30,222.83,1794.07,3547.71,2.76,149.28,118.00,596.24,2.93,950.28,61.02,495.85
2026-01-01T04:10:00Z,54.46,2199.83,164.50,899.82,44.76,2207.85,164.90,427.87,59.94,2184.45,166.26,740.57,39.52,2209.84,164.60,363.75,253.17,50.89,95.19,229.02,1801.15,3540.37,2.91,151.54,123.01,601.30,3.28,955.66,59.25,501.13
2026-01-01T04:20:00Z,54.29,2210.38,163.80,901.22,44.79,2213.91,165.24,418.71,59.43,2201.74,165.48,728.74,39.61,2203.80,164.57,375.73,251.55,49.30,94.83,228.93,1803.96,3559.28,2.63,151.22,119.71,603.84,2.79,950.79,59.44,506.56
2026-01-01T04:30:00Z,54.22,2208.52,165.01,892.00,45.20,2205.31,164.22,430.21,59.18,2218.86,164.22,720.03,39.56,2208.19,164.58,360.34,253.37,47.39,94.20,228.93,1805.06,3537.66,2.34,150.59,122.64,606.88,3.18,951.83,59.36,497.37
2026-01-01T04:40:00Z,54.55,2200.79,164.67,896.61,45.02,2210.49,163.68,437.61,59.31,2218.41,163.70,695.12,39.99,2203.19,164.72,365.68,245.64,46.33,93.63,222.14,1796.65,3552.02,2.54,149.21,117.22,598.26,2.75,947.32,59.78,495.07
2026-01-01T04:50:00Z,55.01,2205.88,164.55,892.04,45.14,2200.33,164.30,439.02,59.34,2218.04,163.35,701.12,39.93,2199.15,164.85,365.63,243.04,46.75,93.76,219.43,1792.38,3553.01,2.38,150.75,116.68,601.21,2.44,940.51,59.19,516.87
2026-01-01T05:00:00Z,54.90,2199.75,164.37,884.10,45.13,2196.25,164.26,439.66,59.54,2211.25,163.51,705.83,39.72,2210.68,164.29,357.84,244.54,46.02,94.48,217.69,1789.79,3559.47,2.46,151.09,115.13,591.04,3.14,946.69,59.49,489.11
2026-01-01T05:10:00Z,55.12,2203.63,164.61,901.54,45.53,2184.72,165.42,454.28,59.12,2218.97,163.67,698.18,40.22,2211.23,165.45,380.14,250.41,46.37,95.98,224.71,1795.38,3552.57,2.51,149.84,118.60,597.31,2.86,942.40,58.41,492.20
2026-01-01T05:20:00Z,55.22,2197.03,164.94,904.02,45.74,2177.64,165.28,471.52,59.59,2218.05,164.00,704.81,40.09,2204.94,165.17,385.58,249.29,48.37,95.65,223.66,1800.36,3538.58,2.51,147.36,117.49,600.19,3.12,953.60,59.96,504.20
2026-01-01T05:30:00Z,54.70,2211.40,165.08,902.84,45.13,2194.23,165.16,466.20,59.49,2207.97,164.37,712.48,39.96,2204.97,165.74,391.83,246.17,49.91,94.93,219.46,1796.88,3563.94,2.53,150.77,117.57,596.48,3.01,945.73,60.29,509.02
2026-01-01T05:40:00Z,54.65,2212.85,164.96,894.23,45.21,2191.91,165.47,467.00,59.68,2215.81,164.59,709.21,40.00,2197.65,165.64,384.55,253.29,50.65,94.20,227.42,1802.78,3536.27,2.46,149.71,118.03,597.40,3.34,953.27,60.83,492.52
2026-01-01T05:50:00Z,54.04,2223.55,165.04,888.72,44.89,2203.69,165.18,438.71,59.79,2210.57,164.57,706.72,39.95,2208.24,165.13,372.15,253.69,49.84,93.94,229.10,1808.74,3560.11,2.65,149.13,122.13,596.21,3.05,958.65,60.60,502.38
2026-01-01T06:00:00Z,53.84,2228.59,165.07,880.90,44.77,2199.88,165.86,452.76,60.23,2205.40,164.85,716.55,39.92,2193.58,164.76,367.62,248.03,49.19,94.85,224.52,1792.05,3543.24,2.68,148.61,121.01,600.14,2.84,950.25,60.49,508.64
2026-01-01T06:10:00Z,53.92,2230.50,164.46,874.36,44.81,2194.98,164.77,456.87,60.68,2190.27,164.54,719.08,40.49,2192.35,164.64,383.91,250.72,51.13,94.64,227.34,1803.30,3566.14,2.39,149.95,121.69,606.44,3.33,952.92,60.46,511.26
2026-01-01T06:20:00Z,53.84,2234.41,163.67,862.26,44.72,2201.09,165.01,455.00,60.37,2184.57,165.42,726.60,40.20,2194.58,165.52,383.67,252.01,51.18,94.64,229.76,1804.31,3538.18,2.67,150.09,120.86,600.74,2.96,954.77,60.67,504.09
2026-01-01T06:30:00Z,53.89,2231.14,163.69,860.11,44.45,2215.04,164.78,427.17,60.38,2185.94,165.25,733.16,40.75,2188.23,165.06,399.46,245.68,49.45,94.51,221.60,1797.87,3557.03,2.58,148.80,119.50,591.58,3.33,952.99,60.36,501.26
2026-01-01T06:40:00Z,53.69,2231.15,164.23,854.70,44.40,2218.10,164.61,422.97,59.82,2196.28,165.64,718.71,40.90,2171.76,165.53,408.11,248.23,50.81,94.80,220.49,1803.97,3556.09,2.26,150.22,119.22,594.70,3.23,949.62,59.48,489.45
2026-01-01T06:50:00Z,53.99,2221.27,164.36,862.57,44.24,2220.51,164.66,422.01,59.61,2204.08,165.28,711.83,40.91,2173.03,165.09,421.99,245.67,49.14,94.24,221.69,1786.97,3554.42,2.25,150.52,117.07,593.61,2.89,943.84,59.96,495.95
2026-01-01T07:00:00Z,54.22,2216.87,163.88,866.29,44.36,2221.77,164.64,414.69,59.49,2208.83,165.21,703.65,40.67,2182.13,164.86,401.74,245.69,48.58,95.14,222.81,1805.73,3547.27,2.32,148.19,118.79,595.97,2.90,951.77,58.81,509.51
2026-01-01T07:10:00Z,54.18,2213.31,163.47,855.55,44.31,2224.55,163.82,421.29,59.29,2204.36,164.33,703.02,40.28,2187.22,165.22,391.15,244.68,49.08,95.10,224.95,1799.97,3544.29,2.55,150.19,117.73,595.74,3.05,942.46,59.57,495.48
2026-01-01T07:20:00Z,54.00,2229.01,164.16,863.95,44.59,2225.65,163.44,424.88,59.46,2215.43,164.69,691.05,40.29,2197.05,165.82,386.30,241.84,49.17,94.58,221.04,1797.53,3535.10,2.28,151.47,117.58,596.66,2.96,952.61,57.71,494.65
2026-01-01T07:30:00Z,54.24,2213.20,164.55,874.40,44.29,2211.50,163.89,423.49,59.76,2200.10,165.31,700.37,40.20,2208.78,165.82,387.00,246.80,48.66,94.32,222.68,1798.32,3552.61,2.40,150.03,119.85,599.69,3.46,950.79,59.45,492.39
2026-01-01T07:40:00Z,54.31,2212.47,165.24,873.18,44.28,2212.35,163.76,423.50,59.87,2202.00,165.79,707.79,39.80,2203.56,165.34,376.64,246.05,49.63,95.17,222.06,1792.16,3552.41,2.75,151.36,117.80,596.95,2.85,945.79,60.17,502.54
2026-01-01T07:50:00Z,54.21,2213.96,165.06,864.32,44.89,2214.85,164.48,439.51,59.14,2212.94,165.00,694.09,39.46,2211.07,165.09,375.69,251.39,49.26,94.60,228.94,1796.87,3540.48,2.51,148.88,122.51,604.39,3.05,946.15,60.22,496.92
2026-01-01T08:00:00Z,54.13,2210.70,164.61,871.64,44.95,2200.21,164.79,443.55,59.20,2218.81,164.63,702.07,39.80,2206.89,165.65,373.37,249.79,50.09,94.97,220.88,1798.44,3547.97,2.29,151.49,119.76,591.24,2.59,956.27,59.16,493.16
2026-01-01T08:10:00Z,54.44,2209.37,164.01,,45.25,2200.26,164.48,453.32,59.20,2221.77,164.25,692.56,39.60,2204.94,164.86,368.61,254.15,50.14,93.74,234.40,1822.11,3546.56,2.56,150.03,121.15,598.49,3.10,955.33,60.22,497.82
2026-01-01T08:20:00Z,54.13,2210.30,164.36,882.24,45.28,2190.31,165.08,449.87,58.94,2219.06,164.28,697.39,39.65,2199.45,164.69,363.41,248.60,48.77,94.87,225.88,1800.42,3542.09,2.41,149.55,119.20,603.38,3.16,950.14,60.92,499.21
2026-01-01T08:30:00Z,54.52,2219.47,164.57,863.65,45.16,2194.56,164.31,446.89,58.90,2229.22,164.61,697.71,40.04,2191.72,163.86,370.65,243.85,47.05,94.48,219.41,1797.64,3551.33,2.51,149.78,115.57,593.40,3.08,944.04,60.18,493.08
2026-01-01T08:40:00Z,54.19,2242.09,163.88,857.87,45.21,2183.58,165.39,475.26,58.78,2224.88,164.13,686.03,40.36,2184.11,164.24,380.85,249.16,47.76,94.71,223.89,1801.19,3553.28,2.57,150.84,119.23,595.51,3.40,947.51,60.45,492.66
2026-01-01T08:50:00Z,54.02,2225.87,164.34,865.84,44.91,2193.29,166.26,473.50,59.05,2231.48,163.65,681.43,40.51,2179.47,164.67,393.11,252.70,49.00,94.13,226.09,1795.86,3550.88,2.39,149.08,120.49,598.21,3.22,946.70,60.59,489.98
2026-01-01T09:00:00Z,54.04,2227.01,164.56,872.82,44.75,2201.51,165.45,453.52,59.02,2217.79,163.28,699.59,40.65,2186.23,164.81,390.75,247.77,49.37,94.43,223.89,1803.67,3548.03,2.42,149.50,119.47,597.60,2.88,956.48,59.81,507.48
2026-01-01T09:10:00Z,53.79,2229.09,164.37,858.43,45.36,2197.36,165.04,435.03,59.12,2225.85,164.10,701.66,40.89,2175.26,165.12,392.28,249.06,48.01,95.21,221.98,1792.56,3550.66,2.34,150.70,120.18,604.99,3.21,948.39,59.89,499.15
2026-01-01T09:20:00Z,54.22,2222.67,165.22,880.25,44.99,2205.72,165.62,430.36,59.16,2218.88,164.20,687.30,40.97,2176.40,165.64,398.66,244.07,48.91,94.71,219.49,1792.92,3546.39,2.75,149.76,116.62,599.40,3.12,942.11,59.70,494.62
2026-01-01T09:30:00Z,54.36,2213.43,163.81,869.35,44.60,2202.87,164.55,433.72,59.49,2216.39,164.33,706.97,40.98,2168.09,165.07,407.43,248.68,50.61,93.99,221.19,1802.98,3557.24,2.87,150.65,119.56,599.98,2.96,953.60,59.58,494.24
2026-01-01T09:40:00Z,54.48,2199.86,163.83,889.13,44.75,2206.16,165.01,439.32,59.35,2210.04,164.71,702.21,41.13,2167.47,165.85,406.85,248.31,48.49,94.21,220.91,1799.94,3552.14,2.40,149.79,120.40,599.91,2.97,952.62,59.59,494.90
2026-01-01T09:50:00Z,54.17,2223.83,163.91,880.51,45.03,2208.23,165.53,425.77,59.64,2195.80,164.46,711.59,40.98,2181.57,166.02,403.75,248.34,50.33,94.78,225.88,1798.20,3561.27,2.66,151.26,118.21,596.31,2.88,944.79,59.61,495.54
2026-01-01T10:00:00Z,53.87,2231.46,164.66,880.13,45.35,2198.34,165.08,448.96,60.13,2191.45,164.71,714.69,41.14,2174.30,165.02,400.52,252.48,50.94,94.07,226.53,1797.91,3566.31,2.67,152.15,122.75,611.33,3.20,948.88,57.91,509.47
2026-01-01T10:10:00Z,54.48,2217.18,164.59,880.14,45.22,2194.84,165.10,459.78,60.44,2189.50,164.75,706.08,41.25,2165.52,165.54,414.97,253.06,51.72,94.52,229.04,1794.76,3548.81,2.27,149.23,122.86,610.46,3.30,942.86,58.56,508.13
2026-01-01T10:20:00Z,54.43,2212.12,164.92,885.16,45.21,2199.42,165.80,458.22,60.62,2185.07,164.85,723.63,40.97,2164.06,165.77,422.51,251.34,52.40,93.80,226.14,1796.79,3548.01,2.75,151.43,120.09,605.41,3.02,950.50,60.01,512.50
2026-01-01T10:30:00Z,54.25,2212.24,164.55,872.96,44.84,2200.06,165.73,453.86,60.60,2172.79,165.38,744.35,40.89,2169.91,165.70,417.20,248.29,51.16,94.25,222.95,1803.28,3545.43,2.58,150.39,118.58,597.42,2.64,951.16,59.12,500.01
2026-01-01T10:40:00Z,54.21,2217.36,164.54,859.15,44.81,2196.96,164.83,456.64,60.51,2180.66,165.53,741.87,41.43,2165.96,166.35,440.32,253.77,51.31,94.82,225.01,1799.60,3561.42,2.11,151.73,119.65,605.01,3.16,947.65,59.07,495.95
2026-01-01T10:50:00Z,53.89,2221.42,164.57,859.22,44.52,2204.28,164.60,446.71,60.53,2184.28,166.01,737.66,41.06,2168.38,165.94,433.49,250.95,51.72,95.74,224.62,1806.14,3561.06,2.30,151.11,120.67,600.33,3.03,954.85,60.65,501.96
2026-01-01T11:00:00Z,53.93,2222.88,163.99,861.45,44.56,2212.48,164.62,441.82,60.30,2189.08,165.12,740.58,40.87,2181.66,165.53,417.70,250.19,51.61,95.12,223.98,1800.72,3549.11,2.79,149.34,121.88,599.30,2.79,952.43,62.21,496.96
2026-01-01T11:10:00Z,53.77,2218.32,164.47,859.77,44.73,2213.79,164.24,438.87,60.41,2185.37,164.51,735.28,41.10,2172.19,165.65,428.51,251.94,51.60,95.19,229.51,1800.19,3563.69,2.73,151.16,121.40,604.63,2.87,945.27,61.47,500.94
2026-01-01T11:20:00Z,53.86,2214.80,164.13,855.94,44.89,2203.16,164.54,443.73,60.98,2173.55,166.31,769.04,40.86,2176.53,165.52,415.95,255.09,50.37,95.21,227.65,1801.02,3542.62,2.50,151.06,121.86,602.27,3.22,949.98,61.69,490.57
2026-01-01T11:30:00Z,53.74,2229.31,163.97,851.15,45.02,2204.71,164.61,455.02,60.81,2179.05,166.35,755.34,40.97,2170.00,165.06,410.31,252.43,52.63,95.80,226.59,1801.37,3545.15,2.54,149.33,120.90,596.52,3.22,948.19,60.69,495.60
2026-01-01T11:40:00Z,54.28,2225.02,164.00,871.50,45.04,2195.13,164.64,457.76,60.76,2179.49,165.90,743.93,40.64,2172.33,164.96,403.81,251.44,51.60,95.29,226.20,1800.03,3543.70,2.54,149.85,121.59,596.38,3.15,941.78,60.62,498.79
2026-01-01T11:50:00Z,54.41,2222.01,163.96,858.24,45.01,2203.89,165.08,446.91,60.02,2184.24,166.25,739.50,40.82,2169.46,164.84,418.49,253.41,51.58,94.99,227.85,1802.99,3554.90,2.35,150.13,122.12,597.50,3.06,950.10,60.11,497.69
2026-01-01T12:00:00Z,54.56,2227.12,163.91,872.58,45.10,2200.68,164.80,464.45,59.96,2193.70,165.65,737.86,41.10,2169.31,164.69,420.10,251.75,51.53,95.12,227.84,1798.48,3554.03,2.62,149.52,120.90,598.89,3.32,948.77,57.87,499.03
2026-01-01T12:10:00Z,54.84,2215.45,163.98,883.26,45.17,2182.85,165.35,453.80,60.16,2196.00,165.51,741.04,40.68,2188.73,165.29,399.15,250.84,50.61,94.41,223.33,1796.45,3549.24,2.64,151.25,118.78,593.64,2.96,949.96,59.59,495.08
2026-01-01T12:20:00Z,54.72,2214.09,164.56,887.62,44.86,2197.62,165.23,449.95,60.08,2199.26,165.11,725.74,40.49,2191.41,165.40,394.44,255.86,48.86,95.37,229.92,1808.90,3553.79,2.59,150.81,122.39,602.93,2.81,956.12,59.56,502.58
2026-01-01T12:30:00Z,54.73,2214.21,164.19,878.81,44.91,2203.10,165.95,441.51,59.91,2208.36,164.73,721.49,40.23,2202.56,164.58,402.17,253.90,50.17,95.46,228.07,1814.24,3541.89,2.64,149.82,121.36,597.26,2.87,955.75,58.88,505.56
2026-01-01T12:40:00Z,54.65,2212.82,164.10,871.87,44.55,2205.41,164.88,421.01,59.53,2212.63,164.85,705.95,40.06,2189.74,164.57,397.54,245.70,49.56,95.15,224.06,1790.39,3546.94,2.92,151.21,116.34,596.14,2.55,944.82,58.98,489.90
2026-01-01T12:50:00Z,54.72,2203.79,164.15,889.99,44.51,2207.65,164.15,429.76,59.33,2221.90,165.25,721.36,39.95,2191.27,163.87,391.68,247.37,49.68,94.85,225.02,1798.72,3539.53,2.38,149.28,116.68,600.37,2.80,946.87,59.38,501.40
2026-01-01T13:00:00Z,54.94,2206.17,164.49,896.18,44.66,2206.97,164.80,431.03,59.44,2223.75,164.98,698.86,39.88,2193.40,165.15,382.51,252.08,50.97,94.43,224.46,1812.44,3561.78,2.53,150.98,122.07,606.81,3.14,955.47,59.39,507.60
2026-01-01T13:10:00Z,54.78,2200.88,164.91,906.63,44.78,2213.62,165.04,424.24,59.59,2225.36,164.63,697.86,40.29,2200.28,165.47,386.50,247.53,50.38,95.12,220.92,1790.81,3543.08,2.36,148.91,117.09,602.82,2.73,940.47,59.42,497.41
2026-01-01T13:20:00Z,54.71,2203.05,165.13,902.30,44.74,,164.34,426.94,59.49,2219.43,164.73,693.70,40.02,2192.85,163.73,364.95,243.87,49.10,95.18,220.83,1796.62,3547.47,2.49,150.02,118.74,604.05,3.23,947.24,58.46,503.53
2026-01-01T13:30:00Z,54.31,2217.37,164.93,885.55,45.17,2204.59,164.85,436.71,59.37,2216.43,164.66,682.68,40.05,2188.82,164.49,379.84,246.47,46.69,94.39,224.59,1802.30,3562.31,2.09,149.40,120.49,605.11,3.00,947.79,60.13,504.06
2026-01-01T13:40:00Z,54.08,2229.78,164.95,850.33,45.19,2194.63,164.44,450.91,59.16,2226.73,164.27,681.23,40.16,2196.28,164.91,383.40,244.62,48.29,94.16,219.73,1791.20,3548.12,2.47,151.84,119.56,598.93,3.42,951.38,60.37,486.03
2026-01-01T13:50:00Z,54.63,2216.96,165.32,877.07,45.18,2204.59,164.19,456.90,59.08,2218.31,164.09,680.30,39.92,2203.16,164.23,368.83,248.85,49.27,94.21,228.59,1811.54,3536.67,2.52,149.91,119.79,593.33,2.97,951.37,59.92,489.82
2026-01-01T14:00:00Z,54.93,2210.72,165.43,885.85,45.22,2203.15,164.35,457.75,58.84,2221.11,164.13,674.99,39.89,2201.24,165.07,384.31,246.63,49.32,94.87,220.29,1796.82,3570.15,2.61,151.83,119.79,604.01,3.25,956.22,59.75,511.86
2026-01-01T14:10:00Z,54.93,2211.09,165.00,892.40,45.04,2203.79,164.41,451.07,58.68,2220.52,164.24,687.52,40.01,2203.48,164.99,380.59,245.65,47.19,95.35,220.93,1797.85,3552.07,2.32,151.11,118.86,600.72,3.08,947.45,60.05,490.65
2026-01-01T14:20:00Z,55.46,2211.51,165.41,902.47,45.40,2196.00,164.88,443.61,58.64,2226.06,164.46,672.08,40.08,2198.22,165.51,392.43,244.58,47.57,95.62,219.72,1798.56,3554.11,2.67,150.71,115.63,591.54,3.06,943.25,60.69,486.05
2026-01-01T14:30:00Z,55.34,2206.32,165.05,888.86,45.35,2195.01,164.52,467.69,58.59,2231.66,164.15,661.53,39.40,2205.40,165.36,397.49,250.82,50.20,94.81,224.95,1791.93,3544.45,2.76,149.32,120.97,601.32,3.00,947.10,61.57,504.98
2026-01-01T14:40:00Z,54.97,2202.56,164.87,885.02,45.31,2191.03,164.67,453.96,58.62,2238.40,163.95,659.56,39.54,2202.13,165.49,375.07,250.33,47.77,95.54,226.55,1791.70,3548.05,2.56,150.03,118.66,600.15,2.87,943.67,60.64,490.27
2026-01-01T14:50:00Z,55.26,2203.50,164.63,892.21,45.58,2185.56,164.36,464.90,58.76,2236.71,163.63,666.98,39.89,2195.81,165.50,392.24,248.97,48.98,94.97,221.53,1799.83,3557.80,2.40,151.06,118.18,596.25,3.00,951.78,59.17,492.69
2026-01-01T15:00:00Z,55.29,2204.14,165.16,912.61,45.56,2192.56,164.95,461.73,59.27,2220.70,163.46,662.90,39.88,2193.93,165.66,383.51,248.27,48.26,95.36,224.35,1798.42,3532.76,2.65,151.27,122.83,602.24,3.20,951.09,59.26,513.14
2026-01-01T15:10:00Z,55.13,2206.48,165.20,910.53,45.34,2189.95,164.72,456.02,59.06,2218.57,163.54,677.24,40.23,2188.25,165.45,387.92,246.91,49.42,94.55,225.37,1792.47,3564.08,2.75,150.22,119.87,594.60,3.20,949.22,59.62,502.64
2026-01-01T15:20:00Z,55.91,2196.41,165.07,913.89,45.79,2178.04,164.84,455.48,58.64,2239.57,163.92,675.57,40.52,2195.72,165.66,399.41,241.49,50.88,94.77,218.89,1802.46,3544.29,2.44,148.36,115.25,597.20,3.12,952.45,60.03,489.95
2026-01-01T15:30:00Z,55.95,2187.28,165.24,911.97,45.12,2185.92,165.36,460.57,58.69,2238.47,164.56,679.22,40.68,2179.93,165.89,417.54,246.56,51.10,94.97,223.78,1797.67,3538.01,2.49,152.79,119.78,600.52,2.68,950.80,59.99,507.10
2026-01-01T15:40:00Z,55.95,2177.57,165.55,937.40,45.25,2190.32,164.98,464.34,58.51,2231.41,164.13,669.84,40.66,2180.88,166.26,427.28,248.61,51.26,95.83,221.64,1798.20,3548.84,2.41,150.11,116.82,592.85,2.96,949.70,59.78,490.91
2026-01-01T15:50:00Z,55.94,2180.74,166.40,930.78,45.57,2189.32,165.49,466.25,58.32,2241.80,164.20,671.15,40.74,2184.33,165.74,423.08,247.00,49.46,95.97,216.51,1787.81,3551.50,2.34,149.59,120.01,597.55,2.90,945.53,59.53,501.87
2026-01-01T16:00:00Z,56.23,2167.44,166.75,960.95,45.13,2191.96,165.58,483.68,58.70,2241.44,164.81,667.82,40.77,2181.11,165.77,420.75,254.35,48.80,95.12,231.94,1803.82,3552.80,2.28,149.10,121.10,592.94,3.31,953.00,60.78,491.85
2026-01-01T16:10:00Z,56.02,2170.12,166.48,966.63,44.90,2198.46,165.43,463.05,58.78,2239.05,164.39,668.98,40.88,2177.24,166.30,424.94,259.00,49.01,95.21,233.47,1801.08,3534.72,2.57,147.79,126.94,600.52,2.67,957.35,60.11,502.11
2026-01-01T16:20:00Z,55.93,2177.19,167.16,960.36,45.07,2183.53,165.12,460.03,59.22,2225.54,164.10,691.21,40.89,2185.39,166.34,418.72,255.42,49.73,95.15,225.04,1798.84,3557.56,2.90,150.05,124.70,606.74,3.46,944.43,60.23,513.01
2026-01-01T16:30:00Z,56.01,2174.45,166.26,948.04,45.22,2189.68,165.08,463.21,59.17,2214.43,164.06,699.64,40.83,2186.23,166.17,417.26,254.63,50.68,94.58,231.30,1804.48,3566.31,2.39,150.41,121.65,601.45,2.60,953.27,59.45,493.73
2026-01-01T16:40:00Z,56.01,2176.63,165.81,945.08,44.95,2209.99,165.22,457.05,58.92,2228.82,163.82,673.67,41.07,2182.91,165.56,407.29,259.88,51.23,95.35,237.51,1813.28,3552.04,2.53,150.80,124.16,598.94,2.98,953.53,59.74,503.48
2026-01-01T16:50:00Z,56.27,2174.01,165.66,945.53,44.79,2212.07,165.62,444.12,58.84,2226.57,164.07,681.93,40.99,2180.73,165.32,413.10,252.21,51.80,95.11,226.25,1800.00,3545.08,2.62,149.27,120.00,601.05,2.86,950.63,59.84,502.96
2026-01-01T17:00:00Z,56.21,2162.53,166.05,953.09,44.15,2213.40,164.80,426.18,59.15,2214.09,164.37,679.72,41.13,2170.30,165.29,423.80,257.56,52.46,94.96,229.51,1799.38,3561.64,2.43,148.98,125.62,611.36,3.27,959.90,61.34,507.19
2026-01-01T17:10:00Z,56.33,2169.47,166.07,957.77,44.55,2211.99,164.46,432.94,59.66,2203.68,164.68,702.74,40.90,2177.90,165.95,416.24,258.51,50.32,94.63,230.96,1807.50,3542.76,2.63,151.00,124.44,595.86,3.23,951.41,61.28,499.61
2026-01-01T17:20:00Z,56.04,2170.90,166.16,941.81,44.23,2217.10,164.65,434.80,59.89,2209.61,164.59,706.22,41.02,2172.37,166.51,418.03,260.55,49.45,95.88,234.96,1812.69,3547.88,2.27,150.17,127.74,613.96,3.36,964.43,59.36,515.09
2026-01-01T17:30:00Z,55.96,2180.14,165.71,933.35,44.38,2226.99,163.92,426.60,60.21,2192.52,164.70,712.89,40.86,2182.66,166.78,423.11,256.13,49.98,95.85,234.06,1805.07,3553.15,2.18,150.72,122.73,600.20,3.11,948.29,59.46,497.84
2026-01-01T17:40:00Z,56.15,2175.92,165.53,931.29,44.64,2210.41,164.44,428.61,60.52,2183.03,164.59,724.63,40.70,2184.83,165.58,394.59,256.02,48.93,95.26,229.00,1804.07,3548.64,2.55,148.34,126.31,608.06,2.84,947.70,60.38,506.70
2026-01-01T17:50:00Z,56.16,2168.08,165.63,948.53,44.44,2215.22,164.72,425.41,60.13,2193.16,164.53,729.49,40.91,2184.61,164.76,392.80,250.75,51.16,94.78,224.61,1800.90,3552.26,2.72,149.95,121.13,598.97,2.90,942.26,60.06,502.44
2026-01-01T18:00:00Z,56.16,2157.05,165.19,954.64,44.17,2213.32,163.98,420.21,59.64,2185.50,165.24,726.07,40.81,2182.70,164.55,397.05,253.52,52.85,94.92,230.60,1794.61,3553.79,2.42,148.97,123.38,597.73,3.09,945.53,60.32,499.99
2026-01-01T18:10:00Z,56.08,2177.58,165.29,945.26,44.12,2213.66,164.48,428.72,59.65,2194.34,164.81,723.55,40.76,2186.71,164.66,405.36,255.65,50.77,95.08,229.82,1800.93,3557.24,2.61,149.43,122.67,604.48,3.07,948.74,60.42,509.44
2026-01-01T18:20:00Z,55.53,2177.59,165.52,928.50,44.07,2209.26,164.45,416.47,59.82,2208.01,164.95,723.78,40.73,2180.09,164.64,407.07,253.14,50.13,94.48,225.96,1807.41,3532.96,2.50,149.92,122.02,606.10,3.18,954.02,60.54,501.50
2026-01-01T18:30:00Z,55.35,2178.30,166.13,925.05,44.04,2220.70,164.67,409.43,60.06,2211.94,165.26,716.31,40.65,2174.32,165.73,399.57,254.02,50.04,95.26,227.52,1813.90,3557.34,2.65,149.79,122.33,609.19,3.22,961.73,60.00,505.40
2026-01-01T18:40:00Z,55.09,2196.49,166.06,930.44,44.08,2229.52,165.08,435.78,59.87,2199.29,165.30,729.38,40.40,2186.61,165.33,389.42,255.30,51.89,94.97,228.53,1796.61,3543.79,2.49,151.20,124.49,611.11,3.25,952.21,60.26,510.88
2026-01-01T18:50:00Z,55.21,2197.88,166.02,919.82,43.96,2226.85,164.44,422.19,60.16,2199.04,166.16,731.36,,2189.43,164.43,383.54,254.60,49.48,95.19,229.84,1803.13,3537.21,2.62,150.23,122.83,615.29,2.94,955.85,60.56,514.41
2026-01-01T19:00:00Z,55.40,2194.33,165.36,917.73,44.00,2223.03,164.29,419.18,60.37,2186.93,166.08,737.21,40.03,2198.47,164.64,385.15,252.88,49.13,94.09,230.58,1809.86,3548.92,2.66,148.63,119.85,594.07,3.23,958.95,62.16,500.42
2026-01-01T19:10:00Z,55.52,2195.14,164.82,903.14,43.98,2221.04,164.53,412.59,60.73,2185.50,164.94,751.61,40.41,2203.05,165.21,391.49,253.66,49.92,94.20,231.16,1797.57,3544.02,2.34,149.26,124.04,604.02,2.87,952.92,60.95,500.66
2026-01-01T19:20:00Z,55.40,2188.25,165.43,902.45,43.68,2235.87,163.69,384.66,61.03,2181.65,166.02,760.08,40.70,2181.08,165.58,406.92,252.04,53.18,94.99,227.28,1797.82,3544.95,2.53,150.98,121.54,597.71,3.14,945.49,61.14,502.94
2026-01-01T19:30:00Z,55.31,2188.35,165.48,899.40,43.85,2231.58,163.38,387.12,60.88,2186.23,166.44,755.95,40.89,2177.38,165.73,414.71,247.34,52.09,94.66,221.06,1789.48,3543.01,2.70,150.86,118.91,602.29,3.25,935.68,60.21,508.87
2026-01-01T19:40:00Z,55.27,2189.50,165.51,908.09,43.83,2220.85,164.12,409.30,61.05,2191.47,166.23,743.54,40.92,2167.81,166.06,423.35,255.09,50.37,94.24,227.76,1804.17,3538.84,2.60,149.67,120.70,600.88,3.45,954.90,60.63,494.85
2026-01-01T19:50:00Z,54.70,2199.65,165.79,906.07,43.87,2222.19,164.45,403.47,61.22,2173.50,166.51,735.33,41.24,2163.39,166.97,422.61,255.80,50.12,95.25,231.75,1797.97,3545.89,2.44,151.38,124.42,600.45,3.26,946.75,60.64,508.36
2026-01-01T20:00:00Z,54.65,2210.41,164.25,885.69,43.56,2218.30,164.16,395.01,61.11,2175.48,166.33,740.71,40.84,2168.89,166.60,408.25,253.05,49.03,95.75,224.76,1799.54,3548.21,2.64,151.14,122.30,609.09,3.09,952.55,60.31,518.75
2026-01-01T20:10:00Z,54.59,2205.58,164.40,887.29,43.67,2224.66,163.70,410.80,61.32,2162.94,165.85,749.77,40.90,2163.61,166.70,412.16,254.18,49.08,96.74,227.29,1807.72,3546.11,2.62,150.06,120.19,595.44,3.26,948.38,61.29,491.40
2026-01-01T20:20:00Z,54.36,2203.73,164.30,876.19,43.84,2211.91,164.24,414.46,61.19,2163.80,166.28,762.69,40.66,2179.93,166.03,405.11,249.94,49.16,95.55,227.69,1804.94,3552.60,2.48,150.39,121.86,599.95,2.88,948.52,60.02,497.47
2026-01-01T20:30:00Z,54.44,2204.75,164.73,882.36,44.17,2220.13,164.46,409.16,61.28,2168.66,166.44,765.46,40.52,2187.45,165.24,401.76,255.82,49.62,95.41,230.21,1799.74,3545.76,2.68,149.13,120.17,593.23,2.93,946.66,61.67,487.30
2026-01-01T20:40:00Z,54.23,2218.30,165.47,874.28,44.32,2213.03,164.04,421.73,61.73,2165.02,166.71,773.93,40.63,2184.31,165.30,411.65,254.38,50.15,94.90,225.92,1797.16,3555.56,2.66,150.84,120.99,590.73,3.05,942.88,62.04,488.91
2026-01-01T20:50:00Z,54.43,2221.34,165.11,872.86,44.77,2212.19,164.03,419.78,61.67,2165.56,166.67,765.44,40.56,2185.77,164.92,401.26,249.41,48.87,95.03,221.81,1795.24,3549.06,2.57,149.73,120.00,596.70,3.29,951.14,,499.65
2026-01-01T21:00:00Z,54.31,2213.16,164.72,871.36,44.44,2220.09,163.76,403.33,61.82,2166.05,166.10,783.19,40.50,2181.04,165.12,411.43,248.89,49.42,95.67,224.09,1795.43,3531.14,2.45,151.14,120.58,598.60,2.75,950.72,59.60,498.60
2026-01-01T21:10:00Z,54.43,2225.02,164.83,873.52,44.62,2202.62,163.47,433.34,62.01,2156.10,166.04,778.70,40.58,2184.84,164.85,404.82,250.00,50.66,95.14,224.24,1791.37,3537.45,2.46,150.66,119.05,596.58,2.78,943.08,59.25,501.20
2026-01-01T21:20:00Z,54.44,2218.73,164.95,875.26,44.62,2200.36,163.96,440.41,61.85,2142.45,166.19,778.81,40.44,2194.44,165.65,403.26,254.67,48.82,95.52,231.12,1815.83,3548.61,2.56,150.31,124.11,605.48,3.26,958.94,58.90,508.89
2026-01-01T21:30:00Z,54.73,2207.37,164.13,854.46,44.21,2213.77,164.49,429.51,61.81,2140.11,166.67,784.42,40.17,2194.84,165.35,383.17,255.06,47.65,95.08,228.76,1802.47,3541.34,2.67,152.05,120.41,591.66,2.98,946.65,59.12,496.60
2026-01-01T21:40:00Z,54.65,2208.35,164.35,869.55,44.40,2227.16,164.78,419.04,61.65,2151.82,166.50,790.94,40.07,2189.84,164.64,393.09,252.39,50.55,95.40,229.73,1809.32,3542.28,2.61,148.90,118.86,604.75,2.81,954.28,60.28,498.68
2026-01-01T21:50:00Z,54.33,2214.31,164.36,869.36,44.48,2220.76,164.36,419.14,61.66,2161.10,166.19,783.20,40.13,2204.91,164.41,384.26,249.09,50.44,95.65,227.39,1802.48,3552.35,2.43,149.81,119.25,598.28,2.94,950.64,60.14,502.40
2026-01-01T22:00:00Z,54.69,2208.26,164.43,877.57,44.43,2208.11,164.61,425.94,60.83,2177.90,165.91,770.09,40.28,2190.58,164.11,392.09,251.93,51.98,95.18,229.94,1808.79,3545.16,2.42,149.60,120.43,601.78,3.12,961.97,59.32,501.25
2026-01-01T22:10:00Z,54.77,2208.91,164.52,872.69,44.89,2207.48,164.60,430.34,60.66,2181.65,165.26,745.45,40.61,2180.77,164.29,392.55,249.89,51.16,94.64,224.63,1791.54,3554.56,2.36,150.91,119.81,593.01,2.97,944.06,60.18,499.50
2026-01-01T22:20:00Z,54.84,2217.80,165.32,875.26,44.76,2208.74,163.93,431.34,60.51,2183.53,165.50,754.77,40.50,2179.96,164.97,394.79,248.81,49.89,95.12,222.27,1800.33,3545.73,2.40,148.40,117.16,600.22,2.81,950.59,59.52,498.63
2026-01-01T22:30:00Z,54.77,2215.80,164.29,876.39,44.99,2196.63,163.95,441.68,60.44,2183.40,165.94,748.96,40.31,2193.80,164.48,388.25,253.81,52.63,95.18,228.46,1812.69,3561.16,2.47,150.49,122.01,604.02,3.19,957.27,60.98,502.41
2026-01-01T22:40:00Z,54.39,2214.28,163.71,861.88,45.15,2188.68,164.54,446.15,60.17,2181.77,165.79,741.93,40.05,2192.55,165.06,387.74,253.32,51.39,95.31,227.99,1803.21,3563.91,2.44,151.11,120.10,597.64,2.99,950.10,61.08,500.75
2026-01-01T22:50:00Z,54.68,2198.77,164.86,866.64,45.08,2202.30,165.68,454.31,59.99,2190.76,165.61,730.93,40.23,2195.71,165.00,401.11,257.32,50.07,95.50,229.18,1791.19,3542.85,2.28,149.11,123.84,594.42,2.79,946.73,60.29,494.80
2026-01-01T23:00:00Z,54.77,2204.46,163.60,862.54,45.00,2197.05,166.20,445.17,59.95,2196.90,165.13,729.12,40.53,2195.22,165.04,398.41,255.59,49.31,94.60,233.40,1819.48,3547.68,2.37,148.15,121.79,602.17,2.96,951.65,60.48,505.63
2026-01-01T23:10:00Z,54.78,2213.39,164.23,876.74,45.33,2189.57,165.11,448.48,59.98,2191.53,165.35,736.25,40.30,2188.83,165.27,412.77,255.33,48.88,95.91,229.36,1807.35,3548.93,2.46,149.90,123.19,599.48,2.77,952.48,59.36,505.24
2026-01-01T23:20:00Z,55.10,2218.43,163.99,880.02,45.30,2190.51,165.65,457.81,59.83,2206.54,165.71,723.67,40.30,2197.72,165.03,394.13,250.24,49.50,95.33,223.38,1795.53,3553.95,2.54,150.51,119.16,597.67,3.13,949.63,59.71,504.49
2026-01-01T23:30:00Z,55.00,2209.72,164.35,890.98,45.34,2187.65,165.18,434.92,60.01,2196.55,164.67,720.58,40.19,2203.57,164.85,380.18,249.01,49.12,95.32,222.01,1793.03,3544.01,2.44,150.63,116.28,592.10,3.00,947.32,60.95,502.00
2026-01-01T23:40:00Z,55.16,2200.59,164.27,886.42,45.52,2196.59,165.47,440.97,59.61,2205.30,164.60,720.91,40.10,2208.19,165.13,381.10,249.95,48.34,94.68,223.04,1796.76,3551.79,2.56,150.62,119.47,602.39,2.97,954.10,60.33,508.37
2026-01-01T23:50:00Z,55.31,2191.33,163.91,881.25,45.36,2195.27,165.46,463.11,59.31,2200.29,164.57,713.18,40.15,2203.40,165.54,395.87,249.42,49.12,94.12,226.53,1803.60,3555.41,2.63,151.35,120.68,598.55,3.00,955.07,59.90,496.57
2026-01-02T00:00:00Z,55.32,2190.48,163.66,888.64,45.21,2201.06,165.33,467.91,59.31,2216.92,164.64,716.60,40.29,2204.20,164.87,381.39,246.54,49.03,94.17,220.57,1800.83,3544.29,2.57,148.88,117.50,599.31,3.00,950.46,60.58,488.78
2026-01-02T00:10:00Z,55.15,2199.57,164.52,913.86,45.47,2191.19,165.44,474.71,59.30,2221.52,164.76,712.16,40.01,2205.62,165.03,375.03,249.15,48.59,94.28,225.32,1801.76,3544.77,2.54,147.73,120.38,594.77,2.93,957.32,60.61,490.04
2026-01-02T00:20:00Z,55.24,2193.23,165.40,908.63,45.30,2188.81,165.19,465.24,59.41,2217.69,164.62,699.58,40.17,2202.61,164.34,375.29,249.81,49.96,94.15,224.90,1807.94,3544.59,2.68,149.96,120.25,596.84,3.27,945.78,61.68,501.05
2026-01-02T00:30:00Z,55.48,2193.03,166.08,916.53,45.47,2178.14,165.86,479.39,59.44,2225.74,164.67,683.51,40.43,2196.00,164.23,384.18,253.70,49.96,94.46,226.76,1807.65,3545.01,2.85,150.59,120.72,600.46,2.91,951.79,62.13,492.59
2026-01-02T00:40:00Z,55.48,2192.89,165.38,910.32,45.55,2187.20,166.26,484.43,59.54,2217.24,164.13,693.51,40.21,2191.97,164.85,390.75,255.85,51.18,96.32,227.40,1800.82,3548.02,2.36,148.74,123.13,601.75,3.06,961.65,61.40,491.60
2026-01-02T00:50:00Z,55.55,2182.87,165.97,920.38,45.44,2190.82,165.67,481.78,59.37,2218.21,164.05,693.04,40.29,2197.57,164.69,388.11,256.59,48.60,95.51,,1808.76,3553.76,2.50,151.12,125.44,606.55,2.91,956.15,62.35,506.63
2026-01-02T01:00:00Z,55.55,2180.52,165.11,919.84,45.18,2192.25,165.37,460.91,59.08,2218.49,164.71,686.71,40.51,2196.08,165.39,403.88,257.46,51.29,95.47,233.92,1812.23,3558.47,2.63,149.04,121.43,600.71,2.99,959.93,61.06,499.15
2026-01-02T01:10:00Z,55.68,2180.29,165.16,906.14,45.56,2193.68,165.60,472.20,59.36,2214.58,164.95,683.99,40.57,2185.66,165.48,405.05,251.11,53.54,95.54,225.78,1794.54,3548.47,2.57,151.05,120.57,606.29,3.14,953.27,60.15,506.47
2026-01-02T01:20:00Z,55.49,2180.41,165.26,902.92,45.64,2185.37,165.92,475.45,59.32,2219.04,164.75,697.86,40.41,2192.27,165.48,406.01,247.88,53.57,94.65,224.45,1795.05,3542.00,2.57,151.45,119.97,598.59,3.21,946.49,59.00,504.69
2026-01-02T01:30:00Z,55.80,2179.26,164.90,890.74,45.54,2190.78,166.47,473.62,59.81,2211.93,164.38,700.70,40.09,2193.03,165.34,400.40,252.35,52.20,95.22,228.58,1801.17,3544.93,2.53,149.50,118.46,603.42,2.97,944.20,59.64,499.17
2026-01-02T01:40:00Z,55.94,2169.48,164.54,898.99,45.34,2188.31,165.39,467.73,59.90,2207.27,164.20,707.85,40.19,2188.65,164.84,406.80,252.52,53.14,94.97,227.08,1797.11,3551.35,2.49,150.27,120.43,599.95,2.86,948.51,61.02,503.00
2026-01-02T01:50:00Z,55.68,2181.68,164.54,904.17,45.36,2194.78,165.43,460.59,60.19,2204.00,164.74,721.88,40.44,2192.53,164.92,400.57,254.67,53.09,94.23,229.42,1810.69,3553.68,2.50,149.43,124.67,608.62,2.80,963.48,61.63,511.68
2026-01-02T02:00:00Z,55.44,2188.65,165.31,905.39,45.55,2190.37,165.42,474.69,60.45,2194.52,165.05,728.35,40.48,2186.11,165.54,390.04,254.20,51.56,95.86,230.42,1801.12,3564.44,2.54,150.15,121.85,600.40,2.96,950.83,61.08,507.53
2026-01-02T02:10:00Z,55.50,2194.89,165.70,908.52,45.51,2185.22,165.35,471.62,60.10,2191.84,165.22,732.67,40.37,2199.30,165.25,386.61,252.94,51.15,95.24,228.67,1797.77,3557.03,2.53,149.97,122.93,599.23,3.02,952.78,60.88,498.98
2026-01-02T02:20:00Z,55.28,2204.82,165.30,900.04,45.21,2190.95,165.31,467.33,60.10,2202.55,165.48,722.36,40.47,2197.22,165.59,381.86,252.54,54.10,94.33,227.26,1794.16,3538.44,2.74,148.54,123.15,604.71,2.98,949.33,61.32,498.49
2026-01-02T02:30:00Z,55.47,2197.91,165.17,915.69,45.07,2192.27,165.51,462.28,60.64,2189.04,165.74,725.97,40.49,2194.73,165.04,373.29,253.51,51.54,94.61,225.82,1814.00,3567.43,2.62,150.40,124.81,602.13,2.89,961.66,61.18,500.75
2026-01-02T02:40:00Z,55.24,2206.85,164.47,905.64,45.26,2188.83,165.53,455.00,61.09,2174.13,165.52,747.69,40.49,2187.81,165.75,390.68,251.07,50.65,94.57,225.37,1807.98,3551.36,2.36,151.29,118.78,599.23,2.75,950.13,59.57,507.73
2026-01-02T02:50:00Z,55.09,2201.56,164.87,903.80,45.25,2190.80,165.75,456.91,61.00,2156.79,165.49,758.11,41.11,2170.69,165.35,411.86,251.34,52.31,94.90,228.25,1805.67,3562.60,2.43,150.90,118.78,594.29,2.80,950.12,60.84,488.01
2026-01-02T03:00:00Z,54.81,2202.56,164.83,900.42,45.54,2188.08,165.79,452.12,60.67,2170.13,165.49,753.78,40.99,2179.21,166.15,407.11,249.39,52.09,94.99,224.01,1798.60,3545.59,2.59,148.94,119.57,597.55,3.08,940.02,60.26,494.99
2026-01-02T03:10:00Z,54.59,2210.59,165.37,897.42,45.47,2184.25,165.53,454.98,60.44,2169.25,164.99,755.28,41.03,2178.28,165.93,403.23,248.66,51.48,95.29,221.48,1795.69,3557.42,2.33,151.27,120.98,598.47,2.94,945.92,60.43,496.01
2026-01-02T03:20:00Z,54.55,2204.94,165.70,887.91,45.12,2194.75,165.49,458.51,60.52,2187.92,165.70,746.37,41.17,2167.79,165.99,429.99,251.95,53.06,94.85,227.07,1805.58,3559.51,2.53,151.50,119.58,596.00,3.03,951.66,60.97,503.81
2026-01-02T03:30:00Z,55.05,2203.95,164.54,885.40,44.94,2211.65,165.45,457.57,60.66,2193.39,165.08,732.00,40.75,2169.93,166.35,426.16,246.21,50.72,95.38,222.52,1801.09,3544.71,2.65,150.34,116.92,595.26,3.20,955.15,60.34,503.47
2026-01-02T03:40:00Z,54.66,2205.19,164.50,884.93,44.90,2197.78,165.32,462.83,60.40,2178.34,165.25,743.78,40.54,2176.51,165.57,390.47,248.48,51.18,94.68,222.71,1793.33,3543.70,2.60,151.05,118.17,587.04,3.04,946.67,59.82,487.50
2026-01-02T03:50:00Z,54.94,2194.19,164.77,902.23,44.74,2209.61,165.11,449.96,60.45,2189.31,165.01,741.35,40.30,2185.95,165.56,404.98,248.23,52.69,94.78,223.09,1802.44,3553.23,2.39,151.36,121.43,598.13,2.86,947.58,58.76,489.43
2026-01-02T04:00:00Z,54.72,2200.58,164.48,900.17,44.73,2196.45,165.62,444.91,60.30,2198.05,165.76,737.20,40.44,2175.81,166.24,392.11,249.88,51.89,95.75,224.61,1794.49,3555.71,2.36,150.92,121.59,596.89,2.95,943.91,60.13,498.74
2026-01-02T04:10:00Z,54.55,2207.02,164.78,874.87,44.79,2206.67,165.80,453.94,60.38,2180.45,165.58,737.18,40.13,2189.20,166.64,397.63,249.96,49.63,95.63,223.87,1792.79,3560.30,2.73,149.56,121.60,606.67,2.69,947.99,59.92,505.26
2026-01-02T04:20:00Z,54.92,2200.20,164.63,883.83,44.73,2207.13,165.18,435.39,60.24,2195.92,166.13,725.71,40.05,2198.48,166.25,388.63,248.09,49.87,95.72,224.57,1800.84,3561.12,2.42,150.17,118.27,600.76,3.20,955.27,59.85,505.00
2026-01-02T04:30:00Z,55.24,2200.10,165.08,889.43,44.93,2208.77,164.79,437.32,60.47,2193.38,166.19,734.07,39.65,2198.36,165.08,378.28,246.79,51.87,95.27,219.21,1790.92,3528.90,2.55,148.37,120.25,605.70,3.20,943.29,58.66,507.07
2026-01-02T04:40:00Z,55.16,2191.20,165.32,899.85,45.16,2194.74,164.73,453.76,60.33,2183.91,164.99,739.67,39.61,2205.65,164.96,366.28,247.22,51.21,95.21,219.79,1797.12,3552.60,2.62,148.40,117.61,602.28,3.06,943.80,58.63,505.44
2026-01-02T04:50:00Z,54.92,2192.48,165.19,909.60,44.90,2208.59,164.35,436.23,59.91,2199.04,164.95,723.74,39.58,2206.57,164.73,376.50,244.77,50.70,94.43,220.88,1793.60,3552.18,2.56,149.88,119.52,604.05,3.03,942.93,58.08,503.56
2026-01-02T05:00:00Z,55.31,2198.27,164.75,921.35,44.91,2204.75,164.79,443.36,59.67,2203.35,164.78,713.10,39.51,2205.29,164.24,355.96,245.00,52.90,93.30,222.77,1799.69,3548.07,2.94,150.11,116.86,597.41,2.95,953.54,58.78,497.33
2026-01-02T05:10:00Z,55.16,2186.22,165.56,906.88,45.03,2198.13,164.46,445.26,59.59,2212.88,165.04,700.95,39.38,2205.58,164.82,363.45,252.11,50.06,95.12,232.60,1804.38,3547.93,2.53,150.08,120.74,596.35,2.44,956.90,60.42,501.44
2026-01-02T05:20:00Z,54.92,2199.09,164.81,905.64,44.89,2202.59,164.56,435.62,59.39,2216.10,165.36,703.59,38.99,2211.98,165.17,359.19,246.27,50.37,94.12,225.75,1796.86,3538.63,2.65,150.49,117.83,595.34,2.93,937.04,61.56,495.20
2026-01-02T05:30:00Z,54.82,2202.84,164.82,902.88,44.49,2210.37,164.62,437.72,59.12,2211.68,165.09,698.76,38.80,2231.53,164.76,338.31,241.55,49.84,93.39,219.81,1791.49,3551.97,2.84,150.45,115.77,588.47,2.93,945.19,60.22,491.39
2026-01-02T05:40:00Z,55.55,2198.67,164.50,910.93,44.49,2214.19,164.47,418.72,59.14,2220.74,165.53,691.31,38.98,2228.22,165.01,344.95,246.00,50.14,94.30,219.94,1789.82,3547.20,2.60,147.95,117.65,598.58,3.29,952.28,60.54,504.65
2026-01-02T05:50:00Z,55.95,2184.75,165.38,920.04,44.41,2211.44,164.11,424.29,58.92,2216.66,165.16,693.71,38.86,2231.44,163.94,340.87,243.39,49.12,94.39,216.87,1801.17,3559.90,2.86,150.38,114.55,595.37,3.29,949.14,62.01,499.71
2026-01-02T06:00:00Z,55.50,2175.00,165.63,906.99,44.58,2206.69,164.54,430.61,58.83,2219.25,164.14,691.54,38.88,2221.39,164.47,345.35,244.40,48.10,93.89,219.08,1794.03,3550.61,2.56,150.22,116.20,596.38,2.97,949.58,61.29,497.50
2026-01-02T06:10:00Z,55.81,2174.50,164.77,929.77,44.35,2205.31,165.25,444.05,59.14,2226.98,164.04,696.95,39.46,2214.06,164.15,350.83,240.02,49.35,93.58,212.55,1793.93,3548.61,2.71,148.93,114.61,595.67,3.31,950.07,60.05,500.16
2026-01-02T06:20:00Z,56.35,2175.03,165.66,935.01,43.80,2220.77,164.72,425.14,59.04,2225.29,163.96,691.69,39.14,2208.10,164.14,354.06,248.19,49.92,94.17,225.54,1798.95,3553.62,2.29,148.27,118.49,595.48,2.87,941.23,59.16,493.12
2026-01-02T06:30:00Z,56.55,2164.12,165.93,929.86,43.95,2213.75,164.58,422.67,59.53,2213.94,164.20,686.49,39.40,2209.96,163.95,354.80,242.48,47.16,95.01,219.57,1794.77,3553.18,2.26,150.44,115.68,592.82,3.19,948.35,59.97,502.88
2026-01-02T06:40:00Z,56.76,2154.15,166.04,944.67,43.73,2217.33,164.71,422.16,59.49,2205.26,164.35,693.98,39.22,2214.32,163.92,340.58,236.10,49.34,95.10,212.65,1787.47,3550.56,2.70,151.11,112.23,586.83,2.82,936.41,60.49,495.82
2026-01-02T06:50:00Z,56.73,2154.94,166.58,961.02,43.24,2235.73,164.73,419.67,59.62,2210.43,164.65,706.49,39.34,2209.28,164.69,356.20,244.83,49.08,94.20,220.41,1804.88,3552.66,2.26,150.92,119.66,598.92,2.75,962.19,59.91,497.64
2026-01-02T07:00:00Z,56.87,2144.75,165.93,967.67,43.26,2242.94,164.78,409.42,59.54,2203.90,164.87,690.82,39.48,2212.18,164.25,365.50,247.53,49.17,94.53,222.79,1800.04,3551.48,2.32,148.33,116.41,599.34,3.04,943.94,60.26,507.72
2026-01-02T07:10:00Z,56.53,2154.13,166.00,973.78,43.50,2240.50,164.22,382.47,59.26,2205.19,164.73,696.47,39.52,2215.07,164.39,359.63,244.60,50.76,94.38,219.79,1788.11,3551.50,2.49,150.56,117.96,591.73,3.22,943.16,60.55,501.38
2026-01-02T07:20:00Z,56.80,2157.03,166.58,966.22,43.35,2250.30,163.83,383.91,59.26,2199.55,165.37,708.04,39.42,2215.01,164.20,369.45,244.94,49.57,94.92,223.30,1805.88,3543.64,2.48,150.33,117.24,588.63,2.90,954.93,59.43,492.16
2026-01-02T07:30:00Z,56.81,2153.47,166.33,973.65,43.33,2247.28,163.19,383.25,59.46,2207.26,165.58,715.21,39.57,2213.57,164.16,371.43,249.09,50.69,95.42,222.40,1790.89,3552.80,2.44,149.57,122.44,601.46,3.34,949.52,56.99,502.51
2026-01-02T07:40:00Z,56.32,2155.31,166.92,962.02,43.40,2238.45,163.90,383.83,59.75,2201.60,165.72,720.99,40.30,2201.53,164.76,386.58,249.83,50.07,94.75,224.40,1790.82,3554.41,2.40,150.21,119.69,599.41,2.94,935.69,58.85,503.25
2026-01-02T07:50:00Z,56.19,2162.15,166.49,948.22,43.33,2229.01,163.78,391.74,59.35,2213.28,165.03,715.74,40.34,2189.91,164.99,378.84,250.20,49.53,95.25,224.07,1800.65,3558.25,2.47,152.57,117.53,595.16,3.02,948.73,60.39,489.46
2026-01-02T08:00:00Z,56.70,2164.25,165.44,944.29,43.60,2236.27,163.53,389.99,59.53,2219.24,165.25,718.36,40.52,2204.38,165.22,382.86,242.61,50.00,93.97,215.91,1799.99,3553.31,2.53,150.99,116.06,601.28,2.99,951.42,59.67,506.74
2026-01-02T08:10:00Z,56.49,2162.86,165.09,945.53,43.47,2236.47,163.10,383.03,59.98,2204.34,165.08,720.22,40.71,2186.92,165.80,407.37,245.44,52.98,94.73,221.91,1791.53,3546.94,2.63,149.00,116.85,593.83,3.25,944.82,60.25,499.15
2026-01-02T08:20:00Z,56.08,2171.97,165.60,941.52,43.67,2231.39,163.41,404.44,59.79,2207.85,164.67,711.11,40.35,2184.34,165.31,407.09,248.07,52.23,94.86,222.07,1803.08,3549.42,2.75,149.71,120.37,601.54,2.88,952.20,61.28,496.89
2026-01-02T08:30:00Z,55.88,2191.41,165.16,938.19,43.66,2229.60,163.87,405.01,59.74,2209.84,164.98,709.47,40.27,2189.01,165.66,396.86,246.60,52.18,95.13,223.39,1796.47,3557.15,2.43,150.11,117.03,597.35,3.33,948.41,61.31,497.06
2026-01-02T08:40:00Z,55.75,2178.73,166.30,928.56,44.05,2225.07,164.51,416.45,59.98,2200.63,164.28,709.50,40.37,2188.10,165.31,389.42,243.77,52.36,94.89,219.69,1798.19,3560.78,2.43,149.84,118.00,596.33,3.25,949.79,59.51,500.07
2026-01-02T08:50:00Z,55.97,2180.68,166.30,932.17,43.63,2221.78,164.25,419.62,60.28,2205.55,164.82,710.01,40.30,2196.15,165.29,404.92,252.14,52.36,93.52,229.07,1799.88,3552.19,2.64,147.55,118.23,601.80,3.17,954.03,60.22,503.55
2026-01-02T09:00:00Z,55.43,2187.80,165.91,927.14,44.10,2219.64,164.61,426.85,60.48,2191.78,164.60,710.41,40.29,2190.82,165.72,401.37,250.50,51.22,94.76,222.08,1803.24,3546.60,2.47,150.02,121.42,601.75,3.36,949.55,59.00,502.90
2026-01-02T09:10:00Z,55.61,2182.11,165.62,913.11,44.15,2223.58,165.75,418.17,60.84,2188.19,164.53,717.86,40.52,2182.39,165.55,389.31,252.48,51.48,94.13,225.47,1801.98,3551.45,2.37,151.91,121.83,603.99,2.97,955.12,60.16,500.24
2026-01-02T09:20:00Z,55.50,2192.47,165.35,922.55,44.21,2217.46,165.57,431.97,60.31,2187.36,164.34,731.76,40.37,2196.07,165.19,388.00,246.83,49.90,95.20,222.34,1801.41,3543.57,2.34,151.74,119.11,600.32,3.02,953.25,60.97,495.27
2026-01-02T09:30:00Z,55.63,2181.21,165.21,913.56,44.26,2215.19,165.08,425.88,60.53,2174.65,164.84,732.66,40.05,2206.05,164.86,390.66,249.35,48.99,95.07,223.94,1795.90,3552.24,2.56,149.57,119.79,601.79,3.06,949.13,59.94,491.65
2026-01-02T09:40:00Z,55.98,2182.71,165.20,921.72,44.64,2218.16,164.79,425.55,60.64,2183.33,165.45,748.82,40.06,2191.02,164.93,393.78,252.49,49.45,94.93,227.95,1793.36,3560.81,2.65,149.86,122.19,606.62,2.98,943.73,59.57,504.12
2026-01-02T09:50:00Z,55.89,2179.27,165.63,927.20,44.55,2226.68,164.18,403.41,60.75,2184.47,165.35,734.07,39.84,2204.83,165.19,365.03,251.57,50.54,94.74,227.37,1804.58,3550.55,2.58,150.01,121.41,603.07,3.02,946.06,59.62,501.85
2026-01-02T10:00:00Z,55.79,2182.53,166.09,924.52,44.31,2236.15,164.25,398.33,60.59,2196.35,165.46,734.77,40.00,2196.23,164.78,371.65,253.50,50.05,95.34,229.46,1802.16,3548.17,2.60,150.78,121.16,600.40,3.49,946.08,61.83,506.77
2026-01-02T10:10:00Z,55.57,2191.31,165.78,924.52,44.56,2212.88,164.88,413.43,60.39,2190.37,164.84,737.06,39.77,2205.98,164.50,365.15,248.69,50.02,95.20,222.87,1803.94,3549.96,2.44,149.65,119.75,600.47,3.27,954.48,61.73,499.34
2026-01-02T10:20:00Z,55.48,2186.22,165.45,918.80,44.95,2210.52,164.03,429.15,60.48,2197.42,165.02,727.51,39.50,2219.71,164.09,342.30,251.63,49.94,95.41,225.46,1804.73,3546.93,2.47,150.05,118.02,594.86,2.90,958.28,60.48,496.06
2026-01-02T10:30:00Z,55.39,2181.81,165.89,928.58,44.75,2200.26,164.10,429.06,60.63,2183.79,165.38,727.89,39.87,2208.33,165.06,343.78,249.72,50.02,96.15,225.82,1807.04,3542.33,2.83,150.27,119.49,600.91,2.89,956.63,59.61,507.83
2026-01-02T10:40:00Z,55.38,2195.70,165.01,904.53,44.96,2202.79,164.49,437.34,60.48,2192.31,164.98,737.69,40.04,2200.04,164.32,358.66,252.45,49.79,94.98,228.86,1801.40,3551.32,2.44,149.23,118.67,598.29,2.85,955.37,59.26,503.49
2026-01-02T10:50:00Z,54.88,2200.37,164.30,904.56,44.76,2203.63,165.30,465.77,60.31,2194.82,164.94,733.25,40.10,2196.34,164.68,369.94,252.76,48.84,95.16,230.94,1801.69,3546.07,2.56,148.93,120.41,599.83,2.77,954.07,58.35,502.81
2026-01-02T11:00:00Z,54.90,2202.66,163.85,895.86,44.62,2205.25,165.15,465.41,59.71,2205.09,164.77,711.46,40.12,2190.32,164.51,369.20,248.03,49.18,95.12,224.15,1795.22,3547.33,2.38,150.24,119.28,597.86,3.06,951.56,59.64,490.55
2026-01-02T11:10:00Z,54.89,2210.79,164.43,889.94,44.70,2210.75,164.73,455.45,59.48,2207.49,164.67,707.10,40.19,2196.00,165.44,376.96,247.58,48.76,95.78,218.71,1794.34,3548.40,2.54,149.59,116.37,590.86,3.17,944.78,59.00,499.33
2026-01-02T11:20:00Z,55.40,2205.98,164.46,895.80,45.03,2210.18,164.75,458.29,59.80,2193.14,164.70,719.66,40.32,2190.67,165.88,395.05,247.70,50.96,94.73,225.05,1805.30,3550.74,2.56,150.56,120.43,599.71,2.99,957.99,58.78,500.12
2026-01-02T11:30:00Z,55.59,2191.88,164.96,895.30,45.53,2193.32,164.91,468.25,59.71,2190.76,165.20,741.13,39.93,2190.28,164.63,380.29,248.20,48.86,94.89,225.91,1812.20,3542.66,2.34,151.36,121.27,607.10,3.12,953.01,60.19,502.46
2026-01-02T11:40:00Z,55.75,2184.85,165.60,922.26,45.52,2193.67,164.69,479.73,59.37,2196.64,164.76,726.96,40.42,2192.36,164.11,395.03,248.45,50.39,95.31,220.94,1790.40,3560.60,2.63,148.73,117.83,597.25,2.71,940.81,59.93,491.23
2026-01-02T11:50:00Z,55.79,2182.36,165.04,917.35,45.53,2186.44,165.32,465.22,59.36,2210.48,165.28,719.37,40.86,2181.88,164.01,402.89,248.94,48.79,94.89,226.11,1797.10,3549.42,2.39,148.23,119.77,597.19,2.89,949.85,61.31,487.63
2026-01-02T12:00:00Z,55.89,2176.79,165.15,941.95,45.29,2183.52,164.90,484.00,59.52,2220.23,165.42,712.24,40.64,2185.11,165.00,408.94,253.91,50.17,94.87,226.42,1799.01,3557.71,2.48,149.70,121.73,599.55,3.23,944.18,60.42,506.44
2026-01-02T12:10:00Z,56.18,2181.64,164.47,916.88,45.20,2199.29,165.27,461.88,59.67,2216.98,165.62,706.39,40.81,2178.70,164.85,405.68,254.39,50.53,94.61,231.70,1798.50,3545.11,2.45,148.31,122.17,604.39,3.17,950.55,60.36,516.57
2026-01-02T12:20:00Z,56.71,2166.67,165.09,946.09,45.19,2195.09,165.78,459.08,59.61,2218.40,165.76,688.74,40.46,2181.62,165.63,402.84,258.73,49.69,95.27,234.15,1807.49,3545.66,2.54,150.19,126.48,613.60,3.17,948.02,60.84,508.70
2026-01-02T12:30:00Z,56.87,2152.79,165.30,956.89,44.97,2210.13,166.48,440.41,59.64,2209.37,164.76,704.89,40.47,2183.77,165.79,404.73,257.47,50.62,95.16,229.66,1804.77,3568.30,2.67,150.65,123.29,599.50,2.61,952.72,60.74,497.31
2026-01-02T12:40:00Z,57.20,2154.84,166.03,966.09,44.78,2207.16,165.39,448.90,59.08,2209.55,164.50,690.54,40.36,2189.37,165.01,400.67,255.20,50.69,94.84,226.93,1805.44,3541.59,2.79,149.31,122.95,604.89,3.14,947.59,58.51,508.17
2026-01-02T12:50:00Z,57.07,2150.58,166.21,980.42,45.00,2201.28,164.52,447.47,59.44,2210.20,164.65,697.24,40.20,2188.57,165.25,399.03,257.11,50.74,94.71,232.14,1805.03,3565.64,2.78,151.40,124.91,611.83,2.93,959.04,59.08,506.96
2026-01-02T13:00:00Z,56.70,2155.14,166.02,973.58,44.95,2198.42,164.02,441.15,59.18,2215.89,164.35,702.49,39.95,2193.76,164.51,391.84,252.20,50.12,94.65,227.24,1806.45,3545.13,2.55,151.47,122.09,606.37,2.83,949.68,59.39,511.32
2026-01-02T13:10:00Z,56.85,2150.53,166.41,973.24,45.34,2187.65,164.43,446.34,59.31,2217.37,164.55,702.64,39.85,2200.93,164.30,378.76,252.36,51.49,95.31,228.29,1808.23,3558.89,2.56,150.83,120.69,601.87,3.12,951.77,59.02,498.05
2026-01-02T13:20:00Z,56.59,2149.01,167.41,966.81,45.44,2185.74,165.45,462.34,58.94,2215.38,164.93,704.21,39.98,2200.71,165.09,383.29,250.78,49.15,96.04,225.12,1800.14,3538.93,2.66,149.63,119.33,593.76,2.87,952.15,59.61,495.72
2026-01-02T13:30:00Z,56.54,2157.13,166.84,977.87,45.51,2195.11,164.95,457.38,58.69,2218.29,165.04,696.34,39.71,2206.19,165.09,381.64,254.90,51.74,96.21,228.90,1798.73,3556.75,2.57,151.36,122.69,602.11,3.28,949.64,59.28,485.41
2026-01-02T13:40:00Z,56.70,2149.30,166.27,963.64,45.41,2198.66,164.99,447.16,58.47,2224.51,164.29,689.54,39.66,2200.47,165.12,371.41,258.45,52.07,95.17,233.74,1807.30,3531.09,2.41,150.96,125.45,606.97,3.07,957.08,59.78,509.78
2026-01-02T13:50:00Z,56.81,2149.60,165.71,953.44,45.31,2192.11,165.61,450.76,59.00,2221.97,163.69,682.03,39.80,2192.86,164.63,382.65,252.94,53.18,94.92,226.73,1808.21,3553.41,2.63,150.76,122.74,603.16,3.02,955.31,61.61,503.93
2026-01-02T14:00:00Z,56.63,2158.17,165.25,964.00,45.39,2191.48,165.51,446.78,59.18,2224.04,164.36,684.86,39.76,2202.16,164.62,382.98,254.71,53.37,94.20,228.95,1792.30,3545.05,2.36,150.25,122.75,601.67,3.22,949.54,61.12,487.07
2026-01-02T14:10:00Z,56.58,,166.17,969.82,45.75,2175.84,165.70,467.23,58.94,2228.03,164.12,682.71,39.64,2201.96,165.48,387.63,250.72,52.72,94.76,224.16,1795.12,3552.65,2.44,149.99,118.61,603.15,2.81,952.10,61.29,510.70
2026-01-02T14:20:00Z,56.34,2165.10,165.81,961.84,45.48,2186.80,165.04,476.05,58.96,2227.99,164.24,682.85,39.86,2189.31,165.54,392.33,253.97,51.91,95.71,229.84,1798.00,3543.87,2.55,149.66,120.38,595.80,2.87,944.90,60.39,502.47
2026-01-02T14:30:00Z,56.14,2162.00,166.53,950.08,45.48,2187.14,165.70,470.00,59.35,2216.50,164.35,684.68,39.45,2201.09,164.70,373.67,256.42,49.88,95.18,231.53,1807.14,3549.30,2.38,151.44,123.16,601.72,3.16,953.41,61.11,505.56
2026-01-02T14:40:00Z,55.67,2173.44,166.26,941.37,45.55,2178.90,166.27,473.09,59.27,2200.01,164.55,697.96,39.23,2218.01,164.77,362.08,252.40,49.68,94.98,230.28,1807.80,3528.15,2.70,146.82,118.29,594.55,2.83,950.35,60.02,492.49
2026-01-02T14:50:00Z,55.54,2191.54,165.30,925.89,,2177.64,166.23,473.58,58.91,2210.90,164.64,692.98,39.16,2208.91,164.78,362.83,253.73,49.01,94.61,228.99,1801.97,3539.49,2.37,149.69,121.71,606.74,2.81,952.98,60.87,502.47
2026-01-02T15:00:00Z,55.97,2180.16,165.63,931.21,45.40,2181.97,165.02,467.21,59.09,2220.85,164.51,677.91,39.42,2210.22,164.66,373.02,250.19,49.83,94.66,224.92,1804.11,3554.40,2.64,150.08,117.45,597.57,3.17,956.21,62.09,501.88
2026-01-02T15:10:00Z,56.06,2173.52,165.28,938.29,45.55,2188.44,164.94,473.29,58.84,2222.25,164.07,692.06,39.06,2219.68,164.12,350.48,246.87,49.92,94.19,222.86,1795.01,3554.74,2.58,148.64,117.51,598.58,2.80,950.55,62.62,495.58
2026-01-02T15:20:00Z,55.97,2166.21,165.15,948.07,45.12,2188.91,164.61,463.89,59.13,2227.34,164.78,692.56,39.03,2221.46,164.09,344.34,242.39,50.33,95.35,221.37,1797.65,3550.67,2.53,149.26,115.33,586.36,2.66,951.32,60.65,485.30
2026-01-02T15:30:00Z,56.40,2168.79,165.70,956.06,44.69,2206.32,165.08,449.38,59.26,2223.86,164.82,693.46,39.08,2225.02,164.55,342.25,248.70,51.53,95.13,224.25,1801.48,3557.42,2.45,151.10,118.70,601.90,3.05,948.95,60.73,511.10
2026-01-02T15:40:00Z,56.08,2167.69,165.45,949.19,44.77,2207.40,165.00,437.04,59.04,2224.53,165.45,691.22,39.05,2239.63,164.07,335.95,243.43,49.69,94.89,221.01,1800.48,3559.83,2.63,152.71,113.67,600.70,3.05,945.37,58.81,506.65
2026-01-02T15:50:00Z,56.02,2171.90,165.68,928.91,44.62,2224.27,165.01,450.21,58.75,2229.40,164.58,688.28,38.88,2239.42,163.75,325.91,250.39,49.83,94.48,224.70,1801.13,3546.76,2.63,150.93,119.90,604.06,2.61,944.14,58.91,511.51
2026-01-02T16:00:00Z,55.86,2179.77,165.19,929.42,44.65,2232.01,165.18,430.96,58.78,2229.43,163.84,678.74,39.22,2227.49,163.69,346.08,242.76,50.59,94.34,215.24,1788.45,3536.33,2.49,149.29,119.16,600.45,2.86,938.96,58.46,509.13
2026-01-02T16:10:00Z,55.93,2173.02,166.10,938.53,44.66,2217.15,164.94,413.17,58.67,2233.10,164.08,682.31,39.47,2216.27,164.46,361.89,243.92,51.56,94.70,221.85,1800.03,3545.77,2.70,149.03,117.21,599.21,3.09,946.39,59.94,493.69
2026-01-02T16:20:00Z,55.56,2181.04,165.37,925.43,44.55,2206.63,164.84,429.01,58.92,2231.30,163.97,675.26,39.06,2219.02,165.09,360.17,250.37,50.08,94.42,225.02,1797.58,3541.82,2.71,149.27,120.64,600.31,3.20,947.19,60.59,500.10
2026-01-02T16:30:00Z,55.42,2180.08,165.85,914.73,44.70,2204.29,165.17,433.85,58.95,2228.48,164.23,679.33,39.06,2221.11,163.67,352.50,247.01,49.56,94.63,223.51,1804.96,3545.82,2.65,150.62,119.22,594.06,2.87,949.91,60.34,498.11
2026-01-02T16:40:00Z,55.41,2191.31,165.75,920.91,44.88,2189.68,164.50,446.25,59.03,2217.53,164.16,681.85,39.17,2221.51,164.70,345.22,248.57,49.47,95.22,222.66,1804.37,3546.43,2.71,150.58,118.12,596.52,2.93,953.40,60.22,492.85
2026-01-02T16:50:00Z,55.09,2189.96,165.63,922.67,45.03,2183.57,164.49,448.81,59.48,2210.73,164.34,685.69,39.25,2222.46,164.42,345.53,248.49,48.50,94.39,222.38,1802.85,3549.67,2.47,148.95,119.36,606.37,3.16,952.71,58.27,511.06
2026-01-02T17:00:00Z,55.10,2189.37,165.12,926.30,45.16,2195.19,165.05,448.28,59.84,2207.06,164.32,697.76,38.81,2226.27,164.07,348.18,249.19,49.71,95.32,222.36,1803.53,3543.54,2.37,147.24,118.50,596.10,2.55,946.91,58.55,492.71
2026-01-02T17:10:00Z,55.23,2197.86,165.11,916.58,45.15,2196.28,165.34,452.80,59.72,2203.93,163.51,703.06,38.67,2239.01,164.38,339.90,251.39,49.41,95.15,226.47,1804.31,3554.97,2.58,151.39,120.74,599.69,3.13,952.65,60.08,510.85
2026-01-02T17:20:00Z,55.18,2191.10,165.05,908.29,45.62,2190.73,165.24,461.64,59.63,2201.94,163.95,708.38,38.93,2229.58,165.03,340.91,245.84,46.98,96.74,220.26,1789.39,3562.09,2.60,150.36,120.29,597.08,3.07,948.33,59.17,503.43
2026-01-02T17:30:00Z,55.35,2190.47,165.40,921.28,45.71,2192.58,164.94,466.54,60.06,2203.31,163.96,724.51,39.50,2216.89,164.88,350.87,244.38,48.94,96.36,220.89,1789.11,3550.09,2.32,149.83,115.90,595.87,2.78,948.94,59.28,489.84
2026-01-02T17:40:00Z,55.31,2197.60,165.18,923.57,45.84,2185.35,165.99,475.63,59.89,2206.07,164.22,727.13,39.75,2208.27,164.63,356.17,251.54,50.45,95.29,228.51,1804.12,3539.12,2.37,150.33,118.49,602.10,2.92,955.65,59.93,505.64
2026-01-02T17:50:00Z,55.15,2192.33,165.76,929.17,45.44,2186.80,164.86,475.51,59.98,2204.13,164.74,727.10,39.83,2210.89,165.29,357.98,250.83,49.75,94.71,218.97,1795.16,3563.37,2.51,148.02,121.68,602.20,3.15,941.30,59.24,505.24
2026-01-02T18:00:00Z,54.82,2195.40,165.52,905.15,45.43,2184.86,165.28,467.34,59.98,2195.21,164.71,711.02,39.86,2196.86,165.07,355.07,249.24,50.47,94.99,221.25,1802.03,3552.20,2.37,149.72,118.93,597.73,3.03,950.82,60.20,487.62
2026-01-02T18:10:00Z,54.69,2208.08,164.82,893.77,45.46,2179.64,165.41,469.18,60.10,2183.34,165.80,733.49,39.70,2210.70,164.43,352.32,255.29,47.73,95.17,231.67,1805.06,3544.95,2.66,150.77,119.61,602.08,3.08,953.57,59.96,501.16
2026-01-02T18:20:00Z,54.60,2202.82,164.99,893.46,45.64,2181.12,166.02,473.21,60.17,2191.61,165.44,726.37,39.88,2201.39,164.74,366.69,249.08,48.65,96.31,226.25,1799.30,3552.81,2.55,151.07,119.11,594.54,2.62,943.91,59.17,491.93
2026-01-02T18:30:00Z,54.54,2203.63,164.96,895.74,45.84,2182.21,165.34,478.86,60.60,2181.06,165.40,725.06,39.87,2197.65,164.57,379.43,249.05,47.82,95.47,226.78,1798.81,3551.83,2.51,152.17,119.35,594.82,3.11,948.05,58.84,493.35
2026-01-02T18:40:00Z,54.74,2203.93,164.73,898.51,45.65,2179.47,165.24,488.21,60.54,2180.19,165.14,709.35,39.10,2206.19,164.80,372.77,250.46,48.04,94.87,225.88,1800.13,3541.10,2.72,150.51,120.23,596.36,2.99,942.20,59.33,497.62
2026-01-02T18:50:00Z,55.17,2207.88,165.37,891.82,45.53,2184.08,165.27,473.75,60.64,2181.41,164.51,733.55,39.17,2216.00,164.98,368.67,247.80,48.94,95.69,224.61,1796.96,3547.97,2.44,150.47,121.10,602.60,3.07,954.52,60.39,492.70
2026-01-02T19:00:00Z,54.91,2197.14,164.97,902.44,45.47,2188.38,165.49,483.95,60.67,2168.76,165.16,739.60,39.43,2218.40,164.87,369.97,252.09,51.60,95.57,230.94,1796.55,3554.38,2.55,150.58,120.42,601.47,2.88,952.83,60.36,504.98
2026-01-02T19:10:00Z,54.34,2205.05,165.15,897.56,45.35,2192.96,165.62,466.92,60.43,2185.37,165.70,752.21,39.31,2212.99,164.94,369.40,250.63,52.70,95.62,225.47,1795.79,3526.21,2.60,148.99,122.28,601.35,3.31,947.18,59.20,486.63
2026-01-02T19:20:00Z,54.30,2207.50,164.24,878.88,45.13,2205.86,165.35,450.42,60.15,2186.91,165.87,733.56,39.39,2222.35,164.82,367.15,244.89,49.44,95.04,223.45,1791.69,3550.51,2.64,150.28,117.20,598.83,3.02,946.91,60.47,495.32
2026-01-02T19:30:00Z,54.72,2203.93,164.73,882.47,44.86,2196.42,164.82,428.39,60.02,2190.54,165.81,745.57,39.33,2222.96,164.32,342.57,245.27,48.43,94.69,217.80,1790.14,3543.90,2.44,150.75,120.66,601.10,3.12,946.18,59.85,498.40
2026-01-02T19:40:00Z,54.76,2207.63,164.19,873.83,45.04,2196.16,165.23,452.22,59.87,2207.12,165.74,729.25,39.36,2223.70,164.41,336.46,245.65,50.71,95.99,223.67,1800.41,3546.11,2.34,150.35,117.58,590.37,3.15,943.77,60.70,493.03
2026-01-02T19:50:00Z,55.03,2194.53,164.33,898.60,45.27,2202.37,165.59,452.27,,2209.92,165.23,715.48,39.58,2220.95,164.62,350.01,250.77,50.13,95.39,223.40,1794.06,3566.96,2.68,150.10,118.24,598.27,2.83,944.87,62.04,501.89
2026-01-02T20:00:00Z,54.79,2206.11,165.05,898.20,45.24,2210.67,164.80,447.87,59.28,2215.46,164.39,702.00,39.96,2204.58,164.75,363.17,250.78,48.11,94.77,222.94,1794.87,3546.19,2.29,150.29,120.34,605.83,3.37,945.15,62.34,505.46
2026-01-02T20:10:00Z,54.46,2200.06,165.20,885.68,45.47,2193.00,165.38,458.75,59.41,2211.09,165.44,695.01,39.83,2199.42,165.13,367.33,252.47,47.27,95.57,228.73,1798.89,3551.23,2.66,151.31,122.60,601.41,2.79,960.46,61.18,500.82
2026-01-02T20:20:00Z,54.83,2206.47,164.78,877.55,45.43,2187.10,165.67,453.95,59.49,2215.75,164.94,705.67,39.90,2197.70,165.14,378.33,250.09,47.36,95.75,223.90,1793.61,3542.18,2.58,149.34,119.65,603.34,2.97,950.41,59.74,499.16
2026-01-02T20:30:00Z,54.79,2203.33,165.12,898.08,45.74,2184.13,165.50,467.78,59.48,2213.97,163.90,684.48,39.95,2185.97,165.10,376.46,246.73,48.94,96.84,217.13,1782.44,3557.76,2.44,149.14,119.68,600.94,2.96,942.83,58.50,503.24
2026-01-02T20:40:00Z,54.72,2193.18,165.54,905.86,45.84,2177.50,164.75,469.71,59.27,2222.63,163.70,682.85,39.81,2199.20,165.13,396.86,249.06,49.32,95.75,224.63,1795.64,3552.51,2.31,150.48,117.86,600.66,3.18,949.89,60.89,494.74
2026-01-02T20:50:00Z,55.22,2192.96,165.08,918.18,45.75,2183.52,165.54,478.42,58.87,2220.91,163.94,679.71,39.88,2196.56,164.66,383.90,251.22,49.25,95.08,226.42,1797.96,3546.90,2.57,151.54,120.26,598.85,2.71,951.50,61.41,510.74
2026-01-02T21:00:00Z,55.56,2182.91,165.56,921.26,45.19,2192.50,165.64,471.61,58.53,2228.34,164.47,687.05,40.29,2184.23,164.40,391.20,249.32,48.92,94.88,221.19,1801.00,3541.56,2.24,149.09,120.04,597.39,3.06,951.64,61.83,503.15
2026-01-02T21:10:00Z,55.91,2175.65,165.87,933.08,45.55,2176.85,165.54,473.47,58.89,2230.81,163.57,695.56,40.18,2196.23,164.08,382.37,246.72,49.60,94.96,224.03,1797.37,3541.37,2.74,151.69,119.28,595.12,2.74,950.17,61.61,503.14
2026-01-02T21:20:00Z,55.99,2166.52,165.55,931.59,45.65,2180.75,165.63,486.88,58.48,2236.66,163.79,668.79,39.66,2215.37,165.04,365.29,249.96,51.72,95.27,222.08,1801.38,3565.16,2.61,151.36,116.61,603.19,2.79,944.15,61.82,502.13
2026-01-02T21:30:00Z,55.75,2183.13,165.65,941.85,45.38,2191.20,166.14,472.42,58.72,2244.95,163.97,663.84,39.69,2202.96,164.23,374.06,249.22,49.60,95.27,225.23,1796.18,3547.79,2.57,150.47,119.58,592.98,3.32,948.46,59.80,490.25
2026-01-02T21:40:00Z,55.85,2180.27,165.63,943.51,45.67,2174.88,166.62,493.89,58.82,2237.44,164.01,679.71,39.15,2205.14,164.14,361.90,252.73,50.28,94.41,227.68,1800.92,3561.17,2.36,151.31,121.98,596.75,3.07,942.58,59.53,493.50
2026-01-02T21:50:00Z,55.67,2177.35,165.81,938.13,45.27,2186.50,166.08,477.38,58.59,2232.69,164.70,673.74,39.24,2209.87,164.32,349.17,247.18,50.65,94.92,222.88,1793.87,3561.98,2.63,151.86,120.48,601.21,2.64,945.27,58.74,501.49
2026-01-02T22:00:00Z,55.30,2181.69,165.50,929.16,45.27,2174.99,165.68,478.90,58.53,2232.91,163.99,658.61,39.37,2215.62,164.64,354.72,242.60,49.14,96.31,219.56,1794.54,3542.40,2.36,149.50,116.32,595.56,2.85,956.46,57.93,495.17
2026-01-02T22:10:00Z,55.13,2185.18,165.06,910.06,44.53,2194.52,165.80,456.21,58.63,2236.33,163.70,666.78,39.48,2218.73,163.81,366.10,243.84,48.56,95.37,220.27,1794.26,3547.74,2.50,150.88,118.17,595.50,3.13,948.66,57.81,500.58
2026-01-02T22:20:00Z,55.03,2193.05,163.78,904.93,44.50,2201.57,165.72,439.94,58.85,2224.43,163.96,670.42,39.77,2210.61,164.47,378.03,247.20,49.00,95.51,224.09,1802.58,3560.47,2.43,150.92,118.16,605.77,3.00,951.85,57.42,515.63
2026-01-02T22:30:00Z,54.95,2199.96,164.34,906.44,44.50,2203.07,164.88,443.40,58.52,2230.24,163.68,678.05,39.37,2205.73,165.59,380.57,245.51,49.79,95.07,215.72,1789.79,3539.46,2.62,148.76,117.90,597.88,2.88,944.70,59.16,502.48
2026-01-02T22:40:00Z,54.94,2198.88,163.60,899.77,44.47,2204.75,164.35,430.57,58.90,2244.70,163.45,676.27,39.36,2218.20,165.04,383.55,247.41,48.36,95.53,218.89,1796.61,3544.23,2.56,150.07,118.25,588.35,3.03,949.49,59.50,483.06
2026-01-02T22:50:00Z,54.44,2208.55,164.20,899.99,44.09,2214.95,164.41,417.36,59.47,2225.61,163.46,681.81,38.98,2213.78,164.26,367.45,245.00,46.43,95.02,223.77,1796.78,3564.19,2.66,149.41,115.91,591.63,3.29,947.07,60.44,488.37
2026-01-02T23:00:00Z,54.48,2213.56,164.15,895.69,44.39,2213.27,164.65,417.95,59.92,2220.13,164.46,693.16,39.04,2216.87,164.72,357.18,246.55,49.27,94.54,221.31,1807.31,3543.72,2.34,148.49,119.91,600.87,2.83,950.53,59.61,507.23
2026-01-02T23:10:00Z,54.40,2219.43,164.63,902.41,44.51,2217.79,164.91,430.85,60.18,2208.97,164.77,707.42,38.95,2222.83,164.30,347.95,244.78,49.64,94.38,220.85,1794.12,3551.45,2.24,150.69,118.12,600.93,2.83,948.58,60.11,497.84
2026-01-02T23:20:00Z,54.45,2217.58,165.02,879.71,44.66,2210.19,165.26,436.65,60.07,2198.42,164.99,706.03,39.12,2213.28,164.91,345.25,248.05,48.04,95.56,221.46,1798.22,3547.05,2.53,150.05,120.01,603.92,3.02,946.19,59.72,498.19
2026-01-02T23:30:00Z,54.88,2207.32,164.94,880.19,44.25,2216.18,165.17,431.00,59.88,2200.83,164.13,713.33,39.35,2214.85,164.45,353.89,245.59,46.20,95.00,218.78,1809.14,3560.49,2.34,149.53,117.90,599.59,3.59,957.48,60.71,496.95
2026-01-02T23:40:00Z,54.81,2204.05,165.05,894.72,44.17,2226.93,165.19,424.42,59.59,2207.40,164.16,706.18,39.36,2220.36,164.75,349.13,245.57,47.68,95.10,221.18,1793.11,3549.82,2.18,150.31,118.56,599.79,3.18,945.34,60.17,502.38
2026-01-02T23:50:00Z,55.13,2200.26,164.78,903.12,44.20,2217.16,164.37,425.74,59.36,2218.83,164.79,702.70,39.49,2213.68,164.42,355.03,240.67,46.84,94.74,215.53,1780.28,3544.88,2.68,150.27,114.00,598.17,3.13,939.97,59.84,496.77
2026-01-03T00:00:00Z,55.24,2203.58,165.73,902.21,44.57,2202.97,164.55,449.69,59.02,2225.33,164.58,696.17,39.01,,164.39,347.49,240.87,46.79,94.92,217.22,1788.76,3536.98,2.44,148.09,113.61,595.98,3.37,936.61,60.48,505.41
2026-01-03T00:10:00Z,54.90,2209.82,165.47,891.63,44.65,2209.73,165.34,445.75,59.39,2212.04,164.62,686.28,38.85,2227.22,164.97,346.22,242.20,47.36,95.34,218.40,1794.97,3554.39,2.76,148.51,115.76,601.93,2.91,945.12,60.63,494.90
2026-01-03T00:20:00Z,55.14,2201.88,164.90,890.35,45.00,2208.53,164.80,432.72,59.13,2222.38,164.60,686.22,39.10,2214.19,165.74,354.00,247.84,50.68,93.83,221.76,1788.64,3552.45,2.70,150.96,117.31,600.70,3.19,940.18,58.80,497.09
2026-01-03T00:30:00Z,55.17,2202.88,164.42,883.03,45.01,2199.84,165.47,442.94,58.81,2236.37,164.58,683.85,39.34,2226.53,165.56,355.26,246.03,47.77,94.71,221.58,1801.60,3553.51,2.46,149.85,119.03,600.15,3.45,945.07,60.21,504.44
2026-01-03T00:40:00Z,55.09,2188.95,164.38,890.02,45.47,2194.35,164.70,453.64,59.05,2230.06,164.57,686.67,39.34,2219.73,165.01,374.49,250.90,49.65,94.34,228.48,1808.73,3552.70,2.36,149.72,121.15,604.45,3.04,955.48,59.79,495.68
2026-01-03T00:50:00Z,55.42,2197.05,164.94,905.22,44.97,2197.34,165.67,463.58,59.36,2222.63,165.02,696.64,39.46,2228.26,165.26,350.01,249.97,48.95,94.85,225.82,1808.99,3566.04,2.40,151.49,122.49,609.12,3.37,950.39,59.59,505.00
2026-01-03T01:00:00Z,55.07,2196.22,164.79,902.61,44.87,2196.51,165.10,459.87,59.83,2219.71,163.92,690.10,39.63,2208.09,164.93,359.30,250.40,48.82,94.59,223.90,1803.59,3540.12,2.56,148.73,122.00,604.55,3.16,950.98,62.02,514.11
2026-01-03T01:10:00Z,55.17,2201.33,165.26,898.82,44.78,2196.03,164.76,456.33,59.96,2200.26,164.72,704.78,39.34,2213.29,164.46,344.51,245.83,50.00,94.16,222.49,1789.72,3545.38,2.48,149.10,122.71,603.48,3.25,945.41,62.64,499.22
2026-01-03T01:20:00Z,55.38,2196.92,164.61,913.21,44.88,2195.62,165.63,463.32,60.50,2190.24,165.62,721.03,39.50,2213.94,164.43,365.00,248.21,50.32,95.07,222.97,1790.96,3546.45,2.76,150.69,119.36,598.51,2.95,946.70,62.15,502.44
2026-01-03T01:30:00Z,55.41,2189.42,165.60,919.47,44.88,2190.69,165.77,456.35,60.25,2201.28,165.00,720.10,39.81,2218.67,164.82,377.35,249.54,50.39,95.50,221.96,1793.16,3557.23,2.68,148.11,117.41,596.82,2.90,947.66,61.96,496.23
2026-01-03T01:40:00Z,55.52,2187.53,166.05,921.42,44.92,2201.22,164.89,451.78,60.49,2183.92,165.10,723.27,39.53,,165.53,379.75,249.41,49.83,95.52,224.97,1793.51,3537.65,2.64,149.83,119.17,598.63,2.72,942.90,60.55,505.98
2026-01-03T01:50:00Z,55.45,2187.04,166.78,916.69,44.63,2202.99,164.80,447.12,60.23,2203.38,165.17,730.00,39.50,2215.74,165.84,374.40,249.08,46.89,95.39,223.30,1802.45,3539.01,2.74,150.88,120.71,605.16,2.80,954.81,60.70,500.15
2026-01-03T02:00:00Z,55.59,2191.38,165.97,919.35,44.55,2195.80,164.35,450.06,60.23,2194.32,165.16,738.48,39.48,2205.51,165.24,377.18,251.28,47.73,94.62,229.18,1807.43,3534.73,2.55,148.79,121.17,606.71,3.10,954.76,59.77,500.31
2026-01-03T02:10:00Z,55.61,2184.28,165.39,927.57,45.00,2196.35,164.81,454.31,59.99,2210.70,165.44,728.87,39.43,2212.69,165.69,374.96,251.42,50.58,94.87,230.36,1802.47,3547.42,2.64,150.88,123.59,606.25,2.68,955.83,60.27,503.43
2026-01-03T02:20:00Z,55.26,2198.48,165.32,924.01,44.87,2193.95,165.74,451.81,59.85,2198.89,164.66,715.35,39.48,2224.07,165.38,379.99,250.76,51.18,94.86,226.14,1804.28,3543.20,2.65,150.53,118.36,591.34,2.92,952.51,59.98,479.76
2026-01-03T02:30:00Z,55.62,2185.28,165.75,924.98,44.54,2222.92,165.19,426.29,59.66,2205.39,164.86,717.24,39.15,2223.97,165.11,363.10,247.39,49.71,95.44,221.91,1799.22,3541.80,2.80,150.50,120.87,599.26,2.96,955.25,60.24,500.55
2026-01-03T02:40:00Z,55.42,2190.71,164.74,915.67,44.19,2219.92,165.58,423.00,60.13,2207.35,165.39,709.87,39.31,2224.69,164.97,348.78,246.71,48.67,95.11,220.27,1790.96,3547.21,2.77,149.96,117.86,596.51,2.86,940.66,58.98,512.94
2026-01-03T02:50:00Z,55.78,2180.93,164.73,920.92,44.39,2222.46,165.75,432.78,60.62,2204.03,165.37,711.04,39.62,2215.73,164.58,357.52,240.33,50.05,95.38,217.10,1792.62,3558.28,2.43,149.92,114.17,595.57,3.51,943.16,59.30,495.98
2026-01-03T03:00:00Z,55.76,2180.04,164.90,931.77,44.69,2206.84,164.83,430.93,60.39,2198.71,164.96,710.11,39.65,2208.61,165.03,366.40,247.59,51.36,94.70,222.31,1791.61,3556.87,2.40,150.37,116.31,589.33,3.41,935.55,59.69,488.82
2026-01-03T03:10:00Z,55.51,2177.60,165.40,920.40,44.71,2193.39,165.14,447.16,60.32,2193.98,165.36,717.94,39.71,2214.24,165.01,361.78,247.44,50.77,96.00,221.80,1801.31,3537.34,2.45,148.18,120.17,600.39,3.03,953.88,60.32,497.08
2026-01-03T03:20:00Z,55.72,2171.12,165.57,921.70,44.93,2194.75,165.14,454.39,59.98,2205.79,164.71,721.34,39.41,2227.65,164.81,361.82,251.19,50.35,94.94,223.11,1792.24,3553.33,2.65,151.02,121.51,601.46,3.20,943.38,59.74,502.22
2026-01-03T03:30:00Z,55.78,2169.99,164.96,918.88,45.13,2188.94,165.64,456.57,60.14,2198.97,165.18,729.42,39.21,2217.16,164.92,370.10,252.29,50.19,94.41,229.28,1808.17,3556.00,2.42,149.51,121.35,610.15,2.93,958.83,59.99,518.56
2026-01-03T03:40:00Z,55.84,2165.40,164.97,925.63,45.44,2185.56,164.97,455.55,60.35,2198.34,165.04,725.32,39.14,2232.26,165.05,363.80,247.84,52.05,94.26,224.53,1800.00,3553.10,2.56,149.96,118.36,594.45,2.83,958.05,60.18,492.03
2026-01-03T03:50:00Z,55.95,2172.11,164.97,921.18,46.09,2181.07,165.25,478.42,60.10,2192.93,165.70,733.17,39.33,2221.25,164.84,360.10,248.70,51.40,94.85,223.10,1802.72,3551.47,2.55,151.64,120.45,599.38,2.51,952.50,59.53,505.69
2026-01-03T04:00:00Z,55.79,2186.52,165.13,912.84,45.90,2181.17,166.01,484.61,60.25,2190.31,165.72,723.91,39.38,2212.60,163.82,365.51,244.39,51.26,94.24,221.48,1790.67,3554.49,2.38,149.34,115.87,593.46,2.95,944.25,59.77,496.13
2026-01-03T04:10:00Z,55.42,2187.74,165.89,910.45,45.46,2173.24,165.88,479.65,60.33,2196.00,165.08,728.22,39.74,2212.78,164.68,356.32,250.39,51.61,95.18,225.47,1801.65,3536.09,2.68,,118.66,601.97,2.91,950.51,59.71,509.66
2026-01-03T04:20:00Z,55.77,2175.62,166.18,935.73,45.07,2193.02,165.91,464.99,60.46,2201.74,164.88,703.28,39.64,2211.95,164.99,364.14,247.78,52.04,95.08,225.81,1789.78,3564.71,2.63,149.76,119.72,596.26,3.35,939.44,60.87,499.11
2026-01-03T04:30:00Z,55.83,2178.93,165.35,936.87,45.00,2207.12,165.72,446.75,60.30,2203.78,165.16,703.36,39.19,2220.16,164.77,361.74,246.15,52.19,95.27,221.65,1797.33,3553.76,2.41,151.42,117.23,597.64,3.16,956.71,59.23,507.62
2026-01-03T04:40:00Z,56.37,2170.09,165.40,945.43,45.03,2199.60,165.33,451.75,60.12,2206.93,164.71,712.79,39.30,2221.44,164.67,353.03,252.09,49.70,96.13,223.52,1801.11,3542.56,2.65,150.71,119.10,596.15,3.17,950.03,59.56,492.66
2026-01-03T04:50:00Z,56.28,2173.79,165.98,952.32,45.28,2189.30,164.96,456.65,60.71,2199.73,164.92,724.05,39.43,2227.94,164.74,353.05,252.95,51.76,94.64,226.97,1797.48,3550.46,2.42,150.15,118.15,597.53,3.04,952.47,61.34,496.14
2026-01-03T05:00:00Z,55.79,2176.84,166.23,943.80,45.38,2194.46,164.72,466.57,60.98,2195.02,164.79,732.38,39.59,2214.99,164.87,369.15,250.78,51.77,95.05,225.33,1801.29,3545.85,2.33,149.91,121.52,602.87,3.24,953.98,60.59,496.05
2026-01-03T05:10:00Z,55.68,2186.43,165.59,924.59,45.09,2196.65,164.39,455.46,61.10,2180.44,165.18,744.97,39.60,2214.23,165.01,370.59,248.22,50.04,94.86,223.98,1788.76,3548.34,2.49,150.53,119.42,595.70,2.94,949.62,60.15,493.90
2026-01-03T05:20:00Z,55.26,2190.55,165.45,911.15,45.24,2192.58,164.90,456.29,61.25,2185.32,165.44,749.68,39.40,2215.62,165.16,367.14,254.32,51.20,95.41,226.75,1800.83,3560.39,2.41,150.27,124.30,609.86,2.44,945.41,60.58,501.59
2026-01-03T05:30:00Z,55.31,2194.46,165.58,916.00,45.21,2187.38,163.81,457.11,61.17,2183.43,165.57,750.33,39.19,2225.95,164.52,367.91,257.00,48.99,94.96,230.74,1797.49,3544.93,2.92,150.23,124.86,601.22,3.15,952.39,60.31,510.83
2026-01-03T05:40:00Z,55.53,2188.89,165.19,916.47,45.54,2184.49,164.53,479.82,60.88,2168.53,165.75,734.98,39.04,2224.04,163.70,349.65,251.31,50.59,95.35,226.11,1803.02,3559.37,2.40,151.36,119.14,600.76,3.35,950.10,59.68,516.00
2026-01-03T05:50:00Z,55.12,2193.77,165.21,907.06,45.85,2179.25,164.74,476.36,60.73,2186.87,165.60,740.98,39.02,2232.26,164.17,351.13,247.30,51.30,95.53,222.57,1800.92,3546.15,2.65,148.79,118.75,596.20,3.14,952.10,60.38,496.86
2026-01-03T06:00:00Z,55.03,2195.82,165.62,907.01,45.53,2192.41,164.70,465.15,60.81,2182.08,165.87,743.55,38.94,2235.91,163.87,340.45,245.09,49.85,95.36,221.61,1795.21,3543.62,2.68,150.49,116.24,591.86,2.71,953.35,59.74,494.76
2026-01-03T06:10:00Z,54.82,2202.81,165.18,912.53,45.25,2194.53,165.09,454.49,61.08,2177.93,165.70,757.31,39.01,2220.92,164.34,342.07,246.97,50.04,94.58,221.58,1804.82,3546.39,2.39,150.61,121.20,601.72,3.16,949.27,60.17,502.05
2026-01-03T06:20:00Z,55.01,2193.39,165.32,906.84,45.16,2202.05,165.19,451.59,61.01,2167.12,165.61,759.04,39.10,2225.11,163.84,343.57,249.86,51.91,95.04,223.52,1812.17,3541.02,2.69,149.99,119.65,597.75,3.27,956.09,60.47,500.07
2026-01-03T06:30:00Z,55.09,2202.56,164.86,907.62,45.27,2197.77,165.59,435.22,61.16,2159.03,165.39,750.08,38.94,2215.20,163.74,340.58,248.19,50.21,95.29,220.71,1803.68,3556.28,2.35,149.83,118.54,604.00,3.23,950.66,59.88,498.00
2026-01-03T06:40:00Z,55.04,2197.65,165.12,897.74,45.53,2192.30,165.26,448.99,60.99,2177.00,165.26,760.67,39.52,2216.81,164.05,358.79,249.36,49.31,95.59,224.21,1794.92,3555.84,2.38,151.34,119.26,600.03,2.90,944.37,59.75,494.66
2026-01-03T06:50:00Z,54.95,2189.55,165.72,899.65,45.42,2196.25,164.99,464.57,60.73,2184.53,164.95,746.69,39.93,2203.25,164.33,363.44,247.12,52.57,94.89,224.67,1800.46,3548.00,2.56,149.49,119.14,600.05,3.21,948.40,60.02,483.14
2026-01-03T07:00:00Z,55.10,2185.29,166.29,907.28,45.64,2200.09,164.71,463.36,61.01,2181.85,165.89,760.48,40.31,2201.13,164.01,362.11,252.49,51.23,94.86,225.39,1800.42,3560.42,2.56,150.94,120.10,601.38,3.04,952.48,60.58,491.06
2026-01-03T07:10:00Z,55.21,2198.40,165.19,897.88,45.74,2199.36,164.82,469.51,60.70,2186.37,165.92,755.91,40.23,2183.95,164.07,372.85,254.31,49.72,94.47,229.18,1799.06,3542.47,2.55,150.12,120.85,602.72,3.07,950.22,60.42,497.23
2026-01-03T07:20:00Z,55.33,2197.32,164.85,897.10,45.80,2201.77,164.98,471.74,60.64,2182.83,165.14,764.22,40.51,2189.52,163.95,395.85,251.06,,95.38,227.03,1805.80,3556.92,2.62,149.81,121.87,602.92,2.99,956.50,60.31,499.07
2026-01-03T07:30:00Z,54.93,2197.20,164.75,909.35,45.89,2184.24,165.84,491.89,60.93,2173.94,165.36,759.79,41.09,2177.72,164.32,396.54,256.97,52.14,95.59,230.75,1805.63,3552.08,2.29,150.03,122.33,604.21,3.31,944.18,60.48,503.64
2026-01-03T07:40:00Z,55.00,2188.09,164.64,893.31,45.68,2174.55,165.71,483.50,60.92,2166.59,165.68,752.22,41.21,2177.86,164.43,425.07,254.59,52.69,95.17,229.40,1810.64,3551.20,2.54,151.77,124.33,600.61,2.44,950.23,61.62,501.38
2026-01-03T07:50:00Z,55.04,2192.49,165.03,903.13,45.87,2178.29,165.40,478.82,60.78,2182.79,165.62,745.13,41.32,2173.51,164.93,414.66,254.33,51.14,95.46,228.18,1791.05,3545.62,2.53,149.01,121.12,597.32,2.97,951.67,60.45,497.81
2026-01-03T08:00:00Z,55.35,2186.25,164.84,904.86,45.87,2181.46,165.50,484.41,60.73,2177.97,166.01,736.65,41.68,2177.03,164.79,416.83,253.10,51.67,95.18,227.79,1807.29,3548.62,2.53,149.67,121.17,606.81,2.60,953.88,60.12,506.64
2026-01-03T08:10:00Z,55.38,2192.53,165.04,906.06,45.72,2188.89,165.59,476.48,60.29,2178.86,165.43,753.75,41.72,2157.51,165.02,429.13,256.23,50.86,94.45,232.03,1804.61,3549.75,2.62,150.67,122.71,597.33,3.30,944.98,59.09,499.64
2026-01-03T08:20:00Z,55.08,2192.75,165.46,910.41,45.66,2171.95,165.65,479.98,60.46,2170.59,165.74,756.54,41.42,2160.28,165.77,422.51,253.23,52.97,95.10,224.34,1797.63,3546.79,2.39,149.55,121.53,604.34,2.79,949.81,57.49,506.73
2026-01-03T08:30:00Z,54.60,2204.53,165.37,900.58,45.82,2174.70,165.36,475.86,60.58,2180.96,165.36,750.83,41.44,2160.27,165.67,425.01,253.66,52.25,95.29,228.66,1793.88,3543.64,2.47,149.67,121.72,600.68,2.97,943.92,58.63,509.57
2026-01-03T08:40:00Z,54.77,2200.95,164.61,895.71,45.72,2181.06,165.52,467.04,60.57,2189.10,165.86,734.10,41.06,2172.61,165.63,424.75,251.17,53.72,95.00,227.81,1797.67,3544.79,2.72,149.64,120.82,602.01,3.40,945.10,60.37,502.92
2026-01-03T08:50:00Z,54.88,2195.41,164.34,900.26,45.48,2182.50,166.22,472.29,60.94,2183.54,166.39,720.71,41.09,2173.82,165.67,426.60,248.64,52.52,94.70,223.16,1788.61,3548.35,2.46,149.80,117.52,597.87,2.85,945.45,60.42,494.01
2026-01-03T09:00:00Z,54.90,2204.18,164.28,898.58,45.06,2194.85,165.98,467.92,60.84,2168.59,166.12,734.05,40.48,2181.83,165.16,407.77,248.24,52.24,94.12,221.84,1801.90,3557.01,2.54,149.15,118.42,596.99,2.99,954.23,60.10,499.87
2026-01-03T09:10:00Z,54.27,2220.73,164.13,875.44,45.13,2183.22,165.61,467.03,60.94,2176.63,165.31,726.24,40.45,2182.84,165.49,412.27,246.88,48.04,95.28,225.16,1795.60,3565.11,2.44,151.06,116.22,593.26,3.31,953.61,60.86,489.82
2026-01-03T09:20:00Z,53.71,2214.71,164.59,883.58,44.96,2199.10,165.55,451.10,60.99,2171.47,165.36,737.79,40.60,2193.44,165.18,420.10,255.54,50.73,94.79,228.92,1799.36,3545.38,2.34,150.35,119.70,594.58,3.14,951.60,59.87,502.16
2026-01-03T09:30:00Z,54.04,2215.51,164.27,882.44,44.86,2206.40,165.47,449.01,61.10,2163.04,165.54,757.25,40.25,2192.72,165.19,402.09,253.11,51.36,94.85,229.93,1801.96,3554.96,2.90,148.64,121.63,592.87,2.94,949.07,60.36,505.34
2026-01-03T09:40:00Z,54.09,2218.42,163.98,893.20,44.44,2208.36,165.33,456.62,61.21,2167.65,165.59,770.60,40.20,2186.84,165.01,400.72,257.01,52.59,95.22,229.51,1805.39,3544.31,2.82,147.57,123.42,602.12,2.95,953.98,60.58,492.38
2026-01-03T09:50:00Z,54.00,2228.71,164.81,875.69,44.03,2217.01,164.70,436.78,61.39,2163.28,165.64,783.63,39.99,2205.33,164.31,379.75,257.73,51.93,95.34,232.01,1814.03,3536.35,2.47,149.17,125.46,612.53,2.98,953.77,60.95,521.64
2026-01-03T10:00:00Z,54.52,2215.11,164.65,878.22,44.37,2219.36,164.91,432.26,61.15,2170.35,166.13,764.82,39.81,2199.76,164.40,375.44,252.44,51.80,95.03,229.42,1799.32,3552.31,2.40,150.93,121.82,603.30,3.25,945.09,59.98,518.05
2026-01-03T10:10:00Z,54.37,2223.30,164.94,882.00,44.35,2220.14,164.11,424.16,61.14,2164.27,165.61,768.27,39.66,2207.29,165.06,369.70,254.83,49.50,95.79,230.63,1809.40,3549.49,2.38,150.77,119.76,604.95,2.96,961.12,59.29,513.33
2026-01-03T10:20:00Z,54.31,2225.37,164.58,871.60,44.48,2223.95,164.22,434.46,60.92,2179.14,165.91,772.38,39.71,2204.75,164.04,365.66,252.16,48.18,94.96,224.94,1802.31,3546.55,2.61,150.99,121.77,599.89,3.14,942.82,59.40,503.56
2026-01-03T10:30:00Z,54.29,2206.71,164.59,878.59,44.61,2214.35,164.65,426.35,60.99,2181.09,166.57,763.42,39.73,2210.72,164.98,376.64,249.82,48.51,95.02,223.26,1799.56,3552.70,2.46,148.38,119.69,599.98,3.13,945.01,60.45,507.97
2026-01-03T10:40:00Z,54.36,2208.41,164.34,875.19,44.50,2219.68,164.70,433.12,61.00,2182.00,165.73,751.94,39.72,2211.11,164.90,381.92,243.18,49.45,94.62,218.55,1795.30,3559.32,2.40,150.74,115.90,594.53,3.09,958.38,59.71,498.25
2026-01-03T10:50:00Z,54.18,2221.35,164.07,868.22,44.77,2196.02,164.94,444.94,61.14,2170.52,165.95,756.52,39.52,2207.10,164.36,372.41,247.60,51.68,94.75,224.57,1801.92,3547.60,2.42,151.13,118.67,598.64,2.88,944.72,60.15,491.67
2026-01-03T11:00:00Z,54.08,2230.42,164.70,859.68,44.29,2207.94,164.88,441.62,61.39,2173.12,166.26,750.59,39.76,2214.90,164.99,373.16,249.13,50.53,94.67,224.77,1794.49,3553.03,2.50,148.75,118.55,600.24,2.85,948.56,61.08,495.95
2026-01-03T11:10:00Z,53.78,2229.27,164.77,850.61,44.52,2216.04,165.36,438.99,61.25,2163.41,166.47,759.28,40.30,2196.10,164.20,377.73,251.36,51.13,94.93,225.98,1802.12,3546.05,2.88,151.07,120.31,602.76,2.91,946.39,60.42,504.07
2026-01-03T11:20:00Z,53.70,2231.90,164.76,846.39,44.60,2220.82,164.93,439.35,61.40,2153.40,165.99,762.69,40.11,2192.57,165.12,382.11,249.31,49.97,95.49,227.03,1805.60,3548.83,2.72,151.10,117.47,593.41,2.83,958.83,59.73,492.08
2026-01-03T11:30:00Z,53.94,2217.24,164.02,853.21,44.83,2219.98,164.85,439.67,61.38,2157.47,166.76,776.96,39.86,2210.51,165.27,385.22,245.75,50.69,95.04,223.26,1803.12,3557.59,2.41,150.87,116.60,596.47,2.76,950.88,61.04,489.46
2026-01-03T11:40:00Z,54.58,2209.26,163.72,875.87,45.01,2201.31,164.77,430.40,61.18,2158.17,166.50,766.98,40.11,2203.52,165.17,370.68,247.84,49.46,93.40,220.48,1794.47,3557.29,2.62,151.59,120.54,600.93,2.98,947.17,60.33,503.22
2026-01-03T11:50:00Z,54.47,2215.07,163.98,887.49,45.21,2198.41,164.81,440.25,61.06,2163.03,165.30,750.95,40.32,2185.86,164.76,407.85,247.88,49.07,93.11,223.77,1789.82,3550.05,2.54,149.96,119.62,598.13,2.96,936.85,60.63,503.11
2026-01-03T12:00:00Z,54.54,2211.23,164.22,883.82,45.45,2196.88,164.93,455.53,60.97,2169.88,164.92,762.88,40.15,2200.77,164.82,403.80,254.23,49.60,94.44,228.07,1796.73,3556.24,2.77,150.83,119.69,599.57,3.19,950.55,60.20,503.60
2026-01-03T12:10:00Z,54.41,2213.21,163.66,881.68,45.63,2189.39,165.34,457.83,60.57,2175.50,165.05,747.02,40.22,2198.75,164.79,393.67,246.05,48.41,94.73,217.94,1798.46,3551.57,2.71,150.80,118.08,605.32,2.73,942.52,60.57,513.65
2026-01-03T12:20:00Z,54.50,2214.32,163.89,879.91,45.74,2188.72,165.58,465.28,60.66,2177.77,165.86,743.80,40.18,2203.69,164.73,380.67,246.95,48.38,94.23,219.48,1797.94,3564.78,2.39,151.09,119.05,604.89,2.79,954.96,60.42,499.99
2026-01-03T12:30:00Z,54.43,2207.55,163.71,889.01,46.06,2185.12,165.96,471.95,60.75,2180.45,,742.69,40.39,2201.83,165.12,377.75,249.05,49.34,94.42,221.46,1796.39,3550.69,2.38,150.41,119.11,597.46,3.15,946.42,59.67,498.77
2026-01-03T12:40:00Z,54.91,2205.89,164.31,881.53,45.78,2184.78,165.48,476.39,60.55,2187.77,165.09,737.67,40.87,2185.43,164.34,393.23,247.65,50.00,94.84,217.98,1794.31,3548.44,2.17,149.74,121.77,595.34,3.12,946.22,61.09,494.55
2026-01-03T12:50:00Z,55.07,2205.29,164.49,910.06,45.58,2194.66,165.05,473.14,60.53,2187.35,165.99,747.99,40.79,2184.59,165.13,399.62,253.38,51.29,94.58,224.50,1803.27,3543.59,2.42,150.84,120.79,595.24,3.25,948.54,61.19,488.00
2026-01-03T13:00:00Z,55.07,2198.34,165.39,915.65,45.84,2192.91,164.92,483.52,60.47,2181.60,165.81,742.26,40.35,2189.38,165.04,391.79,249.87,50.19,94.57,226.22,1795.19,3554.88,2.51,147.83,119.44,597.59,3.05,950.14,59.88,500.23
2026-01-03T13:10:00Z,54.92,2195.34,165.65,907.01,45.83,2183.27,165.23,488.17,60.64,2190.75,165.27,744.68,40.66,2190.41,165.77,407.98,253.04,50.89,94.65,230.11,1807.94,3543.43,2.13,150.17,119.42,603.28,2.95,956.89,59.29,496.53
2026-01-03T13:20:00Z,55.01,2191.74,165.65,900.18,45.63,2190.24,165.83,468.91,60.92,2181.64,165.72,738.11,40.76,2189.20,165.52,414.38,255.14,53.24,94.95,227.44,1803.73,3556.21,2.64,150.96,120.46,606.77,2.94,949.05,59.33,509.70
2026-01-03T13:30:00Z,55.14,2187.74,165.75,908.93,45.82,2184.39,165.16,465.22,60.83,2181.50,165.28,742.56,40.82,2184.78,164.98,408.22,252.12,52.77,95.82,226.37,1810.60,3550.55,2.63,148.72,119.42,598.65,3.17,957.09,61.10,512.04
2026-01-03T13:40:00Z,54.80,2188.63,166.04,890.13,46.28,2181.05,164.92,475.75,61.39,2173.74,166.05,752.52,41.13,2169.32,165.38,411.37,254.08,53.06,95.39,230.94,1802.56,3553.64,2.55,149.18,119.54,600.59,2.69,953.84,60.69,495.72
2026-01-03T13:50:00Z,54.65,2193.51,165.24,904.35,46.18,2180.76,165.39,488.46,61.46,2171.04,165.10,741.79,41.00,2176.61,165.63,419.90,257.04,52.96,95.08,227.70,1798.22,3540.33,2.45,150.66,123.74,604.21,2.90,952.22,59.49,505.66
2026-01-03T14:00:00Z,54.66,2198.39,164.51,895.81,46.12,2177.03,164.86,499.92,61.17,2165.22,165.58,750.52,41.19,2172.28,166.04,418.53,255.92,52.37,94.90,229.48,1808.04,3544.93,2.54,149.97,124.85,604.97,2.85,954.19,60.20,502.46
2026-01-03T14:10:00Z,54.30,2202.64,164.87,895.25,46.39,2169.59,165.64,500.15,61.18,2158.75,165.87,753.66,41.13,2165.71,165.67,415.75,254.89,52.76,96.05,226.03,1796.60,3550.52,2.36,149.75,123.55,600.64,2.64,949.98,58.34,504.77
2026-01-03T14:20:00Z,54.42,2214.18,164.66,880.39,46.17,2171.11,165.63,502.28,60.73,2159.16,166.02,748.12,40.97,2169.45,164.48,395.78,250.31,51.01,96.00,224.68,1806.20,3550.00,2.44,150.14,118.46,602.95,3.22,949.21,57.72,498.51
2026-01-03T14:30:00Z,54.54,2209.73,165.15,871.54,46.38,2180.36,165.66,501.63,60.56,2187.58,166.20,745.79,40.94,2181.90,165.06,416.89,256.18,51.12,96.18,232.31,1815.95,3541.21,2.61,150.92,123.26,603.80,3.29,959.19,60.79,488.41
2026-01-03T14:40:00Z,54.62,2207.80,164.97,874.26,46.28,2169.94,165.26,499.80,60.48,2187.62,165.76,728.73,40.82,2186.27,164.78,416.66,251.44,52.70,94.93,226.09,1801.91,3546.29,2.58,150.56,121.86,596.28,3.09,952.53,59.79,499.87
2026-01-03T14:50:00Z,55.02,2197.23,165.05,889.20,46.16,2168.80,165.39,503.73,60.46,2192.83,165.88,728.56,40.87,2172.40,164.93,406.05,253.02,51.45,94.97,229.09,1806.87,3544.77,2.42,152.29,122.67,607.96,2.79,954.10,59.60,515.88
2026-01-03T15:00:00Z,54.97,2196.11,165.34,893.65,46.06,2170.54,166.01,498.33,60.27,2190.77,164.87,727.54,41.08,2172.58,165.09,408.77,252.58,52.09,95.35,225.94,1807.39,3538.72,2.43,149.90,120.37,600.05,3.03,953.29,60.56,498.25
2026-01-03T15:10:00Z,54.91,2203.78,165.78,892.24,46.10,2163.36,166.27,491.34,60.72,2178.72,164.54,745.97,41.09,2165.51,165.68,417.00,252.38,50.97,95.71,228.18,1805.93,3559.26,2.28,149.89,123.96,597.14,3.24,954.75,60.35,502.32
2026-01-03T15:20:00Z,54.89,2194.02,165.08,893.71,45.94,2165.12,166.29,501.94,60.58,2181.96,165.77,750.06,41.53,2168.24,165.73,420.62,255.00,53.23,95.08,228.41,1800.38,3536.42,2.44,151.02,122.75,605.17,3.11,951.52,59.64,503.04
2026-01-03T15:30:00Z,54.57,2204.66,164.43,877.52,46.29,2174.77,165.86,497.31,60.67,2174.97,165.68,749.57,41.47,2157.16,165.81,423.52,251.34,52.53,95.58,225.70,1798.03,3554.07,2.48,151.33,120.08,604.12,3.48,947.64,59.10,503.71
2026-01-03T15:40:00Z,54.87,2202.72,164.72,888.17,46.03,2176.55,165.72,498.87,60.43,2177.79,166.30,752.17,41.41,2157.61,165.82,422.24,252.51,52.27,95.27,229.86,1802.92,3545.82,2.65,151.36,121.91,594.66,2.91,949.97,61.75,491.19
2026-01-03T15:50:00Z,54.63,2198.00,164.47,892.60,46.24,2169.28,165.60,500.54,60.55,2187.14,166.35,737.50,41.09,2168.70,166.02,415.34,254.12,50.88,95.78,228.34,1790.61,3557.41,2.52,149.86,121.77,599.50,2.97,942.03,60.29,503.37
2026-01-03T16:00:00Z,54.70,2198.53,164.53,889.16,46.24,2176.03,165.62,497.18,60.53,2192.19,165.79,723.59,40.38,2184.80,166.06,417.66,251.47,48.79,95.13,226.46,1798.00,3543.92,2.68,150.71,120.50,604.39,3.09,948.10,61.01,510.98
2026-01-03T16:10:00Z,54.52,2215.85,164.69,880.79,46.30,2174.99,165.93,495.12,60.52,2196.96,165.17,728.00,40.16,2190.61,165.99,417.15,257.51,50.98,95.10,230.08,1796.46,3560.51,2.23,150.87,124.44,609.44,2.83,949.11,59.92,499.14
2026-01-03T16:20:00Z,54.53,2223.32,164.70,882.00,46.02,2177.84,165.84,487.03,59.95,2197.24,165.11,723.04,40.09,2195.49,165.54,386.65,254.74,49.42,94.50,227.98,1796.21,3548.99,2.76,149.66,119.74,598.27,3.05,946.69,60.89,494.76
2026-01-03T16:30:00Z,54.97,2209.31,164.31,888.40,45.93,2183.72,165.40,492.14,59.89,2198.63,164.73,716.66,39.71,2200.99,164.93,383.98,256.72,50.23,95.64,231.20,1806.28,3555.68,2.41,150.52,123.74,610.39,2.90,957.06,59.81,499.45
2026-01-03T16:40:00Z,54.76,2204.73,164.13,902.16,46.13,2185.03,165.82,487.84,60.23,2197.31,164.38,729.15,39.12,2209.89,165.14,367.35,254.04,51.30,95.11,230.62,1816.57,3547.52,2.53,151.03,124.11,611.43,2.65,961.09,59.46,513.74
2026-01-03T16:50:00Z,54.76,2195.65,164.80,894.09,45.93,2182.40,166.14,472.75,60.35,2195.73,164.56,740.21,39.47,2218.94,165.28,368.99,248.45,49.69,94.98,224.79,1799.69,3564.29,2.46,150.87,120.49,603.45,3.36,950.17,58.45,509.70
2026-01-03T17:00:00Z,54.40,2218.67,164.43,889.56,46.01,2173.67,165.90,483.04,60.18,2190.94,164.91,715.53,39.44,2224.57,165.13,358.88,249.31,51.36,95.22,225.22,1791.99,3545.41,2.76,150.50,121.13,596.98,2.86,948.98,59.41,500.67
2026-01-03T17:10:00Z,55.03,2200.95,163.93,893.98,46.17,2183.08,165.97,486.68,59.96,2197.12,164.20,706.01,39.44,2223.41,164.49,357.74,250.16,50.42,95.77,221.96,1799.04,3557.45,2.37,149.43,120.22,600.85,3.07,948.46,60.09,500.46
2026-01-03T17:20:00Z,54.32,2213.17,164.00,892.41,46.34,2179.23,165.55,483.17,59.43,2209.90,164.94,712.49,39.24,2226.90,164.01,350.73,249.68,47.75,95.39,226.04,1810.29,3563.10,2.54,150.77,121.10,603.61,3.07,953.91,60.22,506.68
2026-01-03T17:30:00Z,54.23,2212.23,164.37,896.76,45.95,2176.49,165.26,493.40,59.63,2214.08,164.35,702.45,39.34,2220.00,164.07,359.00,251.82,49.13,95.16,227.65,1804.98,3563.91,2.60,151.08,119.36,597.22,2.84,957.17,60.59,490.59
2026-01-03T17:40:00Z,54.11,2219.52,164.10,876.24,46.05,2178.12,164.64,490.91,59.38,2225.80,165.16,696.10,39.06,2222.70,163.70,346.94,247.54,50.38,95.34,223.53,1787.94,3537.04,2.60,150.13,118.07,598.20,2.84,942.93,60.65,494.89
2026-01-03T17:50:00Z,53.49,2237.24,164.70,875.42,45.75,2179.88,164.91,511.18,59.57,2227.57,164.90,694.79,39.08,2217.26,163.87,345.48,250.66,48.83,95.20,223.79,1811.06,3552.38,2.36,149.97,121.06,602.69,2.82,951.38,61.18,493.81
2026-01-03T18:00:00Z,53.91,2242.96,163.86,850.64,45.60,2197.94,165.28,493.05,60.14,2199.65,164.63,715.79,39.52,2224.85,164.19,355.77,246.79,48.71,95.56,220.83,1795.94,3552.70,2.43,150.31,119.51,593.31,3.17,938.77,60.61,505.17
2026-01-03T18:10:00Z,53.81,2230.26,164.73,859.32,46.15,2188.58,166.30,483.07,60.42,2200.44,164.79,725.85,39.19,2225.21,164.26,351.85,249.73,49.75,95.85,226.45,1802.06,3538.44,2.50,150.28,119.79,595.35,3.50,955.79,60.95,493.36
2026-01-03T18:20:00Z,53.77,2248.25,164.83,839.30,46.30,2180.27,165.45,471.09,60.24,2186.61,164.71,730.07,39.92,2223.81,163.98,348.28,244.12,51.10,94.86,216.44,1791.50,3558.15,2.32,148.55,116.61,602.23,2.98,948.76,59.55,501.48
2026-01-03T18:30:00Z,54.20,2216.64,164.61,859.81,46.30,2168.38,165.47,472.63,60.17,2189.69,164.37,732.59,39.48,2213.00,164.51,348.08,249.17,49.65,94.32,222.66,1786.21,3555.37,2.44,149.74,119.71,595.88,2.80,935.45,58.93,499.54
2026-01-03T18:40:00Z,54.23,2212.66,163.77,872.26,45.96,2169.64,165.41,494.25,59.86,2190.48,164.68,727.48,39.46,2212.76,164.48,358.15,254.47,48.81,94.40,225.17,1809.37,3549.67,2.28,152.33,122.25,607.05,3.21,955.99,60.18,505.37
2026-01-03T18:50:00Z,54.32,2211.38,163.66,877.30,45.81,2181.24,166.08,477.41,60.14,2184.25,165.37,724.98,39.46,2201.86,165.34,365.65,255.51,50.50,94.46,228.63,1803.06,3544.87,2.42,150.45,122.39,599.28,3.15,943.54,60.18,484.25
2026-01-03T19:00:00Z,54.30,2217.73,163.51,860.86,45.67,2175.18,165.33,478.81,59.83,2201.83,165.36,721.40,39.07,2207.66,165.11,356.57,250.45,48.48,93.78,228.13,1811.18,3565.91,2.66,148.51,119.69,604.63,3.67,963.24,59.99,504.32
2026-01-03T19:10:00Z,53.98,2219.80,164.34,862.90,45.99,2160.35,165.82,487.37,59.73,2201.41,165.24,723.75,39.45,2212.33,164.54,363.40,246.11,48.62,93.56,223.53,1794.77,3540.18,2.84,147.96,118.01,591.35,3.36,946.57,59.88,498.83
2026-01-03T19:20:00Z,54.50,2207.08,164.73,871.29,46.07,2167.24,165.06,504.71,59.75,2211.76,166.05,731.06,39.54,2204.78,164.61,359.07,250.37,47.94,94.16,222.21,1792.15,3543.77,2.68,149.69,119.74,599.09,2.83,942.89,58.04,505.07
2026-01-03T19:30:00Z,54.68,2214.40,164.56,875.16,45.73,2185.84,165.97,496.11,60.13,2206.60,164.98,706.80,39.51,2199.83,164.57,352.74,257.79,47.54,94.71,234.15,1805.87,3538.36,2.43,150.96,126.48,600.97,3.15,956.85,58.79,496.04
2026-01-03T19:40:00Z,55.04,2205.53,164.26,884.22,46.19,2187.71,165.47,480.68,60.07,2191.89,165.50,716.97,39.55,2202.98,165.17,366.09,251.54,48.77,95.91,228.96,1797.22,3532.55,2.42,150.29,120.50,598.54,2.95,950.10,58.60,506.26
2026-01-03T19:50:00Z,55.25,2193.59,165.00,899.84,46.24,2193.76,165.20,473.80,60.07,2188.37,165.46,734.03,39.65,2206.13,165.10,364.40,254.87,49.27,96.00,229.44,1806.72,3567.10,2.26,149.64,123.36,603.33,2.91,951.62,59.51,508.08
2026-01-03T20:00:00Z,55.62,2178.59,164.74,904.54,46.48,2169.34,165.33,489.61,60.34,2199.14,165.38,732.61,39.06,2213.01,164.71,372.70,252.49,51.05,95.33,228.27,1800.84,3532.94,2.33,149.69,124.62,605.39,3.42,946.92,,502.54
2026-01-03T20:10:00Z,55.47,2185.32,164.80,904.81,46.29,2171.77,165.36,493.39,60.13,2200.88,164.97,742.79,39.31,2203.32,163.97,364.97,255.63,51.93,94.87,228.56,1801.57,3539.69,2.37,149.61,121.85,601.45,2.91,954.73,60.13,514.82
2026-01-03T20:20:00Z,55.21,2193.85,165.02,907.97,46.48,2171.27,165.36,489.75,60.55,2191.55,164.58,740.95,39.27,2211.91,164.25,368.26,248.47,50.19,94.19,222.86,1791.87,3549.33,2.62,150.15,120.70,610.39,3.35,948.35,60.91,501.31
2026-01-03T20:30:00Z,55.04,2196.32,165.43,897.13,46.50,2164.58,165.54,511.82,60.50,2186.81,165.26,741.18,39.28,2214.70,164.37,367.32,248.88,48.24,95.01,224.03,1790.73,3555.88,2.95,149.74,120.11,596.71,3.03,944.34,60.74,500.87
2026-01-03T20:40:00Z,54.79,2190.88,165.36,890.65,46.65,2154.67,166.72,516.25,60.46,2183.04,164.92,737.64,39.15,2221.20,164.16,370.53,247.45,49.89,94.74,221.27,1791.35,3547.09,2.45,149.25,118.24,596.39,3.19,943.01,60.57,501.99
2026-01-03T20:50:00Z,54.98,2195.05,164.24,889.10,46.32,2166.48,166.91,504.51,60.54,2187.08,164.47,745.50,39.49,2213.77,164.40,361.70,253.88,50.42,95.15,229.41,1801.32,3552.55,2.53,148.26,122.05,607.98,2.90,951.50,60.11,505.39
2026-01-03T21:00:00Z,55.37,2188.31,164.91,904.03,46.12,2176.85,166.36,502.38,61.05,2174.98,165.23,747.77,39.36,2210.36,164.83,365.29,255.40,51.20,95.43,232.61,1809.89,3534.98,2.63,150.12,120.82,600.07,3.32,963.04,61.29,503.24
2026-01-03T21:10:00Z,55.09,2197.93,164.79,899.97,46.28,2169.10,166.34,500.89,61.02,2180.55,165.00,736.32,39.41,2210.00,165.32,365.62,252.66,50.95,94.67,223.86,1796.74,3560.63,2.48,151.53,118.96,600.82,2.89,943.34,59.27,515.40
2026-01-03T21:20:00Z,54.55,2209.71,165.28,898.19,46.13,2173.25,165.90,491.77,61.89,2159.31,165.19,765.04,39.89,2207.11,165.46,374.79,252.54,49.82,95.05,229.30,1800.13,3554.01,2.65,149.71,119.15,602.20,2.81,951.43,59.17,505.79
2026-01-03T21:30:00Z,54.25,2220.87,165.28,886.55,46.13,2175.96,165.51,497.74,61.40,2153.98,165.27,758.25,39.59,2213.67,165.34,369.94,256.27,51.63,94.83,234.24,1801.50,3551.72,2.60,150.27,122.31,602.02,2.82,953.96,59.97,507.50
2026-01-03T21:40:00Z,54.20,2214.78,164.64,877.72,46.07,2166.62,166.09,499.70,61.36,2157.25,165.76,758.72,39.70,2207.61,164.99,375.96,258.14,50.76,94.93,228.26,1794.75,3543.71,2.53,149.89,124.39,604.27,3.10,944.61,60.37,501.07
2026-01-03T21:50:00Z,54.34,2219.16,164.30,880.33,46.29,2162.94,165.68,503.76,61.23,2159.62,166.22,772.86,39.83,2203.54,165.11,366.74,254.17,50.64,94.53,228.03,1802.53,3562.18,2.86,148.71,121.65,600.05,,953.54,60.73,504.46
2026-01-03T22:00:00Z,54.26,2221.23,164.61,888.22,46.47,2150.51,165.74,503.06,61.69,2148.60,166.13,789.44,40.40,2183.69,165.01,384.97,256.82,52.24,94.65,231.84,1806.47,3564.14,2.34,148.12,122.39,608.56,3.08,952.71,59.28,500.38
2026-01-03T22:10:00Z,54.82,2212.40,164.76,883.96,46.49,2154.66,166.39,504.01,61.86,2148.03,166.21,791.82,40.39,2192.67,165.14,380.52,260.87,52.72,95.05,232.57,1810.32,3558.87,2.80,152.31,123.70,599.85,3.19,955.63,60.39,496.57
2026-01-03T22:20:00Z,55.20,2204.02,164.44,889.97,46.58,2147.07,165.91,511.48,61.44,2169.63,165.68,777.54,40.18,2194.72,164.80,399.05,262.02,53.55,94.84,237.98,1818.21,3561.04,2.55,149.96,127.30,610.51,3.20,965.03,60.67,496.62
2026-01-03T22:30:00Z,55.23,2198.25,164.00,903.31,46.39,2155.59,165.35,497.44,60.88,2177.70,165.61,765.30,40.45,2197.62,165.71,398.55,259.39,53.18,95.01,233.40,1804.12,3551.51,2.56,150.20,123.91,609.13,2.87,952.46,61.46,506.68
2026-01-03T22:40:00Z,55.30,2199.40,163.76,897.38,46.47,2161.62,165.74,505.36,60.88,2181.10,165.19,736.42,40.31,2185.54,165.69,401.68,252.44,55.86,95.41,229.62,1799.98,3540.92,2.40,149.78,118.71,601.78,2.98,945.09,59.55,488.41
2026-01-03T22:50:00Z,55.28,2205.64,164.45,901.86,46.17,2175.18,165.23,486.13,61.21,2179.28,165.29,746.05,40.29,2187.31,164.90,382.73,250.06,54.98,95.11,224.39,1808.93,3548.80,2.27,150.57,118.28,598.51,3.01,951.01,60.38,498.78
2026-01-03T23:00:00Z,55.20,2198.32,165.06,897.94,45.56,2184.90,164.64,490.61,60.62,2185.27,165.41,739.56,40.28,2184.54,165.12,393.58,248.48,56.53,94.73,222.14,1798.90,3564.11,2.48,149.75,118.44,596.72,3.16,951.69,60.61,501.78
2026-01-03T23:10:00Z,55.44,2193.57,165.96,898.58,45.36,2187.21,165.03,465.26,60.04,2199.49,166.31,741.63,40.85,2186.61,165.46,405.63,248.77,54.02,95.19,228.66,1798.54,3552.74,2.63,150.11,120.53,605.38,2.91,945.39,60.59,506.49
2026-01-03T23:20:00Z,55.34,2201.83,164.80,907.29,44.89,2208.15,165.30,461.83,59.89,2203.52,165.97,725.89,40.96,2176.47,165.17,428.22,252.58,51.26,94.79,226.49,1803.86,3551.43,2.41,151.34,122.35,602.30,2.88,950.31,60.73,495.55
2026-01-03T23:30:00Z,55.27,2196.90,164.93,903.59,44.90,2196.41,165.52,464.36,59.47,2201.72,165.44,723.67,40.50,2186.30,,415.08,256.36,53.02,95.32,231.27,1802.10,3545.23,2.59,148.90,123.91,607.22,2.75,961.56,59.60,501.23
2026-01-03T23:40:00Z,55.42,2184.75,165.03,921.32,45.20,2202.29,165.07,457.68,59.56,2202.61,164.81,719.09,40.49,2186.32,165.55,406.45,258.48,52.33,95.21,231.83,1807.68,3532.88,2.66,150.86,122.35,600.99,3.01,951.93,59.78,505.56
2026-01-03T23:50:00Z,55.32,2182.70,165.41,921.81,45.31,2195.40,164.81,465.10,59.44,2213.35,164.29,707.93,40.22,2184.97,165.64,394.83,254.99,51.29,94.98,232.02,1801.24,3534.93,2.75,150.26,122.86,604.51,3.10,951.57,58.02,501.58
2026-01-04T00:00:00Z,55.13,2190.13,165.60,904.18,44.93,2197.87,165.09,453.99,59.67,2200.47,164.58,707.04,40.37,2185.92,166.06,396.48,251.43,50.62,95.29,225.09,1801.28,3555.43,2.52,150.69,121.93,598.89,2.85,956.66,58.95,498.07
2026-01-04T00:10:00Z,54.76,2192.73,164.72,896.47,44.86,2200.79,164.86,445.79,59.66,2204.98,164.14,705.54,39.99,2203.93,165.86,389.65,243.70,49.58,95.10,217.71,1790.92,3541.02,2.57,150.30,115.79,592.69,2.93,948.21,59.86,497.50
2026-01-04T00:20:00Z,54.71,2202.96,164.36,889.00,44.72,2206.68,165.18,456.99,59.65,2195.02,165.01,714.58,39.99,2190.44,164.69,380.39,248.38,48.67,95.65,224.48,1794.54,3534.83,2.53,150.84,118.81,601.17,3.08,950.54,58.60,500.96
2026-01-04T00:30:00Z,54.27,2205.58,164.86,875.64,44.97,2199.81,164.60,441.62,59.37,2195.12,165.06,716.74,40.05,2195.44,164.90,383.37,248.37,49.01,94.52,224.63,1799.30,3553.51,2.36,151.13,121.61,600.74,2.89,951.97,58.91,496.45
2026-01-04T00:40:00Z,54.03,2217.38,165.06,878.60,45.61,2183.63,164.80,460.55,59.00,2201.79,164.17,713.15,40.19,2193.82,165.52,395.31,243.27,50.18,94.59,217.44,1794.61,3560.19,2.73,150.74,116.96,600.28,2.96,948.07,58.59,502.99
2026-01-04T00:50:00Z,53.70,2227.27,164.45,877.44,46.07,2174.36,164.49,470.67,59.11,2218.58,163.40,692.30,40.32,2201.17,164.23,399.96,250.73,50.41,94.94,223.66,1790.11,3545.87,2.46,148.21,120.22,601.94,2.75,950.55,58.45,499.95
2026-01-04T01:00:00Z,53.70,2224.83,164.25,861.52,45.84,2172.46,164.77,470.76,59.58,2212.67,164.53,705.11,40.60,2185.77,165.21,383.24,251.37,50.39,95.61,229.70,1799.63,3544.65,2.29,149.52,121.75,599.75,3.50,944.22,59.67,504.14
2026-01-04T01:10:00Z,53.09,2231.25,163.79,858.82,46.22,2169.11,164.88,485.84,59.83,2196.53,164.76,722.25,40.24,2189.73,165.68,387.08,255.27,49.54,94.89,226.52,1801.32,3542.92,2.59,149.04,124.32,603.30,3.06,948.11,59.36,507.59
2026-01-04T01:20:00Z,52.79,2242.83,163.45,838.93,46.42,2155.36,165.42,496.42,59.92,2192.98,165.08,726.33,40.78,2190.64,165.89,394.25,253.99,48.49,95.68,230.69,1805.40,3551.99,2.57,150.54,122.09,600.99,2.99,962.52,59.07,503.45
2026-01-04T01:30:00Z,52.18,2264.68,163.79,819.03,46.41,2167.19,165.36,489.63,59.87,2198.01,165.05,720.65,40.71,2186.92,164.82,393.27,247.99,49.97,95.89,224.96,1796.50,3544.58,2.68,149.65,119.41,599.49,2.57,948.94,58.51,500.77
2026-01-04T01:40:00Z,52.28,2271.53,162.57,806.08,45.92,2175.80,166.71,487.85,60.09,2199.03,164.29,724.10,40.73,2189.83,165.13,400.96,251.67,48.09,95.85,225.65,1800.06,3541.08,2.47,148.89,122.78,600.69,3.25,951.63,58.96,493.94
2026-01-04T01:50:00Z,52.18,2267.96,163.14,807.37,45.81,2180.72,166.90,491.54,60.17,2203.62,164.83,736.15,40.88,2170.45,165.24,409.12,251.62,49.98,95.04,222.93,1803.57,3551.16,2.40,147.96,121.47,603.07,2.97,942.12,58.72,499.98
2026-01-04T02:00:00Z,51.67,2284.06,163.17,803.97,45.63,2174.79,166.65,492.42,60.11,2207.40,165.02,723.84,40.79,2190.88,165.63,399.80,255.46,48.42,95.24,229.20,1809.58,3555.46,2.43,149.27,124.18,604.93,2.99,956.27,59.58,500.22
2026-01-04T02:10:00Z,51.16,2295.15,163.16,784.66,45.85,2184.07,166.21,487.25,60.13,2198.17,164.54,718.37,41.27,2178.05,166.41,420.72,254.47,47.16,95.35,231.12,1805.63,3546.38,2.35,150.90,119.62,597.68,3.06,954.47,58.26,497.41
2026-01-04T02:20:00Z,51.23,2297.57,162.88,784.57,45.81,2191.59,165.61,482.87,60.15,2201.61,165.00,727.91,41.50,2161.09,166.40,439.26,254.03,47.92,94.38,226.14,1798.41,3549.96,2.30,148.82,123.67,600.70,3.00,946.87,58.58,497.68
2026-01-04T02:30:00Z,51.06,2291.79,162.75,777.62,,2184.95,166.16,489.56,59.97,2205.41,165.04,707.69,41.61,2157.72,166.14,431.99,247.71,51.26,94.20,222.80,1792.91,3558.43,2.40,147.96,117.11,592.92,2.80,944.44,60.00,498.10
2026-01-04T02:40:00Z,50.69,2307.34,162.23,758.36,46.11,2182.03,166.38,483.76,59.77,2217.70,164.68,714.17,41.41,2166.16,165.69,434.93,245.32,50.54,93.87,222.14,1787.08,3551.93,2.67,151.23,117.02,602.28,2.84,947.36,59.25,511.51
2026-01-04T02:50:00Z,50.38,2310.44,161.27,746.33,45.94,2175.64,165.34,487.58,59.93,2216.11,164.69,704.77,41.14,2169.85,165.53,419.23,247.85,50.65,94.18,228.28,1790.14,3558.88,2.61,150.09,122.07,598.80,2.41,948.51,58.97,496.62
2026-01-04T03:00:00Z,50.06,2316.63,161.73,745.91,46.21,2171.14,165.55,481.98,60.04,2208.37,165.20,700.59,41.54,2168.77,166.19,422.67,245.57,51.42,95.17,219.64,1805.53,3554.71,2.49,150.09,116.69,600.79,2.96,956.94,59.68,508.90
2026-01-04T03:10:00Z,49.73,2323.65,161.29,717.76,46.32,2174.80,165.88,484.44,60.20,2189.79,165.62,718.91,41.57,2163.27,164.96,426.96,244.74,51.07,95.71,222.45,1803.24,3551.61,2.55,150.60,117.50,598.88,3.01,955.05,58.92,495.21
2026-01-04T03:20:00Z,49.47,2335.18,161.39,714.44,46.18,2165.86,165.44,489.29,60.01,2191.90,165.19,716.21,41.70,2155.05,165.08,436.93,243.56,50.87,94.42,216.67,1789.20,3543.94,2.45,148.47,116.32,591.89,3.03,,59.03,499.13
2026-01-04T03:30:00Z,49.35,2343.83,161.81,707.30,46.06,2170.71,165.55,494.92,59.92,2191.74,164.75,722.73,41.48,2164.69,165.49,421.32,245.40,49.12,94.52,222.30,1809.37,3531.71,2.45,149.81,119.01,594.23,2.70,950.43,60.87,481.63
2026-01-04T03:40:00Z,48.95,2355.86,161.98,709.71,46.32,2173.60,165.79,496.64,60.17,2191.36,165.65,721.72,41.31,2179.42,165.99,420.53,242.96,48.43,94.85,219.02,1786.99,3542.10,2.86,149.03,117.33,601.30,3.40,940.47,60.43,511.89
2026-01-04T03:50:00Z,48.99,2361.39,161.54,697.67,46.30,2166.44,166.24,503.14,60.19,2184.06,166.27,738.82,41.24,2173.93,165.45,428.95,244.13,48.38,94.72,219.70,1796.49,3551.67,2.55,150.44,118.90,592.89,2.86,946.80,60.19,498.03
2026-01-04T04:00:00Z,49.04,2356.84,160.57,681.76,46.45,2167.22,166.22,509.98,60.30,2180.58,166.05,730.98,40.93,2179.80,165.58,438.53,242.50,49.60,94.58,214.99,1784.91,3550.10,2.35,150.50,113.54,592.26,3.07,947.67,59.49,497.54
2026-01-04T04:10:00Z,48.74,2352.92,160.81,675.48,46.30,2171.05,166.26,510.34,60.19,2186.78,165.21,741.20,40.88,2170.03,166.03,425.76,246.23,48.92,94.13,222.47,1798.46,3541.25,2.64,149.06,117.69,597.89,3.40,946.48,60.32,495.97
2026-01-04T04:20:00Z,48.92,2354.63,160.99,670.05,45.92,2177.98,166.41,490.25,59.60,2202.66,164.89,732.31,40.74,2180.09,165.81,420.74,246.07,48.06,94.32,219.93,1796.26,3555.55,2.48,150.04,115.83,599.08,2.73,949.51,60.07,501.16
2026-01-04T04:30:00Z,48.70,2356.09,160.82,665.09,45.86,2176.61,165.45,488.45,59.54,2207.08,164.94,737.75,40.44,2191.61,165.79,395.33,243.35,48.06,94.63,218.56,1797.25,3544.03,2.63,150.07,117.62,596.39,2.81,946.87,60.22,494.05
2026-01-04T04:40:00Z,48.43,2359.65,160.58,667.76,46.26,2176.51,166.06,487.92,59.82,2208.27,165.09,742.42,40.31,2192.05,165.58,376.66,235.87,45.04,95.35,208.26,1791.29,3549.48,2.71,148.73,111.86,595.41,2.71,944.65,60.57,489.44
2026-01-04T04:50:00Z,48.17,2356.34,160.18,668.79,46.29,2165.33,166.87,490.10,59.62,2224.33,165.05,721.85,39.92,2192.14,166.03,379.65,233.22,44.84,95.28,214.80,1791.24,3545.50,2.66,150.55,110.00,592.99,2.84,947.36,60.61,496.14
2026-01-04T05:00:00Z,47.55,2375.94,160.35,662.10,46.42,2160.68,166.21,498.46,59.58,2216.35,164.90,715.10,39.97,2209.59,165.33,356.06,234.14,44.59,95.14,209.39,1783.85,3546.31,2.58,150.51,111.62,591.11,3.31,945.44,61.14,493.29
2026-01-04T05:10:00Z,47.41,2384.30,160.17,662.55,45.88,2156.21,166.13,502.45,60.08,2218.20,165.24,703.72,40.08,2197.63,164.99,367.52,239.34,44.49,95.45,216.05,1791.98,3561.01,2.56,149.55,115.39,597.96,3.10,945.91,59.57,493.78
2026-01-04T05:20:00Z,46.93,2392.93,160.13,640.48,45.67,2169.56,165.43,485.20,60.35,2206.63,164.94,711.96,40.30,2187.47,164.27,375.88,236.38,45.99,94.62,215.76,1796.37,3538.20,2.56,152.60,112.71,594.56,3.01,950.45,59.93,497.67
2026-01-04T05:30:00Z,46.83,2398.17,160.18,634.15,45.68,2179.48,164.94,482.48,59.99,2198.29,164.98,712.70,39.91,2184.97,164.39,372.35,239.01,45.20,94.27,215.19,1794.03,3552.89,2.54,150.10,115.19,591.80,3.09,951.34,59.47,488.37
2026-01-04T05:40:00Z,46.78,2397.38,160.14,628.83,45.89,2177.09,166.04,475.25,59.63,2201.05,165.09,726.65,40.17,2189.71,164.57,357.49,241.47,46.98,94.36,220.04,1793.47,3566.82,2.51,149.25,116.01,589.61,2.91,939.77,59.63,492.01
2026-01-04T05:50:00Z,46.33,2410.15,159.64,607.35,45.66,2188.65,165.26,471.69,59.14,2210.95,165.05,722.72,39.96,2192.39,164.61,384.66,234.09,46.39,93.68,209.95,1784.96,3550.09,2.42,150.74,110.19,583.15,2.59,943.79,61.26,480.79
2026-01-04T06:00:00Z,46.23,2412.88,159.77,595.97,45.41,2190.89,165.20,466.43,59.25,2228.54,165.18,704.45,39.89,2198.31,164.78,390.25,232.31,46.03,94.83,208.15,1793.81,3547.83,2.36,149.60,107.45,584.83,3.08,941.41,60.19,495.49
2026-01-04T06:10:00Z,46.98,2411.12,160.01,604.61,45.35,2194.01,166.46,465.76,59.08,2223.23,164.72,690.67,39.85,2199.29,164.04,372.36,235.00,44.93,94.56,209.95,1779.89,3543.44,2.23,150.77,112.75,593.60,3.38,945.28,59.53,501.86
2026-01-04T06:20:00Z,46.90,2405.34,159.65,623.65,45.33,2192.21,166.57,464.51,59.29,2206.06,164.63,700.66,39.74,2204.56,163.76,373.63,233.88,44.72,94.17,209.08,1790.69,3562.22,2.43,150.94,113.28,600.88,2.93,936.66,58.14,489.83
2026-01-04T06:30:00Z,46.98,2383.81,159.93,629.17,44.93,2196.72,167.10,466.19,59.34,2206.79,164.93,697.72,39.76,2202.67,164.12,359.11,235.07,45.14,93.73,208.95,1783.69,3549.96,2.61,149.80,110.71,581.48,2.66,942.09,58.03,490.78
2026-01-04T06:40:00Z,47.01,2395.05,159.71,623.75,44.46,2220.77,165.88,456.59,58.96,2224.12,164.68,706.68,40.18,2204.22,164.08,361.22,236.18,44.99,92.28,212.80,1784.45,3548.90,2.47,149.64,113.76,589.51,2.86,949.10,58.43,503.03
2026-01-04T06:50:00Z,47.21,2396.58,159.58,627.20,44.47,2222.17,165.69,444.90,58.93,2226.97,164.52,691.15,40.10,2204.95,164.82,392.09,233.41,46.22,94.02,206.69,1777.01,3537.53,2.48,149.86,111.59,593.49,3.10,936.87,59.32,505.26
2026-01-04T07:00:00Z,47.23,2400.04,159.16,629.11,44.00,2220.78,164.73,435.01,58.64,2226.86,164.85,680.99,39.94,2215.11,164.80,380.22,236.36,44.25,93.81,211.40,1788.51,3552.86,2.70,149.52,114.52,596.25,2.81,944.98,58.94,495.78
2026-01-04T07:10:00Z,46.95,2396.65,159.16,624.16,44.22,2227.59,164.14,411.24,58.68,2229.75,165.15,680.67,40.24,2215.55,164.57,383.13,234.33,43.61,93.49,210.66,1778.98,3553.83,2.58,151.03,113.13,592.75,2.93,937.22,58.54,493.25
2026-01-04T07:20:00Z,46.68,2408.04,159.10,619.93,44.25,2234.11,164.54,417.85,58.57,2227.69,164.68,685.86,40.30,2205.98,165.03,385.72,232.55,42.93,93.62,208.36,1790.83,3577.47,2.55,148.84,110.95,587.19,3.10,955.34,58.14,485.81
2026-01-04T07:30:00Z,46.60,2398.18,159.26,618.78,44.31,2227.17,163.74,415.98,58.79,2225.29,164.68,673.25,40.17,2193.94,165.65,389.93,233.21,44.02,94.48,207.01,1778.62,3545.14,2.66,149.35,111.58,594.16,3.19,945.17,59.52,486.71
2026-01-04T07:40:00Z,46.45,2406.84,159.49,615.15,44.30,2224.97,163.61,419.07,58.86,2225.02,164.45,671.09,40.19,2198.70,164.92,397.16,235.17,43.32,93.64,211.92,1795.18,3559.32,2.43,149.36,114.48,592.95,2.93,945.85,59.63,500.10
2026-01-04T07:50:00Z,46.48,2413.26,159.00,612.50,44.23,2227.16,164.56,436.66,59.34,2227.98,164.62,679.69,40.74,2184.75,164.82,407.02,240.67,42.28,92.84,212.65,1790.16,3570.19,2.43,151.66,113.50,590.48,3.13,945.10,60.25,495.62
2026-01-04T08:00:00Z,46.53,2407.86,158.61,610.81,44.00,2219.34,164.53,437.61,59.22,2227.54,163.73,671.23,40.48,2197.30,165.54,390.36,232.64,42.46,92.77,210.46,1784.68,3548.62,2.59,149.38,112.00,588.39,2.43,949.29,61.06,494.70
2026-01-04T08:10:00Z,46.82,2404.88,159.48,618.68,44.06,2224.42,165.42,426.11,58.61,2241.89,163.09,657.96,40.54,2189.15,165.25,403.61,234.64,43.30,92.70,209.26,1784.70,3555.50,2.39,150.08,113.58,598.13,2.94,933.30,57.89,499.73
2026-01-04T08:20:00Z,46.98,2390.24,159.80,628.22,44.14,2230.42,165.03,432.04,59.06,2226.84,163.43,666.64,40.47,2171.87,165.02,395.15,235.99,45.46,93.36,213.00,1797.98,3556.44,2.55,150.90,114.51,595.06,2.96,948.30,58.73,486.53
2026-01-04T08:30:00Z,46.70,2408.08,158.82,617.65,43.83,2233.57,164.52,421.07,59.00,2228.33,163.86,679.22,40.59,2174.73,165.39,405.73,237.39,45.02,92.91,214.89,1798.06,3556.36,2.44,148.09,110.53,586.98,2.57,943.46,58.73,486.83
2026-01-04T08:40:00Z,46.27,2417.47,158.53,594.38,43.93,2235.84,165.14,420.55,58.84,2230.46,163.31,664.19,40.70,2168.54,165.83,412.38,234.67,42.59,93.97,212.64,1786.44,3551.20,2.73,150.43,109.44,585.68,2.81,941.74,58.48,480.89
2026-01-04T08:50:00Z,46.34,2415.05,159.51,600.97,44.03,2224.63,165.15,432.95,58.81,2229.46,163.59,667.79,40.55,2178.69,166.20,407.93,234.08,42.58,93.12,210.90,1794.56,3559.03,2.50,149.72,113.01,595.08,2.75,949.95,60.37,500.95
2026-01-04T09:00:00Z,46.01,2423.07,159.23,598.76,44.11,2223.46,165.04,436.87,59.32,2223.71,164.03,686.37,40.55,2172.37,165.77,405.72,236.68,45.83,94.33,215.04,1789.49,3542.52,2.57,148.13,111.45,585.84,3.17,944.49,59.41,479.24
2026-01-04T09:10:00Z,45.86,2426.27,159.21,586.66,44.00,2223.37,164.30,421.38,59.28,2227.38,163.96,687.63,40.61,2175.32,165.56,405.32,233.57,44.66,94.03,210.40,1786.62,3549.51,2.49,150.61,111.01,592.24,2.84,946.99,58.77,492.64
2026-01-04T09:20:00Z,45.75,2427.62,159.20,584.13,44.07,2228.50,163.96,413.32,59.51,2208.89,164.31,694.60,40.50,2174.36,165.68,411.34,228.04,45.13,93.36,204.24,1780.43,3550.34,2.35,148.81,112.18,587.19,3.03,941.56,59.16,491.61
2026-01-04T09:30:00Z,45.99,2430.35,158.75,582.45,43.82,2226.59,164.23,422.94,59.50,2222.81,165.36,703.43,39.90,2191.35,165.40,390.05,231.00,42.59,94.07,208.52,1786.77,3551.66,2.43,148.59,110.24,590.64,2.73,940.80,59.35,486.42
2026-01-04T09:40:00Z,46.14,2428.72,158.88,570.35,43.59,2238.81,164.11,404.78,59.37,2228.27,165.49,710.30,40.00,2192.10,165.31,395.67,228.28,44.19,94.12,201.44,1780.53,3557.84,2.55,151.45,107.92,590.63,2.86,950.00,59.63,491.81
2026-01-04T09:50:00Z,46.40,2423.45,158.85,574.07,43.57,2244.56,163.65,402.69,59.78,2209.59,164.75,708.85,39.72,2198.58,166.34,395.69,226.31,46.21,93.16,204.48,1784.98,3561.31,2.74,150.43,110.90,591.85,3.03,951.38,60.01,503.35
2026-01-04T10:00:00Z,46.14,2431.11,159.04,576.11,43.57,2233.50,164.07,402.50,59.88,2207.29,164.42,702.84,39.66,2194.21,165.48,376.27,230.03,45.71,93.33,206.05,1788.02,3551.69,2.46,150.56,112.19,585.34,2.92,934.14,60.84,484.21
2026-01-04T10:10:00Z,45.77,2430.61,159.07,570.54,43.34,2239.96,164.20,388.87,60.23,2189.94,164.75,722.10,40.04,2178.45,165.37,389.78,230.91,43.49,94.14,209.76,1784.84,3555.32,2.39,150.74,110.11,585.14,2.88,953.29,61.21,494.70
2026-01-04T10:20:00Z,45.82,2430.24,158.53,568.01,43.11,2252.12,164.06,386.06,60.18,2195.39,165.33,731.29,40.07,2185.49,165.17,385.02,228.25,43.77,94.40,203.16,1775.25,3550.34,2.62,151.17,111.04,587.28,2.92,937.57,59.67,491.46
2026-01-04T10:30:00Z,45.78,2431.67,158.33,581.24,43.33,2242.03,163.78,380.15,60.16,2184.42,164.69,723.10,39.91,2201.49,165.29,374.41,229.80,42.62,94.02,205.89,1789.58,3559.61,2.56,150.12,111.50,601.20,2.87,944.45,58.44,508.87
2026-01-04T10:40:00Z,46.28,2429.94,158.56,586.18,43.19,2245.44,163.54,382.75,60.23,2194.01,164.74,731.76,40.04,2193.50,165.66,384.06,225.17,42.87,93.38,203.83,1777.39,3559.12,2.80,149.77,106.62,593.89,3.13,940.96,57.66,491.53
2026-01-04T10:50:00Z,46.75,2414.79,158.93,590.40,43.63,2228.71,163.21,393.15,60.08,2198.69,164.43,720.28,40.12,2197.58,165.73,375.52,234.49,42.98,92.03,210.75,1786.15,3547.44,2.46,151.08,114.42,590.79,2.85,943.97,58.98,486.93
2026-01-04T11:00:00Z,46.50,2408.96,158.85,603.35,43.36,2228.37,163.23,404.89,60.25,2188.23,164.13,727.28,39.92,2191.11,165.25,382.29,232.17,43.08,93.01,206.38,1777.99,3543.23,2.63,150.67,110.37,595.06,3.20,935.62,59.68,484.63
2026-01-04T11:10:00Z,47.03,2399.52,159.63,621.97,43.50,2229.93,162.99,406.06,59.94,2199.43,164.59,725.94,39.89,2197.23,165.01,376.77,231.18,42.32,92.51,210.15,1784.07,3546.89,2.55,151.03,111.67,589.91,2.86,939.83,58.77,480.75
2026-01-04T11:20:00Z,46.71,2393.70,159.31,607.01,43.52,2233.82,163.26,405.58,60.18,2197.22,165.08,715.67,40.43,2190.96,164.81,377.60,237.47,43.12,93.30,211.73,1781.85,3550.83,2.64,151.01,115.32,597.18,2.84,939.30,57.96,487.81
2026-01-04T11:30:00Z,46.80,2408.04,159.07,608.19,43.83,2220.24,163.02,411.67,60.08,2202.70,164.96,721.20,40.65,2178.01,165.13,388.67,230.98,42.28,93.79,206.59,1778.24,3562.65,2.57,149.52,110.49,588.41,2.88,934.94,57.36,483.01
2026-01-04T11:40:00Z,46.12,2430.23,159.88,610.18,43.75,2229.48,163.78,413.83,59.72,2198.05,164.89,719.58,40.84,2176.59,165.57,410.98,237.23,44.00,94.69,214.96,1793.06,3557.72,2.61,151.35,114.28,598.12,2.81,947.97,59.41,506.11
2026-01-04T11:50:00Z,46.20,2428.80,159.54,605.15,43.61,2234.36,164.57,414.01,59.60,2206.19,165.21,700.97,40.64,2173.90,165.96,404.70,240.24,45.08,94.34,212.52,1784.29,3566.03,2.72,150.02,115.63,594.14,3.01,941.30,60.65,491.82
2026-01-04T12:00:00Z,46.19,2439.48,159.61,592.30,43.78,2233.73,164.29,416.07,59.78,2204.12,164.84,714.03,40.05,2191.63,165.64,390.44,242.53,44.10,94.16,217.54,1797.67,3554.05,2.54,151.08,118.17,587.86,2.91,952.93,58.20,485.60
2026-01-04T12:10:00Z,46.12,2431.72,159.27,569.19,43.63,2232.67,163.77,398.47,59.95,2209.30,165.24,728.56,40.03,2197.96,165.03,389.67,235.87,43.80,93.36,213.19,1785.18,3553.97,2.17,149.44,114.98,590.28,2.76,942.60,59.23,491.02
2026-01-04T12:20:00Z,46.35,2415.08,158.48,593.67,43.29,2232.82,164.06,401.51,59.28,2212.52,165.55,718.19,40.00,2192.28,164.54,386.22,234.16,44.65,94.10,207.12,1780.61,3534.13,2.59,148.98,111.53,586.65,3.14,940.83,59.42,474.11
2026-01-04T12:30:00Z,46.82,2410.30,158.29,588.75,43.02,2246.77,164.02,400.35,59.24,2210.62,165.10,713.96,39.64,2208.22,165.39,385.56,232.69,43.77,93.80,209.21,1783.27,3552.72,2.41,149.24,113.87,603.12,2.87,936.34,60.26,503.00
2026-01-04T12:40:00Z,47.41,2396.92,158.31,604.03,43.16,2248.14,163.05,380.87,59.57,2214.16,165.25,704.38,39.33,2215.47,165.34,381.72,232.04,42.16,93.18,210.00,1792.49,3547.57,2.59,149.94,111.34,588.92,2.97,947.16,59.04,485.18
2026-01-04T12:50:00Z,47.23,2388.88,158.84,626.67,43.14,2240.53,163.56,383.39,59.76,2205.62,164.52,707.18,39.12,2213.13,165.46,366.49,228.64,42.04,93.93,201.67,1773.78,3547.09,2.45,150.17,110.52,586.15,2.90,938.57,59.40,480.21
2026-01-04T13:00:00Z,47.56,2388.44,159.89,628.29,43.31,2241.11,162.73,372.11,59.46,2210.54,164.73,701.65,38.77,2214.42,164.85,344.36,232.58,43.86,93.60,211.69,1787.68,3536.69,2.57,148.42,111.27,589.39,2.81,939.09,59.78,485.96
2026-01-04T13:10:00Z,47.37,2378.19,159.00,624.75,43.39,2234.64,162.84,383.43,59.42,2213.34,164.44,698.70,38.95,2219.27,163.80,345.66,230.89,43.71,93.01,207.47,1785.75,3546.54,2.60,148.57,110.89,591.83,3.29,941.06,59.64,481.87
2026-01-04T13:20:00Z,47.47,2373.35,160.31,637.19,42.94,2241.02,163.14,380.50,59.29,2218.60,163.60,689.33,39.17,2229.53,163.10,341.82,233.48,45.44,92.26,213.51,1800.77,3559.12,2.56,151.71,110.61,593.29,2.96,948.68,61.04,483.70
2026-01-04T13:30:00Z,47.75,2383.88,160.10,637.78,42.85,2242.89,163.30,399.71,59.28,2217.79,164.40,688.04,39.01,2216.48,163.98,347.10,231.02,43.51,92.74,205.78,1776.58,3533.82,2.66,150.19,110.05,588.18,2.69,937.45,59.74,488.20
2026-01-04T13:40:00Z,48.18,2378.50,160.35,646.75,42.82,2255.71,163.79,382.44,59.64,2218.62,164.95,683.11,39.18,2212.69,163.86,357.25,231.23,44.21,93.43,207.62,1783.68,3556.09,2.64,148.69,110.17,586.69,3.34,939.66,60.43,490.58
2026-01-04T13:50:00Z,47.79,2381.74,160.10,648.77,42.68,2253.36,164.02,388.75,59.85,2214.78,164.93,694.43,39.39,2208.13,163.99,364.89,232.75,44.13,93.25,212.65,1784.12,3553.08,2.63,150.22,111.63,585.25,3.06,937.84,59.43,490.00
2026-01-04T14:00:00Z,47.90,2385.27,160.28,641.83,42.76,2245.96,163.68,376.13,59.31,2208.16,164.43,700.13,39.34,2205.07,164.55,366.59,238.50,42.72,94.49,213.91,1791.66,3543.53,2.70,151.26,114.58,592.70,3.06,942.17,59.78,502.75
2026-01-04T14:10:00Z,47.93,2395.22,160.74,650.08,43.21,2237.66,162.96,388.71,59.36,2213.06,164.59,698.65,39.48,2218.04,164.46,357.49,236.81,43.41,94.56,211.16,1791.61,3542.11,2.69,149.72,110.48,588.60,3.14,945.63,58.72,493.57
2026-01-04T14:20:00Z,47.31,2398.67,160.03,633.50,43.53,2237.35,163.22,380.00,59.51,2217.51,165.61,703.96,39.06,2219.63,164.96,358.04,235.47,41.17,94.38,212.60,1791.55,3551.37,2.51,149.84,112.51,592.68,2.98,946.13,59.78,496.55
2026-01-04T14:30:00Z,47.29,2398.65,159.34,626.03,43.74,2234.38,163.52,382.11,59.77,2213.83,164.36,709.05,38.88,2225.25,164.30,349.99,230.31,40.76,93.33,210.03,1785.28,3556.63,2.38,149.17,110.51,582.73,2.59,945.11,58.52,482.97
2026-01-04T14:40:00Z,47.03,2403.72,159.80,623.59,44.00,2233.47,164.06,406.55,59.93,2216.64,163.63,705.56,38.58,2218.51,164.24,363.28,230.75,42.53,92.97,206.47,1777.40,3540.13,2.79,147.89,110.08,580.97,2.85,934.27,58.66,481.38
2026-01-04T14:50:00Z,46.86,2402.23,160.14,623.57,43.98,2224.40,163.59,395.56,60.02,2213.64,164.56,705.24,38.29,2233.68,163.42,343.10,231.88,44.58,93.07,213.32,1787.52,3544.39,2.50,151.59,111.26,584.08,2.98,941.27,57.80,490.94
2026-01-04T15:00:00Z,47.04,2395.34,160.03,623.69,44.10,2224.19,164.72,406.55,59.72,2211.08,164.60,702.32,37.84,2246.60,164.09,320.93,224.64,42.37,93.56,203.31,1773.01,3555.10,2.73,150.86,105.20,586.50,3.16,932.68,59.40,500.22
2026-01-04T15:10:00Z,47.01,2405.58,158.96,603.12,44.36,2214.53,164.41,407.02,59.63,2213.26,164.00,702.44,37.74,2257.70,164.41,314.50,226.33,42.22,94.10,200.86,1778.83,3563.69,2.56,150.83,107.07,593.06,2.78,933.60,60.13,488.26
2026-01-04T15:20:00Z,47.08,2402.39,158.89,611.91,44.48,2223.03,164.01,428.67,59.79,2208.89,163.92,693.95,37.81,2247.97,164.08,309.75,227.25,43.35,93.40,201.84,1785.79,3553.87,2.51,150.03,107.17,586.88,3.07,948.10,61.67,498.16
2026-01-04T15:30:00Z,47.13,2400.50,159.31,617.63,44.53,2219.24,163.67,423.53,59.53,2212.23,164.12,697.07,37.60,2249.11,163.94,309.37,227.53,43.01,93.64,205.70,1777.20,3548.46,2.47,148.29,111.03,586.19,3.12,937.51,59.68,482.17
2026-01-04T15:40:00Z,47.44,2395.35,159.46,615.84,44.18,2218.01,164.13,407.34,59.72,2199.49,164.94,716.99,37.69,2256.95,164.37,300.96,227.03,40.88,94.07,205.73,1783.65,3561.81,2.61,150.01,108.34,588.05,3.14,937.31,59.44,484.98
2026-01-04T15:50:00Z,47.82,2383.98,159.41,630.44,44.19,2210.59,164.00,419.58,59.56,2199.32,165.45,723.35,37.76,2256.36,164.67,317.88,231.82,42.51,93.63,209.51,1790.11,3546.46,2.39,151.96,110.99,590.10,3.39,942.05,59.66,490.74
2026-01-04T16:00:00Z,48.35,2372.44,159.77,638.34,44.32,2218.20,164.20,419.44,59.51,2205.78,164.13,711.27,37.42,2266.21,164.16,308.28,233.26,43.22,93.10,206.45,1786.38,3546.59,2.69,148.38,110.77,583.67,3.06,949.39,59.56,491.37
2026-01-04T16:10:00Z,48.53,2371.85,159.74,657.65,43.78,2225.81,163.90,409.85,59.71,2203.51,164.73,719.70,37.16,2250.07,164.03,295.22,233.33,43.73,93.25,210.12,1783.51,3553.15,2.44,150.09,109.25,584.78,3.07,937.16,59.79,488.16
2026-01-04T16:20:00Z,48.83,2355.60,159.96,665.41,43.49,2238.99,164.15,406.73,59.41,2209.50,164.55,696.65,37.17,2256.71,163.73,293.50,230.17,39.80,93.39,205.01,1783.44,3550.79,2.39,150.07,109.03,587.52,3.05,942.32,60.25,485.88
2026-01-04T16:30:00Z,48.55,2358.08,160.81,664.85,43.73,2242.93,164.27,412.14,59.57,2217.02,164.42,691.09,37.08,2269.39,163.53,286.11,230.42,41.03,93.91,210.21,1784.47,3553.72,2.28,150.99,111.62,587.86,2.99,946.52,58.80,497.21
2026-01-04T16:40:00Z,48.77,2360.54,160.34,655.23,43.70,2230.24,164.67,430.66,59.37,2219.84,164.75,690.29,36.87,2269.38,163.15,281.30,226.62,40.65,94.19,205.03,1783.50,3561.58,2.36,149.43,108.83,586.06,2.93,935.18,59.94,482.25
2026-01-04T16:50:00Z,48.68,2359.52,161.71,665.00,44.15,2229.03,164.81,433.14,58.95,2223.56,165.22,683.01,37.28,2256.20,163.39,277.83,233.19,41.30,94.03,208.80,1780.82,3539.74,2.58,148.70,110.42,587.35,2.83,942.50,60.23,492.33
2026-01-04T17:00:00Z,48.58,2361.99,161.01,661.76,44.20,2227.31,164.86,422.57,58.95,2209.57,164.28,683.50,36.93,2261.90,163.27,288.34,236.17,41.89,94.28,211.92,1793.41,3528.41,2.52,149.31,111.32,590.56,3.11,942.19,60.21,494.73
2026-01-04T17:10:00Z,48.64,2361.39,160.59,666.19,44.34,2212.80,165.36,441.19,59.55,2204.93,164.14,697.79,36.92,2261.80,162.85,275.12,237.29,40.87,93.84,213.92,1799.70,3566.66,2.77,149.95,111.60,588.61,3.45,947.82,58.64,490.32
2026-01-04T17:20:00Z,48.96,2342.43,160.36,694.09,44.32,2218.41,164.58,433.46,59.75,2201.91,164.17,687.71,36.83,2269.47,162.77,266.14,235.70,41.80,93.96,210.70,1789.20,3558.68,2.45,150.14,114.43,586.90,2.94,945.76,58.92,488.03
2026-01-04T17:30:00Z,48.80,2348.00,161.37,698.64,44.19,2212.39,164.09,432.89,59.28,2217.56,164.89,698.77,36.52,2288.97,161.93,253.18,232.79,41.90,94.35,210.02,1782.68,3548.59,2.57,148.09,110.15,589.91,3.41,943.68,58.97,489.01
2026-01-04T17:40:00Z,48.60,2367.66,160.50,679.31,44.10,2223.56,165.02,439.54,58.88,2217.97,164.13,686.84,36.85,2290.71,161.76,270.13,231.17,41.28,93.65,206.80,1787.54,3550.05,2.47,149.73,109.34,588.21,3.03,944.01,59.02,489.53
2026-01-04T17:50:00Z,48.96,2370.84,160.96,667.19,44.25,2215.26,164.74,428.67,58.61,2227.86,163.92,682.58,36.70,,162.12,254.88,231.16,41.03,93.68,210.32,1786.97,3563.35,2.34,150.58,108.71,588.99,3.16,944.79,59.71,502.20
2026-01-04T18:00:00Z,48.51,2360.53,160.28,667.77,44.29,2208.71,163.45,441.34,58.96,2219.95,164.33,689.26,36.77,2269.68,163.22,251.68,232.68,41.76,93.48,209.10,1793.50,3542.54,2.60,149.87,112.35,589.02,2.96,948.87,60.05,493.13
2026-01-04T18:10:00Z,48.41,2364.49,160.64,669.28,44.63,2210.43,164.17,436.32,59.02,2215.75,164.13,701.59,36.95,2270.58,163.44,263.11,231.76,40.39,92.47,207.14,1773.87,3547.94,2.32,150.00,111.38,590.59,2.97,941.72,61.17,492.16
2026-01-04T18:20:00Z,48.53,2355.83,160.37,681.64,44.93,2202.72,164.10,434.20,59.13,2215.01,164.36,705.69,36.90,2270.34,163.01,276.14,229.71,44.01,93.51,207.72,1788.75,3549.51,2.46,149.47,108.04,581.46,2.97,943.12,60.12,478.85
2026-01-04T18:30:00Z,48.20,2371.38,160.71,660.60,44.87,2204.91,164.83,449.87,59.62,2216.07,164.22,690.40,37.12,2267.57,163.34,275.23,230.28,42.67,93.35,207.11,1785.02,3548.11,2.46,149.84,108.33,582.76,2.97,944.56,58.88,484.71
2026-01-04T18:40:00Z,48.24,2374.53,160.65,652.80,45.15,2191.77,164.44,453.59,59.37,2218.75,164.69,706.35,37.26,2269.19,162.84,280.45,228.87,43.29,93.64,204.16,1777.59,3558.12,2.54,149.10,108.99,589.35,3.07,931.70,59.63,492.06
2026-01-04T18:50:00Z,48.33,2365.42,159.68,663.38,45.24,2181.64,165.24,463.69,59.37,2215.02,164.83,696.52,37.25,2266.15,163.26,293.99,230.77,42.69,93.92,208.84,1797.54,3544.37,2.56,148.85,112.08,586.32,2.80,949.43,59.89,480.82
2026-01-04T19:00:00Z,48.17,2370.38,160.57,666.18,45.41,2189.93,165.27,473.38,59.70,2208.51,164.62,694.70,37.78,2263.43,163.29,296.23,229.16,43.38,93.36,208.15,1784.91,3554.18,2.57,149.50,106.63,578.56,2.67,944.87,61.23,483.77
2026-01-04T19:10:00Z,47.36,2389.17,160.38,642.86,45.61,2196.20,165.73,480.02,59.79,2205.62,164.54,697.80,37.91,2249.85,163.74,302.90,229.36,42.80,93.76,205.79,1777.20,3529.66,2.45,148.64,109.51,592.20,2.96,940.51,59.14,490.22
2026-01-04T19:20:00Z,46.83,2397.95,160.40,619.97,45.64,2188.25,165.20,471.11,59.72,2211.90,164.25,697.99,38.12,2251.32,163.53,309.38,232.83,42.65,93.76,207.43,1777.40,3551.37,2.47,147.06,110.55,583.59,3.03,937.16,58.07,490.77
2026-01-04T19:30:00Z,46.86,2396.86,160.40,614.71,45.59,2179.56,165.64,488.78,59.50,2210.25,164.59,702.42,37.82,2254.71,163.39,304.34,235.28,41.58,93.65,212.73,1790.46,3556.90,2.49,149.85,110.58,584.21,3.04,951.55,58.49,487.30
2026-01-04T19:40:00Z,46.74,2399.61,159.25,622.66,46.04,2177.13,165.25,495.93,59.51,2204.29,164.24,703.53,37.73,2256.77,163.11,314.57,233.67,43.27,93.68,214.76,1790.01,3555.99,2.26,150.84,112.30,595.55,2.95,946.14,58.70,493.91
2026-01-04T19:50:00Z,46.67,2397.57,159.48,629.29,45.99,2165.22,165.28,491.18,59.42,2208.56,164.49,694.42,37.57,2248.78,162.61,307.02,230.75,42.83,93.21,206.43,1792.39,3559.38,2.50,149.78,111.68,589.86,2.91,945.18,58.64,492.51
2026-01-04T20:00:00Z,46.56,2406.72,159.46,614.73,46.27,2172.19,165.06,480.94,59.31,2216.95,165.34,693.08,37.87,2243.90,162.92,304.99,231.97,44.40,94.65,212.07,1788.27,3561.69,2.37,150.12,112.45,582.18,2.48,939.48,58.25,484.97
2026-01-04T20:10:00Z,46.89,2406.70,159.28,616.36,46.53,2173.54,165.50,494.26,59.37,2215.47,164.53,692.67,37.86,2250.80,163.04,313.54,229.76,42.55,93.41,205.50,1782.65,3542.15,2.58,149.70,109.47,591.07,3.05,938.16,59.46,490.67
2026-01-04T20:20:00Z,46.36,2407.80,158.69,600.93,46.70,2167.58,165.96,507.55,59.04,2225.36,164.07,695.90,38.04,2254.52,163.00,317.19,234.66,41.15,93.91,211.49,1786.93,3550.21,2.58,149.00,112.93,595.01,3.19,934.68,60.62,493.66
2026-01-04T20:30:00Z,46.30,2414.50,159.01,609.24,45.99,2178.54,165.53,491.06,59.12,2223.86,163.43,680.98,38.11,,163.87,326.10,235.73,42.11,93.66,215.71,1790.87,3546.44,2.25,148.35,110.70,585.09,2.76,946.36,61.59,489.05
2026-01-04T20:40:00Z,46.36,2409.11,158.88,597.26,46.12,2180.33,165.31,477.34,59.35,2226.21,163.41,687.59,37.89,2250.73,163.61,305.07,235.52,43.22,93.38,209.36,1784.05,3550.61,2.77,150.20,111.48,591.41,3.14,937.71,60.77,492.34
2026-01-04T20:50:00Z,46.28,2412.65,158.86,599.75,46.37,2164.72,166.04,478.51,59.16,2217.33,163.71,692.67,38.69,2241.53,163.65,315.36,239.30,42.09,93.42,216.17,1794.91,3557.98,2.45,150.85,116.26,594.33,2.70,949.13,60.13,492.59
2026-01-04T21:00:00Z,46.22,2424.51,158.69,593.07,46.07,2159.82,165.74,481.75,58.94,2217.75,163.98,698.55,38.81,2237.38,163.70,330.67,232.55,41.90,94.01,205.46,1780.66,3555.36,2.50,149.13,113.16,597.28,2.90,943.07,58.36,498.82
2026-01-04T21:10:00Z,46.08,2433.04,159.35,595.53,46.31,2173.34,166.19,476.83,58.98,2221.26,164.07,692.39,38.41,2246.84,163.62,331.26,235.57,42.00,94.06,213.06,1784.91,3555.19,2.55,150.49,111.54,588.54,2.94,935.53,59.37,490.91
2026-01-04T21:20:00Z,45.53,2433.40,158.77,582.94,46.08,2164.31,166.17,485.89,58.82,2229.15,163.99,701.96,38.56,2234.77,163.80,327.72,231.39,43.73,93.59,203.63,1784.76,3558.78,2.72,149.81,112.43,583.99,3.28,947.04,59.97,489.18
2026-01-04T21:30:00Z,46.06,2433.50,158.39,579.05,46.20,2158.05,166.29,503.20,58.89,2229.71,164.46,698.29,38.61,2235.64,163.87,334.86,229.80,40.12,94.28,208.04,1778.58,3552.25,2.45,150.57,110.21,586.20,2.80,937.44,58.90,484.64
2026-01-04T21:40:00Z,46.28,2419.59,158.80,588.35,46.53,2157.44,166.42,494.19,59.38,2218.50,164.44,692.69,38.24,2242.44,163.76,327.96,235.45,40.47,94.50,212.57,1790.48,3557.15,2.32,149.53,112.89,593.97,2.84,945.90,60.73,493.27
2026-01-04T21:50:00Z,46.28,2412.24,158.53,575.09,46.47,2173.03,166.62,500.50,59.24,2221.40,164.39,689.90,38.18,2246.00,163.20,298.36,238.91,41.32,94.74,214.02,1785.29,3529.95,2.50,150.11,116.81,592.78,2.73,936.95,59.86,496.04
2026-01-04T22:00:00Z,46.53,2413.47,158.69,578.48,46.37,2170.50,166.65,490.84,59.14,2226.03,164.49,683.76,38.46,2251.71,163.01,298.94,231.07,43.45,94.79,209.42,1778.07,3545.98,2.41,148.53,111.06,588.10,3.08,939.96,60.05,476.42
2026-01-04T22:10:00Z,47.17,2412.74,158.90,601.37,46.13,2185.05,166.05,484.70,59.14,2219.85,164.64,699.75,38.41,2247.68,162.52,316.13,231.59,42.77,94.31,208.50,1786.67,3553.74,2.39,150.27,111.32,584.61,3.05,942.33,60.35,492.92
2026-01-04T22:20:00Z,47.38,2387.04,159.24,620.01,46.15,2186.13,166.67,489.24,59.54,2213.05,164.32,698.74,38.26,2238.98,163.28,325.15,236.49,42.83,94.24,209.73,1781.88,3555.00,2.18,149.19,112.73,586.11,2.97,941.65,60.16,498.82
2026-01-04T22:30:00Z,47.39,2389.29,159.85,609.58,45.60,2174.40,166.11,484.18,59.44,2206.28,164.56,709.53,38.82,2228.58,163.78,323.40,233.29,41.26,94.77,210.95,1778.89,3537.74,2.96,148.70,110.57,593.41,3.39,933.08,59.01,502.57
2026-01-04T22:40:00Z,47.38,2395.76,159.47,613.62,45.50,2184.02,166.40,496.37,59.17,2211.62,164.25,698.26,38.38,2241.49,163.70,323.86,229.22,41.90,94.27,206.38,1779.64,3548.00,2.39,149.86,108.60,580.56,3.28,938.23,58.70,482.33
2026-01-04T22:50:00Z,46.81,2393.70,159.55,611.23,45.75,2182.42,166.49,475.01,59.33,2219.09,164.97,698.73,38.51,2236.92,164.21,327.41,231.35,45.14,94.37,209.08,1784.69,3545.04,2.60,149.99,112.88,589.42,3.21,948.04,58.64,502.58
2026-01-04T23:00:00Z,47.19,2398.81,159.48,617.96,45.91,2175.45,165.67,475.97,59.79,2211.10,164.42,686.50,38.40,2238.53,164.86,335.81,235.07,44.86,94.32,212.63,1787.37,3555.84,2.35,147.73,114.01,590.76,3.02,930.39,57.07,486.70
2026-01-04T23:10:00Z,46.71,2407.43,159.25,613.98,45.58,2177.09,165.66,471.88,60.40,2202.77,165.17,706.57,38.81,2226.08,164.40,341.35,232.05,45.33,94.74,209.89,1786.57,3548.26,2.50,149.80,110.41,589.08,2.93,945.26,58.17,483.87
2026-01-04T23:20:00Z,46.84,2411.16,159.21,613.17,45.65,2171.85,165.96,480.18,60.75,2184.28,164.85,708.13,38.80,2219.41,164.08,335.28,233.93,43.13,94.54,212.41,1787.87,3546.86,2.40,149.36,111.96,584.23,2.69,945.09,59.81,491.65
2026-01-04T23:30:00Z,46.93,2406.08,159.28,619.08,45.63,2186.68,165.27,479.33,60.78,2189.44,165.51,711.19,38.53,2229.36,163.77,345.79,233.48,46.64,94.25,210.75,1790.98,3557.91,2.64,151.53,112.00,591.54,2.74,943.74,58.72,491.31
2026-01-04T23:40:00Z,47.03,2398.33,159.10,615.96,45.59,2190.72,165.33,466.74,60.77,2187.33,164.84,726.92,38.81,2233.63,163.95,347.62,233.02,44.92,94.37,209.79,1785.68,3549.10,2.60,149.99,114.86,596.78,2.95,940.19,60.08,504.42
2026-01-04T23:50:00Z,46.54,2406.33,159.85,621.04,45.56,2197.42,165.62,477.71,60.81,2184.77,165.17,734.78,38.86,2234.48,163.35,335.34,231.80,46.41,94.35,212.34,1789.50,3542.77,2.57,149.49,110.12,587.65,3.04,945.12,60.50,497.02
2026-01-05T00:00:00Z,46.12,2422.00,158.79,597.74,45.28,2195.84,164.87,455.49,60.99,2187.44,165.21,736.75,39.36,2239.01,163.61,332.01,230.70,44.11,94.23,208.30,1776.92,3562.83,2.50,150.11,111.79,591.55,3.39,931.48,58.18,501.08
2026-01-05T00:10:00Z,45.68,2437.84,158.65,583.40,45.28,2200.08,165.47,461.21,61.02,2174.30,165.67,756.36,39.89,2206.86,164.13,351.98,236.29,43.82,94.30,214.27,1782.54,3551.61,2.38,149.48,112.48,596.14,3.06,943.52,59.37,492.05
2026-01-05T00:20:00Z,45.32,2444.98,159.25,586.69,45.24,2206.95,164.42,446.24,60.93,2161.57,165.55,753.36,40.27,2196.17,164.32,360.24,236.05,43.65,94.05,207.59,1779.57,3539.87,2.69,150.40,111.23,592.62,2.93,931.17,59.20,485.56
2026-01-05T00:30:00Z,45.18,2442.73,159.35,571.91,45.39,2185.07,163.74,453.08,60.83,2178.77,165.53,767.74,40.57,2184.98,164.97,381.03,243.09,43.15,94.79,219.45,1799.22,3561.07,2.37,151.32,116.19,595.43,3.16,949.22,60.50,488.47
2026-01-05T00:40:00Z,44.98,2453.22,158.28,552.89,45.44,2181.67,163.84,458.86,61.18,2173.16,165.56,780.60,40.88,2184.18,165.12,402.39,231.10,42.57,94.29,209.95,1777.78,3548.10,2.30,150.96,107.59,588.77,3.09,940.67,59.99,492.25
2026-01-05T00:50:00Z,45.07,2449.47,158.73,542.26,44.97,2183.54,164.33,445.21,61.22,2176.45,166.41,778.35,41.10,2181.46,165.72,404.77,239.21,45.26,95.29,215.63,1795.17,3549.03,2.54,148.62,115.30,596.08,3.26,952.69,61.07,499.76
2026-01-05T01:00:00Z,45.14,2455.13,159.01,547.90,45.10,2197.13,165.23,459.81,61.29,2168.44,165.85,775.08,41.16,2179.79,165.67,406.26,243.28,43.59,95.54,219.49,1789.18,3548.88,2.36,149.69,118.37,606.09,3.28,947.68,58.74,509.27
2026-01-05T01:10:00Z,45.03,2449.70,159.22,550.60,44.86,2192.74,166.00,463.68,60.95,2172.86,166.47,764.32,41.75,2161.12,165.97,426.52,245.87,43.82,95.78,220.07,1790.62,3547.04,2.37,151.23,119.89,606.81,2.90,945.80,58.18,509.32
2026-01-05T01:20:00Z,45.00,2452.10,158.65,553.50,45.29,2197.05,165.45,470.51,60.81,2179.62,166.19,747.41,42.67,2146.50,166.53,441.63,242.05,44.51,95.66,216.75,1784.94,3544.67,2.60,150.00,113.20,593.62,3.07,946.43,58.49,492.27
2026-01-05T01:30:00Z,44.70,2450.54,158.02,547.07,44.90,2206.83,164.82,453.74,60.81,2181.10,166.20,753.22,42.75,2145.19,166.39,446.79,239.93,44.61,94.58,213.87,1785.44,3543.74,2.51,150.25,113.51,596.16,3.18,935.71,58.38,484.93
2026-01-05T01:40:00Z,44.91,2454.37,157.21,538.53,44.94,2211.80,164.63,455.77,60.86,2183.90,165.48,757.39,43.24,2120.22,166.98,471.80,241.34,45.95,94.76,218.17,1795.34,3557.86,2.67,149.41,113.93,593.94,2.82,950.68,60.46,492.59
2026-01-05T01:50:00Z,45.18,2438.50,157.69,548.09,45.06,2204.05,165.00,446.08,61.08,2168.11,165.20,743.63,43.21,2117.21,167.00,495.91,243.45,45.50,94.69,216.39,1788.92,3562.00,2.41,149.96,115.91,596.62,2.85,945.56,61.49,510.54
2026-01-05T02:00:00Z,45.96,2427.15,158.00,567.61,45.26,2205.80,165.04,452.09,60.88,2171.20,165.88,755.62,43.28,2109.06,167.88,507.62,246.60,45.98,94.93,224.92,1801.21,3548.33,2.63,151.89,119.66,599.43,2.96,951.52,59.59,506.80
2026-01-05T02:10:00Z,45.75,2422.33,158.04,576.72,45.31,2195.35,165.29,463.01,60.89,2170.52,165.76,756.54,43.45,2108.03,167.53,500.73,246.83,47.53,95.34,225.51,1804.84,3562.43,2.63,151.61,117.18,596.44,2.79,955.50,59.63,488.53
2026-01-05T02:20:00Z,45.66,2432.52,158.68,571.35,45.16,2199.24,165.38,462.65,60.78,2174.94,166.48,772.89,43.70,2110.13,166.93,506.34,243.48,48.23,94.30,217.87,1791.00,3543.11,2.71,149.64,115.06,595.50,3.02,944.17,60.20,486.06
2026-01-05T02:30:00Z,45.88,2430.29,158.60,584.68,45.59,2196.01,165.28,458.73,60.66,2177.11,166.31,765.24,43.96,2114.21,167.04,518.05,239.92,48.24,94.31,216.08,1790.82,3558.71,2.66,150.56,115.81,593.17,3.17,934.33,60.35,500.45
2026-01-05T02:40:00Z,45.61,2439.53,158.56,566.92,45.28,2190.79,164.76,451.75,60.47,2185.92,165.73,748.22,43.97,2100.48,167.21,530.16,242.56,49.15,94.04,216.88,1793.82,3549.28,2.26,149.80,115.09,592.40,3.01,949.14,60.69,500.61
2026-01-05T02:50:00Z,45.65,2437.15,158.95,557.81,45.23,2197.78,164.27,444.55,60.44,2188.46,165.70,746.29,44.47,2091.83,168.07,529.69,242.15,46.46,94.13,220.02,1796.52,3543.45,2.66,149.46,117.03,604.45,2.45,953.69,60.28,508.93
2026-01-05T03:00:00Z,45.90,2431.97,158.87,563.61,45.31,2202.09,164.79,444.50,60.27,2192.99,165.53,734.89,44.91,2077.85,168.49,535.29,239.78,47.23,94.85,216.39,1792.34,3549.01,2.45,150.26,113.25,591.09,2.90,942.42,60.09,495.28
2026-01-05T03:10:00Z,45.88,2434.17,158.34,552.36,45.51,2184.61,164.67,451.57,60.19,2202.99,166.42,728.36,45.11,2062.32,168.41,558.00,241.96,48.88,94.96,214.31,1792.70,3548.61,2.32,149.32,116.05,600.73,3.24,938.03,59.92,508.46
2026-01-05T03:20:00Z,45.87,2438.33,158.67,559.55,45.89,2181.55,164.52,471.70,60.26,2201.02,165.43,718.34,45.56,2068.53,168.27,564.09,237.77,47.06,94.10,210.77,1780.60,3533.82,2.60,149.83,119.01,595.97,3.01,935.97,60.22,498.16
2026-01-05T03:30:00Z,46.20,2419.58,158.55,566.97,45.97,2173.56,165.63,475.97,60.06,2202.39,165.02,720.16,45.72,2060.02,168.65,579.26,236.56,46.51,94.26,213.40,1786.00,3549.06,2.54,149.92,115.72,589.96,3.27,947.32,60.43,503.45
2026-01-05T03:40:00Z,46.11,2426.32,158.93,566.54,45.74,2181.71,166.03,469.76,60.04,2200.48,164.82,740.02,46.15,2055.53,169.03,586.11,240.95,45.91,94.83,219.72,1797.16,3545.50,2.82,150.91,115.03,593.64,3.12,956.65,60.48,500.63
2026-01-05T03:50:00Z,46.54,2413.46,158.91,588.29,45.61,2188.10,165.98,469.06,60.20,2200.38,164.42,725.12,45.91,2058.51,168.50,580.45,244.50,45.62,95.37,220.50,1789.66,3565.93,2.44,151.66,119.14,605.11,2.81,948.42,61.72,507.96
2026-01-05T04:00:00Z,46.36,2407.92,158.90,602.04,45.51,2194.14,165.76,467.01,60.25,2201.51,165.22,729.82,46.11,2046.28,168.95,593.53,239.35,46.19,94.70,216.27,1793.24,3543.13,2.75,148.17,115.22,596.52,2.89,946.33,60.82,496.43
2026-01-05T04:10:00Z,46.61,2409.51,158.85,598.80,45.48,2191.22,165.63,471.18,60.01,2204.00,164.94,723.18,46.58,2033.64,169.67,594.50,240.95,47.95,94.89,214.14,1797.31,3541.57,2.52,151.47,116.47,600.84,3.02,950.22,61.83,493.17
2026-01-05T04:20:00Z,46.60,2402.12,159.42,602.62,45.46,2193.70,164.48,462.90,60.10,2202.46,165.12,720.74,47.01,2026.97,168.09,609.21,244.91,47.91,94.48,215.49,1789.07,3547.76,2.64,150.16,114.60,596.57,2.68,948.43,60.27,490.87
2026-01-05T04:30:00Z,46.55,2392.64,158.93,612.28,45.24,2188.62,164.54,466.32,59.75,2196.82,165.00,723.93,47.06,2030.75,168.66,613.74,249.20,47.69,94.66,222.10,1802.44,3555.66,2.60,149.87,119.43,600.36,3.34,949.30,59.72,505.29
2026-01-05T04:40:00Z,46.19,2407.27,158.79,615.32,45.33,2194.15,165.16,463.19,59.23,2203.90,164.77,714.70,47.74,2024.69,169.68,634.35,246.82,48.55,94.27,224.64,1804.54,3534.54,2.36,148.76,120.89,595.65,2.94,952.63,60.20,492.07
2026-01-05T04:50:00Z,46.57,2411.22,159.21,608.59,45.83,2194.90,164.73,456.73,59.37,2215.79,164.40,716.37,47.63,2015.64,170.36,646.17,246.31,49.65,94.64,223.84,1803.20,3553.91,2.49,150.65,117.12,599.28,2.84,958.20,59.16,494.74
2026-01-05T05:00:00Z,46.69,2405.93,159.84,611.85,45.62,2178.40,165.37,468.41,59.23,2229.45,164.25,704.39,47.83,2002.86,169.73,637.87,251.04,49.65,94.78,225.67,1805.56,3541.47,2.54,148.37,122.83,606.35,2.86,959.28,59.05,506.56
2026-01-05T05:10:00Z,46.66,2403.79,159.67,599.05,45.85,2189.03,164.97,470.21,59.24,2229.71,164.31,687.96,48.13,2010.80,170.00,646.95,251.69,49.95,94.55,226.23,1800.31,3548.50,2.34,151.15,121.95,606.82,3.13,952.52,60.74,495.09
2026-01-05T05:20:00Z,46.62,2408.15,159.10,595.41,45.63,2179.41,165.52,473.60,59.05,2216.50,164.13,686.69,48.00,2000.81,170.01,655.64,248.43,49.79,94.32,221.20,1798.42,3561.72,2.47,150.77,119.04,596.05,2.62,947.35,61.36,498.96
2026-01-05T05:30:00Z,46.75,2403.60,158.97,603.98,45.49,2181.56,166.40,483.94,59.15,2221.49,163.77,688.11,48.13,1996.79,170.46,658.92,246.06,50.24,94.12,221.46,1795.51,3552.94,2.35,149.40,117.89,602.42,2.54,955.43,60.64,490.50
2026-01-05T05:40:00Z,46.73,2403.93,159.31,598.24,44.87,2194.36,165.96,458.65,59.20,2225.83,164.58,681.70,47.96,2003.25,170.47,667.58,245.26,51.52,93.92,218.92,1801.82,3552.36,2.57,150.42,120.10,597.03,3.06,953.28,61.55,498.61
2026-01-05T05:50:00Z,46.89,2404.25,159.48,604.53,45.07,2195.93,165.49,446.80,59.55,2209.99,164.32,692.11,47.65,2008.04,171.17,667.54,243.51,49.52,94.00,217.45,1791.41,3538.55,2.42,149.63,116.73,595.27,3.04,949.88,59.59,501.49
2026-01-05T06:00:00Z,46.88,2394.04,159.56,618.15,45.10,2200.25,165.61,444.01,59.62,2212.25,164.55,697.24,47.77,2002.26,170.48,675.84,246.78,49.59,94.05,224.52,1795.88,3563.70,2.36,149.25,116.50,593.63,3.19,949.42,59.60,491.50
2026-01-05T06:10:00Z,46.63,2404.79,159.69,612.33,45.52,2176.59,166.23,464.23,59.45,2209.47,163.64,705.31,47.87,2009.56,170.52,668.12,247.95,50.30,94.10,221.32,1788.29,3555.63,2.39,150.57,120.24,602.90,2.88,950.67,60.00,502.33
2026-01-05T06:20:00Z,46.82,2410.47,160.24,618.39,45.45,2180.46,165.03,460.80,59.45,2207.77,163.98,712.12,47.51,2004.26,170.43,653.15,253.54,49.35,94.37,226.25,1797.94,3557.39,2.55,150.29,121.86,595.82,3.06,946.82,58.74,486.16
2026-01-05T06:30:00Z,46.35,2412.32,159.44,609.33,45.54,2185.57,164.39,449.57,59.89,2213.68,164.02,707.79,47.29,2008.04,170.29,643.44,249.24,48.23,93.73,224.37,1800.89,3562.63,2.50,148.72,117.97,601.87,3.11,946.00,59.47,493.28
2026-01-05T06:40:00Z,46.10,2427.45,159.56,600.55,45.39,2195.02,164.17,436.96,59.80,2212.00,164.80,706.68,47.07,2009.44,169.42,640.82,244.14,47.68,93.55,220.68,1801.87,3556.92,2.12,151.55,116.21,601.86,2.82,949.13,59.83,501.56
2026-01-05T06:50:00Z,46.20,2416.50,158.76,591.61,45.01,2194.60,164.31,449.29,59.71,2223.81,165.27,706.22,46.93,2019.65,169.88,630.88,247.42,46.89,93.91,221.69,1790.80,3548.95,2.00,149.18,118.18,602.92,3.16,945.98,60.91,502.85
2026-01-05T07:00:00Z,46.08,2414.17,158.81,589.72,45.12,2195.42,164.63,453.84,59.21,2230.42,165.07,703.23,46.51,2026.06,170.04,634.83,246.18,50.01,94.20,222.30,1803.93,3551.82,2.32,149.76,120.01,594.90,2.92,954.96,60.89,488.94
2026-01-05T07:10:00Z,45.83,2416.51,159.54,585.41,45.42,2191.67,165.17,444.75,59.82,2216.11,164.93,697.08,46.62,2031.19,170.16,633.10,242.29,50.26,95.42,220.57,1791.46,3551.34,2.60,152.05,117.56,595.86,3.13,947.51,58.99,492.21
2026-01-05T07:20:00Z,46.26,2416.51,159.01,593.60,45.31,2192.67,164.24,453.95,60.14,2199.78,164.77,705.21,47.04,2019.39,170.33,644.19,246.15,50.71,95.03,220.96,1800.47,3549.10,2.61,149.75,115.23,588.66,2.87,952.22,59.04,496.17
2026-01-05T07:30:00Z,46.51,2410.51,158.89,600.84,45.51,2187.31,164.54,461.95,60.03,2204.39,164.20,698.05,47.49,2025.92,170.02,641.04,247.97,49.38,95.20,223.24,1795.95,3560.51,2.45,151.87,118.91,602.12,3.14,945.99,59.14,511.92
2026-01-05T07:40:00Z,46.41,2416.10,158.97,592.96,45.74,2174.83,164.84,464.66,59.93,2203.04,164.79,711.98,47.48,2020.44,169.31,635.91,247.65,49.19,94.95,223.93,1801.12,3551.39,2.74,148.35,119.03,595.94,3.02,948.37,60.50,495.43
2026-01-05T07:50:00Z,46.27,2419.61,158.31,582.90,45.45,2177.98,164.75,467.47,59.86,2206.73,164.58,709.96,47.61,2011.29,169.66,644.82,250.36,50.09,94.08,225.51,1800.87,3547.45,2.66,149.34,119.25,596.22,2.87,948.63,59.65,498.33
2026-01-05T08:00:00Z,46.33,2423.52,159.21,588.24,45.27,2198.81,164.20,459.79,59.73,2217.62,164.51,708.63,47.32,2010.26,170.01,653.46,248.59,51.97,94.28,223.40,1804.55,3551.12,2.60,150.19,117.75,596.52,3.05,951.20,60.32,507.90
2026-01-05T08:10:00Z,46.03,2422.82,159.89,593.20,44.95,2199.71,164.29,465.79,59.53,2212.21,165.10,710.37,47.44,2017.07,170.05,642.96,247.26,49.65,95.14,224.66,1804.19,3537.32,2.56,150.65,119.03,606.08,3.01,950.84,58.61,503.97
2026-01-05T08:20:00Z,45.85,2433.55,159.59,584.96,44.86,2203.70,164.65,442.29,59.86,2203.79,165.39,697.72,47.68,2011.31,170.01,648.31,244.77,48.49,94.41,222.79,1808.79,3548.69,2.69,150.49,117.07,595.99,3.06,954.68,58.79,493.70
2026-01-05T08:30:00Z,45.92,2430.78,158.80,592.51,44.77,2200.00,164.89,446.82,59.56,2203.21,165.33,702.09,47.58,2006.04,169.72,649.39,241.99,48.48,95.50,216.36,1788.23,3543.36,2.45,150.19,117.22,594.61,3.04,939.53,58.59,489.83
2026-01-05T08:40:00Z,45.98,2424.55,158.70,582.59,44.63,2203.42,165.29,455.84,59.28,2213.87,164.40,693.38,47.56,2007.31,170.50,656.54,246.52,50.14,95.85,218.56,1796.01,3532.25,2.54,148.38,119.27,597.55,2.96,949.61,59.07,511.66
2026-01-05T08:50:00Z,45.65,2434.61,159.84,589.00,44.76,2204.68,165.41,451.42,59.61,2212.71,164.80,694.11,47.19,2012.75,170.08,638.82,251.97,49.10,96.49,229.09,1804.30,3549.37,2.61,148.55,118.51,592.22,3.31,950.80,59.25,491.13
2026-01-05T09:00:00Z,45.94,2433.83,159.40,587.82,44.51,2206.82,165.23,439.12,59.74,2203.78,164.23,695.28,47.25,2008.96,170.36,654.17,249.03,48.77,95.91,222.63,1801.72,3555.61,2.51,149.62,117.17,593.38,3.13,952.31,59.90,492.28
2026-01-05T09:10:00Z,45.75,2429.32,159.71,591.02,44.42,2215.09,165.09,424.68,59.67,2201.47,164.38,700.56,47.18,2015.80,170.48,645.61,248.33,49.13,94.94,223.99,1793.38,3565.42,2.58,149.06,119.86,606.31,3.14,950.01,60.04,510.48
2026-01-05T09:20:00Z,45.76,2424.29,159.57,584.10,44.46,2212.09,164.92,435.47,59.47,2219.58,163.41,698.79,47.55,2017.64,170.93,641.50,248.95,49.22,94.52,225.33,1796.56,3541.07,2.35,151.17,120.57,603.28,3.01,958.29,59.10,496.86
2026-01-05T09:30:00Z,46.12,2411.72,159.16,583.03,44.62,2211.12,163.83,412.99,59.34,2212.71,164.22,695.68,47.65,2014.60,170.34,646.62,248.09,46.83,95.51,225.24,1794.36,3541.18,2.65,149.54,120.10,597.84,3.20,943.10,59.03,508.99
2026-01-05T09:40:00Z,46.40,2415.26,159.19,592.43,44.62,2210.06,164.12,419.00,59.35,2221.74,164.57,695.48,48.01,1996.21,170.74,656.19,246.44,48.14,95.16,220.35,1798.85,3547.75,2.66,150.08,118.68,594.43,2.75,952.98,60.26,488.78
2026-01-05T09:50:00Z,45.92,2412.59,158.83,599.22,44.77,2214.06,163.72,439.38,58.96,2223.75,164.09,699.29,47.74,2011.84,171.37,654.87,244.49,50.25,94.01,221.15,1799.51,3554.50,2.58,151.44,115.55,596.97,2.91,949.01,60.74,501.21
2026-01-05T10:00:00Z,46.08,2414.72,158.09,591.42,44.95,2220.35,163.75,425.70,59.25,2216.58,164.78,699.59,47.65,2005.39,170.75,641.44,245.58,50.16,94.22,221.08,1800.11,3549.96,2.52,150.01,120.85,596.07,2.86,953.95,59.83,492.11
2026-01-05T10:10:00Z,46.44,2415.43,158.65,587.36,45.09,2191.31,164.25,444.38,59.57,2203.23,164.91,705.20,48.05,2003.32,170.62,647.91,246.00,50.40,95.27,221.78,1796.79,3539.30,2.50,149.31,118.26,601.01,3.15,948.36,59.58,500.06
2026-01-05T10:20:00Z,46.18,2411.89,159.58,582.87,45.20,2191.98,165.58,448.46,59.99,2203.09,164.74,707.19,47.93,2005.38,170.45,660.88,248.06,50.75,96.12,223.06,1795.24,3551.38,2.79,150.15,118.26,592.29,3.04,949.24,58.65,492.08
2026-01-05T10:30:00Z,46.43,2414.40,159.12,585.68,45.12,2196.30,165.45,461.63,59.65,2209.26,165.24,724.51,47.97,2001.12,171.08,654.53,244.33,51.51,95.59,219.15,1798.42,3544.75,2.47,149.81,116.26,599.37,2.97,950.51,58.88,499.60
2026-01-05T10:40:00Z,46.77,2407.03,159.22,610.61,45.16,2202.63,165.98,461.50,59.58,2206.96,165.27,720.54,48.12,1991.44,170.42,662.98,250.55,51.36,95.52,226.29,1797.65,3552.05,2.67,148.87,120.00,604.02,3.18,951.85,58.50,500.02
2026-01-05T10:50:00Z,46.88,2404.50,158.88,615.11,45.05,2206.01,165.55,458.57,59.63,2213.30,164.45,723.81,48.30,1996.19,170.87,674.29,252.05,51.49,95.58,226.00,1807.91,3567.28,2.72,149.66,122.21,602.99,2.99,949.61,60.24,492.00
2026-01-05T11:00:00Z,46.85,2404.93,158.66,608.66,44.89,2200.41,165.52,453.78,59.35,2219.84,164.36,703.69,47.70,1997.44,170.50,664.49,247.65,52.08,94.82,221.95,1798.88,3546.86,2.68,150.85,117.36,605.19,2.67,945.68,60.51,509.74
2026-01-05T11:10:00Z,47.44,2382.42,158.39,618.68,45.05,2187.64,165.83,456.31,59.52,2202.47,164.43,698.32,47.79,2007.78,170.58,660.71,246.02,50.71,94.82,223.81,1808.22,3551.79,2.44,149.97,116.21,593.40,2.72,954.44,60.03,493.68
2026-01-05T11:20:00Z,47.40,2388.85,158.55,613.21,44.58,2199.38,164.91,466.57,59.04,2224.89,163.79,681.14,47.99,1986.99,170.96,665.64,244.68,50.63,95.34,219.49,1799.82,3557.74,2.39,150.00,116.57,596.82,3.07,948.00,60.55,497.41
2026-01-05T11:30:00Z,47.32,2381.64,158.21,623.19,44.44,2212.23,164.58,458.80,59.14,2222.84,163.85,677.43,48.12,1983.39,170.97,680.55,244.14,49.30,95.60,219.78,1788.92,3551.18,2.60,150.32,116.98,596.54,2.65,940.68,61.03,501.49
2026-01-05T11:40:00Z,47.30,2384.67,159.50,628.82,44.54,2218.06,164.27,449.84,59.49,2214.07,164.15,676.93,48.18,1990.90,170.63,679.10,241.64,48.87,96.04,219.41,1792.50,3557.10,2.66,150.07,116.13,595.58,2.69,941.87,59.89,493.88
2026-01-05T11:50:00Z,47.34,2395.04,159.21,637.11,44.56,2220.27,164.40,447.71,59.61,2212.77,163.84,681.37,48.12,1989.51,171.25,682.89,247.21,48.78,96.13,222.81,1791.27,3554.00,2.60,150.27,118.70,595.22,2.82,947.94,59.12,501.72
2026-01-05T12:00:00Z,47.16,2392.81,159.26,635.45,44.35,2221.48,164.37,434.75,59.45,2211.95,164.07,690.63,48.42,1997.44,170.88,688.42,249.80,49.92,95.55,226.97,1800.13,3555.84,2.89,150.14,119.60,600.18,2.76,956.93,58.34,500.32
2026-01-05T12:10:00Z,47.39,2387.54,159.12,635.42,44.63,2213.07,165.41,444.37,59.32,2220.46,164.30,695.44,47.85,1988.35,170.81,674.89,249.49,49.42,95.64,225.93,1802.38,3554.52,2.42,149.46,118.61,597.04,3.13,948.19,59.40,496.21
2026-01-05T12:20:00Z,47.23,2389.08,159.78,630.84,44.76,2209.90,165.34,441.75,59.45,2217.84,163.94,709.14,48.05,2006.90,170.06,645.35,248.32,49.15,95.36,223.75,1792.84,3565.97,2.53,150.10,119.01,594.56,2.77,955.31,59.81,486.02
2026-01-05T12:30:00Z,47.41,2388.71,159.76,629.25,45.02,2197.53,164.63,464.30,59.32,2219.38,163.94,696.44,48.20,1999.23,170.50,661.70,246.20,51.02,95.52,216.13,1791.39,3556.71,2.58,149.41,115.86,603.28,3.65,953.21,59.35,501.85
2026-01-05T12:40:00Z,47.34,2392.85,158.92,621.80,44.93,2196.79,164.89,456.94,59.15,2224.39,163.39,698.85,48.61,1986.17,170.60,688.25,248.76,51.14,96.02,222.05,1794.24,3556.11,2.34,149.73,120.86,595.17,2.94,951.44,60.03,497.85
2026-01-05T12:50:00Z,47.49,2391.33,159.35,634.55,45.33,2189.28,165.50,456.81,59.87,2211.07,164.33,709.24,48.58,1989.78,171.18,697.11,254.57,49.66,94.38,227.68,1806.30,3554.23,2.32,148.69,120.30,596.29,3.08,955.79,60.11,495.94
2026-01-05T13:00:00Z,47.16,2399.60,158.93,630.44,45.41,2191.13,164.82,454.96,59.92,2198.14,164.76,718.51,48.59,1998.96,171.24,680.02,250.76,51.53,94.43,229.65,1803.88,3544.98,2.68,150.42,119.04,596.69,3.20,952.53,60.01,507.68
2026-01-05T13:10:00Z,47.09,2400.78,159.29,625.65,45.77,2190.91,165.19,458.92,59.93,2197.89,164.57,718.43,48.97,1986.75,171.45,695.82,254.77,50.87,94.92,227.97,1809.23,3557.92,2.40,149.33,122.88,603.91,3.40,967.95,60.42,510.82
2026-01-05T13:20:00Z,46.77,2401.30,158.56,602.31,46.12,2184.90,165.32,471.06,59.76,2216.29,164.45,713.61,48.95,1973.43,171.96,709.85,253.60,49.38,95.78,229.18,1798.68,3560.08,2.59,149.80,123.20,603.55,2.88,938.57,61.47,502.28
2026-01-05T13:30:00Z,46.76,2411.98,159.84,598.02,45.75,2184.23,164.84,484.93,59.70,2209.30,164.61,717.89,48.85,1979.68,172.07,708.32,255.06,51.56,95.85,227.95,1796.99,3549.70,2.54,148.64,123.54,605.24,3.16,951.18,59.80,507.57
2026-01-05T13:40:00Z,46.34,2413.84,159.37,581.35,45.82,2184.38,164.73,469.17,59.55,2206.08,164.68,699.04,48.56,1982.01,171.62,698.66,254.74,49.70,96.31,231.94,1810.12,3552.72,2.74,150.31,119.87,597.72,2.48,957.34,60.48,498.89
2026-01-05T13:50:00Z,46.36,2427.24,159.71,588.06,45.82,2187.28,166.14,479.71,59.81,2210.77,164.32,705.98,48.44,1981.13,171.73,686.56,249.48,50.76,95.38,225.92,1799.08,3548.78,2.45,149.62,115.98,589.81,3.28,946.96,62.01,486.52
2026-01-05T14:00:00Z,46.46,2420.02,159.59,596.31,45.73,2187.20,166.11,484.10,59.99,2204.75,165.03,729.43,48.56,1977.33,172.14,687.55,250.80,51.66,95.40,224.74,1798.65,3544.49,2.63,150.82,120.25,601.73,3.17,949.83,61.65,505.32
2026-01-05T14:10:00Z,46.53,2412.88,159.50,613.15,45.79,2183.83,165.72,486.44,59.91,2193.29,163.85,720.87,48.48,1977.97,171.38,689.38,254.91,50.21,95.03,230.93,1805.57,3550.53,2.58,150.12,122.68,594.42,2.70,956.06,61.41,501.44
2026-01-05T14:20:00Z,46.71,2399.61,159.24,614.64,45.43,2188.43,166.17,470.25,60.00,2194.86,163.61,724.47,48.67,1978.21,171.51,695.09,250.92,51.76,94.60,225.75,1805.50,3549.53,2.54,149.93,119.50,594.64,3.17,958.27,61.43,496.31
2026-01-05T14:30:00Z,46.62,2415.33,158.90,610.74,45.31,2200.81,165.71,460.52,60.11,2197.44,164.35,721.34,48.54,1983.25,171.52,685.55,249.08,49.95,94.61,223.05,1796.65,3548.55,2.61,150.44,121.37,600.99,3.07,940.06,60.59,503.02
2026-01-05T14:40:00Z,46.48,2424.87,158.35,596.75,45.18,2200.07,165.73,459.71,60.11,2188.27,164.83,722.02,48.23,1992.12,170.21,693.36,247.28,50.60,95.09,224.19,1795.00,3559.46,2.74,152.03,120.13,595.33,3.13,946.54,58.53,492.21
2026-01-05T14:50:00Z,46.13,2424.33,158.71,587.46,45.36,2190.60,165.38,452.34,60.60,2190.35,164.29,724.90,47.67,2000.35,170.65,686.25,249.05,50.72,94.73,225.80,1801.27,3550.08,2.55,148.53,121.44,,3.08,952.74,58.98,501.10
2026-01-05T15:00:00Z,46.46,2413.31,158.90,573.50,45.37,2185.54,164.63,454.13,60.50,2189.73,164.73,719.94,47.33,2012.39,170.84,662.11,250.76,48.67,95.04,224.56,1795.86,3551.21,2.60,149.04,121.98,597.25,3.22,952.65,59.98,506.30
2026-01-05T15:10:00Z,46.65,2418.27,158.78,581.43,45.59,2188.42,165.42,449.91,60.36,2191.82,164.87,717.71,47.58,2012.96,170.26,647.34,250.49,49.42,94.35,224.59,1804.49,3550.84,2.77,149.36,120.42,600.37,2.69,948.57,60.69,512.14
2026-01-05T15:20:00Z,46.65,2393.01,158.94,612.21,46.40,2176.22,165.30,474.78,60.11,2199.29,165.20,727.50,47.73,2009.63,170.35,633.55,252.21,49.79,95.16,226.96,1811.86,3555.76,2.64,150.46,121.49,601.86,2.88,954.56,59.71,504.94
2026-01-05T15:30:00Z,46.67,2407.03,158.55,594.83,46.49,2163.24,165.14,475.78,59.93,2202.51,164.86,712.91,47.83,2005.98,170.73,630.41,249.69,50.23,94.55,227.34,1796.56,3554.17,2.67,150.91,119.77,596.87,2.89,948.83,59.84,493.72
2026-01-05T15:40:00Z,46.78,2403.35,158.34,588.94,46.47,2171.88,166.04,481.81,59.97,2199.48,164.40,722.57,47.52,2012.09,170.10,642.63,251.62,51.47,94.48,227.53,1802.19,3538.84,2.42,149.11,120.76,600.96,3.14,947.79,60.28,495.05
2026-01-05T15:50:00Z,46.56,2408.13,158.91,581.83,46.53,2172.33,165.04,480.20,59.53,2202.19,164.78,717.49,47.61,2012.85,170.64,635.02,247.91,52.48,94.40,222.01,1793.55,3532.90,2.45,149.28,121.03,609.61,3.00,949.24,60.65,506.50
2026-01-05T16:00:00Z,46.72,2408.95,159.22,585.04,46.21,2181.09,165.65,492.91,59.46,2191.05,165.53,714.02,47.63,2009.20,170.10,649.48,251.02,49.14,94.55,229.33,1797.53,3540.44,2.53,151.82,120.20,603.13,3.23,946.16,61.29,510.60
2026-01-05T16:10:00Z,47.05,2404.12,157.43,597.53,46.15,2178.27,165.72,495.61,59.47,2207.93,164.87,701.85,47.51,2018.03,170.90,639.74,248.65,49.04,94.95,224.17,1798.61,3557.93,2.66,150.65,118.30,596.26,3.03,949.58,61.20,506.45
2026-01-05T16:20:00Z,47.04,2403.72,158.71,608.33,45.76,2172.46,165.58,484.95,59.13,2219.35,164.99,702.55,47.54,2011.00,170.87,626.48,246.94,49.35,95.41,220.00,1798.10,3543.68,2.58,149.52,120.53,601.52,3.26,954.05,60.59,501.78
2026-01-05T16:30:00Z,46.73,2400.65,158.48,622.05,45.66,2182.12,165.72,484.12,59.35,2220.88,165.14,699.05,47.70,2009.03,171.23,642.83,252.18,50.67,95.02,229.78,1808.03,3564.87,2.33,150.50,120.33,598.03,2.92,952.73,60.16,494.16
2026-01-05T16:40:00Z,47.20,2408.99,158.86,611.79,45.76,2173.78,165.08,477.46,59.27,2218.58,165.74,704.23,48.17,2001.47,170.85,652.16,247.80,50.34,93.91,220.71,1790.90,3559.85,2.15,148.56,118.29,598.71,3.33,938.58,60.44,504.79
2026-01-05T16:50:00Z,46.99,2402.40,159.09,610.47,45.36,2183.09,164.92,474.54,59.15,2219.57,164.90,697.23,48.25,1987.59,170.31,662.47,247.44,50.54,94.37,221.13,1796.75,3538.35,2.55,148.80,121.37,597.99,2.89,945.71,59.21,505.92
2026-01-05T17:00:00Z,46.75,2409.56,159.91,615.16,45.45,2186.69,165.81,476.21,59.01,2215.45,165.49,702.42,48.22,1995.22,170.71,657.85,249.00,51.04,95.80,224.41,1802.19,3552.31,2.56,149.87,118.66,597.34,3.03,951.14,59.38,491.91
2026-01-05T17:10:00Z,46.95,2412.71,159.74,618.62,45.97,2180.10,165.34,490.50,59.37,2218.24,165.10,694.49,48.04,1998.26,170.95,674.18,249.71,50.55,95.53,222.13,1805.92,3550.37,2.41,149.92,121.38,608.09,3.41,958.39,60.02,518.03
2026-01-05T17:20:00Z,46.86,2401.24,159.69,625.37,45.56,2185.80,165.74,477.45,59.69,2217.80,165.08,684.89,47.80,2003.39,171.12,670.54,248.92,48.52,95.33,224.30,1804.12,3545.92,2.56,,117.97,599.00,3.09,954.32,61.80,510.23
2026-01-05T17:30:00Z,47.20,2390.51,160.07,634.48,45.57,2181.31,164.57,470.56,59.52,2227.75,164.32,686.73,47.76,2015.86,171.40,669.46,246.66,49.71,94.92,220.33,1804.52,3537.28,2.72,148.76,116.30,598.45,3.07,946.99,61.87,513.48
2026-01-05T17:40:00Z,47.41,2378.80,159.51,639.64,45.60,2181.36,164.97,470.70,59.96,2217.68,164.00,689.30,47.98,2014.83,171.12,666.07,246.11,49.53,94.89,223.07,1795.28,3550.57,2.48,151.01,117.55,599.33,3.12,942.97,59.60,502.69
2026-01-05T17:50:00Z,47.63,2382.46,160.10,636.95,45.55,2178.40,164.80,473.46,59.78,2208.37,164.30,694.53,47.65,2014.94,170.86,657.82,252.72,49.46,95.10,231.48,1802.51,3545.12,2.50,149.14,123.39,607.56,3.03,958.18,58.62,499.16
2026-01-05T18:00:00Z,48.03,2379.70,159.97,639.64,45.48,2182.52,165.05,460.61,59.70,2209.33,164.95,702.92,47.86,2005.50,170.84,658.33,251.26,49.35,95.12,222.28,1796.85,3557.24,2.24,151.19,121.09,599.59,3.24,943.73,57.78,507.40
2026-01-05T18:10:00Z,48.33,2365.79,160.21,647.27,45.34,2181.14,164.62,470.32,59.18,2209.91,165.20,705.98,47.78,1998.02,171.27,670.60,251.52,50.44,94.24,227.45,1801.74,3548.50,2.64,149.85,120.79,596.72,2.97,951.80,58.67,491.12
2026-01-05T18:20:00Z,48.56,2358.86,160.30,660.10,45.04,2192.53,165.69,466.72,58.78,2224.12,164.63,701.94,48.09,2005.20,171.25,651.60,247.64,50.77,94.72,223.69,1799.90,3559.53,2.34,150.13,117.98,601.73,2.87,954.69,59.70,496.11
2026-01-05T18:30:00Z,48.49,2353.44,160.94,671.13,45.17,2200.71,164.81,448.22,58.87,2208.81,164.86,712.99,48.22,1990.60,170.42,672.00,248.14,49.74,95.10,224.09,1799.96,3544.00,2.61,149.06,118.88,597.13,3.20,945.42,59.08,499.86
2026-01-05T18:40:00Z,48.54,2369.25,160.25,668.86,45.45,2205.31,164.11,443.98,58.34,2230.75,164.48,686.40,48.49,1979.14,171.56,702.58,253.62,47.86,94.44,228.41,1804.92,3543.84,2.59,149.47,122.37,598.64,2.57,954.80,60.43,499.15
2026-01-05T18:50:00Z,48.64,2355.96,160.87,677.60,45.51,2197.83,164.08,449.05,58.60,2232.10,164.02,688.28,48.51,1989.36,170.83,687.18,252.49,48.90,94.30,229.24,1803.51,3558.66,2.72,150.16,122.50,604.42,2.87,951.13,58.45,518.33
2026-01-05T19:00:00Z,47.94,2365.44,161.10,665.94,45.05,2197.62,164.26,447.51,58.80,2231.99,163.78,690.47,48.49,1981.64,170.80,678.43,245.10,49.74,94.28,221.86,1791.09,3542.53,2.45,148.94,116.34,591.44,3.02,936.91,59.87,495.03
2026-01-05T19:10:00Z,48.20,2358.19,160.29,655.20,45.34,2203.07,164.54,443.60,58.94,2234.86,164.24,692.24,49.13,1969.32,171.14,686.40,247.97,50.27,95.35,223.72,1800.82,3561.22,2.72,148.76,117.53,598.18,2.73,949.44,59.52,500.44
2026-01-05T19:20:00Z,48.29,2360.34,160.69,658.08,45.31,2195.08,164.48,456.55,58.63,2233.57,164.23,701.28,49.25,1976.93,171.06,692.16,250.76,50.75,95.91,224.51,1789.20,3546.81,2.45,150.15,120.85,597.14,3.17,948.38,58.15,495.53
2026-01-05T19:30:00Z,48.23,2368.69,160.80,671.69,45.54,2202.04,165.68,463.29,58.68,2237.94,164.70,680.55,49.10,1971.42,172.64,697.47,249.60,48.79,95.91,224.16,1800.47,3563.22,2.65,148.13,120.36,602.29,3.10,948.29,58.21,497.29
2026-01-05T19:40:00Z,48.31,2366.56,160.96,668.61,45.82,2188.98,165.95,466.97,59.00,2217.86,164.80,695.27,48.91,1969.57,172.60,708.68,252.66,51.34,96.37,223.90,1803.22,3547.33,2.55,151.65,121.24,608.18,2.89,944.62,59.48,496.44
2026-01-05T19:50:00Z,48.24,2369.15,161.03,664.58,45.62,2175.29,165.48,480.84,59.42,2224.08,163.78,668.42,48.90,1980.11,171.94,708.89,254.39,52.05,96.22,230.47,1810.55,3539.35,2.35,149.04,120.99,600.60,3.17,957.00,59.30,510.74
2026-01-05T20:00:00Z,48.66,2360.41,160.47,666.60,45.57,2166.75,166.05,486.04,59.71,2228.04,163.89,677.90,48.69,1985.67,171.63,716.77,251.89,51.48,95.93,228.41,1798.39,3541.78,2.67,148.95,121.81,597.37,2.97,942.14,59.57,493.39
2026-01-05T20:10:00Z,48.44,2369.41,160.32,643.75,45.27,2180.31,165.70,466.37,59.42,2227.44,164.14,688.18,48.68,1987.73,171.25,684.93,251.71,52.71,95.58,228.32,1797.47,3539.44,2.72,149.56,121.30,603.27,3.02,948.76,60.38,504.66
2026-01-05T20:20:00Z,48.16,2363.15,160.20,645.33,45.46,2177.06,165.40,489.18,59.33,2229.29,164.36,688.08,48.55,2000.56,171.32,685.33,256.02,52.09,94.99,229.62,1799.18,3562.53,2.49,150.29,121.79,599.37,2.86,954.87,59.80,508.95
2026-01-05T20:30:00Z,47.91,2363.51,160.17,651.31,45.14,2182.17,165.92,482.74,59.41,2231.86,164.72,705.79,48.82,1987.73,171.19,689.77,258.39,51.30,94.96,231.84,1802.51,3567.55,2.62,149.27,126.92,607.05,2.77,944.90,59.58,507.48
2026-01-05T20:40:00Z,48.15,2368.28,160.49,647.73,45.47,2185.96,166.07,459.72,59.23,2226.51,164.57,683.35,48.57,1978.65,171.18,695.91,255.93,50.17,95.27,228.69,1811.16,3549.40,2.34,152.45,122.01,598.59,2.71,950.29,60.11,500.00
2026-01-05T20:50:00Z,47.93,2373.55,160.69,654.06,45.52,2186.14,165.89,452.66,59.28,2217.59,164.77,700.92,48.77,1971.29,170.83,685.89,250.64,49.74,95.49,227.65,1810.17,3554.79,2.62,148.38,119.24,606.28,2.94,960.42,60.33,498.15
2026-01-05T21:00:00Z,48.30,2371.52,160.08,641.04,45.52,2181.50,166.18,481.77,59.80,2210.47,164.79,702.23,48.77,1974.72,171.02,688.61,255.51,49.76,95.49,228.11,1802.89,3544.12,2.35,148.24,122.25,601.81,2.92,953.55,60.16,509.62
2026-01-05T21:10:00Z,48.64,2368.82,159.99,646.82,45.38,2186.16,165.65,473.89,60.02,2199.82,165.50,709.47,48.57,1984.93,170.92,683.51,250.64,51.55,95.42,225.44,1806.78,3547.67,2.71,148.90,120.05,596.63,2.91,958.00,62.71,495.45
2026-01-05T21:20:00Z,48.56,2377.69,159.80,652.19,45.63,2188.74,165.01,467.04,59.91,2203.54,165.06,724.70,48.59,1990.95,170.57,686.57,251.70,50.69,96.05,225.95,1795.37,3544.71,2.66,149.93,122.12,607.72,3.36,952.32,61.14,512.48
2026-01-05T21:30:00Z,48.08,2367.77,159.58,653.84,45.44,2190.91,165.04,475.58,59.72,2206.57,165.29,734.84,48.93,1976.50,170.56,696.83,246.25,51.35,94.10,219.38,1795.98,3554.68,2.75,149.85,116.44,592.50,2.69,946.36,59.94,482.30
2026-01-05T21:40:00Z,47.99,2376.37,160.24,662.26,45.79,2178.67,165.39,474.77,59.42,2209.51,164.93,712.10,48.97,1971.87,170.79,696.83,250.95,51.38,95.55,225.73,1797.95,3547.79,2.61,150.02,122.34,599.43,2.51,950.45,59.53,503.21
2026-01-05T21:50:00Z,47.56,2383.26,,654.01,45.58,2174.66,165.97,483.87,59.54,2216.82,165.05,713.37,49.26,1973.61,171.32,697.79,252.50,54.11,94.91,227.42,1807.04,3536.38,2.58,150.60,121.33,597.72,3.15,953.57,61.16,499.03
2026-01-05T22:00:00Z,47.81,2384.42,159.79,655.48,45.75,2166.59,166.04,502.77,59.49,2214.24,164.86,709.43,49.24,1976.82,172.13,701.25,253.48,53.70,94.46,227.58,1797.84,3544.89,2.62,148.68,121.55,601.55,3.01,950.09,60.91,503.68
2026-01-05T22:10:00Z,47.84,2377.05,160.05,658.82,45.89,2173.95,166.21,496.44,59.91,2203.56,164.49,701.39,48.88,1986.36,171.25,681.98,254.91,52.67,94.44,227.69,1805.85,3565.37,2.20,150.87,125.77,603.90,2.92,950.30,60.35,511.49
2026-01-05T22:20:00Z,47.87,2377.23,160.53,650.93,45.53,2175.96,165.89,491.52,60.18,2202.87,164.48,708.54,48.62,1983.41,170.74,677.66,253.13,54.36,94.75,229.57,1803.98,3554.64,2.64,151.68,121.03,602.73,2.95,951.12,59.97,496.61
2026-01-05T22:30:00Z,47.87,2388.71,160.54,651.95,45.69,2185.75,165.79,483.13,59.83,2206.39,163.79,711.35,48.51,1987.47,171.74,664.27,251.17,53.64,96.14,228.20,1801.12,3548.74,2.53,151.58,122.08,601.23,3.06,947.31,60.92,503.43
2026-01-05T22:40:00Z,47.61,2383.73,160.56,648.12,45.73,2191.08,166.10,472.61,60.07,2203.58,164.99,713.84,48.60,1994.84,172.06,663.28,255.36,51.52,95.61,231.83,1801.97,3538.29,2.54,147.47,121.48,598.03,2.70,953.62,60.08,507.50
2026-01-05T22:50:00Z,47.35,2385.08,160.28,637.34,45.73,2197.77,165.26,466.55,59.84,2198.32,165.40,700.26,48.40,1996.76,170.39,671.28,257.52,50.94,95.92,228.83,1805.79,3555.33,2.68,148.74,124.54,606.95,3.19,953.50,59.54,505.86
2026-01-05T23:00:00Z,47.42,2385.01,159.37,632.36,45.77,2196.36,166.75,473.55,59.69,2206.62,165.56,709.02,48.53,1994.06,171.02,678.62,256.89,47.99,94.96,233.98,1804.74,3546.45,2.20,150.81,121.74,597.73,3.04,957.25,59.59,501.00
2026-01-05T23:10:00Z,47.65,2391.14,159.58,636.67,45.72,2187.64,166.18,468.00,59.71,2203.22,165.40,710.02,48.81,1983.73,171.38,694.00,256.94,50.90,95.35,229.06,1794.99,3556.77,2.46,150.78,121.72,609.20,3.43,950.72,59.28,514.32
2026-01-05T23:20:00Z,47.55,2386.79,159.50,630.52,46.06,2180.85,165.99,470.15,59.74,2214.18,165.75,713.10,49.20,1975.02,171.57,701.02,251.52,51.52,95.44,227.13,1798.40,3557.20,2.88,149.51,119.73,601.63,2.55,950.45,59.11,502.74
2026-01-05T23:30:00Z,47.40,2392.03,159.22,631.82,45.86,2187.12,165.53,473.59,59.66,2220.23,165.43,715.19,49.07,1964.68,171.94,710.77,257.36,51.78,94.58,233.02,1809.30,3546.76,2.43,150.19,123.58,604.18,3.34,951.27,59.88,503.50
2026-01-05T23:40:00Z,47.34,2387.91,159.14,608.57,45.51,2179.16,165.37,489.27,59.84,2196.52,164.86,716.55,48.83,1975.04,171.65,693.04,260.08,53.13,95.64,233.70,1804.94,3541.69,2.35,149.32,124.14,618.50,3.04,949.48,60.80,511.13
2026-01-05T23:50:00Z,47.73,2386.34,158.95,634.86,45.68,2181.90,164.91,478.61,60.01,2203.28,164.71,721.92,49.11,1980.53,171.49,701.40,255.47,52.86,95.67,232.03,1796.21,3545.29,2.53,149.50,123.21,602.46,2.81,944.68,60.04,505.83
2026-01-06T00:00:00Z,47.79,2382.70,158.93,635.21,45.46,2173.11,166.07,486.92,60.68,2189.16,164.23,739.44,49.21,1979.16,171.48,691.72,249.48,52.59,95.48,222.11,1796.16,3553.53,2.30,150.47,119.43,598.21,2.70,939.12,59.78,504.32
2026-01-06T00:10:00Z,48.12,2379.06,159.43,648.37,45.37,2175.96,166.04,475.52,61.12,2171.02,164.57,734.21,49.17,1975.40,170.93,692.89,251.20,50.76,94.50,224.61,1806.91,3554.24,2.51,150.24,118.16,591.63,3.11,956.76,61.08,501.13
2026-01-06T00:20:00Z,48.55,2372.89,159.90,648.79,45.42,2186.16,166.43,463.77,61.50,2156.89,165.27,750.30,48.57,1981.68,171.02,696.66,253.79,50.34,94.72,228.45,1802.59,3556.00,2.50,150.19,123.63,605.92,2.82,957.29,59.72,508.50
2026-01-06T00:30:00Z,48.73,2369.96,160.31,653.30,45.25,2194.95,166.61,470.49,,2148.87,165.13,772.57,48.36,1988.10,171.79,697.38,256.93,53.01,96.65,227.52,1803.88,3563.75,2.67,148.73,125.10,601.32,2.52,954.90,59.69,502.06
2026-01-06T00:40:00Z,48.32,2360.63,161.12,658.30,44.97,2197.93,166.61,467.32,62.36,2145.84,165.34,778.89,48.71,1986.17,171.13,701.14,258.48,54.80,97.00,232.89,1799.52,3540.35,2.35,149.98,125.80,600.81,2.79,947.64,60.23,496.07
2026-01-06T00:50:00Z,48.37,2367.63,161.07,662.78,44.96,2200.81,165.98,457.00,62.83,2145.50,166.25,785.19,48.61,1992.14,171.22,701.20,253.79,53.98,96.40,229.91,1805.32,3557.20,2.63,148.71,124.01,606.45,2.89,953.66,59.70,501.96
2026-01-06T01:00:00Z,48.04,2362.66,160.79,667.39,45.41,2201.24,165.05,445.81,63.06,2136.46,166.39,803.24,48.69,1991.41,171.31,695.26,256.20,51.83,95.36,231.03,1806.59,3539.37,2.59,149.72,122.45,607.42,2.86,954.72,60.73,501.99
2026-01-06T01:10:00Z,48.00,2370.52,160.29,648.28,45.50,2188.60,164.35,446.09,63.24,2115.78,167.19,818.51,48.87,1990.74,172.35,694.75,252.78,53.33,95.09,229.44,1795.64,3547.18,2.58,150.80,117.98,598.69,3.10,955.35,59.16,502.19
2026-01-06T01:20:00Z,47.83,2378.25,159.70,637.38,45.22,2185.03,165.39,439.64,63.03,2118.51,166.71,825.85,48.65,1986.54,172.13,694.67,253.77,53.98,95.07,230.98,1804.70,3548.55,2.43,150.29,123.50,608.98,3.04,956.80,58.73,509.36
2026-01-06T01:30:00Z,47.18,2380.60,159.55,639.36,45.06,2186.04,165.50,464.51,63.37,2110.46,166.35,841.92,48.57,1977.90,171.77,680.87,251.63,53.05,95.93,226.21,1799.22,3549.11,2.54,148.96,120.42,602.98,2.41,947.74,60.08,497.18
2026-01-06T01:40:00Z,47.12,2389.24,159.63,627.27,44.81,2196.72,165.59,465.30,63.99,2107.17,167.67,833.17,48.59,1973.87,172.18,694.32,256.34,54.14,95.33,230.55,1802.65,3534.30,2.75,149.33,122.48,604.34,2.75,947.97,60.86,516.20
2026-01-06T01:50:00Z,47.19,2384.86,159.29,623.81,45.25,2201.45,165.28,454.94,63.86,2100.61,167.46,838.30,48.35,1975.80,171.64,686.54,258.70,51.98,94.33,233.15,1812.29,3539.69,2.56,149.86,125.57,609.66,3.15,959.52,61.17,513.81
2026-01-06T02:00:00Z,46.93,2400.37,159.66,619.87,45.12,2190.20,164.80,463.91,63.93,2097.18,167.84,862.62,48.64,1982.59,171.42,676.45,262.07,51.12,96.06,230.81,1809.72,3552.71,2.25,150.75,123.73,606.81,3.04,947.24,59.78,495.09
2026-01-06T02:10:00Z,47.11,2401.61,158.99,610.23,45.14,2187.61,164.88,468.75,64.02,2092.85,167.38,856.13,48.62,1976.54,170.92,682.42,262.61,52.56,95.35,236.27,1809.73,3556.80,2.45,151.31,129.50,614.25,3.09,956.24,60.16,519.98
2026-01-06T02:20:00Z,47.07,2401.23,159.64,593.56,45.38,2194.81,165.52,450.00,64.20,2093.69,167.86,874.14,48.81,1973.89,171.08,687.16,261.30,52.24,96.37,234.57,1804.98,3544.77,2.39,149.88,127.59,608.33,2.88,961.04,61.61,505.95
2026-01-06T02:30:00Z,46.64,2411.41,159.23,611.59,45.51,2191.92,165.64,462.10,64.52,2096.60,167.20,865.46,48.43,1994.51,171.44,673.03,262.91,54.97,95.59,234.04,1814.12,3550.99,2.75,149.75,126.56,608.95,2.92,956.37,59.26,502.23
2026-01-06T02:40:00Z,46.47,2405.20,159.24,612.93,45.53,2191.21,165.02,471.84,64.98,2086.31,167.17,876.62,48.05,1991.72,171.29,680.73,261.59,55.37,95.08,236.93,1813.84,3549.86,2.68,151.28,124.10,602.72,2.74,949.61,58.46,502.98
2026-01-06T02:50:00Z,46.80,2401.23,159.36,604.57,45.17,2206.38,165.04,462.81,65.07,2073.18,167.48,877.44,48.57,1983.72,171.70,694.62,259.58,55.49,94.54,234.02,1811.02,3559.98,2.56,149.69,123.16,604.15,3.66,957.67,58.27,498.12
2026-01-06T03:00:00Z,46.99,2404.91,157.96,594.58,45.58,2192.06,165.25,468.87,65.64,2062.66,168.02,910.60,48.25,1985.86,171.80,675.41,264.51,56.43,94.52,239.17,1819.01,3559.48,2.67,150.31,127.33,608.74,3.33,959.40,59.88,504.53
2026-01-06T03:10:00Z,47.21,2386.27,159.28,622.31,45.80,2191.40,165.34,475.89,65.77,2057.59,168.36,921.51,48.02,1996.46,171.74,672.65,259.98,57.17,95.95,236.20,1806.89,3544.63,2.43,149.36,124.00,606.63,3.12,953.85,60.06,517.16
2026-01-06T03:20:00Z,47.40,2390.50,159.57,620.07,45.85,2181.62,164.81,482.31,66.15,2054.59,168.72,922.79,48.11,2004.54,170.89,669.24,263.75,55.37,95.43,236.21,1808.43,3545.93,2.60,151.39,124.68,611.43,3.06,951.10,60.65,510.31
2026-01-06T03:30:00Z,47.66,2378.03,159.31,634.45,46.20,2172.98,165.38,484.94,66.28,2043.52,168.78,952.13,48.24,1984.82,171.39,673.70,262.48,55.72,95.88,235.46,1809.89,3559.00,2.52,151.01,126.21,611.24,2.76,959.50,61.48,513.58
2026-01-06T03:40:00Z,47.51,2394.52,159.63,633.79,46.10,2183.15,165.56,473.94,66.26,2040.70,169.64,963.20,48.30,1989.55,171.39,672.54,260.59,55.83,96.18,235.27,1800.45,3545.39,2.46,149.91,124.98,601.09,3.08,949.86,60.83,503.30
2026-01-06T03:50:00Z,47.56,2390.62,160.12,634.43,45.73,2186.72,165.50,474.50,66.45,2037.18,169.69,954.32,48.14,1986.25,171.42,671.47,261.17,56.92,96.77,235.99,1809.60,3549.69,2.68,148.69,124.96,603.47,3.03,953.36,60.98,501.43
2026-01-06T04:00:00Z,47.53,2387.32,160.00,639.44,46.28,2180.57,165.64,473.98,66.25,2029.75,169.65,954.27,47.94,2005.38,171.70,671.81,267.51,57.55,96.92,241.11,1815.83,3556.78,2.50,151.93,128.49,609.87,3.20,957.49,61.07,505.35
2026-01-06T04:10:00Z,47.50,2384.14,160.07,640.62,46.95,2167.25,166.85,493.49,66.66,2038.48,169.85,961.06,47.91,2001.26,170.69,660.94,267.33,56.97,96.54,239.06,1815.89,3548.01,2.59,150.55,129.10,613.17,2.61,965.35,60.83,507.16
2026-01-06T04:20:00Z,47.46,2382.23,159.61,642.72,46.82,2162.71,166.85,497.99,66.67,2045.73,169.44,947.99,48.14,1998.56,170.57,655.78,265.22,58.40,96.17,236.07,1813.90,3544.67,2.30,150.46,125.48,600.89,3.01,962.83,59.49,498.11
2026-01-06T04:30:00Z,47.56,2390.57,160.09,638.63,46.75,2153.51,166.87,509.46,67.04,2031.22,170.18,948.76,48.11,2007.86,170.68,654.54,266.55,54.85,95.48,239.71,1815.06,3544.15,2.48,151.77,127.50,611.22,3.18,952.50,60.78,519.34
2026-01-06T04:40:00Z,47.64,2372.21,159.86,649.91,46.58,2148.98,166.94,506.40,67.04,2018.03,170.26,950.11,48.38,1992.16,170.37,675.53,267.72,56.41,96.51,239.17,1819.38,3536.14,2.57,150.30,128.00,609.96,2.72,961.21,62.38,502.04
2026-01-06T04:50:00Z,47.60,2372.33,160.24,649.06,46.68,2152.58,166.34,500.93,66.83,2028.62,170.25,970.33,48.14,1999.39,171.00,668.67,264.59,55.32,96.35,234.76,1806.87,3550.75,2.75,151.21,126.48,603.60,3.34,958.51,60.73,502.50
2026-01-06T05:00:00Z,47.51,2381.57,160.30,657.95,46.34,2161.83,166.17,496.18,66.97,2026.37,170.47,976.89,47.91,2004.33,170.51,652.08,264.28,55.77,96.16,235.26,1819.44,3566.44,2.68,150.39,127.99,616.04,3.04,955.49,61.02,520.71
2026-01-06T05:10:00Z,47.71,2373.51,160.26,663.94,45.97,2176.24,166.28,485.55,67.24,2019.99,170.47,980.01,48.39,1990.87,170.01,650.19,268.61,56.27,95.57,240.70,1799.83,3537.07,2.69,150.65,128.87,606.88,2.94,954.20,59.87,500.99
2026-01-06T05:20:00Z,47.56,2375.61,160.03,657.88,45.75,2186.44,166.33,498.81,67.54,2018.45,170.26,981.64,48.07,2000.79,170.09,651.67,263.27,55.50,96.10,237.65,1815.28,3549.11,2.28,150.36,127.73,604.21,3.08,963.49,59.73,
2026-01-06T05:30:00Z,47.84,2379.84,159.75,653.39,45.61,2170.56,165.78,496.41,67.65,2014.87,170.78,984.43,48.13,1998.95,170.88,656.95,261.84,55.22,96.11,235.04,1818.63,3543.54,2.69,151.93,127.05,612.62,3.29,954.01,60.78,507.36
2026-01-06T05:40:00Z,47.74,2380.44,159.84,664.13,45.42,2179.19,166.64,496.55,67.77,2004.80,170.17,1005.25,48.09,2002.72,170.88,661.85,265.57,,96.65,239.87,1813.34,3553.58,2.69,148.25,130.52,617.91,2.94,957.77,60.61,511.66
2026-01-06T05:50:00Z,47.67,2379.67,159.90,647.83,45.65,2189.01,165.92,476.97,67.88,2002.80,171.18,1014.06,48.10,1999.14,170.79,673.64,267.53,56.54,96.63,241.36,1811.91,3534.73,2.51,150.33,126.45,608.34,3.04,950.54,61.32,505.39
2026-01-06T06:00:00Z,47.35,2386.17,160.23,637.58,45.46,2186.02,165.53,473.29,68.22,1994.36,170.86,1010.06,48.25,1995.68,170.61,666.75,267.15,57.34,95.77,243.77,1818.85,3555.23,2.60,149.96,130.49,614.30,2.73,961.82,60.22,515.39
2026-01-06T06:10:00Z,47.33,2395.01,160.27,635.02,45.44,2180.82,165.62,471.10,68.44,1995.58,170.77,998.00,48.52,1987.78,170.46,662.28,265.76,58.28,96.36,238.05,1807.74,3542.47,2.72,149.77,128.25,609.78,3.48,961.40,59.97,502.61
2026-01-06T06:20:00Z,46.75,2405.98,159.76,625.93,45.21,2194.54,165.06,476.17,68.63,1996.59,170.93,1011.87,48.17,1998.27,170.83,660.36,265.69,59.82,95.44,239.55,1818.72,3563.73,2.46,149.80,127.92,609.17,3.10,955.02,60.97,505.61
2026-01-06T06:30:00Z,46.80,2406.98,159.11,614.05,45.37,2180.79,165.39,484.55,68.77,1981.35,170.53,1011.74,48.64,1988.88,170.99,675.34,268.49,59.32,95.96,243.70,1820.11,3555.69,2.53,149.74,129.49,616.42,3.11,964.68,60.48,520.40
2026-01-06T06:40:00Z,46.32,2415.20,158.95,596.13,45.08,2186.18,165.55,479.05,69.21,1976.75,171.36,1025.71,48.82,1987.14,170.42,684.01,269.99,57.57,96.92,243.72,1813.64,3550.80,2.85,149.66,130.81,611.91,2.83,952.63,60.46,509.19
2026-01-06T06:50:00Z,46.54,2410.84,158.12,586.14,44.88,2201.69,165.44,473.56,69.05,1975.97,171.74,1039.64,48.84,1981.24,171.29,684.65,272.02,56.11,96.25,246.30,1811.94,3537.73,2.70,151.08,131.05,611.48,2.91,953.24,59.00,505.49
2026-01-06T07:00:00Z,46.44,2424.77,158.53,588.90,45.13,2202.39,165.05,451.78,69.25,1972.30,172.41,1030.11,48.46,1982.21,171.66,710.58,264.87,56.72,96.41,239.12,1820.05,3552.06,2.47,148.67,127.42,617.84,3.02,966.40,59.59,513.71
2026-01-06T07:10:00Z,46.60,2408.92,158.66,612.86,45.18,2190.36,165.68,451.19,69.06,1971.61,171.45,1024.97,48.63,1976.35,171.68,690.95,264.79,55.61,96.66,240.56,1813.71,3548.67,2.55,150.24,126.58,611.77,3.03,963.54,58.76,518.60
2026-01-06T07:20:00Z,46.81,2409.01,158.95,606.26,45.23,2201.49,165.68,461.76,68.96,1973.24,171.43,1032.76,48.57,1988.64,171.65,677.76,262.06,54.29,96.29,237.48,1805.49,3551.41,2.61,149.61,126.18,607.03,2.97,955.25,59.37,492.73
2026-01-06T07:30:00Z,46.92,2409.31,159.07,609.19,45.55,2196.94,166.01,457.34,68.66,1991.44,171.37,1024.22,48.36,1988.91,172.25,674.04,266.93,54.78,96.62,238.01,1813.59,3546.56,2.59,151.01,128.64,617.13,3.02,958.99,60.16,505.06
2026-01-06T07:40:00Z,46.89,2409.09,159.29,608.97,45.15,2186.10,165.96,464.95,68.75,1985.71,170.82,1030.98,47.95,2004.49,170.95,663.01,265.02,55.76,96.25,239.64,,3552.73,2.46,151.18,125.03,604.27,3.16,955.55,60.26,507.14
2026-01-06T07:50:00Z,46.61,2414.00,159.14,579.98,45.31,2189.97,165.94,469.00,68.96,1980.81,170.64,1038.45,47.77,2005.29,170.07,662.35,266.72,55.91,95.41,241.52,1817.34,3560.00,2.46,149.83,127.08,605.35,2.73,959.11,61.46,504.39
2026-01-06T08:00:00Z,46.77,2416.33,159.10,588.19,45.57,2196.57,165.98,456.76,68.93,1985.28,170.86,1027.08,48.02,2000.89,169.83,661.51,260.56,54.01,95.70,236.13,1802.22,3552.39,2.59,149.99,125.66,616.99,2.87,947.45,61.61,509.85
2026-01-06T08:10:00Z,46.98,2409.27,159.64,595.47,45.67,2182.99,165.46,466.21,68.84,1991.25,171.55,1029.82,48.52,1985.46,169.29,662.15,260.52,55.59,95.64,234.77,1814.05,3554.01,2.63,149.59,127.11,613.49,3.05,958.46,60.73,505.76
2026-01-06T08:20:00Z,46.74,2405.80,159.73,612.79,45.75,2183.08,165.55,474.36,68.56,1989.15,171.31,1027.31,48.33,1984.29,170.15,665.03,265.41,56.69,95.20,239.08,1811.55,3547.35,2.68,151.47,126.48,607.43,2.79,955.45,60.76,504.62
2026-01-06T08:30:00Z,46.72,2409.83,159.52,607.84,46.11,2178.37,165.61,472.81,68.88,1978.26,170.89,1014.18,48.45,1990.55,170.22,670.11,265.44,57.60,95.25,236.91,1815.03,3541.96,2.64,150.81,130.03,610.64,3.23,961.06,60.89,517.19
2026-01-06T08:40:00Z,46.46,2416.05,159.08,606.86,46.12,2181.64,165.67,481.42,68.83,1990.85,170.34,1025.45,48.59,1992.77,170.95,672.66,270.35,55.33,95.91,241.93,1809.96,3553.16,2.64,150.13,128.01,618.06,3.20,952.49,61.15,506.72
2026-01-06T08:50:00Z,46.33,2425.70,158.12,579.75,46.03,2183.60,166.02,478.49,69.10,1989.34,170.35,1017.24,48.62,1986.77,171.04,674.87,270.25,55.71,96.31,245.11,1823.33,3545.40,2.47,150.56,130.33,611.18,2.91,962.65,60.02,510.98
2026-01-06T09:00:00Z,46.03,2425.25,158.72,581.10,46.24,2175.74,165.56,484.95,69.48,1965.19,171.16,1045.49,48.45,1999.37,170.15,664.22,269.94,58.06,95.92,245.19,1814.37,3535.00,2.74,149.23,129.95,611.49,3.45,951.48,60.00,502.59
2026-01-06T09:10:00Z,46.25,2417.27,158.51,590.14,46.01,2169.63,166.24,490.53,69.37,1965.04,171.43,1037.75,49.14,1976.89,170.87,686.18,264.04,58.24,96.08,238.20,1808.11,3538.63,2.43,151.31,125.82,609.47,3.00,953.45,60.45,515.58
2026-01-06T09:20:00Z,46.06,2410.74,157.98,593.92,45.93,2174.19,166.13,491.62,69.41,1961.48,170.86,1053.77,49.42,1963.36,170.99,691.32,266.69,59.11,95.96,245.19,1817.01,3544.78,2.51,149.02,126.47,609.34,3.35,959.52,61.50,521.76
2026-01-06T09:30:00Z,45.86,2419.81,157.79,585.93,45.79,2172.26,165.55,494.46,69.41,1976.87,170.84,1062.30,49.34,1964.54,171.31,719.87,268.16,60.55,96.85,242.64,1821.74,3556.80,2.52,149.91,128.12,608.66,3.28,962.66,60.99,506.76
2026-01-06T09:40:00Z,46.10,2424.85,158.45,577.09,45.81,2169.57,165.05,485.62,69.89,1966.94,171.83,1063.74,48.94,1971.20,171.35,710.19,268.83,59.59,96.34,243.51,1819.02,3557.51,2.62,149.78,128.32,602.99,3.10,964.80,61.45,506.75
2026-01-06T09:50:00Z,46.19,2427.17,158.91,575.71,45.87,2182.67,165.59,499.76,69.65,1961.46,172.02,1061.46,49.07,1966.92,171.63,708.02,270.12,58.60,96.96,240.83,1809.77,3545.51,2.33,149.05,129.44,609.19,2.94,950.80,61.58,511.84
2026-01-06T10:00:00Z,45.69,2441.31,158.52,561.29,46.10,2180.59,165.40,495.21,69.39,1971.40,171.67,1043.56,49.09,1972.25,171.19,714.27,270.76,57.13,96.83,243.51,1821.16,3552.78,2.31,149.94,128.96,612.77,3.11,963.69,60.61,513.55
2026-01-06T10:10:00Z,45.77,2443.80,157.92,563.43,45.98,2183.33,165.40,485.35,69.72,1957.56,171.76,1052.89,48.94,1968.08,171.79,707.79,265.19,56.67,96.67,242.21,1814.94,3550.15,2.53,149.27,129.13,617.21,3.14,963.51,,517.04
2026-01-06T10:20:00Z,45.71,2433.12,158.36,573.53,45.91,2177.48,166.21,476.85,69.56,1963.27,171.97,1060.00,49.01,1965.74,172.56,713.47,263.52,56.74,95.49,237.90,1805.95,3556.26,2.52,149.48,128.67,604.62,3.34,950.79,58.06,506.29
2026-01-06T10:30:00Z,45.90,2428.84,158.17,581.60,45.94,2179.30,165.30,477.86,69.71,1957.83,171.77,1062.65,48.89,1973.84,172.51,719.33,266.64,56.33,96.09,242.79,1815.91,3533.29,2.67,149.62,126.74,601.56,2.92,953.89,57.87,503.16
2026-01-06T10:40:00Z,46.18,2414.80,158.07,601.56,45.74,2173.52,165.44,472.17,69.63,1952.50,171.44,1065.72,48.67,1980.86,171.50,694.38,263.94,58.64,96.32,240.81,1815.48,3561.00,2.46,150.82,127.52,606.11,3.19,962.32,58.77,499.69
2026-01-06T10:50:00Z,46.29,2408.36,158.51,604.34,45.86,2169.75,165.22,479.82,69.59,1956.41,171.87,1076.64,48.48,1985.75,171.43,692.25,263.38,58.43,97.01,239.91,1820.39,3543.72,2.56,150.29,125.85,598.54,2.96,960.68,60.38,500.07
2026-01-06T11:00:00Z,45.96,2415.45,157.96,587.88,46.09,2167.16,164.91,497.96,69.65,1962.82,171.76,1055.56,48.15,2001.93,171.06,675.72,263.30,57.31,96.75,237.80,1822.19,3550.81,2.35,150.20,124.69,599.80,2.94,958.42,61.33,510.02
2026-01-06T11:10:00Z,46.69,2421.40,158.36,587.32,45.88,2168.37,165.83,498.86,69.53,1969.13,172.54,1052.89,48.78,1978.68,171.03,680.15,271.87,57.38,96.15,241.66,1814.09,3549.10,2.46,150.32,130.11,618.37,3.04,953.65,59.94,510.61
2026-01-06T11:20:00Z,46.62,2417.74,159.34,602.23,45.53,2184.46,164.92,482.56,69.47,1961.81,172.99,1056.73,49.08,1964.44,171.49,684.93,271.04,56.76,97.32,244.29,1817.95,3552.08,2.77,150.82,130.05,611.28,2.91,959.66,62.05,509.34
2026-01-06T11:30:00Z,46.83,2403.78,159.46,615.65,45.67,2183.19,164.92,476.20,69.21,1977.21,172.10,1045.16,48.91,1964.51,172.32,697.32,268.79,55.59,96.63,242.34,1810.70,3551.02,2.29,149.83,126.67,607.46,3.07,957.02,60.49,500.51
2026-01-06T11:40:00Z,46.42,2424.24,158.92,602.61,45.26,2191.81,165.58,467.91,69.46,1969.17,171.67,1047.85,49.30,1947.69,172.12,717.93,267.13,56.41,96.51,238.95,1808.77,3555.51,2.70,149.62,127.65,606.94,3.16,958.31,61.66,504.76
2026-01-06T11:50:00Z,46.62,2420.23,160.43,601.95,45.21,2188.02,165.68,477.72,69.22,1973.25,171.55,1030.34,48.98,1963.95,171.76,715.25,262.74,56.54,96.70,240.94,1816.42,3541.09,2.45,149.18,128.23,612.94,3.25,953.40,61.95,521.93
2026-01-06T12:00:00Z,46.71,2415.54,159.84,593.31,44.80,2197.30,165.64,475.41,69.36,1977.07,171.72,1044.28,49.02,1966.91,171.40,699.53,263.84,55.20,96.51,237.44,1817.46,3547.27,2.57,148.91,127.96,611.74,2.84,955.55,61.56,513.72
2026-01-06T12:10:00Z,46.49,2409.55,159.84,593.86,44.92,2207.15,165.39,469.06,69.13,1986.32,171.25,1055.70,48.89,1983.41,172.12,710.58,264.29,57.28,95.84,236.57,1809.83,3554.19,2.80,149.65,128.08,606.95,3.21,957.63,61.22,506.99
2026-01-06T12:20:00Z,46.82,2405.40,159.79,617.22,44.87,2206.21,165.00,455.17,69.10,1987.31,172.33,1052.37,48.39,1982.84,172.04,691.56,268.79,57.57,96.38,242.02,1817.81,3551.36,2.49,149.64,129.03,609.75,2.62,958.56,61.41,508.89
2026-01-06T12:30:00Z,46.24,2406.64,159.71,598.11,44.40,2227.76,165.62,445.69,68.98,1982.54,172.32,1050.60,48.01,2001.36,171.77,697.01,267.37,57.02,96.65,241.81,1819.67,3553.68,2.49,149.74,128.10,604.73,2.85,963.24,61.20,495.57
2026-01-06T12:40:00Z,46.67,2407.28,160.03,593.84,44.26,2212.14,164.84,437.44,69.60,1963.89,172.25,1048.85,48.08,1992.38,171.62,691.37,270.94,55.51,96.21,245.14,1817.09,3555.22,2.48,150.60,129.30,614.05,2.76,957.04,61.10,506.21
2026-01-06T12:50:00Z,46.81,2403.00,159.22,602.02,44.35,2219.39,164.44,430.76,69.81,1956.27,171.80,1049.96,48.25,1998.53,171.24,671.87,265.55,56.44,95.99,240.06,1807.01,3559.36,2.34,150.46,129.56,611.61,2.88,951.61,60.79,500.68
2026-01-06T13:00:00Z,46.86,2395.09,159.97,612.46,44.37,2221.72,164.51,435.48,69.61,1955.20,171.62,1049.86,48.30,1984.38,171.20,674.89,266.66,56.44,96.22,241.41,1815.98,3537.34,2.69,149.96,127.70,618.01,3.02,951.26,59.43,510.61
2026-01-06T13:10:00Z,46.35,2412.17,159.50,599.69,44.60,2213.75,163.80,422.39,69.28,1949.17,171.79,1066.50,48.57,1986.36,172.05,666.52,266.47,56.48,96.67,242.11,1817.12,3575.00,2.64,150.76,127.03,607.12,2.77,965.49,60.46,510.84
2026-01-06T13:20:00Z,46.35,2423.70,158.90,590.96,44.66,2217.50,163.73,435.49,69.46,1967.71,171.60,1059.09,48.80,1989.45,171.28,670.43,267.83,55.41,96.47,243.08,1822.54,3549.10,2.58,149.38,129.82,617.21,3.05,962.10,60.08,517.00
2026-01-06T13:30:00Z,46.52,2425.52,159.08,586.35,44.85,2207.94,163.16,439.53,69.60,1952.43,171.28,1055.13,48.74,1986.87,170.25,669.28,264.57,56.65,96.03,236.70,1810.80,3548.07,2.51,149.53,128.41,617.21,2.88,956.75,59.41,515.87
2026-01-06T13:40:00Z,46.69,2414.84,159.21,599.14,44.21,2217.36,163.21,428.97,69.59,1947.02,171.75,1062.22,48.73,1982.34,170.82,679.21,269.74,56.25,95.82,242.98,1814.87,3547.98,2.45,149.93,130.42,609.92,3.04,954.60,59.32,504.26
2026-01-06T13:50:00Z,47.08,2409.24,159.10,611.45,44.46,2216.16,163.46,420.97,69.87,1959.44,171.60,1074.87,48.56,1986.57,170.07,687.84,270.25,56.33,95.91,239.54,1811.36,3540.00,2.64,149.69,128.16,617.57,2.84,950.83,60.49,516.09
2026-01-06T14:00:00Z,47.18,2395.50,159.70,606.32,44.57,2215.86,163.80,425.40,69.84,1962.90,171.37,1069.94,48.23,1992.88,170.91,692.21,268.24,56.86,95.81,242.92,1812.80,3557.68,2.46,148.89,129.14,619.26,2.69,962.79,60.57,516.25
2026-01-06T14:10:00Z,47.09,2394.03,159.53,623.16,44.84,2214.54,164.54,427.68,69.78,1955.82,171.23,1064.24,48.63,1997.03,170.96,698.87,269.97,56.62,96.00,243.80,1819.72,3539.08,2.56,150.14,128.90,610.62,2.91,958.28,59.98,505.99
2026-01-06T14:20:00Z,46.99,2396.73,159.70,618.21,44.42,2217.08,164.62,429.04,69.96,1958.42,171.58,1065.96,48.48,1987.29,170.68,680.99,267.93,55.60,96.12,242.58,1816.46,3549.52,2.52,150.15,129.20,607.20,3.05,955.43,59.05,506.06
2026-01-06T14:30:00Z,47.31,2387.58,159.91,621.54,44.75,2213.29,164.54,423.86,69.79,1959.22,171.44,1066.51,48.17,1986.57,171.24,680.95,265.79,54.55,96.04,239.93,1810.66,3548.91,2.55,148.87,128.38,610.96,3.01,960.37,59.97,511.49
2026-01-06T14:40:00Z,47.69,2387.61,159.97,634.20,44.67,2212.18,164.76,428.03,70.03,1957.61,171.52,1061.07,48.19,1993.26,170.95,671.53,265.93,53.26,95.77,237.19,1803.85,3548.12,2.55,151.89,128.12,614.89,2.96,950.45,60.87,509.32
2026-01-06T14:50:00Z,47.67,2390.87,160.01,647.58,44.50,2209.58,164.64,422.01,70.05,1952.65,172.00,1071.81,48.12,1985.25,170.91,691.32,264.77,55.80,95.90,240.19,1805.31,3553.91,2.37,148.45,126.98,610.65,2.76,953.91,60.82,509.93
2026-01-06T15:00:00Z,47.72,2375.71,159.37,636.47,44.45,2216.50,164.91,418.13,70.18,1953.02,172.59,1066.13,47.92,1991.41,170.90,674.08,261.96,56.95,96.66,238.00,1811.25,3541.71,2.62,150.76,124.67,603.55,3.13,958.66,61.39,490.88
2026-01-06T15:10:00Z,47.52,2383.98,159.69,644.05,44.49,2216.82,164.33,408.59,69.94,1952.74,172.33,1073.91,48.20,2000.67,,682.73,264.85,58.21,96.74,239.07,1815.46,3543.93,2.41,150.06,127.68,612.50,2.97,956.34,59.51,512.78
2026-01-06T15:20:00Z,47.44,2383.64,159.36,635.99,44.46,2218.99,163.42,398.14,69.91,1948.40,172.11,1079.71,48.40,1995.03,171.25,674.86,262.41,56.85,97.26,233.54,1813.98,3552.12,2.52,149.47,128.05,610.54,2.73,957.45,59.38,503.73
2026-01-06T15:30:00Z,47.49,2397.58,158.98,632.24,44.73,2225.04,163.25,415.20,70.00,1948.36,171.72,1072.28,48.62,1990.65,171.25,678.75,266.22,56.70,96.49,236.56,1809.27,3547.09,2.43,150.19,129.06,614.68,2.96,954.54,58.94,510.26
2026-01-06T15:40:00Z,46.82,2392.80,159.30,622.83,44.84,2207.64,163.98,418.04,70.08,1938.80,171.23,1069.86,48.41,1990.79,170.66,669.88,268.07,56.90,96.29,240.57,1817.09,3554.60,2.67,148.86,130.44,612.24,2.98,953.48,59.28,509.19
2026-01-06T15:50:00Z,47.44,2384.81,159.54,620.17,44.58,2202.65,164.24,441.39,69.89,1949.59,171.67,1076.96,48.70,1990.34,170.83,684.20,265.09,58.95,96.09,235.24,1813.72,3558.59,2.44,149.87,129.07,608.44,3.32,960.90,60.15,518.15
2026-01-06T16:00:00Z,47.33,2380.58,159.48,629.86,43.99,2213.40,164.24,430.67,70.00,1960.63,171.78,1063.82,48.53,1988.34,170.70,680.95,262.55,59.42,95.82,234.35,1815.52,3561.08,2.71,151.02,125.11,605.60,3.38,959.53,59.83,512.04
2026-01-06T16:10:00Z,47.58,2385.86,159.93,637.02,43.95,2228.10,164.55,418.18,69.79,1945.20,171.64,1071.70,48.26,1986.85,170.64,679.63,263.31,58.38,95.84,234.27,1817.90,3559.97,2.57,148.30,128.80,615.05,3.25,961.25,60.05,506.76
2026-01-06T16:20:00Z,47.62,2383.47,158.70,636.35,44.17,2222.25,164.40,410.47,70.03,1960.37,170.80,1080.31,48.21,1985.75,171.07,690.67,263.27,58.83,95.77,238.48,1805.28,3555.81,2.39,149.87,127.87,611.66,3.04,947.27,61.45,509.89
2026-01-06T16:30:00Z,47.35,2389.31,158.84,629.20,44.27,2219.31,163.94,406.40,69.82,1968.47,171.10,1061.73,47.84,1986.98,171.50,703.24,261.22,56.37,95.62,232.97,1798.66,3538.92,2.35,151.89,127.00,606.53,2.93,949.25,61.27,520.05
2026-01-06T16:40:00Z,46.76,2401.93,159.16,611.02,44.49,2220.61,164.47,417.35,70.37,1952.85,172.06,1066.69,47.63,1992.54,171.25,686.26,259.84,54.85,96.03,232.64,1802.23,3553.00,2.59,149.75,125.05,609.50,3.07,950.08,59.54,505.22
2026-01-06T16:50:00Z,46.70,2409.68,160.12,601.26,44.64,2210.24,163.93,421.07,70.43,1948.69,171.51,1080.02,48.02,1997.15,171.16,669.37,264.62,55.32,95.72,236.06,1797.67,3537.71,2.42,150.13,125.82,603.57,3.19,951.65,60.10,509.84
2026-01-06T17:00:00Z,46.57,2397.93,159.62,598.65,44.71,2205.62,163.37,443.83,70.25,1938.09,171.70,1068.99,47.97,2000.91,170.65,677.43,267.99,56.18,95.25,243.04,1822.42,3554.40,2.55,150.30,130.07,611.29,2.86,963.86,58.65,502.00
2026-01-06T17:10:00Z,46.46,2408.96,159.66,602.98,44.74,2211.99,163.98,437.19,70.64,1940.16,171.72,1082.22,47.79,1993.35,170.10,674.86,266.78,57.48,95.34,239.27,1813.34,3558.41,2.63,151.79,128.27,612.51,3.10,951.04,58.90,508.96
2026-01-06T17:20:00Z,46.50,2415.12,159.88,586.70,44.72,2203.07,164.27,445.06,70.84,1934.97,171.44,1096.66,47.91,2002.74,170.20,660.38,265.71,56.69,95.56,239.50,1817.53,3549.13,2.60,149.02,125.52,615.48,3.17,954.23,60.96,508.12
2026-01-06T17:30:00Z,46.87,2407.38,158.93,610.70,45.00,2191.15,165.06,450.73,71.19,1919.22,172.20,1101.05,47.89,2005.13,170.14,664.70,270.79,57.48,95.95,241.41,1815.68,3563.55,2.57,149.56,131.56,617.48,2.55,960.43,61.94,513.12
2026-01-06T17:40:00Z,46.69,2403.76,159.62,594.49,44.69,2204.51,164.75,441.28,71.49,1916.26,172.59,1098.14,47.61,1998.42,170.12,667.08,274.35,57.99,95.22,243.90,1824.16,3567.98,2.58,151.79,133.23,606.46,3.20,960.28,60.74,511.04
2026-01-06T17:50:00Z,46.54,2413.40,159.74,591.06,45.05,2205.48,164.84,442.78,71.63,1915.97,173.19,1110.46,47.63,2001.19,170.63,660.63,274.41,57.19,95.40,245.33,1818.11,3548.46,2.84,149.81,130.73,620.70,2.79,953.52,59.50,521.68
2026-01-06T18:00:00Z,46.61,2407.04,159.43,596.20,45.23,2189.88,165.18,451.53,71.44,1913.98,172.70,1123.12,47.79,2008.36,170.64,651.09,272.47,57.45,96.73,246.59,1814.93,3556.31,2.90,147.59,130.41,613.57,2.73,962.75,58.49,509.91
2026-01-06T18:10:00Z,46.34,2405.35,159.78,598.33,44.83,2194.07,165.30,442.74,71.57,1913.89,173.21,1122.56,48.30,2000.21,170.68,663.40,270.59,56.21,95.94,242.25,1820.72,3562.52,2.52,150.41,129.37,619.91,3.07,958.61,60.30,508.99
2026-01-06T18:20:00Z,46.08,2417.77,159.19,592.82,44.87,2204.78,165.97,455.20,71.47,1909.38,173.45,1124.03,48.18,1994.03,170.58,656.62,269.51,54.98,96.23,245.03,1815.38,3547.91,2.53,151.17,128.25,612.05,3.24,950.47,59.77,510.99
2026-01-06T18:30:00Z,46.32,2421.85,159.36,589.25,44.61,2209.28,164.62,438.22,70.91,1929.38,173.23,1108.42,48.53,1991.75,170.34,682.95,264.53,54.82,96.12,240.41,1809.14,3551.13,2.48,150.93,127.35,612.09,2.82,954.51,58.65,503.59
2026-01-06T18:40:00Z,46.10,2424.49,159.78,585.58,45.03,2204.99,,443.13,70.59,1936.16,173.22,1117.90,49.03,1982.95,170.87,682.12,266.01,57.42,96.30,240.23,1818.67,3546.31,2.58,151.78,129.87,613.78,3.07,953.76,61.01,514.40
2026-01-06T18:50:00Z,46.11,2412.43,159.49,583.22,44.83,2204.35,165.29,441.95,70.56,1953.16,172.40,1104.06,48.84,1982.69,170.92,703.65,268.94,57.06,95.04,245.07,1809.30,3537.93,2.51,149.71,130.59,611.90,3.77,957.48,60.57,507.24
2026-01-06T19:00:00Z,46.12,2407.23,158.68,577.61,44.66,2211.64,165.43,449.60,70.25,1943.10,171.67,1092.78,48.93,1978.99,171.79,712.96,264.08,57.33,94.50,239.15,1813.76,3547.40,2.48,148.97,126.45,608.54,2.82,952.36,59.24,506.21
2026-01-06T19:10:00Z,46.11,2422.77,158.38,573.84,44.41,2204.99,165.58,430.37,70.20,1943.25,172.14,1085.04,48.34,1995.82,171.47,691.78,264.86,56.63,95.16,235.32,1808.88,3549.76,2.60,151.50,124.15,605.18,3.11,951.69,60.34,496.44
2026-01-06T19:20:00Z,45.97,2420.15,158.42,581.17,44.52,2210.00,164.83,439.33,70.01,1950.79,172.86,1074.13,48.43,1999.67,171.57,689.31,265.80,55.56,95.63,240.90,1816.72,3548.64,2.58,151.40,127.85,610.13,3.32,953.46,60.98,516.42
2026-01-06T19:30:00Z,46.08,2415.08,158.95,586.21,45.01,,164.16,435.59,69.80,1956.12,172.15,1076.95,48.38,1997.96,171.30,698.41,270.72,57.08,96.27,243.75,1819.46,3545.57,2.66,149.75,129.22,617.74,2.71,967.70,61.96,510.11
2026-01-06T19:40:00Z,46.03,2423.28,159.23,591.67,44.76,2218.58,164.30,435.10,69.60,1956.05,171.72,1081.00,48.53,1992.96,171.44,710.68,266.71,59.13,96.86,235.49,1813.34,3556.83,2.52,149.64,124.87,603.58,3.12,958.29,59.16,499.84
2026-01-06T19:50:00Z,46.53,2423.32,158.40,592.66,45.40,2200.79,164.79,451.52,69.45,1963.73,170.69,1061.72,48.79,1997.17,171.79,704.16,265.19,59.14,97.10,234.03,1800.71,3558.77,2.51,149.72,128.80,611.90,2.87,950.81,59.88,510.91
2026-01-06T20:00:00Z,46.53,2413.78,159.01,595.33,45.22,2192.67,164.26,466.76,69.42,1965.68,171.41,1064.07,49.04,1983.62,172.03,709.95,270.92,57.40,96.94,242.51,1812.71,3544.87,2.53,149.15,128.07,613.91,2.70,959.11,59.25,527.90
2026-01-06T20:10:00Z,46.42,2424.18,158.67,591.68,45.08,2194.12,164.59,475.77,69.24,1964.51,171.76,1064.06,49.32,1977.73,171.59,706.28,268.77,57.85,96.30,240.05,1807.24,3542.24,2.56,150.11,129.45,603.68,2.93,948.94,60.50,509.50
2026-01-06T20:20:00Z,46.72,2421.21,158.86,590.25,45.32,2180.68,165.18,474.44,69.34,1960.48,171.56,1056.75,49.38,1959.24,171.38,704.69,271.03,58.86,95.78,242.20,1808.21,3553.85,2.51,150.01,129.77,610.81,3.09,948.71,61.38,505.37
2026-01-06T20:30:00Z,46.31,2419.25,158.61,581.85,45.25,2185.18,165.68,489.59,69.05,1957.13,171.98,1054.08,49.21,1965.74,171.02,710.65,271.55,58.04,95.69,245.75,1826.25,3554.96,2.73,150.78,127.37,608.17,2.80,958.23,61.63,513.32
2026-01-06T20:40:00Z,46.31,2417.99,158.85,581.58,45.66,2186.07,165.40,483.67,68.87,1972.55,172.16,1043.65,48.74,1978.43,170.67,697.70,266.74,59.19,96.88,240.65,1803.37,3535.80,,149.30,126.58,611.73,3.03,953.39,59.99,514.80
2026-01-06T20:50:00Z,46.07,2429.77,159.24,581.87,45.05,2190.96,165.54,455.07,68.68,1986.40,171.53,1044.07,48.78,1977.60,171.49,680.19,264.67,58.02,97.39,236.51,1810.84,3553.40,2.70,151.10,127.85,613.10,3.20,953.26,59.10,505.76
2026-01-06T21:00:00Z,45.63,2436.52,158.31,574.07,45.05,2196.69,165.84,447.70,68.66,1972.91,171.22,1025.29,48.81,1969.26,170.80,671.88,261.60,56.26,95.95,233.67,1816.83,3549.12,2.46,147.66,125.97,611.45,2.75,956.43,61.21,499.03
2026-01-06T21:10:00Z,45.55,2438.57,158.62,578.19,45.02,2195.29,164.95,449.51,68.77,1973.29,171.09,1021.29,48.92,1967.19,170.24,689.60,261.05,57.62,96.46,238.34,1817.06,3542.05,2.40,148.75,126.14,605.68,3.26,955.00,61.87,498.64
2026-01-06T21:20:00Z,45.76,2436.68,158.81,573.28,44.73,2204.91,165.29,440.17,68.63,1993.55,171.31,1005.18,48.71,1970.80,170.43,687.20,260.39,57.72,95.78,234.55,1812.89,3548.64,2.38,149.69,126.43,609.52,3.14,965.42,60.74,512.57
2026-01-06T21:30:00Z,45.88,2426.26,157.88,562.81,44.64,2200.68,164.87,433.05,68.57,2004.39,171.36,1018.60,48.94,1973.08,170.39,707.48,259.93,57.04,96.33,236.21,1815.17,3558.18,2.40,150.35,125.30,611.80,2.89,960.35,60.68,499.08
2026-01-06T21:40:00Z,45.46,2438.55,157.72,555.44,44.50,2205.18,163.89,432.20,69.21,1988.29,171.57,1020.63,49.12,1982.90,171.03,697.63,266.56,56.55,95.72,241.92,1812.71,3546.84,2.49,150.57,127.92,614.41,2.99,952.94,60.21,508.43
2026-01-06T21:50:00Z,45.30,2446.02,157.61,545.52,44.51,2218.23,164.33,433.44,69.02,1974.68,171.41,1031.37,49.24,1987.11,171.10,693.61,267.94,53.89,95.35,241.71,1809.29,3552.71,2.30,151.12,130.07,614.33,2.99,958.79,60.80,511.91
2026-01-06T22:00:00Z,45.53,2445.36,157.48,545.25,44.88,2198.22,164.25,444.90,68.96,1968.85,171.55,1044.06,49.37,1987.51,170.98,699.51,264.41,54.53,95.21,235.03,1805.01,3553.20,2.31,150.59,126.10,600.74,2.96,953.39,62.08,499.13
2026-01-06T22:10:00Z,46.24,2424.61,157.10,562.48,44.65,2197.41,164.15,430.37,68.86,1968.84,171.22,1049.77,49.45,1975.15,171.53,706.05,267.42,54.84,94.81,241.02,1819.19,3548.07,2.31,150.61,130.11,605.57,3.04,958.14,61.43,496.89
2026-01-06T22:20:00Z,46.17,2421.08,157.69,565.60,44.59,2206.65,164.04,423.24,68.75,1986.39,171.11,1034.62,49.44,1971.18,171.37,717.71,267.92,57.15,95.26,238.72,1806.18,3542.72,2.35,150.08,127.62,610.71,2.82,960.84,60.03,509.23
2026-01-06T22:30:00Z,46.10,2429.67,157.49,564.89,44.47,2206.76,164.36,437.91,68.50,1988.26,,1023.72,48.83,1970.34,170.70,706.40,265.25,58.05,95.89,237.34,1809.15,3561.62,2.50,150.79,128.12,614.95,2.37,957.25,59.91,509.48
2026-01-06T22:40:00Z,46.49,2416.79,158.08,564.62,44.52,2201.71,165.15,438.05,68.71,1976.69,170.84,1025.23,49.09,1984.46,171.06,691.22,263.03,57.04,95.43,239.14,1806.93,3548.91,2.66,150.74,127.55,606.33,3.07,959.23,60.94,514.77
2026-01-06T22:50:00Z,45.89,2419.88,158.32,572.44,44.60,2196.89,164.28,444.86,68.41,1985.22,170.66,1027.26,48.70,1983.19,171.22,685.99,266.59,55.44,96.14,238.41,1814.47,3553.88,2.56,150.82,128.06,602.67,2.86,953.93,60.34,508.51
2026-01-06T23:00:00Z,45.94,2434.74,158.47,581.20,44.56,2200.80,164.61,455.02,68.01,1994.66,170.56,1020.18,48.61,1991.49,170.61,681.12,268.88,55.55,96.14,246.62,1825.09,3540.48,2.68,150.32,130.46,619.50,3.06,963.50,59.72,522.98
2026-01-06T23:10:00Z,45.96,2428.11,159.04,589.90,44.83,2200.39,164.52,452.47,68.39,1993.55,170.51,1016.35,48.40,1989.71,171.45,693.87,269.41,57.46,95.38,245.20,1824.52,3550.87,2.55,148.98,127.58,611.13,2.92,964.38,57.08,519.88
2026-01-06T23:20:00Z,45.76,2436.49,159.13,572.96,44.59,2210.16,164.72,439.87,68.25,1992.47,170.89,1019.87,48.55,1977.09,170.79,692.12,267.74,56.83,94.73,238.31,1817.22,3546.58,2.43,151.39,126.21,610.67,3.15,956.99,58.41,499.14
2026-01-06T23:30:00Z,45.46,2443.03,158.22,580.20,44.52,2226.53,165.36,435.91,68.68,1985.27,170.13,1014.13,48.47,1980.01,171.34,681.85,267.09,54.75,95.78,243.45,1814.36,3528.43,2.34,151.75,128.01,607.04,2.95,949.95,60.53,502.50
2026-01-06T23:40:00Z,45.58,2435.38,158.17,559.36,44.08,2233.43,165.47,434.57,68.43,1974.39,170.37,1023.29,48.44,1994.17,171.35,676.85,259.27,56.71,95.03,231.54,1802.58,3536.13,2.61,150.47,123.69,602.11,3.33,950.31,59.69,503.10
2026-01-06T23:50:00Z,45.48,2432.64,158.37,558.75,43.79,2239.40,165.77,414.17,68.57,1982.93,170.26,1026.14,48.76,1975.68,171.43,682.76,262.37,55.31,96.20,235.49,1812.28,3553.35,2.61,148.91,127.81,612.53,2.54,959.50,59.36,512.22
2026-01-07T00:00:00Z,45.91,2435.45,158.78,563.48,43.15,2240.37,164.85,407.15,68.45,1985.84,171.54,1014.41,48.85,1975.78,171.39,680.16,261.79,54.71,96.67,235.63,1798.65,3553.12,2.34,150.27,125.87,606.46,2.74,952.12,57.71,511.48
2026-01-07T00:10:00Z,45.99,2435.96,159.07,574.80,42.87,2248.17,164.28,377.38,68.40,1985.44,171.41,1021.65,48.78,1985.84,171.08,673.81,259.87,53.86,95.77,235.55,1813.19,3566.02,2.46,149.58,124.54,608.86,2.78,959.82,58.61,507.68
2026-01-07T00:20:00Z,45.85,2427.61,159.49,567.73,42.35,2250.73,164.09,386.03,68.45,1998.09,171.39,1027.67,48.69,1977.24,171.17,689.80,258.31,55.66,96.80,235.84,1810.13,3547.48,2.27,149.52,122.78,607.06,3.24,966.80,59.91,510.30
2026-01-07T00:30:00Z,46.18,2421.43,160.02,586.22,41.94,2265.15,164.58,367.78,68.45,1982.16,171.44,1023.45,48.72,1976.86,171.62,699.41,260.74,54.98,96.33,232.54,1801.12,3552.55,2.69,151.56,124.57,603.88,3.25,950.36,60.02,491.86
2026-01-07T00:40:00Z,46.40,2428.37,159.33,585.26,41.34,2284.29,163.07,351.62,68.28,1989.42,171.74,1019.66,48.77,1969.91,172.19,710.92,260.57,53.65,96.85,232.64,1812.24,3555.86,2.58,151.45,122.80,610.63,2.80,953.84,58.50,501.95
2026-01-07T00:50:00Z,46.20,2431.86,158.85,579.39,40.99,2292.81,162.85,330.37,68.59,1988.21,171.40,1018.63,48.67,1976.87,172.73,701.16,257.63,54.35,96.73,231.52,1798.24,3554.91,2.37,149.10,124.24,609.30,2.91,948.40,57.96,503.84
2026-01-07T01:00:00Z,46.02,2431.30,157.94,570.04,40.76,2300.97,163.41,309.67,68.41,1981.19,170.78,1010.78,48.50,1975.29,172.19,696.06,257.55,51.52,96.53,232.19,1815.22,3548.74,2.50,148.53,120.62,603.41,3.42,956.74,58.99,514.76
2026-01-07T01:10:00Z,46.07,2426.52,157.83,558.96,40.55,2300.88,161.59,297.57,68.44,1981.72,171.01,1020.37,48.47,1984.00,171.94,686.32,253.13,52.03,96.07,225.21,1797.44,3563.70,2.50,149.42,118.76,599.59,3.05,949.52,60.47,497.40
2026-01-07T01:20:00Z,45.72,2437.57,158.42,555.06,40.01,2319.59,162.14,293.11,68.35,1988.45,170.73,1017.12,48.28,1989.19,171.49,683.25,254.33,52.16,94.49,228.67,1809.48,3538.46,2.52,149.71,119.97,602.55,2.98,952.23,61.10,495.54
2026-01-07T01:30:00Z,45.85,2430.61,158.06,546.06,39.69,2320.83,161.21,270.18,68.80,1974.99,171.00,1019.29,48.65,1988.20,170.77,668.25,250.92,52.27,94.16,225.88,1795.08,3560.55,2.57,149.98,120.57,599.37,2.86,948.66,60.24,501.97
2026-01-07T01:40:00Z,45.78,2428.40,158.03,559.03,38.80,2338.11,161.06,261.67,68.92,1979.63,171.02,1032.57,48.68,1980.97,170.67,674.04,252.57,52.16,94.00,229.14,1806.16,3565.30,2.71,149.95,123.61,603.32,2.99,952.83,59.29,497.00
2026-01-07T01:50:00Z,45.94,2433.22,157.99,571.52,38.62,2354.92,161.30,248.98,68.47,1986.01,171.24,1035.13,48.85,1977.89,170.62,692.12,253.17,53.39,94.94,227.36,1806.91,3557.83,2.52,148.43,121.82,599.18,2.67,961.28,60.53,495.18
2026-01-07T02:00:00Z,46.19,2425.67,158.38,564.76,38.26,2366.01,161.03,229.79,67.90,1990.27,171.28,1013.35,49.14,1972.16,171.09,703.07,253.63,53.89,95.28,229.01,1797.06,3563.59,2.84,150.70,120.09,595.72,2.91,952.13,59.76,498.67
2026-01-07T02:10:00Z,45.96,2421.65,159.06,583.28,37.58,2373.59,161.43,221.29,67.51,2003.61,170.66,1001.14,49.23,1974.70,171.54,698.16,251.76,52.21,95.91,225.26,1802.46,3548.55,2.60,150.03,121.67,606.65,3.02,951.25,59.35,513.66
2026-01-07T02:20:00Z,46.13,2427.89,158.97,580.38,37.45,2381.45,161.35,210.91,67.61,2004.74,170.42,1003.20,49.07,1977.46,171.67,690.66,248.54,50.26,95.58,223.05,1795.26,3556.22,2.63,150.90,119.11,598.31,3.10,949.04,59.19,491.56
2026-01-07T02:30:00Z,46.18,2427.16,159.20,596.56,36.97,2397.19,160.43,195.27,67.65,1993.24,170.30,1004.67,48.82,1976.08,171.44,697.34,251.02,52.09,94.76,227.80,1802.75,3552.53,2.60,150.48,118.61,600.14,3.03,955.39,60.79,504.62
2026-01-07T02:40:00Z,45.93,2425.48,159.40,596.95,36.98,2399.48,159.49,178.82,67.04,2012.06,170.39,1003.25,48.94,1976.89,171.53,701.00,254.14,52.40,94.18,227.74,1805.22,3554.02,2.62,151.17,123.61,598.01,2.65,949.05,60.47,490.44
2026-01-07T02:50:00Z,45.65,2430.11,159.42,591.72,37.25,2391.00,159.28,190.38,67.59,2016.37,169.93,997.90,49.21,1976.62,171.51,,247.59,52.16,93.85,223.60,1804.96,3560.88,2.49,150.86,117.23,594.99,3.02,956.59,59.73,499.64
2026-01-07T03:00:00Z,46.22,2430.26,159.23,586.51,36.91,2405.21,159.43,189.57,67.42,2016.54,169.60,990.62,49.11,1967.57,172.23,718.97,248.86,53.06,94.80,227.90,1797.58,3557.12,2.34,150.39,117.03,591.57,2.94,950.27,60.94,487.57
2026-01-07T03:10:00Z,46.37,2418.13,158.82,577.31,36.83,2405.64,159.42,176.38,67.59,2008.31,169.97,989.18,49.02,1976.50,171.63,701.62,250.09,51.57,95.28,225.59,1797.09,3543.30,2.45,150.41,118.98,600.45,3.10,951.96,60.67,491.28
2026-01-07T03:20:00Z,46.56,2418.25,158.12,571.24,36.68,2417.29,159.88,163.58,68.23,2007.57,170.08,1005.96,49.10,1975.03,171.88,697.07,253.34,51.86,95.14,226.73,1805.62,3552.85,2.67,150.58,122.71,600.14,3.03,952.69,60.68,500.27
2026-01-07T03:30:00Z,46.53,2427.76,158.10,581.28,36.32,2423.52,159.00,149.75,68.24,2002.74,170.27,1000.39,49.19,1962.35,171.14,705.28,248.29,48.37,94.39,223.73,1794.17,3570.91,2.54,151.70,119.37,596.90,3.01,944.71,59.88,506.72
2026-01-07T03:40:00Z,46.57,2422.81,158.54,592.00,36.09,2422.37,159.38,162.59,68.50,1995.32,170.54,1005.47,49.28,1961.41,171.80,715.41,250.10,51.40,94.54,226.47,1798.92,3561.73,2.48,151.62,121.52,605.76,2.74,945.73,59.93,494.83
2026-01-07T03:50:00Z,46.37,2420.53,158.08,603.79,35.93,2428.86,159.09,156.28,68.51,1991.16,170.92,1010.09,49.30,1957.19,172.99,726.42,249.38,52.35,94.52,223.94,1799.77,3544.18,2.57,148.74,120.57,598.79,3.13,948.72,59.35,506.16
2026-01-07T04:00:00Z,46.50,2412.26,158.84,603.52,35.58,2443.63,159.50,140.83,68.61,1986.83,170.70,1010.12,49.20,1958.38,172.55,726.03,257.08,52.22,94.67,231.98,1802.43,3553.09,2.58,149.04,126.61,613.12,2.82,958.29,60.71,513.16
2026-01-07T04:10:00Z,46.87,2405.05,158.66,604.79,35.63,2445.11,158.67,122.68,68.54,1990.99,171.16,1024.85,49.00,1972.51,172.36,719.65,248.01,51.18,95.70,221.98,1798.43,3553.11,2.51,152.80,120.37,599.84,3.31,950.06,60.54,508.90
2026-01-07T04:20:00Z,46.73,2403.05,158.75,607.16,35.40,2435.42,158.87,112.88,68.59,1981.83,171.04,1042.24,48.63,1986.25,172.37,706.76,244.81,48.06,95.35,220.53,1793.54,3550.85,2.26,150.98,119.40,601.96,2.81,945.91,61.01,499.54
2026-01-07T04:30:00Z,46.74,2405.93,158.53,608.74,35.45,2435.44,158.69,112.47,68.35,1981.95,171.07,1025.08,48.43,1981.41,171.85,692.67,248.36,49.70,95.29,223.43,1798.10,3552.14,2.51,149.75,122.40,605.32,3.02,944.91,60.70,505.34
2026-01-07T04:40:00Z,46.78,2408.98,158.46,612.02,35.01,2441.39,158.74,108.57,68.66,1981.96,171.87,1040.95,48.32,1986.71,171.48,694.76,246.81,49.66,94.44,221.61,1793.04,3566.86,2.67,150.53,120.36,601.61,2.90,950.01,59.02,497.75
2026-01-07T04:50:00Z,46.68,2410.92,158.99,616.25,35.04,2451.70,157.87,107.33,68.82,1980.19,170.82,1028.96,48.00,1997.43,171.27,673.10,247.31,50.90,94.77,225.74,1788.45,3553.93,2.55,151.65,115.71,588.87,2.73,943.53,58.68,485.46
2026-01-07T05:00:00Z,46.85,2409.36,159.14,622.35,34.99,2457.26,158.18,105.48,68.85,1980.97,171.12,1021.79,47.98,1992.77,171.35,680.26,248.83,47.72,95.24,224.81,1801.44,3543.25,2.40,149.28,115.25,602.14,3.00,957.38,57.57,501.40
2026-01-07T05:10:00Z,46.77,2403.82,159.21,617.06,35.09,2452.73,157.81,103.81,68.66,1991.69,171.54,1022.33,47.57,2005.09,171.12,671.80,245.18,49.78,94.43,220.98,1800.99,3554.40,2.38,151.01,117.48,596.41,3.12,952.39,60.65,502.39
2026-01-07T05:20:00Z,46.98,2400.45,159.74,611.12,35.16,2448.56,157.99,110.87,68.70,1984.49,170.80,1008.42,47.80,1998.57,170.83,655.30,246.44,50.67,94.99,223.25,1798.89,3548.99,2.58,148.33,118.23,600.69,2.98,948.61,59.73,498.15
2026-01-07T05:30:00Z,46.85,2410.07,159.22,604.48,35.41,2444.37,157.89,107.70,69.07,1977.40,170.62,1019.41,47.78,2012.69,171.17,659.62,245.82,48.69,94.03,220.75,1800.15,3554.01,2.38,150.34,117.80,597.56,3.04,950.87,60.19,512.75
2026-01-07T05:40:00Z,47.10,2403.98,159.21,594.38,35.37,2441.77,158.40,100.11,68.68,1979.59,170.71,1026.70,47.47,2012.16,170.35,654.09,248.37,48.00,93.96,224.64,1790.79,3546.39,2.57,149.27,120.46,604.06,2.96,948.49,59.86,502.07
2026-01-07T05:50:00Z,46.68,2402.68,159.24,595.19,34.88,2449.82,157.59,103.52,68.85,1975.27,171.03,1031.18,47.89,2020.42,170.16,649.35,241.67,47.77,94.40,218.21,1791.40,3553.96,2.63,150.44,115.92,596.65,3.05,944.04,58.64,495.42
2026-01-07T06:00:00Z,46.52,2412.34,158.95,593.44,34.75,2456.75,157.16,95.55,68.67,1983.20,171.27,1038.24,47.95,2006.38,170.16,638.82,245.14,48.44,93.73,218.89,1797.83,3554.92,2.87,149.27,117.20,594.65,2.92,953.27,58.19,492.42
2026-01-07T06:10:00Z,46.56,2413.57,159.08,602.04,34.60,2462.62,157.57,90.64,69.62,1960.96,171.32,1045.91,48.69,1993.24,170.20,670.89,247.14,49.85,94.99,225.14,1796.20,3546.63,2.34,150.26,116.89,598.95,2.99,949.34,59.85,499.14
2026-01-07T06:20:00Z,46.89,2412.32,158.97,593.90,34.64,2462.12,158.35,84.19,69.63,1953.92,171.69,1054.16,48.71,1980.05,170.17,676.03,247.49,49.91,94.91,222.27,1813.22,3555.54,2.40,150.48,117.30,592.81,3.21,955.78,59.60,491.60
2026-01-07T06:30:00Z,46.59,2405.15,159.47,582.89,34.45,2461.42,157.64,83.90,69.62,1957.78,171.88,1054.16,48.29,1992.47,171.19,664.08,245.93,47.84,94.31,225.06,1801.21,3547.27,2.54,149.61,120.00,599.88,2.90,947.98,59.92,496.39
2026-01-07T06:40:00Z,46.62,2409.35,159.14,594.29,34.31,2469.86,157.44,67.40,69.52,1967.71,171.23,1055.79,48.44,1983.01,170.91,664.33,240.05,48.76,94.58,219.68,1795.60,3552.62,2.71,148.89,115.60,594.76,2.50,948.66,60.67,489.13
2026-01-07T06:50:00Z,46.43,2424.31,158.46,579.53,34.45,2453.45,157.50,71.49,69.60,1962.06,171.98,1067.38,48.38,1988.48,171.11,682.36,245.18,49.35,94.67,221.49,1796.38,3557.40,2.61,149.26,117.39,599.73,2.88,944.01,59.63,491.46
2026-01-07T07:00:00Z,47.03,2407.95,158.82,591.93,34.23,2461.68,157.38,72.57,69.64,1964.44,171.94,1062.93,48.46,1987.67,170.48,671.07,243.97,48.57,94.35,220.62,1788.13,3547.56,2.70,149.47,115.99,591.66,3.18,946.74,61.26,490.43
2026-01-07T07:10:00Z,47.07,2393.00,159.42,612.36,34.11,2464.59,157.17,83.07,69.81,1948.28,171.67,1072.27,48.29,1998.46,170.47,673.05,241.87,49.48,93.88,216.71,1794.54,3549.78,2.60,149.61,113.58,589.03,3.18,944.45,59.91,487.13
2026-01-07T07:20:00Z,47.09,2395.97,159.73,608.90,33.85,2473.69,157.74,65.77,70.09,1954.46,172.04,1067.30,47.95,2007.01,170.45,660.76,248.91,47.87,94.04,225.27,1794.85,3554.19,2.49,149.93,121.50,599.59,2.88,944.85,58.36,500.69
2026-01-07T07:30:00Z,47.14,2405.81,159.70,611.63,33.54,2465.33,156.30,58.14,69.73,1961.86,171.96,1071.94,48.31,2006.26,170.23,658.71,246.73,47.93,94.44,222.04,1789.40,3543.01,2.53,149.29,118.43,596.78,3.09,940.88,57.74,503.32
2026-01-07T07:40:00Z,46.82,2406.93,158.48,614.72,33.48,2470.55,157.35,72.58,69.72,1958.67,171.46,1063.17,48.59,2001.47,170.34,659.50,253.07,48.16,93.94,225.37,1790.33,3543.48,2.46,148.53,120.89,602.24,2.94,942.67,59.87,505.13
2026-01-07T07:50:00Z,46.55,2408.30,158.28,625.41,33.60,2477.78,157.41,77.21,70.32,1942.66,171.62,1074.08,49.07,1998.18,170.12,673.37,252.31,49.58,93.57,228.85,1799.97,3527.30,2.58,149.09,119.56,603.25,2.78,945.42,60.15,499.53
2026-01-07T08:00:00Z,46.21,2420.49,158.27,603.26,33.56,2489.79,157.76,54.67,70.06,1942.73,171.90,1071.44,49.12,1979.63,170.06,688.20,248.83,47.56,93.39,219.32,1803.69,3560.94,2.71,151.94,120.33,593.59,3.11,950.54,60.57,492.00
2026-01-07T08:10:00Z,45.95,2419.80,158.27,588.30,33.88,2471.88,158.19,50.36,69.87,1951.40,172.39,1068.50,49.10,1970.82,170.53,706.15,248.94,46.48,93.92,224.43,1799.25,3553.91,2.36,152.55,119.76,603.85,3.31,950.58,61.29,504.27
2026-01-07T08:20:00Z,45.53,2431.43,158.72,574.92,33.61,2470.33,157.93,63.78,69.45,1966.88,171.64,1062.75,49.15,1970.28,170.87,715.07,248.37,47.71,94.24,218.60,1793.06,3558.61,2.59,150.52,118.94,594.76,2.98,943.77,60.93,502.46
2026-01-07T08:30:00Z,46.01,2432.12,158.96,578.49,33.36,2475.96,157.47,64.16,69.49,1970.91,171.52,1066.02,48.93,1970.82,171.15,697.60,248.13,47.97,95.45,222.44,1803.16,3549.73,2.48,149.67,118.03,597.99,2.65,957.28,61.75,499.10
2026-01-07T08:40:00Z,45.49,2442.34,158.94,559.76,33.39,2482.35,158.20,64.19,69.37,1979.15,171.71,1055.16,48.98,1973.75,171.39,693.98,246.79,46.79,96.02,226.21,1788.62,3532.22,2.37,149.10,118.95,607.37,3.24,938.92,61.64,507.55
2026-01-07T08:50:00Z,45.51,2432.19,158.98,573.04,33.38,2493.55,158.21,38.91,69.24,1972.16,171.71,1054.75,49.21,1973.87,171.50,705.67,244.18,47.36,95.29,217.87,1787.81,3548.06,2.42,148.23,117.47,600.85,3.26,946.17,60.61,495.12
2026-01-07T09:00:00Z,45.91,2434.29,158.84,580.29,33.59,2492.05,156.99,30.57,69.30,1960.05,172.41,1066.32,49.20,1973.36,171.56,705.26,244.14,48.19,95.01,220.77,1793.04,3546.72,2.48,149.24,116.96,598.55,3.07,943.61,60.95,498.69
2026-01-07T09:10:00Z,46.01,2431.48,158.81,568.60,33.72,2479.79,156.78,43.40,69.09,1970.73,172.70,1066.11,49.24,1962.65,171.23,713.53,245.72,48.37,94.97,221.25,1803.83,3537.68,2.55,149.87,119.07,601.22,2.98,951.73,60.25,496.43
2026-01-07T09:20:00Z,46.11,2420.70,158.81,584.10,33.49,2478.75,157.32,42.36,68.78,1981.37,171.98,1038.04,49.17,1970.37,171.59,724.44,242.07,46.02,94.42,219.29,1792.62,3548.98,2.48,149.26,115.61,596.81,2.94,948.37,60.07,501.02
2026-01-07T09:30:00Z,45.79,2412.30,158.68,591.34,33.52,2480.29,157.14,36.44,68.74,1986.69,171.75,1031.97,49.02,1963.88,171.58,707.88,248.96,46.44,94.34,221.65,1797.86,3553.63,2.61,150.65,120.20,603.22,2.79,948.75,60.38,508.50
2026-01-07T09:40:00Z,45.55,2424.65,158.78,577.39,33.67,2481.59,156.27,24.67,69.32,1976.50,172.11,1027.20,49.22,1962.65,171.04,707.15,248.95,48.10,95.49,225.78,1793.32,3558.30,2.66,151.11,120.60,598.33,2.85,936.97,60.25,489.90
2026-01-07T09:50:00Z,45.29,2444.84,158.85,578.13,33.45,2490.76,156.83,27.58,68.95,1969.07,171.91,1038.99,48.87,1974.48,171.21,700.90,245.53,49.02,94.92,221.56,1794.00,3554.99,2.56,149.69,117.82,597.38,2.62,943.41,59.46,503.68
2026-01-07T10:00:00Z,44.78,2454.43,158.33,559.19,33.07,2506.53,156.85,26.06,69.04,1977.61,171.41,1024.99,49.37,1974.17,171.79,706.81,243.74,47.76,94.50,216.86,1788.78,3558.11,2.51,149.93,118.62,598.00,2.93,945.59,60.06,501.43
2026-01-07T10:10:00Z,45.07,2443.72,157.75,548.20,33.25,2492.70,156.73,18.73,69.41,1965.85,171.21,1055.37,49.44,1964.72,171.55,701.58,240.20,47.25,93.98,219.18,1793.43,3537.03,2.71,149.38,113.97,590.11,2.85,942.61,60.11,481.77
2026-01-07T10:20:00Z,45.45,2439.50,157.79,553.44,33.48,2485.71,156.26,25.15,69.21,1968.25,171.05,1042.15,49.48,1954.21,171.03,718.38,241.01,49.20,93.96,215.72,1787.91,3551.99,2.53,149.68,112.83,596.37,3.10,947.65,58.90,503.88
2026-01-07T10:30:00Z,45.32,2448.21,158.31,550.17,33.23,2497.03,156.31,26.91,69.29,1963.57,171.73,1041.13,48.87,1967.28,171.03,690.69,238.27,46.38,94.25,212.22,1782.55,3539.01,2.66,149.40,115.14,590.71,3.02,932.25,58.45,492.69
2026-01-07T10:40:00Z,45.73,2437.73,158.51,551.36,33.36,2493.29,156.56,30.27,69.51,1955.08,171.91,1059.95,48.64,1967.80,170.83,699.17,237.32,48.70,94.07,209.94,1787.45,3549.26,2.38,149.03,112.21,589.80,3.07,945.89,58.89,484.93
2026-01-07T10:50:00Z,45.76,2438.07,158.88,563.10,33.21,2492.26,156.28,20.31,69.66,1958.15,172.98,1088.98,48.93,1981.61,170.77,698.63,243.76,49.30,94.19,216.42,1788.58,3552.37,2.39,150.17,116.52,593.43,3.15,943.70,59.02,495.01
2026-01-07T11:00:00Z,45.51,2441.31,158.29,569.74,33.12,2490.12,156.72,21.74,70.20,1949.25,172.74,1085.46,49.06,1979.74,172.16,705.33,244.79,51.75,94.33,221.55,1797.43,3542.16,2.52,149.34,114.24,589.51,2.59,942.98,60.21,498.82
2026-01-07T11:10:00Z,45.59,2436.61,158.35,565.68,33.07,2492.22,157.38,35.38,70.43,1939.12,173.19,1088.94,49.28,1973.71,172.31,703.24,243.52,51.74,95.20,218.43,1804.25,3541.52,2.47,149.72,117.78,596.81,2.99,952.53,58.78,497.55
2026-01-07T11:20:00Z,45.37,2433.54,158.24,569.39,32.86,2493.47,156.83,33.99,70.37,1938.03,172.38,1085.88,49.40,1969.24,171.62,706.64,241.40,49.56,95.97,216.85,1791.38,3557.96,2.54,149.99,116.60,595.09,3.20,947.34,60.44,493.22
2026-01-07T11:30:00Z,45.23,2443.83,157.90,554.74,33.10,2493.43,156.69,34.75,70.26,1943.74,172.46,1090.26,49.46,1962.00,171.28,705.04,239.44,47.64,95.78,214.47,1784.18,3548.61,2.54,150.51,114.30,590.48,2.96,934.26,61.03,495.94
2026-01-07T11:40:00Z,45.11,2443.17,157.78,550.55,33.29,2493.14,156.75,37.70,70.34,1947.90,171.87,1097.81,49.52,1964.44,171.90,711.56,244.19,47.54,95.34,218.06,1790.45,3544.85,2.49,148.57,116.24,596.31,2.89,944.57,60.05,499.06
2026-01-07T11:50:00Z,45.10,2438.99,157.25,547.95,33.93,2479.18,157.90,57.30,69.79,1948.04,172.70,1084.53,49.25,1972.93,172.47,719.24,245.96,48.37,94.35,219.83,1789.11,3555.04,2.79,148.38,115.83,597.27,2.98,951.92,59.50,502.56
2026-01-07T12:00:00Z,45.26,2449.12,157.16,546.07,33.55,2481.19,157.48,52.89,69.66,1946.51,172.58,1070.07,48.73,1981.36,172.01,708.11,249.18,47.65,93.65,221.18,1800.27,3553.91,2.46,150.29,118.12,594.96,3.42,949.54,59.63,493.84
2026-01-07T12:10:00Z,45.20,2442.06,157.66,551.47,33.22,2499.22,157.45,49.32,69.46,1959.25,171.82,1063.32,48.28,1987.34,172.12,706.65,245.45,47.12,95.57,220.89,1793.73,3543.22,2.67,150.24,114.56,592.20,3.25,942.23,60.18,493.70
2026-01-07T12:20:00Z,45.22,2439.49,158.22,545.38,33.40,2496.70,157.30,51.85,69.76,1961.63,171.34,1058.60,48.27,1990.77,171.21,688.36,243.15,45.55,94.91,216.72,1790.00,3556.14,2.68,150.30,119.49,605.29,2.84,945.59,59.87,508.42
2026-01-07T12:30:00Z,45.63,2435.04,157.62,554.92,33.21,2496.47,156.92,48.11,69.63,1955.45,171.65,1063.55,48.56,1975.91,171.43,698.17,246.10,45.64,94.77,221.02,1800.91,3553.43,2.64,151.27,117.23,595.72,3.02,944.86,59.62,488.61
2026-01-07T12:40:00Z,45.74,2433.06,157.39,557.50,33.35,2489.53,156.43,35.17,69.59,1964.88,171.13,1056.27,48.89,1973.75,171.14,703.93,241.40,45.73,94.18,217.78,1790.99,3552.37,2.63,151.16,114.62,587.39,2.99,951.27,60.03,490.78
2026-01-07T12:50:00Z,45.76,2437.27,157.38,560.86,33.74,2487.38,156.24,37.37,70.25,1940.62,172.53,1072.59,49.30,1969.00,170.91,716.04,245.53,46.08,93.59,219.42,1791.61,3543.92,2.68,150.79,115.37,600.69,3.09,942.81,59.59,500.61
2026-01-07T13:00:00Z,45.88,2426.78,157.20,561.12,33.33,2488.95,156.72,30.11,70.16,1951.67,172.37,1077.40,49.69,1959.36,171.30,714.54,245.77,45.58,93.74,221.73,1798.77,3560.93,2.43,149.96,117.75,604.10,2.78,959.24,59.75,500.40
2026-01-07T13:10:00Z,46.03,2423.73,157.78,588.65,32.84,2496.83,155.98,39.89,70.13,1957.73,171.99,1083.43,49.43,1953.82,170.99,706.18,249.85,47.99,93.91,224.40,1797.98,3548.68,2.37,148.61,120.31,603.41,3.23,947.09,60.02,501.54
2026-01-07T13:20:00Z,46.29,2427.51,158.33,582.22,32.36,2498.59,156.05,24.44,69.98,1957.96,171.94,1071.71,48.94,1961.98,171.03,723.04,247.15,48.35,93.24,219.09,1787.95,3558.78,2.29,150.33,117.13,593.41,2.81,945.27,59.60,502.36
2026-01-07T13:30:00Z,46.90,2406.50,158.58,585.95,32.36,2515.85,155.93,14.29,69.95,1956.31,172.34,1073.67,49.11,1969.55,170.86,717.65,249.62,47.83,94.58,221.78,1792.72,3543.09,2.42,148.90,121.64,601.76,3.17,945.05,59.55,508.48
2026-01-07T13:40:00Z,47.22,2392.48,158.84,611.35,32.92,2507.89,156.06,19.54,70.64,1935.72,172.36,1093.31,49.10,1971.04,171.67,705.71,250.61,49.91,94.61,224.93,1796.61,3548.25,2.42,150.46,119.73,598.50,3.21,941.83,58.36,496.96
2026-01-07T13:50:00Z,47.03,2397.14,158.46,612.63,32.42,2519.24,156.36,16.70,70.34,1937.14,171.77,1088.27,49.10,1984.60,171.52,714.46,252.78,50.00,94.21,225.93,1791.78,3564.01,2.56,150.36,120.95,596.93,3.13,944.52,60.54,501.27
2026-01-07T14:00:00Z,47.18,2395.20,158.61,626.33,32.42,2509.34,156.06,0.84,70.41,1943.01,171.84,1092.94,49.11,1979.18,171.34,707.98,253.79,50.48,95.07,228.64,1813.57,3556.78,2.25,149.83,123.19,601.52,2.83,964.29,59.50,511.01
2026-01-07T14:10:00Z,47.05,2402.61,159.45,621.70,32.37,2508.32,156.03,1.93,70.14,1939.55,171.99,1081.73,49.22,1975.08,170.83,699.17,247.23,50.86,95.28,221.59,1796.06,3556.10,2.31,149.24,117.34,596.25,2.59,946.10,61.24,496.53
2026-01-07T14:20:00Z,47.32,2395.78,159.55,627.75,32.39,2521.41,155.84,2.56,69.88,1942.55,172.02,1082.75,49.13,1961.07,171.41,706.60,253.98,50.38,95.62,227.75,1802.36,3554.13,2.22,150.82,120.51,601.10,2.78,953.38,60.27,496.22
2026-01-07T14:30:00Z,47.01,2399.51,158.35,620.53,32.37,2514.71,155.89,0.00,69.69,1953.07,173.09,1072.51,49.13,1967.22,171.97,711.10,251.27,48.89,94.64,223.42,1784.75,3550.61,2.41,149.13,120.78,609.34,3.23,951.18,60.98,515.33
2026-01-07T14:40:00Z,47.17,2391.32,158.79,622.32,32.36,2519.59,155.82,0.00,69.59,1957.76,172.90,1073.62,49.09,1961.54,172.22,717.95,251.62,47.08,94.90,226.26,1792.43,3546.42,2.74,150.27,121.60,604.92,2.95,950.20,59.29,497.51
2026-01-07T14:50:00Z,46.88,2382.90,158.38,628.83,32.72,2511.04,156.14,4.65,69.27,1965.17,172.27,1064.27,49.13,1961.56,171.65,716.01,251.83,47.20,93.89,225.99,1800.87,3557.31,2.42,149.62,122.68,602.18,3.14,949.05,59.21,495.53
2026-01-07T15:00:00Z,46.91,2398.37,159.68,628.91,32.85,2505.81,156.01,4.10,68.74,1972.13,171.95,1049.43,49.41,1953.22,172.28,719.81,252.99,47.54,93.64,225.57,1799.59,3558.10,2.67,150.36,120.17,596.15,3.02,951.42,59.83,496.28
2026-01-07T15:10:00Z,47.03,2395.37,159.41,612.11,32.87,2518.79,156.01,0.00,68.55,1985.88,172.06,1036.74,49.21,1959.42,171.66,727.52,252.31,48.72,94.50,227.19,1798.99,3552.27,2.45,151.82,120.39,604.40,3.20,953.74,58.95,503.93
2026-01-07T15:20:00Z,46.18,2415.59,159.12,608.04,32.53,2518.12,156.21,0.00,68.49,1982.56,171.62,1038.01,49.00,1975.29,171.67,715.18,244.75,50.61,94.69,223.09,1804.57,3558.38,2.58,150.46,114.33,592.48,3.16,951.41,60.03,495.91
2026-01-07T15:30:00Z,46.14,2422.06,159.58,591.52,32.40,2511.42,156.01,3.60,68.19,1992.77,170.95,1003.71,49.19,1980.91,171.76,701.54,246.30,47.63,94.66,220.82,1792.22,3553.83,2.47,150.80,119.76,605.52,3.35,947.93,60.68,510.79
2026-01-07T15:40:00Z,46.24,2407.96,159.23,592.31,32.36,2506.71,156.18,4.82,68.36,1986.61,170.73,1014.87,49.57,1964.82,171.34,708.68,245.06,47.51,94.45,218.02,1794.11,3558.57,2.45,151.95,117.97,592.46,3.30,950.89,61.14,497.98
2026-01-07T15:50:00Z,46.66,2410.56,158.74,593.42,32.06,2513.29,156.16,3.06,68.67,1981.48,170.82,1024.90,49.63,1953.17,171.40,723.24,243.80,47.99,94.68,218.92,1794.21,3553.85,2.58,148.46,116.76,593.22,3.10,941.13,59.98,495.26
2026-01-07T16:00:00Z,46.37,2408.20,158.89,591.68,31.77,2525.50,156.34,1.54,68.68,1985.45,170.75,1026.17,49.63,1948.63,171.34,735.53,235.08,47.98,95.04,211.98,1783.65,3556.50,2.61,151.01,111.01,,2.81,936.85,58.77,484.66
2026-01-07T16:10:00Z,46.33,2418.66,159.60,596.95,32.06,2529.20,155.91,0.00,68.88,1982.80,171.81,1020.11,49.52,1947.53,172.42,748.58,241.83,49.41,95.33,216.12,1793.73,3556.38,2.79,149.14,119.21,598.53,3.34,950.89,59.52,506.23
2026-01-07T16:20:00Z,46.05,2418.51,158.86,602.25,32.01,2526.71,155.86,0.00,68.92,1983.37,172.11,1033.52,49.67,1953.58,171.81,740.80,237.69,50.26,96.00,215.89,1792.19,3542.13,2.74,150.33,111.45,591.65,3.18,951.25,59.42,490.49
2026-01-07T16:30:00Z,46.32,2420.33,158.69,595.76,32.19,2523.41,155.94,0.00,68.93,1976.71,171.72,1047.09,49.70,1955.71,171.34,734.73,237.51,50.27,95.64,214.01,1785.06,3556.85,2.58,149.46,111.06,592.96,3.18,943.05,58.93,490.56
2026-01-07T16:40:00Z,45.96,2417.15,159.02,580.82,32.22,2530.63,155.95,0.24,68.93,1974.77,171.49,1029.59,49.45,1970.68,171.10,724.70,242.30,48.66,94.78,215.95,1794.94,3551.63,2.42,151.82,116.62,592.05,3.27,943.03,58.97,505.58
2026-01-07T16:50:00Z,45.72,2424.14,159.62,584.20,32.36,2527.79,155.95,0.00,68.82,1975.84,171.07,1016.02,49.81,1955.19,171.86,731.20,248.02,47.48,93.64,229.04,1808.58,3558.46,2.66,151.12,118.72,598.88,3.04,957.66,60.47,491.16
2026-01-07T17:00:00Z,45.81,2434.42,158.93,572.34,32.32,2517.46,155.55,10.84,69.07,1988.17,171.03,1021.76,49.66,1951.38,172.02,720.58,239.98,48.83,94.05,218.09,1794.16,3537.49,2.61,150.11,115.08,591.99,2.92,948.19,59.34,504.53
2026-01-07T17:10:00Z,45.62,2431.32,158.81,576.84,32.30,2517.42,156.33,15.63,69.04,1990.39,171.22,1022.15,49.77,1957.40,172.34,724.86,245.50,48.82,94.26,221.58,1797.66,3548.48,2.55,150.87,119.49,602.29,2.73,952.75,59.80,496.46
2026-01-07T17:20:00Z,45.64,2428.28,158.66,591.57,32.42,2521.06,156.24,14.90,69.07,1966.44,171.08,1054.39,50.00,1952.57,172.38,734.38,249.00,49.03,94.63,222.58,1793.96,3547.46,2.40,150.99,118.30,591.69,3.14,947.50,60.18,493.46
2026-01-07T17:30:00Z,45.51,2430.06,158.64,584.37,32.52,2500.81,156.27,22.47,68.63,1970.38,170.68,1040.48,49.70,1947.71,171.57,734.07,248.52,47.70,93.99,223.20,1789.39,3541.10,2.64,149.40,118.55,594.31,3.26,944.03,59.91,505.89
2026-01-07T17:40:00Z,45.50,2432.99,157.71,568.00,32.63,2506.43,157.04,23.09,68.79,1964.80,170.09,1042.15,49.67,1965.12,171.31,719.13,248.34,49.72,93.66,223.87,1799.91,3558.31,2.64,148.04,118.10,602.86,2.84,955.36,59.78,505.86
2026-01-07T17:50:00Z,45.76,2430.49,157.74,564.17,32.44,2508.71,155.82,26.93,68.83,1966.61,169.70,1035.15,49.68,1958.15,171.91,716.18,247.54,48.66,94.77,222.11,1798.03,3568.49,2.68,149.26,117.64,598.22,2.71,950.45,59.58,508.35
2026-01-07T18:00:00Z,45.67,2429.94,157.32,560.86,32.36,2505.71,155.75,21.44,69.12,1965.97,170.55,1038.08,50.10,1948.55,172.15,735.18,238.57,49.06,95.17,216.55,1787.02,3541.85,2.44,150.58,116.47,598.74,3.15,944.32,61.60,498.91
2026-01-07T18:10:00Z,45.44,2432.20,158.43,578.39,32.28,2521.27,155.59,20.81,69.21,1963.36,171.18,1042.02,50.48,1941.99,171.94,731.16,238.63,48.94,95.16,211.83,1782.85,3557.44,2.34,149.41,114.06,591.81,3.27,947.79,59.81,499.36
2026-01-07T18:20:00Z,45.79,2428.90,158.19,579.66,31.80,2521.84,155.69,3.61,68.49,1975.29,171.25,1033.87,50.72,1929.19,173.02,743.68,245.97,48.04,94.72,220.91,1797.18,3547.25,2.61,149.60,116.38,599.58,3.75,945.51,60.24,496.16
2026-01-07T18:30:00Z,45.87,2421.87,158.18,581.55,31.89,2513.27,155.91,0.00,68.68,1971.65,171.02,1048.70,50.68,1915.67,173.25,761.20,246.02,47.08,94.54,224.31,1798.79,3559.21,2.69,150.21,117.30,596.01,3.09,951.77,59.93,499.12
2026-01-07T18:40:00Z,46.24,2424.65,157.70,585.27,31.77,2522.58,156.35,0.00,68.81,1976.15,171.38,1035.11,50.55,1924.60,173.16,746.05,248.00,46.44,94.81,225.74,1801.02,3558.87,2.39,150.73,119.84,595.43,3.34,949.44,60.11,496.36
2026-01-07T18:50:00Z,46.11,2414.14,158.40,601.12,31.21,2526.34,156.41,0.00,68.41,1985.10,171.10,1019.04,50.39,1920.55,172.39,752.00,248.26,45.96,95.08,225.46,1793.73,3557.21,2.89,150.65,119.98,598.11,2.73,946.71,59.42,490.36
2026-01-07T19:00:00Z,45.95,2421.74,158.69,583.82,31.13,2531.00,156.85,0.00,68.58,1976.80,171.45,1023.97,50.25,1937.43,172.39,742.69,245.47,49.03,94.40,220.78,1797.88,3539.96,2.32,149.79,121.10,601.52,3.17,949.80,59.81,491.20
2026-01-07T19:10:00Z,46.25,2422.36,159.24,590.04,31.28,2537.92,156.89,0.00,68.34,1974.45,171.99,1014.87,49.98,1950.02,172.84,739.21,244.85,48.15,95.61,220.22,1788.17,3555.89,2.65,150.24,116.61,599.60,2.84,948.90,59.68,505.68
2026-01-07T19:20:00Z,46.16,2421.91,159.37,582.20,30.98,2546.36,156.40,0.00,68.36,1978.86,171.29,1022.95,49.83,1942.40,172.30,733.85,246.71,48.93,95.34,223.55,1808.94,3561.33,2.49,149.76,120.07,598.49,2.59,956.31,60.66,489.25
2026-01-07T19:30:00Z,46.05,2423.06,159.41,577.02,31.20,2548.15,156.65,0.00,68.46,1975.47,171.18,1026.87,49.69,1946.68,171.89,729.42,246.80,47.81,94.73,222.64,1807.91,3556.04,2.54,150.69,116.21,589.47,2.75,953.50,59.65,497.89
2026-01-07T19:40:00Z,46.23,2420.16,158.26,572.26,31.23,2545.08,156.42,0.00,68.13,1982.29,170.77,1017.97,49.98,1945.36,171.96,725.40,242.66,46.30,95.24,216.59,1795.29,3544.20,2.48,149.01,116.01,589.14,3.19,950.27,59.31,481.28
2026-01-07T19:50:00Z,45.91,2426.46,158.40,573.23,31.33,2546.32,155.97,0.00,68.85,1977.25,171.08,1017.71,49.77,1948.51,171.94,738.11,239.43,46.35,94.61,214.87,1792.98,3533.08,2.21,150.03,113.31,584.94,2.96,945.02,59.18,491.13
2026-01-07T20:00:00Z,46.21,2426.40,157.75,579.00,31.18,2548.45,156.11,0.00,68.85,1976.74,171.42,1022.74,49.20,1966.68,171.53,718.71,241.50,46.59,94.35,216.22,1796.94,3547.55,2.61,150.39,113.69,589.93,2.90,949.43,58.45,487.11
2026-01-07T20:10:00Z,46.60,2421.74,158.60,587.13,31.06,2559.45,156.21,0.00,68.74,1986.51,171.62,1010.59,49.01,1972.97,171.16,706.23,240.32,46.31,94.14,218.59,1795.03,3560.19,2.37,151.59,114.84,597.50,3.05,941.79,59.46,504.41
2026-01-07T20:20:00Z,46.45,2416.64,159.05,603.12,31.44,2552.00,155.15,0.00,69.00,1977.38,171.69,1015.62,49.22,1970.00,171.69,695.57,243.37,48.60,94.87,223.49,1809.63,3555.05,2.33,150.58,116.23,594.63,2.99,954.46,60.17,497.45
2026-01-07T20:30:00Z,46.31,2413.97,158.88,590.46,31.54,2542.48,155.96,0.00,69.02,1969.42,172.03,1025.23,49.23,1961.96,171.21,693.12,241.27,46.65,94.26,215.29,1796.83,3548.31,2.46,150.08,116.53,590.39,2.81,945.68,60.63,489.86
2026-01-07T20:40:00Z,46.71,2406.39,158.38,592.35,31.54,2538.48,156.36,0.00,69.05,1976.80,171.75,1022.57,49.03,1982.05,170.69,697.31,246.04,46.65,94.53,217.32,1784.29,3549.49,2.63,149.53,116.06,595.24,2.89,938.80,58.83,510.88
2026-01-07T20:50:00Z,46.47,2408.40,158.35,598.51,31.48,2538.97,156.06,0.00,68.39,1984.66,172.10,1019.98,48.79,1987.41,171.11,686.45,244.25,47.21,94.83,221.31,1797.98,3551.43,2.64,148.90,117.84,593.90,2.79,952.39,58.99,491.50
2026-01-07T21:00:00Z,46.57,2419.97,158.95,597.10,31.34,2543.44,156.02,0.00,68.63,1987.77,171.69,1027.68,48.76,1983.79,171.00,682.45,245.53,46.25,94.61,223.02,1794.91,3558.79,2.68,150.53,117.69,600.44,2.60,951.21,60.39,507.22
2026-01-07T21:10:00Z,46.69,2413.91,159.68,605.30,31.80,2538.15,155.28,0.00,68.49,1990.61,171.86,1015.21,48.65,1974.62,170.50,684.55,244.60,46.47,94.70,218.49,1800.18,3545.76,2.54,150.86,118.18,594.38,2.96,946.14,60.66,498.02
2026-01-07T21:20:00Z,46.54,2421.62,159.24,599.15,31.45,2533.03,155.72,0.00,69.31,1977.87,171.45,1031.44,48.93,1967.34,170.77,696.24,237.77,46.32,94.18,213.28,1785.42,3562.49,2.36,149.32,113.98,590.81,3.24,939.81,60.15,491.04
2026-01-07T21:30:00Z,46.49,2418.71,159.62,608.55,31.57,2530.75,155.68,0.00,69.05,1978.07,170.95,1037.45,48.60,1978.75,170.52,686.05,245.08,48.85,94.13,217.36,1790.72,3564.74,2.84,148.83,120.14,590.31,3.45,946.33,59.66,484.49
2026-01-07T21:40:00Z,47.07,2414.14,160.14,610.72,31.76,2532.73,155.73,0.00,69.29,1977.71,171.06,1052.95,48.56,1991.93,170.67,696.96,240.89,48.78,94.90,215.91,1796.31,3543.35,2.33,150.88,115.44,595.00,2.94,949.04,61.48,488.84
2026-01-07T21:50:00Z,47.18,2408.61,159.70,616.15,31.97,2529.49,156.01,0.00,69.54,1967.90,171.58,1059.82,48.49,1986.18,171.28,696.01,244.55,48.23,95.07,220.59,1786.03,3547.99,2.44,148.13,118.74,594.57,2.89,941.23,61.26,497.59
2026-01-07T22:00:00Z,46.81,2401.24,158.98,615.23,32.06,2524.78,155.73,0.00,69.65,1951.70,172.04,1059.10,48.33,1983.52,170.63,676.55,245.32,48.27,94.41,219.81,1801.17,3560.58,2.55,149.98,117.57,598.06,3.04,951.84,60.69,486.91
2026-01-07T22:10:00Z,46.83,2402.36,159.71,623.38,32.18,2508.15,155.55,12.29,69.64,1966.09,171.24,1063.54,48.62,1977.56,170.38,680.35,246.69,48.63,94.62,218.23,1800.20,3548.50,2.49,151.26,116.68,601.94,3.30,950.54,60.77,497.18
2026-01-07T22:20:00Z,47.09,2395.72,159.65,618.38,32.37,2511.08,156.10,0.00,69.69,1969.22,171.15,1045.28,48.55,1981.98,171.27,682.91,245.18,49.29,94.30,218.14,1798.30,3548.11,2.96,148.50,116.10,596.81,2.95,951.53,60.44,490.05
2026-01-07T22:30:00Z,46.69,2405.79,158.82,599.38,32.43,2509.26,156.77,19.20,69.97,1956.70,171.25,1046.37,49.09,1989.09,170.82,683.44,241.09,48.44,95.77,217.45,1792.41,3557.69,2.39,149.39,114.96,595.27,2.92,947.59,59.99,490.27
2026-01-07T22:40:00Z,46.87,2404.47,158.80,601.52,32.52,2505.24,156.12,0.00,70.32,1947.75,171.56,1061.92,48.87,1986.15,170.49,693.44,244.73,47.39,95.74,223.83,1793.88,3554.09,2.55,150.34,118.59,596.96,2.92,957.02,59.54,502.20
2026-01-07T22:50:00Z,46.86,2392.63,159.07,617.10,32.76,2495.89,156.52,8.42,70.43,1944.17,172.32,1064.27,48.78,1985.69,170.11,678.44,247.58,47.23,95.26,221.54,1799.83,3554.68,2.53,150.00,116.65,591.09,3.04,955.78,59.79,495.99
2026-01-07T23:00:00Z,46.84,2396.42,158.56,603.24,33.03,2494.11,156.17,33.09,70.40,1944.56,171.47,1082.00,48.70,1981.88,170.13,693.30,242.73,47.73,94.46,218.34,1789.21,3563.18,2.44,148.87,117.59,593.89,3.01,942.32,59.96,493.81
2026-01-07T23:10:00Z,47.19,2406.74,159.00,600.17,33.03,2501.40,155.93,20.88,70.18,1936.11,172.01,1088.33,48.77,1981.37,170.30,688.81,246.69,47.80,93.20,225.47,1799.04,3539.00,2.62,148.06,117.74,593.86,2.47,951.30,60.24,483.11
2026-01-07T23:20:00Z,47.36,2392.68,158.81,614.61,32.69,2504.16,156.83,22.72,69.79,1947.84,172.39,1077.93,48.90,1986.93,170.94,690.25,253.74,46.57,93.66,225.33,1798.47,3543.23,2.63,149.78,120.61,604.53,2.76,948.42,60.01,503.75
2026-01-07T23:30:00Z,47.33,2398.21,159.28,602.55,32.60,2500.57,156.15,0.00,69.66,1963.18,171.84,1072.88,48.86,1978.75,170.80,687.42,254.06,48.42,94.42,232.95,1804.32,3539.76,2.73,150.88,121.65,598.09,3.24,955.45,59.38,499.08
2026-01-07T23:40:00Z,47.39,2391.88,159.01,617.23,33.05,2499.75,156.32,20.42,69.62,1965.87,172.51,1073.77,48.37,1977.94,171.27,681.43,249.64,49.45,95.45,226.18,1799.34,3552.12,2.71,151.39,120.22,607.58,3.27,945.10,60.12,504.59
2026-01-07T23:50:00Z,47.06,2399.24,159.21,619.22,33.18,2498.35,156.15,20.57,69.50,1971.49,172.57,1054.10,48.24,1977.07,170.59,680.60,247.22,47.51,96.09,225.04,1799.78,3547.35,2.42,147.71,119.16,597.66,2.90,948.87,59.62,495.51
