timestamp,VAR_001,VAR_002,VAR_003,VAR_004,VAR_005,VAR_006,VAR_007,VAR_008,VAR_009,VAR_010,VAR_011,VAR_012,VAR_013,VAR_014,VAR_015,VAR_016,VAR_017,VAR_018,VAR_019,VAR_020,VAR_021,VAR_022,VAR_023,VAR_024,VAR_025,VAR_026,VAR_027,VAR_028,VAR_029,VAR_030
2026-03-05T00:00:00Z,50.47,2329.13,160.78,724.22,45.86,2160.64,166.36,483.62,58.19,2234.69,163.59,664.21,35.81,2307.87,161.28,226.18,227.90,40.93,94.72,203.06,1779.11,3546.53,2.65,150.46,111.10,589.22,2.77,934.25,59.77,480.14
2026-03-05T00:10:00Z,50.27,2316.44,161.96,716.77,46.08,2162.60,165.84,482.93,58.20,2242.08,163.62,648.84,36.57,2290.76,162.21,247.34,230.66,40.64,93.86,208.80,1793.42,3538.18,2.32,149.70,111.19,590.36,3.23,949.66,59.96,498.85
2026-03-05T00:20:00Z,50.15,2315.34,161.90,720.68,46.02,2169.17,166.22,493.25,58.02,2233.76,162.56,651.28,36.63,2283.07,162.39,252.36,235.12,40.18,93.83,210.62,1785.89,3548.78,2.12,150.22,113.23,591.88,3.05,932.10,57.65,487.81
2026-03-05T00:30:00Z,50.13,2322.16,162.10,714.24,46.59,2170.03,166.18,494.12,57.73,2247.58,163.90,650.10,36.64,2284.49,162.38,251.14,231.80,43.14,94.46,208.50,1782.83,3543.64,2.62,148.34,107.85,587.04,2.83,942.84,57.95,478.31
2026-03-05T00:40:00Z,50.21,2313.76,161.96,725.70,46.79,2166.16,165.99,504.72,57.47,2253.45,163.71,656.28,36.72,2288.71,162.20,246.82,231.95,44.40,94.60,208.27,1782.40,3552.32,2.70,148.29,111.48,591.11,3.22,943.47,59.35,485.38
2026-03-05T00:50:00Z,50.00,2305.71,160.68,725.02,46.64,2161.91,166.68,522.92,57.40,2257.28,163.82,632.11,37.15,2281.55,162.72,268.83,226.07,43.75,94.75,204.80,1782.09,3550.79,2.66,150.00,107.02,580.24,3.16,931.53,59.53,475.78
2026-03-05T01:00:00Z,49.22,2325.12,160.79,710.19,46.95,2154.99,166.85,527.86,57.03,2273.52,162.61,633.00,37.71,2266.87,163.19,281.30,233.92,43.93,94.89,209.58,1795.55,3548.57,2.45,150.28,110.25,589.61,2.78,943.45,59.07,487.62
2026-03-05T01:10:00Z,48.71,2352.40,161.58,705.60,47.03,2167.84,166.82,533.79,57.41,2267.61,162.81,630.52,37.73,2263.24,163.41,286.06,235.02,42.61,94.98,211.75,1794.60,3542.39,2.30,151.33,109.27,592.33,3.19,939.69,60.31,490.91
2026-03-05T01:20:00Z,48.77,2355.57,161.81,695.81,47.01,2163.17,166.43,515.22,57.67,2257.67,162.69,629.09,37.78,2254.95,163.63,289.71,229.75,42.76,94.85,209.43,1793.34,3551.32,2.46,151.63,108.52,583.56,3.05,941.20,60.51,492.11
2026-03-05T01:30:00Z,48.55,2370.17,161.87,678.95,47.01,2156.41,166.22,519.59,57.78,2260.45,163.33,639.45,37.70,2266.58,163.14,295.60,236.50,43.49,95.19,214.06,1798.15,3540.28,2.50,148.18,114.30,593.98,2.98,954.23,60.84,502.86
2026-03-05T01:40:00Z,48.70,2359.22,161.27,674.17,46.84,2155.56,166.87,526.02,58.07,2255.95,163.31,638.91,37.59,2266.29,162.68,293.57,233.47,42.93,94.33,207.48,1787.20,3544.80,2.47,149.63,113.51,595.08,2.70,942.89,58.97,483.99
2026-03-05T01:50:00Z,48.73,2363.57,161.30,684.05,46.90,2152.05,166.70,536.80,58.24,2251.90,163.29,637.03,37.44,2271.61,162.95,269.87,237.36,43.27,94.48,211.73,1787.63,3545.90,2.82,149.42,116.78,595.63,3.39,947.17,59.77,496.08
2026-03-05T02:00:00Z,48.54,2369.93,160.89,679.69,46.90,2150.80,166.91,541.55,58.07,2245.98,163.11,639.02,37.14,2283.52,162.37,260.99,235.46,42.81,93.79,213.26,1788.49,3565.67,2.44,150.89,109.46,586.55,3.22,944.68,59.63,489.45
2026-03-05T02:10:00Z,48.88,2345.47,160.92,700.63,46.78,2152.15,167.41,550.75,58.22,2241.83,162.79,648.88,37.56,2265.86,162.88,275.65,231.64,41.82,94.77,204.99,1775.86,3552.14,2.71,150.74,115.21,595.40,3.28,927.15,60.34,484.17
2026-03-05T02:20:00Z,48.69,2366.75,160.18,692.20,46.48,2153.97,167.66,548.52,57.99,2232.03,164.88,662.60,37.56,2264.66,163.44,284.19,237.74,43.35,94.36,216.61,1793.87,3543.05,2.45,149.78,113.52,590.68,3.13,947.36,60.23,498.67
2026-03-05T02:30:00Z,48.64,2352.77,160.25,689.13,45.93,2172.88,167.08,536.33,57.76,2246.90,164.76,659.74,37.17,2261.86,163.00,279.58,233.83,42.92,93.80,210.46,1791.68,3557.99,2.45,149.58,113.53,593.74,2.98,946.00,60.19,503.97
2026-03-05T02:40:00Z,48.41,2360.82,159.64,677.45,45.52,2179.09,166.72,509.27,57.50,2251.46,163.30,642.02,37.18,2262.39,162.82,293.81,230.55,43.56,93.33,206.58,1785.38,3553.50,2.33,151.33,110.46,587.70,2.95,937.50,60.32,487.79
2026-03-05T02:50:00Z,48.47,2364.80,160.66,682.31,45.73,2189.72,166.48,511.44,57.32,2260.02,163.39,628.62,37.31,2265.36,163.44,298.86,231.80,46.06,93.34,208.79,1784.55,3542.75,2.37,148.80,112.76,595.15,3.10,945.00,59.93,494.57
2026-03-05T03:00:00Z,48.18,2374.96,160.97,666.73,45.66,2181.88,166.80,535.09,57.20,2266.14,162.75,628.18,37.87,2258.68,163.74,291.53,237.06,45.41,93.44,216.16,1790.77,3559.96,2.81,150.49,112.80,598.81,2.53,942.61,59.84,501.97
2026-03-05T03:10:00Z,48.24,2378.18,160.51,651.95,45.57,2188.32,166.72,542.28,57.00,2281.71,162.74,604.77,37.69,2261.84,163.02,309.36,238.18,43.43,93.58,213.45,1790.40,3550.97,2.41,149.32,114.67,597.75,2.60,938.90,59.29,487.49
2026-03-05T03:20:00Z,48.40,2364.86,159.99,654.56,45.83,2173.73,166.88,526.60,57.04,2280.89,162.46,603.54,38.32,2246.94,162.94,304.04,232.36,44.35,93.73,208.63,1793.69,3528.65,2.54,149.98,110.51,584.91,3.00,944.65,58.54,494.32
2026-03-05T03:30:00Z,48.59,2355.59,160.42,662.04,46.17,2177.69,167.30,532.41,57.30,2270.47,163.35,615.16,38.53,2233.97,164.15,316.52,235.34,43.28,93.87,214.50,1783.17,3556.99,2.35,150.38,113.94,589.51,3.17,944.76,59.57,490.60
2026-03-05T03:40:00Z,48.36,2360.75,160.05,657.70,46.21,2176.90,166.50,528.38,56.88,2254.94,163.46,632.11,38.73,2232.25,164.09,320.70,228.14,42.76,94.14,205.88,1789.79,3546.43,2.60,147.53,110.56,585.49,3.11,948.26,59.37,479.49
2026-03-05T03:50:00Z,48.11,2363.19,160.57,670.24,46.28,2174.36,167.16,546.21,57.02,2255.16,163.35,632.58,39.00,2230.19,163.59,326.53,234.37,43.83,94.06,210.47,1782.36,3539.93,2.41,148.74,111.77,584.16,3.00,937.79,58.06,494.99
2026-03-05T04:00:00Z,47.89,2371.10,160.70,673.51,46.17,2180.72,167.22,544.80,57.25,2265.55,163.29,641.69,38.77,2233.31,163.63,332.62,237.22,46.53,94.18,213.23,1786.22,3553.12,2.52,149.78,110.65,580.99,3.17,946.35,58.84,485.25
2026-03-05T04:10:00Z,47.96,2375.74,160.64,672.12,46.73,2167.66,167.05,558.66,56.72,2275.94,163.74,628.60,38.87,2218.66,163.78,326.99,236.41,44.36,94.55,216.62,1791.43,3541.73,2.42,150.09,113.05,593.42,2.65,939.89,60.08,510.57
2026-03-05T04:20:00Z,47.82,2366.38,159.82,679.96,46.78,2156.38,166.92,585.79,57.03,2264.76,162.96,632.67,39.19,2226.71,163.89,336.57,234.86,43.70,94.51,212.17,1780.49,3555.78,2.65,147.83,114.18,585.13,2.94,933.66,59.79,470.74
2026-03-05T04:30:00Z,47.53,2382.39,160.38,656.83,46.46,2165.20,167.37,580.32,56.62,2267.14,163.48,616.63,39.13,2229.28,163.86,352.86,242.70,44.37,94.84,216.79,1802.08,3533.98,2.55,150.96,115.61,594.39,2.68,956.50,60.38,503.24
2026-03-05T04:40:00Z,46.81,2400.23,159.71,637.50,46.71,2162.12,167.61,565.79,56.74,2273.07,163.10,614.53,39.42,2224.95,164.17,343.28,239.98,44.04,93.70,215.18,1800.47,3552.05,2.73,150.23,118.01,601.97,2.98,944.96,60.83,492.53
2026-03-05T04:50:00Z,46.64,2407.90,160.23,611.58,46.90,2169.94,167.60,572.62,56.99,2278.08,163.76,629.24,39.67,2215.46,164.48,341.19,238.79,42.96,94.09,215.25,1787.44,3559.83,2.44,149.92,115.68,595.71,3.18,944.06,60.00,490.08
2026-03-05T05:00:00Z,46.55,2412.92,160.90,625.16,46.98,2152.17,167.93,591.15,56.77,2273.85,163.01,617.97,39.77,2203.75,165.02,360.96,245.54,44.30,93.48,219.11,1795.04,3559.31,2.81,151.07,120.15,600.29,2.82,951.96,59.33,512.53
2026-03-05T05:10:00Z,46.42,2401.88,159.46,612.29,47.17,2149.38,168.38,595.73,57.04,2274.12,163.26,605.97,39.93,2204.49,164.81,370.45,240.53,43.37,93.55,219.56,1792.65,3547.12,2.42,152.08,115.31,597.13,3.37,951.95,60.09,508.36
2026-03-05T05:20:00Z,46.35,2410.46,160.28,607.44,46.91,2148.57,167.84,590.29,57.41,2274.88,163.16,603.58,40.03,2199.42,166.02,387.23,235.86,44.50,94.23,210.49,1789.30,3538.41,2.50,149.27,112.47,592.74,2.91,941.26,59.61,493.00
2026-03-05T05:30:00Z,46.42,2411.75,159.24,610.36,46.61,2149.95,167.54,595.28,57.35,2260.00,163.55,618.27,40.34,2182.63,165.61,390.70,244.43,44.74,93.79,217.25,1786.32,3566.46,2.50,149.46,117.89,599.30,3.07,940.89,59.01,500.39
2026-03-05T05:40:00Z,46.11,2424.88,158.87,594.25,46.53,2159.05,167.32,578.43,57.16,2265.11,163.67,621.48,40.43,2181.87,165.32,395.76,243.06,46.43,93.80,216.58,1789.21,3545.56,2.33,150.27,116.50,592.42,2.83,944.79,58.51,499.44
2026-03-05T05:50:00Z,46.35,2418.05,159.10,592.12,46.64,2169.96,167.58,593.35,57.73,2252.59,163.43,643.31,40.88,2184.82,164.66,396.46,237.97,46.04,94.17,212.63,1796.92,3541.33,2.59,149.60,114.73,591.08,3.13,944.29,57.98,496.38
2026-03-05T06:00:00Z,46.12,2417.20,158.44,582.88,46.78,2150.92,167.65,599.89,57.87,2244.39,163.11,656.93,40.77,2177.01,164.93,385.86,239.59,45.48,94.23,216.65,1801.28,3557.48,2.71,150.63,115.55,598.75,3.15,955.40,59.62,494.79
2026-03-05T06:10:00Z,46.53,2417.45,158.91,573.96,46.39,2167.29,167.25,586.22,58.10,2241.71,162.89,660.21,40.36,2196.93,165.44,394.58,236.62,45.02,95.00,217.14,1791.63,3551.58,2.39,148.48,113.11,595.52,3.39,943.01,60.17,493.30
2026-03-05T06:20:00Z,47.00,2415.61,159.34,593.50,46.26,2175.08,168.26,595.68,58.20,2240.05,163.43,652.83,40.65,2197.76,165.24,402.91,239.76,44.38,95.34,218.72,1798.12,3548.18,2.80,147.32,115.83,588.95,3.28,947.93,60.79,500.38
2026-03-05T06:30:00Z,46.81,2408.74,158.81,610.37,46.10,2174.84,167.81,603.80,58.86,2238.37,163.47,670.05,40.33,2189.65,165.28,406.71,237.86,46.03,93.99,214.16,1787.70,3561.70,2.49,149.89,115.20,596.22,2.92,941.44,60.22,497.80
2026-03-05T06:40:00Z,46.40,2413.16,159.58,609.85,45.84,2183.72,168.33,592.61,58.96,2225.63,163.79,673.34,40.45,2181.45,165.51,410.18,239.30,47.08,93.99,216.26,1785.91,3541.11,2.78,151.45,114.75,599.05,3.04,943.18,60.23,502.30
2026-03-05T06:50:00Z,46.70,2408.35,159.36,608.68,46.04,2182.47,167.41,589.07,58.99,2224.99,163.67,683.89,40.65,2194.24,165.84,402.70,238.03,45.80,94.24,212.74,1786.41,3556.45,2.34,149.57,114.72,589.23,3.11,940.76,59.93,488.40
2026-03-05T07:00:00Z,46.41,2413.78,159.52,601.64,45.83,2185.03,167.25,586.16,58.96,2218.48,164.09,689.83,40.79,2182.02,166.43,402.01,244.88,46.31,95.29,220.38,1796.50,3545.48,2.53,148.32,115.94,593.90,2.73,953.95,60.34,494.01
2026-03-05T07:10:00Z,46.47,2418.53,159.20,587.84,45.82,2192.69,167.37,597.39,58.75,2221.60,164.34,675.61,40.72,2173.60,166.34,405.75,240.57,47.43,95.52,217.68,1789.59,3541.19,2.29,149.24,110.79,597.47,2.91,937.27,59.28,487.99
2026-03-05T07:20:00Z,46.57,2414.22,158.41,591.21,46.00,2182.08,167.44,586.80,58.50,2244.01,163.45,681.58,40.67,2172.10,165.42,414.78,240.68,49.77,95.26,219.07,1790.60,3548.27,2.51,150.71,115.79,597.85,2.99,947.62,59.76,503.32
2026-03-05T07:30:00Z,46.59,2412.05,158.22,586.93,45.62,2186.32,167.24,573.10,58.60,2239.42,163.62,680.74,40.56,2180.54,164.99,415.60,242.32,48.28,94.76,216.84,1793.85,3553.28,2.47,149.49,112.93,590.32,2.89,945.57,59.18,494.67
2026-03-05T07:40:00Z,46.43,2420.90,157.91,589.30,45.30,2196.91,167.14,568.04,58.27,2240.68,163.67,671.48,40.59,2185.45,165.50,420.94,239.63,47.51,94.58,217.37,1791.00,3556.67,2.50,149.80,114.79,588.34,2.93,941.29,59.68,478.34
2026-03-05T07:50:00Z,46.49,2406.40,157.89,603.58,45.48,2183.49,167.00,558.33,58.28,2254.44,163.64,643.20,40.19,2197.77,166.10,416.85,241.08,44.61,95.04,218.57,1792.67,3553.26,2.66,152.23,115.10,594.49,3.06,940.18,58.46,489.51
2026-03-05T08:00:00Z,46.77,2397.07,157.39,613.71,46.48,2165.41,167.94,606.37,58.25,2241.72,163.31,664.60,40.31,2192.24,165.90,409.48,237.21,44.62,94.28,214.10,1786.54,3556.51,2.44,151.93,115.11,599.93,2.99,937.77,58.03,499.01
2026-03-05T08:10:00Z,46.83,2390.60,157.25,614.38,46.27,2164.07,168.54,614.05,58.33,2238.32,163.35,660.00,40.87,2173.48,166.02,401.62,239.66,44.81,94.29,215.82,1790.22,3537.72,2.79,148.96,113.88,594.43,2.95,948.38,58.07,493.83
2026-03-05T08:20:00Z,46.60,2403.53,158.44,604.78,45.86,2165.46,169.29,617.38,58.25,2242.59,163.12,657.03,41.26,2166.30,165.99,427.04,242.69,45.76,95.11,219.32,1790.53,3545.04,2.46,150.99,115.61,596.44,2.91,947.63,57.65,506.16
2026-03-05T08:30:00Z,46.91,2401.34,158.14,607.45,45.80,2164.54,169.52,617.13,58.23,2254.04,164.31,646.51,41.26,2164.49,166.05,437.41,240.90,46.31,94.55,218.02,1789.66,3542.47,2.53,151.44,114.13,591.97,2.87,943.69,58.93,482.92
2026-03-05T08:40:00Z,47.33,2391.63,158.60,624.01,45.57,2176.53,169.04,610.19,58.12,2251.41,164.39,644.68,41.22,2179.42,166.47,421.34,237.83,47.57,95.55,212.34,1779.14,3556.42,2.33,148.87,114.75,594.33,3.15,942.49,59.20,501.42
2026-03-05T08:50:00Z,47.41,2388.58,159.27,623.46,45.46,2179.77,168.84,602.70,58.17,2257.09,164.43,633.10,41.11,2170.84,166.22,411.65,235.82,46.73,96.21,210.78,1785.36,3544.32,2.52,148.98,113.36,594.41,3.17,945.56,58.21,501.53
2026-03-05T09:00:00Z,47.59,2385.42,159.50,630.76,45.13,2202.63,167.85,596.67,58.17,2255.02,164.30,646.18,41.38,2164.36,166.14,413.12,237.80,48.09,94.81,212.47,1787.78,3539.11,2.19,150.71,112.71,586.04,3.05,936.08,58.93,497.78
2026-03-05T09:10:00Z,47.47,2386.79,159.10,628.02,45.03,2200.95,167.43,580.20,57.92,2251.39,163.23,635.49,40.90,2162.77,165.33,418.30,238.60,45.77,93.75,213.18,1798.28,3553.54,2.72,154.21,116.21,595.00,2.84,942.66,58.98,497.80
2026-03-05T09:20:00Z,47.17,2401.80,159.58,628.54,44.60,2204.85,167.37,572.76,58.01,2253.00,162.57,634.38,40.62,2184.97,165.75,386.97,241.59,46.45,93.08,214.08,1780.46,3540.83,2.69,149.43,114.10,591.14,3.15,943.56,59.04,490.99
2026-03-05T09:30:00Z,47.42,2390.94,159.87,640.63,44.77,2201.03,167.92,582.77,57.96,2256.03,163.27,650.94,40.52,2181.74,165.60,391.48,236.11,46.56,92.79,214.45,1785.03,3551.13,2.46,149.98,111.41,591.72,2.88,936.36,58.57,496.63
2026-03-05T09:40:00Z,47.21,2380.81,160.41,647.56,44.50,2214.91,167.56,573.92,57.97,2249.94,162.85,635.01,40.37,2184.07,164.70,375.06,238.01,46.45,93.38,216.20,1797.19,3551.76,2.49,149.93,116.33,601.96,3.03,948.96,59.30,495.57
2026-03-05T09:50:00Z,47.51,2384.85,159.98,635.87,44.23,2209.61,167.19,563.31,57.86,2256.71,163.38,634.28,40.62,2187.68,165.01,374.03,238.59,45.01,93.22,216.87,1792.67,3539.43,2.44,147.59,114.86,590.58,2.76,944.58,59.56,487.38
2026-03-05T10:00:00Z,47.17,2395.76,159.77,624.31,44.55,2202.10,167.33,574.64,57.76,2254.95,162.80,628.82,40.44,2186.45,165.26,394.12,238.12,45.89,93.72,214.89,1790.15,3565.25,2.62,149.77,113.11,592.27,2.80,947.13,59.15,496.90
2026-03-05T10:10:00Z,47.16,2384.42,159.43,622.82,44.71,2204.18,167.90,577.55,57.38,2255.04,162.55,623.57,40.37,2188.54,165.29,388.39,238.04,45.27,93.97,213.51,1791.08,3540.11,2.64,150.22,115.73,595.45,3.58,956.69,60.49,492.97
2026-03-05T10:20:00Z,46.88,2388.51,159.04,612.10,44.40,2206.73,167.85,572.03,57.46,2261.13,162.87,621.84,40.16,2182.66,165.46,413.62,235.23,46.82,93.39,212.96,1794.03,3547.14,2.58,148.67,113.38,589.74,3.23,950.53,59.36,493.18
2026-03-05T10:30:00Z,46.99,2391.29,159.30,614.61,44.63,2208.70,167.77,601.65,57.72,2255.84,162.96,628.28,40.10,2195.34,165.11,398.25,236.54,48.43,94.58,210.24,1785.39,3554.10,2.62,149.05,112.27,596.90,3.05,948.96,58.90,488.36
2026-03-05T10:40:00Z,47.43,2384.05,159.92,620.83,44.49,2217.68,167.87,581.45,57.25,2267.23,163.40,646.41,39.95,2194.94,166.19,392.31,237.16,48.39,93.93,216.93,1788.43,3554.24,2.55,151.96,111.18,588.25,3.09,937.82,60.73,489.83
2026-03-05T10:50:00Z,47.52,2380.61,159.63,632.40,44.46,2206.97,167.59,585.56,56.76,2276.31,162.85,629.68,39.99,2207.14,165.96,383.15,243.13,48.31,94.31,220.87,1803.85,3538.59,2.42,150.56,117.05,595.68,2.79,950.79,60.97,504.78
2026-03-05T11:00:00Z,47.47,2388.99,159.56,635.06,44.86,2202.71,167.41,598.19,56.91,2273.56,162.57,617.24,39.65,2208.65,165.62,394.53,239.97,47.70,94.01,217.14,1795.16,3542.03,2.58,148.94,114.08,593.39,2.78,950.55,60.97,485.12
2026-03-05T11:10:00Z,47.48,2390.04,159.29,639.26,44.65,2200.71,167.56,616.00,56.83,2271.51,162.92,614.46,39.45,2206.16,165.72,386.68,238.17,48.31,94.16,214.45,1788.05,3546.29,2.62,148.49,115.41,592.55,3.27,943.97,58.50,496.23
2026-03-05T11:20:00Z,47.49,2393.50,159.45,634.71,44.57,2214.64,167.27,599.95,56.80,2279.31,163.35,609.82,39.86,2197.81,164.99,363.64,237.92,44.74,94.47,218.31,1795.48,3550.90,2.35,150.61,114.56,590.04,3.32,948.14,59.44,498.49
2026-03-05T11:30:00Z,47.90,2386.73,159.06,635.63,44.65,2213.80,166.70,602.48,56.98,2280.91,163.39,613.12,40.34,2196.65,165.49,373.93,241.88,43.20,94.88,217.60,1796.24,3551.17,2.70,149.86,117.38,604.77,3.02,947.97,59.89,505.88
2026-03-05T11:40:00Z,47.86,2379.79,159.08,646.30,45.27,2203.20,167.52,611.65,57.28,2271.84,163.13,607.13,40.54,2198.01,166.02,391.51,241.46,45.38,94.78,218.05,1800.64,3544.73,2.50,149.38,114.11,594.97,2.71,955.64,58.85,504.54
2026-03-05T11:50:00Z,47.95,2368.89,159.81,641.24,45.05,2192.90,167.16,610.20,57.72,2262.35,163.29,631.49,40.67,2187.30,166.21,407.74,239.66,46.21,94.81,217.67,1788.69,3559.83,2.50,149.72,112.84,599.01,2.85,944.15,58.77,499.08
2026-03-05T12:00:00Z,47.97,2373.57,160.37,648.92,45.33,2191.20,168.23,629.43,57.75,2258.99,163.07,625.90,40.41,2194.20,166.07,393.41,245.53,46.15,95.05,218.79,1797.94,3547.75,2.54,148.93,119.58,593.58,3.17,945.10,60.52,496.31
2026-03-05T12:10:00Z,48.04,2382.63,159.57,648.85,45.23,2179.64,168.91,642.87,58.21,2243.71,163.24,647.52,40.60,2189.44,164.98,384.81,250.29,47.70,93.84,219.69,1795.11,3551.27,2.44,148.17,122.63,599.59,3.13,948.17,61.52,496.46
2026-03-05T12:20:00Z,48.44,2372.76,159.72,651.90,45.01,2185.55,168.42,635.50,57.89,2254.00,163.15,653.87,40.62,2187.61,165.37,392.27,249.80,48.97,94.23,226.22,1807.41,3548.31,2.67,148.70,120.40,594.58,3.01,952.15,61.90,493.14
2026-03-05T12:30:00Z,48.23,2364.40,160.27,657.92,45.24,2197.62,168.53,640.15,57.53,2262.20,164.14,639.66,40.42,2192.19,165.84,402.73,244.37,46.60,95.24,221.84,1795.73,3556.41,2.36,149.44,115.97,588.30,3.33,945.87,61.57,488.44
2026-03-05T12:40:00Z,48.28,2371.37,160.93,642.64,45.45,2188.67,168.94,641.78,57.82,2264.28,163.36,657.16,40.64,2185.26,165.15,400.01,252.96,46.15,94.14,230.82,1798.41,3554.65,2.52,150.30,120.68,614.86,3.08,949.16,60.41,512.22
2026-03-05T12:50:00Z,48.16,2375.40,160.78,654.70,45.54,2183.11,168.68,650.19,58.03,2249.57,163.51,646.16,40.49,2185.27,165.31,402.35,250.80,47.35,94.69,226.23,1804.99,3531.64,2.60,149.82,120.12,602.57,3.20,953.48,60.24,496.01
2026-03-05T13:00:00Z,48.43,2365.96,159.98,648.83,45.57,2181.46,169.30,652.36,58.05,2246.75,164.42,666.37,40.41,2189.00,165.62,418.85,247.27,50.16,94.78,221.76,1809.41,3548.33,2.49,147.50,118.88,592.86,2.58,958.10,60.20,492.75
2026-03-05T13:10:00Z,48.44,2360.57,160.15,650.21,45.81,2178.29,168.66,673.26,57.86,2252.97,163.55,656.57,40.25,2182.87,165.72,394.84,239.54,49.15,93.95,213.51,1795.63,3540.64,2.49,150.47,112.86,592.33,3.17,946.94,60.60,489.81
2026-03-05T13:20:00Z,48.24,2362.13,160.15,675.26,45.99,2165.82,169.24,688.52,57.65,2250.78,163.67,655.34,40.20,2192.50,165.65,398.19,246.11,49.94,94.94,221.38,1797.41,3548.71,2.48,150.54,117.59,593.93,3.08,951.68,60.35,500.45
2026-03-05T13:30:00Z,48.58,2363.77,159.97,658.87,46.04,2172.83,168.65,679.67,57.71,2261.83,164.62,646.10,40.13,2196.36,165.61,385.89,244.50,48.93,95.14,216.88,1794.13,3544.95,2.87,149.07,116.24,592.91,2.83,950.14,60.51,495.00
2026-03-05T13:40:00Z,48.67,2362.53,160.41,674.78,45.85,2176.98,168.96,683.56,57.88,2260.76,164.05,642.19,40.11,2194.39,165.43,379.64,247.01,47.20,95.29,221.76,1807.89,3551.76,2.54,151.90,116.49,591.07,2.67,951.81,60.11,485.94
2026-03-05T13:50:00Z,48.61,2369.64,160.28,682.19,46.03,2177.10,169.83,683.48,57.62,2269.45,163.21,620.24,40.21,2195.52,165.34,404.19,240.67,47.36,95.15,217.68,1797.80,3559.75,2.45,150.83,116.55,594.69,3.23,949.25,60.57,497.10
2026-03-05T14:00:00Z,48.66,2358.04,160.09,668.64,45.81,2184.53,170.22,681.17,57.90,2257.92,163.42,630.05,40.47,2191.09,165.10,390.69,241.54,47.42,95.40,222.92,1801.80,3547.57,2.49,149.54,117.04,592.71,3.02,949.17,60.00,484.87
2026-03-05T14:10:00Z,48.35,2368.16,159.81,670.58,46.00,2191.33,169.70,678.76,57.66,2268.50,163.26,632.53,40.67,2189.82,165.25,396.91,242.79,48.14,95.99,217.10,1790.62,3543.13,2.59,146.65,116.27,597.86,2.76,944.81,61.51,502.33
2026-03-05T14:20:00Z,48.54,2368.82,159.79,669.53,46.04,2184.54,169.26,669.88,57.51,2258.92,163.49,629.01,40.82,2188.34,164.62,394.84,245.60,47.47,94.96,223.12,1805.14,3548.42,2.74,151.06,116.89,602.41,3.38,954.26,60.26,505.75
2026-03-05T14:30:00Z,48.27,2367.66,160.74,673.89,46.21,2176.05,169.14,685.22,57.32,2273.12,162.94,620.87,40.73,2187.19,165.16,381.99,244.21,49.56,94.18,220.09,1791.72,3550.03,2.61,149.86,117.92,600.65,3.31,945.15,59.54,496.72
2026-03-05T14:40:00Z,48.03,2378.63,160.32,665.54,46.30,2183.84,169.45,703.18,56.96,2267.00,162.34,609.82,41.13,2172.60,165.56,394.71,243.15,49.47,94.60,221.02,1794.59,3566.76,2.79,149.98,117.63,600.71,2.84,948.49,60.80,497.43
2026-03-05T14:50:00Z,48.31,2384.66,160.20,640.94,46.13,2177.20,169.47,707.11,56.79,2274.98,162.15,603.05,41.30,2161.22,165.84,425.17,245.83,49.57,94.70,218.51,1797.43,3542.45,2.25,150.29,116.42,594.88,2.96,945.18,61.49,485.46
2026-03-05T15:00:00Z,48.21,2376.34,159.79,639.72,46.46,2173.88,170.06,719.59,56.51,2287.07,162.49,598.15,41.16,2168.23,165.73,413.86,244.68,50.30,94.79,218.54,1793.10,3544.77,2.66,147.32,118.06,594.93,3.25,948.38,61.20,497.82
2026-03-05T15:10:00Z,48.03,2364.39,160.73,662.38,46.39,2178.74,170.15,715.16,56.67,2287.08,162.70,606.18,41.27,2159.05,166.40,435.81,244.37,51.77,94.91,220.77,1796.11,3552.43,2.73,150.57,115.60,594.98,2.65,950.50,60.74,489.40
2026-03-05T15:20:00Z,48.22,2359.60,160.26,663.06,46.17,2169.19,170.12,736.33,56.73,2284.07,162.49,600.32,41.54,2158.33,166.26,432.47,250.45,50.41,95.18,226.53,1791.56,3555.24,2.62,151.61,122.23,596.79,3.11,944.52,62.28,495.01
2026-03-05T15:30:00Z,48.33,2366.40,159.92,658.42,45.89,2181.32,170.14,723.72,57.27,2266.73,163.02,623.66,41.59,2159.04,165.40,418.33,244.68,51.09,94.73,220.83,1800.20,3546.45,2.36,149.87,118.10,596.75,2.88,948.80,60.54,494.32
2026-03-05T15:40:00Z,48.04,2366.95,160.34,663.43,46.08,2177.67,170.27,720.41,57.24,2269.15,162.55,619.69,41.63,2161.95,166.07,435.27,250.79,49.68,94.80,220.70,1795.20,3535.82,2.70,149.63,118.21,598.16,3.22,940.74,59.52,491.04
2026-03-05T15:50:00Z,48.43,2354.73,161.24,669.81,46.30,2171.87,170.18,717.23,57.27,2265.69,161.86,625.83,41.50,2165.42,166.16,419.99,249.24,50.16,95.00,225.21,1799.34,3537.66,2.38,150.22,117.95,592.25,3.06,950.86,59.13,481.94
2026-03-05T16:00:00Z,48.15,2374.40,160.36,667.29,46.22,2157.39,170.80,715.40,57.29,2266.48,163.04,636.09,41.37,2171.83,166.11,422.31,246.70,51.26,95.19,219.77,1795.33,3542.52,2.40,149.38,118.46,599.81,2.77,950.97,59.53,502.59
2026-03-05T16:10:00Z,48.06,2379.22,160.49,658.08,45.41,2174.02,170.17,723.70,57.47,2261.94,162.83,637.97,41.66,2166.06,166.06,428.25,249.40,50.33,94.84,224.98,1805.56,3537.96,2.56,148.94,119.12,601.52,3.07,949.35,61.98,504.58
2026-03-05T16:20:00Z,48.15,2370.16,160.30,661.78,45.33,2179.39,170.46,717.93,57.37,2258.15,162.48,624.04,41.70,2160.03,165.71,434.61,250.80,50.09,94.88,227.37,1806.36,3559.85,2.38,149.55,119.14,589.59,2.79,951.83,60.18,493.40
2026-03-05T16:30:00Z,48.33,2364.92,159.86,670.43,45.49,2187.92,171.06,716.72,57.53,2265.95,162.33,619.96,42.01,2150.69,166.79,435.10,249.83,50.33,94.41,225.27,1797.93,3550.86,2.45,148.40,117.73,601.44,2.92,947.45,58.75,499.03
2026-03-05T16:40:00Z,48.22,2367.77,160.15,657.72,45.50,2183.87,170.19,707.35,57.63,2260.78,161.71,605.25,41.87,2153.86,166.79,446.18,247.82,48.30,94.17,220.21,1790.36,3549.79,2.52,148.88,115.39,598.19,2.97,948.36,60.82,503.99
2026-03-05T16:50:00Z,47.97,2376.42,159.89,641.44,45.50,2185.01,169.66,704.66,57.25,2260.35,162.43,619.29,41.56,2161.43,166.20,431.48,252.17,47.67,93.89,225.99,1799.08,3542.03,2.47,148.23,118.65,596.03,3.09,946.34,60.99,493.59
2026-03-05T17:00:00Z,47.87,2374.23,159.96,647.47,45.31,2196.08,170.22,700.42,57.42,2264.45,162.91,615.29,41.82,2153.93,166.30,453.04,247.02,50.54,94.28,223.84,1816.22,3548.94,2.50,150.13,117.32,599.49,3.31,963.87,60.35,494.84
2026-03-05T17:10:00Z,47.78,2379.15,159.96,646.66,45.06,2197.96,169.94,699.21,57.45,2264.82,162.79,618.43,41.77,2160.83,166.57,448.98,247.52,51.39,94.57,224.23,1793.67,3545.35,2.59,149.96,123.33,599.39,3.04,944.71,60.25,497.11
2026-03-05T17:20:00Z,48.02,2384.36,159.59,641.59,45.67,2184.59,170.03,721.13,57.43,2258.60,163.06,610.28,41.69,2159.54,166.30,438.83,251.59,49.99,94.21,227.25,1795.79,3551.19,2.60,149.09,121.77,602.64,3.32,943.69,59.41,494.34
2026-03-05T17:30:00Z,48.12,2375.09,159.05,638.00,45.34,2190.32,170.07,733.71,57.27,2255.93,163.35,629.24,41.83,2156.61,166.45,442.27,246.12,47.69,94.80,217.83,1786.51,3555.16,2.49,150.42,120.04,597.17,3.10,940.56,60.30,507.83
2026-03-05T17:40:00Z,48.01,2370.59,159.06,649.48,45.55,2199.44,169.90,736.84,57.22,2247.46,163.77,627.63,41.86,2158.48,166.08,424.67,247.80,47.46,94.98,226.02,1798.89,3548.76,2.76,147.97,122.28,595.69,2.84,943.79,60.29,492.33
2026-03-05T17:50:00Z,47.77,2376.46,159.91,645.91,45.81,2189.88,170.39,747.37,56.89,2276.51,162.96,622.44,41.75,2161.26,165.80,419.64,249.68,47.67,95.40,223.25,1798.22,3550.21,2.51,150.24,120.56,597.18,3.46,951.63,59.62,490.78
2026-03-05T18:00:00Z,47.40,2375.73,159.41,642.49,45.95,2186.32,171.13,735.39,56.95,2282.83,163.05,618.75,41.95,2140.53,166.21,442.02,243.73,48.20,94.89,218.63,1789.77,3550.10,2.48,149.92,116.93,595.76,2.91,940.12,59.83,487.23
2026-03-05T18:10:00Z,47.21,2381.90,159.81,637.91,46.01,2178.79,171.60,742.80,56.95,2269.03,162.98,618.76,41.86,2144.51,166.41,443.92,246.58,48.75,94.51,221.99,1809.01,3543.96,2.34,150.16,117.96,595.43,2.85,950.13,59.83,497.41
2026-03-05T18:20:00Z,47.64,2381.48,159.26,624.25,46.29,2166.14,171.03,774.90,56.62,2280.39,163.37,613.83,42.03,2133.51,165.86,452.37,247.06,48.36,95.09,222.40,1800.45,3550.88,2.45,149.32,118.78,602.08,3.02,956.63,58.84,509.36
2026-03-05T18:30:00Z,47.12,2392.35,159.07,626.27,46.52,2162.90,171.33,783.67,56.48,2284.39,163.01,618.93,41.92,2149.27,165.52,457.25,251.70,48.41,94.60,231.11,1812.75,3545.96,2.70,148.83,120.66,589.29,2.85,956.09,59.52,490.86
2026-03-05T18:40:00Z,47.21,2396.58,158.89,622.65,46.03,2179.42,171.27,759.24,56.43,2287.59,162.62,620.20,42.09,2142.61,166.09,446.97,247.59,49.09,95.08,220.79,1801.98,3542.89,2.51,150.19,120.08,599.98,3.32,950.94,58.78,495.91
2026-03-05T18:50:00Z,47.13,2400.34,158.69,609.30,46.39,2171.04,171.83,766.69,56.45,2290.25,162.37,608.33,41.38,2163.45,166.30,442.44,249.72,50.95,94.61,224.38,1796.86,3547.16,2.33,149.80,119.59,599.21,2.87,949.46,58.86,502.33
2026-03-05T19:00:00Z,47.33,2393.92,158.89,614.51,46.15,2165.97,171.97,747.12,56.40,2297.97,162.75,608.76,41.54,2160.54,165.54,422.21,249.25,50.84,93.98,225.74,1801.02,3531.56,2.60,149.67,120.16,601.39,2.79,949.62,59.23,500.99
2026-03-05T19:10:00Z,47.52,2379.50,158.99,626.44,46.26,2166.97,171.21,774.43,56.22,2293.95,161.77,590.20,41.22,2158.74,166.25,413.82,247.94,48.40,94.10,225.72,1804.61,3554.23,2.44,148.63,118.96,598.90,2.56,955.70,59.88,515.65
2026-03-05T19:20:00Z,47.27,2383.33,159.89,641.23,46.17,2164.42,171.47,801.81,56.44,2295.46,162.51,599.57,41.37,2157.67,165.76,423.52,254.24,51.12,94.13,232.16,1801.36,3558.02,2.38,148.85,121.35,603.22,3.09,947.83,59.83,498.74
2026-03-05T19:30:00Z,47.17,2397.36,160.42,632.61,46.42,2162.19,172.08,806.70,56.93,2282.93,163.53,615.30,41.96,2147.47,166.14,446.32,257.04,50.68,94.38,235.43,1798.87,3554.82,2.74,150.59,122.30,602.78,3.19,953.68,59.83,510.00
2026-03-05T19:40:00Z,47.02,2391.18,159.96,621.83,46.81,2161.27,171.82,822.03,57.15,2274.30,163.37,619.93,42.26,2155.62,165.87,436.74,252.59,51.23,94.70,231.13,1800.66,3539.79,2.41,149.14,119.73,598.25,3.06,953.09,61.16,495.74
2026-03-05T19:50:00Z,46.91,2392.27,160.00,616.67,46.73,2163.01,172.24,814.59,57.24,2273.39,163.38,610.01,42.33,2132.13,166.03,452.28,254.61,52.12,95.29,228.46,1800.09,3573.83,2.25,150.27,122.79,609.48,2.72,949.57,60.84,512.02
2026-03-05T20:00:00Z,46.90,2398.92,160.45,626.94,46.88,2156.84,172.19,807.69,57.37,2258.70,163.00,623.51,41.94,2148.85,165.93,454.53,254.44,51.05,96.08,224.95,1806.32,3550.83,2.26,147.84,126.22,609.76,2.68,960.92,60.56,505.06
2026-03-05T20:10:00Z,47.69,2389.05,160.29,633.24,46.84,2168.47,172.35,810.81,57.59,2260.08,163.52,634.94,41.70,2155.42,165.73,433.90,252.73,51.03,95.17,229.95,1813.35,3541.97,2.47,148.47,120.17,601.08,3.06,956.58,59.49,507.92
2026-03-05T20:20:00Z,47.83,2395.45,160.19,628.40,46.86,2167.38,172.75,815.06,57.40,2267.43,163.32,634.96,42.13,2141.86,166.04,445.31,254.16,50.44,95.38,229.10,1802.55,3554.77,2.46,150.05,120.87,600.32,3.13,954.34,59.17,499.61
2026-03-05T20:30:00Z,47.83,2391.96,159.78,621.98,47.07,2167.70,171.63,808.10,57.79,2263.77,162.98,637.53,42.34,2141.33,166.04,445.69,259.86,51.96,95.51,232.32,1804.63,3566.21,2.39,151.03,124.54,609.07,3.04,957.03,59.76,499.90
2026-03-05T20:40:00Z,47.89,2380.44,159.80,633.66,47.01,2158.25,171.88,831.59,57.74,2258.18,163.30,642.09,42.32,2143.45,166.58,449.91,254.33,49.91,95.23,227.84,1802.47,3550.19,2.60,149.02,123.62,600.27,3.04,941.11,60.19,498.44
2026-03-05T20:50:00Z,47.96,2382.02,159.81,639.25,46.74,2167.90,171.60,810.43,57.58,2267.16,162.68,636.05,42.62,2142.37,166.75,473.41,253.18,49.68,95.10,224.43,1800.50,3542.08,2.52,151.26,120.10,602.27,2.98,952.45,59.90,500.47
2026-03-05T21:00:00Z,47.94,2372.13,160.15,640.46,47.12,2151.89,171.85,816.63,57.29,2258.91,162.90,613.19,42.52,2132.70,166.39,481.09,257.44,51.23,95.37,230.70,1809.53,3556.88,2.56,149.58,121.93,598.49,3.09,954.30,59.87,503.59
2026-03-05T21:10:00Z,47.84,2377.09,159.65,648.51,47.18,2148.68,172.30,826.83,57.43,2264.74,163.59,621.56,42.15,2140.71,167.07,477.41,253.65,50.86,95.71,225.02,1797.29,3551.28,2.26,150.12,123.25,604.24,2.65,949.27,59.59,505.57
2026-03-05T21:20:00Z,48.09,2378.07,158.83,655.53,46.67,2151.09,172.72,851.62,57.89,2257.65,163.04,626.33,42.57,2145.64,167.83,474.98,258.49,52.51,96.65,233.56,1807.46,3548.03,2.73,150.85,124.00,601.72,2.90,946.79,60.09,494.57
2026-03-05T21:30:00Z,48.19,2375.15,159.34,653.78,46.66,2149.19,172.77,839.90,57.94,2250.93,162.91,637.40,42.70,2149.51,167.17,476.62,251.93,52.89,96.62,228.05,1803.47,3558.46,2.55,148.96,119.52,594.61,3.38,958.96,60.80,496.55
2026-03-05T21:40:00Z,48.24,2364.86,160.09,666.51,46.36,2155.07,173.04,843.01,57.76,2249.60,162.78,637.27,42.51,2140.18,166.09,461.41,255.18,52.63,95.86,228.98,1800.45,3562.79,2.38,151.09,121.81,612.51,2.90,949.93,60.92,512.15
2026-03-05T21:50:00Z,48.27,2371.67,159.82,672.33,46.52,2156.33,173.59,845.03,57.94,2251.71,163.02,641.57,42.19,2150.32,166.11,439.84,255.89,54.87,94.96,229.05,1806.61,3529.93,2.28,149.63,121.42,596.95,3.21,950.80,62.24,495.91
2026-03-05T22:00:00Z,48.09,2367.79,160.75,671.81,46.92,2158.29,173.17,845.54,58.31,2237.43,163.87,658.54,41.83,2144.45,166.71,436.84,259.46,54.73,94.91,236.93,1812.95,3533.99,2.66,150.16,126.14,609.38,3.24,954.56,62.79,501.60
2026-03-05T22:10:00Z,48.19,2370.50,160.43,674.69,46.49,2164.62,173.48,852.41,58.33,2252.34,164.08,662.04,41.64,2150.10,166.25,439.37,257.80,54.55,94.65,232.75,1804.09,3550.49,2.57,149.49,121.99,606.30,2.96,953.33,62.60,504.98
2026-03-05T22:20:00Z,47.96,2371.91,161.13,676.51,46.32,2174.96,173.04,854.23,58.52,2253.05,164.08,660.78,41.86,2155.02,166.85,457.76,260.46,55.25,95.20,230.67,1808.45,3552.59,2.49,150.03,123.82,606.89,3.11,948.24,61.05,503.67
2026-03-05T22:30:00Z,48.03,2371.74,161.17,662.40,45.93,2168.39,172.51,821.55,58.21,2261.32,164.15,655.37,41.67,2153.08,166.52,440.45,255.46,52.75,95.59,230.10,1803.12,3539.17,2.45,149.51,122.08,602.63,3.01,950.26,61.66,507.68
2026-03-05T22:40:00Z,47.78,2383.13,160.67,647.88,45.78,2177.35,172.75,819.76,58.42,2235.65,164.10,662.52,41.81,2152.22,167.05,444.16,250.66,49.94,95.89,227.69,1799.48,3547.28,2.69,151.48,121.09,606.24,3.31,949.56,61.08,510.75
2026-03-05T22:50:00Z,47.91,2384.22,160.36,638.18,45.48,2184.70,172.08,811.17,58.68,2227.13,163.74,665.54,41.44,2160.56,166.29,423.99,254.20,50.40,95.89,225.99,1805.27,3548.53,2.39,149.54,119.92,599.29,2.86,947.10,60.63,501.42
2026-03-05T23:00:00Z,47.94,2380.38,160.11,642.56,45.28,2197.04,171.23,795.37,58.85,2228.51,163.89,674.78,41.29,2167.89,165.79,411.63,250.29,51.26,95.23,224.93,1792.61,3563.55,2.49,150.43,119.58,601.47,2.99,946.77,58.01,507.58
2026-03-05T23:10:00Z,48.20,2375.99,159.84,661.38,45.51,2196.93,171.17,808.44,59.07,2215.31,164.52,688.29,41.30,2158.19,165.97,432.76,259.31,51.41,95.05,238.17,1816.43,3566.26,2.65,152.22,122.27,605.34,2.97,959.30,60.65,506.92
2026-03-05T23:20:00Z,48.83,2364.71,160.47,665.56,45.68,2192.19,172.39,825.80,59.05,2216.25,164.26,687.64,41.01,2172.32,165.09,413.02,259.03,51.64,95.49,233.03,1800.78,3542.41,2.30,149.98,125.41,604.00,2.67,950.15,61.67,499.36
2026-03-05T23:30:00Z,48.60,2352.95,161.35,679.74,45.67,2188.08,172.57,823.44,58.96,2225.41,164.18,684.80,40.63,2186.73,165.78,413.39,252.64,51.96,94.50,231.29,1802.24,3555.97,2.64,150.36,123.84,607.52,2.61,951.48,62.66,513.66
2026-03-05T23:40:00Z,49.09,2346.75,161.44,689.06,45.61,2186.96,172.69,815.60,59.03,2223.42,164.89,686.70,40.59,2186.60,166.71,413.81,256.87,52.88,95.04,232.18,1811.92,3541.83,2.44,148.52,122.19,605.73,3.37,951.54,61.30,506.36
2026-03-05T23:50:00Z,49.49,2342.98,161.64,700.42,45.42,2186.55,172.22,820.30,58.96,2224.98,164.71,670.86,40.62,2182.33,166.80,418.58,255.54,53.20,94.82,231.29,1793.47,3546.80,2.38,150.69,123.37,603.97,2.97,945.10,59.79,506.20
2026-03-06T00:00:00Z,49.70,2345.12,161.95,711.38,45.53,2196.88,170.42,626.97,59.26,2230.06,164.02,670.88,40.48,2181.91,166.35,402.14,250.80,51.48,94.78,223.55,1799.87,3554.05,2.63,151.32,123.59,602.51,3.04,952.48,59.95,499.99
2026-03-06T00:10:00Z,50.01,2334.78,162.34,724.69,46.01,2185.48,168.34,545.76,59.24,2227.60,163.67,677.81,40.54,2191.18,166.70,408.24,250.75,52.03,95.54,225.91,1804.97,3565.84,2.82,149.15,120.02,604.61,2.97,953.29,61.07,502.24
2026-03-06T00:20:00Z,50.41,2327.10,162.16,730.43,46.44,2173.20,167.79,519.89,59.03,2226.63,164.12,685.86,40.44,2195.37,165.85,386.16,246.50,50.29,95.39,219.96,1793.53,3541.25,2.69,149.90,118.93,597.77,3.13,955.66,60.34,496.75
2026-03-06T00:30:00Z,51.03,2304.73,161.83,751.36,46.75,2164.59,167.24,524.22,58.81,2226.19,164.46,678.52,41.04,2177.51,165.55,405.70,242.84,47.98,95.35,219.55,1789.62,3549.11,2.43,150.50,118.52,600.85,3.09,943.98,59.26,501.08
2026-03-06T00:40:00Z,51.42,2299.74,161.77,766.34,46.97,2150.76,167.14,522.36,58.64,2223.57,163.87,678.46,40.72,2191.76,165.33,408.55,246.47,48.16,96.22,220.04,1797.11,3549.10,2.46,152.55,118.26,592.31,2.97,953.63,59.78,497.81
2026-03-06T00:50:00Z,51.73,2286.19,162.08,779.62,47.14,2142.47,166.59,520.26,58.81,2215.82,163.69,685.69,40.58,2187.42,165.75,397.26,249.26,47.98,94.92,222.84,1799.26,3546.67,2.20,148.50,118.26,598.18,2.74,950.83,60.83,507.66
2026-03-06T01:00:00Z,51.63,2278.59,162.36,793.42,47.02,2140.64,166.13,526.10,58.65,2230.31,163.74,679.47,40.53,2192.44,165.28,391.62,245.62,48.69,95.55,221.76,1799.86,3548.01,2.30,150.06,120.14,604.50,3.07,952.39,61.20,506.45
2026-03-06T01:10:00Z,51.91,2274.72,162.43,793.08,47.08,2143.99,166.23,506.01,58.58,2229.75,163.50,684.39,40.74,2185.96,165.10,402.88,241.18,49.21,95.24,219.25,1783.10,3553.69,2.43,149.78,116.67,598.82,2.74,940.78,59.21,497.30
2026-03-06T01:20:00Z,52.64,2271.29,163.17,808.98,46.73,2146.73,166.30,,58.32,2235.25,163.97,675.11,40.74,2188.28,164.73,400.87,244.54,48.56,93.86,219.88,1798.86,3562.96,2.60,150.60,116.14,592.29,3.19,947.11,60.43,488.39
2026-03-06T01:30:00Z,52.79,2264.91,163.84,823.29,46.93,2145.13,165.90,519.53,58.88,2219.67,163.67,664.99,40.66,2184.02,164.77,404.66,243.82,50.61,93.96,223.51,1800.68,3541.95,2.45,148.97,117.66,601.14,3.10,952.40,59.17,498.09
2026-03-06T01:40:00Z,53.23,2252.95,164.17,827.59,47.41,2133.57,166.13,529.49,58.83,2226.36,164.26,668.67,40.83,2174.97,165.04,407.56,244.83,48.92,94.92,219.41,1791.16,3553.28,2.10,150.27,117.98,598.76,3.02,947.34,59.68,501.44
2026-03-06T01:50:00Z,53.67,2234.95,164.39,827.25,47.54,2141.73,166.06,540.65,58.65,2223.98,163.34,661.30,41.00,2178.05,164.63,411.83,244.43,50.24,94.53,220.06,1786.47,3540.11,2.71,149.04,117.00,595.13,2.83,939.86,60.74,493.14
2026-03-06T02:00:00Z,53.90,2233.99,164.38,845.48,47.68,2147.12,166.14,539.76,58.40,2234.38,163.46,650.18,40.91,2175.72,165.17,415.29,247.52,49.39,95.41,221.07,1800.04,3548.92,2.48,149.67,117.20,593.17,3.04,946.09,58.93,492.31
2026-03-06T02:10:00Z,54.00,2215.91,163.93,858.44,47.24,2141.27,166.26,526.63,58.45,2239.94,163.58,637.68,40.19,2189.49,165.36,405.21,246.34,50.74,94.97,225.24,1797.39,3565.53,2.55,151.16,118.64,601.70,3.27,942.36,58.57,506.15
2026-03-06T02:20:00Z,54.73,2207.74,164.59,872.56,47.12,2141.78,166.07,535.27,58.13,2241.75,163.18,663.05,40.01,2194.14,165.75,406.75,246.92,51.71,95.52,223.19,1789.44,3549.77,2.19,150.09,117.91,597.25,3.24,939.85,58.64,508.34
2026-03-06T02:30:00Z,55.15,2205.69,164.91,886.14,46.89,2149.41,166.53,518.87,57.94,2243.71,163.96,662.88,40.21,2196.39,165.47,397.86,247.84,51.00,95.03,225.35,1796.70,3548.10,2.60,149.75,118.58,591.76,3.01,948.11,58.94,483.16
2026-03-06T02:40:00Z,55.65,2195.71,164.63,903.30,47.28,2150.26,,524.54,57.82,2251.81,163.56,638.08,40.74,2187.46,165.07,406.01,247.75,51.89,95.12,227.27,1806.56,3548.83,2.48,149.47,116.06,597.64,2.96,953.27,60.65,508.47
2026-03-06T02:50:00Z,55.60,2181.67,165.64,915.30,47.23,2146.27,166.74,533.25,57.80,2258.69,163.18,637.06,41.28,2165.49,166.17,433.38,250.39,48.21,95.04,224.25,1799.62,3544.84,2.60,148.94,124.82,607.68,2.81,951.31,59.43,486.48
2026-03-06T03:00:00Z,55.66,2192.52,166.16,911.20,46.99,2147.35,166.13,528.42,57.75,2264.38,163.11,625.37,41.41,2176.01,166.01,419.02,253.73,47.82,94.79,227.97,1791.94,3554.56,2.37,151.87,123.09,603.07,2.79,947.16,59.61,506.13
2026-03-06T03:10:00Z,55.67,2187.73,165.60,919.75,47.24,2142.31,166.85,521.75,57.93,2263.23,162.69,626.08,41.52,2165.15,166.20,427.11,257.81,49.11,94.89,231.40,1802.63,3545.30,2.56,150.31,125.85,609.25,2.79,951.33,60.27,514.48
2026-03-06T03:20:00Z,55.98,2176.08,165.81,918.16,46.99,2149.03,166.41,510.59,58.31,2253.15,162.94,636.22,41.23,2164.53,166.03,438.94,259.92,50.44,94.67,232.55,1810.94,3558.34,2.47,150.29,125.75,603.75,3.17,949.87,58.44,512.04
2026-03-06T03:30:00Z,56.22,2173.01,166.74,931.32,46.48,2152.76,166.41,514.99,58.27,2246.30,163.34,639.14,41.23,2170.03,166.11,440.33,257.89,51.69,94.63,231.03,1804.99,3552.32,2.62,150.07,125.71,602.38,3.01,949.91,58.74,497.69
2026-03-06T03:40:00Z,56.34,2168.26,166.93,951.13,46.49,2153.80,166.21,509.18,58.42,2246.74,164.11,651.42,41.10,2176.51,165.41,426.03,251.83,53.51,95.04,227.61,1804.65,3556.00,2.34,149.93,120.59,596.53,3.38,950.58,60.95,507.08
2026-03-06T03:50:00Z,56.24,2173.47,166.95,950.05,46.51,2154.14,165.46,494.46,57.93,2249.75,164.18,643.54,40.95,2177.75,166.35,408.45,253.25,51.99,94.39,226.10,1799.42,3543.57,2.72,149.70,121.17,595.29,2.72,948.00,60.95,501.62
2026-03-06T04:00:00Z,55.87,2166.86,166.29,947.98,46.44,2166.65,165.85,501.71,57.51,2263.50,163.37,639.82,41.15,2168.99,166.13,417.17,254.16,51.78,94.51,228.44,1803.00,3546.13,2.42,149.71,121.89,597.44,2.88,951.18,61.22,493.07
2026-03-06T04:10:00Z,55.90,2174.14,166.07,943.71,46.48,2161.48,166.81,502.89,57.09,2265.43,163.23,636.18,41.61,2163.81,165.56,434.20,253.54,50.39,94.31,226.68,1801.94,3537.27,2.60,150.29,119.21,602.97,2.97,957.27,60.11,496.34
2026-03-06T04:20:00Z,55.71,2186.22,165.82,917.91,46.33,2166.53,166.51,483.89,57.26,2260.68,163.50,638.69,41.73,2158.42,166.07,435.34,249.61,48.42,95.40,224.28,1803.53,3557.50,2.78,149.88,119.67,609.02,3.12,952.63,60.48,508.34
2026-03-06T04:30:00Z,56.00,2172.89,166.22,923.04,46.61,2167.27,166.20,494.82,57.14,2259.06,163.36,626.12,41.86,2155.26,166.70,434.39,248.49,48.22,95.50,225.05,1801.53,3540.92,2.27,149.73,119.49,606.68,2.93,951.71,60.30,498.39
2026-03-06T04:40:00Z,56.18,2181.92,166.54,947.30,46.90,2152.02,166.84,517.20,57.40,2265.60,163.57,629.82,41.81,2147.31,166.47,432.15,252.76,47.12,95.76,229.83,1803.79,3558.03,2.29,149.36,122.30,610.02,3.15,950.13,59.90,510.72
2026-03-06T04:50:00Z,56.38,2178.85,165.31,935.96,47.17,2141.88,167.01,524.79,57.00,2272.96,163.20,644.00,41.64,2158.56,165.90,435.39,257.27,50.00,95.99,230.04,1804.48,3560.39,2.40,149.50,123.80,593.47,2.94,957.39,59.11,498.97
2026-03-06T05:00:00Z,56.46,2169.21,165.71,929.99,47.45,2150.03,167.12,531.68,57.02,2267.33,162.59,619.64,41.66,2151.77,165.18,435.20,258.22,49.74,95.62,232.79,1806.64,3548.76,2.59,150.64,124.70,602.49,3.01,952.32,61.85,508.56
2026-03-06T05:10:00Z,56.45,2173.62,164.22,941.89,47.49,2147.18,166.73,539.87,56.86,2272.53,163.35,623.80,41.22,2172.40,165.72,429.93,258.06,51.63,94.96,229.79,1801.84,3560.19,2.38,151.49,124.65,600.92,3.45,957.73,60.45,505.30
2026-03-06T05:20:00Z,55.74,2164.13,165.40,944.23,47.56,2141.13,166.86,537.53,57.40,2266.05,163.34,620.33,40.95,2173.90,165.37,416.82,257.24,49.66,95.38,229.97,1822.87,3546.50,2.53,149.73,126.87,605.03,3.25,963.62,59.17,503.09
2026-03-06T05:30:00Z,55.58,2172.10,165.04,934.46,47.59,2138.70,166.41,532.43,57.69,2269.39,163.11,634.33,40.56,2178.91,165.56,407.53,260.80,51.08,94.27,235.22,1815.54,3560.13,2.42,149.67,125.12,608.84,2.96,955.22,59.01,505.30
2026-03-06T05:40:00Z,55.91,2164.05,166.09,943.40,47.30,2139.62,166.20,526.52,57.65,2272.59,162.93,621.34,41.05,2184.28,165.92,411.06,257.25,51.79,94.41,233.92,1809.49,3546.61,2.37,151.54,123.64,602.37,2.92,956.92,58.96,508.98
2026-03-06T05:50:00Z,56.53,2152.61,165.69,942.70,47.50,2134.80,166.65,542.36,57.68,2262.35,162.84,636.25,41.09,2178.94,165.17,425.73,256.26,52.92,94.50,230.43,1805.31,3556.12,2.70,148.32,122.13,597.47,2.92,952.75,60.21,498.72
2026-03-06T06:00:00Z,56.73,2144.49,165.36,957.13,47.99,2132.67,166.55,547.10,57.13,2262.35,163.35,636.82,41.22,2175.62,165.16,435.64,255.14,53.50,94.16,229.87,1811.72,3552.23,2.52,149.82,124.94,606.49,3.20,949.55,60.14,504.45
2026-03-06T06:10:00Z,56.90,2145.12,166.83,964.50,48.18,2123.88,166.74,553.28,57.03,2263.63,163.15,637.43,41.32,2172.05,165.60,425.62,255.90,53.50,94.35,233.03,1813.52,3561.61,2.62,151.45,123.44,602.79,2.84,958.30,61.14,505.15
2026-03-06T06:20:00Z,57.12,2136.75,166.10,965.09,48.24,2119.89,167.01,543.24,56.96,2272.94,162.53,623.64,41.60,2158.67,165.89,444.92,253.81,52.43,94.26,230.82,1809.69,3547.04,2.51,149.75,121.98,599.57,3.04,952.86,60.32,494.34
2026-03-06T06:30:00Z,57.53,2133.25,165.55,980.16,48.23,2127.05,166.66,559.22,57.34,2266.74,162.74,613.63,41.75,2153.56,165.78,441.52,255.82,52.25,94.20,227.93,1787.64,3548.70,2.62,148.85,124.16,602.39,3.16,952.30,58.88,501.96
2026-03-06T06:40:00Z,57.54,2135.64,,983.00,48.09,2122.98,167.01,562.64,57.01,2260.07,162.60,614.65,41.52,2154.32,165.75,456.78,256.12,54.73,93.96,230.40,1802.96,3553.86,2.49,150.03,122.92,601.47,2.78,951.42,58.81,504.09
2026-03-06T06:50:00Z,57.58,2143.07,165.72,983.62,47.84,2112.35,167.01,563.39,57.34,2260.16,163.15,619.30,41.93,2150.68,166.02,453.85,258.34,55.16,95.04,227.89,1802.65,3558.15,2.40,150.17,125.56,611.27,3.31,952.36,58.65,514.38
2026-03-06T07:00:00Z,57.34,2141.54,165.87,985.43,47.71,2130.17,166.37,562.45,57.25,2271.41,163.65,617.07,42.20,2139.35,166.40,463.99,256.13,52.52,,232.74,1805.31,3549.03,2.67,149.46,123.50,605.16,2.92,950.14,59.10,506.80
2026-03-06T07:10:00Z,57.38,2145.46,165.98,970.46,47.59,2121.76,166.81,569.70,57.50,2271.79,163.04,607.36,42.21,2136.22,166.48,455.46,253.04,52.71,94.41,230.37,1797.23,3556.74,2.41,151.02,123.47,605.23,3.04,945.74,59.57,507.17
2026-03-06T07:20:00Z,57.79,2147.92,166.13,968.03,47.56,2116.24,167.32,566.43,57.42,2268.13,163.71,619.21,42.49,2133.14,166.02,449.31,250.15,52.87,94.40,224.39,1807.76,3553.06,2.52,150.87,119.35,591.62,2.82,949.29,58.59,491.81
2026-03-06T07:30:00Z,57.71,2143.27,166.56,961.49,47.78,2112.13,167.53,570.48,57.64,2269.52,163.89,630.15,42.70,2128.83,166.64,470.33,257.41,54.37,96.04,228.10,1804.57,3538.49,2.32,151.06,124.04,605.97,3.08,947.54,58.62,495.54
2026-03-06T07:40:00Z,58.07,2139.03,166.89,971.33,48.08,2114.27,166.94,567.65,57.32,2257.95,163.27,620.68,42.26,2142.48,166.41,480.01,257.59,54.06,95.89,229.21,1803.48,3542.17,2.49,148.60,123.40,607.45,2.98,944.28,59.30,497.91
2026-03-06T07:50:00Z,57.86,2139.40,166.18,984.83,47.78,2129.76,167.72,566.16,57.56,2249.87,164.37,620.78,41.99,2143.32,166.46,467.20,253.25,54.02,96.75,228.92,1803.08,3541.78,2.40,150.47,121.00,604.40,2.94,951.50,60.07,503.14
2026-03-06T08:00:00Z,57.99,2130.61,167.12,985.25,48.14,2121.19,167.86,576.12,57.47,2260.06,163.91,637.88,42.13,2152.90,165.76,451.37,258.50,53.24,95.76,233.38,1801.54,3538.54,2.50,150.16,125.14,603.68,2.84,948.38,59.70,500.49
2026-03-06T08:10:00Z,57.88,2127.61,166.75,999.13,47.78,2120.52,167.95,579.82,57.41,2266.75,163.35,631.37,41.61,2153.13,166.82,451.12,258.71,54.63,95.23,233.80,1807.56,3545.04,2.67,149.63,124.83,607.34,2.96,946.94,59.60,498.06
2026-03-06T08:20:00Z,57.77,2138.80,166.73,989.53,47.76,2130.92,167.86,561.12,57.43,2258.52,163.30,627.85,41.41,2166.01,167.14,446.52,257.47,51.84,96.20,229.27,1803.32,3563.44,2.71,150.78,123.98,603.37,2.95,955.28,59.44,496.34
2026-03-06T08:30:00Z,57.94,2126.35,166.22,986.53,48.08,2119.70,167.12,557.60,57.42,2267.28,163.88,626.57,41.80,2152.17,166.80,449.27,257.89,52.95,95.10,232.19,1807.83,3561.22,2.39,148.78,125.96,606.80,3.21,957.67,59.74,506.66
2026-03-06T08:40:00Z,58.14,2127.80,166.25,1007.50,47.75,2131.75,166.63,540.28,57.57,2262.68,164.11,634.08,41.61,2161.61,165.70,433.10,259.29,52.15,95.41,236.51,1807.79,3539.46,2.44,147.90,123.85,601.09,2.92,951.35,60.36,505.63
2026-03-06T08:50:00Z,58.21,2123.46,166.90,1015.36,47.70,2140.64,166.91,523.59,58.01,2251.75,163.51,653.06,42.03,2147.34,166.33,432.65,256.62,53.67,95.51,230.75,1805.34,3544.80,2.49,150.08,122.43,599.56,2.66,951.59,62.10,498.68
2026-03-06T09:00:00Z,57.95,2132.34,166.93,1008.62,47.32,2145.31,166.99,513.62,57.98,2257.62,162.89,644.25,42.05,2156.14,166.78,428.85,253.71,52.76,96.00,232.24,1813.81,3550.06,2.30,148.16,125.14,603.01,2.98,960.86,61.35,504.74
2026-03-06T09:10:00Z,57.71,2137.73,167.82,1002.98,47.27,2140.41,167.55,529.55,57.98,2247.80,163.72,647.57,42.14,2156.26,165.95,438.95,260.38,52.53,95.81,233.88,1807.23,3562.60,2.45,150.47,127.19,608.45,3.11,950.50,60.42,509.63
2026-03-06T09:20:00Z,57.51,2138.50,167.69,1001.89,47.26,2137.96,167.27,520.77,58.27,2247.54,163.77,647.29,41.91,2149.93,166.27,454.34,254.77,53.91,96.07,233.01,1805.26,3544.61,2.42,150.05,123.17,609.24,2.81,957.25,58.79,507.57
2026-03-06T09:30:00Z,57.29,2128.66,167.60,987.30,47.45,2131.69,167.01,538.52,58.40,2248.79,162.98,655.65,42.06,2148.58,165.39,447.20,257.43,52.18,96.51,230.77,1808.80,3551.08,2.34,152.08,125.27,599.05,2.89,953.03,59.27,491.94
2026-03-06T09:40:00Z,57.08,2152.58,166.44,990.15,47.18,2146.48,166.91,537.45,58.40,2242.86,163.18,654.48,42.07,2153.29,165.80,447.34,261.43,54.89,95.99,238.33,1806.31,3550.43,2.58,149.78,124.97,612.26,3.06,956.86,58.96,500.61
2026-03-06T09:50:00Z,57.90,2151.68,166.34,986.27,47.20,2152.02,166.60,533.68,58.45,2227.86,163.34,671.24,42.25,2144.20,166.55,447.57,259.91,55.87,95.59,235.84,1805.56,3551.15,2.51,149.50,124.92,605.57,3.17,955.39,59.90,492.54
2026-03-06T10:00:00Z,57.54,2147.48,166.28,983.06,46.99,2146.10,167.03,518.65,58.47,2238.85,163.22,659.71,42.10,2146.40,166.30,454.10,255.91,55.28,95.38,229.67,1801.85,3545.17,2.61,150.39,124.79,607.51,2.88,952.56,61.74,505.83
2026-03-06T10:10:00Z,57.32,2140.60,166.88,991.76,47.18,2138.15,166.62,519.95,58.55,2231.57,163.61,670.65,42.41,2143.12,166.98,446.92,259.53,54.03,95.26,237.21,1806.28,3545.56,2.30,150.25,126.60,608.67,2.89,958.14,61.18,517.04
2026-03-06T10:20:00Z,57.47,2143.48,167.13,997.44,47.49,2136.49,166.08,541.47,58.25,2232.67,163.82,662.15,42.25,2139.52,166.97,461.92,256.55,53.12,95.68,229.23,1807.91,3544.76,2.50,151.04,122.48,599.37,3.36,948.89,60.68,492.26
2026-03-06T10:30:00Z,57.68,2135.72,167.60,990.19,47.11,2142.69,166.83,547.22,58.35,2236.42,163.63,661.96,42.34,2146.30,167.47,456.64,258.33,54.09,95.92,229.71,1803.47,3545.80,2.65,150.18,123.36,604.69,2.84,951.92,60.31,508.49
2026-03-06T10:40:00Z,57.69,2127.77,167.06,998.05,47.39,2128.31,166.79,541.63,58.46,2246.54,163.17,661.21,42.53,2142.66,167.59,463.41,259.90,54.94,95.18,230.97,1800.82,3570.02,2.80,150.91,128.43,608.81,2.98,962.07,60.92,512.29
2026-03-06T10:50:00Z,57.71,2129.42,167.31,1002.40,47.53,2136.04,166.43,544.64,58.29,2235.52,163.86,660.44,42.57,2147.70,166.54,448.91,263.66,52.97,95.62,237.38,1810.79,3552.96,2.52,149.70,127.73,612.05,2.95,954.66,59.82,512.68
2026-03-06T11:00:00Z,57.92,2123.72,166.42,1009.62,47.16,2128.29,167.19,536.05,58.07,2249.65,164.44,645.53,42.61,2142.23,166.34,452.73,263.91,54.00,95.30,237.93,1809.66,3547.89,2.30,150.30,122.65,610.88,2.96,950.57,58.50,509.59
2026-03-06T11:10:00Z,57.87,2127.15,166.36,1005.56,46.94,2154.44,167.30,515.54,58.28,2240.66,164.28,673.01,42.74,2136.40,166.80,463.34,263.27,53.68,95.47,238.42,1819.20,3535.45,2.80,148.55,128.46,609.06,3.11,967.61,60.23,502.38
2026-03-06T11:20:00Z,57.55,2127.33,166.53,991.42,46.83,2168.86,166.37,509.74,58.15,2256.94,163.94,657.95,42.67,2135.71,166.01,475.17,263.65,54.76,96.11,235.21,1812.22,3540.20,2.66,150.24,127.24,605.11,2.77,954.23,60.57,507.88
2026-03-06T11:30:00Z,57.66,2133.21,166.87,988.39,46.47,2155.37,166.89,503.82,57.74,2251.88,163.60,653.69,42.19,2139.33,165.66,476.63,261.38,53.29,95.98,234.23,1801.54,3548.24,2.89,148.15,125.56,608.26,2.98,943.83,60.95,512.77
2026-03-06T11:40:00Z,57.50,2137.37,167.15,1000.82,46.54,2159.77,166.06,501.50,57.25,2255.31,163.20,637.76,42.12,2142.52,167.08,468.15,259.08,54.99,96.10,233.08,1799.91,3566.16,2.76,150.45,124.00,602.76,3.08,940.50,59.25,505.71
2026-03-06T11:50:00Z,57.31,2148.86,166.11,975.64,46.61,2153.02,165.78,506.08,57.17,2255.05,163.81,646.51,42.16,2154.31,166.77,457.30,250.21,54.98,94.89,222.29,1798.84,3548.53,2.70,148.39,118.39,598.27,2.48,944.82,59.14,490.06
2026-03-06T12:00:00Z,57.39,2136.37,166.92,968.03,46.38,2156.55,165.55,508.71,57.02,2260.17,163.55,628.27,41.96,2142.22,165.88,446.74,251.28,53.88,95.37,227.11,1800.91,3561.68,2.43,150.23,119.10,603.13,2.80,949.85,58.29,498.22
2026-03-06T12:10:00Z,57.13,2137.54,166.89,973.13,46.42,2160.65,166.33,510.26,57.54,2262.77,163.97,632.31,41.94,2147.55,165.70,442.37,246.66,53.50,95.16,220.14,1786.76,3540.92,2.64,150.72,116.70,594.03,2.97,934.86,59.07,490.14
2026-03-06T12:20:00Z,57.36,2140.21,166.74,973.28,46.40,2170.59,166.10,496.52,57.51,2258.23,164.13,633.74,41.79,2154.78,165.81,440.31,249.99,50.31,95.56,223.34,1799.16,3561.64,2.23,149.68,119.78,605.94,2.96,946.19,59.54,511.40
2026-03-06T12:30:00Z,57.49,2137.84,165.80,978.81,46.44,2169.39,167.00,505.35,57.07,2263.23,163.41,615.61,41.87,2148.91,166.69,443.36,255.68,51.33,96.87,229.55,1802.75,3551.26,2.47,150.91,122.40,604.20,3.36,952.25,60.71,499.36
2026-03-06T12:40:00Z,57.82,,166.44,995.70,46.39,2162.60,166.13,496.09,57.09,2264.12,162.69,614.15,41.59,2147.91,167.31,452.53,248.72,51.59,95.98,223.66,1797.29,3543.22,2.39,149.23,119.91,598.69,3.14,952.20,59.95,497.07
2026-03-06T12:50:00Z,57.76,2131.12,167.45,994.90,46.66,2159.27,166.42,504.85,56.77,2276.15,162.15,602.57,41.71,2159.93,166.98,452.78,251.59,55.49,95.77,226.04,1791.84,3561.84,2.62,149.22,119.61,601.53,2.93,946.54,59.97,510.60
2026-03-06T13:00:00Z,57.85,2133.49,167.74,990.95,46.61,2156.02,165.52,500.99,56.93,2277.42,162.48,596.27,41.62,2145.30,166.78,452.29,249.45,54.13,95.54,224.40,1801.47,3549.58,2.67,151.29,116.90,593.98,3.23,948.80,59.66,495.51
2026-03-06T13:10:00Z,58.12,2129.24,167.15,996.65,46.42,2146.53,166.14,505.92,56.83,2274.25,162.77,609.49,41.32,2153.92,165.97,438.68,252.92,52.90,95.65,230.14,1803.50,3541.24,2.59,,120.17,599.89,3.18,951.75,59.04,504.14
2026-03-06T13:20:00Z,58.32,2118.08,167.29,1004.12,46.67,2157.91,165.73,502.41,56.81,2290.57,162.39,608.04,41.69,2162.25,166.09,447.11,253.95,51.84,95.85,227.89,1800.17,3560.24,2.28,149.42,123.13,596.76,3.02,952.86,59.45,502.38
2026-03-06T13:30:00Z,58.16,2113.36,168.02,1015.30,46.85,2160.27,165.98,513.67,57.09,2284.70,162.66,602.68,41.82,2172.04,165.69,425.80,252.93,51.17,95.95,230.12,1803.19,3539.82,2.42,149.74,122.32,605.11,2.93,951.49,59.46,496.91
2026-03-06T13:40:00Z,57.66,2127.60,167.22,1016.24,46.98,2159.04,166.16,518.04,56.95,2271.50,162.65,614.72,41.53,2168.27,166.26,439.32,256.78,52.75,95.67,233.05,1808.31,3550.72,2.50,148.73,125.61,615.61,2.91,950.95,58.37,512.67
2026-03-06T13:50:00Z,57.58,2133.65,167.16,1005.05,46.92,2147.69,166.00,505.63,56.99,2279.28,162.74,604.16,41.81,2155.74,166.88,434.73,258.98,53.14,95.33,232.17,1807.99,3542.62,2.51,150.16,123.75,604.05,2.98,953.53,59.56,500.22
2026-03-06T14:00:00Z,57.65,2135.73,166.94,1006.91,46.80,2153.10,166.63,512.17,56.68,2287.72,162.45,600.13,41.63,2163.98,166.16,429.16,254.59,54.28,94.68,229.49,1793.84,3559.41,2.46,149.04,121.33,604.06,2.99,949.92,59.04,505.51
2026-03-06T14:10:00Z,57.71,2136.39,166.35,1009.90,47.14,2158.76,166.80,513.42,56.47,2285.41,161.90,598.45,41.51,2163.62,166.04,420.74,256.67,53.42,95.12,231.71,1811.57,3562.38,2.59,151.01,123.59,602.72,2.94,955.99,59.16,507.45
2026-03-06T14:20:00Z,57.39,2141.01,166.53,1010.19,47.43,2140.49,166.41,531.70,56.33,2286.73,162.23,607.37,41.31,2168.39,166.16,432.77,255.90,52.75,94.46,230.66,1806.10,3543.43,2.50,151.37,123.09,607.71,2.79,953.61,57.61,498.56
2026-03-06T14:30:00Z,56.89,2150.45,166.49,981.55,47.64,2134.75,166.75,533.53,55.98,2295.50,162.43,602.63,41.50,2164.58,166.88,426.50,256.58,53.17,96.06,232.04,1804.59,3545.42,2.42,152.79,122.86,600.46,2.91,949.84,58.86,501.63
2026-03-06T14:40:00Z,56.47,2161.74,166.50,968.76,47.77,2132.80,167.02,543.79,56.22,2304.89,162.12,586.47,41.54,2162.29,166.22,433.98,252.12,50.55,95.94,228.02,1801.99,3557.90,2.50,149.28,119.32,594.98,2.87,957.15,59.50,489.61
2026-03-06T14:50:00Z,56.19,2159.58,165.84,941.19,47.39,2136.37,166.36,529.41,56.68,2296.96,161.85,575.16,41.87,2159.15,165.97,433.76,251.02,51.27,95.88,223.92,1799.64,3548.69,2.44,149.17,123.63,603.34,3.27,946.68,60.48,501.60
2026-03-06T15:00:00Z,56.55,2163.88,165.96,948.90,47.18,2136.34,166.42,534.11,56.74,2291.78,161.71,582.96,41.69,2154.97,165.93,434.42,252.33,51.15,94.57,225.20,1798.04,3553.74,2.60,151.00,121.92,606.97,3.07,940.96,59.52,508.82
2026-03-06T15:10:00Z,56.68,2157.99,165.83,941.84,46.85,2154.73,166.47,505.53,56.91,2282.82,161.81,605.03,41.96,2159.26,165.83,434.13,247.36,51.50,95.08,221.60,1788.70,3537.31,2.63,148.96,115.88,591.29,2.92,949.34,59.27,489.06
2026-03-06T15:20:00Z,56.41,2158.72,166.08,947.57,46.92,2165.85,166.30,502.41,57.24,2279.47,161.69,613.93,41.86,2161.66,165.68,437.36,250.17,50.81,94.44,225.37,1792.99,3548.76,2.56,148.49,119.71,599.47,2.69,943.51,59.80,505.80
2026-03-06T15:30:00Z,56.66,2152.01,166.51,962.92,47.07,2155.03,166.00,503.44,57.46,2273.64,161.80,626.26,41.91,2168.21,165.69,436.57,254.91,48.75,94.31,232.42,1805.43,3550.31,2.62,150.18,120.61,599.99,2.85,952.27,60.04,497.69
2026-03-06T15:40:00Z,57.34,2160.93,165.92,977.18,46.92,2156.15,165.55,500.62,57.33,2262.95,162.31,621.93,42.09,2163.19,166.13,426.38,252.44,50.04,95.17,230.29,1815.95,3539.31,2.37,149.00,119.19,594.33,2.80,962.01,60.62,489.00
2026-03-06T15:50:00Z,57.26,2149.62,166.47,975.06,46.73,2152.05,166.07,510.48,57.04,2275.40,162.64,615.90,42.09,2150.09,165.73,440.53,250.34,50.72,94.74,221.55,1796.52,3538.32,2.69,148.74,121.24,606.74,2.82,944.88,61.17,513.54
2026-03-06T16:00:00Z,57.62,2142.67,166.44,982.63,46.53,2150.94,165.33,506.04,57.12,2264.04,162.83,616.91,42.38,2149.19,164.89,452.46,252.39,51.79,94.38,227.59,1809.93,3558.65,2.48,151.33,117.24,596.91,3.01,951.91,60.06,496.90
2026-03-06T16:10:00Z,57.72,2139.61,166.68,985.59,46.28,2168.72,165.61,505.83,57.24,2262.98,162.57,623.53,42.17,2145.33,165.52,464.06,256.62,53.35,95.31,228.46,1791.94,3556.45,2.63,149.82,124.65,609.90,3.26,944.20,61.09,510.51
2026-03-06T16:20:00Z,57.99,2124.79,166.49,989.79,46.33,2163.94,165.71,498.90,57.22,2271.87,163.33,612.86,41.98,2156.89,166.37,458.46,253.70,51.07,95.94,227.16,1800.90,3549.98,2.67,150.19,119.45,600.85,3.20,943.42,60.24,510.38
2026-03-06T16:30:00Z,58.07,2120.44,166.56,1002.04,46.09,2157.60,165.70,499.26,57.13,2261.95,163.80,621.95,41.98,2149.73,166.50,441.90,258.42,49.90,95.86,231.92,1806.85,3555.04,2.40,151.23,125.43,603.43,2.97,955.33,60.80,504.00
2026-03-06T16:40:00Z,58.16,2125.54,167.14,1008.34,45.99,2176.69,166.01,486.61,57.17,2272.68,163.58,632.84,41.78,2157.30,166.44,432.65,254.63,51.91,96.75,227.35,1801.21,3553.44,2.37,151.80,123.41,609.01,3.15,953.69,60.48,501.84
2026-03-06T16:50:00Z,57.82,2117.38,167.59,1008.85,46.13,2173.41,165.66,486.24,57.44,2272.20,163.12,631.63,42.14,2144.35,166.21,444.87,250.07,52.01,96.66,224.17,1804.57,3553.66,2.74,151.42,120.63,601.57,3.14,948.91,61.00,505.30
2026-03-06T17:00:00Z,57.63,2121.39,166.87,1016.32,45.76,2183.19,165.83,484.71,57.53,2265.56,163.03,614.89,41.98,2153.12,166.34,445.20,252.19,51.95,96.05,230.49,1809.79,3542.45,2.42,151.07,123.69,608.63,3.26,953.30,61.43,508.04
2026-03-06T17:10:00Z,57.49,2141.88,166.49,1005.11,46.01,2183.25,166.31,489.76,57.75,2266.41,163.20,634.54,41.56,2157.44,167.45,451.21,253.43,50.80,95.25,230.55,1809.92,3543.86,2.43,149.93,122.94,602.50,2.96,946.67,60.62,508.59
2026-03-06T17:20:00Z,57.57,2134.45,166.76,995.82,46.02,2185.55,165.64,473.61,57.79,2258.04,163.11,633.18,41.23,2163.58,167.05,437.56,254.05,51.01,94.94,228.93,1800.62,3561.33,2.47,151.45,121.41,604.48,2.83,948.48,60.47,506.49
2026-03-06T17:30:00Z,57.20,2137.00,166.62,992.45,45.66,2193.50,165.28,477.20,58.00,2248.52,163.34,644.94,41.13,2177.60,166.74,430.69,258.30,52.05,94.67,230.20,1807.46,3535.27,2.42,150.35,124.74,609.00,2.95,951.67,58.61,506.68
2026-03-06T17:40:00Z,56.88,2153.84,166.04,975.73,45.75,2188.43,165.02,478.64,58.21,2245.95,162.27,645.57,41.16,2175.78,165.61,431.62,256.01,52.26,95.05,230.60,1808.53,3560.66,2.47,149.87,120.96,602.85,2.97,948.77,60.70,493.80
2026-03-06T17:50:00Z,57.35,2155.27,166.78,980.92,45.70,2187.27,165.59,477.11,58.05,2236.82,162.78,659.07,41.54,2168.53,165.43,419.23,253.42,51.67,94.64,225.78,1811.22,3551.35,2.69,150.74,120.20,597.33,3.02,957.71,62.44,506.20
2026-03-06T18:00:00Z,57.36,2153.31,166.66,973.18,45.79,2178.13,165.68,482.62,58.24,2247.31,162.96,662.93,41.54,2159.97,165.89,425.34,262.45,53.76,94.70,238.96,1807.98,3550.87,2.36,152.51,126.48,615.93,2.73,949.35,62.32,521.46
2026-03-06T18:10:00Z,57.76,2148.91,167.33,995.89,45.50,2180.78,166.04,462.06,58.14,2247.43,163.12,659.18,41.84,2154.44,165.93,428.13,259.66,53.06,95.24,235.35,1813.28,3555.79,2.64,148.55,127.27,605.45,3.07,959.13,61.38,508.76
2026-03-06T18:20:00Z,57.56,2144.70,166.73,979.06,45.48,2181.66,165.75,477.62,57.87,2252.60,162.26,667.91,41.84,2158.87,165.65,425.52,255.15,50.48,95.00,232.43,1809.02,3544.17,2.34,150.24,124.05,614.18,3.31,956.04,61.70,520.22
2026-03-06T18:30:00Z,57.00,2148.68,165.94,979.34,45.54,2185.05,165.21,453.96,57.72,2252.66,163.42,642.10,41.23,2161.27,166.05,428.82,253.55,50.63,94.46,228.25,1810.37,3561.23,2.55,150.84,121.42,605.69,2.80,961.76,59.38,498.90
2026-03-06T18:40:00Z,57.18,2149.78,165.79,975.50,45.43,2189.36,164.89,446.87,57.55,2257.90,163.60,633.72,40.99,2167.11,166.35,416.23,250.88,48.20,95.23,224.35,1795.11,3553.65,2.36,149.37,122.46,609.22,3.08,943.36,61.01,503.57
2026-03-06T18:50:00Z,57.10,2146.94,166.01,966.56,45.41,2195.08,164.38,452.15,57.81,2265.88,163.97,635.53,41.21,2178.60,166.88,416.44,249.95,49.70,94.54,223.27,1801.54,3563.13,2.51,149.75,120.40,600.18,3.07,950.10,59.69,502.84
2026-03-06T19:00:00Z,57.21,2138.38,166.89,976.72,45.51,2185.77,164.44,457.62,57.90,2256.78,163.65,641.92,40.68,2181.38,166.37,418.24,248.21,51.31,95.72,224.30,1795.11,3541.83,2.47,149.57,120.17,599.35,3.01,946.36,60.97,509.12
2026-03-06T19:10:00Z,57.14,2136.38,166.38,982.97,45.42,2182.95,164.34,460.43,58.01,2251.92,163.38,638.46,40.71,2182.82,165.76,406.49,250.31,50.51,96.38,223.12,1803.33,3547.83,2.45,151.76,117.73,591.82,3.05,950.88,60.36,492.65
2026-03-06T19:20:00Z,57.02,2146.14,166.65,966.02,45.26,2188.83,165.07,469.01,57.92,2248.77,163.75,643.08,41.45,2158.60,165.51,408.20,247.27,50.86,96.51,220.52,1795.62,3556.41,2.40,150.14,117.84,597.50,3.10,946.31,60.07,490.56
2026-03-06T19:30:00Z,57.14,2139.20,167.05,984.76,45.51,2182.85,164.91,461.60,58.11,2250.84,163.98,640.83,41.32,2166.19,165.41,412.00,253.18,51.16,96.66,227.51,1801.87,3556.10,2.42,148.88,121.04,600.14,2.99,947.98,60.40,497.36
2026-03-06T19:40:00Z,57.02,2147.64,166.47,975.30,45.62,2188.77,165.92,471.70,58.10,2237.02,164.18,659.44,41.44,2164.03,165.38,418.56,253.07,52.26,95.99,226.50,1804.04,3543.30,2.52,150.00,120.22,592.33,3.10,954.25,58.97,494.30
2026-03-06T19:50:00Z,57.36,2146.99,166.63,960.32,45.25,2187.25,165.12,470.59,58.48,2244.23,163.75,654.73,40.96,2181.40,165.00,406.72,249.77,50.65,95.52,225.83,1802.13,3550.87,2.35,149.93,119.78,599.88,2.80,953.41,58.15,495.89
2026-03-06T20:00:00Z,57.16,2144.78,166.76,965.06,45.05,2197.78,164.75,451.11,58.88,2235.84,163.89,653.82,40.82,2175.48,165.28,413.27,252.36,49.01,95.17,226.26,1803.82,3552.21,2.52,149.70,122.87,602.86,3.43,962.42,60.71,485.97
2026-03-06T20:10:00Z,57.24,2150.35,165.59,960.44,45.17,2194.33,164.67,448.35,59.00,2223.15,164.35,686.23,40.44,2174.53,165.48,413.08,254.20,51.58,95.49,227.86,1805.71,3547.81,2.41,151.52,122.46,599.00,3.26,952.88,60.95,492.95
2026-03-06T20:20:00Z,57.19,2146.86,165.77,952.03,45.26,2181.95,164.70,440.14,58.97,2219.98,164.51,679.47,40.62,2188.44,165.33,405.09,252.95,49.53,95.30,224.36,1802.52,3573.58,2.64,150.33,120.16,605.64,2.74,950.66,58.80,504.51
2026-03-06T20:30:00Z,56.89,2142.55,165.93,965.07,45.02,2195.90,165.63,454.87,58.83,2232.16,163.99,669.13,40.49,2185.62,165.39,411.21,250.16,50.27,94.68,222.84,1797.01,3546.80,2.51,149.03,119.56,598.44,2.91,949.08,60.04,503.75
2026-03-06T20:40:00Z,56.99,2156.82,166.17,971.05,45.37,2184.97,165.85,459.17,58.79,2230.79,163.59,666.07,40.36,2187.50,165.46,407.60,251.80,51.13,94.80,226.83,1797.61,3537.25,2.66,149.68,118.80,602.77,3.02,948.47,59.32,495.86
2026-03-06T20:50:00Z,57.06,2154.15,165.80,952.49,45.39,2185.43,165.72,457.24,58.58,2223.17,163.26,664.85,40.65,2183.68,165.55,392.23,248.07,49.70,95.25,223.29,1795.36,3562.29,2.47,150.72,119.33,598.16,2.81,947.70,59.79,502.10
2026-03-06T21:00:00Z,56.81,2151.88,166.07,981.89,45.15,2201.04,166.29,466.14,58.68,2226.53,163.52,670.48,40.43,2186.37,164.98,399.47,250.41,49.45,96.07,226.23,1801.50,3543.67,2.59,150.13,122.30,602.12,3.33,954.41,59.98,496.33
2026-03-06T21:10:00Z,56.65,2156.58,166.85,975.80,45.43,2191.52,165.55,469.36,58.70,2233.11,163.60,672.86,40.35,2189.39,164.78,399.22,248.16,49.79,95.06,224.23,1798.05,3544.92,2.45,150.09,118.74,599.60,3.24,948.26,60.64,495.64
2026-03-06T21:20:00Z,56.89,2154.44,167.54,962.27,45.63,2186.71,166.25,472.66,58.94,2240.17,163.79,656.91,40.60,2179.03,164.44,383.92,252.26,49.82,94.85,228.56,1802.51,3536.33,2.63,150.92,120.64,605.54,3.31,948.84,61.69,510.25
2026-03-06T21:30:00Z,57.35,2140.53,167.36,979.81,45.43,2184.74,165.43,475.07,58.52,2236.25,163.44,663.10,40.57,2177.63,165.94,407.74,255.38,49.50,94.24,229.92,1801.73,3543.24,2.54,149.64,123.50,605.89,3.00,953.73,61.60,510.81
2026-03-06T21:40:00Z,56.99,2149.46,167.56,974.38,46.12,2177.49,165.56,467.07,57.89,2243.36,163.67,649.05,40.38,2184.45,165.38,406.01,255.03,50.94,95.41,231.71,1805.64,3556.67,2.59,149.22,123.72,605.48,3.11,955.86,61.19,497.25
2026-03-06T21:50:00Z,57.57,2155.15,167.54,961.10,45.95,2183.59,165.38,480.92,57.89,2256.66,163.47,640.17,40.81,2178.53,164.80,408.88,255.00,51.24,95.32,231.32,1807.93,3550.09,2.54,149.48,123.02,597.97,2.75,953.55,60.34,484.99
2026-03-06T22:00:00Z,58.00,2130.15,166.95,979.79,45.47,2188.82,165.30,470.43,57.91,2254.57,163.25,626.70,41.19,2168.05,164.93,410.49,253.41,51.67,95.82,223.89,1799.40,3541.63,2.53,151.05,121.23,595.39,3.17,948.10,58.34,485.21
2026-03-06T22:10:00Z,57.96,2134.22,166.87,996.48,45.66,2187.75,166.35,482.60,57.97,2251.85,163.42,635.83,41.11,2166.40,165.60,414.34,252.15,51.82,95.29,230.54,1814.14,3549.41,2.21,150.03,120.20,604.24,2.87,961.52,59.00,503.65
2026-03-06T22:20:00Z,57.85,2128.74,166.59,1001.49,45.55,2192.50,166.08,464.20,57.78,2246.65,163.54,637.13,41.47,2169.65,166.22,416.28,251.34,50.90,95.29,224.51,1796.86,3551.03,2.27,149.99,120.45,599.77,2.95,956.75,60.52,498.35
2026-03-06T22:30:00Z,57.94,2127.22,167.40,1004.53,45.90,2181.08,165.87,483.23,57.57,2252.31,163.50,630.78,41.92,2155.26,165.79,426.56,257.34,52.23,95.23,230.85,1807.89,3552.44,2.28,148.46,123.24,613.32,3.32,944.69,60.29,500.71
2026-03-06T22:40:00Z,58.15,2129.93,167.13,1008.59,46.15,2174.32,165.44,484.13,57.88,2254.86,163.52,624.35,42.05,2159.56,165.97,426.65,252.53,51.45,95.51,226.86,1804.41,3552.13,2.48,151.81,122.43,593.44,2.83,952.20,60.49,496.43
2026-03-06T22:50:00Z,57.91,2145.48,167.12,1002.81,46.51,2170.19,165.92,494.54,58.43,2244.50,163.21,644.84,41.75,2154.83,166.10,429.97,255.13,52.56,95.30,231.51,1810.12,3545.49,2.41,149.61,119.70,598.21,3.26,954.28,60.56,495.37
2026-03-06T23:00:00Z,57.93,2142.37,166.73,991.13,46.34,2166.91,165.56,487.09,58.48,2238.01,162.71,646.31,41.91,2152.63,166.99,442.44,257.78,52.64,94.51,233.32,1805.45,3558.69,2.42,,123.15,601.16,2.82,953.73,60.92,493.37
2026-03-06T23:10:00Z,58.04,2132.62,166.81,999.33,46.20,2166.73,165.62,492.31,59.04,2231.06,163.10,673.30,41.87,2147.68,166.82,447.96,260.20,53.46,95.13,234.01,1809.82,3558.30,2.73,149.10,125.98,604.29,3.10,955.96,60.51,510.21
2026-03-06T23:20:00Z,57.95,2135.40,166.44,992.23,46.46,2164.88,165.54,512.35,58.91,2232.82,163.76,677.68,41.19,2157.33,166.34,436.18,258.43,53.08,95.94,231.24,1805.30,3540.87,2.53,149.21,125.64,612.84,2.60,951.74,60.81,509.19
2026-03-06T23:30:00Z,57.39,2142.28,166.16,991.92,46.50,2175.96,165.29,497.03,58.87,2215.70,163.72,675.02,41.11,2161.81,166.37,433.54,257.94,52.70,95.21,229.97,1801.03,3561.79,2.43,149.56,122.08,597.55,3.02,949.29,60.25,
2026-03-06T23:40:00Z,57.91,2125.88,166.54,1005.43,47.01,2176.22,165.27,479.64,58.62,2223.67,164.19,671.26,41.12,2174.05,165.66,417.08,261.13,52.09,94.80,234.94,1801.67,3542.01,2.50,149.01,125.72,605.34,3.10,950.29,59.70,517.00
2026-03-06T23:50:00Z,58.20,2117.38,166.68,1000.67,47.14,2156.47,165.24,505.63,58.73,2227.05,163.68,672.66,41.05,2174.56,165.24,417.46,257.50,53.44,94.70,233.46,1805.52,3557.24,2.79,151.24,124.37,605.88,2.99,950.84,60.91,502.85
2026-03-07T00:00:00Z,58.19,2123.25,166.05,1000.06,46.79,2162.56,165.57,485.81,58.80,2230.98,163.94,670.42,41.21,2166.57,166.21,414.14,259.70,51.99,94.40,233.61,1808.65,3560.68,2.45,148.65,123.99,602.87,2.87,952.81,61.77,502.46
2026-03-07T00:10:00Z,58.19,2123.97,166.98,998.27,46.95,2161.09,165.50,505.38,58.76,2238.85,164.31,657.49,41.50,2164.35,165.77,412.03,259.15,53.72,93.66,233.91,1806.13,3548.86,2.29,151.05,123.38,606.49,2.93,951.14,60.23,507.12
2026-03-07T00:20:00Z,58.35,2123.83,167.51,999.41,46.92,2152.24,166.24,505.87,58.91,2229.66,163.87,660.84,41.67,2163.52,166.35,421.76,256.85,53.64,95.05,230.28,1800.55,3546.63,2.45,149.68,124.03,608.97,3.54,945.36,60.00,514.30
2026-03-07T00:30:00Z,58.62,2107.37,166.98,1016.71,47.35,2148.67,165.94,496.85,58.89,2224.16,163.96,668.94,41.40,2156.26,165.90,431.06,258.90,53.91,96.45,232.63,1798.78,3544.95,2.30,149.79,123.97,605.52,3.12,944.05,60.37,510.96
2026-03-07T00:40:00Z,58.62,2105.01,167.43,1021.47,46.88,2147.25,165.85,506.50,58.84,2228.09,163.25,672.75,41.19,2151.90,165.98,428.40,260.65,54.56,95.76,229.97,1806.99,3551.13,2.44,148.18,124.19,612.21,3.28,958.44,59.68,502.72
2026-03-07T00:50:00Z,58.32,2118.46,167.68,1018.85,46.56,2162.22,166.00,501.24,58.65,2223.08,164.10,672.94,41.08,2160.27,166.56,416.15,257.05,53.11,95.17,231.45,1800.90,3550.53,2.68,149.97,123.52,605.57,3.07,942.11,59.73,513.65
2026-03-07T01:00:00Z,58.35,2118.48,167.72,1004.48,47.05,2150.94,166.22,503.22,58.82,2228.77,164.58,684.49,41.14,2169.35,165.51,411.14,256.98,53.77,96.00,234.17,1818.39,3534.93,2.66,149.59,123.56,606.08,2.90,957.17,60.22,503.93
2026-03-07T01:10:00Z,58.63,2105.23,168.33,1020.73,47.22,2143.40,165.64,525.47,59.02,2231.86,163.38,681.74,41.30,2168.42,166.27,422.59,259.53,54.40,95.59,237.78,1807.20,3552.88,2.64,149.78,123.48,611.14,2.72,948.58,60.31,516.73
2026-03-07T01:20:00Z,58.51,2113.31,168.12,1010.78,47.18,2145.72,166.03,526.26,59.26,2207.81,164.31,690.16,41.38,2173.63,166.37,423.12,260.03,53.89,95.68,231.92,1798.49,3550.42,2.59,148.66,124.69,605.55,3.32,956.36,59.09,503.81
2026-03-07T01:30:00Z,58.51,2108.81,167.11,1026.52,46.82,2156.35,166.03,517.39,59.21,2221.65,164.51,684.69,41.61,2172.12,166.93,405.36,263.14,54.40,96.39,240.89,1816.16,3547.42,2.49,149.85,128.02,610.11,2.95,953.00,59.50,507.41
2026-03-07T01:40:00Z,58.58,2109.25,167.43,1026.93,47.12,2157.43,166.18,524.24,59.24,2218.97,165.00,687.01,42.04,2166.54,165.53,420.81,259.67,55.51,95.94,231.78,1817.75,3546.89,2.64,147.02,124.09,609.16,2.76,956.93,58.89,513.23
2026-03-07T01:50:00Z,58.78,2107.71,167.43,1040.28,46.82,2151.92,166.52,520.40,59.16,2221.98,164.90,698.66,41.87,2158.74,165.80,431.58,258.27,56.33,96.61,235.34,1807.57,3548.78,2.43,148.33,123.57,605.07,3.00,948.65,58.60,507.93
2026-03-07T02:00:00Z,58.56,2106.24,167.51,1041.50,47.42,2141.30,167.22,515.80,59.02,2224.81,164.66,690.53,41.92,2159.02,165.40,431.16,261.33,56.54,95.67,238.26,1811.15,3563.27,2.42,150.05,125.39,601.46,2.96,959.32,58.03,507.25
2026-03-07T02:10:00Z,58.60,2110.59,167.71,1031.76,47.50,2145.38,166.79,523.36,58.59,2222.75,163.83,679.25,42.04,2139.19,165.25,445.42,258.71,53.18,95.56,232.86,1808.71,3542.14,2.52,150.98,124.79,595.81,2.95,957.85,58.03,489.84
2026-03-07T02:20:00Z,58.63,2108.25,167.18,1032.78,47.43,2144.78,166.58,527.09,58.63,2229.18,163.95,679.60,41.88,2144.90,165.85,451.23,261.77,52.49,96.10,234.97,1797.28,3556.12,2.79,152.05,127.41,612.79,3.03,941.95,59.30,514.35
2026-03-07T02:30:00Z,58.66,2109.49,166.73,1029.39,47.30,2142.03,166.61,538.27,58.70,2228.48,163.58,677.93,42.15,2151.25,166.34,454.85,263.07,52.97,95.60,237.97,1814.68,3556.65,2.47,149.48,125.91,606.53,3.03,956.64,60.95,504.10
2026-03-07T02:40:00Z,58.74,2103.88,166.82,1038.05,47.09,2146.76,166.32,530.20,58.50,2222.17,164.51,674.20,42.00,2150.36,166.75,456.74,262.02,54.43,95.28,237.11,1814.62,3545.56,2.41,148.70,127.75,607.12,2.91,950.98,60.72,499.13
2026-03-07T02:50:00Z,58.91,2091.43,167.64,1031.22,47.11,2154.54,166.45,537.50,58.11,2240.03,164.05,659.13,41.93,2152.25,166.40,447.71,261.93,56.71,95.69,235.45,1810.34,3559.63,2.59,150.84,126.59,611.76,2.70,951.27,59.59,502.75
2026-03-07T03:00:00Z,58.67,2090.21,168.15,1039.18,47.31,2143.08,166.56,525.42,58.02,2258.04,164.31,661.71,41.83,2157.46,166.51,460.09,263.61,55.02,96.07,241.18,1812.88,3550.16,2.54,150.50,126.49,608.13,2.72,958.94,59.92,505.26
2026-03-07T03:10:00Z,58.64,2110.41,167.69,1045.63,47.71,2143.59,167.11,553.01,57.57,2261.22,164.19,634.10,41.95,2156.43,166.12,442.25,262.14,55.42,95.80,237.15,1802.91,3543.09,2.28,151.49,124.37,604.47,2.99,952.57,59.36,501.47
2026-03-07T03:20:00Z,58.84,2105.62,168.37,1055.07,47.46,2154.51,166.33,549.30,57.52,2264.83,164.46,618.38,41.83,2157.36,165.75,426.13,261.78,54.60,95.59,237.65,1805.82,3546.36,2.41,150.90,128.19,601.42,3.19,951.42,59.88,502.19
2026-03-07T03:30:00Z,58.83,2108.59,168.19,1043.83,47.46,2138.85,166.58,535.49,,2262.84,163.84,620.46,42.23,2159.04,165.48,437.01,260.04,54.42,95.91,238.32,1810.51,3554.65,2.59,149.94,123.88,602.57,3.16,961.21,60.84,493.17
2026-03-07T03:40:00Z,58.70,2094.83,167.18,1047.13,46.88,2143.84,166.49,528.74,57.55,2259.68,163.38,616.57,42.35,2151.12,166.06,439.04,258.05,54.08,96.08,232.51,1807.25,3563.16,2.64,150.83,122.71,598.75,2.73,945.98,61.20,493.82
2026-03-07T03:50:00Z,58.84,2091.65,167.20,1044.97,46.91,2157.94,167.37,540.71,57.32,2260.07,163.82,616.09,42.08,2143.59,166.45,445.66,259.42,53.28,95.71,230.60,1805.20,3558.08,2.37,151.02,124.05,605.67,3.07,944.28,60.50,510.66
2026-03-07T04:00:00Z,58.69,2111.21,167.44,1026.76,47.08,2147.88,166.51,527.91,57.03,2261.82,163.73,620.90,42.03,2145.17,167.18,460.05,262.68,53.93,95.44,238.30,1815.33,3558.49,2.41,150.00,126.99,608.07,3.06,956.90,59.60,515.69
2026-03-07T04:10:00Z,58.81,2107.57,167.59,1042.05,46.88,2155.48,165.85,523.08,57.28,2265.14,163.50,619.22,42.00,2148.60,166.99,462.04,261.85,53.97,95.64,232.88,1810.78,3545.90,2.83,150.80,127.87,613.18,2.97,947.84,59.37,513.96
2026-03-07T04:20:00Z,58.50,2111.54,167.34,1033.58,46.72,2150.13,165.70,519.66,57.44,2255.84,163.74,628.78,42.33,2142.34,166.54,457.14,256.72,53.30,95.82,232.50,1804.76,3544.73,2.36,150.37,123.53,608.61,3.12,959.63,59.88,502.29
2026-03-07T04:30:00Z,58.19,2108.15,166.66,1028.78,46.37,2158.75,165.52,516.12,57.35,2269.05,163.34,629.55,42.05,2149.47,165.94,455.95,260.60,54.72,95.89,233.47,1810.39,3560.95,2.43,150.16,126.29,606.25,3.17,957.92,59.64,508.31
2026-03-07T04:40:00Z,58.63,2113.18,167.15,1043.28,46.42,2159.30,165.88,514.99,57.55,2258.24,163.74,644.01,41.60,2156.84,165.84,447.51,265.81,55.26,95.54,241.62,1811.90,3546.32,2.63,148.79,127.94,612.15,3.24,956.73,60.91,514.07
2026-03-07T04:50:00Z,58.34,2114.55,167.24,1030.23,46.59,2159.49,166.51,508.86,57.88,2249.68,163.59,645.47,41.44,2167.01,165.71,450.46,258.06,55.83,94.79,233.21,1808.32,3545.89,2.31,148.52,123.11,600.85,2.88,955.08,60.08,504.98
2026-03-07T05:00:00Z,58.32,2116.87,166.89,1035.46,46.29,2161.74,166.12,504.47,57.91,2245.07,163.40,648.97,41.68,2166.83,166.08,435.40,257.54,54.77,94.29,234.89,1806.00,3551.90,2.76,151.33,122.93,601.09,3.22,954.14,60.10,499.38
2026-03-07T05:10:00Z,58.25,2118.41,167.06,1024.42,46.76,2151.94,166.21,507.34,57.72,2243.48,163.39,660.90,41.76,2152.57,166.16,439.44,256.76,56.14,94.06,230.31,1800.86,3556.37,2.50,149.11,126.83,613.25,2.73,948.35,60.99,515.86
2026-03-07T05:20:00Z,57.91,2127.86,167.50,1009.70,47.07,2160.32,166.45,502.88,57.64,2256.13,162.82,657.52,42.15,2151.70,165.99,452.70,256.33,53.63,94.77,231.27,1804.58,3552.10,2.31,149.54,124.66,608.49,3.11,951.76,59.57,509.04
2026-03-07T05:30:00Z,57.91,2122.59,167.24,1009.61,46.81,2152.85,166.06,515.25,57.97,2263.45,163.04,650.05,42.10,2149.13,166.94,458.72,260.59,54.10,94.55,235.33,1811.11,3562.81,2.43,148.98,123.48,604.94,2.85,961.95,60.36,505.28
2026-03-07T05:40:00Z,57.90,2114.13,166.75,1019.58,46.58,2155.56,165.94,510.54,58.00,2265.98,163.31,650.60,42.25,2144.16,166.90,459.01,259.76,54.93,94.92,230.02,1809.77,3546.53,2.86,146.98,122.83,602.96,2.97,944.85,59.99,504.05
2026-03-07T05:50:00Z,57.94,2126.70,166.74,1010.96,46.93,2155.37,166.10,495.49,57.90,2260.01,163.72,641.34,42.30,2149.08,166.30,472.66,262.36,54.90,94.87,240.18,1813.20,3539.25,2.57,150.71,125.97,605.55,3.13,949.70,60.10,495.40
2026-03-07T06:00:00Z,57.07,2141.18,166.61,1002.22,47.09,2151.38,165.72,503.03,57.98,2246.49,164.12,641.25,42.13,2161.77,166.52,459.11,258.32,57.30,94.76,233.02,1812.88,3542.96,2.28,149.50,124.53,606.65,2.96,952.22,59.96,504.04
2026-03-07T06:10:00Z,57.25,2142.07,167.53,993.29,47.21,2157.82,165.80,508.45,58.01,2246.84,163.63,648.18,42.06,2158.78,166.45,455.58,258.96,54.43,95.68,232.45,1798.12,3548.74,2.67,149.45,125.19,619.09,2.92,954.41,60.12,514.82
2026-03-07T06:20:00Z,57.28,2138.24,167.30,989.75,47.06,2150.26,166.32,513.50,57.87,2253.25,163.53,656.00,42.62,2142.22,166.81,462.94,259.58,54.54,95.87,231.95,1808.55,3542.33,2.58,150.65,124.19,605.00,3.38,951.70,60.50,499.32
2026-03-07T06:30:00Z,57.58,2140.10,166.68,987.56,46.68,2161.00,165.97,505.63,57.83,2249.68,163.71,651.27,42.82,2132.12,165.84,472.67,256.93,53.48,95.69,233.59,1801.09,3550.80,2.65,150.02,123.24,600.36,3.21,952.05,59.82,508.41
2026-03-07T06:40:00Z,57.24,2144.60,166.44,971.40,46.16,2165.27,166.12,507.44,57.41,2259.11,163.16,640.90,42.44,2138.04,166.15,462.10,249.86,53.36,95.27,226.32,1796.84,3544.28,2.34,150.00,119.95,604.20,2.83,943.63,60.64,498.21
2026-03-07T06:50:00Z,57.59,2137.91,166.61,991.50,46.21,2168.32,165.92,491.80,57.40,2256.98,163.25,636.10,42.30,2136.11,166.44,460.98,254.94,53.58,96.01,231.02,1812.90,3556.04,2.59,150.45,122.83,606.83,3.48,957.69,61.31,505.24
2026-03-07T07:00:00Z,57.42,2134.75,166.42,996.15,46.48,2172.88,166.33,505.32,57.33,2273.51,163.36,622.24,42.39,2135.08,166.80,478.99,254.95,52.83,95.27,231.11,1799.38,3540.78,2.52,150.23,123.67,608.89,2.71,948.88,61.58,503.22
2026-03-07T07:10:00Z,56.99,2141.37,166.84,984.68,46.10,2175.58,165.97,507.24,57.55,2267.70,162.98,616.41,42.56,2131.77,166.30,486.12,257.76,51.46,95.19,233.34,1805.70,3543.26,2.73,149.84,125.18,614.11,2.66,951.05,59.98,508.08
2026-03-07T07:20:00Z,57.31,2146.11,167.37,987.93,46.23,2174.63,166.44,508.51,57.63,2252.83,163.52,634.56,42.13,2134.78,166.56,483.11,254.65,54.14,95.56,226.61,1788.07,3550.88,2.38,149.18,123.86,604.25,3.29,946.45,60.06,504.41
2026-03-07T07:30:00Z,57.05,2146.13,166.85,987.86,46.58,2165.91,166.11,510.09,57.74,2248.26,163.44,639.66,41.91,2158.41,165.83,456.08,258.27,52.85,94.79,231.09,1806.15,3542.44,2.33,149.25,124.14,606.19,2.84,951.95,60.31,509.23
2026-03-07T07:40:00Z,56.98,2151.82,166.75,978.73,46.96,2145.36,166.57,513.02,57.74,2245.15,162.50,630.20,41.86,2157.68,166.46,441.79,255.67,51.37,95.56,229.28,1801.38,3549.85,2.63,150.68,125.15,610.69,2.86,955.95,60.47,507.14
2026-03-07T07:50:00Z,56.77,2161.38,166.48,965.29,46.81,2156.61,166.84,515.72,57.61,2256.40,162.86,625.54,41.20,2167.22,166.85,439.07,255.33,51.07,95.88,227.32,1804.91,3550.83,2.44,150.30,122.61,605.36,3.32,951.10,60.54,493.11
2026-03-07T08:00:00Z,57.16,2157.54,166.19,969.97,46.94,2147.81,166.95,530.32,57.58,2260.93,162.45,625.61,41.21,2171.48,166.35,427.77,253.83,52.60,94.89,231.34,1804.68,3559.41,2.61,150.25,122.56,605.52,3.22,957.62,61.02,500.88
2026-03-07T08:10:00Z,56.82,2156.95,166.51,953.88,46.95,2154.98,166.81,531.51,58.07,2251.99,163.26,643.68,41.02,2180.98,167.02,425.19,259.93,53.12,95.53,235.78,1805.43,3549.64,2.54,150.72,128.06,610.90,3.19,946.87,61.06,510.76
2026-03-07T08:20:00Z,56.88,2164.78,166.41,950.99,46.52,2153.88,167.08,515.23,58.03,2258.57,163.66,641.32,41.15,2172.60,167.13,429.42,255.62,52.23,96.38,227.81,1795.19,3543.94,2.48,150.15,123.10,608.85,3.02,951.41,59.07,498.38
2026-03-07T08:30:00Z,56.80,2168.49,165.76,948.78,46.27,2152.49,166.85,518.62,57.87,2253.70,163.27,649.40,41.02,2170.58,166.49,417.23,256.93,51.65,95.70,231.33,1815.84,3561.55,2.58,151.62,122.91,598.92,2.82,954.06,59.11,509.42
2026-03-07T08:40:00Z,56.79,2165.17,166.32,946.13,46.55,2154.36,166.84,531.52,58.43,2244.32,164.36,646.67,41.22,2173.75,165.61,414.63,253.39,50.65,96.11,226.69,1801.24,3528.67,2.36,151.01,122.53,606.11,2.57,957.50,58.25,498.49
2026-03-07T08:50:00Z,57.15,2146.88,166.38,975.18,46.58,2146.02,166.49,526.46,58.69,2235.08,164.46,657.03,41.49,2171.10,165.33,407.09,257.64,51.66,96.17,234.62,1806.81,3561.38,2.20,151.16,125.58,608.15,3.09,956.76,60.52,510.05
2026-03-07T09:00:00Z,57.34,2140.01,166.32,993.54,46.10,2160.33,166.69,519.97,58.67,2231.91,164.19,668.82,41.45,2168.01,165.17,399.84,260.11,52.70,95.71,236.61,1806.78,3548.92,2.66,150.26,122.70,601.33,2.99,961.13,58.65,500.34
2026-03-07T09:10:00Z,57.49,2135.87,165.77,992.29,45.59,2162.31,166.19,499.86,59.23,2220.54,164.55,678.35,41.40,2166.17,165.27,423.93,253.13,54.46,96.21,229.20,1803.75,3542.60,2.52,150.93,119.79,597.69,3.17,951.15,59.16,500.81
2026-03-07T09:20:00Z,57.67,2137.28,166.69,1000.53,45.71,2174.95,166.60,487.45,59.49,2217.63,164.80,691.55,41.72,2170.69,165.66,423.38,255.18,53.17,95.75,227.51,1806.29,3565.81,2.81,150.66,122.19,593.54,3.14,955.42,59.23,498.85
2026-03-07T09:30:00Z,57.89,2128.30,166.99,1004.40,45.91,2177.72,166.23,481.37,59.58,2208.91,164.98,703.03,41.61,2163.39,165.30,429.07,255.98,54.89,95.73,235.69,1820.01,3556.25,2.25,151.12,119.69,600.17,3.02,958.24,60.36,496.87
2026-03-07T09:40:00Z,57.97,2123.38,167.28,1038.18,46.21,2175.47,166.34,493.14,59.64,2209.25,164.88,704.99,41.77,2147.81,166.26,441.32,258.22,55.71,95.48,234.01,1814.87,3550.11,2.62,151.13,124.02,603.07,3.21,957.71,61.56,500.49
2026-03-07T09:50:00Z,57.36,2137.38,167.94,1006.94,46.35,2164.50,166.25,487.10,59.74,2218.07,164.63,694.62,41.96,2141.84,166.52,461.91,255.71,55.08,96.28,231.18,1804.71,3554.39,2.43,149.92,121.48,606.58,3.09,949.75,60.87,503.17
2026-03-07T10:00:00Z,57.32,2138.40,166.98,997.06,46.79,2160.54,166.00,493.90,59.40,2213.61,165.42,706.80,42.47,2139.42,166.83,478.72,265.47,54.75,95.89,235.15,1809.73,3543.04,2.45,149.94,128.92,620.45,2.83,951.34,60.41,520.97
2026-03-07T10:10:00Z,57.22,2136.97,167.00,993.47,46.91,2141.43,166.65,512.76,59.56,2211.21,165.02,696.79,42.50,2136.93,167.30,463.07,264.87,55.69,96.77,238.14,1818.23,3540.34,2.58,150.81,128.76,612.21,3.43,966.29,60.58,498.48
2026-03-07T10:20:00Z,57.42,2139.40,166.88,975.55,46.43,2152.02,166.35,508.25,59.58,2206.50,165.74,707.18,42.45,2132.34,166.59,469.04,257.08,54.66,96.49,231.05,1810.24,3551.00,2.46,149.08,124.27,610.07,2.82,955.81,59.62,503.42
2026-03-07T10:30:00Z,57.12,2141.61,166.47,966.09,46.61,2157.72,165.96,522.17,59.31,2212.55,165.20,699.07,42.33,2142.65,166.47,453.99,259.79,53.68,95.63,234.10,1801.57,3551.30,2.50,149.34,121.46,602.92,3.12,954.39,60.54,494.04
2026-03-07T10:40:00Z,57.34,2139.62,166.80,980.21,46.86,2150.06,166.04,505.03,59.39,2218.27,164.32,701.01,42.30,2155.62,166.38,453.61,264.04,53.95,95.18,238.14,1810.35,3542.93,2.53,149.50,126.91,599.17,2.87,951.86,60.08,498.19
2026-03-07T10:50:00Z,57.30,2139.26,167.29,987.09,47.33,2151.91,165.83,531.76,59.22,2224.58,164.71,683.06,42.70,2150.70,166.98,461.40,263.94,53.31,95.37,237.51,1811.59,3548.55,2.67,151.10,125.19,614.73,3.14,962.63,58.84,512.59
2026-03-07T11:00:00Z,57.44,2137.47,166.78,992.04,47.25,2145.51,166.91,515.24,58.52,2235.52,164.02,665.88,,2133.77,166.93,484.98,261.20,54.94,95.60,234.98,1806.65,3535.59,2.34,148.78,126.21,607.05,2.98,946.46,59.92,502.96
2026-03-07T11:10:00Z,57.14,2143.30,167.08,976.32,47.78,2126.67,166.82,548.10,58.62,2241.22,164.58,667.12,42.47,2139.15,167.35,470.78,259.26,54.28,94.70,237.00,1803.31,3540.76,2.43,150.20,126.09,610.13,2.73,948.93,59.00,510.15
2026-03-07T11:20:00Z,57.20,2142.04,167.01,987.54,48.52,2119.80,167.67,542.44,58.52,2234.32,164.13,670.36,42.35,2147.84,167.40,465.34,263.68,57.29,94.97,235.29,1804.46,3554.19,2.59,149.86,125.68,608.90,3.14,957.45,60.36,516.56
2026-03-07T11:30:00Z,57.67,2139.35,167.10,994.59,48.21,2113.49,166.72,542.67,58.48,2239.34,163.57,662.33,42.79,2139.07,,452.47,258.90,56.82,94.66,233.93,1805.84,3542.68,2.65,149.61,123.79,603.17,2.82,949.57,59.76,495.27
2026-03-07T11:40:00Z,57.42,2139.92,167.37,996.37,48.16,2116.16,167.62,543.38,58.53,2226.07,163.90,677.38,42.89,2134.58,167.13,476.51,258.79,54.78,94.71,231.86,1794.63,3546.54,2.35,148.96,125.06,598.88,2.76,945.48,60.75,497.26
2026-03-07T11:50:00Z,57.80,2140.12,166.97,1004.80,48.16,2116.21,167.69,566.58,58.38,2234.87,163.72,670.83,42.56,2139.01,167.65,472.20,257.87,53.64,95.30,231.86,1811.19,3545.95,2.65,150.92,122.64,595.35,3.11,956.33,61.03,489.29
2026-03-07T12:00:00Z,57.60,2139.91,166.89,1003.16,48.24,2113.90,167.28,577.47,58.66,2237.83,163.68,666.61,42.63,2129.80,167.58,477.16,264.79,55.31,95.64,239.16,1809.16,3546.54,2.29,151.27,126.16,608.17,3.07,953.12,60.71,500.92
2026-03-07T12:10:00Z,57.19,2142.47,167.64,992.18,48.04,2118.15,167.19,575.81,58.60,2243.66,163.46,656.74,42.51,2136.34,166.81,465.13,259.38,53.98,95.54,237.40,1813.72,3551.58,2.35,149.93,127.99,614.53,2.95,956.79,59.23,513.23
2026-03-07T12:20:00Z,57.18,2150.03,167.40,970.45,47.67,2131.13,167.10,548.44,58.73,2241.30,163.60,659.54,42.65,2140.15,166.94,466.68,260.54,56.13,95.19,237.76,1809.41,3539.52,2.68,150.44,127.56,613.19,2.99,953.74,59.56,509.74
2026-03-07T12:30:00Z,57.21,2150.20,167.04,993.23,47.41,2140.51,167.16,535.97,58.41,2241.91,163.54,661.59,42.69,2130.18,167.31,467.12,259.36,57.04,95.90,230.97,1804.48,3544.45,2.83,151.42,122.19,606.20,3.20,958.63,60.37,496.89
2026-03-07T12:40:00Z,57.05,2149.18,166.74,975.28,47.07,2150.50,167.41,545.33,58.31,2252.91,162.96,654.51,42.92,2118.61,167.41,493.69,254.09,57.69,96.50,225.41,1803.78,3556.61,2.32,149.08,125.02,605.69,2.78,953.39,59.57,502.08
2026-03-07T12:50:00Z,57.37,2142.67,166.51,985.02,47.39,2148.95,167.30,532.95,58.36,2242.31,163.03,657.40,42.84,2135.90,167.43,488.88,259.87,57.82,95.25,236.77,1809.66,3552.43,2.44,149.53,123.19,607.55,3.15,956.25,60.16,515.66
2026-03-07T13:00:00Z,57.51,2137.30,165.93,996.43,47.64,2125.63,167.43,536.36,58.11,2252.21,163.02,645.37,42.58,2131.37,167.67,485.77,262.30,56.95,95.60,238.94,1812.69,3551.08,2.27,150.42,125.56,606.58,2.85,957.69,61.06,504.19
2026-03-07T13:10:00Z,57.56,2140.59,166.82,1011.25,47.81,2118.91,167.11,547.86,57.93,2256.72,163.44,639.42,42.57,2124.54,167.74,485.72,262.82,55.26,96.44,235.06,1818.34,3562.41,2.63,149.43,128.53,609.86,2.89,953.24,62.59,499.43
2026-03-07T13:20:00Z,57.56,2145.64,166.89,1006.45,47.57,2128.65,166.65,558.68,58.03,2242.40,163.83,643.94,42.69,2127.65,168.20,487.50,262.60,54.01,95.84,239.72,1810.18,3546.24,2.57,149.22,127.81,601.89,3.02,947.73,61.95,507.36
2026-03-07T13:30:00Z,57.68,2154.53,167.14,1002.09,47.46,2136.94,166.71,562.34,58.10,2250.11,163.81,645.23,42.43,2123.29,167.39,486.19,260.12,57.01,96.03,235.22,1807.78,3555.89,2.45,149.38,126.51,602.53,3.55,956.46,59.99,509.81
2026-03-07T13:40:00Z,57.78,2136.11,167.47,989.69,47.24,2138.11,165.61,547.47,58.22,2236.56,163.68,634.57,42.37,2128.71,167.31,482.14,262.56,55.47,96.21,234.46,1802.21,3553.96,2.33,148.28,123.80,612.36,2.85,947.02,58.89,512.97
2026-03-07T13:50:00Z,57.77,2131.29,167.10,1006.77,47.18,2146.55,166.32,530.86,57.94,2245.72,162.85,634.94,42.48,2134.20,166.57,476.27,256.74,53.45,95.05,231.12,1805.92,3560.35,2.48,150.09,126.68,609.00,2.80,954.92,58.93,510.19
2026-03-07T14:00:00Z,57.78,2133.27,166.84,984.59,47.12,2149.17,166.21,536.67,57.85,2247.86,163.58,633.19,42.85,2130.57,166.73,481.91,258.00,54.49,95.10,231.04,1802.47,3557.76,2.60,151.03,125.36,603.49,2.92,953.59,59.46,498.35
2026-03-07T14:10:00Z,57.98,2127.26,166.79,995.98,47.52,2135.76,166.48,542.24,57.72,2268.51,163.68,631.19,43.20,2121.25,167.34,492.71,261.76,53.43,95.07,233.87,1808.21,3544.18,2.68,150.47,124.34,603.71,3.16,944.54,60.63,513.10
2026-03-07T14:20:00Z,57.98,2130.30,167.30,1001.73,47.42,2133.75,166.26,527.68,57.04,2265.19,163.30,636.56,43.11,2126.15,167.34,480.91,257.49,52.30,96.28,230.75,1798.87,3538.08,2.65,149.39,124.47,603.36,2.88,951.08,60.58,493.46
2026-03-07T14:30:00Z,57.86,2124.44,167.25,1004.21,47.32,2131.72,166.57,534.83,57.04,2272.64,162.78,608.68,43.10,2131.83,166.50,470.44,258.11,52.83,96.36,234.89,1801.90,3549.89,2.46,149.49,124.46,607.24,3.20,951.52,60.13,499.53
2026-03-07T14:40:00Z,58.21,2122.42,166.55,1019.02,47.48,2135.27,166.36,522.69,57.26,2270.89,162.36,616.98,42.86,2138.37,166.47,472.00,253.30,52.40,96.05,226.54,1802.26,3558.25,2.54,150.58,121.69,606.54,2.95,953.11,60.30,504.00
2026-03-07T14:50:00Z,58.22,2119.53,167.67,1014.02,47.76,2124.82,166.32,539.97,57.44,2260.65,162.84,617.65,42.77,2129.04,166.69,487.28,255.99,53.60,95.52,226.98,1802.60,3555.44,2.71,149.13,121.67,598.16,2.68,951.08,61.27,502.32
2026-03-07T15:00:00Z,58.10,2125.67,167.48,1015.88,48.11,2110.67,166.53,548.99,57.47,2266.70,163.09,618.94,42.78,2135.04,166.47,487.32,255.98,52.19,95.01,230.32,1798.70,3555.74,2.34,150.71,122.56,595.55,3.01,946.35,62.06,507.81
2026-03-07T15:10:00Z,58.10,2127.42,167.54,1020.70,47.91,2119.42,166.33,549.30,57.84,2259.48,163.10,632.54,42.68,2131.45,166.35,470.10,257.38,53.47,94.89,233.53,1806.88,3551.44,2.49,148.58,122.35,599.69,2.74,948.41,60.02,501.15
2026-03-07T15:20:00Z,57.75,2141.06,166.74,1009.41,48.39,2114.71,166.62,557.61,57.90,2252.42,162.85,623.70,42.67,2127.16,167.24,479.46,257.93,53.59,94.58,231.72,1807.78,3560.30,2.58,150.49,125.40,607.63,2.93,957.73,59.84,497.60
2026-03-07T15:30:00Z,57.76,2134.06,166.36,994.72,48.16,2119.38,166.48,553.82,57.86,2257.10,163.16,628.95,42.98,2125.11,167.77,500.43,254.15,55.70,95.06,227.46,1798.11,3544.94,2.28,149.92,125.46,609.75,2.96,947.57,61.23,507.71
2026-03-07T15:40:00Z,57.65,2134.04,167.38,989.19,48.32,2117.21,166.35,561.35,58.07,2245.05,163.70,641.46,42.98,2123.65,167.15,500.86,260.94,57.19,95.43,232.59,1805.29,3549.00,2.80,150.94,124.16,608.20,2.73,953.94,58.80,517.79
2026-03-07T15:50:00Z,57.49,2136.59,167.15,986.18,48.47,2118.07,166.75,564.89,57.93,2253.74,163.82,635.00,42.91,2121.07,166.93,487.79,261.89,54.49,96.14,233.03,1813.79,3541.72,2.53,149.85,125.46,606.86,3.02,959.88,59.32,504.58
2026-03-07T16:00:00Z,58.06,2131.55,167.44,988.07,48.33,2117.82,166.49,562.57,58.13,2252.82,163.32,635.07,42.81,2120.59,166.82,485.29,261.86,55.10,96.19,232.21,1802.83,3556.55,2.53,148.70,125.78,607.40,3.26,956.03,59.26,516.44
2026-03-07T16:10:00Z,58.26,2131.06,167.40,1002.88,48.03,2131.21,167.43,560.05,57.67,2257.37,163.14,624.74,43.05,2123.17,166.66,483.88,255.66,54.83,95.80,231.93,1809.94,3553.86,2.83,148.74,121.70,598.20,3.06,954.61,59.61,498.09
2026-03-07T16:20:00Z,58.15,2136.10,166.30,997.96,47.98,2138.34,167.70,557.23,57.59,2252.28,163.10,620.81,43.00,2129.63,166.73,478.14,257.56,54.95,95.56,232.02,1801.57,3550.07,2.42,150.83,124.08,601.80,3.43,948.32,59.51,499.70
2026-03-07T16:30:00Z,58.13,2131.61,166.81,1002.41,47.67,2137.46,167.17,564.00,57.98,2249.65,162.64,632.39,42.75,2135.53,166.29,457.84,257.97,53.61,94.59,233.19,1802.49,3543.90,2.58,152.23,123.76,601.57,3.15,950.34,59.66,504.16
2026-03-07T16:40:00Z,57.80,2130.74,166.28,1007.52,47.57,2138.70,167.12,553.03,58.10,2248.46,162.35,658.84,42.42,2135.60,166.69,458.15,256.65,53.41,95.34,231.34,1804.57,3553.30,2.53,150.18,122.24,599.56,2.80,,59.73,495.16
2026-03-07T16:50:00Z,57.71,2139.97,166.50,1008.81,47.39,2154.97,166.85,519.42,58.21,2246.73,162.58,658.34,42.45,2141.45,167.02,450.14,257.88,55.22,96.07,228.34,1799.61,3541.60,2.54,147.84,123.19,599.73,3.00,949.69,58.93,502.89
2026-03-07T17:00:00Z,57.50,2141.80,166.97,991.75,47.54,2145.90,166.15,542.74,58.60,2239.48,163.37,662.02,42.51,,167.26,463.96,254.42,52.82,95.86,232.30,1803.12,3553.11,2.57,149.38,123.64,603.84,2.81,950.55,57.50,505.58
2026-03-07T17:10:00Z,57.93,2119.73,167.20,996.27,47.66,2143.56,166.57,538.80,59.05,2239.04,163.60,667.95,41.71,2164.79,166.09,451.49,260.70,53.61,96.53,230.95,1796.24,3552.49,2.51,148.66,126.58,609.07,3.23,946.86,59.63,500.77
2026-03-07T17:20:00Z,58.11,2118.95,166.78,999.53,47.80,2133.17,166.73,544.00,59.56,2220.03,163.83,676.72,41.86,2166.73,166.68,451.02,261.12,55.55,96.15,231.51,1815.00,3541.28,2.46,149.77,124.24,598.43,2.85,957.98,60.88,504.04
2026-03-07T17:30:00Z,58.08,2119.40,167.24,998.12,47.70,2139.70,167.06,531.20,59.46,2205.93,164.92,693.72,41.70,2165.83,166.36,453.19,262.36,53.13,96.63,241.09,1814.99,3548.01,2.53,150.33,128.51,612.72,3.23,958.09,62.16,509.63
2026-03-07T17:40:00Z,57.86,2132.46,167.23,1006.32,47.75,2139.88,166.91,543.33,59.12,2220.10,164.57,693.16,41.87,2155.15,167.61,450.86,259.62,53.21,96.46,234.10,1812.72,3543.42,2.51,150.69,122.69,602.59,2.81,962.78,59.72,501.34
2026-03-07T17:50:00Z,57.96,2127.69,166.86,1013.45,47.64,2136.16,167.44,561.75,59.04,2236.71,164.33,684.99,42.07,2159.09,166.04,441.65,260.75,55.10,95.58,233.81,1802.41,3555.34,2.53,152.94,124.66,605.51,3.65,956.89,60.19,505.03
2026-03-07T18:00:00Z,57.76,2128.94,166.59,992.20,48.04,2131.46,167.10,549.99,59.04,2230.97,163.80,678.20,42.08,2153.41,166.39,446.91,260.90,55.35,95.87,234.29,1806.45,3539.40,2.40,151.51,128.75,604.92,2.76,954.35,61.77,496.80
2026-03-07T18:10:00Z,57.84,2132.98,166.37,1003.53,48.41,2111.81,166.96,548.37,58.84,2247.50,163.79,683.56,41.71,2151.52,165.97,447.15,264.27,51.80,96.25,237.21,1807.57,3559.54,2.54,149.10,125.78,603.48,3.16,952.83,60.24,505.21
2026-03-07T18:20:00Z,57.58,2136.89,166.69,998.18,48.36,2113.44,166.89,559.74,58.72,2237.42,164.09,668.71,41.34,2162.52,165.81,436.01,260.09,54.64,95.89,236.22,1808.43,3551.65,2.71,149.50,125.74,601.26,3.07,955.63,59.88,500.63
2026-03-07T18:30:00Z,57.49,2140.59,166.78,988.61,48.57,2115.44,167.50,565.17,58.73,2230.52,163.85,672.78,41.59,2155.26,165.90,426.83,262.61,56.11,95.59,235.33,1815.48,3562.05,2.56,150.94,128.17,603.13,2.95,956.67,60.86,495.48
2026-03-07T18:40:00Z,57.90,2132.47,166.78,988.44,48.54,2116.46,166.40,571.41,58.71,2229.50,164.43,683.27,41.47,2161.90,165.45,423.41,257.55,53.77,95.80,230.90,1802.15,3548.53,2.46,149.83,125.84,605.29,2.88,956.11,61.12,502.27
2026-03-07T18:50:00Z,58.28,2119.22,167.20,1007.24,48.00,2114.40,167.27,569.72,58.51,2229.77,164.03,683.85,41.76,2153.13,165.46,450.08,258.74,56.07,96.46,234.25,1807.32,3548.64,2.24,149.59,123.89,610.70,3.27,948.16,59.96,509.64
2026-03-07T19:00:00Z,57.99,2118.79,166.91,1016.14,47.74,2114.54,167.21,549.11,58.57,2241.47,164.60,676.07,41.25,2167.88,165.70,444.61,262.84,54.73,97.48,239.47,1808.37,3541.10,2.42,149.18,128.24,609.18,3.13,959.32,59.07,507.98
2026-03-07T19:10:00Z,57.94,2125.61,166.85,1013.54,48.03,2127.17,167.67,548.11,58.77,2227.58,164.66,677.86,41.25,2165.18,165.88,429.41,259.80,57.01,97.00,234.54,1816.80,3551.23,2.48,150.47,124.31,604.05,2.84,952.43,60.65,507.17
2026-03-07T19:20:00Z,57.94,2134.84,166.83,1000.83,47.54,2135.79,167.63,536.72,58.79,2224.26,164.93,695.34,41.00,2163.51,165.70,434.22,264.32,56.90,95.21,239.55,1814.45,3560.50,2.33,149.48,127.09,608.53,2.85,962.32,59.24,512.84
2026-03-07T19:30:00Z,57.80,2130.00,167.36,994.56,47.85,2132.51,167.40,543.27,58.85,2232.30,164.65,675.60,40.86,2174.51,165.88,416.67,262.19,55.47,95.86,235.31,1817.98,3540.65,2.73,151.45,127.43,605.85,2.78,959.40,59.81,495.15
2026-03-07T19:40:00Z,57.80,2127.32,166.41,997.27,47.83,2136.25,167.87,557.53,58.63,2231.65,163.96,678.10,40.94,2184.27,166.40,401.44,259.39,51.79,95.75,232.93,1800.24,3529.51,2.37,149.08,126.45,608.68,3.19,948.23,59.37,504.32
2026-03-07T19:50:00Z,58.12,2134.66,166.18,1002.32,47.52,2143.74,168.14,553.23,58.48,2233.44,164.14,678.48,40.74,2178.49,166.46,393.71,257.82,53.43,95.68,229.59,1795.34,3553.06,2.60,151.71,123.41,607.69,2.89,946.16,59.55,511.47
2026-03-07T20:00:00Z,58.11,2125.14,167.21,1006.89,47.92,2140.11,167.12,532.12,57.72,2263.12,163.35,665.52,40.66,2190.74,165.87,396.46,258.41,53.32,95.63,229.89,1807.04,3538.76,2.56,148.11,125.71,607.23,2.91,954.68,57.96,505.22
2026-03-07T20:10:00Z,58.36,2114.54,167.00,1010.27,47.54,2145.18,167.52,537.67,57.72,2263.57,162.99,652.49,40.89,2188.79,166.31,400.22,258.41,52.38,96.23,234.07,1803.68,3559.34,2.68,150.91,125.59,602.26,2.96,945.14,58.55,495.40
2026-03-07T20:20:00Z,58.11,2120.53,166.89,996.31,47.08,2142.17,167.20,536.83,57.63,2260.61,163.67,648.85,40.89,2179.31,165.49,416.13,257.82,50.01,96.54,230.39,1808.35,3561.31,2.43,150.25,121.37,602.14,2.99,958.18,59.99,504.39
2026-03-07T20:30:00Z,58.06,2121.03,167.03,1006.48,47.18,2146.05,166.94,528.90,57.90,2268.22,163.55,644.89,41.46,2179.45,165.81,407.16,256.42,51.93,96.58,230.40,1814.65,3548.58,2.40,149.33,125.91,608.93,2.91,951.83,60.73,503.56
2026-03-07T20:40:00Z,58.28,2111.48,166.93,1018.10,47.16,2148.08,166.87,528.68,57.52,2256.86,164.43,645.09,41.66,2167.48,165.32,404.14,255.19,54.11,95.95,226.87,1810.07,3543.95,2.56,149.67,125.82,603.01,2.70,952.05,60.68,502.27
2026-03-07T20:50:00Z,58.00,2119.84,167.26,1018.37,47.17,2148.40,166.59,522.77,57.71,2255.70,163.95,638.90,41.85,2152.73,165.39,425.47,259.74,51.54,95.58,233.52,1808.74,3561.40,2.38,151.28,126.85,605.61,3.34,949.57,59.76,499.21
2026-03-07T21:00:00Z,57.86,2118.09,167.91,1006.71,47.17,2148.86,166.27,511.93,57.28,2268.36,163.19,622.29,41.92,2151.17,165.36,432.17,253.89,50.50,96.00,233.16,1807.93,3546.66,2.32,149.83,122.09,605.65,3.07,952.85,60.51,505.45
2026-03-07T21:10:00Z,57.26,2132.94,167.15,989.02,47.22,2156.41,166.21,518.36,57.51,2276.87,163.03,612.15,41.79,2159.66,165.23,444.33,255.26,53.34,94.68,231.65,1801.29,3534.44,2.31,150.01,120.95,598.51,2.92,955.38,60.45,498.85
2026-03-07T21:20:00Z,57.55,2137.92,166.71,995.31,47.57,2145.70,166.38,529.15,57.44,2270.85,162.63,618.72,41.98,2148.98,166.33,459.44,256.47,52.60,95.23,229.42,1799.21,3555.07,2.49,150.35,122.04,605.79,3.04,950.87,60.21,504.42
2026-03-07T21:30:00Z,57.27,2137.95,166.10,983.66,47.47,2146.97,166.97,534.22,57.65,2258.69,162.28,624.50,41.50,2159.34,166.55,454.72,255.68,55.22,94.66,231.88,1805.20,3550.52,2.57,152.00,120.27,600.41,2.85,951.33,59.90,503.52
2026-03-07T21:40:00Z,57.45,2142.46,166.78,986.38,47.95,2130.41,167.61,555.98,57.68,2255.39,162.18,619.45,41.63,2149.72,166.66,441.29,252.85,52.21,94.55,230.77,1803.37,3539.77,2.64,149.39,122.07,602.78,2.96,947.27,58.82,506.50
2026-03-07T21:50:00Z,57.12,2146.25,166.39,978.65,47.98,2133.53,166.68,543.66,58.05,2255.06,162.83,626.02,41.43,2159.23,166.39,433.05,255.17,53.86,94.84,229.20,1795.19,3540.41,2.61,150.01,122.69,607.74,3.24,951.66,59.99,510.78
2026-03-07T22:00:00Z,56.97,2155.57,166.41,970.39,47.86,2126.66,166.96,559.16,57.97,2258.07,163.27,636.09,41.35,2166.20,166.18,430.62,249.46,52.63,95.58,227.02,1801.33,3546.23,2.60,150.11,119.37,596.17,2.85,958.72,59.56,500.57
2026-03-07T22:10:00Z,56.71,2156.51,166.76,964.92,47.71,2124.05,166.46,543.46,57.81,2259.57,162.39,647.04,41.73,2164.18,165.64,427.42,249.25,52.32,95.05,224.91,1795.98,3528.93,2.47,149.75,120.68,605.51,3.19,946.59,60.27,510.25
2026-03-07T22:20:00Z,56.36,2153.72,166.27,961.67,47.51,2127.36,166.65,551.28,57.93,2262.73,163.13,642.05,41.76,2157.89,166.23,423.20,251.91,51.76,95.42,226.24,1803.92,3554.89,2.49,151.10,120.82,601.13,2.85,953.81,59.05,499.45
2026-03-07T22:30:00Z,56.26,2167.05,165.94,960.68,47.67,2129.45,166.59,536.25,58.15,2258.23,162.89,644.88,41.65,2161.41,165.68,426.51,254.02,53.07,95.87,228.72,1796.47,3548.01,2.42,149.76,122.68,602.02,3.00,942.04,60.63,490.59
2026-03-07T22:40:00Z,56.04,2171.29,165.71,945.44,47.57,2128.31,166.67,528.59,58.36,2256.88,163.44,652.96,41.59,2171.32,165.35,437.75,253.21,53.56,96.03,224.50,1797.86,3532.55,2.39,151.49,121.85,602.08,3.11,949.00,59.78,502.39
2026-03-07T22:50:00Z,56.00,2168.76,165.54,943.09,47.54,2137.54,166.78,526.97,58.58,2244.22,163.54,658.63,41.59,2171.24,166.21,432.06,249.37,51.94,95.06,224.27,1805.67,3555.55,2.57,150.43,122.93,607.61,3.12,954.14,59.12,510.63
2026-03-07T23:00:00Z,56.44,2158.84,166.11,958.17,47.55,2141.19,167.23,536.45,58.61,2236.66,163.79,678.32,41.64,2160.05,165.91,433.12,251.26,51.16,95.03,225.87,1805.52,3550.16,2.37,149.83,120.82,599.84,3.07,953.95,59.90,490.43
2026-03-07T23:10:00Z,56.40,2160.19,165.87,955.93,47.68,2125.75,167.47,537.75,58.40,2236.80,163.39,682.41,42.06,2154.64,165.62,439.26,255.69,51.12,95.17,227.31,1804.07,3546.93,2.28,148.55,122.56,601.12,2.77,943.49,61.61,501.64
2026-03-07T23:20:00Z,56.40,2151.30,165.43,946.09,47.26,2139.35,167.29,546.40,58.17,2236.22,163.66,679.17,42.18,2156.64,165.84,439.70,257.64,51.70,95.14,231.32,1809.06,3551.21,2.74,150.42,124.11,600.93,3.11,954.27,61.15,502.10
2026-03-07T23:30:00Z,56.53,2149.63,165.45,946.21,47.07,2144.39,167.01,532.95,58.25,2251.33,163.69,663.38,42.30,2149.06,166.16,466.98,260.61,53.51,94.70,233.57,1813.62,3566.69,2.48,150.04,124.39,602.65,2.79,962.78,60.12,501.27
2026-03-07T23:40:00Z,56.62,2154.67,165.60,943.66,46.84,2151.86,167.03,528.81,58.02,2267.61,163.47,640.09,41.94,2151.74,165.77,450.57,253.46,51.86,94.77,227.53,1802.25,3561.48,2.30,150.98,120.35,600.89,2.70,949.39,59.96,498.84
2026-03-07T23:50:00Z,56.74,2157.75,166.21,936.23,46.95,2159.37,166.81,516.72,58.28,2243.68,162.89,644.02,41.86,2151.64,166.46,450.35,257.35,50.95,95.31,229.76,1805.42,3548.62,2.48,147.12,122.60,602.00,2.90,951.26,60.13,498.71
2026-03-08T00:00:00Z,56.16,2164.49,166.07,947.11,47.79,2145.00,166.33,529.57,58.04,2249.34,163.14,655.14,41.78,2157.23,166.98,438.62,254.18,52.28,95.84,228.30,1798.25,3546.46,2.59,149.06,119.33,601.01,2.91,955.14,60.36,488.28
2026-03-08T00:10:00Z,56.37,2168.11,166.15,953.14,48.56,2123.84,166.99,549.72,58.05,2248.93,163.79,663.45,41.53,2149.71,167.05,460.80,252.03,52.76,96.11,226.52,1794.60,3546.00,2.72,151.06,121.21,603.97,3.03,950.70,60.22,508.18
2026-03-08T00:20:00Z,56.70,2170.31,166.39,943.81,48.25,2118.67,166.96,562.04,58.36,2236.41,164.30,658.17,41.23,2159.35,166.56,454.84,254.91,55.45,96.37,230.81,1799.05,3549.95,2.70,150.58,124.45,608.46,2.91,944.78,59.95,507.66
2026-03-08T00:30:00Z,57.24,2153.78,166.56,950.14,48.21,2112.30,167.12,571.21,58.36,2250.00,164.24,654.00,41.38,2164.04,166.53,453.49,262.63,54.42,96.59,236.77,1811.86,3547.76,2.58,151.50,126.45,609.38,3.30,958.54,60.95,501.20
2026-03-08T00:40:00Z,56.96,2143.84,165.80,967.61,47.82,2132.61,167.73,549.33,58.40,2231.35,164.18,671.75,41.64,2157.86,166.45,447.33,262.03,53.90,96.77,237.93,1807.68,3567.69,2.57,149.27,127.50,604.27,2.89,950.29,60.89,498.52
2026-03-08T00:50:00Z,56.75,2146.54,166.23,967.17,48.21,2122.56,167.33,554.09,58.18,2237.68,164.05,657.85,41.57,2158.32,167.08,457.61,260.63,54.37,95.80,232.21,1808.25,3551.72,2.24,150.23,126.35,604.66,3.11,953.69,59.84,503.82
2026-03-08T01:00:00Z,56.92,2162.41,166.77,984.16,48.51,2118.81,167.24,557.00,58.04,2236.84,163.89,650.56,41.54,2164.82,166.68,436.70,265.66,53.85,95.32,238.65,1805.37,3549.38,2.52,150.09,125.60,604.98,2.80,950.75,60.09,494.63
2026-03-08T01:10:00Z,56.68,2163.17,167.40,983.11,48.77,2110.93,167.10,559.72,57.97,2243.04,163.99,644.39,41.27,2168.15,166.61,439.34,261.49,54.99,94.71,234.40,1816.42,3542.65,2.22,150.89,124.24,606.70,2.93,956.85,61.80,512.93
2026-03-08T01:20:00Z,56.89,2158.20,167.83,975.87,48.90,2102.90,166.76,573.76,58.13,2240.70,164.26,665.63,40.95,2165.73,167.11,429.00,259.75,55.11,95.91,235.32,1807.25,3554.31,2.76,150.41,124.28,606.09,3.18,951.74,61.11,514.42
2026-03-08T01:30:00Z,57.34,2142.97,166.69,971.40,48.76,2119.32,167.27,569.51,57.59,2244.53,164.02,663.67,41.12,2179.22,166.84,423.40,260.10,53.69,96.10,234.65,1806.31,3549.06,2.48,152.20,124.26,610.98,2.85,949.08,59.62,508.09
2026-03-08T01:40:00Z,57.34,2147.54,166.54,984.78,48.75,2110.72,166.59,574.50,58.09,2244.40,163.71,655.74,40.95,2180.25,166.54,416.79,259.48,52.57,95.91,232.50,1804.68,3537.15,2.52,148.82,122.43,600.72,2.71,956.74,60.87,495.82
2026-03-08T01:50:00Z,57.48,2145.78,166.39,981.96,48.61,2121.28,166.98,577.05,58.04,2245.61,163.87,663.93,41.11,2170.83,166.54,414.16,252.55,52.45,95.92,230.40,1811.79,3554.02,2.49,151.40,122.35,598.72,2.65,960.35,60.08,489.99
2026-03-08T02:00:00Z,57.10,2151.74,166.03,960.24,47.89,2124.31,166.57,563.01,58.37,2242.35,163.74,662.53,41.40,2158.87,166.91,422.09,254.00,54.15,95.31,229.10,1803.32,3549.53,2.59,150.87,124.04,604.12,3.21,953.13,60.56,497.50
2026-03-08T02:10:00Z,57.15,2154.46,167.06,964.28,48.37,2123.99,167.60,582.07,58.12,2242.44,164.16,658.70,41.58,2165.29,166.41,431.24,257.13,53.79,96.33,229.73,1795.13,3540.07,2.53,149.25,123.60,606.99,2.94,947.06,60.10,513.42
2026-03-08T02:20:00Z,56.99,2146.81,165.98,967.39,48.25,2130.73,167.52,559.52,58.14,2251.22,163.51,659.49,41.71,2161.99,167.06,442.08,259.53,54.96,96.28,234.34,1802.99,3542.05,2.57,148.50,127.93,598.72,2.81,951.02,59.74,500.88
2026-03-08T02:30:00Z,56.94,2138.66,166.73,982.35,48.30,2107.20,167.22,559.65,58.07,2248.63,163.67,648.30,41.79,2152.24,166.57,448.95,256.51,54.11,96.50,232.62,1805.50,3553.78,2.57,150.43,122.99,604.84,3.25,954.64,60.04,499.37
2026-03-08T02:40:00Z,57.05,2140.41,166.79,986.91,48.46,2108.92,167.42,555.98,57.86,2250.51,163.99,650.98,42.09,2145.40,166.81,435.22,255.19,55.30,96.52,228.98,1798.60,3537.17,2.68,149.55,124.95,607.29,3.19,950.41,60.60,508.39
2026-03-08T02:50:00Z,57.66,2137.41,166.71,982.12,48.54,2108.68,166.91,579.85,57.24,2263.71,163.20,625.16,42.13,2149.75,166.83,444.11,256.76,53.87,96.25,232.72,1808.33,3540.28,2.46,150.19,123.19,603.33,2.81,949.61,58.87,501.02
2026-03-08T03:00:00Z,57.93,2131.32,166.39,979.09,48.56,2107.74,167.38,575.95,57.28,2267.58,162.90,630.03,42.03,2154.05,166.57,447.48,256.03,52.19,95.94,233.20,1807.07,3560.53,2.53,152.01,120.92,606.81,3.28,951.82,58.57,513.49
2026-03-08T03:10:00Z,57.86,2130.04,166.02,994.16,48.85,2108.71,168.23,581.05,57.62,2266.43,163.07,645.67,42.16,2148.46,166.21,439.57,259.80,52.00,95.64,233.63,1809.67,3535.31,2.33,149.18,124.13,600.73,3.21,949.03,57.82,495.08
2026-03-08T03:20:00Z,57.98,2131.47,166.23,991.81,49.23,2100.72,167.85,590.47,57.81,2255.52,163.29,634.20,42.33,2146.09,166.62,449.33,256.63,52.49,95.98,229.80,1803.75,3531.92,2.67,149.31,122.42,604.65,2.79,948.60,59.67,505.42
2026-03-08T03:30:00Z,57.79,2138.19,166.98,993.24,49.90,2079.62,167.98,612.90,58.07,2247.98,162.62,635.49,42.10,2141.07,166.69,453.43,260.01,55.16,95.55,235.79,1805.24,3564.51,2.36,148.58,124.18,604.58,3.09,951.76,59.44,509.77
2026-03-08T03:40:00Z,57.95,2131.51,167.31,997.49,49.45,2082.00,167.80,612.77,57.99,2244.90,162.58,636.56,42.02,2150.42,166.37,453.04,258.24,55.86,95.37,235.93,1810.90,3556.41,2.33,150.70,124.84,603.20,3.03,956.88,60.46,510.19
2026-03-08T03:50:00Z,57.77,2126.61,167.60,1004.64,49.46,2089.11,167.80,598.98,58.01,2251.04,163.31,653.39,41.89,2139.43,166.61,451.55,260.93,55.27,95.85,234.41,1805.60,3562.92,2.52,151.51,124.19,609.30,3.19,958.85,59.87,504.71
2026-03-08T04:00:00Z,,2127.84,167.63,996.38,49.43,2083.23,167.51,599.99,58.10,2255.14,163.84,644.14,41.71,2150.71,167.30,465.04,262.12,53.78,96.70,235.33,1811.12,3560.30,2.83,150.51,125.18,608.38,2.97,963.06,60.10,513.43
2026-03-08T04:10:00Z,57.37,2142.21,167.07,994.86,49.77,2086.43,167.91,609.50,58.10,2253.04,163.41,657.79,41.85,2146.14,167.18,460.09,266.60,54.61,95.35,240.58,1817.44,3556.29,2.50,148.71,128.42,611.06,3.03,959.43,59.73,507.31
2026-03-08T04:20:00Z,57.55,2138.07,166.10,990.10,49.81,2082.15,167.78,625.52,58.30,2240.63,163.22,662.98,41.62,2157.44,166.75,440.59,263.11,54.53,95.33,235.18,1810.56,3555.06,2.60,150.86,127.02,610.19,2.95,955.87,60.80,508.31
2026-03-08T04:30:00Z,57.76,2127.37,166.97,998.43,49.44,2084.59,168.03,635.65,57.99,2254.66,163.02,650.77,41.66,2151.01,166.14,439.47,262.01,56.98,95.09,238.84,1812.41,3568.67,2.32,149.56,124.79,605.79,2.95,952.12,60.31,501.50
2026-03-08T04:40:00Z,57.67,2135.34,166.80,989.36,49.71,2086.88,168.42,623.48,57.76,2237.95,163.91,639.81,41.76,2146.61,165.89,431.47,263.08,54.59,95.22,236.31,1806.42,3548.07,2.69,148.83,125.32,599.82,3.29,950.79,60.12,502.69
2026-03-08T04:50:00Z,57.66,2149.71,166.90,986.22,50.19,2073.00,168.14,627.17,57.72,2250.05,163.60,647.25,41.94,2153.46,165.94,433.74,264.66,55.79,95.09,235.18,1811.22,3543.92,2.43,150.55,128.94,610.46,2.66,952.00,60.68,499.11
2026-03-08T05:00:00Z,57.47,2149.50,166.23,982.08,50.22,2062.36,168.02,632.43,57.57,2262.05,163.56,634.10,41.90,2148.26,165.85,459.66,263.84,56.25,94.84,237.31,1817.34,3530.81,2.70,148.50,127.88,603.53,2.99,955.84,60.62,495.95
2026-03-08T05:10:00Z,57.17,2143.21,166.29,998.19,50.89,2057.94,168.47,643.23,57.99,2259.02,163.17,641.22,41.96,2145.44,166.49,457.41,260.19,55.78,94.69,235.09,1815.21,3554.37,2.61,151.60,123.22,605.85,2.79,967.35,60.89,513.66
2026-03-08T05:20:00Z,56.77,2139.40,166.44,988.14,50.88,2046.30,168.52,645.70,57.78,2249.86,162.92,649.44,41.69,2149.31,165.93,440.89,258.74,55.77,95.62,234.61,1805.89,3559.70,2.77,149.31,125.01,605.91,3.31,955.53,60.34,499.60
2026-03-08T05:30:00Z,56.89,2157.67,165.95,966.04,51.15,2042.71,169.79,661.94,57.56,2256.86,163.41,639.86,41.18,2160.72,166.49,438.63,257.24,56.50,95.78,230.33,1801.76,3558.36,2.56,151.70,123.77,611.00,2.82,955.45,62.06,517.18
2026-03-08T05:40:00Z,57.05,2154.55,165.46,960.85,51.16,2046.19,169.64,673.22,57.62,2256.17,163.97,647.30,40.97,2167.01,166.03,430.22,262.55,56.89,95.88,236.56,1806.54,3555.62,2.69,149.04,128.48,614.07,3.14,953.25,61.51,507.96
2026-03-08T05:50:00Z,57.11,2145.72,166.20,958.97,51.39,2055.50,169.60,670.63,57.40,2259.06,163.72,635.35,41.28,2155.47,165.96,427.15,264.30,55.51,94.92,237.23,1807.53,3547.90,2.39,149.43,126.19,604.91,3.13,961.21,61.06,500.69
2026-03-08T06:00:00Z,56.74,2155.78,166.79,967.38,51.45,2056.40,169.66,675.31,57.68,2264.19,163.62,648.35,41.12,2154.52,166.56,415.13,256.44,55.13,94.11,230.47,1805.59,3548.14,,150.25,123.06,604.44,3.06,956.85,60.16,517.80
2026-03-08T06:10:00Z,56.67,2153.48,165.82,968.55,51.46,2052.14,169.16,671.53,57.73,2257.65,163.07,642.20,41.02,2173.82,166.11,417.77,260.52,54.07,95.28,230.38,1791.04,3564.04,2.58,149.79,123.51,599.34,2.86,942.79,60.08,488.63
2026-03-08T06:20:00Z,56.47,2152.32,165.89,986.79,51.35,2045.11,169.43,673.89,57.45,2256.89,162.64,631.93,41.38,2171.41,166.58,421.47,261.71,54.05,96.05,237.70,1811.69,3561.50,2.21,153.21,126.33,609.59,2.77,959.15,59.16,506.46
2026-03-08T06:30:00Z,56.60,2157.90,166.23,969.58,51.06,2046.28,169.38,676.93,57.30,2273.32,162.60,630.07,40.48,2182.38,166.11,408.93,255.60,54.61,95.66,233.87,1805.24,3537.82,2.52,149.64,122.36,607.01,2.92,948.97,56.64,507.13
2026-03-08T06:40:00Z,56.81,2148.63,165.81,968.25,51.84,2047.11,169.43,681.63,57.24,2267.69,163.31,634.04,40.82,2186.07,166.09,404.05,259.80,53.93,95.30,238.02,1816.37,3569.19,2.51,148.94,123.63,604.96,3.13,955.73,58.03,511.64
2026-03-08T06:50:00Z,57.09,2144.16,166.54,969.24,51.59,2043.18,170.02,688.09,57.36,2266.12,163.48,632.22,40.85,2190.05,166.07,392.91,261.56,54.38,95.43,234.82,1815.17,3555.72,2.65,152.08,126.06,604.66,3.08,952.38,59.07,503.92
2026-03-08T07:00:00Z,57.18,2139.62,166.55,980.28,52.08,2024.87,170.08,692.24,57.26,2260.90,163.63,631.00,40.45,2178.19,166.06,391.59,259.56,54.78,95.22,233.26,1815.63,3544.17,2.40,150.69,122.28,601.55,3.09,965.16,59.38,499.93
2026-03-08T07:10:00Z,57.03,2136.98,168.04,990.01,51.80,2026.26,170.17,680.14,57.27,2254.34,163.87,637.36,40.49,2185.61,166.23,391.16,259.06,55.15,96.16,237.14,1820.73,3552.35,2.28,151.24,126.62,607.64,2.82,952.82,59.54,502.97
2026-03-08T07:20:00Z,57.64,2131.75,167.77,993.88,51.78,2031.29,170.00,676.40,57.36,2261.14,163.25,648.94,40.40,2188.53,166.53,395.64,266.27,54.60,96.46,239.21,1810.08,3559.85,2.73,151.72,129.89,615.64,3.34,958.97,58.76,527.83
2026-03-08T07:30:00Z,57.59,2132.68,166.92,992.22,51.89,2033.15,170.64,693.09,57.23,2267.36,163.49,639.06,40.83,2170.61,166.38,406.77,265.39,54.78,96.03,240.49,1814.70,3563.64,2.48,149.77,127.08,605.72,3.32,963.18,59.52,503.15
2026-03-08T07:40:00Z,57.25,2141.20,166.65,982.70,51.96,2033.72,170.94,689.08,57.53,2263.00,163.95,642.70,40.96,2166.69,165.46,405.39,266.99,54.46,95.52,240.27,1817.74,3542.16,2.49,151.29,130.34,614.64,2.98,962.28,59.62,510.49
2026-03-08T07:50:00Z,57.01,2150.62,166.49,975.17,52.24,2029.44,170.39,697.60,57.54,2261.14,164.18,638.29,40.91,2185.14,165.55,401.18,265.54,54.71,95.86,237.80,1807.64,3544.69,2.18,150.97,127.74,612.73,2.78,952.27,59.68,506.52
2026-03-08T08:00:00Z,56.81,2159.01,166.18,966.77,52.34,2018.86,170.45,706.12,57.65,2256.22,163.13,631.66,40.73,2166.18,165.43,408.49,261.43,52.26,95.69,233.94,1811.52,3558.99,2.69,148.87,122.96,598.58,3.05,960.69,60.92,502.80
2026-03-08T08:10:00Z,56.69,2148.11,165.78,975.01,52.14,2029.89,170.44,699.89,57.55,2245.05,162.77,629.66,40.53,2164.94,165.62,412.67,261.71,54.67,96.13,237.56,1804.17,3563.99,2.48,149.24,125.31,602.86,2.87,953.94,62.55,512.86
2026-03-08T08:20:00Z,56.34,2156.59,165.74,964.57,51.95,2033.36,170.42,709.60,57.71,2244.50,163.24,642.64,40.72,2180.26,,409.06,258.97,54.20,97.04,234.88,1808.42,3556.11,2.76,147.73,124.32,609.48,2.83,955.14,60.80,509.29
2026-03-08T08:30:00Z,56.48,2154.47,165.89,975.17,51.74,2029.51,170.23,695.05,57.53,2254.22,163.37,637.23,40.51,2182.79,165.39,397.04,261.22,55.76,96.48,232.34,1798.85,3546.63,2.56,149.71,125.82,611.25,2.89,950.78,60.73,501.76
2026-03-08T08:40:00Z,56.26,2146.32,166.37,968.29,51.85,2019.85,170.47,705.45,57.77,2258.54,163.39,637.81,40.32,2188.82,165.21,392.30,263.00,55.86,96.76,232.48,1808.62,3555.50,2.41,149.96,123.67,608.86,2.99,956.48,59.56,505.85
2026-03-08T08:50:00Z,56.29,2167.09,166.41,950.28,51.73,2030.62,170.41,712.95,58.02,2256.13,163.00,640.33,40.59,2188.60,165.14,382.25,258.21,54.83,96.38,231.83,1813.96,3570.29,2.55,151.07,124.25,608.63,3.03,953.21,58.95,511.99
2026-03-08T09:00:00Z,56.13,2165.45,166.36,948.24,51.45,2036.88,170.38,698.59,58.13,2256.50,163.36,650.44,40.29,2194.82,164.65,381.87,256.39,52.84,96.03,232.81,1802.33,3552.32,2.48,149.66,123.29,610.57,3.35,950.05,59.90,504.41
2026-03-08T09:10:00Z,56.17,2166.03,166.33,949.15,51.54,2035.43,170.49,699.71,57.99,2248.79,164.65,656.73,40.44,2195.78,165.10,390.21,262.07,53.98,96.32,238.01,1805.70,3556.57,2.30,148.10,125.79,606.51,2.89,948.82,61.27,509.33
2026-03-08T09:20:00Z,56.26,2163.81,166.69,959.12,51.25,2029.82,169.61,686.66,57.99,2258.31,164.72,649.83,40.38,2196.05,164.98,399.80,265.46,55.57,96.72,237.63,1820.03,3563.12,2.51,151.41,128.89,612.11,2.99,955.63,61.89,506.04
2026-03-08T09:30:00Z,56.42,2162.77,165.98,946.22,51.60,2039.90,168.70,689.03,57.92,2263.73,163.92,646.53,41.17,2182.77,165.68,398.24,266.76,56.78,97.18,240.15,1821.16,3562.37,2.60,150.07,128.99,606.64,3.37,957.14,61.73,497.55
2026-03-08T09:40:00Z,56.26,2155.37,165.74,946.34,51.50,2032.14,169.48,679.56,57.96,2264.96,163.87,637.16,41.35,2171.51,165.91,426.88,263.98,57.21,96.29,235.88,1819.86,3554.04,2.55,149.02,128.78,607.32,3.00,953.49,61.45,504.32
2026-03-08T09:50:00Z,56.44,2160.78,166.41,964.84,51.37,2032.09,169.77,680.87,58.29,2262.00,164.34,640.92,41.79,2168.86,165.56,423.16,253.81,56.37,96.29,228.11,1798.76,3531.94,2.57,150.55,121.29,602.83,2.85,950.02,60.37,506.12
2026-03-08T10:00:00Z,56.14,2167.85,166.98,963.55,51.76,2020.76,169.82,697.43,58.59,2252.15,163.54,641.01,41.64,2164.66,166.08,446.68,257.77,57.86,95.55,231.34,1803.28,3561.56,2.46,150.26,125.52,605.89,2.77,946.73,58.92,504.31
2026-03-08T10:10:00Z,56.52,2166.88,166.56,955.08,51.54,2021.27,169.76,697.07,58.67,2236.31,163.26,657.40,41.70,2174.80,166.28,436.59,260.99,58.09,96.43,234.83,1801.51,3538.20,2.38,150.44,126.01,603.82,2.88,957.70,61.12,497.61
2026-03-08T10:20:00Z,56.46,2167.39,165.57,964.26,51.40,2029.27,170.12,693.34,59.07,2228.35,162.70,659.08,41.90,2157.61,165.68,450.34,261.79,57.56,95.58,235.90,1808.83,3552.90,2.33,150.16,129.33,617.71,2.74,953.44,59.71,514.15
2026-03-08T10:30:00Z,56.66,2162.95,165.77,961.99,51.76,2024.40,170.11,697.63,58.59,2240.48,163.00,676.09,42.09,2151.17,167.15,446.43,263.33,55.95,94.90,236.63,1812.03,3558.00,2.43,151.89,124.71,602.52,3.15,954.10,60.68,498.99
2026-03-08T10:40:00Z,57.01,2144.87,166.58,962.90,51.61,2025.35,169.87,689.79,58.76,2230.12,163.71,679.24,41.97,2153.75,167.13,457.31,266.01,56.44,95.55,239.31,1813.35,3550.92,2.60,150.62,128.76,607.18,2.59,955.61,59.40,510.84
2026-03-08T10:50:00Z,56.93,2150.76,166.59,965.66,51.72,2023.16,170.56,708.87,58.61,2236.52,164.42,671.08,41.99,2139.53,167.50,461.70,264.67,57.13,94.83,237.91,1822.14,3549.29,2.59,150.51,128.22,598.71,3.04,962.57,60.43,497.86
2026-03-08T11:00:00Z,56.95,2144.85,166.05,948.39,51.90,2027.96,170.67,694.55,58.39,2244.82,164.10,659.50,41.98,2139.20,166.62,459.52,269.02,58.58,95.97,238.57,1809.44,3543.18,2.35,148.92,131.31,616.98,2.83,960.29,61.64,517.47
2026-03-08T11:10:00Z,56.98,2155.24,166.16,947.61,52.16,2026.75,170.32,682.62,58.08,2239.40,163.82,664.37,42.00,2146.01,166.02,445.83,269.01,56.27,96.42,242.66,1811.13,3558.58,2.34,149.20,125.85,603.19,2.59,954.07,61.01,509.30
2026-03-08T11:20:00Z,56.90,2153.59,166.22,949.78,52.13,2018.64,170.20,702.01,57.82,2271.65,163.36,647.90,42.09,2163.37,165.85,446.81,265.44,54.98,94.61,240.39,1811.85,3546.23,2.52,147.21,127.54,606.19,3.54,953.06,61.08,500.94
2026-03-08T11:30:00Z,57.04,2149.36,166.84,975.92,52.47,2012.87,170.36,699.46,58.04,2264.56,163.98,663.15,42.15,2155.65,166.09,427.12,262.96,54.83,95.21,235.58,1812.89,3544.00,2.35,150.09,125.01,598.27,2.75,956.34,61.57,492.70
2026-03-08T11:40:00Z,57.21,2148.39,167.29,978.08,52.26,2010.65,170.08,696.28,57.45,2265.17,163.21,639.41,42.10,2142.88,165.77,450.63,268.28,55.25,95.84,243.57,1818.92,3553.72,2.54,151.07,129.78,612.85,2.78,954.23,60.95,500.73
2026-03-08T11:50:00Z,57.55,2141.87,166.88,985.66,52.12,2025.35,169.99,702.33,57.89,2258.49,162.95,630.33,41.87,2148.08,165.55,450.27,269.13,53.93,95.44,242.08,1821.90,3544.62,2.67,147.19,128.48,609.11,3.15,963.04,60.94,507.21
2026-03-08T12:00:00Z,57.42,2150.00,167.67,982.03,51.72,2038.32,170.21,696.07,57.99,2250.45,163.96,641.09,41.57,2164.64,166.15,437.98,272.40,54.78,95.75,245.97,1814.54,3541.67,2.58,150.82,127.74,603.78,3.08,959.91,60.35,505.26
2026-03-08T12:10:00Z,57.18,2154.88,168.06,969.27,51.85,2038.28,170.04,689.91,58.02,2248.10,163.79,642.55,41.04,2161.65,166.14,443.31,265.63,54.09,95.96,236.89,1814.46,3549.36,2.36,150.42,129.58,613.60,2.86,955.70,60.97,506.85
2026-03-08T12:20:00Z,57.05,2149.20,167.65,977.08,51.80,2037.92,168.90,667.52,58.07,2238.72,164.00,649.84,40.79,2165.57,166.28,425.34,263.74,53.80,96.75,236.96,1803.59,3555.88,2.56,149.16,126.73,601.21,2.84,952.36,60.15,505.14
2026-03-08T12:30:00Z,56.92,2161.77,166.99,965.00,52.05,2028.85,168.80,692.16,58.31,2240.95,163.98,657.24,40.70,2177.98,165.96,421.44,263.50,55.91,96.06,234.35,1811.61,3552.79,2.72,149.47,128.44,605.38,2.74,950.47,60.78,511.93
2026-03-08T12:40:00Z,57.52,2146.56,166.68,978.76,51.75,2023.85,168.47,686.75,58.26,2238.41,164.24,667.09,40.86,2175.75,166.34,416.51,262.31,56.83,95.15,236.59,1814.44,3567.33,2.55,150.26,127.32,604.53,3.05,962.09,60.57,498.59
2026-03-08T12:50:00Z,57.27,2137.55,166.93,987.80,51.48,2026.88,169.47,690.03,57.97,2251.75,164.27,648.52,40.51,2184.82,165.98,406.90,267.24,56.45,95.58,243.33,1821.85,3553.19,2.58,148.84,127.34,608.28,3.43,965.05,59.13,510.17
2026-03-08T13:00:00Z,57.52,2134.39,166.47,1001.62,51.78,2028.04,169.65,698.02,58.11,2228.61,163.91,658.60,40.63,2179.35,165.88,400.95,267.40,56.33,95.60,242.78,1808.27,3547.34,2.47,149.76,130.32,607.70,2.99,959.69,59.66,507.76
2026-03-08T13:10:00Z,57.51,2133.24,166.99,1002.23,52.06,2024.44,169.70,704.32,58.23,2237.05,163.69,667.59,40.92,2171.86,165.32,408.26,265.81,54.70,95.45,244.09,1818.31,3535.63,2.59,149.23,125.89,606.71,2.86,960.69,59.40,505.45
2026-03-08T13:20:00Z,57.71,2141.05,166.21,988.01,52.09,2019.85,169.61,699.01,58.13,2232.04,164.37,671.32,40.99,2178.90,165.83,407.12,269.08,54.66,95.87,243.39,1813.84,3555.73,2.23,151.39,128.65,604.63,3.35,949.52,59.74,495.32
2026-03-08T13:30:00Z,57.89,2137.75,166.82,997.97,51.64,2032.48,170.02,696.00,57.88,2247.27,164.41,673.19,41.43,2176.09,165.41,432.62,263.47,56.01,96.05,235.01,1818.18,3542.81,2.70,149.54,127.71,610.99,3.02,957.45,60.88,505.42
2026-03-08T13:40:00Z,57.73,2136.75,166.49,987.31,51.66,2042.40,169.94,679.55,57.92,2239.05,163.94,661.06,41.63,2169.27,166.45,439.47,269.39,56.24,95.09,243.74,1823.47,3543.87,2.51,150.45,128.26,613.60,3.25,961.42,60.65,509.89
2026-03-08T13:50:00Z,57.79,2126.45,166.26,976.70,51.93,2030.15,170.07,695.14,58.04,2252.55,163.46,654.51,42.11,2162.28,166.39,444.35,270.56,56.36,95.41,236.73,1808.21,3550.81,2.48,150.43,130.42,615.41,3.09,951.56,62.14,511.88
2026-03-08T14:00:00Z,57.46,2132.55,166.56,992.35,51.76,2038.75,169.61,680.82,58.04,2243.17,163.47,657.07,41.71,2165.80,166.33,448.37,264.06,56.80,94.91,238.16,1810.23,3547.01,2.54,150.02,127.84,611.34,3.19,955.01,62.24,508.09
2026-03-08T14:10:00Z,57.04,2149.78,166.87,981.98,51.69,2038.59,169.92,685.62,57.79,2249.97,163.33,652.12,41.54,2168.69,166.19,433.63,266.41,55.64,95.50,241.72,1809.65,3545.39,2.63,149.26,127.35,605.06,3.08,951.63,61.03,502.25
2026-03-08T14:20:00Z,57.64,2144.61,167.04,982.32,52.06,2021.65,169.32,701.48,58.02,2255.99,163.92,645.95,41.26,2176.32,165.86,423.18,260.43,54.92,96.26,234.10,1820.37,3542.92,2.51,149.59,122.38,595.86,3.01,961.30,60.79,492.30
2026-03-08T14:30:00Z,57.51,2136.86,166.73,990.28,51.69,2033.11,169.81,714.35,57.95,2243.07,164.19,654.84,41.32,2170.11,165.51,426.83,265.63,56.19,96.96,240.75,1814.67,3556.19,2.50,150.96,126.32,609.06,3.16,957.55,60.38,506.31
2026-03-08T14:40:00Z,57.53,2128.65,166.77,999.56,51.54,2036.82,168.92,686.96,58.14,2255.59,164.24,641.52,41.21,2173.84,165.84,421.09,269.20,55.41,95.80,245.26,1820.49,3553.29,2.47,150.87,128.73,618.27,2.89,958.67,60.73,513.85
2026-03-08T14:50:00Z,57.35,2142.57,166.71,984.53,51.80,2035.15,168.70,685.66,57.90,2257.84,163.32,625.06,41.26,2152.27,165.72,429.83,264.84,55.33,96.58,238.24,1818.76,3559.75,2.65,151.86,127.89,612.33,2.95,956.90,60.60,516.16
2026-03-08T15:00:00Z,57.46,2139.02,166.73,990.64,51.65,2029.69,168.81,676.58,57.66,2264.53,163.60,616.93,41.75,2148.03,166.14,430.93,261.40,56.35,97.07,236.92,1810.75,3558.74,2.37,150.29,127.15,613.52,2.87,954.49,60.11,519.96
2026-03-08T15:10:00Z,57.35,2146.00,166.83,978.83,51.77,2027.24,168.93,678.31,57.49,2254.69,162.87,638.82,41.52,2156.36,166.08,429.39,261.88,56.69,97.06,234.73,1804.96,3557.41,2.44,151.84,128.27,615.18,2.84,952.84,60.74,513.17
2026-03-08T15:20:00Z,57.49,2139.99,167.89,993.33,51.75,2034.34,169.61,685.85,57.24,2261.13,162.90,638.18,41.72,2159.50,166.52,432.51,257.04,57.57,96.60,230.98,1799.16,3527.97,2.22,149.33,123.16,612.59,3.05,948.38,61.31,500.97
2026-03-08T15:30:00Z,57.33,2140.52,167.02,977.91,52.18,2025.12,169.42,684.41,57.41,2267.55,163.33,637.02,41.91,2158.08,166.59,450.33,260.83,58.28,96.41,232.11,1809.13,3550.26,2.45,149.33,123.92,601.69,2.44,952.61,61.43,494.83
2026-03-08T15:40:00Z,57.28,2145.14,166.28,975.87,51.88,2021.03,169.93,698.05,57.29,2261.77,163.07,642.58,41.95,2156.97,166.75,436.34,264.12,55.60,96.75,236.20,1805.01,3545.48,2.49,149.96,127.23,605.90,2.57,955.76,61.56,510.42
2026-03-08T15:50:00Z,57.03,2144.94,166.61,972.77,51.58,2034.32,170.29,689.79,57.06,2274.02,162.69,625.97,41.77,2158.28,165.33,440.59,266.16,54.09,96.70,238.37,1808.11,3547.15,2.62,149.00,127.31,607.25,3.10,956.27,59.70,513.12
2026-03-08T16:00:00Z,57.33,2140.92,166.93,980.44,51.62,2043.23,169.90,681.71,57.05,2272.79,162.02,624.24,41.89,2162.06,166.29,436.12,263.72,56.61,96.05,235.52,1805.38,3562.64,2.58,150.35,125.32,612.13,3.10,955.36,58.52,510.01
2026-03-08T16:10:00Z,57.28,2139.54,167.38,979.15,51.51,2044.31,170.10,668.53,57.12,2269.19,162.71,627.84,42.21,2141.70,166.10,464.70,260.04,56.65,95.56,231.71,1804.49,3553.08,2.45,152.32,124.08,602.41,2.74,956.62,58.93,505.19
2026-03-08T16:20:00Z,57.18,2138.80,166.37,977.02,51.25,2047.94,169.74,675.02,57.28,2266.66,162.81,623.15,42.21,2146.19,167.39,471.53,265.30,56.40,95.76,239.86,1797.80,3537.55,2.33,150.49,124.02,607.14,2.79,948.39,59.19,499.90
2026-03-08T16:30:00Z,57.31,2146.29,166.84,972.34,51.31,2051.03,169.46,672.73,57.42,2278.91,163.02,617.61,41.76,2146.35,166.19,465.35,262.15,57.88,94.88,235.76,1808.76,3543.75,2.38,147.94,126.10,603.47,3.03,949.13,59.09,506.05
2026-03-08T16:40:00Z,57.39,2141.06,166.51,990.55,51.35,2053.18,169.23,672.51,57.66,2270.74,162.09,611.76,42.09,2146.77,166.02,455.15,265.99,57.84,94.83,241.03,1802.72,3554.01,2.35,151.09,131.09,610.39,3.32,952.09,57.56,510.92
2026-03-08T16:50:00Z,57.28,2139.69,166.06,978.39,51.21,2044.79,168.71,674.32,57.59,2260.74,162.69,621.79,41.81,2153.33,166.00,439.27,265.08,54.23,95.49,236.22,1808.64,3544.54,2.45,150.20,127.23,605.94,3.17,956.05,57.99,507.93
2026-03-08T17:00:00Z,57.45,2148.84,166.77,986.86,50.86,2048.35,168.88,668.07,57.59,2266.63,162.01,609.74,41.60,2163.89,165.89,435.05,269.54,54.61,95.57,243.27,1810.90,3563.94,2.75,150.84,129.03,614.90,3.08,957.76,58.85,522.32
2026-03-08T17:10:00Z,57.61,2146.37,167.17,989.64,50.66,2052.49,169.29,673.54,57.81,2250.82,163.16,635.29,41.61,2162.97,166.22,428.56,266.18,54.05,95.44,238.02,1813.51,3549.44,2.72,149.05,125.77,606.76,2.88,959.25,59.57,513.21
2026-03-08T17:20:00Z,57.43,2144.50,166.50,986.83,50.93,2052.97,168.85,668.07,58.03,2251.61,163.93,631.83,41.42,2151.57,165.98,438.00,265.98,54.01,96.06,238.02,1810.38,3556.60,2.77,148.81,129.55,614.29,3.19,952.35,60.49,513.00
2026-03-08T17:30:00Z,57.50,2134.99,166.74,988.06,50.83,2044.54,168.49,666.84,57.68,2253.01,163.23,642.34,41.39,2150.17,165.11,436.91,264.66,55.57,95.88,238.57,1814.35,3547.98,2.51,149.36,127.41,606.11,2.91,950.35,59.80,509.01
2026-03-08T17:40:00Z,57.46,2138.64,166.29,975.59,50.52,2051.98,168.90,666.86,57.46,2258.14,164.09,642.41,41.34,,165.08,440.80,261.76,54.67,95.71,233.90,1802.66,3535.05,2.66,149.90,125.83,610.09,2.87,950.68,60.80,505.22
2026-03-08T17:50:00Z,57.43,2144.67,166.05,981.84,51.04,2052.19,169.33,665.23,57.24,2270.04,164.44,637.76,41.15,2160.08,165.66,425.69,259.49,55.44,95.88,232.41,1798.45,3557.88,2.54,150.03,124.69,607.51,2.99,955.78,59.86,511.75
2026-03-08T18:00:00Z,57.12,2148.52,166.15,989.62,50.96,2048.44,169.03,670.64,57.46,2271.11,163.48,619.22,41.11,2169.43,166.47,424.26,262.03,53.93,96.11,238.04,1808.74,3541.66,2.40,148.68,127.37,606.15,2.89,956.20,59.87,504.69
2026-03-08T18:10:00Z,57.11,2141.26,166.55,982.64,50.98,2044.10,169.57,678.00,57.43,2268.74,163.10,624.15,41.59,2157.06,166.81,429.26,262.20,55.71,96.25,237.78,1813.18,3557.29,2.66,151.59,125.11,600.05,2.79,963.73,59.84,504.08
2026-03-08T18:20:00Z,57.02,2144.48,166.13,983.20,51.57,2038.75,170.16,672.01,57.70,2252.58,163.01,651.39,41.64,2161.15,166.29,428.61,266.16,56.46,95.90,237.13,1810.47,3533.38,2.65,150.13,128.09,608.18,3.16,957.70,59.59,508.95
2026-03-08T18:30:00Z,57.26,2158.70,166.27,978.90,51.74,2027.83,169.35,676.84,57.74,2252.95,162.36,653.83,41.70,2149.25,165.87,443.74,265.33,56.48,96.02,243.16,1818.77,3556.88,2.52,150.41,128.56,608.73,3.05,952.43,60.02,510.43
2026-03-08T18:40:00Z,57.12,2142.19,166.63,978.57,52.24,2014.43,170.07,701.66,57.67,2259.84,163.29,660.95,41.50,2155.81,165.70,446.88,268.17,57.72,95.07,241.44,1805.55,3544.80,2.43,148.70,127.48,603.73,2.79,950.74,61.31,496.05
2026-03-08T18:50:00Z,57.22,2142.80,166.73,964.86,52.44,2013.28,169.29,709.98,58.20,2246.58,164.19,665.59,41.38,2159.78,165.92,437.63,266.36,60.31,96.14,243.17,1825.13,3567.27,2.40,151.83,126.31,607.35,2.94,965.08,60.53,504.29
2026-03-08T19:00:00Z,56.96,2149.45,167.64,978.84,52.96,2006.79,169.66,720.59,58.40,2247.36,164.26,659.87,41.41,2173.16,166.02,424.17,268.65,58.94,96.16,241.12,1820.55,3542.28,2.37,150.57,128.18,622.62,3.25,957.76,60.33,525.21
2026-03-08T19:10:00Z,56.92,2152.86,167.15,979.58,52.76,2006.26,170.31,725.29,58.17,2241.02,164.48,650.58,41.38,2173.61,165.92,417.96,271.01,57.74,96.14,242.23,1813.79,3549.46,2.55,150.97,130.79,609.17,3.23,961.83,61.30,511.29
2026-03-08T19:20:00Z,57.09,2156.50,165.65,966.96,52.59,2014.32,170.00,717.91,58.36,2239.22,163.97,655.58,41.42,2167.73,165.35,417.79,267.18,57.45,95.39,236.40,1806.05,3544.79,2.41,150.94,130.84,620.64,2.93,951.06,60.69,512.31
2026-03-08T19:30:00Z,57.09,2144.61,165.86,991.01,52.99,1988.19,170.64,742.90,58.40,2254.41,164.67,642.90,41.52,2161.54,165.69,431.97,266.03,56.51,95.52,239.01,1804.46,3546.97,2.68,151.42,127.79,604.92,3.15,947.68,60.53,503.06
2026-03-08T19:40:00Z,56.94,2142.21,166.23,989.96,53.39,2001.65,170.70,746.85,58.00,2247.47,164.40,643.15,41.58,2163.73,165.38,450.07,264.80,54.43,96.26,241.82,1813.00,3544.80,2.42,149.61,126.71,606.38,2.82,950.72,61.03,504.01
2026-03-08T19:50:00Z,56.77,2157.12,166.58,977.92,53.34,2004.52,170.40,739.25,58.18,2243.68,163.44,641.25,41.81,2160.20,166.46,437.15,267.12,54.55,96.28,237.49,1807.72,3546.07,2.88,151.08,127.92,607.69,2.83,955.06,60.12,509.57
2026-03-08T20:00:00Z,56.81,2153.71,166.25,968.48,53.21,2009.28,170.46,738.43,58.24,2248.10,164.00,634.63,42.20,2156.92,167.18,440.97,269.20,55.90,95.93,242.40,1810.46,3537.04,2.37,150.60,130.54,617.58,3.07,949.42,61.16,514.93
2026-03-08T20:10:00Z,56.90,2153.53,166.26,967.26,52.88,1994.19,169.75,740.32,58.72,2231.18,163.72,659.52,42.06,2164.70,167.24,448.36,265.03,56.50,96.86,240.62,1801.87,3541.76,2.53,149.81,128.52,606.69,2.67,948.21,60.71,497.33
2026-03-08T20:20:00Z,56.82,2153.49,166.82,969.55,52.77,2002.04,169.72,729.25,59.10,2214.83,164.08,677.93,42.25,2151.98,166.84,453.88,266.69,56.53,97.71,241.25,1808.57,3549.70,2.48,150.42,126.30,613.18,3.01,948.69,60.10,508.37
2026-03-08T20:30:00Z,56.59,2157.56,167.48,966.78,52.74,2002.76,169.72,729.29,58.98,2226.29,163.84,666.11,42.42,2142.39,166.65,455.93,267.82,57.05,96.91,239.32,1807.93,3544.62,2.68,150.64,127.71,612.67,2.92,956.68,57.31,509.54
2026-03-08T20:40:00Z,56.70,2164.49,167.11,964.22,52.66,2014.16,170.73,719.00,58.76,2230.63,163.97,681.53,42.79,2140.56,166.76,,273.38,58.69,96.81,246.33,1817.94,3544.80,2.14,151.00,129.81,618.60,2.74,967.30,56.69,507.60
2026-03-08T20:50:00Z,56.53,2156.33,167.18,968.59,51.98,2013.56,170.25,730.15,58.54,2235.22,165.49,691.13,42.88,2127.31,167.20,484.64,269.67,59.42,97.05,243.65,1822.40,3555.01,2.39,148.69,130.32,609.60,2.85,963.00,58.67,499.47
2026-03-08T21:00:00Z,56.52,2148.94,166.90,973.77,52.04,2021.78,170.28,715.20,58.26,2244.43,165.02,676.71,42.60,2135.14,168.10,485.37,271.42,58.49,97.53,242.42,1819.48,3547.50,2.67,151.58,129.22,617.55,3.25,959.84,59.94,516.70
2026-03-08T21:10:00Z,56.68,2150.82,167.33,971.96,51.96,2027.93,170.50,694.04,58.33,2231.05,164.68,680.55,42.80,2140.96,167.99,491.25,262.45,55.39,97.35,237.52,1814.22,3544.49,2.69,149.48,127.55,610.32,2.82,951.89,59.83,501.90
2026-03-08T21:20:00Z,56.52,2153.73,166.76,962.10,52.20,2026.07,170.39,699.83,58.03,2240.57,164.13,663.24,42.91,2136.00,166.98,461.30,266.29,56.05,96.33,238.62,1808.52,3549.95,2.59,151.81,128.55,609.97,2.92,959.09,59.44,511.80
2026-03-08T21:30:00Z,56.27,2172.59,167.06,967.18,52.33,2026.26,170.51,712.45,57.84,2251.42,163.37,648.71,43.04,2125.59,166.63,464.32,264.00,54.99,95.10,239.58,1807.01,3553.74,2.85,148.20,127.18,611.10,2.93,950.07,60.01,523.59
2026-03-08T21:40:00Z,56.47,2166.23,167.67,962.28,51.65,2026.56,170.73,704.80,58.18,2241.57,163.52,649.60,42.84,2130.21,166.44,474.21,266.53,55.32,95.59,241.61,1821.60,3561.74,2.63,151.11,129.40,616.49,3.06,962.57,60.60,505.26
2026-03-08T21:50:00Z,56.83,2158.02,167.16,968.97,51.85,2024.83,170.61,703.55,57.93,2261.50,163.50,659.96,43.17,2132.22,166.30,468.96,265.32,56.57,96.65,240.15,1817.90,3539.21,2.36,150.02,125.05,609.70,2.98,953.02,60.68,508.90
2026-03-08T22:00:00Z,56.65,2157.27,166.00,966.71,51.98,2022.55,170.97,699.34,57.72,2256.59,163.54,654.78,43.15,2123.61,166.30,480.46,269.76,58.09,96.05,244.60,1821.68,3555.71,2.56,151.37,131.57,616.20,2.93,960.10,60.20,508.50
2026-03-08T22:10:00Z,56.68,2160.50,165.96,960.48,51.77,2028.23,170.73,700.84,57.75,2262.74,163.55,646.22,43.28,2125.22,166.60,471.23,263.61,55.44,96.05,237.54,1816.08,3547.05,2.37,150.96,128.49,609.05,2.50,960.62,60.81,502.59
2026-03-08T22:20:00Z,56.78,2154.17,166.12,966.32,51.33,2045.16,170.46,681.13,58.14,2258.96,163.45,641.52,43.17,2116.71,166.97,479.66,264.47,55.90,95.89,236.93,1813.00,3558.39,2.54,151.09,129.45,607.77,3.17,959.64,59.70,496.23
2026-03-08T22:30:00Z,56.98,2141.85,166.01,967.19,51.44,2043.17,169.80,661.38,58.27,2257.62,163.64,645.73,43.06,2106.35,168.01,482.84,262.76,55.34,96.01,236.81,1818.31,3553.68,2.40,150.00,125.53,603.74,2.39,955.17,60.19,510.74
2026-03-08T22:40:00Z,57.06,2152.01,166.02,980.02,51.43,2038.25,169.75,673.10,58.17,2250.30,163.62,639.60,43.03,2118.46,166.76,491.03,268.83,57.12,95.47,243.08,1812.34,3542.82,2.55,148.93,129.16,612.79,2.93,954.45,60.71,518.72
2026-03-08T22:50:00Z,57.13,2148.45,166.20,976.62,51.18,2033.74,170.15,682.24,58.23,2243.17,163.32,644.20,43.05,2132.58,167.40,497.58,273.07,59.61,95.74,244.25,1823.33,3548.93,2.28,151.74,130.77,616.98,3.26,956.66,59.73,523.62
2026-03-08T23:00:00Z,57.31,2147.98,166.47,974.05,51.27,2035.98,169.56,677.30,58.27,2247.66,163.69,662.44,43.19,2134.07,167.02,474.03,270.41,57.50,94.99,241.06,1815.30,3544.40,2.59,149.61,129.20,612.11,3.44,961.09,58.23,510.18
2026-03-08T23:10:00Z,57.30,2139.11,166.81,989.60,51.81,2025.63,169.61,697.92,58.08,2246.75,163.77,658.40,43.13,2130.92,166.24,473.72,270.28,57.94,96.38,243.82,1818.35,3551.56,2.58,148.94,128.64,615.23,2.76,961.27,59.63,506.82
2026-03-08T23:20:00Z,57.66,2139.46,166.79,970.11,52.15,2031.67,169.02,700.26,58.09,2243.96,164.07,671.00,43.12,2132.23,166.81,475.33,273.54,57.36,96.34,247.89,1821.56,3555.30,2.75,150.78,131.87,615.68,2.59,969.18,60.64,523.35
2026-03-08T23:30:00Z,57.95,2142.42,166.83,982.48,51.90,2037.46,168.51,681.30,58.14,2249.76,163.79,656.55,42.94,2123.11,166.82,478.63,268.13,58.22,96.65,244.76,1808.48,3544.86,2.43,150.22,129.24,606.92,3.15,950.20,61.78,505.86
2026-03-08T23:40:00Z,57.65,2131.86,166.35,987.33,51.77,2048.99,168.70,677.49,58.56,2232.57,163.79,651.01,42.86,2119.19,167.25,483.32,264.59,56.81,96.39,239.05,1816.26,3554.99,2.54,150.55,128.91,612.69,3.14,956.32,60.75,516.53
2026-03-08T23:50:00Z,57.73,2142.74,167.08,974.58,52.28,2033.80,169.64,680.51,58.37,2239.95,163.18,656.58,42.92,2126.58,166.90,487.39,260.03,55.56,96.01,234.90,1802.38,3555.89,2.45,151.43,123.28,607.64,3.24,954.39,61.12,499.62
2026-03-09T00:00:00Z,58.37,2118.35,167.20,1002.45,52.24,2030.31,169.68,680.58,58.92,2227.38,164.40,673.54,42.91,2130.85,166.71,480.05,266.59,56.47,96.43,238.12,1810.11,3562.86,2.37,150.28,130.52,614.69,3.28,952.86,59.53,510.69
2026-03-09T00:10:00Z,58.46,2122.12,167.04,1008.75,52.45,2011.62,169.95,713.26,59.52,2221.34,164.70,698.05,43.19,2126.78,166.65,481.43,270.98,58.54,95.92,242.31,1821.97,3562.25,2.33,152.41,131.93,612.12,2.82,958.60,60.94,504.10
2026-03-09T00:20:00Z,59.17,2104.79,168.06,1021.10,52.93,1995.90,169.92,720.36,60.33,2195.84,164.54,706.03,43.00,2134.90,167.24,489.14,274.15,57.72,95.85,245.86,1815.85,3545.13,2.62,153.57,131.55,612.49,3.23,960.69,60.13,510.02
2026-03-09T00:30:00Z,58.85,2102.30,168.10,1047.20,52.87,1994.29,169.41,733.00,60.63,2192.66,164.54,717.10,43.12,2127.27,167.48,488.05,274.52,58.36,95.86,246.70,1824.75,3552.69,2.50,149.81,133.41,609.34,2.83,963.44,60.58,509.33
2026-03-09T00:40:00Z,59.15,2099.52,168.34,1060.32,52.75,1999.11,169.49,741.00,60.71,2172.39,164.89,752.81,43.19,2131.23,167.35,480.80,277.39,60.87,96.36,247.28,1815.44,3558.35,2.64,151.48,132.98,619.15,3.16,955.58,58.96,508.12
2026-03-09T00:50:00Z,59.65,2086.20,167.75,1049.03,52.87,2001.91,169.92,729.28,61.11,2176.99,164.82,751.83,43.45,2116.59,167.07,485.76,276.72,61.23,97.09,251.36,1826.95,3543.13,2.69,150.66,130.32,618.03,2.91,959.42,60.55,510.50
2026-03-09T01:00:00Z,59.47,2082.62,167.06,1056.36,52.77,1999.42,170.29,724.68,61.77,2161.91,165.24,750.91,43.23,2116.32,167.87,495.37,280.88,61.75,96.61,251.80,1826.94,3548.12,2.34,150.68,135.64,617.08,3.18,953.15,60.56,517.10
2026-03-09T01:10:00Z,59.71,2084.13,167.69,1053.58,52.61,2011.22,170.42,717.80,62.00,2142.90,166.37,776.69,43.23,2124.44,167.08,488.70,277.56,60.69,96.86,249.23,1820.28,3558.93,2.76,149.26,131.03,609.59,3.00,961.81,60.12,508.40
2026-03-09T01:20:00Z,59.78,2085.50,167.51,1052.68,52.66,2005.15,170.71,718.60,62.23,2142.72,166.45,784.40,43.29,2114.68,167.80,496.45,283.64,60.37,97.46,254.24,1823.22,3547.84,2.59,151.30,138.58,619.94,2.97,955.28,60.61,517.49
2026-03-09T01:30:00Z,59.72,2095.88,168.18,1055.72,52.40,2009.05,170.69,719.65,62.50,2141.97,166.51,786.48,43.37,2106.26,167.68,505.89,279.94,59.94,98.21,250.04,1823.00,3551.02,2.45,150.10,134.06,620.12,3.45,961.93,59.91,512.19
2026-03-09T01:40:00Z,59.89,2085.01,167.72,1070.99,52.32,2016.19,170.73,726.32,62.93,2124.62,166.29,816.05,43.38,2114.03,166.91,516.91,288.93,61.52,98.27,263.47,,3549.94,2.38,148.79,141.41,629.81,2.74,965.16,59.39,525.24
2026-03-09T01:50:00Z,60.20,2079.68,167.61,1074.48,51.89,2021.20,170.43,708.80,63.02,2132.44,166.17,804.19,43.32,2110.04,167.34,500.09,288.19,62.82,98.11,257.00,1827.27,3551.36,2.47,148.84,137.91,619.61,3.09,960.40,59.46,514.95
2026-03-09T02:00:00Z,60.18,2074.67,168.00,1073.50,51.76,2029.31,170.07,698.32,62.82,2134.48,166.93,809.03,43.34,2106.76,167.41,504.84,285.57,63.98,98.18,257.70,1826.04,3539.36,2.49,151.21,138.64,616.96,2.92,961.91,59.68,520.42
2026-03-09T02:10:00Z,60.81,2067.86,168.52,1095.27,51.77,2022.29,170.40,698.98,63.31,2123.36,167.22,831.22,43.55,2106.96,167.62,497.51,286.45,64.21,97.88,260.08,1825.13,3541.10,2.43,149.14,138.81,617.35,3.01,958.47,60.85,513.29
2026-03-09T02:20:00Z,61.39,2062.26,169.18,1097.94,51.59,2031.82,169.61,690.42,63.63,2122.55,166.96,831.66,43.82,2093.60,167.75,517.38,282.57,63.86,96.71,254.09,1835.06,3539.71,2.41,149.99,138.26,624.04,3.07,972.07,61.42,518.76
2026-03-09T02:30:00Z,61.63,2044.07,169.12,1117.06,51.68,2023.73,169.10,684.29,64.68,2106.63,166.54,847.03,43.84,2101.42,167.53,531.46,286.05,63.74,97.34,257.80,1820.56,3551.92,2.10,149.43,139.08,623.86,3.18,961.59,60.67,521.47
2026-03-09T02:40:00Z,61.92,2037.15,169.57,1128.74,51.83,2031.86,169.66,690.49,64.97,2091.77,167.14,872.32,43.29,2108.94,167.57,521.68,283.52,63.80,97.58,255.83,1828.35,3547.26,2.57,150.33,136.73,618.42,2.66,964.62,60.68,516.84
2026-03-09T02:50:00Z,61.60,2039.23,169.20,1124.42,51.67,2030.13,169.33,681.19,65.38,2067.42,168.16,893.08,43.52,2107.96,168.19,536.17,285.28,67.13,98.06,255.39,1826.22,3546.32,2.47,149.92,137.65,616.46,3.12,953.39,59.72,518.16
2026-03-09T03:00:00Z,62.31,2022.29,169.42,1151.73,52.19,2033.25,169.18,687.43,65.74,2058.67,168.45,907.63,43.19,2107.89,167.24,514.18,290.37,68.49,97.62,264.23,1835.39,3555.77,2.42,150.81,141.18,632.65,,966.85,61.43,526.31
2026-03-09T03:10:00Z,62.28,2025.18,169.79,1145.48,52.18,2018.35,169.55,696.91,65.79,2058.65,168.65,919.66,42.99,2126.49,167.03,484.23,285.47,68.42,95.88,253.66,1830.17,3555.13,2.36,150.76,136.97,621.38,3.02,965.56,61.23,511.54
2026-03-09T03:20:00Z,62.51,2018.25,170.54,1154.98,52.47,2011.50,169.08,702.23,66.00,2061.51,169.24,904.38,43.06,2124.04,166.95,480.57,288.84,67.09,97.57,262.92,1840.67,3550.84,2.62,151.84,137.47,617.67,2.80,963.45,61.51,521.36
2026-03-09T03:30:00Z,62.61,2010.17,170.01,1168.01,52.06,2013.02,169.79,704.92,66.25,2052.95,169.32,916.58,43.11,2123.97,166.95,483.55,287.68,65.50,98.17,259.02,1834.70,3566.93,2.47,150.26,138.36,627.14,2.88,967.09,60.92,510.43
2026-03-09T03:40:00Z,62.78,2001.30,170.16,1175.68,52.10,2026.90,169.71,707.57,66.83,2027.99,168.77,938.96,42.86,2119.52,167.27,484.39,294.58,65.85,97.72,264.76,1835.34,3548.22,2.52,149.33,140.99,621.47,2.77,971.62,60.51,515.49
2026-03-09T03:50:00Z,63.28,2001.06,170.50,1187.92,52.04,2026.88,169.17,693.80,67.09,2015.49,169.59,954.33,42.72,2134.54,166.94,480.86,296.72,65.58,97.95,267.38,1831.67,3553.04,2.77,150.91,144.34,628.31,3.25,967.67,58.14,516.42
2026-03-09T04:00:00Z,63.23,1998.54,171.08,1190.36,51.91,2034.34,169.38,679.32,67.59,2012.68,170.06,966.75,42.84,2138.47,167.15,474.99,296.37,66.46,97.65,266.75,1822.74,3543.46,2.47,150.18,143.26,622.40,3.18,958.56,60.14,507.74
2026-03-09T04:10:00Z,63.24,2000.16,170.40,1187.78,51.53,2024.09,169.32,680.77,67.67,2003.67,169.97,977.93,42.60,2140.63,166.81,474.01,295.18,66.23,97.80,263.38,1843.39,3551.29,2.60,150.85,142.93,632.46,2.86,968.70,60.44,522.37
2026-03-09T04:20:00Z,63.22,2001.01,171.29,1187.57,51.58,2029.67,168.87,676.39,67.80,1999.56,170.09,988.38,42.35,2145.37,166.99,463.45,292.97,65.58,98.07,263.18,1837.78,3542.12,2.42,151.27,141.17,628.12,2.91,970.95,60.02,518.41
2026-03-09T04:30:00Z,63.33,1992.82,171.45,1196.75,51.80,2030.66,169.47,686.30,67.72,1993.08,170.12,992.53,42.14,2141.00,166.67,461.59,297.03,65.62,98.62,267.96,1831.01,3551.68,2.52,148.42,143.59,626.37,2.75,961.10,60.94,521.64
2026-03-09T04:40:00Z,63.75,1988.76,170.92,1187.08,51.85,2029.66,169.10,696.40,68.02,1992.60,170.42,998.17,41.15,2160.46,166.62,435.08,295.13,65.68,97.83,265.52,1836.34,3526.46,2.67,151.13,144.08,630.99,2.69,956.16,61.50,532.17
2026-03-09T04:50:00Z,63.81,1976.02,170.35,1191.85,52.00,2034.19,170.08,678.62,67.90,1995.55,170.65,982.02,40.90,2175.27,166.98,426.53,293.64,65.40,98.10,269.36,1839.37,3542.38,2.77,149.74,141.15,621.71,2.99,976.27,61.69,525.17
2026-03-09T05:00:00Z,63.73,1979.10,170.45,1210.43,52.41,2036.14,169.95,696.78,68.20,1995.44,170.45,991.36,40.70,2186.83,166.23,409.71,293.41,67.06,98.03,265.09,1834.85,3537.16,2.61,149.83,142.68,619.36,3.31,968.14,61.28,510.31
2026-03-09T05:10:00Z,63.68,1978.44,170.60,1204.01,52.70,2009.06,170.67,708.87,68.45,1984.94,170.76,995.88,40.65,2180.06,166.25,408.50,289.69,69.21,98.54,264.93,1838.11,3545.81,2.64,152.93,137.51,618.19,3.02,973.89,61.85,515.11
2026-03-09T05:20:00Z,63.71,1973.74,171.28,1208.70,52.83,2012.89,170.47,714.50,69.00,1982.76,171.38,1026.24,40.37,2176.22,165.65,395.77,298.32,67.03,98.28,273.02,1850.41,3549.06,2.48,150.48,146.20,633.77,2.85,970.09,60.77,522.96
2026-03-09T05:30:00Z,63.80,1971.96,171.54,1221.85,52.91,2012.01,170.62,724.35,69.14,1986.16,170.85,1024.55,40.18,2176.26,165.53,391.59,296.88,66.81,98.39,263.72,1832.76,3555.72,2.68,149.63,144.45,629.35,3.08,962.69,60.46,519.47
2026-03-09T05:40:00Z,63.72,1982.65,171.43,1220.95,52.66,2002.00,170.31,719.93,69.00,1971.25,170.79,1035.80,40.53,2187.09,165.28,392.84,291.61,67.79,98.47,262.16,1835.45,3569.31,2.74,151.01,139.66,621.99,3.30,972.42,61.64,525.13
2026-03-09T05:50:00Z,63.45,1983.93,171.63,1214.96,52.73,1998.72,169.85,711.47,68.99,1976.48,171.28,1033.89,40.83,2179.25,164.92,409.64,294.88,69.49,98.29,265.39,1834.13,3542.43,2.37,151.90,141.62,621.68,3.04,966.17,61.45,525.85
2026-03-09T06:00:00Z,63.60,1979.50,171.61,1215.66,52.38,2008.67,,710.87,68.84,2000.83,171.78,1030.06,40.57,2191.14,165.17,395.85,294.78,68.21,98.79,262.20,1831.38,3542.81,2.56,150.68,142.21,622.79,3.31,970.29,61.87,520.47
2026-03-09T06:10:00Z,63.60,1980.06,172.31,1217.66,51.90,2023.21,170.93,710.62,69.11,1987.62,171.65,1012.73,40.54,,165.19,396.24,298.70,69.00,97.39,270.52,1844.72,3558.55,2.93,151.39,145.12,630.40,3.07,977.18,62.64,506.57
2026-03-09T06:20:00Z,63.34,1988.98,171.63,1204.27,51.96,2017.79,170.65,719.57,69.23,1970.15,171.11,1026.42,40.02,2197.99,164.51,391.15,298.27,71.05,97.53,268.60,1841.65,3543.06,2.31,148.95,145.92,633.28,2.78,979.00,61.27,525.27
2026-03-09T06:30:00Z,63.46,1995.75,171.37,1186.02,52.22,2023.29,170.26,709.81,69.62,1960.54,171.37,1054.02,40.06,2199.28,164.25,383.53,294.60,71.50,97.91,266.35,1836.98,3549.19,2.36,152.47,141.53,626.38,2.92,967.71,61.55,514.23
2026-03-09T06:40:00Z,63.25,1991.35,171.96,1184.06,51.95,2022.32,169.79,706.52,69.95,1955.37,171.70,1065.04,40.28,2200.73,164.27,380.36,294.86,69.84,97.65,265.98,1844.60,3540.10,2.50,151.37,143.55,625.00,3.14,967.00,60.86,525.94
2026-03-09T06:50:00Z,63.45,1989.67,171.95,1189.92,51.96,2028.51,170.08,697.22,69.90,1953.26,172.24,1079.62,40.20,2200.96,164.07,373.82,292.73,68.28,97.70,264.18,1829.23,3551.25,2.65,151.15,138.85,,3.51,962.87,61.23,507.89
2026-03-09T07:00:00Z,63.12,1992.66,171.50,1186.91,52.39,2028.34,169.75,687.17,69.89,1956.75,171.70,1083.90,40.21,2204.11,163.93,383.47,292.01,69.03,97.96,264.34,1825.48,3547.46,2.92,151.62,141.67,622.27,3.28,963.04,59.70,519.49
2026-03-09T07:10:00Z,63.05,1993.27,171.06,1186.53,52.40,2018.59,169.80,694.52,69.94,1953.20,172.00,1087.13,40.31,2200.62,164.05,387.66,291.28,67.45,97.94,261.80,1829.21,3541.75,2.36,151.66,137.69,618.25,2.75,963.19,60.69,511.61
2026-03-09T07:20:00Z,62.86,1996.79,170.72,1185.45,52.49,2007.74,170.67,713.89,69.81,1942.05,171.48,1081.73,39.97,2204.38,163.93,379.84,289.45,68.45,97.54,259.32,1829.88,3546.81,2.49,149.70,138.43,621.05,3.08,969.38,61.31,522.99
2026-03-09T07:30:00Z,62.95,1999.99,170.89,1177.13,52.46,2005.03,170.78,712.19,69.80,1959.29,171.69,1074.65,39.68,2211.26,164.30,375.20,290.97,69.87,97.04,262.56,1833.41,3555.42,2.57,150.42,136.36,614.75,2.75,968.30,59.79,507.94
2026-03-09T07:40:00Z,63.11,1988.50,170.55,1185.96,52.67,2003.82,171.02,699.61,70.10,1951.69,171.38,1079.33,40.02,2207.31,164.97,377.62,291.93,68.21,97.57,260.72,1839.31,3559.95,2.59,152.44,142.80,627.54,2.93,970.69,59.75,511.43
2026-03-09T07:50:00Z,63.23,1991.88,170.67,1214.35,52.54,2011.33,170.76,712.13,70.22,1948.40,171.95,1069.80,39.83,2201.89,165.40,373.23,296.22,68.89,98.30,264.66,1834.51,3551.69,2.65,149.93,143.43,630.39,3.29,966.42,60.60,522.00
2026-03-09T08:00:00Z,62.77,1997.65,170.72,1190.67,52.46,2017.55,170.33,703.04,70.15,1950.77,172.46,1077.27,39.40,2212.37,165.93,365.20,294.03,66.89,97.86,263.03,1837.86,3550.19,2.52,148.82,145.36,633.61,3.04,963.16,62.52,533.17
2026-03-09T08:10:00Z,62.50,2002.80,170.45,1195.77,52.56,2008.58,170.11,702.14,70.34,1947.76,172.35,1066.63,39.58,2213.14,165.30,379.92,288.76,65.77,97.23,257.93,1828.12,3553.22,2.43,149.49,141.42,621.18,2.66,964.05,62.54,515.76
2026-03-09T08:20:00Z,62.87,1994.83,170.36,1189.34,52.40,2010.69,170.07,702.72,70.53,1937.39,171.97,1083.36,39.95,2196.17,165.45,378.70,294.13,66.32,97.32,261.28,1838.44,3542.24,2.67,150.34,142.06,622.08,3.34,970.37,62.26,520.45
2026-03-09T08:30:00Z,62.75,1997.04,170.63,1200.13,52.21,2022.10,169.39,696.36,70.34,1945.12,172.93,1087.42,39.97,2199.10,165.32,382.49,296.57,66.51,97.83,267.16,1839.46,3553.03,2.45,149.23,141.91,628.35,2.81,962.62,61.71,533.15
2026-03-09T08:40:00Z,62.53,2005.44,170.27,1177.42,52.47,2018.39,169.72,705.03,69.99,1944.89,172.73,1085.50,39.95,2208.29,165.13,393.80,298.49,66.65,97.84,263.26,1830.80,3538.99,2.40,149.62,144.36,632.44,2.88,957.03,60.61,522.37
2026-03-09T08:50:00Z,62.41,2017.68,170.06,1167.93,52.09,2016.15,169.55,718.08,70.01,1944.55,172.60,1078.31,40.42,2191.83,165.47,408.11,295.92,67.12,97.64,269.21,1841.92,3545.65,2.41,150.04,143.07,632.40,3.34,979.33,61.74,525.04
2026-03-09T09:00:00Z,62.80,1995.08,169.63,1189.29,51.90,2022.04,169.77,714.11,70.25,1935.37,173.08,1099.37,40.41,2192.76,165.53,401.78,302.37,67.55,97.49,268.05,1835.89,3569.34,2.58,151.54,144.31,627.35,3.09,966.42,61.22,511.92
2026-03-09T09:10:00Z,62.82,2003.65,170.34,1190.64,51.96,2028.14,169.72,702.01,70.50,1934.88,172.41,1085.78,40.72,2191.66,165.33,408.72,295.32,68.35,97.83,265.82,1839.92,3549.36,2.66,150.27,141.46,624.83,2.67,965.06,60.86,520.81
2026-03-09T09:20:00Z,62.63,1993.95,170.20,1183.18,51.92,2028.21,169.92,697.80,70.15,1938.18,171.27,1101.12,40.74,2190.58,165.27,416.36,294.11,69.51,97.38,265.37,1842.78,3555.63,2.45,149.71,140.76,624.62,3.07,971.06,61.54,522.44
2026-03-09T09:30:00Z,62.83,1999.93,171.02,1178.86,51.92,2021.26,169.98,696.54,70.10,1942.46,171.28,1105.16,41.03,2187.26,164.67,398.55,293.76,67.39,97.39,265.57,1832.96,3560.42,2.77,150.13,140.62,625.31,2.88,964.34,61.14,519.90
2026-03-09T09:40:00Z,62.75,1995.41,170.92,1181.24,51.97,2020.35,170.09,694.21,69.75,1955.40,171.66,1088.17,41.35,2177.58,165.07,421.40,295.39,67.89,97.30,266.89,1836.13,3554.66,2.58,149.13,143.03,621.72,2.62,956.20,60.89,510.90
2026-03-09T09:50:00Z,63.02,1993.16,170.55,1199.49,51.80,2016.08,170.11,711.60,69.62,1957.80,172.08,1072.89,41.74,2159.72,166.04,425.99,302.13,69.21,97.93,272.44,1836.24,3544.49,2.50,149.56,147.11,631.45,3.15,970.14,60.67,526.79
2026-03-09T10:00:00Z,62.53,2004.41,170.28,1172.44,51.92,2016.23,169.61,717.30,69.43,1949.62,172.11,1075.73,41.81,2156.95,166.13,448.79,305.04,69.68,97.64,274.82,1844.65,3560.61,2.57,152.47,146.94,623.99,3.28,973.97,60.36,514.83
2026-03-09T10:10:00Z,62.37,2012.84,170.50,1166.75,52.03,2025.88,169.11,708.97,69.45,1959.45,171.59,1074.67,41.44,2170.27,165.81,446.64,298.75,66.92,97.45,267.96,1841.65,3549.18,2.41,150.30,141.81,621.92,2.85,969.09,59.82,517.17
2026-03-09T10:20:00Z,62.55,2006.52,170.41,1157.81,51.92,2019.81,169.65,705.08,69.96,1963.44,171.94,1073.13,41.38,2159.21,166.62,442.81,298.23,66.18,98.06,269.39,1844.20,3536.58,2.54,151.22,141.43,634.86,2.95,969.13,60.79,520.00
2026-03-09T10:30:00Z,62.36,2010.98,170.92,1173.68,52.23,2018.69,170.09,709.30,69.60,1970.05,172.08,1062.29,41.02,2177.68,165.90,430.75,300.43,66.30,97.18,269.55,1851.07,3545.72,2.44,150.34,143.90,630.13,2.75,975.20,61.24,523.63
2026-03-09T10:40:00Z,62.35,2007.51,170.02,1171.10,51.84,2025.13,169.69,708.19,68.96,1984.36,172.16,1046.95,40.52,2186.60,165.61,409.93,297.83,65.50,96.76,271.88,1843.73,3546.20,2.62,150.11,143.46,626.34,2.82,973.52,61.85,519.48
2026-03-09T10:50:00Z,62.22,2008.72,170.79,1163.47,51.56,2029.94,169.59,691.03,69.08,1975.22,171.92,1050.06,40.58,2189.66,165.67,404.92,294.86,67.09,96.07,265.45,1841.95,3553.84,2.39,149.84,142.64,621.61,3.02,972.86,60.60,509.77
2026-03-09T11:00:00Z,62.04,2028.27,170.67,1145.28,51.31,2027.03,169.00,682.91,69.28,1951.92,171.26,1054.69,40.60,2183.53,165.18,410.08,289.46,67.85,97.01,260.34,1836.63,3540.36,2.44,150.91,139.46,627.17,3.21,969.77,60.03,529.48
2026-03-09T11:10:00Z,62.51,2015.35,170.86,1167.49,51.07,2031.04,168.73,677.23,69.47,1960.83,171.66,1059.59,40.82,2192.71,165.19,395.72,286.55,67.07,97.04,255.63,1827.01,3539.61,2.52,149.02,137.43,623.02,2.90,963.64,60.70,519.04
2026-03-09T11:20:00Z,62.31,2021.86,170.91,1167.10,51.11,2040.34,169.37,671.56,69.17,1957.60,171.14,1054.47,40.52,2184.42,164.99,393.24,285.92,65.81,96.82,256.47,1830.86,3558.71,2.49,150.27,136.51,619.93,3.09,964.88,59.70,502.38
2026-03-09T11:30:00Z,62.05,2026.41,169.95,1160.33,51.55,2034.55,169.23,678.33,69.34,1972.99,171.01,1053.73,40.80,2177.84,164.92,413.33,288.80,66.83,96.42,263.62,1834.96,3562.27,2.44,150.91,140.16,620.02,2.81,966.26,61.05,503.67
2026-03-09T11:40:00Z,61.96,2030.62,169.96,1155.31,51.64,2032.85,169.61,689.22,69.09,1975.86,171.02,1042.11,41.18,2169.05,166.43,427.04,290.20,65.86,96.72,262.91,1832.32,3541.70,2.50,148.57,141.65,631.72,3.24,963.81,60.53,522.50
2026-03-09T11:50:00Z,62.31,2023.23,170.89,1152.75,51.51,2033.59,169.82,683.72,69.17,1962.26,171.24,1047.91,41.19,2169.14,165.37,420.34,292.12,65.53,98.02,263.66,1844.04,3550.45,2.39,150.52,144.35,627.03,3.11,967.11,60.35,518.16
2026-03-09T12:00:00Z,62.12,2035.78,170.50,1163.57,51.57,2041.86,169.83,676.68,69.26,1961.43,171.26,1052.32,41.28,2169.01,166.17,418.42,293.72,66.37,98.32,262.27,1844.70,3551.75,2.55,150.28,139.52,620.98,3.20,976.65,61.57,517.19
2026-03-09T12:10:00Z,62.32,2021.49,169.84,1150.66,51.72,2027.38,169.92,700.55,69.15,1960.36,171.75,1070.68,41.52,2160.06,165.28,435.45,293.06,65.49,97.22,262.92,1833.01,3546.99,2.60,149.65,143.32,637.53,2.74,968.39,63.37,531.31
2026-03-09T12:20:00Z,62.81,2015.43,169.73,1164.19,51.88,2009.74,170.93,699.04,69.48,1958.86,172.18,1076.79,41.29,2172.54,165.79,413.88,292.04,66.12,97.25,261.23,1831.54,3542.88,2.68,149.91,140.64,629.34,2.97,957.53,61.06,523.81
2026-03-09T12:30:00Z,62.81,2006.67,170.73,1186.08,51.58,2020.83,169.78,682.99,69.42,1954.95,172.44,1066.10,41.85,2166.77,166.56,427.26,296.25,66.80,97.27,267.49,1836.43,3539.57,2.34,150.32,142.48,619.94,3.12,969.66,60.75,513.86
2026-03-09T12:40:00Z,62.69,1998.00,170.93,1178.21,51.52,2029.33,169.57,687.46,69.78,1955.56,171.87,1061.25,41.85,2154.05,167.26,450.30,291.78,66.69,96.94,262.99,1833.38,3550.83,2.48,150.35,140.02,622.07,3.28,956.73,61.02,524.24
2026-03-09T12:50:00Z,62.96,2004.27,170.96,1179.89,51.61,2035.00,169.17,682.32,70.15,1947.80,171.68,1073.20,42.01,2148.00,166.68,456.86,296.17,68.00,97.62,266.80,1843.37,3550.80,2.52,152.64,142.31,618.81,2.97,967.63,61.65,518.72
2026-03-09T13:00:00Z,63.34,1993.75,170.64,1181.63,51.62,2040.28,170.22,677.03,70.11,1942.20,171.73,1064.33,41.87,2153.29,166.61,443.03,295.75,69.19,97.75,269.51,1837.88,3556.92,2.61,150.32,142.96,621.89,2.83,972.28,60.83,524.63
2026-03-09T13:10:00Z,63.37,1986.70,170.33,1195.69,51.30,2036.01,170.56,687.81,69.60,1954.10,171.17,1071.15,41.43,2159.94,166.02,440.94,306.47,69.06,98.37,276.51,1844.39,3553.88,2.43,151.31,151.29,645.27,2.67,973.83,61.38,534.41
2026-03-09T13:20:00Z,63.18,1997.63,170.52,1203.86,51.71,2039.64,169.90,674.38,69.72,1956.78,171.73,1057.12,41.18,2165.31,166.00,430.19,298.03,67.48,98.14,267.74,1841.34,3558.53,2.59,150.14,144.87,634.83,3.53,966.76,61.24,526.64
2026-03-09T13:30:00Z,62.98,1996.73,170.74,1195.74,52.00,2032.74,170.06,678.28,70.25,1954.22,172.31,1072.61,41.22,2171.23,166.43,422.64,300.50,67.27,97.81,273.15,1841.30,3541.90,2.45,150.09,144.64,619.32,2.76,968.22,61.77,512.17
2026-03-09T13:40:00Z,63.22,2003.23,171.39,1194.25,51.85,2028.67,169.57,685.56,70.40,1953.81,171.89,1080.73,41.39,2169.08,166.69,427.07,300.53,69.09,98.03,271.92,1835.40,3545.59,2.31,150.28,144.46,624.50,3.04,962.35,60.61,510.80
2026-03-09T13:50:00Z,63.01,1998.15,170.29,1181.03,52.09,2024.55,169.38,682.41,70.12,1947.81,171.73,1072.56,41.41,2171.90,166.03,416.01,297.49,69.53,97.83,270.75,1842.39,3556.34,2.54,151.68,145.75,634.58,2.94,979.53,60.79,523.88
2026-03-09T14:00:00Z,62.68,2005.32,170.28,1164.63,52.15,2018.21,169.69,709.09,70.21,1947.22,172.48,1089.22,41.33,2179.66,165.76,426.46,296.45,69.71,97.89,268.85,1840.79,3545.76,2.43,148.60,143.35,632.11,3.16,975.20,60.91,525.42
2026-03-09T14:10:00Z,62.69,2008.27,170.27,1177.02,51.80,2029.86,169.87,731.48,69.94,1946.68,171.46,1082.47,41.06,2173.37,165.77,419.55,300.20,69.56,98.25,269.39,1839.28,3542.09,2.36,151.16,143.74,631.13,2.74,965.50,61.01,515.63
2026-03-09T14:20:00Z,62.85,2007.78,169.88,1172.92,51.74,2025.71,169.96,719.27,70.18,1952.29,172.50,1082.73,41.17,2179.00,166.19,410.79,295.52,67.63,98.82,265.17,1828.53,3552.19,2.45,149.86,141.77,624.54,2.82,964.87,61.24,518.74
2026-03-09T14:30:00Z,62.62,2005.40,170.03,1178.65,51.76,2033.81,170.44,715.83,70.53,1941.90,171.85,1082.40,41.18,2175.79,165.65,423.95,298.04,67.13,98.38,266.99,1841.95,3553.91,2.51,151.39,143.27,623.34,3.13,970.32,60.66,518.73
2026-03-09T14:40:00Z,63.10,2015.09,170.25,1174.74,51.52,2029.27,170.03,696.80,70.34,1927.12,172.44,1087.66,41.43,2161.73,165.42,426.33,292.41,68.71,97.53,259.92,1830.50,3551.64,2.44,149.96,141.44,622.30,3.10,964.60,63.63,516.50
2026-03-09T14:50:00Z,63.42,1996.91,170.61,1197.15,51.69,2033.06,169.90,687.43,70.63,1936.92,172.71,1087.32,41.58,2160.05,165.87,441.55,299.03,69.03,98.29,269.35,1830.94,3553.09,2.64,149.27,144.11,627.04,2.77,967.11,62.56,523.68
2026-03-09T15:00:00Z,63.21,1997.96,170.66,1190.06,51.40,2043.11,169.97,677.13,71.04,1924.83,173.19,1109.50,41.80,2157.35,165.84,434.36,296.94,68.47,98.44,267.32,1839.48,3547.04,2.50,150.92,145.95,628.23,3.16,971.66,61.38,518.61
2026-03-09T15:10:00Z,63.33,1989.67,170.73,1178.32,51.43,2042.75,169.82,673.35,71.09,1918.45,172.75,1104.99,41.47,2166.37,166.59,434.57,297.13,69.66,98.58,265.34,1835.23,3528.13,2.44,150.31,143.52,633.36,3.11,965.06,61.67,529.90
2026-03-09T15:20:00Z,63.61,1976.12,171.19,1203.31,51.62,2034.07,170.55,680.22,71.10,1917.40,173.11,1102.65,41.14,2168.35,166.10,422.46,297.76,69.07,98.10,269.58,1836.61,3550.79,2.47,149.56,146.29,624.71,3.29,967.73,60.86,525.28
2026-03-09T15:30:00Z,63.36,1981.70,170.62,1201.12,51.94,2025.90,170.19,689.23,71.24,1910.79,172.94,1108.36,40.77,2177.96,166.84,411.72,306.04,68.80,99.24,272.02,1844.34,3567.13,2.20,151.01,148.78,636.70,3.05,979.18,60.02,518.76
2026-03-09T15:40:00Z,62.98,1996.28,170.33,1198.46,51.39,2038.45,170.62,690.60,71.25,1909.66,173.14,1129.48,40.64,2179.34,166.10,412.33,306.86,69.67,98.84,277.46,1850.73,3542.49,2.58,152.14,147.54,628.48,2.93,970.89,60.95,525.56
2026-03-09T15:50:00Z,62.58,2007.63,170.73,1190.43,51.59,2030.75,170.07,675.37,71.96,1905.68,173.27,1152.19,40.33,2186.24,165.64,407.64,300.62,68.24,99.52,270.84,1837.15,3554.63,2.57,149.10,147.05,634.82,2.93,968.56,60.73,520.11
2026-03-09T16:00:00Z,62.51,2009.38,170.90,1177.20,51.65,2040.50,169.83,675.16,71.95,1906.85,172.85,1146.12,40.56,2185.60,165.20,392.70,299.05,67.00,98.44,268.53,1846.38,3547.62,2.61,149.27,142.41,627.42,2.83,973.32,62.12,528.58
2026-03-09T16:10:00Z,62.62,2008.48,169.69,1160.48,51.49,2044.60,169.69,667.67,72.11,1896.75,172.59,1146.73,41.06,2179.24,164.76,415.70,295.47,68.34,98.58,268.43,1836.18,3538.16,2.46,150.95,143.57,627.77,2.90,970.65,62.19,523.23
2026-03-09T16:20:00Z,62.58,2025.01,170.07,1161.11,51.49,2033.37,169.64,686.11,72.31,1888.86,173.84,1142.56,41.17,2171.60,164.87,417.85,295.15,72.00,97.40,265.38,1833.64,3551.70,2.34,152.66,143.20,629.23,3.09,966.15,61.11,528.26
2026-03-09T16:30:00Z,62.38,2035.65,170.68,1164.40,51.69,2031.98,169.38,691.32,72.37,1887.34,173.49,1144.52,41.72,2166.19,165.32,417.46,297.71,70.63,98.38,268.09,1842.12,3552.02,2.38,150.89,141.97,626.75,3.01,965.99,61.20,518.17
2026-03-09T16:40:00Z,62.60,2011.74,170.66,1158.78,52.05,2038.18,169.67,709.32,72.26,1886.32,173.41,1155.78,41.79,2164.13,165.02,432.02,299.65,69.30,97.56,269.39,1835.68,3549.49,2.22,150.42,145.64,626.91,3.17,972.80,60.39,506.48
2026-03-09T16:50:00Z,62.76,2001.75,170.17,1166.82,51.75,2025.22,170.28,703.86,72.19,1897.55,174.09,1170.06,41.91,2163.59,165.66,433.47,302.38,67.69,98.45,269.74,1841.56,3555.64,2.57,152.05,145.09,637.22,3.01,977.26,59.91,519.72
2026-03-09T17:00:00Z,63.00,1990.23,170.69,1188.82,52.01,2012.68,170.54,712.29,72.35,1889.00,173.13,1176.99,41.61,2155.57,165.60,450.36,302.94,69.98,98.26,272.08,1840.65,3544.80,2.33,151.34,147.86,632.42,2.93,970.06,59.98,525.28
2026-03-09T17:10:00Z,63.19,1995.57,171.01,1188.73,52.30,2016.11,171.06,716.55,72.54,1882.67,173.77,1175.51,41.93,2146.93,165.46,448.43,304.33,71.65,98.41,269.91,1839.34,3552.27,2.52,149.55,147.26,629.98,2.91,970.62,59.93,529.18
2026-03-09T17:20:00Z,63.18,1989.12,170.99,1188.89,52.40,2017.54,171.41,726.83,72.40,1887.93,174.11,1169.86,41.64,2151.18,165.53,431.15,301.40,70.40,97.39,272.32,1843.24,3541.38,2.40,150.71,145.79,637.18,3.03,978.13,60.66,536.10
2026-03-09T17:30:00Z,62.79,2001.87,170.45,1184.25,52.59,2005.65,170.66,723.05,71.94,1889.92,173.87,1169.11,41.59,2149.04,166.83,422.77,298.88,69.39,97.48,267.56,1842.63,3538.96,2.61,149.18,144.36,632.26,2.62,974.93,59.91,522.41
2026-03-09T17:40:00Z,62.80,1991.77,170.34,1177.45,52.65,2002.64,170.22,718.49,72.16,1887.51,173.98,1164.50,41.77,2146.11,166.15,431.47,303.57,71.53,97.98,272.52,1840.39,3540.43,2.61,150.28,145.24,633.18,2.98,966.89,61.68,526.98
2026-03-09T17:50:00Z,62.62,2007.79,170.54,1168.67,52.98,2004.19,170.41,721.19,71.97,1898.81,173.52,1142.70,41.24,2159.53,166.08,431.37,302.75,71.88,97.82,270.80,1838.77,3541.47,2.49,149.79,147.78,631.50,2.83,965.76,61.39,531.42
2026-03-09T18:00:00Z,62.39,2008.67,170.53,1157.96,52.63,2005.10,170.43,715.49,72.19,1890.58,173.14,1159.00,41.66,2168.13,166.22,428.62,299.10,71.53,98.21,270.13,1841.50,3555.72,2.31,150.17,142.86,617.75,2.72,974.22,60.55,516.94
2026-03-09T18:10:00Z,62.46,2018.26,169.78,1159.43,52.29,2018.61,170.60,714.07,71.99,1903.17,172.94,1157.54,41.76,2162.76,165.13,440.86,300.65,71.23,97.78,273.16,1840.46,3542.52,2.28,150.94,148.73,634.61,2.32,968.60,59.99,540.25
2026-03-09T18:20:00Z,62.33,2021.54,170.43,1168.61,52.59,2012.74,170.04,718.20,71.96,1898.10,173.38,1149.20,42.02,2149.58,165.92,456.55,301.02,69.25,97.26,271.91,1836.67,3555.83,2.40,150.77,144.90,626.97,3.17,967.34,59.76,526.26
2026-03-09T18:30:00Z,62.37,2024.36,170.15,1154.90,52.42,2013.10,170.23,717.32,71.81,1915.08,173.40,1135.43,42.34,2137.53,166.25,468.58,301.83,69.50,97.46,270.96,1849.65,3555.24,2.30,149.47,144.23,628.76,3.07,971.79,61.68,520.58
2026-03-09T18:40:00Z,62.29,2031.82,170.35,1149.18,52.28,2023.04,170.49,716.97,71.69,1908.12,173.12,1129.53,42.47,2133.07,166.61,465.37,305.37,68.89,96.95,273.55,1839.03,3550.73,2.38,151.46,147.28,629.58,2.89,970.56,62.37,525.35
2026-03-09T18:50:00Z,62.28,2038.87,169.72,1134.51,52.45,2020.97,170.10,703.50,71.49,1920.47,173.37,1126.33,42.67,2124.89,166.29,472.68,304.40,69.58,97.56,275.12,1847.83,3552.21,2.39,150.96,148.19,643.07,2.77,969.16,61.32,519.89
2026-03-09T19:00:00Z,62.46,2019.20,169.85,1152.15,52.65,2013.68,170.27,722.40,71.12,1924.32,173.74,1129.74,42.54,2129.54,166.54,472.13,299.51,71.88,98.00,266.24,1833.30,3551.23,2.45,149.85,143.34,625.22,3.34,968.05,61.22,515.96
2026-03-09T19:10:00Z,62.21,2022.26,170.11,1138.16,52.73,2004.43,170.13,729.47,70.99,1929.26,174.03,1112.58,42.53,2129.15,166.78,471.38,301.06,70.57,98.43,271.47,1834.78,3551.81,2.28,150.61,143.94,624.61,3.07,974.70,60.94,522.74
2026-03-09T19:20:00Z,62.47,2017.24,169.02,1169.56,52.59,2013.09,170.28,716.47,70.85,1933.19,174.21,1124.44,42.39,2130.47,166.63,464.37,293.59,69.92,97.93,265.41,1838.05,3556.67,2.50,151.36,143.10,622.99,2.97,968.43,59.82,526.49
2026-03-09T19:30:00Z,62.68,2008.01,169.50,1166.74,52.57,2013.80,170.35,714.59,70.85,1927.56,173.04,1131.26,41.89,2142.31,166.78,462.11,297.19,71.92,97.72,270.02,1838.00,3568.40,2.70,148.53,143.24,633.76,3.15,960.82,59.84,534.89
2026-03-09T19:40:00Z,63.16,2005.40,169.56,1178.54,52.67,2010.06,170.47,722.13,71.05,1915.81,172.97,1116.50,41.97,2142.42,166.69,456.86,300.14,69.76,98.02,266.72,1835.74,3554.79,2.50,148.90,143.06,628.39,2.83,965.77,60.07,526.12
2026-03-09T19:50:00Z,63.01,2001.41,170.08,1191.24,52.48,2017.87,170.32,715.78,70.77,1924.49,173.00,1122.00,41.89,2145.00,166.80,466.58,296.57,69.60,97.79,265.10,1836.94,3546.23,2.26,150.33,141.30,625.40,2.94,971.97,60.83,518.23
2026-03-09T20:00:00Z,63.08,2002.20,170.59,1192.56,52.18,2012.29,169.57,711.02,70.93,1922.95,173.28,1134.85,42.20,2138.60,166.30,466.35,299.48,69.20,97.77,271.72,1837.99,3541.15,2.60,150.56,145.41,628.78,3.26,975.29,60.01,518.50
2026-03-09T20:10:00Z,63.01,1998.98,170.04,1178.57,52.20,2010.86,169.79,711.00,70.85,1917.06,173.00,1124.08,42.36,2141.17,166.47,457.04,303.80,71.40,97.26,274.18,1839.93,3543.93,2.40,151.58,148.44,630.19,3.22,967.05,60.63,526.24
2026-03-09T20:20:00Z,63.28,1992.47,169.74,1173.62,52.33,2012.06,170.58,725.17,71.47,1927.46,173.29,1119.48,42.46,2148.71,166.96,459.46,303.26,69.55,98.21,274.49,1846.75,3542.68,2.62,151.26,145.14,628.84,2.96,972.45,60.03,520.93
2026-03-09T20:30:00Z,63.06,1996.06,169.94,1170.32,52.46,2015.94,170.71,719.13,71.45,1906.16,172.46,1124.01,42.54,2139.94,166.98,472.95,306.01,69.14,98.15,274.05,1845.70,3535.94,2.69,149.47,147.02,635.74,3.11,969.26,60.07,520.65
2026-03-09T20:40:00Z,63.19,1994.38,169.85,1191.16,52.54,2003.84,169.92,716.20,71.63,1909.06,172.21,1126.90,42.45,2132.23,166.56,474.01,302.94,69.83,98.03,270.58,1840.52,3544.30,2.55,149.99,147.59,630.16,2.94,969.18,60.73,515.77
2026-03-09T20:50:00Z,63.17,2000.59,170.85,1169.68,52.32,2010.55,169.96,714.48,71.57,1909.37,172.59,1125.40,42.13,2141.72,166.20,463.52,301.29,69.67,97.67,271.70,1840.90,3548.11,2.68,148.70,144.93,628.90,3.40,977.07,60.44,525.68
2026-03-09T21:00:00Z,63.23,2004.33,170.89,1186.02,52.29,2006.71,170.17,708.45,71.84,1910.86,173.17,1132.09,41.93,2151.42,166.68,462.26,304.30,68.67,98.16,272.53,1845.79,3550.42,2.56,150.64,145.06,633.92,2.68,971.04,61.58,530.61
2026-03-09T21:10:00Z,63.22,1987.81,170.53,1187.12,52.44,2008.17,170.88,716.67,71.45,1909.65,173.83,1130.12,41.95,2156.34,166.61,468.65,305.99,72.07,98.02,274.70,1853.81,3546.62,2.75,151.45,149.10,633.27,2.88,974.23,61.10,538.06
2026-03-09T21:20:00Z,63.05,1994.08,170.98,1190.03,52.50,2011.28,170.94,716.34,71.14,1914.55,173.04,1119.17,42.19,2154.37,166.13,456.70,304.34,71.57,97.74,273.70,1839.96,3545.30,2.45,150.90,148.93,633.86,3.06,968.35,61.54,534.62
2026-03-09T21:30:00Z,63.39,1989.34,171.26,1192.77,52.17,2014.73,170.77,710.32,71.12,1920.97,173.51,1130.70,42.03,2143.67,166.01,461.44,307.70,73.53,98.41,276.78,1842.93,3537.92,2.52,149.57,148.65,630.86,2.97,976.36,62.05,518.85
2026-03-09T21:40:00Z,63.12,1989.75,171.67,1190.31,51.92,2016.73,170.79,710.06,70.96,1921.41,173.75,1128.23,42.14,2144.39,166.24,470.60,305.83,71.09,98.66,273.89,1839.15,3553.62,2.17,151.82,148.43,636.64,3.20,960.10,61.66,534.54
2026-03-09T21:50:00Z,63.25,1989.59,170.93,1183.75,52.00,2026.58,170.21,698.71,70.75,1927.55,173.93,1127.64,42.49,2135.58,166.56,481.73,301.26,71.71,97.76,271.02,1848.90,3547.17,2.45,150.27,144.78,626.63,3.05,972.17,62.52,531.93
2026-03-09T22:00:00Z,63.34,1978.81,171.33,1200.89,51.94,2033.06,170.07,693.92,70.76,1941.64,173.26,1111.52,42.51,2134.47,166.45,476.07,303.90,71.50,98.11,270.36,1842.77,3556.12,2.67,150.27,146.80,631.96,3.21,975.76,60.08,529.31
2026-03-09T22:10:00Z,63.63,1991.65,171.71,1196.99,51.78,2023.84,169.80,701.93,70.37,1942.07,173.64,1087.01,42.84,2126.74,166.28,482.15,298.24,71.06,98.23,269.05,1838.06,3545.29,2.45,151.00,144.64,,2.89,969.67,60.66,520.92
2026-03-09T22:20:00Z,63.80,1986.16,170.32,1192.08,51.90,2012.84,169.17,690.85,70.58,1942.19,173.14,1091.82,42.75,2129.08,166.78,480.04,301.23,70.62,98.13,271.19,1841.76,3553.35,2.40,150.21,145.18,634.00,3.32,968.53,59.66,529.85
2026-03-09T22:30:00Z,63.43,1986.44,170.15,1185.60,51.88,2023.09,169.47,713.09,70.20,1939.56,173.24,1086.93,42.33,2128.11,166.33,479.61,302.50,70.92,97.81,274.65,1844.14,3551.82,2.42,150.19,146.89,629.49,2.52,969.19,61.11,524.41
2026-03-09T22:40:00Z,63.90,1986.44,170.10,1199.10,52.12,2020.45,170.04,711.07,70.00,1957.16,173.29,1091.38,42.19,2142.47,166.56,472.26,302.21,70.98,97.35,273.62,1832.43,3545.82,2.43,151.13,145.26,627.62,3.21,960.10,59.85,523.54
2026-03-09T22:50:00Z,63.49,1990.79,169.93,1185.35,52.17,2016.70,170.37,704.45,70.05,1958.69,173.68,1079.49,42.17,2137.44,166.36,470.36,303.42,70.83,97.05,271.34,1843.97,3560.36,2.45,150.97,145.04,628.35,2.74,973.28,62.30,519.42
2026-03-09T23:00:00Z,63.72,1993.54,171.05,1196.76,52.30,2014.13,170.27,698.54,70.54,1940.02,172.69,1079.27,42.15,2152.90,166.34,459.09,293.19,70.89,97.85,262.23,1836.53,3550.10,2.36,150.66,141.15,627.98,3.11,964.20,62.08,526.93
2026-03-09T23:10:00Z,63.89,1979.40,171.07,1217.73,52.42,2017.00,170.75,709.54,70.69,1943.73,172.23,1082.16,42.20,2154.05,166.45,456.46,293.61,72.65,97.86,265.31,1832.65,3547.17,2.55,149.49,141.94,630.66,2.86,964.69,61.99,531.50
2026-03-09T23:20:00Z,63.48,1987.30,171.59,1211.84,52.65,2012.32,170.53,711.23,70.83,1938.68,172.06,1094.93,42.26,2152.44,166.53,461.39,294.62,69.07,96.94,264.37,1840.81,3551.77,2.29,149.89,142.37,635.48,2.63,968.97,62.21,527.81
2026-03-09T23:30:00Z,63.45,1975.07,171.88,1209.45,52.54,2011.33,171.10,714.05,70.31,1938.90,172.74,1099.78,42.38,2138.93,167.10,461.91,298.32,70.80,98.25,266.27,1831.66,3554.63,2.43,151.31,143.93,627.35,3.14,959.98,62.10,518.31
2026-03-09T23:40:00Z,63.54,1981.33,171.04,1200.45,52.47,2005.21,170.37,700.33,70.63,1939.63,172.51,1091.79,42.38,2140.05,166.68,463.99,299.74,69.00,97.64,268.85,1841.09,3543.70,2.47,149.74,146.15,632.35,3.05,972.85,61.50,522.16
2026-03-09T23:50:00Z,63.00,1984.60,170.36,1205.86,52.25,2013.12,170.45,692.54,70.57,1940.96,173.72,1093.67,41.69,2143.38,166.03,447.84,302.01,69.49,97.62,274.65,1835.32,3549.44,2.77,150.36,145.41,631.53,2.89,965.30,61.21,514.32
2026-03-10T00:00:00Z,62.93,1998.62,170.01,1177.91,52.17,2008.96,170.32,697.61,70.48,1938.58,173.75,1097.50,41.56,2145.29,166.04,449.32,296.18,69.76,97.78,267.19,1842.86,3546.83,2.57,149.47,143.44,628.05,2.79,964.89,61.49,532.04
2026-03-10T00:10:00Z,62.74,1998.33,169.91,1178.62,52.49,2006.92,170.18,705.45,70.29,1946.75,173.62,1107.33,41.78,2148.49,165.99,446.43,299.90,69.51,97.77,272.27,1851.19,3558.94,2.63,152.61,145.20,628.12,2.87,973.37,60.26,527.32
2026-03-10T00:20:00Z,62.68,2005.20,171.31,1179.10,52.65,2003.82,170.32,719.74,70.56,1937.99,172.08,1096.36,41.92,2148.47,165.80,445.78,298.77,68.97,98.47,269.90,1837.74,3557.33,2.39,149.85,143.05,626.80,2.95,967.22,61.36,512.56
2026-03-10T00:30:00Z,62.42,2011.91,170.66,1160.03,52.57,2012.90,170.38,727.07,71.09,1936.09,172.60,1098.98,41.50,2165.12,166.20,438.49,295.18,70.94,97.78,264.03,1829.61,3548.82,2.79,148.76,141.91,625.41,3.07,964.69,60.92,520.97
2026-03-10T00:40:00Z,62.58,2016.48,170.73,1174.09,52.84,2015.59,170.14,713.33,71.06,1935.27,172.06,1088.27,41.58,2158.31,165.87,452.22,303.56,67.98,97.60,272.31,1847.60,3556.46,2.47,150.09,145.27,625.18,2.92,973.24,59.47,515.24
2026-03-10T00:50:00Z,62.65,2011.82,170.75,1182.29,53.25,2000.26,170.20,722.09,70.92,1926.07,172.39,1099.38,41.53,2158.85,165.59,437.63,300.65,67.87,97.40,273.72,1841.05,3531.35,2.51,147.82,144.13,634.66,2.93,970.36,59.51,530.82
2026-03-10T01:00:00Z,62.65,2021.43,170.34,1181.60,52.97,2003.69,170.12,734.04,70.66,1931.68,173.27,1084.09,41.81,2149.18,164.57,445.87,305.83,70.04,96.87,273.11,1847.16,3544.37,2.69,149.13,149.64,639.46,2.64,978.08,59.73,535.87
2026-03-10T01:10:00Z,62.70,2018.95,170.63,1180.88,53.09,1998.94,170.18,742.43,70.71,1940.75,172.99,1089.62,42.33,2140.33,165.88,441.95,307.06,69.60,97.67,275.20,1848.84,3550.58,2.31,150.33,147.72,633.86,3.16,980.37,60.80,533.44
2026-03-10T01:20:00Z,62.72,2014.00,170.64,1182.35,52.95,1998.47,169.79,740.07,70.57,1936.81,172.91,1100.38,42.23,2133.56,166.25,452.35,302.64,71.09,97.66,274.38,1845.52,3554.83,2.51,150.56,148.36,637.26,3.13,970.49,60.47,529.61
2026-03-10T01:30:00Z,62.53,2010.11,171.08,1177.02,52.70,2009.20,170.44,738.99,70.47,1936.80,173.15,1103.42,42.01,2143.08,166.06,437.39,301.88,70.55,97.48,269.66,1842.44,3560.98,2.63,151.18,147.50,638.25,3.30,974.55,61.25,523.76
2026-03-10T01:40:00Z,62.11,2013.79,170.67,1190.50,52.80,2007.70,170.44,740.48,70.38,1938.51,172.38,1106.33,41.88,2148.07,166.80,447.86,296.74,69.39,97.70,270.45,1836.62,3551.30,2.50,151.94,142.85,627.82,2.80,969.22,61.00,525.63
2026-03-10T01:50:00Z,61.84,2025.99,169.67,1171.48,52.86,2009.24,170.65,735.51,70.45,1938.71,172.16,1092.33,42.28,2156.61,166.53,458.51,298.81,71.37,96.97,269.04,1845.47,3549.31,2.09,152.30,146.80,632.89,2.88,968.45,59.47,532.17
2026-03-10T02:00:00Z,61.81,2033.99,170.01,1148.63,52.89,2007.71,170.35,727.37,70.51,1944.04,172.07,1096.82,42.48,2164.28,167.18,461.12,305.08,69.47,98.25,275.13,1844.04,3542.56,2.35,149.91,148.59,633.42,3.28,967.06,58.53,535.49
2026-03-10T02:10:00Z,62.02,2025.75,169.12,1145.32,53.17,2001.06,170.55,729.05,70.29,1942.93,172.69,1086.33,42.44,2146.04,166.94,467.49,295.12,70.40,98.92,264.62,1834.58,3549.10,2.52,150.16,144.89,630.58,2.82,963.47,59.71,526.95
2026-03-10T02:20:00Z,61.82,2035.31,169.14,1149.01,52.89,1991.47,171.25,751.59,70.70,1940.17,172.70,1091.77,42.72,2135.48,167.14,475.73,297.34,69.43,98.74,272.37,1842.56,3546.40,2.49,151.61,142.10,623.35,2.83,965.07,60.73,522.93
2026-03-10T02:30:00Z,62.06,2026.46,169.10,1144.51,52.57,2003.10,171.01,745.65,70.66,1932.56,172.42,1097.38,42.73,2132.30,167.04,463.64,298.82,66.98,97.67,268.77,1837.35,3551.54,2.36,150.10,145.27,631.15,2.90,975.45,61.96,524.05
2026-03-10T02:40:00Z,62.55,2023.78,169.30,1152.21,52.51,2005.51,171.06,728.02,70.60,1924.40,172.19,1103.19,43.25,2131.30,167.05,473.02,297.24,68.72,97.78,264.33,1844.76,3549.13,2.54,149.77,142.79,629.81,3.02,964.86,62.11,532.26
2026-03-10T02:50:00Z,62.59,2014.73,169.46,1138.52,52.53,2009.10,170.41,721.65,71.18,1926.63,172.34,1100.69,43.54,2120.60,166.59,484.48,295.90,68.90,98.37,268.41,1839.54,3554.22,2.39,150.09,141.80,620.93,3.18,968.98,60.89,520.25
2026-03-10T03:00:00Z,62.67,2017.45,170.35,1154.02,52.35,2010.34,170.19,717.64,71.15,1916.53,173.45,1113.02,43.29,2120.32,167.54,491.46,300.58,70.59,97.40,270.93,1846.08,3544.98,2.12,150.07,146.97,636.28,2.83,974.77,62.22,520.66
2026-03-10T03:10:00Z,62.74,2008.90,169.82,1165.98,52.45,2008.86,170.57,706.64,71.27,1920.05,172.59,1110.17,43.07,2125.41,167.95,496.94,298.55,70.24,97.25,272.04,1849.80,3552.80,2.63,152.85,143.78,634.42,2.85,974.53,60.25,529.90
2026-03-10T03:20:00Z,62.40,2016.98,170.15,1177.53,52.27,2018.75,170.59,699.33,71.41,1914.40,171.73,1114.12,42.66,2125.63,167.46,493.18,301.80,70.42,98.70,272.62,1838.52,3542.63,2.35,149.47,148.07,626.05,3.03,967.51,59.72,514.44
2026-03-10T03:30:00Z,62.96,2003.16,170.44,1177.18,52.06,2021.59,170.05,702.84,71.39,1907.31,172.39,1116.72,42.62,2130.30,166.80,483.26,305.35,70.20,98.80,275.18,1842.52,3552.62,2.39,149.59,146.00,634.48,3.02,966.40,60.61,532.53
2026-03-10T03:40:00Z,63.03,1992.72,170.79,1181.49,51.73,2033.92,170.07,708.80,71.29,1911.97,172.57,1122.89,42.51,2130.46,167.41,485.33,309.55,71.45,98.72,276.93,1839.69,3554.01,2.50,149.67,151.91,641.06,2.81,970.16,60.94,525.05
2026-03-10T03:50:00Z,62.47,2009.08,170.47,1165.68,51.82,2036.42,170.27,695.25,71.46,1911.41,173.16,1125.78,42.07,2139.03,167.88,474.73,306.12,68.94,98.84,273.91,1836.74,3558.05,2.54,150.71,148.48,640.49,2.57,971.09,60.44,535.00
2026-03-10T04:00:00Z,62.31,2009.30,170.50,1160.00,51.89,2028.47,169.82,691.02,71.32,1920.46,172.66,1112.73,42.17,2139.53,167.50,473.85,304.50,69.32,98.34,275.88,1832.97,3549.47,2.29,153.81,149.13,631.17,2.99,964.96,62.50,532.80
2026-03-10T04:10:00Z,62.25,2020.50,169.94,1144.76,51.86,2029.65,169.76,695.12,71.21,1915.35,171.99,1114.52,42.09,2139.73,167.32,460.08,301.04,70.50,98.68,276.01,1834.99,3535.63,2.57,148.91,145.35,635.36,3.08,970.96,61.20,521.66
2026-03-10T04:20:00Z,,2038.88,169.66,1137.37,51.99,2027.75,169.79,698.99,71.65,1912.84,171.74,1128.33,42.15,2156.37,166.71,455.69,304.10,68.95,97.77,273.58,1839.71,3568.02,2.56,152.03,145.74,628.46,3.22,967.98,62.51,526.76
2026-03-10T04:30:00Z,62.06,2027.63,169.03,1149.01,52.22,2024.02,169.96,689.34,72.22,1903.11,172.14,1144.01,42.08,2146.49,165.88,450.26,298.13,69.63,98.56,265.14,1831.47,3555.35,2.65,149.49,142.70,632.05,2.98,968.39,62.03,533.03
2026-03-10T04:40:00Z,62.40,2018.51,169.13,1153.36,52.34,2029.26,170.19,698.12,72.17,1901.24,172.67,1154.23,41.80,2154.42,166.43,448.00,300.27,69.51,98.95,268.95,1837.07,3533.91,2.52,148.69,144.92,632.90,2.89,969.49,60.98,528.17
2026-03-10T04:50:00Z,62.50,2012.50,169.02,1155.87,52.52,2019.68,169.81,704.54,71.65,1896.33,172.96,1153.67,41.60,2162.82,165.47,432.42,300.85,69.55,97.84,270.40,1838.03,3559.43,2.52,151.37,144.27,628.69,2.76,967.52,61.97,521.39
2026-03-10T05:00:00Z,62.49,2012.17,169.76,1166.13,52.79,2007.21,169.92,703.69,71.45,1907.52,172.95,1144.70,41.79,2158.56,165.35,447.72,296.83,68.76,98.40,267.17,1839.26,3546.58,2.37,149.99,143.38,627.01,3.60,970.92,62.72,521.90
2026-03-10T05:10:00Z,62.77,2006.41,169.69,1172.09,52.98,1995.61,169.65,725.76,71.36,1910.75,173.44,1135.84,41.33,2162.02,167.03,433.00,301.89,67.91,98.02,272.62,1840.41,3546.18,2.64,150.24,144.70,627.19,3.03,968.03,62.97,519.37
2026-03-10T05:20:00Z,62.60,2005.74,169.20,1168.39,52.43,2001.68,170.11,723.87,71.43,1913.27,173.98,1142.33,41.28,2164.73,166.59,440.34,304.00,69.60,98.22,273.47,1849.45,3549.51,2.46,150.02,149.02,638.90,2.98,973.13,61.41,530.14
2026-03-10T05:30:00Z,63.00,1996.38,170.19,1189.18,52.72,1997.33,170.38,724.90,71.39,1920.53,174.68,1145.24,41.43,2165.77,166.83,415.71,304.47,69.47,97.70,274.20,1849.95,3549.44,2.34,151.72,149.10,632.91,2.59,979.63,59.68,522.40
2026-03-10T05:40:00Z,62.97,1993.49,170.58,1194.16,52.08,2019.49,169.80,711.20,70.83,1936.68,174.01,1118.53,41.26,2159.48,166.58,425.53,295.42,69.37,98.84,266.51,1838.56,3542.36,2.62,150.42,142.30,631.96,2.97,969.50,61.24,520.74
2026-03-10T05:50:00Z,63.45,1988.97,170.60,1203.99,52.00,2023.76,169.58,709.61,70.47,1932.79,173.06,1105.95,41.00,2157.84,165.64,420.82,298.03,68.42,98.02,267.68,1843.89,3538.20,2.61,151.08,144.20,625.83,2.95,972.18,62.72,520.49
2026-03-10T06:00:00Z,63.29,2001.96,171.00,1207.92,52.20,2033.51,170.42,707.42,70.26,1930.88,173.20,1093.67,41.19,2162.33,166.10,425.98,292.17,69.37,98.06,263.70,1837.08,3552.32,2.39,150.91,141.74,619.92,2.94,970.50,61.78,508.51
2026-03-10T06:10:00Z,62.88,2004.26,170.67,1196.74,52.11,2025.62,169.97,705.76,70.41,1926.69,172.55,1088.30,41.18,2149.99,165.88,437.36,294.88,70.68,98.63,268.58,1844.72,3555.64,2.57,150.36,142.97,627.69,3.16,969.02,62.65,529.91
2026-03-10T06:20:00Z,62.79,2002.16,170.65,1196.54,52.42,2022.44,170.32,697.27,70.45,1943.07,172.44,1094.01,41.29,2160.86,165.70,438.72,304.54,70.49,98.82,272.66,1849.45,3538.34,2.72,150.08,146.67,633.86,3.04,971.87,60.93,521.43
2026-03-10T06:30:00Z,62.75,2001.25,170.25,1192.47,52.13,2019.99,170.14,687.91,70.52,1931.19,172.40,1105.54,40.77,2177.45,165.54,417.04,300.48,69.30,97.69,270.42,1852.28,3556.01,2.38,151.55,145.86,631.22,2.97,977.05,60.63,521.03
2026-03-10T06:40:00Z,62.70,1999.10,169.90,1193.42,52.22,2028.55,170.47,694.19,70.22,1939.46,172.89,1096.83,40.60,2179.07,165.38,419.25,298.97,70.36,97.07,269.81,1833.93,3554.34,2.62,149.02,142.71,629.02,2.91,971.63,59.96,522.84
2026-03-10T06:50:00Z,62.46,2009.43,169.63,1169.31,52.51,2021.61,169.50,690.54,69.91,1950.99,172.23,1090.75,40.77,2177.57,166.02,404.56,294.12,68.07,96.70,263.51,1829.86,3543.95,2.46,152.52,142.62,630.39,2.84,968.78,59.99,527.60
2026-03-10T07:00:00Z,62.36,2008.98,170.31,1163.10,52.45,2012.10,169.90,701.43,70.14,1951.80,172.65,1092.50,41.38,2172.26,165.50,415.35,297.10,66.72,97.68,271.72,1842.43,3552.15,2.68,150.02,144.09,631.47,3.02,975.57,61.02,522.64
2026-03-10T07:10:00Z,62.45,2007.10,170.68,1160.37,52.33,2010.78,170.04,722.33,70.31,1929.68,172.77,1086.44,41.35,2159.26,165.27,417.17,295.27,68.66,97.59,263.40,1834.41,3554.64,2.61,151.24,143.46,630.03,3.09,968.82,60.81,526.94
2026-03-10T07:20:00Z,62.02,2005.60,170.69,1150.76,52.65,2005.13,170.89,731.42,70.33,1935.77,172.94,1084.00,41.22,2167.62,165.52,413.92,296.64,67.64,98.03,270.31,1838.04,3553.87,2.62,150.17,142.00,624.49,3.17,972.79,61.26,512.76
2026-03-10T07:30:00Z,62.18,2020.04,170.67,1164.84,52.08,2019.67,170.83,707.49,70.21,1941.51,172.22,1073.10,41.19,2177.10,166.11,414.83,301.23,67.54,98.76,273.18,1845.38,3559.59,2.48,151.44,145.63,630.57,3.10,977.72,59.07,521.57
2026-03-10T07:40:00Z,62.29,2012.84,170.67,1159.70,52.25,2012.74,171.43,712.20,70.62,1933.03,172.17,1095.31,41.15,2164.09,165.45,404.42,302.08,68.24,99.18,274.43,1849.76,3549.95,2.54,150.78,145.93,624.42,2.90,972.60,60.32,524.24
2026-03-10T07:50:00Z,62.56,2012.78,170.42,1175.79,52.25,2028.05,171.54,702.20,70.71,1929.61,172.12,1097.46,41.35,2171.74,165.10,413.25,296.93,69.01,98.35,265.80,1838.10,3557.86,2.54,151.19,144.93,623.80,2.70,971.53,60.82,523.93
2026-03-10T08:00:00Z,62.75,1997.80,170.43,1165.08,51.93,2015.45,170.93,703.45,70.68,1935.41,172.11,1087.89,41.22,2167.58,165.03,431.15,294.93,67.57,97.66,264.49,1831.08,3559.72,2.73,149.58,140.03,619.81,2.94,965.22,62.37,511.06
2026-03-10T08:10:00Z,62.59,2011.14,170.85,1173.37,52.22,2021.54,169.73,709.41,70.57,1923.84,172.58,1108.24,41.46,2164.62,165.70,429.22,298.51,67.41,97.90,269.30,1841.18,3554.72,2.57,150.92,145.41,640.53,2.78,967.37,61.43,524.55
2026-03-10T08:20:00Z,62.70,2017.38,170.01,1165.10,52.61,2013.50,170.21,732.12,70.73,1926.23,172.40,1109.85,41.49,2158.52,166.72,442.59,298.48,68.49,98.11,270.23,1845.10,3551.07,2.41,151.39,141.19,624.03,3.05,973.43,60.01,511.45
2026-03-10T08:30:00Z,62.50,2004.62,170.66,1169.55,52.30,2010.58,170.41,724.74,70.84,1929.91,172.05,1100.74,41.17,2162.33,166.08,430.19,302.26,68.00,97.75,270.35,1843.89,3547.55,2.61,150.28,144.84,627.50,3.10,967.31,60.58,525.80
2026-03-10T08:40:00Z,62.71,2004.64,170.44,1172.23,52.52,2018.88,171.08,713.36,70.78,1931.09,171.84,1095.28,41.64,2157.93,166.39,416.64,300.60,68.36,96.78,271.72,1839.98,3550.88,2.64,153.10,147.07,627.86,2.97,973.50,61.16,518.01
2026-03-10T08:50:00Z,62.54,1996.02,169.65,1170.05,52.86,1998.57,171.13,728.16,70.19,1935.60,172.25,1085.79,41.64,2150.71,166.05,427.96,296.02,67.82,98.30,270.35,1839.74,3555.59,2.41,151.00,142.00,630.39,2.77,973.30,61.77,522.65
2026-03-10T09:00:00Z,62.34,2011.30,170.04,1164.72,52.91,1988.98,171.38,739.12,70.68,1926.33,172.20,1098.60,41.86,2154.51,166.80,441.15,297.21,69.90,97.90,267.56,1829.09,3558.98,2.63,151.61,141.81,630.98,3.26,972.47,61.63,529.79
2026-03-10T09:10:00Z,62.53,2012.78,170.28,1168.56,52.40,2006.72,170.64,723.79,70.70,1930.46,172.80,1098.22,41.81,2155.17,167.14,441.26,302.57,69.87,97.80,272.11,1842.79,3554.86,2.93,149.92,146.21,628.57,3.02,972.01,61.56,533.17
2026-03-10T09:20:00Z,62.83,1997.85,170.77,1172.82,52.71,1994.36,170.87,726.21,70.66,1923.41,173.36,1098.51,41.52,2153.40,166.83,439.78,300.84,69.65,98.96,270.78,1837.98,3551.13,2.61,150.13,145.66,626.16,2.72,969.35,61.29,514.79
2026-03-10T09:30:00Z,62.92,2011.65,170.62,1174.39,52.35,2002.63,170.26,722.49,70.84,1916.26,173.31,1112.70,41.60,2153.16,166.46,445.70,299.75,69.78,98.81,269.68,1845.46,3550.70,2.61,151.03,144.50,628.96,2.86,969.31,62.03,531.45
2026-03-10T09:40:00Z,63.23,2011.02,171.36,1189.41,52.06,2023.22,170.27,709.48,70.81,1924.48,173.32,1110.94,41.62,2171.82,166.68,428.60,297.23,69.84,98.93,267.12,1841.40,3555.11,2.96,150.20,144.02,634.37,3.01,971.37,61.80,522.93
2026-03-10T09:50:00Z,63.03,2005.24,170.87,1187.22,51.95,2024.88,170.53,697.09,70.86,1925.53,173.35,1104.63,41.86,2168.99,166.00,428.93,301.48,70.98,98.44,269.37,1844.46,3569.98,2.49,152.78,148.02,632.87,2.99,976.95,60.80,533.42
2026-03-10T10:00:00Z,63.02,1997.59,170.41,1188.04,51.28,2039.07,170.34,674.70,70.85,1921.68,172.76,1118.46,41.55,2160.11,166.85,440.45,296.41,70.68,97.99,263.63,1841.88,3555.35,2.31,150.63,143.15,632.50,3.21,965.89,60.90,522.34
2026-03-10T10:10:00Z,62.81,2000.95,170.02,1187.35,51.46,2042.65,170.10,661.80,71.38,1929.95,173.02,1111.25,41.65,2146.19,166.22,436.53,294.16,68.64,97.62,266.53,1842.95,3557.90,2.47,151.23,143.36,630.82,3.28,972.23,60.42,529.08
2026-03-10T10:20:00Z,62.29,2014.98,169.44,1168.91,51.85,2032.88,170.36,679.79,71.53,1920.07,172.77,1114.85,42.02,2141.78,166.37,453.23,298.14,71.69,98.03,268.55,1837.27,3537.48,2.44,151.00,145.04,630.31,3.00,970.59,60.57,515.17
2026-03-10T10:30:00Z,62.04,2014.66,169.39,1165.33,51.86,2034.23,169.60,679.01,71.21,1923.27,172.78,1101.73,42.02,2141.24,166.86,463.97,290.59,67.11,98.28,259.12,1835.83,3552.74,2.51,150.14,140.26,625.45,2.88,970.76,59.97,510.90
2026-03-10T10:40:00Z,61.91,2027.37,170.28,1158.33,51.77,2029.33,169.40,679.47,71.25,1914.17,172.51,1114.21,42.02,2153.51,166.81,457.06,293.46,69.15,97.95,263.50,1829.74,3545.67,2.73,149.79,143.44,627.70,2.93,959.57,59.56,533.18
2026-03-10T10:50:00Z,61.79,2023.22,170.04,1138.91,51.77,2037.05,169.54,674.09,71.26,1911.85,172.20,1108.63,42.08,2154.09,166.56,449.10,295.96,70.55,98.10,265.88,1835.01,3534.25,2.49,151.52,142.07,615.82,2.92,968.95,59.48,518.36
2026-03-10T11:00:00Z,61.66,2046.64,169.59,1122.62,51.67,2052.92,169.71,675.46,71.14,1908.60,172.48,1116.82,42.58,2129.07,167.02,464.90,296.77,70.74,98.00,266.60,1833.40,3554.18,2.48,149.98,139.94,627.66,3.16,973.86,61.13,524.60
2026-03-10T11:10:00Z,61.57,2037.67,169.72,1119.58,51.55,2052.50,169.60,682.61,70.89,1922.13,172.43,1099.29,42.14,2138.22,167.10,456.06,296.95,68.42,97.37,268.07,1837.83,3526.86,2.85,148.47,144.14,628.49,3.30,971.67,60.12,522.41
2026-03-10T11:20:00Z,61.60,2025.09,169.76,1121.44,51.40,2047.82,169.12,676.12,70.68,1921.96,172.38,1115.36,42.19,2144.99,166.74,461.65,297.01,68.12,97.54,265.15,1827.99,3557.41,2.27,150.46,145.41,632.26,2.98,957.00,60.36,526.46
2026-03-10T11:30:00Z,61.67,2036.11,169.55,1116.01,51.52,2037.48,168.97,661.53,70.70,1917.70,172.32,1113.60,41.86,2143.54,166.63,439.03,292.93,67.85,97.32,264.08,1829.11,3548.34,2.39,150.21,142.56,628.44,2.68,968.56,59.18,517.06
2026-03-10T11:40:00Z,61.56,2037.88,169.58,1119.61,51.09,2032.05,169.24,675.66,70.26,1931.08,173.02,1107.94,41.81,2149.67,166.45,443.75,300.84,68.12,96.70,269.01,1838.18,3546.09,2.46,149.42,145.96,634.05,3.06,968.00,60.51,520.29
2026-03-10T11:50:00Z,61.79,2033.53,169.66,1129.31,51.34,2044.30,169.76,670.32,70.66,1934.71,172.84,1102.80,41.77,2146.89,165.97,447.16,296.82,66.78,97.46,266.37,1841.10,3548.66,2.73,150.69,143.20,627.03,2.99,971.94,61.90,519.87
2026-03-10T12:00:00Z,61.77,2040.49,169.55,1134.54,51.78,2036.28,169.82,677.47,71.07,1931.22,172.89,1103.58,41.57,2148.89,166.65,455.65,300.42,67.14,97.51,270.00,1842.17,3538.60,2.59,149.98,143.79,623.65,2.56,967.96,61.76,518.54
2026-03-10T12:10:00Z,61.93,2044.57,168.43,1138.24,51.77,2034.86,170.31,676.58,71.72,1913.29,172.85,1112.91,41.74,2149.83,166.26,448.56,309.70,65.25,97.13,279.24,1848.99,3540.08,2.77,149.65,150.64,639.53,2.82,978.79,61.19,534.78
2026-03-10T12:20:00Z,62.26,2033.39,169.10,1135.08,52.06,2024.91,169.90,684.97,72.30,1896.80,172.27,1138.31,41.73,2154.82,166.74,444.71,302.53,64.90,96.94,270.85,1845.39,3554.40,2.52,149.41,146.54,627.44,2.76,957.68,59.90,521.51
2026-03-10T12:30:00Z,62.67,2012.65,169.23,1149.93,51.70,2026.54,169.56,683.01,72.07,1903.38,173.19,1135.64,42.37,2151.30,167.37,445.17,298.62,66.43,97.57,271.53,1847.76,3555.29,2.33,150.21,145.28,630.41,2.91,969.80,60.91,525.31
2026-03-10T12:40:00Z,62.42,2009.43,169.82,1161.88,51.77,2025.47,170.40,679.41,72.73,1879.99,173.13,1151.31,42.13,2139.61,167.31,464.25,302.21,68.04,98.14,273.40,1839.46,3544.31,2.61,150.33,146.31,630.84,3.31,963.17,60.79,526.89
2026-03-10T12:50:00Z,62.85,2000.06,170.98,1182.09,52.08,2036.60,169.96,674.26,72.65,1875.21,173.80,1155.88,42.23,2154.28,167.36,461.63,300.49,67.98,99.43,267.23,1839.61,3546.64,2.67,150.74,143.37,624.44,3.02,969.81,60.99,516.32
2026-03-10T13:00:00Z,63.05,1993.77,170.42,1186.71,52.10,2034.70,169.63,685.37,72.40,1891.52,173.33,1153.72,42.45,2142.39,166.86,472.68,302.83,72.83,98.56,270.26,1843.70,3561.29,2.37,151.18,146.15,633.99,2.71,974.13,61.08,526.08
2026-03-10T13:10:00Z,62.90,1994.26,171.05,1205.18,52.10,2033.24,169.37,675.86,72.54,1885.98,173.69,1153.65,42.28,2140.86,166.41,464.58,296.45,73.90,98.23,267.44,1842.98,3555.57,2.62,150.61,140.68,625.85,3.27,970.04,60.84,516.29
2026-03-10T13:20:00Z,62.54,2006.54,170.91,1197.01,51.64,2038.82,170.00,693.62,72.59,1890.17,173.71,1160.63,42.46,2140.65,166.10,458.78,302.70,71.87,98.21,272.82,1847.34,3558.19,2.61,149.64,143.55,625.61,3.13,980.80,61.48,512.51
2026-03-10T13:30:00Z,63.06,2002.07,171.46,1212.06,51.44,2037.84,169.28,693.87,72.69,1889.45,173.74,1171.99,42.13,2151.35,166.45,446.92,301.85,71.44,97.43,273.51,1845.17,3545.06,2.80,150.84,145.52,626.11,3.03,972.44,63.14,532.36
2026-03-10T13:40:00Z,63.07,1999.35,171.24,1200.20,51.32,2034.89,169.01,684.89,72.64,1883.87,174.33,1156.75,42.04,2156.64,166.59,441.68,303.02,69.67,97.85,269.86,1835.98,3548.64,2.32,149.12,146.49,626.67,3.21,968.72,60.57,534.66
2026-03-10T13:50:00Z,63.31,1998.49,171.64,1201.71,51.39,2024.42,169.40,685.18,72.68,1898.42,173.92,1154.02,41.99,2155.93,167.25,455.33,307.79,69.14,97.40,276.94,1840.32,3560.29,2.59,150.01,148.69,634.74,2.91,967.38,61.07,532.15
2026-03-10T14:00:00Z,63.05,1990.18,170.78,1194.86,51.24,2038.96,169.01,674.52,72.75,1888.07,174.45,1158.13,41.59,2157.06,167.21,453.47,302.30,69.09,98.38,272.07,1842.30,3560.47,2.62,151.49,144.94,633.75,3.00,966.34,61.21,517.10
2026-03-10T14:10:00Z,63.04,1978.09,171.20,1207.28,50.99,2046.75,168.98,679.15,72.55,1892.79,174.14,1150.00,41.62,2165.02,166.70,437.79,303.05,68.50,97.83,273.70,1849.43,3551.26,2.52,150.87,147.20,633.02,3.26,974.13,60.59,526.98
2026-03-10T14:20:00Z,62.47,1999.73,171.60,1188.70,51.20,2036.93,169.40,672.52,72.55,1886.67,174.42,1168.95,41.68,2163.86,166.65,453.04,303.46,71.19,97.12,275.33,1843.33,3560.38,2.48,150.55,145.85,624.36,3.05,972.03,60.85,511.60
2026-03-10T14:30:00Z,62.29,2012.63,171.12,1181.38,51.16,2040.36,169.22,654.43,72.39,1888.27,173.69,1170.91,41.87,2157.02,167.32,453.15,303.11,72.02,97.47,274.13,1842.78,3545.52,2.53,152.93,145.80,637.77,3.08,968.43,60.35,532.18
2026-03-10T14:40:00Z,62.03,2023.89,170.64,1160.83,51.02,2046.43,169.28,665.67,72.35,1889.19,174.15,1179.13,41.72,2146.73,167.63,452.48,302.20,69.61,97.97,274.16,1846.12,3543.90,2.68,149.12,145.81,636.54,2.88,968.89,61.64,531.32
2026-03-10T14:50:00Z,62.58,2007.70,170.39,1169.89,51.32,2045.77,169.46,662.85,72.24,1893.35,173.48,1166.62,42.19,2147.31,166.75,461.54,296.39,72.80,98.90,269.98,1833.13,3549.72,2.18,148.65,139.81,629.30,2.97,959.69,61.18,518.19
2026-03-10T15:00:00Z,62.66,2016.28,170.33,1179.25,51.68,2035.21,169.48,671.54,72.19,1895.07,173.28,1155.80,42.32,2144.83,166.89,453.67,292.32,70.49,99.87,260.92,1834.14,3544.30,2.67,150.84,141.93,628.95,2.72,969.40,60.83,532.87
2026-03-10T15:10:00Z,62.40,2013.48,170.83,1171.57,51.77,2032.33,168.84,679.89,72.47,1889.94,173.39,1157.96,42.17,2144.38,166.84,451.52,299.74,71.01,99.26,270.14,1836.83,3547.06,2.60,149.29,142.60,634.67,2.84,973.84,60.79,520.15
2026-03-10T15:20:00Z,62.39,2009.56,170.87,1179.17,51.71,2032.74,169.86,686.33,72.28,1888.18,173.33,1148.81,42.23,2139.59,166.05,448.74,300.53,71.00,99.55,270.39,1838.93,3540.77,2.33,147.96,145.71,638.99,2.87,963.86,59.54,531.95
2026-03-10T15:30:00Z,62.15,2015.61,170.47,1166.14,51.89,2030.29,169.32,693.48,72.24,1901.93,173.96,1139.30,41.59,2155.79,166.03,453.74,304.31,68.94,99.27,278.00,1839.90,3553.13,2.40,150.75,149.85,624.86,3.06,969.15,60.53,532.55
2026-03-10T15:40:00Z,62.39,2008.37,170.91,1167.82,52.32,2036.39,170.54,694.02,72.22,1898.72,173.01,1141.10,41.75,2151.56,166.49,438.13,297.86,69.33,97.98,267.23,1831.65,3560.18,2.69,148.55,143.89,636.27,2.79,962.28,59.85,532.37
2026-03-10T15:50:00Z,62.21,2012.33,170.93,1170.37,52.45,2020.69,170.45,707.69,72.16,1901.20,173.51,1142.91,42.19,2143.26,166.32,439.24,300.30,70.93,98.63,268.29,1840.93,3553.13,2.53,151.25,143.26,626.07,2.56,966.66,59.58,521.92
2026-03-10T16:00:00Z,62.11,2024.57,170.47,1171.65,52.47,2027.03,170.31,698.54,72.31,1896.13,174.34,1150.81,42.14,2140.01,166.04,429.55,296.06,70.00,98.53,263.57,1843.23,3548.63,2.49,151.62,144.21,626.86,3.10,973.91,60.55,520.57
2026-03-10T16:10:00Z,62.12,2026.34,170.18,1168.06,52.55,2012.56,170.35,718.15,72.22,1894.61,173.54,1139.84,42.15,2150.89,166.00,452.57,297.91,70.37,97.89,268.14,1842.72,3546.77,2.78,151.50,143.54,631.04,2.90,974.48,62.00,512.85
2026-03-10T16:20:00Z,61.89,2013.64,169.96,1169.77,52.39,2012.37,170.77,715.20,72.07,1898.49,173.24,1133.45,42.10,2151.63,166.56,446.76,297.70,71.67,97.64,266.47,1839.00,3540.76,2.36,151.21,144.59,627.68,2.84,966.72,61.02,526.81
2026-03-10T16:30:00Z,61.77,2018.32,170.24,1176.27,52.50,2011.69,170.56,705.67,72.14,1904.46,172.98,1137.20,42.06,2147.27,165.76,443.55,296.64,69.31,97.09,265.68,1831.71,3555.20,2.56,150.22,141.82,614.72,3.05,967.96,60.23,510.80
2026-03-10T16:40:00Z,61.59,2027.39,169.86,1173.49,52.37,2010.21,170.08,705.64,72.49,1898.74,172.94,1137.60,41.91,2157.67,165.48,439.03,296.57,70.08,97.60,270.04,1843.01,3564.86,2.62,149.97,141.98,622.48,3.21,976.52,60.86,511.40
2026-03-10T16:50:00Z,61.30,2034.22,170.29,1143.06,52.29,2014.89,170.62,711.13,72.12,1908.76,173.61,1141.72,42.07,2147.24,165.87,449.02,300.06,68.00,98.44,268.36,1830.85,3552.13,2.53,149.41,144.05,630.95,2.86,966.08,60.08,531.51
2026-03-10T17:00:00Z,61.48,2040.88,169.34,1133.59,52.55,2002.89,170.11,714.82,72.03,1905.90,173.28,1145.04,42.08,2144.54,165.42,440.23,300.83,71.36,98.41,271.72,1844.55,3546.10,2.64,150.52,146.29,629.13,2.91,970.84,60.32,519.05
2026-03-10T17:10:00Z,61.89,2035.43,170.00,1141.13,52.32,2012.73,169.99,703.25,72.17,1905.06,173.12,1150.06,42.09,2151.34,165.54,445.39,301.14,68.62,98.47,269.35,1840.17,3547.48,2.48,149.54,145.62,631.55,3.14,960.75,60.29,522.53
2026-03-10T17:20:00Z,61.76,2028.28,169.62,1129.94,52.41,2012.46,171.05,706.23,71.83,1900.69,173.79,1149.33,42.02,2148.07,165.47,441.99,297.77,69.65,98.41,269.52,1840.20,3528.94,2.41,149.01,142.80,625.99,3.01,975.38,61.52,521.97
2026-03-10T17:30:00Z,61.60,2030.62,169.94,1136.84,52.55,2010.77,170.60,713.20,71.40,1910.99,174.63,1157.11,41.51,2155.48,165.52,433.92,300.33,70.05,98.01,272.72,1843.59,3553.43,2.44,148.91,146.45,632.27,3.19,966.78,61.93,522.64
2026-03-10T17:40:00Z,61.71,2021.31,170.12,1145.24,52.58,2006.70,170.85,727.45,71.40,1913.90,174.32,1137.48,42.12,2138.92,166.34,452.87,300.13,70.61,97.88,271.96,1845.59,3557.10,2.39,149.44,145.05,625.91,3.15,982.82,61.11,523.75
2026-03-10T17:50:00Z,61.80,2023.12,169.47,1145.88,52.82,2000.33,170.55,728.98,71.63,1906.72,174.51,1141.80,42.46,2146.10,166.37,450.96,298.37,70.87,97.76,266.63,1837.57,3551.96,2.69,150.07,146.62,638.29,3.15,966.04,61.24,536.99
2026-03-10T18:00:00Z,61.61,2035.93,169.31,1138.45,52.74,2000.32,170.93,732.77,71.25,1909.59,174.24,1134.53,42.43,2130.93,165.44,466.45,300.67,71.31,97.07,272.01,1842.13,3557.44,2.48,150.77,148.25,640.32,3.18,970.06,60.29,534.89
2026-03-10T18:10:00Z,61.64,2034.98,169.84,1137.37,52.54,1997.89,171.19,743.87,71.07,1912.60,174.18,1121.62,42.30,2137.39,165.69,460.24,302.70,69.20,97.27,271.15,1842.73,3555.23,2.87,149.70,146.06,634.54,3.28,970.30,60.54,530.54
2026-03-10T18:20:00Z,61.79,2031.78,169.54,1132.60,52.45,2005.15,171.69,731.70,70.98,1913.43,173.34,1118.59,42.27,2151.08,166.75,435.84,303.81,69.84,97.77,273.79,1843.92,3540.00,2.44,150.11,146.89,630.92,2.71,973.99,59.92,525.50
2026-03-10T18:30:00Z,61.40,2043.58,169.56,1131.99,52.39,2008.63,171.61,727.90,70.69,1917.08,173.30,1116.85,41.98,2150.73,165.69,442.21,299.98,70.99,97.72,270.65,1838.76,3564.05,2.50,151.32,146.12,633.65,2.90,973.80,60.90,527.95
2026-03-10T18:40:00Z,61.68,2030.31,169.52,1155.18,52.31,2008.80,171.59,714.58,70.63,1929.80,173.76,1115.76,42.42,2140.74,166.29,453.94,298.37,68.60,98.21,269.98,1842.17,3550.63,2.61,150.74,145.15,624.89,3.00,969.24,61.56,523.27
2026-03-10T18:50:00Z,62.14,2016.17,169.72,1163.67,52.57,2008.64,170.55,708.24,70.89,1927.16,173.75,1121.77,42.09,2143.14,166.52,453.58,296.88,69.34,98.08,269.66,1852.60,3547.56,2.57,149.50,145.73,634.25,2.75,968.55,61.58,515.75
2026-03-10T19:00:00Z,62.28,2018.71,169.38,1159.54,53.18,1990.41,170.74,725.09,70.48,1939.58,173.61,1112.91,41.87,2146.99,166.84,446.71,296.18,68.16,97.99,266.86,1829.33,3544.81,2.68,151.06,142.39,622.95,3.18,959.94,60.94,519.73
2026-03-10T19:10:00Z,62.59,2012.50,169.73,1155.49,53.24,1992.31,170.25,726.34,70.47,1937.97,173.02,1105.00,41.94,2152.16,166.39,439.90,299.68,69.83,96.97,270.68,1840.46,3559.18,2.73,150.31,144.25,632.93,2.95,968.87,60.19,520.82
2026-03-10T19:20:00Z,62.50,2011.03,170.62,1167.16,53.15,1999.30,170.83,733.50,70.78,1937.40,173.52,1098.94,42.36,2143.49,166.44,455.02,298.86,70.27,97.63,268.03,1834.42,3563.96,2.29,150.54,144.03,632.84,3.32,965.78,60.94,524.78
2026-03-10T19:30:00Z,62.32,2016.77,170.62,1171.43,52.87,1990.50,170.75,739.22,70.88,1937.30,172.78,1111.20,41.90,2153.18,166.43,451.50,296.02,69.75,97.70,267.02,1836.96,3545.98,2.22,150.21,141.13,629.80,2.95,968.13,59.84,524.97
2026-03-10T19:40:00Z,62.20,2020.04,170.31,1162.48,52.93,1986.58,170.44,744.89,70.75,1934.88,172.52,1117.87,42.23,2146.41,166.83,462.27,298.32,71.12,98.26,268.10,1836.60,3559.56,2.59,151.67,145.61,624.34,3.19,970.59,60.66,521.17
2026-03-10T19:50:00Z,62.41,2012.91,169.90,1164.96,53.04,2002.21,171.03,740.50,70.74,1928.60,172.01,1111.33,42.01,2142.01,167.22,455.70,296.42,71.68,98.13,270.48,1834.71,3548.30,2.49,150.72,140.39,628.93,2.93,957.89,60.28,517.35
2026-03-10T20:00:00Z,62.72,2002.27,170.08,1158.51,52.82,2001.56,170.13,731.54,70.62,1948.18,172.43,1102.51,42.31,2139.40,166.92,460.61,297.46,72.78,99.23,269.95,1844.75,3548.62,2.39,149.92,143.25,629.89,2.82,969.90,59.99,532.06
2026-03-10T20:10:00Z,63.11,2000.63,170.20,1198.69,52.48,2006.30,170.11,736.94,70.36,1942.52,172.80,1098.71,42.27,2140.92,166.36,460.86,297.04,69.67,98.60,265.06,1832.63,3559.75,2.49,151.25,143.29,631.63,3.11,964.31,60.55,531.72
2026-03-10T20:20:00Z,63.39,1987.36,170.05,1201.10,52.50,2001.22,171.37,723.37,70.73,1943.29,173.06,1101.40,42.32,2144.57,166.57,453.42,300.03,69.27,98.55,270.58,1833.70,3552.27,2.31,150.21,146.65,629.29,2.95,962.27,60.11,512.61
2026-03-10T20:30:00Z,63.50,1995.69,171.49,1206.17,52.81,2007.18,170.54,722.58,70.42,1932.12,172.44,1110.40,42.38,2140.15,166.69,444.28,301.50,70.54,98.14,270.66,1844.49,3548.05,2.82,149.35,145.41,633.63,3.43,967.16,61.08,521.25
2026-03-10T20:40:00Z,63.51,1997.26,171.49,1202.21,52.51,2008.91,170.82,708.22,70.30,1938.96,173.13,1110.90,42.40,2143.26,167.15,444.02,297.03,70.67,97.80,268.41,1852.57,3542.11,2.80,151.16,145.56,624.79,2.64,981.17,62.51,519.45
2026-03-10T20:50:00Z,63.34,2001.35,171.42,1207.59,52.56,2013.25,171.25,714.80,70.00,1934.74,172.83,1086.11,42.42,2147.34,166.81,459.91,302.71,71.36,97.74,271.08,1839.11,3541.56,2.76,150.94,147.50,638.27,3.31,970.93,63.15,530.58
2026-03-10T21:00:00Z,63.44,1986.59,171.27,1212.73,52.56,2012.23,170.92,719.50,69.98,1942.73,172.64,1090.67,42.59,2134.54,166.81,462.41,299.74,69.85,97.13,269.34,1841.97,3546.47,2.77,151.07,144.97,624.71,2.68,966.45,61.31,533.35
2026-03-10T21:10:00Z,63.55,1987.13,170.88,1203.03,52.17,2015.86,170.02,708.43,70.30,1942.71,172.94,1098.57,42.61,2135.36,166.51,452.83,305.54,70.40,98.43,278.16,1852.74,3554.69,2.72,151.05,147.46,636.78,3.08,978.71,60.59,530.92
2026-03-10T21:20:00Z,63.39,1988.63,171.41,1206.14,52.09,2012.17,169.91,710.67,70.03,1941.91,173.18,1109.35,42.80,2135.77,166.51,453.02,304.45,69.97,98.36,273.85,1840.25,3555.31,2.79,150.89,151.45,641.26,3.25,969.48,60.52,537.78
2026-03-10T21:30:00Z,63.31,1991.67,171.56,1192.30,52.09,2021.34,169.99,707.02,70.39,1936.53,172.50,1087.46,42.59,2135.49,167.22,467.85,308.30,70.47,98.86,272.84,1845.16,3560.16,2.58,149.28,147.29,627.73,3.01,974.68,60.69,515.64
2026-03-10T21:40:00Z,63.11,2007.55,171.86,1187.72,51.97,2037.05,170.04,697.13,70.80,1928.36,173.25,1102.58,43.04,2120.58,166.97,489.34,302.38,71.18,98.41,269.59,1838.56,3552.34,2.41,149.58,147.28,631.85,3.21,968.53,60.97,527.63
2026-03-10T21:50:00Z,62.98,2000.70,171.05,1179.70,51.63,2053.41,170.09,684.03,70.42,1932.93,172.58,1111.05,43.20,2129.27,167.38,495.41,308.34,69.17,97.64,279.82,1849.02,3558.62,2.64,151.00,150.24,628.09,3.05,974.16,61.38,525.75
2026-03-10T22:00:00Z,63.23,1999.74,169.94,1182.45,51.19,2041.71,169.77,670.28,70.40,1935.18,173.25,1101.29,42.71,2130.73,167.23,490.89,297.37,69.23,98.18,266.00,1833.37,3548.01,2.49,151.11,146.75,641.81,3.24,966.87,62.49,528.60
2026-03-10T22:10:00Z,63.30,2005.15,170.28,1183.35,51.89,2032.78,169.54,678.91,70.35,1946.28,172.99,1111.27,42.69,2126.11,167.22,497.22,301.03,68.84,97.64,271.39,1823.34,3545.59,2.52,149.37,144.06,628.37,3.07,961.48,62.41,525.72
2026-03-10T22:20:00Z,63.27,2000.32,170.83,1195.50,51.95,2025.30,169.79,684.31,70.44,1937.01,172.49,1094.38,42.28,2129.23,166.99,458.79,299.74,68.16,98.26,271.83,1846.52,3544.20,2.46,150.21,143.65,631.75,3.12,981.56,63.72,527.57
2026-03-10T22:30:00Z,63.10,1998.12,170.83,1198.19,51.80,2031.14,169.75,679.68,70.36,1934.59,173.18,1090.24,42.67,2128.56,166.95,457.91,299.63,70.36,98.11,269.58,1838.40,3555.52,2.37,151.49,141.83,630.08,3.18,972.14,60.81,525.76
2026-03-10T22:40:00Z,63.54,2006.84,170.83,1185.23,52.00,2032.93,170.04,675.86,70.14,1945.72,172.55,1076.85,42.87,2124.65,167.06,486.35,294.53,68.17,97.98,264.12,1830.94,3550.53,2.58,149.83,139.74,623.09,3.12,959.33,60.84,515.89
2026-03-10T22:50:00Z,63.38,1995.28,170.75,1197.72,51.98,2027.44,170.55,681.22,70.21,1948.91,172.64,1094.90,42.50,2136.16,167.19,474.06,298.34,69.56,98.43,269.17,1836.87,3559.95,2.34,151.44,144.51,629.72,3.05,970.45,59.75,512.25
2026-03-10T23:00:00Z,63.46,1992.61,171.01,1187.28,51.80,2024.38,169.86,680.12,70.65,1940.31,172.58,1094.97,42.83,2128.02,166.69,477.50,299.18,67.70,97.44,271.88,1840.13,3550.78,2.62,150.98,145.37,625.18,3.28,974.90,62.36,518.20
2026-03-10T23:10:00Z,63.31,1999.72,171.75,1196.23,51.63,2032.79,170.14,683.38,70.37,1933.30,172.09,1088.72,42.85,2129.86,166.52,468.31,297.91,67.39,97.59,263.63,1836.47,3546.57,2.38,148.86,143.50,623.03,2.90,967.06,61.67,511.07
2026-03-10T23:20:00Z,63.66,1997.28,171.00,1179.26,51.63,2026.11,170.17,689.77,70.89,1937.89,171.75,1087.08,42.78,2130.88,166.37,474.65,304.48,70.10,98.07,273.35,1836.87,3551.38,2.37,149.60,147.54,634.97,3.15,964.79,61.28,519.13
2026-03-10T23:30:00Z,63.63,1987.45,170.70,1191.67,51.68,2041.05,170.25,681.65,71.49,1920.54,171.89,1100.16,42.49,2133.74,166.31,463.73,300.66,68.96,97.20,274.39,1844.89,3546.81,2.47,151.75,147.67,630.36,3.14,973.23,60.92,524.15
2026-03-10T23:40:00Z,63.38,1988.79,170.25,1187.65,52.51,2034.41,169.67,703.95,71.30,1905.75,172.68,1122.83,42.94,2130.49,166.38,480.31,297.47,70.32,97.37,270.85,1848.92,3558.88,2.50,151.99,144.47,632.88,3.24,977.54,60.96,521.91
2026-03-10T23:50:00Z,62.93,1996.23,170.14,1195.64,52.45,2011.68,170.44,712.60,71.35,1910.72,172.38,1125.27,42.89,2131.16,166.66,480.84,300.94,71.54,98.17,273.09,1842.54,3553.99,2.81,148.70,143.62,623.61,3.13,978.09,60.43,515.96
2026-03-11T00:00:00Z,62.75,1988.61,169.67,1197.02,52.22,2016.23,170.26,701.21,71.55,1909.79,172.83,1133.86,42.88,2137.21,167.01,480.77,305.50,71.89,97.50,275.36,1842.84,3549.83,2.48,150.07,150.13,635.27,3.00,979.03,59.59,526.17
2026-03-11T00:10:00Z,63.22,1999.44,170.44,1195.10,52.05,2020.28,170.16,709.32,71.30,1919.92,173.21,1118.72,42.79,2126.97,167.26,480.58,303.18,71.93,97.64,271.51,1851.52,3536.92,2.46,151.21,145.98,634.36,2.98,979.16,59.71,512.06
2026-03-11T00:20:00Z,62.91,2006.29,170.02,1188.22,51.59,2037.30,169.27,689.97,70.95,1916.15,173.16,1112.53,42.93,2130.61,166.66,462.38,299.96,72.82,97.73,272.34,1845.07,3546.31,2.39,149.52,144.01,625.56,2.87,973.82,60.18,531.49
2026-03-11T00:30:00Z,63.51,1991.20,169.98,1182.38,51.55,2038.89,169.43,685.71,70.79,1919.91,173.08,1112.44,43.13,2131.52,166.86,479.48,299.46,69.51,97.79,271.79,1840.43,3563.25,2.56,150.60,146.33,632.09,2.81,970.71,60.93,531.63
2026-03-11T00:40:00Z,63.59,2003.35,170.88,1185.99,51.60,2040.24,169.63,665.56,71.20,1920.52,171.92,1110.56,43.12,2128.04,167.02,476.44,302.65,68.32,97.59,274.01,1850.56,3555.60,2.49,151.64,147.77,638.67,2.78,972.66,61.65,533.32
2026-03-11T00:50:00Z,63.04,2001.65,170.98,1184.40,51.81,2033.30,169.74,684.70,71.13,1919.91,172.28,1103.77,43.09,2132.43,166.77,482.92,298.42,67.90,97.43,269.64,1840.05,3554.92,2.72,151.17,141.96,626.46,2.90,973.81,61.07,511.33
2026-03-11T01:00:00Z,62.90,1997.40,171.02,1201.63,51.65,2031.49,169.70,687.12,,1907.42,173.31,1101.11,43.10,2132.30,166.67,481.61,296.32,67.08,98.93,268.36,1833.47,3559.13,2.61,150.48,142.79,633.20,3.11,966.01,60.62,526.83
2026-03-11T01:10:00Z,63.08,1995.38,170.27,1197.44,51.56,2052.19,169.78,681.12,71.00,1911.86,173.12,1104.86,43.10,2133.60,166.48,476.28,299.89,71.24,99.11,274.65,1836.23,3558.99,2.39,152.59,143.76,631.51,2.85,963.09,60.56,531.45
2026-03-11T01:20:00Z,62.78,1997.99,170.68,1186.22,51.59,2048.27,169.90,674.99,70.96,1914.04,172.83,1100.24,42.91,2131.72,166.88,475.27,299.41,69.89,98.24,268.91,1840.70,3550.94,2.42,151.67,145.34,636.54,3.17,972.30,59.23,532.47
2026-03-11T01:30:00Z,63.06,2001.33,170.99,1201.15,51.36,2049.69,169.22,664.73,71.54,1915.39,172.65,1105.30,42.97,2122.72,167.03,491.48,297.71,69.06,98.48,265.28,1840.62,3547.38,2.44,149.84,145.05,632.31,2.90,979.05,60.77,520.35
2026-03-11T01:40:00Z,62.88,1998.32,171.11,1186.74,51.79,2035.77,168.91,692.11,71.22,1924.14,172.79,1121.34,42.89,2128.05,167.15,490.25,301.77,70.11,97.75,268.16,1836.37,3548.00,2.60,149.16,147.37,633.54,3.17,963.47,60.59,527.48
2026-03-11T01:50:00Z,62.76,1992.46,171.14,1193.39,52.28,2014.53,169.16,699.23,71.01,1919.09,172.50,1109.77,42.82,2134.74,166.56,472.54,301.00,70.51,97.25,273.64,1856.08,3548.67,2.32,148.65,147.74,629.25,2.93,966.37,60.33,524.74
2026-03-11T02:00:00Z,63.34,1998.48,171.48,1197.21,52.26,2020.31,169.77,698.83,70.41,1938.01,172.82,1097.84,42.75,2135.27,166.39,467.55,297.20,71.55,97.46,265.05,1827.89,3531.57,2.75,149.91,141.97,627.16,3.09,959.15,60.69,530.87
2026-03-11T02:10:00Z,63.32,2002.15,171.21,1191.85,52.44,2014.66,170.95,711.19,70.27,1947.87,172.52,1093.31,42.84,2149.41,166.42,470.18,297.91,71.88,98.24,267.86,1845.97,3538.73,2.54,148.74,140.20,624.24,3.21,973.55,61.26,515.99
2026-03-11T02:20:00Z,63.02,2003.82,171.14,1201.76,52.80,2021.40,170.66,705.15,70.45,1943.10,172.23,1091.13,42.94,2132.95,166.65,479.12,296.93,70.77,98.35,271.04,1847.50,3545.12,2.49,150.78,144.10,627.95,3.10,975.27,61.61,522.52
2026-03-11T02:30:00Z,62.57,2006.03,171.10,1192.09,52.91,2010.34,171.11,714.05,70.36,1945.47,172.24,1080.69,43.20,2131.78,167.25,475.11,300.11,72.17,98.46,267.21,1842.64,3554.88,2.49,151.27,143.55,625.31,3.31,969.47,60.04,521.31
2026-03-11T02:40:00Z,62.70,2004.30,170.43,1182.65,52.84,1992.56,170.79,738.56,70.24,1947.62,172.10,1085.79,42.98,2125.24,166.36,475.52,303.94,71.02,98.28,270.83,1843.75,3558.07,2.31,151.01,149.57,632.12,3.04,965.69,60.83,523.69
2026-03-11T02:50:00Z,62.83,2003.82,170.69,1174.05,52.77,1996.37,170.26,733.44,70.44,1948.89,171.77,1079.20,43.15,2118.15,166.97,500.40,296.94,68.78,97.31,273.14,1847.27,3549.04,2.49,150.84,141.69,619.17,2.71,975.76,62.00,519.41
2026-03-11T03:00:00Z,62.56,2022.07,170.12,1162.96,52.93,2000.90,171.29,730.63,70.82,1935.67,172.16,1099.29,43.10,2124.54,167.36,488.80,297.31,71.03,96.95,269.53,1839.07,3554.66,2.68,148.58,145.95,636.46,3.18,970.53,60.58,542.54
2026-03-11T03:10:00Z,62.46,2012.01,170.19,1172.97,53.03,2008.14,170.55,734.23,70.80,1932.72,172.31,1111.36,42.87,2131.93,167.23,487.48,299.15,71.29,98.21,266.68,1838.38,3550.89,2.42,150.56,145.03,632.14,2.99,965.05,61.12,523.07
2026-03-11T03:20:00Z,62.64,2020.73,170.03,1156.87,52.95,2010.74,169.43,717.29,70.20,1934.71,173.03,1104.60,42.87,2129.80,166.81,469.93,300.84,70.05,98.52,269.81,1845.77,3558.01,2.55,150.31,146.15,633.36,2.96,976.72,61.60,523.07
2026-03-11T03:30:00Z,62.61,2016.69,169.82,1160.69,53.22,1990.53,169.62,723.91,70.25,1936.41,173.49,1098.68,42.93,2138.83,166.45,460.23,303.18,70.38,97.81,275.54,1843.42,3542.76,2.70,151.04,144.36,634.56,2.89,976.90,62.19,530.15
2026-03-11T03:40:00Z,63.05,2014.08,170.16,1162.48,53.21,1991.42,170.53,730.44,69.97,1943.42,172.87,1083.55,43.53,2125.10,165.92,460.37,300.77,69.82,98.33,268.49,1840.03,3553.98,2.61,151.56,145.36,629.03,2.82,968.32,61.89,520.49
2026-03-11T03:50:00Z,63.03,2005.87,170.71,1166.83,53.28,1990.74,170.25,735.61,69.93,1951.41,172.14,1068.36,43.36,2125.65,166.04,476.22,300.86,67.84,96.97,271.12,1844.17,3551.79,2.70,150.23,146.82,638.16,2.81,977.20,62.32,523.47
2026-03-11T04:00:00Z,62.74,2010.49,170.84,1168.45,52.83,1998.97,170.62,727.54,70.05,1937.87,171.17,1075.43,43.10,2123.10,166.98,476.99,304.46,67.69,97.22,271.33,1837.31,3553.97,2.22,149.50,147.40,629.64,3.18,964.36,62.50,513.48
2026-03-11T04:10:00Z,62.26,2003.50,170.94,1172.44,52.90,2002.60,170.48,727.23,,1937.98,171.65,1065.72,43.56,2115.55,167.11,494.02,302.22,69.46,97.37,273.66,1845.22,3546.11,2.32,148.76,145.63,633.62,2.60,968.41,61.55,533.56
2026-03-11T04:20:00Z,61.85,2014.73,170.59,1151.75,52.91,1992.06,170.33,714.96,70.14,1943.94,171.58,1059.52,43.55,2111.18,166.76,492.71,302.54,71.04,97.88,270.80,1841.05,3554.63,2.54,150.70,143.05,623.39,3.19,970.25,60.02,510.44
2026-03-11T04:30:00Z,61.96,2009.24,170.16,1156.25,53.21,1989.37,170.04,731.79,70.29,1938.72,171.56,1089.59,43.43,2117.74,166.66,501.92,302.08,71.43,97.53,271.83,1838.40,3563.09,2.59,149.89,144.15,632.56,2.93,961.64,58.63,514.05
2026-03-11T04:40:00Z,61.87,2021.19,169.67,1160.87,53.19,1988.75,170.26,738.60,70.44,1940.15,172.20,1073.60,43.66,2123.11,167.09,501.00,302.45,71.47,97.49,269.15,1850.62,3554.85,2.42,150.82,144.23,629.17,3.10,981.03,60.81,528.48
2026-03-11T04:50:00Z,61.85,2030.14,169.74,1139.18,53.37,1979.62,170.97,741.04,70.55,1927.88,173.24,1090.52,43.79,2108.51,167.41,489.82,301.53,70.26,98.23,275.16,1846.44,3554.41,2.60,151.07,149.66,632.78,2.83,973.73,59.77,520.21
2026-03-11T05:00:00Z,61.89,2018.32,169.08,1162.17,53.18,1986.49,171.16,742.92,70.02,1917.68,173.19,1105.17,43.61,2118.17,167.77,509.54,301.28,73.38,96.79,273.75,1843.01,3548.60,2.55,151.00,144.16,624.60,3.01,965.38,59.20,523.84
2026-03-11T05:10:00Z,62.47,2022.14,169.02,1148.41,53.07,1996.31,170.46,742.11,70.11,1933.91,172.40,1084.62,43.40,2106.96,168.51,497.01,302.93,70.13,97.86,273.09,1847.00,3536.02,2.47,149.72,143.72,621.94,2.81,973.05,61.27,506.77
2026-03-11T05:20:00Z,62.40,2017.84,169.78,1147.75,53.50,1988.75,171.57,744.66,69.88,1944.32,172.11,1058.07,43.18,2118.53,167.68,503.55,303.61,69.69,98.62,272.41,1847.83,3556.45,2.44,150.04,147.00,629.97,2.95,967.43,60.68,516.70
2026-03-11T05:30:00Z,62.08,2021.97,170.61,1137.52,53.47,1990.91,171.54,740.35,69.80,1953.62,171.72,1054.83,43.02,2123.15,167.51,504.07,297.35,68.21,98.94,268.36,1838.25,3554.93,2.50,152.29,144.32,630.72,2.79,969.00,61.84,534.39
2026-03-11T05:40:00Z,61.76,2020.30,169.82,1136.93,53.24,1999.97,170.85,740.03,69.78,1949.01,171.77,1051.64,42.49,2136.68,167.51,482.63,297.45,68.55,98.01,268.06,1842.95,3547.92,2.53,149.78,144.63,629.66,3.22,971.03,60.71,526.27
2026-03-11T05:50:00Z,61.52,2021.64,170.25,1152.58,53.06,2002.23,170.86,731.78,69.74,1949.06,171.88,1069.29,42.41,2140.09,167.60,478.49,299.52,67.90,98.30,265.97,1839.39,3563.15,2.50,150.89,144.80,631.04,2.64,969.24,60.03,531.46
2026-03-11T06:00:00Z,61.61,2033.03,170.00,1135.88,53.35,1999.56,170.68,740.45,69.99,1950.89,172.61,1071.88,42.69,2141.35,167.79,484.94,300.71,69.22,97.18,273.19,1841.37,3542.46,2.40,148.07,145.07,625.98,2.75,972.96,60.62,518.21
2026-03-11T06:10:00Z,61.85,2026.69,169.34,1144.70,53.28,1994.97,170.68,747.80,69.86,1949.48,172.69,1078.28,42.47,2138.62,166.94,470.90,304.31,69.80,97.66,276.36,1850.01,3561.60,2.51,151.44,146.88,631.08,3.19,975.89,60.73,531.31
2026-03-11T06:20:00Z,61.98,2024.30,169.65,1159.18,53.52,1990.00,171.06,745.03,70.38,1935.53,172.23,1085.81,42.65,2133.22,167.70,476.15,305.16,70.04,97.68,273.09,1837.84,3555.47,2.66,150.40,147.33,623.69,2.87,967.81,60.72,521.93
2026-03-11T06:30:00Z,61.89,2033.22,170.27,1158.11,53.25,1991.14,170.87,756.26,70.13,1948.23,171.86,1079.05,42.48,2136.32,166.67,454.92,307.48,71.53,98.48,275.29,1841.56,3550.29,2.55,150.26,148.10,642.82,3.09,979.35,60.78,537.94
2026-03-11T06:40:00Z,61.88,2031.64,169.45,1155.92,53.30,1990.13,170.89,757.21,69.91,1948.81,171.42,1068.25,42.39,2133.41,166.41,465.38,302.06,69.79,98.39,269.35,1842.03,3544.58,2.62,149.87,146.64,632.85,3.20,975.10,61.90,526.88
2026-03-11T06:50:00Z,62.10,2024.66,170.02,1154.29,53.02,2000.02,170.27,737.65,70.19,1951.87,171.69,1075.57,42.77,2125.46,167.06,466.64,300.54,71.21,98.55,268.10,1839.02,3549.97,2.51,149.82,146.68,634.08,3.11,964.07,60.74,524.47
2026-03-11T07:00:00Z,62.45,2022.16,170.40,1154.83,53.41,2001.08,170.27,726.24,70.05,1948.65,172.30,1076.27,42.64,2138.12,166.94,457.57,293.79,69.65,97.78,268.09,1839.82,3552.65,2.73,149.89,141.32,624.77,2.85,967.94,60.39,515.67
2026-03-11T07:10:00Z,62.10,2022.70,170.09,1154.08,53.16,1985.69,170.74,742.33,70.08,1951.00,172.22,1079.36,42.71,2133.41,166.93,461.89,294.55,70.49,97.66,265.56,1841.23,3537.37,2.55,150.65,143.19,626.58,2.74,970.65,59.41,520.19
2026-03-11T07:20:00Z,62.56,2017.43,170.36,1165.12,53.15,2001.78,171.29,741.56,69.91,1958.78,172.02,1081.97,42.90,2131.90,166.54,463.08,300.10,68.91,98.52,270.68,1830.65,3543.58,2.70,149.62,147.88,635.35,2.76,954.38,58.77,529.17
2026-03-11T07:30:00Z,62.78,2005.87,169.98,1172.83,53.26,2001.87,170.60,733.14,70.08,1960.17,171.76,1076.70,42.83,2135.64,166.68,462.68,297.71,70.86,98.14,264.74,1833.45,3546.59,2.31,150.75,143.57,626.11,3.02,966.59,58.11,528.30
2026-03-11T07:40:00Z,63.09,1993.44,170.68,1185.04,53.42,1990.45,170.76,730.34,70.53,1947.45,172.21,1076.98,42.77,2131.38,166.76,483.79,304.98,70.31,97.59,273.56,1834.61,3550.08,2.58,149.32,146.89,623.95,3.24,970.28,58.72,526.60
2026-03-11T07:50:00Z,63.04,1999.18,170.83,1199.57,53.81,1986.82,170.85,734.61,70.34,1942.61,171.73,1085.88,42.88,2122.32,166.42,479.83,299.33,69.94,98.60,271.67,1840.05,3539.23,2.77,150.85,145.48,630.82,3.01,972.21,61.60,527.01
2026-03-11T08:00:00Z,62.56,2005.43,171.19,1177.93,54.11,1981.96,170.44,765.64,70.76,1932.41,171.70,1089.48,42.77,2124.25,166.81,486.29,305.15,69.98,98.45,274.89,1844.96,3537.01,2.47,151.23,147.15,637.77,2.95,974.99,62.63,522.72
2026-03-11T08:10:00Z,62.73,2017.00,170.78,1167.36,53.89,1983.91,171.24,758.51,70.73,1939.26,171.73,1094.53,42.87,2139.74,166.56,500.00,302.21,70.61,98.98,274.84,1839.35,3557.57,2.46,152.04,150.05,635.57,2.65,965.37,61.73,528.13
2026-03-11T08:20:00Z,62.80,2007.30,170.51,1161.51,53.64,1986.86,172.09,769.93,70.82,1927.46,172.34,1112.41,42.75,2133.66,166.94,477.01,304.97,70.67,98.63,273.74,1844.19,3558.99,2.62,151.05,148.39,635.40,3.21,967.55,61.89,528.94
2026-03-11T08:30:00Z,62.79,2008.34,169.80,1181.75,53.62,2000.18,171.56,763.93,70.75,1929.10,171.78,1109.70,42.42,2143.49,166.89,469.45,300.15,70.10,98.97,270.16,1830.80,3568.52,2.75,150.58,145.00,630.67,3.13,959.09,60.75,527.24
2026-03-11T08:40:00Z,62.42,1995.81,169.68,1181.82,53.65,1987.31,172.20,771.14,70.79,1938.75,171.97,1099.15,42.51,2136.52,167.49,472.95,297.40,69.11,99.09,269.04,1841.45,3543.04,2.51,150.00,148.14,632.71,2.89,975.88,61.85,525.50
2026-03-11T08:50:00Z,61.81,2023.92,170.26,1155.43,53.53,1977.26,171.73,763.62,70.84,1931.53,172.42,1094.60,42.37,2131.36,166.61,473.70,297.33,68.18,98.71,268.05,1847.50,3551.27,2.81,151.06,142.27,629.91,3.04,972.80,62.12,524.88
2026-03-11T09:00:00Z,61.40,2030.92,169.88,1136.01,53.98,1984.32,171.61,764.17,70.67,1939.66,171.96,1092.75,42.24,2131.33,166.67,462.65,301.15,69.24,99.63,274.10,1843.12,3544.84,2.46,151.43,142.63,620.11,2.92,973.05,61.50,512.86
2026-03-11T09:10:00Z,61.49,2037.35,169.68,1142.64,53.92,1975.19,171.35,762.37,70.54,1930.32,172.40,1108.46,42.08,2143.48,167.61,451.76,303.74,70.56,98.92,271.11,1846.28,3560.72,2.58,151.19,146.61,633.75,2.97,983.17,62.02,525.24
2026-03-11T09:20:00Z,61.36,2044.32,169.82,1142.39,53.79,1991.05,171.20,761.18,70.56,1918.48,172.16,1116.33,42.18,2154.20,167.92,452.94,302.17,67.51,98.24,271.42,1841.52,3549.92,2.30,151.17,147.45,628.15,2.92,975.96,60.82,527.80
2026-03-11T09:30:00Z,61.30,2040.10,169.52,1143.58,53.58,1983.40,170.96,756.35,70.87,1916.05,172.51,1126.15,42.03,2143.82,166.97,455.72,303.23,67.85,98.83,276.08,1846.27,3558.64,2.43,151.45,145.47,626.00,3.07,972.40,60.89,509.01
2026-03-11T09:40:00Z,61.43,2039.89,169.59,1142.72,53.34,1997.08,171.21,740.23,71.36,1917.16,172.46,1116.99,42.11,2145.09,166.49,446.50,299.30,69.95,98.42,267.11,1840.04,3552.53,2.58,150.24,144.02,632.60,2.76,975.87,61.05,528.39
2026-03-11T09:50:00Z,61.25,2025.14,169.72,1143.53,53.53,1991.42,170.21,747.80,71.44,1916.43,172.46,1085.40,42.14,2143.59,166.40,446.88,299.77,68.49,97.96,269.87,1845.07,3544.25,2.50,150.91,146.25,632.74,3.13,970.90,60.94,529.97
2026-03-11T10:00:00Z,61.25,2032.83,169.34,1129.11,53.26,1999.88,170.32,747.74,71.47,1910.50,171.68,1114.05,42.57,2140.69,167.08,456.94,301.51,67.57,96.98,275.73,1848.77,3553.68,2.84,151.69,142.76,625.54,2.66,968.28,61.27,515.82
2026-03-11T10:10:00Z,61.32,2045.33,169.35,1126.76,53.06,1999.00,169.92,738.50,71.57,1924.08,172.44,1119.96,42.82,2125.51,167.30,463.50,293.52,67.98,97.29,263.88,1829.06,3546.15,2.60,149.44,140.94,622.01,2.85,965.99,61.63,517.70
2026-03-11T10:20:00Z,61.40,2027.90,169.95,1132.81,53.00,1996.82,170.45,728.74,71.74,1912.34,173.03,1125.60,43.00,2126.61,166.07,457.96,299.27,70.26,97.24,268.09,1835.45,3569.64,2.58,149.75,144.37,628.59,3.14,967.17,61.20,530.64
2026-03-11T10:30:00Z,61.19,2040.20,170.05,1141.37,53.08,1998.93,171.22,731.42,71.95,1911.77,173.60,1133.52,42.94,2125.27,166.30,461.60,305.45,67.77,96.76,278.69,1848.10,3543.56,2.36,151.80,148.51,629.89,3.21,970.16,61.15,525.71
2026-03-11T10:40:00Z,61.11,2050.43,169.98,1139.16,53.21,1993.57,170.36,746.63,72.13,1900.73,173.72,1135.04,42.99,2121.19,166.37,470.99,309.55,69.98,97.09,275.11,1849.04,3540.19,2.40,150.95,148.72,639.87,3.01,973.20,61.29,531.38
2026-03-11T10:50:00Z,61.04,2043.83,169.85,1141.52,53.34,1986.94,171.08,739.62,71.95,1908.30,173.76,1127.30,42.60,2133.39,166.29,458.92,304.50,69.16,97.81,276.09,1846.86,3555.31,2.37,152.03,146.87,639.68,2.93,980.17,62.13,539.38
2026-03-11T11:00:00Z,61.38,2033.92,170.43,1143.74,53.43,1981.52,170.15,756.76,71.99,1903.99,172.73,1137.73,42.50,2141.76,166.21,472.82,307.59,69.13,97.29,282.60,1859.52,3559.91,2.44,150.19,148.05,632.76,3.14,981.57,62.24,534.34
2026-03-11T11:10:00Z,61.47,2046.53,170.23,1139.64,53.16,1992.74,169.96,753.99,72.29,1899.02,172.62,1132.92,43.18,2130.80,166.25,475.66,305.74,68.92,96.77,273.59,1843.04,3551.35,2.47,150.24,147.73,637.97,2.95,964.04,61.40,534.61
2026-03-11T11:20:00Z,61.87,2035.26,170.12,1140.39,53.04,1997.77,170.25,741.39,72.20,1899.37,172.77,1134.95,43.16,2126.14,166.76,468.50,299.54,70.21,98.36,266.80,1835.38,3541.90,2.57,148.90,146.47,627.04,2.69,966.99,61.26,519.36
2026-03-11T11:30:00Z,62.11,2035.08,170.01,1139.98,53.43,1976.89,171.05,736.86,71.66,1904.12,173.19,1138.93,43.68,2121.53,167.06,481.64,307.15,68.62,98.34,275.55,1843.26,3558.68,2.48,150.42,147.66,630.28,3.05,970.87,61.05,523.79
2026-03-11T11:40:00Z,61.93,2030.50,169.69,1144.71,53.14,1983.02,170.60,750.02,71.66,1907.00,173.45,1124.36,43.78,2107.00,167.52,479.32,308.30,69.10,98.02,280.69,1849.51,3542.34,2.60,150.32,151.22,640.87,3.32,971.89,60.52,531.17
2026-03-11T11:50:00Z,61.72,2038.92,169.92,1144.24,53.41,1982.17,170.74,750.98,71.60,1910.23,173.99,1136.31,43.75,2106.09,166.90,490.62,302.65,70.67,98.44,275.66,1842.33,3558.06,2.25,149.66,142.42,632.09,3.01,970.26,61.23,523.68
2026-03-11T12:00:00Z,61.75,2037.23,169.94,1140.87,53.25,1983.73,171.14,744.08,71.43,1898.73,174.05,1144.41,43.65,2120.87,166.71,500.81,306.57,70.98,99.55,275.54,1845.06,3559.69,2.65,150.68,149.56,631.68,3.18,977.46,60.62,525.63
2026-03-11T12:10:00Z,61.95,2025.97,170.48,1143.55,53.01,1998.35,170.86,730.06,71.21,1905.04,173.65,1122.72,43.51,2119.68,166.59,493.58,303.67,70.46,99.22,278.08,1848.41,3551.92,2.25,150.22,149.32,632.59,2.98,973.98,60.39,522.13
2026-03-11T12:20:00Z,62.04,2029.34,170.31,1139.21,53.76,1983.73,170.44,764.18,71.54,1904.49,173.12,1106.02,43.45,2123.60,166.71,503.05,305.16,72.37,98.74,275.49,1842.56,3557.20,2.40,151.68,147.68,634.09,3.02,974.34,61.42,538.92
2026-03-11T12:30:00Z,61.89,2038.37,169.75,1136.98,53.93,1982.54,170.69,767.97,71.33,1907.43,173.06,1104.56,43.11,2125.81,166.55,486.06,303.29,71.29,98.56,274.78,1840.98,3548.78,2.57,150.07,147.84,634.32,3.18,969.71,60.58,520.25
2026-03-11T12:40:00Z,61.69,2042.08,169.28,1131.86,53.62,1981.57,171.45,767.44,71.38,1916.31,173.46,1125.72,42.75,2129.31,167.09,485.68,302.19,72.49,97.76,272.43,1848.11,3540.82,2.41,150.55,144.57,628.12,2.87,976.16,59.65,519.01
2026-03-11T12:50:00Z,61.31,2035.71,170.48,1128.79,53.24,1995.92,170.68,749.67,71.77,1920.18,172.56,1131.01,42.57,2122.00,166.63,483.65,305.92,70.98,97.51,274.27,1844.28,3540.44,2.51,150.95,147.05,636.35,3.16,979.04,59.98,527.62
2026-03-11T13:00:00Z,61.41,2030.44,170.68,1117.52,53.29,1993.89,170.73,747.60,71.88,1907.79,172.66,1134.19,42.89,2128.47,165.99,483.70,300.84,70.42,97.28,268.25,1837.08,3544.83,2.26,150.85,147.49,634.30,3.02,967.68,60.36,529.07
2026-03-11T13:10:00Z,61.28,2037.74,169.63,1105.02,53.14,2002.16,170.99,750.84,71.71,1908.99,172.65,1127.78,43.07,2126.66,166.17,480.16,303.43,71.03,97.67,272.14,1848.05,3551.48,2.76,149.95,147.64,628.53,2.80,974.01,60.84,527.07
2026-03-11T13:20:00Z,61.18,2049.94,169.48,1104.77,53.03,1992.58,170.30,746.54,71.28,1929.88,172.72,1112.13,43.23,2120.63,165.58,476.30,303.61,73.20,97.07,276.83,1847.89,3549.72,2.63,148.80,146.94,636.69,2.88,963.64,60.79,517.97
2026-03-11T13:30:00Z,61.23,2039.81,169.31,1115.52,52.96,1997.94,170.85,746.76,71.24,1922.16,172.32,1108.80,43.81,2108.97,166.97,487.72,301.39,72.39,97.17,271.34,1844.59,3548.17,2.54,150.04,144.57,625.34,2.84,974.88,60.47,522.26
2026-03-11T13:40:00Z,61.28,2043.96,169.32,1110.99,52.94,1985.12,171.12,758.67,71.22,1918.73,172.59,1114.36,43.50,2105.89,167.10,508.05,304.19,71.05,98.36,276.45,1858.20,3564.18,2.29,150.68,147.14,629.24,3.34,974.52,61.33,523.86
2026-03-11T13:50:00Z,61.46,2041.62,168.76,1126.12,53.19,1994.50,170.98,743.21,71.16,1912.94,173.30,1123.01,43.19,2102.68,167.34,505.99,301.79,71.37,97.94,272.40,1844.83,3555.95,2.61,150.73,144.47,623.58,2.81,972.07,61.28,514.89
2026-03-11T14:00:00Z,61.84,2021.92,169.29,1139.66,53.36,1992.00,171.22,740.15,71.04,1919.06,172.87,1123.75,43.27,2113.83,167.12,521.62,303.81,72.15,97.58,272.60,1839.77,3541.05,2.61,149.94,148.27,628.40,3.02,978.41,60.87,516.08
2026-03-11T14:10:00Z,61.91,2022.93,169.16,1157.63,53.38,1981.87,171.29,749.59,71.16,1922.50,172.82,1109.29,43.28,2109.03,167.20,504.34,305.31,72.86,97.81,277.36,1845.91,3542.41,2.32,150.24,149.47,633.67,3.10,971.19,61.17,533.17
2026-03-11T14:20:00Z,61.98,2024.50,169.73,1152.52,53.56,1983.82,171.45,756.25,70.93,1924.93,172.31,1103.53,43.10,2112.69,167.51,496.53,304.92,73.99,97.43,273.27,1840.90,3549.26,2.54,150.64,149.05,643.20,2.67,975.16,60.62,529.56
2026-03-11T14:30:00Z,62.09,2024.94,169.93,1125.38,53.52,1982.20,171.66,765.42,70.84,1931.33,172.08,1092.41,43.02,2116.34,167.45,490.39,306.78,71.83,98.01,276.21,1844.33,3549.40,2.53,152.10,143.63,630.83,3.29,968.50,59.93,524.29
2026-03-11T14:40:00Z,62.27,2009.31,169.77,1147.31,52.95,1996.21,170.79,745.45,70.81,1932.41,171.71,1100.10,43.06,2124.87,167.88,483.72,301.07,70.42,98.07,270.15,1845.12,3550.66,2.41,149.04,142.27,617.93,3.14,973.24,61.23,509.46
2026-03-11T14:50:00Z,62.45,2010.28,170.03,1169.92,52.78,2012.22,170.72,731.88,70.56,1937.31,172.09,1097.70,43.39,2117.43,168.00,503.04,301.50,70.63,98.76,275.18,1848.78,3544.32,2.61,152.12,148.90,635.36,3.21,974.57,61.18,514.87
2026-03-11T15:00:00Z,62.55,2018.70,170.16,1161.43,52.83,2015.39,170.37,733.61,70.33,1937.01,171.97,1099.99,43.22,2127.34,167.53,491.18,301.27,70.50,98.93,270.47,1842.51,3548.33,2.49,151.83,144.93,624.02,3.37,969.92,61.19,521.45
2026-03-11T15:10:00Z,62.47,2013.95,170.32,1159.46,52.92,2014.21,171.08,726.53,70.35,1928.96,172.31,1086.36,43.24,2125.14,166.69,484.84,299.15,70.50,97.86,268.08,1839.29,3561.67,2.65,150.45,145.00,630.80,3.05,973.44,61.28,527.25
2026-03-11T15:20:00Z,62.59,2012.23,169.98,1178.88,52.92,2001.95,171.10,727.17,70.59,1928.35,172.42,1095.20,43.38,2120.82,166.92,496.14,302.07,70.80,98.58,271.68,1841.68,3548.51,2.41,154.43,146.59,640.13,3.31,969.80,61.63,537.34
2026-03-11T15:30:00Z,61.91,2025.99,169.93,1165.82,52.94,2007.26,171.65,730.85,70.32,1935.82,171.95,1091.85,43.28,2130.69,166.33,489.68,302.67,71.01,97.57,270.33,1833.82,3530.73,2.66,149.61,147.27,632.33,2.76,971.55,59.37,514.14
2026-03-11T15:40:00Z,62.30,2019.47,169.69,1157.04,53.11,2001.41,170.61,727.54,70.40,1936.44,171.92,1081.27,43.10,2123.47,166.67,492.82,303.93,70.07,97.76,272.27,1841.52,3563.59,2.73,151.59,145.75,632.17,3.01,967.54,60.10,529.20
2026-03-11T15:50:00Z,62.80,2017.44,169.99,1174.47,53.26,1998.67,170.72,743.72,70.13,1937.64,172.56,1100.68,42.97,2128.05,167.33,497.87,304.95,70.36,98.39,270.69,1845.71,3554.03,2.67,147.73,145.44,637.33,3.14,983.15,59.58,527.70
2026-03-11T16:00:00Z,63.35,2003.35,169.66,1177.79,53.11,2001.74,171.18,747.92,70.58,1933.18,172.95,1104.74,43.10,2118.81,167.10,509.00,305.99,68.94,97.84,277.33,1845.01,3557.43,2.53,151.01,148.77,633.37,2.76,965.32,59.05,531.29
2026-03-11T16:10:00Z,63.32,1998.55,170.00,1178.04,53.32,1992.38,170.83,753.69,70.40,1938.36,172.39,1090.92,43.42,2116.34,167.28,512.90,304.78,70.82,96.95,270.38,1839.67,3542.26,2.39,149.87,147.89,628.96,3.10,962.29,60.36,524.27
2026-03-11T16:20:00Z,63.30,1990.12,169.64,1189.46,53.54,1995.18,171.34,758.59,70.40,1944.47,172.14,1086.64,43.18,2121.02,166.37,499.59,307.73,70.56,97.60,275.42,1846.21,3540.78,2.50,148.61,149.21,630.78,3.28,973.10,61.16,532.20
2026-03-11T16:30:00Z,62.93,1993.44,170.58,1200.39,52.98,2000.91,170.65,755.19,70.17,1939.81,172.62,1082.61,43.39,2124.37,166.75,494.94,307.09,70.62,97.75,275.83,1843.89,3568.51,2.35,149.68,145.67,640.83,3.11,971.40,62.11,540.54
2026-03-11T16:40:00Z,63.18,1997.10,170.85,1213.18,53.38,1986.29,169.80,738.01,70.07,1945.77,172.95,1083.46,43.22,2119.65,166.31,501.22,306.68,73.71,96.84,276.41,1845.49,3555.40,2.36,150.65,148.83,631.94,3.30,969.93,62.80,524.81
2026-03-11T16:50:00Z,62.93,2007.75,171.09,1198.12,53.04,1986.87,170.37,748.09,69.63,1954.02,173.02,1076.29,43.01,2108.21,166.05,493.70,302.63,72.71,97.22,273.23,1840.36,3555.43,2.74,150.73,146.91,632.91,3.01,970.34,61.59,529.84
2026-03-11T17:00:00Z,62.86,2001.18,171.56,1203.07,52.97,1995.97,171.05,739.69,69.98,1953.47,173.08,1086.35,42.82,2108.68,166.34,506.24,298.35,72.62,98.01,268.24,1842.21,3558.47,2.59,149.89,145.14,637.15,2.61,972.46,62.50,527.14
2026-03-11T17:10:00Z,62.42,2008.90,171.66,1181.73,53.07,1995.41,171.34,731.07,69.31,1963.65,172.53,1065.48,42.71,2121.69,166.65,496.42,304.47,71.00,98.57,272.10,1842.83,3551.32,2.31,149.59,144.82,629.79,2.94,969.97,61.54,519.76
2026-03-11T17:20:00Z,62.54,2015.61,170.96,1172.31,52.85,1997.89,170.89,720.88,69.66,1962.00,171.52,1051.21,43.14,2121.80,167.29,494.56,305.32,70.06,97.96,277.47,1844.41,3548.35,2.64,150.60,147.43,631.02,2.89,969.42,62.56,527.93
2026-03-11T17:30:00Z,62.35,2018.90,170.10,1151.07,52.93,2001.05,170.13,716.37,69.41,1973.61,171.83,1035.86,42.80,2136.47,167.02,484.43,302.03,70.44,97.54,273.53,1839.43,3546.50,2.46,149.01,146.91,625.94,3.28,974.11,61.33,512.94
2026-03-11T17:40:00Z,62.88,2003.62,170.67,1150.20,52.71,1997.92,170.27,727.02,69.58,1966.28,171.14,1047.65,42.81,2132.94,166.43,489.44,299.80,70.33,97.93,267.05,1845.13,3546.13,2.48,150.47,143.62,631.90,3.03,972.60,61.70,518.82
2026-03-11T17:50:00Z,63.09,2011.12,170.02,1156.22,52.49,1998.93,171.02,737.04,69.25,1964.95,171.81,1052.06,42.59,2134.63,166.95,482.08,300.01,70.41,97.94,269.77,1835.86,3546.16,2.73,150.67,143.63,623.35,3.18,966.07,60.56,518.31
2026-03-11T18:00:00Z,63.06,2006.88,169.42,1164.59,52.24,2010.73,170.86,725.81,69.40,1964.82,172.05,1050.82,41.97,2147.78,166.47,451.14,302.62,67.49,97.52,270.57,1851.63,3545.72,2.54,150.35,147.60,633.95,3.34,970.27,62.04,535.13
2026-03-11T18:10:00Z,62.89,2011.84,170.08,1185.24,52.07,2024.68,171.12,711.87,69.62,1963.63,172.30,1058.79,42.19,2147.13,166.30,448.41,299.55,68.40,97.89,267.42,1835.07,3552.44,2.59,149.32,140.47,624.57,3.27,970.50,60.52,509.29
2026-03-11T18:20:00Z,62.89,2013.62,170.43,1177.07,52.14,2023.21,170.24,709.87,69.84,1945.28,171.46,1073.02,42.37,2139.01,166.80,451.52,304.70,67.16,97.69,274.27,1838.45,3561.03,2.42,150.17,147.49,635.85,2.85,973.05,60.80,527.59
2026-03-11T18:30:00Z,62.61,2019.77,170.27,1175.68,52.50,2014.69,170.00,705.79,69.61,1955.68,171.90,1084.35,42.19,2141.93,166.98,452.88,297.28,69.98,97.81,264.19,1837.44,3548.12,2.67,150.95,142.62,627.68,2.84,971.18,61.56,509.92
2026-03-11T18:40:00Z,62.57,2022.07,170.37,1161.56,52.34,2011.43,169.31,702.79,69.61,1951.56,172.20,1075.62,42.16,2142.08,166.07,454.21,293.40,70.47,98.09,261.84,1832.61,3557.51,2.54,149.59,138.74,622.51,2.87,972.59,61.21,516.81
2026-03-11T18:50:00Z,62.77,2010.59,170.55,1158.39,52.18,2019.75,169.93,714.26,70.21,1943.80,171.98,1071.54,42.03,2136.54,166.47,468.60,297.09,70.45,97.73,268.93,1832.03,3545.27,2.71,150.91,144.40,629.61,3.21,960.68,60.12,531.33
2026-03-11T19:00:00Z,63.04,2010.73,170.30,1160.96,52.69,2003.12,170.28,726.90,70.03,1943.99,172.31,1083.13,42.49,2141.91,166.20,463.88,296.93,70.75,97.22,268.74,1835.86,3546.58,2.32,147.30,143.44,622.04,2.94,969.07,61.23,523.07
2026-03-11T19:10:00Z,63.20,1996.31,170.42,1177.67,53.01,2005.18,170.81,713.92,70.38,1947.50,172.48,1080.93,42.36,2143.77,166.43,458.45,299.51,70.56,97.36,271.87,1856.93,3535.68,2.42,150.58,144.16,629.28,2.90,982.46,60.74,529.86
2026-03-11T19:20:00Z,63.16,2004.12,170.87,1180.19,53.15,1996.85,170.79,719.32,70.78,1936.06,172.42,1099.59,42.00,2151.24,165.84,441.20,287.82,68.23,97.49,260.84,1828.10,3537.76,2.16,150.10,138.19,621.56,3.10,960.25,60.10,525.63
2026-03-11T19:30:00Z,63.50,1992.40,170.34,1189.08,52.90,2015.06,170.80,722.93,71.19,1923.06,172.30,1108.95,41.94,2158.08,166.06,448.67,293.55,70.27,97.88,264.76,1846.52,3549.59,2.70,149.78,137.72,624.62,2.90,965.64,60.88,527.69
2026-03-11T19:40:00Z,63.67,1994.32,170.30,1175.47,53.14,2016.57,171.27,723.90,71.16,1919.74,172.04,1113.53,42.17,2146.33,166.31,456.14,297.86,68.78,98.10,267.82,1827.03,3549.09,2.63,149.54,142.27,629.21,3.22,962.53,60.53,523.78
2026-03-11T19:50:00Z,63.81,1988.39,170.53,1191.09,53.33,1999.97,171.26,732.63,70.89,1918.73,172.13,1097.71,42.39,2137.53,166.23,465.65,300.99,69.26,98.42,270.04,1840.05,3549.05,2.37,150.36,146.83,635.60,3.07,971.91,61.75,519.35
2026-03-11T20:00:00Z,63.83,1979.54,170.20,1200.32,53.46,1990.81,171.02,732.21,70.57,1931.80,172.55,1084.76,42.21,2147.51,166.36,457.22,301.81,67.74,98.69,271.57,1837.63,3549.53,2.59,150.55,145.94,630.65,3.08,962.19,60.79,517.26
2026-03-11T20:10:00Z,63.02,1988.27,169.97,1190.73,53.64,1984.04,171.25,745.61,70.43,1945.00,172.54,1077.01,42.10,2142.14,166.75,467.10,302.02,70.92,98.27,268.29,1843.65,3548.68,2.44,150.00,145.43,625.08,3.07,980.93,60.21,522.50
2026-03-11T20:20:00Z,62.94,1986.82,170.31,1192.40,53.71,1980.10,170.94,744.77,70.31,1950.68,172.04,,42.24,2143.80,165.69,463.25,299.26,69.81,98.64,272.22,1846.47,3559.54,2.30,152.25,144.04,627.20,3.29,972.83,60.04,521.07
2026-03-11T20:30:00Z,62.85,1986.42,170.47,1190.38,53.55,1986.12,171.10,754.03,70.41,1944.20,171.82,1068.16,41.90,2147.54,165.62,,302.54,71.19,98.46,273.98,1838.01,3545.59,2.56,148.66,145.57,631.87,3.25,968.79,60.78,533.38
2026-03-11T20:40:00Z,62.83,2002.20,171.14,1194.13,53.59,1987.47,170.80,744.90,70.28,1945.12,173.18,1085.52,41.95,2157.71,166.61,450.50,298.08,71.64,97.32,269.27,1845.95,3554.99,2.35,149.87,145.17,633.39,2.88,969.33,59.95,515.12
2026-03-11T20:50:00Z,62.57,2011.93,170.85,1189.92,53.71,1983.10,170.84,745.49,70.48,1934.85,172.90,1089.75,41.95,2139.70,166.62,461.87,304.50,70.48,97.62,274.45,1854.39,3553.57,2.20,149.63,146.74,632.58,3.12,978.10,59.92,521.58
2026-03-11T21:00:00Z,62.76,2008.79,171.37,1184.22,53.93,1972.83,170.97,775.72,70.13,1931.24,171.91,1084.83,42.59,2130.76,166.48,458.41,302.74,72.34,96.93,269.51,1840.09,3550.64,2.36,148.98,145.95,625.58,2.97,971.87,59.78,530.18
2026-03-11T21:10:00Z,62.89,2001.46,171.24,1185.24,53.76,1967.64,171.02,769.19,70.04,1948.18,171.90,1075.98,42.46,2132.11,166.38,468.59,311.75,74.59,97.43,280.37,1853.42,3546.18,2.65,151.67,150.38,643.17,3.03,981.10,59.82,527.96
2026-03-11T21:20:00Z,62.68,1998.35,171.31,1192.44,53.37,1988.21,170.23,766.41,69.76,1956.81,172.28,1070.22,42.44,2134.52,166.26,470.95,302.85,72.25,97.65,270.75,1833.29,3549.79,2.44,150.84,146.72,630.86,2.96,965.43,60.11,529.83
2026-03-11T21:30:00Z,62.91,1999.55,171.00,1192.78,53.17,1997.51,171.69,761.82,69.89,1957.51,171.77,1070.51,42.81,2127.89,166.59,472.18,302.63,73.40,96.27,272.09,1830.46,3546.94,2.47,150.14,142.89,624.07,3.13,967.29,59.50,516.47
2026-03-11T21:40:00Z,63.14,1997.50,171.08,1195.02,52.81,2003.22,171.05,745.28,69.89,1955.90,171.04,1063.50,43.17,2115.72,166.90,474.31,304.77,70.91,97.61,276.57,1841.22,3550.81,2.43,147.73,145.53,632.39,2.84,974.12,60.24,533.44
2026-03-11T21:50:00Z,63.12,1991.47,171.21,1198.12,52.46,2017.18,170.07,726.81,69.56,1952.72,171.37,1055.98,43.13,2118.97,166.75,493.16,297.00,71.82,97.93,269.14,1845.75,3543.64,2.42,150.89,144.63,622.84,2.84,969.54,60.58,516.00
2026-03-11T22:00:00Z,63.15,1997.56,171.69,1200.03,52.46,2015.96,169.67,720.65,69.92,1959.23,171.28,1060.06,43.19,2116.30,166.97,484.73,300.56,69.59,99.47,272.34,1841.08,3555.23,2.50,151.22,145.40,626.38,3.13,960.02,62.24,517.86
2026-03-11T22:10:00Z,63.04,1996.67,171.66,1190.96,52.32,2023.10,169.98,698.84,70.02,1961.04,171.03,1054.06,43.31,2112.97,167.10,479.93,291.74,68.93,98.17,263.09,1832.76,3557.91,2.41,148.93,137.69,622.92,2.64,963.15,61.80,515.92
2026-03-11T22:20:00Z,62.58,2011.96,171.81,1184.35,52.27,2022.46,170.40,701.89,69.57,1955.46,171.55,1075.02,43.81,2107.42,167.77,507.94,301.42,69.66,97.50,271.47,1845.35,3549.62,2.41,151.08,146.33,634.52,3.12,976.12,61.85,541.74
2026-03-11T22:30:00Z,62.45,2004.55,171.61,1186.14,51.97,2043.01,170.08,681.38,69.29,1958.44,171.90,1073.21,43.74,2116.20,167.90,522.44,301.86,68.79,97.84,272.13,1846.87,3549.78,2.58,150.46,148.94,637.38,2.63,969.52,61.27,533.57
2026-03-11T22:40:00Z,62.42,1984.30,171.83,1199.53,51.91,2041.42,170.35,684.29,69.28,1968.64,171.89,1075.83,43.82,2113.53,167.77,531.27,300.31,70.36,98.05,271.00,1833.82,3544.18,2.68,151.02,143.32,622.41,2.97,966.13,61.50,515.23
2026-03-11T22:50:00Z,62.31,2004.49,170.75,1173.95,51.82,2032.13,170.68,694.96,69.32,1969.28,171.87,1062.75,43.59,2117.46,167.93,510.07,301.06,69.32,98.04,274.80,1851.80,3550.01,2.48,152.77,144.86,,3.26,971.04,61.32,533.59
2026-03-11T23:00:00Z,62.71,2002.38,170.20,1168.28,51.54,2037.55,169.49,681.31,69.31,1962.62,172.21,1072.05,43.41,2116.31,167.78,514.72,304.31,71.11,97.53,274.45,1846.94,3538.04,2.57,150.76,144.46,634.70,2.75,971.93,62.01,528.38
2026-03-11T23:10:00Z,62.29,2007.62,170.21,1160.89,51.33,2042.11,169.14,674.12,69.45,1964.04,171.69,1055.54,43.27,2115.25,167.41,515.93,298.38,70.70,97.56,266.70,1847.39,3541.91,2.52,150.35,145.59,634.05,3.13,965.97,60.48,531.37
2026-03-11T23:20:00Z,62.24,2009.58,170.33,1163.58,51.17,2046.32,169.31,653.08,69.50,1954.20,172.20,1063.98,43.69,2104.44,167.47,506.85,292.80,70.40,97.38,264.36,1835.57,3551.35,2.29,150.31,143.91,628.03,3.07,968.59,60.88,527.14
2026-03-11T23:30:00Z,62.40,2010.16,170.41,1165.78,51.10,2043.51,169.33,661.62,69.62,1960.67,172.57,1054.65,43.34,2115.26,167.46,508.64,294.53,68.45,97.21,264.85,1838.59,3544.29,2.52,150.45,140.38,621.67,3.01,975.28,62.00,508.97
2026-03-11T23:40:00Z,62.11,2023.22,170.54,1166.65,51.34,2047.84,169.01,665.19,69.28,1965.83,171.99,1059.81,43.25,2117.95,167.06,506.86,295.77,67.82,97.29,268.93,1841.75,3548.27,2.81,150.84,142.70,633.27,3.23,975.19,62.32,524.10
2026-03-11T23:50:00Z,61.92,2018.42,170.43,1147.14,51.72,2044.46,169.46,683.07,68.99,1972.27,171.60,1042.22,43.43,2123.44,166.84,511.95,293.33,69.09,97.17,261.95,1831.43,3554.13,2.25,149.75,140.68,628.89,2.56,967.90,61.71,520.40
