timestamp,VAR_001,VAR_002,VAR_003,VAR_004,VAR_005,VAR_006,VAR_007,VAR_008,VAR_009,VAR_010,VAR_011,VAR_012,VAR_013,VAR_014,VAR_015,VAR_016,VAR_017,VAR_018,VAR_019,VAR_020,VAR_021,VAR_022,VAR_023,VAR_024,VAR_025,VAR_026,VAR_027,VAR_028,VAR_029,VAR_030
2026-04-09T00:00:00Z,44.91,2447.81,156.97,533.33,59.53,1834.54,175.09,965.35,55.54,2310.46,162.26,563.60,43.21,2105.06,168.41,517.10,255.73,50.81,95.77,233.42,1797.82,3537.36,2.38,151.99,123.04,602.46,2.44,944.26,60.77,511.89
2026-04-09T00:10:00Z,45.78,2432.47,157.32,558.90,58.65,1855.07,174.56,953.19,55.28,2309.79,162.49,556.43,42.91,2112.60,168.72,511.01,254.58,51.11,95.88,226.67,1802.74,3565.04,2.36,151.01,120.79,600.18,2.94,960.17,62.50,496.86
2026-04-09T00:20:00Z,46.53,2423.65,158.42,582.12,58.68,1854.07,174.10,942.92,55.13,2312.62,161.91,548.84,42.77,2118.35,168.17,507.69,255.00,53.32,96.20,231.85,1804.10,3545.75,2.66,149.44,125.77,608.92,3.27,952.47,61.50,512.13
2026-04-09T00:30:00Z,47.02,2412.23,158.85,588.17,58.48,1854.81,174.00,943.38,55.20,2319.69,161.04,547.08,42.64,2129.60,167.96,496.63,255.02,53.11,95.33,231.20,1808.69,3551.26,2.64,149.87,122.97,603.38,2.82,959.47,60.40,496.02
2026-04-09T00:40:00Z,47.39,2398.22,159.28,607.62,58.39,1866.54,174.47,930.53,55.08,2312.76,161.49,554.47,42.76,2129.11,167.12,495.89,254.58,55.00,94.35,229.28,1800.00,3547.23,2.75,149.94,122.37,601.97,3.16,955.36,59.97,507.62
2026-04-09T00:50:00Z,47.85,2385.75,159.55,619.67,58.28,1865.38,174.29,944.92,55.18,2317.13,161.53,553.05,42.93,2131.04,167.10,492.20,254.23,54.97,94.75,229.16,1805.16,3555.92,2.54,150.17,122.68,599.19,3.40,957.75,61.64,495.82
2026-04-09T01:00:00Z,48.68,2379.63,159.49,643.57,58.47,1854.98,174.47,929.88,55.12,2320.09,161.86,557.55,43.25,2126.63,167.01,498.42,256.73,53.40,94.85,232.75,1802.69,3551.40,2.30,149.59,124.38,604.63,3.19,942.84,61.05,501.50
2026-04-09T01:10:00Z,49.14,2369.08,159.77,646.76,58.29,1849.56,174.00,925.43,55.06,2325.57,161.58,548.04,43.20,2116.60,166.75,479.35,256.87,53.39,95.37,230.60,1801.01,3550.39,2.31,148.68,124.05,606.25,2.96,960.18,61.26,505.95
2026-04-09T01:20:00Z,49.51,2354.49,159.75,669.61,57.99,1858.81,175.04,916.36,54.80,2323.03,161.47,538.08,43.32,2122.51,167.46,468.38,254.52,54.09,95.72,230.05,1807.25,3537.38,2.32,150.77,123.07,607.66,2.68,956.98,59.98,501.98
2026-04-09T01:30:00Z,50.29,2325.60,160.44,709.67,58.01,1876.99,174.08,916.17,54.60,2337.40,161.23,536.13,43.25,2120.93,168.03,477.03,260.10,55.99,94.39,235.56,1808.14,3551.38,2.52,148.64,127.08,609.34,3.11,956.23,60.41,506.67
2026-04-09T01:40:00Z,50.58,2311.06,161.03,723.61,57.94,1882.17,174.31,911.24,54.67,2343.82,161.47,538.58,43.31,2124.13,167.31,491.91,259.01,55.31,95.17,231.23,1809.17,3563.85,2.25,149.09,124.36,602.32,3.17,954.37,60.45,500.43
2026-04-09T01:50:00Z,51.31,2294.34,161.22,747.29,58.20,1873.64,174.20,916.01,54.73,2335.33,161.35,534.34,43.45,2116.14,167.37,488.79,256.30,54.95,96.02,230.08,1806.77,3583.67,2.72,151.83,122.78,604.90,2.72,954.20,60.00,507.38
2026-04-09T02:00:00Z,51.73,2294.39,162.74,762.42,58.32,1871.49,174.57,915.05,54.36,2336.48,161.48,514.07,43.67,2104.09,166.77,487.46,259.82,54.39,95.88,230.05,1811.00,3558.68,2.63,150.97,124.15,601.44,2.85,959.24,61.48,499.08
2026-04-09T02:10:00Z,52.12,2277.65,162.29,782.05,58.22,1875.96,174.67,921.27,54.35,2335.55,162.19,517.41,43.09,2124.95,166.58,480.80,261.37,54.03,95.01,233.47,1813.39,3562.41,2.38,151.08,123.58,605.30,3.14,961.32,59.90,503.60
2026-04-09T02:20:00Z,52.30,2276.79,162.24,788.05,58.13,1877.50,173.71,910.11,54.12,2347.09,161.37,506.92,43.24,2120.60,167.17,499.04,262.33,54.77,95.11,236.61,1811.58,3552.75,2.69,150.31,127.34,602.94,2.67,949.71,60.16,490.11
2026-04-09T02:30:00Z,52.32,2271.01,162.14,791.09,58.48,1855.31,174.77,921.65,54.47,2353.28,160.99,514.61,43.28,2114.65,167.45,506.21,263.91,55.18,95.69,234.87,1810.00,3560.50,2.74,150.24,124.73,593.84,2.85,961.89,61.07,486.89
2026-04-09T02:40:00Z,52.87,2258.45,162.29,804.45,58.85,1855.98,175.00,937.50,54.30,2338.46,160.66,515.14,43.27,2114.40,167.63,498.82,264.25,55.87,94.66,240.88,1809.91,3530.22,2.49,151.28,126.81,609.02,2.92,960.79,59.75,512.75
2026-04-09T02:50:00Z,53.00,2248.71,162.46,818.05,59.13,1835.42,175.46,941.82,54.35,2346.49,160.19,513.86,43.29,2109.73,167.67,499.50,261.94,56.62,95.02,235.45,1802.74,3557.76,2.55,148.98,128.48,614.38,3.22,948.11,60.96,519.73
2026-04-09T03:00:00Z,53.79,2241.53,163.33,845.10,59.35,1838.16,175.70,952.33,54.54,2335.07,160.74,514.00,43.85,2107.37,167.05,507.50,268.42,57.03,95.82,238.85,1814.25,3556.22,2.66,151.23,133.48,611.59,3.30,959.04,60.58,507.39
2026-04-09T03:10:00Z,53.99,2230.12,163.89,853.75,59.27,1836.05,175.51,953.94,54.77,2333.73,161.00,521.81,43.57,2113.45,166.88,512.39,271.40,58.23,95.66,247.44,1823.33,3542.80,2.44,151.01,130.13,613.03,2.68,969.98,60.60,505.93
2026-04-09T03:20:00Z,54.61,2210.55,164.22,873.79,59.46,1841.51,175.60,966.10,54.88,2329.83,161.57,519.54,43.34,2119.45,167.60,502.31,272.23,59.47,95.85,244.93,1826.32,3557.59,2.46,152.68,131.85,620.50,2.95,962.55,58.44,514.35
2026-04-09T03:30:00Z,55.03,2206.58,165.20,879.54,59.37,1824.68,175.57,962.42,54.80,2329.25,160.88,526.19,43.28,2117.33,168.03,512.87,272.58,62.08,95.18,245.91,1819.80,3561.95,2.61,149.11,132.09,611.60,3.13,962.69,58.76,516.83
2026-04-09T03:40:00Z,55.19,2204.42,165.40,901.65,59.15,1834.79,175.25,940.78,54.96,2328.04,161.49,537.04,43.38,2110.13,166.92,503.95,273.33,61.49,95.91,247.79,1828.23,3548.00,2.73,151.11,128.88,615.47,2.96,972.76,58.59,511.37
2026-04-09T03:50:00Z,55.49,2207.41,164.69,887.20,59.10,1856.11,175.01,,54.86,2327.64,161.53,530.08,42.91,2127.22,167.18,479.99,269.17,59.21,96.85,243.07,1824.18,3531.31,2.79,148.47,128.40,607.23,3.05,960.52,59.90,514.97
2026-04-09T04:00:00Z,55.80,2198.01,164.87,901.55,59.39,1853.74,175.04,939.71,55.27,2320.42,161.05,522.36,43.13,2125.13,167.01,475.29,270.02,58.12,97.24,243.37,1814.80,3544.52,2.84,150.58,132.00,615.22,2.65,953.60,59.91,504.35
2026-04-09T04:10:00Z,56.05,2184.16,164.83,906.93,59.12,1853.11,175.65,942.29,55.54,2303.58,160.95,548.79,43.09,2127.40,167.59,487.18,270.44,58.15,96.62,245.26,1816.04,3549.55,2.38,149.78,131.00,612.20,3.09,960.64,59.74,520.88
2026-04-09T04:20:00Z,56.02,2171.50,165.20,918.61,58.86,1850.24,175.40,948.50,55.34,2310.47,161.56,559.09,43.19,2129.19,167.63,492.59,274.23,56.40,97.15,246.52,1821.33,3546.81,2.63,148.11,131.44,611.05,3.10,956.52,59.91,518.39
2026-04-09T04:30:00Z,55.85,2181.54,165.09,914.98,59.55,1824.28,175.66,950.35,55.58,2311.30,160.88,554.46,43.51,2115.94,167.13,498.49,275.02,57.74,96.61,249.72,1826.66,3551.04,2.53,149.17,133.71,610.10,2.89,969.06,60.68,505.24
2026-04-09T04:40:00Z,56.26,2170.10,164.95,926.81,59.74,1821.58,175.56,967.84,55.84,2311.67,161.19,571.36,43.11,2127.33,167.46,504.40,279.88,59.11,96.42,252.17,1827.88,3552.12,2.31,149.81,134.19,613.60,2.65,963.86,61.07,512.54
2026-04-09T04:50:00Z,56.42,2174.98,164.70,919.95,59.30,1832.95,175.23,962.14,55.86,2308.12,161.39,562.67,43.50,2107.09,167.70,519.69,278.11,60.79,97.42,250.10,1824.68,3540.03,2.56,149.12,134.75,616.02,3.04,958.86,60.17,510.49
2026-04-09T05:00:00Z,56.55,2158.82,164.62,935.14,59.35,1840.71,175.30,953.45,55.66,2312.08,161.90,556.86,43.24,2108.39,168.18,526.54,280.25,59.20,96.78,251.05,1823.42,3554.36,2.69,151.17,134.62,617.12,2.59,954.97,59.77,509.23
2026-04-09T05:10:00Z,56.23,2164.36,165.27,938.91,59.32,1835.57,175.37,962.66,55.70,2312.00,162.09,549.96,42.75,2129.33,167.84,500.13,278.22,59.30,95.88,250.68,1823.86,3561.78,2.67,151.21,133.99,620.94,3.09,954.89,58.82,523.10
2026-04-09T05:20:00Z,56.35,2164.64,164.88,940.72,58.94,1842.57,175.20,957.51,55.40,2316.93,160.82,544.06,42.30,2139.35,167.83,480.88,271.74,58.40,95.93,244.69,1809.08,3546.89,2.81,149.62,130.55,616.68,2.71,952.04,59.44,515.88
2026-04-09T05:30:00Z,56.49,2166.25,164.83,963.45,58.73,1863.06,174.38,949.07,55.66,2315.79,161.34,547.44,42.52,2132.27,167.45,466.99,272.22,57.52,96.68,249.70,1822.34,3551.87,2.41,149.39,132.49,617.21,3.17,956.02,59.36,515.10
2026-04-09T05:40:00Z,56.71,2168.07,166.02,962.21,59.06,1845.30,174.79,962.37,55.50,2322.89,160.91,554.08,42.82,2124.95,166.87,475.80,274.00,60.90,96.10,245.26,1815.84,3556.51,2.34,150.59,130.37,613.67,3.47,963.59,60.12,502.18
2026-04-09T05:50:00Z,56.75,2171.98,166.01,960.24,59.09,1842.02,175.42,949.10,55.03,2326.25,161.63,561.20,43.04,2122.63,167.50,492.39,274.06,59.87,96.90,243.31,1817.06,3563.43,2.50,151.36,132.04,613.74,3.04,963.71,61.45,509.52
2026-04-09T06:00:00Z,56.60,2171.37,166.26,953.56,59.23,1843.41,174.39,941.04,55.29,2323.21,161.50,554.09,42.31,2134.95,167.52,493.79,275.94,61.32,96.76,252.13,1829.49,3543.11,2.72,150.21,133.64,620.43,3.06,962.50,62.52,508.96
2026-04-09T06:10:00Z,56.67,2163.08,166.90,959.83,59.19,1845.37,175.56,946.65,54.82,2331.93,161.93,553.56,42.21,2137.25,167.22,458.68,271.28,61.16,97.32,246.38,1824.76,3561.61,2.67,150.71,127.65,606.84,2.90,959.57,63.15,500.68
2026-04-09T06:20:00Z,56.93,2154.21,166.05,971.28,58.90,1846.61,174.80,927.99,54.86,2329.19,161.84,528.45,42.51,2135.27,166.97,479.46,278.16,60.57,96.78,248.88,1830.04,3566.51,2.25,152.21,133.24,623.34,2.97,958.02,62.42,519.54
2026-04-09T06:30:00Z,57.07,2142.56,166.27,977.64,59.04,1846.49,174.35,,54.87,2326.13,162.05,518.51,42.67,2132.68,167.12,482.18,275.36,56.82,97.23,249.83,1831.04,3551.77,2.28,151.01,135.47,617.79,2.78,969.37,61.99,510.77
2026-04-09T06:40:00Z,57.66,2132.69,166.63,977.58,59.28,1842.89,174.89,930.54,54.81,2323.16,161.60,531.75,42.75,2134.72,166.38,475.01,267.92,58.68,97.38,241.61,1809.48,3546.49,2.62,150.49,129.66,613.48,2.99,953.94,60.77,504.60
2026-04-09T06:50:00Z,57.80,2130.65,166.79,991.21,59.44,1840.31,175.29,944.35,54.63,2316.90,161.65,537.78,42.89,2133.05,165.90,475.66,272.56,61.04,98.53,243.73,1828.05,3551.95,2.52,150.48,132.34,614.63,2.95,960.15,61.80,516.02
2026-04-09T07:00:00Z,57.93,2124.51,167.24,995.65,59.87,1843.98,175.59,956.42,54.33,2336.18,161.02,528.76,43.16,2127.16,165.79,480.30,271.78,59.96,96.99,247.15,1829.09,3560.50,2.70,150.18,130.13,614.44,2.96,966.44,60.09,511.29
2026-04-09T07:10:00Z,57.97,2136.22,166.70,995.07,59.65,1841.64,175.23,979.34,54.49,2341.32,160.86,524.71,43.46,2117.99,166.25,493.50,273.39,60.70,96.94,245.58,1815.98,3547.12,2.36,148.69,131.68,617.21,3.14,953.78,59.87,506.86
2026-04-09T07:20:00Z,58.06,2114.18,168.01,1004.89,59.50,1842.98,175.47,973.66,54.22,2347.87,161.50,522.22,43.37,2121.57,166.45,501.26,274.27,61.85,97.48,250.37,1824.72,3546.23,2.34,151.52,130.60,608.80,3.35,960.70,57.82,504.94
2026-04-09T07:30:00Z,57.52,2130.95,167.08,996.12,59.30,1848.59,175.81,967.26,54.30,2346.35,161.39,511.53,43.36,2118.09,166.40,509.88,276.65,62.00,96.86,248.84,1820.27,3548.37,2.60,149.38,132.74,618.79,3.03,959.61,59.17,515.03
2026-04-09T07:40:00Z,57.95,2134.78,166.66,988.04,58.88,1841.35,175.45,962.60,54.45,2344.73,160.97,521.38,43.20,2123.70,166.82,496.65,272.82,60.62,95.87,247.31,1819.93,3549.52,2.30,150.64,133.39,613.30,3.24,962.80,59.47,506.67
2026-04-09T07:50:00Z,58.00,2128.23,166.35,981.03,58.59,1840.39,176.00,963.29,54.10,2354.40,161.93,515.84,43.00,2110.81,166.10,498.85,272.09,59.61,96.34,246.20,1823.93,3560.02,2.61,151.53,129.54,606.99,3.26,958.15,,511.95
2026-04-09T08:00:00Z,58.00,2121.63,166.20,1006.49,58.47,1848.87,175.90,959.16,53.86,2350.13,161.80,524.37,43.19,2115.33,166.65,499.47,274.46,58.12,96.20,244.01,1813.89,3546.92,2.63,150.71,131.10,610.75,2.81,955.84,60.87,502.73
2026-04-09T08:10:00Z,58.13,2109.63,166.46,1010.22,58.67,1855.73,175.30,951.49,53.66,2357.94,161.32,510.83,42.74,2120.91,167.33,492.20,271.54,56.88,96.43,244.33,1823.96,3548.37,2.45,151.56,129.76,618.93,2.71,965.51,62.00,514.35
2026-04-09T08:20:00Z,58.28,2114.73,166.68,1031.04,58.69,1867.14,174.75,955.36,53.71,2357.01,161.23,507.50,43.09,2109.44,166.92,495.31,275.30,58.58,96.27,246.43,1828.73,3537.34,2.87,148.44,133.23,623.14,3.16,969.04,61.30,517.59
2026-04-09T08:30:00Z,58.58,2108.99,166.70,1035.87,58.99,1855.84,175.39,942.07,53.60,2357.70,160.43,496.69,43.20,2120.26,167.52,497.13,275.45,58.15,96.32,245.06,1821.41,3555.72,2.65,149.06,134.37,617.22,2.54,960.65,60.88,522.12
2026-04-09T08:40:00Z,58.62,2112.37,167.18,1021.91,58.95,1857.79,175.31,935.48,53.86,2345.60,160.26,496.32,43.41,2103.41,167.37,490.82,279.71,56.40,96.19,253.77,1833.13,3561.60,2.74,151.08,133.42,612.94,2.81,967.92,61.31,504.01
2026-04-09T08:50:00Z,58.69,2096.38,167.58,1031.93,58.76,1854.37,174.56,941.23,53.57,2338.74,159.92,496.19,43.62,2105.67,167.60,503.61,278.65,58.22,96.44,252.71,1820.35,3545.95,2.66,150.89,134.31,622.74,3.11,963.00,62.42,519.04
2026-04-09T09:00:00Z,58.71,2104.33,167.74,1017.48,59.03,1861.67,174.09,942.22,53.49,2348.01,160.04,503.61,43.15,2105.67,167.53,499.86,278.64,60.75,96.16,249.74,1821.68,3553.45,2.53,150.64,138.44,620.30,2.68,961.76,62.07,513.37
2026-04-09T09:10:00Z,59.02,2096.02,167.41,1030.83,58.41,1857.94,173.97,931.14,53.12,2356.60,159.94,486.81,43.05,2105.67,167.74,511.10,279.59,58.91,97.00,250.24,1821.91,3543.74,2.48,149.16,132.93,613.02,2.77,966.98,61.22,513.73
2026-04-09T09:20:00Z,59.14,2089.90,167.89,1041.08,58.08,1866.08,174.69,934.41,53.04,2369.21,160.41,484.75,43.23,2105.67,167.42,515.13,275.94,58.63,96.91,248.92,1820.68,3552.15,2.36,149.15,131.51,610.44,3.18,954.56,60.48,517.41
2026-04-09T09:30:00Z,59.37,2096.16,167.55,1048.11,57.91,1877.57,174.68,926.25,53.39,2362.58,160.29,479.41,43.03,2105.67,167.80,500.36,275.34,58.54,97.21,245.64,1824.89,3556.73,2.65,150.78,132.76,615.67,2.87,963.34,61.15,509.62
2026-04-09T09:40:00Z,59.22,2102.01,167.70,1051.81,57.92,1873.75,173.73,914.11,53.24,2366.72,160.30,487.89,43.11,2105.67,167.70,505.50,279.56,57.46,96.24,250.23,1825.06,3564.38,2.54,151.96,132.63,614.20,2.98,967.21,61.55,527.59
2026-04-09T09:50:00Z,58.95,2098.24,167.92,1051.04,58.12,1877.57,174.29,909.69,52.96,2365.91,160.67,488.14,42.92,2105.67,167.41,525.82,277.29,59.37,95.85,245.50,1807.55,3549.41,2.25,149.46,133.23,619.09,2.99,950.65,61.68,511.13
2026-04-09T10:00:00Z,59.29,2097.42,168.02,1055.76,58.09,1878.55,173.78,916.70,52.87,2378.09,160.34,471.04,43.35,2105.67,167.49,517.95,273.04,60.84,95.80,246.26,1820.16,3543.66,2.60,148.13,132.46,613.00,3.00,962.41,60.72,513.19
2026-04-09T10:10:00Z,59.13,2097.73,168.63,1048.29,58.00,1872.88,174.74,904.70,52.65,2379.84,160.18,473.83,43.39,2105.67,167.76,507.44,276.39,60.55,96.95,246.21,1821.14,3552.54,2.52,148.27,133.62,612.90,3.04,952.39,60.16,508.81
2026-04-09T10:20:00Z,59.34,2095.41,167.92,1033.73,57.85,1879.02,174.42,912.24,52.68,2386.03,160.12,474.32,43.06,2105.67,166.92,503.75,273.13,58.59,97.11,247.42,1828.91,3551.48,2.58,149.52,130.91,618.46,2.86,968.38,60.13,514.67
2026-04-09T10:30:00Z,59.77,2091.57,168.38,1043.76,57.91,1892.22,174.16,906.09,53.04,2384.87,159.90,460.18,43.38,2105.67,167.22,498.88,268.95,59.14,95.89,238.29,1804.17,3546.94,2.80,150.11,129.73,619.33,2.85,948.85,60.39,519.06
2026-04-09T10:40:00Z,59.57,2084.45,167.57,1031.20,58.08,1885.63,173.70,895.81,52.96,2375.01,160.11,466.06,43.51,2105.67,166.81,498.79,266.25,57.27,96.29,235.11,1816.37,3557.63,2.39,151.32,128.89,612.82,3.03,962.23,59.61,501.66
2026-04-09T10:50:00Z,59.49,2084.25,167.46,1030.32,58.08,1870.41,173.98,902.02,52.69,2384.16,159.78,461.57,43.77,2105.67,167.14,506.79,270.94,59.77,96.39,244.33,1811.47,3545.38,2.46,150.08,131.01,610.09,2.64,956.22,59.35,518.07
2026-04-09T11:00:00Z,59.30,2094.59,167.68,1027.08,58.15,1871.70,173.66,904.16,52.67,2389.16,160.35,452.30,43.66,2105.67,167.89,505.17,270.61,60.06,96.61,244.53,1820.93,3532.27,2.48,149.15,133.76,614.06,3.02,960.35,59.64,517.32
2026-04-09T11:10:00Z,59.82,2078.46,167.48,1049.06,58.02,1865.14,173.10,909.90,52.65,2380.87,159.76,453.40,43.75,2105.67,167.43,503.14,270.35,60.37,96.80,248.51,1816.39,3549.76,2.50,149.85,131.64,612.65,3.08,958.19,59.60,512.01
2026-04-09T11:20:00Z,59.38,2097.96,167.90,1043.20,58.40,1861.01,173.06,917.77,52.86,2378.57,159.70,472.40,43.90,2105.67,167.71,509.69,271.50,60.65,97.41,243.79,1819.61,3556.55,2.37,148.66,132.99,614.21,2.80,959.36,60.89,512.36
2026-04-09T11:30:00Z,59.26,2095.78,167.34,1044.93,58.38,1859.07,173.96,927.55,53.44,2376.06,159.57,485.92,43.82,2105.67,166.95,516.59,269.34,59.71,96.31,242.59,1826.44,3563.27,2.55,150.52,130.31,613.74,2.74,966.53,60.38,507.94
2026-04-09T11:40:00Z,59.24,2090.83,167.24,1040.58,58.27,1868.48,173.52,935.27,53.22,2375.24,160.56,480.18,43.48,2105.67,167.29,511.56,273.10,61.12,96.27,246.90,1819.54,3558.62,2.54,149.76,131.38,605.66,3.11,965.13,60.87,507.95
2026-04-09T11:50:00Z,59.62,2094.86,167.71,1041.37,58.55,1875.66,173.67,922.55,53.43,2372.60,160.85,483.86,43.88,2105.67,168.29,517.55,277.32,61.16,95.82,248.98,1821.14,3550.23,2.30,152.13,132.03,608.20,2.96,953.42,61.20,515.32
2026-04-09T12:00:00Z,59.78,2085.01,167.61,1066.14,58.44,1877.35,173.89,935.35,53.49,2367.50,161.04,485.88,44.25,2105.67,168.03,516.19,277.96,59.24,96.12,248.71,1824.78,3551.03,2.71,150.47,135.37,624.64,3.19,969.60,61.11,519.77
2026-04-09T12:10:00Z,59.77,2084.25,167.76,1064.19,58.03,1870.63,174.31,928.88,53.39,2366.45,161.07,478.33,44.35,2105.67,167.86,536.15,275.72,60.44,96.04,247.80,1819.67,3551.90,2.54,149.42,133.13,612.47,2.63,956.33,61.06,510.52
2026-04-09T12:20:00Z,59.80,2082.20,168.29,1064.35,57.84,1876.56,174.59,916.90,53.53,2365.64,159.91,488.55,44.54,2105.67,168.05,536.22,281.17,61.30,97.04,251.25,1825.77,3546.63,2.60,149.39,134.75,620.26,2.96,970.05,60.52,517.19
2026-04-09T12:30:00Z,59.84,2074.64,168.10,1073.28,57.53,1873.12,174.23,920.24,53.79,2369.67,160.01,481.47,44.62,2105.67,167.31,538.21,276.17,61.77,96.90,244.80,1829.55,3555.34,2.71,152.07,135.64,621.21,2.68,960.14,61.48,524.17
2026-04-09T12:40:00Z,59.51,2076.33,167.62,1073.20,57.37,1881.90,173.37,913.53,53.68,2358.17,160.03,489.18,45.04,2105.67,167.38,530.12,278.59,60.57,95.88,249.16,1823.89,3555.29,2.76,150.98,132.13,610.75,2.61,959.83,60.01,510.27
2026-04-09T12:50:00Z,59.74,2073.56,167.87,1077.87,58.13,1887.60,174.21,911.10,53.73,2364.70,159.96,488.23,44.75,2105.67,167.63,530.27,274.51,61.18,96.16,245.19,1815.02,3551.09,2.44,151.41,131.40,612.22,3.01,957.05,58.89,515.59
2026-04-09T13:00:00Z,59.76,2081.15,168.55,1074.32,58.17,1884.18,173.49,890.93,53.64,2368.10,160.76,496.25,44.74,2105.67,167.43,516.44,277.61,60.99,97.31,250.75,1829.39,3540.48,2.51,151.37,133.76,617.66,3.36,963.15,60.31,518.54
2026-04-09T13:10:00Z,59.39,2092.11,167.70,1062.44,58.18,1873.82,174.20,914.04,53.75,2361.42,161.54,498.39,44.48,2105.67,167.45,510.43,277.07,60.29,96.70,247.04,1819.19,3558.01,2.62,149.17,135.40,617.39,3.11,959.53,60.02,506.23
2026-04-09T13:20:00Z,59.35,2095.74,168.01,1061.77,57.99,1880.07,174.17,899.32,53.77,2354.83,160.63,504.57,44.41,2105.67,168.01,508.69,277.53,60.48,97.27,251.47,1822.02,3543.59,2.54,150.53,135.74,613.74,3.10,955.36,60.28,510.84
2026-04-09T13:30:00Z,59.43,2085.15,168.02,1067.15,57.70,1882.19,173.72,907.22,54.06,2347.58,160.68,506.01,44.21,2105.67,168.60,530.66,279.64,58.74,96.98,250.25,1825.22,3546.66,2.60,150.91,131.66,624.53,2.71,967.05,60.49,519.68
2026-04-09T13:40:00Z,59.12,2093.37,167.62,1062.48,57.72,1874.81,173.96,909.07,54.00,2349.90,161.68,513.05,44.19,2105.67,168.30,510.95,277.82,62.01,96.66,248.96,1819.38,3547.76,2.71,149.03,132.88,614.78,3.01,959.92,60.41,519.11
2026-04-09T13:50:00Z,59.45,2097.02,167.39,1049.86,57.31,1883.32,173.34,891.63,54.01,2368.57,161.08,524.77,44.35,2105.67,167.97,508.42,276.48,59.93,96.69,250.90,1817.77,3535.14,2.62,149.28,133.71,617.85,2.85,959.98,59.38,524.30
2026-04-09T14:00:00Z,59.33,2097.21,167.49,1048.91,56.82,1888.43,174.27,880.44,53.81,2355.31,161.46,527.28,44.32,2105.67,168.03,516.59,277.45,60.97,97.28,251.06,1810.65,3538.58,2.38,148.59,134.27,610.88,3.18,953.44,59.63,499.77
2026-04-09T14:10:00Z,58.94,2102.89,167.67,1052.74,56.71,1898.11,174.01,864.32,53.79,2359.13,162.06,523.26,43.97,2105.67,167.60,500.98,272.89,61.11,97.16,246.40,1823.37,3553.75,2.70,149.26,131.95,613.07,2.72,960.72,60.79,523.50
2026-04-09T14:20:00Z,58.92,2105.24,167.79,1060.04,56.96,1885.41,174.27,883.74,53.96,2355.76,161.47,508.53,43.93,2105.67,167.50,508.86,273.38,58.74,97.62,245.07,1830.08,3529.87,2.69,151.82,130.36,609.54,2.89,971.79,60.26,512.06
2026-04-09T14:30:00Z,58.81,2105.57,167.81,1050.51,57.06,1899.12,174.26,876.96,54.27,2346.91,160.66,507.63,44.40,2105.67,167.56,514.45,272.30,57.45,96.87,243.19,1819.85,3542.56,2.63,150.33,131.20,615.93,2.79,965.33,59.97,512.15
2026-04-09T14:40:00Z,58.54,2112.98,167.72,1032.42,56.88,1903.03,173.53,863.18,53.96,2341.34,160.75,507.58,44.74,2105.67,167.41,516.07,271.05,58.21,96.48,244.20,1819.58,3547.72,2.51,149.79,130.40,609.57,2.79,960.45,59.87,513.95
2026-04-09T14:50:00Z,58.22,2121.03,167.71,1023.47,56.95,1902.92,174.03,889.30,54.03,2356.58,159.89,494.38,44.61,2105.67,167.42,531.60,270.83,60.74,96.36,247.89,1821.74,3551.91,2.39,149.67,128.41,617.92,3.35,957.65,59.78,512.62
2026-04-09T15:00:00Z,57.80,2133.26,167.16,1002.12,57.10,1902.25,174.79,879.01,53.98,2349.03,160.58,507.21,44.72,2091.21,168.15,534.92,269.86,59.55,96.82,246.11,1817.90,3545.97,2.65,151.19,131.80,618.06,3.19,960.95,60.86,520.95
2026-04-09T15:10:00Z,57.43,2137.41,167.23,1001.34,56.97,1899.17,174.54,876.96,54.36,2347.58,160.58,512.08,44.51,2075.39,168.04,539.11,273.03,60.72,97.50,244.15,1817.84,3550.47,2.58,150.35,131.73,619.08,3.00,958.12,60.68,512.64
2026-04-09T15:20:00Z,57.54,2139.05,167.23,1004.68,56.98,1908.04,173.75,863.92,54.25,2342.27,160.47,515.12,44.92,2089.94,167.99,548.75,273.26,60.80,97.64,248.11,1817.32,3563.41,2.51,149.77,130.40,613.93,3.13,956.93,60.46,518.57
2026-04-09T15:30:00Z,57.58,2137.92,166.59,990.70,56.83,1907.67,173.06,857.15,54.16,2351.14,161.53,524.93,44.91,2085.83,168.15,549.57,274.06,58.81,97.58,247.65,1813.88,3541.14,2.64,149.33,132.79,608.69,2.86,953.88,61.03,505.17
2026-04-09T15:40:00Z,57.86,2142.46,166.50,986.89,57.19,1911.54,172.97,855.54,53.72,2364.09,160.59,496.20,44.86,2089.05,167.78,555.41,274.34,56.34,96.87,249.76,1822.25,3552.78,2.31,151.02,133.04,621.32,2.98,961.62,60.72,510.75
2026-04-09T15:50:00Z,57.81,2136.78,166.50,986.55,56.89,1904.25,173.40,863.73,53.56,2364.67,160.16,496.91,44.55,2085.01,167.34,545.83,275.18,58.56,96.08,250.09,1829.64,3545.49,2.51,150.81,131.13,614.98,2.76,960.63,60.31,507.98
2026-04-09T16:00:00Z,57.52,2143.44,166.35,986.34,57.13,1903.25,173.31,878.62,53.77,2358.37,159.90,493.07,44.47,2085.15,168.61,543.80,280.12,58.53,95.54,250.94,1827.64,3539.60,2.36,151.20,133.98,618.16,3.16,963.62,61.29,508.96
2026-04-09T16:10:00Z,57.67,2129.42,166.73,995.64,57.42,1889.54,173.51,886.04,53.93,2349.67,160.74,509.75,44.79,2085.42,167.98,551.77,275.20,60.55,95.83,247.95,1820.32,3550.48,2.53,150.55,132.35,608.20,2.65,960.17,61.60,508.44
2026-04-09T16:20:00Z,57.82,2125.50,166.52,1003.28,57.83,1895.27,173.37,897.37,53.89,2354.07,161.42,508.93,44.87,2075.22,168.31,551.78,279.75,60.05,96.97,249.45,1820.53,3538.32,2.69,148.70,132.95,612.84,2.85,965.65,61.04,514.91
2026-04-09T16:30:00Z,57.86,2122.29,166.53,1007.30,57.81,1886.18,173.74,901.81,53.79,2354.85,160.73,506.04,44.44,2082.54,167.85,541.08,276.99,60.04,96.25,252.52,1817.28,3546.80,2.44,150.16,134.73,615.76,3.28,961.92,60.63,513.21
2026-04-09T16:40:00Z,57.84,2125.64,166.87,1013.68,57.63,1887.76,174.34,906.64,54.26,2351.70,160.37,515.85,44.68,2089.92,168.03,544.47,278.38,60.02,95.84,250.04,1822.34,3546.80,2.68,148.67,134.29,617.99,2.70,960.20,61.30,509.81
2026-04-09T16:50:00Z,57.73,2137.68,166.57,982.56,57.36,1896.58,174.43,881.49,54.60,2340.41,160.56,517.48,45.08,2083.51,167.47,551.65,279.06,60.96,96.32,252.37,1825.79,3566.27,2.35,150.84,132.41,619.52,3.29,961.28,61.15,520.04
2026-04-09T17:00:00Z,57.58,2131.43,166.77,987.57,57.12,1894.00,174.65,894.82,54.82,2331.97,160.80,527.65,45.09,2081.41,167.21,550.30,277.98,60.67,96.37,247.68,1821.44,3547.89,2.40,149.37,136.54,618.66,3.04,960.60,61.23,517.21
2026-04-09T17:10:00Z,57.63,2130.32,167.19,993.55,56.96,1901.04,174.30,882.60,54.57,2335.86,161.29,531.27,44.94,2069.90,167.21,552.04,274.16,59.65,96.50,246.76,1810.09,3548.91,2.42,150.39,131.79,616.56,2.98,953.44,60.63,509.64
2026-04-09T17:20:00Z,57.44,2143.81,166.44,982.04,57.29,1897.44,173.44,876.98,54.61,2337.72,160.48,533.82,45.08,2072.53,167.91,542.97,268.13,60.73,95.85,240.05,1804.40,3559.12,2.59,152.14,132.70,619.50,3.00,953.21,60.92,520.18
2026-04-09T17:30:00Z,57.25,2136.39,167.11,969.22,57.04,1903.46,173.18,887.43,55.29,2332.15,160.38,544.68,45.37,2077.08,168.71,561.97,268.28,60.56,95.55,240.59,1811.18,3563.85,2.60,152.56,129.94,624.23,3.15,956.54,61.53,524.15
2026-04-09T17:40:00Z,57.63,2119.92,166.11,983.16,57.28,1900.28,172.91,895.56,55.71,2327.03,160.65,541.37,44.79,2072.25,169.02,560.68,274.89,61.01,96.36,245.76,1813.88,3556.18,2.20,150.59,129.17,609.40,2.99,,60.30,502.61
2026-04-09T17:50:00Z,57.65,2133.98,166.99,995.38,57.37,1889.64,173.60,887.54,55.56,2322.67,160.90,547.84,45.08,2066.97,168.85,553.56,277.65,61.50,96.42,251.61,1825.49,3549.09,2.39,147.30,131.35,611.58,3.24,962.72,59.96,513.23
2026-04-09T18:00:00Z,57.48,2124.04,167.23,1005.66,57.11,1903.09,172.80,873.95,55.11,2316.54,160.90,554.91,45.19,,169.31,567.37,278.20,62.04,97.40,252.53,1824.53,3546.26,2.34,150.99,133.19,616.32,3.14,956.33,60.36,509.86
2026-04-09T18:10:00Z,57.68,2131.23,167.17,1005.41,56.24,1909.73,173.59,877.36,54.89,2330.52,160.78,547.00,44.89,2072.39,169.18,551.83,278.44,59.35,96.59,249.91,1830.57,3536.28,2.52,153.03,134.12,611.61,3.14,968.84,60.89,516.51
2026-04-09T18:20:00Z,58.06,2137.50,167.48,991.69,56.66,1916.80,173.26,866.71,54.85,2325.70,160.99,539.93,44.52,2090.04,168.95,559.60,273.81,59.15,96.56,246.28,1816.90,3542.08,2.54,150.41,131.00,605.71,2.90,959.54,61.25,510.67
2026-04-09T18:30:00Z,57.94,2128.62,167.65,1004.16,57.12,1897.59,173.59,873.31,54.86,2326.27,161.42,535.88,44.66,2079.47,169.44,554.17,275.22,58.91,97.70,248.20,1815.88,3549.47,2.54,148.67,130.71,614.32,3.03,958.30,62.04,511.30
2026-04-09T18:40:00Z,57.98,2136.84,166.82,982.75,57.38,1882.92,173.86,885.84,54.36,2328.73,162.34,528.28,44.31,2085.64,168.54,549.27,274.84,58.11,98.16,247.60,1818.16,3555.05,2.71,148.66,130.20,611.00,2.82,958.30,61.59,503.38
2026-04-09T18:50:00Z,57.82,2135.15,165.83,975.58,57.29,1888.79,173.57,892.24,54.72,2331.67,161.76,528.33,44.34,,169.16,537.63,275.90,58.24,97.56,245.45,1818.60,3552.62,2.41,150.97,133.10,618.50,3.05,964.62,61.00,506.19
2026-04-09T19:00:00Z,57.70,2131.86,167.59,1004.42,57.26,1895.12,173.45,888.31,54.80,2336.72,161.75,529.95,43.80,2100.74,167.73,522.13,271.33,59.03,97.70,245.46,1814.95,3553.43,2.61,149.64,134.37,620.46,3.49,956.46,60.21,508.14
2026-04-09T19:10:00Z,57.62,2137.23,167.49,1002.74,57.87,1886.21,172.85,891.08,54.97,2333.95,161.57,530.37,43.67,2108.14,167.83,507.98,270.30,59.49,97.94,242.18,1815.42,3549.61,2.53,149.11,130.56,610.32,,958.31,59.59,519.04
2026-04-09T19:20:00Z,57.46,2138.89,167.28,1004.83,57.79,1877.75,173.77,897.82,55.24,2333.40,160.96,530.16,43.42,2109.91,167.68,503.34,276.70,60.86,96.99,245.85,1820.21,3543.33,2.55,151.05,133.96,615.18,2.96,967.19,60.40,511.02
2026-04-09T19:30:00Z,57.38,2139.04,166.59,997.32,58.12,1880.19,174.20,912.19,54.97,2327.99,161.54,527.99,43.25,2124.99,167.67,487.45,278.94,61.03,97.45,250.62,1819.83,3555.04,2.48,151.24,135.67,622.13,2.93,962.60,60.32,514.47
2026-04-09T19:40:00Z,57.21,2140.81,166.78,985.40,58.23,1867.42,174.34,920.72,55.18,2325.47,161.56,532.20,43.37,2122.51,167.83,491.08,276.25,59.40,96.57,247.29,1813.64,3533.11,2.59,149.80,131.91,613.74,2.64,953.87,60.91,509.24
2026-04-09T19:50:00Z,57.58,2136.58,167.65,996.14,58.46,1872.54,174.18,924.14,55.16,2322.54,161.20,542.30,43.38,2131.60,167.80,484.74,274.11,59.67,97.57,244.64,1814.50,3556.20,2.49,149.62,130.37,607.99,3.40,956.39,61.08,509.16
2026-04-09T20:00:00Z,57.60,2135.20,167.06,991.61,58.68,1870.30,174.21,925.95,54.89,2321.83,161.24,542.14,43.02,2131.69,167.26,487.43,272.60,59.30,96.89,246.35,1809.05,3526.57,2.57,150.48,131.87,607.14,2.72,955.31,60.50,504.86
2026-04-09T20:10:00Z,57.71,2136.20,167.77,994.47,58.01,1878.91,174.19,922.48,54.59,2332.90,160.60,531.44,43.24,2123.91,167.00,496.34,269.76,59.90,96.55,242.31,1817.76,3562.19,2.26,150.64,132.53,615.50,2.60,958.28,61.16,514.66
2026-04-09T20:20:00Z,58.01,2129.19,167.67,1002.67,58.53,1862.18,174.69,919.32,55.01,2332.55,161.37,537.31,42.92,2136.44,167.36,496.07,270.05,61.07,96.89,245.53,1819.09,3558.85,2.48,150.05,130.15,617.78,2.78,954.93,60.76,513.48
2026-04-09T20:30:00Z,58.02,2123.34,167.14,1006.87,58.53,1853.74,174.38,933.89,54.81,2327.50,161.66,536.74,42.91,2125.10,166.98,485.27,275.21,60.68,97.06,246.89,1819.50,3560.47,2.42,149.65,133.96,616.07,3.04,960.01,59.86,506.17
2026-04-09T20:40:00Z,58.04,2127.04,167.04,998.90,58.75,1849.80,174.29,941.00,54.36,2334.17,161.83,524.40,43.02,2125.35,166.91,496.17,274.82,61.16,96.72,247.86,1809.67,3556.16,2.88,151.34,131.26,609.04,2.93,956.59,58.97,500.47
2026-04-09T20:50:00Z,58.27,2113.35,167.21,1019.58,58.50,1852.54,173.91,948.34,54.07,2335.67,161.61,539.69,43.39,2116.89,167.60,503.10,278.77,60.27,96.34,250.50,1826.71,3548.43,2.47,150.04,137.57,620.50,3.17,963.71,59.27,517.19
2026-04-09T21:00:00Z,58.26,2102.16,166.98,1022.27,58.49,1856.16,175.03,941.03,53.92,2333.27,161.22,521.33,42.97,2123.37,167.32,494.60,276.61,62.14,96.49,252.23,1828.26,3548.82,2.46,151.24,132.18,611.96,3.08,967.76,59.06,509.84
2026-04-09T21:10:00Z,57.74,2115.45,167.44,1028.06,58.45,1866.90,174.97,930.83,54.12,2350.97,161.66,511.14,43.05,2128.31,167.05,496.56,277.91,59.84,96.90,250.22,1821.73,3546.47,2.52,151.22,134.27,614.25,3.14,960.99,61.23,518.81
2026-04-09T21:20:00Z,58.12,2120.64,167.42,1012.60,58.43,1867.03,174.55,921.70,54.29,2346.65,161.25,536.43,43.41,2116.01,167.18,505.12,278.47,60.37,96.51,248.45,1832.17,3531.68,2.56,149.21,133.74,614.01,2.75,967.36,61.08,509.27
2026-04-09T21:30:00Z,58.08,2125.93,167.63,1000.60,58.30,1871.22,174.03,916.79,54.12,2353.02,161.64,539.04,43.62,2107.24,167.08,505.79,274.49,59.09,96.45,245.81,1812.74,3537.54,2.91,149.10,132.41,611.67,2.95,955.82,60.07,504.58
2026-04-09T21:40:00Z,57.76,2118.30,167.27,1006.74,58.26,1876.37,174.10,923.66,54.31,2343.64,161.02,524.02,43.53,2108.74,167.17,502.29,270.27,59.52,96.56,241.44,1812.78,3541.55,2.38,149.92,129.73,613.72,2.88,962.18,59.76,505.89
2026-04-09T21:50:00Z,57.61,2134.66,167.74,1002.10,58.50,1870.51,174.34,921.29,54.26,2339.49,160.61,535.18,43.89,2113.13,167.04,502.98,278.53,60.51,97.27,249.31,1826.61,3563.80,2.78,150.03,133.47,620.84,3.05,958.29,59.71,508.46
2026-04-09T22:00:00Z,57.30,2140.11,166.72,988.48,58.55,1868.39,174.27,909.75,54.19,2334.65,160.69,530.47,43.85,2101.55,167.24,503.41,277.37,62.20,96.73,249.39,1819.45,3548.54,2.42,149.83,131.25,615.05,2.98,961.38,61.26,512.73
2026-04-09T22:10:00Z,57.49,2145.71,167.21,979.54,58.54,1870.70,173.75,918.19,53.83,2347.55,160.53,517.98,44.01,2107.97,167.43,510.44,276.90,59.83,97.25,247.72,1811.77,3537.00,2.42,150.75,134.67,616.84,2.76,955.35,61.99,508.48
2026-04-09T22:20:00Z,57.37,2140.20,167.03,970.23,58.21,1873.11,172.79,916.51,53.81,2340.98,160.62,506.01,43.73,2110.44,167.77,514.72,269.58,59.58,97.46,239.82,1810.02,3542.70,2.63,149.81,130.20,619.19,3.13,959.07,61.59,512.89
2026-04-09T22:30:00Z,57.26,2139.44,166.68,966.96,58.21,1867.30,172.29,928.65,53.83,2355.63,160.28,495.81,43.94,2107.68,167.59,521.26,268.60,61.82,97.07,244.13,1821.35,3550.17,2.61,150.26,129.46,616.41,3.22,963.93,59.07,515.01
2026-04-09T22:40:00Z,57.07,2149.03,166.89,967.32,58.10,1871.58,173.32,906.84,54.03,2355.52,161.00,497.57,43.92,2097.09,168.05,518.74,274.12,60.80,96.62,247.02,1821.16,3547.94,2.46,150.34,133.45,612.78,3.26,961.91,61.15,499.53
2026-04-09T22:50:00Z,57.07,2142.42,166.83,973.54,58.10,1876.40,173.48,903.27,54.09,2361.51,160.36,503.77,44.21,2087.20,167.03,526.37,274.50,60.96,96.14,248.36,1824.74,3552.92,2.56,148.79,130.61,616.30,2.89,962.61,58.54,509.16
2026-04-09T23:00:00Z,56.93,2150.67,166.77,973.76,58.19,1875.99,174.41,901.24,54.01,2360.74,160.66,500.21,44.14,2094.28,167.29,534.32,275.27,58.92,96.40,247.10,1824.17,3550.07,2.57,148.59,132.31,615.71,3.01,963.16,59.40,513.75
2026-04-09T23:10:00Z,57.14,2146.75,166.82,984.98,58.23,1869.88,174.12,897.74,53.91,2353.44,160.63,499.03,44.04,2102.07,167.63,528.42,271.15,59.06,96.39,244.20,1811.52,3550.76,2.39,151.48,131.26,616.08,2.78,958.39,58.58,499.75
2026-04-09T23:20:00Z,57.00,2141.79,166.88,972.64,58.68,1859.20,174.27,929.07,53.74,2365.99,160.55,487.54,43.66,2108.11,167.50,521.63,275.02,58.19,95.79,246.84,1819.11,3549.75,2.52,149.88,133.78,615.55,2.88,958.20,57.92,523.22
2026-04-09T23:30:00Z,57.15,2137.50,166.53,974.71,58.82,1854.03,174.64,936.11,53.39,2366.17,160.78,479.22,43.35,2104.03,167.67,523.23,273.92,61.60,96.78,246.35,1820.34,3561.35,2.35,150.93,129.37,608.44,2.81,960.86,59.72,523.28
2026-04-09T23:40:00Z,57.66,2122.08,165.68,1005.04,58.52,1867.93,175.19,940.32,53.62,2350.05,160.43,499.71,43.28,2116.26,167.77,518.93,279.38,60.65,96.74,252.70,1817.50,3546.70,2.45,149.39,137.48,619.13,3.16,958.06,59.70,516.37
2026-04-09T23:50:00Z,57.60,2141.11,166.15,1001.62,58.45,1860.08,174.87,936.22,53.25,2352.95,160.59,492.03,43.66,2111.42,167.58,506.42,277.61,62.48,97.01,249.37,1821.80,3539.95,2.67,152.00,135.96,621.67,3.01,958.23,60.71,515.89
2026-04-10T00:00:00Z,57.68,2141.68,166.08,997.45,58.44,1862.64,173.82,926.47,53.54,2364.29,160.38,498.34,43.62,2105.12,167.36,514.47,278.50,59.85,96.62,246.66,1805.18,3551.91,2.61,150.72,133.26,624.18,3.01,955.58,60.62,513.79
2026-04-10T00:10:00Z,57.68,2132.48,166.20,991.48,57.75,1866.39,174.54,931.71,53.14,2367.58,160.65,497.12,43.65,2106.76,168.04,514.34,275.29,58.85,96.57,245.74,1820.82,3548.02,2.25,149.88,131.49,610.44,2.73,960.89,59.72,516.07
2026-04-10T00:20:00Z,57.52,2131.51,167.12,997.52,58.13,1861.81,174.92,932.03,53.09,2369.33,161.00,485.34,43.73,2112.79,167.72,523.33,274.21,59.45,97.12,245.02,1819.46,3552.34,2.58,149.84,133.37,613.48,3.28,956.62,60.28,509.70
2026-04-10T00:30:00Z,57.73,2126.19,166.82,1006.58,58.07,1875.84,174.98,916.00,53.05,2377.86,160.73,476.67,44.17,2110.97,166.79,520.86,271.51,62.14,96.31,242.75,1823.34,3560.92,2.54,150.75,132.66,612.91,3.03,963.89,59.92,504.37
2026-04-10T00:40:00Z,57.92,2126.01,166.58,1003.13,57.89,1871.64,174.88,918.21,53.20,2378.35,160.07,470.04,44.19,2091.31,167.19,528.63,272.00,59.69,97.06,244.87,1821.94,3550.21,2.43,151.08,127.90,606.69,3.05,959.23,61.03,506.98
2026-04-10T00:50:00Z,57.53,2133.25,166.99,992.68,57.87,1869.85,175.20,918.94,53.24,2364.86,160.08,479.78,44.19,2081.79,167.72,537.16,272.93,58.99,96.53,242.77,1822.57,3547.42,2.69,150.09,131.48,620.37,3.10,951.22,60.94,
2026-04-10T01:00:00Z,57.76,2128.14,167.03,999.57,57.99,1871.37,174.91,930.41,53.09,2384.20,159.45,480.47,43.68,2098.71,168.29,529.64,275.65,59.12,95.92,248.02,1827.97,3549.08,2.36,149.55,130.88,615.08,3.18,961.69,61.37,508.43
2026-04-10T01:10:00Z,58.08,2114.06,167.44,1011.89,57.82,1876.18,174.50,918.81,53.53,2369.12,160.02,490.12,43.42,2105.31,168.00,538.38,282.05,59.21,96.37,254.28,1830.43,3555.52,2.54,148.63,137.67,617.51,2.99,960.03,60.68,526.04
2026-04-10T01:20:00Z,57.68,2124.09,168.02,1012.40,57.58,1889.10,174.37,898.37,53.50,2370.71,159.57,485.91,42.94,2117.61,167.94,520.37,280.24,60.24,96.97,252.77,1836.10,3551.10,2.33,149.95,137.14,618.98,2.84,966.53,59.63,519.20
2026-04-10T01:30:00Z,57.80,2120.34,167.61,1011.58,57.62,1887.45,173.82,892.22,53.21,2366.96,159.02,476.56,42.88,2112.61,167.76,511.07,274.24,60.02,97.06,250.53,1827.51,3542.25,2.42,149.65,133.86,614.43,2.90,960.67,59.47,498.05
2026-04-10T01:40:00Z,58.07,2110.98,166.83,1018.27,57.91,1880.52,173.96,904.47,53.35,2376.40,159.63,467.99,42.88,2115.29,167.44,487.58,268.80,58.88,96.97,244.54,1823.80,3554.66,2.41,150.33,128.66,602.45,3.08,968.07,59.49,513.45
2026-04-10T01:50:00Z,57.94,2131.86,167.09,1013.31,57.47,1877.78,174.27,902.55,53.61,2364.94,159.71,483.35,42.71,2135.38,167.12,480.98,266.65,59.37,96.87,237.84,1815.37,3550.55,2.53,148.97,127.48,606.60,3.03,960.94,59.84,506.30
2026-04-10T02:00:00Z,57.61,2124.45,166.58,1007.27,57.48,1881.64,173.62,897.73,53.97,2352.71,160.44,489.67,42.47,2139.11,166.62,478.92,271.98,58.17,96.68,246.51,1819.11,3566.27,2.27,150.83,132.65,615.55,3.03,961.80,59.66,520.43
2026-04-10T02:10:00Z,57.56,2123.53,166.93,999.98,57.83,1876.99,173.87,894.96,53.88,2347.37,160.38,488.46,42.27,2146.83,167.25,469.05,271.75,55.60,96.45,244.27,1816.63,3542.54,2.60,150.26,133.38,618.62,3.05,960.75,58.49,516.28
2026-04-10T02:20:00Z,57.62,2128.07,166.64,999.23,58.00,1872.35,173.59,900.98,54.19,2344.67,160.46,493.28,42.40,2133.59,167.33,467.16,273.71,56.98,95.93,245.27,1824.47,3555.69,2.41,149.64,130.59,607.23,2.74,954.30,58.00,504.74
2026-04-10T02:30:00Z,57.57,2119.52,166.68,1000.14,58.23,1869.89,174.47,910.63,54.30,2344.41,160.46,506.93,42.68,2132.36,166.71,453.88,270.60,56.37,95.20,242.17,1812.75,3549.67,2.50,149.21,131.98,614.51,2.66,953.40,58.59,508.90
2026-04-10T02:40:00Z,57.56,2122.36,166.40,1005.88,58.26,1877.19,173.95,918.09,54.76,2339.09,161.33,522.85,42.52,2130.87,166.21,481.58,274.48,59.45,95.82,246.56,1831.79,3544.14,2.44,149.02,130.57,614.68,3.06,958.77,58.96,509.81
2026-04-10T02:50:00Z,57.82,2133.81,166.54,992.78,58.47,1866.10,173.88,917.92,54.46,2341.18,161.33,512.37,42.55,2135.14,166.35,481.07,272.96,58.22,95.83,245.25,1807.00,3546.19,2.32,150.46,130.92,608.06,3.13,952.29,59.89,510.29
2026-04-10T03:00:00Z,58.08,2134.73,167.04,994.34,58.66,1857.85,174.07,933.38,54.16,2344.99,161.83,522.47,42.84,2138.26,166.87,478.39,276.20,57.42,96.12,248.26,1825.37,3544.95,2.62,149.46,134.97,622.29,3.30,956.90,60.96,520.16
2026-04-10T03:10:00Z,57.90,2128.59,167.17,1008.03,58.74,1874.11,174.33,919.25,54.17,2338.02,162.02,508.75,42.98,2129.62,166.70,489.51,281.62,58.74,97.07,255.06,1825.45,3559.48,2.62,153.03,134.82,611.35,3.21,964.54,62.10,501.43
2026-04-10T03:20:00Z,57.26,2127.99,166.65,997.83,59.01,1856.80,174.22,914.24,54.39,2340.15,161.45,517.89,42.83,2131.56,167.15,486.98,272.48,60.06,96.43,243.58,1820.45,3557.47,2.50,148.60,131.86,616.53,2.76,957.74,61.57,508.94
2026-04-10T03:30:00Z,57.21,2137.55,166.38,998.31,58.95,1857.00,174.20,924.83,54.04,2344.70,160.53,503.72,42.93,2121.44,167.05,506.46,271.17,59.66,96.63,245.88,1816.87,3538.91,2.66,150.36,129.98,610.92,3.22,948.21,61.29,510.24
2026-04-10T03:40:00Z,57.59,2138.04,166.66,992.13,59.03,1852.46,174.68,931.74,54.42,2337.67,160.34,502.12,42.87,2117.90,167.33,520.09,273.65,59.52,96.77,246.34,1816.72,3548.72,2.35,149.19,128.52,616.26,3.22,959.22,60.77,511.16
2026-04-10T03:50:00Z,57.67,2134.10,167.05,982.60,58.94,1857.44,174.38,934.25,54.12,2347.80,160.55,509.78,43.07,2117.74,167.28,507.24,275.59,61.08,96.36,248.39,1829.84,3557.18,2.48,149.93,134.61,618.80,2.91,962.19,61.53,510.40
2026-04-10T04:00:00Z,57.89,2119.97,167.35,994.28,59.44,1847.68,174.44,946.95,54.40,2344.84,160.41,512.79,42.59,2119.02,166.68,480.85,277.05,58.99,96.36,248.43,1816.55,3545.05,2.31,151.13,133.60,614.58,3.24,957.77,61.03,510.17
2026-04-10T04:10:00Z,58.03,2125.37,167.15,1024.42,59.24,1840.87,175.25,939.31,54.39,2344.02,161.19,513.24,42.54,2127.75,167.01,484.86,277.03,57.64,95.80,248.13,1821.98,3562.85,2.22,149.70,133.33,617.74,2.92,959.23,62.00,518.25
2026-04-10T04:20:00Z,58.07,2125.23,167.53,1010.54,59.02,1837.65,175.51,943.25,54.25,2342.08,161.71,517.28,42.72,2145.57,167.86,480.74,275.58,59.16,96.66,248.72,1826.48,3539.86,2.64,149.37,132.57,631.88,3.09,964.25,62.25,517.32
2026-04-10T04:30:00Z,58.23,2113.95,167.20,1020.70,59.07,1843.06,175.63,945.32,53.89,2345.70,160.81,505.29,42.80,2121.79,167.99,478.92,278.38,58.85,96.45,251.48,1831.53,3546.51,2.65,148.92,132.65,613.18,2.78,974.29,62.36,510.63
2026-04-10T04:40:00Z,58.33,2121.17,167.96,1015.01,59.09,1847.37,175.83,945.07,54.07,2335.92,161.26,521.39,42.97,2122.97,167.68,488.80,276.37,61.23,96.83,250.55,1824.62,3546.44,2.48,148.66,132.62,618.68,2.99,967.18,63.19,513.93
2026-04-10T04:50:00Z,58.07,2125.60,167.95,1018.78,59.07,1847.91,176.02,949.02,53.68,2354.46,161.25,512.78,43.14,2115.69,167.35,486.94,275.34,60.60,96.48,245.87,1818.25,3549.16,2.61,150.90,131.87,616.57,3.03,953.84,61.65,513.27
2026-04-10T05:00:00Z,57.80,2140.28,167.62,1000.82,58.93,1848.13,175.83,947.32,53.45,2359.20,160.85,512.37,42.99,2127.03,167.56,490.12,274.11,61.43,97.00,249.02,1816.58,3549.08,2.29,150.30,133.90,619.09,3.33,959.89,62.81,509.11
2026-04-10T05:10:00Z,57.77,2130.34,167.34,1014.52,59.04,1837.65,175.42,955.93,53.70,2363.22,160.70,507.18,42.93,2132.98,167.47,488.14,275.76,57.76,96.92,249.89,1820.27,3554.27,2.70,151.01,131.34,613.01,3.09,960.49,62.83,504.49
2026-04-10T05:20:00Z,57.96,2125.03,167.66,1023.28,59.20,1839.63,175.37,970.49,54.03,2361.39,161.08,508.34,43.17,2116.49,166.88,495.95,276.26,59.58,96.19,251.69,1822.46,3535.21,2.60,150.70,133.47,613.84,3.08,955.24,59.88,516.01
2026-04-10T05:30:00Z,57.81,2134.56,167.25,1012.88,59.04,1840.33,175.46,963.91,53.74,2359.82,161.40,500.11,43.20,2117.83,167.16,504.09,280.57,60.41,97.07,247.91,1818.48,3554.56,2.53,149.85,136.45,618.33,2.70,952.13,58.30,516.37
2026-04-10T05:40:00Z,57.86,2126.37,167.24,1018.10,58.98,1843.22,175.79,949.96,53.66,2352.76,160.30,497.12,43.16,2115.59,167.06,508.93,275.07,60.24,96.32,249.13,1827.63,3546.05,2.74,152.22,133.35,617.80,2.86,969.31,60.10,523.09
2026-04-10T05:50:00Z,58.23,2116.44,167.84,1016.02,58.72,1854.08,175.01,940.66,53.59,2370.91,160.59,497.29,42.99,2113.38,167.62,514.06,277.69,61.21,97.45,250.14,1820.26,3560.36,2.75,148.74,134.72,613.45,3.03,960.47,59.86,512.02
2026-04-10T06:00:00Z,58.11,2124.31,167.58,1013.96,58.54,1870.10,174.64,928.15,53.43,2370.78,160.90,484.22,42.85,2125.84,167.39,495.02,277.89,60.53,96.62,250.95,1818.89,3544.73,2.49,150.40,134.51,621.05,3.03,951.84,59.64,520.81
2026-04-10T06:10:00Z,58.03,2121.16,167.38,1012.75,59.06,1864.95,175.17,932.82,53.24,2374.25,160.47,475.98,43.26,2120.85,168.13,488.49,278.54,61.69,96.40,251.22,1828.78,3553.74,2.69,150.69,132.92,617.82,2.83,962.50,60.62,528.91
2026-04-10T06:20:00Z,57.77,2129.23,166.54,995.56,59.06,1858.61,174.76,939.52,53.40,2371.09,159.72,478.69,43.44,2121.16,167.34,479.54,270.53,60.16,97.11,240.60,1817.81,3559.92,2.23,149.68,129.65,609.79,3.41,950.48,61.06,513.85
2026-04-10T06:30:00Z,57.52,2127.14,167.30,1001.73,59.06,1855.63,174.84,949.70,53.22,2388.32,160.53,475.48,43.42,2110.36,166.59,487.73,276.33,59.91,96.95,249.40,1822.67,3544.08,2.59,148.14,132.68,620.59,2.74,959.34,60.79,515.70
2026-04-10T06:40:00Z,57.57,2120.69,167.13,1000.38,58.99,1851.55,174.46,945.59,53.29,2379.89,160.09,463.97,43.62,2106.25,167.40,493.92,269.36,57.82,97.24,244.08,1820.00,3544.18,2.37,150.12,129.35,612.02,3.20,958.30,61.92,513.56
2026-04-10T06:50:00Z,57.43,2127.78,166.81,1002.39,58.98,1856.54,174.77,954.77,53.48,2362.32,160.21,467.71,43.48,2110.05,167.32,495.70,270.97,57.64,97.23,240.49,1814.68,3551.38,2.56,149.61,130.54,614.51,2.77,955.84,60.74,512.91
2026-04-10T07:00:00Z,57.23,2133.26,167.42,1001.00,59.26,1843.74,175.07,960.95,53.51,2357.93,159.80,478.68,42.96,2125.90,166.81,493.22,273.79,59.28,96.28,243.93,1816.17,3552.33,2.56,152.16,132.54,614.62,3.41,952.20,58.99,508.27
2026-04-10T07:10:00Z,57.23,2142.88,167.17,987.06,58.91,1852.46,175.42,944.27,53.46,2355.56,160.04,495.01,42.99,2132.95,167.10,490.97,275.82,58.84,96.52,250.67,1823.17,3539.39,2.71,149.30,130.92,609.17,2.90,965.29,60.39,517.35
2026-04-10T07:20:00Z,57.28,2137.31,167.00,965.77,59.11,1847.35,175.69,954.65,53.67,2357.91,159.91,498.27,42.85,2127.34,167.41,486.99,272.81,59.19,96.50,243.84,1815.51,3544.44,2.68,150.32,129.91,614.84,2.90,952.57,61.11,511.87
2026-04-10T07:30:00Z,57.50,2141.83,166.19,995.53,59.10,1845.50,175.84,956.00,54.12,2353.20,160.15,509.19,43.21,2120.37,167.02,491.39,275.06,58.07,96.56,248.83,1824.82,3547.78,2.61,150.09,133.56,614.51,3.41,961.81,60.45,521.34
2026-04-10T07:40:00Z,57.62,2135.18,166.59,1000.70,58.85,1850.52,175.80,958.06,54.19,2342.25,160.08,520.52,43.00,2127.22,168.13,498.52,276.74,58.84,96.83,249.23,1815.21,3557.61,2.49,149.32,132.57,614.61,2.94,958.38,60.84,513.20
2026-04-10T07:50:00Z,57.59,2133.56,166.73,1003.35,59.24,1838.52,175.11,951.86,54.37,2336.82,159.80,514.82,42.88,2115.41,167.79,498.43,278.14,58.31,96.20,245.92,1811.55,3557.52,2.48,148.87,132.35,614.30,3.15,961.66,60.71,503.01
2026-04-10T08:00:00Z,57.80,2137.19,167.29,996.11,58.97,1840.58,175.49,954.53,54.41,2342.21,160.81,515.87,42.99,2122.48,167.96,495.66,280.89,59.75,95.92,252.02,1824.49,3544.07,2.55,149.58,134.15,609.34,3.05,967.58,60.25,510.54
2026-04-10T08:10:00Z,57.83,2132.49,167.54,992.65,58.87,,175.94,942.37,54.67,2342.93,161.08,526.07,42.46,2134.51,167.44,489.72,275.47,59.29,96.14,249.22,1827.19,3553.75,2.39,152.09,131.72,608.48,2.93,963.56,60.95,502.86
2026-04-10T08:20:00Z,58.15,2123.14,167.44,992.10,58.68,1849.30,175.48,930.95,54.76,2338.60,161.52,527.06,42.13,2134.74,167.07,481.15,277.94,60.59,96.91,249.36,1821.19,3553.58,2.59,149.87,136.07,614.33,2.88,963.10,61.00,531.45
2026-04-10T08:30:00Z,58.14,2126.07,167.71,996.19,58.41,1854.71,175.52,931.96,54.63,2340.50,161.44,533.44,42.79,2135.21,167.07,466.25,278.78,57.71,96.78,247.34,1814.56,3546.88,2.60,148.90,134.13,613.58,3.10,964.90,61.90,509.41
2026-04-10T08:40:00Z,58.29,2118.28,166.82,1009.95,58.73,1856.66,174.90,919.90,54.74,2334.88,161.74,526.43,42.82,2132.82,167.60,495.84,277.57,57.92,97.04,247.62,1819.25,3549.58,2.50,150.17,131.29,605.01,3.01,962.03,60.76,507.53
2026-04-10T08:50:00Z,58.64,2109.28,167.36,1017.13,58.96,1838.96,174.62,935.01,54.68,2331.09,161.05,521.65,42.93,2131.32,167.76,479.97,277.31,58.49,96.80,247.16,1823.80,3556.53,2.43,151.14,133.00,618.95,3.17,963.56,60.21,511.31
2026-04-10T09:00:00Z,58.99,2110.03,167.79,1018.24,58.64,1856.07,174.84,940.74,54.15,2338.12,161.28,509.13,42.90,2138.72,167.54,482.04,275.14,59.54,96.74,246.43,1812.88,3547.80,2.42,149.83,132.06,609.49,2.79,957.18,59.11,506.00
2026-04-10T09:10:00Z,59.05,2104.21,167.01,1029.52,58.38,1852.90,174.93,945.26,54.23,2348.27,160.57,492.98,43.01,2121.73,166.69,474.54,277.86,60.11,96.90,250.43,1820.40,3548.34,2.47,149.37,133.04,614.96,3.08,960.58,60.02,510.24
2026-04-10T09:20:00Z,58.78,2103.22,167.22,1023.40,58.08,1856.61,174.50,919.25,53.96,2350.35,160.35,485.86,43.02,2121.60,167.41,464.09,270.50,58.84,96.56,244.36,1812.83,3548.73,2.45,148.63,129.32,610.47,2.95,956.78,60.48,509.54
2026-04-10T09:30:00Z,59.05,2101.53,167.15,1042.80,57.62,1875.58,174.67,907.69,54.04,2345.72,161.19,505.67,43.47,2118.21,167.05,485.08,272.34,61.01,96.91,245.64,1811.40,3545.89,2.60,151.00,133.88,621.06,3.25,948.79,61.02,518.17
2026-04-10T09:40:00Z,58.96,2101.72,167.84,1044.76,57.61,1897.49,175.02,904.68,54.48,2343.94,161.12,514.42,43.51,2118.59,167.90,511.95,280.27,61.84,97.44,255.46,1826.50,3542.18,2.46,150.67,136.19,613.14,2.82,958.53,59.44,508.73
2026-04-10T09:50:00Z,59.02,2111.00,167.80,1024.29,57.48,1882.63,174.21,907.29,54.74,2335.41,160.64,514.67,43.51,2110.04,167.46,510.47,276.13,61.72,96.94,248.44,1819.67,3534.32,2.61,149.55,132.11,616.75,2.95,965.36,61.07,523.26
2026-04-10T10:00:00Z,59.17,2096.00,167.84,1025.27,57.68,1888.48,173.89,902.19,55.00,2341.62,161.16,521.96,43.95,2095.20,167.08,510.98,280.56,59.57,96.37,252.96,1811.42,3534.57,2.37,150.30,136.17,616.21,3.27,954.05,59.79,513.53
2026-04-10T10:10:00Z,58.86,2103.27,167.67,1021.50,57.93,1888.47,173.79,891.79,55.10,2335.35,160.81,533.47,44.02,2095.41,167.57,522.56,279.11,59.38,96.99,249.10,1812.73,3548.23,2.58,149.15,135.80,619.25,3.24,954.37,59.57,516.68
2026-04-10T10:20:00Z,59.25,2079.51,167.48,1051.49,57.46,1889.61,173.30,883.72,55.15,2328.46,161.41,524.82,43.93,2091.37,167.34,518.38,276.15,59.56,96.06,249.33,1820.05,3550.26,2.46,150.22,129.98,613.10,2.71,960.66,60.15,511.13
2026-04-10T10:30:00Z,59.17,2090.55,167.86,1059.68,57.41,1897.58,173.61,875.97,54.65,2326.76,161.16,528.38,44.17,2080.02,167.33,526.60,276.05,60.88,96.76,248.83,1814.39,3532.87,2.79,149.80,133.73,607.24,3.09,954.61,60.12,519.85
2026-04-10T10:40:00Z,59.21,2106.44,167.82,1056.98,57.12,1899.95,173.85,885.10,54.48,2337.19,161.56,514.59,43.94,2090.21,167.95,543.28,273.99,61.17,96.80,245.39,1822.31,3549.22,2.52,149.26,134.32,619.18,2.94,952.41,58.14,516.39
2026-04-10T10:50:00Z,58.86,2104.56,167.89,1032.57,57.13,1907.17,173.43,864.22,54.40,2338.72,160.92,516.98,43.56,2105.84,167.98,535.35,278.89,61.32,96.54,251.49,1823.32,3550.86,2.77,150.31,133.79,618.94,2.69,961.91,59.01,522.67
2026-04-10T11:00:00Z,58.74,2099.25,167.18,1036.71,56.69,1906.27,173.74,871.79,54.30,2333.11,161.05,522.53,43.43,2117.98,167.80,512.21,276.26,60.44,96.80,251.12,1829.88,3547.37,2.58,150.37,133.79,608.75,3.05,966.33,57.31,505.21
2026-04-10T11:10:00Z,58.87,2085.88,168.27,1047.93,56.81,1911.81,173.54,862.93,54.19,2344.26,161.15,521.78,43.59,2116.21,167.12,510.66,274.80,59.82,96.83,247.13,1816.74,3547.13,2.80,151.22,132.73,614.77,3.25,959.77,58.78,501.89
2026-04-10T11:20:00Z,58.84,2090.73,168.31,1046.55,56.92,1903.39,173.73,,53.55,2359.41,160.56,506.13,43.72,2120.33,166.68,503.19,277.14,60.11,97.07,246.29,1819.43,3546.80,2.44,149.15,133.98,622.53,3.23,958.11,59.76,520.92
2026-04-10T11:30:00Z,59.29,2085.43,168.03,1047.86,56.85,1902.73,173.54,866.79,53.64,2361.12,160.74,485.55,43.97,2098.21,167.00,510.76,272.80,60.51,95.92,245.76,1812.15,3549.81,2.35,150.80,135.27,617.03,3.02,954.24,60.59,513.35
2026-04-10T11:40:00Z,59.39,2088.27,168.43,1048.10,56.46,1910.87,173.82,876.92,53.53,2354.73,160.54,491.48,43.75,2105.78,166.80,512.22,276.49,59.28,96.63,250.08,1821.73,3548.03,2.30,151.06,132.67,622.26,2.72,960.77,60.56,511.93
2026-04-10T11:50:00Z,59.82,2084.47,167.41,1038.41,56.28,1924.86,173.95,855.08,53.62,2353.12,160.70,482.71,43.35,2106.58,166.79,501.12,280.65,56.95,96.79,255.42,1834.68,3554.72,2.90,150.50,133.91,618.35,2.92,966.57,60.93,512.51
2026-04-10T12:00:00Z,59.50,2091.68,167.83,1045.47,56.38,1934.50,173.76,841.80,52.98,2366.02,160.46,477.26,43.53,2108.57,166.66,508.68,274.64,56.59,96.38,245.17,1818.08,3556.42,2.48,150.77,130.98,615.27,2.77,959.40,61.42,508.83
2026-04-10T12:10:00Z,59.29,2096.57,167.89,1050.57,56.61,1916.46,173.63,846.30,52.98,2365.83,160.90,472.98,43.27,2111.77,167.41,503.03,273.31,58.02,97.05,245.92,1829.26,3544.17,2.76,148.59,130.90,613.50,2.78,959.88,60.42,510.21
2026-04-10T12:20:00Z,59.52,2088.12,168.32,1059.12,56.63,1927.80,173.70,864.99,52.87,2374.63,159.74,467.52,43.77,2102.61,167.42,506.32,267.06,59.98,96.09,241.02,1810.98,3559.93,2.39,149.05,125.86,607.22,2.76,963.22,60.35,495.01
2026-04-10T12:30:00Z,59.72,2089.95,168.11,1052.80,56.47,1924.56,173.87,862.92,52.91,2368.02,159.93,467.36,43.82,2102.95,166.91,523.64,267.47,60.95,97.21,239.78,1815.79,3556.85,2.70,150.45,129.94,611.35,3.13,963.98,58.49,513.09
2026-04-10T12:40:00Z,59.74,2080.30,168.21,1069.45,56.50,1923.39,172.92,851.85,53.02,2372.46,159.41,462.39,43.97,2100.85,167.37,534.20,277.57,59.49,96.66,251.11,1830.07,3543.49,2.67,150.10,134.47,626.47,3.11,970.59,59.57,516.36
2026-04-10T12:50:00Z,59.64,2082.34,168.58,1061.10,56.50,1921.09,172.59,857.64,53.34,2374.95,159.72,476.10,44.48,2102.74,168.05,536.88,275.86,58.61,96.65,250.30,1820.29,3546.66,2.61,150.18,131.07,609.42,3.15,962.74,60.28,501.83
2026-04-10T13:00:00Z,59.45,2083.32,168.20,1065.27,56.69,1908.74,172.89,868.60,53.41,2359.51,159.78,478.28,44.17,2096.27,168.08,536.94,276.88,59.21,96.88,250.36,1823.72,3553.64,2.61,149.51,134.61,611.21,3.37,962.31,60.55,506.68
2026-04-10T13:10:00Z,59.36,2091.46,168.18,1061.59,56.86,1912.92,172.70,869.30,53.53,2355.90,160.57,495.52,44.07,2098.57,167.97,520.84,276.69,59.21,96.24,250.87,1829.53,3545.08,2.49,150.59,134.27,619.32,2.75,965.12,59.13,516.01
2026-04-10T13:20:00Z,59.59,2086.77,167.20,1056.94,57.50,1898.65,172.37,882.56,53.89,2349.02,160.11,489.80,44.00,2094.82,168.02,527.59,274.93,59.23,95.29,247.45,1813.52,3548.08,2.26,151.03,131.63,614.69,2.59,954.58,59.75,512.76
2026-04-10T13:30:00Z,59.88,2076.94,167.67,1070.60,57.05,1899.16,173.04,883.10,53.73,2348.56,159.89,497.63,43.64,2100.46,168.27,514.06,278.72,59.99,96.09,251.98,1823.11,3554.27,2.55,150.44,133.74,619.44,3.52,961.52,60.57,517.22
2026-04-10T13:40:00Z,59.53,2098.51,167.77,1061.65,56.64,1897.88,172.97,885.40,53.69,2346.29,160.22,490.35,44.40,2093.30,167.88,511.39,280.11,60.53,96.21,249.89,1811.83,3560.52,2.47,150.47,136.41,618.62,3.59,949.51,60.68,511.12
2026-04-10T13:50:00Z,59.74,2086.64,167.61,1063.63,56.19,1907.12,173.58,862.81,53.51,2353.81,160.10,502.74,44.31,2100.36,167.79,512.53,279.52,59.92,97.24,250.12,1822.85,3554.67,2.58,149.68,137.05,616.02,3.01,964.18,60.98,506.04
2026-04-10T14:00:00Z,59.85,2069.54,167.91,1073.85,55.99,1907.09,173.43,868.87,53.87,2346.42,160.45,511.23,43.86,,167.09,521.03,278.59,61.54,97.11,250.77,1816.32,3555.06,2.71,149.74,132.39,615.78,2.77,967.86,61.15,506.49
2026-04-10T14:10:00Z,59.67,2087.37,168.29,1065.70,56.58,1905.50,172.54,875.06,53.82,2350.72,160.61,505.62,43.55,2103.16,166.96,520.60,273.05,59.66,96.36,248.64,1822.93,3549.96,2.46,150.97,132.97,617.82,3.15,953.57,59.97,511.55
2026-04-10T14:20:00Z,59.39,2092.01,168.98,1068.20,56.86,1909.56,172.65,875.54,54.18,2354.97,159.84,512.41,43.31,2106.18,167.18,514.60,275.15,60.74,96.38,243.73,1818.28,3554.18,2.69,149.85,131.70,611.80,3.16,961.79,58.64,507.42
2026-04-10T14:30:00Z,59.38,2099.79,168.62,1054.56,56.92,1908.43,173.65,883.97,54.72,2338.53,160.57,525.19,43.18,2117.55,167.32,505.84,276.95,59.71,96.76,250.89,1812.38,3556.12,2.58,149.13,135.35,617.44,3.12,957.63,60.23,515.69
2026-04-10T14:40:00Z,59.51,2094.51,168.56,1047.62,57.03,1907.92,173.81,888.19,54.80,2339.81,160.32,518.78,43.27,2118.43,167.80,488.17,277.88,61.18,,253.60,1822.54,3538.79,2.59,150.55,133.43,617.86,2.89,957.98,61.48,521.36
2026-04-10T14:50:00Z,59.57,2089.05,168.69,1061.91,56.73,1908.59,173.34,879.23,54.71,2332.40,161.18,512.67,43.10,2113.01,167.34,492.00,276.06,59.81,95.89,249.38,1822.65,3567.11,2.87,149.37,136.16,618.26,2.95,958.53,61.05,507.52
2026-04-10T15:00:00Z,60.00,2087.11,168.04,1062.20,56.77,1900.88,173.17,876.82,54.82,2319.46,161.47,551.12,43.26,2114.90,167.02,483.59,276.03,59.62,96.03,251.21,1827.15,3552.47,2.50,149.57,129.49,610.23,2.79,966.22,61.14,505.13
2026-04-10T15:10:00Z,60.07,2071.46,168.36,1075.50,56.81,1904.59,173.22,877.60,54.96,2326.22,160.74,536.19,42.96,2119.22,167.12,481.61,278.99,60.19,96.29,252.84,1823.30,3562.52,2.57,149.94,131.75,611.96,3.02,968.57,59.85,519.91
2026-04-10T15:20:00Z,59.91,2066.69,168.57,1069.35,57.30,1896.34,173.21,870.83,54.89,2314.10,161.17,529.32,42.84,2132.14,167.07,487.54,272.16,62.54,95.90,244.52,1824.24,3557.30,,150.94,131.32,617.21,2.86,965.68,60.16,504.24
2026-04-10T15:30:00Z,59.80,2075.34,167.96,1064.60,57.28,1900.88,173.09,878.74,54.51,2321.77,161.24,542.59,43.10,2124.47,167.76,492.66,276.66,62.87,97.05,244.11,1811.15,3558.22,2.58,148.71,130.50,612.13,2.87,958.06,59.58,513.09
2026-04-10T15:40:00Z,59.98,2076.67,168.06,1074.06,57.30,1894.86,173.26,896.91,54.38,2326.70,161.72,542.56,43.28,2116.28,167.33,498.74,280.66,61.00,96.29,254.51,1830.44,3554.06,2.47,149.46,138.14,624.16,3.05,957.77,59.47,516.92
2026-04-10T15:50:00Z,59.33,2083.96,167.65,1070.57,57.31,1897.76,173.37,872.48,54.05,2336.71,161.43,541.15,43.62,2109.79,167.58,487.13,279.62,59.91,97.10,252.77,1817.11,3553.20,2.35,149.74,136.70,616.60,3.03,959.81,58.65,508.32
2026-04-10T16:00:00Z,59.31,2087.31,167.57,1061.31,57.07,1904.96,173.27,861.55,53.81,2348.23,160.99,528.83,43.79,2097.98,168.11,505.78,274.79,59.01,96.45,248.62,1833.79,3546.38,2.32,150.69,131.70,611.17,3.20,963.25,60.30,519.03
2026-04-10T16:10:00Z,59.29,2089.89,167.68,1053.51,56.95,1905.00,173.60,875.78,53.82,2347.74,161.60,521.88,43.99,2091.73,168.04,516.79,275.23,59.20,96.63,245.39,1812.98,3547.40,2.52,150.51,131.45,613.29,3.19,962.04,59.42,511.44
2026-04-10T16:20:00Z,59.19,2091.54,167.90,1048.14,57.13,1902.63,173.22,868.21,53.61,2361.89,161.24,497.30,44.00,2093.28,168.32,518.29,281.66,60.24,96.51,251.36,1820.51,3556.42,2.64,151.08,136.23,621.13,2.88,961.27,59.67,507.28
2026-04-10T16:30:00Z,58.91,2108.43,168.02,1037.70,57.04,1901.98,174.01,879.63,53.28,2374.25,160.79,493.10,43.55,2116.45,168.26,512.55,277.22,58.32,96.09,249.13,1823.84,3547.49,2.56,150.89,131.89,611.16,2.87,960.51,59.66,501.23
2026-04-10T16:40:00Z,59.33,2100.77,168.15,1056.42,56.69,1895.54,173.57,866.24,53.03,2376.69,160.46,478.74,43.42,2120.18,167.90,507.68,269.36,59.32,96.32,245.91,1821.10,3565.36,2.78,150.98,127.83,605.71,3.17,955.65,60.36,507.68
2026-04-10T16:50:00Z,59.88,2088.15,168.05,1048.30,57.02,1889.37,173.39,881.92,52.98,2376.60,160.72,467.92,43.21,2123.62,166.50,500.92,267.40,58.34,97.15,240.06,1812.33,3535.05,2.43,151.41,127.23,607.11,3.20,958.34,60.86,499.93
2026-04-10T17:00:00Z,59.96,2081.23,168.31,1049.06,56.75,1898.00,172.85,868.75,53.27,2376.31,159.94,481.63,43.23,2120.21,166.71,499.61,271.24,59.92,96.89,243.73,1817.65,3548.15,2.52,149.63,131.63,618.24,3.11,955.56,60.57,503.35
2026-04-10T17:10:00Z,59.85,2078.89,168.56,1057.05,56.70,1904.00,172.66,868.95,53.18,2369.58,160.42,479.97,42.97,2121.69,166.57,491.83,272.16,59.06,95.99,244.29,1814.24,3552.10,2.61,151.52,129.78,610.59,3.26,954.88,59.03,503.24
2026-04-10T17:20:00Z,59.55,2086.93,168.83,1068.82,56.47,1910.74,172.93,867.47,53.51,2372.40,160.85,491.29,42.76,2123.54,167.17,498.05,270.88,58.44,95.58,242.95,1808.13,3558.13,2.38,150.03,130.79,606.05,3.00,962.73,60.74,503.62
2026-04-10T17:30:00Z,59.10,2098.43,168.03,1046.81,56.64,1897.48,173.34,868.27,53.47,2363.85,160.35,498.99,42.70,2125.24,167.44,493.26,268.88,59.30,96.56,246.08,1820.06,3555.48,2.42,150.60,129.29,606.97,2.79,953.94,60.25,507.67
2026-04-10T17:40:00Z,58.87,2100.62,167.76,1045.87,56.52,1908.00,173.20,867.26,53.93,2350.26,159.82,505.69,42.90,2128.76,166.79,497.99,273.33,59.98,95.67,245.22,1820.33,3546.47,2.35,150.61,130.91,608.09,3.08,957.49,60.70,511.01
2026-04-10T17:50:00Z,58.35,2109.50,167.42,1023.35,56.08,1910.07,172.52,850.19,53.71,2351.10,160.39,503.71,43.04,2117.06,167.04,494.59,265.98,61.00,95.61,239.19,1812.60,3543.62,2.52,150.71,126.93,603.68,2.79,956.39,61.81,496.29
2026-04-10T18:00:00Z,58.31,2122.13,167.53,1031.11,56.37,1906.90,172.80,863.99,53.87,2356.75,160.37,504.68,42.94,2132.59,167.85,492.79,271.65,58.48,95.56,245.54,1817.03,3554.98,2.80,149.95,131.27,612.36,2.91,954.64,61.44,510.90
2026-04-10T18:10:00Z,58.29,2109.87,167.60,1033.96,56.38,1915.81,172.05,861.79,53.33,2357.45,160.44,503.74,42.72,2124.35,166.53,488.56,276.57,58.06,96.36,251.53,1826.80,3550.32,2.52,149.22,133.86,613.14,2.91,959.88,59.77,516.22
2026-04-10T18:20:00Z,58.29,2113.84,168.37,1026.23,56.51,1916.57,173.42,866.97,52.95,2378.65,161.05,487.98,42.85,2138.47,166.39,469.97,274.17,60.54,96.68,248.02,1815.20,3534.65,2.63,149.41,133.18,614.58,3.13,958.44,60.02,516.22
2026-04-10T18:30:00Z,58.12,2119.77,168.30,1016.06,56.30,1916.58,172.89,851.77,52.55,2385.17,160.03,471.52,42.97,2132.85,166.83,470.17,274.07,60.29,96.11,245.40,1820.30,3560.05,2.49,151.47,132.60,613.90,3.18,961.50,62.01,514.41
2026-04-10T18:40:00Z,58.54,2109.93,166.76,1012.09,56.37,1920.90,173.82,843.24,52.37,2389.33,160.49,477.54,42.68,2144.72,166.57,465.72,271.97,57.83,96.51,246.75,1818.30,3544.20,2.38,150.26,129.80,607.46,2.95,964.49,61.64,500.15
2026-04-10T18:50:00Z,58.14,2123.86,166.43,1014.24,56.45,1917.29,173.10,848.02,52.67,2378.00,160.22,477.09,42.28,2148.85,166.06,460.02,270.81,57.62,96.15,246.05,1816.21,3554.96,2.29,149.51,130.23,612.66,3.12,953.70,61.17,513.66
2026-04-10T19:00:00Z,57.79,2116.03,168.00,1030.05,56.86,1910.62,173.59,857.88,52.97,2381.97,160.86,465.99,42.31,2150.30,167.26,465.19,275.08,56.52,96.46,246.25,1823.18,3544.99,2.45,151.71,133.71,619.32,3.14,959.20,62.61,511.14
2026-04-10T19:10:00Z,58.19,2113.42,167.74,1024.29,56.92,1912.69,173.44,852.25,53.37,2365.23,161.53,487.06,42.15,2136.54,166.71,464.93,272.85,56.91,95.95,242.87,1822.04,3541.67,2.66,151.52,133.18,623.02,3.09,958.21,59.77,523.68
2026-04-10T19:20:00Z,57.99,2117.27,167.06,1009.36,,1893.40,173.16,870.40,53.70,2366.02,160.53,494.61,41.93,2155.75,166.84,457.33,267.93,54.80,96.39,240.78,1813.22,3541.83,2.44,149.02,128.38,605.20,3.04,959.11,59.75,504.82
2026-04-10T19:30:00Z,58.48,2117.49,166.58,1013.18,57.07,1897.36,172.69,867.78,53.33,2372.19,160.57,493.49,42.18,2161.16,167.08,450.99,267.66,54.74,96.11,239.73,1809.02,3565.45,2.58,149.72,128.58,613.54,2.97,957.55,61.52,502.07
2026-04-10T19:40:00Z,58.65,2109.83,166.83,1019.63,56.74,1902.84,172.86,866.68,53.22,2372.34,160.71,510.59,42.20,2167.07,166.24,444.14,270.97,56.83,95.18,245.89,1819.48,3547.71,2.61,151.18,132.64,619.27,3.45,957.91,61.12,511.14
2026-04-10T19:50:00Z,58.96,2107.02,167.60,1005.95,56.91,1894.62,172.53,857.89,53.15,2380.90,159.87,501.85,42.05,2168.82,166.64,449.65,261.50,56.67,96.04,236.42,1806.42,3552.69,2.47,149.81,124.82,604.72,3.41,958.02,60.48,504.87
2026-04-10T20:00:00Z,58.90,2114.93,166.71,1011.15,57.13,1887.98,173.27,863.68,53.29,2360.42,160.67,499.48,42.05,2155.36,166.33,438.90,262.63,57.88,96.27,237.11,1806.00,3557.23,2.39,152.36,127.09,599.34,2.71,952.94,59.43,498.35
2026-04-10T20:10:00Z,58.86,2112.52,166.93,1018.85,57.17,1897.18,174.38,886.29,52.97,2352.04,160.72,502.81,42.41,2146.22,166.80,459.14,269.80,57.69,95.01,241.06,1803.85,3548.34,2.64,150.17,132.42,616.35,2.91,961.36,59.89,515.98
2026-04-10T20:20:00Z,58.67,2116.63,167.25,1013.30,57.30,1893.11,174.40,885.67,52.86,2375.85,160.90,493.29,42.47,2137.50,166.77,462.50,271.75,58.40,95.75,242.56,1810.77,3547.01,2.51,148.21,130.59,607.10,3.08,958.91,60.88,499.33
2026-04-10T20:30:00Z,59.57,2098.49,168.17,1038.26,57.26,1894.30,173.80,892.88,52.73,2384.17,160.30,478.52,42.33,2142.71,166.41,471.03,274.49,60.00,95.96,247.84,1822.75,3550.29,2.45,150.81,128.87,619.38,3.07,962.62,60.34,515.40
2026-04-10T20:40:00Z,59.82,2080.97,167.63,1049.63,57.27,1879.57,173.15,892.31,53.27,2366.52,160.59,480.38,41.97,2153.20,166.02,445.01,269.24,59.02,95.84,241.71,1809.43,3557.43,2.75,150.18,127.97,604.61,2.91,953.72,59.14,501.70
2026-04-10T20:50:00Z,59.70,2088.29,167.71,1053.45,57.27,1886.72,173.94,902.23,53.21,2368.04,160.99,484.81,42.06,2150.76,166.12,451.87,269.90,59.83,96.14,243.56,1808.88,3544.31,2.27,151.07,131.14,607.13,2.99,961.93,58.62,504.87
2026-04-10T21:00:00Z,59.31,2082.80,167.69,1051.55,57.30,1885.99,173.96,889.33,53.20,2367.27,160.53,479.24,41.84,2148.01,165.93,439.14,273.03,60.11,96.66,246.20,1824.59,3563.92,2.48,150.77,132.81,614.37,2.66,960.39,59.82,513.55
2026-04-10T21:10:00Z,59.40,2084.29,167.95,1066.05,57.42,1887.14,173.41,890.34,53.25,2365.01,160.97,480.39,41.96,2150.87,165.94,440.43,268.77,58.61,96.39,243.49,1816.93,3568.67,2.76,150.42,127.92,611.73,3.16,959.42,60.25,503.51
2026-04-10T21:20:00Z,59.02,2086.91,167.80,1063.09,57.05,1886.24,173.88,883.42,53.52,2371.86,160.77,492.15,42.34,2152.71,165.87,447.01,273.18,59.19,97.08,247.16,1820.37,3550.21,2.70,150.84,128.70,609.92,2.84,952.27,60.65,513.58
2026-04-10T21:30:00Z,58.94,2092.75,167.80,1047.92,57.13,1901.04,173.28,880.00,53.38,2372.66,160.48,480.88,41.74,2150.97,166.38,447.13,269.35,58.22,96.49,244.08,1818.60,3543.43,2.43,150.40,128.69,609.43,3.07,960.15,61.46,502.14
2026-04-10T21:40:00Z,58.47,2105.93,167.83,1046.59,56.98,1904.42,173.42,885.71,53.40,2363.58,160.58,477.30,41.77,2149.89,166.46,445.54,266.24,55.59,96.13,242.01,1822.06,3534.93,2.46,149.80,128.24,612.66,3.20,961.05,60.67,513.46
2026-04-10T21:50:00Z,58.32,2117.03,168.11,1043.40,57.17,1890.22,173.98,894.08,53.33,2378.02,160.19,469.29,42.30,2152.19,166.04,441.86,267.11,57.00,95.43,238.26,1801.04,3545.07,2.74,149.83,127.43,612.33,3.05,953.66,61.51,520.12
2026-04-10T22:00:00Z,58.20,2117.68,167.89,1027.24,57.36,1891.02,174.03,894.20,53.44,2373.29,159.76,469.60,42.62,2147.82,166.19,444.18,271.07,54.53,95.99,245.43,1824.29,3562.04,2.76,149.84,131.87,620.62,2.98,954.78,61.50,513.82
2026-04-10T22:10:00Z,57.85,2117.45,167.74,1031.09,57.12,1893.05,173.85,890.24,53.85,2359.99,160.34,478.54,42.87,2135.97,166.66,462.60,272.80,55.13,96.99,244.37,1813.22,3560.42,2.68,150.89,130.52,619.27,3.11,958.27,60.09,517.19
2026-04-10T22:20:00Z,57.81,2126.17,167.16,1009.11,57.43,1890.43,173.39,887.16,54.19,2354.15,160.60,500.67,43.05,2131.22,167.23,470.90,269.07,58.63,96.40,239.16,1809.81,3543.85,2.38,150.37,130.05,607.24,2.81,954.18,59.08,501.47
2026-04-10T22:30:00Z,57.68,2126.55,166.63,998.05,57.46,1882.05,173.95,890.83,54.14,2344.59,160.61,532.37,42.84,2136.80,166.75,479.33,271.75,57.64,96.31,246.44,1813.57,3555.30,2.40,150.97,134.69,615.38,3.28,956.45,59.53,512.62
2026-04-10T22:40:00Z,57.53,2130.34,166.42,999.00,57.52,1880.57,174.11,901.60,54.14,2345.75,161.15,519.13,43.28,2134.27,167.33,477.32,273.96,55.97,96.80,247.83,1817.81,3540.96,2.87,150.79,131.77,616.12,3.12,965.68,58.73,509.92
2026-04-10T22:50:00Z,57.87,2129.82,166.84,1003.81,57.79,1881.77,173.82,904.24,54.00,2351.16,161.16,506.90,43.46,2117.39,167.08,497.90,275.22,57.51,95.94,250.97,1823.63,3539.04,2.56,149.89,132.63,615.62,2.91,966.96,59.89,508.86
2026-04-10T23:00:00Z,58.03,2142.10,166.41,1016.61,57.66,1887.82,174.11,897.26,54.14,2351.32,161.21,503.69,43.27,2127.33,167.50,504.36,272.57,58.05,96.84,245.39,1822.25,3553.16,2.45,149.29,131.04,612.82,3.42,960.03,60.06,507.96
2026-04-10T23:10:00Z,58.10,2140.89,165.99,986.01,57.23,1895.51,173.97,897.92,53.76,2350.23,160.52,501.23,43.34,2124.26,167.42,500.14,274.76,61.39,96.05,249.85,1821.01,3551.94,2.63,149.75,132.79,614.22,3.07,960.99,59.13,509.27
2026-04-10T23:20:00Z,58.18,2135.95,166.27,998.98,57.44,1896.17,173.73,896.91,53.93,2360.43,161.43,506.04,43.21,2109.73,166.85,498.11,272.92,60.76,96.44,246.30,1815.50,3543.74,2.54,148.99,132.69,613.02,3.19,958.23,60.47,513.07
2026-04-10T23:30:00Z,57.85,2131.93,167.66,1002.56,57.67,1892.01,173.19,877.21,54.30,2354.64,160.72,506.15,43.97,2096.17,166.92,508.03,274.64,58.79,96.30,248.88,1823.56,3560.94,2.29,147.99,130.53,610.78,3.06,957.29,60.13,510.26
2026-04-10T23:40:00Z,57.75,2136.89,167.26,996.17,57.21,1893.46,173.45,879.71,54.10,2352.30,161.31,500.67,44.06,2097.49,167.39,522.88,275.48,56.94,96.47,247.07,1819.96,3549.44,2.47,151.17,133.76,618.17,3.05,957.17,59.28,505.17
2026-04-10T23:50:00Z,57.95,2132.09,167.68,999.49,57.00,1893.77,174.12,892.63,53.79,2359.37,160.73,489.35,43.61,2108.49,166.83,513.37,271.64,60.45,96.79,241.15,1814.57,3535.79,2.50,150.49,131.94,621.11,3.12,964.51,59.99,517.27
2026-04-11T00:00:00Z,57.84,2135.23,167.42,1007.63,57.04,1904.68,173.85,886.07,54.20,2356.38,160.44,494.99,44.02,2094.86,167.41,510.95,272.40,58.64,96.71,244.17,1815.49,3550.38,2.49,150.11,131.19,617.14,2.90,958.48,59.95,516.78
2026-04-11T00:10:00Z,57.26,2134.85,167.69,996.30,56.97,1901.96,174.46,896.34,53.93,2355.96,160.55,492.92,43.99,2097.41,167.21,518.81,272.84,57.55,96.53,241.48,1814.21,3549.04,2.62,149.41,132.19,617.24,3.06,960.93,59.66,519.24
2026-04-11T00:20:00Z,57.08,2138.97,167.56,997.23,57.01,1890.51,173.27,881.54,54.17,2357.68,159.95,502.71,43.61,2110.58,167.98,521.60,275.98,60.34,96.80,247.14,1818.26,3557.70,2.58,149.12,134.41,615.35,3.29,959.44,61.02,513.95
2026-04-11T00:30:00Z,57.11,2139.99,166.76,996.22,56.90,1883.96,173.45,889.79,54.28,2349.57,159.97,500.18,43.59,2113.72,167.98,508.99,274.31,58.76,96.65,249.08,1818.67,3568.71,2.56,152.00,131.82,605.40,2.79,962.93,60.98,510.61
2026-04-11T00:40:00Z,57.37,2136.97,167.29,980.93,57.06,1888.48,173.62,897.55,54.12,2344.58,160.16,498.32,43.57,2115.81,167.27,505.37,273.87,59.01,96.59,245.06,1811.76,3544.60,2.40,150.29,131.42,609.48,2.99,955.38,61.21,513.50
2026-04-11T00:50:00Z,57.51,2129.32,166.65,997.18,57.18,1887.30,173.25,890.42,54.21,2338.92,160.36,510.56,43.34,2108.26,166.87,492.65,272.99,58.35,96.70,244.25,1822.29,3557.82,2.51,149.16,130.01,604.22,2.92,962.05,61.79,512.88
2026-04-11T01:00:00Z,57.46,2138.10,166.45,997.76,57.68,1897.51,173.81,894.12,53.74,2344.66,160.66,509.41,43.48,2107.45,167.69,514.18,273.10,60.42,96.00,244.96,1812.87,3553.64,2.57,149.65,131.63,610.45,2.78,956.61,60.31,504.10
2026-04-11T01:10:00Z,57.80,2135.71,166.95,989.55,57.74,1886.78,174.59,897.25,53.46,2362.14,161.78,505.22,43.18,2103.35,167.49,497.72,272.00,57.52,95.50,246.53,1814.10,3557.90,2.74,150.78,129.26,606.98,2.79,958.17,61.74,502.69
2026-04-11T01:20:00Z,57.46,2131.38,165.95,978.01,58.19,1872.41,175.03,899.43,53.42,2363.22,160.46,505.76,43.12,2116.73,167.47,506.64,264.02,57.36,96.20,241.70,1823.54,3537.13,2.43,149.87,128.64,608.93,2.81,960.88,61.06,507.56
2026-04-11T01:30:00Z,57.56,2141.55,166.12,980.91,58.19,1876.09,173.91,897.72,53.60,2359.96,159.79,502.43,43.44,2122.28,167.58,511.00,272.59,57.36,96.08,247.25,1823.28,3547.35,2.30,151.26,128.66,614.09,3.12,961.15,59.64,510.97
2026-04-11T01:40:00Z,57.83,2133.57,166.23,990.09,57.81,1865.44,174.14,911.27,53.91,2343.21,160.73,511.16,43.34,2129.61,167.35,502.94,272.78,57.84,95.88,247.17,1821.95,3549.85,2.49,149.92,130.02,616.28,2.92,957.91,59.29,511.79
2026-04-11T01:50:00Z,58.38,2132.93,167.13,1003.25,57.58,1863.92,173.64,902.32,53.94,2333.61,161.00,513.79,43.26,2122.19,167.34,491.35,273.36,56.92,95.68,245.47,1824.08,3553.60,2.40,151.37,131.64,612.54,2.82,959.78,59.35,526.86
2026-04-11T02:00:00Z,58.45,2118.81,166.85,1025.18,57.64,1875.04,174.30,903.65,53.62,2348.50,161.27,506.88,43.30,2126.28,167.88,494.99,272.35,58.05,96.21,245.30,1811.28,3559.54,2.66,151.29,129.44,609.71,3.22,947.40,60.00,507.35
2026-04-11T02:10:00Z,58.28,2119.83,167.59,1027.35,58.09,1862.86,174.06,913.34,53.69,2350.92,160.63,515.01,42.91,2128.96,167.33,489.89,269.58,58.35,96.09,243.68,1824.57,3546.09,2.40,151.43,133.14,613.86,3.07,960.92,58.33,522.12
2026-04-11T02:20:00Z,58.79,2107.18,167.54,1019.59,58.03,1870.77,174.04,914.84,53.89,2349.44,161.38,514.56,42.92,2125.61,167.13,456.76,273.29,60.13,95.66,246.55,1811.44,3554.98,2.43,151.01,134.28,618.08,2.89,954.15,59.97,508.66
2026-04-11T02:30:00Z,59.60,2090.21,167.83,1050.44,58.49,1855.41,173.88,921.07,54.06,2356.38,161.19,510.90,43.09,2113.71,167.21,492.11,272.84,61.86,96.07,243.66,1811.05,3557.25,2.53,148.09,131.57,613.04,2.87,956.72,60.39,525.12
2026-04-11T02:40:00Z,59.41,2087.22,168.30,1073.14,58.62,1841.32,174.24,926.08,53.85,2363.23,160.91,502.85,43.33,2114.43,167.86,504.87,271.31,61.16,96.06,246.97,1817.37,3554.19,2.56,149.94,131.87,616.61,3.12,953.11,59.34,519.85
2026-04-11T02:50:00Z,59.48,2098.63,168.82,1070.04,58.61,1851.82,174.17,936.47,53.77,2352.47,160.29,501.28,43.36,2115.15,166.82,488.10,273.82,61.13,96.26,244.60,1820.27,3564.63,2.73,150.98,128.52,615.35,2.78,959.83,60.23,503.31
2026-04-11T03:00:00Z,59.70,2094.08,168.70,1065.91,58.70,1849.82,173.94,928.04,53.93,2347.84,160.48,511.67,42.74,2118.96,167.10,487.33,279.10,63.53,95.75,252.79,1832.80,3540.30,2.38,149.61,131.31,609.29,2.96,965.45,61.59,512.88
2026-04-11T03:10:00Z,59.74,2093.32,168.43,1074.28,58.78,1860.23,174.92,927.78,53.24,2358.27,160.44,502.82,42.87,2104.78,167.27,496.59,277.15,65.09,96.79,250.87,1821.86,3544.18,2.51,150.71,132.71,609.65,2.64,954.68,61.80,508.11
2026-04-11T03:20:00Z,59.94,2082.21,168.47,1059.99,58.89,1846.69,174.67,935.51,52.80,2371.11,160.32,475.56,42.77,2131.59,166.80,482.30,270.81,61.98,96.67,244.34,1820.48,3533.09,2.44,148.03,129.26,608.57,3.17,961.73,60.18,496.82
2026-04-11T03:30:00Z,59.32,2091.85,168.42,1058.59,58.77,1843.29,174.63,944.56,53.28,2364.43,159.85,477.54,42.51,2139.09,166.74,,276.23,61.30,97.32,247.73,1819.67,3541.03,2.71,149.39,134.27,623.09,3.03,959.03,60.38,516.40
2026-04-11T03:40:00Z,59.30,2091.97,168.36,1045.42,58.71,1848.09,174.86,951.13,53.23,2366.91,160.45,470.91,42.60,2140.19,167.44,482.17,272.56,59.85,96.63,244.94,1822.93,3562.58,2.28,150.42,131.88,618.18,3.28,961.93,59.93,508.87
2026-04-11T03:50:00Z,59.09,2099.26,168.51,1047.98,58.93,1843.79,174.96,941.06,52.80,2378.56,160.46,461.06,42.51,2144.08,166.25,477.62,279.23,60.47,96.91,254.33,1835.14,3540.01,2.28,149.68,136.22,621.70,2.81,972.86,59.82,520.67
2026-04-11T04:00:00Z,58.87,2098.05,167.93,1048.31,59.00,1855.35,175.27,942.82,52.99,2376.74,159.60,460.92,42.44,2141.76,166.74,480.31,275.13,58.93,95.70,247.99,1818.63,3547.60,2.56,149.74,132.00,613.89,3.32,951.75,60.04,509.39
2026-04-11T04:10:00Z,58.79,2095.28,167.82,1037.00,58.73,1844.22,175.11,950.57,53.37,2377.44,159.48,468.34,42.61,2128.52,167.33,496.68,270.47,61.57,96.39,248.17,1816.77,3560.23,2.60,150.46,132.08,618.05,2.77,959.80,60.88,506.82
2026-04-11T04:20:00Z,58.95,2096.87,167.15,1022.31,58.67,1860.10,175.72,944.72,53.51,2360.89,159.79,472.48,43.12,2132.38,167.42,491.71,274.02,60.03,96.72,244.43,1818.40,3543.73,2.43,149.61,134.19,612.52,3.09,961.15,59.87,501.88
2026-04-11T04:30:00Z,59.28,2088.32,168.04,1034.81,58.40,1869.45,175.40,930.71,53.50,2364.73,159.78,470.94,43.24,2122.61,167.22,492.31,271.50,57.71,96.67,244.35,1819.90,3548.27,2.50,153.15,129.56,613.33,3.08,961.97,59.10,507.73
2026-04-11T04:40:00Z,59.80,2077.92,168.44,1055.75,58.66,1855.62,174.46,921.67,53.87,2355.96,159.50,491.88,43.33,2114.88,167.29,498.66,280.06,58.48,97.36,251.07,1821.26,3547.71,2.68,150.22,134.22,610.26,3.08,961.17,59.94,511.87
2026-04-11T04:50:00Z,59.57,2089.62,168.20,1056.06,58.52,1856.66,174.45,931.37,54.18,2344.80,159.24,513.13,43.12,2121.41,166.81,484.43,281.37,61.16,96.93,251.72,1818.70,3545.27,2.55,149.87,133.11,615.81,3.15,953.22,59.57,510.80
2026-04-11T05:00:00Z,59.77,2086.92,168.16,1058.36,58.15,1873.38,174.85,913.85,54.54,2334.32,160.38,514.21,43.08,2118.01,167.02,471.58,278.94,59.80,96.50,253.35,1829.62,3542.39,2.62,150.12,134.77,626.25,3.25,961.40,60.68,516.37
2026-04-11T05:10:00Z,59.61,2073.51,168.45,1078.44,58.13,1876.12,174.41,919.73,54.51,2330.61,160.89,511.21,42.88,2120.56,166.97,474.48,270.78,60.13,96.18,244.35,1823.85,3542.00,2.61,149.55,132.56,614.73,3.43,961.66,60.90,505.82
2026-04-11T05:20:00Z,59.16,2086.15,168.08,1063.89,57.73,1885.25,174.77,910.87,54.45,2322.07,160.73,520.03,43.24,2120.66,167.58,477.70,272.05,59.46,96.08,248.08,1820.36,3539.42,2.37,149.47,130.62,610.26,2.78,959.24,61.26,509.97
2026-04-11T05:30:00Z,59.55,2083.90,168.36,1073.79,57.87,1875.55,174.98,916.73,54.02,2327.94,160.94,520.75,43.41,2111.31,168.53,495.45,274.79,58.63,96.91,247.12,1821.55,3563.14,2.75,151.50,130.71,614.97,3.27,959.52,60.46,511.72
2026-04-11T05:40:00Z,59.54,2078.88,168.42,1075.00,57.63,1883.67,174.27,909.42,53.87,2345.77,160.89,525.07,43.66,2109.12,167.85,494.54,275.78,61.12,97.46,250.19,1821.74,3553.89,2.33,150.67,133.47,618.43,3.20,966.28,60.11,517.29
2026-04-11T05:50:00Z,59.63,2084.60,168.01,1066.64,57.40,1884.88,173.59,883.19,54.22,2343.05,160.55,516.38,43.90,2112.73,168.17,508.25,274.82,61.12,97.88,245.98,1816.13,3544.57,2.47,148.37,131.44,613.68,2.94,959.94,61.07,520.57
2026-04-11T06:00:00Z,59.57,2094.64,168.26,1049.50,57.48,1887.58,173.62,875.20,54.41,2341.20,161.25,523.85,44.07,2093.25,168.90,528.63,275.56,63.65,97.38,247.58,1815.08,3543.42,2.84,150.70,133.26,613.80,2.80,962.23,62.81,505.21
2026-04-11T06:10:00Z,59.35,2093.38,168.16,1062.87,57.51,1887.36,173.37,881.78,54.64,2334.21,161.18,523.22,44.00,2086.91,168.18,529.47,272.79,60.40,97.29,245.87,1826.03,3547.93,2.68,149.89,132.51,607.91,2.62,963.74,60.53,501.91
2026-04-11T06:20:00Z,59.12,2103.88,168.18,1063.93,57.91,1884.82,173.07,883.06,54.66,2333.13,162.08,526.35,43.89,2087.25,168.00,523.16,275.74,61.80,96.51,246.45,1819.14,3543.55,2.60,149.61,129.93,614.45,3.32,964.22,60.52,519.62
2026-04-11T06:30:00Z,58.65,2111.40,168.49,1047.76,57.74,1879.00,173.01,874.21,54.57,2344.56,162.00,521.79,43.87,2100.38,167.84,527.33,277.05,61.49,97.32,250.10,1820.81,3556.91,2.59,150.54,135.27,615.05,2.95,956.82,60.69,516.83
2026-04-11T06:40:00Z,58.45,2102.32,168.28,1042.21,57.88,1884.09,173.41,887.23,54.63,2341.42,161.04,521.58,43.81,2109.11,167.85,522.18,280.19,61.48,,252.67,1826.16,3553.25,2.59,150.65,135.71,622.28,3.19,965.34,60.55,516.66
2026-04-11T06:50:00Z,58.34,2106.02,167.88,1038.89,57.57,1880.34,173.30,894.56,55.02,2326.78,160.98,527.64,44.19,2085.65,167.74,543.06,277.87,59.76,96.87,248.52,1823.07,3553.12,2.60,150.37,134.07,612.18,2.94,964.75,59.92,514.82
2026-04-11T07:00:00Z,58.55,2105.10,167.54,1024.98,57.48,1886.79,173.81,897.79,54.92,2327.91,161.13,541.61,44.03,2101.56,167.73,533.62,276.15,60.21,96.52,248.32,1813.48,3557.38,2.55,148.36,135.67,613.79,3.10,957.66,61.49,520.45
2026-04-11T07:10:00Z,58.19,2116.66,166.34,1013.65,57.65,1881.73,173.98,888.52,54.97,2328.64,161.60,539.62,44.00,2104.57,167.77,521.86,270.09,58.52,96.95,243.04,1811.76,3536.01,2.54,149.67,128.57,612.86,3.06,948.55,60.99,509.50
2026-04-11T07:20:00Z,58.15,2120.70,166.71,1007.04,57.85,1873.78,174.09,897.91,54.68,2334.14,161.32,538.72,43.61,2108.10,167.92,511.25,279.93,58.82,97.56,250.85,1829.29,3552.58,2.66,149.92,135.23,616.75,3.24,961.94,61.48,501.40
2026-04-11T07:30:00Z,57.86,2130.07,167.15,992.55,58.01,1870.09,174.00,897.93,54.42,2337.80,161.78,532.21,42.94,2105.55,167.30,485.46,277.53,58.80,97.28,252.25,1828.28,3561.88,2.56,149.90,134.69,613.26,3.05,968.04,62.48,515.01
2026-04-11T07:40:00Z,58.14,2123.85,167.31,1007.60,57.62,1879.85,174.27,907.56,53.73,2354.10,161.36,524.44,42.75,2118.13,166.65,483.50,272.29,59.67,96.54,245.95,1819.19,3554.54,2.88,150.74,131.02,617.39,2.71,952.05,61.89,522.03
2026-04-11T07:50:00Z,58.25,2126.27,167.67,1013.92,57.44,1889.04,173.06,899.96,53.31,2364.57,161.43,510.84,42.40,2136.42,166.95,471.59,275.47,59.61,95.78,250.09,1825.66,3556.75,2.59,150.07,133.67,612.71,2.89,962.15,61.30,512.49
2026-04-11T08:00:00Z,58.12,2126.65,167.55,1010.50,57.12,1897.08,172.89,896.12,53.21,2372.77,161.39,489.93,42.44,2132.99,167.10,464.81,273.14,60.48,95.60,244.41,1824.88,3549.44,2.37,151.44,132.40,614.63,2.97,970.85,59.51,505.12
2026-04-11T08:10:00Z,58.26,2110.99,168.10,1013.60,56.84,1898.31,173.05,898.62,53.00,2372.74,160.78,482.94,42.04,2144.95,166.33,461.38,272.41,57.98,96.64,246.78,1828.24,3552.09,2.76,149.87,131.12,617.75,3.46,965.09,58.75,520.08
2026-04-11T08:20:00Z,58.51,2106.93,167.23,1018.74,57.08,1907.08,172.54,884.34,53.45,2359.86,160.48,492.61,42.12,2153.63,166.54,462.06,268.46,59.32,95.98,242.87,1814.72,3543.41,2.52,149.99,130.23,614.44,2.93,962.37,60.07,524.45
2026-04-11T08:30:00Z,58.40,2113.75,167.44,1014.13,57.04,1912.68,173.53,889.63,53.77,2360.97,160.42,486.39,42.46,2143.56,166.59,467.33,268.35,59.24,96.63,238.80,1825.17,3543.81,2.46,150.20,126.77,616.62,2.86,966.34,59.17,509.09
2026-04-11T08:40:00Z,58.47,2111.42,167.87,1030.12,57.15,1910.77,173.42,877.59,53.63,2358.79,161.16,482.03,42.54,2133.61,166.60,455.09,272.35,57.54,96.05,242.64,1816.96,3546.96,2.52,149.60,131.53,612.69,2.74,949.94,59.55,513.62
2026-04-11T08:50:00Z,58.80,2111.35,167.30,1038.38,57.02,1909.53,174.08,873.27,53.83,2354.37,160.50,496.95,42.73,2135.41,166.42,458.09,269.24,59.79,97.43,243.06,1812.17,3556.50,2.60,150.68,128.51,608.93,2.94,954.81,60.53,503.22
2026-04-11T09:00:00Z,58.55,2111.71,167.53,1036.19,57.20,1898.97,173.44,873.97,53.90,2345.53,160.86,504.68,42.96,2140.57,165.79,453.05,268.67,58.93,97.52,243.04,1819.18,3548.74,2.53,148.28,127.35,608.72,2.82,966.30,60.93,505.53
2026-04-11T09:10:00Z,58.50,2110.45,167.45,1039.63,57.16,1891.91,173.13,879.21,54.41,2337.49,161.59,512.44,43.27,2127.63,166.05,476.57,272.94,59.80,96.81,248.45,1821.11,3548.85,2.43,150.73,132.54,610.82,3.18,960.03,61.27,512.52
2026-04-11T09:20:00Z,58.57,2116.32,167.19,1042.19,56.83,1892.51,173.16,868.65,54.51,2328.21,160.57,513.32,43.40,2110.64,166.66,501.54,273.26,59.69,96.47,245.29,1815.54,3554.03,2.56,152.05,131.36,616.84,2.98,963.57,61.77,516.86
2026-04-11T09:30:00Z,58.43,2109.80,167.24,1037.24,56.87,1891.27,173.13,873.32,54.72,2332.69,160.62,525.10,43.43,2109.85,166.49,500.28,273.39,59.07,96.57,246.93,1817.08,3554.38,2.61,150.14,130.51,606.73,3.04,966.85,61.46,500.96
2026-04-11T09:40:00Z,58.47,2098.43,166.69,1026.10,56.97,1896.72,173.12,875.59,54.90,2323.85,161.52,540.24,43.21,2109.88,167.10,499.09,276.90,60.27,95.64,252.92,1825.98,3549.06,2.52,150.54,134.23,614.18,2.74,967.22,60.95,515.92
2026-04-11T09:50:00Z,58.21,2109.97,167.04,1024.07,57.25,1890.05,173.70,873.29,55.52,2321.32,161.37,540.70,42.93,2115.45,167.32,490.96,280.95,58.94,95.87,248.21,1822.41,3540.39,2.57,148.50,134.26,616.82,3.16,960.39,59.38,500.60
2026-04-11T10:00:00Z,58.25,2115.61,167.28,1014.00,57.50,1889.28,173.24,880.81,55.18,2321.04,160.78,533.66,42.59,2140.85,167.30,488.13,276.11,61.80,96.06,247.85,1818.51,3537.46,2.54,151.42,134.02,615.16,2.87,957.39,60.18,512.36
2026-04-11T10:10:00Z,58.16,2117.70,167.18,1000.38,57.30,1891.76,172.73,887.69,55.12,2314.82,161.41,548.64,42.49,2142.71,167.23,473.47,269.86,60.70,96.33,241.35,1820.50,3558.11,2.53,149.79,132.28,612.96,3.45,959.97,60.69,507.79
2026-04-11T10:20:00Z,58.07,2118.33,167.36,1015.33,57.52,1896.00,172.71,881.94,55.08,2312.79,161.20,549.35,42.50,2143.14,166.83,481.05,270.15,61.82,97.33,242.09,1819.66,3545.63,2.26,149.50,129.29,609.00,3.03,954.97,60.20,502.39
2026-04-11T10:30:00Z,57.89,2122.14,167.20,1016.50,57.54,1889.23,172.79,886.45,54.85,2316.30,162.48,548.10,42.30,2140.99,166.92,469.17,278.47,60.55,97.59,249.33,1824.59,3538.43,2.61,150.61,131.80,615.93,2.57,958.42,60.27,512.47
2026-04-11T10:40:00Z,57.91,2127.94,167.58,1001.93,57.28,1886.60,173.55,890.19,54.77,2330.22,161.56,544.66,42.29,2158.35,167.49,456.29,276.76,58.67,97.25,248.69,1820.69,3557.97,2.67,149.98,133.81,617.06,2.77,956.82,62.39,503.73
2026-04-11T10:50:00Z,58.31,2119.31,167.14,1018.91,57.25,1891.93,173.23,902.72,54.76,2322.47,161.73,547.34,42.08,2161.65,166.68,449.62,276.09,60.90,97.05,249.93,1832.76,3557.58,2.60,151.69,130.65,619.89,3.30,966.08,62.42,526.31
2026-04-11T11:00:00Z,58.18,2119.14,167.83,1015.97,57.41,1896.63,173.41,894.09,54.37,2319.39,161.54,551.66,42.22,2151.16,166.25,441.53,273.94,59.15,96.96,244.68,1821.74,3547.29,2.46,151.45,133.12,610.72,3.36,961.78,62.08,511.52
2026-04-11T11:10:00Z,57.92,2118.84,166.95,1010.93,57.47,1894.30,173.17,888.77,54.75,2322.76,162.61,561.11,42.54,2126.81,166.99,465.72,271.36,59.37,97.03,243.41,1819.28,3552.09,2.54,148.93,130.55,617.52,2.96,958.75,61.41,512.54
2026-04-11T11:20:00Z,57.81,2122.54,167.19,1017.31,57.47,1901.15,173.49,876.54,54.88,2318.26,162.44,563.67,42.08,2147.17,166.53,461.17,270.63,58.42,96.95,245.23,1824.16,3548.39,2.45,151.72,131.06,609.56,2.65,961.92,61.78,508.46
2026-04-11T11:30:00Z,58.02,2122.37,167.06,1019.24,57.48,1893.78,173.78,885.26,54.26,2321.81,160.86,542.33,42.17,2137.04,166.72,470.06,273.24,60.52,96.54,245.74,1818.86,3548.69,2.34,149.86,131.64,618.31,2.94,959.28,60.49,511.24
2026-04-11T11:40:00Z,58.15,2117.03,167.08,1000.21,57.61,1892.48,173.61,871.94,54.55,2333.34,161.28,548.64,42.13,2143.70,166.37,455.43,269.84,59.91,97.07,245.37,1812.77,3548.79,2.59,149.16,130.79,614.49,3.12,955.06,59.73,514.77
2026-04-11T11:50:00Z,58.45,2114.79,167.07,999.79,57.62,1885.61,173.35,879.09,54.77,2327.55,161.53,534.12,42.00,2147.70,166.26,457.93,267.63,57.87,96.93,239.88,1815.83,3551.98,2.53,150.85,129.52,610.29,2.87,954.57,58.90,516.77
2026-04-11T12:00:00Z,58.55,2114.58,167.50,1002.44,,1886.31,174.76,903.97,55.82,2322.87,161.83,550.10,41.94,2147.87,166.61,451.76,271.52,57.49,96.86,242.74,1814.14,3559.83,2.66,149.54,129.95,609.77,2.88,955.83,58.61,512.85
2026-04-11T12:10:00Z,58.64,2110.05,167.85,1022.73,57.60,1891.77,174.53,912.26,55.69,2312.98,161.92,555.07,42.27,2153.69,166.15,453.83,272.88,58.34,96.41,245.17,1818.08,3540.20,2.34,150.28,130.01,613.60,2.91,966.97,60.84,517.63
2026-04-11T12:20:00Z,58.35,2114.62,167.95,1040.80,57.80,1884.18,174.08,904.93,55.39,2313.77,161.31,556.16,42.73,2146.04,166.61,458.64,276.84,60.05,96.54,247.30,1822.12,3562.61,2.23,150.66,133.43,608.39,3.08,958.59,61.44,502.01
2026-04-11T12:30:00Z,57.88,2122.61,168.10,1017.46,57.93,1868.85,174.39,917.70,55.93,2302.79,161.32,570.28,42.79,2131.32,167.64,461.57,271.13,59.91,96.48,243.23,1820.07,3545.78,2.68,150.04,130.42,615.12,3.15,957.72,60.11,511.31
2026-04-11T12:40:00Z,58.31,2125.48,167.73,999.49,58.15,1866.62,175.01,935.13,56.23,2285.97,162.24,587.35,43.11,2131.26,167.49,452.99,278.14,61.04,95.98,251.44,1833.60,3559.46,2.45,151.87,131.69,615.46,3.12,972.88,60.73,500.36
2026-04-11T12:50:00Z,58.28,2124.77,167.39,1002.26,58.02,1858.54,174.09,933.10,56.16,2299.63,162.31,588.87,43.05,2123.49,167.27,475.58,274.27,62.11,96.04,250.84,1825.28,3559.20,2.58,149.81,133.19,615.17,2.87,958.83,61.97,517.42
2026-04-11T13:00:00Z,58.49,2121.13,167.21,1013.78,58.09,1863.98,173.95,937.30,56.12,2298.07,162.42,580.08,43.14,2121.44,167.32,492.09,274.66,61.73,95.92,249.84,1824.92,3546.70,2.64,150.65,133.83,616.11,2.89,960.05,58.88,505.96
2026-04-11T13:10:00Z,58.75,2117.61,167.96,1023.17,58.14,1866.32,173.73,918.72,56.05,2305.13,162.04,583.87,43.55,2126.37,168.18,506.69,279.15,61.02,95.55,251.13,1824.00,3555.31,2.72,151.45,133.41,612.03,3.62,969.14,59.31,519.75
2026-04-11T13:20:00Z,58.36,2105.89,167.95,1011.42,57.99,1862.84,174.36,925.29,56.04,2297.04,161.82,581.79,43.08,2131.65,167.48,497.69,274.07,60.77,96.02,244.42,1812.86,3545.51,2.44,151.68,132.12,615.55,2.47,953.93,60.74,509.12
2026-04-11T13:30:00Z,57.99,2115.89,168.07,1016.76,58.09,1868.55,174.37,924.27,55.84,2305.12,162.18,571.11,43.15,2124.92,167.14,481.50,276.69,60.57,96.18,247.48,1813.22,3549.79,2.47,150.70,134.64,619.91,3.02,961.60,60.52,523.10
2026-04-11T13:40:00Z,58.20,2124.97,167.65,1011.02,58.25,1864.59,174.37,916.83,55.45,2310.64,161.89,558.53,42.88,2127.95,166.96,486.85,273.56,60.48,97.59,248.82,1828.71,3552.16,2.55,151.81,135.10,618.53,3.40,964.34,60.80,515.07
2026-04-11T13:50:00Z,58.25,2116.20,167.23,1016.83,58.36,1863.06,174.17,926.50,55.58,2297.19,162.40,550.14,42.50,2130.91,166.65,476.21,272.38,60.46,96.44,243.11,1807.51,3552.35,2.68,148.10,129.58,617.94,3.00,953.14,60.30,520.37
2026-04-11T14:00:00Z,58.37,2119.59,167.48,1015.82,58.78,1851.83,174.91,949.20,55.17,2315.97,161.72,555.22,42.32,2149.49,166.95,468.05,275.11,61.01,96.69,246.26,1819.83,3554.17,2.55,148.61,134.15,617.07,3.19,960.72,58.99,512.16
2026-04-11T14:10:00Z,58.73,2104.68,168.26,1024.72,58.53,1853.72,175.18,945.81,54.86,2334.59,161.61,542.23,42.06,2150.61,166.56,457.71,279.64,61.37,97.16,251.83,1818.51,3551.08,2.43,149.74,132.88,614.14,2.89,956.07,59.25,512.28
2026-04-11T14:20:00Z,58.82,2098.03,167.79,1023.47,58.27,1845.19,175.51,941.22,54.93,2328.40,161.57,540.14,41.94,2145.94,166.80,473.14,282.58,60.23,97.61,252.06,1828.23,3551.15,2.27,151.87,137.04,620.20,3.27,965.40,58.45,510.78
2026-04-11T14:30:00Z,58.90,2096.80,167.92,1032.99,58.70,1847.21,175.21,946.54,54.32,2335.89,161.28,533.11,42.07,2155.25,166.12,464.04,273.05,61.12,96.96,244.75,1814.78,3554.02,2.34,152.20,130.71,610.48,2.83,957.76,59.19,512.20
2026-04-11T14:40:00Z,59.10,2092.38,167.37,1040.21,59.04,1850.11,174.20,940.93,54.40,2330.96,161.56,529.57,41.62,2162.21,165.94,436.35,275.03,59.63,97.08,246.61,1824.65,3548.13,2.51,149.69,134.20,615.54,3.22,954.02,59.71,519.02
2026-04-11T14:50:00Z,59.01,2104.50,166.77,1054.89,58.61,1856.09,174.80,937.24,54.59,2320.91,161.21,531.78,41.65,2167.03,165.80,438.96,278.77,60.11,96.80,252.15,1822.52,3551.93,2.57,149.73,134.97,616.30,2.88,963.74,58.59,511.39
2026-04-11T15:00:00Z,59.15,2097.18,168.13,1039.49,58.73,1862.07,173.96,934.63,54.66,2334.29,161.43,533.22,41.82,2159.75,166.18,450.95,273.88,59.21,96.53,242.41,1810.83,3550.34,2.56,149.56,131.66,615.09,2.95,960.52,60.36,510.29
2026-04-11T15:10:00Z,59.43,2095.81,168.07,1049.54,58.73,1851.12,174.40,946.48,54.62,2335.20,161.58,527.20,41.58,2166.24,166.64,447.42,278.97,59.96,97.08,250.53,1826.53,3538.61,2.67,149.94,136.41,622.39,3.14,965.39,60.29,518.23
2026-04-11T15:20:00Z,59.29,2107.20,167.67,1055.62,58.74,1855.48,174.22,932.36,54.82,2334.97,161.01,529.20,41.79,2152.91,166.59,442.42,274.84,61.93,96.46,250.19,1813.68,3551.25,2.84,150.27,133.20,614.70,3.03,957.57,60.51,507.06
2026-04-11T15:30:00Z,59.51,2091.87,168.28,1047.70,58.60,1854.98,174.70,930.95,54.54,2330.96,161.28,525.43,41.59,2155.00,166.19,446.52,276.01,62.63,96.40,250.50,1828.25,3556.96,2.34,150.35,136.22,624.23,2.92,966.83,61.38,522.42
2026-04-11T15:40:00Z,59.50,2070.20,168.84,1056.67,58.83,1864.65,174.96,946.53,54.65,2323.31,160.64,532.14,41.43,2157.66,167.01,444.37,280.93,61.20,96.36,250.72,1815.97,3532.84,2.58,150.88,134.34,615.65,2.91,958.50,61.27,500.95
2026-04-11T15:50:00Z,59.34,2078.73,168.60,1059.13,58.88,1860.04,173.85,943.74,54.59,2332.85,160.82,513.43,41.46,2167.76,166.75,438.79,277.70,58.65,95.92,250.65,1817.95,3555.21,2.12,151.92,135.77,614.04,3.13,955.83,63.16,523.33
2026-04-11T16:00:00Z,59.35,2090.64,168.18,1047.87,58.25,1868.92,173.93,916.31,54.68,2317.89,162.05,531.81,41.33,2158.69,166.75,437.82,273.84,56.88,96.21,244.19,1815.24,3553.66,2.86,150.88,133.72,618.88,2.93,962.98,61.81,517.73
2026-04-11T16:10:00Z,59.46,2083.55,168.42,1049.04,58.00,1874.70,174.50,912.69,54.61,2322.61,161.65,536.83,41.31,2168.40,166.15,423.94,274.45,56.73,96.10,246.88,1812.32,3562.25,2.94,149.89,132.78,612.07,3.12,950.24,60.48,510.36
2026-04-11T16:20:00Z,59.74,2078.84,168.21,1056.90,58.28,1871.88,174.35,919.69,54.73,2325.82,161.50,549.08,41.35,2174.62,165.53,430.93,276.95,59.10,95.53,246.90,1816.43,3551.55,2.39,149.69,134.90,618.30,3.25,962.88,60.40,509.62
2026-04-11T16:30:00Z,59.67,2089.76,168.96,1066.15,58.48,1859.21,174.29,933.80,55.22,2325.36,161.38,554.26,41.75,2159.61,166.05,441.44,276.57,60.50,96.89,251.13,1830.41,3549.65,2.58,150.96,131.79,613.42,2.94,964.52,60.35,511.66
2026-04-11T16:40:00Z,59.74,2093.31,168.67,1071.96,58.11,1870.22,174.16,922.06,55.39,2311.80,161.28,548.45,41.76,2153.68,166.48,448.42,276.31,58.83,97.69,243.90,1823.35,3533.49,2.48,151.33,132.15,615.86,3.10,956.51,60.19,509.74
2026-04-11T16:50:00Z,59.75,2089.22,169.33,1070.57,57.97,1863.67,173.79,916.52,55.00,2316.09,161.61,545.01,41.88,2161.11,165.70,445.54,279.98,60.07,97.61,253.33,1828.67,3549.09,2.57,150.85,137.20,617.71,3.26,959.38,61.09,520.29
2026-04-11T17:00:00Z,59.98,2082.43,168.96,1063.19,58.12,1878.70,174.51,917.66,55.32,2315.36,162.00,553.43,41.74,2168.86,165.62,452.47,281.33,58.58,97.36,254.42,1836.51,3551.52,2.69,151.51,137.29,617.95,2.71,969.61,60.62,518.22
2026-04-11T17:10:00Z,59.91,2075.48,168.87,1079.43,57.80,1872.64,173.62,891.62,55.38,2315.35,161.94,550.93,42.07,2152.54,165.88,448.20,283.79,62.68,95.92,256.09,1827.96,3536.37,2.62,148.69,135.69,615.82,3.01,965.71,60.97,508.56
2026-04-11T17:20:00Z,59.77,2069.94,168.88,1074.58,57.29,1888.92,173.46,887.13,55.65,2312.99,162.29,553.28,42.35,2151.34,166.22,448.25,277.61,62.66,96.66,248.71,1817.68,3541.30,2.79,149.70,,614.68,3.15,957.35,60.64,508.41
2026-04-11T17:30:00Z,59.51,2077.42,168.41,1055.01,57.61,1892.09,174.48,900.85,55.37,2304.94,162.49,570.10,42.40,2155.50,166.81,462.82,275.55,64.38,96.56,249.57,1820.23,3562.44,2.63,149.85,130.97,612.27,3.53,951.75,60.94,505.18
2026-04-11T17:40:00Z,59.68,2088.39,167.78,1064.83,57.13,1891.75,174.85,886.97,55.21,2316.24,161.77,565.13,41.93,2155.34,167.08,456.05,283.65,64.21,96.15,257.88,1828.78,3552.73,2.49,150.13,134.44,615.41,2.85,964.22,60.15,516.95
2026-04-11T17:50:00Z,59.48,2083.17,168.32,1070.07,56.97,1899.99,174.40,887.57,54.79,2319.38,161.35,555.99,41.90,2142.94,166.26,439.56,273.99,63.50,96.58,244.61,1807.52,3541.64,2.59,147.41,131.01,617.30,2.88,957.79,61.16,517.42
2026-04-11T18:00:00Z,59.41,2090.53,167.94,1048.40,56.92,1904.26,173.88,873.79,54.52,2323.51,161.95,540.81,42.08,2141.82,166.89,450.15,267.95,61.79,96.41,239.02,1813.11,3533.13,2.60,151.03,129.05,613.45,3.29,957.22,61.35,505.46
2026-04-11T18:10:00Z,59.30,2100.57,167.60,1046.17,57.04,1879.18,173.85,870.80,54.60,2322.65,160.97,553.33,42.58,2141.80,166.41,448.68,271.07,59.07,96.84,243.94,1817.04,3548.85,2.61,150.66,131.28,617.34,2.98,962.23,60.65,517.14
2026-04-11T18:20:00Z,59.51,2102.12,167.10,1041.63,57.01,1890.19,173.71,874.42,54.41,2330.34,161.18,547.76,42.37,2138.17,166.37,474.20,271.81,61.51,96.24,243.47,1821.66,3551.11,2.57,150.85,134.42,614.72,2.81,964.00,60.59,520.28
2026-04-11T18:30:00Z,59.09,2098.67,168.26,1039.85,57.14,1886.10,173.67,886.21,54.46,2333.85,160.98,536.75,42.16,2142.35,166.92,453.24,271.62,60.99,95.88,249.35,1816.02,3547.33,2.48,150.35,130.65,604.77,3.22,954.17,60.42,489.10
2026-04-11T18:40:00Z,58.98,2095.80,168.43,1047.50,56.93,1902.63,173.78,892.21,54.78,2343.95,161.57,535.82,42.27,2134.57,166.80,455.36,276.72,62.11,96.43,249.21,1831.00,3558.12,2.67,150.63,133.39,621.53,3.08,969.77,58.66,515.27
2026-04-11T18:50:00Z,59.18,2087.29,167.91,1048.34,56.73,1914.58,174.27,877.77,54.66,2338.46,161.49,537.87,42.27,2152.10,166.85,452.06,275.99,61.72,97.15,250.22,1822.73,3548.79,2.53,150.41,132.23,610.13,3.05,958.37,59.79,525.03
2026-04-11T19:00:00Z,59.39,2092.17,168.27,1062.09,56.42,1916.75,174.26,859.79,54.89,2325.47,160.91,527.43,42.32,2149.19,165.55,459.39,277.14,59.56,96.83,249.32,1823.20,3560.72,2.30,151.30,132.53,617.68,3.20,958.11,60.07,520.04
2026-04-11T19:10:00Z,59.11,2098.21,168.78,1060.10,56.49,1914.43,173.26,856.08,55.43,2323.74,161.29,555.36,42.03,2152.38,166.24,460.19,272.23,59.96,97.07,241.42,1819.06,3564.06,2.51,151.18,128.83,608.08,2.84,964.31,59.71,500.54
2026-04-11T19:20:00Z,59.14,2100.25,168.25,1040.34,56.72,1906.21,173.65,864.23,55.40,2315.19,161.02,551.37,41.91,2141.54,165.91,452.52,270.89,60.00,97.25,245.62,1821.42,3544.63,2.66,150.10,129.90,619.85,2.91,957.37,59.88,519.62
2026-04-11T19:30:00Z,59.30,2096.25,167.91,1030.67,56.98,1908.32,174.01,860.76,55.13,2323.03,161.66,556.59,41.87,2148.91,166.23,446.84,273.94,60.03,96.25,248.16,1813.79,3546.93,2.45,151.08,130.77,613.56,2.94,951.41,59.33,512.14
2026-04-11T19:40:00Z,59.12,2093.30,167.77,1054.29,56.76,1904.01,174.35,862.81,55.01,2318.28,161.27,551.07,41.96,2149.43,165.98,450.61,267.67,60.12,96.02,243.37,1811.66,3543.09,2.67,152.45,129.32,603.49,3.11,953.26,59.96,507.19
2026-04-11T19:50:00Z,59.07,2090.69,167.48,1036.73,56.72,1896.90,173.57,867.12,54.83,2328.09,161.06,552.83,42.31,2146.09,166.12,450.07,272.95,60.15,96.16,246.89,1819.67,3557.14,2.44,149.64,132.37,602.70,3.66,959.01,59.02,496.31
2026-04-11T20:00:00Z,59.36,2078.03,167.87,1045.25,56.99,1898.26,173.83,870.06,54.64,2331.46,160.88,559.83,41.98,2162.63,166.53,449.01,277.63,60.34,96.53,250.08,1810.95,3556.25,2.68,149.35,135.74,624.85,2.86,949.61,59.93,523.14
2026-04-11T20:10:00Z,58.91,2089.79,168.02,1048.88,56.92,1901.87,173.44,879.52,54.78,2324.50,160.97,541.30,42.10,2160.87,166.44,452.92,273.39,60.02,96.54,247.62,1811.64,3549.55,2.52,150.78,132.47,618.84,2.99,957.13,59.84,513.50
2026-04-11T20:20:00Z,58.89,2090.18,168.01,1065.12,56.91,1897.48,173.50,889.78,54.38,2338.06,160.84,522.83,42.05,2160.63,167.04,441.04,274.41,60.43,96.40,247.03,1826.94,3546.53,2.44,150.07,133.89,617.70,2.97,961.26,59.96,501.73
2026-04-11T20:30:00Z,58.79,2104.70,168.33,1044.86,56.82,1906.03,173.94,883.99,54.84,2328.94,160.28,535.98,42.21,2153.16,167.23,455.70,274.25,59.12,96.82,246.51,1813.64,3552.85,2.62,150.60,134.88,623.48,2.89,956.46,59.64,521.51
2026-04-11T20:40:00Z,58.57,2107.24,167.52,1035.24,56.99,1903.04,174.53,891.33,54.65,2338.18,160.60,527.67,42.59,2135.64,166.70,471.13,271.43,58.44,95.70,245.02,1818.96,3545.89,2.55,150.24,130.56,621.03,2.81,958.64,61.75,520.98
2026-04-11T20:50:00Z,58.78,2104.72,166.97,1029.83,56.24,1913.24,174.66,873.79,54.29,2349.94,160.09,512.56,42.68,2138.48,166.32,476.36,274.18,58.08,95.58,253.25,1817.30,3539.80,2.51,148.56,131.74,621.13,2.85,958.83,60.42,512.32
2026-04-11T21:00:00Z,58.88,2106.65,167.38,1022.43,56.30,1909.32,175.07,879.56,54.24,2331.89,160.35,508.94,42.93,2124.06,167.05,482.61,275.95,58.63,96.40,249.52,1817.82,3567.90,2.58,148.74,133.61,614.40,3.19,960.78,60.19,513.68
2026-04-11T21:10:00Z,59.24,2096.54,167.21,1034.13,56.62,1913.28,174.56,855.20,54.66,2330.67,160.39,516.59,42.71,2123.14,167.13,495.56,269.56,57.07,96.00,242.65,1819.91,3538.58,2.48,149.45,131.53,618.95,3.16,965.40,61.14,518.17
2026-04-11T21:20:00Z,59.17,2089.98,167.25,1047.72,56.36,1907.14,173.41,858.86,54.62,2338.13,160.86,517.36,42.69,2122.05,166.59,497.71,275.07,57.54,95.94,249.00,1813.07,3539.75,2.50,149.61,133.74,613.97,2.99,959.84,59.50,504.24
2026-04-11T21:30:00Z,59.20,2099.46,166.75,1038.78,56.33,1908.64,173.77,854.82,54.86,2331.60,161.10,526.92,42.80,2131.10,166.66,478.12,272.65,58.66,96.40,243.30,1819.18,3557.05,2.33,151.22,133.95,616.24,2.88,959.97,58.85,517.43
2026-04-11T21:40:00Z,59.37,2092.35,167.02,1037.37,56.31,1923.10,173.25,842.51,54.67,2340.56,160.74,525.22,42.90,2131.70,166.21,474.45,275.93,59.01,96.15,250.21,1827.60,3548.82,2.44,151.55,133.14,619.52,3.36,966.25,58.82,528.08
2026-04-11T21:50:00Z,59.51,2079.61,167.94,1066.02,56.59,1914.00,173.24,846.10,54.70,2324.46,160.86,532.48,42.82,2131.32,166.53,469.54,273.69,59.74,96.56,249.54,1822.71,3556.80,2.34,149.51,129.91,619.31,3.03,961.11,60.86,508.51
2026-04-11T22:00:00Z,59.77,2086.60,168.18,1055.44,56.67,1907.56,172.77,866.96,55.01,2324.29,161.04,539.22,42.87,2122.85,167.01,485.65,277.30,61.34,97.05,253.85,1816.82,3550.69,2.33,150.40,135.31,621.26,2.84,962.54,60.54,524.30
2026-04-11T22:10:00Z,59.40,2088.10,168.34,1061.87,56.83,1910.32,172.82,874.47,54.95,2326.88,161.20,537.73,42.96,2122.19,167.09,489.11,277.37,58.51,97.62,249.31,1826.41,3544.97,2.70,149.55,132.69,614.60,2.97,956.76,61.12,510.28
2026-04-11T22:20:00Z,59.19,2092.38,167.31,1055.27,57.11,1913.25,172.65,877.14,55.18,2314.69,160.65,539.90,42.98,2110.33,167.73,481.46,277.93,60.40,96.25,252.66,1810.77,3548.10,2.30,150.62,132.17,611.31,3.10,947.28,61.19,512.76
2026-04-11T22:30:00Z,58.70,2098.17,167.47,1039.28,56.79,1904.64,173.19,874.17,55.13,2320.37,160.70,535.00,42.96,2122.05,167.24,477.27,273.70,60.27,96.49,246.52,1819.12,,2.54,149.54,130.71,611.00,2.99,959.71,60.53,504.92
2026-04-11T22:40:00Z,58.74,2100.60,168.09,1048.79,56.85,1907.32,173.02,862.91,54.86,2331.51,160.75,542.56,43.09,2124.63,167.37,483.89,275.53,59.20,97.24,248.64,1817.47,3559.64,2.46,149.61,132.14,617.40,3.26,959.70,60.00,508.94
2026-04-11T22:50:00Z,58.58,2098.09,167.76,1036.91,56.99,1891.54,172.67,888.11,54.89,2324.80,160.71,556.51,43.12,2130.94,167.72,486.61,281.44,58.46,96.74,252.24,1830.82,3556.35,2.66,150.82,136.61,624.12,2.89,970.15,59.91,505.39
2026-04-11T23:00:00Z,58.76,2101.87,167.37,1031.16,56.57,1913.38,173.00,857.31,55.10,2323.33,161.85,553.46,43.04,2129.22,167.62,479.47,280.33,59.03,96.44,252.35,1819.74,3549.30,2.29,151.80,138.14,622.03,2.76,963.09,59.94,523.62
2026-04-11T23:10:00Z,58.92,2092.99,167.58,1039.64,56.75,1919.93,172.93,863.86,54.63,2333.74,162.53,541.95,43.26,2118.67,167.79,488.95,274.58,57.73,96.67,248.44,1823.67,3540.15,2.42,150.53,131.46,617.93,2.69,962.01,59.72,518.16
2026-04-11T23:20:00Z,59.03,2094.42,167.39,1040.34,56.82,1908.83,173.08,860.87,54.96,2334.22,161.59,534.38,43.69,2111.80,167.55,498.38,271.79,57.80,96.09,243.95,1819.53,3546.44,2.65,150.65,128.70,607.64,2.54,959.02,59.56,511.85
2026-04-11T23:30:00Z,58.46,2108.30,168.15,1050.64,57.01,1902.61,173.68,870.52,54.88,2329.38,161.74,539.73,43.94,2112.99,167.22,509.83,271.47,59.11,96.24,244.50,1815.23,3563.95,2.77,148.85,130.13,604.90,3.44,961.55,59.79,509.55
2026-04-11T23:40:00Z,58.53,2100.99,167.67,1037.64,57.08,1897.55,173.78,883.70,54.83,2323.45,161.13,549.84,43.77,2097.08,167.31,517.52,272.17,60.39,96.53,244.14,1814.66,3548.70,2.34,150.98,128.23,610.32,3.00,954.25,59.38,513.88
2026-04-11T23:50:00Z,58.34,2118.89,167.08,1028.57,56.84,1903.76,174.08,881.53,54.89,2321.55,161.33,552.07,43.81,2106.59,168.03,528.41,271.84,60.63,96.58,244.30,1818.27,3552.74,2.53,151.18,132.16,612.72,2.71,947.46,60.22,511.64
2026-04-12T00:00:00Z,58.24,2122.20,166.81,1034.65,56.28,1915.65,174.42,865.34,55.70,2305.74,161.72,559.36,43.93,2103.12,167.92,533.38,276.47,61.84,97.05,249.23,1818.40,3545.52,2.35,150.14,132.75,614.74,3.08,957.99,60.65,521.96
2026-04-12T00:10:00Z,58.48,2116.21,167.19,1023.20,55.91,1923.85,173.03,854.76,56.27,2304.16,160.88,567.48,44.14,2093.49,168.33,549.15,276.56,62.24,96.79,247.68,1823.74,3546.85,2.65,150.88,132.40,621.24,2.96,961.35,60.50,517.74
2026-04-12T00:20:00Z,58.96,2105.45,168.49,1033.25,56.33,1920.52,172.49,864.99,56.43,2291.19,161.34,590.40,44.05,2104.96,167.76,530.85,279.20,61.72,96.08,248.72,1809.53,3562.40,2.52,150.65,134.64,623.86,2.87,956.79,60.82,525.42
2026-04-12T00:30:00Z,59.06,2097.16,168.37,1049.21,55.97,1920.96,172.25,847.10,57.15,2275.85,162.67,605.80,43.85,2111.04,167.78,525.28,280.17,61.82,95.43,252.98,1832.34,3555.92,2.51,149.70,134.48,616.68,2.89,962.98,61.21,511.06
2026-04-12T00:40:00Z,58.77,2106.14,168.05,1049.64,56.36,1912.15,172.83,852.55,57.87,2269.31,162.92,627.87,43.87,2097.69,168.01,514.78,277.81,63.34,96.27,249.03,1818.37,3533.63,2.43,148.65,132.56,615.96,3.07,957.00,61.88,509.19
2026-04-12T00:50:00Z,58.67,2113.82,168.50,1034.85,56.13,1916.80,173.37,845.27,58.18,2267.49,163.34,622.22,43.61,2100.80,168.18,521.91,277.28,61.23,95.81,250.98,1817.97,3547.53,2.39,151.00,133.61,623.58,2.95,959.78,61.19,524.18
2026-04-12T01:00:00Z,59.25,2098.16,168.08,1054.69,56.03,1915.10,172.56,842.98,58.95,2244.46,163.48,631.87,43.58,2108.90,168.25,522.54,283.07,62.44,96.61,256.15,1828.74,3551.26,2.37,152.01,137.89,624.41,2.73,962.50,60.56,524.26
2026-04-12T01:10:00Z,58.89,2107.72,168.59,1066.70,56.62,1917.44,171.97,851.08,59.43,2236.53,163.35,654.69,43.54,2111.33,167.95,505.68,288.49,62.39,95.99,257.76,1835.43,3546.34,2.57,150.31,139.97,627.94,3.22,967.36,61.11,512.47
2026-04-12T01:20:00Z,59.02,2115.77,169.03,1054.02,57.55,1898.45,172.55,861.15,59.78,2220.19,163.32,666.83,43.41,2117.23,166.72,499.87,285.04,61.97,96.12,254.89,1829.05,3539.95,2.58,150.84,135.47,619.28,2.77,965.08,61.37,520.70
2026-04-12T01:30:00Z,59.09,2112.47,168.28,1028.59,57.82,1890.79,172.80,867.62,60.09,2206.57,163.59,683.33,43.57,2115.80,167.27,500.67,282.90,64.28,96.80,256.49,1831.09,3551.47,2.50,151.78,138.04,619.71,3.30,959.58,60.51,506.37
2026-04-12T01:40:00Z,59.25,2093.64,168.31,1043.47,58.05,1884.29,172.41,885.53,60.25,2199.18,164.57,710.03,43.42,2116.68,167.11,499.30,277.10,63.48,96.15,248.37,1827.69,3548.35,2.44,149.96,132.08,612.24,2.96,962.68,60.50,512.00
2026-04-12T01:50:00Z,59.36,2091.73,167.86,1055.11,57.83,1884.37,173.17,898.98,60.27,2200.64,164.74,703.60,43.12,2117.01,167.59,493.55,284.02,65.46,96.48,260.41,1830.34,3545.61,2.40,149.24,134.80,617.45,3.12,961.35,59.53,511.07
2026-04-12T02:00:00Z,59.18,2096.48,167.79,1056.61,57.98,1873.90,174.24,903.15,60.28,2195.31,164.62,706.55,43.22,2113.94,167.54,473.30,283.47,64.20,96.77,255.16,1824.07,3537.23,2.60,149.85,139.66,618.16,3.03,956.75,60.30,512.24
2026-04-12T02:10:00Z,59.36,2105.08,167.87,1052.29,57.76,1878.22,173.59,903.79,60.71,2182.28,164.99,731.21,42.92,2118.31,167.49,484.80,285.67,63.47,96.97,258.83,1824.87,3542.62,2.41,149.42,137.50,615.85,3.21,962.91,61.77,508.39
2026-04-12T02:20:00Z,59.03,2108.14,167.50,1032.09,57.28,1884.94,173.77,890.02,61.10,2174.28,165.59,746.30,43.28,2121.62,167.65,482.07,287.33,65.28,97.07,258.04,1827.17,3555.00,2.34,150.68,139.25,618.37,2.79,953.69,59.86,518.76
2026-04-12T02:30:00Z,58.56,2116.69,167.78,1033.60,57.16,1886.71,173.40,897.77,61.35,2177.16,165.64,762.23,43.39,2117.76,166.58,484.60,288.98,64.65,97.16,261.24,1831.45,3563.59,2.19,151.67,140.10,622.72,3.06,962.99,59.36,509.50
2026-04-12T02:40:00Z,58.51,2102.37,168.40,1032.82,56.96,1903.47,172.96,888.26,61.72,2161.20,165.29,763.90,43.32,2112.91,166.94,500.50,293.69,65.78,97.66,267.92,1835.86,3547.62,2.37,150.74,141.91,627.53,2.74,964.79,59.66,520.19
2026-04-12T02:50:00Z,58.04,2109.67,168.50,1024.15,57.48,1889.33,173.83,893.73,61.75,2167.42,165.50,768.04,43.15,2105.28,167.08,500.59,284.32,63.94,97.28,254.54,1829.71,3549.07,2.70,150.14,135.98,620.09,3.19,969.74,60.56,520.31
2026-04-12T03:00:00Z,57.44,2124.01,167.93,1001.00,57.70,1883.22,174.01,907.31,61.71,2160.78,166.21,781.97,43.34,2117.71,167.19,512.09,286.58,63.80,97.51,256.42,1825.62,3553.36,2.54,150.55,136.74,623.93,2.88,959.20,60.29,521.17
2026-04-12T03:10:00Z,57.76,2117.45,167.23,1000.73,57.32,1888.62,173.76,906.12,61.93,2149.38,166.35,802.00,43.22,2114.69,167.60,514.47,288.87,64.33,96.77,259.52,1831.42,3551.87,2.54,149.80,136.89,626.79,3.15,972.77,60.64,517.62
2026-04-12T03:20:00Z,57.55,2130.96,167.04,1001.68,57.67,1887.17,173.74,897.61,62.39,2143.78,166.86,794.58,43.48,2113.59,167.43,512.57,287.58,62.31,96.98,257.26,1826.90,3544.33,2.25,150.37,136.27,619.73,2.67,973.13,60.28,496.71
2026-04-12T03:30:00Z,57.67,,167.25,1011.02,57.53,1888.55,174.19,885.36,62.69,2140.42,166.90,816.04,43.77,2111.76,167.98,529.62,286.38,64.75,97.57,257.71,1822.80,3546.60,2.53,147.76,139.39,626.68,2.80,960.23,60.81,522.04
2026-04-12T03:40:00Z,57.73,2128.51,167.27,1005.33,57.45,1905.27,173.80,881.42,63.00,2129.12,166.82,820.69,43.57,2112.74,167.66,519.55,286.20,66.64,97.76,259.02,1840.82,3543.32,2.26,150.29,136.69,620.56,3.23,972.16,60.75,511.11
2026-04-12T03:50:00Z,57.82,2140.13,167.44,996.25,57.79,1889.09,173.95,886.35,62.62,2141.67,166.94,814.78,43.30,2100.19,166.99,520.08,289.25,66.19,98.10,262.66,1819.45,3546.02,2.68,150.51,141.68,627.05,3.01,955.65,60.16,519.43
2026-04-12T04:00:00Z,58.00,2139.64,166.43,999.64,58.04,1878.94,173.80,897.21,62.82,2140.25,166.56,813.21,43.46,2113.50,167.34,510.38,290.14,65.43,98.13,261.48,1839.75,3545.62,2.48,151.84,138.57,627.85,3.25,972.78,60.31,535.91
2026-04-12T04:10:00Z,57.79,2127.07,167.48,999.21,57.80,1875.11,174.12,912.38,62.86,2128.53,167.24,821.03,43.22,2127.44,166.94,483.46,293.64,65.09,98.47,266.36,1841.45,3546.06,2.65,150.27,140.71,627.76,3.15,969.52,60.09,515.89
2026-04-12T04:20:00Z,57.66,2127.05,166.97,995.44,57.55,1880.37,174.66,904.28,63.60,2113.98,167.61,845.35,43.03,2122.50,166.72,490.46,294.24,65.86,97.96,266.52,1844.70,3546.79,2.50,150.54,143.03,624.32,3.50,964.02,59.58,526.46
2026-04-12T04:30:00Z,57.94,2130.43,167.19,1003.94,57.84,1876.44,174.85,903.58,63.35,2117.57,167.54,852.14,42.76,2136.71,166.03,466.30,286.90,66.33,97.72,257.42,1826.76,3535.64,2.62,149.45,138.36,624.62,2.71,962.45,61.41,524.18
2026-04-12T04:40:00Z,57.54,2134.28,166.70,993.72,57.93,1883.66,173.91,891.04,63.49,2120.18,167.84,849.36,42.65,2137.55,166.37,478.95,288.71,64.82,96.72,261.25,1824.36,3556.94,2.59,149.46,138.54,622.67,3.02,966.48,60.88,519.63
2026-04-12T04:50:00Z,58.05,2127.22,167.30,1001.96,57.83,1874.66,173.78,897.81,63.54,2118.85,167.91,840.00,42.34,2140.06,166.16,466.85,283.94,64.41,96.63,254.70,1819.77,3552.21,2.49,151.26,134.72,618.80,2.78,957.65,61.55,521.57
2026-04-12T05:00:00Z,57.72,2132.84,166.08,999.32,57.77,1877.88,173.71,889.84,63.84,2112.56,167.28,846.84,42.76,2142.24,166.59,466.15,285.46,67.23,97.27,256.61,1822.91,3547.68,2.38,149.39,138.24,619.74,3.46,955.59,61.32,511.86
2026-04-12T05:10:00Z,57.87,2135.70,167.58,986.76,57.48,1881.88,174.41,899.28,63.79,2113.74,167.42,840.06,42.78,2131.13,166.75,470.95,285.77,65.37,96.64,261.15,1834.69,3555.62,2.40,148.74,137.50,625.91,3.47,972.43,59.98,532.42
2026-04-12T05:20:00Z,57.98,2121.70,166.96,1001.38,57.50,1884.32,173.36,899.12,63.39,2115.50,167.66,853.71,42.63,2123.05,166.72,479.45,288.29,67.09,97.38,258.17,1834.41,3560.88,2.55,149.89,139.49,616.91,3.12,966.13,59.64,509.23
2026-04-12T05:30:00Z,57.91,2132.96,166.88,996.88,57.21,1900.53,173.97,900.59,63.21,2114.96,167.76,850.09,42.69,2143.20,166.71,466.35,291.14,65.92,97.31,260.79,1830.55,3534.03,2.42,150.12,141.01,622.08,3.09,958.87,60.57,521.29
2026-04-12T05:40:00Z,58.31,2128.28,166.50,987.59,57.82,1885.78,174.63,894.17,63.28,2103.31,167.99,858.13,42.61,2144.49,166.30,457.75,290.89,65.93,97.28,262.85,1836.96,3554.04,2.30,150.49,140.34,623.46,,962.55,60.41,513.73
2026-04-12T05:50:00Z,58.49,2117.49,166.92,995.14,58.03,1874.35,174.61,898.43,63.58,2117.55,168.36,858.52,42.81,2128.56,167.08,461.89,297.52,,97.93,272.32,1833.32,3558.65,2.43,151.19,142.82,627.86,2.94,969.87,60.64,534.26
2026-04-12T06:00:00Z,58.49,2121.84,166.84,1001.02,57.95,1881.36,174.08,899.27,63.72,2116.16,167.42,845.49,42.99,2130.56,167.22,475.46,287.89,65.48,96.85,259.54,1812.98,3540.24,2.41,151.74,139.16,623.10,3.15,958.21,60.98,514.39
2026-04-12T06:10:00Z,58.33,2115.03,166.66,1010.19,57.72,1873.73,173.87,893.82,63.74,2116.22,167.51,836.11,42.93,2121.95,167.27,492.97,285.35,66.92,97.65,257.17,1836.93,3545.53,2.75,150.82,139.72,624.61,2.73,969.22,60.45,519.37
2026-04-12T06:20:00Z,58.52,2115.81,166.81,1021.40,57.90,1864.24,174.08,908.42,63.90,2118.78,167.77,843.67,43.37,2125.57,167.27,477.05,289.66,67.91,96.94,263.06,1835.67,3549.41,2.68,150.03,139.86,617.21,2.92,969.51,59.39,504.58
2026-04-12T06:30:00Z,58.32,2122.88,166.94,1020.35,58.30,1868.62,174.99,925.09,64.04,2109.02,167.81,857.66,43.05,2127.50,167.32,485.64,285.66,65.21,97.70,254.38,1820.43,3552.20,2.37,150.74,135.64,619.33,3.16,958.21,58.60,503.71
2026-04-12T06:40:00Z,58.24,2140.54,166.78,1007.73,58.04,1870.66,174.28,932.68,63.88,2112.70,167.58,844.48,42.83,2133.11,167.42,484.88,290.61,64.89,97.63,259.45,1831.06,3560.45,2.54,149.92,139.41,623.46,3.22,965.80,58.83,519.89
2026-04-12T06:50:00Z,58.64,2114.24,167.56,1023.88,58.55,1865.22,173.86,919.44,64.10,2102.75,167.81,857.12,42.55,2128.12,167.58,486.34,291.91,64.87,98.20,261.91,1831.20,3550.21,2.72,152.22,140.20,619.40,2.92,965.81,60.41,518.56
2026-04-12T07:00:00Z,58.59,2109.92,168.50,1026.49,59.07,1852.33,174.18,916.73,64.57,2087.60,167.94,864.76,42.75,2124.19,167.64,472.55,287.94,65.53,97.77,257.21,1826.36,3538.18,2.54,149.74,140.67,629.43,2.81,960.77,60.94,522.06
2026-04-12T07:10:00Z,58.66,2118.03,167.79,1034.48,59.22,1842.39,174.14,937.26,65.11,2070.48,168.12,881.38,42.93,2123.48,167.58,476.31,288.89,65.46,97.39,256.82,1830.91,3542.87,2.22,149.80,137.41,623.93,3.06,966.47,60.24,533.99
2026-04-12T07:20:00Z,58.15,2113.46,167.69,1020.85,59.36,1851.15,174.17,946.92,65.09,2073.12,168.45,862.93,42.73,2123.29,167.06,482.75,288.92,66.95,97.35,259.31,1838.60,3534.06,2.37,149.72,136.79,616.60,3.00,970.73,59.38,513.53
2026-04-12T07:30:00Z,58.54,2105.17,166.75,1027.82,59.17,1849.33,174.62,953.91,64.96,2066.29,168.40,884.97,43.19,2111.96,167.18,483.46,294.69,67.11,97.91,267.61,1837.95,3558.48,2.37,150.39,140.03,622.12,3.30,964.45,60.73,514.73
2026-04-12T07:40:00Z,58.34,2105.37,166.89,1027.85,58.62,1860.84,174.86,941.16,64.68,2078.84,169.26,892.33,42.85,2109.23,166.73,490.31,300.31,66.43,98.15,267.08,1844.30,3551.56,2.59,149.88,144.63,628.98,3.01,973.57,60.35,521.19
2026-04-12T07:50:00Z,58.13,2112.99,167.07,1011.95,58.33,1873.99,174.45,924.16,64.63,2083.06,169.05,889.92,42.61,2120.36,167.15,500.30,293.67,66.50,98.57,265.22,1839.43,3561.95,2.36,151.84,139.91,619.39,2.81,967.78,60.07,508.74
2026-04-12T08:00:00Z,58.12,2109.21,167.11,1016.97,58.07,1877.48,174.59,927.74,64.51,2083.89,168.51,881.53,42.38,2134.67,166.74,482.64,292.28,68.70,98.39,264.87,1837.92,3543.41,2.79,149.50,140.92,626.31,3.24,964.89,60.93,503.43
2026-04-12T08:10:00Z,58.21,2109.60,167.63,1041.63,58.08,1885.01,174.82,921.46,64.34,2079.29,167.87,872.42,42.67,2142.33,167.23,492.73,295.33,68.92,98.15,259.69,1824.90,3542.10,2.54,149.93,143.48,629.26,2.86,964.62,61.34,528.23
2026-04-12T08:20:00Z,58.10,2112.97,167.41,1039.19,58.27,1878.45,175.08,921.28,63.99,2085.15,167.67,871.53,42.43,2133.00,166.90,460.00,292.93,67.21,98.08,264.06,1841.70,3551.64,2.54,150.43,142.77,618.36,3.16,971.15,60.39,507.01
2026-04-12T08:30:00Z,58.31,2114.94,167.34,1023.57,58.33,1860.56,174.53,918.56,63.85,2102.23,168.26,880.09,42.62,2133.53,166.25,475.36,291.77,66.87,98.22,263.73,1835.47,3535.27,2.70,150.39,139.78,630.49,3.47,966.22,60.96,529.44
2026-04-12T08:40:00Z,57.91,2128.37,166.31,1009.70,58.50,1856.68,173.54,910.12,64.06,2098.45,168.46,880.77,42.56,2137.77,166.46,452.71,289.60,64.76,97.71,259.41,1825.65,3557.71,2.21,149.15,137.68,625.29,3.20,961.82,59.39,510.05
2026-04-12T08:50:00Z,57.96,2123.93,166.78,1021.16,58.30,1862.53,174.53,917.08,64.74,2085.53,168.14,879.45,41.94,2148.32,166.42,445.96,291.79,65.04,98.58,264.94,1832.40,3539.58,2.41,150.13,140.59,623.79,3.00,965.13,60.34,518.49
2026-04-12T09:00:00Z,58.49,2116.22,167.20,1017.20,58.89,1857.79,174.55,921.14,64.59,2086.20,167.81,872.98,42.28,2147.95,166.89,447.66,293.54,65.20,99.73,263.80,1824.42,3551.40,2.43,150.26,143.00,623.57,3.16,971.99,59.94,526.19
2026-04-12T09:10:00Z,58.85,2102.01,167.76,1035.90,59.15,1840.71,175.75,934.29,64.70,2085.75,167.30,872.17,42.35,2149.03,166.93,443.55,294.43,67.03,98.92,264.75,1842.49,3550.04,2.66,149.28,142.24,626.67,3.23,965.89,61.04,516.39
2026-04-12T09:20:00Z,58.88,2101.78,168.50,1038.18,59.00,1841.46,175.28,929.54,64.78,2082.20,167.65,872.34,42.16,2144.77,166.75,445.43,295.20,68.84,98.97,267.60,1837.38,3546.08,2.83,148.13,142.28,625.78,3.39,968.82,62.05,521.97
2026-04-12T09:30:00Z,58.77,2111.29,168.56,1042.56,58.46,1844.05,173.68,928.91,64.87,2081.29,168.02,876.12,41.83,2157.10,166.86,438.41,291.51,68.84,97.74,264.37,1831.11,3546.94,2.23,150.40,141.12,629.87,3.03,965.84,61.10,525.51
2026-04-12T09:40:00Z,59.03,2103.71,167.79,1051.96,58.16,1860.04,174.44,920.25,65.47,2084.01,167.78,877.07,42.20,2143.90,166.71,445.87,291.60,67.53,97.86,261.30,1832.47,3546.51,2.40,150.02,140.56,620.78,,965.42,61.17,514.17
2026-04-12T09:50:00Z,59.11,2094.18,167.39,1050.93,57.98,1862.44,174.94,922.73,65.25,2080.95,168.18,899.73,42.54,2134.64,166.12,454.91,295.74,67.72,97.78,268.11,1833.63,3557.38,2.30,153.01,143.07,624.77,2.71,967.90,60.58,524.40
2026-04-12T10:00:00Z,59.05,2098.66,167.16,1052.85,58.22,1864.46,174.87,917.24,65.13,2076.70,167.77,892.32,42.27,2124.10,166.07,480.06,294.65,67.13,98.21,264.68,1828.04,3539.64,2.27,150.48,141.61,630.70,2.79,960.65,60.77,517.23
2026-04-12T10:10:00Z,59.21,2093.18,167.35,1047.10,58.31,1864.84,174.30,911.51,65.29,2072.95,168.47,896.64,42.26,2129.96,166.34,467.42,295.40,68.45,97.06,265.74,1840.63,3557.48,2.76,151.51,143.82,637.16,2.85,974.97,61.36,528.92
2026-04-12T10:20:00Z,59.04,2101.56,167.93,1042.35,58.24,1866.49,174.97,925.00,65.42,2064.09,168.89,921.92,42.49,2126.08,166.99,471.68,298.23,66.83,98.07,269.88,1838.98,3555.29,2.45,150.71,146.38,631.35,3.21,969.02,61.10,531.25
2026-04-12T10:30:00Z,59.32,2087.75,167.34,1035.77,58.43,1879.24,174.48,924.09,65.71,2055.50,168.86,932.68,42.52,2130.34,166.79,475.08,294.72,65.90,98.49,263.21,1834.69,3549.72,2.68,151.36,142.77,629.72,3.19,973.51,61.28,521.55
2026-04-12T10:40:00Z,58.78,2096.22,167.27,1027.82,58.91,1869.75,174.76,922.23,65.75,2052.36,169.45,925.91,42.63,2127.44,166.58,480.08,298.43,67.70,97.67,269.20,1845.87,3551.30,2.35,150.09,142.87,629.06,3.21,974.14,61.09,516.71
2026-04-12T10:50:00Z,58.63,2104.09,166.99,1032.65,58.39,1867.81,174.29,930.14,65.94,2046.25,169.68,921.56,42.43,2143.98,167.32,467.16,300.40,70.20,96.47,268.04,1833.33,3559.40,2.68,151.62,144.95,628.99,3.10,967.43,61.78,525.53
2026-04-12T11:00:00Z,58.62,2094.06,167.05,1018.90,58.36,1858.52,174.87,935.06,66.28,2051.26,169.61,928.12,42.39,2143.75,167.33,464.83,294.96,68.03,97.00,263.68,1835.79,3550.61,2.39,149.69,143.21,628.79,2.70,957.11,62.02,522.78
2026-04-12T11:10:00Z,57.80,2131.29,167.41,1007.18,58.80,1857.82,174.69,925.31,66.54,2050.61,168.81,935.67,42.37,2149.99,166.93,464.21,295.35,68.30,96.66,268.33,1838.86,3540.85,2.47,149.76,144.04,628.80,2.87,967.91,59.78,507.29
2026-04-12T11:20:00Z,57.93,2147.23,167.83,1008.15,59.01,1849.25,174.37,929.34,66.62,2038.55,168.50,943.00,42.31,2147.06,167.37,467.73,293.95,69.59,96.90,265.74,1833.79,3540.67,2.58,150.38,142.73,628.51,2.92,964.25,59.20,526.24
2026-04-12T11:30:00Z,57.65,2143.57,167.63,1006.43,58.37,1868.88,173.60,925.94,66.30,2044.81,169.58,949.60,42.34,2137.31,167.17,471.02,295.98,69.20,98.08,264.93,1823.31,3548.22,2.56,150.97,141.56,626.97,2.88,965.11,59.80,526.32
2026-04-12T11:40:00Z,57.83,2138.15,168.09,999.78,58.62,1870.80,173.99,923.46,66.52,2045.35,169.34,942.62,42.36,2133.91,167.24,464.57,293.72,67.23,97.63,267.03,1832.98,3549.56,2.38,151.67,140.46,630.23,2.70,973.73,60.51,521.93
2026-04-12T11:50:00Z,57.95,2126.70,167.85,1004.88,58.38,1862.32,174.31,933.27,66.38,2044.81,169.11,937.32,42.76,2132.16,167.02,483.68,296.68,67.16,97.08,268.45,1843.75,3537.75,2.48,149.85,143.78,628.80,3.14,967.25,60.79,522.63
2026-04-12T12:00:00Z,58.15,2130.50,167.43,1009.14,58.28,1864.98,175.44,936.27,66.33,2053.17,169.29,936.32,42.72,2130.61,166.72,486.02,296.07,69.64,97.96,266.11,1837.09,3552.63,2.37,149.78,143.18,631.16,2.72,965.88,61.25,525.40
2026-04-12T12:10:00Z,58.43,2115.68,167.07,1012.78,58.19,1866.50,174.85,923.28,66.34,2050.04,170.26,938.86,42.70,2135.52,167.52,483.43,297.68,68.21,98.79,267.97,1843.51,3553.84,2.56,149.94,143.10,620.67,2.96,972.43,60.31,506.03
2026-04-12T12:20:00Z,58.38,2106.84,166.94,1014.10,57.94,1871.97,175.17,916.93,66.23,2047.75,169.45,939.87,42.74,2123.39,166.94,487.26,297.66,68.25,98.70,268.16,1849.39,3540.31,2.72,150.13,143.97,626.04,2.83,980.04,59.33,515.57
2026-04-12T12:30:00Z,58.33,2110.15,167.09,1014.69,58.16,1870.32,174.98,918.24,66.10,2047.90,169.07,949.77,43.36,2113.78,167.31,484.52,296.26,67.32,98.47,266.03,1842.71,3565.21,2.44,151.00,141.76,622.27,2.90,972.17,60.22,519.97
2026-04-12T12:40:00Z,58.42,2118.10,167.20,1007.66,57.81,1871.67,174.82,910.11,65.95,2060.44,169.59,934.70,43.67,2100.81,167.53,505.44,296.04,67.96,98.71,267.61,1839.33,3556.41,2.58,150.19,143.89,635.62,3.04,968.01,60.26,523.77
2026-04-12T12:50:00Z,58.26,2109.94,167.03,1004.99,57.94,1859.85,173.98,912.69,65.94,2048.58,168.86,932.79,43.68,2108.33,167.34,509.13,301.78,69.17,98.83,268.14,1844.57,3562.08,2.42,150.94,145.46,626.68,3.16,980.69,60.82,518.89
2026-04-12T13:00:00Z,58.53,2112.02,166.82,1027.45,58.05,1860.16,174.24,906.34,66.09,2053.93,169.35,938.77,43.70,2105.05,167.59,508.45,296.32,67.12,98.30,265.10,1835.46,3556.28,2.66,148.47,141.23,622.83,2.80,959.30,61.05,524.21
2026-04-12T13:10:00Z,58.40,2118.03,167.38,1026.60,57.89,1867.31,174.73,914.48,66.17,2048.19,168.46,945.01,43.96,2096.89,168.63,516.54,292.57,67.25,98.20,265.12,1842.97,3548.90,2.33,151.15,143.85,628.98,2.84,972.35,60.93,523.66
2026-04-12T13:20:00Z,58.42,2127.60,167.36,1024.06,57.95,1879.36,175.08,922.66,65.94,2051.25,168.35,929.57,43.75,2102.76,168.55,513.55,302.93,69.39,98.75,271.87,1848.72,3553.00,2.74,150.65,143.59,621.54,3.25,976.48,60.42,515.52
2026-04-12T13:30:00Z,58.13,2124.80,167.99,1012.26,57.74,1872.65,174.56,923.38,65.87,2048.66,169.04,949.23,43.70,2106.85,168.16,511.49,298.53,68.58,99.15,267.76,1837.48,3540.39,2.53,151.51,142.47,631.88,2.78,964.30,61.36,531.06
2026-04-12T13:40:00Z,58.27,2121.67,168.60,1014.46,57.89,1874.47,174.52,909.43,65.82,2050.54,168.78,944.46,43.20,2107.35,167.43,509.36,292.64,69.24,98.59,265.06,1842.53,3549.06,2.56,152.21,143.22,628.63,2.74,972.57,61.00,520.08
2026-04-12T13:50:00Z,58.75,2116.32,167.30,1023.93,57.82,1878.20,174.98,898.66,65.83,2056.31,168.89,936.39,43.37,2120.20,167.22,500.21,294.70,69.43,97.91,267.53,1845.80,3559.01,2.44,150.73,142.03,630.93,2.94,969.48,60.94,531.83
2026-04-12T14:00:00Z,58.74,2101.25,166.75,1028.61,57.65,1876.22,174.36,906.99,66.14,2059.44,168.73,932.63,43.77,2105.00,167.00,524.84,296.80,71.57,97.95,265.57,1825.80,3551.75,2.64,150.94,144.39,633.20,3.41,971.62,61.39,533.20
2026-04-12T14:10:00Z,58.70,2092.85,166.48,1029.38,57.42,1874.39,174.14,903.72,66.58,2046.51,168.99,935.00,43.48,2117.38,167.76,504.39,295.10,67.70,98.44,268.45,1839.34,3552.72,2.96,151.19,143.17,629.28,3.22,972.92,59.79,515.92
2026-04-12T14:20:00Z,58.76,2096.26,166.82,1028.39,57.95,1874.97,174.36,907.55,66.30,2048.25,169.38,930.14,43.77,2124.06,168.08,509.77,296.69,66.20,97.93,264.60,1842.25,3555.43,2.56,150.66,143.75,630.08,2.58,963.51,59.91,519.02
2026-04-12T14:30:00Z,58.08,2112.28,167.16,1003.46,57.89,1875.68,174.88,893.12,66.23,2051.99,169.41,929.94,44.23,2099.85,167.90,520.77,294.94,66.40,98.47,264.41,1831.46,3539.03,2.50,150.67,143.10,629.56,2.75,967.45,61.14,523.09
2026-04-12T14:40:00Z,57.78,2137.28,166.54,1000.16,57.82,1878.75,174.22,898.79,66.26,2050.62,169.25,932.77,44.24,2094.07,167.81,519.43,297.21,67.38,98.48,267.95,1843.57,3564.86,2.66,151.07,147.46,631.29,3.13,971.58,60.53,528.89
2026-04-12T14:50:00Z,57.67,2129.16,166.45,996.56,58.13,1880.50,173.85,903.99,66.23,2049.46,169.06,946.13,44.23,2094.12,168.39,528.62,298.84,69.90,98.45,269.46,1837.63,3560.55,2.59,151.76,143.37,630.44,2.87,969.37,60.82,521.60
2026-04-12T15:00:00Z,57.36,2140.97,167.22,989.03,58.05,1878.16,174.71,917.14,66.37,2037.61,169.30,959.52,43.93,2094.26,167.51,516.50,298.26,69.95,97.79,269.66,1832.70,3555.29,2.50,150.80,146.00,640.24,3.33,973.55,59.26,544.48
2026-04-12T15:10:00Z,57.72,2129.17,166.97,998.60,57.85,1875.50,174.99,910.08,66.52,2038.21,168.73,943.74,43.58,2092.06,167.57,506.90,296.86,69.55,97.28,264.40,1844.04,3561.25,2.41,151.58,140.83,617.84,3.17,975.35,60.53,524.71
2026-04-12T15:20:00Z,57.58,2132.34,166.77,992.08,57.67,1875.04,175.15,904.95,66.05,2051.06,169.30,943.15,43.40,2115.08,167.59,510.38,294.50,69.53,97.42,266.40,1841.63,3548.73,2.46,151.63,144.47,629.03,2.85,967.53,59.92,513.88
2026-04-12T15:30:00Z,57.18,2149.56,166.43,967.63,57.76,1868.40,175.11,898.40,66.25,2054.42,169.03,927.05,43.64,2112.20,168.14,517.24,291.42,68.88,98.43,260.03,1833.94,3544.69,2.68,150.59,143.10,626.68,3.22,971.61,59.92,506.77
2026-04-12T15:40:00Z,57.20,2145.28,167.01,978.54,57.86,1884.27,174.41,900.45,66.28,2052.12,169.15,934.00,43.36,2110.28,168.13,514.64,287.72,68.74,98.20,257.80,1831.89,3561.08,2.58,149.09,140.85,623.06,2.53,962.51,61.88,521.53
2026-04-12T15:50:00Z,56.90,2162.35,166.37,968.83,58.16,1882.03,174.73,908.93,66.27,2047.60,169.26,939.07,44.01,2102.41,167.98,513.73,288.42,70.10,97.58,263.79,1828.18,3549.29,2.49,151.47,137.38,619.46,2.92,967.06,62.29,517.52
2026-04-12T16:00:00Z,57.13,2155.04,166.37,970.16,57.92,1878.71,174.15,898.65,66.09,2050.71,169.24,933.91,43.99,2097.10,167.41,508.77,292.56,69.33,97.20,264.29,1828.07,3542.33,2.39,149.40,140.59,622.57,3.18,967.42,61.58,518.71
2026-04-12T16:10:00Z,57.21,2159.93,166.46,972.60,57.80,1867.12,174.12,909.72,66.04,2037.90,168.90,932.83,44.04,2096.30,166.60,510.21,295.08,70.55,97.43,266.76,1840.71,3550.37,2.54,152.23,142.30,625.52,2.93,967.71,61.95,518.78
2026-04-12T16:20:00Z,57.19,2153.60,166.21,978.40,57.67,1867.79,173.58,905.82,65.95,2039.93,,942.68,43.88,2091.51,166.94,517.96,297.36,68.82,96.73,269.49,1845.29,3549.03,2.53,152.18,144.37,630.37,2.53,972.24,62.31,522.35
2026-04-12T16:30:00Z,57.13,2138.12,166.09,983.43,58.06,1874.43,174.35,907.04,65.59,2047.71,169.95,924.50,44.31,2095.00,167.43,527.07,301.22,70.00,98.04,272.27,1842.39,3547.79,2.81,149.45,144.90,634.84,2.65,971.68,63.28,527.81
2026-04-12T16:40:00Z,57.55,2136.01,167.02,991.96,58.02,1880.34,174.67,907.72,65.62,2054.52,169.70,924.29,44.04,2093.79,167.79,533.41,297.05,69.19,97.45,266.53,1837.25,3541.47,2.33,150.24,143.25,622.17,3.10,967.95,61.31,519.13
2026-04-12T16:50:00Z,57.79,2131.03,166.75,1008.09,58.28,1879.44,174.50,909.47,65.55,2054.05,169.23,932.70,43.74,2105.59,167.81,529.64,299.47,69.34,97.79,273.54,1837.51,3561.14,2.47,149.50,142.34,625.49,3.16,967.81,61.62,513.95
2026-04-12T17:00:00Z,57.59,2149.54,167.00,1000.29,58.41,1858.53,174.10,918.03,65.94,2049.10,169.85,944.73,43.47,2116.37,167.32,509.78,296.97,69.33,97.80,264.82,1844.85,3548.28,2.35,149.62,143.25,621.45,3.07,974.71,61.88,517.90
2026-04-12T17:10:00Z,57.67,2144.96,167.24,993.69,58.55,1843.08,173.98,945.05,65.97,2043.75,170.00,936.97,43.74,2101.10,167.11,497.88,301.42,67.91,98.33,266.92,1839.62,3556.24,2.72,151.70,144.18,624.57,2.79,964.19,61.68,515.03
2026-04-12T17:20:00Z,57.92,2136.50,166.03,987.19,58.73,1848.58,175.34,952.12,65.84,2046.03,168.78,940.44,43.57,2104.22,167.54,497.99,300.84,67.56,98.71,272.98,1843.80,3545.00,2.66,150.66,144.57,629.62,3.29,966.37,62.22,514.56
2026-04-12T17:30:00Z,58.45,2124.77,167.04,1006.49,58.44,1853.17,174.72,940.58,66.11,2041.13,168.66,933.17,43.90,2097.98,166.83,505.58,298.83,70.48,97.66,268.40,1842.05,3552.86,2.69,152.26,145.37,630.17,2.98,973.41,61.24,521.29
2026-04-12T17:40:00Z,58.39,2120.01,167.09,1002.84,58.06,1860.52,173.92,920.52,66.16,2038.31,169.79,938.86,43.70,2097.42,167.56,529.84,298.02,69.62,97.51,265.39,1830.85,3557.74,2.64,150.38,142.85,624.83,2.96,967.11,61.33,524.38
2026-04-12T17:50:00Z,58.15,2117.14,166.48,1019.95,57.99,1871.58,173.92,912.93,66.30,2037.29,170.60,947.11,44.06,2096.60,167.39,538.96,300.54,71.69,97.26,270.27,1836.32,3528.28,2.31,151.08,144.05,634.67,3.07,964.25,61.02,539.99
2026-04-12T18:00:00Z,58.41,2115.10,167.00,1033.44,58.20,1874.17,174.37,908.67,66.21,2043.95,169.97,932.71,44.17,2095.57,167.67,535.20,302.54,69.50,97.42,269.37,1844.98,3547.31,2.78,150.15,146.28,625.89,3.22,974.78,62.18,532.79
2026-04-12T18:10:00Z,58.76,2115.12,166.80,1030.18,58.34,1868.94,174.55,910.94,66.23,2048.71,170.26,936.79,43.80,2097.10,167.67,520.66,301.49,70.53,97.27,274.95,1844.86,3552.31,2.42,150.07,142.70,628.24,2.98,971.14,62.33,521.08
2026-04-12T18:20:00Z,58.87,2102.28,167.04,1045.70,57.83,1873.10,174.33,911.74,66.32,2044.27,169.83,948.65,43.69,2101.12,167.76,496.21,306.84,71.08,98.22,275.27,1839.42,3539.51,2.34,152.06,148.42,633.13,3.29,966.59,61.50,527.64
2026-04-12T18:30:00Z,58.48,2118.52,166.99,1023.16,57.76,1863.42,173.96,914.52,66.50,2046.63,169.86,948.41,43.62,2111.62,168.25,510.84,300.02,69.72,97.98,270.11,1850.05,3553.19,2.55,150.46,144.76,632.23,3.03,971.32,60.91,524.08
2026-04-12T18:40:00Z,58.59,2116.56,166.52,1013.01,57.74,1867.96,173.66,900.12,66.61,2038.53,170.06,942.18,42.90,2126.48,167.82,498.08,294.03,70.14,97.03,265.68,1837.04,3551.16,2.36,150.08,142.83,633.64,3.00,966.94,60.49,527.39
2026-04-12T18:50:00Z,58.40,2112.95,167.20,1011.20,57.90,1859.17,173.88,908.63,66.67,2039.82,169.78,962.55,43.37,2122.22,167.56,496.69,297.16,69.62,97.93,268.34,1840.36,3559.83,2.79,150.43,144.61,628.63,2.86,973.20,59.72,517.56
2026-04-12T19:00:00Z,58.23,2109.62,167.23,1016.04,57.66,1880.02,174.70,923.28,66.50,2031.20,169.61,949.62,42.82,2121.41,166.74,493.46,293.98,68.85,98.12,267.93,1838.74,3552.67,2.50,150.68,140.95,624.55,2.86,970.23,58.41,510.22
2026-04-12T19:10:00Z,58.10,2123.98,166.82,1004.77,57.47,1886.79,174.24,910.11,66.48,2046.40,169.66,945.14,42.97,2125.20,166.48,470.06,289.58,67.57,97.64,258.08,1830.56,3550.01,2.55,149.62,141.51,627.05,2.98,971.08,61.39,520.75
2026-04-12T19:20:00Z,58.06,2122.15,166.14,1013.81,57.15,1886.91,174.51,895.94,66.27,2046.95,169.77,944.56,42.61,2126.80,166.60,491.12,293.95,67.07,97.88,266.06,1831.49,3558.40,2.27,151.10,142.99,623.96,2.92,966.04,60.47,506.40
2026-04-12T19:30:00Z,57.92,2142.90,166.01,1005.18,56.92,1893.74,173.63,882.48,66.70,2037.64,170.35,944.86,42.84,2124.57,166.66,483.21,292.70,67.74,97.98,261.34,1828.01,3541.65,2.63,149.50,142.94,625.11,2.94,966.16,62.62,508.14
2026-04-12T19:40:00Z,57.87,2134.25,166.44,1008.42,56.88,1895.68,174.73,888.09,66.23,2041.16,169.78,933.90,42.68,2130.00,167.28,475.89,299.70,67.49,97.70,270.93,1835.65,3564.62,2.66,149.32,145.01,630.22,2.84,966.28,62.23,525.88
2026-04-12T19:50:00Z,57.52,2137.29,166.31,1010.87,56.95,1904.10,173.54,886.21,66.41,2039.62,169.13,943.95,42.85,2127.90,167.07,475.53,295.49,66.09,97.47,263.60,1835.38,3557.72,2.26,150.16,140.88,627.09,3.02,967.08,61.54,519.84
2026-04-12T20:00:00Z,57.75,2130.63,167.20,1007.86,57.13,1896.56,173.82,874.43,66.73,2034.63,169.52,942.73,43.02,2127.53,166.56,478.12,298.64,66.85,97.47,269.98,1839.60,3559.70,2.56,150.38,146.53,635.95,2.79,978.81,60.80,531.30
2026-04-12T20:10:00Z,57.61,2128.18,167.53,1011.94,57.14,1899.57,173.33,860.32,66.64,2036.28,169.24,937.97,43.08,2124.53,166.95,474.53,294.14,66.99,96.52,266.77,1839.05,3537.31,2.49,151.54,142.46,630.83,3.01,972.61,61.12,516.76
2026-04-12T20:20:00Z,57.94,2136.91,167.68,1002.66,57.63,1883.02,173.21,884.33,67.28,2024.51,169.60,955.14,43.01,2138.49,167.01,487.36,295.88,67.21,96.24,265.81,1832.29,3552.32,2.59,149.70,144.43,625.39,2.90,971.38,60.69,518.98
2026-04-12T20:30:00Z,58.01,2117.85,168.01,1005.33,58.25,1872.81,172.94,892.95,67.09,2026.10,169.67,960.43,42.69,2140.74,167.54,481.69,296.75,68.52,97.26,265.34,1830.17,3547.22,2.62,150.17,145.13,628.20,3.02,955.26,61.31,528.45
2026-04-12T20:40:00Z,57.69,2139.10,167.18,976.85,58.00,1882.48,173.19,891.79,66.96,2040.83,170.11,959.22,42.90,2143.03,167.43,472.13,292.38,68.31,97.94,264.37,1839.17,3552.39,2.55,148.91,143.01,632.34,2.90,966.97,61.66,521.44
2026-04-12T20:50:00Z,57.94,2130.58,167.24,992.40,58.09,1873.43,173.98,893.40,66.54,2038.53,170.15,955.08,43.01,2129.38,167.34,475.68,292.27,69.14,98.19,263.34,1832.88,3545.12,2.51,150.59,141.18,625.83,3.19,961.32,62.79,529.68
2026-04-12T21:00:00Z,58.07,2124.77,166.72,1012.31,58.19,1875.84,173.52,890.35,66.50,2038.07,169.78,946.82,42.95,2124.53,166.99,485.70,295.85,67.19,97.41,265.49,1832.49,3546.56,2.46,151.26,145.55,628.12,3.07,963.66,61.64,527.21
2026-04-12T21:10:00Z,57.92,2124.41,167.17,1007.15,58.18,1870.45,173.86,907.85,66.66,2039.37,169.31,948.88,42.92,2129.30,166.74,487.55,291.14,67.26,97.89,263.10,1834.23,3562.17,2.38,150.73,138.13,619.11,2.85,969.87,61.85,515.92
2026-04-12T21:20:00Z,57.73,2128.25,167.72,1006.16,58.53,1864.04,173.74,927.60,67.03,2031.12,169.58,963.90,42.91,2125.99,166.46,482.81,296.82,69.11,98.12,268.44,1842.37,3542.10,2.30,149.29,147.07,635.33,2.86,974.65,61.20,527.88
2026-04-12T21:30:00Z,57.64,2130.88,167.27,990.96,58.63,1854.76,174.55,931.34,66.85,2032.06,170.09,957.82,42.68,2129.64,167.30,479.19,295.53,71.37,98.42,264.92,1830.50,3546.60,2.61,149.22,144.12,631.53,2.58,965.58,60.98,526.09
2026-04-12T21:40:00Z,57.63,2130.76,167.60,991.06,58.26,1857.15,175.18,924.15,67.53,2018.18,169.52,969.48,42.79,2136.80,166.56,466.87,295.53,70.14,98.34,265.04,1832.95,3563.83,2.54,149.80,142.19,628.30,3.46,971.92,59.63,515.74
2026-04-12T21:50:00Z,57.75,2122.53,166.85,992.50,58.06,1872.97,174.89,908.91,67.71,2000.72,170.46,981.57,43.29,2109.49,166.90,482.70,295.79,67.91,98.56,265.34,1842.25,3551.01,2.23,150.08,144.78,635.43,2.66,973.23,60.62,532.34
2026-04-12T22:00:00Z,57.98,2124.15,167.66,987.19,58.49,1865.37,174.80,913.50,67.25,2009.37,170.59,988.42,43.53,2114.67,166.84,483.84,298.35,67.07,99.26,270.41,1829.29,3563.41,2.75,151.08,146.46,629.22,2.91,968.20,59.63,521.65
2026-04-12T22:10:00Z,58.17,2123.34,168.15,1002.64,58.11,1865.23,174.56,921.73,67.31,,170.46,990.23,43.72,2113.26,166.95,491.57,297.96,67.37,98.36,267.62,1845.35,3551.88,2.52,151.11,143.70,631.55,2.91,968.36,59.75,529.72
2026-04-12T22:20:00Z,58.12,2122.28,167.27,1008.54,58.06,1867.85,175.12,917.23,67.12,2015.53,170.34,1004.83,43.06,2121.54,166.42,487.58,299.46,67.56,98.71,268.80,1837.36,3556.02,2.54,153.44,144.42,622.75,2.79,973.09,60.45,510.58
2026-04-12T22:30:00Z,58.24,2131.66,167.39,1013.82,58.19,1870.00,175.04,913.31,67.00,2018.16,170.39,973.31,42.84,2114.84,166.51,478.15,295.16,68.54,97.85,262.88,1835.09,3548.45,2.45,151.15,143.60,626.10,3.03,966.48,61.97,530.80
2026-04-12T22:40:00Z,58.14,2142.79,167.64,1017.80,57.95,1867.18,174.68,908.84,66.63,2021.17,170.20,973.07,42.51,2135.16,166.14,468.49,300.50,68.32,98.98,269.41,1839.08,3548.63,2.54,150.41,146.08,626.06,2.72,967.28,60.86,517.24
2026-04-12T22:50:00Z,58.71,2123.48,167.01,1013.06,58.26,1871.75,174.40,908.43,66.86,2033.59,170.12,981.29,42.80,2141.86,166.52,476.28,297.39,67.73,98.62,268.00,1836.74,3551.16,2.41,152.24,144.00,625.05,3.11,967.50,60.90,521.07
2026-04-12T23:00:00Z,58.95,2106.84,167.56,1041.93,57.89,1878.43,174.20,909.02,66.54,2040.38,169.12,955.96,42.35,2142.04,166.96,471.24,294.24,68.96,98.18,265.66,1834.02,3544.31,2.62,152.48,142.93,623.30,2.85,965.67,60.26,524.21
2026-04-12T23:10:00Z,59.34,2088.57,167.72,1065.70,57.34,1893.72,173.60,894.23,66.57,2041.68,169.57,950.11,42.66,2136.85,166.34,457.96,296.46,69.22,96.81,260.46,1827.10,3554.14,2.57,151.38,143.57,631.47,2.89,958.72,61.56,520.26
2026-04-12T23:20:00Z,59.81,2079.11,168.23,1075.56,57.67,1881.54,173.41,888.62,66.66,2026.40,170.20,959.02,42.78,2129.67,166.76,470.36,294.84,68.58,98.26,264.96,1849.66,3553.03,2.49,151.85,141.96,634.84,2.86,977.36,60.60,547.42
2026-04-12T23:30:00Z,59.60,2086.19,168.03,1074.65,57.04,1896.43,174.51,889.51,66.98,2022.01,170.35,961.63,42.64,2129.38,167.25,484.78,295.56,67.86,97.34,267.27,1836.60,3552.40,2.46,151.04,145.43,627.17,3.06,967.93,60.23,531.47
2026-04-12T23:40:00Z,59.71,2087.45,168.35,1062.74,57.28,1889.73,174.59,893.33,67.14,2009.22,170.90,974.67,42.85,2126.00,167.09,476.82,302.79,67.45,97.54,273.41,1837.18,3533.43,2.45,149.66,146.24,635.87,2.73,971.39,60.16,527.75
2026-04-12T23:50:00Z,59.82,2074.42,168.20,1061.63,56.93,1892.92,174.19,880.86,67.30,2014.07,170.90,970.60,42.88,2127.90,166.93,487.75,298.58,67.62,97.65,269.41,1840.81,3548.73,2.46,149.47,144.55,636.33,2.98,975.62,60.15,538.42
2026-04-13T00:00:00Z,59.99,2076.86,169.10,1065.08,56.95,1890.50,173.50,865.30,67.30,2014.83,170.73,980.51,42.72,2134.61,166.71,490.16,304.83,66.89,98.13,276.31,1844.18,3548.18,2.67,151.86,147.23,636.12,3.37,974.57,60.61,533.25
2026-04-13T00:10:00Z,60.16,2075.61,168.54,1077.47,56.56,1898.70,173.00,869.11,67.67,2017.14,170.21,969.61,42.77,2135.37,167.20,480.68,299.91,68.25,97.27,264.66,1836.96,3561.82,2.55,150.89,145.04,626.70,3.40,965.21,60.05,522.07
2026-04-13T00:20:00Z,60.10,2086.79,168.04,1073.08,56.42,1922.14,173.45,865.95,67.45,2013.27,169.90,979.43,42.70,2140.61,167.53,479.31,298.68,68.34,96.80,267.69,1840.34,3547.33,2.35,151.05,146.19,624.67,3.01,968.32,61.19,519.06
2026-04-13T00:30:00Z,59.83,2083.66,168.18,1068.65,56.39,1921.88,173.87,871.68,67.45,2016.05,169.88,985.49,42.63,2137.91,167.14,483.97,289.75,67.99,97.15,261.13,1831.13,3544.62,2.68,152.54,138.91,628.21,2.91,974.89,61.24,528.15
2026-04-13T00:40:00Z,59.45,2085.79,168.30,1075.39,56.22,1925.38,172.52,869.45,67.55,2009.99,170.13,976.97,42.12,2143.91,166.42,471.00,296.26,67.66,97.83,267.51,1841.01,3553.27,2.54,150.11,141.55,619.25,3.05,973.67,60.52,513.50
2026-04-13T00:50:00Z,59.38,2090.97,168.61,1064.11,56.28,1916.09,172.95,856.70,67.21,2019.84,170.57,979.41,42.16,2146.95,166.47,468.28,296.60,69.13,97.66,267.63,1844.59,3532.65,2.47,150.30,142.30,627.00,3.02,973.10,59.63,523.63
2026-04-13T01:00:00Z,59.03,2086.01,167.98,1035.34,56.46,1914.34,173.08,844.07,67.54,2017.44,170.45,972.69,42.64,2141.31,166.46,480.86,294.51,68.24,97.93,270.33,1841.38,3527.83,2.29,149.24,141.04,626.56,2.71,963.80,60.15,521.22
2026-04-13T01:10:00Z,58.68,2096.52,168.63,1040.92,56.51,1906.90,173.52,864.08,67.29,2002.82,170.80,986.93,42.45,2144.80,166.27,469.91,291.17,68.60,98.47,257.95,1827.52,3563.79,2.43,151.89,139.39,624.03,2.92,958.42,61.49,525.20
2026-04-13T01:20:00Z,58.86,2096.87,167.75,1050.60,56.47,1912.24,173.55,867.12,66.93,2020.60,170.11,992.29,42.11,2156.85,165.81,460.85,296.49,68.12,96.97,267.03,1842.49,3538.26,2.36,150.73,142.00,620.87,3.06,979.95,60.78,511.81
2026-04-13T01:30:00Z,59.15,2093.79,167.74,1050.54,55.89,1917.55,173.44,851.90,67.15,2014.04,170.54,986.42,42.44,2152.46,166.31,454.19,291.99,66.87,97.42,260.37,1828.67,3566.43,2.47,150.91,140.91,628.51,2.97,966.66,59.84,527.97
2026-04-13T01:40:00Z,59.01,2098.17,167.98,1052.03,55.93,1920.37,173.15,839.16,67.27,2015.41,169.91,992.62,42.51,2149.68,167.22,466.85,290.24,67.11,97.54,260.26,1829.30,3541.19,2.44,147.75,139.67,625.21,3.17,967.19,60.31,524.36
2026-04-13T01:50:00Z,58.68,2108.10,167.39,1047.30,56.07,1907.77,173.27,829.48,67.32,2015.75,169.62,994.26,42.77,2130.36,167.83,483.55,292.77,66.28,97.89,262.91,1833.89,3553.52,2.43,149.38,143.97,634.49,2.53,963.97,60.05,529.08
2026-04-13T02:00:00Z,58.40,2108.40,167.61,1034.25,55.99,1914.57,173.13,834.24,67.52,2012.74,169.76,991.87,43.13,2114.84,168.17,482.13,291.15,65.21,97.74,265.74,1835.91,3561.11,2.47,150.30,140.48,628.39,3.13,972.23,60.16,525.43
2026-04-13T02:10:00Z,58.66,2108.51,168.10,1040.91,55.77,1927.11,173.01,846.96,67.56,2003.95,169.66,984.58,43.12,2116.73,168.36,485.78,295.38,67.23,98.17,262.30,1830.24,3535.80,2.67,149.23,145.24,632.16,3.07,970.03,61.14,527.39
2026-04-13T02:20:00Z,58.74,2109.11,166.76,1024.95,55.82,1924.91,172.82,840.59,67.31,2010.56,170.11,984.25,42.97,2109.62,168.35,487.31,293.59,67.07,98.36,264.49,1828.83,3544.11,2.72,149.68,138.14,629.56,2.84,964.65,62.24,524.04
2026-04-13T02:30:00Z,58.83,2102.83,167.24,1023.68,55.61,1926.04,172.93,838.52,67.78,2000.00,170.62,1004.73,43.12,2115.84,168.51,501.15,296.21,69.07,97.84,265.98,1829.07,3540.53,2.35,150.06,141.60,626.83,2.85,965.08,60.82,525.50
2026-04-13T02:40:00Z,58.39,2115.00,167.24,1027.47,55.75,1936.67,172.53,827.67,67.84,1997.07,170.38,992.89,42.80,2121.27,168.26,505.20,296.38,67.21,98.23,265.12,1842.65,3563.77,2.45,152.24,143.78,630.14,3.20,965.12,61.47,536.99
2026-04-13T02:50:00Z,58.41,2117.03,167.78,1024.94,56.18,1930.19,173.00,833.82,67.89,2009.68,170.21,993.12,43.11,2122.95,167.88,490.44,295.42,65.87,97.64,265.21,1838.56,3557.14,2.87,150.79,141.11,629.60,3.13,968.50,62.90,527.88
2026-04-13T03:00:00Z,58.66,2101.10,167.81,1036.93,56.49,1917.22,173.16,849.04,67.72,2010.36,170.02,992.84,42.96,2128.24,167.47,486.09,297.88,66.14,97.82,265.78,1841.51,3564.06,2.60,151.27,144.91,636.06,2.92,969.11,62.36,528.59
2026-04-13T03:10:00Z,59.08,2101.36,167.89,1042.72,56.93,1911.67,172.28,854.86,67.60,2011.23,170.47,996.95,42.64,2121.43,167.67,478.63,294.04,66.29,97.64,264.92,1833.89,3540.41,2.70,148.90,141.49,626.30,2.76,963.61,61.58,512.82
2026-04-13T03:20:00Z,59.33,2096.52,168.83,1054.47,57.00,1900.87,172.34,847.57,67.45,2016.42,169.39,987.54,42.15,2128.74,167.02,472.41,296.85,68.41,97.05,267.38,1837.38,3563.27,2.59,151.62,144.33,630.94,2.92,960.74,61.88,521.23
2026-04-13T03:30:00Z,58.91,2103.83,168.14,1038.46,57.23,1892.31,173.12,872.39,67.42,2011.63,169.82,986.99,42.17,2137.88,167.26,459.37,299.68,68.72,98.30,269.30,1843.57,3557.02,2.65,150.88,146.60,635.82,2.77,971.75,61.08,526.34
2026-04-13T03:40:00Z,58.63,2100.96,167.65,1031.61,57.38,1888.36,173.99,875.71,67.05,2018.36,169.95,984.68,42.55,2143.70,167.16,467.36,299.88,68.66,97.97,266.86,1835.33,3534.91,2.63,151.08,143.41,626.91,3.24,967.24,60.34,524.99
2026-04-13T03:50:00Z,58.36,2110.99,167.58,1029.75,57.45,1893.36,173.64,891.07,66.36,2030.35,169.42,955.14,42.76,2138.02,167.11,480.01,298.32,66.25,96.91,269.05,1836.92,3549.68,2.62,149.06,143.59,630.77,3.52,971.04,61.51,525.70
2026-04-13T04:00:00Z,58.93,2114.46,167.67,1028.74,57.73,1889.28,173.54,894.11,66.82,2030.42,169.31,967.31,42.84,2135.24,167.24,485.36,301.76,67.36,97.29,270.07,1845.74,3551.39,2.54,150.05,145.84,636.82,2.80,971.94,61.13,534.48
2026-04-13T04:10:00Z,58.70,2111.93,167.10,1032.69,57.66,1885.22,173.45,903.43,67.11,2039.64,170.00,964.59,42.46,2138.05,167.54,472.49,297.70,68.59,97.79,269.48,1837.73,3559.59,2.45,151.23,145.37,636.86,2.94,969.93,61.85,533.56
2026-04-13T04:20:00Z,58.49,2115.10,167.49,1018.33,57.36,1897.29,173.34,892.30,67.26,2032.63,169.75,964.54,42.46,2138.35,167.41,469.74,292.27,67.76,97.86,266.02,1838.36,3540.32,2.63,149.85,141.45,621.47,2.52,975.06,62.20,514.51
2026-04-13T04:30:00Z,58.55,2114.22,168.06,1012.10,56.90,1894.06,173.24,884.04,67.52,2030.19,170.12,973.64,42.39,2133.12,166.56,471.14,291.33,69.15,97.73,260.76,1837.53,3549.14,2.51,149.75,140.07,628.38,2.89,971.35,61.37,536.54
2026-04-13T04:40:00Z,58.69,2115.84,168.16,1027.87,56.62,1908.25,174.18,876.04,67.40,2021.87,170.53,969.46,42.41,2131.17,166.20,457.13,290.69,67.90,97.12,264.18,1838.06,3553.40,2.56,149.10,141.45,626.94,3.29,975.57,60.62,525.41
2026-04-13T04:50:00Z,58.63,2111.75,168.42,1032.31,56.49,1898.39,174.22,864.60,67.60,2017.73,170.73,980.15,42.24,2132.13,167.31,459.17,293.16,65.97,97.58,265.84,1840.10,3551.17,2.65,150.11,142.90,626.76,3.07,971.69,59.97,523.71
2026-04-13T05:00:00Z,58.24,2115.62,168.20,1033.99,56.65,1918.77,174.24,861.40,67.78,2010.28,170.45,980.93,42.54,2141.77,166.88,461.15,292.12,66.35,98.26,259.31,1835.56,3548.74,2.53,149.81,141.10,627.82,2.62,971.27,60.83,524.87
2026-04-13T05:10:00Z,58.22,2122.89,167.11,1023.68,56.97,1912.38,173.08,855.87,67.95,1997.48,170.71,992.60,42.72,2131.96,167.05,474.27,292.73,67.24,98.44,261.30,1829.35,3542.98,2.58,150.90,141.59,619.12,2.83,964.62,58.56,503.82
2026-04-13T05:20:00Z,58.15,2121.63,166.43,1024.89,56.89,1901.72,172.82,856.64,67.81,1999.88,170.89,993.86,42.67,2128.99,167.65,481.33,300.24,67.66,98.15,268.25,1850.38,3549.61,2.54,150.55,143.75,622.51,2.78,975.97,59.43,527.26
2026-04-13T05:30:00Z,58.25,2109.02,166.95,1037.15,56.68,1907.91,172.92,870.16,67.06,2002.91,170.84,994.95,42.48,2138.16,167.57,473.66,301.32,66.38,98.14,271.36,1846.82,3549.12,2.45,149.16,144.91,626.19,2.67,974.67,59.67,518.37
2026-04-13T05:40:00Z,58.60,2097.56,167.32,1050.59,56.68,1910.97,172.71,845.91,67.36,2009.25,170.35,985.29,42.71,2134.72,167.72,476.19,297.90,66.59,96.68,267.12,1836.09,3551.41,2.62,151.52,142.71,634.88,3.19,964.60,59.95,524.71
2026-04-13T05:50:00Z,58.70,2101.12,167.30,1036.36,56.58,1908.41,174.03,855.65,67.17,2019.97,170.05,996.15,42.91,2131.68,166.91,475.90,294.18,66.44,96.93,261.78,1827.93,3547.79,2.39,151.07,144.23,636.27,2.79,965.93,62.31,520.05
2026-04-13T06:00:00Z,58.34,2111.58,167.14,1025.96,56.79,1906.37,173.56,865.29,67.19,2017.96,170.66,991.02,42.16,2144.59,167.09,479.63,298.30,66.32,97.27,268.43,1842.50,3549.20,2.72,149.34,146.92,634.13,3.01,977.65,61.59,531.34
2026-04-13T06:10:00Z,58.60,2121.23,166.90,1031.19,56.54,1906.42,173.37,859.13,67.09,2030.36,170.16,971.49,42.34,2148.72,167.01,472.86,296.17,66.87,97.16,269.24,1850.50,3547.72,2.64,151.45,142.40,631.59,3.18,975.87,61.91,533.19
2026-04-13T06:20:00Z,58.46,2105.09,167.97,1031.35,56.63,1905.76,172.66,859.50,67.03,2014.94,169.98,977.28,42.28,2149.71,166.46,452.43,292.61,68.19,97.36,266.03,1829.74,3551.20,2.75,152.24,141.49,621.24,3.14,964.06,62.09,512.54
2026-04-13T06:30:00Z,58.44,2107.83,167.77,1024.48,56.60,1903.44,173.75,859.98,67.23,2014.02,170.99,975.43,42.11,2144.85,165.87,437.44,296.14,67.41,97.22,271.50,1838.87,3553.21,2.52,150.85,146.74,641.85,3.15,960.60,61.44,539.55
2026-04-13T06:40:00Z,58.45,2104.28,167.68,1031.78,56.70,1905.34,173.49,863.25,66.98,2027.02,170.85,975.56,42.16,2136.12,166.90,458.91,295.42,66.02,97.05,269.08,1837.68,3559.26,2.62,150.81,142.79,625.38,3.23,972.00,60.56,520.52
2026-04-13T06:50:00Z,58.48,2110.96,167.34,1024.83,57.03,1898.60,173.39,861.00,66.55,2024.18,169.93,967.96,42.08,2143.38,166.71,464.21,289.29,67.32,98.49,258.27,1826.85,3548.02,2.43,149.14,137.96,623.66,3.00,960.79,60.18,520.32
2026-04-13T07:00:00Z,58.44,2109.00,166.93,1027.48,56.92,1902.60,173.17,859.58,66.67,2019.01,170.24,972.07,42.00,2142.45,165.95,456.12,288.87,69.85,97.60,261.95,1828.11,3553.19,2.51,150.63,138.19,624.54,2.52,966.79,60.74,525.08
2026-04-13T07:10:00Z,58.29,2114.29,167.77,1015.31,56.69,1908.52,172.70,861.16,66.86,2024.06,170.25,963.37,42.20,2140.02,166.35,450.75,291.15,67.34,97.03,261.55,1829.26,3548.11,2.58,149.90,141.36,623.46,2.68,962.63,61.10,516.41
2026-04-13T07:20:00Z,58.28,2123.79,167.20,1014.53,55.88,1913.32,172.61,842.11,66.86,2026.16,170.00,952.18,42.48,2141.77,166.35,457.84,291.32,66.92,97.88,264.46,1824.65,3548.86,2.51,151.05,138.15,620.68,2.94,963.37,60.95,521.80
2026-04-13T07:30:00Z,57.94,2134.18,167.35,1015.32,55.69,1918.56,173.03,834.65,67.06,2026.56,169.54,966.76,42.51,2149.27,166.66,463.02,292.06,69.13,98.24,263.23,1836.46,3548.93,2.66,151.25,139.84,618.13,3.48,963.79,60.80,507.44
2026-04-13T07:40:00Z,58.58,2121.81,167.49,1023.43,55.79,1926.82,173.02,815.35,66.65,2028.98,169.49,976.46,42.48,2139.75,166.72,476.59,298.85,66.45,97.63,269.92,1842.65,3562.78,2.51,151.69,142.33,629.55,3.04,968.23,62.00,524.15
2026-04-13T07:50:00Z,58.68,2115.64,167.22,1012.40,56.10,1935.42,172.48,825.53,,2027.62,169.81,964.09,42.73,2140.20,167.17,476.23,293.98,64.85,97.88,266.44,1835.29,3556.10,2.43,149.63,145.80,625.45,2.98,976.01,62.04,521.75
2026-04-13T08:00:00Z,58.65,2123.85,166.99,1021.64,56.11,1929.72,172.94,824.42,66.63,2029.80,169.36,969.61,42.76,2133.84,167.03,474.16,292.56,66.52,96.89,261.65,1837.18,3551.64,2.48,148.74,142.01,636.34,3.31,970.42,61.09,536.52
2026-04-13T08:10:00Z,58.42,2133.84,166.81,1020.46,56.37,1911.95,171.96,834.49,66.60,2032.17,169.28,961.41,42.50,2145.93,166.77,478.83,287.51,68.21,97.63,259.46,1824.14,3544.93,2.50,151.43,137.52,623.95,3.02,965.64,60.11,523.07
2026-04-13T08:20:00Z,58.24,2125.63,167.42,1021.45,56.62,1913.69,172.20,840.75,66.30,2039.98,169.47,942.44,42.65,2136.11,167.15,464.07,288.34,66.36,97.50,258.26,1827.96,3540.66,2.60,149.41,136.44,621.60,3.07,962.34,60.14,519.42
2026-04-13T08:30:00Z,58.97,2116.57,167.37,1014.20,56.64,1903.04,172.99,847.80,66.30,2037.95,169.19,943.22,42.73,2132.30,167.16,472.95,289.37,67.00,98.04,259.83,1841.53,3549.89,2.63,149.63,138.05,619.07,3.17,972.49,59.60,510.73
2026-04-13T08:40:00Z,58.72,2100.13,167.54,1027.91,56.38,1904.11,173.48,845.88,65.96,2059.40,169.31,928.13,43.41,2123.36,166.70,478.79,289.18,65.81,97.51,256.27,1832.63,3541.82,2.26,149.38,137.74,622.43,,965.94,59.95,521.97
2026-04-13T08:50:00Z,58.89,2100.31,167.38,1016.46,56.49,1915.25,172.96,852.57,65.68,2066.48,169.52,921.70,43.34,2113.09,166.81,496.57,281.99,66.81,98.02,252.53,1826.20,3560.91,2.38,149.70,133.50,617.11,3.32,960.02,60.08,515.55
2026-04-13T09:00:00Z,58.37,2114.51,166.87,1012.78,56.53,1917.99,173.11,874.68,65.97,2060.89,168.83,923.48,43.02,,166.47,489.28,288.42,67.10,97.00,258.31,1832.85,3545.97,2.64,147.82,140.80,620.54,2.69,951.51,59.47,523.03
2026-04-13T09:10:00Z,58.17,2120.09,167.26,1015.61,56.37,1903.37,174.07,873.80,66.19,2051.66,168.65,930.35,43.01,2119.48,167.74,485.78,292.59,67.31,97.80,264.14,1833.00,3554.77,2.47,150.00,143.06,621.18,2.91,963.64,60.15,522.25
2026-04-13T09:20:00Z,57.82,2129.37,166.21,1009.59,55.88,1927.14,173.58,854.70,66.22,2049.46,168.94,928.18,42.83,2126.26,167.10,480.69,293.96,68.08,97.70,265.86,1837.62,3551.15,2.50,152.67,140.54,622.15,2.97,970.90,60.71,510.77
2026-04-13T09:30:00Z,57.95,2137.38,166.71,1002.43,55.36,1922.46,172.60,833.37,66.54,2039.66,169.17,954.35,42.60,2125.57,166.50,483.22,300.42,66.98,97.84,271.00,1838.36,3547.47,2.43,149.40,147.05,632.68,3.01,967.71,59.41,522.89
2026-04-13T09:40:00Z,58.06,2121.51,166.25,1000.60,55.77,1940.40,172.42,830.30,67.01,2036.98,169.34,963.46,42.68,2128.14,166.99,472.76,293.66,66.47,97.53,266.03,1835.97,3556.40,2.66,152.13,142.19,620.29,3.23,965.75,59.17,505.92
2026-04-13T09:50:00Z,57.99,2120.81,167.21,1008.34,55.84,1925.88,172.72,830.45,66.85,2020.89,169.60,960.34,43.12,2131.25,166.78,483.47,293.40,67.68,98.06,261.29,1831.87,3553.33,2.75,149.90,139.26,625.02,2.78,957.79,59.67,514.58
2026-04-13T10:00:00Z,58.13,2128.83,167.83,1008.66,55.83,1933.16,172.18,821.27,66.89,2021.23,169.93,976.49,43.58,2113.63,167.03,503.25,301.13,68.07,96.91,269.35,1837.22,3555.94,2.26,151.50,142.07,625.82,2.96,965.12,59.86,524.89
2026-04-13T10:10:00Z,58.35,2134.26,167.62,1013.67,55.99,1924.11,172.49,842.07,66.97,2029.62,170.03,969.68,43.53,2104.63,166.68,509.55,296.42,66.55,97.53,271.23,1845.20,3559.36,2.60,152.50,144.50,621.57,3.51,970.20,61.09,520.17
2026-04-13T10:20:00Z,58.47,2122.08,166.63,1003.73,56.06,1932.03,171.80,841.52,67.24,2023.00,170.81,986.84,43.20,2116.34,167.57,509.01,297.81,66.61,97.00,272.37,1842.12,3550.63,2.55,150.33,143.06,623.22,2.79,974.33,61.23,499.66
2026-04-13T10:30:00Z,58.36,2120.82,167.33,1012.38,56.18,1922.84,173.09,854.96,67.02,2021.41,170.43,981.80,42.94,2130.95,168.01,496.74,299.24,67.37,97.40,271.81,1846.39,3560.45,2.61,148.50,142.97,621.18,3.23,973.83,60.97,520.20
2026-04-13T10:40:00Z,58.41,2114.93,167.10,1011.15,56.38,1919.00,172.67,853.54,66.51,2023.13,170.03,976.53,43.47,2121.63,167.14,497.47,299.74,69.81,97.29,271.05,1839.44,3542.48,2.67,148.73,145.41,629.87,3.36,964.10,61.00,526.39
2026-04-13T10:50:00Z,58.20,2118.93,167.37,1016.94,56.52,1913.68,172.69,860.47,66.40,2041.57,170.25,954.63,43.00,2121.84,166.69,495.50,302.11,68.51,97.72,271.64,1840.06,3540.34,2.39,151.52,144.78,634.12,2.94,968.18,61.14,529.74
2026-04-13T11:00:00Z,58.30,2117.79,166.73,1027.46,56.66,1910.05,172.31,853.46,66.81,2030.66,170.63,964.83,43.31,2112.19,167.41,499.33,295.85,67.39,97.38,266.46,1836.65,3553.31,2.77,149.32,143.45,630.48,2.89,973.13,62.89,522.35
2026-04-13T11:10:00Z,58.25,2113.48,166.98,1026.77,56.93,1905.63,171.53,856.63,66.69,2028.37,170.06,956.33,43.39,2124.47,167.63,501.14,296.24,67.95,96.60,269.50,1835.84,3533.71,2.57,148.07,142.33,624.77,2.92,971.06,61.92,515.03
2026-04-13T11:20:00Z,57.97,2112.29,166.79,1016.24,56.98,1899.56,173.08,859.96,66.76,2032.95,169.92,946.63,43.30,2118.59,167.53,498.09,293.51,68.22,96.73,263.08,1825.53,3545.26,2.65,151.28,142.94,634.77,2.53,960.75,61.21,533.37
2026-04-13T11:30:00Z,57.47,2127.20,166.87,1001.69,56.75,1910.77,173.06,853.81,66.62,2038.80,169.08,953.17,43.12,2126.23,167.07,493.07,292.58,67.86,96.77,263.64,1842.45,3553.17,2.60,150.22,139.78,626.26,3.04,967.23,60.34,508.14
2026-04-13T11:40:00Z,57.72,2127.31,166.73,989.58,57.00,1905.44,172.78,864.06,66.10,2039.80,168.57,938.47,43.23,2120.21,167.70,486.27,285.85,66.35,96.92,255.41,1814.83,3558.18,2.53,150.19,138.07,618.80,3.20,955.49,59.20,525.52
2026-04-13T11:50:00Z,57.86,2128.31,166.70,1004.03,57.07,1905.18,172.71,871.76,65.88,2044.61,168.65,928.16,43.36,2131.50,167.54,486.06,290.92,64.62,97.49,261.61,1841.47,3546.51,2.47,152.38,142.32,622.70,3.13,968.40,58.62,514.90
2026-04-13T12:00:00Z,58.19,2114.26,166.91,1019.62,56.64,1909.82,173.65,864.14,66.15,2054.53,168.72,929.24,43.40,2128.85,167.39,490.15,286.14,65.41,97.54,258.05,1827.42,3565.84,2.43,152.21,139.29,620.43,2.89,960.93,59.71,522.30
2026-04-13T12:10:00Z,58.00,2125.41,167.14,1014.63,56.43,1921.64,172.91,861.94,66.36,2048.14,167.96,933.32,43.90,2122.65,167.82,508.04,297.45,65.77,97.92,262.76,1837.30,3543.74,2.32,151.87,144.75,631.25,3.12,968.03,60.73,528.24
2026-04-13T12:20:00Z,58.28,2111.18,167.73,1015.25,56.38,1926.60,172.51,848.03,65.97,2054.11,168.52,931.84,43.86,2117.30,167.38,510.49,291.50,,97.12,263.80,1838.26,3561.52,2.31,150.62,141.15,627.10,2.80,964.94,60.55,524.52
2026-04-13T12:30:00Z,58.20,2123.43,167.44,1013.01,56.58,1915.74,172.57,861.98,65.62,2056.11,168.74,918.56,43.86,2103.73,167.24,521.06,296.87,68.99,97.66,265.11,1835.89,3552.20,2.63,149.36,142.92,622.75,2.93,963.60,60.19,519.87
2026-04-13T12:40:00Z,58.11,2126.42,167.52,1022.27,56.95,1918.77,173.29,853.26,65.54,2057.11,168.96,924.52,43.73,2099.76,168.28,510.08,293.14,67.02,97.91,263.98,1833.71,3547.61,2.58,152.20,142.01,620.71,3.26,963.63,59.85,514.68
2026-04-13T12:50:00Z,58.69,2117.10,167.48,1027.57,57.05,1899.72,173.74,872.56,65.22,2073.38,168.42,924.55,43.77,2105.71,167.94,515.42,291.28,66.52,97.39,259.22,1825.31,3542.09,2.38,150.91,141.43,627.07,3.25,966.33,60.42,514.87
2026-04-13T13:00:00Z,59.26,2095.73,167.77,1032.12,57.45,1890.76,173.40,870.69,64.84,2075.39,168.21,924.49,43.86,2105.09,167.70,494.85,292.81,66.09,97.25,261.85,1828.63,3545.12,2.30,150.40,140.38,628.51,3.14,962.24,61.56,515.96
2026-04-13T13:10:00Z,59.39,2083.58,167.68,1053.81,57.43,1902.88,173.67,878.83,65.02,2073.54,168.65,916.67,43.99,2105.40,167.92,489.44,291.90,66.63,97.13,264.59,1837.12,3555.26,2.38,149.44,142.15,625.85,3.16,975.92,62.13,524.38
2026-04-13T13:20:00Z,59.13,2081.19,168.51,1074.63,57.29,1898.17,172.90,867.80,64.74,2073.05,169.29,903.30,43.77,2099.41,167.73,489.32,291.92,69.63,97.72,263.94,1829.28,3548.42,2.46,150.28,140.01,627.16,3.19,965.45,60.43,519.76
2026-04-13T13:30:00Z,58.90,2093.60,167.86,1055.09,57.38,1892.99,173.28,895.04,64.79,2079.49,168.84,905.65,43.53,2107.08,167.27,495.18,296.85,66.69,98.28,268.96,1849.06,3548.61,2.29,152.29,142.47,628.77,3.19,971.76,60.42,540.53
2026-04-13T13:40:00Z,58.97,2106.84,168.57,1041.16,56.88,1907.32,173.09,879.41,64.98,2073.58,168.36,897.41,43.25,2105.65,167.38,487.45,301.87,66.26,96.99,270.52,1840.38,3551.99,2.62,150.81,145.84,631.78,3.08,965.48,60.67,526.89
2026-04-13T13:50:00Z,58.77,2106.41,168.59,1047.15,56.24,1923.61,173.27,879.48,64.98,2071.66,167.95,894.51,43.51,2106.76,167.29,509.82,293.75,68.31,97.55,263.20,1834.43,3547.34,2.64,150.42,142.10,627.27,3.30,969.70,60.53,525.31
2026-04-13T14:00:00Z,58.43,2109.59,168.35,1043.91,56.35,1914.59,173.52,864.78,65.09,2068.25,168.11,889.64,43.41,2120.23,167.59,508.43,289.58,67.77,97.40,261.34,1833.06,3549.25,2.64,150.21,137.09,621.26,2.61,969.55,60.62,515.67
2026-04-13T14:10:00Z,58.22,2115.51,167.97,1027.42,55.83,1919.81,173.13,843.35,65.85,2050.67,168.74,904.56,43.63,2116.65,168.14,512.02,293.98,68.54,97.67,262.65,1829.14,3563.29,2.49,150.11,143.81,632.74,2.82,966.51,60.04,535.25
2026-04-13T14:20:00Z,58.65,2122.25,167.28,1024.48,55.99,1925.41,173.26,836.45,65.80,2054.99,168.99,929.71,43.78,2114.91,168.21,513.66,290.78,68.26,98.84,265.33,1830.27,3546.24,2.55,151.23,141.47,621.04,3.15,963.88,59.75,507.56
2026-04-13T14:30:00Z,58.91,2101.51,166.48,1027.25,56.06,1929.09,173.20,844.07,66.18,2045.84,168.76,931.54,43.90,2108.33,167.07,503.89,290.95,67.42,98.26,263.08,1834.07,3548.63,2.32,150.98,139.68,632.20,3.33,967.94,60.73,526.58
2026-04-13T14:40:00Z,58.81,2101.59,167.08,1032.36,56.03,1916.60,172.88,849.66,66.31,2040.76,168.80,932.70,43.93,2098.67,167.57,510.79,293.94,67.14,97.59,265.95,1833.33,3532.14,2.22,149.06,140.84,621.55,2.86,968.20,60.67,517.21
2026-04-13T14:50:00Z,58.89,2101.31,167.68,1034.81,56.31,1929.04,172.38,843.19,66.32,2043.79,169.49,936.44,44.09,2101.09,167.24,522.93,294.30,65.47,97.65,263.10,1828.38,3558.13,2.28,150.97,142.77,630.95,3.25,972.95,60.18,519.05
2026-04-13T15:00:00Z,59.01,2097.44,167.18,1026.66,56.32,1922.08,172.19,836.20,66.60,2036.31,169.47,942.87,43.91,2107.38,167.25,524.00,295.77,67.66,97.89,266.27,1835.65,3542.20,2.42,151.66,144.12,626.11,2.83,965.85,60.96,511.94
2026-04-13T15:10:00Z,59.18,2094.73,167.17,1054.79,56.70,1911.74,173.01,848.50,66.81,2040.08,169.72,946.10,43.65,2108.51,167.07,515.23,296.96,66.27,97.31,267.78,1845.25,3549.08,2.50,152.68,142.22,626.39,3.17,976.79,60.87,522.40
2026-04-13T15:20:00Z,59.02,2098.76,166.77,1052.42,56.61,1902.22,173.32,861.65,66.44,2040.90,169.66,948.84,43.48,2112.01,167.98,514.95,298.96,68.07,97.33,268.03,1839.01,3549.02,2.41,148.72,145.46,634.66,2.90,970.03,59.79,517.54
2026-04-13T15:30:00Z,58.71,2104.58,167.67,1039.09,56.93,1902.75,173.18,874.32,66.64,2036.17,169.37,947.63,43.19,2109.00,167.90,509.17,302.24,66.76,97.65,271.75,1843.92,3545.53,2.44,147.91,146.45,627.19,2.77,971.09,61.42,520.43
2026-04-13T15:40:00Z,58.47,2111.95,168.08,1019.05,56.88,1895.29,173.42,871.58,66.47,2034.48,169.89,944.65,43.14,2121.69,167.23,487.28,297.93,68.35,98.08,265.95,1836.82,3553.35,2.29,149.70,141.62,619.23,3.02,968.11,60.98,518.45
2026-04-13T15:50:00Z,58.14,2111.53,167.76,997.73,56.60,1900.26,172.74,877.23,66.53,2031.62,169.29,945.19,42.86,2127.34,166.91,491.10,300.81,70.43,97.43,268.78,1841.76,3543.05,2.69,148.91,144.22,624.18,2.94,970.67,61.90,529.73
2026-04-13T16:00:00Z,57.97,2117.19,167.70,1001.94,56.77,1905.15,173.66,865.63,66.51,2031.24,169.70,941.45,43.04,2125.51,166.33,479.13,297.87,68.56,98.91,267.79,1837.87,3544.71,2.56,149.93,146.94,627.85,2.85,970.97,62.21,524.90
2026-04-13T16:10:00Z,57.97,2122.99,166.54,1001.27,57.24,1897.94,173.76,869.87,66.33,2038.38,169.11,940.98,42.68,2113.07,167.26,491.46,295.85,68.59,98.18,262.53,1828.92,3547.47,2.55,150.00,143.55,627.16,3.01,966.76,61.99,523.64
2026-04-13T16:20:00Z,57.91,2121.97,166.61,1017.27,57.47,1897.70,,883.89,66.39,2036.70,169.59,952.38,43.12,2114.37,167.48,479.45,292.82,68.16,97.95,266.64,1836.64,3553.86,2.53,150.18,143.24,629.57,2.75,971.78,61.04,529.71
2026-04-13T16:30:00Z,58.47,2120.76,166.59,1011.13,57.60,1887.22,174.54,900.87,66.09,2046.48,170.00,941.40,43.67,2106.10,166.70,494.98,291.69,68.33,97.18,262.12,1823.53,3550.79,2.56,150.87,140.66,629.90,3.03,967.25,61.59,519.25
2026-04-13T16:40:00Z,58.34,2123.57,166.83,1016.82,57.27,1894.88,173.81,894.13,66.04,2038.91,170.22,942.61,43.92,2102.11,167.16,506.18,294.44,66.87,97.21,265.00,1839.90,3554.87,2.41,150.15,143.41,627.79,3.07,970.04,61.90,530.24
2026-04-13T16:50:00Z,58.44,2127.44,166.74,998.77,57.17,1888.88,174.00,896.30,66.26,2034.06,169.08,931.57,43.91,2100.03,167.72,520.71,294.95,66.96,97.46,265.83,1835.83,3548.71,2.48,150.08,140.15,626.14,2.80,971.37,62.06,516.34
2026-04-13T17:00:00Z,58.43,2125.11,166.32,996.39,57.73,1882.85,174.26,891.36,66.41,2049.00,168.35,922.76,43.92,2096.65,167.32,517.18,295.57,64.87,96.91,263.89,1830.89,3559.20,2.54,149.15,144.02,625.33,3.03,966.64,61.54,526.62
2026-04-13T17:10:00Z,58.62,2105.22,167.61,1010.75,57.98,1881.67,174.02,912.07,66.23,2040.58,168.71,936.65,44.15,2092.39,167.43,519.43,299.35,65.90,97.00,271.92,1837.44,3550.03,2.53,150.58,147.15,632.87,3.08,968.32,61.86,515.75
2026-04-13T17:20:00Z,58.38,2105.69,167.35,1015.51,57.60,1878.47,174.26,914.50,66.33,2042.62,170.34,946.07,44.46,2091.05,167.80,527.55,296.00,65.82,96.93,264.73,1831.72,3553.87,2.43,151.26,141.13,622.88,2.95,967.28,62.87,523.45
2026-04-13T17:30:00Z,58.38,2109.21,166.85,1024.95,57.88,1892.51,174.35,910.39,66.54,2042.30,170.31,954.35,44.09,2095.54,167.60,530.14,298.65,67.69,97.05,266.17,1837.38,3550.72,2.44,150.40,143.41,633.77,2.62,965.43,62.23,534.06
2026-04-13T17:40:00Z,58.73,2101.23,168.62,1043.17,58.43,1870.80,173.50,920.81,66.71,2038.94,169.74,952.81,43.55,2100.84,167.64,528.22,297.83,69.88,97.14,267.00,1836.73,3559.87,2.57,149.18,140.84,627.72,2.87,969.11,62.40,527.70
2026-04-13T17:50:00Z,58.63,2098.09,167.63,1047.10,58.54,1868.58,174.23,940.67,67.05,2024.15,170.11,952.12,43.48,2101.24,167.72,523.34,297.32,70.22,97.40,267.38,1839.07,3561.23,2.46,149.66,144.00,631.62,2.97,971.15,60.68,526.24
2026-04-13T18:00:00Z,58.73,2103.22,168.12,1043.96,58.74,1858.35,174.32,948.63,67.14,2026.73,170.05,958.44,43.35,2107.19,166.97,518.24,294.47,70.23,98.02,266.36,1836.18,3542.47,2.62,149.90,142.25,623.09,3.16,972.51,59.97,515.51
2026-04-13T18:10:00Z,58.60,2111.36,167.72,1030.70,58.55,1869.11,174.20,930.40,66.74,2030.31,169.83,964.48,43.26,2113.28,166.83,523.97,293.37,69.05,97.83,259.72,1840.89,3557.11,2.36,152.12,140.70,633.01,2.97,969.39,61.00,525.77
2026-04-13T18:20:00Z,58.87,2100.40,167.93,1037.80,58.53,1867.55,173.76,916.49,66.78,2023.96,170.07,974.32,43.32,2103.84,167.90,511.74,298.73,69.58,98.53,265.73,1834.34,3551.61,2.69,150.11,145.81,629.02,3.28,963.44,61.45,527.52
2026-04-13T18:30:00Z,59.38,2089.28,168.42,1049.56,58.54,1866.19,174.52,924.33,66.79,2031.69,170.42,975.99,43.32,2113.80,167.42,501.06,297.47,70.36,97.76,269.70,1842.97,3559.70,2.59,151.52,144.53,625.79,2.75,974.58,60.41,516.20
2026-04-13T18:40:00Z,59.69,2087.56,167.52,1049.05,58.48,1862.28,174.68,934.16,66.67,2034.17,170.60,957.73,43.27,2104.66,167.11,502.62,298.68,69.33,98.51,268.00,1835.32,3539.72,2.72,150.38,144.83,634.04,2.54,966.34,59.22,530.92
2026-04-13T18:50:00Z,59.57,2081.22,168.61,1064.08,58.74,1848.14,174.73,946.79,66.44,2030.59,169.78,955.43,43.40,2109.74,167.03,515.76,300.49,69.98,98.20,271.59,1844.32,3550.99,2.29,151.56,146.30,634.70,2.84,971.22,61.95,531.76
2026-04-13T19:00:00Z,59.65,2093.01,168.22,1060.49,58.61,1849.55,174.75,944.79,66.52,2026.46,170.25,969.00,43.13,2112.63,167.27,498.43,302.99,70.15,98.55,274.24,1850.64,3559.93,2.41,149.68,148.91,634.76,3.11,975.48,61.41,530.47
2026-04-13T19:10:00Z,59.71,2082.64,168.25,1061.22,58.27,1856.24,174.90,939.12,66.34,2045.57,170.73,944.20,42.65,2121.90,167.17,488.73,302.75,70.31,97.73,275.77,1848.97,3568.99,2.44,150.40,147.50,633.77,3.12,974.48,62.18,525.48
2026-04-13T19:20:00Z,59.47,2086.66,167.81,1058.87,58.48,1854.02,174.52,941.58,66.86,2033.70,169.63,951.42,43.01,2116.78,167.09,497.23,303.37,69.73,97.84,272.72,1840.99,3555.89,2.71,150.49,147.34,632.42,2.82,967.70,61.06,538.62
2026-04-13T19:30:00Z,59.26,2081.17,168.26,1063.10,58.62,1857.90,174.69,938.42,67.29,2014.87,169.44,961.12,43.37,2122.41,167.14,495.20,304.41,70.53,98.13,272.88,1850.69,3555.81,2.56,151.38,148.51,631.92,2.93,977.53,60.72,530.23
2026-04-13T19:40:00Z,58.90,2094.45,168.43,1052.71,58.43,1869.28,174.53,926.53,67.69,2012.42,169.68,970.66,43.31,2109.22,167.50,505.18,302.15,69.53,98.99,272.60,1842.38,3555.07,2.45,150.74,148.64,630.59,3.30,967.57,61.01,519.12
2026-04-13T19:50:00Z,58.49,2106.23,168.02,1027.83,58.11,1867.98,174.81,937.42,67.37,2012.87,169.81,966.22,43.09,2122.54,167.49,490.22,298.42,71.38,98.87,269.62,1845.61,3545.89,2.66,149.38,143.94,629.18,3.31,966.19,60.30,512.09
2026-04-13T20:00:00Z,58.85,2105.15,167.93,1022.23,58.11,1870.53,174.30,921.11,67.85,2001.13,169.86,989.92,42.64,2125.80,168.07,502.08,296.38,70.33,98.57,268.93,1838.96,3560.77,2.61,151.03,143.90,627.35,3.11,971.86,60.93,522.40
2026-04-13T20:10:00Z,58.88,2114.57,168.06,1030.08,57.97,1868.31,174.28,914.56,68.23,1983.98,170.72,997.07,43.00,2121.79,167.52,487.78,298.42,70.34,97.94,269.82,1847.45,3534.73,2.66,149.63,142.42,620.52,3.00,971.79,59.99,526.28
2026-04-13T20:20:00Z,59.31,2108.23,168.44,1028.04,57.84,1878.57,173.82,904.91,68.20,1984.84,170.91,1001.40,43.14,2120.83,167.05,490.93,297.33,68.95,98.12,265.15,1837.57,3544.92,2.41,150.54,145.93,631.46,2.37,963.52,58.79,515.70
2026-04-13T20:30:00Z,59.27,2101.49,167.95,1029.16,57.65,1887.87,173.86,896.03,68.24,2000.76,170.81,1012.22,42.97,2113.88,166.86,510.96,298.92,69.03,98.68,266.19,1838.18,3561.51,2.47,149.80,143.75,634.44,3.10,974.22,59.67,537.88
2026-04-13T20:40:00Z,58.91,2104.01,168.05,1040.93,57.37,1889.36,173.79,898.08,68.28,2001.83,170.57,1002.56,43.08,2119.04,167.13,501.28,299.95,68.82,97.68,270.66,1840.28,3548.70,2.63,149.98,147.15,633.59,3.11,973.54,59.19,529.77
2026-04-13T20:50:00Z,58.82,2099.11,168.29,1040.87,57.39,1886.26,173.22,900.22,68.60,1993.50,170.61,1009.94,42.95,2125.66,166.85,500.80,302.36,70.75,98.27,270.58,1835.28,3554.41,2.27,149.78,148.08,636.86,2.77,968.22,59.17,514.34
2026-04-13T21:00:00Z,58.60,2107.61,167.03,1024.14,57.04,1887.84,173.29,898.04,68.59,1991.46,171.23,1012.66,43.06,2124.60,167.22,493.51,304.13,69.75,98.53,273.10,1844.35,3544.68,2.92,148.87,146.02,632.34,3.03,973.11,60.13,523.01
2026-04-13T21:10:00Z,58.80,2112.24,166.85,1023.74,57.24,1884.31,173.35,906.73,68.58,1988.13,171.64,1026.81,42.75,2127.47,166.56,486.21,296.67,69.45,97.79,267.97,1831.82,3546.11,2.54,149.30,144.37,619.34,2.99,963.95,60.59,519.73
2026-04-13T21:20:00Z,58.78,2107.99,166.89,1033.46,57.37,1889.55,173.91,907.20,67.96,1990.15,171.09,1021.50,43.19,2119.89,165.98,497.79,303.26,68.02,97.58,273.46,1850.76,3552.06,2.56,150.76,144.33,628.80,2.87,976.35,61.62,523.60
2026-04-13T21:30:00Z,58.62,2109.94,166.78,1027.19,57.73,1875.73,174.71,896.63,67.77,1992.24,171.30,1001.29,43.30,2117.14,166.58,503.91,305.23,69.64,97.85,276.47,1848.20,3545.53,2.42,147.82,148.82,633.99,2.99,974.48,61.48,514.19
2026-04-13T21:40:00Z,58.43,2105.81,168.37,1038.27,57.99,1876.16,174.40,893.68,68.26,1995.38,170.95,998.00,43.55,2110.11,167.44,497.98,300.11,70.33,97.66,270.78,1846.74,3546.07,2.61,151.79,142.79,628.88,2.91,973.79,62.38,517.34
2026-04-13T21:50:00Z,58.42,2109.03,167.98,1035.92,57.90,1874.92,174.16,917.10,68.10,2007.49,170.65,989.74,43.12,2112.62,167.51,505.72,298.78,71.96,97.68,268.91,1826.00,3554.15,2.66,148.61,143.12,629.79,3.18,959.44,61.76,522.87
2026-04-13T22:00:00Z,58.70,2109.49,168.25,1029.50,57.81,1885.11,173.80,909.49,67.95,2004.70,171.22,993.14,43.24,2111.05,167.53,508.57,298.66,72.03,98.12,269.11,1842.84,3559.34,2.47,150.48,143.05,623.75,3.19,973.45,59.30,513.69
2026-04-13T22:10:00Z,58.57,2100.39,167.96,1012.34,57.95,1874.19,174.34,902.31,67.85,1994.22,171.64,998.57,43.31,2117.75,167.81,493.02,295.71,70.10,98.41,262.24,1835.32,3553.08,2.74,150.75,142.19,626.02,3.16,959.42,60.86,516.13
2026-04-13T22:20:00Z,58.52,2102.74,167.88,1030.26,57.74,1872.22,174.42,913.23,67.76,1998.42,170.72,995.93,43.81,2111.36,168.05,497.09,296.16,70.24,98.40,261.95,1825.15,3561.87,2.49,151.16,145.71,626.02,3.12,965.86,61.21,526.23
2026-04-13T22:30:00Z,58.23,2113.92,167.55,1029.23,57.78,1887.91,174.30,924.82,67.68,2000.81,170.51,994.15,43.74,2119.18,168.29,498.21,300.23,69.49,98.70,270.79,1850.24,3548.02,2.34,150.74,144.55,628.80,2.75,971.79,61.59,518.67
2026-04-13T22:40:00Z,58.31,2111.41,167.26,1029.55,57.95,1882.08,174.07,928.15,67.35,2011.35,170.35,977.79,43.63,2112.79,167.61,505.59,295.02,69.05,98.24,265.05,1836.16,3556.42,2.72,150.66,141.65,624.64,2.84,966.11,60.97,506.46
2026-04-13T22:50:00Z,58.45,2114.37,167.27,1020.87,58.01,1876.67,174.67,917.66,67.73,1998.50,170.53,981.91,43.81,2103.54,167.26,518.09,296.13,69.01,99.17,267.18,1834.58,3548.99,2.34,149.80,141.87,633.78,3.09,963.42,60.74,524.93
2026-04-13T23:00:00Z,58.54,2114.89,167.41,1034.21,57.31,1893.88,173.87,901.56,67.80,2008.91,169.92,997.94,43.73,2097.48,167.07,516.53,293.15,67.33,98.76,266.57,1830.46,3534.42,2.66,150.65,143.51,626.01,3.33,962.35,60.70,518.14
2026-04-13T23:10:00Z,58.96,2108.62,168.50,1037.65,57.35,1896.50,173.42,881.24,67.61,2007.10,170.34,988.57,43.53,2105.38,167.47,503.47,290.67,67.23,99.02,262.13,1834.64,3553.40,2.38,150.85,140.42,621.02,3.05,967.78,61.90,517.16
2026-04-13T23:20:00Z,59.10,2102.65,168.17,1051.64,57.42,1879.44,173.45,887.19,67.44,2012.13,169.84,973.30,43.91,2107.89,167.25,507.71,299.58,67.78,98.22,271.64,1838.04,3546.85,2.57,149.27,142.85,621.31,3.34,957.17,61.53,520.54
2026-04-13T23:30:00Z,59.03,2096.39,168.28,1047.36,57.38,1877.78,173.44,888.57,67.34,2023.45,169.58,971.79,44.16,2099.07,167.05,510.42,301.51,71.02,98.21,271.20,1840.30,3554.34,2.48,150.39,145.19,634.12,2.83,968.81,60.01,529.06
2026-04-13T23:40:00Z,59.55,2083.44,168.50,1057.51,57.08,1879.35,173.20,882.44,67.40,2023.13,169.76,987.00,44.21,2098.00,166.96,517.92,308.74,69.62,97.54,276.50,1842.37,3549.84,2.39,150.24,149.64,627.71,3.15,969.52,61.33,517.89
2026-04-13T23:50:00Z,59.30,2094.06,168.72,1043.24,57.14,1894.09,173.52,882.73,67.03,2030.39,169.74,975.86,44.33,2110.24,167.76,518.66,305.43,68.99,96.84,273.95,1842.65,3539.41,2.50,150.34,148.07,633.60,3.00,974.46,61.75,517.61
2026-04-14T00:00:00Z,59.43,2080.06,168.60,1038.94,56.27,1906.50,173.57,869.27,66.94,2011.97,170.57,981.05,43.87,2101.98,167.21,509.16,299.19,68.26,97.84,272.82,1844.12,3562.51,2.36,149.46,144.55,622.25,2.61,969.15,61.21,515.49
2026-04-14T00:10:00Z,59.59,2079.19,168.33,1056.73,55.46,1928.39,174.34,850.18,66.63,2016.19,170.38,982.79,43.24,2121.68,167.18,500.19,294.42,70.63,98.29,262.74,1829.64,3551.01,2.56,150.27,140.80,623.88,2.85,972.89,60.76,509.44
2026-04-14T00:20:00Z,59.06,2091.94,168.06,1052.15,54.86,1951.74,173.48,828.61,66.40,2033.54,170.12,968.59,42.82,2123.29,167.63,496.38,296.21,68.25,98.17,267.95,1838.69,3554.46,2.86,150.71,139.05,619.94,2.89,968.23,59.81,510.73
2026-04-14T00:30:00Z,59.18,2098.99,168.11,1041.34,54.20,1958.45,172.81,805.69,66.51,2037.07,168.86,958.01,42.65,2126.74,167.07,496.67,291.15,67.96,97.45,263.51,1837.65,3538.76,2.48,149.89,141.46,625.46,3.10,964.19,61.58,511.17
2026-04-14T00:40:00Z,58.82,2098.52,167.51,1051.39,53.44,1968.94,172.73,,66.78,2024.02,169.72,965.83,42.16,2135.57,167.18,477.66,291.82,67.16,97.30,266.39,1838.53,3550.75,2.39,150.48,144.08,632.79,2.90,972.64,61.28,528.81
2026-04-14T00:50:00Z,58.89,2109.32,167.89,1038.08,53.41,1973.06,172.75,771.88,67.36,2023.06,169.85,967.11,41.97,2137.60,167.20,478.08,287.19,67.18,98.26,259.81,1836.67,3547.05,2.59,150.43,134.00,616.01,3.00,967.57,60.25,512.97
2026-04-14T01:00:00Z,58.93,2106.70,168.30,1042.11,52.57,1997.95,172.46,749.81,67.61,2026.29,169.94,974.69,41.90,2132.98,167.52,477.61,288.66,65.72,98.46,259.93,1834.75,3553.31,2.46,150.28,141.38,627.07,2.81,965.81,60.38,527.13
2026-04-14T01:10:00Z,59.24,2109.95,167.98,1046.07,52.35,2010.72,171.74,727.54,67.29,2006.81,170.02,986.48,41.50,2144.23,166.70,466.05,289.83,64.90,97.56,259.49,1827.98,3556.57,2.88,150.13,140.87,622.63,2.67,963.97,59.72,522.39
2026-04-14T01:20:00Z,58.68,2110.52,168.48,1045.88,51.58,2018.14,171.11,712.96,67.71,2001.38,170.29,996.15,41.18,2156.40,166.42,459.72,290.22,63.71,97.26,262.59,1831.76,3553.05,2.47,148.71,139.31,619.28,2.89,968.79,60.41,518.15
2026-04-14T01:30:00Z,58.84,2106.69,168.02,1048.16,51.09,2045.43,170.11,686.95,67.73,2002.49,170.27,1007.64,40.74,2181.62,166.27,437.68,285.37,62.97,96.55,254.82,1826.01,3568.49,2.32,150.68,137.68,628.55,3.38,968.23,61.90,534.77
2026-04-14T01:40:00Z,58.90,2099.17,167.78,1048.14,50.77,2054.02,170.24,663.17,67.98,1999.26,170.67,1014.85,40.13,2187.44,165.31,405.84,283.78,64.40,97.69,254.71,1814.48,3545.65,2.40,150.15,135.79,618.78,2.93,958.54,61.43,511.52
2026-04-14T01:50:00Z,58.43,2105.78,168.17,1032.69,50.67,2052.33,169.74,663.07,68.23,1984.82,170.41,1017.20,40.07,2191.56,165.06,411.45,280.07,64.62,97.52,251.36,1832.19,3548.80,2.54,151.58,135.67,611.64,2.98,963.34,60.79,499.43
2026-04-14T02:00:00Z,58.54,2109.49,167.64,1019.63,50.34,2058.36,169.52,657.76,68.35,1985.51,171.38,1010.62,40.06,2198.50,164.89,391.85,284.40,60.64,97.54,253.31,1819.95,3550.08,2.48,148.44,139.35,622.40,3.40,963.24,60.77,515.82
2026-04-14T02:10:00Z,58.47,2112.91,166.97,1034.57,49.92,2071.06,168.66,636.69,67.86,1991.21,171.33,1005.83,39.80,2197.68,164.32,370.71,279.67,61.48,97.38,252.03,1821.17,3554.08,2.58,151.16,135.77,623.62,2.97,963.24,61.62,515.65
2026-04-14T02:20:00Z,58.17,2126.22,167.65,1013.92,49.48,2078.16,168.55,630.78,67.62,2005.78,170.33,1005.88,39.57,2209.46,164.26,382.60,275.51,61.40,96.96,249.90,1823.40,3556.78,2.49,150.78,134.52,619.83,3.08,956.26,61.25,517.13
2026-04-14T02:30:00Z,58.24,2117.75,167.70,1022.18,49.11,2085.28,168.54,625.22,67.70,2002.31,170.96,1023.52,38.95,2214.96,164.42,349.26,277.06,61.39,96.24,249.82,1826.35,3546.70,2.57,149.71,131.53,612.63,2.73,958.93,59.47,506.38
2026-04-14T02:40:00Z,58.34,2123.24,168.27,1008.26,48.95,2094.38,168.37,600.17,67.88,2004.89,171.19,1008.35,38.89,2220.72,164.31,344.84,281.16,60.36,96.62,248.22,1827.05,3545.21,2.52,153.34,132.73,622.98,3.09,957.34,60.29,527.88
2026-04-14T02:50:00Z,58.33,2119.71,167.53,1003.04,48.67,2112.59,168.36,608.18,67.91,2002.15,170.26,998.15,38.82,2216.63,163.51,340.53,276.16,60.73,96.52,250.11,1817.76,3548.76,2.54,150.42,133.88,615.48,2.91,964.99,59.25,502.67
2026-04-14T03:00:00Z,58.43,2110.53,167.87,1012.52,48.54,2114.03,167.50,591.10,68.26,2001.58,171.15,1014.07,37.99,2238.29,162.97,336.48,272.90,61.01,95.49,250.50,1819.20,3556.73,2.64,150.17,132.12,615.29,3.02,956.60,60.14,512.52
2026-04-14T03:10:00Z,58.45,2110.55,167.82,1013.14,48.61,2107.98,168.60,588.83,68.21,1997.60,171.26,1016.94,37.39,2262.44,162.84,308.60,270.19,61.43,96.27,241.57,1816.50,3548.72,2.52,151.27,132.98,615.20,3.10,955.65,60.04,509.43
2026-04-14T03:20:00Z,58.12,2115.13,167.82,1028.17,48.48,2105.41,168.20,583.09,68.35,2003.27,170.65,1006.07,37.83,2254.74,162.56,303.61,274.43,59.24,95.63,248.69,1823.43,3540.27,2.41,150.69,132.91,614.11,3.10,955.99,61.13,513.21
2026-04-14T03:30:00Z,57.78,2117.98,167.65,1021.46,48.12,2116.80,168.51,572.77,68.13,1999.55,170.70,1004.53,37.28,2266.68,162.76,298.42,274.33,58.48,95.51,246.86,1821.18,3550.65,2.35,150.97,132.85,617.06,2.76,958.44,62.25,512.48
2026-04-14T03:40:00Z,57.85,2118.86,167.36,1011.13,47.73,2116.46,167.43,575.46,67.95,1990.87,170.24,998.04,37.08,2268.98,162.80,294.62,269.26,56.03,95.75,246.15,1820.03,3569.25,2.29,152.09,129.43,615.97,3.07,961.19,61.30,501.69
2026-04-14T03:50:00Z,58.31,2118.74,167.28,1014.94,47.46,2113.41,167.40,580.35,68.03,1993.45,169.96,1007.70,37.08,2275.38,163.57,293.61,268.45,58.16,95.50,239.95,1805.84,3544.41,2.43,151.75,130.03,602.87,3.13,949.90,60.43,493.98
2026-04-14T04:00:00Z,58.12,2118.95,167.36,1013.03,46.64,2131.40,167.50,571.26,68.32,1991.29,170.51,1007.82,37.17,2274.26,163.27,287.56,265.22,58.39,96.37,238.75,1811.90,3554.19,2.80,151.50,123.82,606.35,3.28,954.71,60.38,510.22
2026-04-14T04:10:00Z,57.97,2136.42,167.24,1015.24,46.42,2142.08,167.03,539.23,68.03,1991.27,170.36,1024.92,36.88,2278.83,163.13,277.64,267.20,58.14,95.34,238.96,1817.74,3547.28,2.50,151.83,128.87,614.49,3.22,956.97,60.32,521.24
2026-04-14T04:20:00Z,57.59,2154.30,167.30,1001.98,46.42,2162.10,167.74,516.88,67.88,1995.50,169.90,1008.85,36.54,2285.95,162.89,261.48,267.64,58.74,95.98,244.26,1823.24,3566.90,2.39,149.91,127.95,607.81,3.38,966.34,61.18,508.91
2026-04-14T04:30:00Z,57.54,2133.29,167.84,992.15,46.34,2174.88,166.69,486.18,67.95,2003.57,171.03,1009.97,36.16,2292.09,163.00,255.67,264.72,59.21,96.26,237.41,1800.15,3553.63,2.56,151.43,125.25,604.82,3.24,950.04,60.39,512.29
2026-04-14T04:40:00Z,57.41,2141.91,167.96,1001.40,46.12,2183.50,166.50,480.27,68.01,2001.66,170.69,1012.62,36.14,2297.04,162.47,253.36,266.24,58.22,95.85,236.63,1810.50,3544.32,2.37,150.22,125.02,610.02,3.05,948.82,60.58,507.47
2026-04-14T04:50:00Z,57.40,2131.78,167.31,995.69,46.29,2170.66,166.06,485.61,67.94,1994.32,170.70,1007.85,35.90,2293.76,162.75,248.95,266.17,56.28,96.73,240.55,1824.38,3539.88,2.48,150.94,129.08,611.20,2.88,965.66,60.97,511.43
2026-04-14T05:00:00Z,57.64,2134.58,167.07,993.14,46.27,2181.21,165.55,485.77,68.06,1989.00,171.47,1012.43,35.88,2295.50,162.75,240.84,265.08,56.16,95.66,240.31,1813.88,3540.14,2.42,149.42,126.46,610.74,2.93,961.06,60.12,515.70
2026-04-14T05:10:00Z,57.78,2135.44,167.17,995.99,46.08,2179.84,165.42,472.87,68.10,1991.21,171.38,1016.19,35.71,2304.78,162.54,211.98,258.27,54.74,96.13,235.41,1810.70,3543.49,2.47,148.63,122.79,601.65,2.80,955.90,60.52,497.28
2026-04-14T05:20:00Z,57.82,2122.74,166.77,998.69,45.71,2174.43,165.39,477.34,67.74,1999.73,170.34,1008.18,35.56,2313.36,162.59,219.50,257.88,54.91,96.72,231.89,1816.36,3554.60,2.74,151.23,122.42,599.55,3.01,955.36,60.24,496.81
2026-04-14T05:30:00Z,57.76,2133.70,166.56,987.40,45.92,2171.90,165.20,486.13,67.84,2003.40,170.56,998.73,35.24,2322.23,161.87,202.91,257.82,53.16,96.43,231.60,1810.19,3541.87,2.33,149.87,124.02,603.29,2.85,952.24,60.68,503.63
2026-04-14T05:40:00Z,57.92,2131.07,166.74,995.59,46.04,2177.38,165.24,476.94,67.42,2014.10,170.23,984.86,35.39,2314.85,161.53,205.70,257.98,53.81,95.57,232.50,1812.24,3561.48,2.66,150.63,124.84,606.90,2.92,952.13,60.39,504.90
2026-04-14T05:50:00Z,57.64,2122.67,167.29,998.17,46.02,2162.96,165.79,481.71,67.38,2010.79,170.93,969.85,35.51,2314.28,161.95,208.85,262.81,55.06,95.83,239.05,1809.35,3551.76,2.40,150.92,122.55,596.41,3.33,951.19,60.13,502.74
2026-04-14T06:00:00Z,57.36,2129.70,167.42,1014.85,46.09,2172.86,166.28,490.28,67.61,2000.29,171.23,976.58,35.59,2311.45,162.05,218.19,261.61,54.71,95.46,232.12,1806.05,3550.38,2.43,151.35,125.03,605.27,2.96,955.32,60.34,510.66
2026-04-14T06:10:00Z,57.00,2143.15,167.52,990.40,46.27,2183.58,165.99,487.66,67.96,1989.23,171.19,995.47,35.60,2313.50,162.53,221.24,262.26,54.49,95.15,236.19,1812.44,3549.94,2.31,149.32,124.63,604.96,2.66,952.83,60.15,501.93
2026-04-14T06:20:00Z,56.62,2152.09,166.76,977.16,45.86,2179.39,165.95,474.75,67.94,2000.08,171.65,1002.14,35.73,2321.69,162.10,208.61,261.73,54.39,96.49,238.09,1810.68,3551.58,2.54,149.96,126.94,603.88,3.15,956.64,61.16,502.28
2026-04-14T06:30:00Z,56.46,2166.80,166.77,966.81,45.84,2177.08,165.83,468.05,68.15,2004.73,171.04,991.53,35.75,2321.04,161.27,208.50,253.06,53.60,96.40,226.79,1798.51,3542.83,2.56,149.94,118.34,594.62,3.12,952.89,61.11,492.95
2026-04-14T06:40:00Z,56.95,2158.37,167.22,981.18,45.34,2192.81,165.65,468.39,67.47,2015.85,170.65,993.25,35.86,2317.10,161.56,223.95,257.83,53.68,95.49,230.65,1798.18,3534.10,2.52,148.43,123.10,611.78,3.20,947.82,61.39,513.10
2026-04-14T06:50:00Z,56.84,2152.12,166.90,971.39,45.24,2199.49,165.71,459.15,67.56,2018.98,170.95,987.66,35.73,2300.44,162.05,225.09,254.43,54.54,95.45,229.23,1797.67,3555.17,2.51,150.08,123.47,600.51,2.70,943.55,61.38,500.71
2026-04-14T07:00:00Z,56.60,2153.78,166.58,962.13,45.02,2201.62,165.94,458.35,67.56,2012.28,170.42,990.82,35.28,2314.90,161.81,232.88,251.02,54.45,94.80,227.85,1795.43,3541.83,2.50,149.58,119.45,603.60,2.85,945.78,62.23,502.59
2026-04-14T07:10:00Z,56.43,2157.82,166.58,975.04,45.15,2199.35,165.41,450.37,67.43,2014.05,170.25,1003.95,35.66,2305.26,161.74,236.01,259.23,55.76,94.07,233.68,1798.02,3537.09,2.31,149.48,125.79,607.08,2.87,948.45,60.36,497.38
2026-04-14T07:20:00Z,56.61,2170.53,166.08,970.06,45.42,2191.66,164.65,451.07,67.47,2022.88,169.98,1000.21,35.30,2306.43,162.04,227.38,257.93,57.53,94.75,230.20,1803.37,3549.17,2.46,149.83,123.10,604.42,2.87,953.44,60.80,491.82
2026-04-14T07:30:00Z,56.61,2167.99,166.44,949.32,45.18,2182.65,165.04,467.00,67.25,2019.17,170.65,986.51,34.97,2316.16,162.07,212.63,256.70,54.54,95.84,232.15,1813.46,3534.49,2.51,150.67,121.64,606.34,3.21,956.84,60.64,501.01
2026-04-14T07:40:00Z,56.74,2160.24,165.89,951.02,45.31,2188.27,165.09,455.71,67.24,2028.46,169.20,962.34,34.97,2323.05,161.33,207.01,252.11,53.56,95.15,227.74,1802.79,3550.31,2.64,149.93,123.15,602.52,2.91,948.06,60.08,493.61
2026-04-14T07:50:00Z,57.37,2147.44,165.60,962.47,45.39,2192.53,164.62,446.76,67.50,2017.42,169.72,967.87,35.07,2321.71,161.25,201.39,252.21,53.73,95.36,226.74,1805.42,3563.08,2.29,147.26,118.66,600.83,3.08,953.46,60.57,499.73
2026-04-14T08:00:00Z,57.00,2156.97,166.17,962.76,45.22,2189.10,165.28,470.40,67.55,2002.13,170.57,978.27,34.89,2332.32,161.60,204.10,257.88,54.47,94.05,232.54,1805.40,3549.73,2.57,149.07,123.74,604.11,2.90,953.70,60.13,499.79
2026-04-14T08:10:00Z,57.16,2155.60,166.82,961.84,45.70,2183.68,165.36,470.07,67.45,2010.67,170.01,982.37,34.41,2343.04,161.62,187.77,259.19,54.36,94.83,232.51,1802.12,3547.37,2.54,149.04,120.72,599.18,2.77,946.93,60.28,498.67
2026-04-14T08:20:00Z,56.79,2159.11,167.00,974.50,45.94,2181.81,165.51,480.36,67.44,2015.57,170.31,985.25,34.69,2324.59,161.03,190.59,258.89,53.55,94.69,231.85,1805.87,3541.22,2.63,148.22,123.38,604.92,3.17,954.90,60.24,501.06
2026-04-14T08:30:00Z,57.04,2150.09,166.66,976.39,45.74,2182.15,166.04,488.71,67.16,2016.91,170.30,980.48,34.71,2335.91,160.83,190.93,256.77,54.66,95.04,230.48,1799.56,3532.09,2.49,149.15,122.14,603.13,3.21,958.10,60.63,509.74
2026-04-14T08:40:00Z,57.26,2154.16,167.04,980.10,45.48,2185.72,165.87,475.26,66.63,2028.57,169.96,967.15,34.78,2339.99,161.33,188.33,256.27,52.69,95.44,230.59,1799.54,3545.75,2.72,149.06,123.07,598.51,3.21,951.81,60.17,495.00
2026-04-14T08:50:00Z,57.15,2141.02,167.45,971.68,45.54,2183.42,165.41,472.90,66.74,2025.32,170.41,956.46,34.91,2333.96,161.15,198.05,256.38,51.51,95.83,232.29,1805.29,3553.04,2.32,150.45,121.77,597.81,3.26,953.18,61.16,504.14
2026-04-14T09:00:00Z,57.28,2139.04,167.15,974.06,45.12,2195.84,166.19,457.02,66.82,2018.90,169.34,967.72,34.90,2343.97,161.11,203.62,254.59,53.44,95.17,228.42,1809.01,3559.85,2.45,151.85,121.93,608.17,3.10,957.31,60.46,515.80
2026-04-14T09:10:00Z,57.49,2140.60,166.88,975.19,44.79,2195.44,165.24,440.01,67.03,2023.93,170.52,968.76,34.91,2333.59,161.66,183.34,259.38,52.49,96.57,235.28,1803.98,3556.66,2.48,151.32,127.39,610.58,2.71,955.39,58.82,512.94
2026-04-14T09:20:00Z,57.32,2146.45,166.71,970.51,44.13,2211.28,165.27,440.46,66.69,2035.29,170.09,963.26,34.97,2331.73,161.16,184.70,263.06,51.45,97.11,238.23,1813.52,3561.92,2.45,148.84,126.29,603.24,3.05,952.60,60.58,500.74
2026-04-14T09:30:00Z,57.66,2147.48,166.18,971.42,44.08,2218.92,165.38,426.66,66.55,2035.43,169.96,951.28,34.32,2344.53,160.49,176.44,255.24,51.30,96.81,229.94,1799.66,3552.93,2.37,150.32,121.94,604.90,3.01,949.57,60.74,506.56
2026-04-14T09:40:00Z,57.60,2141.19,166.66,990.22,43.83,2234.91,165.19,419.00,66.58,2033.14,170.04,960.68,34.43,2350.30,161.11,173.48,258.98,51.75,96.74,231.15,1809.21,3560.12,2.72,151.47,124.45,606.50,2.93,955.87,61.23,508.77
2026-04-14T09:50:00Z,57.78,2131.53,167.00,1004.22,43.74,2234.94,164.73,413.20,66.88,2018.83,169.79,957.02,34.37,2339.75,161.21,184.33,258.94,52.45,95.41,233.21,1801.83,3559.44,2.16,149.92,126.21,611.63,2.77,949.09,59.41,513.05
2026-04-14T10:00:00Z,58.03,2129.15,167.24,996.68,44.02,2226.16,164.57,388.25,66.31,2034.29,169.75,949.75,34.38,2347.85,160.76,183.84,254.39,51.49,95.93,231.14,1808.14,3550.48,2.39,149.72,122.29,602.52,3.28,956.37,60.89,502.95
2026-04-14T10:10:00Z,58.21,2127.90,167.49,1011.65,44.01,2222.21,164.36,411.05,65.91,2053.28,170.28,941.11,34.93,2332.44,160.90,194.17,253.67,51.38,95.31,229.08,1806.35,3562.76,2.66,151.73,120.89,600.02,3.13,960.70,60.10,506.92
2026-04-14T10:20:00Z,57.76,2132.37,167.53,991.21,44.33,2216.75,164.70,418.13,66.12,2054.47,169.73,941.79,34.83,2329.03,161.57,183.19,258.36,52.93,95.44,232.47,1812.02,3542.21,2.63,149.03,124.62,606.18,2.70,951.05,60.83,506.96
2026-04-14T10:30:00Z,57.41,2131.30,167.21,990.15,44.30,2214.79,164.07,422.44,66.23,2041.15,169.74,937.26,34.91,2351.26,161.40,186.34,258.44,49.78,95.49,235.65,1813.03,3556.28,2.63,149.81,122.75,612.83,2.82,957.96,60.43,515.26
2026-04-14T10:40:00Z,56.76,2144.97,166.76,981.25,44.11,2214.14,163.65,427.38,66.30,2048.62,169.02,940.71,35.06,2340.30,161.68,199.37,257.25,52.03,95.43,233.60,1817.15,3562.67,2.73,152.50,121.30,604.12,3.14,954.56,60.87,504.89
2026-04-14T10:50:00Z,56.68,2150.19,167.20,985.24,44.24,2218.38,164.05,427.52,66.22,2063.65,168.82,917.80,35.21,2332.82,160.76,181.77,256.48,51.74,94.77,225.42,1798.29,3543.63,2.74,149.68,121.91,594.89,3.44,952.92,60.55,497.83
2026-04-14T11:00:00Z,56.96,2151.42,166.66,982.44,44.14,2231.18,163.98,417.12,66.42,2043.12,168.79,925.36,35.32,2318.64,161.72,181.88,255.95,49.96,94.20,231.45,1808.32,3541.16,2.57,150.34,126.08,604.62,3.05,960.44,59.44,502.06
2026-04-14T11:10:00Z,56.90,2158.08,166.43,967.57,44.06,2225.07,164.10,425.99,66.58,2026.26,169.21,945.47,35.18,2316.68,161.69,191.09,251.64,53.49,94.44,227.47,1802.68,3548.34,2.50,149.69,120.51,598.81,3.40,958.97,61.60,499.97
2026-04-14T11:20:00Z,56.55,2161.69,166.56,941.06,44.31,2231.15,164.04,418.11,66.18,2036.40,168.95,945.88,35.51,2308.62,161.95,211.82,252.23,52.43,94.14,227.36,1812.70,3538.64,2.68,150.77,121.03,602.83,2.74,957.76,60.24,489.68
2026-04-14T11:30:00Z,56.64,2172.06,166.47,944.10,44.38,2227.87,163.99,406.35,66.32,2035.05,169.78,946.88,35.23,2310.08,161.81,207.29,254.72,50.48,94.92,227.05,1808.73,3540.37,2.39,148.79,119.34,592.11,3.04,950.73,59.03,489.40
2026-04-14T11:40:00Z,56.38,2178.27,165.19,936.33,44.25,2237.60,164.25,412.35,66.50,2038.58,169.94,941.66,35.04,2322.50,161.73,204.39,250.46,52.88,95.07,227.89,1808.75,3534.19,2.48,149.55,122.00,600.34,3.07,949.47,58.28,493.25
2026-04-14T11:50:00Z,56.27,2171.57,165.84,942.44,44.17,2219.53,164.68,415.16,66.63,2045.60,169.46,941.32,34.90,2334.29,161.97,204.98,249.42,54.04,94.78,223.38,1794.25,3543.71,2.45,146.94,118.38,598.47,2.86,948.15,58.59,504.02
2026-04-14T12:00:00Z,56.22,2164.85,165.66,943.03,44.15,2232.25,164.66,387.69,66.66,2038.64,169.25,939.63,35.03,2330.18,161.87,209.14,245.54,51.00,95.80,221.86,1801.97,3542.74,2.55,150.25,116.57,595.27,2.89,954.28,60.10,503.51
2026-04-14T12:10:00Z,56.18,2163.73,165.53,941.95,43.98,2229.86,164.50,404.92,66.64,2037.79,169.14,935.35,34.62,2328.25,161.25,186.68,246.81,50.34,95.92,222.86,1794.56,3542.99,2.65,150.42,117.92,608.25,2.85,945.40,58.35,502.81
2026-04-14T12:20:00Z,56.29,2170.83,164.86,967.09,43.58,2232.33,163.81,407.13,66.58,2035.48,169.57,949.41,34.82,2326.21,160.86,190.63,249.44,49.52,95.77,228.31,1812.87,3538.72,2.39,150.00,,600.83,3.00,958.29,58.94,495.01
2026-04-14T12:30:00Z,56.15,2176.09,165.49,940.56,43.41,2237.44,163.98,398.70,66.65,2035.30,169.95,953.29,34.60,2331.99,161.64,188.68,254.63,49.77,95.61,230.53,1802.13,3549.72,2.37,149.76,120.20,596.93,2.85,949.64,59.23,495.87
2026-04-14T12:40:00Z,56.34,2175.42,165.96,940.89,43.52,2244.36,164.12,387.49,66.23,2045.33,170.57,959.94,34.33,2346.44,161.18,177.48,252.53,48.94,95.28,229.28,1801.42,3558.65,2.87,150.88,121.05,599.95,2.75,949.88,59.76,509.89
2026-04-14T12:50:00Z,56.48,2162.48,165.71,940.51,43.43,2246.46,164.09,381.30,65.82,2053.52,170.32,945.63,34.16,2341.78,160.62,181.95,248.17,51.51,95.54,224.48,1804.25,3566.34,2.55,150.60,119.57,592.98,3.20,951.22,60.44,491.34
2026-04-14T13:00:00Z,56.94,2154.40,166.47,954.98,43.56,2232.94,163.82,376.54,66.07,2038.93,171.08,938.07,34.06,2345.82,161.33,171.61,247.74,49.65,95.85,222.27,1806.09,3550.09,2.49,151.99,119.65,597.36,3.17,954.62,59.87,493.45
2026-04-14T13:10:00Z,56.71,2164.11,167.24,958.63,43.70,2233.50,163.46,371.49,66.14,2048.00,170.35,937.22,33.87,2350.11,161.52,167.93,246.19,48.70,95.94,224.24,1816.50,3560.03,2.58,149.52,118.78,595.64,2.72,962.76,59.11,496.71
2026-04-14T13:20:00Z,56.48,2160.05,166.75,954.58,43.43,2235.90,163.21,393.36,66.01,2053.22,170.22,924.39,33.80,2356.22,161.30,167.58,242.91,48.43,96.18,221.12,1802.51,3551.34,2.59,151.34,115.55,597.76,2.91,950.07,60.56,498.31
2026-04-14T13:30:00Z,56.58,2155.76,166.26,953.71,43.34,2246.32,163.73,383.76,65.78,2059.56,170.20,930.17,33.88,2359.94,160.93,163.95,245.07,49.67,95.34,218.85,1799.91,3559.46,2.58,147.34,115.75,589.62,2.81,946.99,58.85,499.92
2026-04-14T13:40:00Z,56.78,2165.53,166.38,954.60,43.41,2249.30,163.45,381.51,65.65,2052.50,169.79,912.83,34.22,2345.29,161.01,163.74,246.47,49.65,94.68,218.95,1792.64,3543.02,2.30,148.10,118.59,607.17,3.24,940.41,57.35,500.60
2026-04-14T13:50:00Z,57.23,2147.23,165.93,954.53,43.40,2245.07,163.61,378.28,65.70,2059.94,169.47,920.20,34.48,2337.52,160.70,182.99,250.67,47.75,94.74,226.44,1798.82,3547.41,2.63,151.72,120.52,591.44,3.19,945.85,57.67,495.02
2026-04-14T14:00:00Z,57.50,2140.36,166.89,971.85,43.49,2245.52,163.54,381.35,66.06,2041.82,169.89,921.84,34.64,2338.80,161.31,184.46,249.35,48.37,95.38,221.87,1791.45,3547.77,2.45,150.01,119.49,595.63,3.01,948.02,58.00,487.14
2026-04-14T14:10:00Z,57.53,2142.19,166.42,987.72,43.44,2232.84,164.10,394.22,66.12,2045.26,169.49,939.11,34.80,2328.34,160.68,171.95,246.19,49.05,95.82,216.26,1786.16,3537.83,2.70,148.76,117.35,598.75,2.53,941.17,59.19,500.67
2026-04-14T14:20:00Z,57.71,2142.19,166.54,996.66,43.72,2240.81,164.66,393.40,65.72,2055.73,169.37,930.86,34.58,2321.18,161.49,189.43,254.12,50.48,95.43,229.37,1798.62,3552.40,2.34,149.26,121.12,601.08,3.04,953.83,58.64,493.89
2026-04-14T14:30:00Z,57.54,2138.74,166.54,985.72,44.02,2222.40,164.16,410.81,65.85,2051.89,169.09,928.33,34.43,2327.89,161.15,199.99,260.05,51.22,94.66,235.37,1812.53,3542.50,2.59,150.32,125.89,609.11,3.28,955.30,59.59,506.90
2026-04-14T14:40:00Z,57.97,2129.79,166.49,981.48,43.92,2220.69,163.78,413.56,66.34,2049.42,169.25,934.93,34.12,2343.78,160.59,185.98,256.84,51.47,94.86,234.48,1808.79,3543.43,2.47,148.17,121.36,602.13,3.15,957.92,60.28,492.95
2026-04-14T14:50:00Z,58.08,2141.28,167.01,980.86,43.66,2229.85,164.61,411.30,66.28,2040.19,168.98,930.37,34.17,2348.68,161.22,163.74,251.25,50.09,94.50,225.54,1792.70,3539.21,2.67,149.11,120.66,598.39,3.34,945.58,61.60,496.77
2026-04-14T15:00:00Z,58.08,2124.53,167.60,1004.05,43.42,2243.99,163.86,404.47,66.50,2033.37,169.14,947.02,33.94,2354.14,160.45,141.56,248.45,50.69,94.94,225.11,1801.26,3541.84,2.48,149.11,117.44,600.24,2.70,956.54,60.63,498.12
2026-04-14T15:10:00Z,58.04,2125.50,167.06,1006.07,43.41,,162.82,390.33,66.70,2030.23,168.58,954.67,33.75,2349.98,160.43,155.01,250.52,50.85,94.81,223.50,1793.25,3551.91,2.18,149.50,119.39,600.68,3.04,948.22,60.51,489.99
2026-04-14T15:20:00Z,58.33,2119.62,167.58,1020.63,43.76,2231.16,163.44,406.97,66.85,2033.36,169.57,959.43,33.29,2343.51,159.92,154.26,253.86,51.12,95.49,228.92,1810.89,3547.68,2.41,148.23,121.01,596.05,2.93,958.83,62.07,506.08
2026-04-14T15:30:00Z,58.26,2115.89,166.89,1027.04,43.54,2233.13,163.15,395.31,66.48,2024.84,169.76,958.69,33.24,2357.59,160.77,157.69,257.32,51.46,95.28,231.43,1810.56,3532.37,2.56,149.50,124.26,602.75,3.16,955.44,60.58,497.12
2026-04-14T15:40:00Z,58.68,2115.10,167.05,1007.32,43.76,2222.75,163.19,403.16,66.17,2045.07,170.61,947.42,33.32,2360.78,161.04,139.22,250.93,53.48,95.14,223.41,1812.80,3552.09,2.46,150.96,121.29,604.20,3.30,952.82,58.54,502.22
2026-04-14T15:50:00Z,58.61,2106.29,166.59,1012.90,43.27,2234.54,163.29,395.09,66.11,2033.58,170.57,947.38,33.35,2363.47,160.40,135.98,259.73,50.91,96.06,232.89,1809.57,3549.17,2.45,151.26,122.46,597.79,2.80,950.96,58.88,502.41
2026-04-14T16:00:00Z,58.69,2112.30,165.93,1014.82,43.47,2243.07,162.63,381.32,66.27,2039.34,169.87,954.34,33.21,2371.71,160.26,138.99,253.34,50.77,95.85,227.03,1811.38,3564.70,2.28,149.85,120.27,601.56,3.23,954.01,60.28,501.53
2026-04-14T16:10:00Z,58.51,2120.74,166.81,1011.51,43.13,2241.70,163.78,377.78,66.31,2042.68,170.00,941.47,33.33,2362.87,159.21,143.30,252.18,51.56,96.08,226.24,1815.32,3553.15,2.40,151.89,123.27,598.13,3.13,956.93,61.21,500.12
2026-04-14T16:20:00Z,58.64,2113.47,166.59,1016.48,43.17,2243.23,163.14,384.09,66.15,2040.52,169.41,943.83,33.58,2355.05,160.13,146.71,254.61,50.53,96.33,228.17,1805.30,3543.78,2.43,148.95,121.85,602.68,2.83,960.80,61.44,499.28
2026-04-14T16:30:00Z,58.90,2111.31,167.93,1018.50,43.77,2242.12,163.23,396.11,66.54,2035.82,169.42,957.25,33.53,2359.01,160.65,151.29,250.47,50.28,95.93,225.79,1800.19,3543.47,2.58,149.67,118.30,599.74,2.97,961.89,61.10,494.30
2026-04-14T16:40:00Z,58.59,2100.77,167.18,1021.06,43.96,2230.30,163.96,405.69,66.18,2035.11,170.10,955.10,33.74,2350.99,160.68,159.67,253.52,52.13,95.88,231.54,1809.59,3555.18,2.58,150.95,120.18,597.60,3.17,947.64,61.10,510.46
2026-04-14T16:50:00Z,58.57,2107.02,167.14,1025.04,44.06,2220.40,164.45,431.04,66.19,2040.28,169.83,942.64,33.28,2360.81,161.45,153.40,250.64,53.10,95.47,225.83,1798.83,3557.70,2.65,150.94,122.45,599.46,2.88,945.58,61.81,500.44
2026-04-14T17:00:00Z,58.15,2113.57,167.85,1030.24,43.87,2223.09,164.66,409.78,67.04,2029.68,169.58,957.38,33.13,2362.64,160.51,147.81,253.04,52.70,95.65,228.32,1800.86,3553.91,2.86,151.86,120.18,604.88,2.56,947.65,61.64,498.57
2026-04-14T17:10:00Z,58.12,2109.29,167.10,1028.84,44.35,2221.65,164.20,405.36,66.70,2025.90,169.46,959.90,33.25,2365.57,160.18,155.83,254.39,50.33,95.56,232.43,1809.95,3553.72,2.44,150.51,123.08,603.89,3.02,958.57,60.14,503.32
2026-04-14T17:20:00Z,58.02,2118.81,167.23,1011.52,44.60,2217.37,163.61,420.23,66.86,2025.43,169.44,960.93,33.06,2360.87,160.31,144.60,252.67,50.84,95.34,228.67,1810.48,3535.76,2.49,148.94,123.15,603.73,2.61,954.28,58.49,511.36
2026-04-14T17:30:00Z,58.01,2126.15,167.37,1009.49,44.78,2210.20,164.00,435.58,66.89,2037.44,169.85,959.26,33.65,2368.19,160.00,147.58,256.00,52.48,95.53,232.43,1807.04,3564.83,2.67,149.96,121.84,599.57,3.14,958.27,58.74,496.70
2026-04-14T17:40:00Z,57.67,2135.07,167.29,990.57,44.52,2211.22,164.10,433.96,66.90,2035.28,169.62,966.44,33.53,2373.65,160.57,134.98,255.89,53.79,94.94,228.61,1795.32,3548.04,2.52,151.12,125.17,603.16,2.93,949.30,60.18,507.39
2026-04-14T17:50:00Z,57.77,2134.85,167.89,996.21,44.57,2208.05,164.81,434.42,66.83,2028.09,169.30,964.08,33.52,2365.77,160.76,145.67,259.63,53.03,95.81,233.83,1804.63,3556.94,2.54,151.44,123.92,604.90,3.33,952.68,60.30,496.89
2026-04-14T18:00:00Z,57.56,2132.51,167.55,999.21,44.35,2209.23,164.26,430.89,67.29,2021.85,170.06,967.51,33.56,2354.85,160.33,144.79,259.41,51.40,95.58,233.39,1803.03,3559.23,2.73,151.53,124.40,603.66,2.60,950.42,60.97,506.51
2026-04-14T18:10:00Z,57.56,2131.56,167.41,991.70,44.19,2207.97,164.40,425.34,67.16,2021.90,169.52,963.62,33.72,2341.44,160.54,160.81,253.76,51.33,96.18,226.42,1794.42,3542.67,2.32,150.94,122.92,599.47,2.11,941.46,61.48,493.00
2026-04-14T18:20:00Z,57.55,2132.76,167.43,993.15,44.24,2229.81,165.30,422.76,67.08,2031.52,169.81,962.28,33.77,2351.89,160.84,174.96,256.48,52.00,96.59,233.67,1807.68,3558.73,2.74,148.94,124.76,602.10,2.86,952.53,60.48,509.34
2026-04-14T18:30:00Z,57.77,2137.47,166.95,999.94,44.07,2238.67,165.07,411.94,66.86,2035.31,169.96,959.39,34.33,2351.02,160.79,174.25,256.99,52.98,95.81,230.22,1812.39,3543.85,2.35,150.15,123.89,600.91,3.08,953.64,58.76,498.88
2026-04-14T18:40:00Z,57.77,2122.92,166.81,996.90,44.46,2227.04,164.71,409.88,66.71,2037.17,169.66,958.11,34.40,2342.89,160.86,181.87,256.82,52.00,95.00,232.18,1812.00,3557.23,2.47,149.15,125.41,605.02,3.03,959.27,59.81,498.83
2026-04-14T18:50:00Z,58.10,2110.48,167.05,1014.94,44.78,2209.89,164.81,418.09,67.11,2020.58,169.46,963.71,33.83,2338.37,160.70,183.04,255.95,54.13,96.17,229.26,1795.96,3556.36,2.37,150.24,124.98,606.29,2.89,945.33,59.85,509.58
2026-04-14T19:00:00Z,58.28,2110.54,168.17,1017.75,44.03,2216.50,164.71,421.30,67.54,2004.85,170.07,981.82,34.29,2345.80,160.73,178.33,257.69,53.25,95.93,230.20,1813.03,3552.32,2.51,149.92,123.43,610.59,2.75,957.55,60.32,505.18
2026-04-14T19:10:00Z,57.97,2115.48,167.16,1018.90,43.92,2216.71,164.61,433.71,67.33,2014.98,170.24,982.52,34.25,2352.72,161.05,174.98,255.26,53.85,95.41,232.03,1805.37,3545.97,2.59,149.75,122.84,604.04,2.97,957.06,60.04,500.81
2026-04-14T19:20:00Z,57.94,2120.95,167.96,1016.71,44.27,2222.71,164.77,426.87,67.09,2009.60,170.54,979.24,34.58,2338.72,160.58,182.99,254.89,53.90,95.42,232.53,1807.18,3565.58,2.68,150.40,125.71,604.43,2.95,956.69,59.88,501.31
2026-04-14T19:30:00Z,58.16,2111.84,166.91,1010.28,43.77,2214.72,164.64,427.69,67.17,2020.50,169.91,977.80,34.28,2348.82,161.11,179.04,259.45,49.21,95.23,229.93,1803.41,3546.93,2.34,150.09,124.41,601.37,3.09,950.22,60.61,494.48
2026-04-14T19:40:00Z,58.17,2113.38,167.44,1017.83,43.49,2230.98,164.68,413.65,67.44,2022.79,169.93,993.57,34.77,2339.15,160.69,168.31,261.24,50.46,95.56,232.54,1803.19,3535.97,2.30,150.93,129.40,605.00,3.01,950.54,59.17,512.44
2026-04-14T19:50:00Z,58.00,2123.16,166.86,1016.08,43.58,2231.87,164.02,411.42,67.27,2029.55,169.98,984.29,35.08,2335.33,161.33,180.64,259.19,52.70,96.10,232.62,1809.76,3558.79,2.56,151.66,124.10,600.42,3.00,954.72,61.05,509.74
2026-04-14T20:00:00Z,58.11,2132.37,166.69,1008.06,43.17,2232.76,163.91,416.65,67.32,2031.78,170.28,972.64,34.90,2334.36,160.43,178.79,256.61,51.64,96.01,232.93,1804.40,3545.29,2.56,151.31,122.95,598.39,3.05,959.02,60.67,504.35
2026-04-14T20:10:00Z,58.08,2128.23,167.55,1004.13,43.37,2236.58,163.96,400.72,67.22,2016.47,169.96,984.81,34.56,2328.21,161.13,200.32,257.14,52.71,96.04,229.48,1801.74,3556.87,2.57,150.09,123.75,610.38,2.77,947.31,60.20,504.43
2026-04-14T20:20:00Z,58.22,2128.66,167.15,1009.13,43.08,2247.76,163.63,394.58,67.31,2025.64,170.01,970.60,34.61,2332.56,161.67,202.53,261.09,52.06,94.87,235.83,1809.76,3548.08,2.61,152.43,126.59,607.02,3.24,957.96,60.81,503.95
2026-04-14T20:30:00Z,58.48,2118.11,167.24,1027.84,43.11,2245.61,163.69,391.13,67.21,2032.69,170.54,977.03,34.58,2334.89,161.34,211.93,260.74,53.52,95.67,235.40,1820.18,3554.11,2.35,148.85,123.45,600.62,3.14,957.44,61.52,497.78
2026-04-14T20:40:00Z,58.46,2114.92,167.25,1015.47,42.57,2257.05,163.31,385.06,67.13,2026.86,170.24,964.61,34.00,2344.81,161.28,179.82,255.97,52.48,94.59,232.46,1803.37,3545.21,2.61,150.94,124.73,609.56,3.35,956.09,62.31,517.13
2026-04-14T20:50:00Z,58.34,2116.15,166.81,1011.74,42.65,2249.36,163.03,379.98,67.02,2019.81,169.83,979.61,33.88,2349.14,161.36,155.68,256.11,51.75,95.42,231.93,1807.43,3546.12,2.63,149.19,122.45,601.40,3.24,947.14,62.06,499.15
2026-04-14T21:00:00Z,58.55,2100.93,167.61,1035.27,42.53,2257.68,163.15,381.63,66.72,2019.59,170.51,969.22,34.01,2350.17,160.72,171.76,254.74,51.06,95.60,232.31,1799.65,3546.09,2.84,149.99,123.78,607.84,3.07,954.45,60.77,500.40
2026-04-14T21:10:00Z,58.55,2113.80,167.52,1035.47,42.46,2255.11,163.09,368.94,67.02,2026.55,169.88,961.43,34.31,2347.74,160.38,157.41,256.73,48.00,94.85,232.24,1810.81,3550.61,2.51,151.17,118.99,597.53,3.35,954.91,61.49,499.18
2026-04-14T21:20:00Z,58.60,2105.69,167.89,1036.00,42.18,2271.79,163.13,363.74,66.83,2030.53,170.64,976.14,34.10,2345.03,160.84,158.84,260.48,49.12,95.82,234.29,1815.77,3568.87,2.59,150.51,123.25,607.74,2.84,959.67,59.89,517.52
2026-04-14T21:30:00Z,58.74,2112.75,167.42,1032.54,42.27,2276.09,163.05,350.89,66.69,2029.77,170.13,967.22,34.11,2346.80,161.02,164.70,256.59,47.93,95.50,229.35,1805.52,3561.48,2.40,151.00,122.83,599.90,3.32,951.82,59.70,486.66
2026-04-14T21:40:00Z,58.45,2095.68,167.85,1039.04,42.44,2260.38,163.84,350.40,65.99,2044.98,169.46,953.93,34.33,2343.30,161.09,170.52,248.87,49.16,95.30,223.75,1794.08,3556.50,2.56,150.57,120.38,597.02,2.99,945.46,59.72,497.03
2026-04-14T21:50:00Z,58.56,2101.59,167.36,1032.65,42.23,2268.42,163.48,363.72,65.88,2052.78,169.55,956.33,34.40,2353.54,161.66,180.20,253.45,50.58,95.42,227.17,1794.26,3550.57,2.47,150.44,121.93,600.51,3.09,956.37,59.61,497.28
2026-04-14T22:00:00Z,58.45,2113.92,167.71,1041.78,42.07,2278.68,163.48,355.08,65.73,2047.95,169.71,939.28,34.07,2355.24,160.80,173.85,253.26,50.39,95.69,227.83,1804.05,3560.81,2.43,149.35,122.72,605.32,3.08,952.96,59.58,509.24
2026-04-14T22:10:00Z,58.72,2102.43,168.09,1041.75,42.22,2273.59,163.78,358.95,66.02,2039.43,169.46,938.56,34.18,2353.67,160.80,177.99,251.41,51.13,95.83,227.46,1802.12,3558.30,2.43,150.53,122.00,598.92,2.89,952.23,60.07,515.33
2026-04-14T22:20:00Z,58.42,2115.34,167.90,1047.52,42.09,2279.85,162.37,349.05,66.03,2044.97,169.80,936.33,34.24,2341.26,160.49,162.88,251.56,53.73,95.39,222.13,1806.10,3551.85,2.51,150.43,120.15,600.30,2.93,950.44,59.55,501.76
2026-04-14T22:30:00Z,58.19,2120.42,168.07,1024.56,42.10,2272.63,162.82,337.42,65.94,2042.66,170.13,934.58,34.25,2344.89,161.00,159.05,252.09,54.64,95.00,227.83,1804.75,3544.00,2.65,149.41,120.28,598.02,3.18,949.87,60.69,490.50
2026-04-14T22:40:00Z,58.60,2127.43,167.04,1023.22,42.29,2262.60,162.82,359.31,66.11,2046.23,169.88,949.06,34.03,2342.57,160.72,171.02,250.74,52.87,95.50,224.08,1794.85,3545.14,2.44,148.06,120.06,593.16,3.09,946.31,61.41,490.52
2026-04-14T22:50:00Z,58.59,2130.40,167.29,1021.99,42.41,2265.79,162.27,355.48,66.46,2049.57,169.09,946.59,34.24,2349.66,160.46,181.53,250.40,53.34,94.84,224.92,1804.95,3543.87,2.50,149.51,122.05,606.54,2.78,946.90,60.95,494.24
2026-04-14T23:00:00Z,58.66,2119.72,167.83,1037.77,42.20,2264.14,163.12,357.72,66.69,2046.35,169.23,938.35,34.57,2339.86,160.57,180.13,249.20,53.71,94.55,224.02,1797.06,3543.50,2.66,149.91,117.94,592.85,3.14,951.02,60.05,498.85
2026-04-14T23:10:00Z,58.69,2104.81,168.13,1024.89,42.52,2260.27,163.26,354.26,67.03,2035.14,170.23,957.14,34.82,2331.16,161.07,179.30,252.06,51.92,95.01,229.77,1798.65,3554.29,2.45,147.99,119.52,595.51,2.97,952.10,59.53,505.93
2026-04-14T23:20:00Z,58.37,2107.89,167.74,1001.30,42.64,2257.35,163.22,364.22,67.24,2017.19,170.85,966.17,34.59,,161.40,177.11,249.79,50.42,95.58,226.51,1803.97,3554.63,2.16,149.69,120.77,597.69,2.42,946.88,60.09,491.60
2026-04-14T23:30:00Z,58.31,2114.22,167.63,1013.21,42.69,2265.24,163.23,356.40,67.09,2016.67,170.45,972.57,34.31,2338.39,160.71,170.44,251.25,50.62,96.45,224.11,1808.64,3549.22,2.58,149.29,121.74,599.05,3.06,951.00,59.48,499.49
2026-04-14T23:40:00Z,58.38,2112.17,167.28,1020.52,42.61,2262.59,162.56,373.43,67.04,2015.41,169.97,976.74,34.28,2349.62,161.18,173.23,252.04,51.54,96.05,228.85,1802.20,3545.04,2.76,150.31,120.22,600.85,3.08,956.50,59.19,499.80
2026-04-14T23:50:00Z,58.39,2120.60,167.53,1018.75,43.08,2273.38,162.57,368.95,66.99,2035.12,170.37,975.07,34.07,2354.47,160.29,159.48,247.72,51.46,95.97,222.83,1800.56,3548.16,2.62,150.25,119.36,595.95,2.95,949.70,60.16,494.54
2026-04-15T00:00:00Z,58.70,2114.03,167.52,1037.54,43.05,2261.08,163.13,379.00,67.17,2026.54,169.96,971.33,34.60,2337.59,160.81,180.67,252.14,50.82,95.57,227.17,1807.96,3552.17,2.64,151.62,119.88,596.58,3.33,955.74,61.84,493.14
2026-04-15T00:10:00Z,58.67,2103.05,166.90,1015.92,43.11,2249.94,163.47,383.22,67.45,2020.36,170.09,985.57,34.12,2359.12,160.94,168.09,254.70,54.19,95.54,230.16,1803.29,3540.84,2.57,149.61,119.60,598.75,3.18,952.05,60.03,499.92
2026-04-15T00:20:00Z,58.80,2098.80,166.96,1024.59,43.03,2255.52,163.34,382.85,67.88,2002.23,169.82,1000.45,34.13,2344.61,160.57,165.59,253.03,52.03,95.17,224.10,1796.28,3542.45,2.47,148.90,120.39,605.93,3.44,941.77,59.67,514.53
2026-04-15T00:30:00Z,58.86,2107.22,166.61,1027.78,43.39,2248.08,163.15,383.97,67.59,2002.92,169.30,1001.58,34.03,2344.77,160.27,161.82,252.16,53.34,95.41,225.95,1799.43,3562.60,2.49,149.00,118.06,590.49,2.97,941.92,58.48,495.24
2026-04-15T00:40:00Z,59.00,2104.13,167.23,1035.09,43.33,2246.20,163.85,383.63,67.46,2020.34,170.12,995.58,34.16,2342.68,160.42,170.32,261.61,54.26,95.70,234.90,1809.05,3541.66,2.28,150.60,126.30,612.59,3.10,953.85,59.88,516.57
2026-04-15T00:50:00Z,59.04,2112.44,167.40,1031.41,43.37,2235.96,164.51,385.76,67.60,2014.29,170.87,994.35,34.16,2349.22,160.21,180.12,255.15,52.23,95.75,227.31,1808.17,3535.94,2.20,151.49,123.48,600.33,3.14,951.39,61.49,498.88
2026-04-15T01:00:00Z,59.09,2106.14,167.84,1043.96,43.38,2223.86,164.92,396.80,67.79,2008.39,171.06,991.87,34.74,2337.96,160.38,187.93,259.69,54.89,95.53,235.52,1813.97,3539.74,2.51,148.82,126.14,607.90,2.95,955.54,60.23,515.53
2026-04-15T01:10:00Z,59.19,2101.12,168.59,1047.15,43.58,2230.13,163.81,402.94,67.57,2001.97,170.98,991.91,34.39,2342.25,160.79,176.51,258.84,53.77,96.37,232.33,1808.02,3549.90,2.66,149.74,124.97,614.74,2.82,954.20,59.86,508.53
2026-04-15T01:20:00Z,59.64,2086.18,168.28,1055.20,43.88,2230.65,164.08,404.02,67.69,2004.56,170.25,975.40,34.27,2348.09,161.33,193.89,259.47,54.80,95.52,236.02,1812.91,3551.39,2.56,150.00,127.28,614.44,2.76,958.12,60.04,515.12
2026-04-15T01:30:00Z,60.12,2082.15,168.00,1056.13,44.08,2212.83,165.07,414.92,67.58,2007.33,170.41,986.34,34.65,2347.40,161.71,200.08,256.36,54.80,96.82,229.26,1803.79,3559.92,2.62,150.09,121.88,601.21,2.90,945.84,58.54,512.67
2026-04-15T01:40:00Z,60.01,2075.91,168.47,1076.33,44.14,2212.19,164.86,420.51,67.86,2012.83,170.86,995.95,34.83,2329.95,160.84,199.33,258.24,55.71,95.86,236.21,1809.95,3560.02,2.72,149.18,123.56,605.92,3.12,948.76,58.85,502.91
2026-04-15T01:50:00Z,60.05,2067.93,168.97,1081.65,,2209.31,165.20,416.21,67.65,2010.94,170.81,995.70,34.74,2326.31,161.64,192.15,262.48,56.04,96.17,237.64,1810.37,3557.08,2.50,148.70,124.83,608.54,2.88,956.21,59.80,505.35
2026-04-15T02:00:00Z,60.34,2070.19,168.68,1081.57,44.13,2208.82,164.17,405.82,67.26,2011.76,170.58,991.90,34.64,2338.10,161.12,197.00,263.74,53.64,96.28,238.44,1801.10,3557.36,2.43,150.28,125.71,612.72,2.84,948.99,59.88,511.92
2026-04-15T02:10:00Z,60.25,2064.37,168.66,1075.49,43.57,2230.33,164.28,401.37,67.64,2008.86,170.31,987.90,34.92,2336.69,161.47,209.46,260.75,53.79,96.07,231.68,1809.35,3547.95,2.37,150.21,,607.60,3.13,948.94,60.50,506.22
2026-04-15T02:20:00Z,60.94,2064.36,169.19,1077.09,43.44,2224.38,164.13,402.54,67.62,2019.29,169.96,978.57,34.98,2332.10,161.52,210.77,258.48,55.13,96.48,229.97,1797.35,3557.30,2.41,148.90,123.36,610.65,3.04,947.87,61.64,518.11
2026-04-15T02:30:00Z,61.18,2048.59,169.59,1091.62,43.79,2224.15,164.61,407.88,67.02,2022.07,170.04,975.28,34.79,2338.84,161.53,211.51,259.67,53.90,95.86,232.40,1804.27,3530.21,2.18,151.06,123.48,602.02,3.25,946.46,60.83,496.77
2026-04-15T02:40:00Z,61.10,2054.83,169.18,1111.10,44.11,2233.12,165.02,413.99,66.86,2024.11,169.90,961.34,34.83,2342.98,161.77,211.87,256.91,56.21,94.94,232.88,1813.71,3576.42,2.81,149.69,122.56,598.80,3.01,952.20,60.78,506.79
2026-04-15T02:50:00Z,61.43,2050.00,168.78,1123.60,44.35,2219.88,164.38,423.05,66.63,2029.68,170.29,956.42,34.73,2332.53,161.61,194.21,260.62,55.33,95.57,233.34,1809.49,3552.48,2.40,150.47,127.29,605.30,2.65,955.28,61.03,496.21
2026-04-15T03:00:00Z,61.32,2045.51,168.72,1127.37,44.11,2223.02,164.33,437.32,66.86,2032.88,170.56,964.55,34.90,2319.04,161.28,187.27,263.81,55.12,95.72,237.43,1807.74,3561.89,2.62,151.04,128.57,605.95,3.16,956.91,61.74,506.85
2026-04-15T03:10:00Z,61.77,2034.75,169.46,1128.77,44.37,2221.22,164.96,425.22,66.76,2021.72,170.46,960.53,35.18,2321.20,161.55,197.36,264.11,54.79,95.67,237.03,1811.76,3535.22,2.26,150.57,125.81,607.43,2.78,962.87,62.07,500.83
2026-04-15T03:20:00Z,62.01,2030.66,169.70,1140.16,44.35,2219.12,164.57,433.12,66.90,2027.03,170.32,957.76,35.37,2322.81,161.57,199.82,264.39,54.60,96.87,236.43,1808.46,3537.85,2.70,150.41,128.73,612.01,2.96,952.91,60.73,500.93
2026-04-15T03:30:00Z,61.99,2034.60,170.01,1146.23,44.06,2227.51,164.29,425.64,67.09,2031.94,169.43,952.95,35.08,2331.08,161.28,178.73,264.11,55.37,97.00,238.06,1819.22,3535.98,2.38,149.91,125.04,608.69,3.12,959.37,60.24,517.53
2026-04-15T03:40:00Z,62.04,2031.63,170.20,1144.80,43.87,2223.61,164.32,420.89,67.30,2022.68,169.08,965.02,35.21,2338.07,161.83,183.22,259.44,56.77,96.12,228.39,1795.75,3557.04,2.56,148.22,124.81,605.34,3.19,945.32,59.44,503.66
2026-04-15T03:50:00Z,62.28,2015.83,169.68,1145.15,44.06,2233.24,164.60,426.66,67.26,2015.00,169.45,968.39,34.95,2330.87,160.84,192.00,261.69,55.49,95.33,233.06,1801.44,3550.94,2.27,149.35,123.34,600.27,2.94,945.01,59.08,504.71
2026-04-15T04:00:00Z,62.62,1998.92,170.65,1162.53,44.32,2216.23,164.41,430.11,67.18,2012.48,169.52,979.70,34.73,2346.54,161.05,199.72,265.87,56.42,95.45,239.76,1820.36,3541.09,2.28,150.86,128.11,612.09,2.85,959.78,59.95,503.59
2026-04-15T04:10:00Z,62.73,2011.38,170.83,1173.89,44.48,2223.02,164.70,442.42,66.92,2017.97,169.92,998.12,34.38,2353.09,160.87,180.30,268.21,55.84,95.19,240.67,1816.60,3549.87,2.27,148.97,129.00,608.51,3.15,960.64,60.26,495.19
2026-04-15T04:20:00Z,62.67,2011.55,170.18,1173.53,44.39,2213.02,164.85,439.72,66.91,2015.83,169.50,985.55,34.41,2345.53,160.69,165.80,265.55,57.00,95.29,237.64,1802.06,3551.81,2.30,150.09,126.37,614.33,3.07,945.87,60.36,508.95
2026-04-15T04:30:00Z,62.66,2015.44,170.59,1178.55,44.22,2210.45,165.07,434.05,67.13,2025.48,170.42,980.28,34.41,2337.09,161.06,186.27,269.27,58.31,95.10,242.69,1807.96,3543.29,2.77,148.70,128.67,611.36,2.92,961.91,59.69,509.45
2026-04-15T04:40:00Z,62.89,2006.91,170.61,1157.57,43.96,2215.12,164.24,423.91,67.26,2030.84,170.43,966.64,34.67,2331.47,160.83,202.50,268.25,56.30,95.07,245.48,1820.08,3533.47,2.49,149.79,131.25,617.48,2.78,954.44,60.20,508.94
2026-04-15T04:50:00Z,63.47,1989.71,170.61,1176.25,43.92,2221.79,163.79,411.09,67.84,2018.68,170.19,984.92,34.40,2338.37,160.02,181.38,264.08,56.83,95.83,239.17,1818.12,3551.60,2.72,151.70,128.73,611.21,2.72,954.17,60.87,504.40
2026-04-15T05:00:00Z,63.58,1986.95,171.65,1186.10,43.73,2232.88,164.13,396.03,67.87,2009.96,169.95,987.47,34.29,2329.36,160.53,177.11,267.68,57.32,94.75,237.81,1816.62,3553.36,2.64,150.44,131.02,612.63,3.03,961.66,60.66,502.63
2026-04-15T05:10:00Z,63.49,1984.59,171.66,1194.39,43.36,2231.35,163.76,388.11,67.51,2011.25,169.65,991.91,34.41,2337.34,160.72,185.37,262.11,56.37,94.57,236.16,1811.70,3544.22,2.43,147.01,126.60,610.71,2.95,956.43,61.33,518.79
2026-04-15T05:20:00Z,63.74,1983.27,171.77,1202.40,43.30,2246.95,162.71,373.80,66.98,2016.25,169.78,987.20,33.83,2346.01,161.44,181.47,263.08,57.13,95.02,234.37,1818.30,3547.30,2.40,152.00,130.32,606.10,2.95,956.83,59.94,503.82
2026-04-15T05:30:00Z,63.75,1982.59,170.35,1203.36,43.18,2246.95,162.77,379.54,67.37,2021.18,170.07,983.66,33.47,2352.61,160.64,178.56,264.77,57.85,94.72,234.85,1802.30,3561.59,2.75,150.84,129.39,605.95,2.93,948.87,59.55,509.31
2026-04-15T05:40:00Z,63.40,1985.20,170.09,1194.56,43.33,2242.81,163.04,386.34,67.29,2025.58,169.75,970.88,33.26,2361.89,160.08,168.16,264.97,57.44,95.40,239.85,1802.35,3550.12,2.62,150.09,126.05,608.93,2.86,952.19,60.07,514.43
2026-04-15T05:50:00Z,63.60,1982.28,170.77,1210.01,43.04,2244.49,163.95,381.65,67.29,2028.25,171.00,977.53,33.23,2355.41,160.83,158.06,265.97,55.79,96.17,243.08,1820.40,3540.69,2.33,150.28,126.10,608.16,2.86,960.22,59.96,503.63
2026-04-15T06:00:00Z,63.51,1982.70,170.94,1203.47,43.11,2248.79,163.98,372.72,67.46,2018.11,171.02,982.63,32.87,2369.59,160.21,139.77,264.21,56.34,95.91,237.68,1802.71,3547.89,2.37,147.94,128.30,615.17,2.85,948.46,59.60,520.20
2026-04-15T06:10:00Z,63.71,1977.61,171.76,1209.19,43.03,2255.56,163.45,376.55,67.61,2014.84,170.68,989.99,32.93,2361.69,160.32,137.09,261.75,54.94,95.25,236.37,1809.05,3538.09,2.30,149.33,124.79,614.04,2.96,951.35,59.43,513.00
2026-04-15T06:20:00Z,63.58,1984.19,172.22,1207.62,43.16,2246.45,163.43,372.44,67.72,2007.62,171.32,1016.42,33.20,2362.50,160.45,144.66,266.77,53.90,95.25,241.84,1810.86,3553.87,2.51,150.90,126.76,599.69,2.93,960.05,58.87,489.27
2026-04-15T06:30:00Z,63.09,1990.88,171.61,1198.66,43.00,2252.69,163.20,370.86,67.44,,170.84,1007.49,33.41,2371.53,161.16,155.41,269.84,54.62,95.13,241.99,1810.87,3549.16,2.48,149.06,129.81,606.36,2.78,951.72,59.38,508.56
2026-04-15T06:40:00Z,63.01,2006.57,171.60,1202.19,43.23,2253.12,163.80,398.95,67.49,2008.68,171.64,1001.42,33.52,2358.80,160.32,164.29,266.02,55.68,94.61,242.06,1809.94,3559.95,2.51,150.49,127.46,611.27,3.07,957.92,58.75,509.81
2026-04-15T06:50:00Z,62.80,2012.72,171.57,1197.44,43.34,2256.78,164.23,385.84,67.45,2014.38,171.26,1007.65,33.13,2372.33,160.07,157.50,265.38,55.35,94.38,241.07,1820.50,3534.89,2.44,151.96,122.40,603.85,2.71,960.74,59.78,499.03
2026-04-15T07:00:00Z,62.44,2012.89,171.65,1191.27,43.41,2243.39,163.93,388.16,67.37,2022.35,171.18,999.26,33.29,2374.51,160.46,137.44,263.86,56.48,94.46,238.46,1811.71,3554.17,2.44,150.57,126.09,607.98,3.53,954.14,61.86,512.52
2026-04-15T07:10:00Z,62.48,2007.95,171.37,1181.75,43.33,2242.23,164.38,389.82,67.29,2023.36,171.11,990.64,33.34,2370.79,159.91,129.99,263.87,56.74,95.43,233.16,1806.40,3546.87,2.60,148.53,129.60,610.95,3.18,955.20,60.38,498.50
2026-04-15T07:20:00Z,62.38,2009.65,170.24,1176.01,43.31,2243.01,163.65,405.63,67.39,2023.17,170.05,986.92,33.67,2356.93,161.05,138.09,259.78,54.84,94.39,233.29,1804.44,3553.00,2.42,148.96,123.69,608.82,2.99,950.71,61.47,509.02
2026-04-15T07:30:00Z,62.78,2003.54,170.56,1167.36,43.02,2242.43,163.98,390.32,67.45,2023.73,170.60,979.65,33.60,2359.48,160.80,143.87,262.58,53.64,94.30,236.47,1810.13,3547.93,2.51,149.51,125.76,599.16,2.80,947.62,61.89,486.00
2026-04-15T07:40:00Z,63.01,2005.66,170.01,1181.67,42.77,2254.05,164.11,387.80,67.51,2009.49,171.08,984.83,33.76,2363.85,160.62,158.87,260.48,54.14,94.39,235.24,1807.38,3552.30,2.43,150.73,123.31,599.18,3.07,954.65,61.58,495.22
2026-04-15T07:50:00Z,63.10,1999.11,170.13,1190.68,42.58,2258.91,163.99,373.82,67.47,2007.50,171.11,997.35,34.27,2349.68,160.86,166.70,265.17,56.08,94.99,235.28,1804.40,3546.36,2.41,149.89,128.58,617.67,3.12,957.14,60.40,524.20
2026-04-15T08:00:00Z,63.11,1995.13,169.74,1184.94,42.44,2259.89,163.27,368.86,67.33,2016.46,170.33,989.35,34.05,2344.83,160.01,170.72,263.63,55.66,95.30,237.56,1809.45,3539.77,2.40,150.69,126.41,605.56,3.40,952.86,61.94,504.64
2026-04-15T08:10:00Z,63.18,2000.91,170.21,1188.34,42.25,2258.58,163.66,352.92,67.52,2012.60,170.32,982.14,34.01,2350.13,160.50,164.74,261.56,54.58,96.14,234.82,1805.65,3549.63,2.53,148.46,123.85,608.43,3.08,952.69,61.25,514.29
2026-04-15T08:20:00Z,63.53,1987.87,170.94,1198.98,41.79,2265.71,162.93,356.42,67.54,2008.14,169.95,985.07,33.54,2367.03,160.60,163.76,256.74,56.63,96.16,229.50,1799.47,3543.90,2.61,149.97,124.39,607.40,2.85,951.73,60.23,493.76
2026-04-15T08:30:00Z,63.82,1992.10,170.17,1194.94,42.19,2267.47,163.10,355.30,67.96,2002.14,170.36,994.48,33.38,2362.11,160.87,147.77,259.95,53.68,94.54,230.45,1799.66,3554.51,2.59,150.43,127.08,612.64,3.05,953.08,59.92,510.95
2026-04-15T08:40:00Z,63.98,1983.99,170.75,1212.79,42.51,2272.74,163.39,348.66,68.00,2014.05,169.57,989.65,33.73,2356.82,161.14,164.76,260.01,55.07,95.79,235.21,1803.87,3554.81,2.49,150.10,125.54,607.18,2.95,955.27,60.46,508.07
2026-04-15T08:50:00Z,64.13,1973.97,171.14,1209.95,42.34,2275.89,162.68,345.28,68.13,2002.21,170.51,984.45,33.97,2355.76,161.30,155.34,261.70,55.41,96.27,236.50,1817.02,3550.33,2.52,150.84,126.50,610.74,3.16,958.07,60.88,509.73
2026-04-15T09:00:00Z,64.46,1969.46,171.19,1215.46,42.34,2274.87,162.35,349.53,68.01,2001.02,170.49,994.98,33.92,2348.79,161.16,160.53,265.55,53.46,95.57,239.74,1818.33,3547.41,2.66,150.81,128.27,615.05,3.10,956.71,60.05,498.30
2026-04-15T09:10:00Z,64.48,1962.12,171.53,1234.30,42.40,2271.52,161.88,343.60,67.99,1990.53,171.13,995.98,34.15,2341.27,161.42,170.82,263.41,53.66,95.14,239.87,1816.53,3545.94,2.40,149.24,129.04,611.59,2.76,957.54,60.51,509.83
2026-04-15T09:20:00Z,64.82,1957.10,171.90,1245.83,42.65,2260.78,163.70,352.46,67.89,1991.01,170.52,997.70,34.34,2337.95,161.09,175.57,263.71,55.99,94.64,239.36,1819.29,3543.15,2.52,148.35,126.10,606.74,2.96,961.02,59.25,507.89
2026-04-15T09:30:00Z,64.90,1953.71,172.25,1245.97,42.49,2259.80,163.02,339.11,67.74,1997.25,170.46,1001.74,34.31,2343.80,161.23,176.41,271.01,55.69,94.82,245.53,1818.94,3550.03,2.37,150.65,133.00,619.05,2.93,960.21,58.99,521.92
2026-04-15T09:40:00Z,64.87,1956.28,172.00,1246.22,42.25,2278.93,163.34,345.91,67.30,2017.61,170.34,977.77,34.18,2348.07,161.41,179.57,269.98,55.54,94.58,241.48,1813.96,3539.53,2.40,151.34,130.30,612.17,2.94,957.86,60.10,505.32
2026-04-15T09:50:00Z,65.09,1954.40,172.02,1247.39,42.33,2281.17,162.62,345.65,66.98,2017.81,169.97,971.21,34.38,2351.14,160.82,187.55,270.68,57.18,94.53,240.12,1820.76,3559.84,2.47,150.62,134.50,624.21,2.71,957.76,59.03,518.27
2026-04-15T10:00:00Z,65.05,1937.25,172.34,1254.98,42.83,2266.81,162.92,361.63,67.03,2025.91,169.32,968.98,35.07,2328.23,160.64,187.68,266.30,56.53,94.67,238.17,1809.56,3548.81,2.44,151.27,130.15,614.39,2.80,960.70,59.95,508.84
2026-04-15T10:10:00Z,64.74,1947.11,172.11,1253.02,42.69,2268.44,163.26,355.78,67.52,2024.17,169.70,968.08,34.71,2330.93,160.59,185.43,269.90,55.77,95.42,238.23,1811.15,3546.89,2.44,149.51,129.51,613.96,3.10,954.52,59.20,521.53
2026-04-15T10:20:00Z,64.58,1961.48,171.83,1247.91,42.74,2266.81,163.84,359.72,67.55,2020.67,170.07,977.43,34.30,2338.58,160.71,193.21,263.64,53.37,95.69,242.12,1815.30,3562.52,2.43,150.11,126.20,609.38,2.91,950.19,59.58,505.51
2026-04-15T10:30:00Z,64.54,1958.54,171.27,1237.49,42.93,2260.21,163.98,362.27,67.12,2020.44,169.55,992.24,34.78,2337.77,160.27,187.89,259.85,53.78,96.24,233.12,1808.71,3540.78,2.26,148.66,126.03,597.95,3.00,956.51,60.83,495.93
2026-04-15T10:40:00Z,64.03,1973.28,171.93,1226.70,43.23,2260.81,163.63,357.02,66.66,2034.66,169.98,970.41,34.96,2337.18,160.64,191.61,255.41,,95.96,230.59,1802.46,3560.28,2.64,151.69,121.65,604.82,3.12,949.55,59.66,508.18
2026-04-15T10:50:00Z,64.34,1984.65,171.33,1224.66,43.38,2250.40,163.06,368.63,66.23,2040.76,169.96,949.91,35.22,2332.25,159.90,198.03,258.67,55.52,95.33,231.83,1803.41,3538.62,2.47,150.87,126.32,609.46,2.84,952.58,59.65,505.58
2026-04-15T11:00:00Z,64.80,1979.37,171.49,1227.19,43.36,2246.65,163.61,387.50,66.17,2046.60,169.04,947.13,35.31,2318.01,161.29,204.72,260.28,54.74,95.83,232.38,1801.50,3563.94,2.79,150.55,124.35,602.12,2.87,950.33,60.20,509.46
2026-04-15T11:10:00Z,64.81,1965.79,171.54,1232.75,43.24,2257.15,163.71,391.03,66.27,2034.51,169.12,938.73,34.85,2330.69,161.77,204.03,261.22,56.97,95.82,234.14,1814.44,3550.53,2.64,148.32,125.84,604.33,3.18,954.36,60.89,512.11
2026-04-15T11:20:00Z,64.74,1956.10,172.13,1252.15,42.89,2245.29,163.15,376.40,65.99,2043.80,169.17,928.27,34.84,2335.14,161.77,190.58,263.45,55.88,96.36,237.11,1809.33,3554.43,2.61,147.55,125.84,610.48,2.90,952.75,61.78,508.00
2026-04-15T11:30:00Z,65.08,1951.64,172.01,1261.89,42.68,2250.16,163.18,370.29,66.05,2036.64,168.99,940.93,34.76,2339.22,161.86,200.69,260.97,57.78,96.67,231.56,1802.96,3551.12,2.51,149.62,124.95,602.68,3.03,955.02,61.63,509.09
2026-04-15T11:40:00Z,65.14,1953.97,172.20,1254.74,42.36,2254.07,163.81,365.52,66.52,2039.04,169.00,937.78,34.92,2338.77,161.84,207.03,271.64,56.56,96.54,244.79,1807.83,3555.65,2.31,151.56,128.89,608.39,3.11,951.20,59.68,516.54
2026-04-15T11:50:00Z,65.15,1945.29,173.04,1260.06,42.06,2255.43,163.43,363.82,66.05,2051.04,168.90,925.77,34.39,2340.77,162.34,201.57,266.20,56.72,96.24,237.69,1808.86,3546.49,2.58,148.59,127.09,610.92,2.83,955.19,58.22,514.04
2026-04-15T12:00:00Z,64.67,1948.75,172.30,1250.85,42.10,2264.21,163.37,359.38,65.93,2048.79,168.43,930.38,34.22,2339.89,162.55,182.69,268.92,57.76,96.65,242.80,1824.31,3549.87,2.49,151.43,128.74,604.38,3.05,956.96,58.74,511.20
2026-04-15T12:10:00Z,64.70,1955.29,171.90,1261.08,41.39,2275.65,162.85,357.39,65.78,2051.02,168.72,925.69,34.52,2332.60,161.53,182.81,256.21,56.93,95.55,230.16,1806.27,3558.57,2.50,151.45,123.90,605.02,3.20,949.72,59.41,505.32
2026-04-15T12:20:00Z,64.82,1951.53,171.50,1257.15,41.59,2281.81,162.93,346.89,65.65,2055.50,168.41,925.33,34.77,2326.23,161.51,200.40,259.29,58.00,95.19,232.19,1805.96,3534.49,2.37,150.76,123.32,601.74,3.10,951.83,59.81,506.31
2026-04-15T12:30:00Z,65.33,1945.84,172.15,1262.18,41.89,2290.29,163.13,342.77,65.92,2045.70,168.26,925.92,34.28,2345.07,160.91,191.66,263.45,56.45,95.11,238.63,1800.04,3539.31,2.41,149.94,126.63,606.80,3.04,943.13,59.14,508.75
2026-04-15T12:40:00Z,65.30,1934.48,171.75,1265.87,41.88,2274.43,163.33,323.27,65.71,2044.21,168.42,918.68,34.23,2334.49,160.75,190.44,263.64,55.22,95.92,235.54,1809.88,3554.80,2.64,150.87,126.52,605.22,2.80,956.66,58.02,506.67
2026-04-15T12:50:00Z,65.15,1940.04,171.64,1261.68,42.28,2271.29,163.84,337.76,65.36,2053.54,168.16,924.26,34.39,2338.37,160.98,173.00,260.91,55.27,96.00,230.66,1809.03,3541.04,2.45,149.64,126.80,610.27,2.95,957.66,59.28,511.92
2026-04-15T13:00:00Z,65.51,1947.43,171.43,1268.03,42.56,2266.09,163.45,350.73,65.60,2046.93,168.68,933.87,34.36,2338.09,160.99,171.91,260.82,55.94,96.65,232.16,1809.07,3545.20,2.62,149.26,127.95,607.54,3.08,949.84,59.53,504.39
2026-04-15T13:10:00Z,65.26,1937.23,172.27,1265.11,42.34,2260.61,163.92,354.40,65.86,2054.66,169.11,935.44,34.08,2348.23,161.39,172.07,261.35,56.61,96.72,234.07,1803.11,3547.23,2.81,150.01,123.52,606.13,3.38,952.61,60.26,500.89
2026-04-15T13:20:00Z,65.43,1929.80,172.37,1281.86,42.14,2269.31,164.92,368.06,66.02,2061.50,169.15,915.99,34.14,2344.66,161.54,173.12,257.08,55.37,96.81,229.49,1807.34,3537.73,2.58,149.40,124.16,605.15,2.91,952.61,59.85,501.65
2026-04-15T13:30:00Z,65.36,1933.82,172.65,1276.35,42.39,2276.54,164.48,356.66,66.20,2055.86,169.71,916.75,34.11,2349.16,160.96,175.71,259.97,56.41,95.89,232.89,1803.09,3554.56,2.81,151.01,127.29,607.28,3.02,950.50,58.58,502.99
2026-04-15T13:40:00Z,65.18,1936.75,173.32,1280.56,42.78,2266.59,163.76,349.38,66.17,2041.75,168.68,923.52,,2353.11,161.15,158.95,267.70,54.95,96.11,240.09,1811.39,3542.05,2.58,151.05,130.15,613.72,3.15,956.62,59.88,509.38
2026-04-15T13:50:00Z,65.16,1954.08,173.42,1251.92,42.94,2256.58,163.08,362.32,66.23,2030.49,168.69,943.94,34.13,2350.97,160.11,158.56,267.85,54.68,96.05,243.07,1815.76,3540.73,2.28,151.47,126.59,611.43,2.94,960.39,61.33,509.59
2026-04-15T14:00:00Z,65.12,1940.72,173.29,1248.27,42.52,2261.85,163.28,369.80,66.20,2042.72,168.65,936.14,34.52,2352.48,160.76,173.49,266.45,53.72,95.87,241.81,1811.10,3547.11,2.30,150.39,129.58,611.03,3.13,947.72,62.38,504.72
2026-04-15T14:10:00Z,65.00,1950.27,172.73,1250.44,42.28,2263.70,163.53,365.05,65.89,2040.92,168.94,937.66,34.63,2334.74,160.80,180.64,265.56,53.07,95.56,239.70,1809.67,3544.59,2.49,150.89,129.13,612.85,3.34,949.07,62.54,514.35
2026-04-15T14:20:00Z,64.74,1956.09,172.43,1248.52,42.70,2261.68,163.77,370.30,66.16,2040.48,169.69,936.57,34.61,2330.44,160.64,176.51,268.83,52.89,96.35,243.82,1825.84,3541.13,2.58,152.05,129.09,613.66,3.30,962.52,62.39,511.71
2026-04-15T14:30:00Z,64.42,1962.80,172.25,1244.05,42.32,2259.36,163.36,368.72,66.15,2031.51,169.59,948.81,34.30,2336.45,161.33,188.13,267.69,56.32,95.51,239.38,1807.88,3555.52,2.50,149.31,131.36,615.10,3.04,949.15,62.22,514.04
2026-04-15T14:40:00Z,64.78,1964.12,172.41,1242.43,42.05,2268.15,163.53,356.22,65.92,2041.53,169.05,929.15,33.91,2336.05,161.15,180.61,262.84,54.15,95.70,237.54,1815.39,3546.59,2.40,149.38,121.91,601.18,3.17,961.53,60.40,502.41
2026-04-15T14:50:00Z,64.80,1965.50,172.16,1248.18,41.97,2270.00,163.45,354.25,66.13,2047.12,169.33,941.03,33.94,2345.43,160.80,161.60,258.47,52.36,95.69,231.00,1806.63,3557.81,2.09,149.27,124.89,610.53,3.20,950.62,59.88,504.40
2026-04-15T15:00:00Z,64.49,1964.22,172.31,1247.43,42.01,2265.91,163.33,356.88,65.86,2051.04,169.35,928.73,34.12,2340.68,160.18,170.16,268.66,52.24,96.31,242.18,1813.70,3550.94,2.60,152.20,130.18,618.46,2.95,948.31,60.81,512.22
2026-04-15T15:10:00Z,63.89,1979.86,171.62,1216.78,42.56,2266.06,163.58,362.54,65.93,2043.70,169.22,940.09,33.91,2347.44,160.44,180.34,260.80,53.96,95.82,232.79,1806.67,3539.70,2.88,148.57,126.78,607.78,3.20,949.17,60.80,508.66
2026-04-15T15:20:00Z,64.15,1971.99,171.42,1237.18,42.54,2268.98,163.57,354.85,65.55,2052.90,168.86,945.70,34.17,2344.63,161.06,177.48,267.71,55.74,95.39,241.10,1813.82,3563.08,2.56,149.81,127.51,603.66,3.46,955.62,59.26,509.01
2026-04-15T15:30:00Z,64.29,1971.02,171.32,1238.10,42.24,2263.82,163.28,356.18,65.32,2056.10,168.91,931.63,34.67,2348.58,160.29,188.19,267.32,55.75,95.88,240.56,1811.04,3570.64,2.64,150.32,129.84,613.65,3.16,956.42,59.93,502.91
2026-04-15T15:40:00Z,63.66,1989.85,171.19,1225.51,41.83,2270.51,163.27,354.85,65.30,2065.13,169.27,899.66,34.32,2344.25,159.80,189.91,257.73,55.37,95.68,229.53,1801.10,3556.78,2.61,150.60,124.32,608.53,2.87,954.32,59.60,510.14
2026-04-15T15:50:00Z,63.73,1978.10,171.18,1214.92,41.77,2273.02,162.86,344.83,65.63,2052.92,169.23,917.18,34.20,2344.71,160.91,177.48,259.76,55.15,95.93,234.00,1802.04,3549.67,2.63,151.17,125.04,609.05,2.67,952.71,58.74,510.28
2026-04-15T16:00:00Z,63.49,1981.09,171.40,1207.39,41.52,2282.13,163.17,353.84,66.67,2039.70,169.61,941.49,34.25,2343.46,161.02,177.16,262.33,54.25,95.64,236.13,1807.93,3538.26,2.50,148.46,128.00,608.46,3.06,958.76,60.78,507.79
2026-04-15T16:10:00Z,63.69,1975.56,171.05,1221.78,42.07,2282.57,163.41,349.37,66.69,2051.45,169.60,945.33,34.74,2339.49,161.20,179.06,263.75,52.77,95.94,236.43,1800.55,3540.63,2.53,148.37,126.60,604.07,3.37,953.47,60.70,498.82
2026-04-15T16:20:00Z,63.68,1967.02,171.09,1230.25,41.86,2280.05,162.89,339.68,67.03,2036.77,169.75,961.17,34.34,2349.10,160.34,164.98,264.85,53.16,95.69,238.03,1811.72,3564.04,2.32,150.63,129.30,611.62,2.81,958.46,61.02,506.35
2026-04-15T16:30:00Z,63.79,1971.17,171.04,1222.10,41.79,2286.90,161.84,326.84,67.08,2035.20,169.51,956.51,34.54,2346.29,160.47,179.55,263.27,54.15,95.44,240.51,1799.26,3560.72,2.63,149.93,124.70,612.74,2.63,946.64,58.80,506.40
2026-04-15T16:40:00Z,63.99,1966.23,170.78,1225.18,41.46,2298.60,161.94,323.57,67.24,2032.26,170.53,965.34,34.73,2338.20,160.38,168.59,264.44,53.72,96.01,238.87,1810.99,3546.71,2.33,151.61,129.56,605.08,3.07,960.20,59.38,510.56
2026-04-15T16:50:00Z,64.13,1976.60,171.70,1230.26,41.26,2298.96,162.53,311.75,67.00,2035.25,169.64,962.92,34.64,2340.25,160.83,185.49,273.56,54.83,95.32,247.62,1824.09,3552.08,2.24,148.78,128.99,616.45,3.03,959.71,60.11,526.15
2026-04-15T17:00:00Z,64.61,1964.29,171.82,1246.58,41.61,2282.84,162.60,322.17,66.73,2030.67,170.57,970.28,34.72,2337.48,161.40,184.98,267.24,56.33,95.23,237.82,1813.20,3543.73,2.47,,128.69,618.13,2.62,960.94,60.53,517.78
2026-04-15T17:10:00Z,65.09,1948.97,171.95,1252.39,41.82,2272.25,162.72,336.66,67.07,2027.49,170.04,955.49,34.70,2328.48,161.42,186.87,263.80,56.88,95.66,237.61,1803.91,3553.64,2.67,148.43,125.28,601.01,3.04,952.25,60.79,501.17
2026-04-15T17:20:00Z,65.13,1943.13,172.17,1266.33,41.89,2275.08,162.36,346.71,67.04,2013.55,169.08,944.04,34.23,2337.35,160.91,190.32,269.85,56.54,95.78,241.95,1822.06,3547.04,2.50,150.14,127.47,611.42,2.51,955.56,60.02,511.92
2026-04-15T17:30:00Z,65.38,1931.45,172.43,1274.89,41.89,2275.20,163.00,352.50,66.94,2029.43,169.63,960.62,34.01,2350.03,160.80,179.57,271.04,55.97,95.60,245.30,1810.76,3553.36,2.61,150.37,133.57,617.95,2.89,953.49,59.80,514.18
2026-04-15T17:40:00Z,64.90,1928.60,172.95,1269.37,41.93,2273.10,163.13,361.07,67.28,2023.17,169.46,969.12,34.20,2349.76,160.69,173.06,267.87,57.43,95.17,239.62,1810.98,3549.38,2.40,147.61,129.10,605.74,2.70,954.42,60.16,507.81
2026-04-15T17:50:00Z,64.90,1941.47,172.47,1251.84,41.96,2282.62,162.85,357.26,67.21,2012.25,169.52,962.24,34.49,2340.22,160.84,186.78,260.97,55.81,96.08,237.13,1816.41,3544.40,2.51,149.57,125.45,605.85,2.80,961.39,60.44,504.78
2026-04-15T18:00:00Z,64.89,1955.15,172.77,1241.30,42.10,2279.33,162.85,338.26,67.14,2019.28,169.46,973.96,34.92,2334.24,160.98,183.47,270.55,56.05,95.31,243.85,1816.37,3561.26,2.68,150.51,129.94,603.30,2.75,959.93,59.86,501.26
2026-04-15T18:10:00Z,65.04,1941.02,172.04,1249.91,42.24,2275.92,163.34,349.66,66.99,2020.04,169.48,965.28,34.98,2338.89,160.56,186.37,266.48,55.29,95.53,236.25,1812.45,3560.76,2.66,150.88,125.31,604.65,2.76,957.14,58.82,503.77
2026-04-15T18:20:00Z,64.74,1947.26,172.44,1269.47,42.37,2268.81,162.55,357.31,67.33,2015.60,170.20,964.55,35.74,2307.84,161.54,201.09,269.96,57.78,95.81,241.39,1812.36,3537.39,2.53,149.69,129.82,608.45,3.12,952.66,59.57,508.25
2026-04-15T18:30:00Z,64.63,1955.56,172.08,1254.09,42.43,2265.12,162.64,353.08,67.45,2017.78,169.67,967.53,35.73,2298.82,161.10,210.72,273.59,59.04,95.95,244.14,1823.06,3549.61,2.20,151.17,134.16,619.81,2.88,957.03,60.17,510.41
2026-04-15T18:40:00Z,64.88,1952.98,171.71,1259.75,42.52,2264.97,163.21,373.61,67.98,2007.75,170.68,995.64,35.70,2303.84,161.17,228.27,,59.12,96.60,242.84,1815.86,3555.27,2.66,150.41,130.04,610.37,3.05,962.23,60.10,498.58
2026-04-15T18:50:00Z,65.09,1954.36,171.65,1261.01,42.47,2254.59,163.16,383.17,67.57,2008.70,170.45,997.18,35.81,2302.99,161.37,233.73,271.63,59.33,95.55,243.58,1815.45,3548.93,2.68,149.73,130.85,615.14,3.16,957.16,59.72,521.44
2026-04-15T19:00:00Z,64.92,1953.86,172.62,1248.17,42.39,2258.06,163.20,376.33,67.48,2013.69,170.89,991.92,35.57,2307.52,161.40,228.16,270.47,57.15,95.72,241.50,1822.14,3552.23,2.52,149.59,129.85,610.03,2.97,959.91,59.30,505.53
2026-04-15T19:10:00Z,64.95,1950.34,172.14,1252.68,42.51,2255.12,163.82,374.99,67.95,1996.65,171.11,996.96,36.19,2304.82,161.99,234.40,270.16,58.58,95.76,241.80,1808.91,3535.83,2.65,149.67,129.58,612.70,2.94,957.69,61.06,504.10
2026-04-15T19:20:00Z,65.26,1950.99,172.21,1254.02,42.30,2254.24,163.48,364.02,67.83,2000.19,171.24,1011.79,35.66,2323.10,162.01,228.12,271.52,58.28,96.51,245.72,1817.27,3551.06,2.57,148.62,132.00,611.49,2.97,962.22,61.10,514.74
2026-04-15T19:30:00Z,64.92,1954.14,172.09,1243.20,42.46,2265.47,163.46,345.99,67.98,1996.37,171.10,1012.29,35.60,2325.23,161.86,239.92,265.33,57.42,96.44,236.60,1809.22,3555.24,2.37,151.42,128.72,608.07,3.08,960.86,59.85,505.38
2026-04-15T19:40:00Z,65.16,1943.99,172.45,1253.11,42.54,2281.44,163.51,347.34,68.05,2000.12,171.63,1014.26,35.32,2321.70,161.98,217.39,260.53,57.94,97.25,236.85,1810.79,3542.25,2.51,148.89,126.74,609.93,3.20,952.98,60.12,503.98
2026-04-15T19:50:00Z,64.89,1950.48,172.99,1249.50,42.90,2275.47,163.34,358.19,67.69,2001.23,171.26,1024.05,35.04,2330.94,162.47,209.82,265.22,57.07,97.05,237.53,1813.48,3546.41,2.38,150.52,126.17,605.52,3.11,954.81,59.43,504.38
2026-04-15T20:00:00Z,64.44,1964.36,172.70,1256.69,43.22,2256.56,163.75,357.70,67.68,2008.55,171.02,1010.96,34.95,2325.90,162.35,194.61,269.92,57.56,97.89,241.43,1806.44,3545.57,2.41,149.56,130.92,612.30,2.94,952.98,59.60,505.52
2026-04-15T20:10:00Z,64.16,1980.27,171.94,1229.13,43.26,2248.11,164.14,375.66,67.33,2014.24,170.95,1001.74,34.95,2317.26,162.37,198.86,269.72,56.06,96.64,243.25,1810.34,3544.42,2.64,148.19,132.68,615.72,3.01,960.74,59.16,513.39
2026-04-15T20:20:00Z,64.29,1975.94,171.41,1238.84,42.96,2241.93,163.77,367.68,67.46,2012.29,170.63,986.81,35.08,2327.93,162.08,204.96,266.19,57.16,96.61,239.86,1805.26,3549.92,2.44,150.15,128.50,613.49,2.78,949.05,59.38,507.19
2026-04-15T20:30:00Z,64.59,1963.68,171.19,1250.51,43.32,2231.70,163.50,380.17,67.50,2003.35,170.04,986.11,34.79,2330.32,161.85,210.54,269.29,57.74,95.42,242.01,1816.76,3554.81,2.34,150.00,131.13,606.59,3.15,954.68,59.94,499.00
2026-04-15T20:40:00Z,64.76,1960.87,171.32,1239.38,43.41,2238.07,163.57,387.01,67.93,2010.37,170.28,994.73,34.90,2334.19,160.53,195.51,265.58,57.89,94.90,238.93,1817.33,3548.27,2.79,149.76,128.43,608.28,3.08,959.95,60.02,506.28
2026-04-15T20:50:00Z,64.86,1970.21,171.28,1240.58,43.65,2238.90,164.50,374.48,67.89,1999.60,170.96,1009.68,34.57,2341.65,160.59,205.00,268.20,57.47,94.81,241.24,1802.57,3541.27,2.50,149.26,127.94,603.65,3.00,956.86,60.67,509.49
2026-04-15T21:00:00Z,65.07,1948.36,171.18,1252.36,44.39,2220.04,164.88,404.39,68.41,1993.08,171.80,1021.08,34.28,2349.89,161.02,192.21,270.95,59.56,96.10,245.24,1821.21,3564.54,2.47,150.41,129.42,606.94,3.06,954.93,60.28,504.90
2026-04-15T21:10:00Z,65.55,1941.58,171.64,1252.57,44.45,2215.19,164.82,414.77,68.22,1992.67,171.29,1015.23,34.43,2348.23,160.98,181.93,272.88,57.35,95.99,247.36,1825.42,3550.88,2.40,150.12,129.64,608.52,3.09,967.06,60.50,506.45
2026-04-15T21:20:00Z,65.48,1944.80,171.65,1263.34,43.99,2227.86,164.01,,68.40,1997.02,171.72,1014.80,34.33,2348.39,160.44,188.55,266.92,57.35,95.45,238.43,1810.53,3552.22,2.62,149.93,128.68,610.94,3.20,952.09,60.87,506.95
2026-04-15T21:30:00Z,65.28,1952.43,171.63,1257.21,44.11,2225.53,163.87,413.66,68.14,1990.26,171.21,1013.30,34.32,2349.78,159.83,171.82,271.21,58.13,95.51,243.66,1807.86,3544.37,2.47,150.84,132.65,620.98,2.97,948.24,60.29,517.21
2026-04-15T21:40:00Z,65.20,1947.73,171.64,1268.54,43.91,2222.30,164.57,416.16,68.21,1983.48,171.87,1023.01,33.93,2350.73,160.63,170.85,268.82,56.30,96.96,240.55,1814.64,3550.63,2.46,150.37,127.86,612.23,3.04,963.30,61.00,506.55
2026-04-15T21:50:00Z,64.55,1960.10,172.07,1258.92,43.64,,164.52,406.69,67.98,1990.36,170.66,1013.37,33.78,2357.45,160.70,169.71,267.50,57.83,96.81,244.80,1817.52,3554.21,2.37,151.56,128.13,606.75,2.81,955.08,60.37,490.14
2026-04-15T22:00:00Z,64.30,1956.49,172.54,1264.94,43.35,2247.57,164.45,402.63,68.07,2002.22,170.74,1019.22,33.50,2363.32,159.92,172.50,269.00,58.29,96.10,242.64,1812.85,3545.21,2.84,149.94,128.65,613.85,3.21,960.16,59.22,514.18
2026-04-15T22:10:00Z,63.96,1965.59,171.61,1247.00,43.54,2238.77,164.07,395.59,68.06,2004.92,169.83,1000.69,33.53,2364.08,159.63,147.39,269.59,56.68,95.44,243.94,1812.48,3550.86,2.60,149.86,128.03,609.55,2.99,954.17,59.90,509.44
2026-04-15T22:20:00Z,64.07,1983.80,171.36,1225.48,43.48,2237.74,164.32,391.22,68.12,2002.87,170.23,998.13,33.61,2368.89,160.11,134.86,265.70,58.45,95.89,239.19,1808.98,3546.25,2.35,148.49,128.43,612.89,2.58,964.63,60.92,517.72
2026-04-15T22:30:00Z,64.48,1974.52,170.63,1224.10,43.19,2240.76,163.72,388.15,67.96,1998.51,169.20,983.59,33.87,2358.04,160.62,153.23,260.51,55.69,95.77,237.32,1806.25,3548.28,2.61,148.88,129.61,613.00,2.64,957.15,59.83,509.98
2026-04-15T22:40:00Z,64.76,1957.94,171.31,1218.25,43.06,2247.38,163.59,382.35,68.15,1986.24,169.89,1000.95,34.26,2350.22,160.60,162.46,259.00,56.43,94.80,231.15,1806.34,3543.06,2.58,150.03,122.59,605.08,2.80,960.05,59.82,506.95
2026-04-15T22:50:00Z,64.92,1953.71,171.10,1240.48,42.87,2249.98,163.14,373.54,68.25,1995.79,170.01,1007.25,34.30,2341.34,160.76,158.91,265.70,57.37,94.32,238.79,1813.44,3546.36,2.71,149.79,129.86,608.64,2.66,962.85,60.58,499.81
2026-04-15T23:00:00Z,64.81,1964.38,171.24,1244.14,42.94,2259.51,163.61,371.90,68.57,1985.08,170.97,1019.23,34.65,2329.61,160.59,171.12,270.25,55.56,95.52,244.47,1812.15,3536.07,2.88,149.96,131.95,611.88,3.06,960.05,59.67,512.30
2026-04-15T23:10:00Z,65.25,1945.87,171.77,1257.11,43.18,2255.19,162.88,363.74,68.16,1991.16,170.75,1018.20,34.33,2336.42,161.16,179.83,267.57,56.49,96.83,243.91,1822.00,3556.81,2.64,150.20,129.87,612.98,2.85,966.98,59.66,512.86
2026-04-15T23:20:00Z,65.31,1942.01,172.89,1275.27,43.34,2240.64,163.22,365.89,68.63,1992.17,170.96,1025.02,34.56,2338.56,160.28,188.84,263.48,58.12,96.44,236.59,1807.38,3552.82,2.38,149.22,124.62,603.01,3.38,952.98,59.12,501.29
2026-04-15T23:30:00Z,65.57,1935.54,172.17,1287.47,42.91,2258.32,163.29,362.88,67.98,1997.19,170.17,1003.60,34.60,2336.69,161.07,184.17,264.25,59.74,95.80,236.08,1812.44,3542.30,2.46,149.49,124.98,604.46,2.71,951.63,59.10,489.91
2026-04-15T23:40:00Z,65.26,1943.74,172.00,1277.06,43.01,2250.77,163.17,367.99,67.86,1994.52,170.12,1000.21,35.00,2326.33,161.20,190.07,268.32,57.42,96.20,241.96,1816.17,3540.19,2.12,149.63,132.48,607.86,2.95,957.68,60.43,514.04
2026-04-15T23:50:00Z,65.28,1945.53,172.42,1269.00,42.67,2246.13,163.47,356.20,67.69,1997.00,170.92,1005.71,35.10,2326.24,161.47,194.23,265.90,56.24,96.25,236.12,1816.20,3555.73,2.54,150.94,128.51,612.40,3.13,956.04,59.47,495.04
