timestamp,VAR_001,VAR_002,VAR_003,VAR_004,VAR_005,VAR_006,VAR_007,VAR_008,VAR_009,VAR_010,VAR_011,VAR_012,VAR_013,VAR_014,VAR_015,VAR_016,VAR_017,VAR_018,VAR_019,VAR_020,VAR_021,VAR_022,VAR_023,VAR_024,VAR_025,VAR_026,VAR_027,VAR_028,VAR_029,VAR_030
2026-01-15T00:00:00Z,54.74,2200.58,164.09,886.33,36.32,2405.20,158.96,154.88,47.02,2514.46,156.19,249.66,51.53,1910.94,172.75,790.00,231.26,42.02,93.97,209.08,1783.35,3540.20,2.51,150.94,112.09,593.23,3.10,948.27,60.57,496.38
2026-01-15T00:10:00Z,54.26,2212.64,164.60,873.28,36.28,2418.75,158.79,141.23,47.15,2521.22,155.90,250.51,51.32,1903.69,172.31,784.43,235.51,41.55,93.83,211.48,1789.53,3545.73,2.73,151.39,113.63,588.87,3.05,944.34,60.85,489.05
2026-01-15T00:20:00Z,54.23,2207.55,164.48,886.38,35.84,2430.88,159.10,127.18,46.84,2529.19,156.55,255.04,51.94,1904.69,172.67,795.65,231.82,41.27,93.64,210.55,1789.92,3545.98,2.22,148.21,111.70,587.42,2.97,951.23,59.62,488.39
2026-01-15T00:30:00Z,53.98,2214.74,164.77,880.22,35.80,2415.99,158.03,134.64,46.95,2520.51,156.27,262.03,52.01,1904.56,173.27,793.48,233.30,41.71,93.53,207.75,1792.11,3547.92,2.51,152.15,111.87,587.76,2.96,952.19,59.79,476.63
2026-01-15T00:40:00Z,54.36,2213.09,164.49,879.00,36.02,2426.93,158.16,141.72,46.86,2507.07,156.01,,52.23,1900.43,173.18,808.86,231.46,42.52,93.88,211.23,1785.20,3546.02,2.76,150.33,112.26,595.80,2.67,944.07,60.03,494.65
2026-01-15T00:50:00Z,53.99,2219.48,164.18,864.23,35.93,2422.34,157.84,138.00,46.75,2532.87,156.06,249.79,52.55,1894.02,173.29,820.33,226.67,41.82,93.78,201.77,1776.33,3546.32,2.47,149.41,110.65,585.74,3.09,931.52,59.33,487.53
2026-01-15T01:00:00Z,54.31,2218.23,164.48,865.56,35.70,2423.65,158.46,125.17,46.56,2540.31,156.27,246.20,52.30,1896.95,173.83,814.20,225.63,40.33,94.21,200.41,1765.09,3559.39,2.62,149.82,109.14,583.96,3.05,934.83,58.78,490.29
2026-01-15T01:10:00Z,54.38,2217.53,164.14,866.49,35.11,2431.91,158.19,117.96,46.39,2539.91,155.85,234.25,52.05,1894.26,174.04,817.37,231.39,40.93,94.18,206.85,1789.65,3548.40,2.50,148.58,108.22,588.81,3.51,945.63,60.28,501.07
2026-01-15T01:20:00Z,54.27,2218.52,164.03,863.24,35.41,2436.17,158.01,115.10,46.71,2534.92,154.88,243.86,52.00,1900.51,174.24,809.25,231.77,39.10,94.69,207.65,1782.16,3557.31,2.62,149.61,113.57,588.19,3.19,939.30,58.15,490.94
2026-01-15T01:30:00Z,54.16,2220.74,164.54,881.07,34.92,2440.28,158.04,115.13,46.61,2529.23,154.84,247.45,52.47,1886.43,173.96,820.62,228.57,42.25,93.48,204.67,1784.12,3528.95,2.29,149.68,110.55,583.55,3.18,941.02,59.97,483.33
2026-01-15T01:40:00Z,53.84,2219.49,164.04,871.48,35.01,2443.76,157.69,93.95,46.82,2525.74,155.59,259.73,52.56,1879.02,173.85,829.29,226.87,41.36,93.52,206.53,1784.38,3539.82,2.38,149.77,106.13,587.69,3.04,943.89,61.26,486.86
2026-01-15T01:50:00Z,53.81,2232.57,163.50,866.67,35.05,2444.95,157.01,87.18,46.32,2534.35,155.65,252.37,53.03,1868.26,173.55,852.30,235.13,41.68,93.87,210.86,1782.10,3556.09,2.76,150.53,111.35,590.45,3.07,948.03,59.58,492.11
2026-01-15T02:00:00Z,53.71,2229.69,164.51,862.42,35.31,2439.23,157.69,119.01,46.26,2540.55,155.80,237.73,52.87,1861.72,174.51,856.55,229.55,43.01,94.26,205.37,1783.22,3553.36,2.63,149.89,110.55,586.42,2.77,941.33,59.68,492.49
2026-01-15T02:10:00Z,53.49,2231.18,164.73,863.17,35.38,2440.61,158.31,119.49,46.01,2545.31,155.61,230.14,52.83,1858.56,174.91,856.53,224.14,42.73,94.03,204.12,1779.46,3537.72,2.63,149.06,105.82,575.20,2.82,936.78,60.06,482.89
2026-01-15T02:20:00Z,53.09,2236.68,165.01,859.65,35.26,2441.21,157.74,113.50,45.86,2539.10,155.54,227.67,52.92,1876.72,175.08,864.91,227.59,43.47,94.15,203.10,1784.41,3547.93,2.55,150.58,109.56,589.21,3.28,941.73,59.95,489.91
2026-01-15T02:30:00Z,53.35,2231.62,165.04,850.54,35.56,2444.10,158.11,120.35,46.24,2548.48,155.38,218.02,52.68,1880.67,175.12,850.57,231.12,42.69,94.17,206.30,1783.17,3557.29,2.45,149.64,111.26,587.30,3.03,944.25,61.08,483.15
2026-01-15T02:40:00Z,53.16,2228.87,164.73,850.01,35.45,2448.11,158.13,92.97,46.29,2548.05,155.10,229.63,53.01,1880.99,174.44,840.13,223.75,40.41,94.64,202.14,1764.45,3554.08,2.47,148.55,106.99,587.84,3.10,931.37,60.04,490.38
2026-01-15T02:50:00Z,53.39,2233.10,164.18,834.92,35.42,2442.08,158.14,94.87,46.94,2543.57,155.14,226.85,52.77,1885.29,173.91,838.27,226.44,42.03,93.87,202.81,1782.25,3556.50,2.70,149.24,107.78,583.79,3.14,939.30,59.56,493.60
2026-01-15T03:00:00Z,53.38,2238.84,164.27,852.05,35.28,2432.91,158.35,100.23,47.30,2528.70,155.67,244.44,52.21,1875.99,173.98,831.31,227.49,41.94,93.74,205.27,1780.00,3550.48,2.64,147.28,107.71,582.65,2.76,941.85,60.33,490.03
2026-01-15T03:10:00Z,53.39,2239.06,163.72,840.53,35.04,2443.68,158.03,98.42,47.17,2521.15,155.34,253.86,52.63,1877.52,174.10,827.32,228.26,43.39,93.11,205.00,1791.67,3551.46,2.70,147.70,110.73,589.99,3.23,939.49,59.30,489.99
2026-01-15T03:20:00Z,53.49,2228.30,163.20,841.91,35.44,2436.59,158.04,101.75,46.96,2517.38,155.57,253.51,52.66,1877.14,173.69,827.82,233.58,41.41,93.59,208.43,1780.90,3545.41,2.58,149.13,111.75,587.46,3.32,940.72,58.11,480.44
2026-01-15T03:30:00Z,53.62,2237.30,163.59,844.11,35.29,2434.72,157.70,99.25,46.81,2526.05,155.08,245.11,52.66,1879.49,173.44,837.81,230.12,40.76,92.87,208.93,1785.47,3549.24,2.27,150.50,111.76,585.41,3.17,936.83,59.20,489.12
2026-01-15T03:40:00Z,54.02,2237.44,164.21,854.27,35.12,2436.39,157.44,100.30,47.05,2538.13,154.98,243.15,52.41,1884.39,173.76,840.83,230.10,41.43,93.11,206.03,1787.39,3546.07,2.71,150.15,109.36,586.76,3.17,951.61,60.27,486.00
2026-01-15T03:50:00Z,53.41,2236.55,163.97,860.76,35.24,2439.95,157.91,105.50,46.97,2534.70,154.68,249.03,52.52,1880.80,174.57,845.21,231.06,41.93,93.52,206.45,1792.64,3556.94,2.48,148.52,113.81,594.50,3.24,948.95,60.00,492.65
2026-01-15T04:00:00Z,53.12,2242.61,164.09,845.71,35.36,2440.22,157.49,120.59,46.75,2540.64,155.31,244.44,52.79,1890.39,174.43,839.08,236.86,41.58,92.79,214.11,1802.65,3538.28,2.59,150.81,115.30,595.70,2.87,949.73,61.13,496.99
2026-01-15T04:10:00Z,53.42,2245.30,164.86,843.83,35.71,2433.98,158.10,127.36,46.64,2541.09,154.90,239.88,53.24,1877.59,174.67,838.10,235.40,42.07,93.52,217.09,1791.69,3544.26,2.56,149.65,113.43,595.17,3.03,949.96,61.20,508.62
2026-01-15T04:20:00Z,52.73,2254.95,163.88,831.97,35.75,2423.26,158.22,138.27,46.51,2543.84,154.54,242.78,53.13,1873.02,174.43,836.44,231.91,41.25,92.89,205.05,1783.36,3549.73,2.36,148.79,108.54,593.19,2.92,941.62,59.72,492.99
2026-01-15T04:30:00Z,52.49,2260.63,163.93,837.46,35.58,2435.39,157.99,140.99,46.75,2535.67,155.42,258.33,52.65,1888.70,174.87,827.98,231.81,41.83,93.57,211.64,1792.90,3544.02,2.22,149.45,112.83,593.62,3.24,945.17,60.69,495.30
2026-01-15T04:40:00Z,52.86,2247.40,163.89,829.93,35.85,2425.99,158.61,143.01,46.72,2543.02,155.62,248.23,52.06,1900.45,174.56,822.82,228.80,43.76,93.70,207.97,1781.33,3543.52,2.63,151.21,108.27,583.83,2.73,937.51,61.32,494.06
2026-01-15T04:50:00Z,52.34,2255.94,164.55,828.13,36.10,2417.78,158.66,146.81,46.59,2541.63,154.76,242.94,52.25,1902.12,174.21,824.67,230.66,44.19,93.02,205.30,1787.40,3534.82,2.49,149.79,110.54,590.56,3.26,933.10,60.77,484.23
2026-01-15T05:00:00Z,52.31,2262.77,163.88,826.32,35.86,2420.07,158.14,136.17,46.26,2539.01,155.60,239.73,52.52,1890.05,174.02,808.89,228.20,42.58,93.56,202.74,1780.56,3558.27,2.57,150.80,106.89,580.75,2.83,942.42,59.62,487.92
2026-01-15T05:10:00Z,52.38,2264.24,163.58,815.25,35.91,2420.78,158.65,128.98,46.40,2545.50,154.94,237.79,52.64,1894.44,174.29,814.47,233.88,41.93,93.37,209.89,1788.90,3549.54,2.76,149.53,113.24,594.54,3.31,951.75,58.92,492.88
2026-01-15T05:20:00Z,52.48,2271.24,163.64,827.10,35.96,2420.18,158.96,142.37,46.44,2544.21,154.32,249.18,52.64,1889.30,173.80,806.83,230.06,42.39,94.25,208.78,1784.50,3563.17,2.50,148.55,110.43,586.80,2.89,945.48,60.71,493.00
2026-01-15T05:30:00Z,53.06,2266.74,163.45,822.18,35.64,2429.25,159.28,133.39,46.28,2544.82,154.98,244.59,53.08,1892.71,173.40,832.83,230.59,40.88,94.05,207.04,1777.15,3543.49,2.36,150.15,108.48,591.66,2.91,942.69,60.01,486.26
2026-01-15T05:40:00Z,53.41,2243.61,163.59,824.25,35.74,2424.59,158.72,124.79,46.01,2556.59,155.19,219.54,53.02,1877.33,172.98,831.33,227.91,40.43,93.67,205.91,1771.97,3569.29,2.28,149.46,108.35,585.90,3.05,943.64,60.73,492.31
2026-01-15T05:50:00Z,53.27,2241.18,163.21,833.28,36.30,2431.48,159.35,113.97,46.37,2552.39,,235.00,53.16,1862.76,173.63,850.44,226.72,39.98,93.97,205.43,1772.29,3543.68,2.45,150.25,108.61,588.21,2.76,927.36,60.91,500.20
2026-01-15T06:00:00Z,52.75,2257.38,162.43,830.58,36.23,2432.96,159.17,119.24,46.47,2550.54,155.84,221.87,53.02,1877.31,174.30,853.55,224.62,41.15,94.10,200.45,1773.81,3547.13,2.25,148.73,108.15,581.59,2.67,935.27,60.28,487.30
2026-01-15T06:10:00Z,52.39,2264.03,162.59,807.92,36.11,2430.97,158.85,120.18,46.60,2545.60,155.33,225.25,52.73,1874.54,174.76,852.18,225.29,41.31,93.34,200.83,1783.81,3546.34,2.28,150.01,108.67,587.17,3.28,942.69,60.35,488.25
2026-01-15T06:20:00Z,52.38,2266.75,163.16,811.99,35.78,2431.11,158.99,126.29,46.90,2543.81,155.35,235.16,52.48,1881.49,173.87,848.92,225.34,42.35,93.40,202.67,1787.39,3555.13,2.57,149.81,110.26,591.16,2.95,953.17,60.28,497.67
2026-01-15T06:30:00Z,51.85,2282.31,163.22,800.57,35.96,2435.09,158.30,123.31,46.70,2533.04,155.76,237.42,52.77,1873.71,173.87,841.62,226.81,44.43,94.80,206.33,1786.95,3559.17,2.28,151.60,109.39,579.61,3.09,941.88,60.16,480.32
2026-01-15T06:40:00Z,51.66,2285.16,163.69,796.54,35.33,2439.54,157.75,117.22,46.71,2538.16,155.06,245.65,52.87,1882.19,173.48,837.95,228.18,41.79,94.56,207.35,1786.26,3541.80,2.49,150.32,110.39,587.52,3.35,949.17,61.59,481.92
2026-01-15T06:50:00Z,51.53,2291.84,163.10,794.19,34.59,2454.78,157.77,99.84,47.03,2533.87,155.24,252.11,52.58,1884.22,174.04,824.72,232.50,40.72,94.00,210.51,1786.12,3554.87,2.25,151.60,112.06,594.60,3.14,941.09,59.65,491.21
2026-01-15T07:00:00Z,51.48,2293.35,162.88,795.11,34.93,2452.58,157.95,97.81,46.32,2544.81,155.70,250.92,52.35,1887.08,173.77,817.14,228.46,42.17,93.24,205.96,1770.22,3542.71,2.63,151.80,107.53,582.99,2.78,932.74,59.31,481.17
2026-01-15T07:10:00Z,51.37,2289.25,162.42,764.91,34.66,2451.76,157.41,90.66,46.22,2555.72,154.69,230.07,52.75,1891.58,173.54,806.07,224.17,39.30,93.32,201.86,1782.76,3556.56,2.57,151.69,105.29,582.64,3.30,942.50,59.53,497.78
2026-01-15T07:20:00Z,51.72,2282.17,162.68,781.15,34.59,2455.62,157.75,92.73,46.39,2547.81,155.40,228.71,52.41,1906.29,173.61,811.37,222.53,39.89,93.08,203.16,1781.06,3558.79,2.44,150.62,105.59,579.65,2.84,939.54,60.10,489.24
2026-01-15T07:30:00Z,51.71,2282.43,162.32,784.21,34.83,2466.37,157.59,68.33,46.26,2541.39,154.94,222.04,52.82,1884.15,173.68,817.49,225.84,38.34,93.57,202.83,1778.73,3548.60,2.53,149.01,107.95,581.59,2.69,937.90,59.83,488.90
2026-01-15T07:40:00Z,51.85,2287.10,162.78,795.70,35.01,2452.21,157.60,76.63,46.14,2557.24,155.41,219.22,52.91,1877.28,174.08,811.42,227.47,40.64,93.30,203.63,1777.82,3549.90,2.31,150.97,110.73,586.13,3.05,940.98,58.96,490.86
2026-01-15T07:50:00Z,51.41,2288.85,162.81,791.88,35.13,2457.80,157.49,82.78,46.07,2552.23,154.81,224.60,52.98,1874.45,173.40,830.01,224.59,38.57,93.57,202.11,1769.40,3548.16,2.55,150.03,108.48,581.80,3.19,934.26,58.56,481.97
2026-01-15T08:00:00Z,51.76,2291.16,162.86,785.16,34.92,2448.90,157.09,89.81,46.11,2549.54,154.73,226.17,53.00,1881.17,173.43,818.89,223.49,40.09,93.29,204.38,1785.02,3547.58,2.41,151.45,105.00,578.60,3.20,940.31,58.66,484.56
2026-01-15T08:10:00Z,51.89,2279.17,162.36,790.01,35.07,2457.09,157.81,82.07,45.78,2544.22,154.62,230.83,52.90,1882.71,172.88,808.18,228.56,40.76,93.66,205.42,1789.48,3561.97,2.40,150.58,107.46,589.43,2.68,950.83,59.34,490.19
2026-01-15T08:20:00Z,51.51,2285.52,162.49,776.18,34.88,2447.67,158.08,89.28,45.93,2546.25,155.20,216.69,52.75,1877.02,173.44,827.32,225.40,38.95,93.53,202.19,1771.38,3548.41,2.78,150.74,105.10,584.81,3.30,942.85,59.11,485.49
2026-01-15T08:30:00Z,52.28,2278.25,162.70,766.45,34.78,2451.46,158.30,95.59,46.55,2537.38,155.37,222.82,53.50,1865.92,173.26,838.27,224.25,39.23,92.79,202.17,1778.56,3564.27,2.35,149.73,108.22,577.31,3.00,934.50,57.44,486.18
2026-01-15T08:40:00Z,52.24,2271.71,163.19,788.33,34.61,2465.48,158.71,104.92,46.92,2541.39,155.83,230.22,53.31,1866.13,173.94,856.08,227.56,40.94,93.53,207.38,1786.56,3544.94,2.36,149.76,110.31,584.16,3.43,946.38,59.30,479.30
2026-01-15T08:50:00Z,52.32,2257.27,162.57,807.23,34.73,2464.50,157.88,89.54,47.04,2523.98,155.20,250.45,53.13,1873.13,173.98,849.00,228.60,41.17,93.48,204.07,1773.89,3546.44,2.51,150.70,107.77,592.39,3.07,940.82,58.07,503.83
2026-01-15T09:00:00Z,52.24,2264.94,162.76,803.77,34.98,2456.52,157.90,94.98,46.62,2535.26,155.00,251.88,53.25,1866.59,174.14,855.20,226.26,40.83,94.17,203.38,1790.88,3550.50,2.68,147.60,108.55,590.96,2.83,941.15,59.32,494.87
2026-01-15T09:10:00Z,52.24,2262.44,162.76,809.79,34.55,2459.17,158.42,95.75,46.62,2535.84,155.68,258.16,53.02,1866.56,173.51,851.07,222.25,39.02,93.79,198.83,1782.83,3559.29,2.49,149.80,108.59,584.92,3.21,941.56,60.76,490.83
2026-01-15T09:20:00Z,52.00,2270.40,162.57,792.19,34.54,2469.42,158.15,85.59,46.13,2546.93,155.61,231.26,53.15,1864.08,173.82,853.15,228.26,39.97,93.53,206.68,1777.21,3537.03,2.70,148.73,111.26,596.33,2.75,943.01,60.22,503.84
2026-01-15T09:30:00Z,52.05,2284.36,162.44,790.82,34.58,2463.18,157.78,95.62,46.26,2555.28,155.40,236.42,53.20,1867.19,173.30,842.75,229.56,37.68,93.23,206.53,1780.51,3562.73,2.92,149.12,109.72,579.48,3.05,944.29,60.01,481.35
2026-01-15T09:40:00Z,52.47,2276.40,162.66,782.81,34.75,2453.72,156.88,90.17,46.29,2551.22,154.89,238.18,52.87,1874.68,173.60,833.12,224.02,38.02,94.13,202.38,1773.06,3552.59,2.49,149.75,104.47,578.24,2.90,935.82,60.28,482.32
2026-01-15T09:50:00Z,52.89,2261.13,162.31,810.64,35.11,2449.38,157.66,97.99,46.50,2536.35,155.48,240.80,52.88,1873.33,173.93,836.34,225.55,40.33,93.87,201.76,1779.64,3557.83,2.41,150.53,106.33,585.18,2.97,935.79,59.63,485.61
2026-01-15T10:00:00Z,53.21,2250.58,163.12,821.88,35.36,2445.31,157.93,111.27,46.14,2541.80,156.43,242.36,53.26,1871.98,174.18,834.76,221.44,42.62,95.04,199.61,1772.90,3553.67,2.63,148.85,105.22,587.20,3.22,940.06,57.98,493.95
2026-01-15T10:10:00Z,52.82,2236.74,163.14,827.22,35.26,2459.00,157.64,104.60,45.93,2541.89,155.37,237.21,53.09,1876.03,174.23,834.33,221.48,42.51,95.32,196.00,1785.63,3558.11,2.16,150.42,105.25,578.40,3.16,942.31,58.74,478.99
2026-01-15T10:20:00Z,52.75,2237.93,163.37,824.22,35.21,2456.79,157.68,94.73,46.08,2546.77,154.85,226.94,52.72,1889.36,174.74,837.40,224.04,41.16,93.71,201.91,1786.93,3556.23,2.66,149.66,104.52,588.82,2.97,944.83,58.95,491.16
2026-01-15T10:30:00Z,52.53,2262.14,163.35,810.45,34.91,2454.29,157.89,93.40,46.14,2543.83,154.74,228.32,52.71,1889.09,174.25,840.00,224.76,40.71,93.84,202.44,1775.27,3562.99,2.60,149.59,106.09,583.25,3.17,933.30,59.15,487.21
2026-01-15T10:40:00Z,52.73,2248.11,163.30,807.80,35.11,2451.27,157.61,88.48,46.08,2553.81,155.02,217.05,52.69,1880.55,174.18,840.32,221.54,39.21,94.67,200.22,1772.60,3551.33,2.63,150.11,106.80,587.15,3.10,934.09,58.78,490.30
2026-01-15T10:50:00Z,52.92,2251.34,162.67,808.93,35.25,2449.06,157.52,86.22,46.16,2542.17,154.44,228.22,53.00,1877.47,174.55,839.10,220.62,40.63,94.26,195.92,1777.78,3540.45,2.30,149.45,106.53,591.54,3.24,930.46,61.17,488.07
2026-01-15T11:00:00Z,52.79,2248.43,163.00,822.17,35.46,2458.60,157.98,102.45,46.42,2542.20,154.91,223.67,53.20,1869.26,174.29,838.35,220.58,41.34,93.81,198.65,1775.45,3549.70,2.67,148.88,106.64,584.46,2.88,936.12,61.30,490.69
2026-01-15T11:10:00Z,52.68,2252.38,163.75,820.27,35.19,2445.08,158.20,96.36,46.82,2537.48,155.22,223.60,53.38,1862.86,175.26,856.51,223.24,42.06,94.63,198.25,1783.49,3563.77,2.43,146.74,107.05,584.15,2.82,937.64,60.32,487.86
2026-01-15T11:20:00Z,52.56,2260.01,163.43,814.14,35.24,2432.14,158.41,111.42,46.80,2537.35,155.14,239.21,53.20,1870.64,174.63,853.65,230.71,42.06,94.49,210.68,1789.51,3545.13,2.61,148.19,111.40,591.60,3.20,944.07,60.64,496.31
2026-01-15T11:30:00Z,52.76,2263.49,163.18,807.97,35.38,2436.02,158.44,105.72,46.76,2525.14,154.80,242.75,52.94,1871.43,173.94,844.47,227.67,40.37,93.26,199.42,1776.83,3553.62,2.34,151.48,108.15,587.23,2.76,934.14,60.69,488.35
2026-01-15T11:40:00Z,52.30,2261.99,163.24,801.59,35.64,2436.74,158.60,106.10,46.37,2549.17,154.47,241.27,52.84,1872.73,174.51,850.24,224.44,41.07,93.55,198.94,1783.16,3546.21,2.64,149.79,105.15,580.12,3.16,943.38,60.80,486.28
2026-01-15T11:50:00Z,52.17,2270.10,163.20,808.16,35.80,2437.15,158.64,99.57,46.61,2547.79,155.07,246.10,53.19,1878.10,174.27,849.83,228.50,42.27,94.01,205.25,1788.57,3547.55,2.20,149.56,110.19,598.08,3.14,945.71,60.31,497.22
2026-01-15T12:00:00Z,52.17,2280.10,163.47,801.41,35.73,2433.34,158.68,120.71,46.86,2544.09,155.26,248.53,53.27,1873.76,174.50,851.55,232.61,41.55,94.36,209.10,1784.93,3537.07,2.47,150.87,111.80,593.92,2.69,935.70,58.89,503.47
2026-01-15T12:10:00Z,52.20,2271.54,163.86,802.66,35.51,2432.49,158.53,115.61,46.46,2540.20,155.22,260.62,53.50,1871.99,175.48,853.85,231.46,42.22,93.97,,1789.91,3567.14,2.57,149.91,107.95,594.21,2.58,945.85,58.94,487.48
2026-01-15T12:20:00Z,52.29,2268.70,163.08,811.86,35.36,2428.17,157.51,106.21,46.52,2538.09,154.83,262.73,53.83,1862.23,175.28,857.39,227.32,43.78,93.81,207.72,1782.44,3555.32,2.54,149.60,110.04,591.99,3.01,938.49,58.36,495.49
2026-01-15T12:30:00Z,52.18,2269.47,163.18,812.92,35.54,2430.44,157.94,121.02,46.57,2533.48,156.09,257.13,53.71,1858.20,174.47,861.92,229.78,42.62,93.91,204.00,1776.57,3540.85,2.60,151.16,110.61,591.28,3.17,940.15,59.96,481.44
2026-01-15T12:40:00Z,52.47,2269.00,162.33,814.79,34.92,2446.77,157.99,111.68,46.06,2536.83,155.31,237.20,53.95,1855.39,175.19,883.87,221.47,41.05,92.78,201.16,1779.83,3548.40,2.43,150.58,104.90,584.24,3.03,939.39,60.03,481.27
2026-01-15T12:50:00Z,52.60,2261.99,162.94,818.02,34.75,2453.78,157.22,92.68,46.23,2539.35,155.49,236.74,53.64,1851.27,175.18,879.37,222.87,42.09,93.85,198.27,1772.17,3559.43,2.63,150.55,107.90,593.83,3.04,936.37,59.20,508.95
2026-01-15T13:00:00Z,52.53,2259.65,162.85,808.73,35.04,2444.70,157.65,93.06,46.39,2530.52,155.76,245.96,53.68,1855.77,174.42,880.81,230.33,44.14,93.83,205.91,1779.77,3538.26,2.41,150.11,111.54,587.17,3.14,942.28,60.28,487.71
2026-01-15T13:10:00Z,52.43,2260.79,163.20,815.22,34.89,2452.08,157.78,71.19,46.90,2526.73,155.15,244.57,53.52,1851.18,174.44,871.50,225.96,42.70,93.04,201.68,1780.75,3545.81,2.43,149.27,108.40,587.74,2.81,944.92,60.99,492.55
2026-01-15T13:20:00Z,52.60,2259.76,162.80,807.56,35.10,2458.09,158.58,78.51,46.69,2532.09,155.34,246.35,53.89,1843.29,174.84,884.45,227.00,41.64,93.13,203.65,1779.60,3555.65,2.39,151.16,108.72,590.97,2.72,946.60,59.60,497.88
2026-01-15T13:30:00Z,52.59,2264.41,162.18,807.10,35.02,2452.10,158.23,81.91,46.81,2541.05,155.37,244.60,53.96,1844.68,175.64,886.81,225.54,39.44,92.59,203.44,1781.17,3552.97,2.68,150.36,108.00,585.51,2.97,936.21,60.33,483.22
2026-01-15T13:40:00Z,52.69,2266.57,162.83,810.63,34.92,2443.19,158.40,76.39,47.08,2516.95,155.64,239.09,54.38,1847.25,175.11,908.88,232.74,38.34,92.78,208.10,1782.35,3552.94,2.36,152.00,111.08,594.61,3.70,947.02,59.34,502.45
2026-01-15T13:50:00Z,52.63,2257.15,162.36,816.95,34.78,2448.63,158.19,84.14,47.47,2508.77,155.50,250.87,54.58,1837.24,174.68,914.00,232.89,39.14,93.40,210.90,1784.96,3552.81,2.22,149.55,111.00,581.95,2.94,949.72,59.65,486.74
2026-01-15T14:00:00Z,52.35,2261.56,162.78,815.97,35.17,2460.31,157.80,82.92,46.77,2527.84,155.74,274.39,54.61,1837.91,174.94,909.73,231.37,41.88,94.07,210.47,1791.23,3565.37,2.51,150.70,111.99,583.76,2.98,951.27,60.14,489.15
2026-01-15T14:10:00Z,52.27,2265.40,162.56,797.00,35.46,2452.43,157.99,81.11,46.70,2529.12,155.06,267.78,54.45,1836.83,175.46,888.32,230.50,42.78,93.25,208.13,1785.92,3542.08,2.38,148.99,110.21,584.28,2.65,937.45,59.63,481.14
2026-01-15T14:20:00Z,52.64,2268.39,162.47,815.61,35.64,2449.15,156.96,88.26,46.22,2539.40,155.20,250.49,54.34,1830.89,175.31,900.05,231.88,43.70,93.38,210.60,1788.43,3542.60,2.45,148.88,111.93,586.76,3.07,945.19,59.84,494.24
2026-01-15T14:30:00Z,52.52,2261.15,163.04,809.37,35.13,2455.88,158.87,82.51,46.31,2543.58,154.98,225.94,54.09,1845.18,175.74,893.80,230.02,43.33,93.49,206.07,1775.20,3546.93,2.52,149.68,108.77,586.16,2.88,932.15,59.88,488.68
2026-01-15T14:40:00Z,52.88,2264.45,162.85,797.22,35.54,2446.96,158.22,83.52,46.19,2542.86,154.86,245.43,54.30,1839.89,175.65,891.57,237.26,40.87,92.84,213.73,1794.01,3561.71,2.59,150.92,115.75,595.40,3.51,944.26,58.49,501.60
2026-01-15T14:50:00Z,52.98,2252.60,163.68,807.30,35.81,2426.94,157.42,106.96,46.22,2547.25,155.06,233.61,54.45,1831.00,174.99,882.14,225.81,40.15,93.46,203.68,1781.46,3551.61,2.52,150.88,110.02,591.62,2.83,938.34,59.90,488.57
2026-01-15T15:00:00Z,52.47,2250.78,162.97,815.59,35.56,2431.44,158.03,104.99,46.21,2543.63,154.93,233.77,54.25,1833.82,175.05,884.78,228.38,41.66,93.80,205.46,1777.47,3553.21,2.34,147.87,110.40,590.39,3.05,931.63,61.27,482.65
2026-01-15T15:10:00Z,52.32,2256.67,163.39,817.08,35.65,2426.24,157.36,124.29,45.95,2542.87,155.49,230.00,53.77,1845.78,174.65,884.55,229.04,42.93,92.62,204.95,1779.71,3547.55,2.44,150.03,107.53,590.17,3.16,936.70,60.93,495.06
2026-01-15T15:20:00Z,52.09,2251.87,163.24,804.95,35.98,2420.76,157.68,113.10,45.57,2546.33,154.42,224.96,54.03,1845.80,175.33,893.04,227.65,40.84,93.19,208.05,1781.78,3540.51,2.26,148.50,108.30,583.56,2.57,940.81,60.24,489.84
2026-01-15T15:30:00Z,52.66,2261.34,163.85,819.58,36.00,2423.64,157.41,120.81,45.44,2556.32,154.63,208.98,54.10,1844.69,174.94,878.46,229.20,42.55,93.26,203.53,1789.68,3551.96,2.25,150.85,108.14,596.15,2.81,946.47,59.49,498.19
2026-01-15T15:40:00Z,53.18,2258.88,163.36,825.94,36.23,2427.81,157.68,124.02,46.01,2555.52,155.16,226.00,54.04,1843.99,174.56,878.95,229.61,43.79,93.71,205.34,1784.66,3539.51,2.18,151.65,110.26,589.41,3.20,942.92,59.80,490.57
2026-01-15T15:50:00Z,53.42,2254.91,163.38,818.48,36.12,2427.76,157.29,125.12,46.34,2547.49,155.36,233.92,53.72,1850.94,175.24,890.12,226.17,41.36,93.94,201.90,1779.51,3555.40,2.43,150.32,108.40,581.92,3.23,939.17,62.41,488.32
2026-01-15T16:00:00Z,53.54,2239.69,163.75,835.07,35.52,2441.15,157.80,111.46,46.01,2554.82,156.04,233.38,53.41,1865.71,175.49,875.20,226.06,43.44,93.92,205.33,1782.49,3537.70,2.56,148.92,110.15,588.84,3.31,943.89,60.86,492.29
2026-01-15T16:10:00Z,53.80,2234.72,164.16,841.99,35.27,2447.80,157.64,103.42,46.31,2548.39,154.86,226.98,53.18,1879.33,175.04,869.74,228.74,42.63,93.18,210.52,1793.49,3549.43,2.29,148.50,108.77,585.73,2.90,946.06,59.99,490.81
2026-01-15T16:20:00Z,53.71,2245.77,163.57,851.86,35.13,2450.06,158.26,95.62,46.81,2543.64,155.11,232.22,53.22,1876.33,175.08,837.26,226.20,43.64,92.82,203.70,1785.09,3554.29,2.41,151.80,110.06,584.29,3.18,945.11,58.72,485.08
2026-01-15T16:30:00Z,53.87,2229.29,163.33,854.70,35.09,2442.89,158.09,109.90,46.65,2536.68,155.32,234.29,53.65,1863.04,174.87,851.84,223.69,41.73,92.87,202.84,1782.90,3545.83,2.78,150.92,106.47,579.34,2.70,941.99,58.99,497.12
2026-01-15T16:40:00Z,53.96,2220.32,163.44,850.06,35.18,2452.58,158.57,102.88,46.35,2539.10,154.82,233.40,53.67,1856.03,174.36,858.36,224.89,41.92,92.62,202.95,1777.54,3559.56,2.47,147.69,108.70,587.85,2.79,932.66,59.37,495.65
2026-01-15T16:50:00Z,53.66,2221.32,163.99,854.36,34.98,2454.12,158.84,102.45,45.85,2553.57,155.30,214.74,53.69,1856.14,174.17,870.13,226.77,40.48,93.03,205.58,1783.51,3552.90,2.56,150.25,108.72,587.02,3.08,933.72,59.98,485.47
2026-01-15T17:00:00Z,53.78,2223.47,165.14,871.31,34.89,2445.02,158.64,104.81,46.02,2547.94,155.68,209.56,53.40,1860.08,173.95,863.51,223.26,41.09,93.59,200.59,1767.19,3542.44,2.48,148.97,108.93,587.80,3.25,937.76,58.90,490.17
2026-01-15T17:10:00Z,53.66,2238.97,164.84,859.37,34.97,2451.64,158.12,99.47,46.12,2550.25,155.76,213.97,53.22,1868.14,174.27,855.05,224.41,40.60,94.17,201.09,1778.59,3560.28,2.86,147.94,105.85,579.02,2.83,945.69,59.57,488.88
2026-01-15T17:20:00Z,53.95,2224.10,164.60,864.47,34.75,2458.23,158.72,88.22,46.26,2555.98,155.89,225.71,53.07,1858.77,174.51,857.58,232.82,41.77,94.42,209.29,1779.72,3545.93,2.39,151.27,111.39,585.41,3.03,941.52,59.61,487.57
2026-01-15T17:30:00Z,53.95,2221.39,165.01,864.72,34.68,2456.63,157.06,94.18,45.82,2545.72,155.30,236.60,53.43,1864.15,174.39,841.79,227.53,44.17,93.53,207.46,1786.49,3547.88,2.43,148.61,108.44,590.18,3.30,938.45,59.59,490.07
2026-01-15T17:40:00Z,53.88,2230.67,164.52,853.82,34.98,2442.38,157.45,96.55,45.64,2560.66,154.79,208.23,53.11,1864.83,174.22,846.60,223.49,44.29,93.80,199.35,1773.37,3555.43,2.62,148.40,106.38,585.18,3.02,940.47,59.54,495.30
2026-01-15T17:50:00Z,53.93,2224.18,164.55,878.36,34.97,2454.23,157.62,82.28,45.64,2552.05,154.40,196.80,53.07,1863.68,174.42,847.86,234.53,43.88,93.63,210.45,1787.23,3545.42,2.28,149.15,111.33,589.67,3.03,938.76,59.21,496.15
2026-01-15T18:00:00Z,53.87,2225.50,164.75,871.63,34.94,2460.24,157.81,69.20,45.60,2555.06,153.63,193.31,53.32,1851.57,174.84,871.73,230.79,43.33,94.45,206.26,1772.01,3561.48,2.53,151.11,109.88,587.93,3.11,944.29,59.85,489.27
2026-01-15T18:10:00Z,53.46,2224.20,164.42,872.34,34.94,2449.26,157.32,71.26,45.78,2553.22,153.12,195.31,53.34,1857.52,175.00,853.44,226.94,41.18,95.13,205.73,1789.96,3546.37,2.52,149.63,107.77,591.73,2.83,947.37,60.60,497.60
2026-01-15T18:20:00Z,53.08,2246.44,164.45,854.65,34.39,2468.21,156.73,81.14,45.78,2556.67,153.71,206.48,53.23,1860.18,174.58,855.24,224.37,41.26,94.12,199.90,1777.36,3546.10,2.38,149.78,107.49,586.22,2.95,940.23,59.54,477.82
2026-01-15T18:30:00Z,53.24,2243.38,164.31,836.34,34.47,2466.02,157.06,75.71,45.91,2561.72,154.36,207.31,53.58,1866.36,174.11,849.50,221.94,41.47,94.29,198.95,1780.01,3546.67,2.52,149.84,106.83,576.48,2.84,943.02,59.22,487.39
2026-01-15T18:40:00Z,53.24,2242.21,164.63,816.68,34.70,2465.61,157.21,69.59,45.34,2570.56,154.62,204.24,53.46,1862.90,174.93,852.70,222.40,40.54,93.80,201.56,1784.61,3550.30,2.48,150.76,105.33,583.43,2.83,946.21,60.11,481.65
2026-01-15T18:50:00Z,53.38,2238.97,163.72,823.94,34.70,2469.64,157.77,70.07,45.60,2573.80,154.14,199.67,53.48,1865.90,174.64,848.05,224.24,40.74,94.00,204.06,1786.52,3557.96,2.47,150.16,107.09,585.12,2.87,936.95,59.93,478.28
2026-01-15T19:00:00Z,52.87,2242.86,163.13,826.88,34.66,2463.62,158.53,86.78,45.50,2560.01,155.10,202.10,53.67,1857.32,174.28,857.23,226.41,40.71,93.80,209.36,1774.69,3536.44,2.49,149.02,107.84,581.36,2.89,936.07,59.98,488.08
2026-01-15T19:10:00Z,52.62,2245.11,163.00,821.15,35.33,2453.70,158.00,75.48,45.43,2568.50,155.39,198.85,53.46,1869.52,175.17,861.39,226.83,41.71,93.24,201.41,1783.30,3554.51,2.37,150.27,107.35,583.93,2.91,944.38,60.92,482.01
2026-01-15T19:20:00Z,52.46,2259.57,163.40,814.28,35.86,2434.73,158.31,92.76,45.78,2559.95,154.26,203.92,53.02,1870.72,175.34,870.18,222.18,41.49,93.46,203.27,1775.73,3537.58,2.66,149.33,105.38,575.98,3.04,935.98,61.21,472.14
2026-01-15T19:30:00Z,52.52,2262.97,163.22,807.46,35.80,2418.40,158.20,115.22,45.91,2549.82,154.15,226.35,53.08,1863.59,175.00,856.38,230.31,40.62,93.22,206.66,1776.81,3545.06,2.64,150.81,108.44,582.75,3.01,949.88,60.82,490.38
2026-01-15T19:40:00Z,52.70,2251.53,164.17,835.64,35.97,2419.99,157.79,134.21,45.56,2554.06,154.50,216.17,53.26,1866.82,175.03,852.48,229.95,43.95,93.32,206.73,1781.91,3542.44,2.36,150.31,109.25,584.22,3.04,943.88,60.69,487.00
2026-01-15T19:50:00Z,52.87,2249.41,164.46,832.00,36.01,2427.52,158.30,124.86,45.37,2558.94,154.49,221.84,53.68,1854.01,175.17,865.17,226.18,42.70,94.61,204.93,1786.72,3555.23,2.59,150.31,106.68,579.27,3.29,937.06,60.76,490.48
2026-01-15T20:00:00Z,52.79,2256.01,164.46,833.97,35.85,2423.24,158.51,110.78,45.69,2566.15,154.67,210.92,53.64,1856.03,174.88,863.42,223.20,44.00,93.98,200.81,1778.62,3538.04,2.32,149.44,106.69,585.46,2.82,938.99,58.71,490.41
2026-01-15T20:10:00Z,52.98,2250.99,164.23,837.98,35.31,2431.34,158.43,120.35,45.65,2561.92,155.19,213.12,53.49,1857.25,174.53,855.60,224.96,42.87,94.08,201.28,1779.35,3546.17,2.82,148.85,105.46,579.74,2.98,932.21,59.59,485.86
2026-01-15T20:20:00Z,52.85,2258.97,163.89,834.08,34.83,2434.25,157.98,104.89,45.96,2557.01,155.42,212.34,53.21,1870.71,174.09,848.30,225.61,42.82,94.43,200.22,1779.77,3539.45,2.39,150.96,107.52,589.68,3.03,944.65,59.42,484.36
2026-01-15T20:30:00Z,53.13,2239.52,163.59,824.02,35.27,2443.49,158.45,108.98,45.80,2559.06,154.84,196.79,52.95,1874.82,173.38,854.00,228.51,39.66,94.15,210.80,1780.69,3540.47,2.64,149.31,109.56,586.99,3.40,941.73,60.51,492.06
2026-01-15T20:40:00Z,53.30,2228.21,163.66,845.78,34.99,2452.37,158.23,91.53,45.95,2555.74,154.66,210.25,53.07,1862.82,174.59,843.14,228.24,38.56,94.00,206.69,1781.74,3552.78,2.59,148.78,110.23,584.92,2.93,950.92,59.58,491.25
2026-01-15T20:50:00Z,53.19,2231.63,164.19,846.32,34.99,2441.98,159.08,114.77,45.92,2548.32,154.97,202.12,52.98,1865.85,174.46,866.88,233.66,40.94,93.21,209.97,1790.51,3541.38,2.50,149.37,112.45,590.66,3.25,950.00,60.12,497.77
2026-01-15T21:00:00Z,53.64,2232.86,164.15,841.91,35.17,2435.15,158.15,111.01,45.73,2557.47,155.41,222.71,52.96,1864.38,174.26,857.78,227.05,41.74,93.09,202.80,1788.60,3542.66,2.82,149.15,107.77,584.64,3.06,943.38,59.76,480.97
2026-01-15T21:10:00Z,53.60,2236.75,164.01,849.39,35.62,2430.47,158.30,111.78,45.75,2560.80,154.74,223.35,53.18,1872.56,174.28,850.24,221.90,42.52,93.09,197.12,1769.31,3558.86,2.42,149.48,105.29,571.08,3.13,934.22,58.86,477.25
2026-01-15T21:20:00Z,53.80,2239.15,163.77,846.70,35.51,2432.14,158.42,121.81,45.26,2567.12,154.98,220.41,53.04,1871.80,173.92,842.89,226.27,42.00,93.54,203.52,1779.74,3536.62,2.49,149.27,106.48,578.30,3.16,944.24,59.38,476.65
2026-01-15T21:30:00Z,54.12,2239.40,163.48,846.04,35.79,2424.87,158.97,133.14,45.45,2574.86,155.21,214.22,53.20,1871.50,173.87,834.51,229.84,43.62,93.38,207.93,1771.17,3539.58,2.51,149.70,110.24,589.85,3.02,936.82,59.26,491.82
2026-01-15T21:40:00Z,54.06,2233.31,163.66,854.62,36.03,2419.72,159.39,146.01,45.77,2560.30,155.32,213.10,53.35,1866.51,173.43,837.06,231.18,44.51,93.56,205.04,1779.92,3531.86,2.57,149.87,110.45,590.88,2.75,942.91,58.63,502.32
2026-01-15T21:50:00Z,53.89,2230.43,163.07,850.51,35.60,2435.40,159.12,135.14,45.75,2560.31,155.28,223.68,53.47,1867.83,173.95,848.24,238.25,43.20,93.11,218.84,1795.52,3550.70,2.28,149.23,113.19,585.26,3.00,949.82,60.16,492.82
2026-01-15T22:00:00Z,53.96,2222.80,163.59,858.04,35.85,2439.55,158.29,121.00,45.57,2560.07,155.03,226.57,53.63,1871.20,174.59,852.20,228.19,43.51,92.88,203.88,1787.73,3538.95,2.66,149.57,109.36,582.60,3.26,948.92,59.55,492.85
2026-01-15T22:10:00Z,54.06,2225.11,164.43,849.14,36.59,2412.88,159.01,134.39,45.58,2560.64,154.53,217.37,53.71,1872.52,174.86,840.69,228.33,42.63,93.51,202.17,1783.29,3561.32,2.65,151.88,108.38,582.72,3.28,943.48,59.07,481.34
2026-01-15T22:20:00Z,54.32,2226.59,164.77,865.95,36.79,2404.72,158.83,161.42,45.37,2560.14,154.79,217.41,53.69,1860.89,174.08,856.12,235.44,42.56,93.57,213.27,1792.50,3545.48,2.64,150.00,111.75,598.07,3.19,948.41,59.11,504.03
2026-01-15T22:30:00Z,53.90,2225.88,164.75,863.95,36.64,2397.12,158.83,156.52,45.61,2546.72,155.55,232.33,53.43,1859.37,174.14,853.62,238.05,42.56,93.49,215.23,1792.34,3554.32,2.66,151.54,112.89,591.23,3.34,951.83,60.01,498.18
2026-01-15T22:40:00Z,53.91,2229.45,164.78,870.74,36.39,2403.65,158.34,153.91,45.80,2561.39,155.73,231.42,53.07,1879.99,174.30,857.01,239.21,42.82,93.49,212.00,1786.01,3554.25,2.57,150.12,113.36,594.85,3.11,947.34,61.17,492.38
2026-01-15T22:50:00Z,53.53,2233.23,164.45,858.39,36.39,2422.47,159.17,147.97,46.17,2546.44,155.19,219.26,52.99,1872.51,173.53,835.43,237.34,41.96,93.47,210.58,1792.09,3544.60,2.47,149.61,116.04,594.61,2.94,937.04,60.83,493.63
2026-01-15T23:00:00Z,53.38,2231.68,163.54,840.83,36.51,2411.80,159.12,137.27,46.17,2544.47,155.06,226.19,52.90,1879.39,,838.63,231.98,40.32,93.05,208.07,1795.80,3553.24,2.51,149.27,110.62,588.47,2.78,946.76,60.06,491.50
2026-01-15T23:10:00Z,53.61,2227.92,163.43,868.03,36.40,2401.12,159.35,138.13,46.27,2543.12,154.47,225.68,52.96,1873.72,173.79,836.33,234.37,41.13,93.70,206.99,1783.57,3543.81,2.64,149.01,114.12,593.33,3.47,939.04,59.12,495.71
2026-01-15T23:20:00Z,53.35,2237.69,164.01,856.51,36.48,2406.28,158.54,139.79,45.99,2554.25,154.82,215.97,52.45,1887.02,173.84,825.94,234.40,39.50,94.15,211.38,1781.64,3556.51,2.45,150.56,112.20,587.59,2.68,941.53,59.90,501.94
2026-01-15T23:30:00Z,53.44,2244.84,163.77,855.13,36.80,2405.97,159.16,140.85,46.03,2559.44,154.60,219.03,52.54,1891.42,173.24,801.58,230.79,41.10,93.69,207.23,1784.14,3547.85,2.56,150.96,112.81,594.68,3.15,945.02,60.33,485.58
2026-01-15T23:40:00Z,53.12,2243.91,162.90,840.08,36.65,2411.58,159.39,144.97,46.08,2543.48,155.33,237.37,52.46,1900.35,173.09,808.10,232.39,41.79,94.05,207.60,1785.56,3566.11,2.50,148.14,108.70,583.44,2.79,941.48,60.92,493.92
2026-01-15T23:50:00Z,52.99,2254.54,163.72,827.65,36.76,2407.35,159.52,150.90,45.76,2536.94,154.77,232.52,52.47,1883.53,174.23,817.61,229.89,40.19,93.96,208.22,1786.47,3540.85,2.58,151.09,109.10,591.24,2.80,950.90,60.92,500.17
2026-01-16T00:00:00Z,53.23,2235.31,163.44,829.70,36.71,2405.05,159.26,163.58,46.42,2540.71,154.98,226.68,51.22,1905.63,173.98,795.91,226.58,40.98,93.68,203.81,1775.88,3554.99,2.23,147.99,109.97,585.75,3.09,937.60,60.64,492.45
2026-01-16T00:10:00Z,53.06,2238.54,164.14,836.40,36.25,2416.12,158.97,147.08,47.02,2531.46,155.21,238.36,50.11,1931.46,173.48,781.37,229.60,41.09,94.55,209.32,1779.15,3549.15,2.24,150.13,106.74,586.45,2.94,937.09,60.37,489.41
2026-01-16T00:20:00Z,53.27,2250.12,163.98,854.58,36.48,2424.66,158.77,149.59,47.31,2522.60,155.25,246.51,49.12,1957.50,173.55,749.91,224.21,40.96,94.30,201.39,1783.73,3536.76,2.55,149.46,107.28,583.16,3.00,938.34,60.49,486.23
2026-01-16T00:30:00Z,53.27,2259.57,163.54,828.58,36.79,2410.73,159.40,143.71,47.63,2506.86,155.42,252.81,47.64,1976.95,173.04,704.26,223.03,41.34,93.74,204.42,1776.16,3534.56,2.36,148.05,107.05,590.39,3.06,938.60,59.84,484.47
2026-01-16T00:40:00Z,53.33,2244.66,163.86,829.05,36.96,2398.99,159.41,163.75,47.86,2499.61,155.12,279.88,46.97,1996.43,171.42,674.85,227.41,42.07,93.44,204.22,1774.87,3560.61,2.34,148.19,107.40,585.30,3.15,934.28,58.10,489.60
2026-01-16T00:50:00Z,53.41,2244.49,164.07,819.90,37.48,2387.25,160.68,197.28,48.45,2497.96,156.94,299.83,46.18,2021.09,171.22,653.11,230.88,42.40,94.10,210.15,1789.44,3547.78,2.30,150.26,110.75,592.25,3.09,945.58,58.79,489.95
2026-01-16T01:00:00Z,53.84,2232.70,164.33,832.20,37.22,2394.73,160.28,185.36,48.61,2497.05,156.74,293.37,45.42,2059.32,170.91,618.95,227.96,40.87,94.53,205.35,1783.80,3543.30,2.65,149.95,109.08,586.40,2.77,935.28,60.21,490.31
2026-01-16T01:10:00Z,53.63,2236.75,164.30,843.33,36.99,2408.70,159.65,169.62,49.12,2477.54,156.54,314.49,43.90,2082.89,170.93,569.10,225.71,40.04,93.90,203.76,1786.12,3544.71,2.53,151.35,108.90,582.64,3.24,939.31,59.25,474.78
2026-01-16T01:20:00Z,53.58,2237.94,163.96,841.35,36.78,2403.86,159.63,160.46,49.73,2466.00,155.96,330.46,43.44,2102.71,168.72,529.32,223.27,40.24,94.16,202.98,1779.36,3558.79,2.36,149.83,109.09,587.44,3.12,944.32,58.90,490.08
2026-01-16T01:30:00Z,53.43,2237.39,163.99,843.47,36.70,2412.07,159.21,153.46,49.92,2459.82,156.70,337.13,42.76,2118.48,166.93,491.65,224.64,37.44,93.93,200.18,1780.04,3546.74,2.29,150.44,106.32,578.79,2.98,940.25,59.32,484.08
2026-01-16T01:40:00Z,52.85,2240.97,163.51,819.54,36.57,2404.86,159.33,160.60,49.62,2468.12,157.69,333.30,42.05,2138.23,166.71,466.78,221.24,36.49,93.32,199.16,1773.60,3551.63,2.48,150.18,106.05,578.55,2.97,938.83,59.41,481.73
2026-01-16T01:50:00Z,52.82,2242.98,163.88,838.24,36.04,2416.33,159.35,147.51,50.22,2459.89,158.73,350.33,41.96,2135.41,166.45,470.38,220.17,36.27,92.74,201.15,1777.97,3542.68,2.49,150.47,105.31,584.75,2.83,934.72,60.89,484.96
2026-01-16T02:00:00Z,52.74,2254.54,163.53,832.89,36.57,2415.55,158.84,145.36,50.57,2452.69,158.61,378.62,41.18,2152.76,166.66,452.31,217.25,36.79,92.99,194.26,1769.63,3550.10,2.60,151.28,103.86,587.21,3.02,934.49,60.29,498.22
2026-01-16T02:10:00Z,52.70,2253.62,163.43,817.12,36.46,2403.75,157.62,138.05,50.77,2438.03,158.24,380.04,40.20,2182.85,166.56,438.88,215.19,39.03,93.11,191.84,1765.98,3539.85,2.29,149.50,101.66,578.60,3.16,936.87,60.21,490.88
2026-01-16T02:20:00Z,52.18,2266.19,163.09,809.53,36.22,2415.18,158.31,155.33,50.48,2440.12,158.05,368.53,40.03,2193.79,165.81,410.31,212.30,36.68,92.88,186.10,1768.28,3552.12,2.72,148.81,100.20,572.79,3.20,930.60,60.02,479.22
2026-01-16T02:30:00Z,52.34,2264.51,163.11,801.28,36.08,2410.87,158.09,150.12,50.66,2436.21,158.42,395.71,39.62,2201.42,166.30,395.94,214.27,34.75,92.84,193.63,1775.61,3541.52,2.30,149.67,102.21,583.71,3.03,944.16,58.82,474.04
2026-01-16T02:40:00Z,52.04,2256.84,162.60,798.25,36.15,2411.07,158.64,145.07,50.53,2435.17,158.95,397.25,39.14,2214.10,165.68,378.54,212.16,35.98,93.70,191.18,1765.46,3550.15,2.47,149.68,101.43,582.72,2.92,928.32,58.44,486.66
2026-01-16T02:50:00Z,51.98,2279.98,163.00,809.05,35.98,2420.40,159.06,143.99,50.76,2439.47,158.81,387.45,38.49,2218.87,165.51,344.16,212.18,34.97,93.50,189.97,1764.40,3562.71,2.46,149.59,99.69,574.84,2.82,932.19,59.97,477.25
2026-01-16T03:00:00Z,52.31,2269.99,163.38,798.41,36.12,2419.51,159.52,139.22,50.80,2433.97,159.24,388.69,37.72,2237.58,164.71,333.54,211.10,35.77,93.36,186.55,1770.23,3536.22,2.48,150.22,100.83,579.94,3.32,930.84,60.41,483.83
2026-01-16T03:10:00Z,52.73,2252.14,163.25,809.66,35.81,2420.80,158.99,118.32,50.29,2433.60,159.33,379.69,37.03,2263.76,164.29,316.95,207.98,36.35,93.10,184.97,1768.22,3556.34,2.48,149.86,100.32,576.29,3.21,935.10,59.46,481.51
2026-01-16T03:20:00Z,53.23,2253.14,162.63,814.40,35.85,2425.87,158.78,115.63,50.24,2440.29,158.94,370.97,36.25,2280.45,164.32,282.41,206.03,33.26,93.49,182.46,1763.61,3546.46,2.32,150.50,96.33,575.56,2.59,934.65,58.91,482.12
2026-01-16T03:30:00Z,53.71,2237.41,163.07,854.86,35.41,2434.55,158.48,101.74,50.65,2435.44,158.93,378.85,35.98,2286.89,163.41,275.34,210.06,35.19,93.03,186.33,1762.87,3547.93,2.42,150.38,98.55,580.19,3.27,930.10,59.84,491.05
2026-01-16T03:40:00Z,53.81,2235.53,164.13,861.79,35.82,2432.10,158.46,103.81,50.44,2429.45,158.31,373.13,35.65,2298.11,162.57,247.85,204.78,35.12,93.38,187.93,1773.98,3553.59,2.77,151.20,97.72,579.81,3.30,938.29,58.89,479.34
2026-01-16T03:50:00Z,53.86,2229.36,163.96,862.38,35.87,2427.89,158.29,115.17,50.36,2436.60,157.94,384.12,35.40,2312.19,162.18,243.68,203.55,37.16,92.65,183.70,1769.28,3542.87,2.32,148.80,95.81,571.34,3.02,934.24,58.82,476.78
2026-01-16T04:00:00Z,54.29,2226.88,164.36,870.63,35.73,2424.35,157.89,119.07,50.26,2448.01,157.73,371.63,35.28,2315.53,162.57,231.85,203.77,35.23,93.03,184.00,1759.79,3545.34,2.16,151.22,98.33,576.32,2.72,931.40,59.03,488.93
2026-01-16T04:10:00Z,54.23,2227.05,164.57,867.18,35.79,2422.34,157.75,128.01,50.34,2442.93,157.77,373.90,34.68,2320.28,162.81,207.51,205.42,33.91,92.33,183.39,1758.75,3553.56,2.65,149.25,98.06,572.68,2.96,933.01,58.88,477.62
2026-01-16T04:20:00Z,54.98,2207.34,164.15,883.10,36.06,2422.32,158.37,132.08,50.68,2436.82,158.41,382.98,34.43,2331.90,162.27,198.58,208.30,35.30,92.28,186.50,1752.40,3554.98,2.78,149.87,97.68,580.71,2.80,925.98,59.41,470.13
2026-01-16T04:30:00Z,54.94,2201.44,164.47,894.75,35.61,2426.74,158.19,129.47,50.65,2437.16,158.49,391.80,33.99,2340.76,161.56,184.41,204.07,33.74,91.57,184.03,1760.44,3555.61,2.40,149.59,96.67,573.84,2.97,935.67,60.81,485.52
2026-01-16T04:40:00Z,54.70,2203.66,164.42,883.17,35.75,2436.02,157.91,116.35,50.66,2440.37,157.89,385.91,33.95,2342.78,161.88,181.36,204.57,31.40,91.49,185.74,1768.04,3568.74,2.44,151.43,96.45,568.30,2.94,935.65,58.84,483.33
2026-01-16T04:50:00Z,54.99,2200.85,165.02,888.18,35.99,2429.16,158.95,120.00,50.90,2431.74,158.61,407.31,33.53,2348.47,161.15,171.80,205.85,30.91,91.75,188.37,1775.05,3558.06,2.69,150.30,96.67,578.88,2.90,941.60,59.01,482.70
2026-01-16T05:00:00Z,54.69,2203.83,165.05,886.45,36.17,2423.43,158.48,142.86,51.20,2430.23,158.30,407.80,33.28,2358.72,162.16,177.02,208.38,31.89,91.78,184.70,1756.37,3537.92,2.59,149.24,100.97,575.70,3.26,926.35,58.68,486.27
2026-01-16T05:10:00Z,54.86,2205.81,164.74,884.63,36.21,2424.26,159.09,141.99,51.59,2415.35,158.81,409.58,33.14,2365.88,160.13,158.87,206.21,,92.36,186.24,1762.95,3552.48,2.41,149.82,95.17,576.33,2.70,931.90,58.19,475.12
2026-01-16T05:20:00Z,55.32,2180.46,164.54,891.34,36.22,2438.99,158.85,134.50,51.68,2403.75,159.22,418.79,32.77,2372.52,160.83,152.89,208.06,32.25,92.90,189.89,1768.56,3563.15,2.92,149.58,99.88,571.01,3.15,931.07,59.31,481.16
2026-01-16T05:30:00Z,55.31,2194.29,164.63,898.15,36.50,2432.92,158.86,139.30,51.88,2410.05,158.48,412.66,32.36,2372.73,160.73,151.58,212.97,32.44,92.79,193.22,1772.08,3544.20,2.61,148.85,102.56,583.57,3.03,937.71,58.76,483.88
2026-01-16T05:40:00Z,54.97,2191.61,164.43,916.60,36.41,2424.08,158.05,142.18,52.25,2408.87,158.27,419.20,31.98,2391.47,160.30,139.95,206.73,34.17,92.52,187.11,1762.57,3547.66,2.60,148.16,100.28,575.06,3.07,930.03,58.72,485.62
2026-01-16T05:50:00Z,54.85,2203.05,164.82,909.22,36.29,2416.38,158.21,135.62,52.48,2412.23,158.93,429.27,31.71,2396.09,159.96,117.30,208.61,34.81,91.68,187.65,1765.38,3544.46,2.41,150.13,99.67,574.55,3.21,928.41,59.09,473.73
2026-01-16T06:00:00Z,55.32,2190.29,164.92,,36.39,2412.91,158.76,129.81,52.26,2408.21,159.29,426.15,31.80,2408.47,159.65,95.01,208.71,34.44,92.22,189.38,1769.64,3558.29,2.29,149.40,97.64,573.28,3.32,928.49,58.60,472.78
2026-01-16T06:10:00Z,54.97,2201.74,164.98,900.52,35.92,2425.20,159.88,121.06,52.82,2398.77,159.54,452.26,31.27,2406.20,160.10,100.77,205.95,33.07,93.07,182.92,1755.59,3548.08,2.54,147.89,98.06,580.00,3.19,932.03,59.66,485.13
2026-01-16T06:20:00Z,54.26,2211.61,165.27,890.72,36.03,2419.32,159.55,124.77,53.17,2376.31,159.58,475.48,30.99,2404.34,159.96,79.62,210.84,31.81,92.81,189.91,1769.15,3556.30,2.32,150.38,102.84,580.23,3.37,940.59,60.37,488.62
2026-01-16T06:30:00Z,54.20,2216.25,164.36,872.37,36.01,2418.89,159.47,128.76,53.00,2377.50,159.88,458.79,31.03,2411.69,160.11,75.42,206.15,29.33,92.80,184.84,1757.44,3557.13,2.53,150.88,99.13,581.50,3.11,928.62,59.27,492.31
2026-01-16T06:40:00Z,53.93,2216.91,165.09,863.90,35.79,2426.05,159.04,130.79,52.83,2377.32,159.55,466.26,31.03,2417.73,159.78,59.48,206.11,31.78,92.03,184.61,1769.80,3549.50,2.33,149.13,99.28,574.24,2.85,926.59,60.29,486.67
2026-01-16T06:50:00Z,53.83,2219.07,164.62,860.42,35.82,2427.72,158.56,126.17,52.97,2381.48,159.86,482.54,31.56,2417.42,159.35,66.33,202.04,30.04,91.51,180.45,1759.67,3548.03,2.59,150.44,95.87,569.89,2.88,930.17,59.49,480.19
2026-01-16T07:00:00Z,53.80,2225.56,164.12,853.07,35.59,2423.73,157.91,117.26,53.14,2376.47,160.20,481.14,31.84,2418.76,158.84,60.66,199.13,30.33,91.79,178.39,1753.85,3545.13,2.70,148.91,92.07,567.48,3.26,933.26,60.41,465.75
2026-01-16T07:10:00Z,54.06,2220.78,163.89,863.21,35.85,2425.69,158.55,131.01,53.23,2366.93,159.93,474.83,31.69,2401.18,158.14,68.78,201.88,31.11,91.65,180.67,1753.02,3546.49,2.82,150.46,95.36,571.77,2.96,927.84,58.87,466.39
2026-01-16T07:20:00Z,54.38,2208.51,165.08,876.57,35.86,2429.99,158.36,126.24,53.10,2375.03,160.34,488.54,31.74,2407.84,158.50,77.90,207.56,32.24,91.48,187.74,1771.18,3541.13,2.42,150.37,103.44,575.50,3.05,934.69,59.49,476.21
2026-01-16T07:30:00Z,54.42,2212.07,164.37,861.75,36.06,2425.18,158.64,127.83,53.28,2364.17,160.78,490.64,31.95,2402.89,158.03,90.02,205.77,32.00,92.54,181.26,1763.50,3537.63,2.60,148.14,98.51,576.91,2.99,924.63,58.95,488.98
2026-01-16T07:40:00Z,53.99,2220.29,164.45,862.10,36.22,2420.87,158.52,138.98,53.20,2365.78,161.25,485.60,32.06,2415.16,158.51,84.95,202.95,32.30,92.46,,1759.61,3550.86,2.66,148.71,96.51,565.14,2.91,927.98,58.54,466.84
2026-01-16T07:50:00Z,53.68,2227.07,164.78,854.05,35.75,2431.22,158.67,133.46,53.27,2361.04,160.95,475.51,32.02,2405.00,158.11,83.11,200.27,32.79,92.71,177.83,1755.74,3558.21,2.77,149.18,96.06,574.09,2.90,924.42,57.98,475.40
2026-01-16T08:00:00Z,53.86,2225.23,164.72,863.10,35.59,2431.15,158.89,127.81,53.35,2352.13,160.02,473.71,31.81,2405.44,159.18,103.37,200.79,32.63,92.30,178.30,1752.40,3546.37,2.60,148.29,96.47,570.35,2.52,916.79,58.27,474.65
2026-01-16T08:10:00Z,54.17,2224.47,164.23,871.05,35.40,2449.03,159.30,112.36,53.57,2361.91,159.84,485.42,32.17,2389.92,159.81,111.91,205.13,32.08,91.74,185.24,1764.29,3537.71,2.77,150.03,98.32,578.32,2.93,939.37,59.20,479.80
2026-01-16T08:20:00Z,54.08,2221.38,164.38,867.16,35.61,2439.95,158.45,102.18,53.45,2359.53,160.52,492.44,32.44,2386.11,159.72,111.60,204.83,33.14,91.93,184.39,1755.26,3561.71,2.63,148.72,96.32,571.87,2.95,922.14,59.46,471.70
2026-01-16T08:30:00Z,54.37,2226.05,163.79,867.78,35.64,2442.27,158.97,106.30,53.38,2364.17,160.34,484.58,32.58,2390.19,159.17,112.26,207.81,34.58,92.20,185.56,1765.81,3560.29,2.52,148.76,100.66,585.60,2.93,937.01,59.47,483.94
2026-01-16T08:40:00Z,54.97,2203.81,163.43,879.67,36.16,2426.43,158.84,111.14,53.63,2359.25,160.83,494.20,32.59,2392.27,160.09,114.82,207.71,32.79,92.99,184.40,1768.67,3554.50,2.34,148.90,98.70,578.98,2.91,930.25,59.31,489.80
2026-01-16T08:50:00Z,54.80,2204.56,164.22,894.16,36.34,2412.10,158.35,114.02,54.00,2350.00,161.15,502.50,32.39,2392.91,159.41,102.67,204.35,32.55,93.11,182.92,1760.81,3549.35,2.37,148.49,97.57,577.94,2.94,934.13,58.11,479.95
2026-01-16T09:00:00Z,54.74,2208.92,164.55,894.60,36.40,2412.41,158.49,132.43,54.26,2359.01,160.76,506.01,32.20,2398.36,160.03,101.15,198.77,34.05,92.24,176.28,1761.08,3550.11,2.52,148.90,91.48,565.08,2.86,934.97,58.28,466.61
2026-01-16T09:10:00Z,54.48,2205.94,165.29,893.55,36.70,2403.25,158.51,143.96,54.25,2347.17,161.02,499.20,32.08,2392.20,160.07,100.66,199.25,33.59,92.49,180.82,1762.63,3545.67,2.19,149.33,94.93,561.27,3.11,935.07,60.62,468.49
2026-01-16T09:20:00Z,54.68,2201.98,165.07,884.48,36.68,2413.52,158.94,145.41,54.32,2338.94,161.33,523.89,32.06,2396.80,159.77,96.82,209.90,34.38,93.23,186.35,1767.43,3545.45,2.51,149.15,102.48,576.08,2.92,935.20,59.94,488.83
2026-01-16T09:30:00Z,54.69,2203.46,165.16,890.49,36.99,2405.49,158.75,151.36,54.24,2337.95,161.66,530.16,31.74,2400.55,159.38,89.78,206.13,35.30,92.89,186.36,1763.09,3537.84,2.57,149.30,98.48,576.45,3.04,934.99,59.69,477.60
2026-01-16T09:40:00Z,54.42,2201.47,164.73,879.58,36.80,2407.02,158.86,158.57,54.57,2334.45,161.14,531.71,31.65,2415.23,158.73,72.78,212.39,34.70,93.12,191.74,1778.75,3560.05,2.45,149.93,100.58,571.90,3.12,936.02,59.89,481.67
2026-01-16T09:50:00Z,54.14,2221.59,164.32,874.08,36.97,2403.22,158.88,147.56,54.57,2335.97,160.36,512.33,31.42,2417.48,158.85,64.42,206.81,32.69,92.93,186.95,1773.37,3555.03,2.46,151.56,96.55,572.46,2.99,938.24,59.27,479.18
2026-01-16T10:00:00Z,54.09,2223.52,164.47,858.57,36.65,2399.74,159.06,142.71,54.17,2331.37,161.02,525.60,31.49,2412.65,158.11,76.14,204.66,33.40,91.99,182.28,1767.81,3553.77,2.89,150.13,99.30,582.01,3.06,933.20,60.50,485.14
2026-01-16T10:10:00Z,53.78,2234.02,163.92,866.24,36.52,2410.21,158.32,141.14,54.26,2340.10,161.05,545.61,30.90,2420.42,157.78,74.34,205.68,32.82,92.94,187.72,1762.11,3548.56,2.36,149.45,95.76,567.32,3.03,930.40,59.61,474.42
2026-01-16T10:20:00Z,53.65,2226.56,164.69,853.32,36.76,2416.37,158.62,144.64,54.06,2348.70,161.51,524.11,30.11,2435.28,158.30,67.02,202.75,33.89,93.60,182.24,1765.85,3531.95,2.50,151.30,99.06,570.83,3.46,932.49,58.54,479.57
2026-01-16T10:30:00Z,53.06,2231.35,165.03,841.28,37.03,2400.24,159.01,152.34,54.27,2350.99,160.93,506.53,29.52,2451.02,157.63,35.41,205.47,31.88,93.26,182.12,1761.00,3545.32,2.58,148.45,98.15,568.53,2.79,933.31,57.98,476.44
2026-01-16T10:40:00Z,53.27,2234.32,164.30,843.32,37.36,2404.10,159.54,176.73,54.14,2341.36,161.42,517.85,29.58,2469.21,157.50,20.29,210.25,32.38,93.11,191.12,1769.07,3550.26,2.56,149.56,100.26,571.72,3.00,933.36,57.83,474.62
2026-01-16T10:50:00Z,53.29,2249.01,164.17,831.03,37.53,2396.37,160.29,181.05,54.95,2331.19,161.85,528.08,29.53,2461.15,158.47,8.11,208.92,32.62,92.25,187.26,1767.26,3543.44,2.83,149.55,102.85,580.22,3.13,940.62,58.71,471.99
2026-01-16T11:00:00Z,53.42,2244.01,164.13,822.12,37.32,2393.98,160.57,196.36,54.62,2331.20,161.19,517.96,29.56,2459.70,158.75,17.36,205.65,33.71,92.92,185.85,1767.77,3548.19,2.49,150.60,96.84,568.83,3.32,933.82,58.42,472.90
2026-01-16T11:10:00Z,53.10,2244.30,164.16,833.39,36.76,2400.73,159.17,174.19,54.39,2337.04,161.76,515.57,29.14,2459.65,158.26,0.00,211.79,33.59,93.14,192.98,1772.21,3539.28,2.31,149.65,100.06,578.09,3.34,942.40,58.52,474.93
2026-01-16T11:20:00Z,52.91,2259.99,164.05,836.85,36.93,2398.04,159.66,183.82,54.47,2339.03,160.18,528.07,29.00,2471.45,158.03,0.00,210.79,32.53,93.05,188.52,1759.95,3554.11,2.50,150.60,101.51,582.63,2.93,928.28,58.64,498.01
2026-01-16T11:30:00Z,52.85,2259.64,163.34,819.96,36.53,2409.10,159.29,165.86,54.68,2336.48,160.68,532.83,29.12,2469.59,157.68,8.44,207.54,31.37,92.24,183.88,1758.45,3546.42,2.32,150.30,100.33,576.61,3.33,935.48,58.31,484.43
2026-01-16T11:40:00Z,53.11,2249.79,163.69,831.65,36.65,2406.65,159.56,153.77,54.78,2325.79,161.53,554.32,29.08,2469.97,157.60,0.00,201.67,32.43,92.34,179.22,1752.14,3553.35,2.57,150.58,98.42,575.88,2.96,918.23,56.95,477.38
2026-01-16T11:50:00Z,53.35,2241.15,164.26,836.84,36.84,2400.85,160.23,170.63,54.79,2336.45,161.48,543.74,28.90,2465.79,157.50,0.00,206.69,34.36,91.62,184.34,1763.97,3550.30,2.39,148.48,99.38,577.54,2.95,932.55,58.00,488.86
2026-01-16T12:00:00Z,53.49,2241.53,164.02,828.62,36.95,2401.58,159.58,151.00,54.70,2334.32,161.54,538.16,28.82,2460.00,157.37,5.48,204.05,32.44,90.85,182.35,1755.66,3534.65,2.66,149.56,97.81,578.41,2.99,930.67,57.83,489.72
2026-01-16T12:10:00Z,53.61,2234.68,164.46,843.26,36.83,2399.44,159.21,155.08,54.80,2336.30,161.22,535.78,28.47,2476.06,157.97,0.00,204.99,33.72,91.66,185.58,1764.39,3541.63,2.24,148.47,98.48,568.79,2.71,932.80,58.05,487.33
2026-01-16T12:20:00Z,53.63,2233.71,163.79,841.07,36.82,2403.52,158.30,156.80,54.78,2331.79,160.74,533.42,28.29,2488.97,157.62,0.00,206.42,32.61,91.65,184.78,1771.36,3550.57,2.38,149.93,95.70,572.76,2.90,931.39,58.97,477.63
2026-01-16T12:30:00Z,53.86,2246.90,163.67,847.47,36.86,2412.66,159.04,151.84,54.71,2335.95,160.92,549.29,28.81,2491.66,157.13,0.00,207.01,30.45,91.97,183.78,1760.71,3555.29,2.66,148.59,94.94,572.95,2.66,934.58,58.18,487.67
2026-01-16T12:40:00Z,54.03,2233.62,163.19,844.77,36.81,2407.43,159.12,149.13,54.94,2327.55,161.03,541.30,28.92,2480.65,157.25,0.00,206.38,32.01,92.69,185.98,1764.85,3546.71,2.52,149.53,98.62,577.05,,927.87,59.78,480.85
2026-01-16T12:50:00Z,54.07,2221.36,163.91,842.92,36.23,2409.71,158.75,142.92,54.90,2319.27,160.77,538.58,29.32,2478.67,157.76,11.36,206.85,32.03,91.71,184.23,1766.23,3548.72,2.55,150.23,98.16,576.40,3.24,938.05,59.97,478.11
2026-01-16T13:00:00Z,54.13,2222.07,164.34,868.25,36.32,2418.67,158.81,143.78,55.01,2325.46,161.16,547.73,28.94,2477.14,157.60,0.90,204.41,32.32,92.76,184.35,1767.67,3546.35,2.55,150.77,95.74,572.66,3.19,940.10,59.81,473.54
2026-01-16T13:10:00Z,53.90,2224.52,165.12,867.50,36.48,2415.52,159.14,139.74,55.24,2319.49,161.56,562.17,29.23,2471.83,156.58,0.09,203.58,31.56,92.20,183.62,1764.21,3542.66,2.63,149.37,95.75,570.03,2.86,930.59,59.95,472.91
2026-01-16T13:20:00Z,53.45,2233.17,164.36,853.03,36.49,2409.45,158.95,146.01,55.24,2326.52,161.61,543.85,29.40,2474.69,157.69,0.00,203.61,30.40,91.63,183.00,1757.29,3560.18,2.40,149.60,97.41,566.92,2.66,927.22,60.12,469.68
2026-01-16T13:30:00Z,53.31,2232.30,164.68,854.13,36.41,2414.58,158.80,145.74,55.19,2325.34,162.05,543.67,29.52,2462.45,158.20,18.29,201.26,33.21,92.02,185.60,1761.81,3552.42,2.68,147.68,95.37,570.37,2.76,926.68,59.53,468.82
2026-01-16T13:40:00Z,53.53,2229.31,165.04,851.01,36.26,2411.97,159.06,144.62,55.24,2315.60,161.76,546.22,29.41,2464.85,158.20,6.77,200.28,29.66,92.49,179.40,1753.90,3546.62,2.57,150.44,94.64,571.11,2.85,921.91,60.31,484.79
2026-01-16T13:50:00Z,53.58,2241.74,163.75,861.05,36.37,2417.78,158.63,140.92,55.56,2308.91,161.74,538.60,29.22,2465.44,157.66,8.04,204.81,31.31,92.40,185.00,1759.95,3548.22,2.44,151.14,99.81,575.88,2.98,930.00,59.68,471.62
2026-01-16T14:00:00Z,53.47,2241.95,163.68,834.24,36.72,2414.52,158.54,157.34,55.72,2311.72,161.80,550.94,29.24,2457.17,157.94,11.82,205.13,30.49,91.84,182.68,1761.78,3548.56,2.53,148.36,97.95,572.02,2.75,930.11,58.83,474.00
2026-01-16T14:10:00Z,53.68,2234.61,163.86,845.79,36.61,2421.08,158.76,161.29,55.76,2308.20,161.63,559.75,29.27,2460.16,157.29,7.18,208.58,33.22,91.93,188.76,1770.15,3557.29,2.24,150.53,100.04,584.27,2.80,932.85,58.32,490.23
2026-01-16T14:20:00Z,53.58,2227.43,163.43,846.48,36.62,2421.73,158.43,157.85,55.51,2317.13,161.73,554.84,29.29,2462.38,157.23,0.00,205.89,31.78,91.78,185.18,1763.21,3549.83,2.40,149.91,95.98,565.62,2.98,935.93,58.44,462.59
2026-01-16T14:30:00Z,53.42,2236.17,163.17,853.03,36.78,2416.00,159.20,148.24,55.28,2313.62,162.01,566.91,29.54,2468.77,157.13,0.00,205.08,31.46,92.06,184.15,1777.99,3540.81,2.65,149.53,96.84,570.51,3.05,937.56,59.04,486.85
2026-01-16T14:40:00Z,53.36,2247.07,162.89,843.89,36.76,2421.14,159.64,144.83,55.24,2319.32,162.05,556.15,29.63,2459.41,156.70,8.02,204.53,31.21,92.19,185.45,1762.88,3556.73,2.83,150.56,95.61,574.76,3.22,928.30,59.88,479.04
2026-01-16T14:50:00Z,53.54,2242.37,163.02,845.22,36.37,2441.27,158.62,137.54,55.71,2325.95,162.41,559.39,29.70,2461.92,156.32,20.17,208.39,31.54,91.65,188.61,1761.12,3543.02,2.47,151.34,98.53,575.59,2.78,933.92,58.03,481.00
2026-01-16T15:00:00Z,53.96,2235.60,163.73,854.11,36.35,2428.49,158.70,124.68,55.32,2315.62,161.42,558.87,29.66,2444.78,157.18,23.54,205.06,32.62,92.22,183.01,1760.54,3547.42,2.51,147.61,94.67,570.50,2.77,928.35,59.01,474.47
2026-01-16T15:10:00Z,53.99,2220.86,163.81,855.96,36.45,2421.60,159.19,144.73,55.43,2307.18,161.56,551.75,29.37,2456.50,158.30,23.22,210.35,32.25,92.76,190.41,1771.35,3541.15,2.16,151.30,98.50,578.09,2.90,933.06,58.75,489.48
2026-01-16T15:20:00Z,54.38,2217.95,164.01,870.42,36.27,2424.35,158.53,145.00,55.31,2302.27,161.26,549.78,29.45,2453.90,158.00,26.51,212.92,33.48,92.65,190.40,1765.26,3548.47,2.52,148.98,102.29,580.76,3.23,936.78,58.67,478.19
2026-01-16T15:30:00Z,54.72,2214.52,164.60,876.03,36.48,2412.69,158.51,161.65,54.95,2312.85,161.19,553.37,29.13,2460.77,158.05,19.14,209.72,32.49,91.82,189.18,1774.45,3532.26,2.53,149.44,98.73,571.79,3.20,938.59,59.06,478.08
2026-01-16T15:40:00Z,54.67,2212.18,164.15,881.03,36.09,2423.05,159.43,165.05,54.63,2332.24,161.37,540.25,29.05,2476.01,158.99,9.68,207.21,34.87,91.47,186.42,1768.21,3555.37,2.40,152.23,98.71,581.22,3.35,930.88,58.75,492.92
2026-01-16T15:50:00Z,54.53,2201.78,164.59,882.98,36.10,2426.83,159.14,145.27,54.88,2321.33,161.31,530.53,28.97,2475.64,158.00,2.39,203.91,31.06,92.31,183.61,1763.91,3569.16,2.35,148.67,95.96,574.72,2.87,933.72,58.55,473.43
2026-01-16T16:00:00Z,54.35,2210.28,164.10,876.31,35.64,2432.31,158.94,137.84,54.95,2326.59,161.21,533.34,28.89,2474.91,157.40,0.00,207.45,32.90,91.31,185.31,1758.66,3534.53,2.82,149.00,98.34,579.49,2.71,924.33,59.01,489.40
2026-01-16T16:10:00Z,54.84,2204.15,163.98,876.28,35.54,2436.17,158.64,124.52,55.18,2318.59,161.97,549.47,29.18,2481.54,157.20,0.00,207.18,33.51,91.36,186.92,1765.57,3545.68,2.46,148.73,100.03,580.24,3.07,933.04,57.46,480.60
2026-01-16T16:20:00Z,54.92,2197.33,164.64,898.97,35.28,2448.18,158.02,115.32,54.75,2326.98,161.47,550.71,29.23,2467.54,157.35,0.00,202.45,31.33,91.11,182.16,1770.21,3562.11,2.40,150.61,97.15,575.21,2.75,934.85,57.82,484.71
2026-01-16T16:30:00Z,54.42,2207.55,163.67,893.19,34.91,2457.54,157.65,96.23,55.10,2327.98,160.60,546.17,29.39,2466.35,157.80,12.61,203.62,32.03,91.71,185.71,1765.09,3557.47,2.55,150.70,97.00,572.11,2.84,936.34,58.20,480.51
2026-01-16T16:40:00Z,54.29,2208.81,164.05,892.30,35.04,2457.30,158.29,109.58,55.83,2302.70,161.28,550.58,29.50,2478.95,157.29,6.56,207.69,32.95,92.24,186.73,1771.01,3542.37,2.44,149.52,98.23,568.74,2.89,929.18,58.34,470.47
2026-01-16T16:50:00Z,54.22,2224.83,163.80,881.16,35.09,2445.25,158.82,103.94,55.50,2320.85,161.68,565.54,29.31,2463.43,157.95,21.61,211.44,31.68,92.20,187.76,1765.39,3537.49,2.40,149.36,100.46,573.39,3.42,931.81,58.01,485.92
2026-01-16T17:00:00Z,54.29,2216.04,164.72,882.92,35.02,2445.18,158.81,105.89,55.34,2316.56,161.46,560.55,29.25,2453.86,157.62,11.97,211.08,31.75,91.68,189.36,1769.70,3547.93,2.73,150.07,100.87,582.36,3.11,936.03,59.01,480.80
2026-01-16T17:10:00Z,54.29,2216.29,164.33,879.94,35.33,2434.62,158.43,104.31,55.33,2306.06,161.90,577.47,29.02,2461.62,157.22,0.00,210.78,29.70,92.23,193.44,1768.92,3545.03,2.41,148.81,99.04,573.83,3.19,938.90,60.02,488.54
2026-01-16T17:20:00Z,54.34,2208.74,165.01,891.38,35.81,2428.91,158.11,118.20,55.41,2300.56,161.87,585.84,28.62,2481.75,157.36,0.00,209.74,31.35,91.76,189.68,1764.47,3536.88,2.44,148.99,100.23,578.93,3.04,930.59,60.06,480.79
2026-01-16T17:30:00Z,54.89,2196.93,164.96,883.32,35.84,2426.39,158.15,116.15,55.04,2314.84,161.99,572.66,29.03,2484.21,157.88,0.00,214.70,33.05,91.86,194.70,1771.66,3540.49,2.44,150.52,106.65,582.25,3.12,936.16,60.48,471.84
2026-01-16T17:40:00Z,54.37,2211.46,164.71,888.71,36.26,2424.41,158.09,122.45,54.84,2313.82,162.11,581.55,28.44,2495.00,157.12,0.00,207.42,32.65,92.81,187.86,1764.30,3560.27,2.50,149.20,100.40,578.56,2.73,939.33,60.27,484.22
2026-01-16T17:50:00Z,54.96,2191.54,164.09,896.56,36.18,2427.18,158.24,123.68,54.97,2312.66,162.73,572.83,28.51,2489.47,156.38,0.00,208.94,33.05,92.47,188.49,1765.82,3547.37,2.17,149.86,99.01,569.81,3.51,934.26,58.58,477.82
2026-01-16T18:00:00Z,55.67,2187.92,164.98,911.40,36.20,2421.32,158.27,143.73,54.91,2323.54,161.52,551.67,28.49,2487.12,156.74,0.00,211.30,31.37,92.53,194.22,1765.31,3546.51,2.34,149.69,100.34,570.83,2.94,933.28,58.24,483.10
2026-01-16T18:10:00Z,55.67,2183.28,165.95,921.80,36.32,2407.24,158.75,146.26,55.23,2326.43,161.92,544.36,28.82,2493.80,157.39,0.00,204.22,31.83,93.52,186.95,1758.57,3545.07,2.50,149.87,95.91,568.50,3.01,929.95,58.60,485.98
2026-01-16T18:20:00Z,55.39,2180.29,165.60,915.66,36.26,2415.66,158.19,159.16,54.95,2320.20,162.01,545.00,28.42,2483.59,157.25,0.00,206.61,31.50,92.83,187.44,1764.52,3542.04,2.73,149.99,99.05,568.62,2.82,932.38,60.31,470.66
2026-01-16T18:30:00Z,55.43,2186.90,165.90,931.05,36.10,2417.56,158.69,160.96,54.95,2322.54,161.96,552.11,28.02,2489.96,157.35,0.00,209.79,31.36,92.55,189.83,1771.02,3554.64,2.38,149.98,101.34,569.25,3.25,929.79,60.24,473.55
2026-01-16T18:40:00Z,54.85,2208.55,165.80,912.33,36.27,2422.12,158.92,156.22,54.96,2315.70,162.24,539.25,28.14,2494.58,157.15,0.00,204.61,30.72,92.34,183.36,1747.30,3556.15,2.46,150.93,97.33,572.07,3.16,924.07,59.37,479.27
2026-01-16T18:50:00Z,54.69,2210.51,165.30,903.41,36.40,2412.99,158.82,160.57,54.77,2330.20,161.21,542.73,28.06,2505.22,156.98,0.00,206.20,33.49,91.95,186.25,1760.84,3556.42,2.61,148.54,97.41,578.44,2.80,930.37,59.01,483.78
2026-01-16T19:00:00Z,54.72,2206.37,164.83,881.54,36.71,2401.30,159.12,149.99,54.79,2322.08,161.44,549.99,27.97,2501.42,157.24,0.00,204.19,33.97,91.21,184.64,1765.86,3548.38,2.58,149.17,94.60,563.33,2.77,928.30,58.72,480.58
2026-01-16T19:10:00Z,54.71,2206.11,164.85,879.52,35.86,2423.00,158.91,136.07,54.69,2333.83,161.92,540.88,27.44,2512.04,157.11,0.00,201.89,30.98,92.58,185.11,1763.62,3540.62,2.49,150.01,97.32,578.71,3.35,931.35,58.94,472.24
2026-01-16T19:20:00Z,54.77,2206.18,165.53,877.36,35.91,2428.33,158.20,121.72,55.05,2337.50,161.82,537.43,27.18,2512.13,157.68,0.00,205.53,33.65,93.07,186.01,1765.26,3548.97,2.74,149.88,98.68,576.44,3.13,933.49,61.11,473.36
2026-01-16T19:30:00Z,54.71,2210.85,165.15,880.65,36.03,2417.05,159.01,137.27,54.96,2326.96,162.07,552.67,27.29,2509.37,157.22,0.00,206.83,33.82,93.06,184.61,1766.55,3553.93,2.57,149.82,97.99,574.71,3.05,933.64,60.36,475.72
2026-01-16T19:40:00Z,54.34,2217.25,164.63,878.66,36.16,2432.70,158.93,140.09,54.96,2320.80,162.29,562.37,27.19,2508.77,158.24,0.00,208.80,35.28,93.66,189.52,1766.39,3553.73,2.52,149.66,102.08,577.11,2.92,932.54,59.65,481.96
2026-01-16T19:50:00Z,53.96,2218.34,165.01,877.11,35.87,2421.58,158.84,128.38,54.72,2327.65,161.56,543.26,27.18,2517.68,158.03,0.00,205.39,31.70,93.47,184.79,1770.41,3561.86,2.45,150.57,100.43,574.02,3.31,929.46,58.45,492.75
2026-01-16T20:00:00Z,53.81,2222.98,164.67,872.70,36.06,2428.67,158.65,137.68,54.83,2328.84,162.08,545.13,27.15,2523.65,158.15,0.00,206.00,32.58,92.93,188.98,1773.09,3559.93,2.45,151.25,97.10,571.37,3.21,937.64,58.89,473.81
2026-01-16T20:10:00Z,53.54,2245.96,164.83,856.48,35.85,2438.31,158.75,132.67,55.11,2327.40,162.13,547.10,27.43,2524.50,157.93,0.00,208.48,33.67,92.78,188.11,1756.77,3539.60,2.46,149.06,99.69,581.57,3.29,921.63,60.27,490.69
2026-01-16T20:20:00Z,53.62,2236.17,163.21,848.56,36.11,2433.15,158.32,131.02,55.56,2324.15,161.50,534.55,27.31,2507.21,157.83,0.00,204.33,33.21,93.11,185.51,1771.41,3552.30,2.48,149.95,96.36,579.72,2.72,930.22,59.64,471.93
2026-01-16T20:30:00Z,54.00,2235.68,163.80,848.86,35.80,2436.22,158.52,114.22,54.90,2324.20,161.78,544.95,27.69,2513.89,157.37,0.00,200.80,31.49,93.26,184.60,1773.56,3549.69,2.40,150.29,94.12,566.75,2.54,937.50,59.70,464.33
2026-01-16T20:40:00Z,54.07,2222.59,163.65,851.11,35.76,2429.60,157.84,107.15,55.22,2324.10,161.82,549.00,27.83,2510.06,156.82,0.00,199.51,31.38,92.38,183.68,1760.24,3538.73,2.56,148.69,94.61,570.74,3.21,934.96,59.38,476.71
2026-01-16T20:50:00Z,54.58,2219.21,163.71,856.61,36.10,2422.72,158.22,115.53,55.29,2322.55,162.51,541.49,28.30,2494.06,157.17,0.00,196.41,32.96,91.39,178.39,1757.60,3552.81,2.13,151.40,94.33,570.18,2.87,933.09,58.70,467.15
2026-01-16T21:00:00Z,54.17,2218.91,163.33,867.43,36.07,2426.30,158.97,113.84,55.22,2310.90,161.95,542.24,28.15,2500.97,156.85,0.00,200.39,32.76,90.88,182.42,1761.48,3541.72,2.67,149.10,98.79,572.84,2.93,932.79,59.15,476.03
2026-01-16T21:10:00Z,53.83,2226.72,164.06,864.99,36.27,2424.27,158.65,121.11,54.99,2322.60,161.43,547.66,28.00,2515.14,157.06,0.00,202.58,30.62,91.69,181.97,1768.19,3547.18,2.19,151.67,96.28,566.45,2.72,936.58,58.78,483.61
2026-01-16T21:20:00Z,53.91,2232.22,164.96,867.89,36.22,2420.71,158.68,133.58,55.12,2324.27,162.37,553.88,28.19,2499.00,157.09,0.00,202.83,31.34,92.03,182.34,1756.72,3530.22,2.52,148.06,96.83,573.82,2.88,925.81,59.32,481.51
2026-01-16T21:30:00Z,53.92,2223.37,164.97,871.46,36.07,2418.95,157.57,129.23,55.21,2321.97,161.63,559.10,28.29,2489.01,156.65,0.00,201.06,30.60,91.67,181.26,1755.03,3553.68,2.62,151.01,95.87,578.65,3.09,930.48,58.60,482.44
2026-01-16T21:40:00Z,53.71,2233.28,164.36,864.23,35.90,2417.76,158.31,124.75,55.10,2321.12,161.09,552.91,28.46,2484.54,157.19,0.00,204.00,29.99,91.62,180.23,1766.18,3545.70,2.57,149.31,96.17,568.94,2.99,935.25,59.56,474.03
2026-01-16T21:50:00Z,53.27,2249.58,164.00,844.54,35.96,2417.47,159.11,145.13,54.70,2325.13,162.05,550.28,28.72,2477.36,157.22,0.00,204.08,29.95,90.71,185.26,1765.60,3531.46,2.56,149.47,98.26,570.54,2.49,935.61,58.72,494.05
2026-01-16T22:00:00Z,53.64,2237.29,163.15,851.94,36.23,2420.87,158.52,122.09,54.71,2332.22,161.76,550.96,28.51,2484.95,157.68,0.00,206.42,30.10,92.02,184.07,1750.52,3542.61,2.65,150.13,95.66,569.70,3.13,920.52,58.85,483.47
2026-01-16T22:10:00Z,53.56,2233.99,162.68,849.06,36.13,2418.98,158.22,132.23,55.05,2320.30,161.97,548.95,28.98,2487.74,157.63,0.00,203.32,30.70,93.13,182.35,1760.50,3553.09,2.20,150.09,96.31,570.67,3.14,921.28,59.78,472.85
2026-01-16T22:20:00Z,53.42,2229.84,163.63,850.36,36.15,2412.13,157.95,141.49,54.98,2310.09,161.52,559.65,29.12,2475.89,157.77,0.00,200.96,32.63,93.04,181.46,1762.39,3548.30,2.70,149.92,94.87,571.10,3.24,930.09,59.85,472.78
2026-01-16T22:30:00Z,53.34,2243.53,163.36,848.55,35.88,2412.48,158.48,145.25,55.18,2312.80,161.77,566.14,28.93,2477.57,156.92,0.00,204.46,31.17,92.27,185.60,1772.89,3549.30,2.45,148.91,96.18,575.85,3.00,941.38,58.62,480.49
2026-01-16T22:40:00Z,53.24,2250.89,163.64,845.60,36.22,2417.47,158.78,135.47,55.27,2325.04,161.64,544.90,28.80,2471.34,157.07,0.00,202.45,30.15,92.46,183.20,1769.17,3546.34,2.58,149.26,95.78,567.86,3.25,931.87,58.42,475.11
2026-01-16T22:50:00Z,53.12,2253.65,163.36,830.78,,2425.51,158.69,135.81,55.17,2320.29,161.26,541.23,28.85,2471.58,157.52,0.11,203.90,30.45,92.97,182.80,1764.29,3549.27,2.56,150.02,97.20,569.07,3.08,935.30,58.72,478.09
2026-01-16T23:00:00Z,53.04,2254.26,163.96,824.70,35.70,2420.77,158.52,128.91,54.84,2324.34,161.51,537.78,28.86,2475.38,157.01,0.00,199.57,29.56,92.43,180.02,1759.59,3539.61,2.51,151.09,95.35,577.09,3.09,929.87,58.45,481.98
2026-01-16T23:10:00Z,53.14,2256.45,163.88,833.18,35.86,2428.68,158.18,128.32,54.59,2332.81,161.39,537.54,28.87,2479.26,157.23,0.00,196.79,30.42,91.86,176.47,1749.61,3545.72,2.41,150.80,93.53,569.65,2.99,928.89,58.72,485.03
2026-01-16T23:20:00Z,53.29,2244.39,163.83,841.66,35.38,2432.15,158.63,130.90,54.20,2338.36,160.97,532.65,29.44,2474.51,156.24,0.00,200.11,31.91,92.31,175.76,1754.89,3551.67,2.45,150.10,94.12,567.86,2.75,928.97,58.34,474.08
2026-01-16T23:30:00Z,53.41,2235.99,164.83,861.31,35.13,2436.36,158.53,131.77,54.20,2340.28,161.04,517.95,29.32,2469.12,157.02,0.00,201.43,30.74,92.69,177.27,1753.11,3546.50,2.61,149.67,95.11,568.32,3.34,920.40,59.41,465.62
2026-01-16T23:40:00Z,53.33,2245.10,164.10,866.44,34.84,2447.91,158.38,115.92,53.98,2354.29,161.06,511.16,29.19,2460.80,156.78,0.66,203.79,29.72,93.09,178.48,1755.08,3558.59,2.21,149.64,98.35,576.84,2.63,931.72,58.22,474.43
2026-01-16T23:50:00Z,52.94,2240.44,164.11,845.37,34.76,2462.28,157.75,89.20,54.08,2346.98,161.18,514.53,29.13,2470.22,158.06,0.00,206.14,31.14,92.60,187.60,1763.39,3545.98,2.17,149.06,100.41,574.90,3.01,933.24,58.22,479.33
2026-01-17T00:00:00Z,53.68,2230.70,163.88,845.07,34.64,2468.33,157.06,83.88,53.88,2346.21,160.89,511.84,29.07,2478.64,158.56,1.06,207.20,29.36,93.42,182.89,1759.62,3554.27,2.77,149.76,99.23,571.32,3.17,924.25,61.00,479.83
2026-01-17T00:10:00Z,53.54,2224.69,163.75,848.42,35.12,2463.96,157.56,96.55,53.84,2362.19,160.75,500.49,28.97,2483.74,158.43,7.56,203.64,29.03,92.10,185.85,1768.88,3549.84,2.25,149.39,99.77,579.37,3.06,928.07,60.51,483.14
2026-01-17T00:20:00Z,53.56,2230.49,163.11,835.99,35.12,2440.59,158.16,88.90,54.05,2356.09,161.06,503.32,29.14,2469.39,157.71,5.17,201.14,29.99,91.99,178.15,1754.53,3550.99,2.42,147.70,95.72,579.28,2.49,928.66,59.92,477.14
2026-01-17T00:30:00Z,53.50,2223.42,163.93,854.78,35.15,2436.22,158.32,83.28,54.27,2356.17,160.72,512.66,29.13,2466.85,157.38,0.00,197.70,27.81,92.06,179.56,1757.67,3550.01,2.57,149.18,96.53,569.78,2.99,928.37,59.10,463.31
2026-01-17T00:40:00Z,53.48,2223.73,163.44,849.73,34.95,2446.89,158.19,93.90,54.27,2335.13,161.07,515.26,28.48,2471.33,157.77,0.00,199.06,27.72,92.05,180.71,1761.36,3550.67,2.49,148.67,97.97,573.63,3.20,939.57,59.24,486.83
2026-01-17T00:50:00Z,53.72,2235.49,164.08,852.07,34.51,2466.31,158.19,78.55,54.73,2334.67,160.99,524.66,28.31,2486.23,157.80,0.00,200.13,27.97,93.24,177.74,1754.05,3553.57,2.39,150.14,94.74,571.24,2.94,925.06,59.19,478.90
2026-01-17T01:00:00Z,54.02,2228.27,164.83,861.44,34.25,2463.69,157.73,80.56,54.66,2339.04,161.07,527.96,28.21,2499.37,158.09,0.00,194.60,28.95,93.53,175.54,1754.56,3561.90,2.47,152.85,92.43,566.93,3.21,927.07,60.19,473.14
2026-01-17T01:10:00Z,53.66,2232.31,165.52,860.57,34.15,2470.18,157.46,79.62,54.45,2354.24,161.93,531.05,28.40,2486.70,157.32,0.00,199.79,27.92,92.41,180.76,1748.75,3557.45,2.26,148.71,91.37,565.64,2.62,917.22,59.87,477.76
2026-01-17T01:20:00Z,53.97,2236.11,164.22,851.87,34.06,2481.71,157.30,66.73,54.36,2340.17,161.66,525.02,28.13,2494.68,157.36,0.00,199.68,27.87,92.07,179.90,1764.18,3549.46,2.52,151.13,94.45,566.36,3.13,926.43,59.62,473.52
2026-01-17T01:30:00Z,53.88,2227.89,164.19,865.34,34.09,2474.79,157.20,77.06,54.62,2329.30,161.38,516.14,28.20,2484.13,156.74,0.00,199.40,29.32,91.75,176.09,1751.26,3548.59,2.51,150.10,95.38,572.82,3.27,931.86,60.78,485.19
2026-01-17T01:40:00Z,53.81,2234.90,164.16,871.88,33.56,2479.62,158.08,71.50,54.28,2330.23,161.41,526.56,28.33,2496.12,156.60,0.00,202.66,28.18,92.42,183.54,1757.68,3551.02,2.48,149.06,94.62,569.23,3.31,929.75,59.71,466.76
2026-01-17T01:50:00Z,53.62,2231.98,164.77,859.13,33.89,2481.40,158.25,63.43,54.29,2335.95,161.53,527.65,28.24,2495.81,157.22,0.00,200.57,31.72,92.78,175.36,1756.62,3543.90,2.62,148.58,95.15,573.27,2.91,927.85,59.48,472.96
2026-01-17T02:00:00Z,53.37,2230.83,163.90,860.85,34.22,2472.80,158.35,79.15,54.49,2342.58,161.17,541.49,28.18,2493.62,157.22,0.00,203.82,31.80,93.03,182.94,1766.49,3559.91,2.66,150.02,98.76,571.79,3.01,934.65,59.87,481.87
2026-01-17T02:10:00Z,53.22,2242.92,163.66,843.38,34.16,2469.48,156.80,75.49,54.50,2334.14,161.24,533.80,27.85,2504.59,157.52,0.00,197.00,29.47,92.83,175.18,1748.90,3554.02,2.28,150.49,90.50,567.44,3.05,923.80,59.38,472.73
2026-01-17T02:20:00Z,53.58,2244.44,163.19,840.04,34.38,2467.18,157.74,76.52,54.52,2345.36,161.81,528.66,27.88,2499.12,157.87,0.00,200.38,28.69,92.59,178.42,1747.92,3545.36,2.55,149.06,92.11,572.87,3.09,926.95,60.67,470.93
2026-01-17T02:30:00Z,53.89,2247.72,163.33,852.98,34.69,2468.75,157.50,70.31,54.16,2341.47,161.30,521.52,28.13,2494.30,157.78,0.00,202.20,31.53,93.52,182.11,1762.34,3548.79,2.30,149.95,99.72,579.47,3.10,927.53,60.32,478.47
2026-01-17T02:40:00Z,53.78,2232.22,163.20,851.55,34.73,2459.38,158.10,64.45,54.09,2342.78,160.88,516.51,28.21,2500.32,158.17,0.00,198.63,29.76,92.66,177.09,1755.81,3562.41,2.37,147.48,96.91,574.68,2.98,932.79,58.06,487.73
2026-01-17T02:50:00Z,53.63,2241.57,163.11,851.76,35.09,2447.27,158.48,80.11,53.90,2341.13,160.69,510.09,,2500.19,158.25,0.00,196.90,28.53,92.14,177.16,,3548.08,2.49,148.84,94.69,570.80,2.85,927.14,58.95,474.57
2026-01-17T03:00:00Z,53.57,2242.67,164.00,854.57,35.19,2443.90,158.08,86.18,53.89,2350.29,161.10,511.79,28.62,2488.77,158.06,0.00,200.17,30.46,91.38,177.70,1761.22,3556.49,2.44,148.55,94.27,570.18,3.14,933.55,59.76,478.67
2026-01-17T03:10:00Z,53.95,2235.67,164.19,854.88,35.25,2443.67,157.65,92.05,54.35,2337.46,161.21,506.63,28.55,2485.33,157.50,0.00,201.33,29.57,91.65,181.49,1761.01,3548.05,2.54,149.06,93.73,560.33,2.82,932.38,59.10,477.73
2026-01-17T03:20:00Z,53.72,2236.30,163.90,847.94,35.66,2438.33,157.67,104.77,54.27,2339.16,161.39,513.27,28.62,2482.04,157.62,0.00,198.38,28.57,91.88,175.76,1746.18,3557.26,2.66,150.01,95.13,573.12,2.90,921.14,59.43,474.84
2026-01-17T03:30:00Z,53.57,2223.99,163.58,864.10,35.66,2436.54,157.63,106.52,54.35,2344.71,160.94,521.35,28.99,2470.00,158.00,3.46,203.09,30.78,91.58,186.70,1767.53,3552.49,2.53,150.24,93.61,569.39,3.17,929.70,59.56,478.30
2026-01-17T03:40:00Z,54.19,2233.20,164.05,857.15,35.67,2428.65,157.79,130.38,53.92,2348.23,160.69,513.84,28.76,2473.45,156.95,0.00,202.04,30.87,91.38,181.75,1755.80,3556.44,2.48,149.84,94.10,560.98,3.05,931.22,58.76,468.84
2026-01-17T03:50:00Z,54.16,2218.35,163.82,848.25,35.70,2437.70,158.31,119.65,53.65,2349.42,160.26,500.66,28.98,2472.88,156.84,10.22,201.93,33.35,91.74,182.88,1769.02,3548.88,2.51,152.72,96.76,569.24,3.26,935.14,58.42,474.58
2026-01-17T04:00:00Z,54.07,2225.31,163.95,855.27,35.61,2440.09,157.72,116.16,54.00,2364.30,160.58,512.88,28.68,2485.96,156.73,0.00,207.16,31.59,91.99,183.49,1766.97,3542.28,2.22,150.96,97.77,576.05,3.20,938.94,59.22,481.72
2026-01-17T04:10:00Z,53.87,2226.34,164.69,880.56,36.06,2427.77,157.71,131.70,54.42,2350.07,160.63,520.01,28.60,2491.09,157.37,0.00,201.29,30.00,92.18,182.43,1761.00,3558.14,2.64,149.62,95.04,568.76,2.84,926.62,59.64,479.66
2026-01-17T04:20:00Z,53.66,2230.23,164.75,878.73,36.41,2418.50,157.99,130.59,54.23,2338.27,160.21,518.43,28.79,2487.57,157.94,0.00,207.14,30.52,92.03,186.34,1757.42,3548.77,2.62,149.04,96.27,568.20,2.87,930.68,59.29,479.76
2026-01-17T04:30:00Z,53.43,2241.12,164.87,858.76,36.64,2419.97,158.79,134.09,54.25,2349.60,160.67,516.76,29.17,2479.92,157.73,0.00,206.96,31.97,91.92,184.36,1764.48,3540.98,2.51,148.14,100.36,577.99,2.85,932.88,58.59,484.22
2026-01-17T04:40:00Z,53.15,2252.10,164.10,839.72,36.64,2422.36,158.21,126.15,54.54,2340.93,161.12,526.68,29.22,2469.84,158.67,8.40,207.78,28.60,91.84,186.57,1761.04,3558.69,2.31,149.46,99.56,581.06,2.77,924.74,58.17,493.55
2026-01-17T04:50:00Z,53.45,2243.56,164.28,845.71,36.68,2415.14,158.27,142.68,54.54,2334.96,161.18,530.03,29.30,2475.51,157.89,9.19,201.08,30.45,91.67,183.41,1765.19,3560.06,2.61,149.45,95.69,572.46,3.06,935.17,57.49,484.07
2026-01-17T05:00:00Z,53.32,2234.48,164.04,843.25,36.39,2412.29,159.33,153.47,54.21,2346.92,161.44,520.81,29.22,2466.23,157.83,13.48,209.26,31.24,92.03,188.31,1772.77,3541.28,2.49,150.68,101.01,572.54,3.09,935.30,57.16,479.30
2026-01-17T05:10:00Z,52.96,2241.10,164.17,833.69,36.52,2408.01,159.75,152.37,53.99,2357.13,160.70,503.60,28.92,2468.15,157.80,2.48,202.96,29.04,92.36,182.05,1759.94,3540.87,2.45,148.28,95.93,569.74,3.16,928.42,59.11,481.07
2026-01-17T05:20:00Z,53.31,2242.50,164.92,836.17,36.28,2419.65,158.93,154.14,54.03,2352.04,160.95,491.59,29.48,2467.89,157.74,0.00,202.25,31.75,92.25,186.97,1767.04,3550.35,2.56,148.65,96.37,573.23,3.09,936.18,58.55,470.14
2026-01-17T05:30:00Z,53.63,2237.07,165.39,843.29,36.09,2418.32,158.47,147.88,54.29,2351.58,161.38,522.60,29.62,2458.88,158.71,14.03,209.48,33.64,92.41,188.16,1762.05,3569.06,2.27,150.94,98.47,575.52,3.00,927.08,59.36,473.44
2026-01-17T05:40:00Z,53.52,2233.15,164.27,847.02,36.21,2415.36,158.49,135.25,54.75,2330.48,160.78,535.47,30.01,2466.16,157.79,15.48,206.77,32.00,92.62,186.27,1762.08,3534.97,2.55,149.37,99.05,574.33,2.90,931.46,59.97,470.13
2026-01-17T05:50:00Z,53.20,2234.56,164.17,841.35,35.84,2417.64,158.05,148.77,54.93,2331.73,161.12,539.01,29.97,2452.86,157.80,34.00,205.56,31.74,91.96,185.75,1765.01,3558.08,2.33,149.53,97.48,567.96,3.05,924.22,59.80,464.78
2026-01-17T06:00:00Z,53.20,2240.99,164.00,854.84,35.69,2413.68,157.66,143.85,55.08,2324.81,161.46,553.55,30.18,2453.53,158.00,26.73,207.03,31.45,92.18,184.69,1761.29,3557.96,2.55,149.16,97.70,575.78,2.57,927.67,59.32,483.35
2026-01-17T06:10:00Z,53.36,2248.29,164.04,856.71,35.82,2423.43,158.48,138.93,55.43,2316.25,161.83,572.98,30.39,2450.36,158.03,23.70,210.74,31.67,91.87,189.07,1762.84,3557.01,2.51,149.79,98.79,568.22,3.25,924.33,60.11,471.99
2026-01-17T06:20:00Z,53.49,2234.50,164.20,858.61,36.04,2425.73,158.49,147.66,55.24,2317.82,161.98,568.26,30.63,2435.79,157.67,25.45,210.61,30.85,92.16,186.18,1767.75,3548.86,2.30,149.74,100.16,573.39,2.90,939.23,60.29,481.93
2026-01-17T06:30:00Z,52.92,2244.34,164.30,846.63,36.14,2435.41,158.93,146.42,54.98,2320.66,161.87,566.18,30.68,2439.30,157.88,40.95,207.79,32.14,92.53,186.08,1768.71,3557.58,2.48,150.32,97.12,574.16,3.00,938.00,61.84,476.37
2026-01-17T06:40:00Z,53.47,2234.42,163.61,840.29,36.06,2433.19,158.33,138.84,54.87,2332.16,161.94,547.94,30.57,2439.86,157.92,50.69,205.55,32.25,92.66,183.04,1764.94,3559.38,2.34,150.39,97.49,573.83,2.97,933.18,61.04,483.63
2026-01-17T06:50:00Z,53.40,2227.48,163.86,845.48,35.59,2437.74,158.32,128.56,55.08,2326.35,162.39,545.91,30.56,2434.02,158.36,53.16,205.46,35.00,92.06,183.65,1761.20,3546.03,2.55,149.91,97.36,567.90,3.21,931.75,61.27,465.01
2026-01-17T07:00:00Z,52.97,2240.96,164.41,833.73,35.53,2435.38,157.98,114.49,55.00,2322.51,161.53,546.78,31.39,2422.42,157.98,69.13,207.60,33.31,91.81,186.55,1765.17,3534.93,2.39,149.78,98.24,574.68,2.86,934.77,60.11,477.96
2026-01-17T07:10:00Z,52.80,2252.18,165.14,830.67,35.92,2422.19,158.16,122.80,54.81,2320.67,161.89,528.08,31.79,2420.81,,73.00,205.62,32.80,91.99,187.84,1767.79,3559.42,2.44,150.26,99.91,573.81,3.05,930.14,61.13,491.04
2026-01-17T07:20:00Z,53.10,2251.09,164.39,825.70,35.47,2427.34,157.32,119.58,54.64,2327.57,161.04,527.16,31.90,2410.35,158.53,82.11,206.41,32.61,91.69,184.79,1765.79,3548.26,2.61,150.01,97.12,564.95,2.95,937.73,58.73,475.11
2026-01-17T07:30:00Z,52.98,2252.95,163.30,821.75,35.50,2430.34,157.86,118.26,54.80,2323.80,161.31,537.00,31.56,2413.61,159.00,91.13,209.90,31.60,91.13,191.27,1770.39,3560.68,2.58,151.14,101.00,578.25,2.93,938.57,59.13,478.75
2026-01-17T07:40:00Z,52.87,2249.29,163.55,826.85,35.30,2443.67,158.32,117.77,54.77,2321.11,161.40,549.34,31.57,2414.04,158.72,89.13,212.28,31.90,91.21,194.20,1767.62,3557.40,2.57,149.79,102.73,575.71,2.81,937.20,59.22,482.92
2026-01-17T07:50:00Z,53.03,2241.31,163.53,841.78,35.40,2442.85,157.63,106.91,54.86,2320.67,161.15,532.23,31.41,2418.19,158.74,83.49,210.81,33.65,92.20,187.25,1763.43,3537.10,2.56,149.76,98.59,580.99,2.72,932.86,58.39,498.33
2026-01-17T08:00:00Z,53.20,2241.35,163.92,846.10,35.31,2434.13,157.78,113.28,55.02,2320.44,160.60,535.73,31.33,2419.29,158.85,56.03,203.86,31.12,91.68,187.16,1760.61,3555.59,2.44,148.46,96.62,578.42,2.99,924.20,59.78,486.92
2026-01-17T08:10:00Z,53.04,2247.08,163.58,839.44,35.13,2438.81,157.86,109.01,55.05,2328.06,161.99,528.61,31.17,2424.20,158.96,45.16,202.74,31.03,91.84,185.37,1761.88,3555.21,2.61,150.18,95.96,573.54,2.66,931.42,60.18,483.57
2026-01-17T08:20:00Z,53.24,2248.27,164.48,839.33,35.32,2440.85,158.18,116.21,55.19,2323.32,161.18,531.36,30.84,2424.44,159.51,62.03,205.05,34.33,92.83,186.73,1770.21,3542.86,2.18,150.40,98.42,572.90,2.77,934.21,61.52,481.38
2026-01-17T08:30:00Z,53.16,2238.68,164.02,847.49,35.25,2445.87,157.53,112.10,55.36,2310.97,162.04,538.77,30.89,2429.04,158.59,45.33,206.01,31.15,92.33,181.92,1758.31,3545.12,2.41,148.80,94.70,569.27,3.05,930.52,60.51,477.59
2026-01-17T08:40:00Z,53.27,2241.20,164.18,853.39,35.43,2433.34,157.73,106.21,55.57,2312.66,162.23,540.30,30.92,2423.17,158.04,59.12,206.12,31.47,92.26,183.84,1770.96,3540.08,2.73,148.33,96.87,574.79,2.70,931.49,59.28,480.36
2026-01-17T08:50:00Z,53.24,2242.93,164.00,835.08,35.43,2433.24,158.81,104.96,55.50,2320.73,161.68,539.10,31.08,2418.14,158.42,61.12,203.20,32.24,92.19,181.21,1760.09,3548.27,2.61,148.99,97.84,571.75,3.01,925.89,59.27,471.97
2026-01-17T09:00:00Z,53.77,2245.91,163.80,852.17,35.17,2443.76,158.19,99.80,55.42,2322.07,161.61,529.45,31.25,2413.00,158.33,49.54,203.26,31.54,93.12,181.57,1763.62,3550.17,2.43,151.16,97.93,573.08,3.45,929.51,59.62,478.13
2026-01-17T09:10:00Z,54.16,2239.52,164.42,854.11,35.13,2443.31,158.70,109.18,55.22,2316.51,161.49,542.43,30.91,2424.30,158.81,49.19,200.02,30.97,93.94,185.95,1767.45,3558.19,2.50,150.80,91.86,572.82,2.81,932.98,59.10,476.21
2026-01-17T09:20:00Z,53.78,2232.77,164.70,864.97,34.80,2453.94,158.18,99.82,54.03,2334.98,161.23,533.04,30.86,2428.04,158.56,45.62,204.49,32.74,92.34,182.16,1768.09,3543.61,2.73,149.94,98.38,574.04,2.81,930.89,57.57,482.71
2026-01-17T09:30:00Z,53.56,2232.93,164.64,857.40,35.41,2447.08,158.23,99.12,54.34,2341.13,160.36,537.25,30.99,2428.03,158.61,47.07,208.05,29.68,92.96,188.88,1753.96,3531.26,2.73,149.61,99.99,579.46,3.11,931.14,57.36,491.00
2026-01-17T09:40:00Z,53.57,2226.68,164.36,846.38,35.41,2454.47,158.02,94.45,54.50,2332.44,161.18,542.03,30.99,2428.75,157.82,55.38,203.41,31.67,91.73,182.87,1757.08,3542.04,2.44,149.63,98.01,580.78,3.53,936.72,58.07,471.09
2026-01-17T09:50:00Z,53.35,2230.40,163.77,851.68,35.58,2444.12,157.82,92.69,54.32,2335.11,160.97,525.37,30.76,2431.43,158.92,48.54,199.11,33.67,91.58,177.59,1757.57,3545.17,2.36,149.01,95.39,574.88,2.83,927.26,57.38,484.37
2026-01-17T10:00:00Z,53.25,2243.15,164.08,852.74,35.37,2448.18,158.21,98.65,54.68,2333.33,160.80,522.01,30.84,2436.27,158.48,53.26,208.88,29.72,92.28,187.98,1771.76,3545.54,2.74,148.87,98.17,577.49,3.11,930.39,57.63,479.60
2026-01-17T10:10:00Z,53.35,2243.76,164.36,844.58,35.82,2442.80,158.29,98.73,54.56,2340.42,160.13,514.74,31.17,2434.43,158.53,47.79,204.95,29.41,92.30,183.90,1763.89,3542.84,2.25,151.25,97.59,586.77,3.19,928.47,58.32,496.11
2026-01-17T10:20:00Z,53.19,2237.79,164.01,843.80,36.02,2433.30,158.71,126.14,54.54,2337.44,160.46,520.22,31.35,2423.87,157.95,59.97,202.79,,91.55,185.19,1763.67,3546.72,2.48,148.71,94.70,569.33,3.13,931.61,59.54,463.87
2026-01-17T10:30:00Z,53.20,2248.15,163.81,844.21,35.99,2426.26,158.67,136.78,54.29,2343.09,161.31,520.14,31.42,2409.08,158.47,72.07,198.22,31.43,91.59,176.83,1758.37,3557.64,,151.10,95.93,573.82,3.13,927.27,60.10,476.70
2026-01-17T10:40:00Z,53.81,2238.95,163.49,858.06,35.98,2425.72,158.72,136.00,54.34,2342.34,161.36,528.86,31.64,2420.69,158.41,71.62,205.09,31.98,91.24,182.44,1756.40,3555.08,2.70,148.55,95.99,567.91,3.03,925.92,60.10,479.29
2026-01-17T10:50:00Z,53.63,2231.45,163.43,853.55,35.95,2427.60,158.09,122.12,54.26,2335.33,161.44,524.19,31.30,2425.22,158.80,72.12,209.76,31.78,92.20,185.79,1766.95,3564.64,2.83,148.53,100.83,574.36,3.04,937.20,61.35,473.59
2026-01-17T11:00:00Z,53.13,2239.96,164.43,850.35,36.36,2423.22,158.42,116.16,54.25,2342.81,161.47,505.66,31.31,2424.49,159.20,64.55,205.00,33.40,92.67,181.96,1758.19,3557.30,2.70,150.41,96.11,566.43,2.72,932.16,59.55,473.35
2026-01-17T11:10:00Z,53.00,2244.77,163.84,845.99,36.38,2416.72,157.93,131.00,54.48,2338.03,161.25,518.16,31.05,2435.79,158.99,65.68,206.65,32.86,93.19,185.60,1765.76,3539.75,2.70,150.22,96.78,571.42,3.09,933.83,60.10,471.91
2026-01-17T11:20:00Z,52.85,2246.65,163.97,845.50,36.44,2416.53,157.82,127.49,54.41,2328.03,161.38,522.55,30.87,2426.29,159.14,66.39,202.09,33.06,93.30,185.01,1768.10,3541.47,2.24,148.41,95.34,567.76,2.96,939.04,60.79,474.81
2026-01-17T11:30:00Z,52.75,2259.93,163.35,826.04,36.56,2405.40,157.61,145.47,53.78,2336.09,160.75,514.52,31.07,2423.99,158.43,54.87,205.19,32.43,92.77,183.79,1760.92,3540.89,2.65,151.76,96.65,570.37,3.24,919.95,60.50,476.06
2026-01-17T11:40:00Z,52.53,2266.27,163.01,817.06,36.56,2413.71,157.86,137.34,54.05,2344.05,161.12,510.14,30.48,2429.89,158.97,57.75,203.72,33.48,91.64,184.50,1763.19,3560.25,2.66,149.18,98.87,567.90,3.11,931.43,59.43,474.39
2026-01-17T11:50:00Z,52.70,2265.68,163.30,833.29,36.15,2426.83,158.29,124.72,54.52,2344.61,161.25,519.31,30.29,2445.00,159.36,53.99,205.53,35.80,91.16,184.96,1768.65,3551.56,2.40,149.78,98.27,568.25,3.11,937.23,59.23,469.84
2026-01-17T12:00:00Z,52.54,2256.83,163.86,837.88,36.12,2429.68,158.82,118.88,54.58,2346.44,161.31,511.18,30.30,2443.78,158.85,37.72,205.22,33.98,91.60,184.88,1762.56,3541.52,,150.61,97.42,572.18,3.14,939.41,59.27,486.55
2026-01-17T12:10:00Z,52.77,2250.93,163.75,839.79,36.22,2428.85,159.15,133.05,54.68,2331.13,160.83,530.71,30.77,2435.15,158.75,31.52,209.00,33.26,92.53,186.44,1771.91,3546.26,2.41,150.34,96.89,570.27,3.30,938.83,58.74,471.35
2026-01-17T12:20:00Z,52.95,2250.32,163.65,835.08,36.08,2424.29,158.77,123.46,54.80,2330.38,160.45,527.39,30.68,2434.21,158.15,33.37,202.23,31.98,92.43,178.54,1755.80,3539.81,2.47,149.08,97.31,581.41,3.14,930.89,59.93,500.10
2026-01-17T12:30:00Z,52.71,2252.19,164.03,833.42,36.17,2433.42,158.25,122.10,54.91,2338.95,161.71,543.79,30.57,2419.03,158.20,50.94,206.35,31.85,92.49,185.24,1763.40,3550.56,2.44,151.44,98.86,571.38,2.87,930.70,60.35,469.69
2026-01-17T12:40:00Z,52.66,2259.23,163.21,832.24,35.91,2435.64,158.04,130.41,55.17,2323.90,162.25,535.24,30.43,2422.62,158.44,43.35,210.32,33.01,93.37,191.67,1761.06,3540.29,2.62,150.79,99.68,576.02,3.13,931.69,59.79,478.24
2026-01-17T12:50:00Z,52.44,2257.38,163.56,825.25,35.98,2438.42,157.51,122.22,55.02,2339.82,161.44,529.48,30.92,,158.83,58.33,206.60,32.28,93.13,184.25,1761.78,3541.72,2.84,148.68,97.28,574.62,2.84,924.97,59.70,478.84
2026-01-17T13:00:00Z,52.31,2263.53,162.89,808.91,35.67,2429.21,157.91,124.76,54.69,2333.27,161.47,528.91,30.79,2415.94,158.72,61.31,204.62,32.67,92.85,184.58,1773.57,3559.02,2.42,150.79,101.19,575.20,3.13,934.73,58.82,484.21
2026-01-17T13:10:00Z,52.21,2270.81,163.14,813.19,35.49,2427.82,158.39,122.54,54.67,2336.56,161.36,528.22,30.30,2429.63,158.62,56.26,202.60,33.50,92.46,185.39,1756.26,3558.19,2.70,148.80,92.97,572.22,2.89,930.36,59.30,482.24
2026-01-17T13:20:00Z,52.35,2270.84,163.13,806.25,35.53,2436.66,158.49,128.56,54.44,2330.64,161.24,534.67,29.81,2440.56,158.47,34.16,204.56,30.76,91.45,185.25,1761.17,3562.14,2.56,150.25,95.71,569.48,3.06,929.31,58.83,468.15
2026-01-17T13:30:00Z,52.76,2248.17,163.26,820.85,34.94,2443.92,158.70,92.75,54.68,2321.15,161.01,533.55,30.14,2443.71,158.75,46.41,199.80,30.09,92.32,175.86,1754.02,3547.21,2.45,149.63,93.00,566.95,3.07,929.53,58.76,468.11
2026-01-17T13:40:00Z,52.96,2253.65,163.59,834.99,34.52,2448.29,158.42,83.12,55.12,2324.98,161.14,544.90,29.92,2442.32,158.90,42.01,207.23,30.05,92.14,184.51,1766.34,3562.96,2.66,150.49,99.96,573.84,3.09,932.43,59.02,476.88
2026-01-17T13:50:00Z,52.93,2239.18,164.02,834.31,34.26,2462.66,157.57,89.63,54.90,2315.21,162.11,548.64,29.99,2449.09,158.72,47.92,202.05,30.80,92.65,181.65,1763.09,3549.69,2.47,150.04,97.02,574.73,3.40,927.08,58.93,477.47
2026-01-17T14:00:00Z,52.75,2241.05,164.41,830.74,34.68,2465.77,157.91,92.51,54.68,2327.68,161.67,546.11,29.68,2447.11,157.54,30.79,204.47,30.85,92.22,181.19,1756.30,3543.18,2.64,148.65,97.64,574.80,2.88,930.38,59.28,478.33
2026-01-17T14:10:00Z,52.66,2253.86,163.81,820.64,34.73,2465.11,157.45,79.14,54.28,2334.82,161.78,549.31,29.65,2450.17,158.21,30.57,205.83,30.56,91.72,186.80,1763.90,3559.65,2.65,148.63,99.19,575.40,3.30,928.96,61.62,485.53
2026-01-17T14:20:00Z,52.29,2262.36,164.37,815.24,34.73,2454.59,157.15,80.64,54.27,2329.34,161.71,535.05,29.45,2458.29,157.67,31.60,201.97,31.14,91.67,183.79,1759.75,3538.59,2.59,149.79,96.08,570.75,2.94,933.65,60.28,472.52
2026-01-17T14:30:00Z,52.05,2268.56,163.37,795.54,34.79,2448.39,158.20,101.04,54.08,2328.75,161.41,539.22,29.62,2461.54,158.28,11.33,201.40,32.41,92.21,182.35,1760.60,3538.54,2.47,146.52,95.92,563.69,2.90,930.45,59.34,464.51
2026-01-17T14:40:00Z,52.47,2271.69,163.36,795.00,35.09,2443.32,157.27,107.53,53.96,2343.13,161.68,524.69,29.64,2456.21,157.72,11.13,204.69,32.75,92.49,183.54,1761.66,3547.62,2.39,150.22,99.17,575.40,2.80,930.98,59.43,481.39
2026-01-17T14:50:00Z,52.84,2260.98,163.21,811.98,35.18,2444.02,157.39,97.00,54.02,2352.20,161.00,505.13,29.71,2461.61,157.75,15.74,205.57,30.63,92.54,187.11,1774.04,3539.59,2.65,149.96,95.38,570.82,3.17,935.99,59.61,472.51
2026-01-17T15:00:00Z,52.47,2265.80,163.09,808.89,34.85,2456.73,157.50,85.87,53.86,2348.94,161.55,512.47,29.51,2461.62,158.23,14.68,198.61,29.36,91.09,179.48,1760.63,3550.68,2.57,150.94,93.48,570.27,2.88,935.16,57.59,471.95
2026-01-17T15:10:00Z,52.31,2267.12,163.80,815.55,34.38,2465.82,157.43,73.95,53.84,2348.44,159.75,509.72,29.76,2452.52,157.91,16.08,198.39,26.72,92.13,180.17,1766.79,3550.74,2.85,153.13,93.19,567.24,2.92,934.38,58.23,464.61
2026-01-17T15:20:00Z,52.55,2268.89,163.78,810.18,34.52,2464.61,157.61,84.52,54.23,2354.72,160.20,504.91,29.86,2455.35,157.89,12.93,192.98,27.31,92.29,171.67,1750.07,3547.65,2.21,148.89,93.02,567.38,3.16,927.64,59.07,479.29
2026-01-17T15:30:00Z,52.62,2272.60,164.21,815.95,34.80,2455.18,157.41,72.14,54.49,2351.36,159.63,506.74,29.44,2456.80,157.52,4.04,192.72,29.19,91.76,172.82,1752.46,3552.76,2.65,151.07,90.72,555.93,3.19,928.11,58.68,459.66
2026-01-17T15:40:00Z,52.81,2277.10,163.95,820.77,35.19,2458.02,157.30,85.97,54.30,2338.43,160.44,514.24,29.64,2463.86,157.69,15.00,204.63,28.65,91.93,184.99,1762.71,3544.70,2.57,148.69,96.95,572.54,2.87,925.88,59.33,470.52
2026-01-17T15:50:00Z,53.15,2264.55,164.02,822.23,35.47,2443.32,157.57,101.60,53.86,2346.33,160.60,509.55,29.72,2460.13,157.54,14.86,204.19,27.82,92.59,183.07,1763.49,3546.48,2.69,149.53,96.11,572.78,3.15,931.68,58.68,477.22
2026-01-17T16:00:00Z,53.19,2249.47,164.10,821.40,36.17,2425.06,157.96,120.39,54.23,2353.90,160.56,506.90,29.35,2470.03,157.65,4.55,203.89,29.34,90.88,185.74,1760.95,3550.24,2.41,152.48,95.04,572.42,2.94,935.94,58.31,470.61
2026-01-17T16:10:00Z,52.83,2242.55,163.77,826.62,36.16,2423.87,158.62,116.96,55.06,2341.60,161.24,529.21,28.73,2481.94,157.98,0.00,200.48,30.46,90.65,181.50,1757.06,3556.74,2.33,150.51,98.06,573.52,3.00,922.95,58.22,481.05
2026-01-17T16:20:00Z,53.33,2240.98,164.27,839.10,36.28,2423.65,158.21,125.42,54.80,2335.25,160.94,526.78,28.97,2472.22,157.54,0.00,201.50,31.49,91.64,181.58,1770.10,3552.42,2.46,148.30,91.01,567.87,2.78,938.39,59.70,464.17
2026-01-17T16:30:00Z,53.25,2228.64,163.62,837.40,36.28,2418.15,158.12,141.41,55.43,2320.96,161.34,539.54,28.71,2489.99,157.93,0.00,203.45,31.97,91.51,183.60,1764.85,3561.17,2.26,150.52,96.74,563.47,3.10,936.43,59.64,456.93
2026-01-17T16:40:00Z,53.51,2236.27,164.72,827.63,36.38,2409.53,158.64,137.23,55.41,2312.60,161.79,550.16,28.21,2490.31,157.53,0.00,197.13,32.25,91.90,177.25,1756.44,3538.77,2.13,149.71,96.56,572.53,2.69,934.92,58.92,476.76
2026-01-17T16:50:00Z,53.92,2238.92,164.58,853.33,36.50,2408.97,159.48,139.98,55.49,2312.17,161.80,560.22,28.54,2491.50,157.50,0.00,207.05,30.28,92.56,188.32,1764.49,3567.79,2.30,150.42,96.80,568.96,2.88,932.45,58.59,477.35
2026-01-17T17:00:00Z,53.39,2234.39,165.17,853.21,36.50,2410.57,158.98,146.58,55.40,2310.44,161.85,560.74,28.46,2491.86,157.91,0.00,204.93,32.64,93.06,184.98,1757.79,3553.32,2.26,149.52,97.45,579.07,2.78,925.29,59.92,481.52
2026-01-17T17:10:00Z,53.50,2233.44,164.86,841.22,36.05,2412.92,158.22,150.58,56.00,2308.76,162.65,572.25,28.85,2478.55,157.02,0.00,206.99,32.45,91.86,185.12,1761.93,3546.51,2.49,148.66,97.63,571.96,3.13,929.04,59.67,482.24
2026-01-17T17:20:00Z,53.64,2235.46,164.09,833.08,36.60,2414.28,158.47,155.89,55.90,2308.21,162.52,585.46,28.69,2488.43,157.16,0.00,210.15,32.36,92.14,186.67,1761.31,3569.66,2.42,149.38,103.79,576.60,3.09,927.79,58.85,482.70
2026-01-17T17:30:00Z,53.43,2235.83,164.57,851.14,36.73,2414.52,158.74,156.32,55.94,2309.46,163.31,581.03,28.74,2475.33,157.56,3.15,209.32,34.55,93.08,187.92,1763.38,3544.60,2.53,148.77,99.87,572.65,2.96,930.53,59.67,485.98
2026-01-17T17:40:00Z,53.54,2244.50,164.00,827.53,36.43,2406.33,158.60,152.79,55.66,2303.23,162.69,567.58,28.56,2474.29,157.27,0.00,211.96,33.82,93.48,188.61,1767.65,3554.70,2.47,148.74,96.74,575.31,3.07,928.73,60.24,484.35
2026-01-17T17:50:00Z,53.55,2239.41,163.95,836.20,36.48,2413.62,159.00,161.92,55.67,2317.96,162.29,566.30,28.65,2480.08,156.93,0.00,211.18,34.03,94.07,191.60,1760.82,3556.97,2.80,151.39,103.52,580.41,2.57,927.95,59.35,484.66
2026-01-17T18:00:00Z,53.71,2238.44,163.92,832.70,36.57,2416.72,159.08,168.43,56.00,2297.85,162.50,575.81,28.82,2484.11,156.82,0.00,211.38,32.56,93.75,190.94,1766.91,3543.90,2.38,152.09,101.76,583.72,3.12,930.54,58.33,474.65
2026-01-17T18:10:00Z,53.65,2231.47,164.11,850.35,36.25,2416.63,159.68,149.28,55.80,2304.21,161.29,589.16,29.05,2475.19,157.31,3.71,205.91,31.87,93.66,188.83,1766.57,3550.90,2.60,150.20,98.09,571.93,3.07,933.66,58.14,471.23
2026-01-17T18:20:00Z,53.58,2224.10,164.10,851.65,36.22,2417.47,160.22,141.69,56.04,2296.50,161.77,,29.03,2473.64,157.60,0.00,206.79,33.33,93.01,187.94,1765.07,3563.01,2.60,149.83,98.66,581.77,3.29,930.78,58.47,483.17
2026-01-17T18:30:00Z,53.76,2230.75,163.79,853.26,36.17,2411.65,159.89,138.18,56.30,2288.93,161.95,585.75,28.73,2489.02,157.30,0.00,205.90,31.78,92.42,188.91,1767.01,3546.32,2.64,150.51,95.87,575.76,3.06,937.30,58.83,489.08
2026-01-17T18:40:00Z,53.57,2226.97,163.98,833.51,35.87,2414.95,158.99,127.49,56.36,2294.79,162.71,582.55,28.72,2479.36,157.98,0.00,201.73,33.03,92.75,182.21,1763.56,3565.75,2.63,149.19,97.20,565.59,3.08,930.20,58.26,470.39
2026-01-17T18:50:00Z,53.74,2223.19,163.64,848.50,36.04,2415.68,159.02,141.63,55.98,2298.53,162.13,572.15,28.36,2494.23,157.63,0.00,203.50,33.48,92.88,180.69,1757.55,3562.16,2.67,149.10,95.30,576.20,3.19,934.36,58.45,480.24
2026-01-17T19:00:00Z,53.50,2229.18,164.06,853.09,36.25,2417.51,158.48,125.70,55.79,2292.46,162.80,578.25,28.42,2489.27,157.36,0.00,203.63,33.31,92.45,185.52,1752.20,3538.44,2.63,149.65,97.27,563.12,2.90,924.51,59.47,467.57
2026-01-17T19:10:00Z,53.79,2233.55,164.15,842.40,36.23,2423.60,158.59,122.59,55.63,2305.40,162.25,583.18,28.45,2488.48,157.79,0.00,209.23,32.45,93.48,187.54,1769.78,3556.71,2.25,149.39,97.40,573.46,3.16,932.81,58.79,472.98
2026-01-17T19:20:00Z,53.89,2228.78,164.08,864.40,36.81,2407.64,158.92,149.40,55.53,2311.52,161.72,580.92,28.43,2488.64,157.54,0.00,206.96,31.65,92.74,186.36,1770.64,3545.81,2.56,149.54,97.99,572.24,3.00,933.60,59.15,472.65
2026-01-17T19:30:00Z,54.35,2234.06,164.02,863.34,37.00,2405.42,159.23,149.40,55.74,2306.40,162.49,582.11,28.16,2494.32,157.62,0.00,206.22,34.79,91.94,190.12,1763.58,3549.47,2.41,148.94,96.03,582.24,2.69,927.81,58.56,494.58
2026-01-17T19:40:00Z,54.28,2231.16,164.27,863.22,37.18,2400.64,158.88,154.37,55.98,2297.07,162.23,586.02,28.27,2483.67,157.70,0.00,212.81,33.72,92.63,191.59,1775.42,3543.14,2.54,149.40,101.43,575.02,3.38,937.87,58.32,485.14
2026-01-17T19:50:00Z,54.24,2214.74,163.99,856.21,37.12,2401.02,158.86,156.46,55.63,2304.03,161.79,560.24,28.29,2491.27,157.32,0.00,212.50,31.56,92.30,191.32,1772.06,3552.67,2.65,150.58,100.58,575.64,3.03,929.55,58.93,481.48
2026-01-17T20:00:00Z,54.22,2204.97,164.11,868.46,36.96,2398.86,159.36,158.59,55.53,2311.90,162.33,560.85,28.22,2492.24,157.60,0.00,208.65,32.17,92.72,187.64,1770.40,3549.55,2.68,151.41,97.47,576.72,2.90,939.41,59.67,481.01
2026-01-17T20:10:00Z,54.25,2215.98,164.50,876.67,37.10,2409.35,158.81,149.55,55.39,2318.77,162.52,553.48,28.16,2507.22,156.94,0.00,204.33,32.07,93.07,185.46,1769.37,3551.75,2.25,150.80,95.60,573.90,3.05,934.80,59.38,477.86
2026-01-17T20:20:00Z,53.92,2222.20,164.09,865.63,37.24,2395.71,158.87,165.81,55.41,2319.29,162.42,555.90,28.38,2496.21,157.21,0.00,207.41,32.80,93.33,189.35,1774.24,3542.54,2.66,152.26,98.56,576.04,2.91,936.30,59.07,482.19
2026-01-17T20:30:00Z,53.89,2223.12,164.11,860.29,37.56,2384.72,158.27,163.34,55.25,2321.23,162.26,553.01,28.15,2500.42,157.44,0.00,207.97,33.95,91.28,188.19,1763.79,3543.97,2.50,149.63,96.79,571.67,3.01,932.56,59.60,473.28
2026-01-17T20:40:00Z,53.73,2226.01,164.04,865.18,36.90,2386.11,158.36,174.89,55.69,2316.58,161.96,537.36,28.12,2499.76,157.80,0.00,202.87,33.08,92.85,182.14,1762.95,3554.58,2.34,150.50,94.26,576.78,2.70,926.63,58.47,485.38
2026-01-17T20:50:00Z,53.67,2233.51,164.61,847.19,36.87,2394.91,158.05,169.58,55.73,2308.93,162.23,557.87,28.13,2493.89,157.32,0.00,211.80,33.13,92.50,190.47,1774.13,3552.84,2.82,150.56,101.42,574.66,2.98,944.06,59.13,476.78
2026-01-17T21:00:00Z,53.62,2239.42,163.53,846.40,36.55,2403.28,158.36,152.66,55.89,2306.19,161.57,567.14,28.30,2498.64,157.76,0.00,211.64,31.23,93.61,188.28,1767.06,3545.37,2.35,149.78,99.05,571.68,3.29,931.33,59.06,478.88
2026-01-17T21:10:00Z,53.65,2240.70,163.12,850.68,36.96,2408.46,158.74,140.83,55.37,2320.79,160.98,563.87,27.89,2514.06,157.58,0.00,210.96,32.01,92.71,192.05,1776.84,3550.36,2.37,149.84,100.73,577.47,2.62,934.28,58.26,477.68
2026-01-17T21:20:00Z,53.94,2231.63,162.83,849.30,36.75,2400.82,159.00,149.55,55.33,2324.30,161.76,556.70,28.32,2498.46,157.64,0.00,206.63,31.95,91.93,184.80,1764.30,3559.11,2.34,148.59,94.41,568.04,2.93,930.69,58.59,472.73
2026-01-17T21:30:00Z,53.75,2231.66,163.23,860.18,37.07,2401.09,159.55,169.45,55.09,2323.78,161.61,551.07,27.98,2489.05,157.35,0.00,204.51,31.01,91.94,186.29,1760.49,3570.62,2.31,149.25,99.81,578.36,2.82,926.51,58.64,477.33
2026-01-17T21:40:00Z,53.45,2238.54,163.52,862.18,37.07,2397.29,159.34,167.24,55.15,2321.86,162.21,542.23,27.77,2504.16,157.83,0.00,208.69,31.31,92.51,185.15,1769.95,3553.02,2.64,150.79,98.29,573.50,3.00,938.84,59.84,485.24
2026-01-17T21:50:00Z,53.41,2228.15,163.34,849.28,37.42,2394.50,159.47,171.37,55.21,2322.73,161.20,542.69,28.00,2493.42,157.82,0.00,211.61,33.44,93.03,188.12,1765.30,3555.43,2.58,151.16,101.90,572.50,3.25,934.12,59.97,472.36
2026-01-17T22:00:00Z,52.95,2242.94,163.43,835.90,37.39,2395.18,159.56,179.56,55.33,2314.94,161.03,542.22,27.61,2498.63,157.86,0.00,209.73,34.22,92.68,186.71,1774.69,3561.13,2.58,150.04,99.31,573.53,2.62,942.98,59.39,479.13
2026-01-17T22:10:00Z,52.85,2266.90,163.60,824.07,37.01,2403.57,159.09,178.17,55.56,2315.08,161.24,534.27,27.36,2505.51,158.22,0.00,205.55,35.07,93.54,186.51,1769.84,3557.01,2.60,148.65,98.50,577.93,3.27,930.63,60.47,474.90
2026-01-17T22:20:00Z,52.94,2267.60,163.52,827.61,36.94,2409.39,159.36,161.22,55.51,2311.88,162.03,554.27,27.08,2511.07,157.56,0.00,205.68,35.05,93.40,184.58,1766.20,3545.51,2.46,149.63,95.98,567.61,2.77,933.34,58.60,466.14
2026-01-17T22:30:00Z,52.91,2248.28,164.00,835.80,37.01,2410.89,159.13,152.29,55.98,2298.20,161.91,557.65,27.56,2518.24,157.06,0.00,206.97,35.55,92.72,187.86,1759.72,3547.85,2.67,150.22,100.46,576.26,2.88,936.95,58.76,500.56
2026-01-17T22:40:00Z,53.00,2236.68,164.00,836.88,36.78,2414.67,159.44,155.74,55.86,2304.76,161.62,572.90,27.63,2504.42,157.27,0.00,207.23,34.02,93.09,186.37,1763.53,3533.15,2.68,148.52,98.14,569.04,2.68,934.86,60.26,470.73
2026-01-17T22:50:00Z,53.06,2246.70,163.73,825.15,36.43,2407.97,158.65,147.54,55.94,2302.66,161.66,593.78,28.01,2500.14,157.25,0.00,207.59,32.56,92.08,185.28,1763.99,3546.37,2.50,149.36,99.45,582.16,3.08,924.28,60.09,481.63
2026-01-17T23:00:00Z,53.28,2246.58,163.10,833.42,36.55,2411.46,158.61,133.99,55.89,2299.00,161.55,576.78,27.89,2493.09,157.44,0.00,205.46,33.87,92.18,183.99,1762.26,3550.05,2.36,149.25,99.01,567.39,2.96,926.17,58.12,470.08
2026-01-17T23:10:00Z,53.62,2237.55,163.62,844.25,36.30,2414.75,158.66,132.31,55.63,2303.55,162.08,586.53,28.33,2498.21,158.27,0.00,210.00,32.03,92.64,193.45,1767.87,3543.61,2.47,149.37,100.30,575.55,2.99,934.61,58.35,481.84
2026-01-17T23:20:00Z,52.88,2247.75,163.40,826.29,35.84,2429.84,158.85,136.38,55.36,2313.93,161.81,566.93,27.99,2490.68,157.52,0.00,204.07,32.79,91.94,185.74,1760.85,3543.87,2.65,151.05,96.14,565.55,2.80,927.31,58.88,467.35
2026-01-17T23:30:00Z,52.58,2258.09,163.09,809.77,35.90,2427.49,158.87,132.10,55.59,2310.03,161.91,563.59,28.27,2481.51,157.70,0.00,204.98,31.25,91.24,185.84,1765.39,3558.34,2.30,147.86,98.42,573.24,3.20,934.72,57.72,483.36
2026-01-17T23:40:00Z,52.71,2254.90,163.06,814.12,35.71,2421.91,157.97,116.77,55.71,2301.60,162.05,565.32,28.45,2486.48,157.31,0.00,204.01,30.68,91.78,185.18,1764.90,3551.24,2.46,150.13,96.12,571.91,3.18,924.87,57.65,468.99
2026-01-17T23:50:00Z,52.33,2264.82,163.31,795.93,35.55,2439.08,157.31,117.85,55.77,2306.37,161.85,550.13,28.07,2489.55,157.08,0.00,200.22,32.79,92.56,183.70,1763.93,3564.11,2.46,150.77,97.15,570.30,3.03,934.34,57.73,473.40
2026-01-18T00:00:00Z,52.54,2265.66,162.46,802.17,35.98,2426.48,157.66,124.49,56.02,2301.68,161.95,552.07,27.90,2492.05,157.39,0.00,202.53,33.95,93.06,181.12,1754.98,3552.72,2.37,148.70,97.60,574.11,3.19,929.98,59.40,470.32
2026-01-18T00:10:00Z,52.74,2259.98,163.14,816.84,35.73,2432.52,158.37,128.68,55.72,2314.22,161.78,554.92,28.02,2489.39,157.67,0.00,203.60,31.29,93.10,181.22,1754.74,3558.56,2.59,149.93,97.44,574.27,2.59,925.32,58.74,489.44
2026-01-18T00:20:00Z,52.80,2252.61,163.29,813.51,35.79,2427.40,158.08,115.76,55.72,2318.39,161.48,548.95,28.02,2491.92,157.47,0.00,203.20,32.65,92.49,179.77,1758.30,3546.76,2.39,149.67,96.85,570.45,3.04,925.75,57.93,477.80
2026-01-18T00:30:00Z,52.48,2267.25,163.43,816.41,35.79,2423.92,158.04,111.51,55.57,2315.40,160.84,547.25,28.04,2489.38,156.91,0.00,202.58,31.04,92.44,179.91,1763.55,3549.34,2.47,149.95,97.31,566.47,2.80,934.17,58.94,468.70
2026-01-18T00:40:00Z,52.29,2255.47,163.78,804.45,35.85,2418.07,158.42,118.45,55.32,2321.53,161.22,538.66,28.08,2495.05,156.08,0.00,201.12,31.18,91.47,180.65,1762.61,3555.83,2.56,148.40,96.57,576.73,2.95,928.89,58.69,483.35
2026-01-18T00:50:00Z,52.12,2267.11,163.35,812.46,35.51,2438.14,157.82,113.17,55.04,2324.84,161.90,536.84,28.30,2483.11,156.64,0.00,200.83,32.82,91.15,178.92,1756.62,3560.04,2.40,150.53,94.56,568.91,2.94,929.29,57.26,474.58
2026-01-18T01:00:00Z,52.16,2270.56,163.33,810.06,35.25,2439.32,157.56,119.36,55.44,2327.18,161.18,548.75,28.34,2487.04,156.76,0.00,200.91,29.55,91.50,182.80,1768.79,,2.33,149.31,94.13,566.66,2.77,933.52,58.95,472.32
2026-01-18T01:10:00Z,51.73,2276.37,162.29,791.97,35.66,2435.55,158.81,125.14,55.44,2319.82,162.29,557.60,28.23,2486.24,156.86,0.00,205.86,30.71,90.87,187.48,1773.69,3545.74,2.50,151.32,97.16,569.26,2.87,934.58,58.45,467.77
2026-01-18T01:20:00Z,52.09,2274.82,162.12,785.06,35.75,2431.66,158.46,127.07,54.96,2330.29,161.24,536.62,28.79,2490.97,157.15,,207.92,30.62,91.27,189.21,1754.02,3551.39,2.54,148.89,97.21,570.21,3.11,929.67,60.73,475.87
2026-01-18T01:30:00Z,52.10,2263.67,161.52,776.27,35.33,2433.65,158.30,126.03,54.59,2333.63,161.36,531.52,29.40,2470.67,157.51,4.48,198.07,30.06,91.99,177.05,1763.06,3541.52,2.32,150.24,96.07,562.80,3.10,934.57,59.86,469.38
2026-01-18T01:40:00Z,52.70,2252.11,162.06,810.14,35.56,2433.53,158.03,119.60,54.02,2342.80,161.17,525.82,29.64,2461.57,157.16,12.69,197.94,29.88,91.09,174.74,1748.25,3561.99,2.54,150.66,92.19,560.81,2.65,923.65,59.05,459.86
2026-01-18T01:50:00Z,52.80,2251.71,162.88,827.64,35.43,2444.84,158.06,115.12,54.23,2345.47,161.53,534.79,29.73,2459.21,157.50,10.40,199.04,28.34,91.87,177.93,1758.51,3547.24,2.47,149.65,97.54,571.99,2.60,937.07,59.61,486.23
2026-01-18T02:00:00Z,52.48,2250.38,163.17,819.81,34.75,2453.37,158.52,107.10,53.97,2361.74,160.78,510.37,29.75,2455.85,157.74,11.07,198.67,28.92,92.25,175.99,1747.66,3554.60,2.67,150.09,95.77,570.54,2.89,920.30,58.61,481.20
2026-01-18T02:10:00Z,52.19,2265.58,163.39,828.86,34.57,2469.78,158.01,97.32,54.00,2348.76,160.71,511.86,29.58,2462.43,157.63,31.62,197.97,31.53,92.93,182.08,1760.96,3563.57,2.22,151.15,94.45,564.29,3.17,928.04,57.66,476.09
2026-01-18T02:20:00Z,52.29,2265.09,163.37,812.41,34.59,2461.15,157.84,89.15,54.18,2349.76,160.32,500.53,29.22,2470.71,158.13,11.51,200.53,29.43,92.53,181.90,1763.52,3554.88,2.55,149.46,93.71,573.70,3.04,930.75,58.34,478.73
2026-01-18T02:30:00Z,52.24,2261.13,164.06,803.85,34.16,2466.76,157.77,86.45,54.05,2340.60,160.80,506.06,29.29,2471.46,157.93,5.11,200.06,27.16,92.76,181.93,1755.31,3542.56,2.50,150.15,93.99,569.67,3.08,932.51,59.32,474.73
2026-01-18T02:40:00Z,52.46,2268.31,164.03,817.90,33.72,2468.50,157.26,71.05,53.80,2341.02,160.72,493.09,29.46,2463.96,157.51,26.29,195.50,29.39,91.84,176.84,1756.79,3558.21,2.43,149.79,93.37,574.31,2.69,932.55,,477.67
2026-01-18T02:50:00Z,52.35,2274.16,164.05,802.58,33.92,2466.70,157.24,68.38,53.94,2343.61,160.83,492.41,29.27,2461.90,157.82,0.00,201.94,28.35,92.78,183.38,1757.70,3541.16,2.55,149.00,97.29,573.66,3.11,933.41,58.95,488.45
2026-01-18T03:00:00Z,52.55,2264.63,164.09,800.26,33.71,2481.45,157.05,64.56,54.41,2346.57,160.85,507.00,29.36,2459.41,157.80,2.09,191.56,28.15,92.62,174.22,1751.92,3546.02,2.52,148.25,90.93,568.30,3.32,919.53,58.81,475.86
2026-01-18T03:10:00Z,52.63,2262.61,163.44,815.53,33.88,2483.51,157.43,49.16,54.38,2340.69,161.34,517.06,29.18,2470.06,157.79,0.00,197.03,28.63,91.20,176.92,1753.01,3557.31,2.58,148.40,94.99,572.16,3.34,926.76,59.58,473.74
2026-01-18T03:20:00Z,52.85,2255.28,162.75,815.30,34.51,2469.43,157.56,44.76,54.35,2341.61,161.33,522.94,29.12,2474.41,157.66,4.35,195.00,29.61,91.95,176.75,1753.91,3546.90,2.45,148.65,91.16,564.28,2.88,926.28,59.72,473.61
2026-01-18T03:30:00Z,52.26,2262.10,162.88,805.88,34.41,2470.69,157.58,62.16,54.83,2341.77,161.06,520.84,29.32,2465.56,157.83,3.66,200.08,31.29,92.08,178.31,1765.22,3565.99,2.52,150.68,93.84,567.74,3.01,933.64,60.20,475.40
2026-01-18T03:40:00Z,52.58,2262.92,163.68,805.31,34.31,2469.66,157.67,69.84,54.73,2334.80,161.01,546.27,29.76,2458.25,157.25,6.22,195.97,30.35,92.48,177.50,1752.52,3541.62,2.25,149.48,95.39,574.31,2.93,921.50,59.81,483.68
2026-01-18T03:50:00Z,52.69,2265.89,163.84,802.22,34.70,2457.30,157.46,77.58,54.65,2336.65,161.73,545.13,29.80,2458.90,157.02,16.66,200.96,30.90,92.36,180.72,1761.96,3554.20,2.64,149.96,95.03,562.30,2.92,926.89,59.15,465.97
2026-01-18T04:00:00Z,52.41,2262.82,164.11,806.05,34.92,2459.20,157.24,73.27,54.61,2336.68,161.84,540.81,29.61,2462.22,156.94,12.61,197.84,29.39,93.09,175.51,1754.99,3550.85,2.30,149.47,96.48,569.44,3.21,929.48,59.93,488.14
2026-01-18T04:10:00Z,52.90,2256.89,162.81,809.12,34.77,2458.96,157.30,74.05,54.64,2329.73,161.93,531.38,29.51,2465.80,157.56,13.64,198.03,31.31,92.61,178.81,1764.44,3549.09,2.38,152.28,93.80,566.30,3.02,929.10,59.88,468.32
2026-01-18T04:20:00Z,53.22,2249.33,162.87,827.66,34.34,2466.80,156.61,77.86,55.01,2315.08,161.53,542.09,29.44,2463.46,157.69,23.38,200.47,29.16,92.70,178.20,1767.81,3552.78,2.62,149.91,93.88,568.00,3.22,933.27,59.73,476.01
2026-01-18T04:30:00Z,53.94,2226.57,163.04,841.11,34.93,2455.33,157.46,80.83,54.58,2315.19,161.75,542.39,29.36,2466.26,157.78,26.92,196.67,30.38,92.90,174.79,1747.75,3548.46,2.74,149.07,94.42,568.91,2.99,924.78,58.65,466.56
2026-01-18T04:40:00Z,53.93,2221.06,163.25,862.87,35.01,2453.77,157.78,100.58,54.08,2334.04,161.50,536.55,29.23,2456.39,157.87,15.38,201.17,29.15,92.34,183.90,1758.94,3553.18,2.48,148.70,96.03,569.32,3.33,923.58,57.81,479.04
2026-01-18T04:50:00Z,54.29,2206.72,163.89,877.89,35.01,2432.44,157.71,95.82,54.16,2343.32,161.56,527.22,29.06,2466.83,157.38,7.18,201.82,30.11,92.61,181.88,1765.30,3551.37,2.23,151.11,96.66,567.74,2.94,925.55,59.08,468.31
2026-01-18T05:00:00Z,53.96,2218.51,164.46,872.17,34.96,2450.15,157.49,92.40,54.57,2333.60,161.65,527.52,29.42,2448.10,157.42,15.29,200.83,30.40,92.10,178.40,1763.85,3546.40,2.28,148.97,96.76,571.21,2.85,934.42,58.37,474.94
2026-01-18T05:10:00Z,54.20,2213.62,164.36,885.30,34.37,2452.42,157.60,105.55,55.03,2328.21,160.74,527.92,29.61,2458.51,158.24,16.26,201.08,30.09,92.17,181.91,1770.46,3556.31,2.50,148.03,95.12,576.83,2.88,937.38,58.19,492.18
2026-01-18T05:20:00Z,54.35,2211.29,164.16,879.10,34.36,2459.74,157.26,86.30,54.89,2324.04,160.85,534.23,29.91,2449.13,157.89,16.78,202.50,29.38,92.22,185.34,1756.70,3557.70,2.60,148.11,95.48,575.80,3.23,930.66,58.48,477.29
2026-01-18T05:30:00Z,54.22,2220.62,164.08,871.59,34.57,2457.98,157.27,89.37,54.81,2325.85,160.99,529.48,29.68,2451.31,157.88,21.95,202.54,29.25,92.08,179.02,1752.87,3544.61,2.38,149.79,97.53,575.04,2.99,926.82,59.55,475.72
2026-01-18T05:40:00Z,54.44,2221.96,,877.93,34.46,2459.44,157.66,79.57,54.80,2326.83,161.55,530.52,30.23,2444.98,157.91,29.63,199.95,28.24,92.64,183.02,1759.42,3549.40,2.50,149.76,95.71,564.21,3.01,931.83,59.72,467.40
2026-01-18T05:50:00Z,53.84,2216.32,164.53,870.80,34.68,2467.70,157.71,75.99,54.40,2341.02,161.83,522.22,30.16,2442.33,157.43,19.83,200.11,26.75,92.85,177.48,1758.23,3555.32,2.55,149.88,96.05,574.44,3.05,937.02,58.70,485.46
2026-01-18T06:00:00Z,53.85,2216.99,163.36,867.51,34.86,2457.33,156.92,69.50,53.81,2348.42,161.42,493.68,29.85,2455.57,157.37,23.39,196.84,29.95,91.93,176.29,1762.92,3553.65,2.61,150.81,95.26,569.88,3.06,921.91,58.41,468.72
2026-01-18T06:10:00Z,54.03,2222.63,163.89,873.14,34.74,2443.46,157.17,79.36,54.03,2342.13,161.53,506.64,29.45,2470.08,157.70,19.73,195.26,29.76,92.43,175.75,1752.10,3555.23,2.59,150.25,93.17,569.24,2.86,926.35,59.20,472.10
2026-01-18T06:20:00Z,53.70,2235.06,164.69,861.60,34.61,2446.14,157.16,88.17,53.89,2353.48,161.68,522.13,29.28,2478.93,158.26,7.59,198.92,29.21,93.17,178.84,1763.79,3541.16,2.56,149.67,96.76,560.65,3.16,935.36,58.96,465.79
2026-01-18T06:30:00Z,53.77,2234.24,164.51,861.04,34.88,2448.33,157.28,106.85,53.85,2349.05,161.27,513.43,29.13,2470.49,157.15,0.00,201.90,30.03,92.17,181.24,1762.51,3551.74,2.67,150.99,96.23,572.34,2.90,921.89,59.81,483.48
2026-01-18T06:40:00Z,53.80,2223.89,163.92,875.40,34.84,2455.46,158.25,109.98,54.25,2339.97,161.04,516.27,28.52,2478.99,157.22,4.04,206.52,32.72,92.18,185.93,1760.06,3549.37,2.79,148.03,99.95,579.76,2.73,928.12,59.91,480.95
2026-01-18T06:50:00Z,53.78,2220.92,164.11,875.59,34.73,2463.07,157.77,88.06,54.49,2346.35,160.48,512.07,28.77,2482.64,156.67,0.00,199.62,32.57,91.64,180.94,1757.88,3546.45,2.31,150.14,94.65,564.80,3.34,936.74,58.39,471.66
2026-01-18T07:00:00Z,53.80,2220.54,164.03,868.36,34.46,2469.55,157.60,72.82,54.09,2354.98,160.54,516.36,28.54,2493.67,157.49,0.00,199.58,32.07,92.24,179.97,1761.88,3549.62,2.60,149.56,95.75,578.67,3.13,936.29,58.92,476.25
2026-01-18T07:10:00Z,53.54,2221.22,164.25,868.67,33.91,2478.42,157.69,60.93,54.41,2358.43,160.63,515.42,28.70,2485.35,158.71,0.00,204.43,30.48,91.52,183.48,1764.80,3563.04,2.51,149.80,97.16,574.86,3.36,929.22,58.00,483.42
2026-01-18T07:20:00Z,53.55,2238.97,164.29,853.09,33.71,2475.54,157.85,64.13,54.37,2344.72,160.88,532.47,29.10,2477.98,158.18,0.00,205.57,31.49,92.13,187.01,1761.76,3542.42,2.38,150.42,96.04,574.44,3.08,931.68,60.06,473.91
2026-01-18T07:30:00Z,53.50,2237.72,164.33,851.79,34.37,2475.06,157.57,70.53,54.57,2339.88,161.42,518.09,29.31,2476.46,157.57,0.00,205.30,31.42,92.37,182.13,1754.77,3539.62,2.42,149.29,97.95,573.55,2.90,927.93,59.39,475.99
2026-01-18T07:40:00Z,53.62,2228.35,164.08,863.20,34.62,2467.97,157.61,82.61,54.70,2343.56,161.09,522.74,29.18,2475.66,157.08,0.00,203.97,30.84,92.03,182.77,1755.05,3557.09,2.59,150.31,99.03,574.67,3.01,929.17,58.42,488.87
2026-01-18T07:50:00Z,53.88,2244.17,163.97,858.51,34.40,2463.04,157.30,73.03,54.56,2342.94,160.95,519.76,29.46,2465.17,157.20,11.96,204.96,29.81,91.99,185.49,1761.30,3548.62,2.56,151.71,97.26,578.46,2.93,926.50,57.01,475.96
2026-01-18T08:00:00Z,54.05,2233.48,163.45,856.18,34.59,2460.41,156.88,71.50,54.65,2331.36,160.40,524.44,28.92,2474.21,156.52,0.90,201.92,30.99,91.83,182.55,1751.81,3537.00,2.20,149.35,96.64,571.78,3.18,918.96,58.13,470.83
2026-01-18T08:10:00Z,53.66,2232.70,163.24,860.06,34.31,2462.92,157.09,85.53,54.62,2334.90,160.63,524.27,29.01,2478.19,156.62,0.74,201.35,29.83,91.35,182.05,1757.09,3543.14,2.42,149.22,96.30,573.79,2.99,928.91,59.29,481.37
2026-01-18T08:20:00Z,53.57,2237.42,163.37,865.64,34.63,2452.22,157.34,92.86,54.52,2327.61,160.96,530.04,28.90,2470.59,157.00,0.00,196.48,30.51,91.32,176.94,1756.45,3546.31,2.49,148.18,91.58,564.20,3.24,928.47,58.97,470.68
2026-01-18T08:30:00Z,53.72,2232.10,163.51,849.25,34.94,2457.57,158.44,93.81,54.54,2334.24,161.19,524.75,28.59,2479.75,157.29,0.00,201.06,31.81,91.96,180.97,1758.61,3549.56,2.39,149.72,95.25,573.53,3.11,924.29,58.18,473.49
2026-01-18T08:40:00Z,53.82,2232.87,164.23,864.40,34.53,2463.49,157.50,77.06,54.09,2342.09,161.85,517.37,28.90,2478.48,157.27,0.00,198.88,30.44,92.26,180.56,1752.93,3545.83,2.67,149.87,94.99,575.74,3.35,925.77,59.25,474.32
2026-01-18T08:50:00Z,53.52,2232.33,164.33,864.48,34.72,2461.05,157.43,84.28,54.55,2345.99,161.05,512.62,29.13,2475.37,157.76,5.42,202.49,30.75,92.48,181.79,1748.51,3551.34,2.47,148.96,96.28,575.38,3.08,930.88,58.54,486.35
2026-01-18T09:00:00Z,53.42,2234.71,164.03,848.37,34.77,2454.46,157.39,80.24,54.07,2346.15,161.15,504.14,29.06,2480.20,157.17,0.00,200.39,31.50,92.34,183.09,1759.73,3540.17,2.48,149.06,91.63,570.73,3.45,927.24,59.19,479.54
2026-01-18T09:10:00Z,53.63,2239.69,164.48,861.08,34.77,2454.18,157.94,91.28,54.39,2329.09,161.66,524.64,29.15,2473.06,158.19,0.00,203.00,30.90,93.52,183.69,1761.16,3550.49,2.35,150.91,97.17,569.92,3.18,923.40,59.73,481.09
2026-01-18T09:20:00Z,53.56,2231.13,163.56,843.54,34.96,2457.36,158.75,87.40,55.05,2326.71,161.91,539.62,29.25,2473.17,157.97,8.37,201.98,31.08,91.84,181.57,1772.07,3566.27,2.31,150.35,94.75,570.25,2.73,939.43,59.08,460.73
2026-01-18T09:30:00Z,53.62,2238.48,163.60,847.44,35.05,2458.07,158.81,103.08,55.01,2324.55,161.81,539.52,29.61,2460.14,157.33,9.45,203.75,30.68,92.27,183.81,1754.53,3551.04,2.21,148.35,96.37,579.03,3.35,931.54,58.28,487.82
2026-01-18T09:40:00Z,53.28,2233.03,164.22,850.20,34.75,2447.01,157.59,95.67,55.29,2319.48,161.65,539.36,29.27,2457.19,158.02,6.28,207.67,28.98,92.37,186.25,1772.50,3544.41,2.57,150.59,98.09,569.53,3.36,936.20,59.87,481.46
2026-01-18T09:50:00Z,53.13,2243.73,164.65,855.66,34.98,2456.93,157.95,94.64,55.02,2320.01,161.90,544.01,28.76,2471.70,157.35,0.00,194.69,28.34,93.09,170.79,1756.99,3528.43,2.31,149.53,92.32,565.92,3.44,926.41,58.88,481.22
2026-01-18T10:00:00Z,52.64,2266.51,164.47,825.54,35.08,2454.72,158.79,104.77,55.02,2325.92,161.61,540.44,28.50,2483.96,157.44,12.54,198.89,30.57,92.77,180.60,1762.41,3551.73,2.57,149.32,91.27,562.34,2.73,931.42,59.52,467.43
2026-01-18T10:10:00Z,52.42,2277.27,162.82,796.89,35.35,2449.09,158.12,101.83,55.04,2319.96,161.80,538.78,28.18,2490.54,157.70,0.00,199.11,29.80,92.59,178.58,1759.06,3549.95,2.49,149.97,94.24,569.34,3.06,930.52,59.44,464.41
2026-01-18T10:20:00Z,52.19,2269.07,162.77,798.69,35.30,2458.94,158.50,84.37,54.99,2323.63,161.18,545.10,28.34,2487.90,158.16,0.00,194.75,31.24,92.75,173.26,1758.20,3549.98,2.83,152.16,91.56,569.92,3.15,933.05,58.68,484.26
2026-01-18T10:30:00Z,52.16,2274.49,163.37,795.64,34.49,2460.12,157.65,71.06,55.05,2333.21,161.08,555.88,28.32,2496.34,158.07,0.00,201.70,29.14,92.19,182.44,1756.68,3547.45,2.78,150.89,96.68,574.57,3.32,933.65,59.38,480.14
2026-01-18T10:40:00Z,51.92,2281.77,163.00,812.81,34.82,2455.95,158.06,91.25,54.31,2344.17,161.33,544.78,28.39,2497.73,157.72,0.00,197.27,27.57,92.15,176.71,1762.65,3559.34,2.56,149.52,92.92,572.06,2.65,936.35,58.74,477.02
2026-01-18T10:50:00Z,51.80,2268.74,163.28,826.72,34.57,2454.12,158.55,81.21,54.36,2349.13,161.45,537.19,28.52,2483.77,157.94,0.00,200.68,26.96,92.02,181.52,1762.07,3534.24,2.37,148.99,96.20,570.38,2.98,935.31,58.22,472.32
2026-01-18T11:00:00Z,51.77,2265.34,163.20,804.17,34.49,2462.08,158.04,82.50,54.58,2330.72,161.14,540.14,28.50,2494.09,157.18,,204.78,27.14,91.17,187.42,1758.73,3552.19,2.39,152.36,98.87,565.68,3.30,930.99,59.21,468.29
2026-01-18T11:10:00Z,51.98,2255.57,162.89,807.86,34.32,2462.02,157.26,69.99,54.62,2323.58,161.30,539.27,28.87,2484.88,157.20,0.00,199.13,27.32,91.29,177.52,1754.13,3544.93,2.65,150.11,92.03,562.02,3.09,923.57,59.90,468.47
2026-01-18T11:20:00Z,52.53,2256.22,162.94,809.66,33.90,2469.41,157.02,64.73,54.58,2340.53,160.57,527.87,29.05,2487.86,157.58,0.00,199.13,28.15,91.26,180.57,1755.49,3543.50,2.46,149.44,96.32,570.01,2.68,928.34,59.34,476.76
2026-01-18T11:30:00Z,52.17,2267.82,162.48,791.67,33.62,2487.32,156.85,61.59,54.13,2339.89,161.19,514.25,29.46,2480.82,157.32,0.00,198.12,28.19,90.84,177.98,1750.27,3543.73,2.52,148.30,94.28,560.87,3.17,925.95,59.26,466.98
2026-01-18T11:40:00Z,52.18,2269.24,162.75,806.55,33.42,2481.55,156.93,47.89,54.30,2341.80,160.67,513.70,29.11,2474.04,156.92,8.68,197.32,28.50,92.44,179.07,1752.15,3551.94,2.39,148.28,92.11,569.98,2.99,918.74,58.51,476.32
2026-01-18T11:50:00Z,52.34,2262.61,162.69,806.28,33.59,2495.39,157.21,67.95,54.26,2338.45,160.39,518.19,28.88,2473.23,156.90,0.00,202.63,27.65,92.54,184.64,1770.90,3539.65,2.76,150.36,93.81,561.77,2.64,934.36,57.75,466.87
2026-01-18T12:00:00Z,52.27,2264.79,163.60,804.39,33.57,2478.77,157.04,68.00,54.42,2340.98,160.47,526.60,28.83,2480.66,157.20,0.00,197.07,29.88,92.14,177.54,1747.18,3539.95,2.58,150.38,94.56,568.20,3.00,915.61,57.76,476.98
2026-01-18T12:10:00Z,52.38,2263.96,163.75,802.89,33.69,2473.49,157.26,56.92,54.30,2333.44,160.70,526.62,28.61,2479.26,157.37,0.00,200.44,29.47,92.53,178.38,1757.22,3540.17,2.64,150.67,95.01,566.61,3.20,929.42,57.60,483.72
2026-01-18T12:20:00Z,52.51,2261.54,163.59,811.14,33.94,2480.23,158.04,67.49,54.44,2336.05,161.26,530.43,28.74,2481.89,156.77,0.00,193.50,28.70,93.08,174.60,1750.17,3541.14,2.85,148.75,89.47,562.52,2.73,926.00,58.83,470.79
2026-01-18T12:30:00Z,52.51,2262.71,163.43,802.78,33.80,2482.99,157.60,61.68,54.57,2341.19,161.71,518.52,28.77,2481.77,157.56,0.00,194.46,30.36,93.27,176.58,1758.99,3559.18,2.58,150.34,89.68,563.54,3.08,933.71,59.27,472.83
2026-01-18T12:40:00Z,52.21,2266.36,162.78,796.83,33.64,2471.71,157.04,56.52,54.61,2353.18,160.94,510.56,29.13,2472.32,158.11,0.00,190.46,30.60,91.94,170.81,1752.88,3556.14,2.87,150.78,87.92,557.25,2.75,935.49,59.78,459.33
2026-01-18T12:50:00Z,52.16,2265.65,163.36,815.02,33.66,2487.36,158.15,46.92,54.28,2338.59,160.91,525.24,29.17,2458.90,158.05,9.09,191.31,29.30,92.05,170.58,1749.68,3552.24,2.57,149.83,90.11,559.04,2.89,929.90,59.51,459.85
2026-01-18T13:00:00Z,52.30,2264.48,163.58,814.95,33.41,2494.28,157.43,50.87,54.00,2347.66,160.68,506.10,28.72,2472.77,157.73,0.00,192.13,28.53,92.85,178.92,1761.16,3551.90,2.24,147.69,93.00,573.66,2.93,932.42,59.18,490.06
2026-01-18T13:10:00Z,52.31,2268.98,162.29,803.84,33.33,2491.45,156.92,48.10,54.31,2344.30,160.39,503.54,28.94,2476.34,157.32,0.00,192.43,28.33,92.21,173.50,1754.18,3532.89,2.63,148.05,92.82,566.35,3.11,923.28,59.63,466.71
2026-01-18T13:20:00Z,52.35,2272.10,162.65,790.27,33.64,2486.65,156.94,26.92,54.27,2340.92,161.19,508.38,28.76,2470.65,157.21,4.52,193.84,27.22,91.88,171.83,1743.45,3549.90,2.23,149.04,93.27,568.88,3.18,919.58,60.38,482.59
2026-01-18T13:30:00Z,52.32,2265.61,162.67,791.07,33.30,2489.18,156.69,32.54,53.94,,160.63,517.55,28.81,2471.52,156.81,0.00,197.08,27.36,92.14,175.84,1759.73,3555.70,2.47,149.92,91.57,568.96,3.00,925.54,61.06,485.31
2026-01-18T13:40:00Z,52.05,2271.61,163.00,799.20,33.54,2494.84,156.37,13.48,54.22,2330.60,161.26,531.17,28.63,2481.29,157.65,0.00,196.50,27.59,92.20,177.70,1753.98,3557.10,2.59,150.56,93.80,570.27,2.94,927.35,59.91,480.41
2026-01-18T13:50:00Z,52.17,2260.33,162.18,796.28,33.53,2486.82,155.79,36.29,53.99,2348.98,161.09,516.47,28.59,2477.13,157.10,0.00,192.76,28.91,91.36,172.12,1758.96,3542.33,2.36,149.20,90.89,569.34,2.50,926.46,59.20,480.65
2026-01-18T14:00:00Z,52.49,2265.78,162.28,791.84,33.63,2496.37,156.52,36.05,53.93,2354.08,160.58,519.18,28.71,2484.52,157.13,0.00,193.79,28.02,91.33,172.59,1744.71,3547.30,2.50,148.58,93.64,576.99,3.00,925.57,59.07,486.72
2026-01-18T14:10:00Z,52.07,2277.02,162.40,779.62,33.52,2488.19,157.11,34.32,53.63,2362.23,161.09,497.06,28.90,2479.42,157.38,0.00,189.42,27.69,90.86,167.95,1754.31,3549.38,2.59,148.71,88.15,557.58,2.98,927.23,57.00,471.21
2026-01-18T14:20:00Z,52.13,2276.50,162.63,792.43,33.36,2495.19,157.04,30.24,53.78,2358.68,160.20,498.54,28.59,2484.05,157.37,0.00,194.53,26.82,91.15,174.16,1753.23,3555.21,2.58,150.15,91.73,564.98,3.03,925.98,58.45,470.30
2026-01-18T14:30:00Z,52.30,2270.80,162.97,793.71,33.57,2488.19,156.91,34.33,53.28,2360.61,160.74,495.64,28.14,2491.66,157.42,0.00,198.73,27.73,91.73,179.23,1750.39,3537.24,2.41,147.55,96.27,574.21,3.55,924.50,56.90,483.26
2026-01-18T14:40:00Z,52.56,2259.31,163.57,803.75,33.85,2488.87,156.94,30.03,53.56,2352.88,160.19,492.61,28.16,2500.00,156.77,0.00,197.86,28.20,91.37,179.30,1757.31,3536.84,2.67,149.46,97.50,572.61,2.95,931.49,58.08,484.08
2026-01-18T14:50:00Z,52.43,2264.56,163.93,817.16,34.04,2477.29,156.61,38.60,53.81,2349.29,160.58,494.69,28.31,2489.55,156.42,0.00,195.12,27.15,91.96,175.67,1753.77,3545.73,2.64,152.32,92.45,563.44,2.70,930.17,58.99,473.75
2026-01-18T15:00:00Z,52.09,2259.55,163.94,792.42,34.11,2483.70,156.31,39.74,54.05,2346.03,161.36,503.73,28.43,2494.44,157.06,0.00,196.78,26.41,91.61,178.48,1751.77,3559.11,2.44,148.07,93.29,565.43,3.30,919.37,59.14,471.96
2026-01-18T15:10:00Z,51.74,2274.70,163.77,802.65,33.71,2474.50,156.76,50.39,54.32,2348.48,160.03,501.65,28.54,2481.74,157.09,0.00,193.72,26.12,91.22,174.43,1759.21,3542.64,2.63,148.82,91.38,560.77,3.33,928.63,59.74,461.94
2026-01-18T15:20:00Z,52.11,2267.33,163.16,792.42,33.92,2485.26,157.19,47.64,54.48,2329.35,160.11,509.91,28.57,2485.93,157.01,1.36,195.59,28.63,91.05,175.11,1751.23,3563.57,2.80,150.67,92.61,564.69,3.37,924.30,58.23,472.06
2026-01-18T15:30:00Z,52.34,2263.36,163.66,807.94,34.05,2481.99,157.21,54.02,54.47,2337.80,160.36,515.08,28.53,2484.42,156.84,0.00,196.75,30.14,91.23,176.99,1752.28,3551.12,2.23,147.73,92.61,564.54,3.03,928.50,59.55,463.28
2026-01-18T15:40:00Z,52.53,2270.55,163.33,800.20,34.18,2473.02,157.06,56.30,54.41,2334.01,160.18,521.23,28.86,2483.45,157.52,0.00,197.53,30.62,92.13,179.16,1761.62,3537.65,2.76,149.35,93.61,562.89,2.99,928.44,59.28,476.65
2026-01-18T15:50:00Z,52.35,2267.25,163.43,796.48,33.88,2479.98,157.12,48.42,54.21,2330.82,160.72,522.80,29.15,2481.72,157.58,0.00,197.38,29.57,91.95,175.11,1751.11,3540.77,2.74,150.60,93.66,571.47,3.06,932.16,57.87,465.48
2026-01-18T16:00:00Z,52.40,2274.73,163.42,805.30,33.78,2482.85,157.27,44.81,54.11,2343.33,160.92,523.46,28.92,2478.57,157.88,0.00,199.68,26.94,92.13,180.10,1765.88,3555.13,2.37,148.49,97.33,573.00,3.21,934.93,59.25,477.10
2026-01-18T16:10:00Z,52.94,2270.67,162.84,819.71,33.72,2485.10,156.78,34.86,54.24,2350.94,160.99,510.09,28.34,2473.69,157.84,0.00,194.14,27.87,92.68,174.19,1748.58,3528.63,2.65,150.30,93.75,563.66,2.87,925.08,58.99,467.66
2026-01-18T16:20:00Z,52.86,2266.21,162.93,,33.80,2480.36,157.43,37.85,54.30,2340.28,160.94,517.50,28.92,2481.77,157.45,0.00,193.12,28.39,92.58,169.78,1752.90,3547.26,2.48,149.90,92.94,571.67,2.73,925.70,58.47,476.75
2026-01-18T16:30:00Z,52.96,2254.26,163.61,816.69,33.90,2483.40,156.94,44.49,54.09,2332.85,161.89,535.37,29.10,2474.85,157.73,0.00,192.24,26.22,92.48,170.88,1759.10,3558.32,2.48,150.99,92.31,566.64,3.00,930.96,58.54,476.69
2026-01-18T16:40:00Z,53.24,2237.59,163.16,822.61,34.13,2478.29,156.55,54.83,54.39,2339.14,161.89,531.58,29.28,2477.11,157.29,0.54,196.61,30.62,91.98,174.64,1757.65,3552.81,2.64,148.11,93.72,569.78,3.08,934.53,57.25,474.46
2026-01-18T16:50:00Z,53.28,2236.75,163.53,834.39,33.74,2479.85,156.87,66.48,54.23,2346.44,162.66,516.75,29.55,2469.96,157.46,0.00,193.44,27.62,92.18,177.60,1755.60,3543.60,2.48,149.16,94.34,571.70,3.08,930.51,58.10,476.80
2026-01-18T17:00:00Z,53.34,2238.05,163.36,838.87,33.54,2474.64,156.03,40.96,54.21,2339.79,162.04,512.03,29.56,2470.04,156.74,0.00,194.25,27.54,93.11,173.27,1750.85,3540.69,2.44,149.48,92.26,566.65,3.04,927.90,57.56,480.62
2026-01-18T17:10:00Z,53.14,2245.67,163.24,826.86,33.82,2478.55,156.43,46.51,54.26,2344.82,161.48,506.71,29.62,2461.89,157.41,1.81,197.81,27.14,92.75,177.73,1756.24,3557.78,2.57,150.15,94.90,560.35,2.80,927.40,58.26,461.50
2026-01-18T17:20:00Z,53.22,2248.99,163.55,833.60,33.53,2478.01,156.01,43.93,54.79,2332.88,161.29,525.01,30.05,2438.19,157.45,18.88,199.25,29.68,92.80,178.37,1757.01,3540.27,2.60,148.34,94.05,569.15,,929.50,59.72,477.53
2026-01-18T17:30:00Z,53.58,2238.22,163.63,840.71,33.88,2474.18,156.57,58.54,54.68,2333.25,160.90,521.24,30.23,2436.59,157.36,17.28,207.21,27.48,92.85,187.54,1767.29,3551.09,2.77,150.87,98.93,584.33,2.68,936.59,59.75,486.93
2026-01-18T17:40:00Z,53.02,2241.35,164.17,839.22,33.54,2475.66,156.90,43.12,54.46,2330.01,160.85,525.14,29.99,2450.73,157.38,16.95,201.01,29.36,91.78,180.65,1758.77,3540.11,2.41,149.52,96.18,575.59,3.10,927.37,58.59,478.90
2026-01-18T17:50:00Z,53.47,2228.29,164.71,850.92,33.59,2478.06,158.06,51.31,54.04,2332.42,161.36,530.66,29.56,2461.85,157.21,18.87,200.03,28.95,92.74,182.62,1766.63,3550.56,2.34,150.19,94.13,569.69,2.80,937.13,58.49,476.53
2026-01-18T18:00:00Z,53.34,2234.90,163.88,849.52,33.32,2491.92,156.91,36.14,54.03,2341.93,161.61,533.68,29.67,2457.05,157.45,15.22,202.79,32.05,91.38,180.86,1757.00,3545.53,2.51,148.81,97.18,576.42,3.17,922.27,58.25,487.75
2026-01-18T18:10:00Z,53.22,2230.51,163.79,848.02,33.50,2499.46,156.95,36.47,54.16,2347.66,160.86,513.29,29.68,2456.13,156.85,10.59,194.46,30.17,92.40,174.56,1757.62,3556.62,2.38,149.30,93.92,558.68,3.03,934.22,58.90,464.05
2026-01-18T18:20:00Z,53.92,2232.97,164.61,857.80,33.45,2489.74,156.82,42.13,53.88,2348.86,160.65,508.35,29.57,2455.84,157.44,10.87,203.81,28.41,91.75,186.10,1771.03,3547.79,2.32,150.47,97.61,566.56,3.01,931.73,58.11,468.01
2026-01-18T18:30:00Z,53.93,2233.05,164.16,861.58,33.50,2496.95,156.78,32.68,53.64,2356.35,160.82,492.25,29.64,2461.12,158.02,16.78,197.73,28.06,91.79,179.42,1761.31,3557.80,2.54,149.21,95.47,569.51,3.34,931.04,57.84,476.63
2026-01-18T18:40:00Z,53.56,2246.63,163.95,846.48,33.62,2475.54,157.00,42.46,53.76,2351.26,161.03,511.67,29.47,2463.74,158.00,2.75,201.87,27.82,92.29,183.03,1768.35,3557.15,2.51,148.67,100.62,576.34,2.97,935.60,57.19,483.77
2026-01-18T18:50:00Z,52.86,2251.70,163.81,839.94,33.94,2482.40,157.24,54.02,53.52,2357.51,160.86,499.61,29.04,2477.59,157.79,0.00,201.14,27.32,92.66,177.48,1761.75,3541.24,2.56,148.09,97.96,575.31,3.17,926.54,58.09,474.74
2026-01-18T19:00:00Z,52.79,2258.09,164.62,830.01,33.82,2479.57,157.22,47.47,53.36,2371.80,160.52,503.43,28.45,2478.67,158.41,0.00,197.90,28.49,92.27,179.97,1769.09,3547.77,2.68,148.27,92.58,567.41,3.04,930.78,58.95,481.57
2026-01-18T19:10:00Z,52.94,2252.20,164.09,836.67,33.65,2479.02,157.22,41.99,53.65,2370.22,160.52,503.46,28.48,2484.68,158.19,0.00,199.19,28.39,91.42,181.05,1759.52,3560.33,2.09,150.22,95.01,565.55,3.25,930.15,60.10,466.21
2026-01-18T19:20:00Z,53.62,2234.41,164.11,834.75,33.80,2489.27,156.42,37.87,53.66,2371.03,160.62,486.50,28.50,2479.97,157.26,0.00,200.18,26.11,92.02,180.10,1761.80,3563.22,2.50,149.00,97.37,572.40,3.11,924.36,58.55,482.45
2026-01-18T19:30:00Z,53.67,2227.07,163.95,835.74,33.51,2485.63,157.39,44.78,53.46,2369.12,160.60,477.50,28.69,2489.21,157.37,0.00,198.21,26.67,91.97,179.00,1763.32,3568.71,2.62,148.10,93.86,570.11,3.01,929.51,60.26,470.29
2026-01-18T19:40:00Z,53.40,2251.17,163.87,837.59,33.05,2495.96,157.26,34.70,53.65,2367.09,160.64,490.73,28.19,2485.42,157.32,0.00,196.02,27.13,92.13,177.47,1759.41,3557.53,2.43,149.49,91.51,565.75,2.84,927.99,59.32,477.64
2026-01-18T19:50:00Z,53.47,2240.40,164.01,856.62,32.54,2502.42,156.93,17.11,53.39,2360.50,160.50,504.18,28.43,2473.83,157.36,0.00,197.83,27.10,91.19,178.91,1766.44,3545.86,2.57,149.70,93.06,570.01,3.20,930.60,60.07,471.56
2026-01-18T20:00:00Z,53.54,2236.45,164.69,857.69,32.64,2497.53,157.09,21.68,53.26,2374.17,160.23,499.98,28.42,2489.52,157.34,0.00,199.80,27.82,91.24,180.27,1761.87,3553.85,2.44,150.45,95.98,574.60,2.83,927.49,58.89,483.25
2026-01-18T20:10:00Z,53.23,2231.60,165.43,861.85,32.95,2492.11,156.52,15.72,53.23,2364.16,159.86,493.66,28.89,2478.80,157.49,0.00,194.53,27.43,91.95,174.06,1751.95,3559.83,2.50,148.61,91.08,561.45,3.03,931.49,57.70,469.31
2026-01-18T20:20:00Z,52.85,2238.92,164.29,834.81,33.06,2498.60,156.58,20.32,53.05,2360.67,159.38,505.91,29.18,2465.26,156.93,0.00,195.23,29.07,91.40,174.70,1755.23,3553.95,2.40,149.56,91.93,567.27,3.34,930.95,58.83,470.52
2026-01-18T20:30:00Z,52.84,2245.16,163.74,835.12,32.99,2508.11,156.52,20.22,52.90,2360.82,160.34,488.41,28.96,2475.73,156.76,0.00,195.22,29.97,91.85,176.53,1763.25,3544.59,2.70,147.67,95.46,567.90,2.71,929.69,59.12,458.52
2026-01-18T20:40:00Z,52.85,2254.70,163.50,829.88,33.43,2499.88,156.17,33.40,53.63,2364.46,161.32,493.73,29.29,2475.40,157.11,0.00,193.46,28.38,91.90,172.27,1756.07,3548.96,2.19,148.99,94.42,573.58,2.62,935.98,58.91,482.94
2026-01-18T20:50:00Z,52.62,2276.70,162.96,823.77,33.31,2502.32,156.69,34.40,53.93,2361.26,160.92,507.77,28.81,2469.87,157.14,11.68,196.17,27.27,92.11,175.56,1755.00,3550.95,2.27,149.49,93.76,567.33,3.12,923.08,59.49,480.08
2026-01-18T21:00:00Z,52.55,2277.70,163.39,814.76,33.78,2479.02,156.30,35.39,53.83,2364.80,160.61,498.61,29.01,2471.42,157.24,3.53,188.41,27.26,92.46,167.20,1751.36,3562.78,2.70,149.80,88.71,568.48,3.13,921.11,61.19,481.65
2026-01-18T21:10:00Z,52.96,2263.65,163.89,827.16,34.03,2468.77,156.42,49.71,53.37,2363.66,160.71,499.45,28.99,2468.78,156.95,7.49,190.96,26.52,92.02,169.23,1739.19,3539.10,2.51,149.05,90.41,558.98,2.99,912.33,60.64,468.38
2026-01-18T21:20:00Z,53.06,2256.70,163.08,837.37,34.00,2474.46,157.27,60.52,53.22,2361.20,159.68,486.19,28.87,2477.90,156.80,0.00,191.64,27.31,92.33,170.98,1748.26,3553.57,2.61,150.25,92.80,564.13,3.08,925.60,59.03,469.40
2026-01-18T21:30:00Z,53.17,2241.11,163.85,833.27,34.08,2473.66,157.02,57.14,52.89,2381.87,160.04,474.35,28.92,2482.02,157.23,0.00,194.47,28.98,92.66,176.78,1752.33,3548.79,2.66,149.72,92.98,567.10,3.11,931.49,58.16,472.55
2026-01-18T21:40:00Z,53.09,2243.50,163.83,829.92,34.52,2461.90,157.35,79.79,53.02,2388.41,160.34,464.69,29.20,2473.87,157.18,3.92,197.80,30.11,93.14,178.78,1763.86,3557.07,2.70,150.33,91.01,568.83,2.89,931.49,58.83,481.65
2026-01-18T21:50:00Z,53.57,2235.40,163.88,844.92,34.39,2473.90,157.78,88.37,53.37,2376.78,160.24,470.47,29.40,2462.68,157.56,0.00,198.82,30.75,92.77,177.76,1769.11,3556.56,2.80,149.42,95.68,569.32,2.64,934.27,58.24,478.42
2026-01-18T22:00:00Z,53.39,2238.86,163.88,853.34,33.92,2479.91,157.85,70.48,53.27,2378.82,160.07,462.40,28.98,2475.00,157.59,0.00,199.04,28.82,92.14,179.90,1763.32,3555.38,2.01,149.26,95.46,569.84,3.02,933.26,60.23,475.40
2026-01-18T22:10:00Z,53.62,2219.53,164.29,842.02,33.59,2471.42,156.84,58.85,53.45,2367.89,159.89,452.20,29.32,2463.89,156.91,5.82,199.05,30.17,91.93,180.08,1773.75,3558.56,2.62,147.84,95.99,567.33,3.03,934.78,60.90,477.08
2026-01-18T22:20:00Z,53.50,2218.63,164.35,852.23,33.78,2473.51,157.18,52.94,53.35,2370.26,159.96,463.22,29.09,2465.27,157.88,16.62,198.31,31.18,92.27,177.16,1747.65,3540.96,2.78,150.83,95.42,576.49,2.89,928.63,59.49,482.09
2026-01-18T22:30:00Z,53.53,2231.48,164.84,853.73,33.84,2479.38,157.09,59.58,53.19,2382.10,159.60,449.53,28.72,2475.58,157.83,4.64,194.46,30.75,92.10,175.35,1759.10,3551.74,2.65,149.42,91.38,572.15,3.03,930.67,58.26,478.65
2026-01-18T22:40:00Z,53.59,2231.80,164.88,851.47,33.43,2497.40,156.69,50.45,53.21,2376.18,159.37,466.92,29.13,2475.00,157.14,6.97,194.00,30.02,91.89,176.03,1753.55,3538.66,2.47,151.74,91.69,567.52,2.71,923.43,58.26,466.46
2026-01-18T22:50:00Z,53.75,2224.53,164.62,857.72,32.80,2512.67,156.78,33.49,53.49,2379.21,159.46,484.35,29.21,2469.89,157.16,0.00,195.88,29.22,91.65,176.04,1746.44,3542.48,2.46,149.48,93.55,569.38,3.18,927.04,58.82,469.09
2026-01-18T23:00:00Z,53.72,2237.50,164.15,857.64,33.07,2507.55,157.25,35.66,53.72,2376.09,159.92,480.48,28.98,2470.51,157.93,0.00,196.88,28.93,91.10,178.39,1757.33,3561.35,2.59,150.39,93.48,567.74,3.06,924.92,58.67,481.17
2026-01-18T23:10:00Z,53.15,2238.07,164.40,842.13,32.83,2493.72,157.22,37.82,53.94,2354.90,160.06,488.73,28.94,2466.39,157.19,0.00,191.22,26.66,91.68,172.98,1755.23,3563.01,2.76,149.94,90.20,561.66,3.36,926.25,59.65,486.98
2026-01-18T23:20:00Z,53.01,2250.77,164.36,827.94,32.79,2504.38,157.25,45.59,53.76,2365.52,160.64,495.26,28.97,2471.59,157.04,0.00,199.27,27.05,92.21,177.96,1761.34,3556.35,2.64,150.81,97.10,568.70,3.18,927.60,59.87,465.16
2026-01-18T23:30:00Z,53.20,2244.00,163.99,835.37,33.10,2500.06,156.32,46.87,53.37,2358.84,160.90,490.41,29.10,2467.22,157.53,0.00,193.38,28.38,91.91,176.59,1755.18,3536.15,2.57,149.30,92.25,572.08,2.98,934.93,57.44,469.16
2026-01-18T23:40:00Z,53.23,2243.43,163.14,845.67,33.28,2492.33,157.56,51.46,53.49,2357.40,160.77,509.67,29.24,2482.01,157.48,0.88,199.38,28.53,92.40,176.55,1764.87,3555.42,2.52,149.66,96.78,574.16,2.84,933.16,58.20,477.97
2026-01-18T23:50:00Z,53.22,2238.28,163.41,831.10,33.14,2499.54,157.87,46.71,53.47,2366.57,160.73,490.00,29.08,2489.22,157.58,0.00,195.78,29.94,92.74,176.05,1762.80,3554.67,2.57,149.79,91.22,565.12,3.08,933.77,57.18,462.85
2026-01-19T00:00:00Z,53.62,2235.12,163.18,812.08,32.98,2502.36,157.72,40.17,54.22,2352.42,160.79,506.07,28.82,2481.36,157.24,0.00,195.43,31.57,92.34,175.77,1753.07,3546.08,2.38,150.63,90.99,566.06,2.90,924.99,56.57,472.52
2026-01-19T00:10:00Z,53.62,2249.81,163.28,839.21,33.35,2494.23,157.57,,54.00,2357.32,161.01,488.60,29.24,2467.51,156.94,0.00,192.18,29.83,93.20,172.13,1751.72,3526.65,2.59,149.97,92.64,561.52,2.91,932.94,58.29,468.61
2026-01-19T00:20:00Z,54.04,2222.37,163.91,849.04,33.41,2488.01,157.37,46.14,53.92,2356.06,161.40,496.80,29.10,2466.25,157.64,4.52,196.20,29.49,93.14,177.71,1762.12,3538.29,2.28,150.71,94.46,565.02,2.97,929.06,57.81,476.58
2026-01-19T00:30:00Z,54.99,2203.64,164.31,861.05,33.25,2488.97,157.16,30.55,53.41,2363.98,161.19,484.17,29.16,2458.53,156.61,4.25,199.63,29.20,92.65,175.57,1758.25,3550.30,2.38,150.02,95.54,571.57,2.88,933.71,57.46,478.77
2026-01-19T00:40:00Z,56.03,2176.82,165.62,898.35,33.75,2487.66,157.33,47.71,53.55,2361.39,161.54,483.82,28.75,2476.77,157.25,0.00,197.99,31.65,92.16,176.31,1753.53,3551.86,2.57,147.76,95.33,571.41,3.06,931.76,59.00,487.84
2026-01-19T00:50:00Z,56.31,2178.11,164.66,,34.10,2484.66,156.54,46.38,53.20,2367.78,160.92,468.30,28.52,2482.00,156.96,0.00,196.30,30.87,91.23,175.63,1758.14,3553.69,2.61,150.52,93.50,566.59,2.74,930.04,58.77,476.21
2026-01-19T01:00:00Z,56.89,2156.55,165.20,937.43,34.23,2483.48,156.94,50.67,52.80,2368.19,159.94,474.65,28.96,2485.87,157.69,0.00,199.89,30.82,90.30,180.53,1764.98,3559.64,2.57,149.44,96.55,572.49,3.11,929.45,59.49,484.12
2026-01-19T01:10:00Z,57.41,2155.90,166.25,963.90,34.45,2473.86,156.80,56.50,52.59,2378.43,160.43,464.20,28.34,2485.08,157.67,0.00,199.14,30.16,90.76,181.97,1761.66,3541.44,2.48,148.26,92.68,567.02,2.90,931.28,59.01,466.20
2026-01-19T01:20:00Z,57.80,2142.43,166.15,978.20,34.93,2458.70,157.40,80.17,52.23,2382.72,160.09,455.54,28.31,2486.21,158.01,0.00,201.21,33.49,90.77,180.28,1760.97,3541.37,2.33,149.78,94.10,568.24,3.00,935.10,57.81,472.18
2026-01-19T01:30:00Z,58.11,2128.68,166.17,984.91,34.69,2452.76,157.39,84.10,52.45,2385.38,159.83,442.93,28.40,2493.77,157.10,0.00,202.95,31.92,91.41,182.61,1748.97,3563.22,2.37,148.49,98.27,579.73,3.14,926.66,58.98,487.78
2026-01-19T01:40:00Z,58.16,2116.22,166.75,999.47,34.83,2459.99,157.02,81.19,52.94,2384.58,159.57,436.38,28.03,2490.27,156.69,0.00,203.84,31.14,92.52,186.49,1771.63,3544.54,2.25,150.20,99.32,573.63,2.88,945.45,60.41,482.03
2026-01-19T01:50:00Z,58.22,2124.65,167.47,1022.30,34.94,2457.75,157.17,74.01,53.41,2369.99,158.89,442.84,27.83,2498.68,156.95,0.00,200.09,30.17,92.37,178.80,1758.28,3543.12,2.37,148.27,95.63,577.16,3.09,928.08,59.70,476.02
2026-01-19T02:00:00Z,58.75,2109.37,167.50,1025.22,34.52,2449.78,156.49,72.79,53.31,2369.72,159.67,457.28,28.04,2500.72,157.15,0.00,201.94,32.00,92.68,182.65,1775.05,3552.80,2.74,150.27,97.21,569.72,3.05,930.15,60.26,480.36
2026-01-19T02:10:00Z,59.08,2105.34,168.19,1026.76,34.34,2454.34,156.87,84.87,53.06,2371.35,159.21,470.46,28.04,2503.72,158.00,0.00,207.84,33.64,92.46,189.88,1776.93,3558.50,2.36,149.14,99.46,572.88,3.08,930.08,61.37,490.27
2026-01-19T02:20:00Z,60.07,2085.94,167.52,1057.00,34.51,2460.42,158.01,82.61,53.16,2373.56,159.33,465.53,27.81,2499.00,157.38,0.00,199.71,33.67,93.12,179.03,1758.36,3543.30,2.90,151.57,95.40,572.50,2.80,929.47,59.32,480.36
2026-01-19T02:30:00Z,60.46,2076.80,167.62,1074.23,34.36,2464.16,158.26,80.71,52.97,2379.09,159.21,477.59,27.92,2504.58,156.75,0.00,205.79,32.74,92.33,182.66,1752.02,3547.00,2.68,149.95,96.67,575.87,2.96,924.42,58.66,483.60
2026-01-19T02:40:00Z,60.53,2066.91,168.05,1082.88,34.33,2455.37,157.48,92.17,53.02,2370.06,159.63,480.63,28.22,2504.72,157.19,0.00,208.29,34.10,93.09,184.96,1754.13,3548.43,3.18,150.91,98.87,572.51,3.21,922.37,58.11,477.98
2026-01-19T02:50:00Z,61.02,2055.59,168.61,1100.22,34.29,2466.04,157.75,82.50,53.47,2367.26,159.72,486.16,28.31,2495.78,157.23,0.00,210.09,34.81,92.94,186.16,1769.14,3539.65,3.18,147.95,101.52,577.92,2.91,932.04,58.09,478.52
2026-01-19T03:00:00Z,61.06,2062.29,169.19,1094.17,34.13,2475.04,158.02,83.26,53.45,2362.08,159.94,479.94,28.67,2487.47,157.00,0.00,209.93,33.55,92.95,185.93,1756.28,3524.33,3.23,149.26,98.47,571.23,3.00,928.51,57.32,473.22
2026-01-19T03:10:00Z,61.75,2044.53,168.66,1098.01,34.28,2479.04,157.73,74.36,53.18,2363.50,160.47,481.68,28.12,2482.33,157.20,0.00,214.07,33.47,92.56,191.73,1760.53,3545.30,3.45,150.35,100.72,575.47,3.00,929.35,58.39,469.96
2026-01-19T03:20:00Z,62.14,2029.83,170.15,1127.30,34.10,2473.59,157.48,64.05,53.24,2361.62,158.94,475.25,28.49,2485.03,157.57,0.00,210.95,32.02,92.79,191.08,1753.44,3553.44,3.70,148.85,100.07,576.90,3.16,926.83,57.98,486.00
2026-01-19T03:30:00Z,62.33,2024.57,170.60,1136.35,34.06,2471.95,157.45,59.28,53.72,2354.34,159.21,495.20,28.48,2488.47,157.60,0.00,209.96,34.82,91.92,186.57,1758.04,3564.29,3.44,151.85,99.02,578.34,3.08,928.23,59.10,488.31
2026-01-19T03:40:00Z,62.72,2014.05,170.13,1169.50,33.69,2483.12,157.33,62.07,53.99,2357.94,159.54,497.74,28.22,2492.50,157.13,0.00,214.01,35.97,91.22,191.51,1764.68,3556.56,3.77,150.32,99.51,573.47,3.12,929.01,58.75,471.55
2026-01-19T03:50:00Z,63.16,2008.15,170.42,1168.36,33.90,2479.36,157.45,52.32,54.26,2356.68,160.27,505.63,28.58,2476.15,157.22,0.00,214.47,35.28,91.78,190.77,1762.83,3557.60,3.82,149.32,102.09,571.88,2.79,932.39,59.02,474.44
2026-01-19T04:00:00Z,63.53,1998.82,170.99,1179.55,34.15,2487.83,157.18,67.50,54.10,2350.77,160.95,499.44,28.64,2478.56,157.13,0.00,214.29,35.63,92.33,196.96,1755.01,3549.62,3.81,149.37,102.71,582.19,2.87,928.88,59.49,483.97
2026-01-19T04:10:00Z,64.05,1987.56,171.05,1195.53,34.22,2475.15,156.90,73.41,54.15,2355.77,161.38,504.53,29.12,2481.14,156.55,0.00,213.14,34.44,92.56,191.28,1751.11,3546.91,3.95,149.51,100.63,580.42,3.14,930.67,59.05,482.56
2026-01-19T04:20:00Z,64.02,1979.85,170.82,1207.43,34.86,2465.44,156.06,78.20,54.31,2342.40,161.52,515.31,29.39,2467.20,156.90,21.42,213.85,34.94,93.22,191.39,1757.21,3541.30,4.20,149.67,101.06,579.21,2.89,932.12,58.24,475.21
2026-01-19T04:30:00Z,64.42,1965.57,171.26,1220.82,34.34,2468.19,156.85,68.19,53.83,2341.91,161.20,517.94,29.31,2462.77,157.05,3.93,215.36,33.87,93.40,191.94,1746.71,3542.68,4.36,149.07,101.11,581.38,2.95,924.27,59.27,478.05
2026-01-19T04:40:00Z,64.36,1963.93,171.05,1231.93,33.94,2481.21,157.44,63.11,53.95,2350.98,160.94,508.69,29.35,2463.55,157.20,30.18,215.16,35.30,93.79,189.56,1758.45,3547.49,4.35,150.62,103.82,581.72,2.87,921.22,59.14,484.16
2026-01-19T04:50:00Z,64.41,1968.93,171.30,1221.45,33.75,2481.75,157.38,52.94,53.89,2350.05,161.23,505.38,29.12,2480.96,156.40,0.00,208.79,36.56,92.75,189.65,1754.63,3563.97,4.75,149.81,99.24,580.86,2.73,931.01,59.19,474.76
2026-01-19T05:00:00Z,65.00,1964.12,171.19,1229.56,33.48,2487.26,156.87,41.31,53.97,2346.17,161.35,496.73,29.24,2471.00,155.73,0.00,206.54,36.24,93.18,182.43,1738.27,3546.09,4.61,149.19,98.96,574.46,2.76,917.15,58.43,481.62
2026-01-19T05:10:00Z,65.49,1940.85,171.81,1262.27,33.48,2476.68,156.80,40.15,53.68,2354.73,160.44,501.23,29.50,2476.71,156.51,0.00,218.43,36.93,92.71,191.52,1752.89,3566.49,4.95,150.42,101.75,572.49,3.10,932.87,59.80,477.87
2026-01-19T05:20:00Z,65.27,1936.88,172.03,1268.29,33.69,2476.66,156.08,46.62,53.89,2359.57,160.52,497.73,29.16,2481.18,156.59,9.59,219.68,36.93,91.90,196.96,1744.49,3542.62,5.21,150.96,103.33,580.69,2.89,927.13,58.43,495.64
2026-01-19T05:30:00Z,65.52,1946.55,171.84,1263.19,33.53,2484.56,156.62,48.88,53.78,2350.18,160.94,500.26,29.14,2489.23,157.14,0.00,220.36,35.93,93.07,200.10,1737.68,3539.41,5.29,149.90,104.45,583.06,2.87,922.57,57.81,490.36
2026-01-19T05:40:00Z,65.94,1931.37,172.16,1269.16,33.64,2483.23,156.82,52.38,53.80,2365.72,160.31,492.79,29.14,2474.98,157.39,0.00,218.33,37.38,92.87,195.88,1748.62,3533.84,5.31,149.43,103.74,579.52,3.18,928.71,58.94,480.97
2026-01-19T05:50:00Z,66.26,1923.21,172.24,1283.25,33.67,2476.49,157.15,52.46,53.88,2365.20,160.95,496.74,29.01,2479.53,157.78,0.00,222.49,35.97,93.29,203.20,1743.03,3545.70,5.27,149.21,108.32,584.42,2.89,918.83,58.49,484.95
2026-01-19T06:00:00Z,66.68,1908.70,172.49,1295.05,33.76,2477.57,157.17,62.40,54.22,2352.90,161.41,502.48,29.13,2467.38,158.01,0.00,219.97,37.56,93.41,200.18,1753.86,3549.24,5.58,150.90,104.18,579.67,3.11,923.42,60.69,473.17
2026-01-19T06:10:00Z,66.77,1913.85,172.23,1297.78,33.94,2472.08,157.38,66.13,54.52,2329.84,160.78,516.25,28.86,2475.22,157.47,0.00,221.46,38.41,93.28,198.45,1741.71,3553.36,5.74,146.61,106.99,580.31,2.97,909.63,60.37,484.84
2026-01-19T06:20:00Z,66.37,1911.42,172.43,1298.20,33.98,2471.59,156.97,66.41,54.36,2347.16,160.82,520.38,28.88,2465.68,157.44,1.70,223.62,39.06,93.13,202.79,1743.31,3542.70,5.83,148.24,107.27,583.05,3.09,922.91,59.35,485.45
2026-01-19T06:30:00Z,66.04,1921.11,172.65,1297.81,34.12,2473.27,157.32,66.18,54.79,2348.60,160.86,520.31,28.93,2467.72,157.05,0.00,225.26,38.60,94.00,202.62,1755.31,3548.26,5.79,147.27,108.86,589.94,2.98,929.24,57.79,492.29
2026-01-19T06:40:00Z,65.80,1919.90,172.85,1287.97,34.41,2470.05,157.57,50.14,55.21,2331.08,161.19,534.00,28.98,2466.66,156.84,0.00,223.07,39.00,94.26,201.23,1738.15,3542.99,6.17,148.50,105.79,577.84,2.69,920.93,57.85,480.84
2026-01-19T06:50:00Z,65.94,1929.84,173.03,1285.42,34.31,2458.38,157.48,69.65,55.18,2329.49,160.68,545.12,29.04,2475.01,157.38,0.00,218.06,37.91,93.53,191.83,1739.43,3558.42,6.03,149.99,104.60,576.47,2.65,912.41,59.12,483.39
2026-01-19T07:00:00Z,65.81,1928.95,173.25,1278.65,34.00,2471.36,157.84,65.32,55.37,2325.58,160.53,539.54,29.12,2462.31,157.20,5.92,219.64,38.87,93.00,198.19,1746.24,3549.62,6.23,149.49,102.90,579.70,3.12,928.50,59.26,486.08
2026-01-19T07:10:00Z,65.78,1930.82,172.75,1268.81,33.72,2474.36,157.28,58.21,55.86,2313.50,160.98,551.37,29.40,2456.52,157.25,0.00,223.77,38.29,92.84,200.85,1738.99,3556.81,6.24,148.90,105.32,578.13,2.85,915.80,59.33,475.59
2026-01-19T07:20:00Z,65.74,1938.08,172.01,1265.52,33.46,2480.79,156.89,45.22,55.92,2304.51,161.51,553.44,29.81,2451.75,156.58,1.33,221.25,37.31,92.94,200.97,1736.69,3550.09,6.58,148.58,105.03,582.26,3.08,923.89,60.11,482.94
2026-01-19T07:30:00Z,65.96,1928.99,172.21,1273.18,33.35,2490.17,156.94,41.61,55.95,2300.98,161.57,564.35,29.71,2451.45,156.94,2.16,227.18,38.64,92.39,206.69,1746.85,3541.59,6.49,147.83,107.57,589.39,2.98,930.69,59.94,501.27
2026-01-19T07:40:00Z,66.16,1919.80,172.60,1293.11,33.54,2485.17,156.68,42.96,55.81,2305.44,161.90,555.07,29.77,2456.48,156.86,17.40,221.18,38.13,92.70,199.62,1737.37,3545.99,6.65,147.29,104.17,585.99,3.19,922.83,59.30,480.96
2026-01-19T07:50:00Z,66.41,1912.59,172.82,1289.03,33.53,2489.26,157.06,35.85,56.29,2297.48,161.53,572.02,29.89,2442.36,157.12,25.41,219.89,37.40,92.42,193.44,1735.81,3558.53,6.54,149.95,104.35,580.53,3.06,917.12,59.20,487.53
2026-01-19T08:00:00Z,66.51,1911.17,173.50,1309.63,33.56,2476.91,156.93,49.85,56.29,2282.38,161.51,578.80,30.53,2435.70,157.36,38.87,228.96,39.59,92.59,205.28,1732.37,3545.08,7.13,148.87,108.95,585.29,3.14,916.11,59.36,493.84
2026-01-19T08:10:00Z,66.72,1908.55,174.27,1314.04,33.73,2478.09,157.39,46.46,56.25,2291.33,161.83,591.01,30.40,2443.68,157.77,44.77,230.85,41.97,93.24,208.92,1745.24,3540.90,7.11,146.57,112.25,594.52,2.86,921.12,59.23,496.98
2026-01-19T08:20:00Z,66.61,1909.51,173.42,1317.71,34.10,2473.98,157.46,62.19,56.13,2293.21,163.08,601.70,30.26,2440.88,157.52,45.98,227.18,40.92,93.87,203.41,1729.14,3553.11,7.26,148.40,106.94,580.69,3.11,910.48,58.36,484.70
2026-01-19T08:30:00Z,66.56,1907.81,173.62,1317.49,34.32,2469.80,157.22,58.50,56.63,2296.60,162.87,598.37,29.89,2447.24,157.62,32.93,229.66,40.06,93.13,204.52,1734.85,3566.06,7.24,150.08,108.77,586.34,2.92,920.51,56.92,486.29
2026-01-19T08:40:00Z,66.52,1913.67,174.06,1325.87,34.20,2471.34,157.14,64.43,56.20,2285.47,162.27,592.37,29.95,2449.39,157.74,46.54,231.31,41.25,93.95,204.95,1733.25,3552.19,7.43,148.71,112.80,587.82,3.10,921.55,58.78,493.49
2026-01-19T08:50:00Z,66.26,1917.05,173.80,1317.57,34.20,2478.66,157.17,67.52,55.86,2287.81,162.29,583.77,29.70,2451.12,158.00,43.21,230.19,40.73,94.24,211.62,1737.74,3559.70,7.71,151.47,109.75,599.91,2.76,917.93,58.73,503.68
2026-01-19T09:00:00Z,66.16,1915.05,174.37,1304.60,34.06,2470.48,157.28,65.82,55.63,2297.71,162.23,576.61,29.60,2455.80,158.23,35.19,228.63,42.37,94.10,206.30,1734.63,3539.36,7.80,148.43,113.77,588.51,3.19,918.11,59.29,495.18
2026-01-19T09:10:00Z,66.01,1921.86,172.93,1308.74,34.01,2478.05,157.49,56.95,55.75,2307.67,162.34,577.56,29.54,2464.43,157.96,3.92,226.32,41.02,94.38,202.13,1727.51,3551.80,8.05,149.64,108.80,591.44,2.43,911.57,58.20,481.17
2026-01-19T09:20:00Z,65.91,1923.37,173.35,1311.75,33.80,2482.61,158.39,60.37,55.97,2294.01,162.79,575.89,29.42,2464.15,157.79,8.29,228.81,42.07,93.17,202.71,1735.02,3538.90,8.14,150.97,110.49,590.98,3.02,910.34,58.73,498.64
2026-01-19T09:30:00Z,66.00,1924.15,172.16,1296.87,34.20,2472.23,158.34,75.88,56.18,2290.29,162.80,580.07,29.45,2460.91,157.32,17.63,229.04,41.64,93.42,208.82,1731.26,3572.11,8.26,149.88,110.66,591.84,2.93,918.51,57.44,489.35
2026-01-19T09:40:00Z,66.25,1912.90,172.88,1294.66,34.03,2484.35,157.27,58.70,55.96,2299.00,162.40,583.28,29.41,2464.38,158.19,20.66,230.00,40.53,92.73,206.75,1725.50,3538.31,8.26,147.46,111.06,592.14,2.47,914.32,57.70,500.64
2026-01-19T09:50:00Z,66.38,1919.34,172.60,1303.43,33.75,2484.45,157.49,57.60,55.61,2307.22,161.97,575.79,29.40,2463.22,157.90,0.00,225.92,39.61,93.34,202.42,1724.50,3562.50,8.50,149.80,108.14,580.01,3.26,918.87,58.18,478.18
2026-01-19T10:00:00Z,66.43,1904.43,172.47,1306.55,33.92,,157.15,55.41,55.54,2309.69,162.75,569.61,29.39,2472.40,157.41,11.65,221.54,40.36,92.78,197.37,1771.90,3537.50,2.84,149.69,105.61,579.16,2.76,934.79,60.02,493.19
2026-01-19T10:10:00Z,66.13,1906.57,172.89,1315.72,34.00,2482.81,157.07,60.37,55.61,2324.14,162.20,558.99,29.46,2468.05,157.76,26.36,222.05,39.48,93.57,199.80,1779.23,3550.04,2.49,149.67,105.48,586.47,2.67,936.51,58.58,482.33
2026-01-19T10:20:00Z,65.98,1911.75,172.40,1303.20,33.86,2483.04,157.67,45.60,55.62,2317.37,161.72,545.42,29.83,2460.26,158.23,16.44,221.98,40.25,93.15,200.46,1778.05,3540.46,2.58,150.41,106.48,580.00,3.24,939.82,60.54,492.76
2026-01-19T10:30:00Z,66.39,1916.23,172.58,1288.69,33.99,2475.63,157.47,64.54,55.28,2321.97,161.13,544.63,29.81,2456.23,158.71,15.66,224.74,39.29,93.19,205.52,1780.60,3552.65,2.47,152.16,106.90,577.29,2.59,939.68,60.36,471.05
2026-01-19T10:40:00Z,66.49,1909.21,173.16,1293.17,33.76,2483.14,157.56,63.67,55.35,2322.84,161.05,543.21,29.86,2467.44,158.79,22.43,222.19,39.62,92.80,200.94,1783.92,3541.74,,150.23,106.59,584.26,3.02,945.37,59.78,480.06
2026-01-19T10:50:00Z,66.72,1902.49,173.38,1308.78,33.61,2478.73,157.83,62.54,55.58,2312.24,161.25,561.31,29.94,2450.87,158.16,28.46,226.92,39.57,92.98,200.34,1778.90,3543.90,2.72,151.65,105.53,576.25,2.94,934.19,58.69,485.47
2026-01-19T11:00:00Z,66.65,1904.08,173.55,1332.43,33.27,2488.36,157.45,40.44,55.79,2312.07,161.28,551.78,30.22,2460.21,157.84,20.53,219.33,41.61,93.11,198.08,1779.36,3546.63,2.49,151.34,101.74,583.27,2.78,935.85,59.28,494.75
2026-01-19T11:10:00Z,66.63,1905.27,174.19,1339.91,33.61,2477.76,157.23,46.78,55.68,2309.10,162.06,572.08,30.00,2446.53,158.12,35.04,226.00,41.32,92.69,203.49,1784.72,3549.07,2.79,150.21,109.92,587.39,3.04,943.92,59.93,484.29
2026-01-19T11:20:00Z,66.87,1905.89,174.08,1328.40,33.29,2474.16,157.07,35.48,55.63,2311.41,162.00,562.96,29.99,2458.62,158.06,23.14,229.80,40.06,92.91,203.25,1770.49,3555.25,2.39,148.62,109.92,587.40,3.19,932.09,58.77,485.19
2026-01-19T11:30:00Z,66.62,1906.89,173.80,1325.93,33.75,2474.50,157.59,57.75,55.28,2318.56,161.76,534.10,29.89,2447.91,158.03,14.95,222.31,,93.71,197.33,1777.53,3555.74,2.55,148.92,104.33,577.98,2.86,937.41,58.12,485.03
2026-01-19T11:40:00Z,66.57,1910.91,172.97,1322.45,34.17,2472.29,157.61,41.62,55.43,2314.35,161.11,546.60,30.25,2448.64,157.46,30.69,218.82,41.22,93.46,198.03,1772.53,3558.93,2.58,151.31,104.23,577.64,3.22,934.68,58.00,485.86
2026-01-19T11:50:00Z,66.47,1916.06,172.93,1315.41,34.41,2462.96,157.79,48.04,55.13,2327.98,161.39,536.03,30.41,2448.00,157.93,38.07,223.27,40.36,93.49,200.99,1764.91,3547.91,2.40,148.87,105.94,590.84,3.08,938.46,58.13,489.07
2026-01-19T12:00:00Z,66.23,1916.94,173.10,1308.76,34.09,2467.92,157.14,46.26,54.88,2313.27,160.80,540.85,30.12,2456.32,157.71,32.65,224.63,40.84,93.55,202.16,1782.21,3558.37,2.53,149.65,105.81,590.14,2.66,939.14,58.94,498.43
2026-01-19T12:10:00Z,66.74,1901.84,172.74,1302.35,33.69,2470.43,157.25,62.51,55.14,2332.28,160.98,555.06,30.40,2446.91,157.59,24.99,223.84,37.98,93.05,203.16,1782.61,3549.25,2.21,151.92,107.14,582.20,3.06,944.45,60.29,486.21
2026-01-19T12:20:00Z,67.15,1896.33,173.42,1325.64,33.98,2480.86,157.58,65.98,54.95,2330.34,161.62,549.50,30.26,2443.29,157.40,39.89,225.47,40.47,92.45,207.81,1786.09,3544.41,2.61,149.60,109.76,592.70,3.07,937.78,60.25,503.21
2026-01-19T12:30:00Z,67.15,1894.31,173.52,1344.95,33.69,2483.00,157.75,59.65,54.92,2327.76,161.74,544.40,30.49,2441.32,157.95,38.55,230.23,37.20,92.61,202.74,1787.82,3554.88,2.46,149.89,108.05,588.55,3.21,946.50,61.35,501.81
2026-01-19T12:40:00Z,67.09,1896.01,173.87,1330.54,33.63,2476.36,158.24,51.07,54.41,2339.01,161.78,535.75,30.03,2452.46,157.98,31.64,222.65,39.48,93.66,206.02,1788.79,3554.62,2.52,150.97,106.27,574.10,3.12,935.43,60.95,483.24
2026-01-19T12:50:00Z,66.80,1908.13,174.16,1326.03,33.68,2485.20,157.70,41.16,54.59,2339.89,161.17,524.79,29.72,2454.22,157.96,14.84,226.73,39.03,93.36,202.82,1782.15,3550.92,2.56,150.53,107.70,,2.96,940.81,59.40,479.30
2026-01-19T13:00:00Z,66.72,1909.80,174.52,1332.69,33.99,2482.49,157.43,49.75,54.77,2331.41,161.10,519.44,29.56,2464.05,157.08,7.88,224.51,39.23,93.55,200.86,1779.18,3559.07,2.51,149.40,107.82,590.19,3.15,942.83,60.15,495.97
2026-01-19T13:10:00Z,66.54,1915.25,173.96,1313.30,33.69,2481.33,157.65,46.09,54.93,2323.06,160.58,526.73,29.18,2467.58,156.58,0.00,223.25,39.39,93.65,202.23,1786.82,3538.48,2.74,147.86,109.32,588.75,2.99,945.18,60.42,494.69
2026-01-19T13:20:00Z,66.55,1912.30,173.95,1303.46,33.73,2478.96,157.58,31.80,55.09,2325.15,160.33,520.05,29.13,2467.25,157.59,0.98,224.67,38.22,94.32,199.28,1775.65,3554.17,2.65,150.24,109.35,578.38,2.59,941.16,59.39,494.08
2026-01-19T13:30:00Z,66.48,1904.89,173.71,1313.18,34.01,2480.38,156.53,45.45,54.91,2317.21,161.57,546.42,29.07,2459.13,157.56,6.52,217.68,38.54,93.75,193.85,1769.46,3552.88,2.75,148.30,107.63,582.44,3.29,933.91,59.64,485.49
2026-01-19T13:40:00Z,66.80,1902.78,173.36,1310.88,34.18,2466.67,156.73,54.59,54.93,2318.21,161.28,537.13,28.99,2467.93,157.19,0.03,217.49,39.48,93.86,194.19,1770.73,3546.84,2.28,149.49,103.06,575.00,2.94,931.04,59.21,482.25
2026-01-19T13:50:00Z,66.94,1906.03,173.12,1322.47,34.55,2468.11,156.88,60.65,54.98,2317.23,161.77,544.76,28.74,2478.49,158.09,0.00,220.25,40.40,93.23,198.49,1775.03,3559.31,2.61,150.61,105.90,581.99,2.89,933.47,60.80,479.61
2026-01-19T14:00:00Z,66.77,1903.78,173.63,1317.56,33.99,2448.31,157.20,72.15,54.67,2324.23,161.81,536.75,28.54,2478.15,157.83,0.00,219.48,40.45,93.86,198.46,1773.35,3555.05,2.38,149.88,105.23,584.43,3.58,931.70,58.78,495.80
2026-01-19T14:10:00Z,67.12,1898.66,173.53,1336.68,34.40,,157.70,86.14,55.07,2323.46,161.82,548.53,28.72,2482.41,157.49,0.00,218.97,40.22,93.92,194.20,1768.84,3550.46,2.33,149.39,105.68,587.43,3.01,927.40,59.24,485.04
2026-01-19T14:20:00Z,67.16,1901.71,173.52,1333.71,34.45,2457.44,158.21,94.52,55.56,2319.72,161.67,563.35,29.36,2480.75,157.32,17.04,222.56,39.13,94.00,201.61,1771.07,3555.72,2.66,150.28,106.60,585.85,3.33,928.03,59.77,485.52
2026-01-19T14:30:00Z,67.06,1899.08,173.58,1331.10,34.74,2464.06,157.27,87.54,55.42,2312.48,161.96,570.26,29.33,2476.16,156.50,0.00,225.30,42.68,93.57,203.96,1779.02,3558.74,2.42,151.33,109.78,586.08,3.33,934.13,58.83,487.26
2026-01-19T14:40:00Z,66.98,1892.52,173.65,1326.66,34.76,2470.66,157.54,75.82,55.13,2315.13,161.58,569.15,29.50,2466.29,157.55,16.30,223.65,42.11,94.28,199.63,1772.71,3557.54,2.56,148.87,105.41,582.90,2.57,941.65,59.98,478.49
2026-01-19T14:50:00Z,67.36,1901.89,173.98,1329.93,34.73,2460.23,157.10,83.05,55.28,2322.40,161.95,553.07,29.73,2452.01,157.51,25.39,225.28,41.19,94.00,201.21,1776.73,3555.19,2.43,150.54,108.24,586.24,2.96,943.39,59.86,485.00
2026-01-19T15:00:00Z,67.34,1902.17,173.57,1325.76,34.06,2464.88,156.89,71.00,55.23,2323.00,162.01,558.52,29.73,2450.95,158.07,10.67,225.10,40.85,93.38,203.92,1776.59,3560.37,2.32,150.36,107.55,582.99,2.85,937.98,60.16,487.55
2026-01-19T15:10:00Z,67.45,1881.25,174.22,1338.51,34.10,2468.53,157.27,68.10,55.36,2310.95,161.84,558.30,30.17,2451.54,158.65,28.82,226.25,43.24,93.05,200.32,1781.50,3532.82,2.53,149.27,112.05,580.01,2.95,941.43,59.33,488.14
2026-01-19T15:20:00Z,67.15,1891.81,173.56,1336.73,34.12,2471.50,157.49,67.14,55.58,2302.62,162.23,555.24,29.83,2452.97,158.49,17.80,224.98,42.60,93.98,204.39,1779.20,3547.06,2.36,149.80,106.48,588.28,3.24,939.40,59.04,487.82
2026-01-19T15:30:00Z,66.76,1897.10,172.76,1324.90,34.63,2463.29,157.69,77.22,55.41,2313.61,162.31,554.93,30.07,2444.15,158.70,3.49,228.19,44.05,94.64,205.30,1786.12,3563.76,2.57,149.84,109.23,579.38,2.73,942.89,58.19,484.80
2026-01-19T15:40:00Z,66.81,1894.24,173.04,1338.66,34.40,2466.68,157.57,74.94,55.59,2327.79,162.61,541.26,30.34,2439.84,158.09,17.63,225.97,42.25,95.03,201.36,1779.44,3546.91,2.75,150.16,105.82,580.16,2.89,941.22,59.61,486.98
2026-01-19T15:50:00Z,66.92,1893.54,173.81,1335.28,34.46,2459.76,158.16,91.07,55.51,2318.34,162.49,557.73,29.89,2447.50,158.16,22.52,228.16,42.61,94.42,206.35,1777.10,3554.51,2.52,151.09,112.42,603.50,2.82,939.44,60.82,502.58
2026-01-19T16:00:00Z,66.87,1904.36,172.72,1313.19,34.59,2456.44,156.85,88.84,55.27,2313.93,162.51,565.72,30.09,2445.67,157.94,39.87,229.46,42.00,94.06,208.57,1791.14,3536.12,2.38,148.56,112.10,589.28,2.95,942.82,59.93,499.30
2026-01-19T16:10:00Z,66.93,1899.44,172.97,1307.21,34.81,2462.56,157.29,86.78,55.27,2317.48,161.78,563.74,29.78,2457.08,158.57,38.71,227.58,42.24,93.72,204.89,1784.48,3560.17,2.35,150.87,111.36,587.53,3.09,940.05,60.16,490.82
2026-01-19T16:20:00Z,66.85,1898.22,173.06,1317.45,34.79,2461.03,157.50,77.34,55.26,2319.87,161.44,551.08,29.84,2454.39,157.31,11.24,229.68,41.89,92.91,210.03,1785.48,3541.73,2.68,149.65,109.37,588.26,3.25,941.10,59.68,493.52
2026-01-19T16:30:00Z,66.79,1899.32,173.53,1298.63,34.64,2457.35,157.79,69.66,55.42,2314.79,,548.00,29.92,2452.13,158.11,18.44,225.27,40.18,91.96,203.46,1765.63,3549.21,2.45,152.30,106.95,585.86,3.12,931.67,,494.82
2026-01-19T16:40:00Z,67.20,1895.09,173.58,1313.81,34.85,2445.47,157.75,74.07,55.73,2301.52,161.60,552.00,30.24,2441.49,158.42,42.78,229.79,39.07,93.85,206.62,1789.47,3542.05,2.69,149.11,108.52,581.98,2.97,949.95,59.23,483.31
2026-01-19T16:50:00Z,67.44,1891.46,173.44,1339.23,34.84,2457.41,157.43,71.22,56.09,2294.90,161.79,566.79,30.70,2440.77,157.70,32.51,232.38,37.58,94.76,207.25,1777.36,3550.95,2.69,150.10,109.02,578.54,3.23,941.63,60.56,495.93
2026-01-19T17:00:00Z,67.13,1906.01,174.21,1339.96,34.74,2456.68,156.93,79.95,55.82,2304.12,162.12,582.64,30.98,2440.94,157.70,38.53,227.25,39.55,93.52,206.24,1789.62,3542.36,2.63,149.78,109.07,592.25,3.37,939.77,60.03,491.53
2026-01-19T17:10:00Z,67.42,1895.28,173.69,1330.45,34.80,2451.05,157.41,79.76,55.61,2298.76,162.09,572.18,31.15,2431.05,157.79,31.05,230.63,43.13,93.31,204.48,1780.80,3547.76,2.56,147.63,106.56,581.63,2.70,939.98,59.32,483.28
2026-01-19T17:20:00Z,67.17,1897.30,173.47,1340.34,35.30,2447.98,157.27,92.18,55.92,2304.83,161.81,560.36,30.55,2435.08,157.40,25.84,228.36,42.44,92.62,208.65,1786.86,3551.97,2.29,149.79,107.10,579.85,2.98,944.04,58.55,485.25
2026-01-19T17:30:00Z,67.24,1903.06,173.11,1339.47,34.86,2436.64,157.06,97.26,55.96,2301.31,162.25,578.07,30.36,2426.01,157.64,41.36,235.16,41.85,93.48,214.63,1796.02,3555.55,2.19,150.36,113.87,593.41,2.89,946.16,59.16,481.45
2026-01-19T17:40:00Z,67.01,1903.23,173.37,1335.43,34.52,2450.31,157.84,91.96,55.63,2316.44,162.15,569.81,30.77,2437.04,157.66,38.38,235.42,44.05,93.67,210.59,1792.76,3554.42,2.61,150.66,112.66,593.32,3.00,948.64,59.22,508.01
2026-01-19T17:50:00Z,67.23,1904.92,173.25,1317.35,34.77,2452.54,158.05,87.68,55.50,2319.40,161.99,571.11,31.09,2426.05,157.80,61.57,234.42,43.73,93.40,212.86,1786.12,3534.95,2.81,148.39,111.46,591.87,3.22,948.28,59.77,491.85
2026-01-19T18:00:00Z,67.15,1897.75,173.82,1333.87,34.69,2466.45,157.81,92.24,55.12,2324.17,161.82,548.45,30.81,2438.78,158.11,48.27,231.18,42.46,92.43,,1798.19,3553.22,2.35,151.02,112.99,581.53,3.11,949.45,60.54,496.36
2026-01-19T18:10:00Z,67.58,1898.32,174.12,1359.40,34.73,2448.18,158.35,88.62,54.74,2328.00,161.33,537.66,30.52,2440.75,157.26,51.15,231.61,39.79,92.44,208.69,1784.07,3556.02,2.61,148.39,110.60,584.33,2.82,942.52,59.29,485.00
2026-01-19T18:20:00Z,67.45,1888.49,174.41,1340.43,34.37,2465.78,157.71,83.92,54.90,2321.81,161.12,532.23,30.58,2447.40,158.06,51.67,227.55,41.56,93.34,203.73,1778.86,3561.94,2.57,149.44,110.16,581.53,2.95,947.29,60.12,477.91
2026-01-19T18:30:00Z,67.58,1883.76,174.90,1343.76,34.43,2472.53,157.16,62.45,55.20,2325.14,161.00,525.62,30.80,2431.94,158.26,41.25,226.59,40.14,93.07,204.62,1786.12,3549.49,2.46,148.13,107.47,582.35,3.03,941.13,60.48,480.25
2026-01-19T18:40:00Z,67.63,,173.85,1341.16,34.41,2465.11,157.35,78.97,55.21,2310.16,161.52,550.25,30.29,2439.52,158.62,50.94,227.23,41.25,93.29,208.02,1785.83,3543.28,2.66,148.83,108.12,576.56,2.74,938.55,58.95,489.49
2026-01-19T18:50:00Z,67.62,1874.44,174.08,1358.34,34.16,2451.65,157.42,72.65,55.41,2311.38,160.97,553.79,30.34,2438.30,158.24,23.19,226.19,43.06,93.37,201.03,1787.01,3563.61,2.22,149.15,108.13,582.15,3.03,943.14,58.93,485.90
2026-01-19T19:00:00Z,67.36,1887.14,174.12,1357.47,34.41,2458.80,157.62,71.33,55.25,2312.18,161.31,558.11,30.40,2430.91,158.38,39.96,226.11,41.14,93.76,206.48,1785.93,3549.76,2.82,149.61,109.94,583.54,2.97,947.78,59.47,486.39
2026-01-19T19:10:00Z,67.65,1878.80,174.33,1346.81,34.31,2457.59,157.31,80.96,55.00,2317.73,161.88,561.20,30.67,2429.11,158.17,58.24,231.21,41.53,93.37,204.75,1781.08,3549.54,2.74,149.22,110.29,589.88,2.61,942.66,60.08,486.83
2026-01-19T19:20:00Z,67.11,1893.38,174.49,1352.86,34.33,2454.52,158.05,85.59,55.00,2322.03,161.16,558.20,30.30,2433.89,158.45,54.28,228.92,41.33,93.85,207.85,1780.75,3552.82,2.47,149.17,110.04,580.47,2.56,940.22,61.37,476.87
2026-01-19T19:30:00Z,67.55,1890.04,174.42,1350.80,34.20,2460.37,158.23,79.13,55.12,2311.96,161.99,551.13,30.29,2430.58,158.73,40.41,228.28,42.92,93.09,205.32,1783.34,3556.30,2.56,151.26,110.07,590.33,2.81,946.57,62.02,504.20
2026-01-19T19:40:00Z,67.38,1887.91,173.70,1345.53,34.49,2457.81,158.55,93.83,55.12,2311.54,161.57,554.86,29.79,2453.71,158.84,32.88,230.86,43.15,93.39,204.66,1779.07,3549.30,2.65,147.77,111.48,588.18,3.19,938.81,60.05,494.35
2026-01-19T19:50:00Z,67.96,1876.61,173.37,1348.49,34.75,2457.39,158.27,97.38,55.37,2320.54,161.82,551.08,29.64,2454.88,158.88,25.70,229.26,41.41,94.21,209.48,1772.05,3547.00,2.70,147.59,109.52,584.81,2.63,939.06,58.73,485.19
2026-01-19T20:00:00Z,68.03,1866.50,173.63,1345.71,34.86,2467.77,157.91,85.02,55.24,2314.14,161.32,557.08,30.00,2459.04,158.50,23.62,227.93,42.43,94.21,207.94,1784.01,3548.45,2.56,150.38,109.91,589.92,3.16,937.01,58.24,502.72
2026-01-19T20:10:00Z,68.34,1864.22,173.29,1362.03,34.55,2466.20,157.50,81.59,55.09,2330.43,161.17,553.68,29.87,2456.53,157.68,30.38,224.35,39.52,93.84,203.15,1779.37,3544.33,2.35,150.33,105.75,581.71,2.93,936.17,,483.26
2026-01-19T20:20:00Z,68.06,1871.90,174.75,1358.44,34.72,2468.71,157.30,93.69,54.87,2336.93,161.49,548.58,30.08,2445.74,157.66,22.48,226.38,40.80,95.11,201.47,1771.25,3538.46,2.40,150.00,104.60,579.81,2.90,935.80,58.33,489.22
2026-01-19T20:30:00Z,67.75,1874.24,174.09,1365.85,34.61,2462.54,156.97,68.88,54.85,2331.95,161.49,538.10,29.78,2445.14,157.95,25.69,223.75,42.70,94.07,203.65,1779.65,3545.56,2.60,149.35,106.18,583.73,3.29,938.95,58.75,478.32
2026-01-19T20:40:00Z,67.67,1881.17,174.07,1350.02,34.80,2454.81,157.62,86.42,54.66,2338.17,161.09,534.94,30.09,2455.03,158.16,40.55,225.23,42.02,93.19,205.69,1779.39,3555.09,2.62,149.48,108.25,582.82,3.38,933.64,59.87,485.88
2026-01-19T20:50:00Z,67.83,1888.30,174.09,1343.97,35.23,2453.48,157.64,99.79,54.74,2326.36,161.28,538.24,30.49,2442.86,158.00,33.71,224.87,40.66,94.66,200.01,1775.01,3558.98,2.68,150.49,109.74,588.89,3.06,932.28,59.25,493.51
2026-01-19T21:00:00Z,67.93,1873.31,174.35,1350.87,35.12,2452.64,157.96,99.39,54.37,2335.39,161.42,530.86,30.93,2440.56,158.39,27.89,226.82,39.53,94.89,203.91,1775.04,3565.98,2.62,150.42,108.33,583.33,2.77,930.44,58.98,471.16
2026-01-19T21:10:00Z,67.55,1870.57,174.28,1351.76,34.61,2448.28,157.66,96.07,54.26,2340.92,160.86,521.87,31.20,2432.14,159.04,52.83,226.36,41.63,95.53,205.76,1779.57,3543.22,2.46,150.10,107.27,584.14,2.80,941.13,59.39,484.19
2026-01-19T21:20:00Z,67.61,1879.72,173.98,1349.78,34.30,2457.80,157.51,80.64,54.15,2333.67,161.01,511.71,31.24,2430.30,158.72,57.93,230.37,42.40,94.64,209.33,1791.88,3554.96,2.24,151.17,108.21,588.64,2.58,950.00,59.65,490.45
2026-01-19T21:30:00Z,67.69,1870.08,173.12,1344.90,34.76,2453.70,158.07,76.42,54.24,2338.38,161.66,528.35,30.96,2431.89,158.47,41.77,229.55,42.53,94.72,206.40,1782.88,3546.54,2.44,149.02,110.23,589.10,3.31,942.18,59.96,496.76
2026-01-19T21:40:00Z,67.52,1889.12,173.74,1339.03,34.96,2448.65,158.10,95.67,54.42,2345.91,161.98,521.69,31.04,2419.11,157.91,45.06,226.33,41.62,95.20,203.98,1772.31,3566.01,2.30,150.38,108.89,582.72,2.96,928.36,60.28,481.89
2026-01-19T21:50:00Z,67.50,1890.21,174.51,1346.86,34.78,2448.30,157.92,95.76,55.05,2326.63,161.46,528.29,31.16,2423.59,157.17,54.22,221.95,41.04,93.73,200.56,1785.10,3554.66,2.40,149.28,103.65,584.95,3.02,942.73,60.20,486.23
2026-01-19T22:00:00Z,67.12,1893.89,174.69,1338.15,34.94,2457.82,157.21,81.33,55.32,2318.62,160.64,535.11,31.34,2417.00,157.69,67.97,226.88,42.60,94.38,203.35,1782.11,3548.75,2.81,147.60,109.16,589.73,2.78,948.92,59.00,498.04
2026-01-19T22:10:00Z,67.32,1887.16,174.24,1329.63,34.58,2460.93,157.44,96.84,55.38,2326.11,160.93,550.76,30.92,2420.18,158.15,66.26,230.89,42.90,93.50,205.23,1787.54,3538.96,2.47,148.95,108.77,583.83,3.03,944.81,57.96,479.36
2026-01-19T22:20:00Z,67.12,1889.58,174.23,1329.33,34.68,2464.19,158.22,94.06,55.61,2314.23,160.54,551.04,31.02,2425.16,158.41,75.58,226.55,42.10,93.45,203.91,1776.60,3555.19,2.57,149.48,109.54,590.78,3.25,935.98,59.27,506.73
2026-01-19T22:30:00Z,67.66,1892.22,174.77,1329.74,34.93,2450.05,157.50,93.45,55.32,2317.13,160.81,549.17,31.18,2430.03,158.71,68.91,232.50,40.70,93.94,206.79,1785.76,3547.29,2.40,148.82,111.57,596.41,3.25,944.00,59.50,496.83
2026-01-19T22:40:00Z,67.56,1892.17,174.42,1331.58,34.79,2460.34,158.50,84.63,55.22,2315.61,162.15,544.33,30.78,2431.13,158.44,61.98,227.10,40.98,94.45,204.02,1780.26,3549.89,2.45,150.22,107.96,593.90,2.95,943.31,59.16,490.96
2026-01-19T22:50:00Z,67.53,1893.50,174.22,1332.89,34.79,2462.19,158.26,90.86,55.62,2310.08,162.50,554.49,30.75,2425.62,158.57,72.78,227.00,41.33,93.78,202.12,1785.70,3545.05,,150.63,110.25,584.63,2.63,941.03,59.00,483.42
2026-01-19T23:00:00Z,67.62,1892.66,174.41,1330.39,34.77,2452.92,157.72,95.56,55.73,2308.64,162.03,566.16,31.48,2424.54,159.22,81.66,231.26,43.80,93.20,214.29,1790.24,3549.23,2.53,151.01,111.30,589.00,3.08,940.50,58.76,493.16
2026-01-19T23:10:00Z,67.83,1887.18,173.72,1338.79,34.35,2457.30,157.25,70.08,56.24,2294.74,162.14,585.12,30.91,2423.88,158.79,63.55,231.05,41.90,93.97,210.32,1793.27,3550.61,2.41,151.49,112.52,589.00,2.88,941.00,59.71,493.12
2026-01-19T23:20:00Z,68.04,1872.02,173.50,1352.22,34.04,2464.23,157.63,66.20,55.84,2307.09,162.10,583.91,30.90,2424.59,159.37,74.94,233.39,41.95,93.45,214.24,1794.25,3557.03,2.21,150.87,112.45,586.70,3.09,945.34,59.46,486.70
2026-01-19T23:30:00Z,68.12,1876.75,173.50,1358.58,34.07,2477.90,158.02,63.58,56.05,2301.50,161.83,566.38,30.78,2428.20,158.51,57.28,225.44,41.27,93.43,203.61,1773.97,3548.44,2.61,150.54,109.26,590.13,2.75,945.12,59.81,489.82
2026-01-19T23:40:00Z,68.15,1871.84,174.27,1355.48,34.16,2464.67,158.07,70.95,55.72,2307.50,162.20,581.32,30.90,2424.31,158.32,59.74,226.25,41.22,93.83,201.22,1772.44,3553.62,2.57,149.98,108.51,587.45,2.65,938.49,60.22,485.40
2026-01-19T23:50:00Z,68.06,1885.04,174.02,1356.07,34.11,2465.50,158.14,69.29,55.97,2304.18,162.06,574.21,30.98,2419.37,158.32,52.84,226.44,41.47,94.19,200.42,1781.80,3550.99,2.45,149.54,108.49,585.23,2.91,934.53,59.33,478.77
2026-01-20T00:00:00Z,68.41,1880.43,174.35,1366.66,34.69,2463.80,157.81,68.21,56.26,2289.28,161.74,575.21,31.38,2425.54,158.63,68.77,230.17,44.26,93.73,208.58,1793.38,3554.54,2.54,149.89,110.46,589.91,2.76,946.31,59.18,486.60
2026-01-20T00:10:00Z,68.32,1871.51,174.12,1361.16,34.66,2455.24,157.16,74.99,56.34,2284.69,162.06,585.55,31.71,2416.26,159.01,59.29,227.85,42.48,94.17,206.36,1785.95,3544.48,2.50,149.42,107.50,583.56,3.11,945.75,59.18,490.25
2026-01-20T00:20:00Z,68.87,1848.76,173.79,1373.76,34.61,2465.74,157.24,67.90,56.15,2290.75,162.65,586.72,32.26,2400.45,158.60,83.20,233.81,41.01,93.80,210.30,1798.07,3552.28,2.66,151.38,114.72,590.83,2.78,955.23,58.09,487.54
2026-01-20T00:30:00Z,68.38,1859.69,174.49,1363.69,34.26,2471.54,157.52,56.88,55.31,2302.67,162.72,571.04,32.25,2399.15,158.90,75.30,234.26,42.46,93.97,210.64,1784.38,3544.91,2.58,149.49,107.66,584.48,2.76,947.37,59.01,478.87
2026-01-20T00:40:00Z,67.96,1876.08,174.25,1380.33,34.03,2482.85,156.89,60.43,55.35,2325.57,162.27,568.85,32.66,2394.59,159.06,73.41,225.59,42.36,94.38,206.81,1787.44,3556.50,2.46,148.27,106.77,587.00,3.38,946.73,61.66,491.39
2026-01-20T00:50:00Z,67.73,1879.32,174.34,1355.85,34.17,2477.96,157.42,67.27,55.33,2321.96,161.13,537.00,32.58,2396.19,159.28,90.92,230.97,43.37,94.25,208.27,1790.50,3561.06,2.81,149.70,108.81,583.38,3.15,933.89,59.71,481.98
2026-01-20T01:00:00Z,67.93,1875.67,174.90,1353.35,34.38,2471.54,156.86,67.97,55.54,2305.43,162.18,555.81,32.78,2388.18,159.34,105.12,232.80,44.17,94.26,210.74,1785.02,3542.39,2.37,147.63,110.22,590.44,2.91,938.76,59.97,494.76
2026-01-20T01:10:00Z,68.16,1872.36,174.22,1370.28,34.38,2462.56,157.17,72.67,55.71,2300.89,161.90,561.14,32.72,2382.49,159.17,109.86,235.61,43.32,94.90,209.24,1792.29,3565.94,2.75,150.06,111.29,585.71,3.18,948.81,60.43,486.82
2026-01-20T01:20:00Z,68.41,1861.01,174.24,1364.97,34.39,2471.12,157.32,68.50,55.76,2298.93,161.62,576.37,32.67,2380.64,159.24,110.66,230.80,44.18,93.93,209.79,1779.73,3546.51,2.43,151.07,111.40,592.00,3.18,942.73,59.71,495.35
2026-01-20T01:30:00Z,67.91,1882.30,174.45,1356.09,34.40,2472.91,157.57,70.33,55.68,2301.61,162.31,571.01,33.03,2378.51,160.00,121.96,232.68,45.22,94.32,211.98,1784.12,3547.07,2.44,149.14,112.20,592.45,2.93,942.63,58.97,492.40
2026-01-20T01:40:00Z,67.67,1883.27,174.38,1349.19,34.60,2463.30,157.53,79.57,55.73,2306.32,162.62,568.03,33.10,2376.28,160.46,120.69,236.96,42.63,93.50,213.48,1786.57,3558.88,2.35,149.39,113.07,591.45,3.18,943.41,59.17,497.37
2026-01-20T01:50:00Z,67.71,1888.34,173.71,1333.79,34.19,2458.20,156.88,68.93,55.93,2303.74,,573.46,32.74,2370.31,159.80,126.19,229.43,42.80,93.75,207.45,1783.26,3573.89,2.53,149.29,111.26,589.71,3.35,945.69,59.09,491.61
2026-01-20T02:00:00Z,67.66,1879.97,172.74,1339.55,33.93,2456.91,156.26,76.83,55.63,2304.40,161.69,560.03,33.17,2367.58,159.93,136.26,228.67,43.81,93.21,206.20,1785.17,3550.18,2.66,149.74,110.34,587.65,2.87,946.79,59.46,483.46
2026-01-20T02:10:00Z,68.00,1886.58,173.55,1337.85,34.05,2463.66,156.64,89.01,54.98,2311.29,161.45,552.40,33.42,2370.32,160.78,127.56,228.57,41.73,94.12,202.78,1780.06,3542.05,2.47,149.74,110.39,595.09,3.09,942.77,59.04,502.36
2026-01-20T02:20:00Z,68.36,1877.46,173.32,1349.99,34.58,2464.42,157.12,89.25,55.08,2321.92,161.34,546.96,33.22,2369.40,160.39,126.43,232.86,42.20,95.10,205.24,1774.59,3548.43,2.35,149.33,111.53,587.88,3.07,936.63,58.54,492.81
2026-01-20T02:30:00Z,68.78,1860.43,174.25,1377.80,34.28,2463.05,158.15,97.99,54.86,2320.27,160.20,545.17,33.57,2371.06,160.27,134.04,236.21,42.00,94.20,214.83,1791.99,3553.35,2.31,150.20,113.53,593.77,3.10,944.80,60.08,497.26
2026-01-20T02:40:00Z,68.53,1868.25,173.74,1363.30,34.74,2455.64,158.31,78.30,54.71,2335.95,160.88,541.41,33.72,2366.08,159.90,142.83,235.41,41.29,93.84,208.38,1788.40,3530.11,2.52,148.92,111.82,595.19,3.08,945.39,59.19,497.23
2026-01-20T02:50:00Z,68.69,1863.52,174.16,1370.58,34.74,2448.70,157.48,89.81,55.15,2328.76,161.33,544.57,33.64,2349.58,160.45,159.99,231.42,44.26,93.73,208.58,1785.38,3539.19,2.55,148.92,110.91,588.29,3.16,945.71,58.38,488.77
2026-01-20T03:00:00Z,68.60,1865.86,174.23,1377.12,34.95,2443.75,157.58,94.47,55.36,2323.39,160.97,545.45,33.94,2350.08,160.41,159.83,232.22,44.09,93.95,208.54,1787.00,3550.35,2.47,151.12,111.80,588.43,3.16,946.91,59.23,477.80
2026-01-20T03:10:00Z,68.66,1856.69,174.61,1380.39,34.96,2455.33,157.91,92.00,55.20,2329.87,161.08,535.34,34.01,2356.93,160.72,164.90,232.45,44.49,94.74,208.69,1791.33,3537.00,2.54,146.83,111.24,588.52,2.79,942.13,61.13,488.12
2026-01-20T03:20:00Z,68.55,1863.98,174.45,1378.48,34.53,2471.26,157.62,97.30,55.37,2315.22,160.74,540.93,33.94,2351.38,160.71,165.89,239.02,45.22,93.56,217.29,1787.89,3548.37,2.48,148.52,113.77,582.81,3.21,943.24,60.14,485.08
2026-01-20T03:30:00Z,68.15,1874.96,174.61,1366.98,34.60,2461.12,158.16,83.32,55.79,2310.94,161.25,552.20,33.95,2354.85,161.15,155.87,240.07,43.73,94.81,214.71,1790.38,3564.16,2.70,149.99,115.13,594.57,2.77,940.64,60.36,490.67
2026-01-20T03:40:00Z,67.81,1880.15,174.51,1351.32,34.93,2454.00,158.48,100.63,55.45,2315.08,161.85,555.24,34.07,2350.35,161.00,164.12,240.36,45.71,95.17,214.42,1793.61,3543.25,2.55,150.87,117.40,596.01,3.07,946.31,58.81,500.05
2026-01-20T03:50:00Z,68.10,1886.06,174.32,1355.71,34.81,2441.75,158.54,92.36,55.07,2327.32,161.65,552.63,34.00,2351.57,161.14,169.32,242.03,46.44,94.95,219.51,1799.02,,2.57,150.81,114.65,594.78,3.00,953.81,59.01,499.22
2026-01-20T04:00:00Z,67.81,1890.98,173.93,1354.46,34.66,2449.38,158.05,81.92,54.99,2328.75,162.16,546.97,34.26,2343.40,160.62,169.25,236.54,45.02,94.45,213.93,1796.20,3528.49,2.60,150.86,111.60,591.77,3.14,946.56,59.84,496.53
2026-01-20T04:10:00Z,67.85,1878.98,173.93,1347.50,34.81,2463.09,157.84,98.27,55.61,2313.62,161.85,573.12,34.56,2336.16,160.69,180.12,234.81,46.11,94.06,207.34,1782.70,3543.85,2.34,149.75,112.25,589.90,3.14,945.98,60.29,484.01
2026-01-20T04:20:00Z,67.96,1869.38,173.49,1356.45,34.80,2456.12,158.25,100.20,55.13,2313.47,162.17,556.55,35.15,2321.13,161.78,196.11,235.35,45.53,94.03,212.11,1792.12,3567.68,2.71,150.15,114.41,585.34,2.78,944.31,59.76,492.11
2026-01-20T04:30:00Z,67.59,1880.52,174.02,1353.73,34.96,2452.12,158.21,101.81,55.28,2317.21,161.46,538.38,35.26,2320.79,162.03,208.05,236.46,45.97,94.38,210.67,1783.05,3559.38,2.46,149.00,113.69,593.04,2.97,942.25,59.02,486.60
2026-01-20T04:40:00Z,67.43,1884.32,174.24,1344.95,35.02,2453.88,157.80,94.80,55.43,2316.78,161.28,543.39,35.53,2312.68,162.65,221.91,237.51,45.67,95.14,214.41,1786.96,3552.79,2.61,151.14,113.53,595.29,2.75,944.11,59.55,483.81
2026-01-20T04:50:00Z,67.51,1892.77,174.23,1350.72,34.94,2442.77,158.12,113.08,55.76,2307.84,161.79,551.09,35.29,2325.62,162.66,210.45,242.50,45.69,93.98,218.29,1792.10,3561.73,2.61,150.22,115.30,598.31,2.64,940.46,60.51,495.42
2026-01-20T05:00:00Z,67.39,1891.35,174.05,1353.19,34.81,2447.78,157.89,115.78,55.31,2310.98,161.61,561.97,35.20,2324.93,162.38,199.12,247.24,43.93,94.06,222.89,1803.72,3555.13,2.68,151.36,117.60,600.60,3.07,958.81,59.82,499.17
2026-01-20T05:10:00Z,67.40,1887.75,173.85,1347.72,34.84,2459.08,157.52,101.06,55.56,2321.40,162.07,556.86,35.17,2304.95,163.03,224.66,243.67,45.68,93.92,223.40,1795.33,3546.47,2.33,150.72,116.93,590.35,2.92,946.22,59.55,493.76
2026-01-20T05:20:00Z,66.91,1897.82,174.28,1320.38,35.26,2449.90,157.81,107.37,55.41,2310.08,161.48,562.94,34.89,2320.70,162.06,199.73,239.15,45.77,94.05,213.23,1792.70,3544.51,2.38,148.36,113.55,595.46,2.85,942.20,60.03,487.00
2026-01-20T05:30:00Z,66.70,1899.65,173.75,1318.45,35.41,2446.44,157.33,99.32,55.53,2312.47,160.93,553.78,34.72,2320.11,161.98,183.44,235.96,46.62,93.31,211.73,1781.93,3532.06,2.48,150.23,113.02,587.80,3.18,945.33,60.03,492.56
2026-01-20T05:40:00Z,67.15,1896.60,174.24,1317.89,35.48,2442.29,157.82,88.47,55.26,2312.47,160.37,553.05,34.58,2325.99,160.96,187.16,235.76,46.28,93.99,213.05,1789.07,3526.93,2.28,148.30,111.69,591.62,3.19,939.80,60.35,488.27
2026-01-20T05:50:00Z,67.07,1902.08,173.51,1333.37,35.58,2446.11,158.51,109.91,55.19,2316.15,161.24,553.59,34.77,2338.90,161.42,188.01,235.54,45.64,93.80,210.45,1792.81,3543.15,2.39,150.68,115.03,598.73,3.07,945.16,59.54,493.57
2026-01-20T06:00:00Z,67.16,1891.78,173.35,1343.77,36.12,2425.59,158.56,115.91,55.16,2309.76,161.40,553.14,34.70,2335.74,161.31,176.75,241.65,45.49,94.62,218.67,1791.64,3547.35,2.32,149.52,116.46,597.11,3.18,935.24,58.94,497.20
2026-01-20T06:10:00Z,67.55,1888.05,173.56,1345.35,35.84,2432.54,158.76,127.92,55.34,2319.81,161.42,551.55,34.95,2331.10,161.38,187.92,244.05,43.75,94.47,219.24,1797.28,3544.45,2.65,149.03,114.70,590.38,2.94,955.27,57.54,494.69
2026-01-20T06:20:00Z,67.42,1885.66,173.89,1345.33,36.23,2422.66,158.96,116.87,55.00,2321.20,161.22,548.32,34.55,2322.53,162.08,192.13,243.29,42.21,95.80,216.73,1798.89,3552.52,2.58,147.74,114.80,594.30,3.29,948.85,57.81,490.66
2026-01-20T06:30:00Z,67.35,1881.28,,1344.89,35.88,2428.26,158.42,112.90,55.26,2322.11,161.79,539.90,34.30,2341.80,161.82,181.29,239.51,44.39,95.08,217.21,1796.36,3534.45,2.64,148.45,117.45,596.02,3.10,949.40,60.18,500.41
2026-01-20T06:40:00Z,67.22,1889.00,173.98,1355.60,35.93,2416.18,158.89,134.40,55.28,2322.45,161.50,527.46,34.52,2334.38,161.64,181.68,240.67,44.28,94.64,217.97,1801.39,3544.31,2.55,150.39,116.00,603.12,3.18,953.65,59.09,509.39
2026-01-20T06:50:00Z,67.41,1892.26,173.45,1353.44,35.66,2425.13,158.54,126.82,55.42,2308.62,161.62,535.20,34.67,2334.34,161.68,181.57,240.23,45.16,93.74,216.92,1798.17,3546.62,2.31,149.03,114.58,586.32,2.86,951.08,59.35,491.33
2026-01-20T07:00:00Z,67.79,1875.36,174.43,1366.65,35.33,2430.37,158.91,125.11,55.85,2308.43,161.59,539.55,34.95,2336.25,161.58,183.65,239.88,44.21,93.89,216.88,1796.38,3553.93,2.94,150.56,114.74,588.92,3.22,943.99,59.61,494.96
2026-01-20T07:10:00Z,67.79,1872.38,173.66,1345.01,35.31,2444.49,159.24,113.79,56.12,2299.53,161.57,559.91,35.39,2322.76,161.04,198.92,242.43,44.87,94.45,222.85,1804.83,3554.33,2.46,148.80,115.99,593.92,2.72,950.12,58.30,493.18
2026-01-20T07:20:00Z,67.65,1883.77,173.27,1336.54,34.93,2440.50,159.25,103.25,55.70,2293.85,162.23,575.09,35.92,2305.19,160.82,,238.76,44.17,94.22,214.64,1791.78,3554.58,2.65,149.68,113.20,587.49,3.13,950.50,58.29,492.36
2026-01-20T07:30:00Z,67.98,1876.36,,1345.11,34.42,2460.03,158.36,82.54,55.77,2292.99,162.24,599.53,35.29,2316.24,161.09,228.72,235.37,47.01,94.89,211.71,1791.81,3552.15,2.49,149.94,112.07,591.75,2.86,943.86,58.73,505.68
2026-01-20T07:40:00Z,67.49,1884.36,173.57,1334.89,34.56,2460.73,157.98,88.98,55.43,2302.68,162.75,591.08,35.58,2317.22,161.21,214.35,237.93,47.10,94.10,211.84,1787.53,3554.57,2.38,149.37,111.57,588.21,3.09,940.56,60.75,491.85
2026-01-20T07:50:00Z,67.30,1896.38,173.96,1331.05,34.66,2470.79,158.01,99.12,55.77,2306.62,162.48,581.96,35.75,2307.58,161.85,227.86,238.87,46.29,94.15,214.53,1793.75,3558.75,2.32,150.58,112.19,586.61,2.93,943.75,59.94,485.30
2026-01-20T08:00:00Z,67.09,1899.03,172.72,1333.73,34.28,2474.98,157.88,80.22,55.30,2322.07,162.47,557.24,35.26,2313.32,162.47,221.19,236.82,46.51,93.73,213.51,1791.38,3559.12,2.64,150.38,110.08,591.48,2.80,943.05,58.35,485.49
2026-01-20T08:10:00Z,67.01,1898.35,173.10,1322.07,34.48,2470.50,157.60,66.73,55.46,2319.62,162.46,571.84,35.29,2313.13,163.10,233.26,239.35,47.35,94.19,216.61,1794.51,3561.02,2.71,150.99,116.98,592.33,2.90,952.23,57.94,487.91
2026-01-20T08:20:00Z,67.07,1898.56,173.14,1338.68,34.59,2463.24,157.65,72.24,55.75,2317.25,162.45,570.20,35.51,2312.17,162.05,225.50,242.20,45.48,93.82,217.13,1786.67,3550.91,2.51,148.55,116.41,594.85,3.10,942.00,59.98,488.54
2026-01-20T08:30:00Z,66.64,1903.98,173.54,1325.84,34.26,2464.33,157.16,62.74,55.62,2312.51,162.95,563.29,35.86,2304.89,161.87,227.03,239.00,45.02,95.32,215.65,1793.19,3547.23,2.36,149.37,116.14,595.61,3.00,943.75,58.45,484.80
2026-01-20T08:40:00Z,67.04,1899.82,173.34,1310.57,34.72,2466.61,157.29,57.87,55.27,2313.27,162.73,557.83,35.65,2314.07,162.67,217.62,235.55,43.83,95.13,213.18,1797.13,3545.42,2.19,149.57,111.52,587.95,2.97,946.26,60.17,487.47
2026-01-20T08:50:00Z,67.27,1894.38,173.51,1324.40,34.49,2458.30,157.88,66.04,54.84,2336.23,161.89,547.65,35.45,2307.93,163.11,226.76,231.89,44.27,94.52,208.83,1787.80,3549.39,2.75,149.61,111.70,588.44,3.24,943.56,61.11,479.25
2026-01-20T09:00:00Z,67.34,1887.47,173.51,1331.40,34.82,2456.38,157.38,68.84,54.62,2334.20,161.57,547.21,35.69,2316.88,162.85,228.04,237.72,43.95,94.40,214.34,1783.55,3556.88,2.39,150.62,113.55,592.61,3.10,938.15,60.32,497.30
2026-01-20T09:10:00Z,67.40,1898.53,173.76,1346.50,34.74,2454.61,157.24,83.15,54.58,2324.82,161.31,541.93,35.15,2324.77,162.29,201.21,237.42,43.78,94.83,216.72,1786.55,3555.61,2.22,149.97,113.07,593.31,2.68,937.82,61.43,500.90
2026-01-20T09:20:00Z,67.56,1888.34,174.21,1349.46,34.75,2449.86,157.57,78.95,54.86,2328.57,161.82,547.87,35.28,2308.55,162.51,219.71,237.87,42.37,93.98,213.18,1786.75,3533.49,2.54,151.13,114.39,594.63,2.84,952.04,59.98,494.72
2026-01-20T09:30:00Z,67.59,1884.15,174.05,1357.49,34.53,2466.51,158.49,80.96,54.74,2330.62,162.36,536.76,35.38,2313.09,161.76,211.47,238.49,44.43,94.32,211.85,1776.16,3551.59,2.39,149.87,116.91,591.91,3.10,946.44,60.02,488.14
2026-01-20T09:40:00Z,67.86,1885.26,173.90,1354.82,34.33,2477.91,156.91,73.16,54.76,2330.22,161.57,550.79,35.37,2325.51,161.36,220.17,236.20,45.17,94.11,214.10,1788.71,3553.56,2.65,151.24,114.38,589.30,2.73,953.43,59.19,496.79
2026-01-20T09:50:00Z,68.21,1881.85,174.13,1358.53,34.17,2474.05,157.04,67.88,54.23,2348.18,160.74,526.89,35.51,2329.62,162.16,216.44,239.15,44.80,94.15,217.52,1796.65,3560.96,2.74,148.32,116.78,599.48,3.06,950.42,59.25,502.47
2026-01-20T10:00:00Z,68.12,1879.65,173.58,1356.49,34.06,2476.14,157.35,70.33,54.72,2331.74,160.53,511.33,35.32,2322.39,162.36,206.23,239.46,42.79,93.96,218.43,1798.58,3555.17,2.50,148.60,113.33,588.55,3.02,956.93,59.55,488.27
2026-01-20T10:10:00Z,67.88,1874.82,173.75,1365.99,34.03,2475.40,157.85,70.51,54.77,2324.24,161.22,523.17,35.25,2332.27,161.64,207.81,232.29,41.83,94.56,207.66,1788.51,3538.18,2.33,149.56,111.74,590.15,2.73,950.23,61.01,489.38
2026-01-20T10:20:00Z,67.59,1884.52,174.34,1359.43,34.24,2462.95,157.37,65.92,55.06,2328.02,161.24,535.22,35.39,2317.83,160.99,209.50,233.50,40.71,93.80,212.42,1779.95,3539.35,2.48,149.19,112.75,591.31,3.04,935.23,59.73,489.09
2026-01-20T10:30:00Z,67.03,1897.26,174.79,1345.79,34.25,2459.48,157.10,61.61,55.00,2325.82,162.00,553.96,35.55,2311.93,161.50,219.02,236.64,42.53,93.50,209.38,1784.18,3555.00,2.51,150.08,114.20,590.89,2.90,949.51,60.72,486.09
2026-01-20T10:40:00Z,67.34,1884.20,173.31,1342.54,34.15,2471.83,156.34,66.69,55.14,2311.95,161.48,555.33,35.71,2311.50,162.04,224.57,240.65,44.08,94.00,212.24,1795.07,3552.18,2.21,148.71,114.21,596.47,2.81,944.81,59.79,488.46
2026-01-20T10:50:00Z,67.24,1892.49,173.01,1345.88,33.78,2487.85,157.27,56.19,54.95,2330.78,161.49,547.27,35.80,2301.69,162.32,243.63,245.50,46.11,94.17,219.54,1796.44,3546.28,2.27,150.90,120.23,604.30,3.00,946.58,59.67,498.88
2026-01-20T11:00:00Z,67.59,1895.01,173.32,1333.19,33.94,2473.76,157.64,56.93,55.04,2327.92,161.07,543.14,35.84,2303.10,162.29,245.47,236.67,45.57,93.92,213.80,1794.56,3548.64,2.61,150.56,117.20,601.03,3.09,946.28,59.27,495.85
2026-01-20T11:10:00Z,67.82,1885.29,173.20,1334.15,34.21,2477.24,157.28,58.81,54.86,2324.28,160.85,529.74,35.52,2302.86,162.62,234.70,232.25,44.42,93.62,209.11,1787.62,3550.78,2.62,149.96,110.59,582.57,3.17,947.16,59.48,480.90
2026-01-20T11:20:00Z,67.90,1875.63,173.56,1359.30,34.14,2463.85,157.51,57.26,54.72,2325.57,161.29,533.98,34.93,2316.09,162.64,232.41,232.75,46.78,94.41,210.99,1787.89,3551.59,2.49,150.70,111.79,593.43,2.86,940.51,60.84,490.55
2026-01-20T11:30:00Z,68.40,1882.49,174.14,1359.38,34.54,2453.66,157.37,72.89,54.69,2328.45,161.26,524.04,35.47,2310.57,162.04,230.24,239.60,45.24,93.96,214.37,1783.54,3542.16,2.59,149.09,113.63,594.35,2.87,945.74,58.82,495.77
2026-01-20T11:40:00Z,68.26,1870.70,174.93,1364.64,34.59,2450.95,157.84,85.82,54.95,2323.90,160.75,533.10,35.41,2299.40,161.36,219.08,237.97,44.85,93.71,212.52,1789.02,3564.05,2.26,152.31,114.51,591.55,2.80,943.09,59.42,495.97
2026-01-20T11:50:00Z,68.39,1875.72,174.89,1375.79,34.47,2454.62,157.80,83.83,54.98,2328.45,160.70,530.88,35.31,2308.49,160.90,217.66,239.42,45.62,93.58,216.14,1794.44,3547.77,2.44,148.78,112.29,594.14,2.73,947.75,60.18,489.26
2026-01-20T12:00:00Z,68.68,1871.30,175.40,1378.81,33.98,2472.00,157.41,71.50,55.32,2317.06,160.66,542.91,35.35,2313.85,161.76,223.26,235.99,47.00,93.76,209.38,1792.18,3548.27,2.42,150.62,115.12,594.12,2.92,945.88,61.58,498.70
2026-01-20T12:10:00Z,68.53,1864.13,174.77,1374.17,33.83,2474.28,157.52,60.26,55.36,2328.37,161.57,538.47,35.51,2319.21,161.98,216.20,232.45,45.49,94.47,209.30,1796.18,3547.97,2.30,149.43,111.70,591.04,2.94,946.17,60.99,493.51
2026-01-20T12:20:00Z,68.42,1861.06,174.18,1367.76,33.47,2473.15,157.86,57.92,55.30,2320.21,161.73,546.24,35.28,2325.38,162.28,196.08,235.19,44.69,94.71,212.79,1790.20,3556.17,2.36,149.36,111.50,588.95,3.17,944.70,61.65,500.65
2026-01-20T12:30:00Z,68.44,1860.18,174.50,1376.85,33.56,2484.40,156.82,43.62,55.81,2319.15,161.06,543.89,35.42,2325.04,162.23,193.97,232.86,45.63,95.11,215.32,1794.19,3550.04,2.62,149.83,110.29,595.08,2.93,943.02,59.95,493.14
2026-01-20T12:40:00Z,68.62,1869.65,175.19,1382.65,33.35,2486.82,157.52,55.75,55.61,2319.86,160.64,543.93,35.18,2321.61,162.23,205.45,234.84,46.69,95.75,215.61,1788.47,3552.56,2.36,150.39,113.44,593.07,2.60,941.35,59.50,502.82
2026-01-20T12:50:00Z,68.24,1873.09,174.76,1370.04,33.58,2495.89,156.81,52.05,55.54,2314.35,160.29,551.30,35.08,2319.14,161.96,205.83,233.84,46.50,95.22,212.24,1793.92,3544.45,2.70,149.54,113.65,596.46,3.23,954.68,58.39,496.50
2026-01-20T13:00:00Z,68.19,1863.05,175.01,1365.60,33.54,2475.31,156.67,42.48,55.52,2305.09,161.11,544.30,35.14,2325.53,161.79,213.12,232.01,47.27,94.18,208.89,1784.79,3553.83,2.48,149.49,108.50,587.10,3.13,944.87,60.02,484.12
2026-01-20T13:10:00Z,68.16,1862.09,173.85,1364.03,33.50,2475.79,156.79,29.03,55.70,2300.92,161.53,575.47,35.13,2321.85,162.78,228.81,230.64,46.48,94.11,210.36,1789.86,3546.21,2.48,150.06,112.93,587.76,3.27,942.56,60.71,492.71
2026-01-20T13:20:00Z,68.31,1871.25,174.40,1362.88,33.80,2472.75,156.13,33.41,55.47,2304.79,161.52,572.67,35.55,2316.41,162.67,222.71,240.69,44.81,94.61,219.18,1786.07,3561.10,2.98,150.59,115.21,593.11,2.70,943.01,59.39,486.72
2026-01-20T13:30:00Z,68.53,1879.32,174.25,1371.51,33.52,2480.50,155.54,41.27,55.49,2299.48,162.31,571.87,35.51,2312.47,161.60,209.20,233.84,44.95,94.15,207.13,1793.23,3539.98,2.38,150.11,113.99,594.94,2.84,942.64,60.42,490.04
2026-01-20T13:40:00Z,68.40,1863.10,174.07,1378.98,33.70,2473.85,156.56,42.35,55.65,2308.65,161.96,597.27,35.51,2313.37,160.83,200.45,238.93,43.74,93.99,214.59,1787.30,3546.20,2.70,149.64,116.24,597.64,2.96,937.39,60.07,501.08
2026-01-20T13:50:00Z,68.16,1869.29,174.21,1372.49,33.92,2474.21,156.30,41.06,55.42,2322.99,161.67,573.08,35.05,2318.12,161.17,207.87,237.25,44.83,94.31,216.17,1788.21,3551.46,2.70,150.13,114.27,598.72,2.83,945.29,60.92,498.44
2026-01-20T14:00:00Z,68.24,1855.20,174.08,1380.52,33.58,2486.69,157.00,45.19,55.48,2323.51,161.96,571.44,35.31,2313.71,160.79,219.84,240.89,47.06,93.62,216.06,1794.56,3533.64,2.53,150.49,112.26,589.22,2.97,940.24,61.02,495.63
2026-01-20T14:10:00Z,68.36,1864.39,174.95,1375.85,33.58,2489.76,157.27,53.07,55.41,2320.86,161.89,562.39,35.27,2315.59,161.26,220.64,239.15,45.46,94.25,215.52,1787.51,3551.21,2.52,150.16,116.06,594.41,2.86,942.89,61.93,496.84
2026-01-20T14:20:00Z,68.47,1862.34,174.62,1373.83,33.81,2476.99,156.65,43.57,55.68,2324.41,161.33,567.70,35.43,2308.22,162.25,231.46,237.33,44.77,94.55,214.23,1777.67,3556.10,2.58,147.77,113.81,591.22,3.39,941.47,61.25,496.96
2026-01-20T14:30:00Z,68.34,1859.06,175.20,1379.28,33.82,2482.56,156.77,52.17,55.81,2316.26,161.25,549.43,35.36,2311.18,161.84,220.60,244.28,45.66,94.57,219.78,1792.60,3548.20,2.41,150.09,117.12,598.06,2.89,943.69,61.19,500.22
2026-01-20T14:40:00Z,68.27,1864.46,174.50,1389.80,33.72,2485.93,156.77,49.35,55.79,2299.21,161.50,569.38,35.17,2311.45,161.56,220.95,242.62,46.40,93.98,220.06,1792.16,3550.26,2.54,149.23,116.02,600.67,2.94,944.18,59.89,498.61
2026-01-20T14:50:00Z,68.01,1869.26,174.45,1390.54,33.77,2485.06,157.48,44.63,55.76,2303.23,162.52,587.33,35.24,2312.93,161.60,223.46,244.56,47.95,94.87,219.99,1796.50,3550.07,2.61,150.77,120.18,600.65,2.63,950.86,59.79,491.08
2026-01-20T15:00:00Z,68.39,1869.00,173.93,1381.35,33.76,2469.79,157.41,51.46,55.77,2305.67,162.36,566.14,35.89,2294.70,161.31,229.61,243.69,46.74,94.32,219.97,1794.38,3539.39,2.37,149.07,117.51,601.45,3.02,944.60,58.44,489.46
2026-01-20T15:10:00Z,68.15,1872.64,174.27,1373.62,33.51,2475.44,157.41,62.81,55.77,2307.53,162.10,564.60,35.37,2299.84,160.94,229.11,240.70,47.11,94.68,216.10,1797.68,3557.49,2.44,150.03,114.74,595.81,3.04,952.18,58.78,499.44
2026-01-20T15:20:00Z,67.91,1882.80,174.05,1356.74,33.59,2480.85,157.46,50.94,56.15,2295.77,162.29,569.62,35.11,2306.83,161.77,218.29,237.80,45.02,94.49,213.81,1790.83,3550.82,2.56,151.19,115.63,603.26,2.89,946.82,57.65,503.02
2026-01-20T15:30:00Z,68.14,1867.51,173.90,1365.39,33.25,2487.21,156.86,41.43,55.79,2295.56,161.56,563.36,35.44,2310.78,162.03,208.57,239.89,45.51,94.75,216.01,1793.03,3553.24,2.71,150.39,114.05,601.10,2.72,946.43,58.34,495.52
2026-01-20T15:40:00Z,67.79,1869.19,173.91,1356.68,33.45,2485.02,156.71,40.88,55.64,2301.51,162.30,562.30,35.41,2321.68,161.47,213.76,238.26,45.92,94.95,215.20,1801.61,3550.20,2.51,150.70,114.26,590.51,3.48,955.72,58.59,491.06
2026-01-20T15:50:00Z,67.45,1879.25,173.92,1347.27,33.21,2489.06,156.28,32.39,55.75,2315.71,162.22,562.05,35.60,2310.29,161.43,218.74,238.84,44.19,95.61,211.95,1783.45,3534.16,2.41,147.79,114.49,587.68,2.94,947.79,59.08,491.24
2026-01-20T16:00:00Z,67.51,1881.33,173.07,1346.40,33.12,2491.68,156.40,21.85,55.63,2325.42,161.19,571.02,35.94,2314.32,161.53,224.17,231.84,44.64,95.19,209.82,1786.88,3564.39,2.40,151.32,112.36,590.02,3.03,940.56,59.78,492.30
2026-01-20T16:10:00Z,67.74,1872.07,172.90,1347.08,33.42,2485.23,156.23,37.03,55.45,2314.22,162.13,565.59,35.98,2304.90,161.96,227.39,227.81,43.26,94.65,203.86,1787.20,3538.98,2.39,149.65,108.49,584.22,2.97,943.02,58.93,492.05
2026-01-20T16:20:00Z,67.71,1882.60,173.16,1344.57,33.65,2486.15,156.16,34.50,55.51,2307.05,161.58,559.54,36.28,2292.96,162.07,253.92,232.21,45.14,93.56,210.92,1788.32,3563.36,2.61,149.90,110.97,588.43,3.08,946.23,60.35,489.13
2026-01-20T16:30:00Z,67.77,1882.37,172.72,1332.39,33.65,2479.07,156.37,46.70,55.38,2317.77,161.39,570.73,36.23,2287.18,162.46,254.33,231.82,46.09,93.04,211.17,1782.29,3548.72,2.44,148.56,109.71,588.09,2.72,930.86,59.66,484.57
2026-01-20T16:40:00Z,67.77,1871.73,173.41,1332.50,33.90,2477.13,156.37,30.46,55.20,2315.02,161.48,577.69,36.33,2276.21,161.86,270.75,233.45,44.80,92.78,209.77,1785.37,3554.45,2.41,150.08,110.80,592.61,2.89,943.10,58.61,486.57
2026-01-20T16:50:00Z,67.62,1879.32,173.91,1328.67,34.23,2464.43,156.35,48.80,54.94,2320.44,161.16,548.12,35.95,2291.05,162.37,253.50,236.48,45.74,93.50,214.28,1792.15,3554.97,2.55,149.32,114.74,593.24,2.87,946.51,58.90,494.80
2026-01-20T17:00:00Z,67.84,1876.34,174.38,1343.69,34.33,2452.40,156.94,64.75,54.94,2320.33,161.19,535.13,35.79,2299.74,163.31,246.59,236.16,44.33,93.76,215.19,1789.01,3549.75,2.44,150.11,113.29,595.76,2.87,943.85,58.90,493.80
2026-01-20T17:10:00Z,67.88,1872.13,174.57,1348.85,34.32,2466.09,156.97,70.49,54.77,2321.26,161.55,537.36,35.84,2298.64,163.05,240.93,238.50,47.78,94.18,216.03,1790.08,3547.53,2.44,152.09,111.11,590.78,2.77,933.72,57.96,483.29
2026-01-20T17:20:00Z,67.89,1887.81,174.16,1342.13,34.38,2471.78,157.70,60.13,55.16,2319.48,161.27,538.65,35.84,2301.52,162.82,230.76,232.69,43.79,93.90,210.21,1788.94,3540.84,2.42,150.75,111.29,592.91,2.91,947.76,58.63,493.76
2026-01-20T17:30:00Z,67.83,1880.89,174.44,1344.77,34.05,2477.70,156.75,66.84,54.76,2326.21,160.91,537.16,36.14,2302.34,162.69,232.33,235.46,44.37,94.52,212.96,1792.28,3539.99,2.19,149.17,114.10,590.67,2.62,945.09,59.35,489.37
2026-01-20T17:40:00Z,67.64,1886.39,173.19,1336.10,33.40,2478.31,156.29,49.55,54.90,2324.71,160.53,545.82,35.86,2297.53,163.24,235.21,235.54,43.60,95.15,210.13,1782.61,3546.08,2.74,150.64,112.21,588.99,3.04,944.55,59.61,498.95
2026-01-20T17:50:00Z,67.35,1896.21,173.52,1319.01,33.14,2482.89,157.02,57.53,54.80,2323.15,160.68,546.97,36.03,2307.73,163.40,236.88,234.98,44.68,94.33,212.07,1794.01,3565.34,2.40,150.65,114.52,588.67,3.16,941.17,60.88,497.25
2026-01-20T18:00:00Z,68.00,1886.02,174.15,1334.66,33.58,2484.96,157.29,48.49,54.86,2326.98,161.45,539.74,35.45,2309.04,162.96,234.70,232.45,44.72,94.51,211.81,1783.79,3546.51,2.26,150.25,114.01,593.59,2.77,942.96,60.58,491.73
2026-01-20T18:10:00Z,68.09,1883.89,173.74,1349.44,33.59,2478.20,156.53,52.37,55.04,2334.15,161.22,543.57,35.61,2313.60,162.37,245.11,235.44,45.69,93.05,210.26,1782.99,3544.78,2.63,148.72,108.77,586.11,3.10,946.30,61.20,497.45
2026-01-20T18:20:00Z,67.80,1879.53,174.17,1344.09,33.59,2481.71,156.41,37.13,54.85,2340.76,161.63,524.33,35.69,2308.84,163.15,246.75,235.49,43.77,93.73,209.76,1781.22,3553.66,2.32,152.21,110.61,589.74,2.75,945.90,60.35,488.73
2026-01-20T18:30:00Z,67.96,1880.22,174.11,1336.35,33.84,2478.74,156.18,34.97,54.61,2333.33,161.18,526.03,35.83,2304.91,162.49,242.55,238.39,44.07,93.93,212.11,1789.86,3558.91,2.60,149.52,112.87,589.27,3.31,948.67,58.98,500.53
2026-01-20T18:40:00Z,67.60,1881.47,173.40,1329.17,33.65,2474.11,156.66,52.17,54.48,2334.85,160.74,517.31,36.23,2311.83,162.68,234.63,237.43,45.21,93.89,216.28,1778.40,3540.28,2.63,150.16,113.13,588.45,2.86,935.85,59.19,495.64
2026-01-20T18:50:00Z,67.82,1886.74,172.88,1345.06,34.24,2472.56,156.70,66.47,54.55,2339.84,160.58,526.88,36.41,2311.86,162.96,223.69,237.41,45.43,93.88,211.39,1794.16,3545.64,2.58,149.26,111.23,588.84,3.22,947.30,59.57,498.77
2026-01-20T19:00:00Z,67.69,1889.60,173.87,1343.36,34.63,2470.39,157.36,73.74,54.12,2343.94,161.50,522.79,35.89,2302.45,161.85,230.79,235.08,43.29,94.26,210.36,1783.87,3540.77,2.60,148.56,111.54,587.57,2.62,941.13,60.46,497.81
2026-01-20T19:10:00Z,67.34,1890.23,173.41,1337.16,34.87,2457.70,157.53,79.13,54.14,2345.50,161.21,515.69,35.35,2304.30,162.14,227.99,234.70,41.42,94.33,210.01,1796.32,3557.30,2.54,147.65,114.96,593.94,3.02,943.88,59.75,492.81
2026-01-20T19:20:00Z,67.12,1898.10,174.24,1345.50,34.37,2456.60,157.14,64.32,54.38,2344.34,161.19,518.10,35.67,2298.94,162.33,232.82,234.05,43.32,94.54,209.08,1785.23,3547.46,2.43,150.80,114.14,594.91,3.14,941.26,59.54,497.45
2026-01-20T19:30:00Z,67.03,1897.20,173.84,1326.94,34.53,2456.46,157.49,80.41,54.93,2334.66,160.76,519.21,35.90,2304.53,162.39,228.05,235.25,42.16,94.17,213.05,1791.57,3566.79,2.58,151.98,115.29,596.83,3.13,948.48,59.50,511.49
2026-01-20T19:40:00Z,66.94,1896.06,173.80,1327.25,34.63,2466.40,157.86,78.10,54.87,2331.93,161.04,527.35,36.16,2300.29,162.25,245.71,243.20,42.70,94.24,216.77,1799.48,3562.39,2.50,150.21,116.88,604.04,3.13,952.07,60.83,503.89
2026-01-20T19:50:00Z,66.70,1903.21,173.51,1316.22,34.80,2451.51,158.07,82.30,54.96,2330.02,160.84,532.88,36.17,2293.03,161.70,254.87,237.13,42.42,94.93,209.54,1787.82,3558.02,2.47,150.96,113.44,597.67,3.04,944.19,59.83,491.93
2026-01-20T20:00:00Z,66.51,1909.06,173.21,1318.89,34.92,2448.51,158.41,86.19,54.80,2322.02,161.29,543.17,35.89,2295.18,161.95,248.00,237.95,43.68,94.68,214.49,1788.49,3545.98,2.50,149.53,113.51,589.65,3.00,946.38,58.71,490.63
2026-01-20T20:10:00Z,66.84,1910.04,173.54,1322.73,34.62,2452.83,157.86,88.95,55.14,2313.58,161.70,530.58,35.87,2297.90,161.80,250.43,233.34,42.00,94.19,210.71,1786.92,3549.95,2.36,149.08,110.84,596.02,3.07,947.89,58.72,505.00
2026-01-20T20:20:00Z,67.02,1898.85,174.08,1331.85,34.85,2452.58,157.12,89.81,55.01,2323.66,161.33,528.70,35.53,2300.75,162.25,236.45,235.59,42.06,94.41,214.09,1782.34,3555.99,2.57,148.72,111.17,593.81,2.74,937.89,59.34,494.67
2026-01-20T20:30:00Z,67.35,1901.74,174.25,1331.22,34.79,2457.47,156.67,97.08,55.48,2317.82,161.31,536.20,35.18,2308.64,162.40,232.50,231.93,42.42,95.18,207.94,1779.07,3547.24,2.49,151.50,112.27,589.18,2.71,940.96,58.66,490.16
2026-01-20T20:40:00Z,67.46,1903.23,174.08,1327.38,34.92,2458.47,156.81,101.18,55.48,2302.48,161.45,557.51,35.09,2310.64,162.26,209.35,235.05,44.16,93.93,209.43,1776.57,3565.01,2.43,148.86,113.54,586.58,2.95,931.63,57.66,491.61
2026-01-20T20:50:00Z,67.40,1903.88,173.92,1327.39,35.06,2445.31,158.24,90.03,55.38,2313.31,161.60,565.25,35.43,2320.41,160.89,217.82,235.23,44.68,93.73,210.71,1785.62,3553.95,2.37,148.93,108.26,587.13,3.18,942.71,57.90,489.07
2026-01-20T21:00:00Z,67.84,1896.61,173.68,1328.62,35.56,2447.75,157.61,113.67,55.87,2307.75,162.30,575.69,35.47,2314.75,161.55,231.02,236.62,43.65,94.82,216.63,1799.56,3539.27,2.50,149.98,111.25,596.92,2.93,948.30,56.68,489.76
2026-01-20T21:10:00Z,68.12,1869.62,174.06,1355.73,35.56,2436.09,157.95,108.50,55.84,2304.08,162.19,581.79,35.52,2306.74,161.58,224.63,238.66,44.39,94.82,213.89,1783.88,3559.27,2.14,149.61,111.31,581.49,2.97,945.78,57.80,497.40
2026-01-20T21:20:00Z,67.77,1872.30,174.08,1351.40,35.56,2437.42,158.44,95.28,55.83,2303.74,161.15,577.00,35.56,2308.96,162.21,218.64,238.73,47.53,94.10,212.84,1786.73,3562.05,2.59,149.69,115.05,593.24,3.23,939.84,57.41,497.21
2026-01-20T21:30:00Z,67.34,1887.38,174.29,1347.61,35.59,2445.48,158.57,109.62,55.86,2300.91,161.64,565.79,35.57,2304.72,162.35,217.42,241.79,48.18,94.33,215.08,1791.20,3541.00,2.26,149.75,117.31,605.38,2.73,945.41,58.78,505.40
2026-01-20T21:40:00Z,67.27,1892.27,174.73,1332.73,35.11,2445.50,158.23,113.82,55.38,2312.78,160.98,576.99,35.72,2305.14,162.91,229.01,236.12,48.92,94.63,212.41,1796.35,3544.39,2.35,149.38,111.95,595.73,3.01,948.32,58.40,497.28
2026-01-20T21:50:00Z,66.88,1897.62,173.84,1329.61,35.20,2449.48,158.05,99.89,54.91,2315.44,161.82,574.62,35.41,2310.66,162.87,228.38,239.71,48.71,94.51,217.62,1797.02,3549.16,2.46,150.96,115.70,597.10,3.33,952.68,58.93,504.92
2026-01-20T22:00:00Z,67.18,1893.06,174.26,1331.46,35.15,2439.62,158.34,104.16,54.92,2328.25,161.81,554.63,35.17,2326.94,162.01,216.40,237.65,45.02,94.17,213.25,1787.04,3536.66,2.83,150.07,115.22,594.54,3.02,942.15,60.70,494.57
2026-01-20T22:10:00Z,67.18,1904.52,173.79,1323.73,35.64,2438.76,159.02,111.08,54.69,2329.81,161.80,553.85,35.29,2315.42,162.26,222.78,234.39,46.32,94.73,206.35,1776.09,3552.33,2.33,150.33,112.47,593.21,3.00,941.85,59.75,482.65
2026-01-20T22:20:00Z,67.31,1899.64,174.11,1332.67,36.20,2428.07,158.38,111.07,54.73,2336.36,162.21,542.66,35.31,2312.44,162.29,220.39,236.53,45.39,94.97,210.48,1793.39,3556.44,2.68,150.80,114.61,590.78,3.21,941.93,60.21,492.87
2026-01-20T22:30:00Z,67.25,1899.72,173.76,1317.96,36.43,2421.54,159.20,135.65,55.42,2317.45,161.00,538.50,35.74,2300.75,162.23,224.95,232.06,44.97,94.67,207.33,1788.85,3551.38,2.46,149.63,108.94,589.17,2.96,936.81,59.90,482.82
2026-01-20T22:40:00Z,67.19,1893.55,173.95,1334.57,36.14,2420.96,159.39,152.46,55.10,2329.00,161.04,521.68,35.51,2307.25,162.63,221.95,239.40,46.71,95.50,214.54,1785.01,3559.94,2.78,150.97,114.59,593.09,3.32,939.09,59.60,491.22
2026-01-20T22:50:00Z,67.08,1894.96,173.97,1326.94,36.01,2417.85,158.65,144.97,55.31,2326.79,161.52,553.27,35.14,2311.95,162.39,217.06,243.06,45.20,95.01,219.56,1799.21,3549.41,2.53,151.57,116.50,599.21,3.23,949.73,58.06,512.95
2026-01-20T23:00:00Z,67.05,1887.01,173.10,1324.11,35.79,2417.10,158.54,129.59,55.24,2322.92,161.59,548.11,34.83,2317.05,162.39,202.72,236.85,45.52,94.92,214.15,1791.72,3533.79,2.36,149.82,115.97,593.25,3.00,946.92,60.22,494.37
2026-01-20T23:10:00Z,67.17,1886.28,173.75,1329.06,35.79,2429.15,158.90,120.32,55.08,2328.93,162.28,559.72,34.97,2327.41,162.08,195.25,237.90,45.12,94.58,212.74,1792.68,3558.06,2.70,147.61,113.83,591.48,2.98,945.68,59.07,490.33
2026-01-20T23:20:00Z,67.05,1892.51,174.28,1339.01,36.06,2436.39,158.15,114.00,55.27,2322.81,162.11,550.71,34.75,2344.17,161.44,179.30,238.33,45.63,93.81,216.51,1799.35,3547.02,2.67,151.09,112.76,592.87,3.02,953.68,58.88,497.34
2026-01-20T23:30:00Z,66.61,1901.34,174.26,1327.19,36.17,2426.09,157.77,116.94,55.50,2309.26,161.73,560.03,34.84,2337.61,162.27,186.04,234.88,45.46,93.78,210.34,1785.89,3561.40,2.34,151.43,111.75,589.54,2.88,947.98,59.29,488.83
2026-01-20T23:40:00Z,66.57,1911.65,173.56,1320.91,36.21,2419.89,158.00,122.62,55.36,2315.59,161.82,564.82,34.88,2334.41,161.63,182.36,235.42,45.96,93.69,207.31,1794.02,3554.40,2.63,151.20,110.65,591.64,3.67,943.62,59.90,495.06
2026-01-20T23:50:00Z,66.54,1906.89,173.29,1311.39,36.60,2411.68,158.39,127.35,55.65,2306.81,161.91,571.42,35.04,2319.77,161.69,184.15,240.53,46.55,93.85,215.98,1781.98,3560.05,2.41,150.60,111.70,583.16,3.10,943.43,61.06,486.88
2026-01-21T00:00:00Z,66.71,1909.02,173.19,1313.64,36.35,2410.67,158.41,134.47,55.63,2309.74,161.95,566.36,35.18,2321.43,161.50,203.06,245.17,46.80,94.18,217.16,1787.76,3548.95,2.56,150.62,116.86,591.51,2.98,941.29,60.33,492.16
2026-01-21T00:10:00Z,66.91,,173.11,1306.13,36.29,2413.86,158.91,141.31,55.37,2319.86,162.03,562.54,35.24,2331.77,161.74,185.33,244.89,46.91,93.84,216.54,1786.49,3558.56,2.38,150.66,115.93,600.32,2.90,944.85,60.34,499.96
2026-01-21T00:20:00Z,67.55,1899.39,172.71,1322.13,36.42,2404.68,159.21,146.37,55.45,2317.04,162.81,578.65,35.21,2324.31,162.00,206.80,246.70,46.37,93.90,220.66,1793.11,3556.70,2.68,148.57,114.38,592.37,3.21,944.35,59.53,496.94
2026-01-21T00:30:00Z,67.60,1893.84,173.09,1332.04,36.58,2406.23,158.70,150.09,55.34,2311.41,162.15,571.55,35.27,2325.10,160.96,196.48,238.75,47.26,94.09,213.45,1783.58,3552.07,2.42,151.93,110.52,594.15,3.01,942.71,58.60,494.16
2026-01-21T00:40:00Z,67.42,1901.99,173.39,1344.03,36.61,2408.36,158.39,154.18,55.27,2318.91,161.72,566.11,35.33,2324.41,161.13,203.97,240.17,47.57,93.31,213.95,1791.69,3539.14,2.53,149.88,115.12,590.26,2.77,947.45,58.13,476.84
2026-01-21T00:50:00Z,67.53,1897.14,173.38,1344.16,36.62,2406.23,158.08,147.63,55.08,2318.06,161.78,548.66,35.34,2322.72,161.45,195.14,234.32,45.50,93.87,210.44,1775.79,3550.99,2.32,148.88,111.28,586.53,3.05,935.96,58.23,497.57
2026-01-21T01:00:00Z,67.57,1882.96,172.64,1338.09,36.27,2403.36,158.73,147.22,54.82,2325.49,161.77,541.61,35.68,2307.93,161.49,211.42,241.45,45.12,94.14,216.14,1790.96,3542.57,2.47,150.32,114.23,594.46,3.24,945.06,59.20,487.90
2026-01-21T01:10:00Z,67.67,1877.45,173.50,1356.60,36.10,2406.45,158.55,137.67,54.96,2331.55,162.33,539.05,35.82,2303.35,161.35,210.81,239.20,43.94,94.36,215.83,1786.49,3531.28,2.33,150.69,114.43,593.70,2.89,943.28,59.95,487.20
2026-01-21T01:20:00Z,67.81,1885.08,173.77,1363.56,36.06,2409.54,158.92,146.44,55.09,2329.86,161.35,544.06,35.59,2305.31,161.03,208.32,244.84,43.63,94.44,221.78,1797.72,3554.05,2.51,150.91,116.46,595.44,3.20,950.00,60.27,486.36
2026-01-21T01:30:00Z,67.31,1888.34,173.65,1351.37,36.01,2418.30,158.56,147.65,55.18,2325.59,161.66,540.99,36.13,2297.30,161.34,218.82,238.77,45.73,94.81,214.50,1782.02,3539.07,2.51,148.03,115.69,596.49,2.63,940.91,59.93,502.77
2026-01-21T01:40:00Z,67.40,1891.27,173.90,1328.92,35.51,2429.42,159.35,132.21,54.85,2321.73,161.23,550.21,36.35,2295.33,161.81,231.51,241.65,44.47,94.11,218.58,1793.94,3540.30,2.45,148.14,116.54,596.19,3.05,946.56,59.63,488.18
2026-01-21T01:50:00Z,67.57,1885.29,173.70,1349.14,35.21,2438.30,159.09,131.34,54.58,2334.55,161.41,531.71,35.95,2295.19,161.24,236.30,247.72,45.01,94.13,225.72,1805.21,3546.02,2.40,149.67,117.77,593.36,2.98,955.32,59.47,500.05
2026-01-21T02:00:00Z,67.71,1885.11,174.26,1346.97,35.10,2447.94,158.77,116.28,54.58,2345.61,161.71,521.39,36.23,2303.96,161.65,239.56,239.40,44.88,94.40,213.50,1792.63,3558.55,2.72,149.88,115.97,595.64,2.90,948.57,59.37,494.39
2026-01-21T02:10:00Z,68.10,1883.28,174.62,1361.83,34.98,2458.05,158.82,121.89,54.51,2333.78,160.75,541.83,36.37,2301.29,161.47,240.29,238.03,45.95,94.33,215.26,1790.40,3543.86,2.45,149.69,113.77,596.70,3.12,950.78,59.06,488.63
2026-01-21T02:20:00Z,68.11,1874.72,174.33,1364.81,34.96,2452.91,158.44,100.63,54.43,2336.62,160.54,537.95,36.20,2302.15,161.89,253.78,236.90,45.58,93.30,213.64,1791.54,3555.01,2.45,150.19,114.10,594.10,3.28,946.79,59.41,491.00
2026-01-21T02:30:00Z,68.22,1877.47,173.99,1373.35,35.03,2442.52,158.15,106.87,54.43,2334.08,160.24,534.18,36.09,2299.12,162.55,244.41,244.35,44.89,93.66,220.95,1790.69,3557.20,2.63,150.07,115.54,593.95,3.13,942.59,58.97,484.06
2026-01-21T02:40:00Z,68.20,1863.66,174.05,1361.11,34.43,2461.76,157.88,89.36,54.27,2336.89,160.67,512.11,36.11,2292.48,161.82,227.03,244.47,45.08,93.98,218.51,1793.11,3543.12,2.52,147.81,115.07,597.46,3.12,948.37,58.70,498.19
2026-01-21T02:50:00Z,67.91,1875.44,174.26,1350.18,34.18,2479.27,157.27,73.36,54.17,2338.34,160.34,499.28,36.06,2290.75,161.78,236.17,236.15,44.98,93.94,214.41,1789.75,3547.52,2.72,150.72,114.98,588.07,3.15,946.10,58.99,490.92
2026-01-21T03:00:00Z,68.07,1871.66,174.70,1363.71,33.98,2468.89,157.77,56.48,54.07,2345.97,160.10,,35.84,2300.10,161.34,239.01,239.12,44.27,93.52,215.42,1789.00,3557.32,2.64,149.67,116.62,598.64,2.89,936.48,59.41,497.40
2026-01-21T03:10:00Z,68.08,1879.16,174.09,1365.66,33.78,2478.21,157.48,49.37,53.89,2353.15,159.70,,35.96,2306.28,161.27,239.98,236.02,42.63,94.07,213.23,1795.14,3567.05,2.53,149.38,111.14,585.64,3.13,947.32,59.74,486.37
2026-01-21T03:20:00Z,68.22,1862.69,173.91,1379.82,34.12,2466.70,157.05,63.11,53.91,2355.15,159.86,,36.10,2298.08,162.53,257.11,233.94,42.25,93.13,212.71,1791.11,3556.49,2.69,150.17,111.37,593.91,3.17,941.39,59.98,494.86
2026-01-21T03:30:00Z,68.60,1860.81,174.67,1394.79,33.97,2469.22,156.74,62.25,53.72,2359.00,160.44,,36.23,2297.31,162.54,257.67,234.25,46.35,94.79,208.46,1784.43,3553.63,2.40,149.12,111.41,589.70,2.89,944.62,58.65,485.90
2026-01-21T03:40:00Z,68.54,1851.33,174.80,1374.39,34.25,2468.04,157.33,55.64,53.62,2359.94,160.30,474.46,36.41,2285.94,161.97,251.14,235.17,44.32,95.21,211.60,1789.27,3547.22,2.39,150.09,110.32,590.34,3.10,937.24,60.26,489.56
2026-01-21T03:50:00Z,68.49,1864.41,174.98,1376.47,33.91,2481.55,157.02,56.86,53.96,2342.25,160.53,496.72,36.56,2291.88,161.88,247.48,234.58,45.80,95.58,211.13,1792.80,3554.10,2.73,149.54,113.05,592.61,2.85,944.97,60.05,497.69
2026-01-21T04:00:00Z,68.62,1863.47,174.26,1370.80,33.85,2480.88,156.34,53.68,54.05,2341.85,160.66,503.74,36.67,2281.90,163.14,260.61,233.19,43.09,94.41,211.60,1786.35,3552.36,2.57,149.29,110.34,585.99,3.24,939.93,61.24,491.32
2026-01-21T04:10:00Z,69.03,1851.79,174.71,1375.93,33.84,2478.45,157.23,70.11,54.07,2349.38,160.63,506.46,36.49,2289.60,163.28,268.13,235.66,43.86,94.52,210.82,1778.17,3567.53,2.85,149.01,112.21,587.66,3.48,940.48,60.57,486.70
2026-01-21T04:20:00Z,68.76,1852.18,174.99,1376.27,33.70,2488.04,156.96,47.58,54.59,2338.65,160.95,506.02,36.66,2286.17,163.28,259.77,237.11,45.88,94.55,212.85,1795.90,3542.54,2.38,149.30,112.94,588.83,3.01,945.01,58.76,485.34
2026-01-21T04:30:00Z,68.99,1858.51,175.08,1383.23,34.03,2478.83,157.40,58.96,54.21,2358.03,160.73,517.96,37.09,2280.55,163.03,267.02,233.11,45.73,94.76,212.41,1791.59,3544.36,2.39,150.61,107.54,587.88,2.68,942.60,58.99,490.83
2026-01-21T04:40:00Z,68.88,1859.64,174.75,1384.93,33.83,2459.23,157.19,50.84,53.84,2355.72,161.22,511.80,36.94,2268.89,163.48,286.32,239.40,46.46,94.96,213.43,1797.52,3561.23,2.25,149.71,115.18,590.15,3.11,951.23,59.85,500.58
2026-01-21T04:50:00Z,68.38,1854.17,174.44,1377.91,33.73,2467.60,157.92,55.83,53.73,2346.17,161.02,505.43,36.88,2268.96,163.14,286.27,241.99,48.50,94.69,216.81,1785.57,3548.45,2.57,152.06,116.92,589.08,3.29,935.29,59.93,488.05
2026-01-21T05:00:00Z,68.08,1866.69,174.21,1384.03,33.57,2478.39,157.59,39.93,53.69,2348.08,161.08,509.35,36.93,2279.45,163.35,277.57,242.90,46.02,94.93,221.01,1802.60,3534.63,2.51,148.32,118.33,599.50,2.68,953.01,59.45,497.58
2026-01-21T05:10:00Z,67.85,1870.12,174.14,1370.74,33.67,2478.06,156.75,44.40,53.62,2348.30,161.33,515.23,36.97,2273.47,163.59,272.36,238.58,45.45,94.36,214.63,1786.61,3563.12,2.59,150.71,116.01,596.80,2.82,948.05,59.31,494.71
2026-01-21T05:20:00Z,68.17,1866.37,174.43,1390.60,33.56,2475.23,157.51,40.99,53.60,2359.17,160.83,512.81,36.86,2283.39,163.66,276.46,238.70,44.71,94.42,214.47,1794.54,3557.25,2.51,148.27,115.37,587.02,3.17,951.08,59.05,497.84
2026-01-21T05:30:00Z,68.18,1871.75,174.52,1380.35,34.00,2474.12,157.12,52.70,53.26,2367.86,160.52,490.85,37.35,2269.21,164.06,285.54,238.99,44.11,95.05,214.45,1785.49,3540.70,2.63,151.10,112.54,591.56,3.04,946.39,60.00,494.76
2026-01-21T05:40:00Z,68.03,1872.04,174.77,1380.31,33.99,2480.86,156.67,62.65,53.11,2366.90,160.36,494.69,37.02,2274.75,162.88,275.88,238.40,43.79,95.81,215.62,1797.94,3557.57,2.70,149.48,115.09,586.68,2.68,950.27,59.71,495.30
2026-01-21T05:50:00Z,67.86,1875.51,174.60,1357.66,33.74,2488.93,156.82,47.04,52.99,2376.15,161.41,484.08,36.91,2273.85,162.56,265.14,234.03,44.70,94.84,205.98,1784.74,3539.74,2.51,149.50,113.01,585.89,2.70,943.55,58.56,491.87
2026-01-21T06:00:00Z,67.94,1871.87,174.50,1348.71,34.17,2480.42,156.47,65.28,53.49,2371.98,161.14,468.78,36.67,2277.42,162.02,263.38,236.17,43.04,95.25,214.33,1796.05,3553.04,2.61,151.03,111.06,590.56,2.86,944.21,59.26,494.89
2026-01-21T06:10:00Z,67.80,1885.14,174.04,1345.15,33.83,2473.17,157.20,66.89,53.85,2369.41,160.50,489.18,36.42,2292.65,160.86,259.03,234.99,45.45,93.74,212.80,1781.21,3553.17,2.65,148.50,112.00,590.10,3.00,936.04,58.20,503.45
2026-01-21T06:20:00Z,67.69,1883.95,173.90,1353.23,33.98,2479.72,156.71,67.77,53.60,2366.03,160.16,491.15,36.47,2303.02,161.71,260.49,236.63,43.54,93.57,214.17,1787.65,3550.27,2.31,151.05,111.66,590.40,2.96,944.07,60.17,502.38
2026-01-21T06:30:00Z,67.80,1882.32,174.29,1346.91,33.77,2482.15,156.97,68.32,53.75,2352.88,160.43,497.25,36.85,2282.34,162.47,271.35,235.96,43.69,92.80,210.97,1788.66,3539.65,2.51,151.26,113.71,601.56,3.07,944.02,61.61,505.79
2026-01-21T06:40:00Z,67.61,1884.21,173.97,1348.99,33.67,2475.40,156.93,68.01,53.75,2337.45,160.27,503.99,36.43,2292.81,162.86,281.56,236.85,43.09,94.57,210.32,1784.49,3553.83,2.42,151.99,112.52,592.89,3.12,934.76,60.91,491.78
2026-01-21T06:50:00Z,67.75,1880.17,173.64,1351.35,33.46,2478.40,156.95,66.40,53.57,2356.38,160.46,496.85,36.47,2286.36,162.91,257.54,241.73,43.41,94.34,218.42,1803.34,3558.60,2.81,150.93,117.79,597.68,3.22,951.29,60.35,494.28
2026-01-21T07:00:00Z,67.69,1888.86,173.61,1364.19,33.22,2489.52,156.04,52.13,53.59,2363.59,160.82,496.15,36.50,2294.93,162.52,247.43,235.15,44.65,94.48,215.21,1791.44,3552.39,2.59,150.80,111.04,589.02,2.81,946.04,59.99,497.23
2026-01-21T07:10:00Z,68.31,1876.97,173.90,1363.19,32.77,2501.75,155.72,35.57,53.98,2357.48,160.38,507.03,36.50,2293.76,161.82,235.63,232.56,43.95,94.15,210.21,1781.64,3543.97,2.25,149.99,110.39,588.96,3.15,940.00,60.17,480.30
2026-01-21T07:20:00Z,68.58,1871.53,173.91,1374.86,32.67,2508.93,156.00,17.58,53.85,2353.65,160.77,510.57,36.44,2301.67,161.83,244.09,232.88,43.91,94.24,211.12,1777.32,3551.38,2.54,149.97,110.20,584.16,3.17,943.37,59.29,491.42
2026-01-21T07:30:00Z,68.45,1869.51,174.23,1379.21,32.60,2504.17,156.76,21.30,53.90,2351.50,160.18,492.06,36.31,2297.07,162.03,262.64,234.01,41.17,93.79,211.36,1791.63,3547.27,2.62,148.99,110.77,594.81,3.00,938.89,58.63,495.68
2026-01-21T07:40:00Z,68.27,1871.08,175.08,1380.26,32.73,2509.56,155.95,16.16,53.90,2358.52,160.28,483.12,36.19,2296.44,162.57,261.56,237.80,44.49,94.76,214.12,1790.67,3557.47,2.60,148.81,114.41,585.68,3.06,947.75,59.17,486.45
2026-01-21T07:50:00Z,68.26,1865.46,174.69,1371.85,32.66,2512.89,156.92,24.60,53.71,2352.65,160.10,492.19,36.11,2306.73,161.68,237.43,232.83,44.15,94.31,208.12,1785.28,3539.17,2.62,151.40,111.68,586.39,2.96,937.07,59.18,489.68
2026-01-21T08:00:00Z,68.18,1869.28,174.56,1365.87,32.76,2516.05,157.16,19.52,53.44,2360.39,160.11,488.37,36.49,2303.17,162.44,252.44,233.48,45.01,94.06,207.49,1792.60,3547.68,2.60,150.78,113.57,590.73,3.35,950.06,59.33,496.65
2026-01-21T08:10:00Z,68.06,1873.52,175.04,1376.93,33.44,2505.00,156.66,0.00,53.24,2371.18,160.46,490.71,36.25,2297.58,162.96,257.13,232.73,44.66,93.37,207.57,1785.46,3542.16,2.40,151.06,112.30,594.02,2.91,943.41,59.45,499.96
2026-01-21T08:20:00Z,68.07,1880.47,174.95,1365.17,33.91,2490.19,156.24,13.25,53.21,2370.76,160.08,475.98,36.14,2290.10,162.61,247.11,233.65,44.78,93.26,207.32,1783.91,3553.37,2.39,148.75,113.56,599.39,3.08,949.20,60.49,497.96
2026-01-21T08:30:00Z,67.77,1882.59,173.81,1356.74,34.12,2494.51,156.48,30.12,53.06,2377.95,161.01,473.56,35.97,2284.65,162.75,262.30,235.46,43.83,93.16,210.65,1786.34,3541.86,2.63,149.71,113.95,593.31,2.80,940.53,58.19,492.44
2026-01-21T08:40:00Z,67.67,1884.50,173.66,1351.90,33.88,2485.61,157.24,43.56,53.00,2372.02,160.36,478.07,35.53,2303.33,162.60,259.11,237.61,43.01,92.95,212.86,1789.53,3543.87,2.69,150.14,113.19,597.96,3.00,944.11,57.60,488.67
2026-01-21T08:50:00Z,67.72,1877.89,173.81,1360.52,33.85,2475.69,157.07,52.10,53.35,2368.96,161.16,491.48,35.27,2309.56,162.61,239.68,235.96,43.64,94.09,209.47,1786.02,3559.51,2.74,150.51,114.12,597.80,2.90,937.68,58.87,501.24
2026-01-21T09:00:00Z,67.80,1880.99,174.36,1361.31,33.64,,157.54,51.68,53.19,2370.50,160.52,491.98,35.33,2304.57,162.17,219.23,236.82,43.56,94.50,211.73,1777.94,3545.78,2.58,147.55,111.98,587.04,3.24,932.07,60.92,504.63
2026-01-21T09:10:00Z,67.83,1875.42,174.34,1346.22,33.55,2482.40,157.35,44.08,53.30,2377.33,159.58,485.86,35.43,2304.87,161.64,225.42,236.49,44.59,93.70,214.94,1793.67,3549.95,2.58,150.49,110.90,598.45,2.94,948.50,58.65,500.03
2026-01-21T09:20:00Z,68.67,1868.59,173.90,1372.81,33.48,2484.81,156.99,32.20,53.51,2359.35,160.08,489.98,34.96,2315.61,161.37,201.49,234.79,43.73,93.00,207.19,1780.89,3540.75,2.17,149.12,112.90,592.07,3.38,942.18,58.35,482.78
2026-01-21T09:30:00Z,68.93,1853.42,174.36,1392.39,33.33,2489.13,157.52,38.92,53.90,2349.20,160.92,510.90,34.80,2320.97,161.17,196.02,235.00,41.66,93.97,215.06,1801.69,3555.58,2.62,149.82,111.76,589.58,2.88,950.95,58.29,492.30
2026-01-21T09:40:00Z,68.86,1850.66,174.87,1399.00,33.64,2475.52,157.37,39.14,54.18,2352.53,161.29,510.44,34.77,2325.39,161.78,199.68,239.42,42.23,94.08,214.06,1794.30,3561.91,2.46,150.35,114.91,594.78,2.82,939.03,58.65,493.48
2026-01-21T09:50:00Z,68.47,1857.89,174.51,1387.87,33.83,2471.90,156.63,61.23,53.96,2352.15,162.03,517.53,35.27,2325.02,161.47,196.91,233.37,43.06,93.21,208.25,1781.47,3541.15,2.43,148.63,112.43,597.81,2.88,937.29,59.34,494.67
2026-01-21T10:00:00Z,68.30,1862.37,174.67,1384.83,33.87,2477.99,156.95,62.97,53.93,2349.40,161.60,503.84,35.14,2321.44,161.19,203.72,233.84,45.22,93.98,207.98,1790.82,3537.93,2.37,150.58,111.71,591.23,3.00,946.87,59.43,492.79
2026-01-21T10:10:00Z,68.17,1864.52,174.31,1373.01,33.67,2476.68,156.78,53.32,53.41,2346.03,160.55,493.94,35.08,2321.34,161.40,198.48,231.05,42.41,95.14,209.69,1790.02,3547.68,2.59,150.42,111.05,595.09,2.68,939.93,58.90,499.09
2026-01-21T10:20:00Z,67.98,1869.38,173.64,1365.90,33.33,2479.61,156.53,46.14,53.94,2349.53,160.07,500.63,35.29,2318.57,161.31,203.74,232.10,43.71,94.29,208.21,1791.15,3556.64,2.36,150.53,111.88,593.15,2.65,949.08,60.24,486.92
2026-01-21T10:30:00Z,68.48,1867.79,174.02,1370.51,33.11,2494.78,157.00,41.84,53.73,2354.86,160.45,503.20,34.92,2326.70,160.65,203.60,237.42,46.05,94.13,214.34,1792.79,3561.74,2.57,149.45,113.08,591.82,3.12,945.20,59.81,504.06
2026-01-21T10:40:00Z,67.85,1880.14,173.88,1357.49,32.94,2497.99,156.74,16.56,53.99,2356.03,160.50,499.67,34.36,2336.74,160.65,186.87,236.07,46.77,94.27,214.21,1800.54,3563.78,2.35,151.95,113.48,585.73,2.99,943.90,60.35,475.63
2026-01-21T10:50:00Z,67.79,1884.47,174.43,1352.07,32.90,2502.61,156.99,21.10,53.97,2337.71,160.88,500.09,35.26,2325.28,160.99,196.45,233.98,43.41,93.76,208.09,1781.67,3561.52,2.74,150.71,110.43,590.74,3.06,940.42,61.07,485.10
2026-01-21T11:00:00Z,68.13,1881.23,174.85,1354.21,33.03,2496.14,156.36,4.90,53.69,2345.58,161.10,493.09,35.23,2317.55,161.92,198.82,229.66,45.56,94.15,208.45,1785.52,3553.17,2.38,149.59,110.40,585.00,2.88,946.21,61.34,485.40
2026-01-21T11:10:00Z,68.35,1881.68,174.94,1359.44,33.10,2496.96,156.14,21.69,53.67,2371.56,161.10,479.25,35.36,2311.87,161.95,206.14,233.86,44.67,94.11,208.52,1782.12,3560.82,2.72,149.46,112.60,589.94,3.19,942.14,61.59,494.12
2026-01-21T11:20:00Z,68.44,1869.06,175.32,1359.90,33.31,2491.68,155.94,22.93,53.59,2362.00,160.48,487.07,34.92,2311.98,161.89,220.42,227.76,43.82,94.79,204.30,1780.01,3560.44,2.61,150.90,111.36,590.73,2.57,941.97,60.83,506.48
2026-01-21T11:30:00Z,68.11,1867.59,175.02,1361.73,33.39,2494.62,156.55,34.28,53.21,2356.72,160.59,491.89,34.91,2315.57,162.41,207.11,228.43,42.21,93.96,205.72,1785.17,3538.17,2.53,148.44,109.36,584.87,3.30,937.85,60.30,486.76
2026-01-21T11:40:00Z,68.15,1856.86,174.57,1371.94,33.56,2487.28,156.19,40.17,53.27,2367.84,160.37,494.63,34.86,2322.12,162.42,203.50,232.00,42.44,93.84,212.17,1787.33,3557.86,2.80,149.54,110.65,589.81,3.38,940.30,60.74,499.37
2026-01-21T11:50:00Z,67.58,1882.53,174.25,1362.62,33.36,2503.39,156.13,31.60,53.20,2371.10,160.32,480.82,34.99,2323.52,161.58,204.48,230.25,43.03,94.02,210.60,1784.47,3534.81,2.64,148.82,110.32,590.53,2.89,941.93,59.90,487.07
2026-01-21T12:00:00Z,67.70,1883.55,174.56,1352.64,33.28,2492.29,155.90,22.39,53.15,2376.26,159.94,471.13,35.45,2309.01,161.84,217.75,228.50,45.26,93.63,204.84,1770.21,3529.85,2.35,149.62,108.21,582.41,2.94,932.91,59.51,482.09
2026-01-21T12:10:00Z,68.06,1876.63,174.80,1373.65,33.63,2496.14,156.22,34.37,53.10,2372.15,159.69,468.33,35.11,2323.16,161.38,216.31,230.44,43.33,93.20,207.59,1787.74,3562.39,2.58,149.78,110.22,589.21,2.98,953.58,59.72,491.24
2026-01-21T12:20:00Z,67.67,1880.30,174.55,1360.56,33.72,2490.28,156.43,44.16,52.67,2372.73,159.89,463.54,34.93,2325.23,161.88,210.55,233.00,42.04,93.77,208.54,1782.60,3553.09,2.29,151.25,111.37,588.52,3.29,940.36,60.79,495.13
2026-01-21T12:30:00Z,67.47,1887.19,174.55,1355.64,33.74,2485.50,157.04,66.72,52.62,2379.86,158.81,462.04,34.97,2307.30,161.53,222.87,230.15,44.55,93.60,208.71,1778.98,3544.47,2.58,149.00,108.49,589.98,3.01,940.66,59.64,496.94
2026-01-21T12:40:00Z,67.63,1889.64,174.21,1357.56,33.71,2484.96,157.41,58.97,52.94,2377.76,159.48,449.83,34.87,2322.71,162.39,214.79,230.17,43.12,93.59,209.11,1794.29,3554.95,2.43,149.87,111.18,593.06,2.94,946.31,58.66,491.00
2026-01-21T12:50:00Z,67.96,1879.24,173.31,1354.30,33.48,2493.08,157.12,43.57,52.92,2368.07,159.98,464.90,34.97,2323.25,162.22,224.97,232.71,43.35,94.55,207.59,1794.80,,2.46,150.86,114.62,593.10,2.94,943.83,58.83,486.78
2026-01-21T13:00:00Z,67.51,1883.35,173.54,1351.92,33.66,2490.74,156.88,22.38,52.68,2373.18,159.91,454.83,34.82,2327.95,161.06,212.25,228.88,41.77,94.30,205.43,1776.26,3546.53,2.28,151.32,106.12,586.26,3.21,932.87,58.80,491.56
2026-01-21T13:10:00Z,67.40,1895.58,173.69,1344.70,33.63,2485.33,155.47,32.93,52.46,2368.22,159.76,451.44,34.78,2339.80,160.36,192.20,228.30,40.10,93.57,206.49,1784.48,3559.36,2.37,149.89,111.05,587.65,3.04,947.82,59.31,485.06
2026-01-21T13:20:00Z,67.49,1886.00,173.78,1379.30,33.53,2483.95,155.85,37.05,52.61,2377.06,160.03,453.03,34.90,2334.45,160.37,192.04,230.97,42.10,93.24,206.61,1783.04,3551.63,2.20,148.85,110.79,586.89,2.62,944.74,58.73,495.96
2026-01-21T13:30:00Z,67.90,1891.24,173.24,1353.79,33.81,2477.53,156.22,50.46,53.07,2372.90,160.46,467.32,35.00,2323.44,160.50,190.09,232.56,42.44,93.63,212.41,1780.31,3551.11,2.27,147.74,111.61,587.81,2.97,936.37,58.13,483.04
2026-01-21T13:40:00Z,67.77,1881.05,174.08,1367.50,33.73,2481.33,157.26,46.56,53.16,2361.81,159.62,480.70,35.27,2318.14,160.72,194.73,234.37,42.98,94.01,209.96,1783.61,3547.44,2.42,149.40,111.43,589.13,2.97,940.29,57.87,494.78
2026-01-21T13:50:00Z,67.78,1888.84,174.72,1368.03,33.88,2471.48,158.03,57.23,52.91,2373.63,160.03,487.28,35.23,2325.86,161.24,209.58,228.61,43.03,92.88,207.09,1785.52,3548.26,2.43,148.94,113.76,594.84,2.58,943.57,57.89,492.22
2026-01-21T14:00:00Z,67.55,1886.99,174.97,1358.55,34.04,2475.18,157.45,59.66,53.24,2372.85,160.57,488.31,34.97,2330.02,161.16,202.84,231.48,43.23,93.82,206.40,1787.40,3544.00,2.44,149.30,111.32,590.79,3.06,937.83,58.43,502.68
2026-01-21T14:10:00Z,67.25,1885.41,174.72,1358.53,33.92,2490.97,158.06,53.84,53.92,2354.30,160.23,494.95,35.19,2331.89,161.20,208.20,232.72,43.58,94.08,208.49,1779.84,3561.28,2.43,149.74,109.47,594.33,3.04,935.08,59.69,499.34
2026-01-21T14:20:00Z,67.06,1901.43,174.09,1338.22,33.86,2484.48,158.00,56.27,53.77,2358.92,160.22,497.05,35.70,2316.82,161.67,196.31,225.99,44.16,94.02,199.90,1778.19,3555.19,2.55,150.16,110.47,586.22,2.78,930.61,59.89,495.97
2026-01-21T14:30:00Z,67.02,1899.25,174.15,1323.90,33.60,2480.75,157.16,47.34,53.50,2366.00,160.30,492.64,35.22,2313.89,161.47,213.04,234.07,41.50,94.29,209.07,1789.73,3559.97,2.28,150.59,113.66,593.82,2.98,950.18,61.25,500.21
2026-01-21T14:40:00Z,67.33,1885.59,174.00,1333.57,33.87,2484.85,156.79,54.26,53.33,2369.33,160.68,488.02,35.60,2308.99,161.72,222.53,233.71,41.58,94.58,209.56,1778.08,3540.02,2.58,148.62,112.01,588.84,3.07,937.82,60.12,485.79
2026-01-21T14:50:00Z,67.27,1898.54,173.39,1325.14,33.86,2479.15,157.18,50.28,53.30,2370.61,160.09,462.04,35.70,2307.61,161.80,232.60,237.44,44.78,94.23,212.29,1791.93,3544.00,2.52,151.09,113.65,592.14,2.52,949.26,60.42,497.88
2026-01-21T15:00:00Z,67.40,1897.82,172.70,1324.43,33.85,2475.82,157.01,55.21,53.17,2364.30,160.09,474.37,35.98,2296.27,162.29,240.85,237.79,43.90,93.35,213.23,1795.61,3544.85,2.65,150.71,116.13,595.58,2.68,959.02,60.21,490.70
2026-01-21T15:10:00Z,67.28,1885.97,172.73,1319.38,33.99,2485.07,157.11,53.45,53.46,2369.38,160.09,474.83,35.76,2301.23,162.62,228.94,234.92,42.61,93.49,211.23,1789.72,3535.74,2.36,148.71,111.25,591.25,3.24,944.59,59.26,499.62
2026-01-21T15:20:00Z,67.60,1872.09,173.57,1342.11,33.62,2483.67,156.95,62.50,53.69,2359.73,160.52,493.21,35.69,2304.44,161.73,222.30,237.86,45.24,94.29,211.08,1790.41,3545.06,2.58,150.11,114.38,591.81,2.90,948.79,59.96,501.81
2026-01-21T15:30:00Z,67.40,1875.35,174.33,1344.89,33.13,2491.35,156.78,55.17,53.85,2352.81,160.62,490.51,35.82,2306.97,162.92,238.17,236.37,44.86,93.74,214.51,1790.86,3535.68,2.42,151.31,112.40,588.71,3.06,946.20,60.13,487.84
2026-01-21T15:40:00Z,67.38,1891.84,174.34,1341.79,32.91,2503.32,157.46,54.02,53.57,2355.75,160.08,484.27,35.31,2315.83,162.43,225.57,234.09,43.62,93.18,208.42,1792.76,3529.87,2.51,148.83,112.77,597.48,3.07,942.75,60.49,497.43
2026-01-21T15:50:00Z,67.48,1894.63,174.06,1346.17,33.34,2493.44,156.27,34.14,53.37,2366.56,160.22,487.18,35.24,2315.05,162.10,223.04,232.49,42.86,93.15,211.74,1787.50,3564.37,2.40,151.20,110.56,590.84,2.89,944.04,61.45,498.22
2026-01-21T16:00:00Z,66.82,1897.09,174.45,1337.94,33.23,2499.16,156.69,34.42,53.29,2370.71,160.62,489.41,35.31,2321.09,161.76,222.45,232.05,44.92,93.64,208.71,1780.66,3545.63,2.38,149.06,110.77,589.40,2.87,939.15,58.57,493.11
2026-01-21T16:10:00Z,66.97,1900.01,174.55,1335.03,33.54,2494.49,156.48,33.85,53.33,2365.90,159.69,474.19,35.65,2331.81,161.66,210.30,237.31,44.95,94.23,211.60,1788.84,3541.18,2.78,149.30,114.23,587.90,2.78,948.89,58.97,496.43
2026-01-21T16:20:00Z,66.69,1900.84,173.94,1310.65,33.58,2490.84,156.67,23.93,53.57,2359.77,160.09,492.74,35.68,2325.34,161.02,203.25,229.26,42.04,93.69,207.37,1780.75,3548.26,2.52,150.01,108.70,586.32,2.90,944.69,57.75,490.96
2026-01-21T16:30:00Z,66.41,1899.14,172.90,1306.73,33.46,2495.28,156.26,41.13,53.47,2359.30,160.32,490.19,35.60,2317.52,161.01,210.17,227.38,41.70,93.39,207.80,1783.98,3544.28,2.58,151.20,108.87,584.29,3.35,939.32,58.89,491.24
2026-01-21T16:40:00Z,65.89,1921.73,172.94,1291.29,33.42,2496.18,156.88,36.37,53.64,2359.48,160.60,506.89,35.48,2318.85,161.46,216.27,228.37,42.49,93.95,204.48,1775.79,3542.74,2.47,149.84,109.05,586.32,3.09,932.57,59.40,487.88
2026-01-21T16:50:00Z,66.02,1930.41,172.72,1285.89,33.53,2499.33,156.82,31.65,53.98,2355.67,161.05,507.42,35.09,2324.21,161.23,221.20,226.91,41.44,95.19,205.37,1783.17,3560.40,2.51,149.05,109.10,581.98,3.12,942.96,60.32,484.26
2026-01-21T17:00:00Z,66.79,1909.75,172.49,1298.20,33.54,2481.55,156.42,50.11,54.07,2345.40,161.54,504.64,35.25,2319.78,161.14,210.69,232.28,42.19,94.76,208.87,1788.30,3557.18,2.64,152.20,112.01,595.26,2.81,948.63,60.32,496.13
2026-01-21T17:10:00Z,67.08,1904.77,172.42,1314.93,33.60,2481.35,157.30,57.13,54.02,2351.95,160.73,505.21,35.47,2303.53,161.79,225.59,231.05,41.82,94.25,208.95,1787.67,3550.20,2.59,148.94,109.84,587.03,3.01,942.92,61.21,492.88
2026-01-21T17:20:00Z,67.24,1899.65,172.62,1335.85,33.80,2479.43,157.24,50.71,53.90,2337.57,161.12,527.32,35.32,2310.68,161.95,219.15,231.22,41.99,93.93,205.54,1783.82,3548.44,2.49,150.50,111.81,591.61,3.22,940.85,60.62,494.55
2026-01-21T17:30:00Z,67.39,1895.11,172.38,1327.57,33.42,2486.49,157.58,52.14,53.90,2341.39,161.37,510.18,35.45,2310.36,162.00,215.17,236.20,40.31,93.06,215.44,1796.61,3560.24,2.46,150.24,111.76,592.22,3.08,947.04,61.75,492.60
2026-01-21T17:40:00Z,67.35,1901.36,172.99,1323.13,33.25,2492.43,157.62,46.97,54.10,2343.16,161.27,503.08,35.18,2323.22,162.64,212.30,236.31,42.02,93.89,213.41,1790.98,3539.99,2.64,148.17,110.87,592.69,3.21,938.27,61.84,493.17
2026-01-21T17:50:00Z,67.16,1904.51,173.76,1326.47,33.17,2489.34,157.01,39.22,54.31,2348.27,161.27,500.46,35.53,2319.78,161.91,210.45,229.86,41.91,93.88,,1782.06,3545.86,2.39,150.41,108.16,584.85,2.91,942.67,60.77,491.01
2026-01-21T18:00:00Z,67.60,1893.70,173.75,1325.12,33.26,2488.28,156.57,33.71,54.28,2350.40,160.44,525.22,35.26,2318.30,161.68,208.72,233.87,43.54,94.31,210.99,1782.04,3538.98,2.44,150.06,109.51,585.25,3.08,947.09,60.56,492.36
2026-01-21T18:10:00Z,67.44,1893.60,173.40,1318.46,33.55,2496.73,157.12,45.42,53.87,2342.96,160.09,527.80,35.65,2312.62,161.67,220.34,227.73,41.40,93.48,206.36,1784.07,3549.23,2.42,149.41,108.58,585.27,3.00,939.68,61.28,490.31
2026-01-21T18:20:00Z,67.54,1892.90,173.70,1356.54,33.69,2488.23,157.13,41.77,53.90,2356.01,160.03,515.47,36.00,2300.52,161.97,228.10,235.43,43.19,93.00,215.75,1801.82,3552.60,2.27,151.02,110.36,588.08,3.21,953.68,62.57,494.39
2026-01-21T18:30:00Z,68.17,1882.67,173.81,1360.07,33.48,2483.98,157.40,37.32,54.21,2356.40,160.50,514.45,35.90,2301.86,162.44,242.96,233.23,42.41,92.92,210.10,1794.62,3559.81,2.38,150.06,112.52,587.00,2.91,944.73,62.14,
2026-01-21T18:40:00Z,68.19,1874.08,173.68,1357.62,33.58,2489.20,157.18,46.04,54.13,2354.23,161.10,509.72,35.71,2307.43,162.98,248.02,235.94,43.82,94.45,212.12,1788.87,3563.34,2.50,149.62,115.27,595.76,2.98,939.79,61.83,495.87
2026-01-21T18:50:00Z,67.99,1865.95,174.54,1371.09,33.12,2493.28,156.75,38.78,54.10,2353.00,160.86,501.51,35.46,2318.35,163.16,246.26,235.19,42.02,95.35,208.86,1781.87,3550.67,2.70,150.19,113.92,600.32,2.70,941.08,61.42,504.31
2026-01-21T19:00:00Z,68.07,1865.25,174.88,1367.10,33.37,2491.07,157.42,38.75,53.85,2355.38,,507.94,35.74,2307.56,162.63,249.53,235.54,41.74,95.23,209.03,1784.92,3542.54,2.47,149.28,112.95,587.16,2.92,942.91,61.18,489.31
2026-01-21T19:10:00Z,67.94,1863.23,173.42,1373.28,33.03,2489.07,156.55,21.81,53.85,2354.64,160.95,512.40,35.64,2316.47,163.05,249.53,226.43,40.67,94.20,207.25,1782.12,3540.53,2.49,150.59,104.17,576.17,2.92,938.89,60.37,478.26
2026-01-21T19:20:00Z,67.79,1880.76,173.12,1361.74,33.12,2497.73,156.85,26.43,54.08,2356.51,161.42,513.16,36.03,2299.46,163.57,263.23,231.32,43.94,94.19,206.67,1780.65,3551.28,2.32,149.09,110.82,595.10,3.17,944.97,60.67,496.36
2026-01-21T19:30:00Z,67.50,1887.61,173.83,1350.66,33.02,2495.49,156.18,23.23,53.60,2367.63,161.48,508.63,36.33,2290.27,163.47,268.16,236.51,42.45,94.62,214.31,1787.46,3540.46,2.24,149.27,112.01,588.69,2.82,954.24,60.29,487.25
2026-01-21T19:40:00Z,67.63,1893.67,174.53,1337.76,33.23,2504.87,156.42,16.06,53.43,2360.73,161.18,503.89,36.63,2283.27,163.32,264.35,235.21,43.20,94.11,210.15,1780.78,3553.82,2.69,148.56,112.94,596.28,2.97,941.06,59.11,504.97
2026-01-21T19:50:00Z,67.27,1896.02,173.74,1340.56,33.19,2508.79,156.19,17.00,53.37,2357.02,160.69,491.08,37.47,2278.67,162.54,275.10,234.01,43.52,93.83,209.61,1789.28,3551.85,2.49,152.55,110.49,585.17,2.98,941.01,58.04,490.19
2026-01-21T20:00:00Z,67.05,1899.19,173.73,1337.91,33.00,2501.24,156.46,25.88,53.35,2350.71,160.96,496.86,37.65,2254.35,163.11,276.91,233.04,43.71,93.22,212.17,1788.59,3549.60,2.67,149.57,113.15,597.73,2.73,947.05,58.72,485.51
2026-01-21T20:10:00Z,67.06,1900.93,173.16,1331.24,33.54,2497.47,156.54,30.14,53.65,2351.05,161.03,507.70,37.69,2246.55,163.05,295.40,232.68,42.37,93.01,211.65,1788.70,3548.43,2.85,148.63,110.68,584.08,2.69,944.12,58.62,482.39
2026-01-21T20:20:00Z,67.15,1899.38,173.66,1326.72,33.55,2494.78,156.50,22.58,53.46,2359.03,161.09,504.40,37.60,2257.16,163.55,289.71,232.38,42.84,94.30,211.73,1779.21,3545.79,2.05,149.64,111.54,589.67,3.00,941.81,60.18,481.93
2026-01-21T20:30:00Z,67.37,1894.74,172.97,1338.22,33.19,2494.01,156.41,25.15,53.00,2362.55,160.24,506.76,37.62,2253.88,163.37,280.40,234.76,44.33,93.84,209.73,1785.92,3543.92,2.51,148.59,112.64,586.77,2.95,939.77,59.80,483.20
2026-01-21T20:40:00Z,67.42,1899.17,173.53,1333.97,33.71,2487.54,156.99,30.55,52.53,2386.02,160.78,487.44,37.77,2263.96,163.58,283.21,235.72,45.25,94.42,212.94,1789.43,3553.82,2.61,151.58,114.11,592.98,2.92,949.38,60.14,499.39
2026-01-21T20:50:00Z,67.62,1884.71,173.98,1328.58,33.83,2479.87,157.44,44.94,52.40,2391.55,160.02,475.84,37.73,2261.88,163.17,291.18,237.07,,94.56,214.36,1790.50,3548.52,2.25,150.54,114.06,593.17,3.12,950.35,60.62,489.91
2026-01-21T21:00:00Z,67.60,1882.31,174.17,1328.73,33.99,2465.16,157.60,63.67,52.56,2387.38,159.65,466.07,37.16,2268.59,162.37,285.74,234.66,41.31,94.48,210.96,1790.06,3546.38,2.42,149.80,109.95,587.89,3.18,938.78,60.35,493.31
2026-01-21T21:10:00Z,67.58,1897.16,173.66,1319.71,34.22,2470.64,157.78,66.92,52.79,2389.17,159.24,452.00,37.22,2270.74,163.17,286.50,234.71,40.84,94.05,214.10,1794.81,3550.96,2.44,148.57,110.09,590.96,2.91,946.24,60.08,488.04
2026-01-21T21:20:00Z,67.66,1883.08,174.42,1336.20,34.31,2469.89,157.55,74.55,53.00,2378.82,158.95,457.24,36.98,2271.30,163.11,272.00,231.58,41.82,94.33,208.62,1778.80,3550.72,2.35,149.58,110.43,590.30,2.75,939.86,59.73,493.10
2026-01-21T21:30:00Z,67.71,1879.87,174.30,1358.96,34.36,2466.20,157.68,74.01,53.37,2367.83,159.16,481.18,36.99,2273.08,163.17,261.58,227.62,44.06,94.05,204.98,1782.27,3537.74,2.58,150.10,110.04,596.78,3.12,940.66,59.61,495.91
2026-01-21T21:40:00Z,67.96,1874.99,173.71,1351.54,34.29,2461.34,157.37,74.24,53.51,2366.89,159.94,487.39,36.93,2284.65,162.53,264.92,235.25,42.27,94.75,214.99,1790.23,3544.92,2.65,150.14,113.37,594.56,3.04,940.58,60.02,499.76
2026-01-21T21:50:00Z,68.08,1880.91,173.66,1366.00,34.49,2469.24,157.39,59.06,53.66,2367.15,160.51,482.76,37.05,2272.91,163.24,267.90,233.53,,94.66,212.29,1788.94,3544.74,2.39,149.67,114.19,595.08,2.83,946.08,59.22,503.88
2026-01-21T22:00:00Z,67.88,1878.01,173.56,1370.78,34.34,2467.96,157.04,71.64,53.53,2346.89,160.72,481.69,36.85,2263.81,163.04,266.15,236.01,44.46,94.14,212.01,1789.26,3546.38,2.70,150.36,113.21,588.99,2.97,945.44,60.59,488.30
2026-01-21T22:10:00Z,67.52,1887.13,174.51,1365.13,34.20,2470.47,157.55,88.67,53.58,2366.41,159.40,488.63,36.56,2272.90,162.90,269.74,237.99,43.15,93.44,216.82,1794.30,3555.31,2.27,152.16,111.58,592.76,2.74,946.71,60.29,497.24
2026-01-21T22:20:00Z,67.39,1899.54,174.19,1334.41,34.09,2470.72,157.48,69.46,53.50,2359.46,160.23,491.22,36.10,2289.27,162.83,270.22,232.27,42.79,93.83,205.08,1784.59,3546.30,2.44,149.49,110.45,588.83,3.00,942.55,60.71,493.27
2026-01-21T22:30:00Z,67.43,1899.94,173.96,1347.99,34.14,2483.11,157.97,70.27,53.71,2364.09,160.32,484.03,35.96,2300.81,162.76,260.28,235.04,43.03,93.70,214.65,1783.26,3541.40,2.64,149.80,113.62,584.26,3.20,942.62,60.97,474.01
2026-01-21T22:40:00Z,67.60,1890.77,174.23,1344.44,34.33,2472.55,157.47,64.63,53.67,2360.38,160.06,496.88,35.88,2307.90,162.35,250.15,242.21,44.38,95.01,217.03,1793.12,3549.86,2.48,152.13,117.28,596.70,3.17,938.56,61.00,491.96
2026-01-21T22:50:00Z,67.64,1879.87,174.07,1343.47,34.06,2472.69,158.18,58.33,53.56,2360.45,160.75,491.33,35.78,2300.58,162.53,241.23,239.56,44.22,94.94,214.83,1799.61,3537.60,2.36,149.07,116.05,594.27,3.01,951.99,59.83,490.60
2026-01-21T23:00:00Z,67.52,1889.89,173.10,1341.17,33.88,2469.05,157.44,59.99,53.76,2355.20,161.58,493.57,35.78,2306.44,161.88,238.56,233.15,45.48,94.47,208.67,1783.71,3545.17,2.39,150.44,111.68,595.99,2.74,936.60,59.29,492.08
2026-01-21T23:10:00Z,67.25,1894.70,173.67,1356.05,33.85,2478.29,157.02,63.57,53.54,2365.91,161.04,501.36,35.96,2303.51,162.61,233.19,233.76,43.21,94.63,209.31,1784.00,3544.39,2.63,150.00,113.16,594.54,2.93,938.13,58.74,497.12
2026-01-21T23:20:00Z,67.29,1893.04,174.27,1342.27,33.84,2487.79,157.18,59.19,53.76,2365.59,160.93,490.95,35.79,2303.03,162.53,245.28,231.73,44.44,94.26,211.45,1789.26,3562.19,2.43,149.28,112.48,586.96,3.16,941.65,58.85,500.21
2026-01-21T23:30:00Z,67.46,1884.99,174.21,1342.23,33.89,2491.42,156.53,39.11,53.60,2363.80,160.83,491.15,35.90,2304.90,162.04,228.35,232.39,42.28,93.30,208.95,1790.54,3548.72,2.38,149.10,109.42,590.14,3.21,945.39,59.72,496.94
2026-01-21T23:40:00Z,67.46,1881.79,174.33,1344.04,34.04,2474.79,157.13,48.12,53.08,2369.48,160.60,499.12,36.29,2292.00,161.62,230.92,236.13,45.19,94.05,212.43,1804.63,3541.21,2.68,148.55,114.19,596.87,2.88,956.28,59.34,495.97
2026-01-21T23:50:00Z,67.39,1884.76,173.62,1346.56,34.00,2471.46,156.06,37.56,53.51,2365.70,160.90,497.46,36.16,2284.19,161.91,250.01,233.06,43.79,93.28,205.58,1778.38,3542.18,2.65,150.51,113.04,596.06,3.15,946.11,59.73,493.08
