timestamp,VAR_001,VAR_002,VAR_003,VAR_004,VAR_005,VAR_006,VAR_007,VAR_008,VAR_009,VAR_010,VAR_011,VAR_012,VAR_013,VAR_014,VAR_015,VAR_016,VAR_017,VAR_018,VAR_019,VAR_020,VAR_021,VAR_022,VAR_023,VAR_024,VAR_025,VAR_026,VAR_027,VAR_028,VAR_029,VAR_030
2026-03-19T00:00:00Z,65.04,1936.63,172.76,1269.46,54.08,1972.97,171.33,779.03,53.66,2359.02,161.24,485.08,29.36,2466.37,157.88,9.39,257.29,53.29,95.81,231.49,1805.75,3540.61,2.55,150.62,121.61,601.25,3.03,949.95,58.91,506.93
2026-03-19T00:10:00Z,64.51,1956.42,172.80,1250.01,54.21,1975.01,172.32,791.75,53.72,2351.44,160.14,480.96,29.17,2486.04,157.53,2.85,250.94,51.93,94.98,226.08,1791.59,3557.40,2.57,151.55,119.42,597.17,2.90,939.29,60.09,491.52
2026-03-19T00:20:00Z,64.43,1952.76,172.50,1248.61,54.31,1974.88,172.08,794.90,53.42,2359.96,160.63,482.56,29.39,2462.97,157.07,8.95,256.62,53.38,94.87,231.08,1810.19,3562.86,2.53,149.72,124.58,603.54,3.23,963.45,60.00,505.01
2026-03-19T00:30:00Z,63.72,1973.58,171.86,1225.33,54.44,1961.50,171.41,773.52,53.34,2359.05,160.32,484.03,29.36,2463.61,156.93,8.34,261.14,52.21,94.93,236.18,1813.26,3541.15,2.38,,126.96,606.29,2.59,958.69,60.12,508.34
2026-03-19T00:40:00Z,64.28,1968.40,172.00,1251.93,54.40,1969.88,170.88,787.98,53.09,2364.55,159.77,471.36,29.40,2469.41,157.37,18.62,252.22,53.66,95.64,223.86,1802.45,3560.61,2.39,151.44,120.49,604.23,2.96,949.77,59.16,507.44
2026-03-19T00:50:00Z,63.83,1979.87,171.55,1220.27,54.22,1977.66,171.05,775.67,53.10,2366.36,159.80,474.31,29.51,2476.75,156.94,1.83,251.51,49.87,95.50,227.79,1795.80,3540.63,2.71,150.04,119.63,598.08,2.81,946.14,59.02,487.03
2026-03-19T01:00:00Z,63.50,1986.50,171.18,1207.72,54.52,1962.50,170.52,769.11,53.17,2372.99,159.36,473.81,29.35,2467.82,157.24,0.00,250.41,49.54,95.49,224.14,1802.14,3552.79,2.41,149.65,119.28,594.97,3.34,954.62,59.45,482.27
2026-03-19T01:10:00Z,62.95,2000.64,171.10,1192.78,54.68,1954.35,171.06,776.91,52.89,2375.66,160.50,471.32,29.74,2455.01,156.95,0.00,244.51,49.52,95.90,215.41,1793.25,3559.02,2.45,148.01,119.02,601.88,2.94,942.15,59.65,494.01
2026-03-19T01:20:00Z,62.67,2002.58,170.75,1187.00,54.81,1958.79,171.60,789.32,53.08,2378.67,160.25,475.95,29.72,2462.07,157.00,10.89,249.59,49.80,94.50,225.72,1800.66,3541.75,2.37,149.72,,601.64,2.90,954.76,60.12,497.88
2026-03-19T01:30:00Z,62.09,2023.89,170.49,1166.46,54.90,1952.57,171.50,786.88,53.59,2370.94,160.48,488.55,30.00,2451.41,157.58,14.48,247.85,48.86,94.58,221.49,1798.44,3560.59,2.45,150.67,119.50,596.27,2.73,954.26,60.33,502.89
2026-03-19T01:40:00Z,61.74,2027.92,169.74,1158.56,55.31,1940.73,171.75,804.01,53.92,2356.87,160.14,491.69,29.98,2450.64,157.29,27.59,253.43,50.49,94.89,232.32,1801.40,3541.64,2.24,149.87,122.01,608.84,2.89,950.74,60.32,505.10
2026-03-19T01:50:00Z,61.43,2040.90,170.73,1151.31,55.31,1942.61,172.12,820.22,53.71,2360.43,160.70,484.89,30.14,2441.59,157.97,26.30,256.62,51.65,95.14,231.95,1809.99,3553.20,2.32,149.19,123.68,601.00,3.05,952.56,61.92,492.69
2026-03-19T02:00:00Z,61.01,2047.20,169.93,1134.82,55.77,1918.77,172.28,837.66,53.48,2356.89,160.66,482.13,30.15,2447.57,157.75,21.04,255.60,51.28,94.69,229.63,1805.86,3547.65,2.77,147.93,123.77,602.07,3.10,949.87,60.74,505.48
2026-03-19T02:10:00Z,61.25,2040.91,169.48,1122.97,56.13,1930.74,171.98,821.30,53.39,2362.23,160.83,485.90,30.04,2448.04,157.08,31.97,250.87,48.82,94.94,224.77,1801.93,3551.77,2.32,150.44,121.86,601.68,3.38,952.70,60.54,496.14
2026-03-19T02:20:00Z,61.37,2032.31,169.47,1115.84,56.50,1916.85,172.76,832.47,53.53,2355.20,160.50,487.79,29.78,2449.76,157.35,27.50,253.45,53.48,94.35,228.34,1804.01,3548.66,2.58,150.17,121.51,607.77,3.19,944.73,60.84,508.84
2026-03-19T02:30:00Z,61.72,2036.37,170.35,1139.77,56.58,1910.18,172.85,855.41,53.46,2359.22,159.75,469.59,29.66,2456.66,157.07,6.22,247.80,50.88,94.59,219.28,1799.64,3535.59,2.38,148.56,122.20,601.36,3.18,947.48,60.28,507.04
2026-03-19T02:40:00Z,61.55,2042.43,170.80,1123.57,56.31,1924.44,172.44,848.55,53.29,2371.25,159.83,481.17,29.79,2463.24,156.94,3.76,250.27,50.24,95.38,225.35,1799.48,3564.71,2.78,146.60,119.27,593.73,2.97,952.03,59.85,500.24
2026-03-19T02:50:00Z,61.38,2035.13,169.93,1132.51,56.69,1897.90,172.44,868.27,53.47,2374.24,159.81,476.13,29.68,2454.45,157.58,0.00,247.96,50.20,93.67,221.40,1788.09,3551.71,2.97,150.73,119.86,597.95,3.00,943.92,60.29,494.31
2026-03-19T03:00:00Z,61.20,2036.44,168.96,1111.53,57.23,1887.12,173.10,871.85,53.37,2374.80,159.72,486.06,29.80,2447.85,157.40,14.33,249.47,50.69,93.98,228.27,1798.71,3534.40,2.64,148.75,121.60,602.54,3.04,945.56,60.56,506.16
2026-03-19T03:10:00Z,61.42,2045.12,169.83,1113.18,57.40,1884.19,173.21,885.19,53.63,2363.58,159.85,478.17,29.94,2460.37,158.06,26.73,258.79,51.50,94.20,227.97,1814.01,3553.51,2.50,151.44,122.97,613.48,2.77,954.88,60.25,519.52
2026-03-19T03:20:00Z,61.31,2036.36,169.47,1112.53,57.30,1886.11,173.77,901.20,53.90,2364.34,159.65,489.71,29.90,2456.03,157.75,25.12,255.99,51.21,95.23,232.57,1807.29,3568.50,2.48,149.75,123.74,604.61,2.97,959.77,60.43,498.73
2026-03-19T03:30:00Z,61.39,2043.67,168.98,1109.54,56.99,1898.12,174.04,882.63,53.83,2351.50,159.22,481.98,30.09,2447.17,157.88,26.48,255.46,52.97,96.47,230.23,1800.06,3549.38,2.40,151.26,121.68,598.38,3.07,956.59,58.99,500.44
2026-03-19T03:40:00Z,61.82,2041.30,169.26,1123.70,57.10,1882.70,174.11,879.73,53.75,2356.40,159.71,483.98,30.05,2450.23,157.36,25.41,252.84,53.37,95.53,228.18,1799.01,3537.55,2.44,149.43,118.24,607.36,3.16,952.56,59.57,502.36
2026-03-19T03:50:00Z,61.71,2030.66,168.80,1135.07,57.19,1884.36,173.79,898.62,53.27,2365.04,160.12,486.49,29.66,2450.88,158.18,44.33,256.03,53.84,95.91,231.48,1808.12,3560.69,2.45,150.72,123.08,606.06,3.06,958.43,58.68,515.82
2026-03-19T04:00:00Z,62.14,2015.88,169.69,1146.74,57.25,1887.25,174.54,915.63,53.29,2361.52,160.44,499.58,28.86,2474.08,158.09,27.33,258.84,54.16,95.28,229.63,1811.97,3557.41,2.58,148.92,123.42,604.09,2.88,958.80,60.46,503.02
2026-03-19T04:10:00Z,61.87,2020.35,170.00,1152.46,56.94,1891.70,174.30,895.18,53.18,2363.75,160.43,484.12,29.09,2470.22,157.20,16.93,260.55,53.35,95.23,231.85,1804.17,3550.33,2.66,151.46,124.69,604.54,3.03,948.57,61.21,507.30
2026-03-19T04:20:00Z,61.66,2022.67,169.52,1152.44,57.22,1891.75,173.52,889.25,52.89,2371.17,161.04,489.29,29.33,2465.37,157.12,12.87,254.32,52.68,96.14,230.83,1804.82,3563.81,2.67,148.45,120.59,598.74,2.84,949.62,61.20,500.22
2026-03-19T04:30:00Z,61.69,2026.99,169.82,1136.83,57.40,1892.23,173.43,880.71,52.86,2379.49,160.28,486.09,29.31,2467.17,157.20,0.00,256.12,52.50,95.38,228.51,1804.70,3550.20,2.32,149.65,123.65,609.49,3.22,953.93,60.43,505.04
2026-03-19T04:40:00Z,61.36,2043.42,169.22,1130.89,57.35,1888.12,173.16,880.08,52.95,2379.86,159.77,462.06,29.57,2464.02,157.34,14.55,251.59,51.71,94.93,227.27,1800.57,3548.24,2.47,150.47,119.61,599.35,3.00,950.35,59.79,492.87
2026-03-19T04:50:00Z,60.76,2044.97,169.73,1127.42,57.34,1896.11,173.38,884.83,53.22,2363.90,159.83,461.51,29.22,2469.50,157.37,10.01,246.68,53.22,94.52,219.94,1799.88,3548.27,2.67,149.91,119.35,598.56,2.94,957.59,59.56,498.01
2026-03-19T05:00:00Z,60.98,2051.20,170.33,1127.58,56.68,1893.32,173.77,881.17,52.97,2383.67,159.56,472.31,28.70,2466.75,157.82,11.43,250.98,53.88,94.96,223.81,1796.40,3555.52,2.64,148.95,120.38,608.20,3.01,951.08,60.12,503.56
2026-03-19T05:10:00Z,60.81,2041.09,170.03,1126.38,56.72,1907.98,173.23,867.90,52.95,2379.09,159.85,454.54,28.42,2482.31,157.42,0.00,254.56,53.36,95.42,230.13,1800.36,3552.29,2.72,150.09,122.64,609.89,3.20,952.54,60.85,501.29
2026-03-19T05:20:00Z,60.74,2045.82,169.61,1110.91,56.41,1913.69,173.70,877.02,52.57,2384.09,159.50,456.71,28.33,2490.50,157.70,0.00,252.49,53.02,95.19,225.24,1803.14,3543.80,2.29,151.13,121.89,598.94,2.91,953.53,60.25,488.19
2026-03-19T05:30:00Z,60.72,2041.70,168.81,1099.26,56.23,1908.29,173.38,880.53,52.58,2376.52,159.44,462.32,27.86,2503.55,157.59,0.00,250.78,51.85,94.34,224.78,1800.05,3554.10,2.55,149.56,119.61,601.27,2.99,947.91,59.72,494.32
2026-03-19T05:40:00Z,61.12,2035.18,168.99,1125.07,55.86,1921.78,173.01,856.28,52.94,2379.73,159.76,471.26,28.12,2490.82,157.36,0.00,248.00,51.76,94.60,219.20,1794.20,3562.65,2.49,149.67,117.48,598.74,3.33,941.69,59.76,496.84
2026-03-19T05:50:00Z,60.91,2048.65,169.13,1126.45,55.89,1923.99,173.16,838.57,52.89,2379.94,159.20,450.74,28.15,2499.15,157.33,0.00,247.96,49.78,95.30,224.40,1795.27,3556.91,2.56,150.15,118.30,596.52,2.88,943.81,59.77,493.62
2026-03-19T06:00:00Z,60.77,2040.97,169.33,1116.18,55.95,1926.41,172.79,836.72,52.90,2372.05,159.07,467.67,28.68,2493.26,156.55,0.00,247.74,50.58,94.68,225.24,1801.14,3548.07,2.58,148.91,119.47,600.86,3.00,954.34,60.26,503.89
2026-03-19T06:10:00Z,60.97,2050.09,169.22,1124.80,56.08,1918.04,172.25,841.50,52.67,2372.51,160.23,476.58,28.39,2492.25,156.58,0.00,249.06,50.71,95.39,221.16,1794.25,3549.09,2.39,150.01,119.30,596.49,3.14,941.73,61.07,507.62
2026-03-19T06:20:00Z,60.82,2065.86,169.59,1115.78,56.24,1910.57,173.15,846.77,52.80,2384.22,160.28,466.49,27.92,2490.05,156.96,0.00,250.60,51.28,95.03,226.02,1801.69,3547.42,2.78,150.89,122.17,603.51,3.33,951.52,61.20,500.18
2026-03-19T06:30:00Z,60.65,2068.99,169.62,1099.52,56.04,1916.64,173.06,842.64,52.70,2383.37,159.78,465.61,28.32,2493.84,157.02,0.00,248.67,49.35,94.76,224.09,1799.70,3534.85,2.58,148.18,122.48,602.41,3.07,944.59,59.77,491.43
2026-03-19T06:40:00Z,60.23,2074.06,169.16,1091.70,56.16,1908.14,172.45,836.46,53.07,2371.27,159.49,477.25,28.69,2475.34,157.39,0.00,252.58,47.14,95.06,228.36,1811.81,3556.49,2.33,151.59,120.58,601.40,2.90,958.98,58.18,503.90
2026-03-19T06:50:00Z,60.59,2067.82,169.11,1096.51,56.24,1917.82,173.64,835.57,53.26,2372.20,160.17,472.94,28.72,2482.85,156.99,0.00,247.72,48.96,95.44,220.73,1798.34,3549.53,2.59,149.53,119.09,602.08,3.20,950.95,59.20,503.61
2026-03-19T07:00:00Z,60.55,2057.83,168.64,1086.76,55.94,1920.33,172.38,838.94,53.02,2366.32,160.49,478.33,28.41,2482.87,157.84,0.00,248.18,48.81,94.40,222.08,1792.85,3544.72,2.39,151.34,118.26,597.58,2.98,953.54,59.66,
2026-03-19T07:10:00Z,60.04,2062.77,168.52,1090.03,55.91,1932.80,172.15,827.42,53.17,2385.89,160.89,471.97,28.15,2494.59,157.83,0.00,242.18,48.97,94.41,217.91,1792.32,3554.42,2.34,149.97,115.28,593.16,2.87,946.50,60.16,489.94
2026-03-19T07:20:00Z,59.98,2073.82,168.57,1086.74,55.36,1934.69,172.04,833.57,53.19,2375.24,161.07,480.47,28.17,2496.34,157.45,0.00,242.86,49.96,94.97,221.32,1798.86,3547.48,2.54,149.68,112.06,582.74,2.77,951.28,59.01,485.98
2026-03-19T07:30:00Z,59.80,2084.75,169.13,1073.77,55.33,1944.42,171.60,824.31,52.67,2382.77,160.85,476.67,28.60,2490.63,157.41,0.00,246.02,50.81,94.57,223.68,1811.34,3559.67,2.53,149.55,117.67,590.49,2.97,951.42,58.42,495.37
2026-03-19T07:40:00Z,60.32,2074.81,169.65,1075.76,55.65,1931.96,172.73,835.43,52.59,2381.72,160.02,459.56,28.71,2482.20,157.36,0.00,241.87,50.52,94.81,216.68,1788.21,3544.01,2.57,147.43,114.90,589.54,3.13,946.03,56.97,499.13
2026-03-19T07:50:00Z,59.95,2076.32,168.67,1071.13,56.01,1924.60,172.97,836.96,52.59,2378.89,159.13,450.79,28.73,2487.27,156.97,0.00,243.91,47.97,94.80,218.94,1799.20,3548.16,2.27,150.10,118.18,598.13,3.15,947.08,59.76,491.76
2026-03-19T08:00:00Z,59.65,2083.41,168.95,1054.68,56.08,1913.91,173.54,839.14,52.78,2391.78,158.60,458.73,28.66,2485.02,157.16,0.00,244.25,47.49,94.68,220.41,1798.73,3537.08,2.55,147.95,116.17,593.05,2.72,945.44,59.64,498.47
2026-03-19T08:10:00Z,59.85,2078.45,168.92,1057.06,55.67,1919.58,173.33,837.24,52.72,2391.94,159.94,478.75,28.70,2486.83,157.08,0.00,243.85,48.10,95.24,217.89,1789.02,3538.54,2.49,149.10,116.69,593.82,3.11,944.79,58.57,495.02
2026-03-19T08:20:00Z,59.92,2074.19,169.22,1066.74,55.32,1926.43,173.20,823.74,52.80,2382.20,159.71,473.24,28.80,2480.06,157.55,4.00,243.98,48.59,96.07,218.15,1803.27,3544.77,2.42,147.57,116.42,596.50,2.61,952.04,59.48,491.25
2026-03-19T08:30:00Z,59.61,2075.42,168.78,1069.09,54.76,1953.10,172.74,809.87,52.21,2384.36,159.20,460.41,28.72,2478.15,157.32,0.00,246.82,47.97,96.16,222.16,1802.78,3556.60,2.19,148.92,116.39,591.15,2.94,953.61,60.56,490.70
2026-03-19T08:40:00Z,59.72,2076.68,168.50,1081.31,54.51,1958.23,172.65,800.87,52.36,2379.83,159.16,463.34,28.65,2474.64,157.68,0.00,250.47,46.59,95.04,224.74,1799.78,3551.74,2.59,150.99,120.40,601.74,2.95,950.98,60.91,502.47
2026-03-19T08:50:00Z,59.70,2073.87,168.81,1072.45,54.67,1948.80,172.35,811.71,52.72,2380.18,159.93,461.53,28.75,2462.30,156.91,0.38,243.52,48.66,94.51,217.03,1795.72,3540.78,2.71,150.37,117.52,599.63,3.21,946.01,60.62,500.80
2026-03-19T09:00:00Z,59.75,2078.42,169.29,1075.92,54.72,1952.60,171.92,801.39,52.91,2375.48,160.04,459.38,28.62,2479.31,157.19,0.00,246.13,48.01,95.05,222.36,1794.47,3543.27,2.78,150.94,117.08,592.95,3.09,951.91,60.52,505.52
2026-03-19T09:10:00Z,59.65,2090.45,168.74,1070.05,54.85,1961.87,171.51,804.42,53.14,2379.81,159.20,454.52,28.60,2485.41,157.98,0.00,243.78,49.05,94.53,218.81,1790.77,3540.58,2.58,149.19,114.93,593.30,2.74,946.29,59.61,494.22
2026-03-19T09:20:00Z,59.61,2077.92,168.39,1083.15,54.85,1956.75,172.32,800.84,53.15,2374.06,159.74,465.10,28.58,2484.20,157.23,0.00,247.68,49.58,94.62,219.86,1806.28,3547.31,2.59,150.82,119.24,601.36,3.02,952.92,59.15,503.10
2026-03-19T09:30:00Z,59.10,2094.01,168.46,1070.20,54.65,1955.68,172.05,813.95,53.47,2367.91,159.80,483.08,28.52,2490.79,157.45,0.00,243.77,47.98,95.08,220.60,1796.63,3551.76,2.51,150.76,114.85,592.98,2.83,955.04,58.29,496.82
2026-03-19T09:40:00Z,58.90,2107.10,168.50,1048.67,55.21,1955.86,172.15,802.52,53.43,2368.51,159.56,469.64,28.83,2489.73,157.17,0.00,244.45,47.63,94.20,219.90,1788.23,3543.77,2.52,149.83,116.35,594.39,3.11,948.86,59.31,495.22
2026-03-19T09:50:00Z,59.26,2113.04,167.47,1036.18,55.02,1952.99,172.39,804.83,53.25,2368.45,158.93,465.42,28.88,2475.88,156.36,0.00,,47.87,94.29,217.18,1791.64,3545.99,2.41,149.31,115.24,593.09,2.88,945.99,58.78,505.25
2026-03-19T10:00:00Z,59.24,2102.99,167.48,1042.44,55.18,1948.22,171.90,795.71,53.13,2385.01,159.79,477.60,28.72,2479.59,157.51,0.00,241.86,48.46,94.77,214.75,1789.19,3558.99,2.63,149.90,115.42,596.35,2.72,945.86,58.02,496.47
2026-03-19T10:10:00Z,58.98,2109.58,168.06,1028.10,54.88,1958.82,172.52,797.85,53.41,2367.66,159.62,477.11,28.78,2476.71,156.94,0.00,241.80,47.74,95.09,218.58,1797.33,3551.34,2.51,150.99,115.59,595.96,3.06,941.32,59.10,497.62
2026-03-19T10:20:00Z,59.35,2088.16,168.48,1035.39,54.79,1953.88,172.00,799.42,53.15,2367.36,159.95,483.75,29.16,2464.32,157.36,0.00,243.71,48.35,94.14,219.38,1793.16,3546.52,2.38,149.57,117.08,601.98,3.23,947.80,60.04,500.82
2026-03-19T10:30:00Z,59.18,2090.07,168.20,1049.26,54.76,1957.51,171.79,792.01,53.05,2378.31,160.04,478.69,29.33,2463.29,157.48,5.91,245.23,48.95,93.26,223.46,1800.01,3538.58,2.52,150.21,120.87,602.52,3.02,954.19,61.40,501.66
2026-03-19T10:40:00Z,59.27,2073.63,167.87,1073.64,54.82,1955.53,171.91,799.84,52.75,2380.06,160.70,478.49,29.19,2473.28,157.50,0.00,240.72,47.08,94.54,215.64,1793.42,3550.01,2.36,149.27,114.81,596.10,2.89,949.93,58.85,510.07
2026-03-19T10:50:00Z,58.89,2090.96,167.36,1051.73,54.68,1960.55,172.88,821.17,52.77,2370.41,160.41,487.29,29.94,2463.63,157.28,6.41,245.67,45.49,94.12,223.70,1795.09,3548.66,2.49,150.25,116.10,597.39,2.80,948.67,58.96,505.33
2026-03-19T11:00:00Z,59.15,2096.70,167.45,1060.65,54.81,1963.03,173.28,805.88,52.58,2372.25,159.84,469.64,30.18,2449.14,156.85,11.45,247.61,46.93,93.65,223.77,1797.87,3555.48,2.57,148.39,117.66,606.44,2.89,948.70,60.10,502.29
2026-03-19T11:10:00Z,58.99,2095.64,167.96,1072.34,55.06,1956.46,172.55,821.78,52.49,2386.60,160.85,466.12,30.53,2442.72,157.96,32.87,250.28,48.10,93.86,223.26,1801.48,3547.50,2.70,151.12,121.00,600.31,2.66,953.19,60.54,493.95
2026-03-19T11:20:00Z,58.71,2101.74,167.84,1060.75,54.90,1948.79,172.52,804.85,52.57,2392.75,160.15,460.60,30.26,2445.79,158.22,34.33,249.03,48.27,95.14,222.39,1808.76,3552.04,2.37,150.76,120.07,607.29,2.82,958.17,58.17,513.52
2026-03-19T11:30:00Z,58.55,2115.38,167.81,1046.25,54.99,1936.01,172.44,800.00,52.54,2388.94,159.18,442.10,29.90,2451.32,157.92,23.28,244.92,46.70,94.10,222.10,1793.69,3546.70,2.30,150.15,118.76,594.63,3.18,948.11,59.15,492.71
2026-03-19T11:40:00Z,58.65,2106.74,167.88,1030.42,54.62,1953.89,172.73,797.05,52.58,2389.80,159.96,456.88,29.85,2457.40,158.18,24.53,246.00,47.15,94.72,221.93,1788.29,3546.56,2.42,148.75,119.19,595.92,2.82,947.92,60.46,499.16
2026-03-19T11:50:00Z,58.17,2114.04,168.93,1029.92,54.69,1969.38,172.33,807.35,52.58,2392.79,160.14,470.10,29.75,2459.39,158.51,33.59,247.11,48.92,95.44,223.48,1798.28,3546.80,2.67,149.06,118.07,599.19,3.20,954.61,60.80,501.41
2026-03-19T12:00:00Z,58.00,2120.82,167.64,1022.45,54.86,1963.46,172.54,814.14,52.82,2380.26,160.17,475.99,29.58,2454.23,158.43,22.42,250.31,48.33,95.34,222.64,1791.88,3549.30,2.38,148.70,120.67,598.16,3.11,948.78,59.17,489.42
2026-03-19T12:10:00Z,58.09,2122.75,167.11,1015.28,54.80,1954.97,172.33,819.44,52.49,2383.71,160.29,480.81,29.24,2459.23,158.13,7.70,243.30,48.31,94.90,215.06,1791.84,3542.12,2.57,150.62,115.45,591.77,2.87,948.48,58.26,501.22
2026-03-19T12:20:00Z,57.81,2128.83,167.48,1013.91,54.76,1958.38,172.26,809.17,52.94,2376.39,160.23,463.73,29.33,2456.17,157.69,2.14,243.45,50.21,94.87,217.11,1794.31,3559.53,2.36,149.64,116.76,596.22,3.19,949.15,58.39,496.73
2026-03-19T12:30:00Z,58.12,2118.38,167.48,1009.23,54.37,1965.78,172.12,788.25,52.64,2388.54,160.20,470.59,29.41,2460.75,157.93,15.22,234.74,48.67,94.05,209.41,1798.55,3541.94,2.55,148.63,111.51,595.68,3.11,952.97,59.52,509.70
2026-03-19T12:40:00Z,58.40,2121.21,166.90,1014.55,54.51,1959.70,172.13,789.47,52.99,2377.90,159.52,472.47,29.49,2471.23,157.88,6.70,237.97,47.17,93.84,215.73,1800.78,3552.74,2.40,150.25,114.22,594.58,3.05,945.96,58.89,497.89
2026-03-19T12:50:00Z,58.40,2116.20,167.07,1023.35,54.48,1957.12,171.35,784.84,53.09,2376.04,159.45,462.86,29.37,2468.76,157.26,1.65,245.90,46.26,93.98,223.92,1803.50,3542.49,2.68,149.95,117.33,593.85,3.27,950.30,60.57,497.40
2026-03-19T13:00:00Z,58.42,2110.72,166.87,1024.78,54.96,1952.52,171.30,799.17,52.94,2376.87,159.95,461.73,29.68,2456.90,158.00,31.03,244.38,47.57,93.91,218.39,1791.20,3551.77,2.35,150.40,117.23,600.95,3.11,946.82,60.56,498.52
2026-03-19T13:10:00Z,58.41,2114.80,168.13,1033.77,55.08,1947.51,171.55,798.46,52.87,2378.01,159.70,453.54,29.74,2466.42,158.06,28.79,241.71,46.76,93.41,219.05,1799.32,3537.00,2.49,148.99,117.77,591.73,2.99,945.31,59.93,489.14
2026-03-19T13:20:00Z,58.34,2125.04,167.13,1028.90,55.00,1948.12,172.02,813.97,52.88,2381.79,159.77,457.91,30.39,2454.97,157.80,28.94,246.00,46.56,94.01,218.72,1800.18,3560.64,2.77,152.02,117.79,595.62,3.14,943.69,59.45,502.47
2026-03-19T13:30:00Z,57.86,2130.87,167.00,1014.82,55.21,1952.51,172.02,807.96,53.63,2380.54,159.35,476.61,30.16,2460.02,157.41,14.72,245.29,47.50,94.88,220.75,1786.75,3551.51,2.49,149.78,117.27,599.44,2.94,947.08,61.23,488.73
2026-03-19T13:40:00Z,57.90,2129.41,166.54,1009.13,54.90,1955.15,172.13,791.05,53.51,2365.86,159.55,492.26,30.17,2457.21,158.11,12.87,246.54,49.38,94.58,223.32,1799.78,3548.85,2.66,149.22,119.10,598.05,2.99,954.57,61.51,498.95
2026-03-19T13:50:00Z,58.33,2124.40,166.71,1019.95,54.79,1952.32,172.46,803.73,53.13,2369.85,159.81,506.81,30.17,2452.66,158.96,30.94,245.41,45.86,94.93,221.25,1794.79,3551.01,2.67,150.05,117.37,602.49,2.77,953.55,59.93,497.14
2026-03-19T14:00:00Z,58.47,2121.78,167.03,1021.36,54.96,1944.89,172.37,804.61,53.11,2374.24,159.91,489.69,29.98,2448.61,158.29,18.15,243.21,46.44,94.14,222.22,1793.48,3550.92,2.61,149.24,117.70,599.66,3.22,948.54,59.90,501.18
2026-03-19T14:10:00Z,58.00,,167.68,1005.09,54.81,1953.00,172.38,817.23,52.87,2380.80,159.85,479.02,29.98,2453.29,158.10,25.76,248.15,48.32,94.40,225.04,1796.24,3547.90,2.34,149.96,118.96,597.44,2.94,949.70,59.88,486.92
2026-03-19T14:20:00Z,58.12,2121.08,166.77,1010.10,54.79,1958.71,172.29,815.22,52.84,2377.96,159.68,475.23,29.87,2458.18,158.08,28.44,244.94,47.35,94.85,220.99,1803.33,3525.64,2.58,149.77,117.19,594.81,2.69,951.26,59.54,494.18
2026-03-19T14:30:00Z,57.89,2128.94,167.06,1009.02,55.16,1959.82,172.55,817.81,53.03,2378.07,159.83,480.19,30.02,2452.27,158.24,20.12,245.24,49.60,95.12,217.71,1800.53,3557.92,2.75,149.81,118.74,599.30,3.06,945.50,58.53,495.10
2026-03-19T14:40:00Z,58.34,2128.87,167.12,995.04,55.80,1936.35,172.37,836.95,53.26,2370.73,159.99,473.42,29.91,2442.29,158.41,30.74,247.03,47.31,94.38,222.58,1792.75,3544.67,2.68,149.10,118.73,603.63,2.91,949.90,59.76,495.40
2026-03-19T14:50:00Z,58.34,2124.45,167.58,1008.39,55.32,1952.83,172.43,815.82,53.13,2373.88,159.87,473.45,30.23,2435.01,158.20,37.45,250.96,46.90,94.20,222.56,1802.48,3537.35,2.58,150.40,120.18,604.01,2.95,950.45,61.67,513.27
2026-03-19T15:00:00Z,58.42,2118.07,167.47,1013.88,55.34,1955.68,172.62,819.07,53.63,2360.65,159.71,470.94,29.97,2440.35,157.73,36.17,249.46,46.51,94.64,225.64,1803.35,3550.35,2.46,151.29,120.26,598.07,2.71,951.65,61.79,488.38
2026-03-19T15:10:00Z,58.90,2101.97,167.34,1025.64,55.46,1944.23,172.67,812.78,53.28,2368.39,160.17,479.09,29.87,2450.96,158.12,42.45,246.87,48.95,94.51,219.00,1799.91,3536.74,2.44,149.31,122.63,604.69,3.26,952.99,60.50,505.92
2026-03-19T15:20:00Z,59.13,2094.09,167.70,1024.38,55.54,1949.37,172.32,803.03,53.13,2381.01,160.43,472.31,29.80,2456.94,158.18,24.02,241.90,49.07,94.42,215.58,1800.27,3566.88,2.74,150.20,113.48,588.03,2.57,951.92,59.16,486.14
2026-03-19T15:30:00Z,58.97,2089.23,167.64,1040.42,55.38,1944.28,171.97,805.07,53.39,2372.00,160.32,481.77,29.35,2468.84,157.78,4.12,243.05,46.72,94.79,220.13,1793.73,3558.65,2.40,149.26,117.00,595.87,3.39,943.06,59.54,491.13
2026-03-19T15:40:00Z,59.53,2085.18,168.14,1058.42,55.39,1943.82,172.34,805.82,53.74,2353.95,160.08,485.85,29.62,2469.96,156.84,11.22,242.65,46.78,94.89,218.45,1796.19,3546.00,2.68,150.17,119.37,598.93,3.04,943.92,58.98,493.96
2026-03-19T15:50:00Z,59.69,2085.27,168.31,1055.69,55.04,1937.23,171.64,821.61,53.71,2353.48,160.33,493.27,29.83,2466.38,158.01,13.49,244.23,47.70,93.61,218.35,1799.03,3550.79,2.40,149.89,119.13,593.49,2.56,947.32,59.81,497.54
2026-03-19T16:00:00Z,59.33,2093.98,168.42,1062.67,55.28,1944.75,172.23,828.79,53.71,2366.56,160.97,495.54,29.46,2466.65,157.82,0.00,243.06,48.07,95.20,217.49,1794.77,3541.90,2.70,148.21,115.69,596.75,3.34,945.61,60.15,486.99
2026-03-19T16:10:00Z,59.47,2090.24,167.96,1052.35,55.07,1941.88,173.08,835.77,53.66,2363.81,160.77,488.04,29.13,2457.94,157.71,0.00,243.64,47.22,95.45,219.06,1798.51,3550.98,2.41,149.33,120.48,603.63,3.02,949.22,60.15,507.24
2026-03-19T16:20:00Z,59.11,2092.21,168.44,1067.93,54.81,1951.66,172.78,820.00,53.24,2370.25,160.01,487.72,29.39,2463.13,157.33,0.00,249.00,45.91,95.29,225.40,1808.13,3559.88,2.39,149.85,121.48,597.04,2.98,961.18,59.03,488.66
2026-03-19T16:30:00Z,59.14,2107.94,168.48,1055.50,54.46,1959.91,172.58,796.86,53.09,2366.56,160.23,488.81,29.75,2453.80,157.62,5.54,244.04,47.66,96.26,218.44,1792.83,3559.76,2.50,150.04,116.79,595.10,3.02,951.44,59.22,495.14
2026-03-19T16:40:00Z,59.21,2099.01,168.85,1063.35,54.48,1960.73,171.56,787.64,52.87,2371.98,160.41,465.87,29.75,2449.06,157.79,18.24,246.72,47.16,96.34,225.04,1805.79,3549.38,2.56,150.76,117.56,599.16,2.87,952.33,59.91,493.03
2026-03-19T16:50:00Z,59.06,2094.48,168.62,1044.47,54.44,1961.32,171.36,792.99,53.14,2364.27,160.36,465.09,29.37,2453.97,157.36,30.03,247.33,46.42,95.82,217.71,1785.27,3540.17,2.43,149.25,116.47,598.05,2.77,933.48,60.55,495.53
2026-03-19T17:00:00Z,58.68,2102.17,168.29,1040.90,54.67,1950.62,170.83,792.45,53.06,2361.37,160.02,476.57,29.54,2459.41,157.38,26.44,243.39,46.61,95.10,217.25,1795.08,3542.73,2.77,151.94,115.02,594.35,3.20,947.18,59.39,487.32
2026-03-19T17:10:00Z,58.65,2107.42,168.60,1029.49,54.94,1957.41,171.17,808.83,52.83,2367.74,159.04,457.28,29.58,2453.88,158.08,28.61,244.93,48.32,94.43,222.29,1797.19,3557.56,2.65,150.15,115.84,588.00,3.21,943.93,61.49,489.82
2026-03-19T17:20:00Z,58.40,2106.29,168.21,1027.01,55.14,1946.34,171.70,810.59,52.81,2364.92,159.73,457.62,29.66,2450.03,158.00,20.72,243.30,47.80,94.17,217.33,1802.01,3534.59,2.66,151.23,117.67,596.79,2.70,951.01,61.36,505.39
2026-03-19T17:30:00Z,58.81,2106.71,168.72,1036.67,54.60,1955.32,172.37,807.43,52.55,2376.28,158.87,456.96,29.63,2453.29,157.88,21.33,243.07,47.70,94.62,218.28,1794.09,3566.77,2.57,150.84,116.51,599.04,3.04,952.05,60.11,499.67
2026-03-19T17:40:00Z,58.72,2106.37,167.98,1024.54,54.55,1956.67,173.28,797.27,52.56,2381.58,159.19,465.49,29.68,2462.62,158.18,9.87,243.20,45.48,94.29,218.14,1789.59,3545.69,2.54,148.05,113.60,590.60,2.83,942.58,59.45,497.52
2026-03-19T17:50:00Z,58.90,2117.86,167.84,1021.35,54.38,1970.11,172.87,780.70,52.26,2392.23,159.86,466.39,29.72,2455.42,157.74,0.00,242.33,44.67,94.39,218.74,1791.70,3547.45,2.50,149.66,114.45,600.99,2.93,932.23,58.67,497.67
2026-03-19T18:00:00Z,59.17,2107.22,168.02,1031.47,54.38,1960.71,172.40,789.66,51.63,2398.59,159.31,430.94,29.99,2448.23,158.36,23.57,242.39,44.16,95.05,219.93,1793.43,3549.61,2.39,151.37,114.68,589.82,3.05,940.63,58.18,485.46
2026-03-19T18:10:00Z,58.76,2105.10,167.13,1025.58,54.65,1952.71,172.67,793.60,51.56,2404.20,159.40,446.04,30.13,2446.73,157.78,21.15,242.46,45.21,94.13,217.42,1792.84,3530.32,2.61,150.10,119.92,593.00,3.13,945.33,60.24,499.68
2026-03-19T18:20:00Z,58.76,2112.12,167.75,1035.11,54.45,1957.33,171.90,787.02,51.39,2412.78,158.82,421.99,29.96,2441.97,157.88,26.83,243.61,43.87,94.03,225.54,1799.01,3561.61,2.50,150.06,116.73,599.15,3.08,958.01,61.38,493.64
2026-03-19T18:30:00Z,58.80,2100.24,167.85,1028.25,54.58,1959.97,171.55,806.19,51.61,2404.18,158.18,417.46,29.69,2446.03,157.89,21.24,247.08,46.34,94.93,221.80,1793.39,3551.02,2.75,151.43,115.93,596.28,3.14,946.54,59.76,498.22
2026-03-19T18:40:00Z,59.16,2099.20,167.95,1037.41,53.92,1958.14,171.09,780.09,51.54,2410.36,158.56,411.13,29.46,2458.71,157.45,11.13,244.30,45.55,94.50,219.95,1807.12,3545.18,2.59,149.74,118.46,597.92,2.87,958.86,59.76,502.54
2026-03-19T18:50:00Z,59.57,2087.14,168.50,1050.59,53.79,1964.04,171.00,781.58,51.59,2414.63,158.76,412.54,29.56,2462.17,157.18,11.14,245.42,45.12,93.84,219.15,1798.15,3541.34,2.37,147.99,118.52,597.90,2.78,949.01,60.53,492.52
2026-03-19T19:00:00Z,59.37,2100.53,167.77,1047.64,54.04,1969.22,171.80,773.45,51.67,2404.70,158.52,422.33,29.10,2469.72,157.95,5.24,237.95,45.66,94.46,215.36,1790.05,3566.22,2.63,149.92,113.48,586.68,2.67,945.60,60.36,486.92
2026-03-19T19:10:00Z,59.38,2096.01,168.26,1045.50,54.29,1971.38,171.54,759.73,51.78,2404.35,158.73,426.95,28.91,2469.46,157.57,9.24,238.32,47.49,95.05,212.90,1785.41,3541.87,2.73,148.42,114.02,586.55,2.84,943.66,60.11,482.15
2026-03-19T19:20:00Z,59.86,2092.66,167.27,1062.62,54.43,1968.51,171.06,772.95,51.58,2407.19,158.41,429.00,29.16,2466.73,157.76,11.15,232.90,48.03,95.22,211.57,1787.30,3552.69,2.45,149.79,109.13,587.12,2.89,940.48,60.31,493.55
2026-03-19T19:30:00Z,59.79,2087.11,168.51,1069.38,54.62,1964.53,170.62,779.50,51.30,2422.34,158.73,425.26,28.93,2467.21,157.71,6.07,241.09,48.36,94.65,216.88,1794.86,3558.70,2.36,149.54,115.02,586.10,3.08,954.30,60.05,490.18
2026-03-19T19:40:00Z,59.34,2098.89,168.29,1055.46,54.38,1963.56,171.31,784.90,50.93,2431.87,158.81,399.90,28.64,2483.00,157.69,0.00,238.88,49.16,94.26,214.45,1793.99,3538.20,2.46,149.92,114.77,594.62,3.19,952.05,59.83,489.36
2026-03-19T19:50:00Z,59.56,2090.19,167.96,1063.78,54.37,1959.96,171.50,792.02,51.02,2437.54,158.40,391.69,28.02,,157.43,0.00,236.25,49.01,94.30,208.96,1791.72,3542.08,2.28,149.11,114.63,597.87,3.36,942.12,60.29,493.55
2026-03-19T20:00:00Z,59.37,2089.47,168.31,1063.49,54.34,1970.68,171.48,781.57,51.39,2421.65,157.94,375.25,27.93,2493.64,157.95,0.00,237.76,45.49,93.75,215.61,1783.75,3552.02,2.49,150.06,118.25,592.73,2.39,941.26,60.36,512.62
2026-03-19T20:10:00Z,59.76,2084.26,168.19,1062.43,54.37,1964.92,171.75,782.95,51.46,2418.33,157.96,381.50,27.65,2490.22,,0.00,238.97,45.30,94.35,215.01,1801.53,3560.07,2.55,150.61,115.72,596.61,3.00,954.55,59.34,496.95
2026-03-19T20:20:00Z,59.78,2083.05,168.23,1062.99,54.15,1978.43,172.48,779.60,51.67,2419.52,158.35,395.68,27.60,2507.77,157.36,0.00,238.79,46.02,94.95,214.47,1794.40,3558.94,2.57,151.22,116.06,598.02,3.17,946.62,61.02,502.34
2026-03-19T20:30:00Z,59.75,2080.63,167.89,1065.83,54.39,1971.68,171.77,780.77,51.54,2410.89,158.64,409.26,27.50,2504.66,156.89,0.00,242.98,46.82,94.44,219.56,1798.07,3555.77,2.65,151.01,115.21,595.35,3.16,947.07,60.77,501.53
2026-03-19T20:40:00Z,59.72,2075.63,168.25,1072.70,54.12,1973.97,171.74,769.30,51.58,2405.89,158.54,413.89,27.82,2506.31,157.32,0.00,237.65,46.59,93.26,210.89,1796.60,3542.04,2.62,151.15,112.99,586.96,3.06,948.37,61.89,480.13
2026-03-19T20:50:00Z,59.68,2079.69,167.73,1082.11,54.13,1979.49,170.80,771.63,51.77,2398.97,158.76,421.24,27.96,2495.80,157.52,0.00,236.71,47.35,93.73,214.08,1788.98,3555.36,2.36,148.02,112.92,593.94,2.77,942.78,60.70,493.26
2026-03-19T21:00:00Z,59.53,2083.75,167.77,1072.35,53.64,1981.27,170.49,768.17,52.08,2393.00,159.90,424.66,28.22,2503.80,157.25,0.00,235.90,45.88,94.30,212.89,1787.97,3546.37,2.40,149.91,115.15,590.06,3.07,941.13,59.63,487.43
2026-03-19T21:10:00Z,59.54,2084.75,168.07,1075.10,53.31,1991.58,170.25,749.81,52.31,2393.47,159.87,437.89,28.39,2503.78,157.16,0.00,240.11,47.17,94.96,216.76,1792.50,3532.33,2.71,149.21,116.10,590.94,3.21,949.34,57.60,495.01
2026-03-19T21:20:00Z,59.72,2074.88,168.83,1093.48,53.37,1995.92,170.75,756.40,52.42,2394.41,159.71,444.87,28.39,2488.68,157.32,0.00,242.07,47.39,95.13,215.05,1788.92,3568.07,2.64,151.50,118.44,598.31,3.23,950.26,59.67,495.79
2026-03-19T21:30:00Z,59.69,2078.53,168.36,1082.00,53.12,1991.82,171.62,757.21,52.23,2393.57,160.22,454.39,28.24,2498.37,156.81,0.00,240.08,48.37,94.76,217.28,1797.89,3573.67,2.87,149.34,114.97,596.21,3.41,941.95,59.80,492.37
2026-03-19T21:40:00Z,59.67,2085.65,169.01,1079.77,53.42,1989.37,171.73,753.98,52.16,2402.34,159.33,441.21,28.48,2494.59,157.26,3.72,240.07,48.69,94.83,213.38,1790.81,3555.32,2.56,150.25,116.55,599.76,3.00,946.32,61.18,502.77
2026-03-19T21:50:00Z,59.03,2092.74,168.66,1065.76,53.60,1983.00,171.42,753.31,52.16,2399.40,159.06,443.98,28.23,2497.98,157.05,0.00,237.66,48.12,94.78,215.61,1802.30,3547.44,2.30,150.88,115.50,593.70,3.05,954.25,60.98,492.98
2026-03-19T22:00:00Z,58.90,2097.52,168.76,1053.88,53.97,1981.04,171.33,739.79,52.40,2390.72,158.97,446.42,28.01,2498.01,157.21,0.00,240.81,45.98,93.95,215.95,1785.72,3554.68,2.40,149.72,114.05,591.63,3.35,950.18,59.58,490.21
2026-03-19T22:10:00Z,58.76,2104.31,168.47,1040.50,54.12,1977.55,170.64,753.24,52.67,2377.86,159.03,446.94,27.77,2504.55,157.21,0.00,239.77,45.80,93.96,217.76,1786.08,3551.08,2.51,149.59,115.09,598.01,3.34,943.44,60.70,495.34
2026-03-19T22:20:00Z,58.87,2106.89,168.39,1027.32,54.30,1975.56,170.79,765.92,52.99,2374.33,159.83,472.26,27.63,2506.50,158.18,0.00,236.31,,93.83,211.36,1786.16,3567.77,2.53,151.80,115.54,602.36,2.80,938.62,60.02,504.84
2026-03-19T22:30:00Z,58.37,2115.84,167.65,1020.29,54.02,1969.51,172.03,781.40,52.80,2384.56,160.36,474.79,27.38,2510.27,158.00,0.00,242.34,42.88,93.97,216.71,1783.38,3544.73,2.69,149.16,118.27,591.56,3.08,941.43,58.96,488.41
2026-03-19T22:40:00Z,58.71,2109.00,167.92,1018.30,54.63,1967.53,171.94,780.29,52.88,2374.48,159.26,486.82,28.08,2504.12,157.46,0.00,239.58,44.30,92.93,214.43,1792.20,3555.62,2.46,152.20,115.55,594.65,3.10,946.34,58.56,501.46
2026-03-19T22:50:00Z,58.26,2113.52,167.56,1011.09,54.72,1966.91,172.03,784.92,53.34,2364.77,160.16,492.83,28.14,2506.16,157.58,0.00,242.20,44.79,93.05,221.01,1792.91,3548.92,2.23,151.81,116.79,593.66,2.53,949.83,59.20,497.87
2026-03-19T23:00:00Z,58.07,2112.18,167.66,1009.06,54.67,1962.02,171.50,772.38,53.22,2361.63,159.84,487.23,28.01,2494.28,156.99,0.00,245.98,44.86,93.45,220.90,1797.34,3555.63,2.29,149.52,116.81,593.93,2.97,943.77,59.14,491.20
2026-03-19T23:10:00Z,58.14,2116.71,167.54,1011.43,54.84,1963.44,171.44,785.64,52.82,2371.86,159.87,474.89,27.61,2502.50,157.49,0.00,242.24,44.62,93.50,217.48,1798.01,3542.95,2.67,149.48,116.19,593.78,3.23,952.90,60.02,499.37
2026-03-19T23:20:00Z,58.20,2127.27,167.50,1014.02,55.35,1951.26,172.08,790.82,52.87,2374.18,159.89,480.78,28.24,2488.75,158.29,0.00,242.85,45.93,93.97,218.16,1791.47,3551.76,2.26,148.72,116.90,593.94,2.77,938.31,59.68,496.52
2026-03-19T23:30:00Z,58.00,2125.98,167.41,1006.45,55.57,1950.44,171.79,797.32,52.87,2381.19,160.13,472.26,28.64,2484.60,157.82,0.00,237.96,49.32,94.34,214.29,1791.52,3538.17,2.55,150.20,115.26,588.66,3.24,943.66,59.46,485.97
2026-03-19T23:40:00Z,58.43,2122.25,167.00,1029.90,55.65,1943.45,172.54,794.65,52.54,2384.13,160.31,469.87,28.36,2492.42,157.34,0.00,240.64,47.23,93.97,217.65,1791.47,3555.56,2.40,152.71,111.85,586.02,2.88,947.20,57.98,498.44
2026-03-19T23:50:00Z,58.74,2117.30,167.19,1033.55,55.87,1912.09,172.24,805.34,53.04,2375.34,160.92,466.32,28.27,2494.54,158.07,0.00,242.44,46.92,94.76,219.42,1799.19,3551.52,2.28,150.27,116.54,594.96,2.95,950.29,58.60,504.09
2026-03-20T00:00:00Z,58.60,2120.37,166.67,1032.52,55.83,1924.69,172.10,821.78,52.53,2394.26,160.65,457.44,28.10,2489.49,157.83,0.00,250.28,45.77,95.89,225.00,1794.84,3556.86,2.52,148.95,121.00,603.00,2.91,947.96,60.21,502.67
2026-03-20T00:10:00Z,58.84,2112.27,167.10,1035.31,55.47,1928.39,171.95,828.36,52.05,2403.82,160.18,442.41,27.50,2508.99,157.23,0.00,251.41,46.62,95.36,223.65,1796.03,3554.10,2.25,149.74,122.57,605.44,3.31,948.59,60.08,504.65
2026-03-20T00:20:00Z,58.99,2100.86,167.37,1021.40,55.33,1939.86,172.35,831.68,51.41,2408.90,159.97,432.18,27.68,2509.47,156.77,0.00,241.45,46.42,95.27,219.55,1796.05,3539.74,2.60,150.63,114.13,583.39,3.20,945.33,59.70,490.39
2026-03-20T00:30:00Z,59.28,2095.03,166.69,1038.54,55.51,1932.43,172.21,809.39,51.19,2412.28,159.54,420.69,27.86,2503.59,157.02,0.00,239.78,43.37,94.59,216.73,1792.08,3558.66,2.42,150.73,116.09,593.86,3.19,947.59,60.23,497.94
2026-03-20T00:40:00Z,58.91,2101.29,167.82,1048.70,55.52,1930.68,173.11,818.61,50.70,2423.55,159.23,415.22,27.86,2505.55,157.47,0.00,238.01,44.61,94.69,214.45,1791.74,3561.67,2.28,150.66,114.54,590.09,2.52,944.10,60.59,488.48
2026-03-20T00:50:00Z,58.92,2097.59,167.89,1052.61,55.90,1945.72,172.77,820.48,50.53,2419.49,159.25,412.82,28.06,2497.45,156.87,0.00,243.22,46.23,95.23,217.25,1801.38,3545.12,2.50,150.74,116.61,598.60,2.89,939.17,59.98,491.09
2026-03-20T01:00:00Z,59.10,2097.03,167.48,1047.77,56.12,1938.35,172.48,820.88,50.43,2426.01,159.07,390.37,27.96,2496.16,157.35,0.00,240.27,45.77,94.10,213.38,1791.78,3560.46,2.27,150.36,113.62,589.05,3.02,953.93,59.49,503.42
2026-03-20T01:10:00Z,58.94,2101.26,168.21,1028.53,55.66,1936.96,173.79,828.06,50.14,2436.67,158.37,370.53,27.88,2504.19,156.81,0.00,239.07,46.12,94.64,218.23,1797.91,3551.97,2.49,147.93,113.67,591.59,2.99,948.99,60.02,483.22
2026-03-20T01:20:00Z,58.94,2100.33,167.59,1025.90,55.61,1936.29,172.06,821.54,50.11,2442.27,158.51,367.30,28.18,2503.93,157.09,0.00,235.44,45.95,94.30,210.33,1788.44,3555.76,2.36,151.91,111.76,587.81,2.86,951.98,59.63,491.03
2026-03-20T01:30:00Z,59.32,2104.29,167.50,1032.10,55.41,1938.66,172.21,823.33,49.86,2460.62,158.34,366.79,28.39,2500.83,157.39,0.00,239.58,45.26,94.91,218.80,1793.54,3545.53,2.57,149.37,113.84,594.27,3.03,948.06,60.87,494.72
2026-03-20T01:40:00Z,59.33,2096.87,167.50,1047.16,54.96,1951.20,171.67,800.54,49.31,2445.94,158.82,364.77,28.28,2503.39,157.87,0.00,241.70,43.59,94.39,215.88,1796.53,3557.70,2.56,149.81,113.43,591.31,3.03,947.26,60.12,502.47
2026-03-20T01:50:00Z,59.27,2083.70,167.64,1047.15,54.92,1947.93,171.22,810.88,49.53,2456.16,159.31,349.99,28.37,2496.44,157.52,0.00,240.73,44.18,94.94,218.89,1791.75,3555.77,2.71,150.94,116.45,595.28,3.27,947.44,58.26,489.98
2026-03-20T02:00:00Z,59.33,2097.63,166.59,1052.60,55.02,1950.68,171.35,805.71,49.38,2470.06,158.61,342.51,28.13,2502.88,158.38,0.00,240.19,44.19,95.38,216.44,1792.44,3555.55,2.30,151.12,112.65,586.94,3.21,952.78,60.18,490.03
2026-03-20T02:10:00Z,59.40,2091.51,166.93,1052.78,55.02,1952.31,171.33,799.18,49.50,2477.34,157.45,338.13,28.37,2493.75,157.70,0.00,239.30,44.45,94.19,214.71,1786.42,3547.15,2.54,150.99,111.43,586.88,2.92,943.59,58.86,482.06
2026-03-20T02:20:00Z,59.86,2082.18,167.64,1068.90,54.74,1958.82,171.60,793.42,49.38,2468.16,157.66,349.21,28.39,2489.83,157.84,0.00,237.62,44.78,93.88,212.83,1785.02,3552.98,2.61,148.70,113.20,590.22,2.97,947.13,59.45,491.99
2026-03-20T02:30:00Z,59.34,2090.36,168.36,1077.87,54.72,1963.23,171.40,784.63,49.50,2453.21,157.54,358.61,28.13,2489.86,157.82,0.00,239.86,45.26,94.41,214.28,1785.74,3563.17,2.78,148.87,118.92,603.49,3.05,940.29,59.63,493.67
2026-03-20T02:40:00Z,59.58,2085.32,168.31,1062.68,55.02,1954.39,171.67,785.38,49.33,2467.26,157.24,345.58,28.15,2483.60,157.72,0.00,243.27,46.28,94.15,218.87,1795.30,3550.26,2.67,151.03,117.17,599.25,3.02,952.00,60.85,503.71
2026-03-20T02:50:00Z,59.39,2087.76,168.75,1062.22,54.44,1959.91,172.12,783.08,49.26,2480.43,157.32,323.02,28.28,2499.54,157.50,0.00,239.59,44.43,94.34,216.84,1788.46,3562.10,2.43,151.57,114.06,595.71,3.18,941.83,60.98,497.18
2026-03-20T03:00:00Z,59.45,2095.44,167.45,1040.38,54.28,1956.69,171.71,789.71,49.20,2477.30,157.40,323.45,28.26,2499.56,157.47,0.00,234.03,44.98,94.57,212.54,1802.49,3555.74,2.74,149.95,110.11,590.62,2.99,951.89,61.48,500.33
2026-03-20T03:10:00Z,59.42,2095.02,167.54,1043.91,54.30,1962.12,171.53,784.06,48.89,2476.02,156.55,333.03,28.23,2497.90,158.00,0.00,240.96,42.95,94.57,221.22,1798.89,3537.25,2.46,150.10,116.19,596.25,3.01,948.45,59.78,495.72
2026-03-20T03:20:00Z,59.54,2083.95,168.09,1066.29,54.74,1953.16,171.75,785.31,49.22,2466.39,157.17,341.51,28.18,2494.20,157.84,0.00,237.20,43.57,93.58,210.00,1792.46,3546.75,2.35,150.68,114.23,597.66,2.99,941.72,59.81,494.86
2026-03-20T03:30:00Z,59.75,2087.85,168.81,1081.42,54.98,1946.21,171.69,799.69,49.18,2470.64,157.24,338.31,28.30,2493.59,157.75,0.00,234.26,44.89,94.06,213.01,1785.32,3548.11,2.23,148.79,110.67,588.46,3.06,939.86,59.44,495.26
2026-03-20T03:40:00Z,60.04,2076.12,168.46,1075.00,54.86,1949.58,172.03,804.16,48.88,2489.34,157.08,331.21,27.96,2493.76,158.09,0.00,239.01,45.70,94.55,219.32,1794.92,3548.51,2.47,150.87,114.89,598.63,2.94,947.46,61.09,501.55
2026-03-20T03:50:00Z,59.78,2072.20,168.75,1076.08,54.63,1949.08,172.02,806.39,48.96,2476.95,157.05,336.89,27.94,2493.26,157.66,0.00,243.72,46.85,93.99,219.64,1799.89,3541.16,2.57,148.57,118.15,595.96,2.63,950.41,59.67,496.90
2026-03-20T04:00:00Z,59.59,2086.09,168.56,1075.70,55.02,1963.65,172.30,808.32,48.85,2479.17,157.02,327.93,27.88,2491.56,156.87,0.00,236.74,44.89,94.04,215.30,1790.64,3544.53,2.47,149.45,113.20,586.37,3.06,948.53,58.41,491.00
2026-03-20T04:10:00Z,59.22,2087.25,168.87,1077.10,54.45,1962.74,172.04,795.00,48.53,2487.24,157.63,327.97,27.99,2496.09,157.17,0.00,237.35,45.69,94.04,209.90,1783.08,3545.27,2.44,148.98,112.33,600.24,3.22,945.97,58.22,508.92
2026-03-20T04:20:00Z,59.08,2090.60,168.48,1074.98,54.79,1949.17,171.41,792.38,48.57,2489.67,157.29,318.85,28.22,2501.62,157.88,0.00,231.03,45.04,94.15,207.20,1778.32,3551.57,2.34,151.32,111.71,587.95,3.07,930.77,59.65,496.55
2026-03-20T04:30:00Z,59.09,2081.77,167.87,1050.87,55.40,1931.11,172.03,808.49,48.56,2485.03,157.16,330.23,28.21,2487.96,158.17,0.00,233.68,45.24,95.12,213.67,1786.50,3561.81,2.55,151.88,110.08,582.86,3.14,945.55,59.50,488.34
2026-03-20T04:40:00Z,58.85,2102.44,168.09,1039.50,55.45,1939.07,172.11,821.30,48.65,2490.22,157.43,323.43,28.57,2472.17,157.82,0.00,234.91,46.58,94.82,212.93,1788.89,3559.77,2.56,150.69,114.93,588.34,3.21,943.89,59.23,507.59
2026-03-20T04:50:00Z,58.71,2106.86,168.07,1036.35,55.68,1933.42,172.85,820.02,48.08,2498.10,157.34,297.95,28.28,2488.09,157.35,0.00,235.45,43.64,94.12,211.73,1785.93,3548.21,2.71,148.89,111.35,590.20,2.92,947.00,58.99,490.49
2026-03-20T05:00:00Z,58.24,2123.75,168.73,1037.69,54.69,1950.48,173.19,811.56,48.18,2492.68,157.26,303.35,28.27,2491.20,157.50,0.00,235.36,43.94,93.99,214.75,1785.66,3541.17,2.56,151.39,110.45,591.65,2.94,946.70,59.86,500.11
2026-03-20T05:10:00Z,58.43,2109.45,167.89,1026.17,54.37,1952.06,172.80,789.95,48.06,2497.16,157.20,288.48,28.30,2486.39,157.98,0.00,229.44,44.56,93.44,206.82,1785.15,3536.07,2.84,150.01,109.54,592.12,2.63,945.79,59.31,493.09
2026-03-20T05:20:00Z,58.49,2121.54,167.23,1019.91,53.90,1969.92,171.77,769.20,48.03,2488.61,156.35,302.45,28.52,2485.40,157.33,0.00,232.18,44.56,93.07,211.41,1792.89,3553.07,2.58,150.80,113.23,592.96,3.01,,60.42,486.97
2026-03-20T05:30:00Z,58.56,2111.85,167.24,1030.58,54.11,1973.64,171.93,767.39,47.96,2497.38,156.14,309.64,28.49,2483.18,157.50,0.00,236.27,42.85,93.21,212.90,1790.42,3541.73,2.57,150.06,109.89,588.49,3.41,944.04,59.91,493.60
2026-03-20T05:40:00Z,58.61,2104.55,167.77,1014.69,54.25,1965.02,171.27,773.98,48.41,2490.47,156.32,287.79,28.64,2485.71,157.67,0.00,230.05,41.97,92.90,206.06,1780.18,3547.46,2.28,150.27,109.78,588.80,3.02,942.68,59.11,491.99
2026-03-20T05:50:00Z,58.11,2103.21,167.79,1008.52,54.46,1961.42,171.99,781.07,48.61,2479.80,156.20,297.55,29.00,2468.96,157.59,0.70,232.80,41.67,93.72,210.41,1779.72,3540.62,2.71,149.82,112.48,593.36,3.24,939.65,59.90,
2026-03-20T06:00:00Z,57.99,2105.21,167.29,1013.54,54.75,1963.44,171.80,780.43,48.40,2484.35,156.00,304.97,28.85,2481.38,158.02,0.00,237.09,42.22,93.55,212.17,1787.47,3553.97,2.63,152.43,111.76,584.61,3.02,947.94,59.03,479.76
2026-03-20T06:10:00Z,57.60,2114.36,166.63,1013.15,54.78,1957.83,172.01,788.72,48.57,2476.97,155.91,322.96,28.70,2484.21,158.28,0.00,232.46,44.51,93.61,204.02,1777.29,3551.19,2.66,149.85,110.26,586.47,2.97,937.38,59.04,503.35
2026-03-20T06:20:00Z,57.45,2127.63,166.71,1014.53,55.01,1958.98,172.36,793.26,48.03,2483.22,156.13,309.04,29.14,2465.46,157.59,0.00,232.10,41.42,94.23,207.92,1778.60,3543.79,2.45,149.58,109.46,588.36,3.05,936.94,58.28,484.11
2026-03-20T06:30:00Z,57.75,2137.59,166.96,1009.16,54.34,1970.81,171.54,773.01,47.92,2490.35,156.45,293.11,28.71,2473.97,156.94,0.00,228.52,42.03,94.00,205.63,1784.27,3545.78,2.58,150.67,110.18,594.07,2.86,942.99,57.79,487.06
2026-03-20T06:40:00Z,57.54,2133.88,166.84,1007.97,54.08,1970.40,172.06,773.97,47.81,,156.34,295.30,28.32,2485.18,157.53,0.00,231.64,42.67,94.28,206.46,1790.77,3549.52,2.72,148.96,109.75,588.55,3.25,945.34,58.82,490.72
2026-03-20T06:50:00Z,57.79,2132.65,166.57,1007.78,54.12,1973.91,171.41,779.86,48.10,2490.36,156.58,280.70,28.25,2481.14,157.81,0.00,228.97,42.46,94.68,205.01,1780.94,3539.30,2.38,149.16,110.56,587.66,2.69,935.59,59.99,497.78
2026-03-20T07:00:00Z,57.83,2128.24,167.55,992.64,54.10,1966.64,171.29,778.03,48.22,2495.58,155.75,292.36,28.79,2479.35,158.07,0.00,225.25,43.97,94.33,204.18,1783.37,3550.62,2.51,151.67,106.14,582.29,3.13,936.45,58.94,486.70
2026-03-20T07:10:00Z,57.40,2132.87,167.06,998.14,54.17,1973.95,171.16,757.13,48.12,2493.93,156.12,300.79,29.05,2468.90,157.80,1.14,227.00,43.17,94.09,203.25,1784.79,3548.33,2.44,151.13,108.36,591.25,2.84,940.71,58.38,492.38
2026-03-20T07:20:00Z,57.40,2140.45,167.08,990.38,54.10,1970.93,170.82,763.43,47.94,2505.36,155.25,305.08,28.99,2467.60,158.16,0.00,228.23,41.50,94.63,204.25,1775.42,3535.58,2.73,148.38,110.14,583.30,3.32,935.14,60.47,486.84
2026-03-20T07:30:00Z,57.52,2130.52,167.21,988.40,54.33,1955.13,171.07,778.05,47.55,2508.91,155.17,300.89,29.30,2474.27,158.12,2.17,232.66,42.04,93.70,209.14,1787.68,3555.94,2.47,149.83,112.34,594.41,3.17,947.12,60.85,497.10
2026-03-20T07:40:00Z,57.17,2141.67,166.89,977.83,54.51,1956.81,171.56,781.48,47.11,2522.72,155.80,285.72,29.39,2466.40,157.48,5.02,228.21,42.38,93.97,204.46,1781.87,3542.64,2.60,149.46,107.44,587.89,2.77,940.11,60.29,494.91
2026-03-20T07:50:00Z,57.41,2145.81,166.83,974.13,54.58,1957.98,171.73,772.26,47.16,2530.75,156.60,267.47,29.56,2463.80,157.03,9.56,229.62,41.20,93.69,205.32,1784.51,3561.25,2.94,149.41,109.86,587.71,2.77,933.69,59.00,495.39
2026-03-20T08:00:00Z,57.72,2143.34,166.44,972.12,54.60,1964.93,171.70,770.40,47.12,2526.65,157.04,261.31,29.87,2465.31,157.22,12.26,226.50,40.80,93.79,201.84,1777.12,3544.26,2.33,151.07,111.92,591.69,2.87,930.32,59.00,493.18
2026-03-20T08:10:00Z,58.11,2135.64,166.77,977.84,54.91,1959.31,171.63,783.47,47.46,2526.96,156.42,276.52,30.10,2455.14,157.62,12.04,225.93,40.62,94.62,203.77,1779.12,3559.61,2.57,151.31,107.75,584.74,3.04,938.68,59.20,490.53
2026-03-20T08:20:00Z,58.35,2119.48,167.14,1002.54,55.22,1947.31,172.10,803.35,47.37,2516.67,156.19,277.81,30.18,2461.13,157.46,21.91,228.45,42.47,93.98,204.09,1790.44,3551.29,2.41,150.35,109.74,591.25,3.00,942.68,58.78,493.46
2026-03-20T08:30:00Z,58.12,2124.23,167.17,991.89,55.40,1943.17,172.41,821.15,47.27,2516.93,156.42,275.57,30.52,2445.48,157.60,22.79,232.19,43.61,93.57,209.54,1791.44,3558.39,2.69,151.47,111.47,591.01,3.48,947.56,59.51,481.28
2026-03-20T08:40:00Z,58.05,2128.76,167.03,989.38,55.16,1939.77,171.67,824.22,47.50,2525.59,155.88,277.23,30.45,2446.70,157.73,30.23,235.81,43.85,94.66,212.02,1796.48,3551.34,2.37,149.37,111.89,591.38,2.75,953.53,59.15,501.33
2026-03-20T08:50:00Z,57.71,2123.74,167.28,993.43,55.04,1949.46,171.75,806.55,47.71,2515.04,155.98,284.13,30.42,2443.92,158.17,33.70,236.39,43.33,95.50,215.21,1784.22,3548.37,2.64,149.62,112.82,596.62,2.94,942.30,59.33,503.16
2026-03-20T09:00:00Z,57.04,2143.93,166.65,978.38,55.23,1943.97,172.63,806.32,47.73,2502.39,155.35,278.91,30.36,2443.19,158.38,38.63,234.51,44.91,94.64,207.77,1789.77,3555.12,2.37,150.36,112.17,592.09,2.77,940.12,59.38,495.24
2026-03-20T09:10:00Z,57.10,2138.52,166.00,971.84,55.33,1950.37,172.87,781.19,47.60,2504.95,155.47,282.01,30.20,2452.25,158.46,43.98,226.52,42.96,95.06,199.97,1774.98,3558.36,2.77,149.78,106.27,579.23,3.01,930.85,59.84,487.67
2026-03-20T09:20:00Z,57.05,2145.01,166.32,967.09,55.41,1926.86,172.07,809.14,47.56,2506.72,156.12,305.74,30.38,2446.94,159.43,41.03,227.86,44.22,95.65,206.49,1772.95,3547.16,2.40,149.53,108.76,589.33,2.89,935.03,58.63,494.50
2026-03-20T09:30:00Z,57.63,2133.25,167.28,985.88,55.44,1937.09,171.45,813.97,47.65,2503.84,156.35,306.33,30.07,2458.11,158.88,36.96,230.65,42.77,94.76,207.81,1788.65,3546.65,2.54,150.91,111.92,589.99,2.81,947.63,58.85,494.15
2026-03-20T09:40:00Z,57.84,2127.20,167.07,990.89,55.64,1936.00,172.28,832.79,47.83,2502.74,156.01,303.72,30.45,2445.90,158.52,18.21,233.83,42.95,94.57,209.03,1780.02,3553.91,2.67,147.98,110.98,587.95,2.82,939.65,59.90,471.77
2026-03-20T09:50:00Z,57.74,2132.57,167.48,1005.17,56.30,1926.06,172.81,844.57,47.75,2498.88,157.28,305.19,30.13,2442.54,157.07,0.00,230.78,42.53,93.82,206.39,1781.34,3537.50,2.40,148.85,111.82,590.70,3.30,934.17,59.87,500.43
2026-03-20T10:00:00Z,57.76,2132.94,166.25,1003.19,56.27,1918.55,173.10,851.45,47.86,2506.44,156.65,280.82,30.27,2437.71,157.56,18.77,235.16,43.60,93.08,211.97,1771.68,3535.35,2.60,148.89,112.00,593.88,3.20,939.19,59.68,498.03
2026-03-20T10:10:00Z,57.82,2133.76,166.40,991.34,55.86,1917.66,172.80,851.49,48.03,2501.07,156.90,294.30,30.00,2443.30,157.94,24.63,232.45,42.68,93.76,212.18,1784.66,3553.49,2.46,149.36,109.68,586.24,2.85,949.14,59.62,483.45
2026-03-20T10:20:00Z,58.01,2136.72,167.39,992.38,55.83,,172.44,845.00,47.37,2510.36,156.27,293.92,29.69,2456.12,158.11,26.41,236.14,42.96,93.79,209.10,1789.71,3554.22,2.51,150.69,113.28,592.82,2.86,941.04,59.05,499.19
2026-03-20T10:30:00Z,58.04,2117.16,167.59,997.51,55.55,1938.75,173.29,825.00,47.34,2511.31,156.24,284.91,29.99,2444.73,157.72,33.47,235.21,42.06,94.21,212.50,1789.82,3555.72,2.46,148.56,112.14,587.25,3.00,941.08,59.60,494.32
2026-03-20T10:40:00Z,58.02,2126.53,166.94,1010.10,55.22,1948.09,172.37,830.29,46.86,2522.96,155.99,280.49,30.27,2441.49,157.91,40.39,239.73,44.19,94.17,214.70,1806.68,3545.89,2.47,148.80,116.32,602.02,3.18,956.44,59.79,496.82
2026-03-20T10:50:00Z,58.50,2121.44,167.55,1011.67,55.52,1949.51,172.12,812.52,46.80,2542.86,156.42,270.50,30.44,2440.76,159.05,52.70,239.77,42.34,93.83,215.75,1776.58,3548.07,2.64,150.68,114.19,592.32,2.87,941.14,60.86,500.52
2026-03-20T11:00:00Z,58.32,2115.51,167.77,1016.89,55.74,1939.45,172.13,812.78,46.74,2534.39,155.59,259.82,30.11,2442.01,159.10,34.19,234.44,42.45,94.33,211.21,1779.34,3547.02,2.39,150.13,112.42,591.10,2.62,937.12,59.19,494.37
2026-03-20T11:10:00Z,58.49,2113.91,167.30,1027.10,55.44,1937.12,172.80,818.47,46.32,2532.46,155.56,253.28,30.14,2435.11,159.06,52.35,231.75,43.83,93.14,206.65,1790.82,3547.87,2.20,150.01,111.02,583.35,3.08,941.58,60.26,496.09
2026-03-20T11:20:00Z,58.49,2113.77,168.00,1020.85,55.07,1940.21,172.28,830.52,46.24,2534.17,156.23,254.02,30.59,2428.69,158.46,50.62,235.85,45.43,94.18,213.50,1785.89,3552.61,2.48,149.82,111.10,588.06,2.99,934.19,59.67,493.45
2026-03-20T11:30:00Z,59.05,2096.04,167.47,1037.01,54.86,1955.64,172.01,821.34,46.32,2540.69,156.56,236.30,30.43,2437.85,157.66,38.21,231.90,45.26,92.86,213.08,1790.35,3553.69,2.55,151.27,110.67,589.43,3.38,944.90,59.12,492.17
2026-03-20T11:40:00Z,58.86,2104.23,167.68,1037.19,54.81,1953.42,172.38,822.23,46.33,2552.90,155.93,233.34,30.34,2435.51,157.97,39.72,234.49,45.01,93.08,209.34,1793.24,3551.99,2.51,150.36,111.19,584.67,2.88,946.25,59.47,495.03
2026-03-20T11:50:00Z,59.20,2089.22,168.52,1045.95,54.88,1947.93,172.78,819.06,46.37,2552.53,155.93,244.21,29.97,2455.10,157.64,39.46,236.78,43.36,93.45,212.92,1788.14,3558.48,2.69,149.19,116.65,595.76,2.86,948.69,60.18,500.67
2026-03-20T12:00:00Z,59.31,2097.53,168.50,1051.38,54.99,1942.48,173.12,811.58,46.04,2545.13,155.80,231.89,29.62,2459.81,157.78,22.16,234.15,43.45,94.37,211.54,1781.77,3544.38,2.59,149.38,110.34,588.00,2.96,941.89,59.24,486.01
2026-03-20T12:10:00Z,59.17,2100.34,168.22,1043.30,54.66,1960.28,172.80,799.95,46.41,2549.89,155.33,238.54,29.53,2465.48,157.87,21.52,236.89,42.34,94.10,215.09,1790.14,3553.10,2.75,149.13,112.78,588.89,3.16,943.85,59.23,494.62
2026-03-20T12:20:00Z,58.84,2111.43,168.20,1043.50,54.91,1947.97,172.79,801.15,46.63,2534.04,155.40,238.67,29.22,2460.93,157.71,1.13,231.22,43.08,94.08,207.17,1778.80,3544.87,2.35,150.15,109.79,596.56,2.75,936.14,60.03,503.15
2026-03-20T12:30:00Z,58.84,2101.38,168.31,1028.78,54.58,1941.97,173.24,806.96,46.67,2552.38,155.52,233.88,28.88,2470.54,157.45,1.45,232.36,43.44,94.49,206.33,1790.19,3545.42,2.42,149.16,110.11,592.10,3.18,940.39,60.93,484.86
2026-03-20T12:40:00Z,58.60,2112.01,167.84,1024.44,54.62,1953.81,171.68,796.44,47.23,2536.96,155.42,248.51,28.80,2471.80,158.27,0.00,232.48,39.47,94.10,208.75,1787.82,3563.06,2.53,149.54,112.12,592.46,2.96,945.14,60.16,494.70
2026-03-20T12:50:00Z,58.91,2104.66,167.81,1031.82,54.67,1952.56,171.86,795.94,47.32,2522.56,155.70,264.16,28.43,2483.26,157.78,0.00,232.18,39.08,94.07,207.04,1777.29,3547.95,2.75,147.21,109.97,577.63,3.03,947.33,60.36,487.58
2026-03-20T13:00:00Z,58.77,2104.79,166.70,1017.52,55.28,1941.11,172.12,803.57,47.06,2522.29,155.61,271.31,28.58,2497.35,,0.00,234.98,40.29,94.00,208.70,1793.57,3540.02,2.29,149.60,111.86,584.51,3.05,952.16,61.23,486.51
2026-03-20T13:10:00Z,58.43,2111.28,166.69,1031.07,55.55,1944.12,171.90,831.62,47.07,2523.93,155.41,262.51,28.32,2491.99,157.22,0.00,236.31,42.84,94.08,213.78,1790.74,3545.17,2.67,148.51,110.41,597.67,3.22,945.11,60.21,488.39
2026-03-20T13:20:00Z,57.98,2118.57,166.52,1027.71,55.37,1942.54,172.17,824.61,46.94,2514.53,156.04,271.54,28.32,2498.47,157.14,0.00,233.88,43.42,94.17,211.06,1789.44,3545.94,2.55,149.89,110.90,582.34,3.41,951.15,59.68,472.11
2026-03-20T13:30:00Z,58.36,2123.88,167.66,1017.82,55.37,1942.43,171.34,826.01,47.06,2524.89,155.50,266.82,28.61,2503.97,157.24,0.00,235.86,41.84,93.66,210.55,1793.67,3544.65,2.66,150.05,111.32,585.87,2.92,949.03,59.97,487.50
2026-03-20T13:40:00Z,58.77,2120.42,167.63,1020.76,55.17,1944.77,171.29,811.01,47.02,2521.69,155.91,262.96,28.72,2494.49,157.35,0.00,231.67,44.65,92.90,207.25,1784.08,3543.15,2.45,149.18,112.18,589.34,2.97,938.87,59.57,495.82
2026-03-20T13:50:00Z,58.67,2114.91,168.01,1020.02,54.78,1949.57,171.46,811.34,47.33,2513.53,154.55,259.37,28.54,2492.06,157.66,0.00,232.40,44.57,92.67,212.03,1796.65,3554.86,2.65,150.70,112.21,595.47,3.10,941.85,59.63,494.23
2026-03-20T14:00:00Z,58.74,2101.38,167.48,1029.97,54.83,1947.55,171.89,811.17,47.52,2516.48,155.30,258.73,28.60,2489.13,157.04,0.00,234.11,44.12,93.57,213.26,1790.07,3554.08,2.28,149.05,116.55,599.69,3.34,941.19,58.56,500.84
2026-03-20T14:10:00Z,58.97,2098.46,168.03,1046.88,55.27,1951.95,171.97,801.82,47.26,2512.91,155.35,262.25,28.64,2487.31,157.63,0.00,232.84,44.18,94.27,210.95,1793.31,3550.05,2.31,149.75,111.30,589.81,2.70,947.24,59.84,497.85
2026-03-20T14:20:00Z,59.05,2094.05,167.71,1039.94,55.39,1946.03,171.24,803.73,47.50,2514.26,155.72,264.85,28.60,2478.95,156.50,0.00,233.65,43.79,93.62,209.05,1779.99,3540.58,2.48,150.23,108.54,592.27,2.67,938.13,59.57,482.65
2026-03-20T14:30:00Z,59.11,2097.86,167.95,1047.56,55.05,1944.91,171.14,811.42,47.82,2509.49,155.92,268.64,29.11,2463.67,156.76,0.00,231.08,45.30,93.84,208.22,1787.02,3555.20,2.58,151.10,109.90,590.59,2.75,946.49,60.15,495.23
2026-03-20T14:40:00Z,59.15,2097.47,168.53,1058.60,55.44,1940.28,172.31,819.13,47.90,2508.73,156.11,276.49,29.09,2470.99,156.76,0.00,230.18,47.43,94.15,209.03,1786.72,3547.61,2.42,149.55,107.89,579.57,2.89,947.33,59.84,482.13
2026-03-20T14:50:00Z,58.85,2107.01,168.50,1047.88,55.27,1939.87,172.51,820.06,48.24,2495.50,156.31,285.68,29.11,2465.71,156.18,5.50,230.40,43.36,94.27,204.94,1791.82,3548.38,2.53,149.31,110.49,586.00,2.76,941.85,59.06,484.28
2026-03-20T15:00:00Z,58.82,2106.40,169.16,1052.80,54.98,1928.66,172.80,823.71,48.57,2489.35,156.61,300.32,28.66,2479.43,156.80,9.13,235.83,44.37,93.97,213.11,1787.66,3551.64,2.41,149.49,113.77,593.16,2.89,947.48,58.75,499.55
2026-03-20T15:10:00Z,58.79,2106.84,168.80,1054.52,55.09,1942.93,172.68,818.87,48.70,2485.54,156.87,318.07,28.36,2479.29,157.19,0.00,234.66,44.88,94.74,211.61,1786.35,3552.25,2.54,150.68,112.40,587.35,3.11,936.81,59.23,490.04
2026-03-20T15:20:00Z,58.64,2119.88,167.86,1014.23,55.27,1943.68,173.41,826.77,48.27,2488.93,156.18,297.45,28.43,2480.09,157.49,0.00,239.89,43.86,94.20,217.60,1796.16,3553.32,2.48,150.58,114.48,595.17,2.74,944.39,60.96,494.68
2026-03-20T15:30:00Z,58.75,2108.59,167.48,1016.41,55.45,1941.38,173.01,821.22,48.07,2501.30,156.70,304.08,28.61,2481.57,157.19,0.00,239.84,42.67,93.40,217.52,1796.01,3547.18,2.29,150.72,114.14,595.40,3.19,948.29,59.07,501.37
2026-03-20T15:40:00Z,58.79,2107.99,166.62,1022.66,55.33,1937.63,172.83,813.05,47.81,2506.82,156.93,280.43,28.48,2474.59,156.94,0.00,232.27,41.74,94.09,205.04,1785.94,3545.33,2.44,149.46,111.50,585.30,2.71,938.60,59.66,484.97
2026-03-20T15:50:00Z,58.53,2114.74,167.12,1012.09,55.46,1934.06,171.92,805.41,47.81,2500.49,156.92,285.57,28.47,2482.48,157.59,0.00,230.53,42.28,93.96,209.21,1786.71,3553.43,2.45,150.27,113.72,588.68,3.31,951.56,60.14,495.15
2026-03-20T16:00:00Z,58.62,2131.95,167.06,1015.39,55.72,1938.80,171.90,818.14,47.68,2511.46,156.67,294.96,28.58,2484.02,156.70,0.00,232.90,43.65,94.18,208.98,1773.60,3546.41,2.86,149.19,108.53,588.77,2.79,934.74,58.83,486.14
2026-03-20T16:10:00Z,58.67,2114.33,167.87,1044.58,55.74,1936.67,172.46,827.21,47.39,2513.87,156.02,282.15,28.90,2478.46,157.45,0.00,233.67,44.12,94.63,211.51,1784.39,3553.80,2.52,149.56,112.81,598.68,2.82,943.24,59.45,502.00
2026-03-20T16:20:00Z,58.68,2111.97,167.96,1025.13,55.82,1942.52,172.77,834.70,48.04,2512.69,155.63,296.60,29.08,2484.69,158.18,0.00,239.64,43.93,94.33,215.65,1791.42,3556.72,2.58,151.78,114.19,593.00,2.96,947.91,60.93,504.23
2026-03-20T16:30:00Z,58.67,2112.55,167.82,1030.55,55.55,1943.95,172.10,827.35,48.44,2493.24,156.62,307.27,29.06,2482.65,157.74,0.00,237.06,42.29,94.53,210.78,1776.58,3556.53,2.67,150.15,114.89,593.08,3.02,935.07,60.83,505.75
2026-03-20T16:40:00Z,58.47,2108.59,167.81,1032.68,56.01,1942.45,173.14,827.44,48.80,2478.00,156.81,330.68,28.81,2479.60,156.90,0.34,232.64,43.41,94.00,205.05,1777.57,3538.79,2.47,149.17,112.47,595.20,3.05,940.34,59.49,490.16
2026-03-20T16:50:00Z,58.31,2118.45,168.45,1022.65,55.87,1927.32,172.87,834.98,48.29,2490.48,156.84,307.82,28.96,2487.81,156.88,0.00,237.41,43.57,93.46,212.93,1789.61,3549.28,2.36,149.15,115.07,595.69,2.79,948.39,58.86,500.78
2026-03-20T17:00:00Z,58.04,2116.66,167.89,1018.62,55.53,1939.56,172.54,826.46,48.06,2495.34,157.78,294.14,29.32,2487.89,157.05,0.00,236.95,43.65,94.33,212.12,1789.64,3560.53,2.54,148.62,113.14,584.50,2.93,942.57,59.66,480.21
2026-03-20T17:10:00Z,58.15,2117.98,167.09,1013.83,55.59,1929.33,172.32,826.05,47.76,2502.78,156.35,308.43,29.27,2475.70,156.42,0.00,233.62,44.31,94.43,208.47,1790.41,3546.95,2.47,150.31,113.03,588.73,2.82,948.60,60.17,492.37
2026-03-20T17:20:00Z,58.24,2124.64,166.77,1016.61,55.70,1927.80,172.07,827.17,47.93,2500.16,156.49,291.24,28.99,2481.17,156.79,0.00,229.85,45.29,94.66,205.37,1772.50,3557.79,2.44,150.84,112.12,591.28,3.47,933.29,58.90,488.89
2026-03-20T17:30:00Z,58.05,2127.55,166.64,1006.15,55.78,1924.34,172.67,825.33,48.09,2500.75,156.15,282.74,29.26,2456.04,157.77,0.00,232.87,44.24,94.69,209.31,1786.77,3551.85,2.45,151.06,111.20,586.35,3.07,942.51,58.49,499.85
2026-03-20T17:40:00Z,57.82,2129.91,167.18,1007.75,55.98,1919.09,172.30,839.32,48.30,2496.42,156.29,293.03,29.37,2455.57,157.75,19.02,230.47,42.38,94.52,208.31,1779.22,3545.81,2.48,151.48,113.74,592.03,3.18,939.03,58.33,492.27
2026-03-20T17:50:00Z,57.88,2117.39,167.11,1012.44,55.90,1930.97,172.85,841.25,48.06,2498.13,156.63,294.34,29.54,2455.10,157.88,25.66,227.23,43.45,94.03,204.53,1788.40,3557.81,2.37,149.20,109.74,584.92,3.07,943.84,58.56,490.28
2026-03-20T18:00:00Z,58.08,2122.30,166.94,1025.57,56.18,1916.76,173.29,846.77,47.92,2499.97,156.87,296.06,29.06,2470.54,157.67,0.00,232.41,44.51,93.26,207.17,1779.45,3552.21,2.66,148.77,111.81,585.78,3.15,942.03,59.46,495.32
2026-03-20T18:10:00Z,58.33,2123.79,166.89,1009.00,56.32,1922.48,172.90,849.55,47.85,2504.82,157.07,284.64,29.28,2460.96,158.10,2.16,233.88,44.12,94.49,210.38,1787.24,3546.96,2.48,151.12,111.23,593.21,2.97,945.90,60.02,495.17
2026-03-20T18:20:00Z,58.32,2123.74,166.42,989.69,56.74,1905.92,173.20,856.25,47.92,2501.58,156.63,298.29,29.48,2462.51,157.86,5.25,235.91,42.97,94.90,210.37,1793.95,3559.77,2.56,151.59,113.61,586.35,2.84,943.58,58.80,483.52
2026-03-20T18:30:00Z,57.92,2113.82,167.46,982.94,56.54,1919.17,172.67,857.93,48.32,2503.25,156.64,288.91,29.94,2459.22,158.05,3.27,236.82,40.96,95.23,212.79,1790.48,3551.54,2.80,150.35,115.11,594.36,3.24,942.82,59.56,491.26
2026-03-20T18:40:00Z,58.16,2110.74,167.47,996.10,56.70,1916.28,172.27,849.84,48.90,2476.28,157.42,300.67,29.47,2463.82,157.34,10.21,234.08,41.83,94.51,210.40,1784.79,3538.00,2.47,148.71,113.23,591.46,2.92,939.42,59.15,488.24
2026-03-20T18:50:00Z,58.10,2111.72,166.88,1004.42,56.39,1911.45,173.07,857.12,49.14,2467.14,156.81,326.65,29.55,2464.24,158.37,19.62,239.64,43.47,94.81,216.81,1791.43,3545.10,2.76,148.65,112.86,595.61,3.44,947.43,59.68,501.51
2026-03-20T19:00:00Z,57.97,2119.75,167.48,1008.30,56.58,1917.04,173.13,862.85,49.22,2461.40,157.10,333.35,29.76,2465.20,158.58,18.89,238.72,42.99,93.98,213.69,1778.48,3541.89,2.47,150.25,116.28,594.80,2.91,941.97,60.04,498.49
2026-03-20T19:10:00Z,58.09,2125.04,167.21,1004.90,56.14,1917.86,173.29,855.29,49.39,2464.77,157.71,340.19,30.10,2461.11,157.74,22.10,241.92,43.55,94.29,216.14,1785.18,3561.04,2.62,150.98,116.35,596.53,2.96,928.93,58.11,496.76
2026-03-20T19:20:00Z,58.28,2122.91,166.75,1009.21,56.25,1912.84,173.23,842.63,49.42,2464.25,157.75,337.85,29.99,2452.51,157.55,17.88,238.67,43.86,94.73,215.67,1790.06,3551.66,2.42,151.28,113.70,585.33,2.90,944.22,58.86,485.84
2026-03-20T19:30:00Z,58.35,2120.69,166.97,1012.89,56.22,1910.29,173.35,838.76,49.02,2470.17,156.66,339.91,30.17,2453.70,158.09,27.05,235.41,43.40,94.29,212.27,1796.45,3554.27,2.63,151.16,114.64,593.74,2.93,948.85,59.84,497.27
2026-03-20T19:40:00Z,58.59,2110.88,166.16,1011.97,56.12,1907.67,173.36,855.24,48.49,2483.40,156.91,328.18,30.35,2440.82,157.52,38.70,239.60,42.10,94.72,213.84,1789.29,3547.90,2.67,150.47,113.61,586.60,3.27,949.70,60.35,499.26
2026-03-20T19:50:00Z,58.62,2116.53,167.13,1017.29,56.28,1905.36,173.77,864.74,48.62,2482.65,157.74,327.57,30.21,2441.05,158.48,38.00,237.96,45.05,95.09,211.52,1791.63,3554.31,2.57,148.73,116.40,594.63,3.33,948.59,59.91,503.46
2026-03-20T20:00:00Z,58.37,2113.85,166.84,1023.55,56.61,1912.58,173.77,872.64,48.34,2490.30,157.62,328.16,29.99,2449.30,158.34,41.32,235.07,44.53,95.07,214.87,1790.68,3553.25,2.55,151.16,111.60,598.14,2.96,943.26,59.55,498.75
2026-03-20T20:10:00Z,58.75,2109.19,166.69,1038.17,56.64,1918.29,173.04,853.94,48.68,2479.05,158.00,334.75,29.92,2449.27,157.64,22.47,240.22,44.58,94.54,215.11,1785.38,3542.53,2.37,146.95,115.29,596.98,2.89,951.59,59.20,498.07
2026-03-20T20:20:00Z,58.50,2115.09,167.16,1052.80,56.64,1915.07,172.86,862.78,49.16,2466.75,157.19,339.34,29.98,2451.93,159.03,19.25,239.30,45.34,94.28,214.88,1793.19,3572.81,2.51,150.27,115.67,593.24,2.79,948.90,59.46,493.43
2026-03-20T20:30:00Z,58.37,2116.85,168.30,1026.22,56.14,1917.63,173.04,853.68,49.06,2480.12,157.10,333.63,29.96,2444.48,157.92,11.75,236.86,47.79,95.07,214.39,1787.74,3549.21,2.38,150.02,111.80,588.57,3.05,947.26,59.31,487.60
2026-03-20T20:40:00Z,58.00,2118.72,168.09,1032.39,55.81,1920.84,173.55,846.78,49.00,2477.97,156.50,329.93,29.84,2441.00,157.46,8.05,234.00,44.10,94.41,212.35,1796.04,3562.31,2.52,149.57,111.19,587.58,3.23,951.91,59.75,495.59
2026-03-20T20:50:00Z,58.33,2105.55,166.87,1001.28,55.68,1923.84,173.31,852.44,49.01,2471.56,157.27,341.57,29.91,2455.15,157.62,13.44,238.22,43.74,94.39,214.29,1793.64,3558.86,2.65,149.40,114.08,589.82,2.57,952.12,60.31,493.01
2026-03-20T21:00:00Z,58.54,2104.28,167.35,1015.06,55.90,1924.57,172.87,836.77,49.07,2459.92,156.58,335.98,30.12,2454.06,157.52,27.82,240.91,44.09,94.98,215.87,1796.77,3538.57,2.77,149.88,114.51,593.29,2.88,948.02,60.38,488.95
2026-03-20T21:10:00Z,58.83,2099.92,167.32,1034.73,55.80,1926.80,172.41,846.35,48.72,2471.84,157.02,332.72,29.96,2445.93,157.76,27.48,242.56,46.19,94.09,219.39,1786.73,3553.71,2.70,150.49,115.91,601.15,2.86,947.51,60.35,494.01
2026-03-20T21:20:00Z,58.58,2118.58,167.85,1029.04,55.28,1930.98,173.08,837.45,48.80,2472.40,156.58,315.69,29.92,2440.64,157.37,17.94,241.41,45.51,94.18,217.11,1794.36,3561.86,2.50,150.10,117.20,592.55,3.04,947.76,61.16,499.06
2026-03-20T21:30:00Z,58.78,2116.01,168.12,1030.95,55.20,1936.38,172.61,838.23,48.86,2477.23,156.41,314.49,30.27,2434.85,157.69,22.87,235.87,45.50,93.88,213.66,1790.93,3539.98,2.47,149.22,112.30,589.30,2.70,943.28,60.32,490.04
2026-03-20T21:40:00Z,58.70,2107.61,167.87,1032.98,55.82,1937.00,172.46,827.73,48.50,2479.69,156.11,314.67,29.94,2438.01,157.75,23.53,232.95,45.33,94.95,213.12,1789.15,3551.87,2.63,149.39,112.29,587.61,3.06,944.73,59.55,487.88
2026-03-20T21:50:00Z,58.49,2106.08,167.43,1040.62,55.54,1939.98,172.22,824.31,48.35,2489.02,156.83,307.78,29.81,2441.84,158.37,25.59,236.93,45.76,94.14,211.92,1783.46,3554.81,2.58,149.74,111.71,591.13,3.00,941.52,58.20,501.92
2026-03-20T22:00:00Z,58.39,2104.79,167.87,1042.38,55.79,1943.49,171.69,820.15,48.25,2485.75,157.24,299.85,29.98,2448.76,157.34,26.16,233.38,46.72,94.75,211.79,1775.55,3562.59,2.52,150.00,111.77,591.68,2.67,938.40,59.55,493.34
2026-03-20T22:10:00Z,58.50,2115.77,168.33,1029.18,55.66,1932.09,172.72,838.50,49.27,2473.41,156.90,314.80,29.60,2459.12,157.44,23.85,234.43,45.39,95.60,212.86,1794.82,3563.04,2.92,148.29,113.44,588.18,3.24,947.61,61.04,490.94
2026-03-20T22:20:00Z,58.52,2112.57,168.43,1027.12,55.59,1938.26,172.10,821.70,49.62,2461.20,156.99,323.75,29.86,2461.28,157.16,17.90,229.51,43.61,94.67,208.68,1790.64,3561.95,2.51,152.04,,582.88,3.10,947.50,61.83,492.52
2026-03-20T22:30:00Z,57.96,2119.64,167.67,1026.14,56.04,1930.01,172.56,832.41,50.08,2453.63,157.21,347.55,29.77,2465.96,157.47,14.14,232.92,43.53,94.70,206.86,1780.42,3540.41,2.58,150.52,114.98,597.12,2.81,941.94,61.87,498.91
2026-03-20T22:40:00Z,57.78,2129.94,167.07,1017.93,56.28,1916.91,173.04,833.86,50.09,2451.07,157.54,340.60,29.91,2455.88,157.22,3.98,234.62,45.38,94.21,,1787.24,3537.47,2.62,148.31,114.93,596.35,2.71,941.50,61.59,494.22
2026-03-20T22:50:00Z,58.16,2115.40,167.18,1020.21,56.35,1907.48,172.43,849.09,50.34,2448.48,157.81,347.32,29.47,2453.01,156.90,6.55,238.05,45.61,93.79,214.26,1788.70,3548.45,2.82,150.84,112.22,596.31,3.10,939.64,59.56,485.24
2026-03-20T23:00:00Z,58.22,2115.10,167.63,998.75,56.10,1919.38,173.15,853.70,49.92,2453.82,157.04,349.05,29.48,2450.43,157.13,20.26,240.10,45.69,93.97,214.59,1801.91,3553.16,2.42,147.73,115.87,595.57,3.22,951.86,60.49,488.95
2026-03-20T23:10:00Z,58.55,2109.56,167.33,1016.08,55.86,1926.65,172.94,850.24,49.61,2455.40,157.37,360.60,28.97,2470.08,157.26,0.00,241.97,46.06,94.42,217.34,1790.81,3554.56,2.56,149.79,114.70,599.02,2.82,941.64,60.55,496.80
2026-03-20T23:20:00Z,58.43,2114.88,167.78,1030.10,55.66,1930.02,173.30,866.21,49.57,2446.99,157.39,354.28,28.84,2479.43,157.79,0.00,239.64,46.62,94.55,215.77,1788.22,3549.51,2.44,150.35,115.17,591.76,2.84,946.09,59.63,483.67
2026-03-20T23:30:00Z,58.36,2118.62,167.90,1027.36,55.63,1923.92,173.20,849.20,49.49,2460.66,156.58,357.52,29.05,2478.14,157.34,0.00,237.65,45.96,94.58,212.38,1787.22,3545.08,2.62,150.50,110.38,584.65,2.90,943.88,59.32,483.27
2026-03-20T23:40:00Z,58.26,2116.91,166.79,1011.75,55.89,1919.92,172.75,848.18,49.36,2464.49,157.06,345.72,29.65,2457.29,157.66,9.83,241.14,45.75,93.94,219.09,1795.68,3561.95,2.53,149.26,118.40,599.68,2.98,946.70,58.50,503.11
2026-03-20T23:50:00Z,58.38,2122.72,167.29,989.70,56.13,1918.71,172.65,849.99,49.20,2469.86,156.75,348.38,29.80,2459.04,157.92,13.60,237.43,45.06,94.50,213.11,1793.82,3543.87,2.38,150.71,114.70,590.66,2.73,956.67,57.04,494.37
2026-03-21T00:00:00Z,58.57,2110.37,167.63,1005.18,56.02,1926.12,172.94,857.37,49.04,2466.65,156.71,344.79,29.65,2458.26,158.04,8.82,235.74,43.93,94.28,211.49,1784.65,3550.17,2.64,149.49,110.42,591.93,3.06,935.46,57.91,490.12
2026-03-21T00:10:00Z,58.16,2112.43,167.35,1009.99,55.69,1929.85,172.45,848.88,49.53,2452.43,157.04,341.40,30.15,2444.50,158.20,25.25,239.99,46.11,94.24,216.80,1792.05,3555.62,2.70,150.87,113.84,588.90,3.37,946.24,59.35,491.25
2026-03-21T00:20:00Z,58.14,2111.98,167.83,1015.71,55.60,1937.87,172.89,825.36,48.88,2466.03,157.48,337.63,30.46,2442.83,159.29,29.65,235.69,45.58,95.05,213.57,1785.98,3547.96,2.41,149.15,112.32,594.22,2.90,945.63,57.38,491.65
2026-03-21T00:30:00Z,58.21,2127.65,167.99,1017.45,55.72,1923.75,172.41,825.62,48.04,2482.74,157.49,330.28,30.44,2445.60,158.40,23.03,241.84,44.81,94.29,219.92,1794.80,3565.60,2.22,149.55,114.20,589.88,2.64,944.23,57.95,497.09
2026-03-21T00:40:00Z,57.93,2116.03,167.96,1025.72,55.62,1931.86,172.81,834.97,47.87,2492.28,157.93,317.17,30.14,2455.29,158.39,17.33,240.85,47.31,93.74,216.07,1795.28,3555.73,2.51,150.87,115.15,595.02,2.90,943.47,59.60,492.39
2026-03-21T00:50:00Z,57.66,2131.07,167.46,1013.10,55.76,1949.18,172.62,821.79,48.25,2497.75,157.72,310.48,30.41,2445.00,157.41,16.18,234.94,45.60,94.56,211.67,1782.03,3550.87,2.64,148.30,110.06,592.29,3.08,940.19,58.39,509.25
2026-03-21T01:00:00Z,57.44,2124.72,167.29,1000.95,55.85,1942.52,172.50,812.36,47.93,2500.31,156.89,306.10,30.43,2437.38,157.30,8.85,233.49,45.28,93.30,212.71,1793.89,3563.63,2.80,149.39,112.09,587.16,3.21,946.82,60.40,499.35
2026-03-21T01:10:00Z,56.87,2147.47,166.90,999.59,55.76,1936.90,172.58,824.43,48.13,2499.75,156.32,289.13,30.25,2444.31,156.62,19.44,235.09,44.97,93.41,209.16,1782.17,3542.72,2.39,147.88,112.95,591.22,3.12,941.63,60.31,486.50
2026-03-21T01:20:00Z,57.21,2143.62,166.38,977.66,55.72,1936.97,172.20,829.87,47.95,2502.20,155.99,288.11,30.42,2442.48,157.55,18.74,230.08,46.25,94.07,205.84,1786.76,3553.92,2.67,150.78,110.29,583.74,3.13,946.00,58.36,481.47
2026-03-21T01:30:00Z,57.51,2135.25,166.17,984.43,55.93,1928.67,172.21,816.62,47.63,2504.29,156.01,289.10,30.15,2434.48,158.00,29.23,233.70,44.30,94.05,207.81,1782.84,3546.95,2.61,148.95,110.40,590.61,2.88,945.83,58.34,496.39
2026-03-21T01:40:00Z,57.99,2134.64,166.27,990.33,55.77,1928.12,172.97,834.13,47.13,2505.39,156.65,283.76,29.38,2449.90,158.31,28.93,235.69,41.85,94.69,211.58,1791.28,3557.34,2.56,149.52,115.45,602.49,2.79,947.39,60.02,498.47
2026-03-21T01:50:00Z,58.21,2124.35,166.61,998.44,56.22,1924.47,173.12,836.50,47.09,2519.63,156.15,273.80,29.54,2453.79,158.35,18.51,236.69,42.92,93.73,214.35,1795.49,3541.34,2.72,148.07,111.82,596.62,3.08,942.31,60.00,500.12
2026-03-21T02:00:00Z,58.35,2123.82,166.46,992.54,55.66,1940.28,172.34,825.15,46.81,2535.25,156.58,263.88,29.67,2460.59,158.38,30.19,234.70,43.31,94.55,213.54,1800.51,3557.21,2.51,149.52,111.93,589.29,2.75,954.25,60.46,495.69
2026-03-21T02:10:00Z,58.42,2115.91,167.48,1001.56,55.82,1932.19,172.87,841.03,47.08,2528.99,155.87,256.86,29.33,2453.63,158.34,25.59,237.19,42.81,94.90,212.79,1790.43,3560.75,2.42,149.26,111.25,588.15,2.52,940.48,59.74,486.23
2026-03-21T02:20:00Z,58.73,2105.29,167.73,1025.39,55.69,1936.25,172.22,834.67,46.84,2531.20,155.96,244.02,29.11,2470.11,158.10,11.59,226.74,44.65,94.60,208.20,1785.05,3546.58,2.66,149.09,107.48,579.96,2.96,942.40,60.07,488.23
2026-03-21T02:30:00Z,58.74,2105.29,167.72,1028.23,56.02,1920.76,172.10,837.11,47.28,2524.82,155.77,254.59,28.80,2472.32,157.51,0.00,238.31,46.28,95.47,210.40,1787.40,3555.60,2.56,149.43,115.80,597.43,3.11,941.74,60.65,496.93
2026-03-21T02:40:00Z,58.93,2090.26,167.52,1021.95,55.76,1924.84,172.76,841.40,47.06,2514.33,155.39,261.42,28.62,2477.95,157.45,0.00,234.23,45.85,95.17,206.75,1786.11,3552.54,2.66,149.96,110.03,590.48,2.92,941.20,61.62,501.57
2026-03-21T02:50:00Z,59.04,2088.05,167.65,1033.86,55.83,1925.90,172.00,842.51,46.78,2516.69,155.31,260.70,29.05,2462.82,157.34,3.63,232.09,44.84,94.11,212.59,1791.80,3554.81,2.49,151.62,110.28,582.89,3.32,947.85,60.92,479.35
2026-03-21T03:00:00Z,59.20,2091.14,167.63,1043.56,55.96,1933.05,172.25,851.35,47.12,2518.56,155.82,257.67,29.10,2464.24,157.28,2.78,235.58,42.14,93.49,208.30,1797.39,3551.27,2.67,151.03,114.07,591.36,3.31,952.40,60.26,497.91
2026-03-21T03:10:00Z,59.04,2096.14,168.54,1041.91,55.98,1925.00,172.81,836.96,47.16,2527.11,156.53,246.46,28.64,2472.67,157.17,0.00,235.73,41.30,93.91,212.00,1791.22,3550.76,2.71,149.68,115.83,595.60,3.13,945.99,59.48,495.18
2026-03-21T03:20:00Z,59.37,2096.19,168.10,1035.94,55.89,1937.20,171.77,845.35,47.27,2517.09,155.95,263.89,28.78,2480.16,157.59,0.00,234.55,44.22,94.23,210.69,1782.91,3566.73,2.59,150.21,115.00,595.39,2.84,942.91,60.69,507.91
2026-03-21T03:30:00Z,59.58,2087.48,167.49,1056.55,55.56,1942.85,172.73,837.80,48.12,2501.45,156.03,291.79,28.58,2488.38,157.27,0.00,234.34,44.96,94.79,212.16,1789.58,3543.80,2.52,151.19,110.57,595.35,2.91,948.37,60.88,505.11
2026-03-21T03:40:00Z,59.81,2088.35,167.56,1075.00,55.38,1934.75,172.97,828.15,47.80,2508.76,155.96,290.77,28.35,2480.63,157.53,0.00,237.09,46.22,94.90,214.98,1792.86,3540.46,2.73,147.70,115.81,590.66,3.19,941.41,59.51,494.92
2026-03-21T03:50:00Z,59.91,2076.06,167.63,1060.85,55.15,1933.89,172.59,821.38,47.75,2504.71,156.84,289.93,28.14,2484.11,157.81,0.00,236.30,46.42,94.96,211.55,1792.36,3533.16,2.40,149.32,112.65,591.70,3.19,947.69,59.74,497.69
2026-03-21T04:00:00Z,60.17,2074.73,168.05,1073.81,54.76,1960.38,171.37,799.20,47.84,2506.28,156.38,282.38,28.11,2491.78,157.17,0.00,235.22,47.23,94.20,209.53,1789.00,3538.43,2.80,149.89,112.20,592.47,3.46,947.80,60.37,496.26
2026-03-21T04:10:00Z,59.96,2066.35,167.90,1075.09,54.74,1963.15,171.66,807.41,48.19,2507.34,155.95,282.25,28.09,2497.59,157.60,0.00,229.13,46.40,93.96,205.34,1772.49,3573.04,2.61,151.37,108.26,583.11,3.29,941.07,59.48,468.77
2026-03-21T04:20:00Z,59.73,2086.45,168.03,1066.76,54.81,1964.77,172.39,795.76,48.10,2504.35,156.04,285.93,28.20,2489.03,157.74,0.00,231.35,44.91,94.80,210.28,1786.88,3545.69,2.52,148.83,109.05,589.15,2.79,941.91,58.55,481.24
2026-03-21T04:30:00Z,59.71,2082.50,168.60,1069.48,54.87,1958.14,172.83,808.99,48.41,2502.59,156.07,267.76,28.31,2485.82,158.06,0.00,232.16,45.69,94.25,210.02,1786.47,3558.82,2.53,150.90,109.72,587.58,2.93,942.94,59.23,489.87
2026-03-21T04:40:00Z,59.34,2087.09,168.22,1064.90,54.26,1947.82,172.32,810.27,48.01,2508.27,155.82,281.64,28.06,2487.93,157.35,0.00,239.96,47.15,94.11,212.15,1788.60,3551.04,2.48,150.84,115.04,588.41,2.74,955.65,58.25,497.26
2026-03-21T04:50:00Z,59.19,2093.28,169.20,1068.25,54.19,1957.82,171.72,803.04,47.97,2516.86,155.92,286.40,28.09,2489.37,157.91,0.00,238.69,44.19,95.02,216.24,1792.47,3552.43,2.79,150.14,116.71,599.56,3.08,946.63,57.74,501.19
2026-03-21T05:00:00Z,59.09,2100.96,168.40,1045.70,54.21,1963.41,171.29,776.00,48.08,2504.62,155.63,285.67,28.15,2485.63,157.53,0.00,233.49,44.72,94.63,207.07,1782.72,3565.35,2.42,150.39,112.58,589.21,2.89,943.55,59.73,497.14
2026-03-21T05:10:00Z,58.91,2092.02,168.60,1047.65,54.23,1963.38,171.65,776.76,48.31,2490.56,156.37,301.73,28.25,2500.97,157.26,0.00,232.25,42.51,94.53,209.29,1785.23,3548.93,2.36,149.86,109.71,587.91,3.06,946.79,59.25,493.52
2026-03-21T05:20:00Z,59.00,2101.28,168.40,1051.43,54.12,1969.34,171.50,784.79,48.14,2496.10,156.43,312.26,28.21,2501.75,157.25,0.00,237.23,40.41,94.00,215.26,1787.05,3554.66,2.40,149.18,114.48,595.13,3.17,946.78,59.53,502.14
2026-03-21T05:30:00Z,58.76,2108.64,168.42,1037.54,53.78,1972.18,172.05,771.12,48.50,2500.99,156.91,314.95,28.05,2495.02,156.88,0.00,235.38,42.12,93.68,212.64,1791.20,3554.86,2.52,150.75,113.12,588.84,3.01,943.09,59.62,487.71
2026-03-21T05:40:00Z,58.44,2108.32,168.00,1038.20,54.36,1962.41,171.75,776.43,48.49,2503.91,156.61,316.94,27.72,2503.38,157.34,0.00,230.12,43.30,94.32,205.75,1786.20,3553.15,2.50,148.85,109.77,588.67,2.85,941.32,60.32,495.86
2026-03-21T05:50:00Z,58.48,2114.13,167.57,1022.33,54.16,1962.90,171.26,784.24,48.49,2493.63,157.64,323.83,27.48,2508.62,157.21,0.00,235.66,43.96,93.71,209.88,1780.20,3548.32,2.67,149.83,112.92,589.94,3.02,936.90,59.73,489.64
2026-03-21T06:00:00Z,58.49,2118.70,168.21,1016.87,53.85,1972.93,171.48,780.02,48.12,2495.42,157.22,306.14,27.72,2514.85,157.59,0.00,233.02,42.87,94.30,205.70,1780.33,3548.22,2.32,149.45,113.38,593.25,2.80,937.34,58.70,501.36
2026-03-21T06:10:00Z,58.57,2120.64,166.87,1022.88,54.40,1969.82,171.69,783.13,48.04,2494.39,,293.85,27.79,2502.75,157.31,0.00,235.77,43.19,94.13,211.99,1785.45,3542.48,2.51,150.66,114.31,592.45,2.53,943.00,58.25,495.07
2026-03-21T06:20:00Z,58.70,2109.42,167.36,1025.35,54.94,1960.40,171.78,800.07,47.67,2514.74,156.82,292.34,27.34,2519.43,156.79,0.00,230.71,42.79,93.77,206.25,1771.77,3538.09,2.68,149.99,108.19,586.81,2.97,936.52,58.86,495.83
2026-03-21T06:30:00Z,58.56,2107.31,166.93,1040.43,55.57,1947.15,171.66,800.89,47.10,2515.77,156.84,285.07,27.58,2516.03,157.70,0.00,233.52,43.42,94.20,209.03,1791.64,3563.82,2.56,149.34,112.36,594.93,3.26,944.81,59.76,498.41
2026-03-21T06:40:00Z,58.22,2111.62,167.43,1028.91,55.45,1938.27,172.29,806.24,46.93,2526.56,157.37,261.01,27.18,2523.48,157.16,0.00,233.10,44.66,93.91,209.41,1786.66,3551.58,2.53,147.66,110.32,578.81,2.92,946.00,60.41,480.65
2026-03-21T06:50:00Z,58.28,2129.61,167.24,1028.87,55.16,1942.72,172.59,823.70,47.06,2517.97,157.05,261.79,27.61,2506.38,157.48,0.00,238.25,44.49,93.78,211.12,1788.78,3556.53,2.45,148.69,115.35,593.81,3.21,946.99,59.55,503.39
2026-03-21T07:00:00Z,59.15,2104.42,167.19,1043.47,54.93,1949.31,172.22,820.09,47.13,2523.42,157.10,279.60,28.23,2507.85,,0.00,241.06,44.04,93.44,217.37,1795.80,3555.75,2.85,151.41,115.14,588.72,3.05,948.39,60.14,489.73
2026-03-21T07:10:00Z,59.32,2095.30,167.41,1046.75,54.98,1952.12,172.40,801.85,47.29,2517.32,156.68,281.83,28.60,2500.96,156.49,0.00,232.65,41.74,93.60,210.04,1778.63,3544.35,2.57,151.50,113.77,590.23,2.96,941.51,60.20,492.53
2026-03-21T07:20:00Z,59.11,2092.10,167.53,1034.02,55.17,1950.34,172.26,801.14,47.98,2507.56,155.96,281.48,28.24,2501.46,157.32,0.00,234.03,41.77,93.29,212.40,1788.10,3568.74,2.44,147.67,110.11,589.16,2.85,941.87,58.77,483.02
2026-03-21T07:30:00Z,58.98,2096.03,168.28,1030.51,55.25,1943.50,172.34,803.30,47.53,2503.99,154.91,279.93,28.36,2496.69,157.27,0.00,232.87,42.75,93.47,208.26,1788.12,3559.17,2.48,149.17,110.51,587.01,2.89,942.03,59.36,487.44
2026-03-21T07:40:00Z,59.02,2092.75,167.71,1039.49,55.23,1940.80,172.20,824.31,47.87,2507.72,155.16,298.33,28.39,2480.67,157.12,0.00,236.75,43.40,93.85,213.28,1784.85,3551.76,2.41,151.46,115.18,599.51,2.73,942.92,58.73,494.68
2026-03-21T07:50:00Z,59.06,2080.14,167.90,1054.53,55.00,1941.05,172.46,813.05,48.06,2508.78,156.16,305.97,28.60,2480.04,157.50,0.00,239.24,41.91,93.13,213.24,1787.91,3553.09,2.75,150.15,114.30,589.25,3.03,939.17,58.66,490.73
2026-03-21T08:00:00Z,59.09,2099.06,167.91,1043.19,54.87,1946.00,172.57,806.78,47.66,2504.34,155.42,297.99,28.85,2476.10,157.95,0.00,231.15,43.79,92.87,206.69,1779.99,3541.87,2.52,150.42,109.50,590.49,3.07,931.09,59.76,496.62
2026-03-21T08:10:00Z,59.18,2089.11,168.26,1048.04,54.74,1943.85,172.75,806.91,47.70,2510.41,156.00,285.94,29.14,2479.34,157.83,0.00,231.63,44.42,93.94,207.29,1787.43,3549.78,2.31,150.34,107.48,586.77,3.32,940.53,59.22,485.10
2026-03-21T08:20:00Z,59.02,2095.06,167.83,1048.38,54.67,1948.71,173.12,809.76,48.08,2507.76,155.42,277.09,28.84,2479.81,157.87,0.00,233.66,45.54,94.05,208.16,1791.84,3563.39,2.73,148.87,112.94,592.29,3.14,950.97,59.88,492.48
2026-03-21T08:30:00Z,59.17,2086.39,168.01,1041.11,54.93,1945.39,171.79,807.26,48.07,2497.11,156.15,295.08,28.45,2489.32,156.96,0.00,237.12,43.76,93.89,214.25,1789.58,3539.52,2.33,150.46,112.94,594.98,3.08,941.81,59.75,485.83
2026-03-21T08:40:00Z,59.44,2077.52,167.94,1061.73,54.41,1956.90,172.33,786.91,48.00,2497.45,156.44,297.86,28.80,2473.52,156.77,0.00,238.44,43.16,94.17,215.16,1789.78,3543.54,2.74,149.57,113.20,598.38,3.08,944.01,59.27,497.96
2026-03-21T08:50:00Z,59.45,2081.73,168.10,1051.11,54.32,1952.33,171.57,778.28,47.94,2499.61,156.48,293.35,28.89,2474.50,156.95,0.00,233.49,41.97,94.48,207.34,1784.93,3563.22,2.62,148.58,109.76,585.09,2.71,940.17,59.73,482.28
2026-03-21T09:00:00Z,59.68,2096.05,167.79,1052.64,54.41,1957.36,172.44,776.39,48.12,2496.47,156.51,293.40,28.74,2492.24,156.81,0.00,234.23,43.87,94.16,211.50,1785.85,3542.53,2.43,148.38,114.12,597.48,3.29,932.50,60.17,491.75
2026-03-21T09:10:00Z,59.58,2094.27,168.02,1048.92,54.56,1959.68,172.06,775.86,48.46,2498.67,156.47,312.30,28.44,2494.62,156.94,0.00,235.33,43.77,94.05,209.31,1788.55,3547.29,2.37,150.72,111.48,591.56,3.09,932.19,59.82,492.13
2026-03-21T09:20:00Z,59.71,2096.34,168.99,1053.51,54.37,1968.33,171.80,774.72,47.99,2497.12,157.00,312.99,28.71,2491.82,157.78,0.00,230.51,43.35,94.39,206.88,1778.66,3537.60,2.80,147.83,112.61,592.39,2.84,932.30,59.64,486.68
2026-03-21T09:30:00Z,59.45,2090.47,167.97,1061.98,54.37,1960.41,171.25,759.65,48.23,2486.48,156.88,306.43,28.63,2481.40,157.62,0.15,233.48,44.19,94.49,210.18,1782.78,3548.47,2.51,149.02,109.77,584.82,2.97,940.24,60.21,493.92
2026-03-21T09:40:00Z,59.56,2096.16,167.76,1059.03,54.45,1958.92,170.56,771.15,47.98,2490.14,157.02,308.14,28.70,2485.89,157.43,0.00,239.65,41.16,94.32,212.80,1790.28,3545.24,2.20,150.60,114.21,599.36,3.01,946.78,60.08,499.52
2026-03-21T09:50:00Z,59.17,2097.98,168.53,1053.01,55.11,1948.69,171.18,785.05,47.89,2498.97,157.26,300.54,28.57,2489.81,156.89,0.00,237.34,41.76,94.89,216.02,1783.89,3535.72,2.33,149.21,114.31,590.60,3.13,945.74,59.97,491.36
2026-03-21T10:00:00Z,59.14,2089.77,167.27,1033.61,55.23,1938.09,171.74,807.09,47.61,2494.72,156.26,295.93,28.72,2474.57,157.22,6.67,231.82,42.33,93.91,208.43,1788.98,3551.52,2.66,150.22,109.24,588.09,2.68,950.59,61.28,484.13
2026-03-21T10:10:00Z,58.69,2098.84,167.64,1027.92,55.72,1943.68,171.80,815.17,47.82,2501.54,156.27,301.97,28.92,2473.15,157.23,0.00,233.05,43.21,94.05,210.97,1777.04,3555.67,2.42,149.79,110.17,581.78,2.79,933.92,60.70,491.04
2026-03-21T10:20:00Z,58.61,2104.00,167.42,1020.46,55.75,1933.85,173.05,830.95,47.38,2509.05,156.26,297.43,28.54,2482.58,158.14,0.00,236.40,42.56,94.37,213.16,1787.73,3560.15,2.59,149.03,111.49,585.14,2.98,949.80,60.32,484.74
2026-03-21T10:30:00Z,58.69,2108.19,167.63,1020.14,55.40,1929.73,173.00,821.79,47.01,2520.25,156.20,285.63,28.74,2492.99,158.03,0.00,235.24,44.20,94.12,210.04,1781.34,3552.10,2.55,149.21,113.86,588.15,2.47,947.23,59.03,506.89
2026-03-21T10:40:00Z,58.69,2115.59,168.10,1032.57,55.37,1940.99,173.26,810.02,46.81,2524.72,156.56,272.02,28.70,2482.74,157.29,0.00,237.31,44.58,93.85,,1794.68,3544.06,2.45,149.27,112.55,593.35,2.76,950.24,59.32,487.93
2026-03-21T10:50:00Z,58.46,2116.40,168.23,1024.51,55.08,1947.23,173.38,818.47,46.86,2527.45,156.38,247.20,28.72,2484.69,157.30,0.00,237.48,43.66,94.48,212.54,1781.38,3545.98,2.62,147.88,113.47,590.70,2.84,936.26,58.80,490.15
2026-03-21T11:00:00Z,58.86,2109.00,167.92,1033.50,55.05,1943.98,173.28,817.30,47.32,2516.54,155.77,267.92,28.58,2492.56,157.47,0.00,240.62,42.96,94.05,215.98,1794.38,3554.52,2.33,147.72,114.84,592.06,3.19,949.37,60.25,491.29
2026-03-21T11:10:00Z,58.76,2109.39,167.35,1033.63,55.42,1937.50,172.40,803.91,47.51,2502.21,156.41,274.26,28.66,2487.30,157.64,0.00,235.61,44.35,93.82,209.82,1790.68,3549.27,2.30,148.48,112.82,593.21,3.37,941.73,59.77,496.87
2026-03-21T11:20:00Z,58.76,2101.65,167.54,1044.79,55.11,1928.34,172.42,807.29,47.78,2497.03,155.62,264.67,28.76,2481.29,157.46,0.00,231.80,44.46,94.21,209.95,1785.00,3552.17,2.67,150.96,112.20,587.72,3.02,939.81,60.19,490.85
2026-03-21T11:30:00Z,58.55,2098.87,167.11,1059.20,54.91,1933.91,172.48,802.28,47.60,2508.42,155.24,278.80,29.13,2460.90,157.20,0.00,233.70,42.50,93.94,208.26,1784.06,3551.15,2.10,150.38,108.88,584.89,3.02,948.63,59.41,481.01
2026-03-21T11:40:00Z,58.50,2099.92,167.27,1046.17,55.01,1938.40,172.69,824.10,47.37,2522.37,155.54,280.10,29.10,2458.77,157.73,0.00,234.99,42.95,94.75,212.61,1797.38,3548.94,2.40,149.76,111.87,587.34,3.20,951.74,58.84,492.56
2026-03-21T11:50:00Z,58.30,2108.10,167.49,1014.91,54.98,1942.05,172.25,821.63,47.01,2516.87,155.78,275.54,29.04,2471.25,157.77,0.00,235.46,41.86,94.31,215.73,1792.22,3542.97,2.55,150.67,113.80,594.58,2.80,946.05,58.35,500.49
2026-03-21T12:00:00Z,58.60,2111.39,167.42,1014.67,55.01,1948.62,172.81,812.45,47.26,2522.01,155.47,268.89,28.73,2477.84,157.87,0.00,236.28,42.46,94.22,216.27,1792.15,3542.70,2.69,149.02,114.37,594.84,3.05,944.53,59.12,493.44
2026-03-21T12:10:00Z,58.34,2107.20,167.05,1025.65,55.38,1945.30,172.80,814.69,47.10,2530.85,155.65,270.04,28.82,2479.02,157.77,0.00,228.33,43.15,93.51,203.61,1784.97,3538.10,2.60,150.68,107.79,589.12,3.01,933.66,59.76,493.27
2026-03-21T12:20:00Z,58.35,2116.59,167.73,1032.96,55.45,1939.57,172.60,818.07,46.99,2537.66,155.66,267.95,28.91,2483.08,157.47,11.69,233.97,43.23,93.79,209.91,1785.01,3558.41,2.46,150.16,113.66,593.33,2.97,938.65,58.76,498.71
2026-03-21T12:30:00Z,58.28,2116.64,167.30,1020.63,55.59,1940.24,172.70,816.12,47.14,2525.35,156.08,268.86,29.08,2470.05,157.31,5.71,227.53,45.45,93.83,200.71,1778.23,3553.94,2.39,149.68,104.78,583.03,2.99,942.65,59.44,484.18
2026-03-21T12:40:00Z,58.03,2126.93,166.96,1011.19,55.63,1933.88,171.99,827.12,47.06,2530.16,155.75,265.95,29.00,2480.52,157.16,9.90,227.80,45.45,94.44,205.29,1791.70,3544.81,2.49,147.84,108.81,588.69,3.13,944.72,60.12,495.50
2026-03-21T12:50:00Z,58.05,2136.78,167.02,1004.82,55.49,1934.07,173.06,838.85,47.26,2519.38,155.96,259.55,28.95,2476.13,157.66,2.60,228.54,45.60,93.11,205.75,1786.07,3554.71,2.45,149.37,107.69,586.16,3.37,946.52,59.79,495.77
2026-03-21T13:00:00Z,58.05,2136.66,167.13,1000.62,55.72,1929.07,173.53,831.14,46.95,2524.11,155.76,262.14,29.44,2468.64,157.66,0.00,226.19,44.39,93.65,203.02,1786.91,3564.42,2.62,148.70,106.29,583.72,2.92,938.32,59.47,493.74
2026-03-21T13:10:00Z,58.06,2122.22,166.77,1004.87,55.58,1929.14,172.69,823.72,47.28,2538.34,156.16,262.05,29.58,2469.22,156.85,0.92,229.40,42.98,93.08,207.73,1782.88,3544.53,2.35,149.72,110.29,590.41,3.18,941.32,58.75,482.91
2026-03-21T13:20:00Z,58.40,2118.45,167.62,1019.49,55.62,1938.66,172.45,823.34,47.13,2522.99,156.12,253.20,29.28,2460.17,157.07,0.00,234.57,43.82,94.24,211.53,1785.87,3555.41,2.60,149.81,114.53,594.35,3.20,940.88,59.51,500.55
2026-03-21T13:30:00Z,58.42,2107.27,168.50,1021.81,55.40,1926.35,172.58,830.83,47.53,2514.50,155.27,256.36,29.54,2463.25,157.12,8.23,234.94,44.58,94.48,217.63,1792.03,3555.84,2.64,150.55,110.89,588.44,3.27,943.65,59.23,493.53
2026-03-21T13:40:00Z,58.58,2107.01,167.63,1031.67,55.65,1936.87,173.28,830.40,47.55,2513.34,155.29,275.26,29.32,2472.08,156.25,0.00,233.15,45.25,94.20,208.58,1780.90,3542.07,2.68,150.15,112.00,591.01,3.20,939.38,58.75,504.56
2026-03-21T13:50:00Z,58.84,2113.51,166.84,1027.27,55.83,1929.63,172.94,833.16,47.74,2513.54,156.06,277.63,29.24,2485.51,156.69,6.26,232.34,45.47,94.04,208.88,1778.63,3544.47,2.61,151.03,112.86,588.67,2.48,941.59,59.81,492.80
2026-03-21T14:00:00Z,58.35,2112.58,166.78,1014.65,55.90,1938.07,172.82,835.33,47.74,2498.27,156.48,281.91,29.17,2471.73,156.71,0.93,232.91,46.19,93.36,210.19,1794.79,3552.58,2.66,151.35,112.49,595.30,3.19,948.55,59.21,493.51
2026-03-21T14:10:00Z,58.97,2114.02,167.00,1018.36,55.71,1930.37,172.43,847.40,48.07,2500.15,156.83,295.59,29.06,2450.31,157.77,0.00,237.63,45.67,92.78,212.16,1788.48,3555.49,2.47,149.52,113.28,590.26,2.88,946.41,59.35,493.38
2026-03-21T14:20:00Z,58.98,2113.22,167.29,1027.43,55.68,1932.32,172.57,826.43,48.33,2493.55,156.50,301.60,28.79,2464.94,157.39,0.00,235.03,43.00,92.93,209.79,1789.37,3553.02,2.50,150.07,113.50,582.69,2.91,949.22,60.40,495.49
2026-03-21T14:30:00Z,59.04,2097.23,167.00,1046.89,56.08,1925.03,173.29,845.40,47.94,2498.98,156.25,295.21,28.87,2470.04,157.29,1.56,235.39,43.95,92.86,211.36,1786.68,3555.21,2.57,147.96,114.48,594.40,3.23,945.07,59.31,487.14
2026-03-21T14:40:00Z,58.75,2101.38,166.86,1036.95,55.75,1932.49,172.80,845.67,47.71,2500.06,155.63,285.51,28.65,2480.03,156.97,0.00,232.42,43.18,93.27,211.41,1780.85,3557.28,2.63,148.50,112.79,598.10,3.09,940.85,60.22,499.75
2026-03-21T14:50:00Z,58.52,2103.47,167.67,1019.66,56.03,1923.16,172.77,839.80,47.69,2503.52,156.28,289.57,28.49,2482.27,156.75,0.00,234.30,44.18,93.93,209.14,1784.68,3551.84,2.80,150.58,112.20,591.16,2.71,944.89,60.24,483.18
2026-03-21T15:00:00Z,58.16,2114.79,167.45,1030.04,56.12,1925.75,172.75,838.65,47.78,2500.25,156.67,288.25,28.13,2492.77,156.96,0.00,235.41,45.51,93.83,211.50,1786.13,3562.90,2.25,149.67,114.19,597.60,3.41,946.32,60.14,489.53
2026-03-21T15:10:00Z,58.28,2116.19,167.24,1018.41,55.73,1939.25,173.09,841.46,47.76,2500.58,156.62,298.65,28.27,2492.70,156.75,0.00,236.25,46.73,93.76,211.19,1790.80,3538.56,2.73,149.95,115.67,600.24,3.09,943.19,60.88,495.93
2026-03-21T15:20:00Z,58.42,2114.82,167.95,1015.73,55.91,1933.42,173.13,839.26,47.82,2500.52,156.70,290.26,28.48,2480.57,156.53,0.00,233.80,45.16,93.84,212.16,1790.74,3545.68,2.64,149.33,111.62,591.06,3.20,950.22,59.99,491.78
2026-03-21T15:30:00Z,58.41,2111.03,167.55,1016.65,55.96,1918.07,173.05,855.62,47.71,2495.10,156.19,291.29,28.60,2487.18,156.73,0.00,233.91,44.27,93.68,215.22,1790.16,3539.34,2.65,149.68,108.63,590.49,3.13,944.44,59.73,490.04
2026-03-21T15:40:00Z,58.05,2121.13,167.49,1008.79,56.13,1924.52,173.42,836.13,47.52,2510.51,156.09,290.32,28.19,2481.67,157.62,0.00,235.32,45.26,94.30,209.82,1785.14,3548.73,2.39,149.50,112.79,588.30,3.19,938.34,59.80,494.43
2026-03-21T15:50:00Z,57.98,2122.31,167.20,1015.23,56.34,1918.09,173.56,845.10,47.29,2519.30,156.99,279.20,28.71,2482.53,156.66,0.00,236.22,44.20,94.02,210.94,1792.90,3561.26,2.48,149.15,114.07,590.00,3.16,947.58,59.85,490.07
2026-03-21T16:00:00Z,57.69,2120.04,166.98,1007.92,56.37,1927.41,173.76,849.30,47.24,2516.36,156.85,279.90,28.52,2485.61,157.02,0.00,239.36,42.61,94.79,215.80,1792.15,3557.85,2.65,151.00,112.39,589.52,2.95,945.58,58.67,479.61
2026-03-21T16:10:00Z,57.75,2126.33,166.70,1008.39,56.18,1917.88,173.58,844.26,47.52,2515.30,156.23,272.69,28.96,2481.69,157.20,3.80,233.34,47.30,,211.01,1781.08,3549.84,2.36,149.36,112.54,590.03,2.88,940.47,58.93,498.21
2026-03-21T16:20:00Z,57.94,2133.45,167.52,1004.27,56.21,1915.50,172.47,853.45,47.47,2509.63,156.50,292.96,28.81,2486.13,156.76,0.00,234.78,43.13,94.36,208.98,1779.86,3551.78,2.30,149.80,112.55,597.34,3.14,945.17,59.07,493.27
2026-03-21T16:30:00Z,57.99,2133.28,167.35,1013.06,56.11,1910.37,173.51,851.05,47.33,2515.14,156.39,293.23,29.06,2468.57,157.05,0.00,237.27,44.01,93.80,212.35,1797.06,3543.34,2.46,148.84,115.03,594.92,3.03,948.44,59.30,492.25
2026-03-21T16:40:00Z,57.91,2128.88,166.87,1009.94,55.93,1912.21,173.19,852.77,47.18,2516.42,155.99,271.39,28.61,2473.42,157.57,0.00,233.32,42.57,93.65,212.29,1787.73,3554.08,2.41,148.23,112.80,595.93,2.72,937.41,60.62,499.23
2026-03-21T16:50:00Z,58.06,2119.03,167.42,1015.89,55.71,1921.65,172.67,857.23,47.09,2532.12,155.43,244.74,28.65,2477.85,157.52,0.00,238.47,43.79,94.00,215.94,1785.74,3541.62,2.51,149.48,113.24,594.38,2.97,937.19,61.07,496.99
2026-03-21T17:00:00Z,58.05,2118.18,167.31,1013.35,55.67,1937.95,173.59,841.18,47.05,2528.20,154.90,250.13,28.85,2484.53,157.47,0.00,236.15,42.83,94.21,213.69,1796.93,3533.64,2.51,149.34,111.96,600.06,3.05,946.99,61.18,500.43
2026-03-21T17:10:00Z,58.11,2117.01,167.42,1003.02,55.27,1941.40,173.23,828.53,47.10,2525.06,155.07,258.04,28.93,2481.57,157.46,0.62,232.20,43.86,94.21,212.96,1788.46,3543.87,2.53,149.55,113.84,594.22,2.90,943.39,60.79,489.24
2026-03-21T17:20:00Z,58.34,2117.82,166.72,1012.79,55.19,1933.84,173.10,814.25,47.25,2514.22,155.65,266.74,28.89,2484.48,157.94,0.00,228.91,42.19,94.30,205.08,1779.20,3536.48,2.81,148.68,108.47,581.22,3.78,941.40,59.76,483.51
2026-03-21T17:30:00Z,58.13,2123.90,167.27,1007.66,55.17,1941.28,172.72,813.73,47.12,2513.82,155.62,256.26,29.12,2482.62,157.76,0.00,234.43,41.43,93.93,204.44,1777.25,3551.63,2.60,148.43,113.20,592.70,2.96,938.82,60.04,496.44
2026-03-21T17:40:00Z,58.10,2131.13,166.48,1004.35,55.16,1941.70,172.68,826.72,46.86,2524.60,155.46,254.66,29.42,2473.63,157.88,14.49,233.38,42.92,94.61,208.68,1785.40,3549.47,2.33,148.81,112.79,596.27,2.75,940.26,58.56,497.50
2026-03-21T17:50:00Z,58.18,2132.97,166.78,1001.78,55.24,1943.36,172.75,818.17,46.59,2526.08,155.12,249.99,29.73,2466.49,158.43,10.15,230.02,41.29,94.09,207.93,1785.07,3554.69,2.63,150.55,108.87,580.74,3.07,942.26,60.09,480.47
2026-03-21T18:00:00Z,58.23,2130.46,166.96,992.48,55.57,1942.55,172.73,828.39,46.81,2546.37,155.39,250.90,29.68,2457.35,157.88,6.86,231.63,41.87,94.25,208.78,1776.44,3538.65,2.41,152.77,112.66,586.82,3.27,943.54,59.35,497.45
2026-03-21T18:10:00Z,58.39,2124.53,167.24,1007.00,55.60,1940.78,172.63,813.14,46.75,2526.22,155.61,244.89,29.49,2467.63,157.94,11.15,231.75,44.12,93.99,210.74,1783.64,3549.27,2.29,149.66,,588.29,3.16,940.04,60.24,491.42
2026-03-21T18:20:00Z,58.22,2124.04,167.23,1004.46,55.47,1935.66,172.47,822.05,46.70,2529.88,155.93,247.96,29.71,2463.94,156.99,0.00,234.24,44.67,94.31,209.45,1784.80,3543.82,2.47,150.62,110.57,592.81,2.77,941.05,59.56,491.08
2026-03-21T18:30:00Z,58.44,2114.66,167.49,1026.52,55.62,1943.90,172.67,812.37,47.05,2520.41,156.39,256.81,29.69,2456.84,157.17,7.36,234.20,42.94,92.75,208.65,1790.14,3539.65,2.64,150.07,113.98,595.72,3.36,946.67,60.23,493.27
2026-03-21T18:40:00Z,58.19,2110.72,167.74,1025.35,55.60,1939.67,172.52,810.59,47.16,2523.70,155.81,262.63,29.49,2463.20,156.91,20.43,232.47,43.08,92.33,207.70,1789.70,3550.11,2.42,148.47,111.83,592.30,2.62,944.99,60.20,486.23
2026-03-21T18:50:00Z,58.69,2107.18,167.19,1031.80,55.52,1934.52,172.38,825.25,47.53,2520.82,156.25,264.99,29.00,2477.69,157.67,13.67,231.90,42.35,93.37,208.62,1775.27,3545.69,2.57,151.36,109.44,586.19,3.20,937.02,58.98,496.16
2026-03-21T19:00:00Z,58.68,2106.42,167.91,1023.71,55.37,1936.69,172.13,829.07,47.44,2524.14,156.30,265.88,29.39,2459.82,157.59,17.96,234.51,42.90,93.75,210.78,1787.45,3539.85,2.32,151.37,108.63,581.73,3.26,946.28,58.48,495.50
2026-03-21T19:10:00Z,59.18,2099.74,167.83,1020.15,55.35,1940.59,171.57,837.02,47.36,2511.05,155.92,269.37,29.72,2454.42,156.80,0.00,231.04,41.99,94.60,206.40,1776.26,3549.94,2.61,149.66,112.84,595.29,2.85,940.31,58.86,495.37
2026-03-21T19:20:00Z,59.46,2085.06,168.31,1035.95,55.23,1935.46,171.16,806.14,47.57,2520.68,156.16,262.89,29.60,2455.98,157.06,12.25,228.87,41.99,94.35,209.26,1790.99,3561.39,2.54,150.14,109.61,591.24,2.83,943.58,59.35,495.79
2026-03-21T19:30:00Z,59.16,2090.02,167.97,1043.61,55.37,1934.06,171.75,824.94,47.51,2514.66,156.01,255.62,29.86,2454.21,158.22,24.63,231.14,45.03,93.83,210.30,1792.46,3540.04,2.34,149.30,110.65,588.91,3.05,950.25,60.27,493.09
2026-03-21T19:40:00Z,59.83,2076.69,168.33,1057.93,55.62,1932.04,172.52,830.05,47.27,2514.14,155.60,269.25,29.72,2451.98,158.61,19.99,237.62,47.75,92.92,212.38,1792.41,3554.07,2.65,151.45,114.69,601.20,2.88,952.83,59.70,493.70
2026-03-21T19:50:00Z,59.43,2077.69,168.15,1053.65,55.84,1932.30,172.34,837.52,47.36,2526.74,155.26,276.04,29.88,2448.74,158.63,17.93,239.44,45.41,92.87,217.79,1789.93,3552.89,2.67,149.38,113.88,584.36,2.93,947.31,60.19,492.67
2026-03-21T20:00:00Z,59.20,2096.31,167.69,1047.07,55.99,1925.08,172.43,835.71,47.47,2516.59,155.94,268.57,29.65,2465.82,158.20,26.54,240.40,46.09,93.98,215.44,1799.28,3547.78,2.26,150.62,113.70,587.25,3.18,955.28,59.03,499.38
2026-03-21T20:10:00Z,58.62,2108.25,167.76,1028.08,56.17,1923.88,172.42,834.70,47.94,2503.32,155.64,271.45,30.02,2465.92,157.83,9.12,237.61,46.51,93.85,211.28,1787.92,3548.37,2.38,149.87,111.99,593.67,3.09,940.78,58.49,497.78
2026-03-21T20:20:00Z,58.72,2103.22,167.58,1037.94,56.24,1926.39,172.28,835.54,47.91,2512.24,155.92,286.51,30.18,2446.50,158.80,17.25,241.69,44.47,94.85,216.95,1797.08,3537.61,2.52,149.12,116.50,600.26,3.07,946.24,59.32,511.37
2026-03-21T20:30:00Z,58.90,2091.83,167.54,1042.43,56.46,1918.21,172.74,848.52,48.04,2506.37,155.68,277.34,30.67,2441.57,157.77,24.39,236.76,45.28,94.72,206.60,1779.61,3545.71,2.49,148.98,112.95,585.76,2.68,937.66,61.09,488.61
2026-03-21T20:40:00Z,58.92,2100.52,167.96,1033.29,56.35,1911.38,173.04,848.87,47.80,2500.58,156.13,276.81,30.52,2432.17,157.91,38.84,240.02,44.84,95.63,216.79,1783.28,3558.99,2.77,149.74,116.33,596.59,3.13,939.25,59.26,509.70
2026-03-21T20:50:00Z,59.07,2094.73,168.05,1035.14,56.58,1902.26,173.91,852.48,47.93,2506.49,156.14,285.38,30.57,2432.69,158.14,40.18,239.36,45.44,95.65,214.63,1787.13,3542.80,2.49,150.22,114.42,590.70,2.85,948.90,59.91,489.44
2026-03-21T21:00:00Z,59.34,2102.28,167.28,1037.12,56.62,1904.58,173.72,850.72,47.91,2499.31,156.42,293.01,30.35,2435.42,157.87,43.26,235.46,44.34,94.64,211.28,1789.51,3544.28,2.57,151.29,111.54,589.52,2.77,946.16,59.22,486.35
2026-03-21T21:10:00Z,59.28,2099.73,167.52,1037.16,56.32,1911.25,174.03,847.56,47.97,2508.79,156.06,281.81,30.24,2446.51,157.78,44.99,235.56,45.24,94.41,211.44,1792.85,3551.85,2.87,150.67,113.50,584.68,2.80,944.37,59.01,490.08
2026-03-21T21:20:00Z,58.80,2103.22,167.28,1039.22,56.54,1912.19,174.38,855.85,48.11,2490.91,156.60,297.78,30.58,2446.69,157.13,36.87,238.52,44.84,93.81,211.07,1793.82,3563.62,2.27,150.17,115.08,596.87,3.06,946.23,58.59,495.28
2026-03-21T21:30:00Z,58.71,2107.79,167.19,1038.81,56.42,1918.15,173.31,854.89,48.33,2497.19,156.87,319.96,30.71,2439.54,157.29,48.17,241.13,47.75,94.29,211.78,1791.70,3562.45,2.50,151.32,116.52,600.75,2.62,944.38,59.58,496.75
2026-03-21T21:40:00Z,58.78,2107.11,167.63,1027.82,56.68,1910.84,173.35,867.16,48.28,2478.60,157.26,321.17,30.34,2440.57,157.42,40.08,246.15,46.35,94.01,223.03,1797.09,3553.99,2.63,149.56,118.12,602.04,3.06,950.51,61.19,510.19
2026-03-21T21:50:00Z,58.97,2103.09,168.14,1042.34,56.52,1910.00,173.57,863.66,48.25,2482.17,157.21,323.20,30.04,2440.62,157.72,31.00,238.27,45.56,93.29,212.61,1804.75,3539.54,2.37,149.45,111.91,596.57,3.00,956.79,60.64,490.03
2026-03-21T22:00:00Z,58.97,2102.35,168.41,1049.07,56.62,1899.29,173.35,871.28,48.08,2485.36,158.04,317.29,30.13,2450.03,157.91,17.47,239.93,46.81,94.72,216.94,1784.06,3551.31,2.79,150.71,115.88,593.92,2.86,947.66,59.87,496.44
2026-03-21T22:10:00Z,58.79,2103.95,167.93,1051.93,56.40,1911.93,172.74,861.46,48.21,2489.71,156.87,306.73,30.14,2448.75,157.10,12.04,240.66,46.61,94.89,216.18,1792.79,3546.53,2.65,149.99,116.34,600.66,3.10,943.01,60.41,502.46
2026-03-21T22:20:00Z,58.56,2101.72,167.69,1037.09,56.29,1908.24,172.65,854.07,48.34,2482.38,156.89,318.07,29.67,2456.49,157.96,12.06,236.46,47.15,94.14,210.69,1787.15,3549.34,2.53,147.87,110.39,587.96,3.28,942.95,61.77,486.19
2026-03-21T22:30:00Z,58.61,2091.17,167.75,1036.49,56.51,1907.07,172.55,861.03,47.90,2492.25,157.05,311.25,29.48,2462.46,157.80,2.60,240.88,47.32,94.88,216.50,1785.91,3569.22,2.44,149.55,118.19,600.52,3.05,940.99,61.79,503.03
2026-03-21T22:40:00Z,58.31,2100.85,167.56,1041.25,56.34,1914.58,172.77,854.41,47.73,2503.14,156.39,295.37,29.80,2464.49,158.14,8.11,235.61,46.24,94.36,215.99,1794.95,3560.04,2.53,151.26,114.11,598.99,2.74,947.15,60.39,497.88
2026-03-21T22:50:00Z,58.09,2107.65,167.45,1029.96,56.18,1917.43,173.46,862.61,47.42,2513.66,156.63,291.71,29.47,2460.93,158.02,6.33,236.24,45.08,94.62,210.27,1790.44,3547.69,2.35,149.99,111.46,591.29,2.78,948.23,59.25,492.87
2026-03-21T23:00:00Z,57.81,2114.94,167.10,1015.82,56.06,1929.35,173.18,839.61,46.93,2523.43,156.00,277.49,29.40,2451.77,157.55,13.41,239.62,43.89,94.61,218.41,1801.37,3556.75,2.44,151.04,114.10,594.49,3.06,953.00,59.15,501.92
2026-03-21T23:10:00Z,57.94,2129.59,167.01,997.36,56.11,1923.91,173.23,840.48,47.29,2518.03,156.38,273.53,29.73,2455.75,157.49,9.46,231.08,45.32,94.48,206.44,1778.64,3545.39,2.43,149.68,110.79,588.85,3.29,931.77,59.14,499.07
2026-03-21T23:20:00Z,58.14,2124.50,167.22,1012.05,55.72,1926.81,172.26,839.56,47.54,2494.31,156.65,274.55,29.51,2459.65,157.15,0.60,229.78,45.45,93.54,210.75,1785.27,3549.97,2.69,151.13,111.25,592.43,2.84,947.91,58.90,495.07
2026-03-21T23:30:00Z,58.02,2130.65,167.09,1014.25,55.39,1930.70,172.10,821.12,47.95,2506.67,156.06,287.92,29.55,2454.84,158.01,22.03,234.47,46.85,93.99,211.83,1790.08,3551.55,2.74,151.70,111.33,594.43,3.00,944.65,59.96,491.96
2026-03-21T23:40:00Z,57.87,2128.64,167.70,1003.27,55.52,1930.46,172.35,829.39,48.15,2498.36,156.57,287.75,29.33,2456.75,158.60,19.79,231.22,46.22,93.90,206.42,1779.19,3540.53,2.53,150.26,111.00,590.46,3.12,938.97,60.50,486.67
2026-03-21T23:50:00Z,58.52,2121.81,167.71,1001.54,55.41,1945.86,171.70,817.55,48.43,2487.05,156.68,307.23,29.40,2470.35,158.25,8.90,235.10,43.69,94.20,212.91,1787.76,3540.46,2.61,149.07,114.00,591.94,2.92,944.20,60.76,508.07
2026-03-22T00:00:00Z,58.61,2117.30,167.44,1019.41,55.49,1930.64,171.80,817.32,48.13,2492.14,156.82,301.65,29.33,2466.99,158.17,0.00,232.49,41.93,94.79,209.68,1791.87,3542.51,2.38,151.62,113.64,594.03,3.15,951.76,59.87,486.11
2026-03-22T00:10:00Z,58.33,2109.96,167.04,1026.58,55.50,1930.53,171.69,821.15,47.80,2500.63,156.85,314.01,29.31,2464.68,157.75,1.19,235.48,45.00,94.10,209.75,1784.01,3557.44,2.62,149.56,114.19,590.66,3.06,938.75,59.35,495.94
2026-03-22T00:20:00Z,58.53,2110.58,167.64,1035.46,55.48,1947.26,171.98,828.93,47.93,2500.86,156.17,308.79,29.50,2470.90,158.33,0.00,233.44,45.99,94.45,208.47,1789.53,3547.63,2.17,150.37,109.86,593.47,2.92,945.42,59.64,484.70
2026-03-22T00:30:00Z,58.59,2110.05,167.54,1042.21,55.56,1934.92,172.89,818.55,47.89,2491.41,156.35,310.22,29.37,2453.32,157.60,0.00,233.64,43.01,94.61,209.99,1786.34,3550.27,2.38,149.10,109.96,589.43,2.52,942.62,58.80,485.94
2026-03-22T00:40:00Z,58.89,2106.07,167.45,1044.57,55.52,1944.26,172.32,816.67,47.98,2506.66,156.29,308.73,29.04,2463.93,156.73,0.00,238.09,45.85,93.70,213.24,1791.75,3558.24,2.50,149.28,113.70,592.66,3.13,952.45,59.24,493.86
2026-03-22T00:50:00Z,59.01,2105.29,166.35,1027.61,55.84,1944.12,172.54,816.12,48.41,2495.13,156.71,310.20,28.94,2481.48,157.25,0.00,235.60,44.72,93.64,212.08,1785.35,3538.32,2.32,150.23,112.64,587.59,2.84,942.00,59.31,481.94
2026-03-22T01:00:00Z,58.98,2096.55,166.78,1026.90,55.63,1936.29,172.23,819.35,48.31,2495.00,156.70,316.16,28.99,2471.98,156.94,0.00,233.34,46.19,94.28,208.74,1788.59,3554.67,2.60,148.60,111.00,588.38,2.76,937.58,59.80,488.78
2026-03-22T01:10:00Z,59.07,2096.06,166.83,1027.10,56.11,1922.41,172.84,826.44,48.33,2493.02,156.28,305.06,28.81,2482.24,157.57,0.00,234.08,46.52,93.75,207.14,1790.93,3539.76,2.43,147.13,111.69,590.72,3.32,939.33,58.93,491.32
2026-03-22T01:20:00Z,58.86,2101.88,166.99,1023.71,55.68,1938.07,172.13,816.33,48.01,2488.95,156.46,302.88,28.62,2490.99,157.39,0.00,234.71,48.81,94.39,209.96,1788.52,3546.41,2.79,150.73,111.74,591.62,3.41,949.74,59.41,503.75
2026-03-22T01:30:00Z,58.83,2101.15,167.03,1026.77,55.36,1944.72,172.30,815.93,48.16,2494.55,156.58,299.43,28.87,2481.58,157.24,0.00,233.33,47.44,94.13,209.90,1787.83,3537.00,2.19,150.72,114.01,593.47,3.04,946.87,58.63,495.81
2026-03-22T01:40:00Z,58.76,2111.34,167.66,1021.61,55.50,1940.36,171.61,819.50,48.14,2502.78,156.63,299.52,29.18,2467.26,157.97,0.00,239.67,46.29,94.56,215.40,1800.69,3544.44,2.48,150.22,115.50,595.76,3.05,951.50,59.87,503.25
2026-03-22T01:50:00Z,58.70,2120.49,167.63,1017.72,55.18,1944.83,173.11,821.16,48.25,2494.91,157.39,305.32,28.80,2475.23,157.96,0.00,239.87,46.30,94.48,215.60,1794.11,3556.25,2.49,149.17,114.03,599.94,3.29,947.41,60.77,494.68
2026-03-22T02:00:00Z,58.77,2109.73,167.72,1012.03,55.21,1942.08,173.52,808.81,48.24,2492.61,157.38,302.32,28.78,2467.27,157.06,0.00,235.78,46.37,93.80,211.47,1782.25,3547.85,2.37,148.22,113.27,588.24,3.00,947.61,59.53,491.86
2026-03-22T02:10:00Z,58.71,2104.21,167.46,1031.24,54.97,1947.07,172.42,817.06,48.48,2475.82,157.27,315.74,28.66,2477.81,157.08,0.00,237.60,42.79,93.84,215.07,1798.38,3543.50,2.40,151.07,115.68,586.99,3.09,947.73,59.45,499.36
2026-03-22T02:20:00Z,58.61,2116.93,167.74,1041.85,55.31,1953.40,172.38,791.47,48.09,2491.50,157.11,301.57,28.56,2472.59,157.44,0.00,238.93,43.43,93.39,217.18,1787.20,3543.29,2.44,148.35,114.94,591.15,3.03,944.84,59.15,501.33
2026-03-22T02:30:00Z,58.48,2119.68,168.14,1029.76,55.36,1936.33,172.12,802.58,48.31,2488.73,156.40,297.54,28.45,2475.07,157.45,0.00,236.56,45.01,93.96,212.73,1793.48,3556.45,2.75,150.24,112.70,587.95,2.72,945.48,60.22,493.61
2026-03-22T02:40:00Z,58.52,2108.24,167.79,1030.47,55.32,1943.23,172.18,812.04,48.17,2494.26,156.32,290.25,28.63,2480.87,156.91,1.72,235.87,45.56,93.76,213.46,1786.07,3557.10,2.35,149.10,113.68,592.83,2.86,945.70,59.73,496.90
2026-03-22T02:50:00Z,58.59,2112.86,168.02,1025.87,55.44,1937.66,172.51,820.39,48.31,2484.27,156.71,298.86,28.59,2489.61,157.22,0.00,239.54,45.21,93.79,212.86,1788.93,3537.43,2.58,150.88,117.01,596.62,3.20,943.89,59.97,500.10
2026-03-22T03:00:00Z,58.25,2115.79,167.21,1017.58,55.51,1929.67,172.49,825.04,48.35,2490.04,157.37,307.85,28.44,2485.72,156.98,0.00,235.90,44.17,94.50,211.02,1791.49,3551.19,2.51,149.79,111.34,591.90,3.06,950.21,60.66,494.98
2026-03-22T03:10:00Z,58.05,2113.37,167.41,1020.18,55.77,1924.55,172.52,826.68,48.31,2480.59,157.30,308.68,28.14,2494.48,157.34,0.00,241.76,41.79,94.39,219.14,1797.80,3557.26,2.37,150.64,114.79,591.76,3.39,958.02,60.42,489.07
2026-03-22T03:20:00Z,57.69,2128.66,166.79,1007.21,55.85,1927.25,173.31,837.16,48.38,2479.90,157.03,310.42,27.81,2501.16,157.54,0.00,232.76,42.76,94.38,210.47,1777.75,3538.33,2.41,147.97,110.53,590.32,3.12,941.67,60.89,497.91
2026-03-22T03:30:00Z,57.27,2142.39,166.46,1000.04,55.41,1936.50,173.02,821.85,48.50,2491.93,157.08,313.59,27.74,2496.76,157.79,0.00,233.07,44.24,93.53,207.60,1782.42,3558.92,2.49,148.55,110.18,585.81,3.31,943.82,61.34,485.50
2026-03-22T03:40:00Z,57.04,2145.55,166.16,989.48,55.49,1946.26,173.37,804.38,48.66,2489.23,156.85,318.17,27.57,2511.25,157.62,0.00,233.77,41.90,93.72,210.02,1782.43,3555.45,2.39,149.03,110.16,590.02,2.71,942.93,60.50,481.95
2026-03-22T03:50:00Z,57.53,2136.17,165.97,994.26,55.65,1941.67,172.79,815.01,48.71,2487.63,155.77,308.11,28.07,2507.16,157.42,0.00,235.38,44.70,93.46,210.76,1787.84,3550.07,2.35,148.81,110.29,591.44,3.18,942.14,59.74,492.72
2026-03-22T04:00:00Z,57.93,2129.19,166.35,995.80,55.67,1933.83,172.83,814.08,48.63,2499.59,156.06,306.91,27.76,2509.09,157.11,0.00,232.08,43.77,94.02,208.28,1784.37,3559.96,2.29,150.23,112.19,585.52,2.79,940.43,59.78,493.95
2026-03-22T04:10:00Z,,2126.76,166.95,987.51,55.26,1940.80,172.53,824.61,48.04,2496.29,156.53,299.96,28.31,2488.58,157.13,0.00,227.39,42.68,93.86,202.61,1775.22,3543.92,2.38,149.64,107.26,576.06,2.87,939.57,59.63,475.16
2026-03-22T04:20:00Z,57.89,2125.42,166.94,1001.21,55.53,1935.99,172.31,829.02,47.71,2515.91,156.78,284.76,28.32,2477.92,156.77,0.00,232.83,43.42,93.99,210.37,1788.41,3526.14,2.40,150.53,111.40,583.57,3.54,941.08,60.90,497.71
2026-03-22T04:30:00Z,57.49,2141.24,167.39,995.51,55.84,1930.43,172.54,837.75,47.86,2509.37,156.63,291.10,28.13,2483.81,156.94,0.00,236.56,46.37,94.41,212.31,1792.44,3553.27,2.57,149.80,111.94,592.78,3.02,946.94,60.99,492.56
2026-03-22T04:40:00Z,57.89,2137.23,166.87,990.58,55.80,1924.20,172.76,833.65,47.99,2502.17,156.41,285.38,27.77,2497.63,156.58,0.00,226.93,45.04,93.22,204.67,1782.40,3547.89,2.81,150.70,108.39,583.58,2.89,945.81,59.23,491.79
2026-03-22T04:50:00Z,57.57,2132.78,167.22,992.86,55.61,1931.18,172.78,840.64,48.11,2488.18,156.51,303.57,27.92,2487.18,157.31,0.00,237.42,44.47,93.97,210.30,1784.29,3541.89,2.36,149.28,113.28,593.21,3.21,938.28,58.16,488.83
2026-03-22T05:00:00Z,58.05,2131.90,167.46,994.25,55.38,1933.69,172.82,835.70,47.86,2490.08,156.05,301.33,27.70,2503.33,157.38,0.00,241.27,43.76,93.01,218.52,1795.39,3553.99,2.47,150.98,116.78,590.17,3.27,944.61,57.32,498.69
2026-03-22T05:10:00Z,58.12,2127.38,166.53,986.73,55.46,1944.57,173.15,837.10,48.09,2503.60,155.98,297.40,27.68,2500.46,158.14,0.00,238.80,42.72,93.69,214.60,1793.85,3542.19,2.51,148.80,111.86,583.62,2.72,945.89,60.61,477.92
2026-03-22T05:20:00Z,58.73,2129.35,166.52,1010.77,55.55,1933.96,173.28,841.17,48.08,2509.51,157.03,295.58,27.82,2501.66,157.69,0.00,238.29,43.23,94.16,215.08,1802.39,3551.26,2.31,150.85,113.93,594.48,2.73,956.06,60.66,501.25
2026-03-22T05:30:00Z,58.75,2122.81,167.29,1018.73,55.89,1924.90,173.05,830.33,48.18,2495.01,156.95,289.84,28.41,2497.71,157.61,0.00,230.84,43.34,94.35,207.79,1771.16,3557.94,2.64,149.93,109.45,589.77,2.98,938.77,59.98,491.51
2026-03-22T05:40:00Z,58.43,2117.02,166.97,1005.90,55.89,1932.73,173.16,832.26,48.36,2492.96,156.30,288.25,28.32,2491.13,158.31,0.00,231.01,44.09,93.90,207.34,1795.48,3539.24,2.56,150.36,111.95,588.49,2.99,945.90,59.86,485.54
2026-03-22T05:50:00Z,58.59,2120.45,166.97,993.67,56.21,1922.86,173.61,841.94,48.59,2497.52,156.57,300.05,28.31,2494.56,158.48,0.00,233.77,45.61,94.17,209.80,1785.80,3545.92,2.87,149.61,110.71,587.44,3.24,941.26,60.44,485.39
2026-03-22T06:00:00Z,58.56,2113.23,167.25,1005.43,56.00,1926.22,173.56,835.22,48.42,2489.92,156.03,300.03,28.41,2492.09,158.42,0.00,237.68,45.07,94.20,213.62,1792.12,3557.45,2.59,149.29,112.43,589.01,2.95,941.92,60.92,497.36
2026-03-22T06:10:00Z,58.66,2119.91,167.63,1008.98,56.24,1922.93,172.67,842.36,48.75,2482.62,155.75,307.20,28.31,2490.91,157.79,0.00,233.60,42.87,93.65,208.43,1776.47,3555.57,2.54,148.09,110.27,587.00,2.95,937.04,59.66,489.43
2026-03-22T06:20:00Z,58.20,2109.26,167.40,1008.82,55.94,1926.97,172.33,839.71,49.20,2474.00,156.06,319.81,29.06,2485.47,157.40,0.00,234.32,43.53,93.85,215.02,1789.65,3544.73,2.22,150.50,113.01,597.50,2.91,941.29,60.06,499.33
2026-03-22T06:30:00Z,57.95,2129.66,167.12,1017.20,56.01,1925.94,172.40,842.35,49.51,2468.44,157.18,330.42,29.46,2467.84,157.24,1.59,242.16,44.94,93.89,217.41,1791.30,3541.74,2.45,149.22,115.10,595.35,3.17,944.16,59.52,497.64
2026-03-22T06:40:00Z,58.32,2125.41,167.36,1018.15,55.72,1943.33,173.06,836.58,49.47,2469.65,156.90,331.85,29.66,2466.95,157.20,8.91,243.75,45.38,93.71,216.89,1792.58,3543.61,2.90,149.57,116.88,601.65,2.81,954.88,60.14,499.05
2026-03-22T06:50:00Z,57.76,2126.38,167.54,1027.30,55.71,1938.49,173.11,837.01,49.07,2458.80,157.26,345.68,29.31,2467.59,157.10,0.00,242.82,45.40,93.90,220.62,1800.32,3548.87,2.81,150.00,115.77,586.31,2.88,953.89,59.48,499.61
2026-03-22T07:00:00Z,57.68,2132.82,167.36,1017.70,55.50,1945.00,172.79,844.42,48.68,2475.39,157.79,343.33,29.51,2465.77,156.80,0.00,238.98,45.58,94.16,215.19,1794.14,3542.23,2.65,149.01,114.61,590.84,2.81,947.32,59.73,501.81
2026-03-22T07:10:00Z,57.95,2118.29,167.32,1015.90,55.35,1936.50,173.24,826.16,48.40,2483.01,158.12,307.35,29.06,2475.60,157.10,0.00,228.23,45.47,94.91,206.07,1775.24,3547.28,2.49,151.56,109.95,586.17,3.17,944.23,60.12,490.08
2026-03-22T07:20:00Z,57.96,2119.90,167.12,1026.89,55.42,1944.67,173.12,835.10,48.43,2488.01,157.31,312.82,28.94,2476.01,156.95,0.00,232.34,43.83,93.75,207.67,1775.34,3551.84,2.52,150.28,111.92,592.98,3.06,936.63,58.84,499.46
2026-03-22T07:30:00Z,58.24,2118.78,167.31,1009.34,55.48,1941.72,172.89,821.96,48.50,2489.63,156.92,304.47,29.19,2480.77,156.80,0.00,228.42,43.20,93.61,204.17,1783.42,3543.79,2.26,150.32,110.30,589.76,2.87,939.87,58.88,501.05
2026-03-22T07:40:00Z,58.23,2124.18,167.17,1014.65,55.52,1942.94,172.05,808.97,48.63,2488.99,156.25,312.40,29.13,2484.99,156.56,0.00,232.82,44.98,93.14,210.27,1785.03,3538.79,2.56,148.58,111.69,582.93,3.23,940.03,58.55,476.91
2026-03-22T07:50:00Z,57.66,2123.69,166.68,1010.89,55.47,1932.20,172.08,811.16,48.66,2487.75,156.13,323.85,29.09,2479.70,156.83,0.00,231.58,44.20,93.10,207.32,1776.49,3549.25,2.50,149.94,111.15,583.76,2.71,935.01,59.66,476.94
2026-03-22T08:00:00Z,57.88,2115.60,166.42,1005.20,55.12,1946.86,172.07,804.69,48.47,2492.71,156.26,307.90,29.05,2476.63,156.98,0.00,232.80,43.72,94.73,211.09,1786.31,3561.11,2.79,150.29,110.85,595.50,2.99,943.70,59.36,500.13
2026-03-22T08:10:00Z,58.13,2118.54,166.06,1004.39,55.25,1936.31,172.25,804.63,48.54,2478.65,156.28,322.31,29.67,2461.71,157.54,5.74,236.48,43.35,95.28,214.56,1785.17,3558.76,2.60,150.14,111.48,586.53,3.15,941.74,59.40,486.73
2026-03-22T08:20:00Z,58.07,2119.89,166.24,1001.49,55.18,1935.38,171.66,813.29,48.71,2491.27,157.61,327.23,29.50,2464.34,157.87,13.85,240.00,45.77,94.49,214.54,1792.90,3547.74,2.69,150.97,115.97,595.20,2.94,948.43,59.22,495.19
2026-03-22T08:30:00Z,58.38,2112.22,166.13,1002.05,55.55,1930.85,172.21,832.04,49.14,2473.82,157.36,328.84,29.95,2460.09,158.25,14.85,235.78,45.78,94.21,212.95,1786.71,3553.07,2.38,149.37,113.72,593.50,3.24,941.29,59.95,480.90
2026-03-22T08:40:00Z,58.34,2108.71,166.48,1021.18,55.57,1935.21,171.85,830.02,49.15,2474.35,157.57,337.53,29.87,2450.63,158.31,18.94,239.62,45.14,93.81,214.39,1796.94,3559.45,2.47,151.05,114.55,597.21,2.99,949.95,60.53,506.32
2026-03-22T08:50:00Z,58.44,2107.69,167.87,1035.72,55.87,1948.05,172.80,839.87,48.83,2474.11,157.65,339.19,29.55,2457.11,157.92,8.20,239.61,45.44,94.38,216.02,1794.77,3550.28,2.34,150.81,116.56,602.19,2.93,949.36,61.60,501.00
2026-03-22T09:00:00Z,58.65,2117.52,167.97,1036.41,55.76,1932.33,172.08,830.37,48.77,2482.55,157.54,330.14,29.49,2456.17,158.40,5.35,234.77,46.38,94.72,208.48,1789.29,3546.37,2.65,151.37,113.49,591.70,2.89,941.71,60.81,504.91
2026-03-22T09:10:00Z,58.87,2096.75,167.54,1029.32,56.12,1926.75,171.99,838.84,48.61,2490.60,157.52,315.75,30.28,2436.26,158.25,17.64,234.84,43.89,94.58,211.01,1792.05,3542.47,2.77,149.87,112.46,595.66,3.19,941.53,59.80,500.13
2026-03-22T09:20:00Z,58.96,2090.61,168.39,1049.77,56.47,1913.03,172.20,862.61,48.49,2488.73,157.77,322.07,30.48,2438.68,157.87,33.54,239.94,44.25,94.68,216.48,1794.86,3557.14,2.41,150.34,113.84,594.10,2.61,946.33,59.27,489.91
2026-03-22T09:30:00Z,58.51,2086.26,167.25,1046.73,56.40,1908.56,172.82,863.54,48.41,2488.28,158.50,316.04,30.29,2443.27,157.37,43.35,242.66,44.79,94.40,218.68,1793.90,3564.78,2.46,151.37,118.05,598.50,3.01,943.37,60.56,510.39
2026-03-22T09:40:00Z,58.46,2100.38,167.17,1039.80,56.36,1910.48,173.41,863.79,48.15,2489.49,157.84,305.29,30.13,2434.38,157.73,31.99,240.77,43.03,94.58,215.13,1799.44,3551.05,2.15,150.05,114.25,597.34,2.82,952.40,58.99,499.32
2026-03-22T09:50:00Z,58.12,2129.95,167.03,1034.62,56.71,1903.57,173.83,854.66,48.04,2495.33,157.17,308.62,30.10,2442.00,157.28,32.72,237.52,46.25,93.15,215.61,1783.85,3556.24,2.34,148.40,116.26,600.23,3.40,940.89,58.26,494.29
2026-03-22T10:00:00Z,57.65,2136.35,166.87,1003.10,57.17,1903.52,173.59,866.21,48.49,2489.70,158.02,322.12,30.21,2448.12,157.97,37.22,246.85,46.44,93.44,221.21,1805.83,3557.43,2.52,150.11,121.04,599.64,3.11,950.39,59.45,497.68
2026-03-22T10:10:00Z,58.39,2127.63,166.29,1015.28,57.42,1893.32,174.10,870.95,48.70,2485.30,157.61,316.19,30.71,2424.07,158.87,53.07,246.53,44.38,94.08,221.50,1800.32,3558.17,2.74,149.22,116.51,597.20,3.06,949.72,59.98,493.50
2026-03-22T10:20:00Z,58.44,2122.61,166.85,1019.93,57.40,1889.37,174.09,886.18,48.32,2485.48,157.52,306.20,30.46,2435.73,158.87,43.20,249.56,45.97,93.96,223.05,,3550.31,2.58,148.86,119.29,603.78,2.69,946.97,60.13,507.26
2026-03-22T10:30:00Z,58.26,2118.79,166.88,1014.87,57.03,1904.48,173.44,866.15,48.07,2483.81,156.91,308.31,30.60,2433.84,157.83,41.74,245.15,45.40,94.25,218.81,1799.17,3550.65,2.62,150.55,118.10,595.61,2.90,944.37,60.76,497.97
2026-03-22T10:40:00Z,58.35,2119.07,166.91,1012.74,56.94,1908.57,173.41,866.97,47.81,2501.83,156.54,302.99,31.23,2431.20,158.58,51.67,237.63,45.63,93.66,212.27,1791.87,3549.01,2.48,150.36,116.67,599.16,2.90,948.49,59.40,512.51
2026-03-22T10:50:00Z,58.07,2121.30,166.94,1025.76,56.64,1908.03,173.15,862.79,47.98,2498.79,156.65,305.62,31.33,2421.53,158.91,69.81,240.42,46.68,93.62,221.57,1790.88,3558.00,2.43,150.34,116.45,593.20,3.32,940.45,60.45,493.20
2026-03-22T11:00:00Z,57.56,2140.92,166.08,1003.10,56.35,1906.43,172.66,858.04,48.02,2500.96,156.33,306.71,31.49,2415.87,158.97,81.25,241.64,45.12,94.13,217.01,1797.24,3539.02,2.74,150.45,116.14,602.49,3.04,953.11,60.27,498.09
2026-03-22T11:10:00Z,57.65,2132.35,166.53,992.11,55.64,1925.48,172.47,831.37,47.71,2516.55,156.19,299.39,31.51,2412.93,159.27,84.25,239.36,43.03,94.43,216.11,1784.80,3546.72,2.42,149.48,115.00,588.51,3.06,943.66,59.24,487.39
2026-03-22T11:20:00Z,57.81,2131.50,166.97,996.50,55.02,1949.88,172.41,814.28,47.60,2520.39,156.78,287.74,31.53,2419.78,159.77,77.83,236.89,43.19,95.09,210.13,1785.83,3547.52,2.18,150.64,113.98,594.27,3.24,940.01,59.58,504.28
2026-03-22T11:30:00Z,57.74,2121.01,166.99,990.18,54.72,1964.02,171.86,794.57,47.87,2511.08,156.55,273.41,31.36,2418.54,159.46,67.14,235.04,44.82,94.41,211.19,1794.93,3564.02,2.55,150.15,113.41,600.44,2.94,946.23,60.04,502.64
2026-03-22T11:40:00Z,57.63,2130.43,167.23,1001.16,54.78,1964.05,172.15,792.53,47.79,2495.52,156.91,285.10,31.26,2419.76,159.30,61.52,235.58,42.66,94.81,213.24,1789.86,3545.25,2.41,146.68,113.38,593.72,2.89,949.27,59.81,487.66
2026-03-22T11:50:00Z,57.40,2131.63,166.51,991.20,54.32,1964.93,172.46,779.70,47.51,2506.10,156.04,289.47,31.43,2408.86,158.84,78.79,235.09,42.52,93.60,209.32,1778.99,3542.42,2.51,149.77,115.80,595.69,3.00,944.06,61.00,498.64
2026-03-22T12:00:00Z,57.94,2131.34,166.76,1009.56,54.24,1961.07,171.99,780.67,47.40,,155.84,274.75,31.20,2412.17,158.84,68.51,229.68,43.42,93.56,208.36,1780.42,3545.92,2.20,148.80,110.62,587.63,2.97,934.24,60.45,488.98
2026-03-22T12:10:00Z,58.16,2126.58,167.56,1018.84,54.36,1966.76,172.07,775.88,47.56,2514.33,155.96,277.67,31.02,2419.99,157.88,65.45,236.32,44.92,93.54,212.14,1797.88,3547.66,2.49,149.45,115.26,593.63,2.68,950.87,59.12,497.58
2026-03-22T12:20:00Z,58.03,2118.53,167.62,1022.47,54.22,1971.41,172.01,764.18,47.64,2506.90,156.10,284.18,30.68,2439.33,158.53,46.46,235.90,43.11,93.50,215.76,1789.40,3564.66,2.36,151.61,112.01,583.77,3.10,945.35,59.71,481.65
2026-03-22T12:30:00Z,58.07,2115.64,166.90,1024.67,54.49,1964.68,172.19,768.73,47.59,2515.94,155.82,273.15,30.24,2454.52,158.45,36.02,,42.07,94.17,207.16,1783.47,3545.80,2.29,149.88,111.50,594.14,2.99,946.94,59.87,486.51
2026-03-22T12:40:00Z,58.20,2114.75,166.07,1020.05,54.34,1964.54,171.29,775.13,47.58,2511.80,155.99,277.58,30.47,2448.59,158.05,30.02,231.31,43.50,94.20,206.62,1786.02,3537.61,2.25,151.76,110.19,589.12,3.14,939.82,58.59,496.12
2026-03-22T12:50:00Z,58.12,2127.22,166.89,1009.99,54.63,1960.33,171.50,773.82,47.52,2512.35,156.38,275.30,30.75,2431.93,158.47,48.41,233.72,43.37,93.32,206.02,1788.30,3552.94,2.29,151.10,114.04,599.60,2.95,944.23,59.01,499.97
2026-03-22T13:00:00Z,58.14,2123.95,167.43,1017.03,54.61,1958.32,171.46,783.49,47.73,2518.46,156.79,284.16,30.60,2428.97,158.20,58.43,230.26,44.35,93.44,206.47,1786.24,3565.64,2.36,151.28,108.74,589.39,3.17,940.39,58.67,491.25
2026-03-22T13:10:00Z,57.97,2121.55,167.19,1020.42,54.47,1960.77,172.21,781.56,47.61,2521.11,156.97,281.27,29.89,2438.97,157.79,38.05,235.79,43.05,93.93,213.01,1788.81,3560.14,2.42,148.14,112.47,591.01,2.92,950.18,60.35,491.18
2026-03-22T13:20:00Z,57.87,2127.52,167.80,1016.23,54.82,1964.36,171.66,792.60,47.74,2517.27,156.03,280.18,29.66,2447.41,157.75,23.54,230.94,41.97,94.25,213.20,1785.39,3562.67,2.39,150.67,111.06,596.19,2.75,942.81,60.70,484.17
2026-03-22T13:30:00Z,58.30,2129.96,167.51,1004.52,54.44,1962.50,171.42,787.39,47.96,2510.85,155.69,285.91,29.59,2447.97,158.01,25.16,228.72,40.73,94.48,205.76,1779.34,3538.28,2.58,151.88,108.25,586.20,3.21,941.43,60.93,484.64
2026-03-22T13:40:00Z,58.30,2121.97,167.65,1010.30,54.43,1961.47,171.30,783.09,48.15,2501.25,155.96,280.99,29.57,2456.35,158.67,29.09,230.86,41.86,94.36,207.16,1789.11,3541.39,2.45,148.92,110.25,586.87,3.11,940.15,60.97,479.95
2026-03-22T13:50:00Z,57.91,2119.42,167.84,1011.65,54.09,1967.49,170.78,771.64,48.03,2503.79,156.00,282.08,29.40,2457.25,157.70,6.85,230.19,44.54,94.08,207.96,1784.22,3553.22,2.44,149.45,109.74,586.16,3.28,939.14,59.71,486.68
2026-03-22T14:00:00Z,57.96,2122.34,167.94,1006.19,53.89,1980.55,171.45,773.64,48.25,2505.46,156.40,289.73,29.06,2475.61,157.76,0.00,231.58,40.85,94.50,207.10,1782.50,3545.07,2.57,148.81,110.54,588.37,2.84,933.47,59.45,492.75
2026-03-22T14:10:00Z,58.23,2132.42,166.87,1004.31,54.22,1972.39,171.05,777.42,48.13,2505.00,156.35,289.70,29.13,2466.57,157.80,0.00,225.15,41.23,93.66,205.54,1787.48,3542.00,2.31,149.29,108.91,584.25,3.12,942.28,61.18,492.95
2026-03-22T14:20:00Z,58.30,2120.03,167.24,997.94,54.16,1969.31,171.50,782.34,47.87,2515.63,156.23,280.92,28.94,2473.67,157.76,0.00,228.52,39.87,93.70,208.44,1788.89,3552.23,2.47,149.58,109.15,593.87,3.12,944.15,60.39,491.99
2026-03-22T14:30:00Z,58.32,2116.56,167.48,1008.18,54.17,1977.49,171.29,762.36,47.81,2507.98,157.24,286.34,29.21,2469.00,157.38,0.00,224.64,40.23,93.96,200.78,1778.52,3534.12,2.37,149.74,108.05,589.96,2.75,939.41,59.97,493.51
2026-03-22T14:40:00Z,58.71,2105.61,168.22,1029.01,54.13,1983.61,171.31,763.84,47.70,2517.24,157.19,289.18,29.11,2475.36,157.34,0.00,224.58,43.33,93.98,195.07,1764.49,3553.69,2.49,150.62,109.27,584.56,2.76,930.31,60.03,496.72
2026-03-22T14:50:00Z,58.61,2106.12,167.94,1024.62,54.32,1973.67,171.09,780.43,47.13,2515.33,157.17,280.38,29.05,2477.92,156.93,6.67,230.59,43.03,94.35,206.14,1781.66,3543.56,2.43,150.49,109.23,592.40,2.87,937.69,58.80,484.26
2026-03-22T15:00:00Z,58.77,2106.63,168.04,1033.13,53.92,1967.97,171.44,777.24,47.04,2528.87,156.67,267.64,29.61,2470.75,157.25,0.00,232.59,41.72,95.38,207.23,1774.79,3551.07,2.61,149.52,109.18,591.45,2.69,934.56,58.67,492.49
2026-03-22T15:10:00Z,58.44,2114.70,167.59,1030.39,53.82,1980.64,170.92,758.90,46.71,2529.31,156.29,258.21,29.22,2473.47,156.85,0.00,234.00,42.63,94.33,206.93,1789.40,3544.43,2.70,148.32,114.41,591.09,2.82,942.12,60.10,494.26
2026-03-22T15:20:00Z,57.84,2122.50,167.10,1016.77,54.25,1968.52,171.66,773.69,46.49,2531.42,155.97,240.63,28.99,2472.60,157.05,17.02,235.69,41.69,93.67,211.60,1792.09,3556.04,2.42,149.90,112.49,591.73,2.75,945.41,59.75,492.30
2026-03-22T15:30:00Z,57.80,2122.97,167.74,1013.40,54.35,1964.76,171.30,793.89,46.14,2540.59,155.46,226.45,28.56,2479.05,156.96,0.00,228.80,40.18,93.70,205.29,1784.75,3535.72,2.63,148.15,109.43,586.90,2.91,945.47,60.23,498.68
2026-03-22T15:40:00Z,57.90,2126.66,167.09,1003.22,54.40,1969.20,172.04,788.80,46.72,2533.56,155.53,230.73,28.56,2477.12,157.22,0.00,225.92,39.70,94.62,201.17,1786.75,3556.93,2.62,149.23,109.26,584.16,3.10,945.37,60.67,494.35
2026-03-22T15:50:00Z,57.49,2135.74,167.55,1006.49,54.18,1966.22,171.75,802.97,46.84,2528.14,154.96,222.06,28.37,2486.55,157.36,0.00,225.49,39.28,95.06,204.69,1777.75,3567.39,2.47,148.76,110.20,588.76,2.90,942.61,60.42,483.71
2026-03-22T16:00:00Z,57.29,2141.87,166.57,992.85,54.50,1967.69,172.27,794.18,46.51,2541.95,155.05,216.61,28.51,2486.56,157.26,1.94,229.37,39.02,93.00,205.16,1789.65,3534.52,2.56,149.76,111.42,588.44,3.11,941.41,59.68,494.82
2026-03-22T16:10:00Z,57.60,2139.02,166.63,989.66,54.01,1972.37,172.57,792.36,46.38,2548.34,154.77,229.47,28.71,2474.36,157.51,0.00,230.49,38.25,93.44,206.55,1789.66,3549.49,2.52,148.97,107.76,589.72,3.26,944.17,61.94,486.41
2026-03-22T16:20:00Z,57.22,2149.24,166.70,973.64,53.91,1970.44,172.40,782.04,46.07,2547.38,155.45,238.17,28.95,2480.45,157.03,0.00,226.63,39.43,94.43,205.21,1790.60,3550.60,2.72,148.40,108.86,588.21,2.91,937.74,60.36,489.13
2026-03-22T16:30:00Z,56.89,2146.62,166.77,964.05,53.95,1972.30,171.52,790.45,46.21,2531.77,155.90,232.77,29.07,2476.89,157.53,0.00,223.14,41.49,93.91,202.01,1775.38,3560.28,2.54,149.29,105.59,580.80,2.76,942.98,59.68,490.62
2026-03-22T16:40:00Z,57.04,2147.44,167.27,973.10,54.22,1968.83,171.47,794.76,46.31,2542.01,155.14,224.51,29.30,2462.72,157.46,10.45,223.79,41.38,93.40,202.17,1783.25,3559.00,2.60,151.17,109.77,585.65,3.13,946.12,57.80,488.40
2026-03-22T16:50:00Z,57.33,2151.94,166.72,981.42,54.28,1964.28,171.75,808.11,46.58,2543.01,155.04,244.81,29.38,2472.03,157.07,11.43,225.83,40.18,93.38,203.32,1782.27,3545.62,2.58,151.20,109.76,592.09,2.93,937.77,57.40,491.87
2026-03-22T17:00:00Z,57.38,2143.21,166.93,993.35,54.78,1955.09,171.58,802.96,46.50,2535.69,155.20,243.00,29.44,2464.16,157.05,8.59,230.88,41.58,93.58,211.46,1799.35,3559.73,2.56,150.25,111.27,583.90,2.89,953.18,58.04,485.24
2026-03-22T17:10:00Z,57.24,2139.75,166.40,985.74,54.68,1963.84,171.88,802.32,46.60,2534.11,155.22,250.58,29.52,2468.08,156.41,3.64,233.57,43.46,93.61,209.93,1781.83,3550.72,2.59,148.51,113.52,589.25,2.94,942.27,57.78,487.61
2026-03-22T17:20:00Z,57.42,2144.04,166.81,994.86,54.64,1959.88,172.09,795.80,46.99,2538.87,154.41,247.20,29.53,2483.68,156.13,0.00,229.85,43.04,92.81,205.21,1786.05,3547.74,2.32,148.08,108.83,589.02,3.12,943.97,59.37,498.42
2026-03-22T17:30:00Z,57.69,2142.98,166.87,979.86,54.82,1966.93,171.18,794.45,47.05,2535.60,154.51,255.08,29.48,2478.09,157.06,0.00,230.29,42.03,93.53,208.40,1778.89,3550.53,2.45,149.95,110.17,591.45,3.03,934.61,59.80,492.10
2026-03-22T17:40:00Z,57.81,2133.95,166.35,992.03,54.50,1973.71,171.04,792.23,46.94,2539.60,155.42,249.95,29.71,2469.69,157.11,7.12,235.20,41.29,93.76,211.52,1779.10,3542.20,2.53,149.56,112.21,588.88,2.77,934.35,59.32,495.40
2026-03-22T17:50:00Z,57.72,2131.35,165.61,989.71,54.58,1961.56,171.21,776.38,46.73,2540.87,155.98,249.72,29.47,2470.38,157.89,5.90,239.08,40.38,94.24,215.69,1791.45,3537.11,2.72,150.00,117.03,598.77,2.97,941.93,59.99,498.42
2026-03-22T18:00:00Z,57.68,2122.50,166.22,995.49,54.82,1956.97,172.02,786.34,46.65,2537.63,155.27,250.13,29.27,2458.36,157.87,21.56,232.80,39.91,93.87,209.21,1785.53,3540.07,2.53,150.22,110.07,585.74,3.07,948.63,59.78,485.14
2026-03-22T18:10:00Z,57.85,2122.51,167.49,1003.07,54.47,1960.13,171.95,784.02,46.49,2541.37,155.17,246.69,29.35,2458.44,157.88,27.10,232.09,41.90,94.69,212.82,1790.77,3558.33,2.67,149.67,110.75,590.58,2.81,948.17,58.42,497.13
2026-03-22T18:20:00Z,58.01,2114.72,168.05,1009.80,54.49,1960.36,171.39,780.59,46.70,2535.08,155.64,247.13,29.33,2456.07,157.69,17.24,230.94,41.63,94.74,208.81,1786.97,3560.21,2.40,149.87,110.27,586.88,2.77,946.63,60.27,488.73
2026-03-22T18:30:00Z,57.95,2128.99,167.05,1012.41,55.13,1959.09,171.30,789.84,46.62,2536.39,156.28,239.60,29.47,2455.72,157.99,11.84,233.19,39.65,93.66,211.62,1783.80,3546.68,2.33,150.30,111.47,588.08,3.15,939.68,58.64,493.35
2026-03-22T18:40:00Z,57.92,2129.33,167.20,1010.54,55.01,1957.55,171.35,789.05,46.83,2537.98,156.31,231.42,29.29,2459.80,158.19,28.22,232.84,41.26,93.84,209.27,1780.45,3530.30,2.61,150.39,,590.74,2.86,937.28,57.93,489.76
2026-03-22T18:50:00Z,58.37,2119.99,167.36,1017.65,54.46,1966.76,171.09,793.17,47.12,2517.40,155.11,248.96,28.94,2465.13,157.77,13.17,237.45,39.15,94.87,211.14,1782.28,3563.29,2.35,150.22,113.23,586.24,2.69,938.81,58.62,488.44
2026-03-22T19:00:00Z,58.49,2113.21,166.68,1022.15,54.18,1969.53,171.05,779.61,47.15,2532.62,155.25,252.65,29.23,2468.58,157.04,0.31,233.79,41.31,94.57,208.53,1787.16,3547.16,2.27,149.22,111.31,589.75,3.24,946.80,59.72,494.31
2026-03-22T19:10:00Z,58.32,2116.21,166.96,1021.92,54.25,1975.64,171.13,784.93,47.25,2520.79,155.43,270.14,29.02,2478.60,157.49,8.75,231.18,41.50,93.54,205.03,1779.95,3529.86,2.51,149.69,110.33,586.92,2.63,942.73,59.99,490.90
2026-03-22T19:20:00Z,58.24,2112.95,166.61,1012.27,54.48,1971.86,172.71,766.84,47.66,2513.39,156.44,261.24,28.69,2481.50,157.96,0.00,226.51,40.12,94.36,202.79,1790.95,3543.62,2.72,151.56,108.78,584.14,3.06,944.46,59.83,483.11
2026-03-22T19:30:00Z,58.08,2104.89,167.38,1008.80,54.35,1967.28,172.39,780.44,47.54,2517.39,156.25,260.04,28.66,2488.50,157.33,0.00,224.74,42.66,94.24,200.05,1768.01,3551.80,2.61,149.95,109.90,583.50,3.18,934.68,59.49,480.34
2026-03-22T19:40:00Z,58.28,2105.25,167.54,1027.88,54.65,1966.66,171.43,771.44,47.32,2520.68,156.11,265.87,28.51,2500.44,156.73,0.00,227.66,43.92,94.60,204.82,1787.58,3561.06,2.45,149.53,108.48,585.51,2.94,943.70,60.42,487.76
2026-03-22T19:50:00Z,58.37,2105.47,167.05,1003.50,54.53,1968.24,171.01,773.76,47.06,2531.25,155.08,264.22,28.77,2492.24,156.73,0.00,226.72,43.37,94.21,203.49,1773.41,3546.95,2.42,150.10,109.87,590.70,2.94,936.61,60.40,494.65
2026-03-22T20:00:00Z,58.25,2120.15,166.83,1008.77,54.39,1974.81,171.20,768.69,47.30,2522.44,155.41,261.15,28.85,2482.48,157.07,0.00,231.74,41.90,93.88,206.13,1778.66,3554.65,2.42,149.44,112.05,587.22,2.63,936.62,61.79,498.50
2026-03-22T20:10:00Z,58.58,2097.46,167.08,1018.94,54.41,1970.32,171.03,764.01,47.32,2522.33,155.43,259.00,28.53,2491.79,156.95,0.00,227.06,40.90,93.64,204.69,1770.54,3561.66,2.96,150.96,107.05,584.21,3.03,938.27,61.89,483.12
2026-03-22T20:20:00Z,58.84,2092.56,166.59,1031.54,54.40,1967.09,170.80,780.32,47.68,2514.07,156.22,260.15,28.57,2484.09,157.45,0.00,223.54,39.89,93.81,203.07,1781.73,3557.43,2.55,152.35,108.92,582.85,3.27,941.38,60.40,482.40
2026-03-22T20:30:00Z,58.70,2100.31,166.68,1037.14,54.34,1960.16,170.92,783.70,47.94,2495.89,156.60,283.03,28.75,2482.72,157.00,0.00,231.68,42.34,92.96,211.43,1783.42,3561.88,2.47,151.28,112.49,585.70,2.69,943.93,60.79,486.48
2026-03-22T20:40:00Z,58.68,2108.33,167.28,1030.83,54.19,1952.59,171.23,798.73,48.00,2495.52,156.86,302.28,28.44,2486.26,157.47,0.00,233.31,44.31,94.34,207.97,1788.48,3543.99,2.31,149.64,112.85,596.70,3.09,949.14,60.56,499.93
2026-03-22T20:50:00Z,58.54,2114.30,166.34,1030.02,54.45,1966.73,172.03,783.16,47.54,2505.96,156.18,290.29,28.35,2487.98,157.15,0.00,230.45,42.15,94.84,210.01,1786.10,3540.14,2.48,149.46,110.44,586.36,2.99,940.78,59.31,484.48
2026-03-22T21:00:00Z,58.49,2111.67,166.17,1027.73,54.56,1967.36,171.72,785.23,47.86,2507.43,155.97,291.75,28.71,2480.95,156.78,0.00,231.68,41.94,94.70,209.03,1779.53,3548.31,2.49,149.50,107.84,587.22,2.99,947.19,59.44,485.16
2026-03-22T21:10:00Z,58.30,2108.08,166.21,1035.91,54.58,1961.52,171.34,785.71,47.88,2498.16,155.95,286.96,28.83,2473.21,157.66,0.00,234.10,42.10,94.74,212.39,1797.10,3555.68,2.65,148.72,112.87,590.78,2.78,947.54,60.62,484.72
2026-03-22T21:20:00Z,58.14,2120.89,166.60,1023.98,54.15,1971.07,171.95,,47.93,2493.82,156.10,296.00,28.46,2483.57,157.22,0.00,236.44,44.94,94.03,210.43,1792.37,3552.40,2.47,149.89,111.93,584.66,3.46,943.42,61.40,500.49
2026-03-22T21:30:00Z,57.58,2137.58,167.33,1003.96,54.29,1968.98,172.56,781.49,47.59,2500.47,155.13,290.01,28.45,2487.84,157.24,0.41,235.67,42.83,93.84,209.75,1791.05,3553.88,2.72,151.44,116.10,598.19,2.60,944.99,60.24,496.30
2026-03-22T21:40:00Z,57.91,2137.27,167.52,995.29,54.59,1956.78,172.14,779.85,47.63,2513.06,155.26,299.02,28.42,2482.47,157.08,0.00,234.13,43.63,93.99,209.99,1779.80,3557.50,2.46,150.54,108.87,592.47,2.96,944.14,60.12,493.09
2026-03-22T21:50:00Z,57.69,2133.09,167.54,1008.81,54.68,1957.09,172.17,798.08,48.13,2504.59,155.83,282.61,28.43,2464.05,157.06,0.00,233.97,42.41,93.61,210.27,1785.73,3552.60,2.68,151.80,110.85,598.65,2.93,943.06,61.19,500.05
2026-03-22T22:00:00Z,57.50,2130.59,167.44,1008.85,54.36,1968.90,172.25,775.65,48.75,2497.70,156.41,294.09,28.28,2479.04,156.91,0.00,234.07,43.23,93.87,208.52,1793.64,3555.43,2.59,148.25,110.16,585.49,2.65,952.80,60.93,483.63
2026-03-22T22:10:00Z,57.72,2126.69,167.25,1003.69,54.11,1977.00,171.73,776.07,48.27,2498.23,156.48,305.59,28.34,2479.30,157.27,0.00,232.75,41.50,94.34,208.01,1788.56,3536.56,2.43,148.37,108.86,582.58,3.11,937.92,60.56,484.20
2026-03-22T22:20:00Z,58.08,2118.46,167.85,1004.95,54.16,1968.53,171.10,770.32,48.39,2498.49,156.50,308.83,28.37,2484.44,156.76,0.00,231.89,40.96,94.38,206.62,1774.54,3539.51,2.60,149.53,112.96,585.11,2.87,937.52,59.61,486.88
2026-03-22T22:30:00Z,57.93,2116.47,167.58,1015.75,54.15,1974.27,170.99,770.83,48.94,2487.33,156.38,324.91,28.25,2491.00,157.30,0.00,233.27,40.87,94.39,209.01,1789.49,3562.15,2.38,151.73,111.05,590.15,3.14,948.46,59.78,484.06
2026-03-22T22:40:00Z,58.22,2117.64,167.02,1009.09,54.33,1969.28,171.76,780.78,48.52,2485.70,157.11,309.12,28.34,2497.36,157.98,0.00,234.90,41.71,94.80,210.57,1790.62,3548.25,2.23,149.10,110.99,593.49,3.08,948.79,59.97,504.68
2026-03-22T22:50:00Z,58.35,2110.71,167.27,1026.21,53.64,1992.81,171.98,764.93,48.88,2491.18,157.47,322.60,27.95,2492.59,157.83,0.00,234.20,43.13,94.33,209.07,1791.16,3542.43,2.46,150.21,111.68,590.08,2.79,945.65,58.74,506.27
2026-03-22T23:00:00Z,58.43,2126.46,166.56,1028.65,54.02,1977.64,171.90,756.98,48.81,2482.87,157.10,312.56,27.64,2502.79,157.31,0.00,238.74,41.97,93.62,215.13,1792.36,3543.41,2.28,149.61,114.23,592.37,2.80,946.20,59.04,478.37
2026-03-22T23:10:00Z,58.01,2127.91,167.19,1014.72,54.70,1973.88,170.97,769.68,48.55,2485.06,156.69,322.64,27.53,2503.69,157.33,0.00,233.63,41.13,93.95,213.04,1779.35,3539.58,2.51,149.47,113.61,595.39,2.88,943.05,57.85,488.62
2026-03-22T23:20:00Z,57.80,2129.56,166.97,1008.20,54.36,1964.00,171.66,775.22,48.44,2491.10,156.55,331.34,27.62,2502.91,157.71,0.00,235.75,44.01,94.80,210.97,1793.12,3552.17,2.38,150.24,112.51,592.38,2.75,943.65,58.21,490.75
2026-03-22T23:30:00Z,57.55,2127.92,167.56,993.10,54.37,1967.11,172.12,781.96,48.34,2493.68,157.06,323.36,27.71,2506.48,157.58,0.00,229.47,42.96,93.32,205.85,1785.40,3558.95,2.46,148.90,108.73,583.47,2.85,940.32,59.41,484.93
2026-03-22T23:40:00Z,57.51,2137.12,167.53,993.86,54.16,1980.96,171.11,775.18,48.02,2492.99,156.86,317.19,27.69,2508.17,157.28,0.00,230.67,42.34,94.04,206.34,1784.15,3554.22,2.27,151.45,109.79,587.44,3.18,945.89,59.60,481.42
2026-03-22T23:50:00Z,57.93,2135.95,166.65,999.27,54.20,1980.10,171.71,768.02,47.77,2498.02,156.46,299.45,27.64,2510.45,156.14,0.00,235.16,41.53,93.57,210.33,1782.46,3559.99,2.70,151.24,112.46,596.33,2.77,938.00,60.30,491.74
2026-03-23T00:00:00Z,57.81,2132.88,166.52,1002.83,53.16,1994.63,171.75,751.72,47.71,2510.59,156.58,281.40,27.62,2508.88,156.59,0.00,231.57,42.59,93.72,204.92,1780.13,3554.33,2.27,150.46,111.36,589.21,3.14,935.35,59.53,496.97
2026-03-23T00:10:00Z,57.50,2139.15,166.98,1004.07,51.95,2020.12,171.21,739.47,48.14,2515.36,156.70,283.80,27.90,2502.59,157.12,0.00,228.73,42.53,93.73,208.78,1780.73,3566.19,2.61,150.48,108.92,594.35,3.25,939.47,60.10,487.59
2026-03-23T00:20:00Z,57.58,2138.22,166.70,982.77,51.47,2032.48,170.45,718.92,47.91,2511.88,155.92,278.25,28.06,2504.99,157.04,0.00,226.61,42.03,94.05,208.27,1792.31,3543.32,2.51,148.89,106.34,581.82,2.93,947.56,60.35,488.29
2026-03-23T00:30:00Z,57.51,2140.34,167.24,987.44,50.87,2045.46,169.90,664.03,47.83,2514.98,156.30,270.62,28.47,2501.52,157.53,0.00,229.12,40.92,93.71,204.29,1789.96,3560.03,2.49,150.44,108.31,586.53,3.06,945.89,59.43,492.52
2026-03-23T00:40:00Z,57.42,2126.21,167.03,969.86,50.14,2058.70,169.09,661.78,47.53,2511.56,156.32,283.33,28.74,2497.51,157.76,0.00,226.41,40.34,93.47,202.82,1780.53,3537.36,2.78,150.19,109.53,589.43,3.13,942.04,59.82,495.02
2026-03-23T00:50:00Z,57.47,2140.81,166.83,980.60,49.51,2074.03,168.93,645.97,47.26,2522.78,155.60,270.47,28.92,2486.47,157.36,0.00,223.50,41.89,93.39,201.27,1785.16,3551.20,2.50,149.87,107.25,582.89,2.99,938.10,60.14,492.17
2026-03-23T01:00:00Z,57.27,2135.50,166.99,990.20,48.80,2099.47,169.17,609.12,47.34,2508.32,155.56,268.15,28.89,2475.94,157.27,0.00,217.57,39.80,93.69,196.61,1770.18,3548.91,2.23,150.12,103.35,582.35,2.96,939.71,61.36,483.46
2026-03-23T01:10:00Z,57.45,2137.55,166.45,969.13,47.99,2115.13,168.00,588.90,47.30,2508.91,155.62,275.64,28.99,2478.10,157.08,0.00,218.68,38.71,93.30,193.24,1771.76,3549.29,2.59,150.09,103.87,581.85,3.22,938.81,60.36,475.96
2026-03-23T01:20:00Z,57.68,2130.97,167.18,983.57,47.39,2137.65,168.03,569.85,47.22,2505.28,156.38,276.71,29.01,2478.83,157.10,0.00,212.77,36.82,93.54,193.37,1776.54,3566.41,2.43,150.01,100.54,579.14,3.20,941.92,60.10,475.77
2026-03-23T01:30:00Z,57.86,2130.95,167.29,990.38,46.97,2140.94,167.29,539.82,47.37,2511.05,155.69,280.47,29.14,2479.99,157.04,0.00,224.23,35.02,92.75,198.98,1774.15,3536.85,2.37,148.66,107.59,591.72,3.17,936.46,59.29,494.79
2026-03-23T01:40:00Z,58.21,2125.58,166.98,988.21,46.01,2157.44,167.28,516.61,47.39,2517.14,155.52,268.52,29.17,2472.03,158.01,0.00,217.33,34.26,93.89,194.81,1770.69,3540.25,2.43,150.66,107.02,592.80,2.88,934.09,59.15,487.74
2026-03-23T01:50:00Z,58.43,2126.23,166.33,991.32,45.11,2180.98,166.55,493.30,47.59,2519.00,155.43,271.47,29.55,2470.71,157.91,1.07,220.87,32.70,93.45,196.47,1771.92,3545.39,2.45,147.23,103.99,575.31,2.84,938.59,59.17,485.22
2026-03-23T02:00:00Z,58.25,2118.58,167.09,1010.76,44.19,2198.50,166.75,481.95,47.75,2508.30,155.76,287.23,29.90,2467.54,157.77,0.00,220.14,33.49,93.75,196.15,1775.36,3553.31,2.44,149.20,101.95,571.56,3.38,934.45,58.38,475.62
2026-03-23T02:10:00Z,58.49,2114.32,167.90,1003.83,43.59,2218.40,165.34,445.41,48.09,2503.14,155.90,277.28,30.01,2459.16,157.63,0.00,220.15,34.88,93.60,199.47,1784.39,3542.39,2.68,150.13,104.52,583.41,3.31,946.34,58.89,479.17
2026-03-23T02:20:00Z,58.54,2110.13,167.98,1005.13,43.19,2225.93,165.27,424.74,47.67,2504.38,156.40,290.91,29.89,2446.31,156.98,0.00,214.79,35.08,93.39,195.72,1776.47,3558.16,2.41,149.79,101.67,575.69,3.21,934.10,60.12,475.88
2026-03-23T02:30:00Z,58.89,2109.01,166.95,1022.02,42.88,,165.04,403.53,47.54,2511.18,156.61,282.83,29.87,2451.66,157.73,2.80,211.73,35.36,92.95,189.84,1765.08,3557.58,2.45,150.72,99.91,572.91,2.94,926.76,59.33,479.34
2026-03-23T02:40:00Z,58.60,2109.63,166.94,1021.32,42.82,2255.83,164.22,378.53,47.85,,156.77,299.67,29.65,2460.06,157.24,8.57,213.58,35.29,93.13,195.01,1769.07,3537.14,2.64,148.61,101.76,575.84,2.86,936.68,59.36,469.62
2026-03-23T02:50:00Z,58.34,2110.37,167.38,1033.98,42.13,2270.74,164.37,369.37,47.19,2510.41,155.86,292.54,29.72,2456.69,157.02,14.93,211.71,35.14,93.16,192.70,1776.85,3544.85,2.51,150.33,97.51,573.61,3.19,939.44,58.58,483.57
2026-03-23T03:00:00Z,58.30,2106.10,167.01,1024.51,41.57,2283.95,163.14,334.27,47.37,2516.14,155.97,269.30,29.46,2464.38,157.09,8.42,210.53,35.71,93.69,191.07,1766.48,3550.33,2.55,149.51,97.82,567.86,3.23,934.19,58.73,466.32
2026-03-23T03:10:00Z,57.93,2117.74,167.28,1024.99,41.35,2288.37,162.48,327.18,47.61,2506.62,155.52,271.39,29.88,2450.32,157.48,,212.22,34.49,93.77,192.08,1765.75,3545.37,2.66,150.10,98.13,574.81,2.82,929.18,60.22,473.72
2026-03-23T03:20:00Z,58.20,2124.74,167.34,1027.05,,2303.94,162.21,329.61,47.99,2514.21,155.35,257.37,29.57,2442.54,157.81,14.85,209.98,33.87,93.53,191.68,1764.05,3552.04,2.43,149.61,102.41,578.05,3.10,932.55,60.10,485.09
2026-03-23T03:30:00Z,58.04,2126.70,167.35,1018.49,40.56,2298.15,162.19,315.45,47.36,2509.86,156.11,280.36,29.37,2461.28,157.93,7.98,214.48,32.53,93.81,192.31,1779.62,3541.45,2.61,150.13,100.21,581.85,3.16,941.21,59.17,482.06
2026-03-23T03:40:00Z,58.31,2114.71,167.17,1003.34,40.00,2319.30,162.59,302.93,47.80,2496.73,156.09,292.35,29.31,2465.25,157.83,13.83,211.76,34.12,92.76,193.10,1773.10,3554.56,2.36,148.05,102.46,580.50,3.23,938.30,58.36,494.65
2026-03-23T03:50:00Z,57.86,2125.14,166.99,997.53,39.94,2319.38,162.65,293.52,48.04,2501.20,156.18,285.77,29.37,2460.69,157.80,8.28,209.72,33.66,92.73,189.91,1761.06,3558.32,2.69,149.51,101.23,580.18,3.04,929.20,57.90,493.92
2026-03-23T04:00:00Z,57.57,2136.69,166.89,980.74,39.78,2325.81,162.40,276.98,48.27,2501.83,157.01,299.17,29.71,2463.99,157.60,3.72,205.87,32.54,92.68,185.79,1759.70,3542.83,2.44,147.25,97.65,574.10,2.82,926.98,57.80,469.23
2026-03-23T04:10:00Z,58.00,2125.55,166.86,1006.02,40.05,2330.59,161.53,282.04,48.28,2492.45,157.15,302.70,29.72,2464.41,157.94,12.00,203.75,31.51,91.22,185.14,1754.63,3539.26,2.79,149.00,96.47,569.60,3.03,927.01,58.96,472.67
2026-03-23T04:20:00Z,57.86,2128.75,167.43,1014.91,39.65,2327.65,161.67,267.07,48.17,2491.87,157.47,301.30,30.15,2448.47,158.34,23.38,208.11,32.08,91.39,186.01,1762.97,3541.90,2.67,151.17,97.71,572.06,2.93,936.50,58.47,
2026-03-23T04:30:00Z,58.05,2129.95,166.79,1003.87,39.25,2339.78,161.12,259.20,47.71,2503.84,157.28,307.23,30.32,2454.84,158.25,25.54,208.58,33.15,92.47,185.71,1764.23,3535.86,2.56,148.31,100.29,570.66,3.16,927.60,58.44,480.04
2026-03-23T04:40:00Z,58.12,2128.04,166.51,1000.47,39.72,2344.36,161.28,264.61,47.62,2508.72,156.31,308.07,30.57,2439.11,158.10,29.31,211.65,33.98,91.33,191.94,1774.36,3560.32,2.29,147.74,99.24,576.50,3.22,937.70,58.51,488.64
2026-03-23T04:50:00Z,58.43,2109.63,166.96,1034.08,39.96,2338.31,160.65,260.86,47.85,2510.34,157.19,310.40,30.95,2432.41,157.93,34.83,212.05,34.19,91.57,190.92,1770.41,3534.47,2.27,149.90,101.85,577.79,2.72,945.18,59.18,481.29
2026-03-23T05:00:00Z,58.13,2121.33,167.10,1021.91,39.74,2340.28,160.56,261.65,47.94,2503.82,156.91,287.80,31.08,2438.94,158.29,21.49,211.20,34.10,92.29,189.67,1767.03,3566.26,2.50,149.71,100.41,574.85,2.89,933.14,58.70,478.85
2026-03-23T05:10:00Z,57.88,2123.15,167.33,995.63,39.74,2339.25,160.41,257.49,47.59,2509.56,156.20,279.81,30.94,2435.81,158.29,28.51,212.01,33.72,92.92,187.83,1767.18,3537.64,2.73,,101.11,579.77,3.02,929.42,58.95,500.41
2026-03-23T05:20:00Z,57.96,2119.19,166.80,996.66,40.19,2335.47,161.00,276.14,47.96,2494.17,156.29,286.63,31.11,2432.73,158.90,44.12,205.89,32.87,93.94,191.93,1771.46,3564.81,2.53,150.19,99.54,578.20,3.48,932.35,59.45,481.11
2026-03-23T05:30:00Z,57.83,2128.87,166.50,993.19,39.97,2330.41,161.28,284.43,47.98,2502.86,155.80,292.40,30.82,2434.14,159.20,40.54,210.99,33.60,93.34,190.72,1771.35,3551.39,2.43,151.19,100.89,575.77,2.78,935.43,60.58,482.69
2026-03-23T05:40:00Z,57.69,2132.11,167.31,995.63,40.22,2327.36,161.71,273.17,48.28,2490.03,156.59,302.03,30.41,2453.15,158.24,34.88,210.26,32.38,92.66,188.62,1776.84,3559.52,2.60,148.96,100.10,579.36,2.93,938.87,60.66,485.91
2026-03-23T05:50:00Z,57.95,2125.63,167.30,996.25,40.58,2324.06,161.13,278.29,48.54,2487.99,156.20,300.63,30.37,2436.72,158.05,37.68,207.08,34.88,92.86,186.98,1770.25,3557.76,2.58,150.12,99.45,576.43,3.20,932.30,60.20,480.41
2026-03-23T06:00:00Z,58.18,2110.72,166.82,1010.26,40.33,2319.92,161.92,275.46,48.57,2484.70,156.71,302.05,30.28,2442.41,158.16,34.96,209.12,35.39,92.89,188.58,1771.69,3546.62,2.55,149.46,99.91,577.41,3.00,931.49,59.70,486.34
2026-03-23T06:10:00Z,58.67,2104.67,167.93,1028.58,40.37,2322.31,162.49,289.45,48.62,2491.68,157.65,315.30,30.44,2440.95,158.41,35.25,205.44,33.67,92.99,187.26,1760.67,3547.14,2.40,150.30,99.10,574.35,2.93,932.73,59.19,477.41
2026-03-23T06:20:00Z,58.41,2110.84,167.73,1020.87,40.33,2321.20,162.01,277.63,48.68,2474.03,157.80,315.00,30.51,2444.45,157.72,31.85,214.19,35.99,93.80,194.15,1778.96,3546.59,2.61,150.61,103.18,572.50,3.10,931.96,59.26,471.98
2026-03-23T06:30:00Z,58.78,2103.21,167.08,1040.09,39.77,2330.02,161.59,277.05,48.15,2492.01,157.97,311.20,30.62,2435.01,157.90,52.58,209.45,37.89,93.02,186.93,1763.33,3557.37,2.38,148.22,99.32,569.35,2.85,931.05,58.63,474.20
2026-03-23T06:40:00Z,58.84,2103.73,167.32,1047.48,40.28,2334.22,161.88,291.19,47.85,2497.63,157.52,309.22,30.55,2429.90,157.98,50.65,214.83,38.27,93.02,196.26,1776.88,3558.77,2.31,150.92,102.27,577.24,3.00,934.44,58.00,490.47
2026-03-23T06:50:00Z,59.19,2098.21,167.31,1043.33,40.35,2326.31,161.67,291.52,47.56,2513.87,156.20,283.91,30.66,2432.76,158.51,46.26,215.08,37.95,92.71,194.62,1765.58,3551.37,2.49,149.44,107.02,589.53,3.40,926.39,57.90,494.33
2026-03-23T07:00:00Z,59.23,2085.81,167.11,1047.25,40.32,2325.26,162.05,285.85,47.35,2512.53,156.03,283.02,30.98,2430.04,158.64,44.14,210.00,37.32,92.54,189.51,1765.23,3539.49,2.85,150.69,101.85,575.72,2.66,932.26,56.96,488.29
2026-03-23T07:10:00Z,59.48,2087.93,168.32,1059.46,40.48,2310.82,162.47,288.88,47.16,2525.22,155.96,270.13,31.40,2417.12,158.84,49.28,211.04,35.29,91.70,191.90,1772.92,3542.71,2.67,148.67,100.82,579.43,2.90,940.37,59.55,478.32
2026-03-23T07:20:00Z,59.20,2095.45,168.07,1062.42,40.48,2301.51,161.73,283.51,46.96,2527.52,156.24,255.59,31.41,2421.61,159.18,68.61,206.95,36.48,91.59,186.47,1769.61,3552.31,2.57,150.45,97.57,573.18,3.10,926.47,60.75,481.79
2026-03-23T07:30:00Z,59.10,2097.37,168.51,1046.76,40.19,2320.58,162.00,285.26,46.96,2523.25,156.14,263.36,31.41,2416.79,158.53,58.53,206.97,36.39,92.83,183.79,,3566.66,2.41,151.41,97.04,568.75,3.04,937.39,60.12,478.30
2026-03-23T07:40:00Z,58.63,2101.36,168.01,1043.90,39.67,2331.01,160.72,268.45,47.12,2516.06,156.63,282.62,31.60,2408.59,158.94,85.15,211.75,36.03,92.53,192.14,1767.64,3557.22,2.47,150.12,99.93,569.02,2.91,940.81,59.72,477.61
2026-03-23T07:50:00Z,58.93,2099.65,167.90,1052.44,39.19,2324.79,160.60,266.33,47.11,2519.72,155.72,276.93,31.43,2403.62,159.04,91.86,216.90,34.11,91.00,196.81,1776.04,3545.06,2.41,147.53,103.72,582.65,3.09,938.99,59.59,487.89
2026-03-23T08:00:00Z,58.98,2096.72,167.10,1039.85,39.01,2330.98,160.42,262.59,47.25,2513.46,155.77,266.27,31.25,2415.67,159.46,95.37,213.23,35.29,91.45,195.44,1773.76,3526.20,2.56,150.44,101.82,585.86,3.49,941.95,58.27,491.86
2026-03-23T08:10:00Z,59.06,2104.87,167.25,1045.97,38.98,2335.41,160.91,253.32,47.14,2514.75,155.40,248.62,31.19,2425.68,159.42,76.04,203.10,33.10,92.25,183.82,1764.83,3551.90,2.40,148.75,95.75,576.52,2.65,932.57,58.88,476.76
2026-03-23T08:20:00Z,59.01,2100.25,167.94,1060.42,38.78,2345.31,160.81,251.31,47.50,2506.51,155.78,256.51,31.33,2419.78,158.87,71.28,203.93,32.94,91.80,183.47,1766.18,3555.71,2.69,150.06,98.08,572.75,3.10,936.11,58.29,469.50
2026-03-23T08:30:00Z,58.94,2099.08,168.34,1048.71,38.89,2349.11,160.25,249.75,47.77,2501.46,156.31,290.11,31.13,2426.62,158.89,59.49,207.31,32.27,92.68,186.70,1764.61,3548.57,2.75,148.95,98.52,575.54,2.47,929.42,59.19,476.38
2026-03-23T08:40:00Z,,2109.12,168.37,1045.02,38.54,2364.77,161.11,236.15,47.44,2512.60,156.36,276.50,31.25,2420.76,158.60,61.35,207.21,31.99,92.11,185.45,1775.60,3542.78,2.57,149.46,99.29,574.30,2.96,933.25,58.50,471.69
2026-03-23T08:50:00Z,58.81,2107.89,167.90,1038.47,38.76,2362.53,160.94,234.11,47.40,2503.27,155.70,278.67,30.97,2427.10,159.71,67.67,214.66,34.71,92.61,191.37,1767.47,3560.59,2.51,150.67,99.31,580.06,2.84,934.59,59.86,490.97
2026-03-23T09:00:00Z,59.09,2107.50,168.57,1035.61,38.40,2353.78,160.90,231.81,47.50,2507.00,156.20,285.42,31.58,2409.32,160.17,82.44,210.12,33.71,92.14,188.80,1769.01,3559.33,2.20,149.87,101.03,580.69,3.02,934.44,59.43,479.98
2026-03-23T09:10:00Z,59.55,2091.27,168.67,1044.11,38.52,2357.79,161.09,233.73,47.42,2512.69,156.36,283.40,31.41,2409.98,159.69,91.58,210.10,33.40,92.34,191.42,1773.72,3552.36,2.46,150.01,100.63,571.56,2.70,939.44,58.73,483.43
2026-03-23T09:20:00Z,59.76,2092.79,167.53,1044.99,38.86,2374.05,160.63,217.13,47.46,2508.67,156.57,285.93,31.41,2419.73,159.42,84.21,214.24,31.93,93.07,190.53,1765.68,3562.16,2.83,149.65,105.71,576.73,2.79,936.83,58.06,474.69
2026-03-23T09:30:00Z,59.98,2066.22,168.20,1048.56,38.74,2351.21,160.28,221.29,,2514.18,156.03,282.55,31.32,2420.95,159.11,61.19,212.57,30.65,93.49,192.42,1780.30,3541.65,2.52,149.82,100.61,579.79,3.25,939.38,58.24,474.79
2026-03-23T09:40:00Z,59.96,2070.05,168.00,1074.35,39.00,2349.79,160.36,224.87,47.24,2520.17,156.22,279.84,30.93,2431.33,159.32,52.66,205.66,33.86,93.03,184.05,1771.72,3547.20,2.31,150.47,98.33,568.80,3.24,935.98,58.23,465.44
2026-03-23T09:50:00Z,60.06,2077.49,168.81,1083.16,39.15,2349.39,160.93,240.77,47.39,2514.05,156.35,292.33,30.88,2426.50,158.78,55.21,211.05,34.39,92.64,189.94,1770.85,3558.00,2.59,149.25,98.40,579.05,3.18,928.75,59.41,484.93
2026-03-23T10:00:00Z,59.92,2077.44,169.64,1091.33,39.07,2349.05,160.69,238.57,47.62,2509.21,156.80,289.87,30.53,2442.98,158.92,44.71,209.49,31.58,93.09,184.87,1762.34,3559.24,2.26,150.50,101.60,577.75,2.95,934.06,60.39,475.35
2026-03-23T10:10:00Z,59.63,2085.02,169.67,1061.60,39.31,2340.11,161.29,236.34,47.47,2515.63,157.02,277.39,30.46,2432.77,158.71,37.94,206.76,31.16,93.58,183.91,1758.72,3541.87,2.50,150.21,97.04,568.88,3.07,926.23,58.89,469.44
2026-03-23T10:20:00Z,59.41,2088.72,168.67,1064.87,39.40,2338.26,161.11,254.37,47.36,2512.42,156.14,273.62,30.66,2429.10,158.22,41.55,205.14,33.14,93.39,183.74,1761.73,3552.53,2.76,148.76,98.72,578.18,2.91,934.38,59.44,480.86
2026-03-23T10:30:00Z,58.95,2096.49,168.54,1065.52,39.27,2349.31,160.48,259.85,47.41,2508.05,155.93,278.51,31.07,2422.86,158.78,59.24,208.76,34.56,92.92,188.34,1761.09,3557.58,2.54,149.44,101.83,582.98,3.31,932.73,58.98,476.53
2026-03-23T10:40:00Z,59.10,2090.67,168.35,1055.23,38.94,2347.56,160.92,242.67,47.41,2524.49,156.16,262.61,31.08,2426.52,159.04,44.25,210.17,33.07,92.16,190.51,1765.79,3557.47,2.59,149.14,99.56,577.09,2.90,932.19,59.42,470.43
2026-03-23T10:50:00Z,58.83,2098.24,168.21,1044.44,39.05,2333.07,160.72,241.05,47.71,2516.63,156.77,284.06,31.15,2424.40,159.09,51.39,209.49,33.36,93.20,186.80,1765.39,3552.71,2.48,149.71,99.25,577.56,3.25,932.53,58.57,474.58
2026-03-23T11:00:00Z,58.59,2109.93,168.89,1052.23,38.61,2356.06,160.86,227.77,47.65,2511.95,156.67,275.94,31.03,2436.77,158.70,55.50,210.08,30.79,92.29,192.25,1783.26,3546.82,2.67,149.99,99.62,575.53,2.93,940.18,59.96,488.64
2026-03-23T11:10:00Z,59.01,2101.62,168.27,1045.39,38.91,2346.02,160.60,234.63,47.41,2521.49,155.66,264.64,31.06,2425.32,158.73,59.36,208.27,33.44,93.09,188.19,1774.17,3536.31,2.49,150.04,97.39,571.72,2.99,940.30,60.40,475.96
2026-03-23T11:20:00Z,59.06,2106.34,168.28,1050.92,38.69,2354.19,159.99,230.13,47.74,2506.57,155.60,271.44,31.45,2414.33,159.50,72.70,210.37,33.65,92.93,190.59,1769.35,3552.92,2.42,150.60,100.86,574.28,3.28,935.57,59.94,481.08
2026-03-23T11:30:00Z,59.16,2102.01,168.88,1055.13,39.11,2348.43,160.74,238.14,47.71,2504.08,156.01,271.56,31.57,2406.48,159.55,82.06,207.63,34.16,91.96,186.69,1765.44,3551.12,2.55,149.30,99.96,568.66,2.86,927.40,58.06,491.93
2026-03-23T11:40:00Z,59.19,2104.37,167.81,1044.57,38.73,2351.57,160.23,217.87,47.55,2504.74,155.94,272.59,31.02,2418.45,159.52,71.54,209.39,32.26,92.44,188.28,1767.25,3550.53,2.44,149.98,99.83,573.42,2.98,920.82,57.83,485.06
2026-03-23T11:50:00Z,59.02,2097.74,167.90,1038.87,38.34,2356.21,159.41,217.61,47.79,2504.62,155.51,268.53,31.01,2407.73,158.85,83.66,208.97,33.54,91.46,189.04,1771.72,3569.21,2.21,149.98,100.55,575.48,2.93,941.92,58.28,477.97
2026-03-23T12:00:00Z,59.82,2092.29,168.22,1059.02,38.25,2365.28,159.62,212.89,48.05,2512.25,155.83,286.13,31.36,2404.05,159.10,105.53,213.07,34.34,92.16,190.22,1763.49,3530.85,2.65,147.79,102.51,580.09,2.80,931.54,60.00,483.83
2026-03-23T12:10:00Z,59.90,2078.78,168.45,1065.96,38.13,2370.29,159.76,205.59,47.90,2511.35,156.27,287.13,31.32,2419.67,159.08,75.13,210.62,33.43,91.81,186.27,1769.02,3538.66,2.50,148.03,100.84,567.54,3.10,938.32,59.85,481.79
2026-03-23T12:20:00Z,60.10,2080.60,168.65,1064.47,38.07,2378.56,160.16,199.26,47.57,2515.22,156.77,276.01,31.95,2404.54,159.24,81.01,207.88,32.91,92.09,187.21,1761.71,3560.91,2.47,148.81,97.59,572.33,2.98,924.07,60.35,478.39
2026-03-23T12:30:00Z,60.00,2077.55,169.30,1075.66,38.37,2373.27,159.45,186.86,47.49,2523.39,156.01,284.55,32.23,2395.08,159.28,89.11,206.60,33.86,92.64,186.44,1763.63,3547.80,2.64,150.18,95.77,571.78,2.63,933.02,61.00,480.16
2026-03-23T12:40:00Z,60.38,2072.14,168.28,1075.77,38.32,2369.44,159.88,191.24,46.93,2516.55,156.97,270.49,32.63,2388.46,158.84,97.36,206.46,33.65,92.84,185.07,1772.45,3548.27,2.39,151.17,96.09,566.33,3.44,938.79,60.52,465.41
2026-03-23T12:50:00Z,60.20,2069.94,168.32,1057.35,38.41,2352.32,160.04,205.61,47.53,2515.57,156.65,285.83,32.58,2382.53,160.07,117.55,209.77,33.45,93.62,188.32,1770.17,3547.72,2.30,149.41,99.03,567.33,3.12,933.61,60.40,474.58
2026-03-23T13:00:00Z,60.48,2062.12,167.99,1054.91,38.36,2366.11,160.38,207.06,47.61,2519.75,156.95,286.59,32.38,2378.72,159.19,110.03,211.62,33.61,92.62,189.21,1768.45,3541.89,2.25,148.84,99.61,575.02,2.91,933.87,59.01,477.50
2026-03-23T13:10:00Z,60.60,2054.69,168.23,1087.52,38.44,2374.81,159.84,201.54,47.48,2512.93,156.56,290.57,32.22,2391.07,159.31,101.70,205.25,35.34,92.63,184.16,1763.77,3554.99,2.44,149.07,96.81,567.44,3.18,930.52,58.41,478.27
2026-03-23T13:20:00Z,60.47,2068.74,169.04,1086.37,38.84,2354.42,159.63,226.79,47.62,2502.27,156.71,273.02,32.70,2391.70,159.93,112.96,204.99,36.45,93.16,186.42,1759.65,3548.43,2.49,150.26,98.92,570.49,3.56,926.41,58.64,476.91
2026-03-23T13:30:00Z,60.17,2062.30,168.50,1066.25,39.02,2349.91,160.68,222.31,47.28,2510.65,156.79,275.17,32.86,2373.86,159.74,119.37,206.85,35.68,93.06,184.46,1763.67,3539.58,2.42,150.00,99.17,578.30,3.05,932.10,57.84,489.75
2026-03-23T13:40:00Z,60.18,2074.62,168.17,1068.28,39.21,2344.63,160.18,215.33,46.87,2528.43,157.05,274.15,32.96,2367.25,159.56,129.23,209.06,34.86,93.35,191.05,1778.44,3565.82,2.43,151.60,99.91,578.56,2.89,952.49,58.23,485.67
2026-03-23T13:50:00Z,60.03,2080.50,168.18,1067.65,39.24,2340.78,160.77,243.19,47.01,2520.91,156.03,267.87,33.11,2368.23,160.55,132.03,209.36,36.30,91.91,190.87,1773.52,3557.23,2.66,150.53,102.20,577.89,2.87,941.15,59.07,478.52
2026-03-23T14:00:00Z,60.31,2068.46,168.34,1077.47,39.42,2349.05,160.97,244.55,46.54,2537.16,155.64,253.97,33.64,2365.93,160.81,146.48,216.26,36.35,92.40,191.32,1768.24,3535.16,2.42,151.30,104.28,583.26,3.12,929.51,56.79,493.92
2026-03-23T14:10:00Z,59.91,2084.32,168.65,1061.97,38.91,2352.64,159.86,243.78,46.60,2544.93,156.07,248.42,33.90,2347.72,161.21,164.37,211.82,35.10,92.82,194.93,1773.67,3558.28,2.28,150.24,99.18,568.18,3.11,936.94,57.53,481.54
2026-03-23T14:20:00Z,59.87,2079.03,168.74,1061.34,38.82,2353.72,160.11,241.25,46.84,2523.14,155.53,246.06,33.63,2358.97,160.90,160.19,221.09,35.35,93.21,196.58,1772.68,3549.19,2.67,150.05,103.27,578.11,2.82,927.65,58.97,482.61
2026-03-23T14:30:00Z,59.71,2080.56,167.95,1062.02,38.86,2360.49,159.69,244.93,46.79,2529.54,155.33,245.54,33.53,2367.11,160.48,133.77,213.47,34.79,93.44,190.63,1775.92,3546.01,2.42,150.50,101.87,579.65,2.98,934.68,60.93,492.31
2026-03-23T14:40:00Z,59.34,2094.49,168.31,1056.80,38.54,2354.95,160.07,221.38,46.63,2535.46,154.77,244.16,33.40,2354.14,160.44,136.72,214.83,34.56,92.87,193.75,1770.58,3546.95,2.50,149.13,102.51,573.81,2.70,932.15,60.43,474.65
2026-03-23T14:50:00Z,58.85,2105.44,167.17,1044.26,38.38,2374.51,159.86,213.77,46.75,2536.08,154.32,242.11,33.18,2361.43,160.26,134.16,206.60,34.13,92.17,184.91,1763.70,3545.93,2.69,150.14,99.91,574.96,3.00,930.26,59.90,484.56
2026-03-23T15:00:00Z,58.93,2104.35,167.55,1044.35,38.60,2364.61,160.07,202.52,46.60,2523.07,155.12,250.90,33.00,2355.50,159.50,132.95,205.38,34.06,91.86,186.89,1762.12,3554.47,2.49,149.71,97.80,577.58,3.18,933.64,60.71,474.59
2026-03-23T15:10:00Z,59.15,2101.95,167.92,1046.88,39.11,2350.33,160.62,223.84,47.24,2512.82,155.71,260.62,32.68,2365.64,159.96,126.45,204.06,33.61,92.61,184.07,1766.87,3564.08,2.25,151.95,98.42,575.31,3.36,926.13,60.85,483.29
2026-03-23T15:20:00Z,59.15,2098.66,167.99,1040.34,38.78,2348.04,160.72,232.89,47.41,2515.63,155.06,264.56,32.76,2385.16,160.46,116.40,211.68,34.21,92.58,187.29,1762.11,3536.41,2.76,150.60,98.17,571.41,2.97,927.81,59.45,472.60
2026-03-23T15:30:00Z,59.43,2087.14,168.21,1054.62,38.38,2358.76,160.08,220.75,47.16,2517.96,155.44,258.75,32.99,2384.38,160.25,119.08,210.44,35.07,92.51,192.41,1775.58,3562.00,2.49,150.67,99.32,577.56,3.12,937.42,59.31,494.20
2026-03-23T15:40:00Z,59.24,2110.05,167.95,1054.80,38.36,2356.77,160.16,222.74,46.97,2533.33,155.40,263.73,32.46,2388.47,159.94,115.52,211.69,35.53,92.91,192.57,1775.79,3540.78,2.62,148.19,102.86,578.61,2.83,938.37,58.98,471.57
2026-03-23T15:50:00Z,58.82,2098.48,168.06,1031.96,38.32,2365.07,160.53,225.04,46.91,2523.96,155.46,262.72,32.28,2392.30,160.11,112.44,212.50,32.95,93.06,193.38,1768.62,3561.51,2.70,149.92,97.12,566.92,3.42,934.79,58.42,484.43
2026-03-23T16:00:00Z,58.56,2110.36,167.96,1022.26,37.99,2363.58,160.33,205.78,47.07,2522.37,156.81,242.72,32.20,2391.26,159.41,121.95,212.14,32.55,92.92,190.30,1766.15,3549.35,2.37,148.95,101.44,575.78,2.91,925.51,59.45,484.14
2026-03-23T16:10:00Z,58.87,,167.80,1024.38,37.76,2367.49,159.65,222.39,47.14,2522.60,156.32,252.40,32.38,2392.29,,117.65,208.11,31.07,92.01,189.65,1766.12,3550.47,2.32,150.09,101.74,581.77,3.26,932.52,60.98,484.58
2026-03-23T16:20:00Z,58.35,2123.03,167.83,1014.46,37.74,2372.36,159.91,210.68,47.18,2517.80,156.47,258.79,31.88,2395.84,159.04,100.88,203.78,33.87,91.84,181.81,1761.87,3559.79,2.45,150.80,95.12,566.99,2.81,929.70,59.72,483.00
2026-03-23T16:30:00Z,58.52,2107.50,167.73,1016.71,38.23,2366.86,160.08,208.66,47.29,2508.89,155.41,262.38,31.81,2383.66,159.28,86.16,204.30,34.61,92.95,186.13,1762.86,3542.10,2.41,150.39,95.55,570.13,3.16,935.66,60.87,468.52
2026-03-23T16:40:00Z,58.28,2123.19,167.81,1007.77,38.19,2377.74,160.27,210.39,47.84,2505.01,155.96,272.96,31.25,2401.46,159.21,95.48,210.09,34.59,92.59,186.86,1768.11,3546.40,2.32,150.69,99.43,569.63,3.19,936.90,59.33,484.25
2026-03-23T16:50:00Z,58.02,2135.53,168.20,995.19,,2375.64,160.14,198.49,48.35,2499.39,156.36,294.05,31.46,2403.18,158.41,66.07,206.17,32.81,93.37,187.67,1771.97,3557.27,2.52,149.39,97.29,571.62,3.11,938.27,59.76,470.57
2026-03-23T17:00:00Z,57.97,2128.96,167.40,1002.63,38.21,2373.59,159.93,210.37,48.20,2496.43,156.36,296.92,31.92,2398.04,158.86,70.04,209.05,34.07,93.37,187.64,1763.31,3539.14,2.71,151.19,99.18,576.87,3.18,930.17,59.92,477.82
2026-03-23T17:10:00Z,58.17,2123.15,166.91,1001.87,38.50,2372.97,160.18,215.97,48.68,2490.00,156.84,296.69,31.73,2395.54,158.75,78.83,208.38,33.37,92.36,191.67,1764.09,3552.57,2.39,151.04,99.08,567.38,3.31,936.91,59.74,472.40
2026-03-23T17:20:00Z,57.92,2127.17,167.57,1004.90,38.88,2361.41,160.01,216.03,48.44,2492.26,156.73,303.44,32.08,2399.83,159.93,90.26,210.61,33.39,92.30,190.03,1773.68,3548.83,2.55,150.20,99.35,576.62,2.97,930.29,60.44,482.39
2026-03-23T17:30:00Z,57.99,2127.40,167.01,1020.64,38.75,2349.83,160.34,237.36,48.36,2487.99,157.18,301.99,32.02,2399.30,159.33,81.33,211.24,33.05,92.26,189.19,1768.52,3563.02,2.40,150.20,99.99,569.68,2.75,938.75,59.29,470.18
2026-03-23T17:40:00Z,58.10,2120.95,167.42,1015.71,38.67,2350.89,160.84,234.73,48.76,2476.68,157.20,331.53,32.19,2396.43,159.28,94.36,210.64,33.35,92.47,188.71,1770.86,3540.75,2.37,147.96,101.10,583.49,2.99,936.07,58.63,486.34
2026-03-23T17:50:00Z,58.19,2139.86,166.81,1006.35,38.64,2356.81,161.21,228.48,48.66,2465.66,157.62,332.50,32.22,2406.42,159.58,103.45,210.81,34.42,93.71,190.54,1769.21,3534.22,2.74,148.64,98.73,570.88,3.06,928.41,57.94,487.96
2026-03-23T18:00:00Z,58.15,2121.62,166.97,1027.21,38.50,2363.18,160.65,227.07,48.59,2477.21,157.61,309.97,31.69,2407.12,160.05,103.03,209.99,34.47,92.57,189.67,1771.69,3564.78,2.58,151.18,101.30,575.35,2.98,942.82,57.21,479.57
2026-03-23T18:10:00Z,58.15,2110.17,167.23,1013.72,38.66,2364.42,161.13,221.91,49.09,2475.37,157.92,322.12,31.44,2407.21,159.65,103.94,208.48,33.93,92.14,186.75,1767.91,3539.62,2.46,148.35,97.76,571.73,3.12,924.74,58.23,478.41
2026-03-23T18:20:00Z,57.95,2126.47,167.03,1015.83,38.83,2363.06,160.41,200.96,48.91,2475.42,157.26,311.68,31.59,2413.20,159.46,78.16,209.97,33.16,92.45,190.44,1760.98,3552.41,2.67,149.69,100.86,583.33,2.76,931.11,59.14,481.00
2026-03-23T18:30:00Z,58.38,2117.17,166.92,1015.65,38.77,2363.99,159.86,202.77,49.07,2467.89,156.48,312.43,31.34,2408.99,159.54,72.88,207.74,33.31,92.03,189.02,1768.98,3545.97,2.57,150.04,96.57,567.25,3.10,934.14,60.10,469.46
2026-03-23T18:40:00Z,58.19,2116.00,167.78,1028.61,38.56,2366.37,159.70,225.00,48.95,2468.07,156.41,325.51,31.36,2417.57,159.64,71.15,208.09,33.17,91.83,187.47,1760.17,3546.40,2.35,150.16,100.93,576.76,2.97,932.67,60.11,480.08
2026-03-23T18:50:00Z,58.22,2113.05,167.52,1020.28,38.84,2359.10,160.02,237.01,49.19,2472.63,157.49,330.49,31.17,2416.71,159.17,70.12,211.83,33.89,92.89,187.84,1765.06,3560.84,2.40,150.79,101.61,568.56,2.65,934.03,59.76,482.00
2026-03-23T19:00:00Z,58.25,2104.33,167.23,1019.98,38.75,2347.23,160.33,231.41,49.29,2468.82,158.08,341.17,31.17,2416.43,158.92,73.18,207.83,34.14,92.67,187.67,1769.28,3551.66,2.38,148.94,99.45,588.38,3.03,931.62,60.12,492.72
2026-03-23T19:10:00Z,58.02,2119.53,167.45,1032.62,38.93,2355.76,160.88,233.06,49.26,2468.37,157.92,334.39,30.78,2433.54,158.11,69.22,203.88,32.60,92.44,181.78,1769.11,3557.98,2.53,149.24,94.91,572.38,3.01,931.45,59.85,482.63
2026-03-23T19:20:00Z,58.17,2121.26,167.88,1030.17,38.55,2370.13,160.53,225.84,49.07,2469.37,157.73,330.94,30.79,2436.42,158.45,77.23,208.41,31.74,92.18,186.72,1766.45,3553.93,2.67,149.03,99.14,578.64,3.10,935.96,59.75,484.41
2026-03-23T19:30:00Z,58.18,2112.73,168.25,1022.33,38.44,2357.66,160.40,217.91,49.17,2475.37,157.05,338.57,30.36,2436.11,158.28,57.52,211.36,34.05,92.99,188.20,1780.56,3553.39,2.60,149.28,101.84,581.60,2.95,943.21,59.90,491.46
2026-03-23T19:40:00Z,57.95,2139.83,168.55,1020.58,38.36,2358.46,160.45,213.36,48.75,2479.20,156.92,336.19,30.63,2441.53,159.18,39.23,211.23,32.47,93.23,189.56,1765.55,3551.56,2.51,150.18,101.70,576.80,2.81,933.78,58.36,487.55
2026-03-23T19:50:00Z,58.08,2136.40,168.10,1001.74,38.25,2362.89,160.94,221.80,48.80,2480.99,156.54,333.94,30.99,2423.96,158.66,49.39,205.08,31.60,92.61,183.62,1764.46,3548.60,2.63,150.67,98.52,572.14,3.36,925.45,58.79,478.19
2026-03-23T20:00:00Z,58.25,2116.13,167.79,996.66,38.11,2376.24,160.03,200.78,48.88,2479.69,156.97,326.36,31.16,2415.07,158.28,47.30,209.24,30.33,92.07,187.13,1768.92,3540.48,2.44,150.23,99.58,584.31,3.11,931.35,59.23,487.46
2026-03-23T20:10:00Z,58.26,2119.99,167.50,1004.00,38.33,2379.60,160.19,207.47,48.75,2479.68,157.20,321.99,31.07,2411.82,157.95,47.42,210.38,31.84,92.88,190.65,1771.62,3544.76,2.46,148.26,101.16,584.51,3.06,938.89,58.96,482.35
2026-03-23T20:20:00Z,58.18,2117.78,167.75,1019.77,38.00,2381.19,160.56,216.34,48.79,2482.59,157.58,315.71,30.78,2420.89,157.89,52.47,208.00,33.57,92.72,186.06,1770.23,3561.26,2.44,150.60,100.25,579.12,3.08,940.01,60.00,480.84
2026-03-23T20:30:00Z,57.95,2110.83,167.64,1023.43,37.88,2369.64,160.53,219.76,48.59,2488.10,157.44,305.46,30.47,2425.64,158.45,49.80,206.16,31.31,93.33,185.88,1763.84,3551.27,2.48,148.63,98.32,568.84,3.20,931.61,59.08,471.81
2026-03-23T20:40:00Z,57.76,2120.38,167.05,1021.92,37.93,2371.69,161.24,226.13,48.66,2487.36,157.30,313.59,30.51,2440.69,158.06,49.51,207.59,31.37,93.73,185.20,1764.01,3556.67,2.21,150.98,101.10,580.59,3.04,929.53,60.78,482.18
2026-03-23T20:50:00Z,57.57,2120.30,167.09,1017.75,37.77,2369.68,160.79,205.16,48.10,2489.28,156.51,314.23,30.45,2442.21,158.29,42.27,201.87,30.73,92.65,184.44,1763.86,3537.18,2.47,147.80,96.07,575.66,3.33,930.44,62.45,492.98
2026-03-23T21:00:00Z,57.47,2130.76,167.39,1003.47,37.43,2377.87,160.53,203.19,48.14,2483.86,156.96,309.67,30.11,2447.32,157.64,32.87,211.04,32.62,92.30,188.57,1770.76,3556.03,2.46,149.53,99.29,578.62,2.82,940.98,59.77,471.00
2026-03-23T21:10:00Z,57.62,2134.37,166.40,990.76,37.45,2376.91,160.36,195.62,48.04,2491.01,157.45,317.37,29.77,2452.49,157.44,34.02,209.69,32.05,91.92,186.16,1762.59,3552.16,2.72,150.17,97.18,573.82,3.15,936.13,58.36,487.09
2026-03-23T21:20:00Z,57.81,2138.05,165.83,984.53,37.76,2372.95,159.82,184.73,48.06,2498.06,157.70,303.36,29.93,2453.08,158.31,26.83,205.95,33.14,92.42,186.57,1757.73,3555.86,2.52,149.15,97.99,567.03,3.04,929.05,58.35,465.58
2026-03-23T21:30:00Z,57.96,2136.82,166.74,1001.85,37.76,2384.24,159.78,192.01,48.04,2499.82,157.26,313.37,30.15,2446.21,157.91,28.72,211.81,33.15,91.82,188.20,1764.44,3556.09,2.55,148.82,103.22,585.62,2.77,931.86,58.44,492.15
2026-03-23T21:40:00Z,57.93,2143.35,166.45,988.90,37.60,2388.74,159.81,182.04,48.55,2487.99,156.75,310.31,29.78,2449.95,158.16,30.20,209.89,31.85,92.10,190.00,1770.98,3552.15,2.58,150.23,101.27,578.54,2.65,937.01,59.28,480.30
2026-03-23T21:50:00Z,57.92,2129.35,167.05,988.59,37.56,2396.43,159.88,167.68,48.64,2472.02,157.37,330.48,30.00,2437.95,157.93,23.70,209.24,31.24,92.23,188.38,1774.91,3557.60,2.29,149.79,100.38,581.73,2.95,941.92,59.74,484.37
2026-03-23T22:00:00Z,58.61,2121.81,167.08,1008.78,37.68,2381.64,160.13,177.32,48.77,2482.72,157.08,334.68,30.15,2434.38,158.02,40.45,205.71,31.94,92.76,186.44,1771.19,3549.18,2.53,149.92,98.91,571.30,2.83,926.54,61.91,468.73
2026-03-23T22:10:00Z,58.67,2111.59,167.11,1012.00,37.96,2381.16,160.37,183.97,48.71,2480.94,156.89,316.38,29.91,2450.11,157.86,36.84,204.79,32.62,92.77,185.73,1772.14,3546.79,2.51,150.03,94.41,571.03,3.09,936.36,61.01,477.49
2026-03-23T22:20:00Z,58.71,2110.98,166.83,1024.56,37.66,2403.08,159.85,194.02,48.51,2485.54,157.40,312.99,29.88,2451.60,157.42,24.19,207.20,32.55,92.95,188.03,1774.55,3546.76,2.64,149.87,96.86,570.79,3.02,935.06,59.61,469.53
2026-03-23T22:30:00Z,58.73,2107.69,167.43,1022.91,37.38,2398.40,159.87,194.51,48.16,2496.17,156.85,309.08,29.46,2459.45,157.45,9.93,203.27,32.26,93.50,180.64,1752.38,3545.09,2.51,150.02,95.05,567.58,3.13,930.13,58.00,481.16
2026-03-23T22:40:00Z,58.66,2112.63,167.33,1021.63,37.68,2380.65,160.07,192.70,48.39,2492.85,156.84,306.10,29.58,2474.07,157.40,13.12,205.15,33.24,92.90,179.92,1766.51,3555.62,2.27,149.80,95.69,569.81,3.15,939.76,58.88,467.57
2026-03-23T22:50:00Z,58.51,2108.92,167.35,1033.51,37.41,2385.07,160.01,175.18,48.47,2488.06,156.50,313.88,29.46,2462.28,157.28,15.02,201.85,31.92,92.24,179.24,1763.41,3546.42,2.26,150.02,97.56,576.53,2.79,931.29,58.25,478.24
2026-03-23T23:00:00Z,58.68,2111.54,167.72,1030.08,37.30,2389.27,159.23,174.65,48.51,2489.18,156.89,319.82,29.68,2467.79,157.13,11.58,199.15,30.10,91.66,179.60,1761.76,3546.22,2.62,149.82,96.17,574.18,3.07,933.36,57.88,471.49
2026-03-23T23:10:00Z,59.19,2101.77,167.76,1041.78,37.31,2391.20,159.85,171.06,48.73,2483.28,157.01,329.40,29.70,2455.15,157.43,3.79,207.80,29.38,91.02,186.88,1768.76,3545.58,2.43,150.94,99.53,577.53,2.74,940.37,58.11,492.00
2026-03-23T23:20:00Z,59.24,2087.75,168.25,1047.07,37.16,2405.30,159.25,156.83,48.93,2479.37,157.50,336.63,29.20,2467.69,157.34,0.24,208.57,31.35,90.18,186.38,1757.01,3537.26,2.61,148.67,97.21,569.85,2.79,923.83,58.94,475.49
2026-03-23T23:30:00Z,59.68,2085.56,168.10,1054.49,37.07,2393.18,158.94,167.42,49.00,2470.42,157.01,334.94,29.58,2463.30,157.41,0.00,207.46,31.99,91.19,187.75,1767.94,3555.39,2.46,147.97,98.60,571.60,3.12,932.60,58.15,470.33
2026-03-23T23:40:00Z,59.76,2095.99,168.30,1054.38,37.04,2401.07,159.28,180.60,48.87,2482.91,156.09,325.04,29.44,2456.68,157.38,1.93,210.31,31.18,91.22,189.38,1768.81,3544.08,2.61,148.85,102.38,582.52,2.85,935.09,59.51,475.22
2026-03-23T23:50:00Z,59.68,2088.30,168.57,1055.77,36.70,2413.14,159.54,166.07,49.06,2473.91,156.32,327.07,29.65,2458.57,157.20,3.72,207.87,34.19,91.48,188.00,1772.61,3547.29,2.38,148.98,98.08,563.67,3.11,928.65,59.97,463.68
2026-03-24T00:00:00Z,59.58,2079.16,168.26,1046.79,36.82,2411.82,159.00,154.30,49.08,2462.13,157.25,338.12,29.85,2450.67,158.51,15.26,206.73,32.94,91.14,183.65,1768.73,3542.27,2.35,149.17,97.31,565.89,2.97,935.41,60.54,481.80
2026-03-24T00:10:00Z,59.26,2079.74,168.65,1054.29,37.00,2404.64,159.02,162.81,48.98,2466.35,157.50,337.33,30.21,2453.32,157.82,13.57,204.16,33.55,90.86,182.92,1762.16,3556.31,2.51,148.71,97.21,573.76,2.88,937.05,60.74,476.27
2026-03-24T00:20:00Z,58.96,2096.19,168.54,1049.91,37.19,2407.72,159.13,152.00,48.99,2476.59,158.03,340.93,30.32,2447.20,157.92,17.46,207.18,31.66,92.17,186.30,1768.94,3555.87,2.25,149.55,95.70,570.80,2.97,941.98,60.77,475.53
2026-03-24T00:30:00Z,58.90,2107.42,167.73,1031.64,37.16,2382.86,158.83,155.17,49.00,2478.38,158.04,330.72,30.72,2439.31,157.90,33.63,203.65,32.41,91.97,184.43,1772.10,3551.22,2.48,151.05,97.11,565.18,2.73,929.27,58.02,466.33
2026-03-24T00:40:00Z,58.88,2111.25,167.25,1038.73,37.30,2382.51,158.93,157.35,48.97,2486.12,157.47,312.14,,2438.29,158.74,36.87,210.55,31.19,91.69,189.56,1764.53,3567.42,2.42,149.86,100.98,580.26,3.28,939.61,58.59,495.46
2026-03-24T00:50:00Z,58.39,2117.12,167.44,1031.75,37.74,2384.99,159.47,182.19,49.30,2472.89,157.75,315.52,30.72,2439.77,158.35,46.38,211.89,31.12,91.80,190.96,1761.62,3555.40,2.13,151.52,99.91,576.66,3.00,931.63,58.90,477.51
2026-03-24T01:00:00Z,58.30,2119.75,166.90,1035.03,37.73,2376.50,159.53,203.49,48.72,2486.62,157.62,316.03,30.43,2428.75,158.43,58.44,206.15,29.93,92.64,182.88,1757.24,3557.92,2.69,149.68,96.30,572.67,2.98,930.26,59.93,471.27
2026-03-24T01:10:00Z,57.98,2128.37,167.42,1015.39,37.95,2373.86,160.17,220.62,48.61,2487.68,157.79,313.22,30.72,2429.63,158.47,41.88,212.75,32.01,93.31,196.76,1773.02,3550.58,2.67,149.38,102.49,584.16,2.96,940.40,60.14,481.14
2026-03-24T01:20:00Z,58.19,2124.61,166.82,1002.72,37.72,2388.36,160.94,199.00,48.37,2497.53,156.99,288.61,30.74,2433.22,159.00,50.02,203.49,31.25,92.29,184.20,1759.65,3561.31,2.38,148.81,97.81,570.61,3.06,933.33,60.97,475.99
2026-03-24T01:30:00Z,58.52,2114.04,167.26,1018.46,37.91,2376.77,159.74,196.42,48.33,2492.76,156.22,279.01,30.69,2441.03,158.22,47.77,208.19,32.74,92.61,187.77,1766.71,3560.64,2.40,149.65,98.79,581.03,3.05,934.93,60.36,487.99
2026-03-24T01:40:00Z,58.81,2118.91,166.83,1003.65,37.69,2379.02,159.95,201.44,48.46,2492.39,156.30,297.77,30.77,2446.62,158.13,42.92,202.33,31.62,92.69,180.08,1766.13,3556.88,2.44,148.53,95.88,568.02,3.08,935.21,59.45,473.29
2026-03-24T01:50:00Z,58.94,2106.16,167.60,1024.68,37.56,2379.89,160.25,203.79,48.50,2501.41,155.99,279.71,30.80,2433.34,158.19,51.98,198.50,32.15,92.40,176.80,1756.54,3563.42,2.29,148.88,96.70,572.30,3.12,925.77,60.69,479.19
2026-03-24T02:00:00Z,59.22,2098.37,167.35,1033.69,37.65,2400.69,160.54,187.01,48.68,2494.29,155.82,285.02,30.95,2437.25,158.62,52.44,202.79,32.18,91.75,181.68,1766.99,3557.80,2.52,149.68,96.97,571.38,2.74,937.90,60.23,481.49
2026-03-24T02:10:00Z,59.34,2090.80,167.38,1034.04,37.79,2399.37,160.76,184.48,48.94,2494.78,156.85,299.11,30.98,2424.13,159.68,61.25,204.82,32.88,92.39,183.62,1763.14,3548.44,2.48,151.28,98.76,578.04,2.83,930.91,59.73,478.60
2026-03-24T02:20:00Z,59.39,2086.41,167.56,1056.47,37.88,2382.43,159.82,181.34,48.93,2474.98,157.72,306.89,31.08,2423.04,159.17,74.49,208.90,32.91,93.27,188.35,1759.31,3538.85,2.63,149.58,98.66,566.51,2.67,932.01,59.34,479.91
2026-03-24T02:30:00Z,59.33,2095.37,167.91,1048.64,37.61,2374.49,160.50,181.73,49.05,2476.71,157.39,309.52,31.11,2425.78,159.05,67.39,206.43,32.23,93.34,185.72,1772.72,3549.12,2.85,150.96,97.73,574.04,3.43,939.73,58.64,477.29
2026-03-24T02:40:00Z,58.90,2110.46,168.20,1045.80,38.10,2368.85,160.07,179.29,49.17,2484.72,157.23,322.83,31.08,2426.54,158.54,67.10,206.82,35.90,93.09,186.44,1766.25,3537.95,2.67,148.10,99.79,575.57,3.09,929.48,59.25,479.83
2026-03-24T02:50:00Z,58.79,2097.43,167.81,1044.77,38.17,2373.64,160.54,195.03,49.36,2474.99,157.06,324.85,31.30,2415.95,158.27,66.35,209.96,34.23,93.04,190.46,1765.03,3548.54,2.39,149.21,99.91,571.64,3.32,937.85,59.15,472.67
2026-03-24T03:00:00Z,58.42,2096.77,168.39,1046.09,38.22,2376.82,159.82,190.10,49.27,2472.22,157.33,340.42,31.24,2424.31,158.30,59.14,205.61,32.29,92.85,180.88,1754.07,3552.57,2.66,149.94,99.47,580.30,3.01,926.91,58.19,491.32
2026-03-24T03:10:00Z,58.23,2102.74,168.29,1032.75,37.86,2376.73,160.86,191.76,49.09,2473.81,157.65,347.79,31.47,2426.05,158.88,68.83,208.12,34.08,93.47,185.44,1771.36,3552.38,2.36,149.73,99.68,574.02,3.02,937.49,58.41,478.63
2026-03-24T03:20:00Z,57.98,2129.97,166.92,1014.28,38.23,2373.85,160.12,193.25,49.07,2474.35,157.87,340.15,31.43,2418.74,159.21,79.29,209.14,32.26,93.03,190.51,1765.48,3548.86,2.55,149.64,102.20,578.34,2.85,933.37,58.36,493.73
2026-03-24T03:30:00Z,58.04,2128.98,166.96,1010.23,37.83,2374.79,160.47,193.42,48.88,2467.22,157.76,340.41,31.70,2405.80,159.15,82.83,209.39,33.67,92.55,191.49,1770.29,3565.32,2.72,150.37,100.36,572.72,3.04,942.07,59.56,479.48
2026-03-24T03:40:00Z,57.85,2134.35,166.26,1004.34,38.26,2364.85,160.47,202.33,48.66,2480.14,157.83,336.51,31.30,2416.96,159.75,90.50,216.67,31.74,92.70,198.87,1774.63,3563.13,2.53,150.35,102.60,581.50,3.18,934.89,59.52,478.27
2026-03-24T03:50:00Z,57.76,2134.21,167.38,1015.10,38.03,2367.29,160.03,202.59,48.90,2475.79,157.36,329.68,31.44,2408.95,160.10,78.18,215.85,31.53,92.70,191.30,1761.86,3557.76,2.50,148.42,100.05,571.90,2.97,929.85,58.77,473.78
2026-03-24T04:00:00Z,58.04,2129.34,167.74,1005.16,38.23,2373.12,160.34,205.81,48.88,2488.39,157.80,337.94,31.43,2416.42,159.19,82.15,211.37,33.00,92.93,189.91,1772.56,3556.08,2.59,149.27,99.66,577.24,2.68,940.13,59.32,487.24
2026-03-24T04:10:00Z,58.62,2118.99,167.06,1010.34,38.25,2378.02,159.70,214.98,49.53,2466.09,157.39,351.30,31.02,2418.34,158.78,63.43,209.55,31.75,92.68,189.48,1768.70,3546.88,2.47,148.97,100.26,575.13,2.97,934.32,58.62,481.02
2026-03-24T04:20:00Z,58.35,2124.18,166.76,1017.84,37.86,2375.78,159.80,199.80,49.22,2476.16,157.05,349.12,30.80,2420.27,158.78,65.50,212.16,32.66,92.92,193.19,1774.17,3551.12,2.60,150.69,99.35,577.75,3.46,937.42,59.84,486.16
2026-03-24T04:30:00Z,58.07,2132.32,165.63,1016.07,38.01,2375.47,159.65,197.10,49.10,2473.96,157.52,343.36,31.17,2426.91,158.36,73.84,214.44,33.82,92.45,189.59,1768.12,3558.86,2.36,148.61,103.90,579.20,3.16,930.49,60.36,477.69
2026-03-24T04:40:00Z,57.76,2129.30,166.37,1001.15,38.34,2373.45,159.92,197.71,48.90,2474.37,157.37,346.14,31.07,2419.26,158.91,63.51,208.85,32.53,91.86,187.72,1760.49,3539.88,2.55,148.80,100.20,574.24,3.15,927.77,59.69,480.54
2026-03-24T04:50:00Z,57.86,2118.30,167.31,990.67,38.78,2360.16,160.14,202.69,48.71,2489.72,157.49,328.60,31.06,2433.29,159.31,53.19,203.74,32.89,92.77,181.81,1760.53,3531.64,2.52,149.78,95.61,575.70,3.10,932.73,61.68,480.12
2026-03-24T05:00:00Z,58.12,2124.27,167.35,1000.35,39.18,2353.75,160.65,225.91,48.55,2487.07,157.40,332.36,31.02,2433.10,158.41,66.23,210.41,33.20,92.66,187.76,1768.32,3535.76,2.61,148.81,101.13,575.35,3.13,936.58,60.33,475.69
2026-03-24T05:10:00Z,58.20,2131.37,166.93,990.21,39.04,2349.45,161.38,232.61,48.70,2490.72,157.03,314.82,30.78,2433.52,158.96,66.36,212.17,31.65,93.47,189.32,1758.48,3554.90,2.61,148.87,102.38,572.41,2.98,930.19,57.64,468.34
2026-03-24T05:20:00Z,58.08,2120.70,167.38,987.65,38.48,2351.23,161.11,234.72,49.04,2483.75,157.39,318.13,31.02,2430.63,158.82,42.45,207.77,32.12,93.78,185.70,1768.76,3564.55,2.38,149.68,100.70,578.21,2.92,931.94,58.12,477.16
2026-03-24T05:30:00Z,58.00,2120.59,167.73,1003.55,38.19,2359.92,160.54,228.06,49.16,2475.58,156.99,326.43,30.90,2430.92,158.86,58.89,212.80,32.64,92.98,191.13,1776.91,3551.86,2.41,150.28,102.60,583.75,2.94,943.69,58.85,483.57
2026-03-24T05:40:00Z,57.94,2120.81,166.86,1009.36,38.30,2363.45,160.54,231.94,49.02,2476.09,157.87,338.49,30.61,2434.18,158.31,46.72,209.70,32.67,91.96,186.24,1768.11,3569.09,2.64,147.81,99.39,564.63,2.83,931.42,59.55,477.77
2026-03-24T05:50:00Z,57.44,2125.91,166.18,992.12,38.22,2364.18,160.62,224.60,48.92,2476.20,157.20,327.26,30.74,2425.03,158.13,44.27,210.99,32.92,92.05,190.29,1764.77,3549.06,2.42,149.33,102.58,573.44,3.14,931.19,60.88,479.35
2026-03-24T06:00:00Z,57.21,2136.39,166.59,987.23,38.31,2364.12,160.43,218.73,48.80,2486.60,157.14,326.34,30.57,2425.18,158.13,63.60,207.06,34.88,91.61,184.27,1765.49,3537.66,2.49,149.40,101.24,583.81,3.00,932.89,59.64,491.25
2026-03-24T06:10:00Z,57.40,2132.31,166.79,983.61,38.68,2366.50,160.51,224.77,49.09,2476.06,156.88,333.00,30.62,2429.58,158.56,56.90,203.64,32.88,91.84,182.81,1765.70,3540.35,2.56,149.84,97.94,570.01,2.86,933.17,61.03,467.45
2026-03-24T06:20:00Z,58.02,2131.08,166.15,992.18,38.55,2363.27,160.89,223.87,48.72,2468.79,157.38,324.57,30.56,2435.40,158.31,44.13,205.53,31.24,92.74,186.76,1767.86,3539.95,2.56,150.98,99.88,577.31,2.87,933.52,61.09,477.48
2026-03-24T06:30:00Z,58.01,2121.88,167.46,997.55,38.67,2358.15,161.25,246.12,48.99,2485.68,156.97,321.15,30.39,2433.43,158.24,35.33,208.02,32.37,92.09,188.78,1775.69,3541.85,2.57,149.21,99.39,581.72,3.52,938.95,59.98,477.40
2026-03-24T06:40:00Z,58.02,2122.24,167.05,998.98,38.98,2363.27,160.76,236.58,49.64,2464.00,157.06,337.73,30.28,2418.30,158.48,36.52,209.54,34.01,92.62,187.96,1762.21,3546.84,2.58,150.08,100.36,576.00,2.83,932.01,59.02,487.23
2026-03-24T06:50:00Z,58.10,,166.72,993.76,38.95,2348.56,161.30,246.54,49.53,2463.57,157.57,332.11,30.40,2430.82,158.12,26.05,207.63,32.48,92.13,185.13,1765.83,3555.75,2.58,150.19,99.65,574.26,3.10,936.89,60.17,470.28
2026-03-24T07:00:00Z,58.56,2118.05,166.73,1021.47,39.42,2348.21,161.07,251.03,49.53,2456.90,157.73,340.14,30.40,2433.34,157.57,46.86,204.71,32.57,92.25,181.44,1760.85,3557.02,2.66,150.47,98.91,574.54,2.82,930.59,60.63,482.70
2026-03-24T07:10:00Z,58.66,2111.82,166.43,1021.21,39.24,2342.25,161.07,252.72,49.35,2469.24,157.79,339.73,30.29,2436.93,157.46,33.76,206.76,34.93,93.11,183.37,1759.52,3549.91,2.58,149.60,96.75,580.82,3.09,924.59,60.12,475.28
2026-03-24T07:20:00Z,58.62,2108.66,166.57,1032.04,39.46,2334.48,161.73,261.50,49.30,2460.89,158.20,343.87,30.24,2449.62,158.20,48.22,208.39,35.39,93.13,186.86,1769.23,3541.95,2.48,146.69,99.25,575.77,2.92,931.60,59.93,479.04
2026-03-24T07:30:00Z,58.83,2108.66,167.21,1043.24,39.81,2325.66,161.73,275.99,49.13,2459.83,157.99,339.55,29.89,2455.29,157.92,36.15,207.80,36.79,92.72,187.61,1770.57,3558.67,2.40,148.60,100.83,580.79,3.01,935.55,59.97,486.06
2026-03-24T07:40:00Z,58.62,2109.70,167.46,1032.04,39.54,2337.26,161.74,259.25,49.24,2462.26,157.70,348.08,30.37,2454.30,157.66,18.25,211.56,34.66,92.66,189.13,1768.68,3548.95,2.51,148.42,101.01,583.47,2.82,933.50,59.35,480.33
2026-03-24T07:50:00Z,58.70,2109.86,167.50,1028.83,39.10,2348.10,160.86,250.96,48.94,2465.75,157.60,343.35,30.47,2449.31,157.40,22.88,207.06,33.55,92.79,185.65,1766.93,3550.39,2.54,149.90,99.90,576.89,2.76,935.12,59.19,491.64
2026-03-24T08:00:00Z,58.28,2113.54,167.42,1026.08,39.60,2330.47,161.06,260.41,49.07,2473.70,157.30,343.64,30.33,2446.66,158.14,33.65,213.36,33.71,93.25,191.96,1767.28,3561.39,2.34,148.22,101.99,578.76,2.96,945.57,58.94,478.31
2026-03-24T08:10:00Z,57.90,2109.88,167.25,1014.96,39.34,2343.22,160.99,256.61,48.88,2471.99,157.47,346.56,30.02,2442.59,157.88,42.22,205.09,34.57,92.66,183.88,1753.87,3543.21,2.71,149.45,98.96,580.41,2.88,929.59,60.07,484.11
2026-03-24T08:20:00Z,58.11,2120.54,167.63,1016.67,39.36,2334.10,160.94,255.65,49.03,2463.38,157.99,327.76,30.09,2445.59,158.30,46.19,207.40,33.28,92.86,184.34,1759.45,3562.25,2.33,151.80,98.30,573.58,2.65,929.06,60.54,476.73
2026-03-24T08:30:00Z,57.86,2127.00,166.93,1006.35,38.95,2340.04,160.87,256.56,49.17,2473.28,157.54,312.12,30.01,2452.90,158.18,16.74,206.65,32.17,92.45,185.87,1758.36,3548.44,2.45,149.81,99.97,578.38,2.90,929.68,60.02,488.41
2026-03-24T08:40:00Z,57.98,2120.70,167.32,1004.85,38.92,2334.66,160.74,255.13,49.14,2477.49,157.48,323.47,30.11,2450.60,157.72,29.92,204.33,33.07,92.09,183.08,1771.27,3550.99,2.22,150.50,96.62,567.34,2.97,936.92,58.70,462.12
2026-03-24T08:50:00Z,58.00,2133.49,167.04,998.49,38.62,2348.28,160.62,246.38,49.55,2468.48,157.96,349.24,30.22,2439.82,157.51,33.92,210.59,32.44,92.08,188.59,1770.21,3564.55,2.39,151.74,101.16,576.82,2.84,936.20,60.26,487.80
2026-03-24T09:00:00Z,58.28,2125.89,165.96,996.63,38.54,2353.65,160.75,240.05,49.63,,157.31,327.57,30.74,2436.53,158.01,51.00,208.18,32.12,92.10,183.88,1767.24,3546.79,2.61,148.58,98.10,573.10,2.91,928.70,,478.21
2026-03-24T09:10:00Z,58.49,2122.59,166.97,1014.58,38.35,2367.63,159.77,222.14,49.76,2459.25,157.09,348.13,30.87,2432.16,157.88,47.13,210.52,34.25,91.93,187.88,1764.63,3555.48,2.51,148.62,100.67,573.16,2.98,930.36,,496.74
2026-03-24T09:20:00Z,58.41,2120.22,166.52,1014.72,38.31,2371.16,159.42,202.26,49.97,2444.69,156.83,343.15,30.63,2434.49,158.17,55.21,213.45,32.63,91.82,191.01,1771.95,3547.45,2.68,149.47,102.44,579.96,3.44,933.18,,496.13
2026-03-24T09:30:00Z,58.44,2122.77,166.89,1005.97,38.35,2368.72,160.07,201.11,49.74,2453.19,156.86,353.48,30.74,2423.82,157.91,61.03,213.22,34.87,92.14,192.15,1773.24,3553.44,2.55,150.10,101.62,582.63,3.23,934.30,,489.50
2026-03-24T09:40:00Z,58.45,2112.76,167.03,1026.80,38.22,2362.00,160.22,209.93,49.70,2454.39,157.25,365.85,30.40,2438.98,157.90,50.47,209.96,33.56,92.61,188.56,1764.07,3527.06,2.51,149.49,99.67,583.71,3.00,931.77,,488.44
2026-03-24T09:50:00Z,57.91,2118.85,166.96,1008.19,38.41,2359.61,160.74,216.70,50.05,2445.58,157.41,356.96,29.88,2434.69,157.90,42.11,211.21,32.54,92.65,188.57,1773.32,3554.49,2.55,147.52,98.45,576.93,2.88,941.14,,477.40
2026-03-24T10:00:00Z,57.91,2127.10,166.88,1016.38,38.33,2368.16,159.73,201.18,49.60,2450.36,158.14,360.44,29.78,2441.43,157.33,28.63,208.09,32.75,91.31,181.08,1766.38,3557.01,2.52,150.78,101.21,590.15,2.78,937.90,58.01,485.27
2026-03-24T10:10:00Z,58.14,2117.90,166.77,1021.55,38.28,2362.73,159.24,189.04,49.52,2463.85,158.08,358.14,29.93,2445.39,157.79,28.34,208.09,32.73,92.14,189.35,1761.15,3555.38,2.21,148.92,99.24,571.32,2.84,928.70,60.15,482.23
2026-03-24T10:20:00Z,58.06,2102.13,167.00,1021.82,37.93,2362.45,159.89,204.64,49.25,2463.59,157.56,352.52,29.60,2451.74,157.18,20.74,212.74,32.03,92.31,195.13,1773.25,3542.11,2.24,150.08,104.23,584.71,3.19,938.76,58.79,491.40
2026-03-24T10:30:00Z,58.40,,167.88,1006.55,38.30,2363.88,160.57,213.81,49.52,2459.15,157.56,364.98,29.67,2453.22,157.49,26.72,204.00,35.36,92.69,184.93,1769.33,3547.52,2.48,149.88,94.36,572.60,2.96,935.83,57.53,483.81
2026-03-24T10:40:00Z,58.68,2116.27,167.53,1023.05,37.83,2370.91,160.37,200.30,49.18,2466.33,157.69,361.51,29.25,2463.46,157.66,3.67,208.70,34.28,92.32,185.20,1754.83,3537.71,2.53,148.36,97.96,570.64,2.86,927.09,57.75,471.19
2026-03-24T10:50:00Z,58.62,2116.10,167.29,1020.14,37.53,2383.27,159.83,173.62,49.21,2466.21,158.17,354.53,29.39,2468.22,157.37,0.00,208.27,31.34,92.72,183.96,1764.61,3564.90,2.48,151.33,99.12,569.46,3.00,937.19,59.81,477.81
2026-03-24T11:00:00Z,57.92,2122.40,167.73,1006.56,37.95,2379.38,159.22,174.65,49.28,2458.53,158.47,346.78,29.56,2462.41,157.36,11.49,204.36,30.50,92.92,186.29,1767.88,3537.78,2.41,150.34,98.34,567.25,2.83,938.37,59.99,478.81
2026-03-24T11:10:00Z,58.10,2119.77,168.15,1009.13,38.26,2368.17,159.25,194.60,49.28,2450.80,158.08,362.36,29.52,2463.87,157.65,2.19,208.83,31.02,93.16,187.18,1764.16,3552.72,2.55,149.04,99.36,571.98,3.37,935.91,60.53,476.85
2026-03-24T11:20:00Z,58.04,2129.78,168.40,1013.08,38.40,2354.10,159.10,210.76,48.86,2464.47,157.68,339.16,30.03,2456.06,157.84,38.25,208.31,32.37,92.29,187.97,1763.40,3539.05,2.58,148.67,100.64,577.64,3.19,942.12,61.80,481.83
2026-03-24T11:30:00Z,57.49,2133.13,166.77,996.85,38.24,2355.20,159.77,209.04,48.54,2479.36,157.13,319.83,30.20,2448.53,158.83,39.61,208.52,33.32,92.20,188.93,1770.45,3552.98,2.62,148.34,100.44,572.73,3.11,927.85,60.50,482.76
2026-03-24T11:40:00Z,57.15,2139.74,166.57,997.89,37.83,2375.65,159.91,203.70,48.37,2490.63,157.28,315.70,30.32,2448.66,159.19,32.04,210.44,32.48,93.15,192.01,1763.46,3556.18,2.67,149.72,100.31,576.35,2.97,934.01,59.55,482.10
2026-03-24T11:50:00Z,57.24,2150.98,166.56,979.98,37.81,2373.28,159.93,205.18,48.59,2491.17,157.13,323.40,30.66,2442.11,,33.14,205.42,33.10,91.87,187.38,1769.30,3547.18,2.29,149.79,97.36,576.55,2.75,937.45,59.35,471.74
2026-03-24T12:00:00Z,57.56,2144.01,166.83,983.35,37.86,2370.35,159.91,216.51,48.66,2482.10,157.12,320.35,30.42,2445.28,158.75,26.54,201.24,32.69,92.19,178.66,1767.72,3549.26,2.36,148.99,94.26,571.56,3.40,942.06,59.50,488.71
2026-03-24T12:10:00Z,57.67,2153.99,166.93,985.43,37.82,2377.87,160.41,201.45,48.48,2492.19,156.62,313.06,30.65,2441.74,158.04,38.19,206.59,31.87,93.10,186.35,1771.93,3553.44,2.70,150.80,98.78,577.02,3.22,936.69,60.04,479.62
2026-03-24T12:20:00Z,57.17,2142.72,167.29,980.56,37.69,2388.41,159.83,185.23,48.29,2490.92,156.34,304.40,30.92,2430.48,157.91,50.21,202.69,32.71,91.93,184.53,1773.03,3546.10,2.83,150.56,97.27,569.36,2.86,933.74,59.42,477.58
2026-03-24T12:30:00Z,57.59,2145.40,167.24,985.24,37.61,2377.38,159.26,183.76,48.38,2475.72,156.78,302.76,30.86,2421.79,159.18,60.57,198.99,32.55,92.20,178.90,1751.21,3543.37,2.87,149.82,94.57,572.78,3.07,921.20,58.52,480.32
2026-03-24T12:40:00Z,57.76,2144.17,166.58,987.32,37.31,2389.97,159.59,181.86,48.69,2489.11,157.23,309.43,31.33,2429.67,159.61,63.97,201.65,30.09,92.06,183.80,1760.09,3547.43,2.53,149.59,96.46,568.39,2.98,931.79,60.70,476.15
2026-03-24T12:50:00Z,57.87,2138.81,166.81,982.78,37.39,2387.09,159.65,180.31,48.78,2486.53,157.58,305.91,31.69,2406.84,158.91,57.27,202.33,30.53,92.42,181.85,1763.31,3552.98,2.41,150.20,96.85,569.44,2.73,935.89,59.71,472.30
2026-03-24T13:00:00Z,57.56,2137.06,167.20,988.37,37.14,2389.05,159.84,190.09,48.78,2468.92,157.59,314.45,31.45,2409.91,158.92,69.25,201.92,30.20,92.83,181.77,1769.17,3556.24,2.38,148.83,94.63,566.41,3.11,939.81,61.37,474.09
2026-03-24T13:10:00Z,57.70,2144.78,167.06,982.41,37.21,2384.66,159.41,184.64,48.83,2479.83,157.33,314.67,31.15,2419.70,159.47,62.25,207.22,30.62,93.56,183.71,1768.35,3553.64,2.65,150.18,100.14,572.42,3.25,938.23,61.25,476.02
2026-03-24T13:20:00Z,57.12,2144.29,166.73,976.88,37.30,2385.73,159.39,182.44,48.73,2483.49,157.09,308.61,30.99,2421.79,159.10,68.91,204.96,32.14,91.83,184.01,1765.87,3556.31,2.49,150.75,98.57,572.87,2.91,931.48,58.04,470.63
2026-03-24T13:30:00Z,57.55,2137.77,167.18,993.80,37.70,2383.40,158.85,176.84,48.69,2493.87,157.06,316.09,30.53,2424.02,159.35,54.50,207.73,31.80,91.02,187.47,1763.05,3555.05,2.63,147.50,97.11,570.08,3.05,929.66,58.50,468.98
2026-03-24T13:40:00Z,57.63,2137.36,166.75,995.48,37.75,2376.16,158.45,187.17,48.53,2490.06,156.25,303.97,30.71,2432.01,158.80,42.57,205.73,31.99,90.86,184.11,1771.91,3565.39,2.56,150.13,97.59,565.62,3.28,935.64,60.30,471.39
2026-03-24T13:50:00Z,57.71,2125.49,167.24,1005.23,37.88,2385.32,158.85,193.73,48.57,2490.89,156.51,298.76,30.76,2433.77,158.60,66.59,205.78,32.22,91.44,184.03,1756.41,3547.60,2.44,148.97,99.22,571.29,3.24,934.67,59.73,479.99
2026-03-24T14:00:00Z,57.86,2128.81,166.60,1017.62,38.33,2367.57,159.89,197.40,48.18,2494.67,157.01,309.36,30.79,2422.87,157.65,61.23,208.69,33.71,91.09,187.17,1766.47,3550.93,2.33,149.34,100.65,581.32,2.80,935.11,58.76,498.01
2026-03-24T14:10:00Z,57.89,2134.94,167.02,1003.98,38.48,2365.69,160.35,202.69,48.26,2497.89,157.07,273.73,30.55,2432.38,157.28,39.84,205.81,33.77,91.03,186.64,1766.67,3556.74,2.63,148.80,97.79,577.06,3.10,941.22,59.05,481.53
2026-03-24T14:20:00Z,58.17,2130.74,166.87,1002.89,38.10,2362.60,161.06,223.49,48.15,2496.51,155.95,281.99,30.38,2432.82,158.00,45.70,206.77,35.68,92.29,187.98,1775.08,3552.66,2.20,152.18,98.31,572.92,2.76,942.83,60.10,483.25
2026-03-24T14:30:00Z,57.88,2131.51,167.22,1007.97,37.97,2372.16,160.85,217.17,47.59,2500.74,155.49,272.49,30.20,2431.16,158.08,25.53,200.27,32.80,91.90,181.16,1754.06,3548.00,2.39,149.22,98.00,569.27,3.13,929.84,60.46,476.22
2026-03-24T14:40:00Z,58.12,2126.24,166.74,995.87,38.23,2375.79,161.03,222.69,47.53,2502.72,155.94,291.71,30.22,2439.23,157.83,35.57,205.65,35.01,92.47,183.89,1761.76,3553.37,2.27,149.91,99.07,570.89,2.91,928.38,60.50,483.06
2026-03-24T14:50:00Z,58.52,2113.73,167.24,1013.79,37.98,2368.01,160.60,218.53,47.20,2520.64,156.18,267.49,30.01,2450.59,158.18,28.68,203.96,35.92,92.47,184.47,1768.49,3559.16,2.58,149.50,97.80,573.36,3.28,933.77,59.04,471.60
2026-03-24T15:00:00Z,58.54,2114.55,167.73,1024.46,38.47,2372.46,161.23,212.65,47.23,2518.91,155.89,251.22,29.86,2441.31,157.11,35.15,201.71,32.34,93.36,180.81,1757.32,3559.73,2.55,150.33,99.02,576.46,3.20,938.43,60.37,478.81
2026-03-24T15:10:00Z,58.90,2112.09,167.16,1032.01,38.73,2373.69,160.50,213.64,47.52,2522.76,154.84,243.78,29.83,2447.77,157.46,23.82,203.38,30.16,92.93,180.96,1758.33,3541.34,2.60,149.13,97.04,568.30,3.12,928.72,59.10,485.17
2026-03-24T15:20:00Z,59.04,2097.88,166.64,1038.59,38.94,2353.59,160.70,227.08,47.95,2513.65,154.76,259.92,29.76,2451.38,157.59,13.96,202.19,33.19,92.56,182.62,1765.04,3549.89,2.58,149.35,97.16,574.51,3.33,936.41,61.13,483.06
2026-03-24T15:30:00Z,59.41,2096.78,167.73,1042.41,39.06,2349.75,160.44,236.57,47.85,2504.57,155.12,278.02,29.52,2453.33,157.75,16.56,199.89,33.22,92.84,180.22,1759.49,3558.13,2.57,148.55,92.48,568.10,2.78,931.30,59.87,482.45
2026-03-24T15:40:00Z,59.36,2097.00,168.33,1057.37,38.63,2354.19,160.37,232.26,47.91,2487.36,155.75,294.49,29.88,2450.44,157.57,14.54,204.33,31.11,91.63,187.51,1767.10,3551.04,2.93,151.07,95.57,572.40,2.66,930.53,59.19,473.87
2026-03-24T15:50:00Z,59.20,2096.97,167.61,1042.73,38.31,2361.87,159.76,212.78,47.65,2499.54,155.97,279.01,29.66,2456.49,158.03,29.61,206.58,31.89,91.66,184.72,1767.95,3546.03,2.49,151.14,97.67,573.54,3.06,927.73,59.54,474.23
2026-03-24T16:00:00Z,59.38,2098.29,167.67,1044.30,38.16,2365.04,160.15,200.33,47.48,2498.62,155.26,280.77,29.76,2457.70,157.76,19.07,204.16,31.23,92.56,179.79,1753.17,3549.62,2.54,149.35,97.19,578.84,2.99,921.47,60.85,480.60
2026-03-24T16:10:00Z,59.09,2095.93,167.24,1045.98,37.95,2373.53,159.86,203.44,47.50,2504.79,156.28,283.88,29.33,2462.95,157.96,12.03,208.47,30.73,92.60,187.37,1759.59,3539.72,2.56,148.95,98.87,572.11,2.82,935.03,61.38,470.84
2026-03-24T16:20:00Z,59.20,2093.48,167.61,1059.26,37.75,2380.78,160.25,197.25,47.12,2516.38,157.02,280.50,29.42,2464.44,157.71,4.31,204.68,30.84,92.83,184.57,1756.16,3543.53,2.49,149.19,97.39,578.16,3.35,924.79,59.99,477.69
2026-03-24T16:30:00Z,59.32,2087.23,168.06,1067.81,37.25,2391.49,160.04,182.54,46.82,2528.13,157.26,265.77,29.96,2455.72,158.42,18.52,206.42,29.38,92.32,184.80,1767.45,3546.99,2.51,149.49,99.74,576.00,3.15,934.88,59.44,479.25
2026-03-24T16:40:00Z,59.88,2072.73,168.20,1075.77,37.04,2397.07,159.30,152.94,47.45,2528.18,156.67,266.61,30.14,2451.29,157.48,12.54,204.64,30.12,92.49,182.83,1768.18,3556.16,2.50,149.00,97.78,576.43,2.83,933.13,58.95,474.70
2026-03-24T16:50:00Z,59.70,2073.15,168.11,1070.68,36.98,2403.83,158.98,154.52,47.68,2521.40,156.52,273.40,29.93,2446.50,158.02,28.70,205.14,32.37,92.72,184.39,1758.11,3541.55,2.46,149.05,98.44,577.08,3.07,926.22,59.20,485.33
2026-03-24T17:00:00Z,59.75,2076.75,168.20,1078.13,37.06,2398.76,159.21,159.92,47.63,2525.63,156.78,265.82,29.94,2438.04,157.89,39.99,207.14,31.55,91.94,183.73,1764.13,3552.85,2.64,149.86,98.98,576.08,2.74,936.35,60.27,489.82
2026-03-24T17:10:00Z,59.67,2081.51,168.43,1080.18,37.38,2396.43,159.22,171.27,46.97,2520.58,155.62,255.10,29.90,2449.10,158.11,29.67,203.82,31.97,91.19,184.72,1772.31,3559.67,2.54,151.43,96.79,560.05,2.68,939.91,59.75,466.77
2026-03-24T17:20:00Z,59.76,2084.86,168.68,1073.20,37.48,2392.88,159.34,175.75,46.92,2533.49,155.37,240.98,29.74,2453.50,158.07,16.41,204.89,30.44,91.66,185.34,1771.29,3543.68,2.49,150.68,96.99,576.16,2.98,935.23,59.09,481.96
2026-03-24T17:30:00Z,59.45,2093.62,168.24,1068.85,37.35,2394.30,160.04,184.49,47.23,2508.71,155.92,270.68,30.21,2449.75,157.66,19.47,208.23,29.99,91.94,187.94,1766.71,3545.02,2.43,150.05,99.89,573.70,2.95,931.73,59.29,484.26
2026-03-24T17:40:00Z,59.36,2086.55,168.06,1055.14,37.78,2390.36,159.34,207.25,47.35,2513.40,155.69,263.17,30.92,2445.82,157.68,19.31,206.24,30.94,92.54,186.42,1759.66,3546.81,2.51,149.67,98.12,575.82,3.21,931.44,60.97,469.95
2026-03-24T17:50:00Z,59.03,2094.25,168.09,1045.03,37.88,2382.12,158.99,200.24,47.27,2516.73,155.54,256.24,31.15,2423.28,158.00,51.30,201.12,29.78,92.62,181.03,1760.40,3548.13,2.61,150.08,93.78,571.41,2.79,929.41,59.88,470.46
2026-03-24T18:00:00Z,58.68,2099.45,168.41,1051.03,37.74,2378.91,158.88,195.39,47.13,2517.70,155.52,264.71,31.43,2423.69,157.99,60.52,201.02,29.25,92.24,182.73,1771.07,3547.39,2.65,152.38,96.58,572.58,3.18,938.11,60.03,478.56
2026-03-24T18:10:00Z,58.89,2109.86,167.71,1059.27,37.92,2376.09,159.20,189.16,46.73,2529.74,156.06,253.67,31.82,2421.77,158.36,77.17,203.12,32.21,91.80,184.79,1774.04,3550.30,2.35,150.96,95.93,571.26,3.10,941.91,58.95,484.86
2026-03-24T18:20:00Z,58.98,2094.44,167.76,1058.33,37.78,2381.66,159.69,198.04,46.99,2522.57,155.22,259.50,31.71,2411.77,158.35,85.78,205.19,31.95,91.44,182.42,1755.01,3561.09,2.52,149.68,98.18,571.94,2.83,918.01,58.96,488.89
2026-03-24T18:30:00Z,58.97,2097.95,167.74,1042.80,38.04,2376.91,159.26,202.59,46.90,2529.89,155.73,264.65,31.44,2403.06,158.77,101.77,199.66,32.72,91.78,179.73,1761.51,3559.70,2.40,150.91,96.05,563.81,2.95,933.18,58.82,469.57
2026-03-24T18:40:00Z,58.63,2094.86,167.30,1051.41,38.39,2366.40,159.49,212.89,46.91,2527.64,155.92,246.04,30.70,2420.15,159.20,77.34,202.10,32.37,92.61,179.77,1759.18,3549.55,2.39,148.57,96.37,572.15,3.08,935.05,59.04,481.57
2026-03-24T18:50:00Z,58.16,2119.16,167.25,1039.38,38.93,2347.74,160.81,236.20,46.93,2523.75,156.08,247.45,31.12,2416.05,158.74,64.55,204.41,33.28,92.88,181.93,1759.71,3547.49,2.55,151.46,98.04,571.14,2.92,930.87,58.80,477.52
2026-03-24T19:00:00Z,58.18,2124.19,166.98,1018.49,,2357.98,160.66,249.62,46.77,2519.91,155.73,259.40,31.11,2413.38,159.32,59.02,205.97,35.31,91.62,183.24,1763.98,3559.06,2.42,150.23,97.64,571.88,2.90,933.17,58.80,479.94
2026-03-24T19:10:00Z,58.50,2116.82,167.26,1019.90,38.37,2355.81,160.60,229.68,47.10,2517.42,156.83,261.27,31.45,2409.00,158.63,67.68,208.04,34.72,91.97,186.19,1760.55,3563.57,2.32,151.16,97.72,574.50,2.97,931.01,58.96,481.23
2026-03-24T19:20:00Z,58.65,2113.11,167.87,1030.12,38.66,2359.43,160.66,243.60,46.81,2529.22,156.19,253.22,31.19,2410.97,158.48,60.10,205.88,34.63,92.80,184.36,1767.63,3541.81,2.59,149.28,97.23,570.64,3.20,936.27,58.81,486.61
2026-03-24T19:30:00Z,58.85,2100.55,167.34,1026.86,39.05,2346.35,161.86,247.21,46.98,2526.84,156.01,248.88,31.58,2405.88,159.40,72.56,207.84,34.06,92.78,185.00,1767.63,3550.77,2.75,150.24,99.40,575.24,2.79,935.78,59.21,473.03
2026-03-24T19:40:00Z,58.89,2115.22,167.24,1034.35,39.24,2351.91,161.57,243.82,47.09,2517.49,155.46,243.85,31.34,2410.97,158.51,73.87,206.17,33.64,92.52,185.36,1766.24,3555.00,2.36,149.15,97.84,572.32,3.10,936.37,59.98,474.75
2026-03-24T19:50:00Z,58.93,2120.37,167.73,1035.81,39.23,2352.49,161.45,238.38,47.14,2519.65,155.51,261.48,31.24,2422.89,158.56,68.10,206.81,33.65,92.44,184.72,1755.51,3548.53,2.69,148.29,96.89,577.17,3.14,932.07,58.87,481.88
2026-03-24T20:00:00Z,58.73,2104.35,168.30,1032.70,38.89,2351.68,161.36,239.75,47.07,2519.30,155.94,273.87,30.90,2419.50,158.72,75.92,208.21,34.19,93.04,185.09,1767.11,3553.23,2.51,148.44,99.77,573.87,3.11,941.43,59.69,480.87
2026-03-24T20:10:00Z,58.79,2110.58,168.58,1030.68,38.87,2338.53,161.72,240.24,46.88,2523.18,155.85,272.22,31.00,2411.96,158.79,69.17,204.26,33.30,92.93,184.44,1771.37,3553.53,2.41,149.44,96.18,577.00,3.10,945.50,59.65,477.91
2026-03-24T20:20:00Z,59.38,2091.73,168.49,1046.70,38.74,2352.67,161.02,243.01,47.12,2524.09,155.61,276.84,31.44,2412.75,158.34,79.89,207.45,34.55,92.15,188.35,1773.89,3543.89,2.59,148.02,101.90,573.38,3.29,931.32,59.83,477.09
2026-03-24T20:30:00Z,59.17,2091.46,167.66,1044.34,38.70,2349.81,160.50,239.28,47.23,2519.69,155.45,264.83,31.56,2410.85,158.27,74.93,214.14,33.11,92.31,195.17,1770.55,3542.25,2.17,149.26,103.45,583.66,3.34,933.64,59.11,491.66
2026-03-24T20:40:00Z,59.21,2101.68,167.86,1044.08,38.60,2350.64,160.93,233.59,47.25,2520.75,155.67,266.65,31.81,2405.78,158.84,85.91,211.54,34.76,92.37,189.41,1773.92,3564.26,2.68,149.12,100.66,576.33,2.68,938.87,57.42,474.26
2026-03-24T20:50:00Z,58.80,2106.08,168.12,1039.17,38.96,2349.28,160.47,229.57,47.64,2513.44,156.04,285.82,31.92,2390.16,159.02,84.04,212.02,34.81,92.33,192.64,1772.87,3560.70,2.52,150.12,100.91,576.80,3.09,931.26,58.50,474.87
2026-03-24T21:00:00Z,58.94,2108.31,168.39,1032.59,38.62,2349.69,160.76,224.81,47.56,2524.79,156.42,285.63,31.87,2394.36,159.03,92.22,212.65,33.07,92.85,192.44,1774.03,3542.35,2.52,148.94,103.16,575.94,3.07,937.99,58.97,484.73
2026-03-24T21:10:00Z,59.38,2104.28,168.07,1052.80,38.53,2357.44,160.77,233.29,47.98,2510.24,156.57,285.41,31.29,2403.03,159.75,91.60,214.25,31.64,92.68,193.73,1760.31,3554.65,2.52,150.30,104.01,582.58,3.22,930.68,58.52,487.26
2026-03-24T21:20:00Z,59.41,2099.46,167.44,1059.69,38.20,2364.13,160.77,235.64,48.29,2495.79,156.06,292.85,31.45,2406.07,159.52,100.57,216.50,33.28,92.58,193.95,1766.88,3549.21,2.48,148.51,105.37,581.25,2.88,936.98,56.84,478.46
2026-03-24T21:30:00Z,59.72,2098.54,167.67,1055.48,37.98,2365.64,161.04,226.87,48.54,2490.65,155.88,310.39,31.67,2406.78,159.40,87.62,215.84,32.09,93.58,195.52,1770.96,3558.98,2.38,150.19,102.06,578.19,2.47,935.15,57.09,487.08
2026-03-24T21:40:00Z,59.57,2089.13,168.33,1059.29,37.72,2369.88,160.37,218.54,49.02,2474.87,156.64,321.94,31.42,2409.59,158.83,75.03,214.06,35.18,92.86,195.24,1778.49,3542.68,2.49,148.03,99.16,578.18,2.95,930.03,60.46,484.89
2026-03-24T21:50:00Z,59.25,2095.05,168.14,1054.52,37.81,2371.40,160.30,198.58,49.14,2470.07,156.22,334.66,31.50,2407.46,159.00,81.47,207.78,33.23,92.66,191.38,1783.25,3548.38,2.55,149.24,99.49,579.69,3.14,940.01,58.84,484.90
2026-03-24T22:00:00Z,59.40,2091.86,168.23,1058.14,37.35,2375.89,160.07,199.02,48.91,2478.75,156.67,341.27,31.81,2397.74,159.18,91.00,214.08,32.86,93.02,192.87,1772.84,3562.69,2.63,148.93,103.39,578.22,2.73,935.89,59.04,483.29
2026-03-24T22:10:00Z,59.53,2088.72,168.32,1059.39,36.81,2401.89,160.24,175.63,48.73,2479.36,157.97,334.65,31.88,2404.98,158.96,89.78,214.12,32.49,93.13,189.86,1772.31,3545.49,2.61,150.18,101.67,577.09,2.98,938.96,57.99,490.61
2026-03-24T22:20:00Z,59.36,2094.23,168.14,1049.31,36.63,2402.13,159.82,168.48,49.21,2471.36,158.04,335.86,31.75,2400.09,158.85,90.55,207.85,33.10,92.88,183.74,1764.12,3557.26,2.45,151.18,97.17,570.44,3.07,933.89,57.34,473.22
2026-03-24T22:30:00Z,59.71,2080.35,168.41,1051.34,36.86,2397.22,159.37,163.57,48.86,2472.80,156.67,333.33,31.31,2399.44,158.95,95.23,205.09,33.26,92.82,184.63,1757.59,3549.79,2.36,148.99,96.54,570.12,3.18,918.17,58.70,472.81
2026-03-24T22:40:00Z,59.36,2097.22,167.92,1043.73,37.20,2397.83,159.18,166.29,48.95,2469.18,156.83,335.45,31.11,2414.83,158.83,90.97,208.05,32.74,92.43,187.47,1766.52,3547.94,2.70,148.29,94.71,562.56,2.91,933.05,57.83,484.91
2026-03-24T22:50:00Z,59.33,2096.16,167.45,1044.92,37.35,2392.00,159.55,176.72,48.61,2480.25,157.18,325.22,31.07,2415.88,159.12,67.30,210.17,32.52,92.80,190.10,1763.32,3563.39,2.65,150.59,101.63,586.51,3.08,933.53,57.55,483.25
2026-03-24T23:00:00Z,59.08,2103.48,167.73,1049.92,37.42,2392.05,159.54,184.08,48.22,2491.42,156.30,320.58,30.86,2420.24,159.39,64.37,205.50,33.60,92.63,189.69,1767.56,3570.69,2.41,150.28,98.10,569.17,2.85,930.36,58.00,475.89
2026-03-24T23:10:00Z,59.10,2100.22,167.86,1040.12,37.46,2384.44,159.62,191.03,48.59,2493.39,155.86,312.07,30.54,2435.11,158.71,57.74,208.46,31.67,92.48,185.23,1765.46,3547.30,2.51,149.59,99.29,572.63,2.58,929.01,58.43,471.77
2026-03-24T23:20:00Z,59.56,2097.42,167.71,1046.56,37.51,2392.78,159.01,172.29,48.75,2483.73,156.41,316.25,30.39,2435.82,159.03,60.32,208.69,35.93,92.43,188.42,1769.77,3550.62,2.49,149.27,100.58,566.64,2.87,929.71,57.21,476.16
2026-03-24T23:30:00Z,59.77,2095.10,168.11,1052.95,37.91,2380.68,159.56,177.84,48.82,2489.42,156.96,321.68,30.42,2431.52,157.91,63.33,206.09,36.90,92.75,186.99,1768.03,3541.83,2.81,149.20,97.05,565.68,2.84,937.30,59.36,480.86
2026-03-24T23:40:00Z,59.98,2083.97,168.21,1051.35,38.17,2359.93,160.37,199.04,49.55,2469.97,156.69,330.89,30.53,2442.07,157.95,46.94,211.33,34.25,92.93,192.45,1767.92,3540.16,2.33,148.36,101.42,,3.11,940.06,58.63,483.45
2026-03-24T23:50:00Z,59.45,2096.77,168.70,1048.82,38.12,2359.68,160.52,205.47,49.32,2467.28,156.59,327.66,30.57,2437.98,158.69,46.32,210.29,34.92,93.05,190.93,1768.16,3550.02,2.54,149.65,99.48,576.86,2.94,934.43,57.51,478.88
2026-03-25T00:00:00Z,59.28,2100.18,167.75,1048.88,38.25,2358.89,160.37,220.30,49.31,2463.72,156.94,322.91,30.75,2427.49,158.85,53.96,212.62,31.97,92.63,191.40,1764.67,3557.42,2.31,149.82,101.01,576.13,2.78,932.14,58.47,472.72
2026-03-25T00:10:00Z,59.05,2102.16,167.87,1039.06,37.82,2365.38,160.16,212.02,49.15,2462.77,156.70,335.62,30.69,2440.20,158.15,39.12,209.86,33.15,92.94,187.69,1772.81,3549.69,2.41,149.75,100.11,575.56,2.75,941.35,59.77,493.49
2026-03-25T00:20:00Z,59.31,2090.61,167.57,1035.04,37.84,2372.83,160.35,196.63,49.19,2454.76,156.76,343.35,30.49,2443.01,158.54,43.89,209.13,34.57,92.63,184.17,1755.68,3556.37,2.76,149.60,100.03,579.53,2.91,930.33,59.27,475.52
2026-03-25T00:30:00Z,59.74,2075.68,168.19,1038.76,38.00,2383.91,160.03,189.26,49.33,2461.03,157.03,337.57,30.18,2448.35,157.67,19.14,211.19,35.74,92.71,191.34,1770.29,3545.36,2.56,150.61,101.04,579.72,2.91,936.04,59.01,475.21
2026-03-25T00:40:00Z,59.60,2085.75,168.13,1052.09,38.06,2367.51,160.03,190.28,49.22,2464.17,157.68,349.88,30.51,2434.61,158.01,47.90,212.74,35.47,92.62,190.95,1764.88,3547.13,2.53,147.71,103.55,579.30,3.24,933.69,59.76,484.81
2026-03-25T00:50:00Z,59.35,2076.33,167.70,1068.53,38.09,2380.66,159.22,201.86,49.67,2460.73,157.71,,30.35,2424.32,158.41,36.08,213.07,36.02,91.75,190.20,1770.42,3547.93,2.86,150.47,102.10,579.45,2.83,935.55,60.14,491.09
2026-03-25T01:00:00Z,59.73,2082.80,168.14,1066.48,38.48,2373.72,160.23,207.14,49.62,2456.84,157.71,357.93,30.49,2426.38,158.59,40.34,213.53,34.90,91.75,191.98,1770.24,3548.07,2.67,150.26,98.26,576.74,2.87,933.03,59.13,478.88
2026-03-25T01:10:00Z,58.90,2092.63,168.52,1057.58,38.60,2364.35,160.37,209.55,49.38,2462.25,157.77,343.44,30.65,2427.84,158.48,49.68,213.90,33.06,92.15,188.41,1770.26,3551.69,2.52,149.31,100.14,581.91,3.35,930.59,58.70,488.97
2026-03-25T01:20:00Z,59.19,2087.00,168.16,1059.98,38.36,2374.19,160.34,203.75,49.11,2467.07,157.66,349.76,30.45,2432.34,158.41,38.49,210.27,34.45,92.35,189.11,1770.78,3546.87,2.52,148.34,101.39,572.71,3.08,935.10,56.97,478.39
2026-03-25T01:30:00Z,58.81,2091.79,168.29,1058.98,38.30,2369.65,160.13,205.48,48.73,2479.61,157.49,329.06,30.50,2442.75,158.29,31.62,210.95,33.50,92.56,186.94,1764.16,3532.01,2.62,147.80,100.76,579.29,2.84,930.10,57.86,483.82
2026-03-25T01:40:00Z,58.93,2094.82,167.92,1057.82,38.09,2386.46,160.21,201.44,48.96,2481.62,157.24,333.69,30.60,2444.42,158.02,29.97,206.78,31.07,91.74,185.71,1762.04,3548.99,2.74,149.29,97.67,570.07,2.82,931.45,59.20,472.44
2026-03-25T01:50:00Z,58.47,2099.75,167.99,1046.60,38.34,2369.15,159.89,203.48,48.53,2478.84,156.49,328.40,30.33,2444.53,158.08,40.56,209.66,33.19,90.97,187.07,1760.52,3560.37,2.51,151.15,99.24,575.14,2.96,934.19,59.91,470.00
2026-03-25T02:00:00Z,58.40,2118.04,167.25,1023.57,38.20,2379.16,159.41,189.91,48.22,2484.76,156.25,306.46,30.08,2442.55,157.81,26.60,205.08,33.16,91.82,183.30,1759.31,3541.65,2.24,149.91,96.12,565.46,2.98,930.12,59.38,477.72
2026-03-25T02:10:00Z,58.46,2114.93,167.20,1029.11,37.98,2369.62,159.44,202.06,47.71,2498.66,156.56,297.25,30.05,2452.16,157.78,25.40,204.45,34.01,91.19,184.42,1764.14,3563.39,2.69,150.61,96.42,566.89,3.53,933.00,59.94,479.47
2026-03-25T02:20:00Z,58.43,2113.68,168.14,1025.05,37.96,2365.01,160.74,200.99,47.75,2503.98,156.33,290.31,29.90,2459.50,158.34,25.21,210.08,33.86,90.86,191.23,1775.24,3554.80,2.47,147.97,99.57,577.29,2.82,938.14,59.26,485.14
2026-03-25T02:30:00Z,57.99,2123.31,167.13,1024.20,37.94,2365.27,161.75,210.12,47.61,2514.33,156.95,297.84,29.89,2452.11,158.04,21.71,206.55,35.33,91.85,183.44,1763.65,3542.44,2.74,148.83,98.85,568.10,3.36,931.50,58.62,471.05
2026-03-25T02:40:00Z,57.50,2121.97,167.34,1007.20,37.78,2373.57,160.79,193.33,47.52,2517.00,156.66,270.40,30.37,2442.53,158.31,24.83,198.64,32.87,91.63,176.93,1754.90,3542.08,2.92,148.19,93.51,573.50,3.03,927.43,59.41,474.06
2026-03-25T02:50:00Z,57.25,2134.43,167.72,1006.37,37.79,2388.66,160.91,184.82,47.51,2527.33,155.56,263.99,30.49,2444.09,158.58,27.75,205.73,30.83,92.86,185.80,1768.69,3549.79,2.58,148.77,98.75,570.52,3.04,931.89,60.01,483.53
2026-03-25T03:00:00Z,57.33,2133.05,167.69,1001.75,37.68,2386.82,160.02,189.67,47.71,2513.22,156.18,274.62,30.54,2435.27,159.07,28.21,201.70,27.32,92.87,180.38,1767.05,3549.39,2.70,149.72,93.99,566.04,3.05,935.08,59.18,475.81
2026-03-25T03:10:00Z,57.21,2132.63,167.64,970.49,38.24,2377.76,159.97,209.12,47.81,2502.22,155.92,278.37,30.49,2428.72,158.92,47.86,203.82,29.59,92.71,182.15,1764.34,3538.92,2.33,148.83,100.79,579.41,2.69,931.61,59.58,485.13
2026-03-25T03:20:00Z,57.30,2145.49,167.50,977.69,38.04,2374.73,159.74,191.02,48.24,2499.77,156.89,278.98,30.38,2440.23,158.63,29.78,202.28,30.39,92.67,179.00,1759.70,3538.59,2.64,150.81,96.95,568.42,2.99,928.90,57.67,473.55
2026-03-25T03:30:00Z,57.15,2159.12,166.74,969.81,38.21,2384.81,160.12,194.83,48.29,2496.15,156.99,291.96,30.08,2434.81,158.16,35.84,199.85,29.86,92.31,176.62,1750.91,3547.24,2.40,149.21,94.75,566.69,2.86,919.18,58.88,470.33
2026-03-25T03:40:00Z,57.13,2146.18,166.18,966.29,38.34,2378.46,160.11,196.27,48.06,2508.26,156.08,295.22,30.18,2443.29,157.58,36.57,202.44,31.55,92.75,180.22,1758.13,3565.49,2.75,149.89,97.30,576.99,3.22,923.14,58.49,493.00
2026-03-25T03:50:00Z,56.80,2156.37,165.98,959.86,38.15,2370.90,160.00,213.94,48.57,2502.39,156.43,302.27,30.27,2443.17,157.69,40.30,203.30,30.06,92.21,182.57,1764.91,3553.52,2.52,150.41,96.29,579.07,3.10,929.47,58.69,485.04
2026-03-25T04:00:00Z,57.02,2136.63,166.01,965.73,38.25,2368.47,160.97,220.34,48.93,2490.65,156.41,304.96,30.53,2442.59,157.76,42.28,202.11,30.22,92.51,181.55,1756.91,3534.27,2.28,149.57,95.14,569.86,2.66,928.41,58.30,480.41
2026-03-25T04:10:00Z,56.59,2146.30,166.26,965.58,38.61,2360.04,160.98,214.22,48.52,2492.42,156.74,317.32,30.14,2437.54,158.57,55.19,201.18,31.69,92.43,180.60,1755.89,3555.00,2.56,147.87,94.76,565.89,2.99,925.80,58.31,473.33
2026-03-25T04:20:00Z,56.28,2162.37,166.92,969.95,38.76,2357.39,160.83,218.72,48.53,2493.89,156.73,316.94,30.53,2436.48,157.81,55.99,198.29,33.81,92.47,180.55,1755.15,3548.41,2.30,149.54,92.91,570.06,3.01,926.17,59.06,475.29
2026-03-25T04:30:00Z,56.49,2168.40,166.18,964.31,38.46,2362.84,160.90,222.86,48.17,2490.75,156.74,297.62,30.44,2445.73,157.96,43.80,198.39,32.86,92.79,179.03,1759.11,3554.67,2.74,148.44,95.05,574.84,2.94,931.78,58.59,472.58
2026-03-25T04:40:00Z,56.55,2165.23,166.52,960.20,38.39,2366.10,160.38,216.92,47.91,2502.87,156.41,299.15,30.37,2443.35,158.66,50.79,199.77,32.66,92.10,180.70,1758.09,3540.05,2.42,149.11,93.53,564.24,3.17,930.90,60.11,468.23
2026-03-25T04:50:00Z,56.99,2146.16,166.84,975.41,38.03,2362.63,160.45,221.06,47.98,2502.80,157.13,301.56,30.34,2440.50,158.63,36.61,202.51,31.16,92.14,184.40,1766.97,3546.12,2.45,149.28,95.41,568.70,3.02,932.07,58.95,478.06
2026-03-25T05:00:00Z,57.21,2153.47,166.28,973.71,38.03,2368.80,160.11,212.01,48.02,2493.30,156.88,303.26,30.22,2441.70,158.20,30.98,203.63,28.32,92.08,184.97,1760.23,3527.11,2.35,150.11,94.38,566.45,3.04,935.97,58.60,477.39
2026-03-25T05:10:00Z,57.24,2139.20,166.86,974.67,37.78,2367.31,159.83,222.57,47.95,2493.63,156.73,305.43,30.31,2448.44,157.95,27.83,198.98,29.83,92.25,178.17,1750.93,3554.50,2.43,149.53,94.48,569.10,3.33,920.16,58.13,479.36
2026-03-25T05:20:00Z,57.37,2139.12,167.05,979.72,38.03,2360.96,159.86,218.10,48.21,2490.54,156.64,313.71,30.48,2439.51,158.05,39.22,209.13,30.64,92.33,,1765.21,3552.64,2.57,149.33,98.22,573.77,2.82,934.36,59.68,484.32
2026-03-25T05:30:00Z,57.81,2131.00,166.34,986.62,38.03,2369.86,159.95,197.21,48.47,2488.07,156.72,309.18,30.22,2443.14,158.09,44.28,206.56,30.26,92.63,186.86,1764.90,3550.99,2.63,150.19,99.47,574.89,2.77,931.78,60.88,484.10
2026-03-25T05:40:00Z,57.64,2142.91,166.72,986.56,38.04,2375.59,159.21,209.70,48.54,2489.19,157.42,306.71,30.13,2446.45,158.63,29.47,204.67,32.31,92.99,183.19,1760.72,3558.27,2.70,149.33,94.11,572.35,3.05,935.07,59.96,481.56
2026-03-25T05:50:00Z,57.87,2139.32,167.05,986.17,37.56,2373.54,159.64,206.16,48.92,2487.41,156.83,309.16,29.79,2447.69,158.38,26.09,203.22,31.96,92.04,184.72,1764.92,3556.71,2.28,149.95,96.79,576.41,2.99,930.22,59.30,492.03
2026-03-25T06:00:00Z,57.53,2126.84,166.74,993.37,37.42,2377.96,159.98,198.05,48.89,2483.86,156.95,313.33,30.01,2449.64,157.86,34.76,203.54,33.70,92.31,183.30,1759.06,3562.79,2.64,149.67,97.82,574.16,3.33,934.36,58.38,481.20
2026-03-25T06:10:00Z,57.60,2130.83,166.85,1001.14,37.22,2377.25,160.13,190.34,48.75,2476.28,155.91,307.15,30.53,2440.26,157.62,35.24,205.27,34.70,92.51,184.67,1764.93,3555.46,2.69,151.38,96.68,570.15,3.27,931.55,58.71,468.68
2026-03-25T06:20:00Z,57.45,2135.49,166.64,999.19,36.96,2388.53,159.68,185.66,49.03,2494.60,156.15,300.32,30.25,2431.96,158.47,30.93,202.91,31.94,92.34,179.46,1755.00,3541.71,2.67,148.41,98.93,567.56,2.98,925.70,59.57,473.22
2026-03-25T06:30:00Z,57.48,2143.36,167.27,1003.87,36.95,2385.30,159.27,182.12,48.80,2487.61,157.07,304.67,30.10,2439.07,158.15,34.48,200.24,31.25,92.08,178.97,1761.79,3552.63,2.41,148.06,93.92,570.03,3.12,928.79,60.27,481.08
2026-03-25T06:40:00Z,57.40,2145.10,167.28,999.58,36.90,2399.03,159.01,174.46,48.48,2491.00,157.42,304.82,29.68,2448.40,158.70,30.19,207.21,32.05,92.48,185.17,1758.12,3534.71,2.33,148.54,99.76,570.35,2.74,925.96,59.28,476.87
2026-03-25T06:50:00Z,57.16,2141.95,167.05,1007.73,36.67,2394.44,158.23,167.19,48.18,2492.06,156.64,304.82,29.57,2458.12,158.34,16.12,204.50,30.66,92.98,182.07,1761.55,3547.61,2.48,151.00,98.28,575.21,2.80,938.53,57.82,482.81
2026-03-25T07:00:00Z,57.44,2130.42,167.33,1000.83,36.80,2399.74,158.44,164.48,48.36,2485.34,156.43,316.59,29.98,2449.05,157.55,8.54,204.44,29.19,92.59,184.03,1764.00,3551.78,2.25,149.22,94.21,569.38,3.12,926.94,58.17,474.09
2026-03-25T07:10:00Z,57.70,2130.94,166.55,997.36,37.33,2390.18,159.76,160.55,48.57,2491.27,156.49,316.96,29.80,2446.40,157.16,21.74,204.49,30.08,91.91,184.58,1763.58,3543.73,2.57,148.84,97.97,572.82,2.91,932.18,58.93,485.18
2026-03-25T07:20:00Z,57.72,2130.40,166.91,981.18,37.14,2391.48,159.09,158.83,48.58,2479.86,156.76,314.56,30.02,2453.30,158.28,23.84,207.84,31.43,92.06,185.39,1770.71,3543.84,2.53,149.48,100.48,580.01,2.69,938.93,58.37,483.04
2026-03-25T07:30:00Z,57.74,2125.85,166.84,990.80,36.75,2395.44,159.08,154.30,48.57,2475.84,156.82,330.22,30.30,2443.24,158.22,33.19,202.95,30.71,92.00,182.85,1757.71,3541.94,2.41,150.24,96.16,566.92,3.31,927.19,59.23,485.76
2026-03-25T07:40:00Z,57.73,2128.29,166.78,993.23,36.56,2404.98,158.70,151.99,48.81,2492.05,156.54,327.66,29.85,2455.60,158.62,24.30,199.89,32.81,91.89,177.13,1755.62,3531.23,2.61,148.73,94.08,564.25,3.01,924.81,59.51,465.66
2026-03-25T07:50:00Z,57.60,2116.94,167.38,1019.91,36.86,2398.31,158.84,151.55,48.46,2499.20,157.14,320.67,30.32,2433.99,158.54,22.31,199.38,31.89,92.28,177.77,1760.32,3548.80,2.45,151.18,90.46,560.70,3.15,939.46,59.07,471.97
2026-03-25T08:00:00Z,57.57,2119.89,167.59,1017.03,36.99,2388.89,159.33,164.12,48.58,2488.72,157.31,323.52,30.58,2433.47,158.45,37.79,204.49,32.20,92.45,182.89,1756.03,3554.91,2.41,149.96,99.27,570.56,3.45,930.39,59.40,474.17
2026-03-25T08:10:00Z,57.78,2116.94,167.78,1026.28,37.03,2392.67,158.88,167.24,48.60,2490.57,156.59,310.89,30.33,2440.43,158.54,35.40,204.28,32.48,92.51,182.64,1753.95,3555.34,2.27,149.78,95.30,567.67,3.29,935.59,58.62,474.79
2026-03-25T08:20:00Z,57.31,2127.50,167.30,996.79,37.24,2394.21,158.57,173.96,48.85,2502.97,155.98,306.59,30.24,2431.05,158.45,49.29,207.80,31.71,92.28,184.02,1764.92,3541.59,2.73,149.30,98.69,569.30,3.10,929.60,58.71,482.07
2026-03-25T08:30:00Z,56.89,2142.71,167.12,984.60,37.86,2377.92,159.54,200.69,48.55,2493.83,156.70,301.48,30.53,2444.22,158.43,32.46,204.40,31.84,91.91,185.51,1766.27,3543.60,2.61,147.99,97.49,575.96,3.75,932.57,60.99,483.54
2026-03-25T08:40:00Z,57.01,2147.62,167.01,977.61,37.75,2383.11,160.57,193.75,48.75,2493.36,156.76,306.04,30.42,2442.75,158.53,46.53,208.50,32.54,92.36,187.85,1771.09,3540.30,2.56,151.49,97.83,570.16,2.82,939.11,60.16,474.82
2026-03-25T08:50:00Z,56.90,2152.16,166.52,976.03,37.58,2382.43,159.90,196.38,48.74,2478.52,156.39,322.11,30.37,2444.59,158.28,54.65,211.57,31.04,92.26,189.26,1775.55,3548.44,2.78,149.88,102.12,580.17,3.16,946.18,59.40,488.74
2026-03-25T09:00:00Z,56.93,2162.30,166.95,957.25,37.51,2377.12,160.48,210.87,48.59,2476.61,156.53,312.85,30.84,2445.26,158.48,52.85,205.19,32.70,92.00,184.21,1761.36,3536.88,2.31,150.60,98.93,571.84,3.08,931.48,58.17,478.05
2026-03-25T09:10:00Z,56.83,2160.44,166.17,954.40,37.58,2384.50,159.92,196.25,48.65,2479.45,157.62,329.80,31.20,2434.69,158.00,49.78,204.67,31.27,92.66,185.14,1761.85,3543.26,2.81,150.83,96.66,579.03,2.85,927.92,58.85,483.37
2026-03-25T09:20:00Z,56.38,2161.08,166.79,963.93,37.44,2379.78,160.08,202.71,48.71,2482.27,157.48,321.89,31.45,2424.82,157.91,50.34,208.17,30.00,92.90,183.90,1761.67,3541.29,2.73,147.92,102.04,582.13,3.21,937.50,59.73,478.39
2026-03-25T09:30:00Z,56.37,2172.65,167.01,948.89,37.34,2383.44,159.40,195.09,48.46,2484.33,157.45,315.24,31.12,2424.95,158.46,40.98,204.25,31.48,93.19,183.21,1753.71,3553.47,2.25,149.07,97.43,568.86,2.56,927.97,58.16,472.32
2026-03-25T09:40:00Z,56.38,2175.12,166.32,930.03,37.67,2374.94,160.13,193.00,48.48,2478.93,157.03,310.38,31.05,2436.32,158.59,39.72,205.51,32.01,93.07,185.90,1766.20,3547.48,2.38,149.67,97.52,571.70,3.18,933.75,58.25,467.40
2026-03-25T09:50:00Z,56.34,2164.64,165.89,945.59,37.40,2375.26,160.56,195.23,48.29,2484.80,157.16,321.00,30.83,2433.84,158.52,57.30,210.61,33.19,91.96,185.87,1767.28,3543.08,2.52,148.80,98.85,572.03,2.99,935.09,58.27,472.59
2026-03-25T10:00:00Z,56.21,2163.45,165.82,946.15,37.43,2380.97,160.16,185.40,48.10,2484.97,157.12,323.35,31.01,2428.26,158.35,48.43,206.85,31.26,92.16,190.77,1771.68,3550.23,2.60,149.66,99.18,569.52,2.90,940.65,58.68,475.10
2026-03-25T10:10:00Z,56.33,2165.13,166.08,954.30,37.23,2377.88,160.03,187.39,48.23,2490.74,157.33,302.71,30.92,2419.07,157.26,54.00,206.26,31.09,92.80,183.84,1770.97,3550.63,2.42,151.68,97.83,570.19,3.34,932.51,58.12,476.21
2026-03-25T10:20:00Z,56.13,2176.36,165.68,952.60,36.71,2386.65,159.55,168.12,48.21,2493.65,157.94,297.35,30.85,2433.96,157.65,51.93,198.43,31.26,92.18,177.64,1756.92,3550.57,2.45,147.39,96.43,577.53,2.95,927.97,58.94,489.33
2026-03-25T10:30:00Z,56.37,2168.09,165.75,933.08,37.02,2404.44,159.67,171.47,48.24,2501.77,156.97,297.34,31.11,,157.95,60.98,196.11,31.24,92.08,176.90,1760.37,3552.31,2.60,149.46,91.97,561.60,2.51,923.36,60.21,469.32
2026-03-25T10:40:00Z,56.13,2181.65,164.65,933.07,36.76,2397.82,159.73,180.30,47.90,2512.46,156.63,286.78,31.22,2417.47,158.81,64.79,199.90,29.74,92.39,180.03,1755.50,3547.35,2.68,149.05,94.77,569.38,2.91,937.41,58.58,477.55
2026-03-25T10:50:00Z,55.78,2178.45,165.55,944.61,37.04,2395.61,160.13,174.87,47.85,2503.85,156.13,279.15,31.49,2413.82,159.24,61.17,201.90,29.84,91.88,182.63,1761.06,3564.51,2.43,151.21,96.96,571.77,3.31,933.51,58.42,483.91
2026-03-25T11:00:00Z,55.70,2179.40,165.80,942.03,37.15,2399.17,159.43,182.51,47.92,2502.82,156.14,291.68,31.62,2415.72,159.31,73.89,202.00,30.13,91.79,183.88,1767.58,3550.26,2.71,149.90,96.14,568.84,3.22,931.99,59.27,479.73
2026-03-25T11:10:00Z,56.05,2164.73,166.34,939.79,36.86,2392.46,158.65,167.07,47.96,2498.44,156.00,291.42,31.24,2415.18,158.66,82.69,205.04,31.32,92.16,183.27,1755.35,3545.98,2.43,150.93,93.79,569.84,3.36,927.08,59.70,477.82
2026-03-25T11:20:00Z,56.13,2171.42,166.29,929.09,36.75,2410.96,158.97,162.20,48.26,2497.12,156.64,286.90,31.29,2416.91,158.64,79.87,203.76,31.56,92.25,181.10,1759.10,3543.03,2.56,150.00,95.05,563.89,3.04,934.05,59.76,462.41
2026-03-25T11:30:00Z,56.50,2165.08,166.37,947.04,36.97,2403.82,159.35,166.58,48.17,2501.34,156.22,289.75,31.73,2413.29,158.45,98.29,206.49,31.93,91.88,185.78,1757.01,3555.73,2.19,149.51,98.60,576.55,2.88,928.52,59.17,473.48
2026-03-25T11:40:00Z,56.17,2168.38,165.84,956.75,36.60,2400.48,159.20,146.22,47.79,2499.90,156.09,284.37,31.49,2416.67,159.19,107.75,199.93,32.89,92.49,179.78,1755.64,3539.26,2.53,147.09,95.73,575.52,2.95,923.55,58.13,473.00
2026-03-25T11:50:00Z,56.08,2174.24,165.76,928.73,36.82,2414.85,158.53,159.58,47.84,2507.24,156.21,275.48,31.45,2416.17,158.88,94.30,200.97,30.99,92.67,180.51,1753.80,3555.78,2.45,150.47,95.32,572.86,2.85,930.24,59.00,470.74
2026-03-25T12:00:00Z,56.18,2179.49,165.09,927.00,36.32,2417.66,158.73,159.23,48.02,2508.08,155.80,281.33,31.35,2414.36,159.23,83.91,202.96,29.46,92.57,185.44,1758.37,3541.68,2.45,150.45,96.94,571.30,2.67,926.68,59.95,462.79
2026-03-25T12:10:00Z,55.97,2183.58,165.14,926.56,36.51,2409.14,159.08,156.96,47.92,2509.72,156.40,291.02,31.33,2423.66,159.06,60.92,197.52,27.03,91.49,177.79,1769.75,3560.87,2.42,149.89,94.17,580.30,2.93,937.80,59.59,498.94
2026-03-25T12:20:00Z,56.10,2174.15,164.90,932.79,36.08,2408.58,159.40,138.38,48.16,2501.60,156.75,283.43,31.15,2420.55,158.83,66.78,197.60,24.28,92.10,174.83,1749.14,3562.68,2.44,148.82,94.88,570.11,2.93,924.64,59.87,470.90
2026-03-25T12:30:00Z,56.34,2180.48,165.29,935.37,36.04,2422.32,159.17,139.33,48.01,2500.86,156.68,292.06,30.78,2422.85,158.58,66.67,193.75,27.63,91.57,174.97,1750.52,3522.12,2.53,151.38,92.55,568.88,3.06,928.22,60.24,477.17
2026-03-25T12:40:00Z,56.33,2182.82,165.78,939.21,35.70,2422.14,158.62,120.36,48.13,2493.68,156.43,310.77,30.86,2428.97,158.90,56.13,204.13,25.50,92.10,185.09,1759.88,3547.88,2.87,149.90,98.14,569.89,3.10,934.96,59.28,478.06
2026-03-25T12:50:00Z,56.76,2156.68,165.47,946.07,36.19,2430.58,158.41,131.54,48.13,2495.84,157.19,293.78,30.48,2427.62,159.08,48.97,200.59,29.15,93.20,182.05,1756.53,3547.73,2.43,150.47,95.89,570.11,2.88,925.25,59.96,474.67
2026-03-25T13:00:00Z,56.52,2163.61,165.58,943.88,36.47,2425.53,159.22,133.87,48.14,2503.91,156.71,296.33,30.63,2429.09,158.95,39.67,196.19,29.39,93.04,176.60,1756.84,3553.44,2.59,148.17,91.11,561.06,2.91,929.83,60.14,474.77
2026-03-25T13:10:00Z,56.50,2166.28,165.90,957.96,36.36,2424.09,158.72,132.84,47.53,2499.52,156.82,287.39,30.77,2435.70,158.72,37.69,199.47,32.65,92.95,180.99,1759.79,3543.95,2.59,150.60,96.12,572.47,2.90,932.96,60.77,467.67
2026-03-25T13:20:00Z,56.14,2164.68,166.28,940.59,35.93,2433.50,159.28,133.83,47.84,2506.04,156.41,293.02,30.85,2429.37,159.39,63.39,195.14,32.79,92.40,174.36,1753.13,3542.73,2.58,149.58,90.89,568.68,3.01,928.23,59.61,472.93
2026-03-25T13:30:00Z,56.45,2170.65,166.37,945.55,36.30,2418.25,158.54,146.62,47.60,2511.17,155.67,274.51,31.02,2434.16,158.68,54.65,195.89,30.15,92.15,174.86,1763.13,3556.18,2.63,151.17,92.44,571.82,3.19,931.85,58.58,482.27
2026-03-25T13:40:00Z,56.15,2180.76,166.08,943.85,36.55,2416.28,158.02,138.10,47.55,2514.23,155.18,266.85,30.86,2428.77,159.02,55.20,194.93,29.64,90.87,172.10,1752.58,3555.30,2.70,149.96,91.73,569.13,2.92,930.91,59.58,471.05
2026-03-25T13:50:00Z,56.15,2181.70,166.14,932.90,36.04,2425.08,157.86,143.04,48.05,2517.56,155.51,268.25,31.17,2426.23,159.28,66.60,196.79,29.49,91.09,177.64,1757.76,3559.16,2.53,148.84,91.74,567.75,3.09,930.79,59.21,472.94
2026-03-25T14:00:00Z,56.11,2173.50,165.84,939.12,36.03,2428.51,158.18,141.48,48.18,2501.76,156.17,290.39,30.93,2426.82,159.02,43.01,193.30,28.92,92.26,171.92,1756.02,3545.46,2.30,150.34,93.44,561.43,3.04,927.06,59.44,476.11
2026-03-25T14:10:00Z,56.27,2171.71,166.00,941.41,36.58,2421.28,158.40,140.52,48.32,2492.67,156.44,301.24,30.70,2438.48,158.01,38.52,195.79,29.31,92.51,174.31,1752.16,3534.29,2.39,149.35,92.37,560.63,2.96,925.80,58.23,473.72
2026-03-25T14:20:00Z,56.08,2173.63,165.94,955.18,36.76,2406.19,158.99,164.44,48.28,2487.03,156.31,319.91,31.14,2415.09,157.65,48.84,199.55,31.84,91.74,179.38,1765.09,3552.97,2.57,151.34,95.15,574.06,3.48,924.40,58.88,488.55
2026-03-25T14:30:00Z,56.39,2174.87,165.40,958.98,36.96,2404.62,159.67,163.83,48.17,2498.04,157.03,317.08,31.32,2413.20,158.76,55.83,202.02,29.50,92.40,180.18,1760.75,3550.52,2.52,148.61,96.84,578.21,3.03,927.86,58.76,490.96
2026-03-25T14:40:00Z,56.64,2161.24,165.40,953.87,37.47,2388.74,159.54,183.31,47.82,2511.88,156.63,300.50,31.26,2413.29,158.95,68.77,200.22,30.85,92.10,180.44,1766.46,3562.58,2.41,149.00,96.79,573.23,2.93,930.95,59.27,483.81
2026-03-25T14:50:00Z,56.80,2157.40,165.78,957.67,37.56,2383.77,160.20,192.90,47.42,2517.34,155.86,291.28,31.47,2416.14,158.97,75.22,205.47,29.77,92.26,187.13,1769.02,3539.42,2.58,149.25,98.70,575.55,3.10,937.61,60.25,479.46
2026-03-25T15:00:00Z,56.84,2149.93,166.45,974.69,37.62,2386.34,160.32,200.38,47.54,2522.60,156.26,266.53,31.35,2416.85,158.98,56.31,201.98,32.01,91.28,180.43,1769.99,3546.17,2.58,149.22,97.01,568.23,2.95,935.13,60.00,471.37
2026-03-25T15:10:00Z,56.63,2155.15,167.55,967.06,37.35,2401.34,159.82,184.39,47.37,2514.27,155.60,258.92,31.63,2401.52,158.61,68.27,206.10,30.42,91.54,190.56,1778.15,3555.77,2.19,148.93,98.20,576.49,3.01,940.58,60.20,486.51
2026-03-25T15:20:00Z,56.42,2164.75,167.47,976.24,37.76,2382.45,159.91,199.48,47.34,2518.61,155.98,255.90,31.59,2410.44,158.36,69.95,202.20,30.61,92.14,181.93,1764.66,3567.69,2.48,150.93,96.26,571.14,2.98,931.33,60.43,485.38
2026-03-25T15:30:00Z,56.36,2168.42,166.86,956.65,38.15,2370.94,159.77,215.50,47.00,2524.43,155.55,265.84,31.37,2415.61,158.34,75.87,201.04,31.45,91.96,175.73,1760.03,3559.86,2.56,150.00,95.14,573.50,2.93,924.84,59.07,477.02
2026-03-25T15:40:00Z,56.68,2161.11,166.63,951.20,38.19,2367.70,160.17,218.38,47.28,2517.49,154.75,270.61,31.59,2415.05,159.00,80.89,202.42,32.28,91.55,183.18,1766.30,3551.22,2.51,149.51,97.43,579.51,2.87,939.55,57.85,493.61
2026-03-25T15:50:00Z,56.77,2159.52,166.40,943.56,38.30,2360.27,160.36,210.01,47.21,2522.20,155.11,268.55,31.98,2404.74,159.01,83.25,205.58,34.60,91.63,183.21,1752.61,3546.68,2.50,149.75,96.80,566.01,2.76,927.20,59.38,480.23
2026-03-25T16:00:00Z,56.77,2152.01,166.46,960.97,38.14,2367.56,160.53,205.83,46.98,2519.25,155.16,263.52,32.10,2400.84,158.41,79.28,203.35,30.74,91.82,182.93,1758.48,3545.42,2.51,150.08,96.52,569.85,3.06,926.04,59.49,477.76
2026-03-25T16:10:00Z,56.93,2149.78,166.30,975.57,37.73,2371.52,160.23,202.49,47.40,2521.35,155.23,265.05,32.28,2398.33,158.56,93.26,205.78,30.83,91.28,182.53,1762.15,3540.48,2.55,151.00,98.41,567.26,2.89,932.94,58.66,463.48
2026-03-25T16:20:00Z,56.97,2158.11,166.51,966.82,37.98,2377.93,159.83,212.22,47.40,2520.06,156.01,255.56,32.42,2386.92,158.42,108.98,203.93,29.11,91.83,183.17,1765.24,3546.02,2.63,150.43,96.23,571.37,2.96,941.39,58.60,482.21
2026-03-25T16:30:00Z,57.15,2149.18,166.09,966.76,37.74,2383.46,159.77,195.08,47.52,2518.05,155.86,260.22,31.85,2387.03,159.13,101.12,210.32,29.97,92.03,190.44,1773.87,3540.93,2.39,149.81,99.05,571.79,3.06,942.59,58.94,464.44
2026-03-25T16:40:00Z,56.84,2150.07,166.30,959.76,37.98,2383.82,159.68,200.88,47.00,2534.13,155.65,255.38,31.91,2396.27,159.41,95.64,206.77,30.00,91.55,184.13,1760.23,3543.24,2.60,150.30,97.92,574.65,3.05,933.65,57.99,484.39
2026-03-25T16:50:00Z,57.19,2158.62,166.62,956.81,38.00,2388.48,159.45,179.68,47.07,2524.40,155.77,261.62,31.77,2398.47,159.27,92.61,202.81,31.16,92.73,181.74,1762.16,3544.13,2.50,150.69,96.01,563.23,2.74,930.62,59.47,474.18
2026-03-25T17:00:00Z,57.20,2149.43,166.65,963.56,38.15,2389.92,159.44,186.25,47.21,2532.86,155.12,265.08,31.79,2398.88,159.42,110.15,208.03,31.84,92.13,188.86,1769.18,3556.23,2.74,149.14,100.79,577.81,2.79,930.56,57.96,483.72
2026-03-25T17:10:00Z,56.99,2153.27,166.50,965.04,38.34,2358.17,159.43,210.52,47.10,2525.00,155.14,264.34,31.73,2391.22,158.82,103.07,203.41,32.74,92.53,,1767.57,3554.05,2.73,149.68,99.31,576.82,2.99,936.27,60.23,480.95
2026-03-25T17:20:00Z,57.08,2159.19,166.23,974.67,38.33,2355.70,159.95,231.43,47.08,2521.82,155.37,265.28,31.73,2401.33,159.74,105.02,209.00,32.88,93.19,188.31,1767.81,3557.39,2.43,149.27,97.50,568.96,3.00,934.10,60.52,475.35
2026-03-25T17:30:00Z,56.93,2154.14,166.73,968.23,38.46,2363.73,160.52,233.37,47.06,2532.45,155.22,264.43,31.83,2407.28,159.08,105.48,209.88,32.60,92.59,187.43,1769.47,3560.18,2.38,150.24,98.49,572.11,2.74,935.05,60.10,481.73
2026-03-25T17:40:00Z,56.53,2162.07,166.85,954.88,38.42,2362.83,160.77,219.85,47.54,2508.53,155.48,273.21,31.77,2400.64,158.94,87.53,207.27,33.01,91.55,184.82,1761.08,3528.39,2.60,148.75,100.80,579.34,2.83,939.57,58.85,494.82
2026-03-25T17:50:00Z,56.77,2156.46,167.23,974.17,38.25,2368.70,160.94,191.27,47.70,2493.03,155.61,278.55,31.21,2414.69,160.24,83.53,200.95,30.79,92.35,180.06,1757.00,3535.85,2.45,148.14,97.25,577.93,3.29,932.90,59.29,484.14
2026-03-25T18:00:00Z,56.32,2158.05,166.40,964.47,38.16,2362.49,160.52,202.82,47.49,2506.84,155.37,283.04,30.94,2423.99,158.98,49.70,203.76,30.87,92.11,181.18,1761.12,3544.94,2.38,149.11,95.96,566.06,2.70,929.12,59.39,467.24
2026-03-25T18:10:00Z,56.27,2161.31,166.15,959.42,38.20,2370.21,160.01,218.56,47.71,2506.09,155.84,293.22,30.83,2425.52,159.50,62.02,204.67,31.30,91.22,186.37,1762.98,3556.51,2.34,147.98,96.23,571.29,3.15,927.60,59.50,468.13
2026-03-25T18:20:00Z,56.32,2163.73,166.62,944.97,38.34,2365.56,159.66,195.67,47.65,2494.84,155.45,287.45,30.56,2440.87,158.96,55.32,202.46,32.01,91.30,184.75,1758.09,3545.66,2.18,149.25,96.67,573.84,3.00,927.32,61.00,478.23
2026-03-25T18:30:00Z,56.39,2171.70,166.73,957.49,38.07,2369.78,159.51,201.70,47.25,2505.42,155.59,275.42,30.59,2439.89,158.63,45.96,202.07,31.51,92.06,184.29,1767.86,3543.46,2.65,150.39,95.50,567.77,2.86,938.12,59.02,487.10
2026-03-25T18:40:00Z,56.38,2165.54,166.38,956.13,37.58,2386.44,159.78,189.73,47.55,2508.35,156.40,288.00,31.01,2448.53,158.53,42.17,199.25,32.15,91.64,178.55,1758.84,3533.57,2.48,149.70,92.74,571.66,3.11,926.45,59.66,480.88
2026-03-25T18:50:00Z,56.62,2163.21,166.66,966.77,37.32,2391.98,160.19,180.93,47.72,2501.81,156.28,290.19,31.02,2430.88,158.42,61.50,203.63,31.24,91.66,182.95,1758.70,3558.94,2.72,149.27,97.73,577.12,3.13,926.99,59.27,475.49
2026-03-25T19:00:00Z,56.61,2153.24,165.94,963.09,37.17,2395.98,160.18,162.17,47.79,2504.74,156.13,287.65,31.07,2422.87,159.09,64.60,198.29,28.60,92.56,177.98,1749.19,3562.69,2.69,149.17,96.14,577.33,3.36,922.74,58.20,477.74
2026-03-25T19:10:00Z,56.57,2167.15,165.67,943.96,36.97,2389.94,160.55,173.44,47.65,2511.83,156.26,282.18,31.09,2428.88,158.12,47.56,203.82,30.15,92.42,184.43,1758.16,3545.93,2.37,150.78,98.93,571.65,2.87,927.08,58.65,472.47
2026-03-25T19:20:00Z,56.66,2163.18,165.98,960.09,36.85,2399.42,160.41,166.22,47.84,2506.46,156.28,297.37,31.32,2424.22,158.57,54.67,196.69,30.82,92.41,180.49,1764.91,3544.75,2.40,149.65,91.19,560.58,3.08,931.67,59.43,467.66
2026-03-25T19:30:00Z,56.73,2164.15,166.71,955.81,36.80,2391.68,160.17,171.47,47.98,2504.48,156.57,310.16,31.08,2427.33,158.67,59.72,204.01,32.22,93.54,181.25,1760.07,3552.25,2.40,149.33,96.51,577.47,2.99,922.08,59.76,478.55
2026-03-25T19:40:00Z,56.76,2159.00,166.60,963.31,37.05,2406.65,159.06,169.66,47.51,2510.26,157.04,307.39,31.12,2429.75,159.29,56.57,204.46,32.80,92.32,185.25,1763.43,3550.35,2.46,149.03,98.75,575.62,3.35,936.82,58.60,477.62
2026-03-25T19:50:00Z,56.86,2154.04,166.37,969.23,,2402.12,159.88,165.80,46.87,2526.52,156.42,293.31,31.23,2421.06,159.65,56.07,200.75,32.08,92.41,180.00,1747.81,3560.81,2.97,149.34,95.39,567.88,2.78,925.07,58.86,469.16
2026-03-25T20:00:00Z,57.00,2149.29,166.41,968.59,37.18,2403.46,158.67,162.46,46.76,2537.07,156.37,271.80,31.19,2416.48,159.34,39.69,200.26,31.02,92.05,182.43,1765.07,3549.02,2.27,149.47,97.98,574.56,2.96,937.18,58.92,476.07
2026-03-25T20:10:00Z,56.53,2155.76,166.32,968.58,37.18,2402.73,158.63,169.76,46.59,2533.57,155.85,259.73,31.25,2413.96,159.32,61.45,198.21,28.86,92.86,181.02,1755.00,3545.98,2.78,150.00,95.16,573.06,2.85,924.90,60.25,477.75
2026-03-25T20:20:00Z,56.84,2152.15,166.36,972.88,37.34,2404.31,159.09,165.41,46.68,2528.91,156.26,250.50,31.29,2401.42,159.20,74.35,198.94,29.85,92.61,177.53,1756.15,3549.92,2.51,147.95,92.34,563.24,3.02,932.37,59.80,473.25
2026-03-25T20:30:00Z,56.63,2147.61,166.31,970.06,37.36,2394.53,158.83,182.25,46.75,2536.03,155.11,236.05,30.96,2419.06,158.80,71.88,200.57,29.69,92.58,180.48,1756.96,3551.06,2.58,149.18,93.60,565.35,3.19,928.60,59.44,476.05
2026-03-25T20:40:00Z,56.82,2139.59,166.62,981.26,37.42,2387.23,159.66,191.45,46.74,2530.30,155.04,243.41,30.98,2422.91,159.61,71.36,203.01,29.31,92.80,181.87,1755.53,3566.51,2.48,150.01,95.68,572.83,3.41,928.78,60.56,481.22
2026-03-25T20:50:00Z,57.25,2150.90,167.48,983.01,37.56,2383.88,159.70,183.78,46.68,2541.14,155.52,259.02,30.95,2419.02,159.52,66.55,205.13,28.60,91.82,186.80,1767.32,3555.07,2.54,150.14,97.03,585.02,3.10,934.99,60.00,481.63
2026-03-25T21:00:00Z,57.03,2153.89,167.40,992.15,38.09,2371.07,160.00,199.19,46.55,2530.46,155.71,249.62,31.04,2412.59,158.88,63.02,205.01,30.35,91.93,182.15,1760.26,3557.07,3.12,149.73,97.61,569.64,3.07,931.53,58.75,476.41
2026-03-25T21:10:00Z,57.12,2132.64,167.11,982.11,38.15,2364.95,160.24,204.59,46.37,2535.98,155.20,247.65,31.01,2418.91,159.20,69.14,202.28,31.64,92.52,182.84,1768.20,3552.51,2.34,150.27,98.02,573.27,2.84,929.65,59.30,474.97
2026-03-25T21:20:00Z,57.52,2124.68,166.50,983.13,38.39,2372.63,159.90,207.15,46.19,2547.87,155.70,238.92,30.93,2418.28,159.09,62.49,206.54,30.65,92.11,185.59,1763.14,3546.52,2.50,149.05,98.73,574.12,3.11,926.84,59.35,484.84
2026-03-25T21:30:00Z,57.38,2131.05,167.06,990.60,38.08,2370.37,160.06,208.98,46.88,2543.13,155.73,232.25,31.16,2409.59,159.85,78.46,206.26,32.77,92.03,185.00,1765.47,3558.12,2.27,148.00,99.26,577.90,3.27,931.79,58.67,489.47
2026-03-25T21:40:00Z,57.42,2125.05,167.56,1010.29,38.01,2374.73,160.28,213.12,46.43,2540.94,155.52,242.42,31.06,2416.06,159.27,66.02,203.75,31.19,92.25,185.14,1768.26,3553.89,2.65,150.49,97.08,570.57,2.91,936.89,58.12,475.31
2026-03-25T21:50:00Z,57.27,2141.37,167.45,994.07,37.99,2385.21,160.92,212.16,46.25,2534.14,155.31,236.58,31.13,2410.45,159.29,65.91,201.06,31.28,92.28,186.34,1764.05,3553.89,2.50,148.99,96.37,574.32,3.12,933.70,58.72,477.24
2026-03-25T22:00:00Z,56.92,2139.97,167.04,984.62,37.92,2383.44,160.59,203.46,45.82,2544.95,155.66,237.74,31.01,2412.98,159.44,79.21,203.71,31.66,91.50,181.26,1755.27,3556.82,2.75,149.70,96.77,566.86,3.02,931.80,58.65,486.75
2026-03-25T22:10:00Z,57.29,2144.76,166.77,978.39,37.83,2382.62,160.70,206.71,46.04,2552.85,155.11,239.54,31.34,2419.32,158.80,61.12,200.45,29.33,90.79,180.60,1766.96,3537.70,2.73,147.38,94.79,572.42,3.20,920.60,60.43,485.39
2026-03-25T22:20:00Z,57.36,2143.54,166.58,972.82,37.74,2383.55,160.30,193.21,46.17,2544.26,154.93,232.46,30.99,2421.52,159.47,57.28,199.61,30.15,92.06,175.58,1752.94,3559.36,2.49,148.02,92.38,563.85,2.80,932.97,59.62,470.65
2026-03-25T22:30:00Z,57.33,2138.87,167.17,986.87,37.76,2385.86,159.45,199.72,46.03,2544.82,154.72,204.75,30.97,2429.24,158.84,60.68,199.07,29.68,91.21,176.04,1754.78,3551.32,2.90,148.45,95.78,574.42,3.17,926.11,60.31,471.53
2026-03-25T22:40:00Z,56.85,2154.51,166.37,973.16,37.78,2380.74,158.98,214.80,45.87,2546.69,154.41,212.27,30.90,2416.61,158.34,56.29,196.87,29.80,92.58,177.76,1754.95,3546.54,2.50,149.03,93.60,566.28,3.28,920.50,58.89,478.04
2026-03-25T22:50:00Z,56.61,2161.28,166.19,946.32,37.49,2381.92,159.28,195.95,46.05,2548.33,154.93,230.92,30.91,2432.17,158.68,52.48,202.85,28.13,92.76,184.74,1764.62,3555.50,2.66,150.57,98.51,563.57,2.62,938.76,60.83,471.91
2026-03-25T23:00:00Z,57.03,2159.49,166.63,946.67,37.37,2397.33,160.19,177.99,45.38,2569.82,154.77,,30.75,2436.67,158.89,47.98,199.06,29.44,92.79,179.19,1766.65,3561.24,2.53,148.76,91.13,563.00,3.03,931.71,59.62,473.71
2026-03-25T23:10:00Z,56.92,2150.31,166.66,943.91,37.22,2392.48,159.54,175.44,45.43,2557.42,154.15,201.43,30.40,2439.08,159.00,43.18,197.74,29.50,92.34,177.66,1765.10,3552.36,2.55,149.71,95.15,568.43,3.36,926.02,60.02,481.44
2026-03-25T23:20:00Z,57.10,2155.11,166.48,948.43,36.85,2403.34,158.84,180.00,45.76,2555.12,155.23,210.80,30.16,2435.20,157.68,56.36,199.09,29.33,92.27,177.77,1759.77,3551.14,2.90,149.63,95.56,572.94,3.28,932.02,59.72,476.76
2026-03-25T23:30:00Z,56.90,2151.21,165.22,948.67,36.67,2408.38,158.41,146.71,45.94,2560.73,154.91,209.62,30.15,2446.52,158.13,37.83,197.42,27.58,92.24,177.35,1759.84,3546.48,2.47,149.05,90.87,568.08,3.06,931.17,58.17,472.54
2026-03-25T23:40:00Z,57.14,2136.96,165.56,967.88,36.91,2399.79,158.09,149.90,46.13,2557.31,155.23,213.58,30.70,2439.18,158.04,29.72,196.89,29.00,92.05,178.56,1759.11,3561.24,2.42,147.25,93.01,563.26,2.92,923.82,58.78,470.69
2026-03-25T23:50:00Z,56.78,2143.43,165.67,967.71,36.57,2400.43,158.11,154.25,46.64,2537.60,154.56,224.64,30.68,2436.82,157.55,39.42,200.81,26.87,92.13,182.30,1759.75,3556.35,2.51,150.33,94.48,569.24,3.05,932.21,59.61,478.00
