timestamp,VAR_001,VAR_002,VAR_003,VAR_004,VAR_005,VAR_006,VAR_007,VAR_008,VAR_009,VAR_010,VAR_011,VAR_012,VAR_013,VAR_014,VAR_015,VAR_016,VAR_017,VAR_018,VAR_019,VAR_020,VAR_021,VAR_022,VAR_023,VAR_024,VAR_025,VAR_026,VAR_027,VAR_028,VAR_029,VAR_030
2026-01-22T00:00:00Z,67.66,1894.10,172.90,1345.62,34.48,2472.34,157.22,57.22,53.47,2357.12,161.48,491.33,36.39,2292.74,162.27,251.02,233.26,42.93,94.28,210.12,1786.27,3538.94,2.54,149.71,113.94,590.63,2.88,937.45,60.49,494.67
2026-01-22T00:10:00Z,67.67,1888.71,173.54,1352.47,34.16,2479.98,157.06,65.24,53.36,2376.18,161.10,475.32,36.11,2299.63,162.16,250.43,233.03,41.99,94.71,209.85,1783.67,3545.59,2.29,149.00,112.31,587.61,3.13,942.69,61.49,488.42
2026-01-22T00:20:00Z,67.38,1878.87,174.67,1343.35,33.57,2482.17,157.39,56.81,53.65,2366.32,160.92,461.20,36.00,2301.46,162.40,250.47,240.01,42.69,94.47,214.62,1795.97,3541.84,2.37,149.83,117.39,591.48,3.24,950.44,60.07,481.59
2026-01-22T00:30:00Z,67.25,1883.25,174.27,1351.88,33.55,2485.22,157.55,50.30,53.75,2360.43,161.22,484.32,35.87,2298.10,162.41,251.86,239.69,43.72,94.07,214.78,1778.39,3544.55,2.56,149.55,115.40,591.49,3.21,936.52,60.44,496.05
2026-01-22T00:40:00Z,66.94,1894.71,174.14,1339.18,33.53,2486.91,157.67,46.93,53.84,2355.89,161.24,499.40,35.95,2304.08,162.43,244.08,233.69,45.90,94.53,213.16,1789.94,3550.55,2.29,148.25,111.81,,2.62,947.61,58.86,498.80
2026-01-22T00:50:00Z,67.15,1892.90,174.19,1336.26,33.92,2488.36,157.82,53.81,53.90,2354.71,161.96,516.99,35.56,2308.19,162.25,242.37,232.71,43.26,93.75,212.48,1776.46,3560.94,2.68,149.49,110.98,591.55,2.72,932.47,59.66,500.54
2026-01-22T01:00:00Z,67.09,1900.28,173.67,1330.81,34.14,2475.90,158.14,63.55,54.00,2351.06,160.44,510.45,35.88,2302.14,162.40,219.01,235.22,42.44,93.94,211.82,1780.96,3549.78,2.46,149.76,113.44,590.68,2.86,942.68,58.83,496.56
2026-01-22T01:10:00Z,67.48,1898.00,173.83,1321.83,34.31,2471.38,158.08,81.16,53.55,2347.35,160.62,515.79,35.84,2310.51,162.43,230.25,235.14,41.60,93.61,214.45,1788.16,3555.99,2.39,150.54,113.30,597.77,2.89,943.30,59.02,501.85
2026-01-22T01:20:00Z,67.62,1901.43,173.77,1318.55,33.54,2484.98,157.03,61.85,53.58,2345.66,161.10,508.48,35.76,2302.07,162.01,242.08,235.24,42.58,92.69,210.31,1785.14,3550.16,2.38,148.40,111.70,593.52,2.90,944.03,59.09,501.98
2026-01-22T01:30:00Z,67.43,1888.91,173.68,1330.82,33.74,2492.12,156.60,57.55,53.63,2348.29,160.67,510.47,35.54,2311.75,162.30,227.68,232.69,41.12,92.79,210.82,1778.16,3539.82,2.55,148.45,109.66,593.98,2.71,938.14,59.22,492.36
2026-01-22T01:40:00Z,67.53,1884.60,173.45,1347.37,33.92,2485.07,156.40,46.51,53.21,2362.67,160.63,499.74,35.09,2312.66,162.43,219.44,236.73,41.95,93.83,213.82,1792.33,3556.88,2.40,148.38,113.49,596.30,3.11,941.15,59.17,491.27
2026-01-22T01:50:00Z,,1880.14,173.67,1351.50,33.77,2485.72,157.05,54.54,53.62,2361.42,161.28,512.07,35.66,2308.45,162.96,224.16,232.56,44.17,94.19,210.12,1784.18,3547.12,2.50,150.14,113.19,593.19,3.19,948.70,60.26,495.54
2026-01-22T02:00:00Z,67.95,1877.16,173.49,1351.05,34.01,2472.70,157.37,43.21,53.88,2356.79,161.18,507.77,35.83,2316.37,162.12,229.21,234.76,44.38,94.31,209.19,1784.32,3539.53,2.59,149.50,110.45,582.55,3.05,930.48,59.18,504.06
2026-01-22T02:10:00Z,67.36,1889.69,174.35,1340.07,34.33,2470.83,157.70,58.81,53.69,2362.55,161.33,511.15,35.67,2307.46,162.64,236.40,237.04,43.42,93.19,213.41,1785.99,3553.78,2.54,149.74,113.43,588.90,2.87,940.92,59.85,488.02
2026-01-22T02:20:00Z,67.27,1905.78,173.71,1341.02,34.30,2466.95,157.51,58.71,53.74,2350.73,161.28,507.76,35.88,2307.63,162.28,235.00,233.41,43.32,93.91,210.78,1792.13,3558.26,2.25,148.83,109.71,596.40,2.62,942.29,59.78,492.21
2026-01-22T02:30:00Z,67.19,1899.18,173.82,1343.75,34.04,2480.66,158.09,63.48,53.80,2351.84,161.30,494.25,35.74,2304.98,162.50,221.14,234.13,42.53,93.62,211.57,1789.51,3552.45,2.65,150.12,112.57,593.19,2.59,944.46,60.44,502.39
2026-01-22T02:40:00Z,67.28,1882.96,173.43,1344.06,34.02,2475.25,157.51,69.96,53.79,2348.78,160.37,498.27,35.45,2300.62,162.13,227.49,236.06,43.29,94.36,210.91,1792.24,3552.16,2.52,149.90,113.64,589.32,2.76,941.71,60.11,487.03
2026-01-22T02:50:00Z,67.53,1881.79,173.75,1332.86,34.26,2476.42,157.18,58.60,53.83,2350.08,160.30,503.57,35.18,2315.37,161.82,226.19,232.74,43.11,94.67,209.89,1790.76,3537.89,2.58,150.07,113.59,593.06,3.16,940.23,60.16,494.37
2026-01-22T03:00:00Z,67.75,1871.38,174.11,1335.36,34.16,2481.11,156.96,66.43,53.94,2337.24,160.36,511.07,34.83,2317.82,162.05,225.58,233.46,43.58,94.68,210.52,1789.10,3556.68,2.66,150.90,112.16,594.15,3.14,941.17,59.85,495.35
2026-01-22T03:10:00Z,67.54,1890.99,173.72,1350.40,34.38,2466.91,157.42,73.97,54.38,2335.75,161.34,517.06,34.69,2321.43,162.18,223.47,241.10,43.54,93.34,217.72,1789.88,3551.20,,149.96,117.11,596.30,3.04,943.40,59.45,499.68
2026-01-22T03:20:00Z,67.73,1888.04,174.69,1349.21,34.45,2457.53,156.96,68.23,54.30,2340.94,161.05,518.66,34.65,2329.46,161.46,216.83,239.68,42.80,93.94,215.28,1793.05,3541.15,2.53,149.32,113.18,586.34,2.69,944.45,60.63,493.95
2026-01-22T03:30:00Z,67.84,1876.91,174.41,1355.84,34.17,2467.88,157.26,65.79,54.19,2347.64,161.18,530.11,34.89,2323.22,161.59,211.44,236.31,44.21,93.89,213.56,1788.58,3561.55,2.20,149.47,110.75,585.99,2.85,949.02,59.72,492.78
2026-01-22T03:40:00Z,67.78,1869.48,174.59,1361.88,33.72,2467.50,156.79,59.22,54.09,2338.54,161.54,525.20,34.61,2332.73,161.96,199.56,234.35,42.85,94.39,210.97,1780.23,3552.25,2.39,150.51,113.69,594.09,2.87,933.25,60.16,501.81
2026-01-22T03:50:00Z,68.12,1864.98,174.20,1365.40,33.46,2481.82,157.06,48.21,54.29,2345.29,161.10,518.00,34.89,2323.58,161.27,187.32,232.40,41.79,94.00,210.91,1787.59,3547.90,2.44,149.96,112.43,584.72,3.01,939.07,60.50,489.69
2026-01-22T04:00:00Z,68.15,1871.38,174.56,1369.87,32.91,2501.29,156.58,33.86,54.10,2356.00,160.72,512.02,34.62,2328.87,160.79,194.08,229.44,42.57,93.58,207.23,1784.95,3547.16,2.29,149.16,109.83,583.12,3.16,944.54,60.52,477.81
2026-01-22T04:10:00Z,68.14,,173.95,1369.13,33.20,2500.53,157.19,24.84,53.54,2361.28,161.45,497.92,33.84,2336.14,161.11,177.71,230.89,43.22,93.94,205.49,1778.74,3558.14,2.38,150.51,108.57,591.76,2.56,939.55,59.31,492.04
2026-01-22T04:20:00Z,68.11,1881.40,174.53,1372.06,33.17,2496.41,156.72,24.31,53.66,2364.35,161.48,500.60,33.98,2353.73,161.69,173.07,234.92,40.60,93.98,212.10,1788.56,3556.59,2.39,150.72,114.49,589.24,2.90,945.41,61.20,491.87
2026-01-22T04:30:00Z,67.40,1894.30,174.53,1360.95,33.12,2491.24,156.99,52.34,53.92,2356.70,161.27,495.96,33.93,2357.92,161.53,161.66,233.47,43.18,94.48,209.66,1793.10,3550.53,2.34,149.49,111.19,590.20,2.87,954.58,60.04,493.69
2026-01-22T04:40:00Z,67.70,1892.57,173.65,1354.96,33.39,2498.41,157.70,49.91,53.48,2357.14,160.66,483.81,34.39,2344.81,160.78,182.45,226.41,43.38,94.33,203.17,1784.45,3556.30,2.15,150.24,109.75,593.25,2.91,944.40,60.14,500.91
2026-01-22T04:50:00Z,67.55,1886.53,174.19,1359.86,33.40,2497.58,157.65,54.05,53.39,2351.33,160.54,498.27,34.32,2351.21,160.58,174.02,222.54,43.03,93.90,202.50,1777.41,3535.82,2.53,150.60,105.11,578.50,2.82,940.87,60.70,481.06
2026-01-22T05:00:00Z,67.55,1890.24,174.53,1346.83,33.41,2488.06,157.44,48.92,53.26,2373.32,160.39,484.97,34.60,2351.39,160.83,173.61,228.61,44.03,93.37,205.89,1786.38,3556.29,2.61,149.75,108.25,587.72,2.86,947.81,60.08,483.53
2026-01-22T05:10:00Z,67.26,1892.89,174.01,1340.20,33.39,2474.89,157.33,50.58,52.92,2379.78,160.67,477.76,35.20,2334.94,161.35,203.53,226.32,45.60,94.37,201.97,1777.83,3555.64,2.58,150.45,108.26,598.04,2.96,933.71,58.57,494.68
2026-01-22T05:20:00Z,67.33,1887.84,173.70,1353.42,32.83,2488.00,157.43,49.22,52.35,2388.70,160.16,459.66,35.77,2319.32,161.99,207.55,227.56,43.50,93.70,200.12,1785.67,3566.61,2.56,150.37,109.47,591.95,3.27,944.96,60.51,499.83
2026-01-22T05:30:00Z,67.47,1894.92,174.24,1334.63,32.62,2502.22,157.64,41.42,52.85,2381.46,159.72,457.55,36.08,2297.60,162.81,222.61,231.49,42.73,95.03,204.71,1781.32,3542.14,2.72,150.45,105.34,579.73,3.01,934.73,59.63,481.02
2026-01-22T05:40:00Z,67.49,1893.64,173.34,1342.01,32.71,2511.72,156.99,22.52,52.87,2385.08,159.99,450.91,36.32,2283.88,162.87,252.10,231.52,43.12,94.44,208.51,1788.67,3563.48,2.66,148.24,109.40,590.44,3.24,946.40,60.44,490.91
2026-01-22T05:50:00Z,67.51,1889.94,173.83,1347.28,32.35,2506.99,156.48,18.28,52.64,2380.89,159.85,454.05,36.39,2283.60,162.91,262.38,227.08,43.52,94.59,204.96,1785.87,3554.57,2.65,151.30,107.08,580.91,3.15,941.06,60.01,479.78
2026-01-22T06:00:00Z,67.49,1886.67,173.55,1346.72,32.88,2508.21,156.49,17.97,52.83,2382.95,159.72,460.84,36.23,2306.90,163.01,235.95,229.95,43.61,93.21,211.48,1790.87,3569.33,2.44,148.43,111.30,585.83,3.05,938.12,60.49,485.96
2026-01-22T06:10:00Z,67.21,1890.97,174.27,1335.07,33.25,2511.71,157.13,15.47,53.06,2381.37,160.51,465.26,36.13,2310.75,162.49,238.49,230.41,43.36,93.53,209.67,1780.10,3557.10,2.62,149.69,111.79,592.93,2.90,938.74,60.75,494.49
2026-01-22T06:20:00Z,67.23,1904.03,174.20,1344.07,33.53,2497.24,156.10,20.10,53.46,2369.06,161.32,479.06,36.09,2301.28,162.86,219.16,234.28,41.13,93.66,208.63,1787.50,3550.04,2.56,151.06,109.12,581.23,3.30,942.34,60.47,472.69
2026-01-22T06:30:00Z,67.11,1900.62,173.87,1342.98,33.89,2490.05,156.25,39.01,53.45,2375.18,160.79,472.75,36.26,2298.28,162.19,228.69,238.12,41.17,93.79,213.48,1788.92,3549.82,2.35,149.18,113.42,596.96,2.83,948.88,60.15,501.75
2026-01-22T06:40:00Z,66.93,1899.32,173.73,1337.07,33.58,2488.93,156.89,37.86,53.39,2372.14,161.36,488.05,36.36,2301.53,161.73,214.79,233.58,42.16,94.46,207.78,1783.65,3558.21,2.39,150.94,112.31,588.75,2.67,946.42,60.85,496.29
2026-01-22T06:50:00Z,67.05,1901.75,174.36,1334.08,33.40,2483.88,156.42,34.07,53.05,2376.85,160.26,471.37,36.48,2295.39,161.35,237.54,237.50,43.14,94.02,213.82,1787.15,3550.49,2.36,150.76,117.52,592.83,2.95,948.21,59.90,493.90
2026-01-22T07:00:00Z,67.42,1893.01,173.55,1342.39,33.15,2487.56,156.79,37.49,53.22,2371.85,160.45,472.23,36.04,2300.01,162.20,237.49,234.85,45.85,94.13,211.77,1778.27,3535.46,2.42,149.56,111.28,597.73,2.84,937.99,59.98,502.27
2026-01-22T07:10:00Z,67.34,1887.29,174.61,1354.24,33.46,2487.70,156.89,48.42,53.54,2364.44,159.96,464.31,35.67,2300.17,162.28,240.91,241.81,44.68,94.18,218.56,1794.59,3541.18,2.77,150.56,115.09,589.03,2.99,947.95,58.85,496.87
2026-01-22T07:20:00Z,67.43,1890.65,173.93,1357.65,33.38,2490.38,157.06,46.50,53.77,2358.73,160.46,478.28,35.20,2308.95,162.67,242.37,240.12,44.03,93.98,216.32,1785.99,3555.78,2.58,149.42,117.29,593.37,2.84,942.72,59.96,505.51
2026-01-22T07:30:00Z,67.17,1884.72,173.97,1346.61,33.29,2494.85,156.78,43.92,53.33,2371.71,160.99,493.22,35.10,2311.31,162.33,225.23,233.39,43.43,93.85,210.60,1791.71,3556.30,2.62,149.97,111.31,584.68,2.82,944.88,59.31,490.84
2026-01-22T07:40:00Z,67.09,1898.61,174.21,1345.26,33.39,2494.36,157.01,38.83,53.45,2372.84,160.61,482.23,35.57,2306.58,162.44,241.10,233.58,43.55,94.33,210.38,1786.34,3550.23,2.36,147.36,112.14,587.45,2.85,940.57,59.68,490.29
2026-01-22T07:50:00Z,66.95,1890.46,174.41,1333.40,33.41,2493.97,156.96,39.11,53.68,2354.62,160.80,495.19,35.47,2309.63,162.48,235.79,238.69,43.21,94.11,214.75,1793.42,3552.48,2.26,150.62,112.82,591.92,2.96,955.35,58.97,487.64
2026-01-22T08:00:00Z,67.00,1896.47,173.62,1321.12,33.56,2485.75,156.98,28.27,54.03,2358.76,161.02,499.57,35.59,2310.10,161.88,220.28,236.23,43.64,94.04,214.89,1792.04,3556.90,2.87,150.67,113.23,586.05,3.04,949.75,59.75,494.52
2026-01-22T08:10:00Z,67.14,1897.98,173.78,1326.67,33.47,2480.96,157.45,32.54,53.78,2353.01,160.68,495.42,35.71,2306.43,161.70,224.43,235.31,43.35,94.36,209.67,1781.10,3565.31,2.61,151.30,110.44,595.41,2.95,938.06,59.29,494.63
2026-01-22T08:20:00Z,67.19,1898.57,174.26,1333.33,33.93,2471.01,157.01,42.55,53.07,2366.90,160.56,497.48,35.72,2299.18,162.46,226.15,230.78,41.86,94.24,209.84,1776.19,3550.57,2.49,147.36,111.57,583.75,2.73,942.23,59.75,486.45
2026-01-22T08:30:00Z,67.05,1895.25,174.67,1330.61,33.99,2466.59,157.01,54.97,53.08,2370.51,160.22,485.02,35.78,2293.44,162.43,235.90,234.93,44.17,93.79,210.82,1778.64,3554.09,2.32,148.26,114.68,592.48,2.90,941.50,59.21,503.87
2026-01-22T08:40:00Z,67.24,1903.03,174.31,1318.37,34.09,2470.59,156.74,50.51,53.28,2352.76,160.31,504.67,36.03,2297.98,161.78,230.09,235.48,44.72,94.88,212.45,1788.83,3545.10,2.21,148.74,110.04,592.78,2.98,946.89,60.90,488.68
2026-01-22T08:50:00Z,67.21,1903.50,173.44,1313.65,33.85,2479.10,156.68,58.00,53.23,2355.25,160.78,484.45,36.25,2312.89,161.46,221.76,234.64,45.67,94.88,215.13,1790.18,3557.53,2.72,150.29,112.00,585.87,3.02,955.36,61.00,482.84
2026-01-22T09:00:00Z,67.50,1904.11,172.65,1313.87,33.78,2485.02,157.11,62.22,53.16,2361.82,160.07,491.06,36.17,2302.39,161.55,228.34,231.48,46.12,94.12,209.81,1782.30,3542.07,2.65,148.66,110.23,584.88,3.06,943.21,59.58,503.83
2026-01-22T09:10:00Z,67.45,1892.78,173.30,1325.33,33.66,2504.22,157.35,43.37,53.10,2377.66,160.13,472.53,36.46,2296.39,161.99,246.22,235.22,44.09,93.98,214.17,1792.34,3547.09,2.45,150.46,111.70,594.80,2.70,945.39,60.71,505.29
2026-01-22T09:20:00Z,67.15,1892.40,173.85,1331.61,33.48,2498.18,157.37,54.15,52.91,2378.42,159.04,466.93,36.20,2290.61,162.77,236.35,230.84,42.85,93.17,208.33,1790.02,3536.49,3.05,149.42,108.79,595.30,3.14,951.24,61.30,488.90
2026-01-22T09:30:00Z,67.60,1873.13,173.04,1326.95,33.67,2489.36,157.40,43.08,52.99,2369.67,159.66,465.66,35.96,2295.98,162.39,239.62,231.71,43.45,93.63,210.43,1781.86,3544.30,2.57,150.65,107.50,583.05,3.01,940.34,59.83,481.20
2026-01-22T09:40:00Z,67.30,1894.02,173.85,1336.71,33.78,2483.87,157.12,37.95,53.13,2369.28,159.62,460.59,35.96,2291.92,162.56,235.37,230.22,44.31,94.87,208.16,1779.95,3555.25,2.39,149.54,110.66,586.63,2.92,939.26,59.75,491.79
2026-01-22T09:50:00Z,67.50,1884.07,173.82,1339.22,34.09,2478.01,157.88,54.77,53.36,2358.08,159.04,462.98,35.79,2306.27,162.40,243.11,235.24,42.59,94.39,213.94,1794.88,3545.09,2.28,149.00,114.17,596.41,3.16,951.01,60.45,503.01
2026-01-22T10:00:00Z,67.69,1880.08,173.22,1357.52,34.23,2478.81,158.10,55.96,53.40,2360.47,159.48,475.31,35.38,2315.03,162.94,230.97,238.19,43.45,94.34,212.46,1785.35,3537.94,2.89,148.60,113.44,592.60,3.13,946.19,58.49,488.16
2026-01-22T10:10:00Z,68.04,1878.36,173.71,1337.53,34.59,2468.92,157.30,68.03,53.57,2365.27,159.98,473.89,35.45,2312.88,162.90,229.63,228.94,43.93,94.65,208.81,1780.86,3545.94,2.63,149.55,109.38,586.16,3.08,934.85,58.64,487.08
2026-01-22T10:20:00Z,68.07,1863.77,174.04,1359.55,34.23,2460.89,157.68,64.27,53.64,2366.44,160.52,479.85,35.52,2309.49,162.57,224.68,226.84,42.46,95.12,204.08,1763.52,3565.98,2.57,149.00,109.12,588.27,3.14,935.76,60.28,481.39
2026-01-22T10:30:00Z,67.98,1864.60,174.49,1371.61,34.74,2466.18,157.73,82.42,53.84,2358.90,160.41,484.99,35.55,2313.30,162.74,224.00,230.39,43.40,94.77,202.66,1786.37,3547.42,2.60,151.48,107.78,590.78,3.29,940.42,60.89,496.16
2026-01-22T10:40:00Z,67.79,1869.12,174.86,1362.75,34.93,2460.57,158.23,81.06,53.73,2363.78,160.49,479.53,35.60,2317.65,162.16,239.30,232.68,46.58,94.79,207.48,1787.29,3557.33,2.62,150.23,111.64,587.42,2.63,939.37,60.77,485.14
2026-01-22T10:50:00Z,67.56,1877.07,173.91,1357.60,34.95,2464.29,158.10,82.07,53.73,2364.81,160.00,480.92,35.88,2307.01,162.82,217.94,228.94,43.89,94.22,200.94,1780.36,3556.26,2.61,149.08,108.99,588.60,2.81,942.83,59.09,485.73
2026-01-22T11:00:00Z,67.72,1874.79,173.42,1366.99,34.91,2461.42,157.79,78.56,53.71,2369.78,160.37,479.73,36.07,2292.15,161.98,238.51,232.45,43.73,94.47,208.89,1782.73,3546.21,2.70,151.30,110.57,592.40,2.68,940.00,59.68,490.49
2026-01-22T11:10:00Z,67.93,1879.30,173.78,1356.95,34.39,2469.28,157.71,60.90,53.14,2369.75,160.50,468.18,36.00,2291.21,162.79,255.28,232.18,40.89,94.29,207.70,1782.51,3546.49,2.54,148.02,113.34,589.88,2.77,941.58,60.14,491.79
2026-01-22T11:20:00Z,67.70,1870.36,174.19,1360.96,34.67,2453.16,157.01,83.58,52.79,2378.15,160.26,463.26,36.16,2284.69,162.42,247.03,231.61,42.67,94.14,210.41,1785.33,3547.07,2.46,149.47,108.47,581.14,3.28,943.55,60.04,499.14
2026-01-22T11:30:00Z,68.19,1874.98,175.09,1358.24,34.67,2456.30,156.93,77.06,53.06,2368.77,160.40,479.97,36.04,2294.32,161.77,249.49,,44.60,94.04,211.75,1790.13,3551.55,2.37,150.29,112.98,588.76,2.95,944.08,59.44,493.98
2026-01-22T11:40:00Z,68.61,1867.43,174.31,1378.05,34.85,2459.06,157.26,71.72,52.79,2372.50,159.92,470.46,36.07,2294.97,161.46,232.12,238.20,43.77,93.65,218.18,1797.06,3556.91,2.68,150.22,115.42,593.04,2.85,948.89,60.41,493.09
2026-01-22T11:50:00Z,68.19,1878.96,174.58,1375.64,34.93,2459.25,156.87,84.80,52.52,2376.53,160.20,475.93,36.28,2294.44,162.59,243.07,236.95,44.58,93.85,214.90,1795.22,3558.02,2.55,149.02,114.50,592.45,3.32,,59.64,480.74
2026-01-22T12:00:00Z,68.59,1869.75,174.90,1372.49,34.54,2460.22,157.07,77.43,52.52,2371.11,159.06,475.81,36.47,2284.17,162.58,255.62,242.12,44.96,93.34,216.48,1791.90,3539.21,2.63,149.05,116.20,601.14,2.72,943.78,60.18,499.85
2026-01-22T12:10:00Z,68.75,1868.21,174.86,1366.58,34.20,2471.57,157.94,72.44,53.06,2372.41,159.47,465.47,36.58,2285.41,162.68,252.82,240.28,44.40,93.34,219.52,1794.29,3561.36,2.16,152.17,114.04,591.43,3.24,952.43,59.82,496.07
2026-01-22T12:20:00Z,68.57,1859.36,174.15,1369.93,34.32,2457.88,157.41,56.41,52.87,2383.40,160.29,468.13,36.74,2279.26,162.23,253.31,234.87,43.86,93.36,210.86,1792.96,3542.45,2.33,149.27,112.07,591.29,3.28,944.65,60.30,502.06
2026-01-22T12:30:00Z,68.77,1866.43,173.79,1360.21,34.28,2463.49,157.36,60.90,53.11,2381.72,159.88,471.96,36.66,2289.52,163.14,236.98,237.46,42.96,93.36,215.60,1784.62,3542.35,2.48,152.26,112.74,588.88,3.12,947.29,60.17,487.79
2026-01-22T12:40:00Z,68.62,1860.92,173.46,1361.14,34.43,2473.59,157.36,66.98,53.22,2361.02,159.74,477.04,36.78,2284.55,162.56,237.88,232.65,44.98,93.16,207.25,,3548.76,2.58,149.70,109.54,583.06,3.11,935.97,60.52,480.47
2026-01-22T12:50:00Z,68.13,1871.11,173.88,1371.87,34.19,2471.12,157.86,50.01,53.24,2368.33,159.34,478.10,36.75,2288.04,162.75,243.75,232.12,46.51,93.20,207.36,1777.09,3552.46,2.41,149.68,112.71,588.72,3.12,936.77,60.55,493.10
2026-01-22T13:00:00Z,68.24,1873.22,173.64,1372.74,34.34,2465.87,157.09,60.01,53.32,2361.38,160.38,481.66,36.55,2280.83,162.51,250.74,234.79,45.36,93.56,210.79,1785.02,3552.58,2.65,152.11,113.76,588.70,2.74,937.96,60.23,488.10
2026-01-22T13:10:00Z,68.41,1859.05,173.74,1375.93,34.15,2473.50,157.78,54.98,53.57,2372.12,160.68,475.54,36.44,2291.27,161.96,260.42,237.51,44.17,93.71,213.08,1786.56,3558.59,2.48,150.77,114.81,591.85,2.92,937.08,59.42,477.19
2026-01-22T13:20:00Z,68.50,1863.00,,1374.29,34.28,2476.77,157.26,64.32,53.58,2366.99,160.24,487.49,36.52,2295.64,162.42,272.14,232.59,45.80,93.32,209.75,1787.96,3550.07,2.27,149.85,108.86,585.48,3.29,946.15,59.33,486.50
2026-01-22T13:30:00Z,68.53,1867.06,174.63,1380.20,34.50,2466.87,157.54,76.91,53.75,2354.20,160.24,501.74,36.60,2292.40,162.03,255.33,235.84,44.69,93.19,213.66,1795.77,3550.35,2.44,149.78,112.38,591.67,2.78,951.73,59.76,490.65
2026-01-22T13:40:00Z,68.48,1860.76,175.15,1375.85,34.54,2466.91,156.92,75.50,53.86,2358.27,160.50,483.34,36.51,2294.55,162.34,248.01,233.49,44.42,94.41,211.62,1792.79,3554.33,2.24,149.39,112.95,587.20,3.19,941.39,60.25,492.73
2026-01-22T13:50:00Z,68.60,1862.98,175.03,1377.05,35.08,2459.73,157.06,88.61,53.80,2355.45,161.25,494.19,36.16,2301.34,163.25,242.19,234.79,43.33,94.86,211.89,1799.32,3552.30,2.51,150.10,113.15,600.19,2.88,944.14,61.30,503.67
2026-01-22T14:00:00Z,68.29,1867.37,174.74,1387.15,34.94,2462.15,157.74,95.33,53.73,2343.86,160.42,500.53,36.16,2293.10,162.61,237.71,243.23,44.25,94.35,220.64,1803.08,3558.15,2.38,150.06,116.49,595.02,2.84,953.03,61.14,496.16
2026-01-22T14:10:00Z,68.39,1870.54,174.98,1374.44,34.98,2444.24,157.94,104.45,53.50,2350.72,160.89,506.74,36.15,2292.08,162.22,239.82,241.19,45.85,94.65,216.54,1792.39,3562.28,2.38,151.33,116.04,599.62,2.85,942.64,59.92,489.90
2026-01-22T14:20:00Z,68.70,1855.91,174.62,1385.92,35.18,2441.72,158.01,117.10,53.18,2356.58,160.78,502.46,36.31,2296.36,162.17,245.45,242.61,43.80,94.23,214.91,1791.24,3546.16,2.57,150.26,117.64,593.57,2.95,948.75,59.56,507.13
2026-01-22T14:30:00Z,68.29,1871.04,174.48,1378.28,35.40,2438.02,157.67,103.39,53.42,2352.35,160.86,495.51,36.22,2301.96,162.54,231.11,240.64,46.69,94.40,217.58,1793.70,3540.31,2.43,149.29,113.20,590.96,3.04,949.51,58.15,501.03
2026-01-22T14:40:00Z,68.53,1862.76,174.45,1376.64,35.81,2433.38,157.95,114.15,53.71,2352.22,160.35,500.84,36.15,2296.35,162.01,233.60,240.25,46.86,95.08,216.14,1794.29,3557.50,2.41,148.84,116.95,593.82,2.91,944.41,60.44,495.52
2026-01-22T14:50:00Z,68.56,1851.86,174.16,1380.80,35.51,2443.18,158.05,113.95,53.68,2361.08,160.83,510.59,35.96,2291.76,162.77,240.93,241.57,46.51,94.74,217.26,1788.08,3545.92,2.29,149.99,114.46,594.92,3.16,944.78,59.56,506.98
2026-01-22T15:00:00Z,68.91,1848.13,175.20,1395.69,35.46,2436.46,157.44,98.09,53.47,2370.60,161.17,497.09,36.10,2293.60,161.85,225.63,243.82,47.21,94.36,216.69,1800.29,3560.82,2.58,150.83,116.43,592.78,3.32,950.42,59.13,498.09
2026-01-22T15:10:00Z,68.42,1857.04,175.08,1377.88,35.40,2440.66,157.75,106.90,53.54,2359.73,160.91,493.59,35.68,2298.71,162.38,239.88,238.99,44.96,93.56,214.80,1796.17,3542.34,2.75,151.18,112.35,593.69,3.02,948.99,60.27,488.77
2026-01-22T15:20:00Z,68.38,1855.38,174.65,1387.13,35.80,2426.19,157.77,127.17,53.66,2352.44,160.86,493.52,35.92,2295.08,162.33,238.07,235.62,45.15,93.47,212.99,1795.46,3538.79,2.67,148.34,113.71,594.46,3.27,946.45,60.53,499.87
2026-01-22T15:30:00Z,68.29,1868.28,174.13,1364.77,35.41,2431.21,158.50,126.04,53.52,2358.38,160.35,491.26,36.36,2294.77,162.04,232.87,240.50,45.08,93.53,217.12,1788.39,3544.35,2.41,149.23,116.92,601.28,2.81,947.60,60.42,494.32
2026-01-22T15:40:00Z,68.22,1866.77,174.41,1368.72,35.41,2446.41,158.16,108.00,53.51,2369.21,160.79,490.56,36.56,2284.80,161.54,245.89,238.20,44.85,93.14,212.71,1789.55,3555.28,2.71,150.75,118.20,600.13,3.34,944.32,60.30,494.67
2026-01-22T15:50:00Z,68.26,1867.13,174.39,1356.44,35.45,2439.40,157.55,116.48,53.18,2373.77,161.00,481.76,36.97,2277.93,162.59,257.33,236.90,42.98,94.57,212.13,1787.93,3548.05,2.46,151.51,112.29,584.59,2.73,948.20,58.44,484.07
2026-01-22T16:00:00Z,68.06,1866.66,173.50,1356.75,35.40,2435.06,157.71,124.25,53.69,2351.22,160.36,483.83,36.66,2289.45,162.27,254.55,239.36,42.97,95.36,217.33,1795.32,3539.59,2.61,148.76,114.71,593.51,2.90,943.73,58.61,492.07
2026-01-22T16:10:00Z,68.10,1865.07,174.58,1347.63,35.56,2438.42,157.97,121.50,53.57,2355.99,160.49,486.48,36.78,2292.60,162.62,268.03,239.71,43.47,95.54,213.62,1786.56,3535.80,2.56,147.00,112.33,587.37,3.11,946.07,59.89,493.20
2026-01-22T16:20:00Z,68.33,1856.34,173.86,1346.80,35.64,2427.54,158.14,120.35,53.49,2357.83,160.50,497.15,37.10,2271.92,163.23,269.57,242.48,46.28,95.12,217.74,1797.29,3552.09,2.31,150.57,114.69,590.87,2.79,950.04,60.75,488.24
2026-01-22T16:30:00Z,68.55,1856.84,174.40,1361.24,35.65,2437.04,158.35,122.98,53.59,2356.03,160.17,493.81,37.00,2277.16,162.84,271.07,240.87,45.55,94.84,216.33,1791.75,3549.12,2.64,149.92,114.30,590.10,3.10,940.32,59.20,488.56
2026-01-22T16:40:00Z,68.34,1854.84,174.21,1371.92,35.14,2434.82,157.87,117.05,53.82,2361.76,160.43,514.68,36.94,2283.65,162.88,264.45,241.87,46.02,94.90,222.08,1797.32,3540.90,2.48,148.83,114.33,592.80,3.16,945.19,60.27,491.48
2026-01-22T16:50:00Z,68.36,1868.10,175.13,1373.73,34.68,2451.83,157.51,113.45,54.34,2346.76,161.25,523.22,37.19,2276.95,163.17,280.26,241.68,46.31,94.30,216.87,1781.74,3549.59,2.32,149.55,117.01,594.69,3.18,939.30,60.60,508.88
2026-01-22T17:00:00Z,68.32,1863.04,174.30,1370.01,34.73,2453.35,157.97,93.23,53.99,2347.91,160.69,528.52,37.00,2275.64,162.86,281.87,245.99,45.36,94.11,219.62,1796.63,3546.74,2.44,151.18,118.31,595.58,3.17,952.04,60.02,498.08
2026-01-22T17:10:00Z,68.00,1869.28,174.40,1366.61,34.77,2453.42,158.11,96.93,54.03,2353.54,160.53,509.62,36.98,2278.92,162.78,266.11,243.39,46.02,94.21,217.02,1791.26,3550.26,2.70,150.01,118.69,598.49,2.72,947.62,59.13,504.32
2026-01-22T17:20:00Z,68.23,1878.28,173.92,1356.72,34.46,2461.74,158.45,96.84,54.12,2349.44,160.91,533.31,36.93,2279.78,162.60,258.47,236.61,44.75,94.46,211.84,1788.48,3534.37,2.39,150.22,113.87,587.32,2.88,941.95,59.32,486.69
2026-01-22T17:30:00Z,68.25,1871.40,173.93,1357.87,34.19,2460.72,158.48,98.10,54.11,2351.53,160.83,521.84,36.63,2279.76,162.27,277.95,239.43,45.50,94.79,212.30,1789.74,3547.25,2.32,149.12,114.47,598.30,2.91,948.73,60.77,498.52
2026-01-22T17:40:00Z,67.91,1870.30,173.75,1354.73,33.79,2467.63,158.61,83.00,53.83,2353.14,160.92,513.41,36.74,2274.31,162.84,262.61,239.20,45.72,94.04,219.43,1793.00,3540.31,2.79,151.25,113.34,596.48,2.94,945.13,59.18,502.95
2026-01-22T17:50:00Z,67.33,1884.08,173.02,1350.25,33.74,2483.30,157.42,61.88,53.66,2353.36,160.63,499.02,37.16,2280.90,163.41,269.22,238.02,48.33,93.97,213.47,1783.80,3531.92,2.38,149.74,112.10,593.19,2.93,936.15,59.37,492.31
2026-01-22T18:00:00Z,67.66,1892.40,173.68,1340.85,33.55,2487.33,157.00,66.46,53.44,2364.09,161.63,488.49,37.19,2267.61,163.68,282.63,237.50,46.13,94.32,212.82,1787.76,3549.77,2.72,148.96,114.84,599.55,3.41,946.40,60.56,497.40
2026-01-22T18:10:00Z,67.93,1887.97,173.69,1348.82,33.34,2490.32,157.58,58.11,53.35,2353.92,161.22,495.03,36.92,2281.00,162.83,282.62,239.39,48.96,93.86,221.31,1794.53,3557.43,2.38,148.94,113.56,581.36,2.74,950.87,60.95,484.26
2026-01-22T18:20:00Z,67.82,1882.31,173.62,1353.87,33.43,2497.35,157.06,43.53,54.05,2341.64,160.53,511.30,36.97,2269.72,163.73,274.69,239.44,44.58,94.38,214.17,1788.75,3559.67,2.66,150.35,115.68,598.68,3.10,945.57,62.10,499.81
2026-01-22T18:30:00Z,67.69,1878.54,173.13,1349.63,33.66,2491.92,156.87,41.03,54.45,2338.40,161.36,530.14,36.78,2279.89,163.45,274.53,238.34,43.66,93.47,215.62,1782.95,3566.91,2.56,148.74,115.67,597.16,3.13,941.95,61.17,491.18
2026-01-22T18:40:00Z,67.33,1884.01,173.97,1353.95,34.05,2492.21,156.33,43.48,54.32,2333.05,161.13,525.90,36.90,2279.91,163.04,273.06,239.50,44.42,94.56,215.25,1796.02,3556.49,2.08,151.01,118.79,596.37,2.87,953.20,60.05,497.60
2026-01-22T18:50:00Z,66.84,1888.38,174.24,1340.35,34.06,2487.36,156.35,55.00,54.91,2331.57,160.55,532.12,37.05,2280.29,163.34,277.32,236.66,44.66,94.00,213.46,1784.62,3549.65,2.58,150.22,115.10,586.70,2.75,938.45,60.31,492.02
2026-01-22T19:00:00Z,66.69,1901.26,174.09,1327.46,34.26,2472.73,157.08,66.38,54.50,2336.51,160.64,520.73,36.90,2272.86,163.64,273.00,238.04,46.84,94.59,215.05,1792.33,3554.61,2.44,152.84,112.95,591.06,3.06,945.20,59.01,489.49
2026-01-22T19:10:00Z,67.23,1896.04,173.74,1328.59,34.12,2477.72,157.48,54.76,54.30,2341.41,161.10,516.52,36.69,2276.78,163.39,267.29,233.51,44.87,94.71,214.39,1786.64,3553.27,2.63,148.76,113.00,588.78,3.08,939.22,61.00,482.62
2026-01-22T19:20:00Z,66.94,1898.16,172.83,1320.78,34.31,2485.59,157.27,44.86,53.76,2356.41,161.19,505.07,36.47,2283.41,163.20,272.27,229.84,44.59,94.33,208.33,1778.82,3555.89,2.35,150.19,108.29,582.54,3.39,938.43,61.39,498.75
2026-01-22T19:30:00Z,66.71,1901.85,173.00,1301.49,34.10,2480.43,157.57,54.79,53.87,2354.53,160.85,494.26,36.65,2280.08,162.75,271.81,234.42,42.43,93.59,212.97,1783.08,3549.31,2.24,149.67,111.94,592.42,2.89,937.39,59.68,492.37
2026-01-22T19:40:00Z,67.30,1892.32,173.09,1318.90,34.15,2466.06,157.52,74.54,53.57,2363.48,160.27,498.69,37.00,2279.20,162.36,274.15,236.31,40.96,93.86,213.33,1790.77,3546.20,2.17,148.55,113.43,591.48,2.70,947.26,59.08,499.11
2026-01-22T19:50:00Z,67.51,1880.51,173.21,1328.19,34.19,2470.34,157.60,69.62,53.39,2370.33,160.90,491.09,36.92,2273.95,162.95,286.81,239.43,42.41,93.99,217.83,1793.70,3559.12,2.63,150.11,114.81,589.34,3.20,947.57,60.11,502.70
2026-01-22T20:00:00Z,67.74,1882.79,173.71,1343.77,33.91,2473.83,158.36,58.75,53.06,2368.02,161.12,492.83,37.11,2265.07,163.56,290.99,238.16,42.76,93.39,217.01,1798.72,3535.75,2.36,149.59,114.05,580.29,2.74,954.23,60.07,487.01
2026-01-22T20:10:00Z,67.71,1878.86,173.46,1333.84,34.02,2464.15,158.14,65.00,53.16,2373.56,160.94,497.14,36.49,2273.17,163.06,278.74,237.82,41.77,94.17,211.67,1784.85,3560.48,2.37,150.53,114.79,594.37,3.05,942.26,60.51,504.72
2026-01-22T20:20:00Z,68.08,1875.68,173.21,1348.13,33.64,2470.52,157.59,78.95,53.59,2365.51,160.87,480.91,36.19,2290.25,162.33,274.73,236.65,43.16,93.34,212.31,1786.08,3553.74,2.24,150.25,114.67,595.32,3.04,946.13,60.20,500.69
2026-01-22T20:30:00Z,68.11,1876.19,173.25,1361.70,33.84,2469.47,157.72,81.23,53.56,2373.47,160.94,489.58,36.69,2287.61,162.34,265.97,241.23,45.35,94.02,215.17,1790.84,3538.24,2.47,151.12,116.09,591.99,2.97,941.04,59.63,496.23
2026-01-22T20:40:00Z,67.95,1879.44,173.06,1369.04,34.25,2457.71,157.61,65.22,53.12,2374.90,160.86,487.11,36.53,2283.81,162.31,268.85,239.36,45.36,94.10,213.08,1787.16,3550.27,2.46,149.55,114.08,595.38,3.11,944.61,59.73,505.45
2026-01-22T20:50:00Z,68.08,1886.13,173.69,1362.03,34.06,2463.85,157.23,54.32,53.38,2361.28,161.23,502.57,36.62,2273.65,162.10,273.67,235.45,45.31,94.13,212.56,1789.06,3559.74,2.64,151.40,113.90,594.66,3.02,939.20,58.89,498.61
2026-01-22T21:00:00Z,68.16,1877.51,173.88,1359.30,34.31,2462.44,157.42,71.83,53.61,2354.83,160.79,499.22,36.59,2286.45,162.06,260.46,237.51,45.52,93.98,212.91,1793.19,3549.92,2.45,150.26,111.32,582.45,3.34,943.77,59.20,494.41
2026-01-22T21:10:00Z,67.92,1876.38,173.80,1366.03,34.05,2462.76,157.35,72.09,53.22,2365.40,160.68,490.77,36.65,2289.94,161.07,254.14,238.11,46.62,93.93,218.00,1794.12,3542.84,2.38,149.74,113.60,593.19,2.80,942.91,59.65,495.81
2026-01-22T21:20:00Z,67.43,1881.47,173.81,1367.76,33.84,2469.18,158.08,71.38,53.28,2358.02,160.20,488.45,36.49,2294.78,161.87,255.42,241.75,43.79,93.84,214.32,1795.77,3551.15,2.46,149.23,115.48,588.76,3.11,948.63,60.29,474.36
2026-01-22T21:30:00Z,67.49,1882.80,175.00,1361.55,33.89,2477.48,157.76,73.60,53.06,2365.24,160.46,486.17,36.56,2288.05,162.65,273.41,243.95,45.55,94.04,221.09,1788.74,3557.31,2.63,149.36,117.43,591.88,2.90,939.73,60.34,483.62
2026-01-22T21:40:00Z,67.41,1883.05,174.44,1345.45,33.87,2481.56,157.35,63.80,53.10,2366.15,161.46,474.78,36.16,2300.39,162.40,260.58,235.03,44.77,94.24,212.25,1783.93,3549.61,2.18,148.84,112.00,591.54,2.96,945.85,61.29,484.92
2026-01-22T21:50:00Z,67.27,1892.09,174.71,1347.10,34.02,2469.29,157.19,61.92,53.05,2374.22,160.39,462.26,36.26,2305.55,162.52,260.46,239.66,43.85,93.90,215.39,1792.57,3546.76,2.44,150.61,115.03,597.12,2.92,945.72,61.58,489.34
2026-01-22T22:00:00Z,67.44,1893.76,174.72,1326.43,33.90,2466.98,156.63,59.12,53.15,2372.54,160.15,464.13,36.12,2299.75,161.34,253.86,234.64,44.90,93.59,209.27,1780.07,3545.76,2.53,151.15,112.84,601.12,3.12,940.53,60.77,506.12
2026-01-22T22:10:00Z,67.07,1888.27,174.66,1326.17,33.89,2477.13,156.89,47.88,53.27,2365.17,160.08,481.65,36.01,2299.79,161.63,236.67,231.67,43.23,93.67,210.50,1786.54,3546.57,2.79,149.58,111.34,586.23,3.21,940.66,60.30,491.69
2026-01-22T22:20:00Z,66.93,1888.64,174.54,1323.18,33.88,2476.96,156.60,51.31,52.94,2363.09,159.87,471.00,36.11,2297.98,162.23,240.52,231.21,43.84,93.80,205.81,1787.34,3561.70,2.46,151.34,109.19,592.84,3.09,951.05,59.44,494.30
2026-01-22T22:30:00Z,66.54,1892.70,174.40,1319.89,34.01,2481.45,157.51,61.02,53.27,2373.05,159.20,462.32,36.13,2289.70,161.73,250.39,232.15,43.34,94.11,209.00,1790.58,3544.98,2.51,149.32,110.53,587.57,3.04,941.26,59.91,483.98
2026-01-22T22:40:00Z,66.66,1903.73,174.16,1322.14,34.31,2462.26,157.59,88.44,53.08,2356.17,159.84,481.88,36.23,2290.42,162.23,248.08,235.70,43.14,94.05,211.87,1800.42,3559.17,2.81,151.07,115.29,591.68,3.04,950.58,61.21,497.55
2026-01-22T22:50:00Z,66.60,1910.34,173.55,1318.27,34.24,2465.30,158.43,78.90,53.31,2371.87,159.96,480.39,36.00,2282.59,162.82,259.90,233.68,44.06,94.48,212.93,1790.28,3557.49,2.58,149.49,110.36,591.17,2.78,950.14,60.55,489.17
2026-01-22T23:00:00Z,66.57,1920.17,173.46,1314.83,34.32,2462.22,157.74,79.32,52.92,2371.02,160.38,489.60,36.34,2290.49,162.84,253.34,230.52,45.13,94.16,213.20,1789.53,3562.52,2.45,151.56,110.69,595.15,3.03,943.89,60.29,490.49
2026-01-22T23:10:00Z,66.44,1914.48,174.02,1318.31,34.51,2454.47,157.42,83.99,52.58,2378.77,160.10,479.40,36.46,2274.59,163.07,249.64,237.54,45.82,93.92,213.12,1786.86,3541.29,2.68,150.59,114.10,593.60,2.76,944.98,60.94,498.53
2026-01-22T23:20:00Z,66.55,1899.35,173.80,1320.58,34.70,2450.00,157.20,77.89,52.31,2378.74,160.10,458.05,36.42,2286.39,162.75,248.00,236.65,44.35,94.66,211.60,1788.40,3562.34,2.63,151.74,111.28,589.41,2.88,945.84,59.82,497.29
2026-01-22T23:30:00Z,66.63,1895.00,173.71,1316.57,34.78,2441.08,157.08,87.55,52.52,2382.56,159.88,460.96,36.22,2292.85,162.26,254.82,237.91,41.25,95.48,215.10,1789.79,3562.50,2.59,150.73,114.40,590.80,3.07,948.18,60.21,488.89
2026-01-22T23:40:00Z,66.18,1907.21,173.59,1307.90,35.09,2445.34,157.53,84.75,52.94,2372.17,159.44,461.03,36.59,2293.40,162.56,268.08,238.03,44.05,94.71,215.29,1787.10,3538.72,2.72,148.43,114.83,600.65,2.81,941.74,58.94,502.90
2026-01-22T23:50:00Z,66.41,1919.51,172.64,1296.30,35.14,2450.94,158.02,96.73,52.79,2376.87,158.90,467.11,36.62,2283.43,162.84,273.32,237.69,41.77,93.63,212.11,1784.27,3554.33,2.72,150.54,113.69,589.05,3.13,937.79,58.49,485.80
2026-01-23T00:00:00Z,66.31,1930.45,172.61,1299.28,35.83,2443.30,158.26,102.65,52.98,2379.30,160.20,480.32,36.72,2283.77,162.47,255.64,233.30,42.15,93.24,210.49,1782.65,3533.06,2.59,149.58,111.39,589.88,3.06,938.86,58.64,497.06
2026-01-23T00:10:00Z,66.38,1917.14,172.45,1306.55,36.58,2408.30,157.70,128.12,52.38,2381.97,160.59,487.31,36.71,2275.17,162.43,250.87,233.34,43.37,93.69,208.32,1786.49,3547.98,2.44,150.21,112.39,594.74,2.95,946.37,57.82,497.97
2026-01-23T00:20:00Z,66.91,1915.01,172.62,1308.34,37.50,2399.94,158.80,157.02,52.21,2389.54,159.66,464.67,37.07,2280.85,162.31,258.41,236.55,46.17,94.26,212.70,1795.31,3542.10,2.59,149.20,114.81,590.32,3.03,941.09,59.11,491.39
2026-01-23T00:30:00Z,66.90,1914.90,172.49,1325.65,37.88,2379.48,159.75,189.86,52.32,2397.87,160.32,459.49,37.52,2276.83,162.35,272.66,237.46,45.83,94.97,215.57,1785.36,3549.44,2.34,150.80,114.78,583.26,2.91,931.15,60.43,485.89
2026-01-23T00:40:00Z,67.25,1893.22,172.48,1333.90,38.03,2380.32,159.53,196.85,52.01,2412.33,159.39,433.98,38.06,2258.40,163.15,292.36,233.86,46.90,94.65,208.63,1775.63,3537.90,2.64,149.56,114.47,595.37,2.96,934.64,60.66,493.48
2026-01-23T00:50:00Z,67.24,1888.93,173.07,1341.48,38.70,2360.01,159.63,211.43,51.71,2413.46,158.82,430.65,37.90,2264.18,163.30,300.64,241.05,44.32,94.67,217.38,1799.80,3534.33,2.50,148.45,117.44,600.56,2.84,950.53,59.62,499.15
2026-01-23T01:00:00Z,67.60,1880.27,173.44,1341.90,39.03,2343.52,159.97,228.06,51.49,2415.14,160.05,425.93,37.68,2264.21,163.76,303.42,242.61,43.44,94.41,218.82,1796.34,3558.50,2.43,151.16,116.55,588.48,2.82,952.53,58.53,495.34
2026-01-23T01:10:00Z,67.95,1881.69,173.85,1354.41,39.41,2344.94,161.45,250.09,51.46,2412.70,159.86,412.74,37.31,2270.46,164.19,285.48,243.73,46.06,95.15,218.52,1793.75,3544.77,2.57,150.24,118.46,596.72,3.15,952.43,60.35,499.87
2026-01-23T01:20:00Z,68.03,1876.35,174.26,1358.99,39.47,2344.55,160.99,249.60,51.63,2406.49,159.52,414.24,37.22,2269.63,163.69,289.02,241.54,48.48,95.22,218.67,1797.83,3548.19,2.30,152.42,117.29,596.34,2.87,946.02,60.10,494.58
2026-01-23T01:30:00Z,68.06,1874.30,174.23,1361.57,40.11,2326.69,160.60,265.12,51.80,2403.61,159.25,427.32,37.46,2277.14,163.83,283.78,242.20,48.55,94.75,220.27,1794.93,3563.17,2.52,148.98,115.23,587.68,2.95,947.85,59.58,486.57
2026-01-23T01:40:00Z,68.06,1887.37,174.85,1357.92,40.40,2323.35,161.18,284.29,52.01,2399.52,159.54,432.82,37.34,2269.08,162.91,284.05,245.77,48.05,94.71,218.02,1790.19,3557.55,2.46,149.67,114.92,593.26,3.04,945.92,59.58,495.64
2026-01-23T01:50:00Z,67.89,1886.35,174.78,1361.99,40.72,2308.04,160.89,279.10,51.90,2405.64,159.62,432.51,36.99,2275.69,162.55,258.69,242.07,47.40,95.00,218.70,1794.88,3554.69,2.61,150.35,118.94,596.97,2.70,949.93,59.76,502.39
2026-01-23T02:00:00Z,67.93,1886.84,174.00,1364.84,41.10,2302.34,162.19,300.97,52.16,2400.30,159.91,457.59,36.70,2281.34,162.49,259.36,247.25,47.11,94.82,221.20,1791.27,3555.24,2.39,150.83,118.09,592.79,2.99,942.54,59.98,492.30
2026-01-23T02:10:00Z,68.09,1886.50,174.82,1370.64,41.58,2291.98,161.86,299.43,52.61,2388.56,159.98,453.59,36.78,2284.69,162.18,262.61,241.09,46.20,94.69,214.90,1786.60,3548.35,2.48,150.15,117.13,589.50,3.01,943.53,59.78,487.29
2026-01-23T02:20:00Z,67.73,1887.63,174.33,1358.97,41.94,2283.89,161.82,327.66,52.67,2390.95,159.76,447.02,37.01,2278.48,161.96,261.31,233.95,48.67,94.37,207.76,1784.38,3536.60,2.20,150.36,112.81,592.59,2.91,945.84,59.88,482.35
2026-01-23T02:30:00Z,67.45,1887.88,173.89,1333.54,41.76,2272.83,162.55,328.59,52.83,2388.72,159.27,447.97,37.26,2272.95,163.12,262.97,243.08,50.58,94.59,216.09,1791.53,3564.09,2.50,148.76,114.19,596.09,3.04,939.81,60.03,490.08
2026-01-23T02:40:00Z,67.29,1892.33,174.43,1316.48,42.02,2282.09,162.24,343.62,52.61,2384.90,159.05,452.18,36.98,2276.23,163.31,269.05,241.99,51.23,94.80,218.81,1795.56,3558.69,2.61,149.94,115.31,596.17,3.25,940.52,60.61,490.44
2026-01-23T02:50:00Z,66.82,1893.28,173.79,1328.36,42.63,2263.68,162.82,360.53,52.32,2384.56,159.63,464.71,37.01,2281.99,163.51,254.81,240.20,50.81,95.14,216.37,1781.19,3554.57,2.58,148.61,114.15,592.08,3.28,936.25,59.93,487.75
2026-01-23T03:00:00Z,66.88,1895.36,173.86,1337.47,42.65,2249.61,162.88,372.38,52.14,2386.56,160.16,468.17,37.12,2283.32,163.81,263.87,248.96,48.54,94.68,224.95,1802.11,3544.75,2.37,150.91,118.10,603.99,2.69,949.25,59.73,489.76
2026-01-23T03:10:00Z,66.62,1911.85,173.48,1309.74,42.87,2247.31,163.00,376.02,52.14,,160.26,451.52,36.76,2272.20,163.45,267.42,248.75,49.91,95.63,224.65,1796.56,3546.43,2.74,147.94,118.10,605.63,2.83,950.11,58.29,507.70
2026-01-23T03:20:00Z,66.34,1918.78,173.05,1309.96,42.93,2253.14,163.49,371.22,52.47,2379.36,159.64,451.41,36.56,2274.43,163.17,273.77,249.76,48.13,95.20,224.78,1804.83,3543.65,2.50,148.60,119.57,604.81,2.94,953.31,58.87,499.54
2026-01-23T03:30:00Z,66.39,1919.81,173.18,1313.73,43.02,2249.25,162.84,372.39,52.27,2383.73,159.34,463.34,36.47,2295.58,162.61,262.86,247.77,48.59,95.67,222.39,1794.02,3551.70,2.78,149.54,118.65,604.37,3.15,945.62,58.74,509.93
2026-01-23T03:40:00Z,66.64,1919.49,173.66,1302.28,43.20,2237.97,162.42,373.01,51.75,2403.25,158.74,438.68,36.56,2304.69,162.94,242.07,244.48,47.02,95.04,216.45,1798.73,3566.56,2.47,149.33,116.97,596.02,3.07,944.69,59.30,513.53
2026-01-23T03:50:00Z,66.84,1906.61,173.38,1303.88,43.36,2234.57,162.33,393.53,51.69,2410.85,158.78,426.93,36.34,2287.82,161.77,241.09,247.53,47.04,95.09,222.39,1797.39,3540.57,2.58,149.00,117.35,588.20,2.90,950.14,60.55,492.38
2026-01-23T04:00:00Z,67.01,1888.69,173.09,1300.61,43.40,2235.53,163.10,389.82,51.90,2415.32,159.39,418.75,36.11,2304.53,161.71,243.22,243.25,47.88,94.66,218.53,1788.66,3539.37,2.36,149.94,115.57,598.18,2.95,949.78,58.64,508.21
2026-01-23T04:10:00Z,67.25,1891.79,173.30,1321.80,43.59,2235.98,164.05,389.00,52.13,2408.68,159.56,438.11,36.17,2305.22,162.01,240.62,243.72,49.06,95.22,216.51,1796.16,3530.65,2.60,149.71,118.15,598.75,3.31,953.45,59.89,507.43
2026-01-23T04:20:00Z,67.17,1895.35,173.24,1313.23,44.25,2238.57,163.50,391.64,52.69,2391.15,158.96,441.32,35.91,2301.38,162.49,229.99,245.66,48.18,94.36,220.98,1789.08,3544.01,2.64,149.95,117.85,605.29,2.90,937.49,59.51,498.24
2026-01-23T04:30:00Z,66.89,1902.54,173.35,1319.33,44.34,2222.33,164.29,403.38,52.78,2379.04,159.46,452.25,36.15,2302.12,161.90,246.27,243.98,48.18,94.64,220.24,1783.70,3552.72,2.45,150.31,117.57,592.07,2.92,940.34,59.12,493.16
2026-01-23T04:40:00Z,66.67,1905.16,173.76,1325.21,44.68,2211.41,163.85,421.81,52.63,2375.57,159.99,457.00,36.17,2298.38,162.05,232.67,251.11,50.23,95.09,224.68,1800.88,3541.15,2.63,150.00,120.75,601.32,3.24,950.64,60.16,505.10
2026-01-23T04:50:00Z,66.91,1911.73,173.32,1313.28,44.59,2208.69,164.46,432.94,52.68,2383.16,159.63,465.07,35.86,2304.28,161.82,223.55,247.43,46.69,95.23,223.68,1797.61,3547.95,2.64,150.22,119.71,603.64,3.09,951.62,61.12,497.13
2026-01-23T05:00:00Z,66.66,1901.45,173.46,1308.32,44.52,2211.27,164.94,438.51,52.32,2387.89,159.22,457.50,35.72,2295.47,161.70,220.81,251.50,47.84,95.22,226.79,1805.34,3549.77,2.47,149.51,121.03,601.27,2.67,951.51,59.04,500.37
2026-01-23T05:10:00Z,66.76,1908.98,172.66,1306.12,44.24,2209.49,165.01,438.06,52.41,2403.73,159.43,456.39,35.71,2302.43,161.49,239.86,248.47,48.22,94.47,224.59,1800.05,3548.83,2.45,149.86,119.41,598.51,3.12,949.08,57.99,497.85
2026-01-23T05:20:00Z,66.75,1906.45,172.85,1321.87,44.47,2208.47,164.43,441.81,52.19,2385.08,159.49,449.35,35.99,2306.82,162.79,228.27,249.77,48.76,95.00,221.81,1791.96,3552.24,2.73,150.92,121.48,605.51,2.97,941.71,62.04,515.95
2026-01-23T05:30:00Z,66.49,1908.14,173.68,1322.71,44.70,2210.24,164.43,438.40,52.37,2398.00,159.38,444.46,36.39,2285.06,162.89,237.92,251.28,49.87,94.50,230.06,1799.75,3545.28,2.40,149.96,123.73,604.62,2.91,947.99,61.88,498.28
2026-01-23T05:40:00Z,66.61,1910.89,173.54,1329.80,44.90,2208.16,164.71,441.06,52.26,2392.49,159.66,453.06,36.88,2284.01,162.10,247.03,249.15,50.71,94.39,227.55,1800.19,3541.99,2.56,150.57,121.30,602.66,2.90,953.80,61.92,508.05
2026-01-23T05:50:00Z,66.30,1908.51,173.43,1323.06,45.17,2208.21,164.58,442.76,52.27,2391.47,160.37,439.43,37.14,2271.02,162.26,274.15,252.34,51.71,94.92,225.24,1803.94,3551.70,2.30,149.48,121.43,601.70,2.95,948.68,60.19,500.30
2026-01-23T06:00:00Z,66.55,1899.83,173.62,1309.57,45.15,2208.59,165.04,449.09,52.19,2399.63,160.37,432.57,37.20,2270.53,162.00,271.91,249.85,50.25,95.39,222.69,1794.51,3548.02,2.65,148.21,118.26,599.36,3.12,948.51,60.68,503.85
2026-01-23T06:10:00Z,66.56,1905.34,173.03,1300.70,45.52,2184.11,165.44,458.84,51.88,2401.71,158.86,423.11,36.49,2282.55,162.39,254.33,244.93,47.72,95.44,218.85,1794.97,3552.58,2.39,151.52,116.86,597.07,3.30,948.72,60.97,501.55
2026-01-23T06:20:00Z,66.15,1915.56,172.99,1304.23,45.52,2172.29,165.37,468.64,51.71,2410.15,158.51,419.86,36.69,2286.56,162.04,254.68,251.59,50.22,95.55,226.96,,3551.39,2.42,149.66,122.46,602.08,2.87,962.60,60.60,503.79
2026-01-23T06:30:00Z,66.13,1919.51,172.40,1284.03,45.68,2171.12,166.30,468.68,52.20,2409.56,159.34,426.93,36.68,2281.09,161.84,248.71,245.14,49.66,95.77,218.10,1790.59,3548.83,2.49,150.41,115.81,588.91,3.02,939.37,59.86,493.90
2026-01-23T06:40:00Z,66.09,1925.04,172.79,1282.25,45.93,2169.24,166.40,478.92,52.33,2391.24,158.92,439.74,36.60,2291.79,161.85,253.19,249.73,49.25,95.34,219.63,1796.81,3533.17,2.56,150.43,121.19,604.96,2.64,951.06,58.98,495.54
2026-01-23T06:50:00Z,66.01,1927.92,171.37,1256.22,46.29,2177.26,165.98,471.99,52.37,2386.95,159.32,451.04,37.06,2286.20,162.46,264.57,245.12,50.13,95.16,222.56,1792.53,3537.81,2.65,148.41,120.07,606.22,3.10,945.87,58.86,505.51
2026-01-23T07:00:00Z,65.83,1924.96,172.27,1272.36,46.49,2169.37,165.12,488.07,52.58,2391.52,159.43,443.78,37.02,2282.43,163.75,273.38,253.93,50.79,94.78,225.55,1800.81,3555.76,2.70,149.10,121.86,604.11,3.16,950.01,59.57,503.12
2026-01-23T07:10:00Z,65.85,1928.03,172.82,1268.65,46.47,2163.13,165.35,502.00,53.22,2380.12,159.52,469.90,37.49,2280.82,163.39,279.74,255.53,50.22,94.93,228.66,1801.99,3547.87,2.42,150.12,123.94,602.74,2.92,947.90,58.82,493.32
2026-01-23T07:20:00Z,65.91,1921.46,172.49,1290.01,46.72,2157.32,166.31,510.35,52.84,2370.74,159.95,472.02,37.63,2266.16,163.73,288.06,260.62,53.01,95.33,233.69,1803.70,3565.28,2.56,149.68,126.30,614.22,2.72,950.22,61.32,513.05
2026-01-23T07:30:00Z,66.17,1922.10,172.62,1293.01,46.67,2160.71,166.41,499.69,53.19,2368.79,160.57,481.04,37.51,2272.41,162.81,281.14,254.04,52.11,95.41,226.66,1806.32,3568.20,2.72,151.36,122.87,601.24,3.09,956.79,61.56,508.37
2026-01-23T07:40:00Z,66.14,1923.77,172.95,1297.75,46.58,2164.80,166.03,499.86,53.07,2356.62,160.83,487.12,37.04,2273.54,163.05,283.95,255.48,52.42,94.95,230.69,1802.46,3541.10,2.71,150.72,123.77,604.91,2.91,951.68,59.52,502.94
2026-01-23T07:50:00Z,66.36,1927.62,172.22,1296.26,47.15,2147.40,166.89,511.59,53.07,2378.36,160.49,484.24,36.71,2273.14,162.43,263.63,261.05,52.66,94.93,233.86,1807.17,3549.49,2.71,149.58,126.94,610.54,3.05,956.95,58.08,510.86
2026-01-23T08:00:00Z,66.54,1908.95,173.32,1309.31,47.23,2144.10,166.41,524.81,53.31,2371.46,160.31,480.94,36.76,2279.08,161.66,254.34,259.01,51.65,95.10,236.00,1803.59,3546.15,2.62,148.69,126.34,606.40,3.15,956.14,58.93,504.82
2026-01-23T08:10:00Z,66.39,1908.73,172.98,1287.35,47.22,2142.81,167.00,527.78,53.33,2371.71,160.73,483.23,36.89,2279.30,161.90,259.49,259.01,53.49,95.45,236.54,1812.83,3560.48,2.56,150.26,122.51,601.93,3.22,960.27,59.72,494.45
2026-01-23T08:20:00Z,66.23,1901.71,173.10,1311.03,46.83,2146.28,166.00,524.28,52.93,2383.37,160.33,477.74,36.60,2283.46,162.49,259.06,256.92,53.51,95.37,230.79,1813.82,3557.49,2.66,151.46,122.09,596.40,3.28,955.69,60.67,502.75
2026-01-23T08:30:00Z,66.13,1920.95,173.51,1307.53,46.93,2138.85,166.12,528.08,53.20,2369.01,160.38,472.59,36.76,2283.86,162.00,268.45,255.13,52.94,96.25,227.68,1804.54,3544.97,2.59,149.21,119.06,598.38,2.97,954.92,60.92,500.44
2026-01-23T08:40:00Z,66.22,1916.59,173.75,1315.04,46.75,2143.30,166.57,532.52,53.42,2368.12,160.56,474.02,37.13,2266.92,162.35,290.51,257.01,54.63,95.47,231.39,1806.90,3545.68,2.47,148.64,123.63,602.18,3.00,958.20,59.58,500.09
2026-01-23T08:50:00Z,66.48,1919.10,173.33,1309.07,46.74,2147.63,167.29,529.99,53.59,2371.47,159.91,487.24,37.12,2271.20,162.85,284.38,252.82,53.55,94.55,231.00,1809.37,3553.77,2.75,149.93,119.00,594.99,3.05,952.53,59.35,495.10
2026-01-23T09:00:00Z,66.52,1896.86,173.64,1308.08,47.01,2153.60,167.24,520.32,54.05,2359.67,159.82,496.23,36.77,2283.28,162.51,269.12,249.57,54.40,94.90,227.13,1804.17,3563.04,2.51,150.42,120.42,607.30,2.85,948.22,58.82,514.16
2026-01-23T09:10:00Z,66.59,1898.81,172.94,1317.63,47.08,2146.95,167.36,521.95,53.86,2358.30,160.64,498.89,36.35,2287.29,162.85,275.09,256.28,53.10,96.25,228.75,1806.20,3542.41,2.61,149.68,124.60,600.44,3.09,947.03,59.97,499.54
2026-01-23T09:20:00Z,66.71,1909.57,173.51,1323.24,47.55,2142.52,166.78,538.97,53.72,2363.05,160.02,499.51,36.58,2282.95,162.69,255.26,253.08,52.59,96.17,228.38,1808.00,3548.28,2.53,150.51,121.92,593.41,2.92,954.21,60.23,498.07
2026-01-23T09:30:00Z,66.30,1911.82,172.74,1310.05,47.59,2142.23,167.21,544.63,53.46,2352.46,160.23,506.72,36.80,2284.04,162.42,250.48,254.70,51.49,96.41,231.62,1809.49,3560.04,2.54,149.78,122.99,602.11,2.99,955.02,58.59,499.52
2026-01-23T09:40:00Z,66.16,1913.83,173.47,1316.95,47.87,2117.57,167.37,558.90,53.27,2352.44,160.05,495.47,36.74,2290.38,162.37,256.63,257.39,50.05,96.23,231.06,1804.57,3544.62,2.86,150.19,123.51,608.12,3.06,954.18,58.37,497.99
2026-01-23T09:50:00Z,66.16,1915.17,173.11,1303.52,47.78,2116.87,167.92,561.25,53.65,2357.62,160.32,509.36,36.38,2289.98,162.65,257.07,254.86,49.36,95.92,232.41,1807.97,3552.73,2.53,149.58,125.60,605.89,2.98,955.42,58.16,512.40
2026-01-23T10:00:00Z,66.50,1912.15,173.42,1297.31,47.37,2132.58,167.69,547.31,53.67,2366.62,160.41,503.96,36.83,2275.25,162.91,272.52,257.85,49.59,95.37,230.67,1805.50,3550.26,2.32,151.44,122.13,607.33,3.11,951.27,59.02,505.70
2026-01-23T10:10:00Z,66.97,1894.96,173.42,1318.26,47.74,2136.96,167.28,547.92,53.23,2363.58,159.63,481.95,36.67,2282.38,162.54,260.47,255.44,49.60,95.33,228.94,1799.85,3549.38,2.52,150.91,119.68,599.88,2.80,950.53,59.85,505.77
2026-01-23T10:20:00Z,67.14,1876.94,173.18,1321.02,47.93,2132.54,166.57,537.13,52.93,2356.89,160.41,475.86,37.01,2273.98,162.85,264.52,255.53,51.70,94.68,232.84,1807.95,3564.48,2.64,150.17,121.83,604.56,3.02,955.63,58.86,500.45
2026-01-23T10:30:00Z,67.17,1895.62,173.84,1318.31,48.24,2129.48,166.43,541.11,53.06,2367.53,159.84,481.81,36.82,2276.07,162.57,258.92,256.34,51.96,94.04,236.71,1816.51,3554.86,2.29,150.11,123.01,596.78,2.91,954.65,60.42,497.28
2026-01-23T10:40:00Z,67.00,1898.88,173.64,1324.95,47.97,2141.05,166.53,531.40,53.18,2375.15,160.56,465.68,36.94,2270.35,161.80,259.61,256.44,53.10,94.68,224.03,1808.23,3547.14,2.50,150.02,122.36,603.70,3.06,949.14,60.24,493.76
2026-01-23T10:50:00Z,67.29,1885.54,172.47,1329.65,48.05,2121.50,167.42,548.37,53.16,2376.40,160.27,472.30,36.67,2269.18,162.05,266.40,261.26,54.03,94.91,232.77,1804.20,3539.24,2.55,149.11,126.16,604.76,2.94,946.65,60.31,494.52
2026-01-23T11:00:00Z,67.67,1894.72,172.61,1329.60,48.48,2111.45,166.73,552.44,52.93,2383.66,160.07,457.20,36.52,2281.87,161.89,242.86,256.94,53.31,95.31,229.75,1801.78,3533.72,2.34,149.23,123.84,606.07,2.91,945.58,59.19,508.88
2026-01-23T11:10:00Z,67.55,1889.38,172.70,1328.94,48.74,2120.39,166.42,567.04,53.18,2384.52,160.00,463.38,36.62,2279.53,162.29,243.15,254.80,54.76,95.99,228.09,1801.83,3545.37,2.68,149.65,119.11,596.25,2.67,941.26,59.37,490.48
2026-01-23T11:20:00Z,67.52,1876.73,173.60,1349.21,48.62,2110.10,167.43,586.19,52.90,2380.35,160.15,459.61,36.84,2284.09,162.63,265.40,257.25,55.40,95.65,230.69,1813.37,3558.22,2.45,152.83,123.57,605.68,3.05,958.13,60.75,504.02
2026-01-23T11:30:00Z,,1875.22,173.87,1352.57,48.56,2109.70,167.20,592.41,53.12,2377.04,159.65,461.08,37.03,2280.52,162.37,255.22,257.88,53.85,95.37,232.22,1799.93,3540.61,2.56,148.60,123.27,609.79,2.85,948.96,60.60,507.63
2026-01-23T11:40:00Z,67.65,1878.12,172.92,1341.93,48.38,2096.27,167.33,574.27,53.19,2367.28,160.22,472.85,37.05,2281.74,161.90,271.08,253.89,53.42,94.58,226.86,1796.66,3546.19,2.57,151.65,121.45,600.87,2.77,943.68,60.37,505.72
2026-01-23T11:50:00Z,67.30,1890.25,173.52,1352.16,47.85,2123.46,167.51,560.35,53.36,2371.59,160.61,481.71,36.93,2277.21,162.76,280.91,256.38,53.50,94.92,229.36,1800.45,3552.01,2.48,150.92,125.75,611.11,3.30,954.22,59.84,508.75
2026-01-23T12:00:00Z,67.55,1880.88,173.31,1330.93,47.95,2114.25,167.15,551.45,53.25,2377.51,161.01,469.51,36.97,2271.20,162.25,282.36,254.53,52.69,94.44,229.89,1802.16,3540.98,2.47,149.30,121.86,605.23,2.73,949.66,60.86,508.58
2026-01-23T12:10:00Z,67.61,1876.90,172.80,1339.07,47.71,2133.75,166.90,554.73,52.98,2377.08,160.60,469.57,36.85,2289.67,161.64,248.55,253.79,51.90,94.63,227.21,1794.38,3555.96,2.66,150.47,120.98,603.95,3.21,949.17,61.12,493.38
2026-01-23T12:20:00Z,68.06,1882.01,174.34,1362.35,48.01,2134.66,167.19,561.86,53.38,2379.09,159.86,469.67,36.56,2278.24,162.06,253.46,260.48,54.14,95.95,,1802.18,3546.25,2.65,149.26,126.18,606.03,2.97,957.22,60.40,495.59
2026-01-23T12:30:00Z,67.93,1881.22,173.74,1341.75,48.08,2119.77,167.18,568.17,53.67,2367.80,159.56,458.96,36.38,2278.83,162.44,252.04,257.04,54.28,95.34,228.94,1802.26,3555.83,2.34,149.01,122.87,604.30,2.80,953.96,61.64,504.81
2026-01-23T12:40:00Z,67.51,1886.57,173.39,1349.92,48.33,2125.17,167.43,570.15,53.93,2364.73,159.93,476.41,36.33,2284.83,163.68,262.45,254.19,54.85,94.83,232.30,1799.47,3553.78,2.63,150.74,121.70,606.15,3.00,954.66,59.99,499.39
2026-01-23T12:50:00Z,67.33,1884.79,174.45,1347.72,48.15,2129.15,167.02,557.14,53.86,2354.70,159.83,489.75,35.81,2291.52,162.74,263.65,258.45,55.32,95.26,230.93,1805.94,3552.71,2.61,150.36,125.16,600.84,3.12,957.25,60.34,494.98
2026-01-23T13:00:00Z,67.37,1883.55,174.87,1353.94,48.41,2114.80,166.80,555.18,53.77,2359.75,160.51,488.72,36.11,2291.70,161.93,247.13,254.21,53.25,96.15,232.00,1809.68,3540.95,2.36,150.04,122.42,590.15,2.98,956.19,60.65,479.49
2026-01-23T13:10:00Z,67.37,1883.71,174.69,1359.82,48.23,2112.79,167.83,570.71,53.63,2359.27,160.52,484.39,36.08,2296.74,161.70,237.62,260.14,53.55,95.79,237.61,1807.75,3550.24,2.59,148.92,126.87,605.87,2.90,950.69,60.17,509.37
2026-01-23T13:20:00Z,67.54,1894.62,174.11,1337.61,48.20,2114.68,167.56,562.50,53.47,2357.95,160.35,478.20,35.92,2283.98,162.33,240.40,262.76,54.48,96.06,235.54,1814.19,3547.79,2.33,150.07,125.59,607.69,2.75,961.08,60.78,516.60
2026-01-23T13:30:00Z,67.68,1886.22,173.24,1335.87,48.34,2120.20,168.10,578.42,53.36,2358.49,160.77,486.95,36.16,2283.21,162.56,258.83,261.03,53.05,96.02,234.95,1803.65,3540.96,2.47,151.93,125.14,609.66,3.09,951.64,59.22,503.24
2026-01-23T13:40:00Z,67.40,1885.37,173.55,1335.63,48.78,2115.80,166.83,575.65,53.56,2358.74,159.95,499.43,36.05,2294.88,162.50,236.27,254.53,55.40,95.60,226.29,1796.08,3536.80,2.59,150.43,122.27,594.53,3.22,936.99,59.68,492.37
2026-01-23T13:50:00Z,67.41,1890.61,173.61,1349.48,48.27,2116.56,167.46,576.05,53.71,2362.49,160.36,492.67,35.94,2305.79,162.35,223.08,253.47,54.74,94.99,229.37,1797.67,3552.12,2.52,150.33,122.29,597.51,3.19,942.45,58.86,495.16
2026-01-23T14:00:00Z,67.53,1877.69,173.63,1353.73,48.79,2120.68,167.35,568.51,53.41,2358.81,160.82,494.22,36.41,2289.08,162.33,241.87,259.68,54.05,95.65,233.66,1802.79,3548.67,2.52,150.27,122.11,604.06,2.91,949.43,59.10,492.94
2026-01-23T14:10:00Z,67.04,1895.68,172.95,1341.49,48.74,2108.79,166.95,584.95,53.03,2368.08,160.52,485.12,36.48,2295.83,162.24,257.07,259.82,56.69,95.51,231.65,1814.79,3559.55,2.45,149.51,127.08,608.60,2.94,957.07,59.17,511.09
2026-01-23T14:20:00Z,66.97,1901.51,173.56,1327.59,49.05,2097.73,167.47,,53.11,2376.13,160.47,482.04,36.86,2286.07,161.90,252.34,261.24,56.18,94.77,233.43,1806.32,3555.36,2.48,148.08,125.30,599.24,3.14,955.99,59.35,496.45
2026-01-23T14:30:00Z,67.12,1906.28,173.38,1321.65,49.24,2095.56,167.10,593.02,53.12,2376.93,160.37,478.58,37.03,2273.55,161.77,263.29,263.59,56.94,95.32,233.82,1807.20,3556.66,2.51,149.70,128.56,621.65,3.23,948.23,59.69,513.60
2026-01-23T14:40:00Z,67.29,1903.34,173.08,1314.92,48.93,2095.89,167.89,597.39,53.50,2368.85,159.92,474.20,36.79,2280.34,162.41,288.41,265.36,54.50,95.73,238.15,1806.19,3552.75,2.34,149.94,128.66,612.65,2.95,952.12,58.73,510.43
2026-01-23T14:50:00Z,66.87,1907.09,172.77,1318.53,48.85,2098.94,168.26,604.35,53.58,2364.77,160.03,482.60,36.54,2286.28,162.29,264.62,262.44,53.49,96.46,236.28,1806.41,3539.54,2.49,151.44,129.02,614.59,3.01,954.64,61.18,512.63
2026-01-23T15:00:00Z,66.60,1909.27,173.22,1320.39,49.20,2091.40,168.85,608.43,53.54,2365.91,160.24,472.41,36.47,2287.95,161.71,250.33,263.16,52.59,96.14,237.36,1805.05,3552.66,2.44,148.83,126.49,605.17,2.88,961.09,61.79,500.86
2026-01-23T15:10:00Z,66.56,1898.36,172.85,1309.83,49.03,2093.38,168.28,608.35,53.39,2368.67,160.06,469.45,36.60,2277.58,162.86,265.46,259.07,55.12,95.10,232.82,1809.16,3544.80,2.45,150.04,124.16,605.47,2.94,952.86,60.97,509.94
2026-01-23T15:20:00Z,66.84,1901.74,173.57,1326.40,49.15,2083.33,167.86,608.03,53.16,2379.49,160.28,466.09,36.39,2289.77,162.64,254.21,263.50,54.51,95.73,237.22,1812.18,3545.35,2.54,151.37,128.39,615.09,3.09,959.56,60.83,514.58
2026-01-23T15:30:00Z,66.44,1906.10,173.64,1335.03,49.25,2077.78,168.38,617.68,53.22,2374.12,160.12,463.46,36.72,2280.31,163.05,260.59,254.29,55.71,96.16,230.67,1803.50,3540.95,2.35,149.97,121.05,597.82,3.05,945.50,58.88,504.03
2026-01-23T15:40:00Z,66.42,1915.08,172.86,1306.89,48.98,2091.81,168.54,609.42,52.95,2386.13,160.45,460.19,36.63,2285.35,162.79,267.70,259.15,56.41,96.61,234.22,1804.77,3551.56,2.61,149.92,125.15,604.02,3.13,957.47,59.07,501.74
2026-01-23T15:50:00Z,66.58,1906.22,172.85,1328.86,48.99,2098.76,168.38,591.10,52.86,2380.23,160.75,458.67,36.53,2286.83,162.71,261.97,256.81,58.01,96.65,231.38,1810.14,3538.60,2.47,149.85,122.88,603.86,3.29,950.85,58.85,490.21
2026-01-23T16:00:00Z,66.63,1913.77,172.72,1323.05,48.87,2100.21,167.89,581.44,52.79,2374.84,160.77,474.48,36.77,2289.77,162.12,282.68,261.17,57.57,95.86,232.56,1812.68,3557.87,2.81,151.11,124.76,607.46,2.81,951.54,60.53,502.57
2026-01-23T16:10:00Z,66.83,1904.29,174.55,1327.59,48.57,2103.15,167.67,565.27,53.15,2375.05,160.37,472.52,36.67,2283.77,162.97,272.07,266.39,55.04,95.58,242.61,1817.93,3542.54,2.55,149.47,127.83,605.90,2.81,958.90,59.76,500.29
2026-01-23T16:20:00Z,67.07,1908.12,174.22,1319.18,48.76,2097.15,167.92,562.28,53.13,2372.69,159.36,467.07,36.51,2284.25,162.06,254.95,262.23,55.00,96.13,239.85,1811.32,3525.02,2.61,150.02,125.77,606.18,2.90,955.92,59.22,500.94
2026-01-23T16:30:00Z,66.91,1904.30,173.75,1312.42,49.08,2089.36,168.22,575.13,53.00,2364.67,160.13,469.86,36.72,2284.83,162.41,265.62,256.06,54.25,95.77,228.44,1805.72,3534.13,2.39,150.29,122.83,606.26,2.74,947.50,59.77,508.14
2026-01-23T16:40:00Z,66.85,1912.98,173.12,1317.31,48.86,2100.96,168.41,594.54,52.85,2370.80,159.85,464.62,36.57,2289.52,162.37,251.84,256.46,53.46,95.19,234.26,1809.53,3552.68,2.71,147.91,123.66,600.18,2.66,952.18,59.11,496.76
2026-01-23T16:50:00Z,67.02,1904.02,173.76,1323.27,48.90,2103.09,167.94,591.43,53.23,2377.84,160.39,486.64,36.65,2296.13,162.59,261.43,254.43,53.18,95.39,226.85,1796.35,3548.39,2.59,149.20,121.30,599.02,3.03,947.54,58.42,487.81
2026-01-23T17:00:00Z,67.23,1897.16,173.62,1326.84,48.98,2107.68,168.03,598.69,53.25,2366.02,160.22,479.70,36.64,2287.63,163.20,264.11,259.64,52.35,96.32,233.54,1804.23,3545.70,2.40,148.76,123.45,606.52,2.89,947.57,58.53,493.01
2026-01-23T17:10:00Z,66.99,1890.72,172.88,1331.18,48.52,2117.05,168.05,590.85,53.79,2373.33,160.60,488.97,36.71,2276.57,163.11,265.10,262.63,54.44,95.99,241.28,1818.72,3551.63,2.54,149.10,127.85,604.69,3.09,961.94,59.22,499.61
2026-01-23T17:20:00Z,67.25,1889.83,173.27,1340.13,48.55,2117.91,168.02,594.06,53.83,2358.63,159.70,496.18,36.58,2277.45,163.10,266.25,260.06,53.98,96.28,237.11,1804.47,3550.70,2.37,149.93,123.49,607.38,3.35,952.92,59.75,509.91
2026-01-23T17:30:00Z,67.24,1895.70,174.22,1336.06,48.72,2109.33,167.91,589.07,54.29,2348.47,159.73,501.89,36.49,2276.90,163.26,260.60,265.33,54.24,96.43,239.48,1811.55,3549.04,2.59,149.07,126.90,606.12,2.78,954.94,59.23,505.49
2026-01-23T17:40:00Z,67.23,1900.97,173.92,1318.00,48.87,2101.74,167.89,586.99,54.25,2338.33,160.26,522.44,36.31,2286.34,162.54,251.37,263.22,54.45,95.40,233.18,1805.01,3545.00,2.75,150.58,128.39,607.23,3.14,946.41,61.07,513.96
2026-01-23T17:50:00Z,67.15,1910.49,173.68,1308.61,48.64,2105.63,167.22,591.30,54.03,2339.50,160.62,522.90,36.36,2293.35,163.19,243.84,262.75,55.69,95.40,238.18,1802.41,3537.44,2.58,149.26,125.64,612.13,3.11,950.72,60.60,505.62
2026-01-23T18:00:00Z,66.87,1904.44,173.40,1311.04,48.29,2108.04,167.19,577.39,54.20,2346.35,160.68,530.01,36.53,2293.85,162.58,247.68,262.38,55.15,96.00,236.53,1802.69,3550.33,2.38,150.44,128.68,611.34,2.87,958.02,61.31,515.37
2026-01-23T18:10:00Z,66.77,1906.76,174.09,1322.70,48.37,2110.77,167.44,568.74,53.87,2349.46,160.26,512.74,36.25,2302.76,162.90,256.02,264.86,53.86,95.13,240.86,1817.07,3548.98,2.81,150.42,127.27,604.80,3.33,968.72,59.97,505.25
2026-01-23T18:20:00Z,67.12,1895.44,173.43,1314.66,48.15,2117.01,167.69,571.60,53.81,2352.42,160.73,494.57,36.08,2306.74,162.15,239.93,261.70,53.19,95.48,234.06,1811.01,3562.72,2.44,150.83,126.85,609.99,3.00,953.29,59.15,504.52
2026-01-23T18:30:00Z,67.40,1902.84,172.71,1309.71,48.34,2112.33,168.60,580.13,53.32,2357.03,160.07,479.34,36.56,2289.49,161.67,257.74,261.11,53.31,95.04,235.05,1805.71,3552.38,2.50,150.69,125.01,606.49,3.27,957.15,60.86,511.43
2026-01-23T18:40:00Z,67.82,1882.52,173.22,1332.37,48.40,2107.85,168.27,583.00,53.50,2364.06,159.77,484.46,36.26,2293.70,162.64,269.22,261.71,55.59,95.64,234.72,1808.44,3549.00,2.22,149.15,127.80,600.15,3.02,958.23,61.00,504.62
2026-01-23T18:50:00Z,67.71,1884.87,173.44,1350.80,48.53,2105.82,168.16,578.17,53.33,2360.07,159.93,477.82,36.51,2294.04,162.24,261.43,259.92,55.25,95.83,233.38,1811.19,3545.43,2.49,149.70,124.58,605.06,3.16,960.19,59.43,496.89
2026-01-23T19:00:00Z,67.79,1879.39,174.41,1351.49,48.57,,168.37,568.20,53.60,2365.10,160.37,483.02,36.46,2297.34,162.67,255.50,258.37,58.22,96.04,231.83,1815.94,3556.39,2.66,149.87,122.94,603.28,2.99,957.70,59.65,500.29
2026-01-23T19:10:00Z,67.94,1875.80,175.17,1360.65,48.33,2116.95,167.51,563.72,53.31,2377.84,160.24,469.05,36.55,2288.21,162.16,276.98,257.28,56.20,95.93,230.18,1806.10,3560.29,2.54,150.89,126.77,606.36,3.17,945.58,59.32,511.97
2026-01-23T19:20:00Z,67.77,1882.88,174.71,1358.03,48.58,2115.83,166.08,561.38,53.34,2362.80,160.69,480.10,36.66,2294.17,162.52,249.35,256.00,56.67,95.54,231.66,1809.25,3555.57,2.46,151.22,125.26,609.39,2.75,953.78,60.63,511.84
2026-01-23T19:30:00Z,67.76,1880.90,174.15,1352.78,48.03,2121.00,166.41,573.65,53.75,2349.09,160.45,486.68,36.49,2282.21,162.54,245.47,254.62,53.90,95.89,228.94,1805.02,3542.05,2.65,150.64,122.06,600.60,2.94,948.35,59.49,506.92
2026-01-23T19:40:00Z,68.48,1867.60,174.04,1365.02,48.15,2114.37,167.49,580.43,53.99,2351.56,160.14,501.52,36.49,2290.96,162.42,242.54,256.58,53.72,96.24,229.26,1808.98,3555.11,2.41,149.70,119.89,604.48,2.90,960.29,59.37,510.25
2026-01-23T19:50:00Z,68.34,1869.99,174.42,1361.89,48.25,2116.10,167.43,565.83,53.57,2349.03,160.71,508.20,36.53,2293.36,162.90,239.54,259.83,55.66,96.60,233.79,1807.48,3561.87,2.52,150.63,125.30,609.17,3.04,952.98,58.83,513.49
2026-01-23T20:00:00Z,68.58,1861.60,174.91,1386.44,48.18,2122.22,167.28,566.42,53.95,2350.99,160.43,512.40,36.55,2290.14,162.34,247.76,264.13,54.36,96.14,238.12,1812.19,3541.99,2.70,150.01,128.80,614.65,3.13,959.32,61.06,512.62
2026-01-23T20:10:00Z,68.17,1863.99,175.21,1372.77,47.84,2121.03,167.55,554.94,53.67,2357.83,160.96,491.34,36.84,2282.40,162.65,253.83,262.34,52.87,96.22,233.74,1815.15,3559.33,2.46,149.94,124.65,606.67,2.89,950.57,61.58,499.12
2026-01-23T20:20:00Z,67.74,1872.17,175.38,1371.72,47.81,2115.03,167.69,547.60,54.06,2353.48,161.19,492.20,36.65,2271.17,162.95,256.68,259.67,52.14,94.86,234.99,1813.97,3548.10,2.29,147.37,125.89,602.74,3.00,953.96,61.83,496.71
2026-01-23T20:30:00Z,67.64,1882.56,174.29,1360.83,47.16,2139.47,166.91,533.95,54.06,2356.71,160.43,495.34,36.59,2273.10,162.83,261.93,260.19,53.93,94.86,236.79,1810.44,3541.14,2.84,149.79,125.76,606.63,3.24,949.67,61.72,516.58
2026-01-23T20:40:00Z,67.97,1881.75,173.74,1366.01,47.02,2151.86,166.08,520.19,53.92,2350.57,160.65,497.25,36.64,2290.93,162.13,256.32,254.03,51.72,95.13,227.74,1810.10,3558.87,2.51,152.77,123.59,607.75,2.79,959.53,61.25,496.91
2026-01-23T20:50:00Z,67.66,1892.87,174.13,1357.35,47.01,2149.27,166.05,520.62,54.17,2339.58,159.99,501.69,37.01,2276.06,162.22,266.45,251.92,52.91,95.23,224.60,1800.09,3559.91,2.63,150.92,119.82,599.26,3.11,946.95,61.45,497.44
2026-01-23T21:00:00Z,67.37,1887.70,172.81,1349.35,47.10,2155.78,165.96,524.05,53.92,2345.33,160.50,518.05,37.16,2270.35,162.39,266.25,256.43,53.47,95.77,232.91,1819.80,3544.75,2.81,150.00,124.72,602.98,3.33,947.49,60.00,506.05
2026-01-23T21:10:00Z,67.43,1900.78,173.20,1333.35,47.28,2151.27,166.35,543.53,54.32,2348.56,160.97,538.89,37.33,2273.62,163.64,277.35,262.99,53.11,95.89,238.78,1814.48,3557.00,2.17,150.73,127.33,603.43,2.74,956.24,60.13,505.01
2026-01-23T21:20:00Z,66.88,1902.67,173.16,1348.97,47.02,2154.09,166.38,548.03,53.97,2336.19,161.26,530.93,37.45,2270.49,164.12,289.76,265.95,53.41,96.55,241.51,1809.20,3530.97,2.42,149.91,128.18,605.27,3.15,959.36,58.73,491.30
2026-01-23T21:30:00Z,67.21,1887.00,172.90,1354.72,47.00,2155.31,166.69,546.37,53.76,2333.88,161.63,535.45,37.09,2266.75,163.74,285.98,263.47,53.76,96.20,238.99,1817.56,3548.34,2.59,152.41,129.08,606.62,3.03,959.83,58.81,513.62
2026-01-23T21:40:00Z,67.01,1892.11,173.73,1342.44,47.34,2147.52,166.21,523.13,53.43,2350.08,161.54,526.17,,2270.29,162.89,268.56,262.79,54.18,96.21,238.57,1806.52,3554.66,2.63,148.58,127.28,609.34,2.98,954.45,59.59,512.87
2026-01-23T21:50:00Z,66.45,1905.52,173.89,1333.59,47.73,2142.80,166.19,540.99,53.50,2359.13,160.94,499.82,36.97,2272.49,162.81,267.48,260.09,50.74,96.38,232.87,1806.94,3553.21,2.18,150.13,123.94,603.97,3.06,954.98,59.45,505.96
2026-01-23T22:00:00Z,66.51,1908.44,173.19,1303.64,47.55,2146.33,166.25,533.74,53.68,2367.13,160.20,506.36,37.35,2263.20,163.38,290.18,257.95,51.70,95.70,233.58,1804.54,3549.05,2.36,150.38,122.91,602.60,2.68,951.22,58.36,497.40
2026-01-23T22:10:00Z,66.77,1904.07,172.89,1303.15,47.91,2141.41,166.52,535.75,53.62,2368.93,159.74,508.96,37.53,2259.41,163.56,293.92,258.60,52.22,95.47,228.86,1803.53,3543.98,2.34,148.90,121.95,602.07,2.95,949.08,59.87,501.10
2026-01-23T22:20:00Z,66.63,1911.39,173.39,1314.12,48.25,2126.84,166.40,551.61,53.73,2365.54,160.34,491.10,37.32,2256.59,163.90,286.87,259.20,53.32,95.43,227.49,1801.75,3536.93,2.68,149.03,121.85,599.82,3.34,945.64,58.87,504.59
2026-01-23T22:30:00Z,66.85,1906.96,173.63,1323.66,47.83,2128.63,166.72,554.94,53.55,2365.21,160.58,485.70,37.10,2267.75,163.45,295.00,266.45,54.92,94.92,238.10,1808.01,3551.17,2.49,149.29,129.94,613.62,3.14,956.05,58.97,510.53
2026-01-23T22:40:00Z,67.52,1890.23,173.71,1328.79,47.73,2130.26,167.39,558.75,53.33,2360.86,160.61,491.79,36.96,2268.19,163.38,281.47,265.46,54.44,95.12,240.19,1819.43,3552.78,2.52,150.20,127.55,616.01,3.04,960.15,58.25,524.90
2026-01-23T22:50:00Z,67.12,1887.47,172.76,1332.48,47.80,2122.89,167.15,569.30,53.58,2365.97,160.27,483.92,36.56,2284.20,163.06,272.72,261.87,55.43,94.67,239.40,1809.63,3539.04,2.54,148.80,126.91,604.65,2.79,952.20,60.51,500.71
2026-01-23T23:00:00Z,67.08,1899.87,173.37,1334.02,48.08,2122.80,167.40,584.61,53.34,2368.79,160.69,497.57,36.39,2285.46,162.57,262.06,262.55,55.03,94.96,236.18,1810.52,3555.62,2.59,149.10,128.22,608.32,3.22,958.12,59.34,498.55
2026-01-23T23:10:00Z,67.27,1891.89,173.55,1334.07,48.19,2115.85,166.85,578.04,53.69,2363.10,160.73,509.46,36.66,2288.07,162.82,256.76,267.22,54.09,94.30,238.17,1816.20,3550.62,2.57,149.75,127.58,602.55,3.08,961.64,59.73,510.78
2026-01-23T23:20:00Z,67.72,1894.51,173.39,1328.61,48.18,2113.93,167.37,564.23,53.69,2358.61,161.15,500.26,36.51,2284.11,162.75,255.72,262.93,53.26,95.32,236.92,1820.91,3564.16,2.54,150.71,126.55,608.63,3.34,960.82,60.12,499.40
2026-01-23T23:30:00Z,67.80,1885.89,173.71,1338.83,47.86,2120.54,167.60,556.07,53.53,2366.89,160.64,498.08,36.42,2292.58,162.63,258.54,259.13,52.85,94.77,230.68,1803.32,3540.81,2.41,149.82,124.32,602.19,2.96,946.59,58.97,510.42
2026-01-23T23:40:00Z,67.85,1881.76,174.59,1359.09,47.83,2133.41,167.34,554.98,53.49,2363.97,160.55,499.80,36.77,2289.98,163.13,255.26,263.44,54.07,95.61,237.32,1815.71,3555.07,2.65,151.23,126.66,605.04,3.03,957.92,59.52,489.00
2026-01-23T23:50:00Z,67.69,1876.71,174.98,1362.45,47.52,2129.51,167.56,545.53,53.32,2367.15,159.82,492.93,36.78,2292.68,162.68,255.64,259.01,54.34,96.40,231.55,1806.37,3562.08,2.54,151.68,123.27,603.82,3.28,957.27,59.49,508.72
2026-01-24T00:00:00Z,67.66,1875.27,174.66,1357.45,47.62,2132.58,167.69,551.51,53.61,2359.22,159.64,496.31,36.18,2301.71,162.48,234.09,263.02,53.83,96.32,237.69,1804.60,3559.83,2.44,153.21,127.40,610.41,2.93,955.52,57.86,516.11
2026-01-24T00:10:00Z,68.00,1873.57,173.91,1358.13,47.80,2135.39,167.71,555.56,54.07,2356.32,160.79,487.47,35.05,2320.18,162.45,218.10,253.42,53.11,96.24,228.63,1802.54,3559.12,2.59,151.56,123.07,600.61,3.04,947.90,57.93,499.22
2026-01-24T00:20:00Z,67.51,1883.28,173.68,1357.40,47.29,2130.41,167.28,547.96,53.71,2365.61,159.84,492.67,34.37,2328.73,162.64,211.57,256.17,52.42,95.81,229.25,1802.02,3546.49,2.56,150.20,122.16,604.99,3.44,950.28,59.40,503.98
2026-01-24T00:30:00Z,67.12,1896.07,173.68,1355.25,46.97,2142.88,167.33,558.88,53.65,2362.65,160.24,491.59,34.12,2342.27,161.89,189.51,252.22,53.27,94.82,228.03,1801.13,3553.10,2.50,150.58,121.74,602.29,3.17,955.56,59.28,498.35
2026-01-24T00:40:00Z,67.34,1904.53,173.56,1345.64,47.58,2133.23,167.04,541.99,53.66,2363.01,160.38,490.33,33.33,2359.67,161.71,166.57,253.93,53.20,95.37,230.04,1812.05,3542.73,2.66,150.89,122.46,605.40,2.89,956.93,59.35,505.47
2026-01-24T00:50:00Z,67.04,1904.99,173.29,1346.30,47.92,2125.16,167.67,544.20,53.71,2365.47,160.57,479.53,33.01,2370.95,160.40,157.21,249.56,52.63,94.95,220.24,1802.02,3544.74,2.58,149.70,117.09,593.99,3.00,950.00,59.52,489.56
2026-01-24T01:00:00Z,66.82,1894.44,173.36,1319.61,48.02,2120.18,167.29,557.40,53.70,2366.60,160.77,487.05,32.82,2367.69,160.29,156.57,255.83,51.57,95.15,230.96,1807.02,3542.46,2.62,150.03,124.06,599.86,2.90,957.79,59.88,499.18
2026-01-24T01:10:00Z,66.57,1897.70,173.39,1307.71,48.05,2128.43,167.24,569.01,53.63,2353.29,160.40,478.88,32.60,2385.28,160.10,139.72,249.57,50.46,95.78,224.85,1792.87,3542.90,2.69,150.77,122.52,601.45,3.47,949.30,59.29,500.90
2026-01-24T01:20:00Z,66.74,1904.06,172.98,1305.06,48.05,2118.70,167.84,561.20,54.03,2352.05,160.94,483.37,31.87,2394.20,159.28,111.38,248.37,50.04,95.54,224.98,1800.50,3543.94,2.45,149.41,121.36,598.35,2.89,954.36,59.27,486.81
2026-01-24T01:30:00Z,66.51,1908.52,173.33,1311.29,47.94,2123.26,166.96,554.42,53.96,2345.39,160.69,499.28,31.53,2401.61,159.46,106.35,252.46,49.76,95.79,226.15,1799.92,3550.65,2.60,149.76,122.97,599.51,3.19,951.28,59.60,505.99
2026-01-24T01:40:00Z,66.48,1904.47,172.88,1321.71,47.81,2132.01,167.24,569.88,54.12,2347.01,160.72,490.53,31.36,2415.84,159.61,82.19,259.24,48.76,95.06,232.46,1813.45,3554.90,2.35,150.87,124.15,610.21,2.84,956.09,60.63,508.53
2026-01-24T01:50:00Z,65.97,1903.14,173.09,1304.94,47.72,2127.32,167.01,556.30,53.84,2342.18,161.03,509.06,31.32,2422.05,159.31,83.41,251.54,48.23,94.36,226.38,1803.49,3537.83,2.45,149.50,123.74,606.62,2.85,950.87,61.19,509.72
2026-01-24T02:00:00Z,66.08,1912.19,172.42,1310.74,47.99,2125.28,167.14,552.04,53.45,2351.00,161.14,496.49,31.25,2425.63,158.81,86.27,248.75,47.88,94.57,222.03,1791.85,3550.50,2.51,149.13,121.33,592.95,2.88,950.03,60.93,497.90
2026-01-24T02:10:00Z,66.13,1916.78,173.10,1300.09,48.30,2122.93,167.52,565.98,53.44,2354.98,161.11,497.81,31.23,2424.74,159.27,69.15,250.96,48.43,94.31,225.08,1797.27,3561.35,2.44,149.30,120.92,595.52,3.16,947.72,61.58,502.00
2026-01-24T02:20:00Z,66.35,1915.93,173.28,1309.63,48.40,2129.21,167.41,562.48,53.07,2365.93,160.75,503.64,30.76,2432.37,158.75,63.86,248.51,50.66,93.95,226.77,1804.96,3554.01,2.38,148.21,119.49,595.10,3.05,955.08,61.61,494.97
2026-01-24T02:30:00Z,66.04,1918.05,172.77,1298.88,48.21,2130.28,167.98,566.33,52.70,2381.64,160.73,480.60,30.57,2436.92,158.72,57.81,246.45,45.76,93.94,222.94,1799.54,3558.39,2.63,148.46,118.01,597.53,2.99,946.79,60.39,495.20
2026-01-24T02:40:00Z,66.10,1924.80,172.25,1298.02,48.68,2111.84,167.42,563.55,52.69,2377.75,160.28,472.90,29.75,2446.07,158.70,39.56,239.51,46.42,94.76,219.03,1788.31,3558.04,2.52,150.68,114.65,590.83,2.91,947.70,60.03,489.61
2026-01-24T02:50:00Z,66.02,1922.56,172.35,1297.39,49.39,2103.11,167.01,575.95,53.35,2371.47,160.08,486.54,29.35,2454.24,158.10,19.98,243.82,45.52,94.79,218.94,1791.71,3548.20,2.37,149.84,118.91,597.33,3.28,947.44,58.81,502.53
2026-01-24T03:00:00Z,66.18,1908.26,172.70,1309.31,49.45,2082.85,167.18,590.25,53.56,2370.86,160.36,469.04,28.92,2467.64,157.82,16.60,248.56,46.06,95.59,225.82,1797.48,3556.37,2.61,151.73,119.26,600.01,3.18,951.42,58.87,493.53
2026-01-24T03:10:00Z,66.03,1916.29,172.95,1299.63,49.11,2087.57,167.42,586.07,53.70,2360.73,161.02,477.22,28.87,2470.66,157.73,2.41,249.85,48.06,95.00,223.90,1798.11,3554.35,2.50,148.60,121.30,592.03,3.04,950.41,60.14,489.73
2026-01-24T03:20:00Z,66.00,1926.48,172.75,1296.57,49.41,2087.63,167.70,603.49,54.07,2354.15,161.15,500.38,28.66,2482.27,157.85,0.00,247.82,48.90,95.00,222.68,1803.26,3550.50,2.57,150.18,117.96,594.85,2.54,957.92,58.46,492.84
2026-01-24T03:30:00Z,65.67,1931.16,172.83,1282.54,49.64,2080.96,168.35,625.17,54.16,2344.17,160.63,508.43,28.19,2484.29,157.20,0.00,241.95,48.97,95.62,216.59,1791.57,3545.39,2.54,150.14,120.12,601.73,3.33,953.22,59.18,504.44
2026-01-24T03:40:00Z,65.41,1933.37,173.32,1282.22,49.51,2098.54,169.00,612.58,54.11,2347.06,160.52,503.64,28.41,2493.71,157.19,0.00,245.00,50.65,95.00,217.83,1795.31,3551.15,2.50,150.56,115.83,595.92,3.31,951.89,60.02,496.76
2026-01-24T03:50:00Z,65.47,1938.14,173.20,1285.85,49.69,2094.39,168.22,607.62,54.12,2347.24,160.40,518.44,27.89,2503.26,156.95,0.00,248.85,48.17,95.03,225.49,1801.62,3530.42,2.51,147.23,122.57,611.07,2.79,951.36,59.62,511.15
2026-01-24T04:00:00Z,65.50,1938.36,173.02,1270.41,49.46,2090.79,168.27,602.73,54.01,2350.18,160.50,505.91,27.66,2508.34,157.33,0.00,243.37,47.35,95.51,218.94,1798.20,3547.18,2.53,150.11,114.73,590.90,2.86,949.55,58.29,499.35
2026-01-24T04:10:00Z,65.19,1942.37,173.11,1265.65,49.12,2098.98,168.23,598.93,53.88,2349.28,160.69,505.01,27.69,2506.78,157.77,0.00,248.78,46.23,95.16,223.28,1793.07,3547.47,2.59,149.44,120.42,592.43,2.82,945.19,59.46,498.12
2026-01-24T04:20:00Z,65.30,1935.18,172.67,1267.73,49.00,2099.80,167.96,580.20,53.81,2346.98,160.65,506.39,27.14,2511.13,157.71,0.00,242.36,48.30,94.68,217.17,1795.93,3542.29,2.58,149.39,115.17,594.08,3.22,942.80,60.07,491.37
2026-01-24T04:30:00Z,65.33,1936.59,172.11,1281.83,48.95,2106.04,168.09,584.79,53.79,2358.95,160.64,508.10,27.13,2524.07,157.87,0.00,243.61,47.86,94.96,219.94,1801.46,3549.21,2.44,151.14,115.90,596.07,3.21,956.16,58.97,490.22
2026-01-24T04:40:00Z,65.55,1944.18,173.20,1272.28,49.02,2094.19,167.43,588.23,53.46,2363.59,161.59,504.80,27.20,2524.43,158.01,0.00,244.10,48.95,95.12,217.91,1789.74,3544.24,2.33,148.20,116.04,596.80,2.86,944.05,58.25,492.58
2026-01-24T04:50:00Z,65.55,1942.01,172.87,1268.32,48.82,2106.83,167.47,593.48,53.38,2362.89,161.84,490.99,26.37,2535.19,157.85,0.00,242.44,50.61,95.88,219.48,1786.10,3542.57,2.47,151.69,118.02,596.34,2.93,943.43,59.67,513.24
2026-01-24T05:00:00Z,65.52,1947.70,171.83,1266.07,48.95,2098.74,167.22,599.54,53.49,2368.31,160.63,495.21,25.90,2536.51,158.14,0.00,245.80,48.32,96.01,220.81,1794.96,3555.32,2.48,149.65,117.44,595.47,2.84,942.72,60.16,493.60
2026-01-24T05:10:00Z,65.26,1942.41,172.02,1260.52,48.66,2108.06,167.34,580.90,53.37,2365.57,160.01,486.33,26.13,2540.97,157.18,0.00,239.42,48.94,95.55,215.65,1798.50,3546.27,2.64,149.02,114.41,594.26,3.24,949.28,60.70,498.48
2026-01-24T05:20:00Z,64.98,1946.01,171.92,1257.24,48.78,2093.52,167.47,591.02,53.66,2355.47,159.84,490.33,25.76,2551.38,157.96,0.00,241.71,48.14,94.95,217.05,1793.71,3543.79,2.41,151.06,118.23,595.23,3.06,949.35,62.02,499.64
2026-01-24T05:30:00Z,64.70,1948.49,172.44,1268.61,49.20,2094.49,167.60,580.89,53.67,2356.35,159.86,496.94,25.59,2563.91,157.35,0.00,242.01,49.24,94.69,216.45,1798.72,3556.20,2.63,150.02,115.19,593.96,2.77,945.62,62.93,489.10
2026-01-24T05:40:00Z,65.13,1948.36,172.54,1262.72,49.52,2085.46,167.29,609.21,54.06,2348.49,160.37,501.53,25.28,2574.23,157.30,0.00,242.66,49.08,95.30,217.09,1793.22,3539.67,2.57,149.00,115.90,597.59,2.99,948.36,61.94,498.89
2026-01-24T05:50:00Z,64.72,1960.14,171.91,1236.20,49.81,2081.00,167.90,626.74,53.81,2343.39,160.23,505.49,25.27,2568.53,157.75,0.00,245.66,50.61,95.27,223.13,1801.67,3553.27,2.77,149.10,119.24,604.96,2.91,951.34,60.08,503.29
2026-01-24T06:00:00Z,64.73,1952.26,171.63,1241.76,49.62,2087.82,167.89,620.47,54.35,2336.57,160.06,517.14,25.20,2571.33,158.29,0.00,248.62,48.63,94.81,224.55,1793.87,3552.87,2.71,150.42,118.65,594.32,3.07,947.84,60.52,490.03
2026-01-24T06:10:00Z,64.70,1960.79,171.95,1243.99,49.38,2091.03,168.17,618.86,54.81,2342.63,160.73,525.15,25.21,2573.10,158.24,0.00,243.92,47.45,94.64,219.90,1794.70,3550.71,2.45,148.97,116.41,596.56,2.97,944.08,60.87,502.50
2026-01-24T06:20:00Z,64.48,1971.38,172.45,1232.47,49.75,2092.05,168.06,611.30,54.83,2329.27,161.08,528.26,25.64,2570.01,157.33,0.00,241.35,48.37,95.03,217.88,1787.95,3542.28,2.37,150.42,113.85,596.28,3.02,941.45,60.61,485.52
2026-01-24T06:30:00Z,64.37,1965.28,172.33,1227.17,49.16,2096.50,168.66,621.72,55.00,2332.61,161.15,530.21,25.90,2562.21,157.75,0.00,242.88,48.99,94.65,222.89,1806.03,3553.88,2.54,150.11,118.08,600.16,3.49,954.81,60.04,487.95
2026-01-24T06:40:00Z,64.26,1970.14,172.16,1233.83,49.06,2100.49,168.17,607.87,55.06,2334.37,160.91,538.23,26.07,2560.82,157.82,0.00,246.91,47.76,94.79,222.05,1795.47,3551.45,2.40,150.83,119.26,603.48,3.20,944.29,60.39,500.94
2026-01-24T06:50:00Z,63.90,1978.06,172.42,1233.04,49.29,2088.49,167.60,614.08,54.75,2318.21,161.69,547.28,25.50,2562.00,157.75,0.00,248.65,48.02,95.29,222.84,1805.04,3552.04,2.51,150.49,120.65,600.24,2.95,953.26,60.31,507.64
2026-01-24T07:00:00Z,63.88,1984.74,172.26,1236.71,49.12,2100.36,167.22,597.10,54.70,2332.43,161.63,532.87,26.11,2557.69,157.90,0.00,253.08,49.60,94.62,229.57,1808.03,3551.52,2.55,151.57,121.27,603.94,3.19,944.69,58.73,501.90
2026-01-24T07:10:00Z,63.92,1976.51,171.81,1233.75,49.07,2089.89,167.39,603.17,54.72,2341.08,161.62,535.17,26.37,2538.86,157.62,0.00,249.69,51.29,94.18,225.73,1803.51,3545.88,2.72,150.69,119.22,600.33,3.16,957.23,59.81,497.86
2026-01-24T07:20:00Z,63.83,1975.43,172.08,1238.15,49.10,2094.53,167.25,600.95,55.03,2327.34,161.59,535.58,26.50,2538.69,157.93,0.00,250.91,49.75,93.23,227.56,1806.64,3540.37,2.25,151.01,120.86,602.30,3.10,957.78,60.34,499.91
2026-01-24T07:30:00Z,64.25,1971.57,172.42,1247.62,48.84,2088.96,167.26,602.88,55.15,2327.09,162.00,543.03,25.96,2540.17,157.07,0.00,248.27,50.54,95.07,224.88,1793.94,3549.84,2.39,148.83,120.21,600.67,2.98,952.35,59.26,507.42
2026-01-24T07:40:00Z,63.66,1980.98,172.18,1222.55,48.80,2097.10,168.00,597.27,54.70,2328.04,161.20,530.62,26.25,2548.07,156.94,0.00,240.27,48.46,95.47,218.79,1789.22,3557.70,2.67,150.51,113.79,593.11,2.83,944.82,59.68,487.44
2026-01-24T07:50:00Z,63.46,1980.60,171.74,1219.95,48.93,2093.12,167.24,606.48,54.77,2333.37,161.39,530.51,26.09,2548.23,156.80,0.00,247.72,49.10,95.31,221.86,1795.60,3554.95,2.66,149.57,120.01,603.12,2.97,949.97,59.20,506.10
2026-01-24T08:00:00Z,63.62,1972.34,171.62,1226.70,48.76,2096.11,167.55,600.08,54.50,2325.13,160.59,530.89,26.24,2535.89,157.00,0.00,244.95,49.86,94.99,220.43,1801.00,3558.94,2.86,149.73,115.26,600.91,3.30,953.23,59.35,509.04
2026-01-24T08:10:00Z,63.66,1978.70,171.21,1229.12,48.80,2095.74,168.08,605.83,54.62,2322.17,160.11,540.72,26.83,2531.26,157.59,0.00,241.77,50.92,94.53,216.61,1795.25,3557.27,2.56,148.97,118.03,594.21,2.86,947.28,58.86,505.27
2026-01-24T08:20:00Z,64.06,1980.38,171.11,1222.55,49.01,2100.33,168.13,598.85,54.62,2337.10,161.05,540.57,26.82,2525.38,157.88,0.00,247.34,48.28,93.63,224.31,1804.49,3562.81,2.67,149.78,119.10,597.63,2.94,956.31,59.35,489.42
2026-01-24T08:30:00Z,64.21,1977.76,171.18,1228.54,49.26,2099.90,167.94,608.34,54.66,2344.09,161.54,537.57,27.07,2516.12,156.97,0.00,246.05,47.99,94.52,223.19,1799.23,3554.55,2.64,149.14,117.64,595.60,2.91,954.34,60.12,508.99
2026-01-24T08:40:00Z,63.74,1978.10,170.92,1212.57,49.48,2094.72,167.60,619.65,54.92,2342.27,161.21,533.35,26.73,2529.02,156.66,0.00,248.23,49.38,94.76,223.98,1803.35,3552.70,2.52,150.42,116.93,597.38,2.76,957.35,59.43,494.59
2026-01-24T08:50:00Z,63.90,1987.31,170.39,1209.17,49.26,2095.34,167.84,612.88,54.98,2325.08,161.03,535.08,26.83,2527.98,156.23,0.00,245.52,47.07,94.69,224.26,1794.07,3511.53,2.74,149.67,118.80,604.38,2.65,942.94,59.67,506.81
2026-01-24T09:00:00Z,63.89,1993.73,171.06,1221.31,49.64,2082.86,168.35,611.94,54.60,2329.57,160.67,527.72,27.22,2520.50,156.70,0.00,246.14,46.48,94.79,220.86,1806.84,3556.19,2.50,151.38,120.00,603.87,3.05,948.65,60.00,498.35
2026-01-24T09:10:00Z,64.08,1978.84,169.87,1209.18,49.94,2074.64,168.26,614.08,54.61,2331.24,161.02,537.66,27.75,2513.86,157.17,0.00,249.07,47.66,94.20,227.26,1801.69,3543.82,2.40,150.11,120.67,600.70,2.65,954.64,61.02,493.49
2026-01-24T09:20:00Z,63.74,1980.50,170.64,1202.53,49.89,2077.73,168.40,602.60,54.28,2346.54,160.51,521.72,27.81,2511.21,157.21,0.00,249.07,48.29,93.77,221.63,1794.43,3551.41,2.70,150.24,122.01,602.01,2.79,948.31,60.30,504.87
2026-01-24T09:30:00Z,63.82,1988.63,171.62,1205.29,49.71,2077.81,167.77,595.74,54.47,2342.84,160.90,521.70,27.94,2506.05,157.06,0.00,247.63,48.14,94.31,218.61,1786.96,3550.68,2.43,149.60,118.69,598.25,3.35,943.52,58.68,492.82
2026-01-24T09:40:00Z,63.54,1990.79,170.12,1203.64,49.33,2088.28,168.09,585.37,54.64,2331.94,160.86,514.12,27.86,2507.92,157.33,0.00,239.56,47.86,94.39,218.21,1799.77,3563.36,2.48,148.82,111.05,593.08,3.18,948.76,58.74,499.43
2026-01-24T09:50:00Z,63.47,1997.52,170.48,1201.88,49.17,2089.93,167.86,598.74,54.23,2342.29,161.26,527.14,27.53,2513.77,157.86,0.00,248.21,48.32,94.27,224.30,1795.16,3569.35,2.42,149.44,116.79,586.91,2.94,950.40,59.01,499.63
2026-01-24T10:00:00Z,63.52,1986.49,170.92,1199.74,48.88,2089.35,167.43,605.14,53.87,2351.96,160.51,533.56,27.30,2518.69,157.46,0.00,249.35,49.73,93.56,226.99,1787.84,3557.83,2.44,150.73,119.67,596.49,3.11,944.55,59.81,509.03
2026-01-24T10:10:00Z,63.67,1972.11,170.39,1204.08,49.12,2091.43,167.37,592.75,54.61,2345.91,160.30,536.00,27.32,2518.34,157.70,0.00,249.02,47.98,93.53,225.50,1801.54,3537.54,2.37,151.91,118.05,601.80,3.12,955.85,60.09,499.89
2026-01-24T10:20:00Z,63.46,1986.54,169.71,1204.41,49.39,2091.09,168.55,608.01,54.62,2343.36,160.82,535.91,26.66,2529.30,156.33,0.00,240.13,46.80,93.56,215.60,1793.63,3536.78,2.51,150.97,113.55,594.00,2.91,944.50,59.29,490.03
2026-01-24T10:30:00Z,63.68,1977.77,171.19,1207.16,49.50,2083.38,167.89,608.91,54.59,2342.12,161.09,531.57,26.67,2524.21,156.73,0.00,246.70,45.62,94.11,220.95,1792.10,3536.19,2.77,148.30,119.16,593.52,2.80,946.37,60.72,491.99
2026-01-24T10:40:00Z,63.46,1981.11,171.56,1217.92,49.40,2087.73,168.54,618.37,54.69,2351.48,161.58,521.32,26.69,2526.15,157.32,0.00,245.49,46.65,94.60,221.11,1798.68,3546.61,2.51,150.09,118.40,598.78,2.99,947.24,60.17,499.46
2026-01-24T10:50:00Z,63.98,1973.81,171.65,1220.93,49.01,2088.43,168.36,609.79,54.73,2337.20,162.50,530.68,26.67,2540.72,158.04,0.00,244.73,47.29,95.08,222.72,1797.20,3546.50,2.93,151.58,115.80,595.46,3.22,948.81,60.87,490.17
2026-01-24T11:00:00Z,64.20,1974.88,171.71,1218.34,49.32,2094.08,168.40,605.08,54.66,2339.90,161.62,539.91,26.52,2537.77,157.58,0.00,248.81,48.19,95.57,224.73,1802.55,3540.53,2.23,149.01,117.61,600.21,2.38,954.48,60.50,489.88
2026-01-24T11:10:00Z,64.26,1968.52,171.86,1226.79,49.17,2098.88,167.85,602.88,54.31,2337.85,160.94,521.40,26.30,2539.22,157.55,0.00,251.95,48.38,95.74,224.37,1802.94,3565.11,2.62,150.23,120.15,607.66,3.09,948.63,59.38,501.60
2026-01-24T11:20:00Z,64.53,1968.32,171.75,1217.93,49.09,2094.66,167.49,596.41,54.32,2342.40,160.44,506.08,26.19,2537.52,157.65,0.00,250.10,47.88,95.38,223.59,1800.34,3554.07,2.38,150.86,119.45,593.68,3.38,955.95,59.86,495.55
2026-01-24T11:30:00Z,64.36,1967.45,170.88,1222.34,48.61,2090.80,167.83,590.69,54.30,2340.75,161.25,499.16,25.59,2550.84,157.50,0.00,247.58,48.27,94.63,223.96,1796.68,3543.05,2.66,149.86,120.17,604.29,3.29,954.63,60.14,500.47
2026-01-24T11:40:00Z,64.27,1966.03,170.70,1230.27,48.60,2104.28,167.75,575.39,54.14,2341.87,161.14,512.73,25.36,2553.70,158.16,0.00,246.58,50.59,95.08,224.69,1810.95,3548.95,2.52,150.88,117.69,598.86,2.82,954.04,60.90,503.78
2026-01-24T11:50:00Z,64.05,1971.63,170.72,1219.89,48.41,2117.01,167.47,561.57,54.03,2347.94,160.96,499.36,25.60,2547.61,157.87,0.00,245.87,49.52,94.65,223.53,1796.50,3547.65,2.38,149.70,117.40,599.13,2.26,944.49,60.34,502.78
2026-01-24T12:00:00Z,63.73,1964.80,171.86,1216.82,48.17,2119.92,167.46,560.00,54.21,2349.73,160.96,495.29,25.79,2547.29,157.92,0.00,244.04,49.19,95.12,221.05,1794.41,3552.87,2.46,149.66,115.37,599.94,3.09,954.32,58.97,497.71
2026-01-24T12:10:00Z,63.88,1969.01,171.49,1220.26,48.09,2126.02,167.12,565.32,54.44,2345.31,161.06,490.25,26.12,2544.00,157.76,0.00,236.95,48.23,94.44,213.06,1785.44,3542.43,2.39,149.92,111.28,599.07,2.94,949.71,59.60,503.18
2026-01-24T12:20:00Z,64.11,1968.72,171.32,1245.19,47.71,2131.12,167.54,548.50,54.49,2335.51,160.81,497.85,26.01,2548.72,156.82,0.00,239.87,46.43,94.08,218.17,1795.69,3551.35,2.47,150.62,116.97,593.26,3.18,939.53,58.77,496.04
2026-01-24T12:30:00Z,64.24,1966.64,171.67,1241.21,47.52,2128.45,167.11,541.39,54.47,2329.28,160.98,514.48,26.11,2544.38,156.97,0.00,244.09,48.12,93.62,217.92,1787.71,3542.29,2.54,149.45,118.21,596.85,2.96,946.81,58.42,491.99
2026-01-24T12:40:00Z,64.58,1971.75,171.89,1223.94,47.76,2129.63,166.39,545.55,54.18,2342.94,161.85,522.74,25.97,2555.01,156.80,0.00,241.38,48.66,93.33,216.96,1797.03,,2.47,148.81,115.74,592.01,3.05,951.54,57.95,488.62
2026-01-24T12:50:00Z,64.37,1968.54,171.59,1233.34,47.43,2138.03,167.02,554.67,53.81,2345.17,161.52,506.88,26.35,2542.17,156.37,0.00,241.59,44.74,94.43,217.10,1783.94,3533.91,2.43,150.46,113.26,589.42,2.85,940.27,57.65,488.94
2026-01-24T13:00:00Z,64.53,1962.26,171.38,1229.74,47.22,2138.92,167.82,531.70,54.19,2344.00,161.49,519.92,26.39,2545.53,156.97,0.00,241.75,44.43,94.90,217.67,1793.28,3559.70,2.62,148.89,116.95,597.31,3.05,947.09,58.98,499.89
2026-01-24T13:10:00Z,64.42,1962.17,171.33,1246.43,47.34,2138.55,167.33,545.86,54.03,2348.65,161.32,503.64,25.88,2551.76,156.51,0.00,242.14,44.27,94.55,215.42,1794.00,3550.05,2.59,149.57,115.45,595.61,3.30,944.80,58.82,491.77
2026-01-24T13:20:00Z,64.48,1969.82,171.53,1242.34,47.82,2143.08,168.26,544.68,53.85,2350.47,161.09,495.46,26.32,2545.09,157.05,0.00,237.90,46.63,94.00,215.98,1792.05,3539.77,2.50,149.70,115.69,590.92,2.92,950.21,61.09,491.49
2026-01-24T13:30:00Z,64.11,1972.19,172.15,1237.70,47.42,2139.92,167.43,537.88,54.36,2337.14,160.27,518.37,26.28,2543.31,157.20,0.00,239.75,46.45,93.45,216.60,1791.25,3547.50,2.76,149.76,114.99,590.24,2.86,945.16,61.20,491.18
2026-01-24T13:40:00Z,64.13,1977.05,172.10,1218.89,47.39,2143.09,167.14,540.38,54.41,2340.44,160.63,525.15,26.10,2538.10,158.20,0.00,238.61,45.75,94.33,211.18,1792.71,3560.68,2.53,149.12,114.91,592.73,3.17,950.19,59.19,498.32
2026-01-24T13:50:00Z,64.20,1982.62,171.46,1215.74,47.77,2124.34,167.03,548.35,53.92,2343.99,160.68,508.44,,2535.66,157.80,0.00,236.51,46.77,95.01,211.45,1785.94,3546.97,2.33,149.22,112.15,592.19,2.51,941.62,59.53,490.80
2026-01-24T14:00:00Z,64.31,1965.44,171.30,1202.14,48.15,2127.21,167.35,542.38,53.63,2350.73,161.07,506.09,26.05,2543.89,157.62,0.00,239.30,46.91,94.74,213.59,1785.68,3540.19,2.51,148.91,113.28,597.42,2.79,941.98,59.31,496.74
2026-01-24T14:10:00Z,64.50,1957.21,171.28,1220.60,47.95,2121.89,167.28,550.99,53.38,2363.87,160.65,496.01,26.31,2541.91,157.15,0.00,241.26,44.43,94.84,217.93,1795.88,3544.70,2.59,148.70,113.95,584.16,3.40,945.69,59.53,487.24
2026-01-24T14:20:00Z,64.73,1960.71,170.98,1227.21,47.83,2120.43,167.23,556.23,53.18,2369.57,161.01,478.80,26.55,2539.85,157.16,0.00,237.83,45.87,94.78,211.58,1790.40,3548.87,2.83,148.99,113.42,584.12,2.97,942.27,59.38,486.24
2026-01-24T14:30:00Z,64.90,1958.36,171.37,1244.25,48.04,2122.82,167.07,547.07,53.32,2372.59,159.94,488.98,26.59,2535.69,157.33,0.00,239.81,46.64,93.33,215.37,1792.55,3543.84,2.46,149.55,116.23,595.65,2.91,944.58,60.28,492.82
2026-01-24T14:40:00Z,64.61,1960.25,171.79,1251.17,47.78,2126.60,167.48,542.59,53.45,2371.66,160.02,490.18,26.71,2522.24,157.69,0.00,239.57,45.52,93.66,218.89,1799.32,3549.91,2.71,150.00,114.73,594.31,2.86,948.70,60.06,489.51
2026-01-24T14:50:00Z,64.72,1957.46,171.71,1250.25,48.16,2125.43,166.94,552.87,53.56,2367.16,160.28,494.86,26.47,2530.71,157.11,0.00,246.29,45.05,93.73,223.66,1791.61,3547.99,2.20,151.67,119.94,600.92,2.74,951.54,60.39,497.93
2026-01-24T15:00:00Z,64.54,1958.62,172.18,1239.75,48.35,2124.31,166.37,551.43,53.24,2370.33,160.50,489.83,26.75,2531.33,157.11,0.00,243.54,44.35,94.26,220.95,1790.17,3550.85,2.52,149.75,116.29,593.01,2.64,941.76,60.89,489.90
2026-01-24T15:10:00Z,64.74,1957.49,171.66,1244.04,48.30,2123.64,166.93,545.28,52.92,2364.94,161.18,482.89,26.85,2519.07,156.78,0.00,239.71,43.88,94.17,216.11,1790.14,3553.87,2.34,149.76,115.71,592.93,2.75,946.38,58.90,509.38
2026-01-24T15:20:00Z,64.73,1965.64,171.86,1229.11,48.14,2132.80,167.37,544.11,53.03,2371.09,161.06,488.45,27.18,2536.68,157.00,0.00,244.84,45.07,94.50,218.20,1798.01,3543.91,2.55,149.14,114.73,599.92,2.77,948.29,58.52,495.85
2026-01-24T15:30:00Z,64.72,1962.11,172.92,1242.80,48.59,2115.86,167.40,559.95,52.85,2378.48,160.42,480.43,27.32,2519.31,157.03,0.00,238.43,45.55,94.26,214.85,1795.50,3553.29,2.47,149.88,114.58,589.12,2.85,943.91,59.39,496.85
2026-01-24T15:40:00Z,64.88,1948.36,172.51,1247.27,48.34,2116.81,166.51,565.23,52.75,2387.28,160.40,476.38,26.97,2519.73,156.65,0.00,248.88,46.34,94.16,224.12,1803.27,3551.17,2.39,151.37,118.41,596.55,2.68,948.09,61.52,493.93
2026-01-24T15:50:00Z,65.30,1940.65,172.76,1261.15,48.04,2112.02,167.80,574.72,53.03,2380.69,160.21,474.23,27.16,2519.25,156.93,0.00,241.11,47.61,94.97,219.16,1795.73,3551.79,2.64,150.47,115.20,595.44,2.96,948.41,61.39,493.32
2026-01-24T16:00:00Z,65.11,1943.74,172.10,1257.06,48.38,2113.41,167.78,579.63,52.79,2374.58,159.92,475.75,27.07,2524.51,156.85,0.00,237.01,47.56,95.38,211.50,1799.13,3551.34,2.40,150.27,113.73,595.28,2.78,952.53,61.80,501.83
2026-01-24T16:10:00Z,65.03,1947.53,172.50,1261.92,47.95,2131.34,167.06,554.30,52.94,2377.61,160.25,479.12,26.88,2523.93,156.61,0.00,240.52,,94.57,217.05,1798.79,3548.79,2.42,149.91,114.25,589.14,3.04,956.83,60.08,489.66
2026-01-24T16:20:00Z,65.39,1940.51,172.34,1269.87,47.76,2117.89,167.00,556.57,53.05,2372.88,160.26,461.34,26.99,2517.73,156.85,0.00,244.62,47.35,94.86,218.72,1802.49,3550.86,2.28,151.49,118.07,594.42,3.26,956.60,59.26,496.04
2026-01-24T16:30:00Z,65.14,1938.37,171.94,1269.84,48.01,2124.66,167.21,580.42,52.90,2378.46,160.05,460.79,27.04,2526.92,157.31,0.00,241.32,48.22,94.53,218.96,1795.52,3542.98,2.57,151.86,115.08,592.39,3.09,945.57,58.08,485.41
2026-01-24T16:40:00Z,65.37,1931.90,171.94,1265.17,48.11,2124.86,168.03,575.19,52.84,2380.08,160.43,470.44,27.17,2520.16,157.74,0.00,244.53,49.22,95.21,218.68,1798.07,3566.90,2.27,150.97,117.94,589.79,2.91,950.99,59.03,483.10
2026-01-24T16:50:00Z,65.28,1943.62,171.83,1255.44,48.34,2116.40,168.02,568.36,53.28,2361.90,160.61,485.08,26.37,2525.31,157.29,0.00,245.02,46.27,95.48,222.45,1794.65,3554.04,2.43,149.62,116.41,587.85,3.20,946.27,59.86,497.34
2026-01-24T17:00:00Z,65.19,1941.80,171.98,1252.74,48.52,,167.77,564.38,53.65,2350.50,161.24,498.10,26.26,2536.92,156.94,0.00,237.10,47.43,94.80,211.53,1780.28,3563.01,2.48,150.85,112.95,595.44,3.17,940.60,59.92,505.21
2026-01-24T17:10:00Z,65.29,1944.19,172.65,1257.13,48.55,2126.01,167.25,562.18,52.93,2367.99,160.97,499.28,26.52,2542.01,157.48,0.00,240.90,50.09,94.80,217.94,1790.55,3545.81,2.74,149.80,111.16,591.51,3.10,953.92,59.10,489.47
2026-01-24T17:20:00Z,65.11,1945.23,171.88,1258.14,47.92,2122.54,167.06,575.44,52.89,2381.53,160.80,475.05,26.46,2537.28,157.99,0.00,243.53,48.64,94.60,220.21,1793.13,3543.42,2.57,149.84,115.63,591.79,2.93,950.55,60.04,492.10
2026-01-24T17:30:00Z,65.10,1940.27,172.87,1280.86,47.82,2125.60,167.11,568.97,52.67,2375.98,160.84,469.85,26.56,2536.69,158.06,0.00,240.80,45.69,94.69,217.87,1803.33,3551.63,2.74,150.60,115.87,597.45,2.68,947.50,60.98,495.01
2026-01-24T17:40:00Z,65.35,1942.78,172.18,1280.76,47.88,2137.12,167.61,558.85,52.53,2381.80,160.22,458.28,26.74,2533.13,157.75,0.00,247.04,46.89,95.09,222.50,1802.75,3554.57,2.61,150.14,116.57,598.65,2.85,951.38,59.48,504.47
2026-01-24T17:50:00Z,65.19,1948.59,172.61,1252.30,48.10,2131.54,166.99,562.90,52.63,2382.78,160.31,467.38,26.74,2532.88,157.64,0.00,239.53,44.61,94.28,216.14,1784.89,3537.88,2.35,151.56,115.61,587.69,2.86,941.46,60.68,493.99
2026-01-24T18:00:00Z,64.85,1946.45,172.46,1250.65,47.79,2121.40,167.26,564.36,52.65,2388.73,160.16,470.87,26.63,2535.78,157.37,0.00,239.74,43.46,94.70,214.50,1793.29,3548.51,2.62,149.88,115.32,591.52,2.38,954.79,59.10,498.38
2026-01-24T18:10:00Z,65.38,1933.97,172.23,1275.15,47.80,2127.36,167.21,553.13,52.53,2384.44,160.25,464.09,27.32,2527.02,157.64,0.00,242.11,45.59,95.06,219.18,1788.49,3545.86,2.60,149.66,117.05,597.46,2.76,939.25,59.32,492.04
2026-01-24T18:20:00Z,65.14,1951.42,172.44,1267.91,48.30,2139.99,168.03,548.11,52.44,2396.13,160.15,454.70,27.49,2523.60,157.30,0.00,239.69,45.52,94.19,214.08,1793.39,3544.72,2.51,149.36,117.44,594.45,3.04,939.06,59.81,489.53
2026-01-24T18:30:00Z,64.94,1949.76,172.19,1260.83,48.17,2129.21,166.99,543.13,52.66,2380.94,159.31,460.37,27.02,2530.36,157.42,0.00,241.45,46.46,94.56,220.29,1798.12,3541.04,2.37,150.92,115.04,595.36,3.14,951.05,58.80,488.52
2026-01-24T18:40:00Z,64.76,1956.42,172.19,1251.69,48.13,2126.40,166.24,550.86,52.47,2389.25,159.71,454.93,26.81,2531.58,157.14,0.00,239.38,49.24,94.19,213.86,1791.06,3558.56,,149.33,118.05,603.28,2.68,943.65,59.16,501.10
2026-01-24T18:50:00Z,64.25,1964.92,171.83,1250.94,48.23,2121.73,166.38,561.77,52.52,2396.31,159.02,452.49,26.37,2534.53,157.07,0.00,244.87,48.24,94.11,223.40,1792.37,3564.04,2.23,149.26,115.20,597.74,2.74,941.98,59.05,508.14
2026-01-24T19:00:00Z,64.39,1957.48,171.84,1247.47,48.41,2120.16,166.71,578.98,52.27,2394.04,159.32,443.25,26.23,2546.44,157.03,0.00,241.50,47.83,94.44,217.97,1798.58,3564.32,2.71,149.65,115.21,598.56,2.76,944.79,60.14,486.41
2026-01-24T19:10:00Z,64.13,1967.23,171.81,1234.74,48.03,2117.68,166.66,589.17,52.33,2391.81,160.33,445.05,26.75,2547.46,156.83,0.00,242.70,48.17,94.56,223.79,1808.41,3562.14,2.50,150.89,116.62,596.73,2.80,953.63,60.48,504.01
2026-01-24T19:20:00Z,64.12,1971.13,171.55,1235.63,48.00,2123.24,167.52,563.97,52.09,2410.29,160.78,442.05,26.84,2548.56,156.89,0.00,236.51,48.69,95.06,211.88,1792.57,3541.97,2.40,148.02,113.13,593.78,3.11,951.27,59.67,501.42
2026-01-24T19:30:00Z,64.11,1968.23,171.52,1244.47,48.33,2119.95,167.51,556.99,52.05,2405.22,159.86,437.67,26.58,2542.04,157.24,0.00,230.22,48.23,94.74,206.43,1782.45,3553.35,2.34,151.03,110.67,586.59,3.10,946.06,59.40,493.80
2026-01-24T19:40:00Z,63.74,1982.73,171.39,1225.27,48.34,2115.61,167.70,559.05,51.77,2400.36,160.02,443.34,26.34,2549.48,157.03,0.00,236.44,45.70,93.93,214.43,1797.14,3547.89,2.20,150.20,114.57,595.55,2.91,954.64,59.12,508.06
2026-01-24T19:50:00Z,63.69,1982.65,171.42,1210.62,48.37,2121.63,167.49,573.83,51.70,2410.89,159.87,434.44,26.28,2549.01,156.99,0.00,235.34,46.38,94.82,211.87,1799.43,3548.72,2.62,150.58,111.30,594.69,3.01,950.01,59.30,494.58
2026-01-24T20:00:00Z,64.10,1979.09,172.15,1211.73,48.19,2124.91,167.04,557.32,51.56,2415.23,160.14,424.23,26.24,2542.14,157.37,0.00,235.22,46.92,94.75,210.18,1792.51,3558.90,2.64,150.82,114.33,593.47,3.22,948.75,59.45,489.20
2026-01-24T20:10:00Z,63.93,1984.61,171.96,1211.76,47.88,2121.06,167.03,556.41,51.68,2405.02,158.79,426.25,26.27,2543.70,156.97,0.00,235.26,46.84,94.19,209.29,1783.76,3555.95,2.35,147.74,113.13,588.24,2.92,943.94,59.08,491.70
2026-01-24T20:20:00Z,63.91,1986.55,171.48,1228.70,48.33,2120.49,166.64,559.27,51.37,2410.49,158.84,431.79,26.77,2537.69,157.50,0.00,234.18,46.69,93.90,211.27,1789.94,3552.91,2.61,148.81,109.28,588.86,3.02,942.27,60.12,495.56
2026-01-24T20:30:00Z,64.32,1978.05,171.21,1226.35,48.15,2126.20,166.99,567.32,51.57,2414.60,158.95,426.86,26.74,2530.20,157.62,0.00,237.21,46.92,93.40,215.85,1792.22,3547.91,2.72,148.18,113.59,587.33,3.15,948.33,60.39,492.79
2026-01-24T20:40:00Z,64.29,1968.01,171.66,1235.44,47.66,2135.66,167.83,552.88,51.75,2414.48,158.71,426.57,26.75,2526.05,157.75,0.00,243.52,46.93,94.28,219.85,1792.47,3553.78,2.51,149.38,115.85,592.39,3.04,943.49,60.07,493.40
2026-01-24T20:50:00Z,64.13,1966.04,171.88,1221.93,47.38,2161.11,166.88,538.80,51.85,2400.77,159.17,420.67,26.79,2526.02,157.98,0.00,237.17,45.13,94.03,213.53,1781.83,3558.84,2.54,150.19,114.16,596.94,2.75,937.66,60.44,503.15
2026-01-24T21:00:00Z,63.84,1963.49,171.31,1215.27,47.55,2151.70,167.72,540.70,51.76,2396.28,158.91,434.30,26.94,2531.25,157.63,0.00,239.90,45.65,94.30,217.38,1790.94,3552.63,2.36,151.69,114.92,588.46,2.85,941.53,61.60,488.47
2026-01-24T21:10:00Z,64.15,1974.62,171.87,1221.81,47.51,2135.77,167.32,538.18,51.88,2412.17,158.90,427.12,26.86,2537.62,158.00,0.00,237.77,45.87,93.77,209.25,1782.57,3544.89,2.36,149.71,112.03,587.97,2.92,944.80,60.99,489.45
2026-01-24T21:20:00Z,64.46,1976.82,172.38,1226.11,47.37,2142.15,167.41,546.77,52.05,2412.48,159.30,430.39,27.32,2532.60,157.07,0.00,242.94,46.64,93.79,218.32,1795.41,3561.50,2.42,151.26,120.19,607.87,3.05,946.16,61.37,508.34
2026-01-24T21:30:00Z,63.97,1972.76,171.62,1216.61,47.23,2149.97,167.21,528.57,52.44,2395.78,159.73,455.89,27.26,2525.41,156.99,0.00,240.12,45.57,94.85,214.45,1782.75,3551.97,2.34,150.12,115.37,605.28,2.87,943.14,60.48,508.92
2026-01-24T21:40:00Z,63.65,1976.19,171.21,1204.40,47.03,2156.02,166.93,517.87,52.39,2384.42,159.72,457.33,27.15,2518.34,156.82,0.00,236.60,44.32,93.66,215.31,1786.33,,2.50,151.14,113.27,596.49,2.97,946.60,60.70,501.42
2026-01-24T21:50:00Z,63.65,1970.47,170.89,1220.04,47.37,2149.43,166.06,519.04,52.09,2392.48,160.24,454.00,26.91,2522.81,156.98,0.00,236.01,43.60,93.43,212.93,1791.68,3549.66,2.24,150.11,112.24,587.13,3.03,950.88,60.49,488.14
2026-01-24T22:00:00Z,64.21,1972.70,170.39,1206.90,46.94,2147.31,166.08,520.32,52.16,2382.18,159.69,454.35,26.61,2532.37,156.94,0.00,244.06,45.98,92.76,220.99,1803.10,3548.10,2.27,150.97,117.17,601.13,3.00,953.19,59.38,491.84
2026-01-24T22:10:00Z,64.22,1971.75,171.85,1217.32,46.81,2151.40,166.19,525.96,52.34,2384.36,159.78,453.72,26.49,2545.87,156.98,0.00,239.18,45.32,93.58,210.62,1788.13,3547.11,2.47,149.90,112.92,585.79,2.93,941.92,58.94,487.29
2026-01-24T22:20:00Z,64.54,1968.71,171.63,1223.69,46.84,2155.65,167.03,521.16,51.92,2397.01,159.80,462.79,26.64,2540.22,156.84,0.00,242.53,45.87,93.88,220.08,1793.33,3543.45,2.44,149.07,115.05,593.38,3.31,946.42,59.82,498.19
2026-01-24T22:30:00Z,64.20,1966.39,172.50,1240.84,46.94,2145.22,166.38,538.57,51.97,2405.26,159.86,438.75,26.86,2531.87,156.50,0.00,240.68,46.34,93.86,216.19,1801.01,3549.09,2.30,150.25,116.63,594.59,3.13,945.86,60.20,493.76
2026-01-24T22:40:00Z,64.56,1970.97,172.19,1240.09,46.96,2143.18,166.79,537.16,51.63,2405.75,159.67,427.82,26.68,2542.81,157.05,0.00,233.45,46.44,94.77,212.65,1799.75,3548.62,2.46,149.74,113.30,594.16,3.09,948.69,60.06,492.05
2026-01-24T22:50:00Z,64.27,1965.78,171.93,1232.64,47.17,2150.24,166.23,534.29,51.50,2410.15,159.63,410.79,26.51,2536.75,157.52,0.00,232.65,45.48,93.29,208.65,1791.25,3554.75,2.36,148.67,112.86,589.07,3.33,946.47,58.94,502.64
2026-01-24T23:00:00Z,64.33,1976.01,171.74,1210.96,47.07,2149.67,166.24,520.53,51.44,2410.44,159.23,432.41,26.51,2531.10,157.37,0.00,232.76,47.65,93.54,205.50,1779.88,3557.21,2.15,150.14,110.63,593.02,3.26,935.68,59.67,489.69
2026-01-24T23:10:00Z,64.48,1965.65,171.81,1221.92,47.18,2144.77,166.29,517.96,51.95,2413.12,159.62,420.23,26.62,2530.67,157.36,0.00,242.42,46.63,94.81,218.19,1796.66,3546.52,2.67,149.67,114.94,592.02,2.96,953.06,58.71,495.34
2026-01-24T23:20:00Z,64.86,1964.86,171.86,1234.74,47.34,2142.18,166.46,525.17,52.42,2404.35,159.15,439.71,26.43,2542.01,157.22,0.00,241.89,45.02,94.18,216.09,1800.04,3564.36,2.35,149.32,116.10,595.81,3.22,949.14,59.34,506.34
2026-01-24T23:30:00Z,64.99,1948.85,172.93,1246.49,47.25,2142.63,166.60,512.48,52.66,2396.04,159.23,447.08,25.82,2543.57,157.22,0.00,239.19,44.63,93.95,212.60,1787.39,3558.91,2.58,149.15,114.68,595.17,3.02,945.45,59.76,492.32
2026-01-24T23:40:00Z,64.60,1942.37,171.96,1243.85,47.85,2134.38,165.50,531.43,52.50,2395.88,159.13,449.08,25.87,2544.90,157.43,0.00,239.81,46.40,94.76,217.13,1792.70,3557.88,2.71,149.73,117.29,590.16,3.46,945.27,60.81,493.79
2026-01-24T23:50:00Z,64.62,1951.05,172.22,1233.41,47.49,2138.42,166.98,552.29,52.69,2381.46,159.49,447.84,26.02,2533.88,157.41,0.00,236.42,44.03,94.70,214.82,1785.18,3542.18,2.53,149.96,112.51,591.39,3.15,940.01,60.19,492.33
2026-01-25T00:00:00Z,64.57,1954.65,172.56,1236.03,47.38,2139.35,166.89,548.20,52.21,2383.21,159.19,454.53,25.71,2548.58,157.30,0.00,240.34,43.26,94.71,216.53,1783.21,3541.95,2.42,150.11,114.23,593.39,3.17,942.44,60.01,496.03
2026-01-25T00:10:00Z,64.72,1947.29,172.73,1248.84,47.15,2147.75,166.60,528.17,51.53,2395.50,159.38,452.56,25.78,2548.28,157.55,0.00,247.11,43.10,94.66,222.70,1798.08,3556.44,2.45,150.29,118.30,594.47,2.96,948.08,60.05,487.38
2026-01-25T00:20:00Z,64.52,1946.25,172.48,1256.59,46.81,2151.30,167.01,529.01,51.39,2411.99,159.75,441.94,25.55,2566.13,157.49,0.00,243.22,44.00,95.00,218.84,1801.03,3565.25,2.75,150.12,115.49,593.60,3.29,950.30,59.62,492.84
2026-01-25T00:30:00Z,64.50,1954.70,171.37,1245.09,46.46,2153.47,167.32,525.10,51.46,2413.55,158.85,430.55,25.41,2568.36,158.01,0.00,242.54,45.57,94.96,217.97,1796.92,3556.45,2.13,150.30,115.16,588.39,3.07,946.74,59.87,481.52
2026-01-25T00:40:00Z,64.38,1958.09,171.81,1234.62,46.13,2170.24,166.98,509.46,51.15,2431.55,158.48,414.00,25.53,2569.00,157.55,0.00,239.92,45.47,95.20,216.72,1796.69,3568.99,2.46,147.81,114.48,594.74,2.87,943.05,59.49,498.89
2026-01-25T00:50:00Z,64.56,1962.16,171.88,1240.51,46.62,2170.53,166.55,519.34,50.62,2436.19,158.37,391.10,25.70,2567.83,157.98,0.00,235.46,43.07,94.51,211.67,1786.88,3563.71,2.71,150.14,114.95,597.50,2.65,942.69,61.52,502.38
2026-01-25T01:00:00Z,64.67,1959.38,171.63,1233.46,46.59,2165.33,166.45,510.79,50.50,2432.88,158.06,392.05,25.69,2562.97,157.68,0.00,233.42,45.94,94.18,214.77,1798.29,3545.90,2.30,148.98,111.02,587.04,2.78,947.16,61.21,482.88
2026-01-25T01:10:00Z,64.61,1963.16,172.19,1228.13,46.78,2165.36,166.76,521.20,49.75,2448.47,157.70,373.82,25.55,2557.39,156.98,0.00,237.41,45.90,94.05,212.30,1779.01,3550.28,2.45,150.79,112.12,593.99,2.83,938.32,60.04,489.55
2026-01-25T01:20:00Z,64.38,1964.02,172.22,1230.62,46.60,2161.61,166.56,510.89,49.83,2462.73,157.60,364.06,25.66,2547.49,156.52,0.00,232.94,44.54,94.15,211.32,1784.72,3561.17,2.42,148.78,110.70,592.31,3.26,935.86,60.68,490.08
2026-01-25T01:30:00Z,64.24,1972.77,172.50,1253.48,46.68,2160.02,166.88,517.09,49.69,2467.23,157.57,362.00,25.63,2556.61,156.79,0.00,229.00,44.64,94.90,209.63,1792.75,3560.28,2.73,150.14,109.95,588.19,2.98,945.07,60.19,483.86
2026-01-25T01:40:00Z,64.27,1971.32,172.18,1237.17,47.25,2145.07,166.86,519.24,49.69,2456.41,157.36,350.35,25.34,2566.03,156.97,0.00,228.66,43.92,93.77,209.09,1786.81,3551.46,2.54,150.58,109.23,589.90,2.91,940.62,59.15,486.95
2026-01-25T01:50:00Z,64.35,1973.91,171.70,1229.21,47.13,2133.67,167.24,525.89,49.74,2460.96,157.47,355.47,25.30,2556.63,156.99,0.00,232.56,47.06,93.15,210.09,1785.32,3555.95,2.74,151.77,113.00,589.56,2.98,945.80,58.25,477.66
2026-01-25T02:00:00Z,64.79,1968.59,171.40,1231.90,46.63,2149.18,167.47,511.11,49.69,2451.28,157.83,359.36,25.15,2566.10,157.78,0.00,236.68,43.18,93.95,210.84,1792.33,3562.91,2.24,151.32,111.49,598.49,2.55,948.80,58.07,499.49
2026-01-25T02:10:00Z,65.00,1958.35,171.96,1241.40,46.79,2150.63,166.45,512.20,49.53,2454.24,157.76,353.75,25.43,2566.27,157.31,0.00,232.61,44.28,94.29,207.93,1783.09,3541.28,2.52,149.47,112.00,585.00,3.19,942.46,58.23,485.24
2026-01-25T02:20:00Z,64.60,1961.76,172.94,1249.66,46.88,2159.27,166.38,526.73,49.34,2469.66,158.17,338.99,25.35,2557.28,156.68,0.00,235.27,44.31,92.85,211.78,1792.26,3561.73,2.44,151.10,110.45,588.41,3.24,950.94,58.53,489.19
2026-01-25T02:30:00Z,64.55,1961.19,172.68,1247.92,47.02,2143.35,166.11,522.04,49.13,2472.61,156.95,328.54,25.46,2558.42,157.14,0.00,226.05,41.86,92.91,199.35,1779.73,3549.79,2.56,149.80,106.19,583.68,2.95,942.17,59.24,491.19
2026-01-25T02:40:00Z,64.71,1963.10,172.23,1249.04,46.92,2148.72,166.98,514.27,49.27,2472.25,157.45,332.08,25.59,2559.62,157.41,0.00,230.70,41.66,93.58,210.37,1787.32,3558.57,2.72,151.08,110.04,590.78,2.99,947.36,59.15,486.63
2026-01-25T02:50:00Z,64.47,1952.53,172.70,1249.85,47.15,2160.28,166.97,505.33,48.85,2472.10,157.46,344.58,25.99,2557.57,157.50,0.00,230.68,42.79,93.82,210.17,1776.83,3554.30,2.68,148.45,109.37,583.83,3.15,940.29,58.98,483.67
2026-01-25T03:00:00Z,64.44,1962.22,172.49,1243.59,46.78,2143.97,166.02,510.05,48.54,2488.01,157.08,327.96,26.20,2556.66,157.71,0.00,230.11,41.13,94.15,203.85,1787.09,3544.31,2.46,149.13,110.22,589.29,2.67,938.12,59.44,487.14
2026-01-25T03:10:00Z,64.57,1967.50,171.97,1239.88,47.04,2144.97,166.29,517.72,47.93,2495.62,157.31,316.27,26.28,2553.26,157.09,0.00,232.23,43.13,93.94,207.65,1788.85,3548.94,2.47,151.53,111.13,591.23,2.82,944.28,,495.63
2026-01-25T03:20:00Z,64.66,1947.97,172.01,1254.19,47.46,2147.17,166.70,527.28,47.84,2508.36,156.86,293.59,26.15,2551.79,157.51,0.00,229.65,44.13,94.15,204.08,1785.30,3538.78,2.64,150.12,110.48,592.70,2.69,942.89,59.33,492.19
2026-01-25T03:30:00Z,64.85,1950.14,172.39,1247.08,47.71,2138.71,166.82,531.39,47.38,2509.95,156.87,283.45,26.41,2558.16,157.53,0.00,230.88,42.20,94.60,209.76,1782.01,3550.46,2.39,149.20,111.32,587.58,3.13,938.06,59.47,482.88
2026-01-25T03:40:00Z,65.10,1941.53,172.82,1267.55,47.94,2132.13,167.12,557.72,46.97,2522.44,155.99,264.19,25.88,2555.07,157.17,0.00,233.71,40.97,94.38,212.57,1782.72,3564.07,2.70,150.16,114.08,593.38,2.73,943.02,58.50,495.25
2026-01-25T03:50:00Z,65.41,1941.11,172.53,1267.33,48.31,2129.83,167.00,560.71,46.74,2530.78,155.84,247.58,25.88,2554.57,157.32,0.00,226.41,39.95,93.90,206.23,1792.98,3555.91,2.47,148.35,107.48,584.96,2.95,951.35,58.54,488.13
2026-01-25T04:00:00Z,65.60,1943.18,173.52,1260.05,48.37,2116.86,167.69,567.68,46.60,2545.30,155.09,240.19,25.59,2546.69,157.43,0.00,233.48,39.61,93.85,209.75,1790.33,3545.18,2.48,150.50,111.60,597.96,2.85,942.39,58.74,494.57
2026-01-25T04:10:00Z,65.32,1948.72,172.44,1259.22,48.08,2112.68,168.19,580.13,46.41,2542.41,155.25,234.83,25.72,2555.04,157.75,0.00,229.78,41.59,93.67,206.21,1778.31,3544.48,2.65,150.22,107.35,586.84,2.78,940.15,58.51,488.85
2026-01-25T04:20:00Z,65.41,1945.62,173.37,1262.33,48.03,2122.02,166.97,554.34,46.38,2546.04,155.09,225.85,25.73,2553.97,157.29,0.00,229.46,42.95,93.86,203.16,1771.28,3547.70,2.15,149.18,109.99,587.96,3.41,935.53,59.72,488.82
2026-01-25T04:30:00Z,65.20,1955.55,172.59,1257.75,47.95,2123.17,167.61,557.53,46.64,2535.56,155.44,244.04,25.51,2561.04,156.54,0.00,231.25,44.14,92.76,208.81,1789.79,3537.71,2.68,150.31,112.36,587.63,3.34,946.70,59.15,502.62
2026-01-25T04:40:00Z,64.97,1956.03,172.29,1247.22,47.74,2124.79,166.97,552.03,46.50,2543.69,154.91,242.49,25.40,2569.26,157.22,0.00,230.80,42.31,92.71,207.56,1789.47,3540.60,2.52,151.02,111.31,580.51,2.96,939.88,61.00,477.63
2026-01-25T04:50:00Z,64.98,1956.03,172.27,1256.23,47.73,2123.16,167.10,551.75,46.23,2551.81,155.12,228.20,25.59,2566.61,157.43,0.00,234.64,42.38,93.17,213.69,1784.05,3570.93,2.66,149.46,111.91,594.08,3.10,943.24,59.42,492.01
2026-01-25T05:00:00Z,65.15,1963.71,172.21,1248.48,47.45,2135.43,167.15,554.48,46.57,2538.80,155.02,246.23,25.21,2569.77,157.33,0.00,236.28,44.98,94.28,215.16,1787.22,3550.67,2.40,148.77,114.00,588.45,2.70,947.62,59.35,492.69
2026-01-25T05:10:00Z,65.42,1953.56,172.29,1256.92,47.57,2127.71,167.91,553.43,46.62,2536.76,155.19,243.82,25.44,2561.67,157.22,0.00,231.22,43.66,93.84,206.20,1781.09,3548.90,2.43,148.77,109.76,589.11,2.77,944.23,61.04,479.61
2026-01-25T05:20:00Z,65.39,1944.34,172.12,1246.75,47.50,2141.35,167.30,559.05,46.77,2538.58,155.69,244.15,25.78,2560.13,156.96,0.00,227.12,40.61,94.52,204.93,1781.12,3547.12,2.39,149.74,105.64,580.40,3.00,945.32,59.18,478.72
2026-01-25T05:30:00Z,65.71,1940.87,172.38,1257.66,47.43,2144.84,167.18,544.01,46.58,2535.63,155.79,239.13,25.65,2555.90,157.26,0.00,222.21,41.37,94.40,198.52,1776.95,3543.79,2.37,150.31,106.72,582.50,2.84,938.61,59.57,475.52
2026-01-25T05:40:00Z,65.50,1933.32,172.85,1250.56,47.80,2134.27,167.54,561.03,46.56,2538.30,156.04,249.31,25.75,2554.41,156.88,0.00,228.07,43.44,94.79,202.27,1767.47,3532.89,2.67,149.28,111.14,585.15,2.88,939.06,60.25,490.29
2026-01-25T05:50:00Z,65.61,1943.20,172.39,1244.76,47.34,2134.82,166.89,538.62,46.63,2534.87,156.17,256.91,25.20,2563.39,157.23,0.00,229.36,43.44,94.38,204.72,1783.12,3548.21,2.23,150.40,106.92,578.82,2.97,934.32,60.55,468.66
2026-01-25T06:00:00Z,66.11,1926.24,172.41,1253.30,47.11,2142.56,166.99,531.65,46.58,2535.22,155.26,235.17,25.31,2565.70,157.07,0.00,225.73,44.04,94.29,203.18,1787.35,3562.49,2.60,151.61,105.71,583.60,2.92,941.43,59.31,484.92
2026-01-25T06:10:00Z,66.04,1914.69,172.28,1260.37,47.45,2140.82,166.53,530.61,46.71,2528.34,155.76,246.71,25.03,2572.27,157.53,0.00,228.38,43.24,93.90,205.12,1781.85,3558.45,2.47,148.76,107.17,585.06,3.11,938.74,59.00,484.24
2026-01-25T06:20:00Z,66.13,1910.44,172.74,1288.64,46.68,2144.89,167.22,521.56,46.90,2524.37,156.02,249.19,25.15,2576.06,157.11,0.00,227.46,42.19,94.04,203.93,1783.14,3544.96,2.55,150.56,109.57,594.49,2.99,949.73,59.16,496.77
2026-01-25T06:30:00Z,65.65,1917.18,172.75,1302.97,46.75,2151.07,166.27,514.09,47.15,2527.39,155.73,262.13,25.35,2574.10,156.61,0.00,232.42,43.88,94.58,207.62,1781.60,3557.18,2.58,148.70,110.99,591.45,3.20,940.34,58.75,496.11
2026-01-25T06:40:00Z,65.57,1917.00,172.50,1292.01,46.86,2155.78,166.58,505.59,46.66,2534.17,155.38,248.34,25.37,2566.50,157.45,0.00,229.73,44.96,93.79,207.47,1783.95,3572.16,2.33,150.67,109.31,588.76,2.94,941.73,59.31,494.79
2026-01-25T06:50:00Z,65.60,1922.65,172.68,1277.43,46.48,2160.36,166.26,496.89,46.89,2534.14,155.51,260.69,25.44,2567.14,157.00,0.00,225.94,42.57,94.10,201.41,1785.89,3550.57,2.65,150.23,104.97,582.66,2.80,944.67,57.72,486.57
2026-01-25T07:00:00Z,66.08,1918.97,172.41,1279.32,46.43,2157.74,166.04,502.06,47.00,2529.95,156.35,250.48,25.49,2563.90,156.79,0.00,227.18,43.72,94.16,204.02,1776.84,3528.48,2.62,149.92,107.40,588.41,3.09,937.64,58.40,493.00
2026-01-25T07:10:00Z,65.46,1934.41,172.16,1285.45,46.73,2151.13,166.08,510.19,46.77,2519.01,155.99,257.39,25.47,2564.61,156.73,0.00,225.72,42.57,94.93,205.81,1784.89,3552.99,2.80,148.84,106.79,579.79,3.21,944.05,58.70,489.52
2026-01-25T07:20:00Z,65.21,1943.96,171.86,1271.48,47.08,2158.77,166.08,511.30,46.95,2520.77,155.75,257.37,25.60,2555.13,157.36,0.00,222.41,42.16,94.59,202.24,1775.64,3566.45,2.60,150.25,107.22,583.37,3.02,944.03,60.21,492.02
2026-01-25T07:30:00Z,65.43,1939.16,171.92,1276.47,47.46,2133.85,166.52,527.06,46.97,2531.88,155.75,251.37,25.85,2559.47,157.07,0.00,226.96,43.08,93.53,203.63,1778.43,3558.04,2.52,149.57,109.96,586.55,3.26,943.03,60.20,481.75
2026-01-25T07:40:00Z,65.49,1943.75,172.80,1271.49,47.56,2141.87,166.59,526.51,46.88,2521.36,156.31,247.58,25.94,2557.15,157.36,0.00,228.11,44.01,94.00,206.67,1782.05,3547.98,2.32,149.09,108.84,584.28,2.90,936.10,57.16,483.43
2026-01-25T07:50:00Z,65.61,1934.35,172.49,1265.08,47.62,2143.91,166.51,534.00,46.65,2517.21,156.27,266.98,25.78,2556.07,156.92,0.00,231.92,42.75,94.31,210.31,1791.15,3561.17,2.64,151.33,113.88,583.05,,946.90,58.86,485.61
2026-01-25T08:00:00Z,65.61,1942.55,172.74,1277.71,47.95,2126.90,165.96,535.53,46.77,2533.88,155.76,248.10,25.42,2563.24,157.28,0.00,235.78,42.34,93.87,207.61,1780.29,3550.97,2.41,148.56,111.77,592.73,2.92,942.67,58.19,499.76
2026-01-25T08:10:00Z,65.65,1935.28,171.39,1261.94,47.72,2132.76,166.98,536.60,46.69,2526.44,155.31,245.89,25.55,2557.05,156.53,0.00,233.50,43.24,93.52,208.71,1783.79,3552.83,2.56,150.27,115.28,581.64,3.08,945.11,58.40,479.71
2026-01-25T08:20:00Z,65.62,1926.53,172.12,1271.58,47.51,2145.64,167.32,528.12,46.61,2550.02,155.36,246.92,25.42,2553.96,157.46,0.00,230.41,42.33,93.55,207.20,1781.25,3549.83,2.55,147.50,111.34,587.67,2.65,942.49,57.83,491.06
2026-01-25T08:30:00Z,65.58,1931.83,172.59,1271.77,47.18,2152.04,167.35,521.12,46.18,2546.88,156.17,247.13,25.90,2555.55,157.00,0.00,224.71,42.22,93.80,203.54,1776.51,3547.33,2.68,149.19,108.99,584.76,2.97,941.88,57.73,495.66
2026-01-25T08:40:00Z,65.88,1935.08,172.95,1279.53,47.44,2144.66,166.70,521.50,46.44,2535.07,156.04,246.83,26.09,2552.72,157.43,0.00,227.39,41.57,93.54,206.50,1783.39,3532.97,2.56,150.09,111.04,589.38,2.88,943.51,57.25,493.81
2026-01-25T08:50:00Z,65.63,1937.56,171.92,1275.57,47.50,2135.97,166.67,540.37,46.26,2531.27,155.86,233.19,26.11,2548.83,157.22,0.00,229.83,40.86,93.58,207.95,1795.45,3537.42,2.38,150.73,109.45,588.79,2.97,949.85,59.15,491.48
2026-01-25T09:00:00Z,65.41,1937.66,172.19,1272.01,47.72,2131.37,166.95,556.10,46.40,2527.90,155.19,239.28,26.41,2537.09,157.02,0.00,226.87,44.64,92.69,204.34,1782.88,3543.80,2.58,148.98,107.01,586.75,2.84,943.23,59.67,490.88
2026-01-25T09:10:00Z,65.27,1941.31,172.05,1269.67,47.25,2130.18,167.27,557.59,46.19,2542.48,154.99,238.40,26.77,2539.85,156.90,0.00,230.36,44.03,92.93,203.18,1780.00,3551.53,2.72,149.53,111.75,588.81,2.89,943.37,59.29,483.56
2026-01-25T09:20:00Z,65.10,1942.61,172.41,1264.49,47.42,2131.19,167.25,555.92,46.33,2545.64,155.14,248.61,26.39,2534.44,157.39,0.00,233.61,43.48,93.68,209.40,1780.43,3544.63,2.54,149.43,115.31,590.16,3.15,934.25,60.86,498.28
2026-01-25T09:30:00Z,65.43,1938.50,171.98,1253.84,47.49,2133.04,167.53,538.80,46.39,2533.66,155.50,236.54,26.22,2536.90,157.00,0.00,231.44,40.88,93.38,210.16,1788.98,3545.25,2.51,152.00,110.91,584.43,3.05,944.32,61.84,486.64
2026-01-25T09:40:00Z,65.70,1926.79,172.03,1267.42,47.42,2143.59,167.05,531.77,46.47,2542.38,156.19,233.41,26.17,2528.72,157.74,0.00,230.65,42.66,94.16,211.30,1785.98,3547.38,2.67,149.20,111.18,593.05,3.52,942.37,61.47,504.57
2026-01-25T09:50:00Z,65.55,1919.77,171.76,1284.06,47.28,2136.48,166.44,538.02,46.39,2547.80,155.19,229.34,25.85,2551.21,157.31,0.00,229.01,42.63,93.78,204.54,1784.52,3541.51,2.57,150.27,107.66,584.01,3.08,942.47,60.17,490.39
2026-01-25T10:00:00Z,65.51,1930.79,172.44,1284.61,47.15,2150.15,166.62,541.40,46.09,2548.89,155.13,231.69,26.24,2551.03,157.30,0.00,230.75,41.59,93.81,210.38,1786.23,3555.44,2.40,149.74,110.61,582.69,2.64,942.35,59.50,471.98
2026-01-25T10:10:00Z,65.36,1943.18,172.36,1284.37,47.26,2135.72,166.62,531.96,45.83,2559.89,154.81,215.34,25.91,2545.23,157.35,0.00,229.63,40.73,94.26,201.91,1780.58,3551.48,2.26,150.66,108.69,585.87,2.73,946.21,57.91,490.55
2026-01-25T10:20:00Z,65.42,1936.13,172.80,1295.09,46.90,2150.58,166.88,525.65,45.87,2560.80,154.84,204.23,25.81,2548.19,157.71,0.00,226.73,40.44,94.71,208.43,1788.57,3557.54,2.52,148.84,108.73,584.48,2.64,940.77,59.55,499.94
2026-01-25T10:30:00Z,65.67,1933.07,173.04,1288.29,47.10,2157.73,167.27,524.23,46.01,2549.90,154.71,194.99,25.89,2552.66,158.28,0.00,226.84,42.06,93.98,204.45,1785.37,3563.06,2.48,150.46,109.38,589.31,2.93,947.38,60.82,492.04
2026-01-25T10:40:00Z,65.44,1931.84,172.72,1273.79,47.40,2148.74,166.92,531.24,46.36,2553.92,154.24,204.33,25.83,2568.87,158.03,0.00,230.54,41.72,94.46,206.60,1781.95,3537.09,2.30,150.91,109.39,585.49,3.36,942.39,60.42,475.24
2026-01-25T10:50:00Z,65.37,1943.19,172.93,1272.63,47.62,2149.54,166.81,520.52,45.87,2560.95,154.31,222.24,25.85,2559.82,157.40,0.00,227.42,42.90,94.36,205.60,1785.48,3543.45,2.66,150.86,106.91,581.10,3.05,946.95,58.87,491.14
2026-01-25T11:00:00Z,65.46,1946.71,172.58,1262.88,47.56,2142.58,165.84,534.01,45.43,2563.26,154.88,215.90,25.60,2557.13,157.83,0.00,226.63,43.92,94.10,202.52,1776.42,3549.03,2.64,149.70,106.15,583.68,3.10,935.69,59.35,486.98
2026-01-25T11:10:00Z,65.33,1938.35,172.88,1257.68,47.53,2141.13,165.98,542.97,45.62,2556.51,155.14,212.20,25.68,2564.21,157.23,0.00,225.15,43.98,94.08,203.07,1791.78,3559.06,2.76,149.06,107.29,596.63,3.03,948.28,58.54,492.37
2026-01-25T11:20:00Z,65.23,1943.38,172.67,1252.12,47.91,2131.34,166.23,550.57,45.45,2558.35,155.66,218.73,26.08,2549.69,157.23,0.00,225.05,42.68,93.59,203.66,1780.63,3550.33,2.50,151.93,105.11,588.80,3.54,942.01,59.32,494.85
2026-01-25T11:30:00Z,65.37,1942.26,172.43,1234.13,47.94,2138.35,166.02,558.77,45.65,2562.78,154.91,203.22,25.94,2552.77,157.53,0.00,225.61,38.95,93.38,205.67,1785.94,3544.41,2.54,148.68,107.34,583.31,3.10,939.18,61.11,477.11
2026-01-25T11:40:00Z,65.76,1939.00,172.98,1268.26,47.86,2123.10,166.30,563.35,45.62,2570.85,154.63,210.03,25.97,2552.29,157.30,0.00,224.75,42.00,93.79,201.92,1783.31,3557.58,2.40,149.25,105.33,575.57,2.84,933.39,59.93,483.50
2026-01-25T11:50:00Z,65.38,1929.99,172.97,1269.71,48.27,2126.13,166.52,552.62,45.18,2560.41,154.82,217.46,26.07,2551.43,157.01,0.00,226.85,40.27,94.03,205.60,1778.82,3549.88,2.39,148.25,111.45,590.45,3.07,942.57,59.86,502.92
2026-01-25T12:00:00Z,65.36,1939.74,173.08,1266.58,48.61,2122.05,166.54,560.41,45.21,2570.31,154.95,199.49,25.63,2558.05,157.00,0.00,231.03,40.71,94.16,204.83,1777.75,3545.09,2.54,149.77,111.07,588.37,2.76,941.37,59.78,489.35
2026-01-25T12:10:00Z,65.41,1949.54,172.96,1262.85,48.55,2118.92,167.16,566.71,45.34,2575.48,154.81,180.98,25.58,2556.54,157.15,0.00,227.40,40.39,92.68,202.71,1780.68,3540.31,2.42,149.91,109.79,590.28,3.20,946.31,58.68,491.46
2026-01-25T12:20:00Z,65.49,1938.32,172.29,1260.37,48.56,2116.02,167.98,571.85,44.92,2575.10,154.73,173.18,25.48,2550.14,157.08,0.00,226.35,41.14,93.48,205.44,1782.48,3553.44,2.74,149.42,111.17,594.44,2.53,936.82,59.97,497.89
2026-01-25T12:30:00Z,66.00,1941.93,172.45,1258.28,48.29,2121.79,167.01,566.19,44.87,2578.65,153.82,163.16,25.67,2549.19,157.32,0.00,222.76,40.61,93.03,199.61,1768.99,3552.68,2.73,150.80,107.16,587.35,3.18,939.59,59.06,491.24
2026-01-25T12:40:00Z,65.98,1927.83,172.78,1293.32,48.28,2102.43,167.03,575.91,45.07,2571.81,153.97,185.10,25.96,2549.90,157.07,0.00,226.75,41.82,93.79,202.03,1779.19,3544.27,2.57,150.08,110.78,593.17,3.26,938.33,58.56,502.90
2026-01-25T12:50:00Z,65.80,1928.08,172.03,1296.15,48.24,2112.29,167.42,581.40,45.24,2573.15,154.41,183.73,26.09,2542.28,156.86,0.00,232.17,41.15,94.22,210.56,1778.91,3544.42,2.67,149.37,111.66,591.09,2.90,938.26,58.72,487.04
2026-01-25T13:00:00Z,66.24,1923.61,172.28,1287.16,48.37,2103.88,166.39,568.46,44.84,2576.61,154.09,178.90,25.99,2550.50,157.15,0.00,227.91,41.33,93.19,206.76,1780.21,3542.12,2.57,151.08,108.53,586.71,2.61,945.09,58.03,492.41
2026-01-25T13:10:00Z,66.19,1932.84,172.72,1290.50,48.71,2109.81,167.47,572.25,44.68,2582.53,153.33,190.01,26.27,2553.58,157.65,0.00,236.05,40.67,93.42,218.81,1791.73,3539.65,2.61,150.28,111.96,589.39,3.03,945.63,58.55,486.28
2026-01-25T13:20:00Z,66.01,1935.63,172.81,1284.39,49.11,2102.22,167.79,568.23,44.70,2589.40,154.36,189.35,26.38,2551.74,158.22,0.00,231.18,40.88,93.84,205.71,1793.06,3553.36,2.57,149.52,108.29,581.04,2.87,937.95,58.84,486.88
2026-01-25T13:30:00Z,66.29,1926.17,173.57,1288.80,48.72,2098.75,167.75,561.89,44.93,2573.34,154.33,182.26,25.99,2558.13,157.83,0.00,229.64,41.34,93.37,208.40,1788.08,3564.22,2.33,148.37,112.24,585.87,3.18,938.24,59.35,482.65
2026-01-25T13:40:00Z,66.19,1926.74,173.55,1289.12,48.27,2119.12,167.33,567.92,45.07,2578.04,153.96,200.68,26.23,2550.70,157.69,0.00,235.21,40.71,92.45,212.69,1792.75,3553.09,2.63,149.57,113.12,586.18,2.86,943.45,59.55,486.23
2026-01-25T13:50:00Z,66.18,1918.83,172.46,1277.08,47.96,2128.21,167.13,550.70,45.04,2569.26,154.45,205.99,26.45,2533.17,157.44,0.00,233.36,42.63,92.68,213.36,1795.31,3557.19,2.75,149.67,110.35,585.44,2.99,941.14,60.06,480.74
2026-01-25T14:00:00Z,66.13,1920.36,172.36,1281.55,47.55,2139.85,166.72,536.44,45.15,2567.19,154.94,194.69,26.25,2538.34,158.16,0.00,232.55,43.15,93.41,210.95,1793.30,3540.88,2.36,149.26,110.81,580.02,3.09,942.15,60.17,483.31
2026-01-25T14:10:00Z,65.91,1912.66,172.77,1280.66,47.95,2127.45,166.75,549.55,45.68,2569.27,154.73,184.64,26.24,2538.40,158.45,0.00,228.87,41.21,93.29,208.34,1786.46,3548.29,2.61,149.52,110.21,596.13,2.92,937.06,60.85,497.31
2026-01-25T14:20:00Z,65.75,1920.73,173.04,1285.64,48.04,2131.40,166.82,554.78,45.85,2551.19,153.95,202.12,26.19,2533.74,157.34,0.00,225.10,40.09,93.04,203.93,1779.07,3554.13,2.88,149.49,108.48,587.54,3.30,931.26,59.35,490.38
2026-01-25T14:30:00Z,65.77,1927.20,172.68,1288.19,47.87,2129.48,167.53,551.34,45.99,2551.27,154.41,219.21,26.35,2540.69,157.21,0.00,229.40,42.13,93.36,208.47,1782.73,3546.49,2.62,149.05,111.65,588.11,2.82,941.36,60.92,482.16
2026-01-25T14:40:00Z,65.77,1933.74,172.30,1278.54,47.66,2126.59,166.12,558.26,45.66,2559.01,155.12,218.89,26.39,2538.22,157.39,0.00,231.44,42.13,92.65,208.01,1789.07,3537.00,2.52,150.32,112.67,590.91,3.29,938.48,59.64,499.21
2026-01-25T14:50:00Z,65.66,1918.34,173.03,1291.30,47.77,2126.98,166.34,556.78,45.74,2563.66,155.35,220.20,26.72,2538.59,157.13,0.00,230.56,41.38,93.57,208.10,1781.61,3547.27,2.65,148.84,109.57,583.09,2.82,937.20,59.86,491.22
2026-01-25T15:00:00Z,65.56,1929.66,173.36,1275.65,47.74,2128.91,166.06,553.80,45.58,2568.72,154.32,211.06,26.53,2535.11,157.18,0.00,230.87,43.13,94.86,207.86,1783.94,3539.95,2.71,150.53,108.62,589.60,3.10,943.77,59.08,487.20
2026-01-25T15:10:00Z,65.68,1944.97,173.05,1281.07,48.08,2129.03,166.89,567.12,45.66,2549.99,154.86,210.51,26.01,2540.54,157.43,0.00,233.62,41.86,94.11,211.46,1784.86,3552.14,2.55,149.87,113.23,588.84,2.88,945.60,59.40,485.43
2026-01-25T15:20:00Z,65.91,1933.42,172.55,1281.87,48.57,2122.49,167.48,570.53,45.73,2554.01,154.70,212.84,25.91,2534.17,157.64,0.00,229.77,41.88,93.70,207.47,1782.04,3548.47,2.51,148.12,110.00,589.73,2.77,936.28,59.99,495.25
2026-01-25T15:30:00Z,65.45,1936.04,172.37,1276.09,49.04,2108.99,168.24,574.73,45.68,2552.30,155.11,204.76,26.13,2537.92,157.07,0.00,231.00,42.64,94.83,208.89,1789.86,3563.40,2.41,149.84,110.62,579.30,3.05,945.59,60.28,473.92
2026-01-25T15:40:00Z,65.50,1947.20,172.77,1268.35,48.91,2104.77,168.62,580.18,45.68,2546.46,156.19,209.93,26.02,2549.72,157.34,0.00,230.67,42.95,94.67,211.48,1789.78,3549.89,2.57,149.10,108.49,585.66,2.72,943.82,60.50,479.31
2026-01-25T15:50:00Z,65.65,1943.09,172.55,1266.04,48.96,2096.09,167.61,589.77,45.82,2548.56,155.94,209.82,26.16,2535.70,158.06,0.00,231.23,41.02,93.67,204.38,1784.38,3545.28,2.59,149.51,110.21,585.94,2.90,942.99,60.25,492.21
2026-01-25T16:00:00Z,65.71,1939.58,173.20,1271.05,49.24,2097.23,167.92,587.18,45.88,2551.32,154.94,188.33,25.88,2555.85,157.76,0.00,234.16,41.62,93.28,212.38,1789.77,3562.00,2.47,151.33,111.37,592.02,3.01,942.85,59.21,491.27
2026-01-25T16:10:00Z,65.17,1950.94,173.13,1268.11,49.34,2093.14,168.73,592.81,46.29,2549.36,154.72,220.43,26.00,2559.73,157.77,0.00,228.80,40.23,93.65,206.72,1779.72,3570.35,2.61,148.09,107.56,587.66,3.01,939.92,60.19,502.01
2026-01-25T16:20:00Z,65.12,1944.54,172.51,1253.17,49.32,2104.94,168.19,600.76,46.20,2542.29,154.80,228.79,26.36,2541.29,157.08,0.00,227.96,41.93,94.67,206.21,1781.96,3543.83,2.38,148.96,106.42,585.38,2.70,941.43,59.39,499.33
2026-01-25T16:30:00Z,65.36,1948.79,173.15,1254.76,49.52,2100.09,168.33,603.65,46.17,2545.49,155.55,239.87,26.14,2547.74,156.95,0.00,229.26,40.69,94.20,207.50,1783.26,3557.26,2.79,148.22,110.62,583.64,3.23,941.47,59.79,486.20
2026-01-25T16:40:00Z,65.43,1941.05,172.18,1267.68,49.53,2074.86,168.80,625.81,46.59,2534.92,155.71,246.83,26.43,2539.24,156.81,0.00,237.86,42.91,93.94,213.31,1782.53,3544.37,2.43,150.76,114.24,589.84,3.10,935.79,60.52,492.73
2026-01-25T16:50:00Z,65.52,1947.26,171.87,1252.51,49.08,2087.12,168.83,617.13,47.01,2517.81,155.53,272.58,25.92,2555.20,156.69,0.00,235.29,41.99,93.65,211.28,1787.05,3555.91,2.28,151.30,113.77,591.17,3.43,950.87,60.49,490.61
2026-01-25T17:00:00Z,65.42,1946.50,171.99,1256.90,49.31,2081.07,168.32,608.88,46.70,2541.57,155.96,260.80,25.99,2546.35,157.50,0.00,231.46,42.06,93.63,208.01,1783.49,3569.72,2.75,149.93,110.57,585.62,3.09,937.29,58.78,494.95
2026-01-25T17:10:00Z,65.69,1938.48,172.52,1261.87,49.06,2090.45,168.45,619.33,46.49,2533.17,156.18,253.02,26.27,2536.15,157.13,0.00,234.89,44.31,93.40,210.00,1782.05,3553.47,2.31,149.94,114.17,598.97,2.92,935.98,60.66,500.37
2026-01-25T17:20:00Z,65.40,1937.42,172.60,1255.00,48.91,2101.43,168.36,613.47,46.46,2530.03,156.81,256.51,26.15,2543.54,157.63,0.00,235.09,44.56,94.26,211.90,1783.41,3538.48,2.33,149.72,110.14,586.54,3.45,941.27,59.39,492.60
2026-01-25T17:30:00Z,65.47,1931.76,172.62,1282.64,49.00,2086.18,168.45,613.04,46.44,2529.57,155.78,230.47,25.69,2537.95,158.15,0.00,232.21,46.28,94.47,208.61,1793.52,3547.78,2.47,149.60,109.08,589.10,3.17,947.56,60.17,493.08
2026-01-25T17:40:00Z,65.43,1933.20,172.41,1271.05,49.42,2085.96,168.63,618.10,46.59,2532.16,156.12,232.72,25.48,2557.41,157.30,0.00,227.26,46.23,93.95,206.02,1785.71,3548.04,2.52,150.50,108.57,588.58,2.86,946.89,59.09,483.00
2026-01-25T17:50:00Z,65.37,1943.74,172.26,1265.47,49.27,2096.67,168.72,602.65,46.53,2526.06,155.50,236.30,25.41,2551.32,157.56,0.00,228.32,44.31,94.01,205.73,1781.07,3554.51,2.46,150.07,109.77,584.70,3.40,938.04,60.91,498.96
2026-01-25T18:00:00Z,65.53,1935.85,172.87,1261.73,48.88,2110.77,168.51,594.96,46.10,2548.42,155.34,231.05,25.53,2554.57,156.77,0.00,232.96,44.98,93.68,205.63,1787.13,3547.89,2.56,149.81,111.21,581.66,3.06,944.92,60.79,487.58
2026-01-25T18:10:00Z,65.17,1947.65,173.33,1274.25,49.03,2109.42,,594.79,46.02,2551.57,154.71,237.00,25.57,2553.22,157.22,0.00,229.32,43.36,93.58,206.68,1780.10,3556.70,2.60,151.80,109.11,587.72,2.79,930.59,59.87,493.94
2026-01-25T18:20:00Z,65.29,1945.66,172.46,1261.27,49.06,2089.86,168.16,590.82,46.28,2537.05,154.88,231.23,25.12,2563.44,156.75,0.00,229.90,45.13,93.62,205.33,1793.13,3543.05,2.47,151.09,108.89,585.41,2.90,948.47,60.89,477.69
2026-01-25T18:30:00Z,65.05,1948.29,173.06,1267.27,48.93,2093.96,167.40,599.33,46.27,2565.24,154.84,221.91,25.39,2559.90,156.93,0.00,232.36,43.27,93.61,212.37,1794.10,3555.92,2.29,150.37,114.13,589.79,3.11,941.91,60.83,491.74
2026-01-25T18:40:00Z,64.56,1958.44,173.09,1239.76,49.07,2089.80,166.83,605.03,46.23,2553.61,155.55,233.29,25.12,2570.07,157.09,0.00,235.19,40.85,93.49,212.95,1798.18,3554.46,2.58,149.14,112.95,591.37,2.87,943.77,61.38,497.15
2026-01-25T18:50:00Z,64.79,1955.14,171.60,1254.91,49.20,2092.00,167.70,608.66,45.94,2541.97,155.98,221.01,25.22,2560.19,157.64,0.00,230.02,40.51,92.56,208.43,1775.55,3555.59,2.28,148.01,111.17,588.00,3.24,938.82,61.51,493.59
2026-01-25T19:00:00Z,64.97,1957.77,171.91,1257.81,49.27,2102.14,168.26,590.02,45.63,2546.19,155.50,223.28,25.40,2563.08,157.79,0.00,231.41,42.87,92.54,207.70,1792.61,3554.42,2.33,149.96,112.47,590.87,3.15,942.73,60.62,493.07
2026-01-25T19:10:00Z,64.95,1954.74,171.80,1246.65,49.24,2090.69,167.98,584.46,46.00,2558.97,155.01,228.52,25.25,2568.88,158.84,0.00,226.53,42.64,92.60,200.70,1778.57,3535.73,2.43,151.39,108.99,591.93,3.19,940.20,59.57,490.90
2026-01-25T19:20:00Z,65.11,1938.57,171.34,1241.18,48.86,2103.99,168.39,583.39,46.01,2565.04,155.04,224.31,25.37,2567.21,157.33,0.00,228.31,42.08,93.06,204.52,1785.44,3533.88,2.63,148.77,109.27,591.82,3.16,942.28,59.71,502.42
2026-01-25T19:30:00Z,64.85,1950.76,171.90,1247.86,49.05,2097.15,167.76,599.76,45.87,2556.43,154.91,209.91,25.15,2574.41,157.29,0.00,227.53,42.12,94.02,205.47,1784.29,3558.26,2.35,151.45,109.02,584.10,2.83,945.06,60.00,490.78
2026-01-25T19:40:00Z,64.68,1954.24,171.79,1236.90,49.11,2101.18,167.78,599.99,46.48,2556.31,155.00,222.39,25.03,2586.99,158.19,0.00,226.85,41.62,94.25,207.16,1790.76,3544.80,2.72,150.16,106.39,583.90,2.66,952.46,60.59,480.03
2026-01-25T19:50:00Z,64.67,1955.33,172.48,1245.03,49.08,2097.93,167.86,594.87,46.53,2546.90,155.32,213.79,25.27,2574.34,157.27,0.00,223.49,42.48,94.37,200.56,1777.15,3558.02,2.52,150.97,107.33,584.46,2.77,940.12,60.01,493.08
2026-01-25T20:00:00Z,64.38,1957.76,172.79,1237.60,49.14,2106.27,167.96,580.41,46.57,2541.15,154.60,236.15,25.11,2567.28,157.27,0.00,227.97,40.37,93.06,208.23,1785.78,3543.38,2.62,151.51,108.62,589.27,2.79,949.06,59.09,494.94
2026-01-25T20:10:00Z,64.20,1974.47,172.10,1234.57,48.97,2100.02,168.19,578.21,47.11,2524.66,154.54,238.21,25.19,2563.96,157.33,0.00,228.71,42.21,94.15,207.24,1791.92,3557.16,2.73,149.71,110.06,590.18,2.91,938.56,58.48,483.22
2026-01-25T20:20:00Z,63.83,1980.60,171.79,1222.27,49.45,2091.92,167.47,583.04,46.91,2523.97,154.89,242.99,24.89,2565.26,157.23,0.00,223.61,43.12,93.41,201.25,1771.67,3548.01,2.31,149.60,106.25,581.18,2.93,933.37,58.13,487.07
2026-01-25T20:30:00Z,63.80,1981.70,171.36,1205.67,49.15,2082.22,167.15,589.53,46.53,2531.82,155.80,238.18,24.98,2578.41,157.07,0.00,229.83,40.20,93.62,208.37,1790.12,3535.68,2.39,148.62,111.25,590.25,3.01,944.48,58.10,502.92
2026-01-25T20:40:00Z,64.09,1975.81,171.02,1205.38,49.04,2099.18,167.76,598.25,46.47,2538.29,156.09,245.16,25.07,2573.32,156.46,0.00,227.41,42.45,94.13,202.72,1774.20,3540.79,2.48,150.37,110.31,586.84,2.99,939.79,58.65,496.64
2026-01-25T20:50:00Z,64.08,1978.71,171.87,1223.59,49.38,2095.37,167.46,602.68,46.27,2541.15,154.77,229.83,25.35,2566.62,156.84,0.00,228.16,43.81,93.16,202.55,1781.96,3555.97,2.55,149.29,111.91,586.23,2.86,944.80,58.93,486.08
2026-01-25T21:00:00Z,63.75,1973.24,171.56,1214.87,49.14,2100.99,167.50,583.51,46.12,2547.06,154.61,245.84,25.19,2565.45,157.03,0.00,231.34,41.53,92.89,209.87,1782.04,3556.63,2.91,151.56,110.25,587.81,2.71,934.53,59.78,499.01
2026-01-25T21:10:00Z,63.77,1977.44,171.46,1197.82,49.19,2102.50,167.70,583.83,45.79,2549.03,154.52,233.41,24.87,2567.79,157.37,0.00,234.80,43.53,92.48,211.61,1788.07,3556.30,2.92,150.39,112.40,592.75,2.86,936.50,59.55,492.85
2026-01-25T21:20:00Z,64.20,1970.97,171.28,1212.01,49.48,2091.00,168.46,597.49,46.08,2547.16,154.87,225.15,24.72,2579.45,157.83,0.00,234.46,43.22,94.00,212.12,1794.88,3552.84,2.55,151.13,112.19,588.54,3.03,944.34,59.86,485.58
2026-01-25T21:30:00Z,64.15,1967.37,171.54,1220.58,49.43,2089.90,168.47,604.34,46.30,2535.30,154.43,238.23,24.46,2577.03,157.49,0.00,229.76,42.32,93.91,205.33,1789.99,3551.59,2.39,151.79,106.77,585.12,3.01,951.38,59.41,484.75
2026-01-25T21:40:00Z,63.72,1977.81,171.42,1212.94,49.80,2076.33,168.85,617.77,45.84,2549.22,154.62,237.79,24.47,2590.19,157.23,0.00,232.68,43.75,93.87,209.12,1789.62,3556.83,2.71,150.84,107.98,586.70,2.66,943.25,60.41,486.09
2026-01-25T21:50:00Z,63.90,1985.09,171.64,1216.39,49.79,2075.57,168.36,620.08,46.10,2550.48,155.26,229.53,24.12,2583.71,156.96,0.00,232.11,43.79,94.04,211.61,1795.66,3559.52,2.40,150.06,113.07,590.32,2.99,943.23,58.67,499.17
2026-01-25T22:00:00Z,63.93,1975.60,171.77,1214.66,49.34,2082.97,167.63,611.84,45.99,2547.59,154.73,223.41,23.85,2600.15,157.17,0.00,233.54,40.62,93.75,210.76,1788.39,3553.28,2.52,148.13,111.44,589.81,3.33,946.73,57.30,496.13
2026-01-25T22:10:00Z,63.86,1989.07,171.32,1211.87,49.04,2081.71,167.45,611.68,45.81,2544.89,154.54,225.85,23.88,2593.68,157.28,0.00,234.03,41.14,93.94,211.10,1780.20,3546.15,2.52,148.36,110.48,595.74,2.91,933.38,58.77,489.83
2026-01-25T22:20:00Z,63.83,1983.44,170.96,1203.13,48.90,2100.82,168.03,597.55,46.20,2545.46,154.95,229.74,24.33,2592.35,157.80,0.00,229.93,42.97,94.18,205.46,1779.53,3527.15,2.40,149.69,109.07,589.68,3.09,939.24,58.97,491.64
2026-01-25T22:30:00Z,63.56,1987.25,171.11,1200.39,49.25,2095.29,167.35,592.99,45.92,2545.05,155.00,240.04,24.24,2608.36,158.09,0.00,226.07,44.08,93.71,201.91,1784.59,3545.74,2.50,149.96,110.33,584.88,3.25,938.37,58.96,484.41
2026-01-25T22:40:00Z,63.89,1981.20,171.62,1208.32,49.10,2098.87,167.90,599.38,45.59,2558.32,154.81,226.69,24.28,2609.42,157.82,0.00,228.09,40.60,93.15,200.64,1778.54,3554.49,2.57,150.30,107.47,597.16,3.00,940.17,59.98,494.63
2026-01-25T22:50:00Z,63.90,1968.76,171.22,1220.89,49.55,2088.97,168.46,610.63,45.71,2540.82,155.08,234.36,24.50,2604.44,157.67,0.00,226.34,42.67,94.27,205.39,1774.62,3544.81,2.40,148.61,105.85,584.25,3.48,933.84,59.58,490.11
2026-01-25T23:00:00Z,64.00,1974.85,171.49,1217.20,49.71,2087.89,167.96,616.45,45.56,2554.72,154.39,207.61,24.65,2592.24,158.34,0.00,234.88,41.10,93.37,208.33,1782.48,3544.75,2.24,148.64,112.08,592.22,3.14,940.42,59.14,496.81
2026-01-25T23:10:00Z,63.88,1974.60,171.10,1218.58,49.97,2081.22,168.34,615.10,45.49,2553.55,154.17,208.98,24.48,2593.16,158.24,0.00,227.57,40.80,94.11,204.55,1792.98,3548.97,2.59,150.82,108.22,585.69,3.21,943.07,59.46,482.79
2026-01-25T23:20:00Z,64.28,1972.32,170.93,1225.10,49.87,2068.80,168.06,617.07,45.23,2565.59,155.14,212.81,24.65,2590.38,157.54,0.00,234.89,40.50,94.21,210.55,1786.95,3561.45,2.50,149.19,116.19,596.52,3.03,944.39,59.92,497.96
2026-01-25T23:30:00Z,64.56,1951.68,171.59,1237.24,49.62,2093.09,167.78,600.69,44.73,2574.41,154.98,210.85,24.95,2586.20,157.47,0.00,231.63,42.72,93.65,209.85,1779.10,3546.57,2.56,149.05,111.33,594.05,2.68,942.43,61.12,504.81
2026-01-25T23:40:00Z,64.72,1964.61,172.07,1240.24,49.40,2100.91,167.99,598.05,44.85,2574.54,154.40,189.68,25.06,2580.06,157.39,0.00,229.85,42.46,93.93,205.32,1780.39,3537.74,2.43,148.67,106.84,582.92,2.91,937.27,62.20,483.69
2026-01-25T23:50:00Z,64.75,1954.46,172.16,1254.53,49.21,2097.36,167.65,590.33,44.92,2585.64,153.75,181.42,24.88,2583.06,157.19,0.00,224.20,39.16,94.17,204.81,1783.73,3543.58,2.36,148.94,104.92,580.35,3.12,945.64,59.24,471.26
2026-01-26T00:00:00Z,65.12,1945.58,172.00,1248.77,49.43,2092.01,167.68,608.82,45.17,2572.22,154.23,177.58,24.48,2584.69,157.26,0.00,225.83,38.64,94.21,201.65,1776.24,3544.68,2.33,148.74,107.42,588.01,3.30,940.08,59.92,491.28
2026-01-26T00:10:00Z,64.91,1944.53,172.66,1246.52,49.05,2098.96,167.88,616.15,44.96,2565.61,154.76,169.81,24.10,2591.84,157.40,0.00,226.02,39.68,94.15,206.00,1788.30,3539.47,2.71,149.29,105.82,577.07,2.85,939.19,59.51,485.00
2026-01-26T00:20:00Z,64.91,1945.08,172.22,1241.19,48.97,2092.15,168.60,607.96,45.10,2575.36,155.09,177.65,24.29,2589.56,157.52,0.00,230.11,41.04,93.64,207.61,1790.39,3554.54,2.58,148.89,111.41,589.55,3.04,946.33,59.55,491.68
2026-01-26T00:30:00Z,65.02,1955.17,172.20,1243.31,49.10,2097.60,168.60,589.10,44.98,2574.59,154.33,162.96,24.04,2596.36,157.60,0.00,226.68,40.19,92.96,203.23,1776.97,3555.96,2.38,150.34,108.52,579.35,2.99,942.23,60.63,481.30
2026-01-26T00:40:00Z,65.18,1946.04,172.50,1272.45,48.80,2105.00,167.60,582.75,44.71,2584.96,153.81,159.87,23.65,2590.93,157.81,0.00,230.95,40.68,92.66,207.30,1780.71,3552.93,2.47,150.59,110.48,580.73,3.03,938.85,59.52,483.40
2026-01-26T00:50:00Z,64.91,1960.14,172.64,1246.31,48.90,2097.34,167.68,584.55,44.13,2585.20,154.07,160.04,24.19,2585.89,158.18,0.00,230.21,39.51,93.02,207.87,1786.93,3547.89,2.53,148.62,110.00,580.40,3.15,950.49,60.98,476.04
2026-01-26T01:00:00Z,64.71,1958.03,172.27,1240.76,48.75,2105.46,168.44,585.83,44.54,2590.94,153.91,147.95,24.57,2590.48,157.92,0.00,227.06,40.80,93.37,203.52,1772.77,3546.84,2.62,149.97,109.05,589.88,2.90,934.68,59.24,492.92
2026-01-26T01:10:00Z,64.89,1954.88,171.98,1237.66,49.15,2105.19,168.24,579.54,44.47,2599.92,153.71,150.35,24.42,2585.64,157.56,0.00,219.24,38.78,93.98,195.09,1779.90,3541.22,2.64,149.83,105.04,581.24,2.81,935.95,59.51,481.21
2026-01-26T01:20:00Z,64.61,1960.32,172.12,1246.87,49.03,2112.74,168.33,583.92,44.62,2591.64,153.48,154.26,24.17,2593.48,157.68,0.00,218.14,38.53,94.30,191.81,1766.83,3542.49,2.38,150.45,104.42,581.52,2.94,932.28,58.69,483.51
2026-01-26T01:30:00Z,64.26,1961.00,171.03,1240.09,49.06,2114.38,167.82,586.92,44.82,2585.37,153.54,157.28,24.45,2590.73,156.98,0.00,226.42,39.06,94.03,206.77,1777.90,3542.05,2.49,146.79,107.93,590.91,3.09,939.02,59.27,494.68
2026-01-26T01:40:00Z,64.37,1963.85,171.22,1247.11,48.92,2115.23,167.89,595.74,45.12,2573.46,153.68,176.95,24.27,2596.18,156.91,0.00,,40.43,93.05,204.11,1781.88,3548.59,2.26,149.06,108.06,589.88,2.96,939.83,58.84,492.66
2026-01-26T01:50:00Z,64.58,1959.98,171.45,1241.06,49.17,2101.57,168.73,605.90,45.16,2565.66,153.32,183.57,24.50,2589.53,156.95,0.00,227.59,42.18,92.80,205.19,1779.26,3537.15,2.68,147.63,108.36,584.88,3.27,944.60,58.56,480.79
2026-01-26T02:00:00Z,64.37,1965.04,171.29,1233.45,49.01,2096.21,168.35,602.85,45.22,2570.84,154.42,186.57,24.51,2581.17,156.84,0.00,234.23,40.97,94.15,210.19,1790.32,3543.45,2.57,149.19,113.14,594.91,3.14,943.27,59.47,491.26
2026-01-26T02:10:00Z,64.54,1964.45,171.58,1227.90,48.88,2104.17,168.01,589.53,44.93,2569.84,154.00,186.08,24.50,2571.30,157.08,0.00,235.63,40.15,93.26,211.21,1788.06,3549.68,2.41,150.34,110.66,590.39,2.61,949.40,58.48,493.42
2026-01-26T02:20:00Z,64.73,1956.04,171.26,1233.85,48.74,2098.87,167.05,580.87,45.10,2575.55,153.98,195.70,24.79,2578.39,157.75,0.00,232.78,41.10,93.41,206.79,1795.46,3560.30,2.64,149.59,111.17,588.52,3.20,948.30,60.05,484.53
2026-01-26T02:30:00Z,64.88,1953.95,171.46,1237.49,48.89,2099.63,167.48,585.50,45.42,2565.16,154.83,189.39,24.94,2578.16,157.42,0.00,229.52,41.13,93.83,207.18,1783.65,3548.29,2.59,149.02,109.32,589.08,2.83,943.42,59.32,499.39
2026-01-26T02:40:00Z,64.64,1967.33,171.41,1231.15,48.63,2118.10,167.84,587.91,45.44,2560.00,154.36,180.06,25.14,2586.53,157.95,0.00,225.90,43.03,93.92,205.09,1782.69,3543.53,2.27,148.40,105.78,583.42,2.97,940.84,59.59,490.30
2026-01-26T02:50:00Z,64.82,1955.46,171.94,1241.72,48.38,2122.60,167.44,582.72,45.20,2560.68,153.93,193.55,24.99,2578.86,157.47,0.00,230.01,41.61,94.04,205.85,1787.95,3537.86,2.59,147.47,112.13,594.47,2.89,951.55,59.45,496.12
2026-01-26T03:00:00Z,64.79,1951.21,171.98,1247.67,48.28,2121.33,167.44,572.07,45.31,2551.19,154.20,197.60,25.09,2568.82,157.48,0.00,228.17,41.01,94.14,208.21,1793.08,3573.42,2.56,148.89,109.52,593.18,2.68,943.12,59.94,494.63
2026-01-26T03:10:00Z,64.70,1956.60,171.50,1238.94,48.02,2135.00,167.53,567.81,45.45,2549.61,154.57,201.53,25.08,2566.68,157.29,0.00,230.12,39.59,94.30,205.06,1784.50,3547.68,2.51,149.48,109.15,586.80,3.23,945.94,60.32,493.13
2026-01-26T03:20:00Z,64.69,1946.88,171.09,1237.99,48.20,2117.27,167.73,578.32,45.46,2551.90,154.99,211.29,24.66,2576.09,157.20,0.00,226.76,40.74,94.14,206.27,1784.35,3548.74,2.38,149.71,108.38,589.92,2.93,945.41,60.41,487.90
2026-01-26T03:30:00Z,64.36,1957.79,171.25,1231.17,48.40,2112.94,167.57,580.31,45.66,2554.90,154.85,215.32,24.56,2587.51,157.65,0.00,226.22,40.72,93.78,201.18,1780.50,3544.81,2.73,150.27,109.82,585.32,3.20,933.66,60.73,487.60
2026-01-26T03:40:00Z,64.61,1959.17,171.09,1223.43,48.68,2098.86,168.37,576.18,45.52,2566.32,155.16,208.50,24.22,2591.78,157.32,0.00,226.23,42.36,94.10,202.95,1788.87,3547.32,2.55,150.14,107.82,589.46,3.25,947.94,60.50,488.33
2026-01-26T03:50:00Z,64.66,1966.84,171.47,1234.17,48.42,2117.34,168.18,568.89,45.42,2562.54,155.10,204.89,24.37,2584.46,156.74,0.00,225.55,41.74,94.23,204.74,1783.72,3541.00,2.55,151.64,106.91,589.37,2.83,941.57,60.28,494.03
2026-01-26T04:00:00Z,64.67,1948.86,171.49,1237.42,48.22,2121.60,166.38,552.24,45.33,2558.77,155.62,219.21,24.32,2589.77,157.36,0.00,230.14,41.20,93.88,208.05,1774.21,3545.74,2.30,149.99,108.51,593.16,2.88,938.45,60.29,489.88
2026-01-26T04:10:00Z,64.54,1953.93,172.44,1242.36,48.26,2121.44,166.43,562.19,45.43,2559.57,155.42,220.42,23.93,2591.78,157.90,0.00,229.97,40.01,93.26,204.20,1783.42,3534.92,2.64,148.96,111.47,586.95,2.87,937.03,58.54,485.30
2026-01-26T04:20:00Z,64.30,1964.07,171.84,1226.31,48.29,2116.44,167.17,555.03,45.39,2565.51,155.01,202.02,24.07,2598.04,157.95,0.00,227.55,40.68,94.20,204.83,1780.13,3548.69,2.86,149.27,109.37,592.10,2.78,936.31,59.28,497.38
2026-01-26T04:30:00Z,63.90,1970.42,170.88,1209.58,48.38,2113.98,168.13,562.29,45.44,2559.66,154.74,192.48,23.68,2595.76,158.21,0.00,223.71,40.03,94.23,201.49,1771.33,3539.90,2.68,149.34,104.92,582.99,2.79,938.84,59.90,488.34
2026-01-26T04:40:00Z,64.36,1966.70,171.35,1212.17,48.53,2105.94,167.37,571.86,44.94,2567.17,155.14,178.75,23.80,2598.07,158.33,0.00,221.58,42.12,94.20,199.73,1782.02,3558.21,2.70,151.29,105.44,588.00,2.94,939.82,61.30,488.75
2026-01-26T04:50:00Z,64.70,1957.56,171.68,1226.96,48.68,2101.04,167.69,577.49,44.92,2573.57,153.82,173.13,24.14,2600.65,158.93,0.00,222.83,41.95,93.35,200.23,1785.32,3555.89,2.44,150.87,104.50,581.18,2.84,941.08,60.16,478.14
2026-01-26T05:00:00Z,64.73,1960.88,171.87,1232.10,48.99,2091.61,168.02,596.59,45.05,2573.62,154.18,177.93,24.05,2597.35,157.96,0.00,229.27,41.52,92.52,204.47,1787.33,3554.87,2.37,150.81,108.83,583.92,2.68,944.04,60.05,483.51
2026-01-26T05:10:00Z,64.29,1953.99,171.45,1227.12,49.11,2097.99,168.00,609.43,45.10,2576.18,154.46,184.55,24.63,2593.10,157.70,0.00,221.84,42.61,92.39,199.74,1780.45,3551.90,2.49,148.67,107.98,590.72,3.02,943.28,60.36,488.73
2026-01-26T05:20:00Z,64.05,1958.33,172.07,1243.49,49.05,2093.40,167.94,609.09,44.91,2576.79,153.70,186.51,24.48,2592.02,157.96,0.00,227.44,43.66,93.67,206.06,1786.01,3551.99,2.67,149.31,111.95,591.80,3.13,941.36,59.80,504.55
2026-01-26T05:30:00Z,64.14,1965.52,171.80,1229.86,49.11,2100.40,167.84,590.57,44.93,2573.38,154.73,187.80,24.80,2580.90,157.51,0.00,225.70,42.87,93.87,203.68,1779.84,3539.54,2.81,149.13,106.32,582.34,3.13,937.07,59.42,481.48
2026-01-26T05:40:00Z,64.21,1974.79,171.25,1226.82,48.93,2100.55,167.57,591.89,45.00,2567.51,154.68,204.12,24.91,2578.13,157.39,0.00,228.15,41.02,94.53,204.13,1785.10,3545.22,2.50,149.23,107.45,587.88,2.61,937.40,60.32,496.18
2026-01-26T05:50:00Z,64.22,1979.29,171.85,1247.75,48.40,2107.95,167.63,574.56,45.00,2567.23,154.55,197.93,25.20,2582.12,157.51,0.00,228.63,43.94,93.83,209.35,1776.25,3544.07,2.66,146.90,106.58,579.95,3.23,933.45,61.40,486.39
2026-01-26T06:00:00Z,64.28,1978.07,172.02,1235.68,48.20,2123.26,167.24,564.49,45.16,2569.15,154.66,187.16,25.13,2580.81,158.08,0.00,230.74,40.72,94.09,208.36,1789.54,3555.16,2.50,150.41,109.43,589.66,3.06,943.51,61.67,495.86
2026-01-26T06:10:00Z,63.87,1991.95,171.79,1217.32,48.09,2118.61,166.71,556.83,45.46,2572.58,155.03,188.72,25.69,2564.38,157.60,0.00,229.96,39.75,92.72,209.04,1788.45,3562.70,2.53,149.00,109.68,593.78,2.75,937.94,59.49,495.17
2026-01-26T06:20:00Z,63.47,1989.71,171.88,1207.97,48.16,2128.95,166.68,542.68,45.93,2557.18,154.76,204.61,26.05,2558.75,157.02,0.00,228.69,39.50,93.62,206.71,1779.20,3554.38,2.44,150.84,108.78,595.44,2.90,934.06,59.94,503.80
2026-01-26T06:30:00Z,63.79,1984.96,171.90,1199.41,47.95,2130.55,166.94,547.09,45.87,2565.57,155.13,208.75,25.81,2550.24,158.03,0.00,222.27,40.08,93.52,200.92,1776.50,3549.70,2.19,149.68,103.19,583.02,2.82,935.61,59.53,478.55
2026-01-26T06:40:00Z,64.06,1984.34,172.12,1223.30,47.98,2130.07,166.26,551.69,46.35,2545.50,155.78,212.70,25.89,2554.75,157.91,0.00,237.80,39.74,93.81,211.80,1793.26,3555.59,2.29,149.77,115.09,591.15,3.04,950.69,59.14,485.13
2026-01-26T06:50:00Z,64.05,1981.22,172.16,1223.24,48.08,2131.71,166.83,559.33,46.11,2546.56,155.43,225.99,25.82,2554.40,157.75,0.00,232.70,42.14,93.93,210.81,1776.51,3548.03,2.28,148.95,113.77,591.48,3.02,937.69,59.23,492.69
2026-01-26T07:00:00Z,64.45,1970.11,172.42,1225.01,48.07,2126.23,167.51,551.77,45.86,2542.19,155.33,227.41,25.69,2553.62,158.25,0.00,232.74,42.14,93.83,213.98,1793.93,3538.68,2.39,150.03,112.57,593.59,2.86,947.05,60.04,494.12
2026-01-26T07:10:00Z,64.08,1974.33,172.50,1235.61,48.23,2115.88,167.47,561.52,45.96,2555.51,155.46,226.57,25.83,2558.54,157.43,0.00,228.78,40.40,93.63,205.81,1785.68,3555.97,2.67,150.81,109.83,587.20,2.66,938.59,59.59,488.13
2026-01-26T07:20:00Z,64.31,1974.44,171.95,1227.23,48.24,2125.95,167.35,553.38,45.86,2550.34,155.36,225.46,25.65,2567.55,158.13,0.00,226.76,39.22,94.36,203.86,1778.23,3544.29,2.15,150.59,106.42,586.35,3.07,940.13,59.30,488.00
2026-01-26T07:30:00Z,64.12,1981.57,,1230.62,48.16,2128.58,167.85,570.57,,2557.31,155.18,209.18,25.30,2569.83,157.50,0.00,233.01,39.46,94.76,211.19,1792.51,3557.35,2.49,149.52,110.44,595.72,2.95,951.92,59.63,499.23
2026-01-26T07:40:00Z,64.04,1973.42,172.27,1229.54,48.36,2122.65,168.12,574.86,46.22,2555.08,155.16,227.49,25.26,2568.48,157.09,0.00,228.82,37.93,94.33,205.87,1784.36,3543.21,2.49,149.72,108.28,585.43,2.90,936.78,59.47,489.72
2026-01-26T07:50:00Z,63.82,1971.00,171.79,1223.03,48.22,2120.23,167.93,568.92,46.06,2555.62,154.68,215.90,25.55,2561.77,157.49,0.00,225.31,40.29,93.61,202.29,1776.62,3550.02,2.62,150.62,106.23,580.74,3.12,931.55,58.31,491.68
2026-01-26T08:00:00Z,63.83,1982.29,171.54,1223.46,48.37,2129.15,167.93,581.19,46.16,2547.11,154.67,217.42,25.65,2548.98,158.18,0.00,224.25,42.18,94.19,203.02,1778.74,3544.49,2.44,148.85,108.22,585.51,3.03,929.69,58.71,491.98
2026-01-26T08:10:00Z,63.95,1973.84,171.82,1215.86,47.91,2132.58,168.14,563.18,46.44,2541.17,154.22,236.27,25.56,2553.22,156.60,0.00,221.70,43.77,94.01,199.99,1770.22,3545.25,2.83,148.96,104.09,585.08,3.34,936.44,59.60,494.59
2026-01-26T08:20:00Z,64.03,1973.88,171.27,1226.38,48.09,2122.43,168.02,560.60,46.17,2552.22,154.42,216.32,25.25,2564.81,156.97,0.00,229.18,42.34,94.04,208.75,1784.00,3548.80,2.33,150.13,109.40,593.58,2.96,944.45,59.01,492.50
2026-01-26T08:30:00Z,64.22,1972.17,171.17,1215.70,48.08,2130.16,167.58,565.30,46.22,2541.59,154.49,232.42,25.15,2572.65,157.15,0.00,232.70,42.00,94.51,209.59,1781.10,3560.70,2.45,149.67,112.98,595.28,3.38,942.89,58.71,489.60
2026-01-26T08:40:00Z,64.48,1961.85,171.75,1226.73,47.63,2135.40,167.09,551.49,46.47,2539.89,155.30,240.33,25.31,2568.28,157.63,0.00,227.94,42.13,94.10,204.76,1778.23,3551.71,2.67,147.86,109.74,590.17,3.31,935.69,58.94,498.35
2026-01-26T08:50:00Z,64.00,1965.87,171.45,1231.81,48.04,2129.05,167.11,538.06,45.95,2545.55,156.03,239.22,25.42,2579.96,157.94,0.00,225.98,40.16,94.13,202.81,1778.85,3546.14,2.45,148.75,110.02,583.45,2.89,940.90,58.55,477.69
2026-01-26T09:00:00Z,64.19,1969.81,171.91,1225.67,48.34,2121.06,166.82,538.32,45.44,2554.54,155.79,211.78,25.73,2560.38,157.19,0.00,227.25,41.76,94.31,206.48,1782.28,3551.53,2.46,150.33,107.75,587.00,3.06,937.31,59.68,496.14
2026-01-26T09:10:00Z,64.07,1975.58,171.82,1221.66,47.95,2124.28,166.76,550.67,45.38,2570.87,155.55,210.17,25.54,2560.90,157.92,0.00,223.14,41.30,94.38,203.53,1787.40,3549.39,2.46,150.58,107.77,586.57,3.08,948.06,58.51,494.39
2026-01-26T09:20:00Z,63.94,1979.16,171.92,1199.53,47.98,2124.11,166.84,542.47,45.31,2576.27,154.86,197.90,25.48,2558.29,157.04,0.00,227.68,39.95,93.56,203.53,1785.29,3550.12,2.72,149.95,112.18,589.66,3.20,945.51,60.03,487.20
2026-01-26T09:30:00Z,64.23,1973.03,171.21,1217.05,48.24,2125.16,167.13,550.73,45.39,2568.22,154.69,202.63,25.57,2563.28,157.51,0.00,228.17,39.35,93.85,208.98,1784.65,3545.90,2.53,150.20,107.83,585.33,3.35,940.39,58.53,483.80
2026-01-26T09:40:00Z,64.32,1966.37,171.63,1217.84,48.40,2127.21,167.52,553.15,45.25,2559.81,154.65,202.97,26.03,2554.45,157.57,0.00,230.17,41.05,93.79,204.25,1778.82,3551.88,2.44,148.53,112.13,593.29,3.14,940.68,58.63,493.51
2026-01-26T09:50:00Z,64.29,1967.11,171.73,1220.70,48.26,2123.97,167.23,529.27,45.31,2570.43,154.12,198.56,25.47,2553.80,156.69,0.00,229.34,41.83,93.79,205.85,1788.51,3549.76,2.30,150.13,105.52,572.96,2.97,940.29,60.46,478.56
2026-01-26T10:00:00Z,64.28,1971.67,171.03,1224.58,47.64,2126.12,166.89,537.32,45.04,2570.72,154.58,194.76,25.46,2562.15,156.95,0.00,229.94,41.46,93.37,208.62,1784.75,3551.70,2.50,151.62,108.31,580.29,3.12,939.65,60.53,480.42
2026-01-26T10:10:00Z,64.58,1963.90,171.14,1221.10,47.40,2131.48,167.06,534.14,45.31,2559.30,154.90,200.27,25.44,2555.06,157.41,0.00,229.22,41.78,92.60,204.13,1779.08,3552.42,2.66,151.18,109.51,591.12,2.88,940.03,60.45,497.37
2026-01-26T10:20:00Z,64.96,1955.53,171.09,1237.61,47.68,2140.35,167.59,544.30,45.24,2554.02,154.71,215.79,25.46,2560.42,157.15,0.00,225.50,43.41,92.38,202.98,1791.16,3550.26,2.66,151.64,108.32,591.46,3.41,950.57,59.26,489.24
2026-01-26T10:30:00Z,64.75,1959.63,172.01,1240.53,47.17,2137.72,167.10,543.23,44.55,2573.39,155.06,204.53,25.43,2559.41,157.28,0.00,228.22,42.11,93.01,210.63,1784.85,3552.24,2.43,148.25,111.56,594.52,3.28,948.11,61.19,497.71
2026-01-26T10:40:00Z,64.98,1949.64,171.25,1237.87,47.63,2134.11,166.82,547.18,45.15,2573.43,154.44,189.49,25.92,2563.10,157.84,0.00,225.03,44.06,92.67,202.90,1785.06,3550.23,2.39,148.82,106.69,584.26,2.90,951.33,60.96,494.85
2026-01-26T10:50:00Z,64.84,1960.15,171.36,1237.43,48.09,2122.55,166.86,556.25,45.17,2577.55,154.29,185.84,26.30,2538.53,157.77,0.00,227.19,42.32,92.12,205.44,1776.38,3552.25,2.38,149.01,106.55,584.83,2.98,939.93,61.50,491.63
2026-01-26T11:00:00Z,64.77,1963.89,171.73,1234.44,48.14,2121.62,167.16,558.18,45.32,2574.86,153.73,197.42,26.05,2533.57,156.99,0.00,228.41,41.26,91.95,208.04,1788.66,3546.44,2.44,148.56,108.18,585.05,2.75,941.91,61.10,490.46
2026-01-26T11:10:00Z,65.30,1959.70,172.08,1240.36,48.30,2119.43,167.36,546.54,45.48,2576.71,154.56,199.46,25.91,2539.22,157.65,0.00,229.90,41.83,92.29,210.31,1786.29,3560.00,2.56,149.83,108.06,585.84,3.42,943.25,60.99,487.06
2026-01-26T11:20:00Z,65.43,1943.43,171.72,1257.65,48.48,2109.42,168.09,571.40,45.44,2569.57,154.66,200.22,26.10,2545.75,157.66,0.00,230.45,42.53,92.97,206.51,1781.75,3553.12,2.50,150.38,110.12,592.26,3.09,933.85,61.74,491.60
2026-01-26T11:30:00Z,65.80,1934.00,171.36,1267.40,48.26,2117.38,167.31,567.15,45.26,2571.72,154.42,206.47,25.99,2546.21,157.79,0.00,229.20,42.24,92.22,203.62,1781.58,3549.61,2.49,151.47,109.65,592.15,2.84,947.90,60.15,485.27
2026-01-26T11:40:00Z,65.77,1927.50,170.97,1256.34,48.44,2127.06,166.81,556.39,45.32,2559.49,154.67,199.29,26.22,2542.42,157.59,0.00,223.43,42.39,92.41,199.87,1775.80,3542.61,2.54,150.37,108.61,578.79,3.16,937.74,59.85,475.25
2026-01-26T11:50:00Z,65.57,1939.71,171.62,1266.11,48.31,2126.66,167.49,557.29,45.38,2561.87,154.45,214.74,25.92,2565.84,157.07,0.00,221.77,42.71,93.86,201.39,1779.15,3536.30,2.50,149.66,107.67,589.53,3.39,947.49,60.19,492.54
2026-01-26T12:00:00Z,65.47,1933.50,172.45,1272.93,48.34,2126.62,167.69,562.65,45.65,2554.37,153.87,196.47,26.14,2557.12,156.36,0.00,220.37,42.90,94.76,196.91,1779.17,3553.64,2.52,149.21,104.39,581.04,2.91,939.83,61.62,481.73
2026-01-26T12:10:00Z,65.53,1934.09,172.31,1288.26,48.19,2128.02,167.17,562.27,45.11,2565.00,154.89,201.56,25.66,2558.11,157.14,0.00,229.20,40.60,94.21,208.93,1780.52,3543.60,2.70,149.56,111.92,587.11,2.87,944.59,61.13,489.30
2026-01-26T12:20:00Z,65.39,1944.62,172.40,1294.46,48.32,2115.76,166.55,561.37,45.52,2559.74,154.97,215.38,25.80,2557.59,156.62,0.00,232.12,42.48,94.14,211.11,1788.61,3546.19,2.58,150.82,109.55,593.39,3.01,934.73,59.26,484.74
2026-01-26T12:30:00Z,66.01,1938.63,171.90,1309.02,48.24,2119.13,166.62,565.69,45.76,2567.82,154.92,207.55,26.09,2556.18,156.58,0.00,228.83,42.06,93.25,204.68,1784.25,3555.30,2.21,149.16,110.10,584.59,3.18,942.11,58.94,488.97
2026-01-26T12:40:00Z,66.19,1936.62,172.16,1281.63,47.70,2126.71,166.60,563.32,45.94,2562.76,155.57,211.95,26.40,2542.38,157.50,0.00,230.54,41.90,93.36,208.94,1782.90,3546.03,2.76,150.31,110.07,592.91,3.00,938.36,59.46,486.47
2026-01-26T12:50:00Z,66.21,1927.50,172.22,1283.14,47.58,2140.07,167.02,549.25,46.27,2550.61,155.27,215.84,26.74,2542.06,156.89,0.00,235.88,44.36,94.22,211.00,1783.66,3533.30,2.53,149.84,116.56,596.06,3.14,944.61,59.68,495.77
2026-01-26T13:00:00Z,65.59,1941.29,173.05,1287.22,47.53,2142.27,167.47,552.41,46.21,2542.06,154.33,229.71,26.67,2542.53,157.07,0.00,235.53,45.03,93.45,212.43,1796.26,3532.66,2.99,150.11,112.62,593.36,2.94,951.73,59.53,488.89
2026-01-26T13:10:00Z,66.31,1924.58,172.42,1291.71,47.90,2137.75,167.87,544.38,46.44,2555.50,154.94,221.16,26.07,2539.79,157.32,0.00,232.18,44.23,93.84,208.81,1787.15,3555.29,2.69,150.63,110.30,586.12,3.13,947.93,61.00,484.99
2026-01-26T13:20:00Z,66.21,1918.09,173.05,1304.22,48.17,2117.80,167.69,561.46,46.75,2534.57,154.32,229.03,25.93,2546.59,157.03,0.00,229.64,41.94,93.50,210.20,1781.79,3562.79,2.43,149.61,111.32,589.71,2.64,938.39,58.28,489.59
2026-01-26T13:30:00Z,66.07,1922.28,172.91,1311.12,48.04,2116.01,167.71,563.20,46.50,2539.46,155.26,225.74,25.44,2549.07,157.63,0.00,228.67,42.60,93.27,205.77,1787.45,3550.43,2.22,148.20,111.65,590.02,3.01,937.80,58.26,489.15
2026-01-26T13:40:00Z,65.89,1922.60,172.31,1297.57,48.60,2113.18,167.55,565.32,46.69,2535.83,154.97,240.94,25.17,2561.94,157.06,0.00,235.39,42.37,93.66,214.64,1791.54,3556.08,2.57,151.01,114.48,588.72,3.15,947.43,60.21,495.43
2026-01-26T13:50:00Z,66.19,1929.75,172.59,1297.78,48.91,2109.12,167.73,573.54,46.55,2527.21,155.20,238.79,25.40,2553.48,157.57,0.00,229.16,42.89,94.15,206.89,1776.01,3547.77,2.70,150.01,111.30,585.97,3.44,938.38,59.85,487.85
2026-01-26T14:00:00Z,66.08,1924.49,172.84,1293.80,48.98,2109.81,167.96,579.15,46.54,2536.30,154.66,248.85,24.89,2571.88,157.74,0.00,235.51,43.61,93.98,208.04,1785.79,3563.96,2.41,149.03,112.00,595.45,2.83,938.04,59.35,504.30
2026-01-26T14:10:00Z,65.87,1919.91,172.80,1294.94,48.97,2107.05,167.11,573.95,46.53,2538.77,154.75,236.85,25.06,2569.34,158.14,0.00,234.02,42.73,93.85,213.01,1795.25,3552.55,2.65,151.44,112.49,598.21,2.96,942.69,58.40,504.06
2026-01-26T14:20:00Z,65.85,1928.40,172.97,1285.00,49.06,2115.01,166.63,564.46,46.30,2551.12,155.34,236.06,25.04,2565.12,157.04,0.00,234.97,42.83,94.10,210.50,1778.60,3545.98,2.31,147.80,110.35,585.33,2.93,939.88,58.28,473.69
2026-01-26T14:30:00Z,65.61,1933.65,172.64,1280.14,48.69,2109.69,167.06,570.55,46.81,2545.16,155.50,231.08,25.22,2578.39,157.82,0.00,226.77,43.68,94.51,203.52,1779.88,3561.97,2.65,149.01,109.00,580.93,2.95,940.82,58.76,489.03
2026-01-26T14:40:00Z,65.67,1938.42,172.23,1266.90,48.60,2116.40,167.09,574.49,46.23,2541.16,155.16,239.78,25.36,2571.00,158.19,0.00,226.55,43.43,93.95,202.80,1782.56,3554.33,2.40,149.35,109.46,580.63,2.97,939.99,60.03,488.24
2026-01-26T14:50:00Z,65.29,1938.87,172.77,1263.90,48.94,2109.15,166.85,573.32,,2546.98,155.63,233.69,25.24,2568.84,158.34,0.00,235.56,42.22,94.69,211.15,1777.33,3562.70,2.57,150.69,112.55,593.82,2.96,944.20,60.27,499.60
2026-01-26T15:00:00Z,65.31,1939.55,172.60,1271.89,48.93,2104.77,167.34,588.38,46.45,2542.74,155.65,230.65,25.53,2562.84,158.18,0.00,242.49,44.40,94.85,221.61,1799.91,3545.84,2.78,150.48,115.93,590.30,3.21,951.62,59.18,493.78
2026-01-26T15:10:00Z,65.11,1947.80,172.33,1276.81,48.94,2098.30,166.94,590.14,46.87,2535.85,155.59,233.98,25.50,2555.88,158.33,0.00,240.97,42.23,94.96,216.77,1788.23,3543.66,2.55,150.18,116.80,604.98,2.98,943.87,59.61,498.50
2026-01-26T15:20:00Z,65.46,1940.32,172.02,1271.33,48.80,2084.81,167.62,587.96,47.00,2529.21,155.50,243.51,25.39,2549.99,157.78,0.00,232.23,43.21,94.18,206.27,1790.52,3533.16,2.45,147.82,112.59,589.91,2.56,943.12,59.16,493.86
2026-01-26T15:30:00Z,65.33,1933.41,172.28,1263.89,48.91,2089.65,167.38,586.66,46.56,2533.01,155.09,241.84,25.40,2554.53,157.70,0.00,232.36,44.01,94.67,209.12,1786.15,3553.09,2.46,147.82,110.28,585.20,2.73,939.96,60.16,492.85
2026-01-26T15:40:00Z,65.30,1939.07,172.94,1276.56,48.72,2109.59,167.05,578.26,46.43,2536.81,155.69,235.23,24.87,2563.67,157.19,0.00,230.45,42.50,94.54,209.12,1790.05,3558.13,2.68,148.81,109.00,585.26,3.33,943.12,59.74,490.27
2026-01-26T15:50:00Z,65.28,1941.37,172.36,1273.12,48.73,2115.43,166.09,572.50,46.37,2543.58,155.24,237.88,24.72,2570.89,157.04,0.00,231.99,43.09,94.09,208.51,1784.34,3545.49,2.64,149.90,110.13,585.57,2.55,935.29,59.07,492.93
2026-01-26T16:00:00Z,65.34,1948.00,172.56,1266.59,48.39,2120.95,167.12,570.50,46.66,2547.77,155.35,234.27,24.59,2579.45,157.45,0.00,229.72,42.03,94.42,207.35,1782.72,3537.29,2.51,148.97,109.16,588.75,3.12,939.64,58.75,500.82
2026-01-26T16:10:00Z,65.17,1950.76,172.21,1267.67,47.99,2118.18,166.79,555.68,46.12,2547.47,155.88,236.85,24.55,2590.62,157.75,0.00,230.82,41.20,93.63,204.83,1785.98,3570.34,2.63,150.89,108.03,581.77,2.72,945.55,59.77,478.16
2026-01-26T16:20:00Z,64.93,1956.99,172.39,1246.55,48.36,2116.55,166.32,576.42,46.24,2541.72,156.02,238.18,24.49,2590.13,158.02,0.00,234.27,40.80,93.59,213.00,1780.74,3564.85,2.61,150.65,114.26,592.25,3.27,944.22,58.97,495.83
2026-01-26T16:30:00Z,65.32,1936.97,172.22,1251.52,48.20,2110.72,167.15,572.01,46.15,2534.22,156.79,233.71,24.65,2587.20,157.66,0.00,236.34,41.58,94.15,213.69,1785.15,3549.54,2.46,151.65,116.34,595.94,3.08,940.86,60.16,486.62
2026-01-26T16:40:00Z,64.97,1938.65,172.15,1249.10,48.59,2106.73,167.65,581.54,46.07,2544.30,156.55,220.07,24.50,2578.43,157.24,0.00,231.72,43.62,93.64,210.00,1784.01,3540.91,2.33,150.50,110.09,589.50,2.84,938.98,60.13,501.20
2026-01-26T16:50:00Z,64.85,1949.71,171.89,1253.79,48.54,2119.51,167.33,559.49,46.13,2543.53,156.25,230.86,24.79,2565.66,156.99,0.00,230.30,42.71,94.01,207.30,1776.14,3540.71,2.46,150.77,110.96,594.74,2.75,934.73,58.81,491.75
2026-01-26T17:00:00Z,64.86,1959.32,172.45,1243.93,48.02,2125.30,166.92,560.74,46.05,2545.47,155.91,226.64,24.67,2576.70,157.27,0.00,231.80,40.74,93.83,211.09,1788.99,3550.57,2.51,151.44,113.98,584.20,3.08,946.50,58.73,491.12
2026-01-26T17:10:00Z,64.70,1972.87,172.37,1236.78,48.13,2116.57,167.19,566.23,46.03,2542.28,155.63,230.54,24.89,2574.72,157.20,0.00,229.45,43.28,94.32,207.55,1777.00,3548.04,2.34,150.93,108.79,579.68,3.01,942.81,60.02,481.77
2026-01-26T17:20:00Z,64.77,1961.41,172.26,1233.38,48.42,2120.24,166.73,564.83,45.61,2549.39,155.17,217.82,24.98,2580.74,157.17,0.00,224.51,40.45,93.51,200.16,1782.39,3545.85,2.32,150.39,107.30,581.42,2.88,950.23,59.95,478.77
2026-01-26T17:30:00Z,64.32,1962.54,172.08,1242.12,48.19,2122.11,166.90,552.52,45.83,2557.87,155.32,217.46,25.30,2575.72,157.76,0.00,225.70,42.32,93.40,204.13,1772.79,3554.41,2.34,148.42,109.52,584.87,3.02,936.56,58.75,490.02
2026-01-26T17:40:00Z,64.31,1957.82,171.87,1226.34,48.36,2115.87,167.22,557.20,46.26,2553.03,155.17,229.57,25.18,2582.24,157.92,0.00,231.03,42.49,93.36,208.68,1783.47,3550.25,2.84,149.83,112.76,591.27,2.66,941.86,59.04,496.46
2026-01-26T17:50:00Z,64.68,1966.58,171.86,1230.00,48.26,2114.05,166.86,556.35,46.56,2539.08,155.46,236.19,25.04,2581.07,157.75,0.00,234.07,43.57,93.75,206.53,1782.71,3534.95,2.41,149.09,112.03,590.97,3.18,941.03,58.92,476.80
2026-01-26T18:00:00Z,64.76,1960.46,172.32,1232.22,48.11,2119.28,167.39,550.52,46.80,2542.80,155.18,254.09,24.93,2577.65,158.18,0.00,235.37,45.69,94.06,213.27,1792.34,3554.95,2.47,150.40,113.75,595.82,2.98,951.79,58.82,492.74
2026-01-26T18:10:00Z,64.98,1942.74,172.17,1242.84,47.95,2127.59,167.69,559.90,46.88,2529.00,155.61,239.64,25.43,2576.17,157.35,0.00,235.47,43.34,94.75,209.71,1776.88,3545.49,2.22,148.36,113.03,592.84,3.08,938.74,59.41,487.70
2026-01-26T18:20:00Z,65.05,1954.71,171.91,1252.64,48.29,2118.28,167.66,566.98,46.25,2544.40,155.29,240.91,25.46,2564.88,157.19,0.00,233.12,42.05,93.53,210.62,1782.63,3539.34,2.55,147.98,111.20,586.31,3.02,939.32,60.49,495.01
2026-01-26T18:30:00Z,64.88,1952.05,172.35,1248.87,48.50,2113.12,166.81,568.64,46.22,2558.82,155.57,232.19,25.09,2564.70,156.99,0.00,228.46,41.71,93.41,206.42,1782.87,3558.40,2.54,150.06,110.75,591.96,2.93,938.86,59.58,490.61
2026-01-26T18:40:00Z,64.71,1964.44,171.88,1243.22,48.15,2119.20,166.97,576.97,46.41,2542.51,155.76,239.73,25.62,2562.34,157.09,0.00,233.59,40.19,93.53,212.53,1789.96,3552.72,2.36,150.59,111.33,585.78,3.08,947.96,60.88,485.96
2026-01-26T18:50:00Z,64.37,1973.34,171.18,1231.60,48.05,2132.39,167.15,562.79,46.52,2541.49,,230.39,25.81,2566.29,157.69,0.00,229.48,41.11,93.62,208.12,1785.85,3541.99,2.72,149.63,109.23,586.19,2.92,940.27,59.87,487.16
2026-01-26T19:00:00Z,64.46,1972.60,170.76,1226.78,47.84,2121.95,167.05,554.38,46.18,2536.16,155.30,210.38,25.97,2554.28,157.03,0.00,232.48,43.98,93.91,209.25,1786.52,3557.83,2.41,149.91,111.49,590.93,3.08,941.27,58.24,497.72
2026-01-26T19:10:00Z,64.69,1959.44,171.15,1242.34,48.07,2118.01,167.20,571.32,45.96,2547.00,154.95,208.89,26.44,2542.30,157.73,0.00,226.29,41.60,94.40,202.40,1785.66,3546.99,2.49,151.07,107.27,584.78,2.82,944.65,58.56,483.33
2026-01-26T19:20:00Z,64.35,1963.96,171.70,1243.41,48.40,2119.43,167.63,579.90,46.16,2545.80,154.77,226.83,26.55,2544.18,158.03,0.00,229.65,40.01,93.31,209.50,1792.68,3557.10,2.53,149.52,111.05,590.42,2.65,951.89,59.81,490.31
2026-01-26T19:30:00Z,64.59,1961.44,172.22,1243.58,48.49,2114.81,167.53,568.36,46.54,2538.88,154.75,218.36,26.13,2551.62,157.02,0.00,229.30,40.71,93.67,203.67,1783.93,3561.97,2.65,151.38,109.52,593.03,2.84,943.85,58.34,495.91
2026-01-26T19:40:00Z,64.72,1960.35,171.03,1237.57,48.50,2109.97,167.64,579.88,46.61,2547.05,155.25,227.63,25.94,2559.39,156.84,0.00,230.12,42.05,93.58,204.92,1786.20,3554.04,2.23,149.19,109.51,592.44,3.32,951.33,58.90,493.64
2026-01-26T19:50:00Z,64.99,1960.38,171.58,1242.75,49.01,2107.09,167.21,571.15,46.87,2539.53,155.23,237.67,25.88,2554.15,157.43,0.00,232.10,41.62,93.30,209.64,1781.45,3534.02,2.53,148.10,109.73,588.12,3.29,934.52,58.37,490.28
2026-01-26T20:00:00Z,64.94,1960.07,171.42,1227.51,49.22,2103.26,168.10,580.68,46.87,2525.92,155.56,251.33,26.38,2547.25,157.17,0.00,237.71,40.68,94.37,214.16,1783.78,3553.95,2.57,149.56,110.71,593.19,2.75,946.79,59.15,499.32
2026-01-26T20:10:00Z,64.94,1957.86,172.19,1238.32,49.30,2094.76,168.40,603.17,46.91,2524.47,155.06,246.53,26.19,2545.87,157.01,0.00,226.98,41.45,94.07,205.67,1775.75,3549.18,2.38,149.87,106.69,589.13,2.84,937.74,58.86,497.60
2026-01-26T20:20:00Z,64.90,1942.76,172.08,1241.52,49.40,2095.01,168.59,609.93,47.00,2521.49,155.12,249.74,25.92,2548.89,157.15,0.00,232.54,40.02,94.09,213.36,1786.76,3547.43,2.54,150.71,112.35,589.04,3.08,943.02,58.14,492.03
2026-01-26T20:30:00Z,64.73,1951.63,172.51,1239.00,49.34,2095.19,167.70,608.67,46.81,2525.60,155.64,250.98,25.98,2545.38,158.23,0.00,233.08,40.39,94.31,209.99,1783.00,3534.85,2.57,150.03,110.23,586.49,2.83,942.17,57.98,493.43
2026-01-26T20:40:00Z,64.72,1955.20,171.99,1246.07,49.21,2089.71,167.96,599.11,46.69,2527.44,156.34,247.44,25.97,2554.78,158.46,0.00,235.22,43.80,93.83,211.19,1784.86,3547.39,2.43,151.21,115.20,594.83,3.30,937.55,58.92,512.50
2026-01-26T20:50:00Z,64.78,1956.75,172.37,1251.71,49.52,2093.31,168.12,593.52,46.85,2527.20,155.86,261.07,25.88,2552.66,157.94,0.00,231.86,40.73,93.73,207.23,1777.07,3542.34,2.66,149.75,114.16,592.94,3.30,939.12,59.82,486.56
2026-01-26T21:00:00Z,64.62,1960.69,172.29,1259.84,49.72,2080.34,168.03,598.32,46.69,2531.02,155.89,251.59,26.56,2540.91,157.44,0.00,234.40,42.48,93.17,209.68,1790.90,3547.47,2.09,148.73,111.36,590.00,2.97,948.54,60.66,505.23
2026-01-26T21:10:00Z,64.62,1965.92,171.63,1250.41,49.55,2084.74,168.15,615.59,46.43,2541.94,155.30,237.85,26.62,2529.35,157.24,0.00,234.06,43.47,94.67,209.64,1783.94,3560.20,2.52,149.15,113.34,586.85,3.06,944.02,60.03,480.98
2026-01-26T21:20:00Z,64.92,1950.14,171.76,1248.57,49.49,2092.03,168.75,600.84,46.46,2540.82,155.50,226.91,26.20,2541.83,157.49,0.00,232.99,43.58,94.38,215.15,1796.88,3541.86,2.62,150.23,110.81,587.72,3.12,950.64,59.35,480.57
2026-01-26T21:30:00Z,64.88,1949.93,172.19,1249.93,49.20,2098.93,168.73,600.88,45.71,2545.54,155.39,222.65,26.28,2538.92,156.73,0.00,232.68,43.37,93.73,211.43,1783.27,3557.61,2.56,150.25,110.51,585.12,2.88,937.63,59.34,492.47
2026-01-26T21:40:00Z,65.02,1961.55,171.79,1249.40,48.96,2108.75,168.44,598.02,45.82,2546.11,155.40,226.46,25.97,2545.89,157.34,0.00,232.74,43.68,94.35,209.34,1787.95,3537.14,2.67,148.43,113.98,595.71,2.98,948.97,59.23,488.43
2026-01-26T21:50:00Z,65.25,1949.90,172.06,1260.96,49.10,2111.16,168.25,595.13,45.55,2553.02,155.96,231.84,25.90,2544.16,157.40,0.00,228.96,44.29,93.89,204.84,1785.71,3550.58,2.36,150.05,107.27,589.79,3.28,940.65,59.88,485.80
2026-01-26T22:00:00Z,65.34,1941.37,172.09,1265.78,49.22,2117.43,167.72,580.39,45.82,2557.96,155.14,212.89,26.07,2541.72,157.85,0.00,226.78,42.90,93.27,206.02,1782.22,3537.25,2.32,151.11,110.10,589.95,2.97,940.92,60.88,483.76
2026-01-26T22:10:00Z,65.05,1945.80,172.25,1258.56,49.14,2099.38,167.66,593.60,45.23,2571.59,154.97,198.00,26.15,2533.84,157.93,0.00,235.94,41.31,93.32,209.74,1787.81,3557.62,2.63,149.07,113.71,593.93,2.93,948.69,59.31,499.15
2026-01-26T22:20:00Z,65.24,1938.41,172.55,1277.16,48.67,2106.86,167.75,587.99,45.28,2576.37,154.99,183.13,26.10,2541.88,158.05,0.00,230.68,42.12,92.22,206.42,1790.31,3548.27,2.32,150.52,110.73,590.13,3.15,944.42,59.02,490.59
2026-01-26T22:30:00Z,65.12,1950.27,172.35,1257.76,48.92,2110.06,167.48,584.54,45.24,2563.63,154.31,199.25,26.28,2545.09,157.88,0.00,230.08,43.36,93.36,205.34,1791.10,3557.11,2.53,148.78,108.00,585.31,2.77,948.74,59.38,486.46
2026-01-26T22:40:00Z,65.41,1941.29,172.21,1257.33,49.01,2106.83,167.60,587.17,45.53,2559.49,154.72,195.81,26.43,2546.49,157.67,0.00,225.03,40.93,93.64,202.29,1794.04,3544.43,2.48,150.31,106.83,586.05,2.47,951.55,59.30,489.29
2026-01-26T22:50:00Z,65.83,1935.94,173.05,1271.19,49.07,2105.43,166.85,584.36,45.44,2564.53,154.16,199.94,26.60,2530.77,157.26,0.00,230.67,43.79,92.92,212.52,1800.20,3548.00,2.80,148.64,111.35,588.15,2.84,948.96,59.15,488.10
2026-01-26T23:00:00Z,65.72,1925.98,172.62,1281.27,49.26,2095.09,167.02,596.17,45.18,2574.30,153.94,196.44,26.31,2532.50,157.36,0.00,231.18,42.30,94.06,203.95,1790.49,3559.11,2.78,150.17,111.58,588.40,3.27,941.83,58.43,498.77
2026-01-26T23:10:00Z,65.60,1926.19,172.81,1281.54,49.12,2094.36,167.31,583.44,44.91,2579.16,154.48,191.23,26.25,2547.50,157.01,0.00,224.97,41.42,93.66,202.06,1786.72,3559.16,2.61,152.47,106.37,581.51,2.84,942.41,59.15,494.58
2026-01-26T23:20:00Z,65.20,1929.00,172.22,1284.66,48.99,2101.15,167.88,579.81,44.94,2585.82,154.69,200.04,25.96,2538.53,157.30,0.00,225.52,41.17,94.05,201.61,1781.30,3538.37,2.49,148.82,105.80,585.43,3.31,936.46,59.23,498.73
2026-01-26T23:30:00Z,65.47,1941.90,172.35,1262.98,49.33,2098.04,167.82,591.74,45.02,2586.32,154.39,194.77,25.86,2544.89,157.04,0.00,230.47,41.04,93.86,204.30,1782.55,3538.71,2.38,150.20,111.26,588.80,3.02,948.20,59.68,496.17
2026-01-26T23:40:00Z,65.37,1951.27,172.56,1261.68,48.81,2102.40,167.16,586.81,44.80,2589.39,154.28,176.24,25.87,2541.39,157.98,0.00,228.53,39.70,93.80,204.68,1772.26,3554.67,2.28,148.33,108.46,583.02,3.01,936.14,59.49,473.85
2026-01-26T23:50:00Z,65.57,1947.38,172.64,1258.13,48.82,2102.76,167.96,590.44,44.60,2587.04,154.48,158.39,25.80,2546.76,157.13,0.00,226.85,38.24,94.22,206.44,1774.72,3552.35,2.71,149.28,107.60,592.51,3.17,939.41,60.18,499.27
2026-01-27T00:00:00Z,65.35,1944.75,172.74,1259.19,48.96,2099.62,168.24,596.67,44.26,2597.39,153.77,140.03,25.52,2549.52,156.78,0.00,226.89,41.20,94.39,206.28,1786.71,3537.70,2.48,148.85,107.23,589.67,3.32,945.98,59.58,497.48
2026-01-27T00:10:00Z,65.45,1935.88,172.77,1270.46,48.82,2100.52,168.51,596.30,44.27,2588.39,153.71,139.74,25.51,2557.65,157.00,0.00,226.12,39.80,94.90,207.99,1776.29,3554.39,2.76,151.13,106.76,590.02,2.78,934.89,59.26,503.62
2026-01-27T00:20:00Z,65.38,1932.73,172.29,1275.32,48.57,2108.33,167.69,596.17,44.14,2591.00,153.51,161.56,25.67,2557.41,156.94,0.00,230.69,41.08,94.12,210.56,1793.10,3540.60,2.57,150.19,111.54,591.74,3.22,950.31,59.29,495.14
2026-01-27T00:30:00Z,65.81,1926.87,171.34,1278.17,49.15,2097.06,167.61,594.96,44.08,2602.58,153.92,156.34,25.69,2560.23,157.22,0.00,230.82,38.18,94.81,210.97,1791.34,3556.65,2.32,151.80,110.51,593.89,2.90,942.86,59.86,487.97
2026-01-27T00:40:00Z,66.32,1912.14,171.38,1272.58,49.44,2093.48,167.65,600.98,44.18,2591.34,154.32,156.45,25.38,2556.90,157.77,0.00,224.51,40.84,94.72,202.01,1784.76,3547.37,2.52,150.78,107.87,594.77,3.09,936.47,60.47,498.10
2026-01-27T00:50:00Z,65.55,1929.07,172.35,1277.82,49.39,2090.70,168.46,607.97,44.50,2593.17,153.78,154.51,25.44,2569.58,157.07,0.00,230.67,40.37,94.33,209.63,1781.21,3539.95,2.52,149.37,111.25,589.18,2.79,936.75,61.46,480.72
2026-01-27T01:00:00Z,65.62,1923.23,172.63,1297.90,48.73,2098.66,168.55,595.56,45.01,2573.95,153.78,170.28,24.98,2556.60,157.02,0.00,232.65,40.18,94.07,211.27,1785.92,3544.12,2.53,148.25,110.47,590.71,3.07,943.54,60.66,478.20
2026-01-27T01:10:00Z,65.38,1929.47,172.72,1284.18,48.93,2104.55,168.45,585.39,45.01,2571.29,154.16,185.46,25.32,2564.41,157.41,0.00,233.41,41.34,93.34,211.54,1789.90,3558.79,2.78,149.60,113.53,598.91,2.86,952.40,59.47,501.34
2026-01-27T01:20:00Z,65.58,1941.59,173.28,1271.02,49.06,2095.88,167.49,589.26,45.16,2565.85,153.94,192.94,25.04,2562.08,156.84,0.00,232.86,41.79,93.20,208.90,1777.72,3552.85,2.38,149.38,110.23,589.11,2.72,937.76,58.06,489.80
2026-01-27T01:30:00Z,65.72,1932.65,172.66,1271.23,49.53,2084.90,168.52,605.06,44.94,2569.99,155.12,203.17,24.54,2581.58,157.45,0.00,233.12,39.09,94.15,212.56,1783.23,3537.24,2.50,148.85,111.90,595.38,2.83,944.88,58.49,496.99
2026-01-27T01:40:00Z,65.52,1929.58,172.37,1253.77,49.87,2069.91,169.03,624.32,45.24,2582.48,154.31,194.64,24.11,2591.66,157.54,0.00,231.52,40.41,94.35,205.65,1782.61,3532.15,2.37,151.94,109.97,596.11,2.78,945.93,59.69,501.43
2026-01-27T01:50:00Z,65.72,1928.01,172.16,1267.01,50.13,2072.30,168.25,613.59,45.21,2572.91,154.64,200.32,24.27,2580.02,157.33,0.00,231.51,41.31,93.68,204.16,1786.25,3539.15,2.49,149.57,111.15,594.08,2.98,949.72,58.59,494.02
2026-01-27T02:00:00Z,65.78,1930.26,172.18,1267.60,49.90,2074.31,167.40,611.06,45.33,2552.88,154.40,184.50,24.43,2587.56,157.08,0.00,232.23,41.52,94.57,209.84,1781.91,3561.65,2.55,152.66,110.48,590.83,3.13,939.08,59.06,499.54
2026-01-27T02:10:00Z,65.85,1921.26,172.49,1284.28,49.82,2072.80,167.48,619.94,45.18,2564.54,153.60,183.04,24.14,2591.01,157.15,0.00,237.66,43.79,94.92,216.40,1790.10,3539.49,2.94,151.04,112.79,586.95,2.90,950.42,58.56,477.30
2026-01-27T02:20:00Z,65.84,1926.95,173.15,1288.45,49.98,2069.44,167.56,630.08,44.69,2577.50,153.75,174.67,24.58,2597.85,156.58,0.00,235.77,41.68,95.17,212.01,1782.58,3556.05,2.43,149.77,112.41,597.28,2.70,937.20,60.03,497.88
2026-01-27T02:30:00Z,65.87,1940.85,173.12,1287.17,50.01,2062.90,167.85,632.74,45.16,2567.78,154.17,182.20,24.68,2582.84,156.62,0.00,232.24,43.66,94.22,206.92,1778.56,3539.50,2.83,150.53,111.87,586.35,3.10,946.26,61.67,496.62
2026-01-27T02:40:00Z,66.11,1925.66,173.51,1294.80,49.91,2065.93,168.99,625.13,45.40,2574.48,154.01,196.63,24.55,2584.44,157.31,0.00,230.91,43.21,94.31,205.76,1787.49,3539.96,2.51,150.07,111.16,596.15,3.10,938.89,60.83,499.43
2026-01-27T02:50:00Z,66.06,1925.53,173.15,1293.67,49.90,2068.39,168.25,613.18,45.42,2565.12,154.22,199.39,24.62,2589.80,157.83,0.00,232.92,43.77,93.96,209.45,1783.48,3549.07,2.43,148.11,113.98,594.05,3.23,941.68,60.73,493.32
2026-01-27T03:00:00Z,66.06,1920.28,172.82,1298.53,50.06,2078.23,168.24,609.09,45.43,2568.50,154.87,205.41,24.60,2587.74,157.85,0.00,236.32,41.80,93.85,213.60,1788.53,3544.71,2.57,150.68,111.89,590.45,2.83,947.54,60.16,487.57
2026-01-27T03:10:00Z,65.82,1932.46,172.68,1299.31,49.56,2078.70,168.36,620.52,45.59,2568.39,154.48,202.58,24.71,2588.49,158.16,0.00,236.81,43.60,94.35,214.06,1798.43,3550.81,2.45,149.01,114.24,594.75,2.42,945.99,59.88,500.88
2026-01-27T03:20:00Z,65.69,1949.23,172.59,1286.49,49.57,2087.18,168.64,610.75,45.58,2557.55,154.39,202.99,23.93,2600.03,158.07,0.00,233.88,44.11,95.08,209.55,1788.69,3566.82,2.69,151.64,113.22,593.65,3.26,944.31,59.62,489.09
2026-01-27T03:30:00Z,66.12,1928.33,171.77,1288.23,49.63,2081.72,168.03,625.43,45.59,2561.98,155.31,197.81,23.91,2603.01,157.49,0.00,234.05,45.97,94.09,207.46,1788.48,3567.80,2.71,149.23,112.35,588.11,2.93,944.27,59.43,495.97
2026-01-27T03:40:00Z,65.89,1914.61,172.42,1302.61,49.54,2077.83,168.67,625.63,45.66,2557.94,154.39,199.32,24.11,2587.03,157.01,0.00,236.14,44.94,93.68,207.37,1789.62,3557.95,2.23,148.95,111.80,590.14,2.70,938.00,58.17,496.32
2026-01-27T03:50:00Z,65.93,1917.02,172.27,1293.83,48.96,2094.79,169.08,614.41,45.48,2563.97,153.92,194.57,24.12,2601.86,156.73,0.00,232.19,41.03,94.59,209.09,1781.49,3564.63,2.60,150.38,110.94,579.97,2.95,940.38,59.35,486.63
2026-01-27T04:00:00Z,66.09,1913.78,172.83,1291.86,48.43,2107.81,167.86,588.20,45.88,2551.39,154.32,214.93,24.02,2610.18,157.31,0.00,226.30,44.43,94.53,204.13,1776.57,3545.41,2.59,149.38,109.43,586.40,2.83,936.03,60.30,498.01
2026-01-27T04:10:00Z,66.33,1912.27,173.57,1289.19,48.39,2100.84,167.96,587.48,45.91,2553.63,154.94,217.65,24.34,2591.45,157.60,0.00,230.49,45.82,94.66,206.41,1794.98,3565.88,2.60,149.61,110.56,594.03,3.07,938.51,58.89,482.91
2026-01-27T04:20:00Z,66.42,1907.39,173.37,1318.68,48.15,2108.11,167.28,570.80,46.08,2540.54,155.30,214.84,24.26,2586.31,157.63,0.00,232.44,43.65,93.66,207.93,1785.13,3552.37,2.34,149.69,110.76,591.05,3.05,950.02,59.71,493.71
2026-01-27T04:30:00Z,66.39,1909.97,173.21,1322.09,48.40,2103.52,166.98,581.68,45.88,2551.54,154.90,204.39,24.10,2593.59,157.40,0.00,229.43,46.10,93.57,202.25,1781.85,3541.44,2.58,149.41,108.15,593.41,3.05,939.45,60.48,502.21
2026-01-27T04:40:00Z,66.28,1916.12,173.62,1307.15,48.31,2104.76,167.15,573.55,45.91,2548.75,154.61,215.60,23.90,2605.53,157.46,0.00,230.83,42.69,94.07,205.26,1788.35,3552.44,2.56,150.28,109.58,588.39,2.99,939.92,58.85,487.82
2026-01-27T04:50:00Z,66.96,1909.80,173.99,1326.06,48.41,2098.90,167.03,583.27,45.19,2558.43,154.85,205.37,23.99,2601.25,157.27,0.00,229.21,40.32,93.74,207.06,1788.02,3542.81,2.34,150.91,110.52,591.76,3.05,948.76,58.83,491.47
2026-01-27T05:00:00Z,66.86,1915.39,173.96,1316.99,48.49,2114.74,166.95,586.32,45.09,2559.72,155.26,202.76,24.56,2590.65,157.14,0.00,232.15,42.97,93.68,209.84,1793.57,3545.54,2.50,150.10,110.59,584.95,3.12,949.22,60.48,484.99
2026-01-27T05:10:00Z,66.71,1912.80,174.16,1306.22,48.02,2108.16,167.58,589.96,44.87,2574.46,154.22,192.12,24.72,2582.54,157.00,0.00,232.63,42.69,94.57,209.40,1785.86,3537.39,2.34,148.38,111.80,591.11,3.04,945.17,60.37,494.16
2026-01-27T05:20:00Z,66.43,1909.25,173.35,1303.88,48.34,,168.45,589.79,45.08,2565.77,154.19,188.12,24.52,2593.31,157.00,0.00,235.15,42.59,94.88,210.32,1785.99,3549.33,2.81,149.44,112.22,590.53,2.90,939.39,58.91,486.95
2026-01-27T05:30:00Z,66.26,1914.35,173.73,1306.50,48.46,2125.09,167.58,588.12,45.36,2566.08,153.94,180.43,24.33,2585.30,157.05,0.00,231.48,42.92,94.93,208.96,1794.09,3558.13,2.64,148.34,109.44,586.01,2.84,947.97,58.00,493.85
2026-01-27T05:40:00Z,66.02,1912.29,173.47,1310.65,47.98,2129.83,168.04,574.73,45.66,2570.76,153.64,191.73,24.07,2593.04,157.77,0.00,231.32,42.86,94.57,208.72,1783.49,3552.61,2.61,147.45,110.89,588.76,2.89,938.39,58.77,485.82
2026-01-27T05:50:00Z,66.25,1918.04,172.80,1313.56,48.13,2127.33,167.96,570.97,45.47,2559.29,153.89,204.77,24.29,2590.53,157.79,0.00,228.01,41.98,93.49,206.88,1790.72,3557.71,2.43,152.28,109.57,582.82,3.01,947.35,59.67,492.77
2026-01-27T06:00:00Z,66.31,1909.45,172.49,1321.82,48.37,2119.07,167.27,566.80,45.10,2576.05,153.43,201.96,24.44,2591.50,157.93,0.00,231.40,43.99,93.13,210.35,1790.79,3541.13,2.83,149.14,107.19,584.03,3.06,937.57,60.13,488.75
2026-01-27T06:10:00Z,66.17,1913.76,172.72,1309.88,48.13,2121.81,167.34,582.51,45.45,2572.80,154.07,210.36,24.32,2586.24,157.18,0.00,231.90,43.27,93.48,203.82,1785.92,3554.53,2.88,147.42,110.01,592.09,2.87,946.02,60.92,485.84
2026-01-27T06:20:00Z,66.55,1913.24,173.30,1320.62,48.15,2118.75,166.61,560.10,45.77,2558.38,154.27,213.38,24.28,2585.97,157.46,0.00,228.63,45.38,93.48,206.39,1793.54,3552.18,2.31,151.41,109.59,591.14,3.10,937.27,59.22,500.31
2026-01-27T06:30:00Z,65.98,1927.93,172.36,1311.39,48.44,2111.31,167.32,556.45,45.92,2553.13,154.43,208.62,24.60,2587.18,157.75,0.00,231.55,42.38,94.13,209.49,1786.89,3548.38,2.48,149.04,111.70,584.14,3.09,941.12,59.19,495.50
2026-01-27T06:40:00Z,65.78,1925.87,172.70,1290.29,48.81,2111.56,167.83,577.11,46.24,2544.18,154.73,211.02,24.55,2585.95,157.75,0.00,227.26,41.78,93.78,207.40,1788.27,3543.28,2.86,146.65,108.24,584.49,3.33,943.37,58.55,488.52
2026-01-27T06:50:00Z,65.58,1919.72,172.88,1289.21,48.75,2109.78,167.54,575.19,46.56,2534.42,154.44,226.78,24.80,2586.01,157.48,0.00,227.91,42.13,93.99,204.69,1780.84,3546.00,2.37,149.88,107.85,579.75,3.26,946.56,59.51,491.92
2026-01-27T07:00:00Z,65.13,1940.91,172.72,1283.37,48.51,2102.71,166.95,577.39,46.49,2547.58,155.08,227.79,25.16,2585.48,157.40,0.00,227.75,41.46,94.04,206.75,1783.58,3544.90,2.61,148.30,110.05,590.02,3.10,939.04,60.25,493.89
2026-01-27T07:10:00Z,65.40,1944.57,172.73,1293.24,48.51,2111.30,167.28,579.77,46.10,2550.56,154.33,226.11,25.35,2574.82,157.72,0.00,232.68,41.03,94.70,209.27,1776.66,3558.47,2.68,149.72,110.27,590.36,2.74,939.46,59.68,495.19
2026-01-27T07:20:00Z,65.06,1944.95,172.73,1286.17,48.43,2114.82,167.59,559.78,45.91,2554.46,154.56,217.73,25.52,2567.45,157.40,0.00,235.96,42.23,94.65,209.23,1781.44,3549.32,2.91,151.67,115.92,593.52,3.14,934.75,59.71,488.38
2026-01-27T07:30:00Z,65.27,1939.50,172.13,1274.47,47.83,2127.30,167.74,561.78,46.20,2550.55,155.33,228.92,25.56,2561.49,156.79,0.00,236.00,40.75,93.34,211.63,1788.11,3541.23,2.52,150.67,117.97,598.81,2.74,938.98,58.77,493.57
2026-01-27T07:40:00Z,64.96,1941.45,172.10,1261.35,47.64,2127.34,167.69,554.43,46.27,2548.66,155.29,223.61,25.36,2567.72,156.51,0.00,236.24,42.40,93.54,214.06,1795.24,3540.67,2.42,150.43,113.98,596.23,3.05,948.31,59.92,489.92
2026-01-27T07:50:00Z,65.20,1934.97,172.26,1270.03,47.90,2134.05,167.96,556.21,46.12,2552.31,155.14,206.56,25.36,2565.40,156.74,0.00,233.88,41.38,94.36,209.61,1783.53,3551.87,2.34,149.87,114.20,595.08,2.83,944.98,59.35,500.69
2026-01-27T08:00:00Z,64.70,1960.86,171.87,1261.27,48.14,2121.67,168.34,568.86,46.44,2545.46,154.62,213.21,25.28,2569.51,157.29,0.00,234.44,40.69,93.74,209.77,1787.41,3552.46,2.53,151.43,112.39,588.09,2.42,944.46,58.61,500.16
2026-01-27T08:10:00Z,64.76,1961.87,171.98,1251.96,48.09,2126.16,167.73,560.33,46.34,2552.64,154.97,214.06,25.51,2567.66,156.81,0.00,232.39,39.68,93.84,209.09,1788.26,3538.71,2.41,149.76,112.12,589.67,3.01,938.08,59.92,498.98
2026-01-27T08:20:00Z,65.33,1957.10,172.07,1252.68,48.06,2118.31,167.99,566.16,46.37,2549.23,155.35,227.51,25.37,2559.91,156.86,0.00,229.54,39.75,93.65,207.55,1783.80,3548.69,2.57,149.98,109.89,597.19,3.31,938.60,59.29,493.30
2026-01-27T08:30:00Z,65.20,1952.52,171.61,1250.54,48.17,2127.27,166.82,556.40,46.83,2540.82,155.61,235.70,25.74,2558.70,157.88,0.00,231.63,37.78,93.57,208.32,1787.92,3555.67,2.28,150.21,111.85,594.34,2.63,948.08,59.61,496.52
2026-01-27T08:40:00Z,65.18,1947.69,171.82,1256.53,48.61,2112.53,166.71,561.26,46.69,2524.24,156.24,249.23,25.86,2559.11,156.88,0.00,230.49,39.69,94.31,203.41,1782.69,3551.87,2.43,149.17,111.10,589.32,3.15,935.68,59.76,496.96
2026-01-27T08:50:00Z,65.05,1939.18,171.82,1251.30,48.56,2107.30,166.48,569.62,46.63,2528.60,156.83,253.97,26.08,2558.99,157.09,0.00,232.84,42.58,94.02,213.64,1793.93,3532.94,2.29,147.89,108.24,589.40,2.83,937.42,59.86,496.81
2026-01-27T09:00:00Z,65.27,1949.51,171.59,1240.01,48.61,2111.36,166.65,560.89,46.54,2535.21,156.28,253.36,25.92,2553.09,157.10,0.00,232.34,41.08,94.46,209.42,1791.25,3554.28,2.59,150.07,108.88,587.13,2.90,945.16,61.27,496.39
2026-01-27T09:10:00Z,65.63,1943.69,171.35,1262.13,48.31,2106.68,167.29,576.06,46.56,2540.64,156.19,240.14,26.09,2548.15,156.81,0.00,231.46,42.39,93.85,210.42,1788.32,3554.04,2.48,148.91,112.50,590.07,2.94,944.50,59.32,486.47
2026-01-27T09:20:00Z,65.32,1935.64,171.83,1265.53,48.36,2116.61,167.45,562.69,46.01,2546.23,155.82,234.66,25.99,2538.59,156.88,0.00,231.02,44.11,93.40,207.23,1776.81,3559.14,2.60,148.84,111.01,592.13,3.04,936.95,59.75,492.29
2026-01-27T09:30:00Z,64.86,1947.43,172.31,1263.46,48.40,2116.87,167.43,565.05,46.06,2559.08,155.52,223.88,26.03,2545.73,156.42,0.00,228.20,44.17,93.67,202.00,1773.92,3538.67,2.40,149.90,108.67,587.59,2.96,943.84,60.02,481.11
2026-01-27T09:40:00Z,64.83,1958.05,171.84,1243.74,48.53,2104.62,167.54,567.44,45.83,2554.88,154.85,222.45,26.03,2551.58,157.13,0.00,229.51,43.63,94.03,203.58,1786.65,3548.73,2.62,150.58,111.17,588.07,3.19,948.06,59.57,484.84
2026-01-27T09:50:00Z,65.27,1945.41,172.64,1264.62,48.85,2102.25,167.27,578.61,45.78,2553.33,154.89,235.97,25.98,2547.89,157.12,0.00,230.95,44.54,93.62,208.42,1784.17,3543.42,2.53,148.62,110.49,593.78,2.89,942.44,60.54,484.32
2026-01-27T10:00:00Z,65.46,1941.63,173.24,1260.69,48.58,2101.62,167.59,573.34,45.67,2554.78,154.04,240.07,25.98,2554.21,157.29,0.00,233.82,40.96,93.96,206.40,1786.20,3539.07,2.56,149.98,112.78,584.95,3.17,944.78,61.25,481.60
2026-01-27T10:10:00Z,65.37,1937.08,172.85,1271.29,48.67,2103.43,168.24,567.78,45.52,2560.40,154.72,232.29,25.80,2556.54,157.28,0.00,228.31,40.77,93.89,207.82,1784.80,3549.19,2.63,150.08,110.70,591.24,2.95,942.34,59.86,488.88
2026-01-27T10:20:00Z,65.09,1938.75,173.18,1275.87,49.02,2106.68,167.55,574.84,45.74,2561.91,155.18,218.80,25.73,2562.98,157.22,0.00,234.07,41.10,93.58,209.04,1779.75,3552.44,2.60,149.79,109.66,594.13,2.84,932.46,59.91,492.70
2026-01-27T10:30:00Z,65.09,1944.17,172.95,1277.62,49.39,2104.31,167.08,587.90,45.92,2549.11,155.46,234.02,25.92,2556.51,157.36,0.00,234.69,41.35,93.55,213.55,1781.76,3541.34,2.45,149.86,113.14,586.31,3.12,935.34,61.46,489.11
2026-01-27T10:40:00Z,65.03,1947.07,172.03,1258.71,48.79,2095.16,167.34,575.91,45.45,2553.38,154.95,220.50,26.50,2549.75,156.90,0.00,233.12,40.72,94.07,209.09,1789.43,3548.55,2.34,149.84,109.64,587.82,2.90,943.18,61.28,491.11
2026-01-27T10:50:00Z,65.11,1943.42,171.88,1263.04,48.24,2110.51,167.37,577.62,45.28,2568.46,154.54,195.63,26.58,2542.06,157.00,0.00,232.25,39.37,94.78,209.18,1791.80,3564.49,2.66,149.78,109.50,581.39,3.13,945.00,61.15,484.04
2026-01-27T11:00:00Z,64.86,1951.69,171.78,1253.29,48.38,2115.38,167.76,564.52,45.29,2565.57,154.76,186.80,26.40,2540.15,157.31,0.00,228.11,39.77,94.04,203.48,1780.04,3545.94,2.74,150.09,106.98,584.36,3.32,933.27,59.79,487.15
2026-01-27T11:10:00Z,65.30,1948.76,171.80,1250.52,48.06,2122.43,167.78,556.47,45.38,2577.70,154.96,187.88,26.16,2534.90,157.56,0.00,225.89,40.94,93.80,205.52,1776.65,3548.49,2.54,149.43,107.41,582.55,3.07,942.73,60.26,488.90
2026-01-27T11:20:00Z,65.25,1941.62,172.26,1263.52,48.49,2115.96,167.37,557.72,45.45,2570.84,155.18,206.95,26.21,2546.15,157.41,0.00,230.67,41.84,94.12,205.84,1784.20,3570.43,2.79,151.47,110.25,587.53,2.78,945.88,60.51,482.14
2026-01-27T11:30:00Z,65.33,1949.92,172.30,1280.04,48.22,2111.91,168.07,568.05,45.47,2563.99,154.35,203.96,26.18,2543.61,157.07,0.00,231.72,41.92,93.49,208.08,1784.92,3564.15,2.75,149.28,110.67,586.66,3.16,935.06,59.76,483.63
2026-01-27T11:40:00Z,65.41,1946.83,172.54,1259.78,48.41,2119.09,168.19,556.75,45.30,2565.97,154.95,196.53,25.89,2542.77,157.17,0.00,228.92,40.62,93.76,204.14,1776.52,3547.76,2.57,149.52,107.44,585.78,2.71,941.05,60.07,486.31
2026-01-27T11:50:00Z,65.44,1942.50,172.53,1252.56,48.57,2108.23,167.97,569.50,44.76,2560.04,154.25,178.95,25.95,2542.62,157.35,0.00,230.28,41.89,93.19,210.54,1796.49,3557.65,2.67,148.84,112.26,591.89,3.20,947.21,60.34,489.45
2026-01-27T12:00:00Z,65.20,1956.17,171.68,1265.12,48.19,2115.58,168.24,580.55,44.90,2571.54,153.82,183.92,26.01,2547.59,157.34,0.00,221.24,40.48,93.13,199.30,1781.86,3544.79,2.66,150.38,104.42,585.23,3.00,932.33,59.67,488.07
2026-01-27T12:10:00Z,65.14,1952.88,172.04,1263.80,48.07,2124.06,168.14,578.44,44.84,2580.59,153.52,171.82,26.49,2547.59,157.29,0.00,228.81,40.85,93.25,205.02,1795.09,3541.88,2.65,151.17,110.84,585.09,2.85,944.74,58.43,493.43
2026-01-27T12:20:00Z,64.95,1945.51,172.16,1257.85,47.88,2126.29,167.49,576.74,45.44,2571.94,154.00,188.89,26.52,2542.81,157.64,0.00,230.17,41.14,93.78,209.87,1792.28,3547.05,2.16,150.78,110.40,581.08,2.82,939.64,58.77,484.23
2026-01-27T12:30:00Z,65.00,1952.10,172.92,1256.11,47.72,2120.85,168.27,573.42,45.69,2568.82,154.10,198.54,26.77,2536.16,157.76,0.00,227.47,41.17,94.11,204.42,1786.27,3565.35,2.56,150.39,107.49,580.92,3.05,938.04,58.69,479.74
2026-01-27T12:40:00Z,65.06,1949.99,172.34,1259.74,48.11,2119.51,167.29,571.65,45.81,2557.64,153.71,201.88,26.06,2536.29,158.00,0.00,225.40,40.97,94.38,201.50,1784.13,3558.41,2.47,149.60,106.89,577.20,3.00,950.85,59.08,478.36
2026-01-27T12:50:00Z,64.78,1955.15,171.80,1253.31,48.05,2114.92,167.22,572.40,45.99,2552.97,155.28,213.70,25.86,2529.74,157.10,0.00,221.68,39.45,93.77,198.61,1786.15,3553.68,2.51,149.87,105.63,585.55,2.82,941.26,59.09,492.60
2026-01-27T13:00:00Z,65.39,1947.38,172.20,1242.72,48.42,2118.58,167.05,582.44,45.74,2558.10,154.75,212.60,25.85,2540.32,157.62,0.00,226.43,41.04,92.50,199.87,1780.22,3540.13,2.29,148.91,107.47,579.44,3.11,933.96,58.56,484.52
2026-01-27T13:10:00Z,65.23,1934.98,172.37,1259.12,48.74,2102.15,168.07,585.64,45.57,2560.21,154.81,207.29,25.64,2548.31,157.61,0.00,226.80,42.93,93.49,204.22,1784.63,3549.23,2.65,151.67,108.61,589.22,3.03,935.43,60.04,499.46
2026-01-27T13:20:00Z,65.07,1935.03,173.34,1260.35,49.09,2108.64,167.57,582.57,45.71,2557.84,154.81,203.59,25.57,2553.70,157.32,0.00,232.61,40.90,94.05,209.98,1781.58,3547.30,2.60,150.09,111.26,589.29,3.33,942.58,60.08,487.20
2026-01-27T13:30:00Z,65.04,1938.39,173.11,1260.56,49.34,2101.54,167.34,587.58,45.51,2562.23,154.76,208.34,25.25,2568.99,157.07,0.00,230.98,42.62,95.03,209.37,1781.64,3555.76,2.31,150.08,110.88,584.49,3.02,940.98,59.74,495.58
2026-01-27T13:40:00Z,65.60,1933.23,173.27,1255.65,49.07,2098.07,167.71,595.83,45.41,2558.17,155.19,208.45,25.53,2557.88,157.09,0.00,230.58,41.41,93.69,207.41,1782.59,3554.67,2.23,149.03,109.41,593.47,3.11,944.27,59.20,497.80
2026-01-27T13:50:00Z,65.35,1945.16,172.10,1257.79,48.92,2091.53,168.54,593.57,45.33,2572.00,154.71,197.88,25.40,2561.76,156.24,0.00,227.24,41.73,93.34,203.59,1782.98,3552.45,2.19,150.40,108.85,589.85,3.16,941.67,58.30,500.77
2026-01-27T14:00:00Z,65.27,1948.14,172.24,1263.07,49.06,2093.11,168.21,586.51,45.37,2573.74,154.90,189.17,25.40,2563.82,156.55,0.00,230.48,40.40,92.66,206.89,1791.66,3542.24,2.48,148.51,110.91,589.12,2.99,947.30,59.39,489.89
2026-01-27T14:10:00Z,65.20,1951.14,172.81,1257.87,48.85,2097.62,167.62,570.66,45.10,2577.06,154.76,192.73,25.32,2563.66,156.58,0.00,225.94,43.17,93.46,200.41,1780.15,3548.64,2.36,150.10,108.32,586.18,3.03,939.07,60.29,484.52
2026-01-27T14:20:00Z,65.58,1954.84,172.83,1255.39,48.56,2109.22,167.19,570.80,45.10,2568.44,154.59,195.31,25.11,2555.79,157.44,0.00,231.06,42.16,94.24,203.74,1788.15,3556.25,2.62,150.67,109.12,582.13,2.97,946.85,59.06,493.57
2026-01-27T14:30:00Z,65.55,1937.24,172.95,1263.41,47.99,2118.45,167.68,575.26,45.39,2571.82,155.24,204.61,24.89,2581.39,157.81,0.00,232.14,41.71,94.43,208.57,1790.91,3546.83,2.69,149.64,111.28,588.96,3.20,942.12,57.91,494.29
2026-01-27T14:40:00Z,65.55,1935.77,171.83,1262.90,47.93,2127.64,168.34,570.76,45.59,2572.73,154.76,198.75,25.07,2569.42,157.82,0.00,229.54,43.60,93.05,206.85,1779.51,3568.29,2.27,150.97,106.22,577.91,3.03,934.79,57.83,480.44
2026-01-27T14:50:00Z,65.56,1938.98,172.34,1264.68,48.03,2127.71,167.65,576.27,45.57,2562.16,154.54,218.34,25.16,2577.70,157.36,0.00,233.28,43.78,93.54,210.65,1786.27,3550.51,2.63,148.71,112.76,592.90,3.08,939.68,58.73,495.94
2026-01-27T15:00:00Z,65.89,1922.90,172.74,1281.38,48.37,2117.68,166.99,586.30,45.72,2552.62,154.37,224.11,25.41,2572.06,156.88,0.00,233.75,44.78,92.42,212.62,1789.78,3560.97,2.15,150.11,113.16,590.07,3.05,946.09,59.77,494.27
2026-01-27T15:10:00Z,65.89,1923.08,172.81,1298.34,48.36,2117.66,166.72,567.78,45.69,2556.76,154.52,218.63,25.66,2563.39,157.19,0.00,232.07,42.93,93.32,209.45,1795.67,3542.45,2.77,150.87,111.77,595.25,2.81,947.50,60.52,490.07
2026-01-27T15:20:00Z,65.82,1924.68,172.80,1289.91,48.15,2124.88,166.33,549.74,45.30,2558.37,154.20,215.29,25.44,2568.33,157.92,,230.37,43.19,93.05,205.72,1784.25,3551.84,2.83,148.69,108.53,582.73,3.02,946.56,60.65,493.14
2026-01-27T15:30:00Z,65.76,1931.10,173.15,1286.89,48.23,2126.11,167.28,549.61,45.65,2553.52,154.56,211.03,25.47,2557.65,158.29,0.00,227.22,41.28,93.16,203.76,1786.48,3558.20,2.65,149.71,106.81,584.73,2.88,941.28,60.79,486.20
2026-01-27T15:40:00Z,65.81,1936.10,173.48,1284.93,48.24,2121.08,166.89,552.67,45.66,2551.90,154.50,207.54,25.25,2557.28,157.59,0.00,227.36,38.49,93.01,201.76,1777.33,3551.73,2.53,150.80,108.51,583.23,3.04,938.33,60.04,482.01
2026-01-27T15:50:00Z,65.83,1931.64,173.23,1282.15,47.93,2122.64,166.72,536.80,45.09,2575.52,154.23,185.35,25.42,2554.98,157.42,0.00,226.07,38.26,93.54,201.24,1779.37,3531.07,2.59,150.26,107.16,588.28,2.79,943.57,60.22,494.22
2026-01-27T16:00:00Z,65.50,1937.38,173.09,1272.37,47.87,2122.63,166.32,529.67,45.23,2570.42,154.03,190.22,25.16,2561.18,157.46,0.00,226.56,39.86,92.62,202.82,1774.55,3541.18,2.53,151.10,106.63,575.47,2.83,936.20,60.51,466.47
2026-01-27T16:10:00Z,65.44,1941.95,172.49,1272.35,47.90,2127.66,165.90,544.57,45.00,2577.45,153.79,177.53,25.35,2580.85,156.81,0.00,227.07,40.53,92.28,208.18,1780.57,3552.55,2.43,149.37,108.09,583.36,2.93,938.54,60.60,485.57
2026-01-27T16:20:00Z,64.99,1939.23,172.07,1258.92,47.74,2138.38,166.77,554.43,44.86,2580.93,154.41,197.21,25.74,2574.41,157.20,0.00,226.71,40.11,93.00,205.74,1779.38,3559.13,2.50,148.92,106.82,580.56,3.07,935.19,60.57,480.62
2026-01-27T16:30:00Z,65.12,1943.03,171.49,1266.70,47.97,2134.59,167.37,554.63,45.20,2578.87,154.18,196.24,26.00,2558.10,157.92,0.00,224.29,39.23,93.41,198.15,1777.93,3541.24,2.40,149.91,107.75,581.71,3.13,942.10,61.01,483.08
2026-01-27T16:40:00Z,65.03,1945.60,172.17,1262.06,48.09,2121.05,166.46,566.59,45.20,2566.93,154.35,192.95,26.35,2551.32,157.44,0.00,225.88,39.64,93.30,200.57,1776.95,3558.56,2.51,150.76,107.93,591.67,2.71,942.68,60.74,490.84
2026-01-27T16:50:00Z,65.17,1950.22,172.20,1266.76,48.06,2107.02,166.89,574.69,45.49,2558.80,154.86,199.02,25.87,2558.40,157.18,0.00,234.42,42.85,93.84,212.26,1782.48,3539.09,2.60,150.09,112.72,585.35,2.77,944.24,59.05,491.75
2026-01-27T17:00:00Z,64.93,1948.97,171.93,1248.09,47.73,2132.58,166.67,558.85,45.64,2568.85,154.02,190.23,25.76,2556.46,157.29,0.00,232.37,41.68,93.72,207.82,1782.15,3534.88,2.37,150.37,113.60,590.23,2.98,937.16,59.80,503.96
2026-01-27T17:10:00Z,65.20,1948.40,171.58,1259.03,48.07,2114.89,166.37,559.38,45.72,2560.62,154.51,198.09,26.18,2552.02,157.24,0.00,229.09,41.12,94.06,207.01,1787.16,3537.38,2.53,149.39,110.30,593.03,3.24,940.47,60.15,488.63
2026-01-27T17:20:00Z,65.15,1951.35,171.55,1271.55,48.17,2119.08,167.08,566.64,45.96,2547.11,155.02,212.50,25.96,2540.72,157.27,0.00,230.84,42.06,93.94,207.69,1787.67,3557.66,2.64,150.48,108.86,583.86,2.66,947.71,59.61,486.98
2026-01-27T17:30:00Z,65.38,1944.92,171.74,1261.59,47.89,2117.00,167.61,554.22,45.78,2541.08,154.48,207.63,26.30,2539.26,157.70,0.00,232.48,38.09,94.89,213.56,1794.03,3542.48,2.38,150.27,113.36,588.47,3.01,941.46,60.08,484.35
2026-01-27T17:40:00Z,65.20,1937.66,171.74,1264.37,47.69,2124.24,167.40,549.08,46.24,2545.44,155.00,209.20,26.17,2545.60,157.45,0.00,224.78,39.24,94.21,203.08,1788.99,3559.63,2.39,152.55,109.25,592.48,3.00,945.53,60.71,505.32
2026-01-27T17:50:00Z,65.00,1941.84,172.46,1272.36,47.87,2135.81,167.65,543.14,46.47,2541.25,154.22,214.25,26.30,2537.29,157.56,0.00,227.08,41.75,93.35,207.43,1782.80,3560.62,2.48,149.02,111.50,586.09,2.98,940.59,60.16,487.40
2026-01-27T18:00:00Z,65.01,1950.60,172.15,1254.98,47.63,2124.07,166.47,540.16,46.44,2536.19,153.84,238.68,26.18,2540.47,158.18,0.00,223.59,40.21,93.03,201.12,1778.06,3534.23,2.60,151.28,107.35,582.32,3.21,936.73,61.02,482.86
2026-01-27T18:10:00Z,65.00,1947.29,172.03,1263.39,47.37,2126.60,166.92,548.19,46.01,2548.93,154.42,231.30,26.05,2550.18,157.34,0.00,231.96,39.22,93.69,208.18,1789.29,3551.40,2.56,147.84,112.35,592.50,3.27,939.29,61.92,502.59
2026-01-27T18:20:00Z,65.41,1937.84,171.95,1269.93,47.34,2136.41,167.02,538.88,45.44,2562.89,155.37,224.33,25.92,2539.85,157.24,0.00,231.74,42.43,93.68,211.19,1782.90,3535.60,2.39,149.41,108.70,590.04,3.15,942.65,61.09,489.29
2026-01-27T18:30:00Z,65.34,1936.03,171.73,1264.44,47.45,2148.04,166.63,536.78,45.59,2567.08,154.58,192.93,25.80,2553.88,157.38,0.00,230.52,42.32,93.33,207.32,1790.64,3553.27,2.33,152.12,110.99,587.18,3.11,948.43,61.06,494.07
2026-01-27T18:40:00Z,65.30,1946.88,172.60,1261.69,47.07,2146.60,166.48,528.13,45.57,2581.84,154.63,212.10,26.17,2546.01,157.31,0.00,225.19,41.45,92.93,200.48,1773.75,3549.17,2.46,150.94,107.61,594.53,2.98,935.26,61.27,494.91
2026-01-27T18:50:00Z,65.04,1950.44,172.43,1249.91,47.01,2158.66,166.92,527.35,45.73,2560.42,154.19,214.63,26.33,2542.63,157.54,0.00,225.09,40.24,92.98,202.22,1777.35,3555.31,2.47,150.23,106.67,582.57,3.28,936.83,60.73,486.11
2026-01-27T19:00:00Z,65.33,1947.24,172.69,1261.16,47.36,2145.77,167.04,527.47,46.06,2556.77,154.39,220.26,26.10,2557.42,157.84,0.00,229.16,40.30,93.91,204.50,1773.12,3540.56,2.65,152.41,108.60,591.44,3.33,932.48,60.47,500.70
2026-01-27T19:10:00Z,65.02,1952.98,172.04,1252.08,47.73,2134.33,167.27,530.50,45.93,2556.36,155.05,218.47,26.38,2546.82,157.69,0.00,226.53,41.29,93.52,206.95,1787.78,3554.40,2.49,148.41,105.93,579.79,2.96,939.98,60.01,478.76
2026-01-27T19:20:00Z,65.42,1943.00,171.75,1252.09,47.55,2130.05,166.34,539.81,45.73,2549.32,154.99,220.32,26.02,2547.59,157.46,0.00,228.64,41.22,94.14,203.30,1784.77,3539.24,2.66,149.95,110.72,583.91,2.94,934.57,59.56,484.12
2026-01-27T19:30:00Z,65.22,1949.69,171.85,1263.32,47.34,2144.75,166.43,540.14,45.56,2561.84,154.33,218.29,25.87,2544.34,157.35,0.00,226.11,43.00,93.17,204.63,1783.74,3551.19,2.49,149.46,106.49,581.09,3.06,936.19,59.97,485.60
2026-01-27T19:40:00Z,65.30,1946.80,172.24,1259.58,47.31,2145.21,166.34,524.19,45.13,2563.04,154.68,205.25,25.95,2546.29,157.21,0.00,222.73,42.31,92.63,200.45,1781.04,3544.97,2.88,149.93,105.97,576.35,2.58,934.03,59.41,473.20
2026-01-27T19:50:00Z,65.45,1943.86,172.62,1277.85,47.54,2140.21,166.21,539.28,45.14,2563.59,154.99,186.01,26.38,2544.87,157.95,0.00,232.53,43.07,92.79,209.96,1788.98,3546.54,2.31,150.45,112.25,601.47,3.21,949.91,60.00,488.11
2026-01-27T20:00:00Z,65.62,1936.26,172.68,1269.74,47.54,2136.59,166.63,543.69,45.09,2575.69,154.44,184.45,26.30,2543.16,157.09,0.00,229.92,40.41,93.33,205.90,1781.62,3540.11,2.45,150.10,108.01,590.22,3.11,931.39,59.39,499.55
2026-01-27T20:10:00Z,65.69,1949.04,171.93,1248.08,47.69,2127.55,166.67,540.64,45.44,2563.60,154.41,183.12,26.29,2544.69,158.11,0.00,227.39,40.55,93.09,204.63,1782.87,3523.80,2.79,148.07,108.53,586.08,3.14,945.56,60.55,489.46
2026-01-27T20:20:00Z,65.87,1929.34,172.66,1267.86,47.44,2136.29,167.00,533.48,45.29,2566.33,154.41,194.59,26.11,2541.59,157.99,0.00,226.53,41.97,92.94,203.55,1785.78,3561.33,2.69,148.89,111.88,591.48,3.32,941.59,60.15,494.63
2026-01-27T20:30:00Z,66.09,1908.02,171.86,1282.15,47.44,2135.59,165.81,523.15,45.25,2560.50,153.84,186.26,26.47,2533.24,157.46,0.00,223.69,40.24,92.64,199.14,1779.50,3547.89,2.53,150.45,106.47,585.92,2.97,941.26,60.57,481.61
2026-01-27T20:40:00Z,66.15,1911.56,172.29,1299.04,47.50,2144.66,166.48,522.01,45.16,2573.72,154.14,187.71,26.93,2534.91,157.25,0.00,224.45,42.04,93.58,202.84,1772.82,3540.51,2.69,147.71,107.90,584.57,3.19,940.11,60.01,495.11
2026-01-27T20:50:00Z,66.22,1915.94,171.89,1300.41,47.79,2143.66,166.75,531.06,45.42,2560.48,153.89,194.74,26.91,2526.64,156.38,0.00,227.98,39.90,93.68,203.67,1786.97,3541.12,2.69,149.92,109.45,586.82,3.36,950.54,60.41,484.84
2026-01-27T21:00:00Z,66.33,1910.99,172.50,1304.05,48.18,2124.91,166.89,543.80,44.79,2561.52,154.52,187.67,26.98,2532.59,157.00,0.00,229.29,41.36,93.00,205.31,1786.08,3535.04,2.32,149.64,112.08,593.14,3.08,941.15,61.32,496.74
2026-01-27T21:10:00Z,66.06,1924.75,172.57,1293.55,48.57,2126.36,166.61,549.93,44.67,2573.85,154.09,174.64,26.88,2523.31,157.52,0.00,226.48,40.19,93.72,205.07,1776.09,3559.16,2.71,150.00,107.78,587.84,3.30,937.63,60.60,487.92
2026-01-27T21:20:00Z,65.90,1917.22,172.53,1283.13,48.54,,167.26,569.53,44.90,2583.37,155.24,173.86,27.05,2522.11,157.84,0.00,231.57,41.88,93.39,207.37,1775.23,3539.55,2.33,150.27,111.36,585.91,3.23,940.22,61.29,489.35
2026-01-27T21:30:00Z,65.90,1934.39,172.14,1291.85,48.41,2099.29,166.93,575.36,44.96,2581.53,154.20,178.45,27.03,2518.90,157.74,0.00,233.01,40.15,92.93,208.53,1789.61,3547.58,2.29,147.14,112.94,589.20,2.74,952.12,60.57,497.83
2026-01-27T21:40:00Z,65.82,1931.93,172.18,1296.22,48.37,2107.66,166.42,564.31,44.30,2586.46,154.01,175.57,26.85,2529.17,158.15,0.00,231.46,40.74,93.00,208.58,1787.35,3529.81,2.54,151.24,109.34,583.18,3.10,945.12,60.33,492.98
2026-01-27T21:50:00Z,65.88,1935.82,172.18,1285.77,47.90,2123.63,167.25,562.20,44.07,2594.17,154.34,169.64,26.44,2540.31,157.76,0.00,226.88,41.60,92.89,202.53,1774.54,3554.96,2.39,149.62,109.52,589.77,2.71,939.31,61.50,492.54
2026-01-27T22:00:00Z,65.48,1940.05,172.87,1268.31,47.88,2130.22,167.40,546.56,44.32,2585.18,153.73,157.51,26.60,2543.22,157.41,0.00,223.56,39.06,92.36,200.73,1784.98,3555.25,2.56,150.23,108.37,583.78,2.93,941.26,60.88,491.64
2026-01-27T22:10:00Z,65.85,1929.18,172.44,1279.75,47.81,2135.34,166.47,546.70,44.14,2594.73,154.03,159.06,26.45,2537.95,157.39,0.00,228.29,41.57,93.65,204.88,1780.24,3548.36,2.57,149.40,106.63,582.12,3.30,936.61,61.49,470.03
2026-01-27T22:20:00Z,65.96,1929.06,172.40,1279.44,47.66,2135.21,166.45,538.59,44.20,2585.21,154.10,162.07,26.38,2537.97,157.48,0.00,231.52,40.89,93.48,204.51,1785.31,3549.80,2.62,148.85,109.53,587.17,2.96,946.08,59.12,485.36
2026-01-27T22:30:00Z,66.17,1919.46,172.17,1266.31,48.11,2117.97,166.80,540.44,43.96,2585.95,152.97,160.63,26.35,2543.47,157.43,0.00,234.20,40.99,93.74,210.22,1790.73,3547.34,2.95,149.77,113.18,589.03,2.98,954.09,60.12,491.27
2026-01-27T22:40:00Z,66.12,1930.66,172.40,1284.64,48.62,2108.44,166.28,558.99,44.18,2603.66,153.34,146.11,26.08,2544.86,157.56,0.00,230.78,41.61,93.54,206.23,1782.60,3535.46,2.49,151.79,109.92,592.20,3.29,945.62,61.64,503.22
2026-01-27T22:50:00Z,65.98,1916.80,172.55,1283.54,48.30,2111.39,166.90,570.03,44.20,2598.22,153.81,137.98,26.19,2549.41,156.87,0.00,231.37,42.36,93.71,207.67,1786.60,3539.69,2.57,148.89,109.40,586.73,2.77,942.58,60.00,486.98
2026-01-27T23:00:00Z,66.01,1924.28,172.77,1285.33,48.50,2106.43,166.79,568.38,44.05,2600.25,153.16,140.39,26.14,2549.76,156.83,0.00,230.43,43.07,94.16,206.64,1781.71,3552.86,2.72,149.87,110.51,590.33,2.89,941.71,60.72,490.98
2026-01-27T23:10:00Z,65.48,1929.50,172.86,1279.92,48.59,2102.84,167.17,573.57,43.98,2599.87,152.41,132.10,26.08,2547.87,156.51,0.00,230.79,41.03,93.18,206.45,1781.93,3547.25,2.37,149.34,109.78,584.01,2.88,944.45,60.87,492.33
2026-01-27T23:20:00Z,65.39,1935.91,173.13,1267.50,48.64,2107.53,167.36,573.19,44.16,2594.72,153.36,142.07,26.09,2536.89,157.99,0.00,227.43,39.04,93.25,203.28,1778.29,3545.88,2.43,148.54,108.51,589.75,2.88,936.05,58.50,488.46
2026-01-27T23:30:00Z,65.46,1946.29,172.60,1252.33,48.36,2116.51,167.32,580.67,44.32,2594.73,153.11,147.50,26.46,2534.91,157.34,0.00,228.09,38.42,93.33,203.25,1777.99,3553.32,2.54,149.75,109.68,584.99,3.09,941.09,59.71,504.16
2026-01-27T23:40:00Z,65.66,1938.52,172.46,1254.70,48.26,2121.33,167.13,571.69,44.32,2591.73,153.14,161.39,26.96,2530.12,157.51,0.00,228.01,38.10,93.72,202.41,1775.96,3560.85,2.57,148.91,109.40,583.49,3.05,934.96,59.06,489.02
2026-01-27T23:50:00Z,65.61,1941.37,172.91,1271.83,48.65,2109.50,168.04,574.96,44.05,2598.15,153.42,157.01,26.62,2520.87,157.65,0.00,226.21,38.26,93.25,205.93,1775.98,3538.17,2.55,151.11,109.47,586.61,2.94,936.35,59.85,491.73
2026-01-28T00:00:00Z,65.56,1936.47,173.41,1270.22,48.38,2106.82,167.89,592.82,43.99,2595.99,154.09,160.02,25.98,2538.31,156.38,0.00,224.09,39.17,93.63,202.62,1776.96,3541.14,2.61,149.23,106.01,585.38,2.86,939.17,59.75,481.68
2026-01-28T00:10:00Z,65.20,1941.67,172.63,1279.64,48.44,2098.78,167.64,588.54,44.23,2599.38,154.13,160.47,25.82,2552.47,157.41,0.00,222.26,41.81,93.55,199.67,1772.81,3545.21,2.51,150.09,103.02,582.71,2.94,942.35,58.00,475.39
2026-01-28T00:20:00Z,65.16,1943.11,173.26,1272.00,48.56,2107.23,167.48,583.55,44.15,2596.39,154.82,160.21,26.02,2548.37,157.00,0.00,228.45,40.64,93.30,204.06,1775.98,3547.54,2.25,149.60,110.03,584.80,3.42,939.11,57.52,494.13
2026-01-28T00:30:00Z,65.24,1943.72,173.48,1266.45,48.34,2117.25,167.11,567.05,44.21,2589.57,153.94,159.19,25.71,2565.53,157.05,0.00,230.38,40.22,93.30,207.33,1789.77,3551.77,2.33,149.46,110.64,589.52,3.15,943.81,59.74,488.29
2026-01-28T00:40:00Z,65.20,1948.19,173.04,1271.74,48.51,2119.53,167.20,566.06,44.47,,153.81,154.16,25.54,2571.50,157.37,0.00,229.07,40.66,93.14,204.41,1790.34,3555.08,2.31,149.24,109.66,586.48,3.05,944.61,59.41,487.72
2026-01-28T00:50:00Z,65.24,1944.58,172.07,1258.46,48.26,2115.58,166.84,564.48,44.35,2586.13,153.71,168.49,24.75,2580.42,157.09,0.00,231.13,41.23,93.14,209.26,1784.97,3544.51,2.46,150.79,111.62,589.77,3.05,942.85,59.17,486.35
2026-01-28T01:00:00Z,65.68,1937.78,172.67,1270.88,48.46,2119.09,166.52,575.48,44.40,2586.57,153.59,167.83,25.13,2569.91,157.07,0.00,229.28,40.24,92.94,207.06,1786.37,3559.16,2.57,150.89,111.41,587.26,2.80,948.28,60.24,486.70
2026-01-28T01:10:00Z,65.52,1936.72,172.59,1277.08,47.76,2128.51,166.44,560.27,44.08,2587.38,153.40,168.61,24.40,2590.08,158.02,0.00,226.05,39.85,93.20,205.43,1790.50,3552.89,2.66,149.79,107.03,581.46,3.17,941.41,60.45,482.43
2026-01-28T01:20:00Z,65.71,1938.43,172.63,1276.66,47.85,2134.58,,554.49,44.02,2590.89,154.10,166.30,24.24,2594.97,157.29,0.00,225.09,40.63,93.13,201.38,1768.19,3542.29,2.65,149.45,105.53,586.02,2.87,936.34,60.15,489.96
2026-01-28T01:30:00Z,65.73,1933.30,172.82,1274.09,47.85,2138.06,167.70,544.69,44.09,2587.75,153.84,168.64,24.03,2600.49,157.60,0.00,226.80,40.12,93.22,203.77,1782.82,3545.00,2.51,151.83,108.81,584.36,3.09,941.31,59.86,493.82
2026-01-28T01:40:00Z,65.66,1930.95,172.94,1288.53,48.10,2135.65,167.98,555.42,44.34,2591.09,153.72,163.19,24.47,2590.34,157.99,0.00,229.11,41.30,92.55,205.24,1775.99,3555.43,2.55,150.08,111.63,588.99,3.04,947.98,60.34,498.94
2026-01-28T01:50:00Z,65.79,1929.22,172.57,,48.57,2116.98,167.18,538.47,44.67,2570.70,154.30,184.67,24.39,2601.28,157.12,0.00,228.40,42.21,93.12,205.64,1777.17,3553.51,2.38,148.39,110.55,588.66,2.70,945.17,60.30,494.92
2026-01-28T02:00:00Z,65.95,1920.57,172.69,1265.13,48.53,2102.24,167.52,552.96,44.76,2574.00,153.68,174.05,24.44,2593.76,157.27,0.00,227.20,42.22,94.23,205.36,1776.36,3542.30,2.67,148.46,111.95,590.79,2.94,940.07,60.57,495.46
2026-01-28T02:10:00Z,65.72,1931.00,172.43,1279.91,48.26,2121.92,166.65,560.00,44.85,2583.35,153.03,186.71,24.67,2585.11,158.03,0.00,224.65,43.22,94.65,203.20,1779.08,3552.33,2.37,149.65,108.66,588.61,2.85,937.54,59.84,486.87
2026-01-28T02:20:00Z,65.57,1925.79,173.22,1278.20,48.16,2112.04,166.78,568.95,44.80,2581.08,152.83,174.65,24.65,2580.67,158.43,0.00,225.99,39.86,93.74,201.26,1782.40,3548.46,2.56,149.29,109.91,592.57,2.84,946.24,59.69,495.30
2026-01-28T02:30:00Z,65.48,1935.03,171.80,1269.24,48.83,2105.74,167.53,574.76,45.08,2577.75,153.17,189.84,24.45,2593.80,158.27,0.00,228.88,40.41,93.05,202.72,1777.25,3542.12,2.46,151.37,111.42,589.80,3.13,935.92,59.31,483.09
2026-01-28T02:40:00Z,65.31,1950.36,172.37,1278.52,49.04,2113.71,167.30,573.98,44.73,2581.24,153.39,178.30,24.67,2591.31,157.79,0.00,226.64,41.01,93.48,205.77,1774.78,3547.95,2.50,150.35,108.39,587.60,3.05,935.88,60.02,489.57
2026-01-28T02:50:00Z,65.36,1949.32,171.48,1278.45,49.06,2109.57,167.28,584.90,44.75,2583.40,153.83,176.77,24.19,2595.40,156.54,,229.89,40.90,93.60,205.66,1778.52,3553.70,2.21,148.57,110.01,587.61,3.06,943.27,59.64,486.53
2026-01-28T03:00:00Z,65.34,1940.43,172.14,1258.70,48.73,2098.92,167.77,601.71,44.73,2584.20,154.43,186.54,24.69,2587.72,156.75,0.00,232.95,40.19,94.91,211.33,1790.86,3556.25,2.68,149.64,108.99,583.74,3.34,951.48,59.46,488.05
2026-01-28T03:10:00Z,65.42,1934.21,172.21,1266.54,48.62,2106.06,168.26,587.21,44.88,2591.82,154.56,181.74,25.14,2588.60,157.28,0.00,234.56,42.31,94.14,212.44,1784.16,3554.57,2.68,150.46,112.08,590.65,3.29,941.58,59.64,484.46
2026-01-28T03:20:00Z,65.61,1936.17,172.33,1267.45,48.82,2113.60,167.92,584.44,44.72,2576.55,153.74,182.94,25.21,2576.50,157.55,0.00,229.75,42.29,93.21,206.24,1780.72,3555.71,2.42,150.16,107.25,584.36,3.25,945.65,58.72,484.35
2026-01-28T03:30:00Z,66.07,1920.84,173.60,1296.02,48.55,2107.15,167.28,591.99,44.95,2577.90,153.74,169.49,25.15,2568.34,157.49,0.00,229.41,40.30,93.45,204.75,1785.53,3561.12,2.43,150.14,110.01,594.65,3.31,943.78,59.17,494.25
2026-01-28T03:40:00Z,65.90,1925.55,173.09,1282.31,48.29,2107.84,167.12,585.45,44.92,2586.17,153.90,163.06,25.00,2563.34,157.43,0.00,234.11,40.22,94.86,213.67,1787.49,3551.07,2.50,150.41,113.04,596.75,3.22,942.82,60.07,502.67
2026-01-28T03:50:00Z,65.67,1934.59,172.99,1289.52,48.36,2110.72,167.14,582.54,44.45,2589.08,154.12,168.84,24.98,2577.18,157.87,0.00,235.00,42.25,94.16,209.54,1792.42,3542.90,2.59,148.11,113.75,592.82,2.78,939.23,61.62,493.47
2026-01-28T04:00:00Z,65.02,1949.86,172.94,1269.34,47.99,2105.79,167.64,577.79,43.89,2602.84,154.32,159.92,25.21,2569.93,157.90,0.00,232.96,41.79,93.84,208.92,1778.21,3546.10,2.48,150.95,111.76,583.20,3.06,937.65,59.38,497.98
2026-01-28T04:10:00Z,65.48,1938.27,173.56,1272.35,48.01,2119.34,167.60,573.08,43.96,2594.81,154.14,162.72,25.26,2569.27,157.50,0.00,233.16,41.93,93.84,210.94,1789.23,3559.57,2.81,150.38,111.07,583.58,3.27,950.41,59.87,484.94
2026-01-28T04:20:00Z,65.85,1934.31,173.07,1274.41,47.97,2123.11,167.17,578.07,43.76,2609.73,153.97,155.15,25.51,2562.97,157.64,0.00,229.39,40.57,93.95,204.49,1776.50,3545.46,2.46,150.62,110.07,581.37,3.17,939.84,59.68,495.44
2026-01-28T04:30:00Z,65.72,1935.37,173.14,1278.33,47.74,2136.56,166.43,575.81,44.13,2602.54,153.91,159.18,25.52,2570.92,158.17,0.00,231.60,40.05,93.83,204.97,1786.81,3562.42,2.50,149.78,108.87,588.60,2.91,950.27,59.31,490.47
2026-01-28T04:40:00Z,65.62,1930.58,172.86,1283.78,48.05,2126.52,167.28,565.26,44.07,2598.79,153.96,158.82,25.15,2576.86,157.74,0.00,228.90,39.18,93.93,204.46,1776.39,3560.99,2.60,150.45,110.34,585.13,3.04,936.27,59.11,492.05
2026-01-28T04:50:00Z,65.69,1931.66,172.75,1281.86,48.19,2124.99,167.29,572.47,43.91,2607.39,154.02,162.42,24.59,2581.86,158.02,0.00,227.63,41.36,93.62,201.32,1766.39,3546.62,2.48,148.32,109.43,590.93,3.43,928.35,58.59,482.15
2026-01-28T05:00:00Z,65.59,1941.32,173.74,1278.41,48.50,2111.33,167.93,590.44,44.25,2608.96,153.68,164.99,24.46,2589.24,158.87,0.00,237.53,41.45,94.38,215.54,1795.63,3557.55,2.27,149.49,115.36,594.06,3.48,949.30,58.68,496.96
2026-01-28T05:10:00Z,65.75,1933.45,172.47,1266.58,48.26,2108.91,167.92,581.47,44.56,2593.83,153.50,172.05,24.47,2588.35,157.91,0.00,230.84,41.72,94.99,207.53,1777.92,3546.64,2.60,148.54,110.75,591.43,3.08,940.95,58.84,492.25
2026-01-28T05:20:00Z,65.46,1931.09,172.21,1271.39,48.22,2122.51,167.66,568.12,44.94,2579.95,153.75,169.95,24.61,2585.83,158.05,0.00,231.43,41.04,95.32,205.97,1783.10,3546.53,2.43,149.67,111.47,590.88,3.00,939.03,60.27,500.50
2026-01-28T05:30:00Z,65.33,1941.31,172.52,1270.46,48.16,2126.44,167.44,565.42,44.51,2583.99,154.07,164.55,24.49,2588.44,158.19,0.00,228.53,41.14,94.25,206.74,1782.69,3550.93,2.54,149.49,109.88,583.32,2.91,942.04,58.43,488.41
2026-01-28T05:40:00Z,65.16,1953.36,172.23,1274.60,48.33,2138.88,167.23,570.57,44.52,2595.17,153.02,171.34,24.32,2599.28,157.24,0.00,232.18,42.42,93.14,212.97,1795.28,3561.80,2.65,149.38,111.93,590.12,3.19,948.28,58.59,500.87
2026-01-28T05:50:00Z,65.03,1945.59,172.67,1262.96,48.72,2125.39,166.82,563.59,44.57,2583.41,153.37,167.17,24.43,2599.19,157.57,0.00,237.20,43.04,92.83,211.65,1791.85,3548.02,2.43,150.07,114.92,598.33,2.60,950.08,60.04,511.10
2026-01-28T06:00:00Z,65.30,1939.76,172.18,1271.86,48.43,2113.48,166.52,564.70,44.55,2587.10,153.92,160.66,24.26,2599.23,157.70,0.00,225.87,41.64,93.23,204.95,1778.65,3562.02,2.66,150.86,108.83,590.07,2.78,943.56,59.56,486.42
2026-01-28T06:10:00Z,65.69,1929.49,171.49,1281.72,48.63,2124.36,166.62,565.15,44.42,2581.11,154.19,168.52,24.40,2584.15,157.11,0.00,231.45,41.86,93.08,209.46,1787.43,3543.42,2.45,149.53,111.22,586.41,3.09,942.93,59.27,490.43
2026-01-28T06:20:00Z,65.62,1928.77,172.41,1287.16,48.60,2108.76,166.76,576.82,44.94,2590.71,154.20,165.69,24.60,2595.52,157.68,0.00,232.84,43.65,93.79,206.09,1784.21,3553.29,2.61,150.00,111.38,596.33,3.01,937.46,58.67,500.83
2026-01-28T06:30:00Z,65.29,1934.43,172.35,1274.36,48.61,2111.98,166.91,568.64,45.16,2579.40,154.74,166.87,24.87,2585.10,157.74,0.00,234.65,40.59,93.90,209.89,1794.69,3548.08,2.47,148.87,112.98,585.67,2.92,946.04,58.95,497.28
2026-01-28T06:40:00Z,65.57,1940.01,173.08,1273.09,48.73,2108.72,166.85,588.91,44.98,2575.56,154.02,168.50,24.98,2581.19,157.80,0.00,230.48,42.31,93.67,211.65,1789.54,3531.80,2.42,149.80,110.82,587.73,3.01,943.38,60.05,482.96
2026-01-28T06:50:00Z,65.80,1929.22,172.33,1282.59,48.36,2113.64,166.88,577.34,44.98,2575.42,153.82,177.74,25.02,2584.99,156.80,0.00,227.70,42.61,93.80,205.39,1785.69,3553.17,2.31,149.84,106.36,585.95,2.60,940.58,58.15,492.25
2026-01-28T07:00:00Z,65.69,1936.07,172.20,1277.65,49.01,2112.05,166.45,582.39,44.64,2587.60,154.22,171.80,25.11,2580.29,157.07,0.00,228.79,43.76,93.66,206.70,1788.68,3560.87,2.46,151.40,106.40,578.83,2.90,947.47,60.04,482.56
2026-01-28T07:10:00Z,65.85,1932.62,171.91,1279.78,49.27,2101.58,167.09,590.35,44.73,2587.64,154.33,165.40,25.32,2570.78,157.03,0.00,225.81,41.16,93.48,202.59,1788.45,3542.17,2.38,150.55,105.99,583.11,3.11,941.50,61.23,488.44
2026-01-28T07:20:00Z,65.55,1942.41,172.29,1267.23,48.76,2110.63,167.43,576.59,45.08,2574.01,153.95,166.37,25.69,2562.14,157.56,0.00,227.47,40.94,93.17,207.05,1780.27,3547.06,2.52,148.97,107.73,588.76,2.84,936.08,60.41,487.14
2026-01-28T07:30:00Z,65.44,1944.31,172.23,1270.55,48.65,2121.33,167.56,562.77,45.03,2575.07,153.67,174.68,25.38,2564.43,157.43,0.00,225.53,42.41,94.51,201.20,1776.23,3541.01,2.51,150.52,108.73,582.31,2.88,938.95,60.21,488.75
2026-01-28T07:40:00Z,65.35,1942.55,172.87,1270.55,48.73,2113.31,167.57,566.46,45.20,2576.10,154.32,184.86,25.95,2559.70,157.98,0.00,223.58,41.14,94.08,202.79,1788.12,3559.09,2.61,150.70,104.23,580.79,3.03,939.80,59.91,485.93
2026-01-28T07:50:00Z,65.46,1933.32,172.83,1279.16,48.77,2111.30,167.29,562.54,45.45,2569.40,154.26,196.18,25.48,2558.66,157.64,0.00,228.99,43.93,93.14,208.02,1783.97,3541.26,2.43,147.36,109.04,581.86,3.11,938.85,59.65,484.69
2026-01-28T08:00:00Z,65.39,1936.54,172.61,1264.20,48.98,2105.19,167.48,579.38,45.14,2571.28,154.97,212.92,25.32,2561.61,156.85,0.00,232.29,43.35,93.42,209.63,1788.71,3536.83,2.67,149.75,109.43,581.80,3.10,948.69,59.79,494.91
2026-01-28T08:10:00Z,65.39,1939.23,172.54,1258.26,49.39,2110.84,167.35,582.45,44.88,2570.34,154.33,198.86,25.49,2559.87,157.29,0.00,227.66,41.90,93.53,206.24,1780.96,3543.85,2.53,149.81,109.67,580.89,3.01,943.03,59.66,476.60
2026-01-28T08:20:00Z,65.55,1936.71,172.10,1266.88,49.09,2095.38,167.72,602.87,45.17,2567.42,154.60,192.78,25.53,2561.85,157.70,0.00,228.93,41.56,93.23,207.28,1783.33,3550.81,2.48,150.78,110.58,588.51,3.07,943.97,59.50,501.32
2026-01-28T08:30:00Z,65.25,1937.21,172.26,1245.12,48.84,2101.16,168.13,589.37,45.20,2573.32,154.70,209.97,25.25,2564.78,157.10,0.00,230.42,41.30,94.18,209.80,1787.90,3549.58,2.61,149.45,111.13,587.18,2.83,934.98,58.77,491.88
2026-01-28T08:40:00Z,65.87,1937.14,172.31,1255.10,48.52,2115.47,168.13,579.26,44.91,2574.01,154.49,207.85,25.24,2566.08,157.39,0.00,233.90,42.61,94.39,211.21,1792.27,3556.53,2.30,152.37,113.77,592.91,3.28,941.04,59.42,484.77
2026-01-28T08:50:00Z,65.18,1940.50,172.21,1262.24,48.58,2113.28,167.43,582.12,44.76,2576.41,155.29,206.92,25.21,2572.08,157.40,0.00,230.21,40.61,94.53,207.58,1789.47,3552.29,2.57,151.42,111.48,582.55,3.07,946.33,59.65,485.88
2026-01-28T09:00:00Z,65.10,1956.06,171.81,1249.25,48.63,2114.69,167.32,581.15,45.04,2571.98,154.98,207.71,25.09,2567.67,157.46,0.00,232.94,41.15,94.09,212.07,1799.18,3567.26,2.43,150.51,111.61,576.81,3.10,947.23,61.00,492.94
2026-01-28T09:10:00Z,64.96,1961.23,171.84,1250.55,48.55,2116.61,167.28,567.39,44.78,2572.56,155.31,195.26,25.31,2558.88,157.72,0.00,223.98,41.89,93.82,206.86,1787.72,3534.90,2.09,150.22,106.70,585.16,3.29,939.32,61.22,492.26
2026-01-28T09:20:00Z,64.91,1967.23,171.39,1239.24,48.68,2116.98,166.87,562.60,44.91,2564.82,154.80,199.81,25.01,2574.15,157.84,0.00,225.88,40.35,94.16,199.86,1785.87,3563.52,2.65,149.29,110.40,586.73,3.17,941.48,60.05,490.64
2026-01-28T09:30:00Z,64.84,1948.39,171.37,1236.41,49.13,2115.23,168.23,575.33,45.07,2565.19,154.34,192.20,24.68,2576.13,157.92,0.00,229.65,41.99,94.02,201.73,1780.68,3545.12,2.69,150.20,108.77,582.45,3.16,938.08,59.11,479.51
2026-01-28T09:40:00Z,64.70,1950.05,171.68,1251.16,49.18,2102.60,167.56,581.95,45.27,2564.03,154.87,193.94,24.54,2579.92,157.46,0.00,231.23,44.85,92.48,206.08,1790.89,3543.91,2.63,149.96,109.14,585.44,3.03,945.65,59.04,482.85
2026-01-28T09:50:00Z,64.75,1953.57,171.99,1254.53,49.27,2099.64,167.29,587.01,44.76,2575.74,154.87,181.81,24.66,2582.07,158.93,0.00,227.14,41.99,93.81,204.23,1777.62,3553.38,2.50,150.89,109.64,590.58,3.03,938.92,58.81,502.90
2026-01-28T10:00:00Z,64.03,1960.70,171.03,1239.95,49.04,2105.32,167.27,603.29,44.72,2577.71,154.75,183.63,24.85,2574.39,158.56,0.00,230.81,50.00,92.89,208.62,1782.75,3561.44,2.64,148.29,111.90,594.03,3.30,939.02,59.25,491.45
2026-01-28T10:10:00Z,64.20,1973.51,171.69,1241.64,49.01,2098.59,167.75,600.86,44.68,2577.40,154.06,175.33,25.05,2577.11,158.70,0.00,228.77,70.57,93.40,207.09,1778.87,3541.25,2.55,150.55,108.56,594.32,2.78,942.27,59.27,504.81
2026-01-28T10:20:00Z,64.05,1975.64,172.41,1228.80,49.43,2090.49,167.23,606.13,44.55,2577.46,154.15,171.91,25.16,2575.75,158.78,0.00,226.31,83.29,93.46,205.77,1785.64,3557.31,2.40,149.26,109.29,580.30,3.18,944.66,59.31,493.60
2026-01-28T10:30:00Z,64.35,1971.44,171.78,1238.38,49.14,2094.00,167.49,599.65,44.54,2574.19,154.36,179.08,25.11,2569.87,157.45,0.00,222.88,83.29,93.79,197.40,1776.85,3545.58,2.57,149.02,105.24,584.61,2.88,938.15,58.46,490.67
2026-01-28T10:40:00Z,64.38,1966.53,172.16,1231.95,49.07,2088.34,166.90,610.02,44.44,2578.11,154.11,175.00,24.86,2590.95,157.34,0.00,224.11,70.57,94.56,202.86,1769.12,3556.83,2.32,149.31,106.47,587.86,2.99,933.69,57.92,495.01
2026-01-28T10:50:00Z,64.40,1958.30,171.90,1220.92,49.02,2088.95,168.11,601.50,44.80,2581.11,153.93,177.71,24.72,2585.02,157.35,0.00,224.58,50.00,93.48,199.87,1777.98,3541.32,2.68,148.96,107.60,587.08,2.79,939.13,58.10,478.88
2026-01-28T11:00:00Z,64.88,1950.88,171.84,1248.29,48.84,2098.91,167.93,596.18,44.65,2581.85,154.51,183.13,24.90,2587.78,157.45,0.00,227.72,29.43,94.48,205.17,1785.02,3558.13,2.50,149.94,110.93,591.98,3.21,937.11,57.15,496.77
2026-01-28T11:10:00Z,64.84,1954.43,171.82,1257.31,48.60,2101.33,168.08,592.09,44.25,2580.99,154.60,179.44,25.12,2586.84,157.14,0.00,227.98,16.71,94.02,203.05,1784.31,3544.01,2.87,150.74,109.05,587.06,2.64,943.89,57.49,492.51
2026-01-28T11:20:00Z,65.10,1947.92,171.45,1252.34,48.62,2109.99,167.19,589.42,44.55,2585.63,153.96,159.95,25.07,2578.46,157.43,0.00,229.82,16.71,94.03,205.67,1780.88,3540.74,2.61,150.59,109.89,590.14,3.07,933.10,59.33,493.20
2026-01-28T11:30:00Z,65.02,1956.46,171.53,1245.31,48.79,2104.47,167.80,581.62,45.08,2582.30,153.81,169.23,24.94,2573.14,157.25,0.00,229.54,29.43,93.78,207.24,1784.88,3547.10,2.68,149.58,111.52,580.44,3.06,938.52,59.66,471.58
2026-01-28T11:40:00Z,64.97,1957.59,171.60,1241.58,48.73,2103.26,167.20,581.56,45.13,2575.23,154.02,178.21,24.78,2579.94,156.87,0.00,227.22,50.00,93.30,202.53,1786.22,3555.64,2.47,151.33,109.65,584.68,3.18,949.49,60.47,484.79
2026-01-28T11:50:00Z,64.98,1955.12,172.36,1247.11,48.72,2111.27,167.49,579.81,45.05,2567.57,153.95,184.23,24.46,2577.26,157.30,0.00,225.96,70.57,92.50,207.13,1783.84,3543.07,2.49,149.51,107.58,586.47,2.59,942.05,60.38,494.31
2026-01-28T12:00:00Z,64.80,1954.76,172.25,1243.75,48.29,2123.31,167.44,586.27,45.29,2585.05,154.70,181.70,24.54,2572.62,157.81,0.00,230.01,83.29,93.32,206.87,1785.98,3551.46,2.60,148.94,110.37,591.61,2.83,943.85,59.47,490.10
2026-01-28T12:10:00Z,64.75,1958.72,172.09,1248.59,48.53,2118.54,167.57,583.05,45.31,2574.90,154.14,183.74,24.46,2580.61,157.33,0.00,227.59,83.29,93.77,204.08,1779.01,3556.27,2.59,150.34,110.28,589.26,3.07,940.82,59.66,492.06
2026-01-28T12:20:00Z,64.93,1953.95,171.88,1240.00,48.78,2098.74,167.91,588.38,44.92,2579.86,154.54,185.16,24.85,2584.26,157.46,0.00,230.84,70.57,93.93,209.36,1784.70,3551.57,2.53,150.00,109.86,588.19,2.99,943.91,60.21,488.37
2026-01-28T12:30:00Z,65.12,1946.67,172.07,1253.00,48.92,2108.88,167.53,575.76,44.35,2587.21,154.62,181.03,24.66,2582.16,157.28,0.00,233.84,50.00,93.75,207.54,1781.85,3548.72,2.58,148.44,110.99,594.27,2.71,940.36,59.74,495.32
2026-01-28T12:40:00Z,65.09,1949.25,172.19,1256.60,48.76,2109.86,167.77,588.47,44.43,2588.78,154.97,176.36,24.65,2590.26,157.59,0.00,230.07,29.43,93.50,206.76,1790.63,3558.13,2.42,150.78,108.75,577.98,3.17,944.82,58.26,486.99
2026-01-28T12:50:00Z,64.87,1951.42,171.95,1234.10,48.88,2108.22,168.01,596.64,44.85,2584.22,154.32,174.37,24.79,2586.27,157.82,0.00,227.86,16.71,93.16,201.60,1776.63,3542.81,2.69,149.17,109.39,588.09,2.93,937.38,59.00,490.26
2026-01-28T13:00:00Z,65.00,1937.80,171.63,1236.99,48.94,2114.46,167.64,595.54,44.61,2598.08,154.03,175.12,24.26,2595.72,156.68,0.00,229.26,16.71,94.08,208.02,1789.48,3545.95,2.54,148.43,107.83,586.46,2.68,944.96,59.59,474.30
2026-01-28T13:10:00Z,64.77,1952.18,172.27,1249.75,48.84,2105.72,167.97,588.39,44.56,2597.19,153.62,157.96,24.16,2597.40,156.87,0.00,228.46,29.43,94.10,207.05,1781.31,3550.42,2.23,149.83,109.22,595.26,2.93,940.07,59.72,497.50
2026-01-28T13:20:00Z,64.56,1947.68,172.03,1247.98,48.42,2105.36,167.72,591.15,44.70,2584.86,153.14,169.29,24.46,2589.05,156.90,0.00,226.10,50.00,93.32,200.96,1776.88,3553.25,2.57,150.73,107.52,582.35,2.89,941.83,58.73,485.18
2026-01-28T13:30:00Z,64.40,1959.73,172.11,1232.16,48.10,2120.88,168.16,573.78,45.28,2573.51,153.22,172.69,24.95,2584.32,156.92,0.00,221.70,70.57,93.69,196.53,1773.08,3545.04,2.44,149.53,105.43,580.68,2.88,937.27,59.21,491.37
2026-01-28T13:40:00Z,64.35,1962.75,171.43,1225.41,47.68,2125.87,167.92,562.70,45.35,2561.70,153.91,187.91,25.16,2575.63,157.37,0.00,223.09,83.29,92.56,202.82,1777.45,3560.39,2.44,151.12,106.95,581.22,3.14,939.56,60.66,480.87
2026-01-28T13:50:00Z,64.31,1958.86,171.13,1231.18,47.57,2129.22,167.21,557.47,44.98,2567.94,153.74,192.97,25.00,2565.67,157.01,0.00,232.51,83.29,93.42,211.91,1791.09,3548.75,2.43,150.89,109.74,594.25,3.09,946.88,61.40,499.14
2026-01-28T14:00:00Z,63.77,1965.43,170.96,1227.50,47.77,2126.44,167.36,559.62,44.98,2574.16,154.16,194.01,24.70,2576.44,156.40,0.00,229.81,70.57,94.10,204.87,1789.45,3553.13,2.61,149.00,109.24,589.93,2.63,938.35,59.96,497.71
2026-01-28T14:10:00Z,63.97,1961.16,171.01,1225.63,48.19,2125.39,166.64,563.00,44.99,2573.63,155.38,183.10,24.71,2583.28,157.43,0.00,227.96,50.00,93.08,206.15,1783.62,3553.38,2.61,151.10,108.83,582.71,3.03,936.93,60.53,496.04
2026-01-28T14:20:00Z,63.82,1967.10,171.69,1226.69,48.07,2121.13,167.10,579.66,45.07,2574.61,154.42,171.25,24.82,2580.98,157.63,0.00,226.53,29.43,94.24,207.25,1787.86,3555.56,2.53,150.91,110.12,592.96,3.03,951.22,59.96,494.18
2026-01-28T14:30:00Z,64.11,1968.19,171.54,1218.04,48.18,2118.79,167.09,575.33,45.05,2561.55,154.39,189.22,25.26,2575.88,157.55,0.00,219.08,16.71,92.96,196.94,1778.06,3559.26,2.42,150.08,106.12,583.26,3.10,944.06,58.41,484.64
2026-01-28T14:40:00Z,64.50,1972.19,171.34,1227.47,48.43,2118.10,167.23,574.21,44.93,2571.32,154.24,183.59,25.61,2573.71,157.91,0.00,226.33,16.71,92.85,199.47,1780.70,3540.33,2.69,149.52,107.99,579.11,2.98,944.91,58.35,491.86
2026-01-28T14:50:00Z,64.33,1961.75,171.08,1219.87,48.34,2127.15,167.71,552.62,44.99,2583.41,154.84,183.68,25.69,2563.80,157.18,0.00,226.50,29.43,92.75,201.98,1771.38,3549.27,2.87,149.28,109.07,584.43,3.18,934.28,58.61,479.62
2026-01-28T15:00:00Z,63.89,1969.80,171.66,1215.79,48.01,2122.70,166.79,536.87,44.72,2579.74,154.92,194.39,26.03,2555.74,156.72,0.00,222.00,32.59,92.48,202.53,1787.96,3552.54,2.46,147.39,106.39,591.92,2.79,947.02,58.33,497.35
2026-01-28T15:10:00Z,63.60,1987.38,171.33,1212.95,48.15,2114.25,166.40,545.91,44.71,2573.81,154.59,180.30,25.58,2551.96,157.11,0.00,223.48,37.51,93.17,199.71,1774.49,3552.49,2.52,149.61,105.31,582.99,,938.40,59.24,479.66
2026-01-28T15:20:00Z,63.98,1982.11,171.58,1227.18,48.18,2126.98,166.45,549.25,44.50,2575.43,154.75,189.62,25.74,2553.69,156.42,0.00,223.00,39.62,94.11,200.74,1791.83,3563.79,2.50,149.38,108.38,591.24,2.87,947.72,61.08,496.34
2026-01-28T15:30:00Z,63.90,1977.93,171.38,1220.70,48.16,2127.50,166.71,544.43,44.70,2571.74,154.63,193.68,25.45,2549.31,156.67,0.00,228.71,39.33,93.02,207.43,1789.37,3556.06,2.64,147.99,108.13,578.67,2.95,946.87,61.00,479.53
2026-01-28T15:40:00Z,64.28,1971.45,171.64,1236.54,48.24,2123.00,166.50,557.41,44.69,2587.35,155.02,181.29,25.73,2561.91,157.27,0.00,230.41,38.94,93.24,210.20,1790.94,3545.68,2.24,150.05,108.95,586.59,2.92,947.35,60.15,485.66
2026-01-28T15:50:00Z,64.42,1963.67,171.55,1232.08,48.28,2114.96,167.45,560.81,44.77,2584.38,154.09,179.41,25.50,2567.03,157.28,0.00,226.95,39.39,94.17,203.30,1776.01,3554.94,2.50,150.39,109.89,597.55,2.78,936.64,60.41,503.01
2026-01-28T16:00:00Z,64.59,1958.30,171.73,1235.17,48.50,2105.44,167.42,563.82,44.31,2584.25,154.35,175.49,25.52,2562.28,157.25,0.00,225.39,39.91,93.95,207.10,1786.48,3554.64,2.35,150.78,109.25,584.12,3.10,947.62,59.47,487.80
2026-01-28T16:10:00Z,64.30,1960.55,171.49,1214.23,48.58,2114.91,166.86,569.30,44.67,2589.47,155.13,166.65,25.63,2555.19,156.90,0.00,223.99,42.33,94.44,202.60,1777.72,3552.27,2.51,148.84,106.90,583.45,3.06,941.48,59.96,485.76
2026-01-28T16:20:00Z,64.49,1961.05,171.21,1228.56,48.67,2117.51,167.18,570.77,44.58,2594.86,155.07,160.15,25.49,2554.24,158.05,0.00,227.37,41.95,93.36,203.28,1773.34,3555.53,2.48,149.19,108.09,589.61,3.33,936.86,60.09,499.42
2026-01-28T16:30:00Z,64.10,1964.92,171.62,1232.53,48.80,2099.35,167.31,586.47,44.73,2582.18,154.75,179.30,25.60,2561.80,157.57,0.00,230.15,40.97,93.58,209.40,1784.24,3540.58,2.81,149.83,109.26,586.71,3.09,942.69,59.74,483.79
2026-01-28T16:40:00Z,64.27,1975.69,171.86,1224.10,48.83,2092.87,167.01,603.50,44.78,2580.32,154.26,193.13,25.82,2554.60,156.95,0.00,225.80,41.68,92.52,208.01,1786.28,3548.03,2.54,148.47,111.25,588.96,3.27,947.38,60.43,500.60
2026-01-28T16:50:00Z,64.24,1970.57,171.90,1223.41,48.98,2090.58,167.87,588.10,44.54,2584.95,154.07,174.30,25.83,2554.28,157.45,0.00,226.99,40.99,92.93,204.99,1781.91,3557.67,2.59,150.00,105.42,584.54,3.26,934.96,61.01,490.91
2026-01-28T17:00:00Z,64.93,1964.04,171.81,1225.04,48.98,2089.34,167.80,595.71,44.60,2585.42,153.71,170.44,25.61,2557.23,157.21,0.00,227.58,42.96,94.55,207.18,1784.00,3550.71,2.53,150.77,109.35,588.43,2.86,944.37,59.42,496.94
2026-01-28T17:10:00Z,64.72,1961.82,171.38,1226.40,48.49,2103.92,167.45,579.50,45.08,2571.67,154.04,180.98,25.86,2553.33,157.41,0.00,224.07,41.18,94.29,200.95,1779.95,3556.20,2.54,149.07,107.09,584.73,2.96,937.48,61.45,488.15
2026-01-28T17:20:00Z,64.60,1953.75,170.99,1239.58,48.57,2117.60,166.74,578.27,45.14,2574.80,153.84,191.63,25.42,2558.82,157.79,0.00,220.33,42.26,93.39,200.91,1779.82,3561.04,2.49,149.46,106.34,581.41,3.13,945.47,60.45,492.14
2026-01-28T17:30:00Z,64.24,1958.71,171.04,1231.12,48.35,2105.20,166.92,574.19,45.26,2577.47,154.99,195.10,25.69,2561.96,157.31,0.00,226.42,40.61,93.77,201.37,1787.95,3554.64,2.52,151.53,108.86,586.82,3.12,952.08,59.29,488.65
2026-01-28T17:40:00Z,64.21,1965.98,171.65,1226.61,48.61,2111.90,167.41,577.52,45.00,2574.65,154.78,201.03,25.71,2564.16,157.33,0.00,229.10,41.81,93.32,204.82,1779.92,3548.05,2.18,149.78,111.53,591.60,2.94,943.14,60.03,498.63
2026-01-28T17:50:00Z,64.22,1966.73,171.77,1230.00,48.47,2114.69,167.18,565.61,44.84,2576.74,154.17,192.06,25.79,2558.27,157.10,0.00,227.05,41.57,93.62,205.31,1780.75,3557.91,2.55,149.64,109.25,583.26,3.08,940.53,59.18,482.18
2026-01-28T18:00:00Z,64.45,1967.95,171.10,1225.36,48.30,2117.10,166.60,568.16,45.11,2570.71,154.33,178.68,25.76,2559.51,157.90,0.00,223.66,40.75,93.74,203.49,1777.11,3554.82,2.48,150.37,106.33,578.61,3.24,935.53,58.46,478.75
2026-01-28T18:10:00Z,64.02,1971.48,170.61,1209.70,48.29,2117.33,167.14,569.94,45.08,2572.40,154.45,182.40,25.82,2553.02,156.67,0.00,224.51,41.13,94.48,205.53,1783.59,3542.68,2.41,149.90,105.68,589.10,2.92,937.00,57.81,488.30
2026-01-28T18:20:00Z,64.04,1964.09,170.91,1213.06,48.44,2097.68,167.19,563.69,45.21,2568.27,154.70,186.76,25.84,2566.55,156.96,0.00,223.49,42.14,93.72,201.03,1782.22,3564.61,2.40,150.13,105.86,579.35,3.12,940.44,58.55,488.96
2026-01-28T18:30:00Z,64.18,1966.26,171.54,1219.16,48.01,2128.93,166.78,559.34,45.33,2567.02,155.00,195.90,26.33,2544.37,156.87,0.00,225.63,42.48,93.34,204.84,1775.72,3548.53,2.23,148.87,109.06,594.75,3.04,935.76,58.61,492.82
2026-01-28T18:40:00Z,64.45,1960.64,171.42,1234.55,48.04,2122.51,167.23,555.90,45.20,2565.51,153.96,188.24,26.46,2553.51,157.13,0.00,224.23,41.29,93.48,201.63,1784.88,3539.78,2.72,150.15,107.27,589.13,2.88,935.40,59.22,485.14
2026-01-28T18:50:00Z,64.56,1951.69,171.58,1231.65,48.57,2108.82,167.11,560.47,45.88,2545.17,154.60,192.50,26.74,2544.07,157.36,0.00,227.67,43.80,93.12,206.78,1784.27,3549.61,2.38,149.21,108.69,579.11,3.04,945.26,59.72,490.05
2026-01-28T19:00:00Z,64.96,1945.70,171.73,1242.82,48.18,2116.49,166.54,558.69,46.01,2550.88,154.56,209.70,26.86,2526.72,157.25,0.00,225.73,44.07,93.22,204.03,1777.93,3546.85,2.40,149.30,106.28,587.45,3.51,951.03,60.40,490.36
2026-01-28T19:10:00Z,65.06,1941.02,172.29,1256.22,47.64,2121.52,166.48,548.56,45.67,2559.35,155.46,211.99,26.71,2531.53,157.09,0.00,228.17,41.77,93.10,204.12,1779.89,3550.62,2.50,150.70,110.89,593.65,3.28,942.06,61.10,493.08
2026-01-28T19:20:00Z,64.56,1958.95,172.70,1250.91,47.44,2129.94,167.44,522.44,45.68,2561.05,155.66,210.13,26.66,2530.92,157.83,0.00,227.15,42.67,93.43,202.66,1776.51,3535.24,2.61,148.27,110.14,589.86,3.10,940.17,61.35,493.33
2026-01-28T19:30:00Z,64.86,1946.10,172.85,1264.21,47.49,2139.03,167.09,544.96,45.31,2561.10,155.40,208.03,26.41,2531.94,157.53,0.00,225.75,41.42,93.43,204.40,1777.67,3549.42,2.41,149.73,106.40,578.68,3.01,940.47,,479.58
2026-01-28T19:40:00Z,65.24,1937.25,172.46,1264.80,48.07,2127.80,167.33,555.25,45.06,2562.72,155.29,211.05,26.38,2527.29,157.93,0.00,231.38,40.92,93.39,207.76,1784.37,3553.03,2.33,150.58,109.84,592.08,3.02,934.99,59.97,496.46
2026-01-28T19:50:00Z,65.23,1941.57,172.60,1262.18,48.48,2117.35,167.28,551.76,44.99,2582.75,154.75,203.83,26.20,2544.24,157.55,0.00,228.64,38.93,93.41,204.64,1782.24,3546.00,2.50,149.95,112.43,594.30,2.89,940.46,58.98,494.75
2026-01-28T20:00:00Z,65.40,1943.23,173.14,1279.64,48.50,2109.06,167.41,561.70,45.27,2566.53,154.57,201.40,26.48,2537.62,157.83,0.00,227.59,42.03,94.29,208.20,1782.91,3547.92,2.60,149.43,108.39,591.27,2.88,944.17,60.46,492.14
2026-01-28T20:10:00Z,65.47,1938.23,172.79,1277.13,48.46,2111.74,167.50,579.20,45.27,2562.55,154.65,192.61,26.34,2541.96,156.94,0.00,226.57,43.00,93.33,204.53,1795.23,3544.44,2.68,150.56,109.82,585.75,2.83,952.38,60.44,491.34
2026-01-28T20:20:00Z,65.32,1939.80,173.24,1263.45,48.58,2118.78,167.94,602.10,45.41,2554.89,154.55,204.13,26.43,2543.80,156.85,0.00,223.57,42.13,93.87,200.34,1781.94,3541.93,2.43,149.39,108.21,586.53,2.73,942.62,60.00,488.88
2026-01-28T20:30:00Z,64.74,1951.86,172.20,1265.55,48.77,2113.43,167.30,573.19,45.80,2546.57,155.18,210.94,26.16,2540.50,157.67,0.00,229.10,43.15,94.27,206.83,1772.88,3548.83,2.27,148.55,108.12,577.40,3.20,937.77,60.74,476.67
2026-01-28T20:40:00Z,65.01,1957.21,172.43,1261.32,48.46,2117.12,166.95,561.97,45.39,2563.82,154.97,211.56,26.02,2554.89,157.55,0.00,230.30,41.11,93.42,207.65,1782.81,3558.86,2.46,149.57,111.57,589.96,2.95,942.51,60.79,497.88
2026-01-28T20:50:00Z,64.80,1940.92,172.01,1286.08,48.42,2115.26,167.18,555.25,45.48,2562.40,154.96,196.95,25.94,2557.22,157.29,0.00,226.99,40.58,93.62,205.96,1776.57,3550.80,2.52,150.25,108.17,579.50,2.92,947.34,60.35,483.45
2026-01-28T21:00:00Z,64.75,1948.85,172.43,1271.53,48.35,2121.40,167.56,538.26,45.79,2555.84,154.17,199.62,26.03,2549.71,157.24,0.00,228.55,41.50,93.47,207.90,1790.59,3544.66,2.48,148.74,110.60,585.25,2.78,944.69,60.74,483.29
2026-01-28T21:10:00Z,64.62,1952.55,172.49,1258.20,48.20,2127.26,166.95,544.58,45.87,2553.10,155.23,218.11,25.73,2567.91,157.19,0.00,231.45,39.40,93.71,210.42,1780.47,3545.68,2.63,149.62,109.72,587.29,3.03,945.99,60.06,502.91
2026-01-28T21:20:00Z,64.50,1953.10,172.74,1250.37,48.48,2108.61,167.07,569.65,45.97,2554.19,154.35,219.23,25.71,2568.79,157.30,0.00,230.89,40.78,93.22,207.46,1792.47,3539.44,2.83,150.25,110.46,592.27,2.75,950.04,60.37,492.82
2026-01-28T21:30:00Z,64.59,1955.65,172.43,1228.31,48.11,2125.74,167.01,558.36,45.75,2556.98,154.71,222.91,25.79,2570.80,157.45,0.00,230.16,42.17,92.94,206.22,1774.54,3554.95,2.39,150.98,110.23,581.39,3.10,941.46,59.18,480.52
2026-01-28T21:40:00Z,64.21,1967.40,170.99,1229.23,47.86,2124.18,167.28,554.94,46.19,2553.62,155.37,216.83,25.67,2562.41,157.06,0.00,226.39,41.45,94.29,206.55,1782.37,3565.28,2.38,149.29,,586.38,2.72,932.49,59.24,479.77
2026-01-28T21:50:00Z,64.34,1958.53,171.26,1232.68,47.83,2133.49,167.80,546.50,46.17,2552.14,154.57,229.42,25.70,2559.48,157.51,0.00,226.96,41.33,93.82,204.77,1784.03,3543.84,2.49,150.50,110.08,587.09,2.90,945.40,58.55,482.88
2026-01-28T22:00:00Z,64.17,1962.30,171.29,1231.77,47.90,2131.98,167.02,551.03,46.06,2543.69,154.81,236.06,26.00,2556.96,157.24,0.00,224.53,42.02,92.98,201.36,1784.19,3535.47,2.85,149.01,108.91,591.32,2.90,952.54,59.25,491.71
2026-01-28T22:10:00Z,64.12,1968.08,171.94,1234.31,47.67,2128.96,167.34,530.36,46.26,2550.12,155.47,236.28,26.45,2545.79,157.51,0.00,230.55,43.02,92.73,209.05,1785.95,3547.42,2.53,150.64,107.86,594.75,3.13,938.11,61.42,493.03
2026-01-28T22:20:00Z,64.23,1964.77,171.38,1234.45,47.49,2131.56,167.40,540.12,45.85,2545.11,155.56,212.42,26.46,2541.32,156.84,0.00,228.93,43.59,92.99,204.44,1781.20,3542.77,2.51,148.55,109.02,585.65,2.66,948.48,60.97,492.66
2026-01-28T22:30:00Z,64.10,1975.52,171.29,1212.11,47.75,2131.86,166.80,530.84,46.04,2557.72,155.49,222.43,26.25,2544.86,157.36,0.00,226.53,41.98,93.54,,1776.42,3550.33,2.63,150.76,107.57,586.09,3.00,933.81,60.03,486.60
2026-01-28T22:40:00Z,63.93,1980.51,171.24,1212.35,48.06,2116.73,167.04,563.32,46.06,2556.47,154.79,218.24,26.64,2543.74,156.97,0.00,229.01,42.15,93.67,206.34,1798.73,3536.52,2.58,148.75,110.98,592.43,3.18,956.92,60.69,499.06
2026-01-28T22:50:00Z,64.22,1970.70,171.52,1231.35,48.20,2115.55,166.79,560.39,45.83,2555.76,155.17,211.82,26.53,2535.54,157.39,0.00,228.52,40.34,93.62,208.81,1785.35,3547.19,2.54,150.22,110.20,593.21,2.81,938.14,61.38,492.66
2026-01-28T23:00:00Z,64.56,1952.51,171.65,1232.04,48.20,2121.85,166.86,557.17,45.33,2567.50,154.84,205.97,26.70,2533.18,157.98,0.00,233.72,39.78,93.76,211.40,1790.72,3569.65,2.80,149.87,112.74,588.12,3.53,947.91,58.90,494.54
2026-01-28T23:10:00Z,64.89,1951.84,171.55,1243.95,47.78,2126.02,167.28,548.92,45.77,2548.79,154.29,216.11,26.76,2532.27,157.93,0.00,231.19,38.94,93.82,207.55,1777.13,3535.23,2.58,150.50,113.06,597.71,3.27,936.85,59.05,501.53
2026-01-28T23:20:00Z,65.40,1947.84,171.64,1254.24,47.91,2118.61,168.05,558.80,45.60,2550.06,154.59,211.79,26.13,2542.32,158.04,0.00,231.20,40.34,94.18,208.84,1782.78,3554.32,2.68,149.32,114.24,591.42,2.76,938.49,59.91,494.03
2026-01-28T23:30:00Z,65.23,1944.14,171.63,1266.86,48.07,2114.04,168.29,569.29,45.57,2555.59,154.53,205.22,25.87,2550.85,157.68,0.00,226.58,40.45,93.23,200.44,1785.71,3539.90,2.39,150.63,107.10,582.99,3.16,941.67,59.00,487.33
2026-01-28T23:40:00Z,64.82,1952.57,171.76,1263.07,48.47,2120.45,168.04,580.66,45.53,2567.06,154.53,211.90,25.64,2555.48,157.61,0.00,228.62,41.22,92.91,206.46,1779.32,3550.72,2.56,150.03,110.13,590.17,2.85,941.34,59.55,493.85
2026-01-28T23:50:00Z,65.07,1941.59,172.58,1266.72,48.43,2116.21,167.82,581.64,45.74,2558.16,155.03,228.37,25.50,2563.36,156.97,0.00,226.96,40.87,93.23,205.53,1785.67,3569.37,2.39,150.96,108.87,588.53,2.74,934.99,59.53,491.28
